0,1,2,3,4,5,6,7,8,9,10,11,12,13,14,15,16,17,0
2024_02_11_02_24_50_728,0.4,-0.00315973,16.0,16.0,0.006915241,2.106848e-06,0.1355497,7.382778e-05,0.007458611,0.0009241383,0.35,-2.54565e-05,-0.04925782,-0.001097208,9.123593,-0.009614319,0.04014046,1.223
2024_02_11_02_24_50_767,0.4,-0.003404672,65.0,65.0,0.0258784,1.227596e-06,0.1351528,0.0002009053,0.0060196,0.004996418,0.63,-3.104956e-05,-0.02831575,-0.002593925,6.364882,-0.008069444,0.07837661,1.223
2024_02_11_02_24_50_799,0.4,-0.003609916,125.0,125.0,0.0498648,-2.540542e-06,0.1349567,0.0002932842,0.005310027,6.282996,0.81,-1.323213e-05,-0.01572567,-0.003595052,4.60583,-0.007164781,0.04508556,1.223
2024_02_11_02_24_50_833,0.4,-0.003808217,197.0,196.0,0.07881069,-1.099513e-05,0.1348595,0.0003846266,0.004958964,6.282862,0.94,-6.210226e-05,-0.006449513,-0.004490244,3.234744,-0.006530666,0.01028087,1.223
2024_02_11_02_24_50_871,0.4,-0.004005335,289.0,289.0,0.1163931,-2.847548e-05,0.1348313,0.0004854178,0.004858935,6.282672,1.04,-1.899921e-05,0.0004740679,-0.005447918,2.11072,-0.005025533,0.05049444,1.223
2024_02_11_02_24_50_904,0.4,-0.004208094,375.0,375.0,0.1515587,-5.187793e-05,0.1348527,0.0005676171,0.004938227,6.28248,1.09,7.849934e-06,0.004042494,-0.006146696,1.468539,-0.003994675,0.04064571,1.223
2024_02_11_02_24_50_937,0.4,-0.004430951,465.0,464.0,0.188329,-8.403533e-05,0.1348999,0.0006458769,0.005110284,6.282267,1.13,-1.400371e-05,0.006187844,-0.006738983,1.033187,-0.004447531,0.002885237,1.223
2024_02_11_02_24_50_974,0.4,-0.004633917,572.0,571.0,0.2320285,-0.0001329673,0.1349717,0.0007353752,0.005372026,6.281999,1.17,-4.912464e-05,0.007519301,-0.007392794,0.6862878,-0.002836459,0.00288058,1.223
2024_02_11_02_24_51_012,0.4,-0.004881362,678.0,677.0,0.2755237,-0.0001939266,0.1350501,0.0008170018,0.005657543,6.281716,1.19,1.167748e-06,0.007894139,-0.007871701,0.4503727,-0.003681984,-0.005338341,1.223
2024_02_11_02_24_51_046,0.4,-0.005083289,777.0,775.0,0.3160387,-0.0002622408,0.1351241,0.0008870026,0.005927297,6.281441,1.2,-4.304187e-05,0.007809648,-0.008337886,0.3242492,-0.003063353,-0.0517955,1.223
2024_02_11_02_24_51_083,0.4,-0.005282923,885.0,883.0,0.3605307,-0.0003506216,0.135203,0.0009621677,0.00621447,6.281124,1.21,1.28042e-05,0.007585388,-0.008792059,0.2133846,-0.002324115,-0.02218876,1.223
2024_02_11_02_24_51_116,0.4,-0.005481392,985.0,983.0,0.4016617,-0.0004453548,0.1352724,0.001030817,0.006466718,6.280818,1.21,3.539266e-05,0.007182774,-0.009184141,0.1235008,-0.002430985,0.0298135,1.223
2024_02_11_02_24_51_154,0.4,-0.005732155,1095.0,1092.0,0.4466032,-0.0005637203,0.1353428,0.001103832,0.006723478,6.28047,1.22,4.207756e-05,0.006749716,-0.009596184,0.07820129,-0.002932502,0.02504326,1.223
2024_02_11_02_24_51_191,0.4,-0.005931654,1208.0,1204.0,0.492889,-0.0007025176,0.1354097,0.001171064,0.006967055,6.280097,1.22,6.570214e-05,0.006036908,-0.01001617,0.0540018,-0.001852633,0.05110073,1.223
2024_02_11_02_24_51_225,0.4,-0.006130558,1306.0,1302.0,0.5331542,-0.0008377347,0.1354629,0.00123536,0.007160609,6.279761,1.22,3.908227e-05,0.005598705,-0.01036447,0.02503395,-0.002189539,-0.01497846,1.223
2024_02_11_02_24_51_262,0.4,-0.006384281,1416.0,1412.0,0.5783484,-0.001006104,0.1355173,0.001298666,0.00735861,6.27937,1.22,3.241509e-05,0.005126437,-0.0107764,0.00500679,-0.002921093,0.0602277,1.223
2024_02_11_02_24_51_296,0.4,-0.006582954,1517.0,1513.0,0.6199102,-0.001176975,0.1355626,0.001360913,0.007523507,6.278997,1.22,5.552286e-05,0.004632413,-0.01115225,0.00333786,-0.002681743,0.03656745,1.223
2024_02_11_02_24_51_333,0.4,-0.006782027,1627.0,1622.0,0.665161,-0.00138117,0.135607,0.001429638,0.007685674,6.278579,1.22,4.942268e-05,0.004152635,-0.01148889,0.01072884,-0.001972076,0.03218278,1.223
2024_02_11_02_24_51_366,0.4,-0.00698168,1729.0,1723.0,0.7067512,-0.001586029,0.1356439,0.001485365,0.007820252,6.278182,1.22,5.041794e-05,0.00375328,-0.01186568,0.01561642,-0.001775101,-0.01434144,1.223
2024_02_11_02_24_51_404,0.4,-0.007234457,1839.0,1833.0,0.7520198,-0.001828245,0.1356799,0.001550374,0.007951499,6.277735,1.22,3.606411e-05,0.003399782,-0.01225224,-0.02765655,-0.00288058,0.07292069,1.223
2024_02_11_02_24_51_437,0.4,-0.007430082,1937.0,1931.0,0.7923997,-0.002061739,0.1357089,0.00160223,0.008056836,6.277325,1.22,7.478832e-05,0.003093109,-0.01259996,-0.02133846,-0.002690125,-0.0002300367,1.223
2024_02_11_02_24_51_475,0.4,-0.007629936,2051.0,2044.0,0.8388981,-0.002351636,0.1357388,0.001667978,0.008165956,6.27684,1.22,3.184145e-05,0.00271019,-0.01296917,0.01895428,-0.001811888,-0.02336502,1.223
2024_02_11_02_24_51_512,0.4,-0.007879859,2161.0,2154.0,0.884172,-0.002656156,0.1357647,0.001727697,0.008260471,6.276352,1.22,0.0001080082,0.002406713,-0.01332979,0.01108646,-0.002607703,-0.02030562,1.223
2024_02_11_02_24_51_545,0.4,-0.00808362,2263.0,2255.0,0.9257751,-0.002955846,0.135786,0.001781306,0.008338188,6.275892,1.22,8.03216e-05,0.002222528,-0.01370728,0.00500679,-0.002690591,0.01013186,1.223
2024_02_11_02_24_51_583,0.4,-0.008279206,2373.0,2365.0,0.9710486,-0.003304197,0.1358066,0.001842123,0.008414005,6.275377,1.22,0.0001033288,0.001936172,-0.01407431,0.01478195,-0.002015382,-0.02831127,1.223
2024_02_11_02_24_51_616,0.4,-0.008480722,2474.0,2465.0,1.012649,-0.003645284,0.1358238,0.00189536,0.008476273,6.274892,1.22,9.293538e-05,0.001776683,-0.01445234,-0.009655952,-0.001764856,0.02885051,1.223
2024_02_11_02_24_51_649,0.4,-0.008687829,2573.0,2563.0,1.053026,-0.003996052,0.1358388,0.001950061,0.008530912,6.27441,1.22,9.005253e-05,0.00153891,-0.01477764,0.01633167,-0.001736916,-0.02489891,1.223
2024_02_11_02_24_51_687,0.4,-0.008929867,2683.0,2673.0,1.098293,-0.00441293,0.1358537,0.002006971,0.008585401,6.273856,1.22,0.0001034938,0.001453811,-0.01516339,-0.007987022,-0.002606772,-0.006171874,1.223
2024_02_11_02_24_51_720,0.4,-0.009128595,2785.0,2774.0,1.13989,-0.00481851,0.1358661,0.002062057,0.008630604,6.273335,1.22,9.343027e-05,0.001266107,-0.01550758,0.003218651,-0.002358109,-0.05229562,1.223
2024_02_11_02_24_51_758,0.4,-0.009331512,2895.0,2884.0,1.185154,-0.005285015,0.1358781,0.002120089,0.008674325,6.272754,1.22,0.0001102852,0.001172677,-0.01588405,0.003099441,-0.002102926,-0.014266,1.223
2024_02_11_02_24_51_791,0.4,-0.009531209,2997.0,2985.0,1.226747,-0.005737297,0.135888,0.002172546,0.008710728,6.272207,1.22,0.0001488901,0.0009751235,-0.01627038,0.004649162,-0.001783483,0.01655146,1.223
2024_02_11_02_24_51_829,0.4,-0.009782981,3107.0,3095.0,1.272008,-0.006255768,0.1358975,0.002231528,0.008745464,6.271599,1.22,0.0001230432,0.0009424086,-0.01661713,-0.01657009,-0.003173947,0.05058944,1.223
2024_02_11_02_24_51_862,0.4,-0.009980571,3206.0,3192.0,1.312376,-0.006741792,0.1359054,0.002280289,0.008773698,6.271045,1.22,0.0001272255,0.0008140432,-0.01696513,-0.007748603,-0.002806075,0.02740882,1.223
2024_02_11_02_24_51_899,0.4,-0.01017906,3319.0,3305.0,1.358856,-0.00732965,0.1359131,0.002340767,0.008802308,6.270393,1.22,0.0001147473,0.0007409352,-0.01733213,0.003099441,-0.002047047,0.0006398186,1.223
2024_02_11_02_24_51_937,0.4,-0.01043111,3429.0,3415.0,1.404114,-0.007931646,0.1359199,0.002400329,0.008827309,6.269744,1.22,0.0001133671,0.00057773,-0.01773839,0.01037121,-0.002536922,-0.07196609,1.223
2024_02_11_02_24_51_975,0.4,-0.01063114,3543.0,3528.0,1.450593,-0.0085811,0.135926,0.002455537,0.008850004,6.269063,1.22,0.0001840112,0.0006477413,-0.0181204,-0.02837181,-0.002322719,0.06958563,1.223
2024_02_11_02_24_52_008,0.4,-0.0108358,3641.0,3626.0,1.490955,-0.009171166,0.1359311,0.002508248,0.008867666,6.268459,1.22,0.000148165,0.0005827397,-0.01844028,-0.001907349,-0.002199784,-0.01114048,1.223
2024_02_11_02_24_52_045,0.4,-0.01107824,3755.0,3738.0,1.537433,-0.009881286,0.1359359,0.002568036,0.008885998,6.26775,1.22,0.0001484928,0.0004308427,-0.01884178,0.02193451,-0.002544373,0.03909133,1.223
2024_02_11_02_24_52_079,0.4,-0.01127976,3853.0,3836.0,1.577793,-0.01052514,0.1359399,0.002616217,0.00890022,6.267122,1.22,0.0001468257,0.0003955694,-0.01918523,0.002145767,-0.002564862,-0.00329595,1.223
2024_02_11_02_24_52_115,0.4,-0.01148161,3964.0,3946.0,1.623043,-0.01127759,0.1359436,0.002674795,0.008913929,6.266405,1.22,0.0001268005,0.0004647727,-0.0195646,0.03230572,-0.001823529,-0.05312636,1.223
2024_02_11_02_24_52_149,0.4,-0.01168021,4065.0,4047.0,1.664623,-0.01199808,0.1359469,0.002723408,0.008925776,6.265733,1.22,0.0001711621,0.0004119184,-0.01995458,-0.005483627,-0.001979992,0.01566764,1.223
2024_02_11_02_24_52_187,0.4,-0.01193014,4176.0,4156.0,1.709874,-0.01281435,0.13595,0.00278041,0.008937208,6.264988,1.22,0.0001457726,0.0003551255,-0.02029232,0.007271766,-0.001994893,-0.03047753,1.223
2024_02_11_02_24_52_224,0.4,-0.01212934,4289.0,4269.0,1.756344,-0.01368827,0.1359528,0.002840295,0.008947641,6.264209,1.22,0.0001279714,0.0003132221,-0.02070747,0.00989437,-0.0016056,-0.01884066,1.223
2024_02_11_02_24_52_262,0.4,-0.01238066,4400.0,4379.0,1.801592,-0.01457451,0.1359553,0.002896834,0.008956377,6.263436,1.22,0.0001360088,0.0003410641,-0.02108769,-0.01084804,-0.002913177,-0.01152232,1.223
2024_02_11_02_24_52_296,0.4,-0.01257792,4502.0,4479.0,1.843171,-0.01542019,0.1359574,0.002948436,0.008964033,6.262714,1.22,0.0001503816,0.0002458836,-0.02142194,-0.01394749,-0.002572313,0.04982203,1.223
2024_02_11_02_24_52_332,0.4,-0.01278082,4612.0,4589.0,1.888418,-0.01637503,0.1359593,0.003001741,0.008970972,6.261914,1.22,0.0002018322,0.0002866826,-0.0218095,0.0001192093,-0.001769513,0.007692724,1.223
2024_02_11_02_24_52_370,0.4,-0.0130286,4726.0,4702.0,1.934887,-0.01739388,0.135961,0.003065564,0.00897768,6.261077,1.22,0.000137536,0.0002090018,-0.02221987,0.004768372,-0.002058223,-0.03789458,1.223
2024_02_11_02_24_52_407,0.4,-0.01323342,4836.0,4811.0,1.980126,-0.01842387,0.1359627,0.003118095,0.008983295,6.260249,1.22,0.0001518947,0.00022814,-0.0225878,-0.007867813,-0.001899898,0.007586553,1.223
2024_02_11_02_24_52_446,0.4,-0.01347779,4950.0,4924.0,2.026588,-0.01952114,0.135964,0.003177987,0.008988325,6.259383,1.22,0.0001502522,0.0002347713,-0.02297073,0.005841255,-0.002311543,-0.06883778,1.223
2024_02_11_02_24_52_479,0.4,-0.01368312,5048.0,5022.0,2.066938,-0.02050707,0.1359651,0.003225665,0.008992566,6.258619,1.22,0.0001849572,0.0001378283,-0.02331545,0.01192093,-0.002456829,0.007762573,1.223
2024_02_11_02_24_52_512,0.4,-0.01388011,5147.0,5119.0,2.107286,-0.0215242,0.1359662,0.003275105,0.008996204,6.257844,1.22,0.0001939636,0.0001988176,-0.02363308,0.0005960464,-0.002617016,-0.01516566,1.223
2024_02_11_02_24_52_546,0.4,-0.0140813,5248.0,5220.0,2.14886,-0.0226053,0.135967,0.003327009,0.008999233,6.257034,1.22,0.0002101395,0.0001966001,-0.02398952,0.004887581,-0.002466142,-0.01518708,1.223
2024_02_11_02_24_52_583,0.4,-0.01428141,5359.0,5330.0,2.1941,-0.02382055,0.1359679,0.003384665,0.009002643,6.256139,1.22,0.0001895864,6.447329e-05,-0.02435509,0.005245208,-0.001765787,-0.04205573,1.223
2024_02_11_02_24_52_620,0.4,-0.01452791,5473.0,5442.0,2.240556,-0.02511125,0.1359687,0.003440341,0.00900547,6.255205,1.22,0.0001968409,0.0001850331,-0.02479025,-0.009417534,-0.002279878,-0.01898687,1.223
2024_02_11_02_24_52_664,0.4,-0.01473142,5595.0,5564.0,2.290678,-0.02655319,0.1359696,0.003504052,0.009008738,6.254181,1.22,0.0002164314,5.675051e-05,-0.02518731,-0.005483627,-0.001586974,-0.02279971,1.223
2024_02_11_02_24_52_700,0.4,-0.01497757,5709.0,5676.0,2.337134,-0.02793609,0.1359702,0.003561119,0.009011015,6.253216,1.22,0.0002087065,8.410982e-05,-0.02557992,-0.006198883,-0.001639128,-0.007819384,1.223
2024_02_11_02_24_52_736,0.4,-0.01522998,5819.0,5786.0,2.382367,-0.02932603,0.1359708,0.003616837,0.009013117,6.252262,1.22,0.0002449113,2.514364e-05,-0.02591947,0.02324581,-0.002637505,-0.02678297,1.223
2024_02_11_02_24_52_774,0.4,-0.01543142,5933.0,5898.0,2.428817,-0.03079901,0.1359713,0.003670413,0.009014967,6.251267,1.22,0.00017019,3.92484e-05,-0.02637954,0.009536743,-0.001456588,-0.03814418,1.223
2024_02_11_02_24_52_807,0.4,-0.01562615,6032.0,5996.0,2.469152,-0.03211602,0.1359717,0.00372315,0.009016299,6.250392,1.22,0.0001937331,4.739238e-05,-0.02668441,-0.01132488,-0.002011657,0.06105192,1.223
2024_02_11_02_24_52_846,0.4,-0.01587811,6145.0,6109.0,2.515601,-0.03367679,0.135972,0.003781636,0.009017807,6.24937,1.22,0.0002395351,9.10521e-05,-0.02708131,-0.00989437,-0.002935529,0.007722526,1.223
2024_02_11_02_24_52_878,0.4,-0.01608289,6244.0,6206.0,2.555937,-0.03507118,0.1359723,0.003832213,0.009018919,6.24847,1.22,0.0002339806,8.784232e-05,-0.02742068,-0.005841255,-0.002618879,0.007593072,1.223
2024_02_11_02_24_52_915,0.4,-0.01628114,6355.0,6316.0,2.601156,-0.03667818,0.1359728,0.003885741,0.009020106,6.247448,1.22,0.0002252934,3.193713e-05,-0.02778245,-0.0231266,-0.002179295,-0.02333056,1.223
2024_02_11_02_24_52_952,0.4,-0.01653331,6468.0,6428.0,2.647595,-0.03837727,0.135973,0.003945667,0.009021147,6.246384,1.22,0.0002007091,3.824207e-05,-0.02821539,0.02372265,-0.002473593,-0.01922622,1.223
2024_02_11_02_24_52_987,0.4,-0.01673124,6567.0,6526.0,2.687924,-0.03989334,0.1359732,0.003997114,0.00902198,6.245447,1.22,0.0002316866,4.223347e-05,-0.0285186,0.002145767,-0.002883374,0.03814232,1.223
2024_02_11_02_24_53_024,0.4,-0.01692785,6681.0,6638.0,2.734364,-0.0416864,0.1359734,0.00405299,0.009022864,6.244355,1.22,0.0002232027,2.233414e-05,-0.02893653,0.01382828,-0.001642853,-0.007719732,1.223
2024_02_11_02_24_53_062,0.4,-0.0171799,6791.0,6748.0,2.779574,-0.04348146,0.1359736,0.004108915,0.009023636,6.243277,1.22,0.000205996,4.840488e-05,-0.02931036,-0.002503395,-0.002902001,0.03049616,1.223
2024_02_11_02_24_53_095,0.4,-0.01738024,6893.0,6849.0,2.821118,-0.04517438,0.1359738,0.004159713,0.009024143,6.242274,1.22,0.0002216039,0.0001028977,-0.02967099,-0.01978874,-0.002298504,-0.01544319,1.223
2024_02_11_02_24_53_133,0.4,-0.01758243,7004.0,6958.0,2.866329,-0.04706447,0.1359739,0.004214,0.00902479,6.241169,1.22,0.000267012,7.347035e-05,-0.03003562,-0.02276897,-0.002104789,0.034336,1.223
2024_02_11_02_24_53_170,0.4,-0.01782602,7114.0,7068.0,2.911533,-0.04900505,0.1359741,0.004272639,0.009025306,6.24005,1.22,0.0002418985,5.672346e-05,-0.03043079,-0.001907349,-0.002540648,0.02292171,1.223
2024_02_11_02_24_53_204,0.4,-0.01803309,7216.0,7168.0,2.953071,-0.05083321,0.1359742,0.004324745,0.009025948,6.23901,1.22,0.0002754766,-5.937163e-06,-0.03076952,0.002264977,-0.002671033,0.02317875,1.223
2024_02_11_02_24_53_240,0.4,-0.01822611,7327.0,7278.0,2.998271,-0.05287227,0.1359743,0.004378607,0.009026487,6.237864,1.22,0.0002537384,2.966395e-05,-0.03114608,-0.0141859,-0.00217557,0.02311077,1.223
2024_02_11_02_24_53_278,0.4,-0.01847784,7440.0,7390.0,3.044687,-0.05502083,0.1359745,0.004432737,0.009027009,6.236673,1.22,0.0002806693,-1.172663e-05,-0.03154065,0.008940697,-0.002618879,-0.01120567,1.223
2024_02_11_02_24_53_312,0.4,-0.0186798,7539.0,7488.0,3.084994,-0.05693196,0.1359746,0.004488242,0.009027322,6.235627,1.22,0.000267315,-3.423813e-05,-0.0318561,0.005602836,-0.002752989,-0.007666647,1.223
2024_02_11_02_24_53_350,0.4,-0.01888136,7653.0,7600.0,3.131402,-0.05918537,0.1359748,0.004542134,0.009027778,6.234408,1.22,0.0002989019,-1.362819e-06,-0.03228315,-0.003457069,-0.001914799,-0.003837049,1.223
2024_02_11_02_24_53_382,0.4,-0.0190796,7752.0,7698.0,3.171703,-0.06118859,0.1359748,0.004590357,0.009027932,6.233337,1.22,0.000269297,4.571149e-05,-0.03260956,-0.01275539,-0.00218302,0.03448129,1.223
2024_02_11_02_24_53_420,0.4,-0.01932985,7862.0,7807.0,3.216883,-0.06348624,0.1359748,0.004648918,0.009028146,6.232124,1.22,0.0002827093,4.676631e-06,-0.03297338,0.0003576278,-0.00295043,-0.03817305,1.223
2024_02_11_02_24_53_457,0.4,-0.01953149,7976.0,7919.0,3.263283,-0.06590363,0.1359749,0.004704069,0.009028079,6.230862,1.22,0.0002592446,-3.800227e-05,-0.03338529,0.01311302,-0.001624226,-0.003743917,1.223
2024_02_11_02_24_53_495,0.4,-0.01977796,8087.0,8029.0,3.308464,-0.06831417,0.1359749,0.004763104,0.009027984,6.22962,1.22,0.0002401438,1.893004e-05,-0.03377733,-0.008940697,-0.002786517,0.02666283,1.223
2024_02_11_02_24_53_529,0.4,-0.01997895,8189.0,8129.0,3.349976,-0.07057927,0.1359748,0.00481288,0.009028081,6.228466,1.22,0.0002788176,4.72489e-05,-0.0341072,-0.001072884,-0.002749264,-0.03429409,1.223
2024_02_11_02_24_53_562,0.4,-0.02018044,8287.0,8227.0,3.390264,-0.07282397,0.1359748,0.004865117,0.009028153,6.227334,1.22,0.0002850633,1.874519e-05,-0.03446778,-0.01454353,-0.002801418,0.04593096,1.223
2024_02_11_02_24_53_599,0.4,-0.02037995,8401.0,8339.0,3.436658,-0.0754658,0.1359749,0.004920601,0.009028248,6.226017,1.22,0.0002558799,2.787951e-05,-0.03483621,0.008583069,-0.001549721,-0.003738329,1.223
2024_02_11_02_24_53_633,0.4,-0.02057933,8500.0,8437.0,3.476941,-0.07781,0.1359749,0.004972781,0.009028345,6.224861,1.22,0.0002766443,-8.985533e-06,-0.03518115,0.01180172,-0.001661479,-0.04594586,1.223
2024_02_11_02_24_53_670,0.4,-0.02083222,8611.0,8546.0,3.522106,-0.08049417,0.1359749,6.283098,0.009028429,6.223552,1.22,0.0003069295,-7.317569e-05,-0.0355723,0.02110004,-0.002481043,-0.07269438,1.223
2024_02_11_02_24_53_704,0.4,-0.02103174,8712.0,8646.0,3.563608,-0.08301331,0.135975,6.283097,0.009028541,6.222336,1.22,0.0002806006,-4.207881e-05,-0.03593231,-0.02002716,-0.003263354,0.04960596,1.223
2024_02_11_02_24_53_741,0.4,-0.02123818,8823.0,8756.0,3.608766,-0.0858125,0.1359749,6.283096,0.009028624,6.220999,1.22,0.0002959833,-5.299621e-05,-0.0363232,0.0231266,-0.002041459,-0.01506042,1.223
2024_02_11_02_24_53_779,0.4,-0.02147596,8937.0,8868.0,3.655142,-0.08875071,0.135975,6.283095,0.009028643,6.219612,1.22,0.0002925649,-6.107134e-06,-0.0366874,-0.03433228,-0.003494322,0.0647679,1.223
2024_02_11_02_24_53_812,0.4,-0.02168028,9036.0,8966.0,3.69541,-0.09135488,0.1359751,6.283094,0.009028831,6.218395,1.22,0.0003145248,-4.13327e-05,-0.03706468,-0.01657009,-0.003166497,0.04576891,1.223
2024_02_11_02_24_53_845,0.4,-0.02187953,9135.0,9063.0,3.735675,-0.0940084,0.135975,6.283093,0.009028879,6.217166,1.22,0.0003007666,-3.535686e-05,-0.03741004,0.0128746,-0.00244379,-0.003663823,1.223
2024_02_11_02_24_53_882,0.4,-0.02207635,9249.0,9175.0,3.782033,-0.0971257,0.1359752,6.283092,0.009028913,6.215739,1.22,0.0003085259,-2.419874e-05,-0.03777605,0.02539158,-0.001221895,-0.07653981,1.223
2024_02_11_02_24_53_916,0.4,-0.0222795,9347.0,9273.0,3.822287,-0.09988699,0.135975,6.283091,0.009029012,6.214487,1.22,0.0003382637,-1.60935e-05,-0.03808876,0.006318092,-0.001817942,-0.01146272,1.223
2024_02_11_02_24_53_954,0.4,-0.02252602,9461.0,9385.0,3.868641,-0.1031296,0.1359751,6.28309,0.009029049,6.21303,1.22,0.0002958253,-1.382401e-05,-0.0385018,-0.008225441,-0.002920627,0.05332566,1.223
2024_02_11_02_24_53_990,0.4,-0.02272983,9572.0,9494.0,3.913772,-0.1063521,0.1359752,6.283089,0.009029174,6.211598,1.22,0.0003186388,-3.970124e-05,-0.03887252,0.01621246,-0.00166893,-0.03809854,1.223
2024_02_11_02_24_54_029,0.4,-0.02298168,9686.0,9607.0,3.960109,-0.1097297,0.1359752,6.283088,0.009029303,6.210113,1.22,0.0002942674,-9.385896e-06,-0.0392634,-0.004649162,-0.003136694,0.04569906,1.223
2024_02_11_02_24_54_065,0.4,-0.02317986,9797.0,9716.0,4.005229,-0.1130849,0.135975,6.283087,0.00902915,6.208652,1.22,0.0003671359,5.160598e-05,-0.03965911,-0.005125999,-0.001721084,-0.03065541,1.223
2024_02_11_02_24_54_099,0.4,-0.02337936,9899.0,9816.0,4.04669,-0.1162266,0.1359752,6.283086,0.009029218,6.207298,1.22,0.0003449785,4.638683e-05,-0.04000473,-0.004172325,-0.002130866,0.06495882,1.223
2024_02_11_02_24_54_133,0.4,-0.02357873,9998.0,9914.0,4.086919,-0.11933,0.1359751,6.283085,0.00902927,6.205972,1.22,0.0003676772,2.896675e-05,-0.04035269,-0.001192093,-0.00205636,-0.0269087,1.223
2024_02_11_02_24_54_170,0.4,-0.0238269,10109.0,10023.0,4.132021,-0.1228735,0.1359751,6.283084,0.009029187,6.204472,1.22,0.0003945567,2.52879e-05,-0.04073511,0.0004768371,-0.002391636,-0.03822986,1.223
2024_02_11_02_24_54_202,0.4,-0.02402692,10210.0,10123.0,4.173469,-0.1261898,0.1359752,6.283083,0.009029087,6.20308,1.22,0.0003497163,0.0001119289,-0.04108,0.005841255,-0.002227724,0.007487833,1.223
2024_02_11_02_24_54_240,0.4,-0.02423206,10321.0,10233.0,4.218562,-0.1298648,0.1359751,6.283082,0.009029135,6.201552,1.22,0.0003129877,0.0001137384,-0.04147153,0.0004768371,-0.001586974,-0.01529325,1.223
2024_02_11_02_24_54_278,0.4,-0.02448262,10435.0,10345.0,4.264869,-0.1337112,0.1359753,6.283082,0.009029675,6.199969,1.22,0.0003444453,-9.877836e-05,-0.04185925,-0.005364418,-0.002786517,0.00370387,1.223
2024_02_11_02_24_54_316,0.4,-0.02468283,10546.0,10454.0,4.309954,-0.1375272,0.1359752,6.283081,0.009029502,6.198412,1.22,0.0003848956,4.661535e-05,-0.04223303,0.004887581,-0.002093613,0.007653608,1.223
2024_02_11_02_24_54_353,0.4,-0.02493274,10660.0,10566.0,4.356242,-0.1415199,0.1359753,6.28308,0.009029697,6.196799,1.22,0.0003851685,-2.488285e-05,-0.04263803,-0.01049042,-0.003270805,0.01129508,1.223
2024_02_11_02_24_54_390,0.4,-0.02513031,10771.0,10675.0,4.401313,-0.1454798,0.1359753,6.283079,0.009029748,6.195214,1.22,0.0003534997,-6.271953e-06,-0.04300978,0.004053116,-0.001676381,-0.01521315,1.223
2024_02_11_02_24_54_429,0.4,-0.02538148,10885.0,10788.0,4.447587,-0.1496215,0.1359752,6.283077,0.009029863,6.193572,1.22,0.0004027106,-2.537632e-05,-0.04341791,-0.01227856,-0.003173947,0.04592724,1.223
2024_02_11_02_24_54_461,0.4,-0.02558074,10984.0,10885.0,4.487773,-0.1532802,0.1359753,6.283077,0.009029743,6.192133,1.22,0.0003279083,2.543256e-05,-0.04374927,-0.01513958,-0.00295043,0.03810972,1.223
2024_02_11_02_24_54_495,0.4,-0.02577549,11083.0,10982.0,4.527951,-0.1569971,0.1359752,6.283076,0.009029795,6.190683,1.22,0.00035156,3.734812e-05,-0.04410179,-0.002026558,-0.002726912,0.0001518056,1.223
2024_02_11_02_24_54_532,0.4,-0.02598286,11197.0,11094.0,4.574208,-0.1613499,0.1359753,6.283075,0.009029861,6.189,1.22,0.0003404499,2.298577e-05,-0.04448868,-0.008583069,-0.002451241,0.06885082,1.223
2024_02_11_02_24_54_566,0.4,-0.0261818,11296.0,11192.0,4.614375,-0.1651934,0.1359752,6.283074,0.009029697,6.187525,1.22,0.0003941349,3.125654e-05,-0.04484085,0.00655651,-0.002212822,0.0116555,1.223
2024_02_11_02_24_54_604,0.4,-0.02642879,11410.0,11304.0,4.660616,-0.1696933,0.1359753,6.283073,0.00902977,6.185814,1.22,0.0003645116,4.960926e-05,-0.04523491,-0.007390975,-0.002495944,0.01522899,1.223
2024_02_11_02_24_54_640,0.4,-0.02663086,11521.0,11413.0,4.70564,-0.1741513,0.1359753,6.283072,0.009029638,6.184134,1.22,0.0003923282,0.0001083982,-0.0455953,0.0005960464,-0.002168119,0.01898874,1.223
2024_02_11_02_24_54_679,0.4,-0.02688138,11635.0,11525.0,4.751864,-0.178809,0.1359753,6.283071,0.009029926,6.182393,1.22,0.0004102411,1.096368e-05,-0.04599309,0.004887581,-0.002190471,-0.02278294,1.223
2024_02_11_02_24_54_711,0.4,-0.02708044,11734.0,11623.0,4.792003,-0.1829196,0.1359753,6.28307,0.009030166,6.18087,1.22,0.0004541563,3.499092e-05,-0.04631767,-0.01204014,-0.003322959,0.02310797,1.223
2024_02_11_02_24_54_749,0.4,-0.0272817,11845.0,11732.0,4.836996,-0.1876016,0.1359754,6.283069,0.009030143,6.179148,1.22,0.0004317864,2.093084e-05,-0.04671882,0.01204014,-0.00217557,0.004044734,1.223
2024_02_11_02_24_54_782,0.4,-0.02747991,11947.0,11832.0,4.878337,-0.1919726,0.1359754,6.283068,0.009030432,6.177554,1.22,0.0004691225,-5.565908e-05,-0.04705479,-0.01370907,-0.002026558,0.007532537,1.223
2024_02_11_02_24_54_820,0.4,-0.02772617,12058.0,11941.0,4.923312,-0.1968046,0.1359754,6.283067,0.009030461,6.175806,1.22,0.0003898852,-6.823242e-05,-0.04745754,0.005245208,-0.002503395,0.01548882,1.223
2024_02_11_02_24_54_858,0.4,-0.02792811,12172.0,12053.0,4.969492,-0.2018492,0.1359754,6.283066,0.009030471,6.173995,1.22,0.0003838088,-3.366023e-05,-0.04784456,0.0009536743,-0.001847744,0.01547206,1.223
2024_02_11_02_24_54_895,0.4,-0.02817853,12283.0,12162.0,5.014451,-0.206842,0.1359755,6.283065,0.009030528,6.172219,1.22,0.0004074868,-4.861802e-05,-0.04824096,0.01251697,-0.002220273,-0.04589092,1.223
2024_02_11_02_24_54_932,0.4,-0.02837731,12397.0,12274.0,5.06061,-0.2120533,0.1359755,6.283064,0.009030453,6.170379,1.22,0.0004208098,-1.412685e-05,-0.04860599,-0.02384186,-0.002786517,0.0420222,1.223
2024_02_11_02_24_54_969,0.4,-0.02862844,12508.0,12383.0,5.105548,-0.2172096,0.1359754,6.283063,0.009030196,6.168574,1.22,0.0003978001,1.219231e-05,-0.04900879,0.006794929,-0.001713633,-0.05753059,1.223
2024_02_11_02_24_55_004,0.4,-0.02882969,12610.0,12483.0,5.146836,-0.2220197,0.1359754,6.283062,0.009030266,6.166902,1.22,0.0003956022,-2.763346e-05,-0.04935028,-0.008106232,-0.00283122,0.02296734,1.223
2024_02_11_02_24_55_041,0.4,-0.02903079,12721.0,12592.0,5.191754,-0.2273329,0.1359755,6.283062,0.00903015,6.165069,1.22,0.0004260428,-2.884736e-05,-0.04973634,-0.005483627,-0.001966953,0.00755582,1.223
2024_02_11_02_24_55_078,0.4,-0.029281,12835.0,12704.0,5.237882,-0.2328762,0.1359754,6.283061,0.00902997,6.163172,1.22,0.0004534846,1.330307e-05,-0.05012746,-0.01311302,-0.002935529,0.03052037,1.223
2024_02_11_02_24_55_112,0.4,-0.02948338,12934.0,12802.0,5.277927,-0.2377616,0.1359754,6.28306,0.00903,6.161512,1.22,0.0004738714,1.933269e-05,-0.05047579,0.01430511,-0.002518296,-0.03065448,1.223
2024_02_11_02_24_55_149,0.4,-0.02967909,13045.0,12911.0,5.32282,-0.2433187,0.1359753,6.283059,0.009029893,6.159637,1.22,0.0004155053,4.714805e-05,-0.05085733,0.002384186,-0.002294779,-0.007600523,1.223
2024_02_11_02_24_55_186,0.4,-0.02993063,13159.0,13023.0,5.368915,-0.249114,0.1359754,6.283058,0.009030134,6.157698,1.22,0.0004712619,-8.048936e-05,-0.05122628,0.02431869,-0.002533197,-0.03825035,1.223
2024_02_11_02_24_55_220,0.4,-0.03013174,13258.0,13120.0,5.408932,-0.2542197,0.1359754,6.283057,0.009030195,6.156001,1.22,0.0004604844,-2.437356e-05,-0.05155748,0.009655952,-0.001832843,-0.02667494,1.223
2024_02_11_02_24_55_257,0.4,-0.03033219,13372.0,13232.0,5.455005,-0.2601833,0.1359753,6.283056,0.009030362,6.154033,1.22,0.0004562931,-2.91065e-05,-0.05198419,-0.01752377,-0.002324581,0.02303161,1.223
2024_02_11_02_24_55_296,0.4,-0.03057707,13483.0,13341.0,5.499854,-0.2660778,0.1359754,6.283054,0.009030179,6.152102,1.22,0.0004559563,-1.272775e-05,-0.05237366,0.020504,-0.00244379,-0.03443379,1.223
2024_02_11_02_24_55_332,0.4,-0.03077872,13597.0,13453.0,5.545897,-0.2722219,0.1359753,6.283053,0.009030146,6.150105,1.22,0.0004401586,-1.410341e-05,-0.05279504,-0.01239777,-0.002413988,0.04193093,1.223
2024_02_11_02_24_55_370,0.4,-0.03102955,13709.0,13562.0,5.590715,-0.2782933,0.1359754,6.283052,0.009030215,6.148146,1.22,0.0004434437,-1.907846e-06,-0.05310386,0.01013279,-0.002965331,-0.0267066,1.223
2024_02_11_02_24_55_404,0.4,-0.03122819,13811.0,13662.0,5.631895,-0.2839503,0.1359754,6.283051,0.009030147,6.146333,1.22,0.0004724666,5.9518e-05,-0.05348585,0.01013279,-0.002130866,-0.003525056,1.223
2024_02_11_02_24_55_440,0.4,-0.03143,13922.0,13771.0,5.676696,-0.2901918,0.1359754,6.283051,0.009030138,6.144346,1.22,0.0004451971,0.000127878,-0.05385605,-0.01299381,-0.002399087,0.00363402,1.223
2024_02_11_02_24_55_478,0.4,-0.03167714,14036.0,13883.0,5.722692,-0.2966948,0.1359755,6.28305,0.009030364,6.142292,1.22,0.0004219091,3.405378e-05,-0.05423126,0.003576278,-0.00217557,-0.02304092,1.223
2024_02_11_02_24_55_515,0.4,-0.03188123,14147.0,13992.0,5.767462,-0.3031181,0.1359755,6.283049,0.009030281,6.140277,1.22,0.0004655382,0.0001070928,-0.05463519,0.008940697,-0.001907349,-0.01911726,1.223
2024_02_11_02_24_55_549,0.4,-0.03208227,14246.0,14089.0,5.807383,-0.3089233,0.1359755,6.283048,0.009030377,6.138467,1.22,0.0005280226,3.422043e-05,-0.05498387,0.01990795,-0.001311302,-0.09940471,1.223
2024_02_11_02_24_55_587,0.4,-0.03233179,14360.0,14201.0,5.85334,-0.3156981,0.1359755,6.283047,0.009030594,6.13637,1.22,0.0004807175,-5.177376e-05,-0.05538438,0.01335144,-0.002875924,-0.01122616,1.223
2024_02_11_02_24_55_620,0.4,-0.03253051,14459.0,14298.0,5.893239,-0.3216601,0.1359755,6.283046,0.009030462,6.134536,1.22,0.000497352,1.543522e-05,-0.05571646,-0.003576278,-0.00295043,-0.007687136,1.223
2024_02_11_02_24_55_657,0.4,-0.03272841,14574.0,14410.0,5.939164,-0.3286166,0.1359756,6.283045,0.009030826,6.132411,1.22,0.0004844928,-5.503896e-05,-0.05609845,0.002622604,-0.001192093,0.00381656,1.223
2024_02_11_02_24_55_695,0.4,-0.03297885,14685.0,14519.0,5.983868,-0.3354838,0.1359756,6.283044,0.009030918,6.130329,1.22,0.0004854692,-1.427399e-05,-0.05647653,-0.002861023,-0.002935529,0.03067124,1.223
2024_02_11_02_24_55_732,0.4,-0.03317507,14799.0,14631.0,6.029756,-0.3426341,0.1359756,6.283043,0.009031087,6.128176,1.22,0.0004999169,-2.819897e-05,-0.05685375,-0.01168251,-0.00192225,-3.166497e-05,1.223
2024_02_11_02_24_55_770,0.4,-0.0334313,14910.0,14739.0,6.074422,-0.3496914,0.1359756,6.283042,0.009031146,6.126065,1.22,0.0004475266,-6.03329e-05,-0.05725806,0.01370907,-0.002458691,-0.03795046,1.223
2024_02_11_02_24_55_807,0.4,-0.03362746,15024.0,14851.0,6.120284,-0.3570382,0.1359756,6.283041,0.009030974,6.123882,1.22,0.0005699073,2.342044e-05,-0.05762562,0.009059906,-0.001251697,-0.05734898,1.223
2024_02_11_02_24_55_845,0.4,-0.03387715,15136.0,14960.0,6.164923,-0.3642879,0.1359756,6.28304,0.009030755,6.121742,1.22,0.0004315506,7.486215e-05,-0.05801869,-0.01084804,-0.002220273,0.04591234,1.223
2024_02_11_02_24_55_883,0.4,-0.03407627,15250.0,15072.0,6.210751,-0.3718337,0.1359757,6.283039,0.00903109,6.119529,1.22,0.0005455338,-4.406649e-05,-0.05843262,-0.02086162,-0.002160668,0.02282485,1.223
2024_02_11_02_24_55_916,0.4,-0.03428015,15349.0,15169.0,6.250536,-0.3784693,0.1359756,6.283038,0.009031099,6.117596,1.22,0.0005739165,-3.639868e-05,-0.05875847,0.02145767,-0.001356006,-0.03798027,1.223
2024_02_11_02_24_55_953,0.4,-0.03453222,15460.0,15278.0,6.295126,-0.3860008,0.1359756,6.283037,0.009031226,6.115414,1.22,0.0004954055,-6.323276e-05,-0.05914271,-0.02920627,-0.003948808,0.06502494,1.223
2024_02_11_02_24_55_990,0.4,-0.03473101,15574.0,15390.0,6.340901,-0.3938376,0.1359757,6.283036,0.009031009,6.113159,1.22,0.0005485348,1.882119e-05,-0.05954403,0.01728535,-0.001683831,-0.05734525,1.223
2024_02_11_02_24_56_028,0.4,-0.03497609,15686.0,15498.0,6.385455,-0.4015679,0.1359756,6.283035,0.009031028,6.110949,1.22,0.0005158793,-3.332931e-05,-0.05992984,0.007152557,-0.002533197,0.003875233,1.223
2024_02_11_02_24_56_065,0.4,-0.03517644,15800.0,15610.0,6.431196,-0.40961,0.1359756,6.283034,0.009030944,6.108664,1.22,0.0005187626,4.736987e-05,-0.06030633,0.0,-0.001817942,0.02284627,1.223
2024_02_11_02_24_56_102,0.4,-0.03542614,15911.0,15719.0,6.475714,-0.4175413,0.1359756,6.283033,0.009030853,6.106425,1.22,0.0005135465,4.18711e-05,-0.06073423,-0.004529953,-0.002816319,-0.003831461,1.223
2024_02_11_02_24_56_140,0.4,-0.03562507,16025.0,15831.0,6.521418,-0.4257913,0.1359756,6.283032,0.009030742,6.104111,1.22,0.0004944152,8.345062e-05,-0.06109744,0.004649162,-0.001966953,0.01533423,1.223
2024_02_11_02_24_56_174,0.4,-0.03582403,16125.0,15928.0,6.561095,-0.4330419,0.1359755,6.283031,0.009030756,6.102087,1.22,0.0005765798,1.051262e-05,-0.06143988,0.01108646,-0.001624226,-0.04972797,1.223
2024_02_11_02_24_56_211,0.4,-0.0360761,16239.0,16039.0,6.606764,-0.4414914,0.1359756,6.283031,0.009030945,6.099745,1.22,0.0005227196,5.794263e-05,-0.06183129,-0.0218153,-0.003516674,0.08040852,1.223
2024_02_11_02_24_56_249,0.4,-0.03627493,16350.0,16148.0,6.651214,-0.4498214,0.1359756,6.28303,0.00903077,6.097449,1.22,0.0005695659,3.934808e-05,-0.06220702,0.002503395,-0.001713633,0.02299715,1.223
2024_02_11_02_24_56_286,0.4,-0.03652942,16464.0,16260.0,6.696843,-0.4584829,0.1359755,6.283029,0.009030574,6.095077,1.22,0.0005404183,2.68875e-05,-0.06262614,0.01013279,-0.002279878,0.0002356246,1.223
2024_02_11_02_24_56_320,0.4,-0.03672462,16564.0,16357.0,6.736453,-0.4660935,0.1359755,6.283028,0.009030337,6.093004,1.22,0.0005125785,1.689445e-05,-0.06295078,0.04506111,-0.001236796,-0.09579676,1.223
2024_02_11_02_24_56_357,0.4,-0.03692574,16678.0,16469.0,6.782044,-0.4749595,0.1359755,6.283027,0.009030323,6.090603,1.22,0.0005104123,6.975025e-05,-0.06336779,0.004768372,-0.001683831,0.01525413,1.223
2024_02_11_02_24_56_394,0.4,-0.03717442,16789.0,16577.0,6.826418,-0.483698,0.1359755,6.283026,0.009030142,6.088251,1.22,0.0005191467,0.0001219333,-0.06373267,-0.01251697,-0.002846122,0.06848015,1.223
2024_02_11_02_24_56_428,0.4,-0.03737598,16889.0,16674.0,6.865978,-0.4915803,0.1359755,6.283025,0.009030696,6.086142,1.22,0.0005496773,-7.546676e-05,-0.06408482,-0.006794929,-0.003412366,0.02681278,1.223
2024_02_11_02_24_56_465,0.4,-0.0375712,17003.0,16786.0,6.911508,-0.5007607,0.1359756,6.283024,0.009030942,6.0837,1.22,0.0005336016,-5.711496e-05,-0.0644776,-0.02110004,-0.002682209,0.04968978,1.223
2024_02_11_02_24_56_503,0.4,-0.03782432,17114.0,16895.0,6.955818,-0.5098068,0.1359756,6.283022,0.00903111,6.081308,1.22,0.0005328177,2.783063e-05,-0.06484091,-0.01096725,-0.002846122,0.003872439,1.223
2024_02_11_02_24_56_536,0.4,-0.03803021,17216.0,16995.0,6.996513,-0.5182127,0.1359757,6.283022,0.009031333,6.079098,1.22,0.000565118,-2.897773e-05,-0.06519961,-0.009298325,-0.002488494,-0.01143478,1.223
2024_02_11_02_24_56_574,0.4,-0.03822983,17328.0,17103.0,7.040772,-0.5274628,0.1359757,6.283021,0.009031415,6.076679,1.22,0.0006037694,1.150632e-05,-0.06556734,0.004529953,-0.00180304,-0.03433879,1.223
2024_02_11_02_24_56_607,0.4,-0.03842751,17430.0,17203.0,7.081426,-0.5360574,0.1359757,6.28302,0.00903152,6.074444,1.22,0.00058584,3.750388e-06,-0.06591895,0.00500679,-0.001639128,-0.03025122,1.223
2024_02_11_02_24_56_644,0.4,-0.03867532,17541.0,17312.0,7.125639,-0.5455138,0.1359757,6.283019,0.00903131,6.071997,1.22,0.0004998417,5.21816e-05,-0.0663234,-0.01037121,-0.002905726,0.01124572,1.223
2024_02_11_02_24_56_679,0.4,-0.03887935,17641.0,17409.0,7.165056,-0.5540395,0.1359757,6.283018,0.009031503,6.069803,1.22,0.0005590267,-7.749293e-05,-0.06666807,0.003218651,-0.002890825,-0.02670288,1.223
2024_02_11_02_24_56_712,0.4,-0.03907319,17743.0,17509.0,7.205648,-0.5629144,0.1359757,6.283017,0.009031453,6.067531,1.22,0.0005955598,-2.374742e-05,-0.0669999,-0.008702278,-0.003486871,-0.003632158,1.223
2024_02_11_02_24_56_745,0.4,-0.03927679,17842.0,17606.0,7.245027,-0.5716169,0.1359757,6.283016,0.009031202,6.065313,1.22,0.0005482327,-1.85977e-06,-0.06737415,0.01895428,-0.001937151,-0.0343062,1.223
2024_02_11_02_24_56_782,0.4,-0.03947819,17957.0,17717.0,7.290349,-0.5817465,0.1359757,6.283015,0.00903111,6.062747,1.22,0.0005720018,1.589344e-05,-0.06772779,0.01478195,-0.002145767,0.01141149,1.223
2024_02_11_02_24_56_815,0.4,-0.03968015,18056.0,17814.0,7.329685,-0.590638,0.1359757,6.283014,0.009031025,6.060505,1.22,0.0006490862,2.228475e-06,-0.06807118,0.01585484,-0.0012815,-0.03451575,1.223
2024_02_11_02_24_56_848,0.4,-0.03987997,18155.0,17911.0,7.369004,-0.5996182,0.1359756,6.283013,0.00903096,6.058252,1.22,0.0006418918,8.410605e-05,-0.06842667,-0.006914138,-0.001966953,0.007655471,1.223
2024_02_11_02_24_56_886,0.4,-0.04012896,18270.0,18023.0,7.414253,-0.610069,0.1359756,6.283012,0.009030974,6.055643,1.22,0.0005999147,5.651697e-05,-0.06883176,-0.008702278,-0.003367662,2.793968e-05,1.223
2024_02_11_02_24_56_923,0.4,-0.04032449,18381.0,18131.0,7.458285,-0.6203589,0.1359757,6.283011,0.009031232,6.053088,1.22,0.0005551074,-1.478787e-05,-0.06920347,0.010252,-0.001460314,-0.02668146,1.223
2024_02_11_02_24_56_957,0.4,-0.04052601,18484.0,18231.0,7.498722,-0.6299142,0.1359757,6.28301,0.009031242,6.050729,1.22,0.0005989739,2.534268e-05,-0.06954665,0.001430511,-0.002562999,0.03039185,1.223
2024_02_11_02_24_56_994,0.4,-0.04077442,18595.0,18340.0,7.542702,-0.6404208,0.1359757,6.28301,0.009031439,6.048147,1.22,0.0005985979,-1.071162e-05,-0.06993876,0.0003576278,-0.002503395,-0.01138635,1.223
2024_02_11_02_24_57_028,0.4,-0.04097479,18694.0,18436.0,7.581903,-0.6498876,0.1359757,6.283009,0.009031241,6.045833,1.22,0.0006255137,6.737327e-05,-0.07028645,-0.01502037,-0.002771616,0.01907349,1.223
2024_02_11_02_24_57_065,0.4,-0.04117638,18809.0,18548.0,7.627016,-0.6609017,0.1359757,6.283008,0.009031311,6.043154,1.22,0.0006245014,5.249609e-05,-0.07068689,-0.004649162,-0.002384186,0.05734432,1.223
2024_02_11_02_24_57_098,0.4,-0.04138213,18908.0,18645.0,7.666169,-0.670565,0.1359758,6.283007,0.009031554,6.040817,1.22,0.0006200713,5.885704e-06,-0.07103498,-0.005245208,-0.001609325,-0.007634982,1.223
2024_02_11_02_24_57_136,0.4,-0.04162426,19023.0,18756.0,7.71122,-0.681806,0.1359759,6.283006,0.009031639,6.038112,1.22,0.0006234342,-1.280606e-05,-0.07140717,0.003576278,-0.002294779,0.02292264,1.223
2024_02_11_02_24_57_170,0.4,-0.04182919,19122.0,18853.0,7.750319,-0.6916666,0.1359759,6.283005,0.009032035,6.035749,1.22,0.0006639176,-8.631931e-05,-0.07175355,-0.004291534,-0.00333786,0.03462937,1.223
2024_02_11_02_24_57_203,0.4,-0.04202817,19222.0,18950.0,7.789391,-0.7016196,0.1359758,6.283004,0.00903177,6.033376,1.22,0.0006332132,-7.17424e-05,-0.0720972,0.03910065,-0.0008046626,-0.1070443,1.223
2024_02_11_02_24_57_241,0.4,-0.04222812,19336.0,19061.0,7.834358,-0.7131963,0.1359758,6.283003,0.009031857,6.030629,1.22,0.0006088691,-3.144969e-05,-0.07246395,-0.01072884,-0.002473593,0.007676892,1.223
2024_02_11_02_24_57_278,0.4,-0.04247406,19447.0,19170.0,7.87811,-0.7245871,0.1359758,6.283002,0.009031666,6.027939,1.22,0.0006043316,6.346457e-05,-0.0728851,-0.01001358,-0.00372529,0.03819633,1.223
2024_02_11_02_24_57_311,0.4,-0.04267354,19550.0,19270.0,7.918291,-0.7351592,0.1359758,6.283001,0.009031711,6.025457,1.22,0.0006280448,2.161291e-05,-0.07323688,-0.001430511,-0.003129244,0.01910422,1.223
2024_02_11_02_24_57_349,0.4,-0.04287643,19661.0,19378.0,7.961984,-0.7467774,0.1359758,6.283,0.009031902,6.02274,1.22,0.0006629229,-4.55483e-05,-0.07361178,-0.02324581,-0.00295043,0.04978478,1.223
2024_02_11_02_24_57_386,0.4,-0.04313018,19776.0,19490.0,8.006827,-0.7588331,0.1359758,6.282999,0.009031671,6.019934,1.22,0.0006596863,-1.371338e-06,-0.07399786,-0.01835823,-0.002771616,0.04178192,1.223
2024_02_11_02_24_57_420,0.4,-0.04332808,19875.0,19586.0,8.045742,-0.7694055,0.1359758,6.282999,0.009031463,6.017487,1.22,0.0006342015,4.642597e-05,-0.07436448,0.00655651,-0.001817942,-0.03068987,1.223
2024_02_11_02_24_57_457,0.4,-0.04352891,19987.0,19695.0,8.089343,-0.7813729,0.1359757,6.282998,0.009031451,6.014728,1.22,0.0006848664,4.853073e-05,-0.0747302,-0.005841255,-0.0012815,-0.0307085,1.223
2024_02_11_02_24_57_494,0.4,-0.04377868,20101.0,19806.0,8.134087,-0.7937894,0.1359757,6.282997,0.009031556,6.011879,1.22,0.0006562482,3.409472e-05,-0.07514071,0.01895428,-0.001966953,-0.03799796,1.223
2024_02_11_02_24_57_532,0.4,-0.04397383,20213.0,19915.0,8.177616,-0.8060017,0.1359759,6.282995,0.009031815,6.009092,1.22,0.0006413214,1.96135e-06,-0.07550464,-0.01084804,-0.002622604,0.04579313,1.223
2024_02_11_02_24_57_569,0.4,-0.0442288,20327.0,20026.0,8.222285,-0.8186705,0.1359758,6.282994,0.009031729,6.006214,1.22,0.0006765422,7.347128e-05,-0.07590428,0.005722045,-0.002235174,-0.01522247,1.223
2024_02_11_02_24_57_607,0.4,-0.0444272,20439.0,20135.0,8.265743,-0.8311294,0.1359759,6.282993,0.0090322,6.003397,1.22,0.0006758929,-2.631494e-05,-0.07629886,-0.02372265,-0.002473593,0.03062747,1.223
2024_02_11_02_24_57_644,0.4,-0.04467724,20554.0,20246.0,8.310334,-0.8440527,0.135976,6.282992,0.009032317,6.000491,1.22,0.0006323696,-3.602788e-05,-0.07668248,0.01358986,-0.001579523,-0.04963763,1.223
2024_02_11_02_24_57_678,0.4,-0.0448739,20653.0,20343.0,8.349028,-0.8553811,0.135976,6.282991,0.009032468,5.997956,1.22,0.0006778062,-9.851587e-06,-0.07700897,-0.02396107,-0.003695488,0.06111245,1.223
2024_02_11_02_24_57_716,0.4,-0.04507609,20768.0,20454.0,8.393548,-0.8685479,0.1359761,6.28299,0.009032551,5.995023,1.22,0.0006990428,-6.261877e-05,-0.07742131,-0.003218651,-0.002413988,0.01908094,1.223
2024_02_11_02_24_57_753,0.4,-0.04532661,20879.0,20563.0,8.436858,-0.8814931,0.1359761,6.28299,0.009032617,5.992151,1.22,0.0006783041,-6.464024e-07,-0.07778389,-0.01573563,-0.003755092,0.04979688,1.223
2024_02_11_02_24_57_786,0.4,-0.04552542,20982.0,20662.0,8.476623,-0.8934991,0.135976,6.282989,0.009032572,5.989503,1.22,0.0006910285,-1.507826e-05,-0.07815041,0.009298325,-0.001579523,-0.02275314,1.223
2024_02_11_02_24_57_824,0.4,-0.0457249,21093.0,20771.0,8.51986,-0.9066838,0.135976,6.282988,0.009032519,5.986605,1.22,0.0006605259,1.250988e-05,-0.07853904,-0.00667572,-0.002294779,0.06891694,1.223
2024_02_11_02_24_57_857,0.4,-0.04592868,21193.0,20867.0,8.558388,-0.918549,0.1359761,6.282987,0.009032451,5.984007,1.22,0.0006777755,4.135449e-05,-0.07886494,-0.008583069,-0.002652406,-0.00771787,1.223
2024_02_11_02_24_57_894,0.4,-0.04618153,21307.0,20979.0,8.602714,-0.9323357,0.135976,6.282986,0.009032583,5.981002,1.22,0.0007394583,-1.999214e-05,-0.07926605,0.004172325,-0.002086163,-0.06488524,1.223
2024_02_11_02_24_57_932,0.4,-0.0463738,21419.0,21087.0,8.645833,-0.9458888,0.135976,6.282985,0.00903249,5.978063,1.22,0.0007091341,4.029217e-06,-0.0796537,0.005483627,-0.001132488,-0.03057997,1.223
2024_02_11_02_24_57_965,0.4,-0.04657518,21521.0,21187.0,8.685418,-0.9584551,0.135976,6.282984,0.009032387,5.975348,1.22,0.0006809001,3.415921e-05,-0.08001972,-0.01239777,-0.001758337,0.01522619,1.223
2024_02_11_02_24_58_002,0.4,-0.04682669,21633.0,21295.0,8.728464,-0.9722518,0.135976,6.282983,0.00903245,5.972379,1.22,0.0006723746,2.011879e-06,-0.08038247,0.005602836,-0.002294779,-0.03056321,1.223
2024_02_11_02_24_58_037,0.4,-0.0470265,21735.0,21394.0,8.767977,-0.9850428,0.135976,6.282982,0.009032332,5.969641,1.22,0.0007031345,7.010726e-05,-0.08071958,0.01561642,-0.002533197,-0.02292916,1.223
2024_02_11_02_24_58_073,0.4,-0.04722469,21847.0,21503.0,8.810938,-0.9990858,0.135976,6.282981,0.009032493,5.966646,1.22,0.0006923024,1.764209e-05,-0.08112359,-0.003218651,-0.002533197,0.01891237,1.223
2024_02_11_02_24_58_107,0.4,-0.04742754,21947.0,21599.0,8.849217,-1.011719,0.1359761,6.28298,0.009032764,5.963962,1.22,0.0006922048,-5.601413e-05,-0.08147041,-0.02300739,-0.00283122,0.04593841,1.223
2024_02_11_02_24_58_144,0.4,-0.04767874,22061.0,21711.0,8.893256,-1.026395,0.1359762,6.282979,0.009032791,5.96086,1.22,0.0007440419,-7.075903e-06,-0.08184608,-0.02157688,-0.003367662,0.02286956,1.223
2024_02_11_02_24_58_182,0.4,-0.0478734,22173.0,21819.0,8.936084,-1.040816,0.1359761,6.282978,0.009032756,5.957827,1.22,0.0006910547,1.598727e-05,-0.08220194,0.02253055,-0.001132488,-0.03051758,1.223
2024_02_11_02_24_58_215,0.4,-0.04807206,22275.0,21918.0,8.975405,-1.054181,0.135976,6.282978,0.009032801,5.955025,1.22,0.0007060769,5.801883e-05,-0.08259039,-0.005602836,-0.001251697,0.01927651,1.223
2024_02_11_02_24_58_252,0.4,-0.0482738,22387.0,22027.0,9.018151,-1.068852,0.1359762,6.282977,0.009033016,5.951962,1.22,0.0007505661,-5.078312e-05,-0.0829327,0.01382828,-0.001102686,-0.04199054,1.223
2024_02_11_02_24_58_296,0.4,-0.0485483,22514.0,22150.0,9.066612,-1.085664,0.1359762,6.282975,0.009032938,5.948469,1.22,0.0007422275,-3.612056e-05,-0.08338981,-0.01001358,-0.002861023,0.03441703,1.223
2024_02_11_02_24_58_332,0.4,-0.04877849,22625.0,22258.0,9.109262,-1.100615,0.1359761,6.282974,0.009032764,5.945376,1.22,0.0007342645,2.652851e-05,-0.08376613,0.004172325,-0.001430511,-0.01920201,1.223
2024_02_11_02_24_58_369,0.4,-0.0490232,22740.0,22369.0,9.153011,-1.116107,0.1359762,6.282973,0.009032748,5.942183,1.22,0.000725973,7.086369e-06,-0.08416063,-0.001430511,-0.002622604,0.01910608,1.223
2024_02_11_02_24_58_407,0.4,-0.04922619,22852.0,22477.0,9.195564,-1.131328,0.1359762,6.282972,0.009032824,5.939061,1.22,0.0007522473,2.366972e-06,-0.08457313,0.000834465,-0.002682209,0.05739834,1.223
2024_02_11_02_24_58_445,0.4,-0.04947553,22966.0,22589.0,9.239215,-1.147097,0.1359761,6.282971,0.00903272,5.93584,1.22,0.0007280452,8.017487e-05,-0.0849563,-0.004172325,-0.002205372,-0.007684342,1.223
2024_02_11_02_24_58_481,0.4,-0.04967614,23078.0,22697.0,9.28167,-1.162587,0.1359761,6.28297,0.009032778,5.932687,1.22,0.000753779,6.625532e-05,-0.08534382,-0.001788139,-0.001996756,0.02282671,1.223
2024_02_11_02_24_58_519,0.4,-0.04993626,23193.0,22808.0,9.325218,-1.178635,0.1359761,6.282969,0.009032589,5.929435,1.22,0.0007200682,6.904594e-05,-0.0857209,-0.005364418,-0.002592802,-0.007836148,1.223
2024_02_11_02_24_58_557,0.4,-0.05012609,23304.0,22916.0,9.367574,-1.194398,0.1359761,6.282969,0.009033027,5.926255,1.22,0.0007598058,-7.155372e-05,-0.08610781,-0.01943111,-0.002980232,0.01921505,1.223
2024_02_11_02_24_58_595,0.4,-0.05037515,23419.0,23027.0,9.411016,-1.210726,0.1359762,6.282967,0.009033141,5.922976,1.22,0.0007964845,-6.236236e-05,-0.08651221,-0.006914138,-0.003069639,0.01149159,1.223
2024_02_11_02_24_58_632,0.4,-0.0505765,23531.0,23136.0,9.453256,-1.226762,0.1359763,6.282967,0.009033131,5.919767,1.22,0.0007672377,2.060407e-06,-0.08686953,-0.01132488,-0.002980232,0.0650119,1.223
2024_02_11_02_24_58_669,0.4,-0.05082305,23646.0,23247.0,9.496589,-1.243372,0.1359762,6.282965,0.009032997,5.916459,1.22,0.0007848875,5.593426e-05,-0.08726691,0.00834465,-0.00217557,-0.06500911,1.223
2024_02_11_02_24_58_707,0.4,-0.05102754,23757.0,23355.0,9.53873,-1.259684,0.1359763,6.282964,0.009032981,5.913223,1.22,0.0007442847,-3.130042e-05,-0.08766126,0.00166893,-0.002145767,-0.03859773,1.223
2024_02_11_02_24_58_741,0.4,-0.05122636,23860.0,23454.0,9.577407,-1.274793,0.1359762,6.282964,0.009032953,5.910235,1.22,0.0007979777,-1.303515e-05,-0.08803373,0.01788139,-0.001519918,-0.04593283,1.223
2024_02_11_02_24_58_778,0.4,-0.05147574,23972.0,23562.0,9.619445,-1.291367,0.1359762,6.282962,0.009032729,5.90697,1.22,0.0007343943,3.528131e-05,-0.08843756,0.01859665,-0.001996756,-0.04602875,1.223
2024_02_11_02_24_58_815,0.4,-0.05167362,24086.0,23673.0,9.662562,-1.308532,0.1359762,6.282961,0.009032634,5.903603,1.22,0.0007516257,7.779587e-05,-0.08882838,0.01609325,-0.001221895,-0.03835652,1.223
2024_02_11_02_24_58_848,0.4,-0.05187871,24186.0,23770.0,9.699955,-1.323557,0.1359762,6.28296,0.009032715,5.900665,1.22,0.0008051284,-6.251295e-06,-0.08913468,0.0191927,-0.001251697,-0.08041318,1.223
2024_02_11_02_24_58_887,0.4,-0.05212582,24298.0,23878.0,9.741835,-1.340534,0.1359762,6.282959,0.009032884,5.897358,1.22,0.0007556243,-6.293051e-06,-0.08953819,0.006079673,-0.002622604,0.007479451,1.223
2024_02_11_02_24_58_924,0.4,-0.05232472,24413.0,23989.0,9.784787,-1.358114,0.1359761,6.282959,0.009032683,5.893947,1.22,0.0007723703,7.880686e-05,-0.08995352,0.0007152557,-0.001519918,-0.01919456,1.223
2024_02_11_02_24_58_961,0.4,-0.05257426,24524.0,24097.0,9.826544,-1.375373,0.1359762,6.282958,0.009032774,5.890612,1.22,0.0007689492,0.000103055,-0.09028414,-0.01370907,-0.003546476,0.05348026,1.223
2024_02_11_02_24_58_995,0.4,-0.0527721,24627.0,24197.0,9.864869,-1.391354,0.1359762,6.282957,0.009033204,5.887534,1.22,0.000815294,-1.307267e-05,-0.0906648,-0.009298325,-0.003129244,0.02290215,1.223
2024_02_11_02_24_59_029,0.4,-0.05297429,24727.0,24293.0,9.90202,-1.406979,0.1359763,6.282956,0.009033405,5.884537,1.22,0.000795791,-2.025144e-05,-0.09098139,-0.005960464,-0.001817942,-0.0230819,1.223
2024_02_11_02_24_59_065,0.4,-0.0531764,24841.0,24404.0,9.944735,-1.42511,0.1359763,6.282955,0.009033347,5.881073,1.22,0.0008306328,2.069668e-05,-0.09142546,0.02264976,-5.960464e-05,-0.07653888,1.223
2024_02_11_02_24_59_098,0.4,-0.05337876,24941.0,24500.0,9.981772,-1.440974,0.1359762,6.282954,0.009033401,5.878052,1.22,0.0008685767,6.249268e-05,-0.0917543,-0.005245208,-0.00217557,0.0190353,1.223
2024_02_11_02_24_59_136,0.4,-0.05362241,25053.0,24609.0,10.02325,-1.458895,0.1359763,6.282953,0.009033541,5.87465,1.22,0.0008037796,3.177097e-06,-0.09213893,-0.01502037,-0.003099441,0.04978384,1.223
2024_02_11_02_24_59_169,0.4,-0.0538271,25156.0,24708.0,10.06131,-1.475487,0.1359763,6.282952,0.009033548,5.871511,1.22,0.0007884937,6.227799e-06,-0.09248175,0.01704693,-0.001847744,-0.06873813,1.223
2024_02_11_02_24_59_207,0.4,-0.05402667,25267.0,24816.0,10.10266,-1.493679,0.1359763,6.282951,0.009033422,5.868082,1.22,0.0008050578,7.355559e-05,-0.09285478,-0.01084804,-0.002413988,0.01532957,1.223
2024_02_11_02_24_59_240,0.4,-0.05422394,25370.0,24915.0,10.14061,-1.510521,0.1359762,6.28295,0.009033453,5.864918,1.22,0.0007841696,7.100183e-05,-0.09320855,-0.002503395,-0.0009834766,-0.007500872,1.223
2024_02_11_02_24_59_278,0.4,-0.05447222,25482.0,25023.0,10.18184,-1.528986,0.1359763,6.282949,0.009033605,5.86146,1.22,0.0008502839,6.994888e-06,-0.09361495,0.02419948,-0.002115965,-0.02660323,1.223
2024_02_11_02_24_59_315,0.4,-0.05467131,25597.0,25134.0,10.22412,-1.548098,0.1359764,6.282948,0.009033524,5.857893,1.22,0.0008053543,5.183886e-05,-0.09403194,0.0003576278,-0.002324581,-0.01518056,1.223
2024_02_11_02_24_59_349,0.4,-0.05487467,25697.0,25231.0,10.26078,-1.564819,0.1359762,6.282948,0.009033263,5.854784,1.22,0.0007918148,0.0001122534,-0.09434841,0.0007152557,-0.001609325,0.03050547,1.223
2024_02_11_02_24_59_386,0.4,-0.05512746,25808.0,25339.0,10.30183,-1.583702,0.1359764,6.282946,0.00903359,5.851287,1.22,0.0008684568,-4.415049e-05,-0.09472118,0.009417534,-0.002533197,-0.02668984,1.223
2024_02_11_02_24_59_419,0.4,-0.05532367,25911.0,25438.0,10.33949,-1.601181,0.1359764,6.282946,0.009033685,5.84806,1.22,0.0008714604,-5.063594e-07,-0.09507237,-0.003099441,-0.002026558,-0.03059767,1.223
2024_02_11_02_24_59_456,0.4,-0.05552742,26023.0,25546.0,10.3804,-1.620339,0.1359763,6.282945,0.009033649,5.844534,1.22,0.0008536825,4.534056e-05,-0.09543711,-0.007987022,-0.001728535,0.01538172,1.223
2024_02_11_02_24_59_494,0.4,-0.05577395,26138.0,25657.0,10.42235,-1.640166,0.1359763,6.282944,0.009033647,5.840901,1.22,0.0008025282,2.741034e-05,-0.09587438,0.009417534,-0.003129244,0.02699718,1.223
2024_02_11_02_24_59_531,0.4,-0.05597847,26250.0,25765.0,10.46312,-1.659618,0.1359764,6.282942,0.00903372,5.837347,1.22,0.0008530778,-1.086708e-05,-0.09624986,0.01561642,-0.001847744,-0.003669411,1.223
2024_02_11_02_24_59_570,0.4,-0.05622328,26365.0,25876.0,10.50493,-1.679746,0.1359763,6.282941,0.009033556,5.83368,1.22,0.0008658589,8.071892e-05,-0.09669229,0.01597404,-0.001460314,-0.06500725,1.223
2024_02_11_02_24_59_606,0.4,-0.05642749,26477.0,25984.0,10.54556,-1.699492,0.1359763,6.28294,0.009033555,5.830096,1.22,0.0008598375,6.209005e-05,-0.09704626,0.00333786,-0.002980232,-0.01138821,1.223
2024_02_11_02_24_59_640,0.4,-0.05662603,26576.0,26080.0,10.58174,-1.717226,0.1359763,6.282939,0.009033529,5.826888,1.22,0.0008459946,-2.40081e-05,-0.09739473,0.0141859,-0.001847744,-0.01535658,1.223
2024_02_11_02_24_59_673,0.4,-0.05682867,26679.0,26179.0,10.61896,-1.73562,0.1359763,6.282939,0.009033449,5.823569,1.22,0.0008982175,5.228003e-05,-0.09772477,-0.006318092,-0.00205636,0.00373926,1.223
2024_02_11_02_24_59_711,0.4,-0.05707551,26791.0,26287.0,10.65939,-1.755777,0.1359762,6.282938,0.009033433,5.819942,1.22,0.0008610488,0.0001021867,-0.09813068,-0.01192093,-0.003248453,0.007659196,1.223
2024_02_11_02_24_59_744,0.4,-0.05727347,26894.0,26386.0,10.69648,-1.77443,0.1359763,6.282937,0.009033672,5.816598,1.22,0.0008589408,-1.583954e-05,-0.09846781,-0.01311302,-0.003606081,0.007804483,1.223
2024_02_11_02_24_59_782,0.4,-0.05747809,27006.0,26494.0,10.73677,-1.79487,0.1359764,6.282936,0.009033757,5.81295,1.22,0.0008766194,-1.996951e-05,-0.09886026,0.0231266,-0.0002086162,-0.06123911,1.223
2024_02_11_02_24_59_820,0.4,-0.05772322,27121.0,26605.0,10.77807,-1.816015,0.1359764,6.282935,0.00903388,5.809186,1.22,0.0008716015,5.987012e-05,-0.09923665,-0.01072884,-0.001788139,-0.0268016,1.223
2024_02_11_02_24_59_853,0.4,-0.05792707,27221.0,26701.0,10.81387,-1.834504,0.1359764,6.282934,0.009033842,5.805905,1.22,0.0008619625,7.603057e-05,-0.09959841,-0.007748603,-0.002980232,0.04208553,1.223
2024_02_11_02_24_59_890,0.4,-0.05812711,27333.0,26809.0,10.85393,-1.855372,0.1359764,6.282933,0.009034083,5.802213,1.22,0.0008918024,6.077112e-06,-0.09999359,0.002384186,-0.001817942,-0.011364,1.223
2024_02_11_02_24_59_928,0.4,-0.0583786,27447.0,26920.0,10.895,-1.876959,0.1359765,6.282932,0.009034016,5.798408,1.22,0.0009054992,1.991378e-05,-0.1003676,0.01382828,-0.002712011,-0.0346778,1.223
2024_02_11_02_24_59_961,0.4,-0.05857405,27547.0,27016.0,10.93059,-1.895832,0.1359764,6.282931,0.009033943,5.795089,1.22,0.0008656846,7.169769e-05,-0.1007253,0.005841255,-0.002622604,0.01136586,1.223
2024_02_11_02_24_59_998,0.4,-0.05877377,27662.0,27127.0,10.9715,-1.917712,0.1359766,6.28293,0.009034054,5.791253,1.22,0.00095829,2.617296e-05,-0.101088,-0.005125999,-0.001847744,-0.02697203,1.223
2024_02_11_02_25_00_036,0.4,-0.05902448,27774.0,27235.0,11.01126,-1.939166,0.1359764,6.282929,0.009033885,5.787501,1.22,0.0008309783,8.290655e-05,-0.1015141,-0.02145767,-0.004053116,0.04954636,1.223
2024_02_11_02_25_00_073,0.4,-0.05922185,27889.0,27346.0,11.052,-1.961355,0.1359764,6.282928,0.009033904,5.783636,1.22,0.000883467,7.090912e-05,-0.1018691,0.005602836,-0.001907349,-0.01151021,1.223
2024_02_11_02_25_00_111,0.4,-0.05947681,28001.0,27454.0,11.09159,-1.983113,0.1359766,6.282927,0.009034312,5.77986,1.22,0.0008999581,-7.963385e-06,-0.1023058,-0.009655952,-0.002861023,0.02659485,1.223
2024_02_11_02_25_00_145,0.4,-0.05967533,28104.0,27553.0,11.12788,-2.003238,0.1359765,6.282926,0.009034629,5.776378,1.22,0.0008937913,5.40155e-05,-0.1026134,-0.01573563,-0.002324581,0.007754191,1.223
2024_02_11_02_25_00_182,0.4,-0.05987675,28216.0,27661.0,11.16731,-2.025282,0.1359766,6.282925,0.009034688,5.772574,1.22,0.0008908502,4.128306e-05,-0.1030001,0.005602836,-0.001788139,-0.0381982,1.223
2024_02_11_02_25_00_214,0.4,-0.06007264,28316.0,27757.0,11.20239,-2.045069,0.1359766,6.282924,0.00903493,5.769171,1.22,0.0009080463,-1.15149e-05,-0.1033376,-0.004410744,-0.002145767,0.01905207,1.223
2024_02_11_02_25_00_252,0.4,-0.06032822,28431.0,27867.0,11.24271,-2.068002,0.1359767,6.282923,0.009034685,5.765235,1.22,0.0009014007,1.453279e-05,-0.1037328,0.007629394,-0.003695488,0.01524389,1.223
2024_02_11_02_25_00_286,0.4,-0.06052646,28531.0,27964.0,11.27766,-2.088045,0.1359766,6.282923,0.009034345,5.761806,1.22,0.0009376908,9.291363e-05,-0.1041232,-0.01251697,-0.003755092,0.08010305,1.223
2024_02_11_02_25_00_319,0.4,-0.06072326,28634.0,28063.0,11.31359,-2.108823,0.1359765,6.282921,0.009034553,5.758262,1.22,0.0009607265,-1.385799e-05,-0.1044593,-0.008821487,-0.00411272,0.06518513,1.223
2024_02_11_02_25_00_356,0.4,-0.06092746,28746.0,28170.0,11.3526,-2.131579,0.1359767,6.282921,0.009034347,5.754391,1.22,0.0008828753,6.173295e-05,-0.1048265,0.01740456,-0.00166893,-0.03446545,1.223
2024_02_11_02_25_00_396,0.4,-0.06117462,28861.0,28281.0,11.39258,-2.155107,0.1359764,6.28292,0.009034204,5.750398,1.22,0.0008944497,0.0001149228,-0.1052472,-0.03421307,-0.00333786,0.07266644,1.223
2024_02_11_02_25_00_431,0.4,-0.06137715,28973.0,28389.0,11.43141,-2.178169,0.1359766,6.282918,0.00903463,5.746497,1.22,0.0009330701,-3.302365e-05,-0.1056375,-0.01394749,-0.002086163,0.03807526,1.223
2024_02_11_02_25_00_469,0.4,-0.06162479,29088.0,28500.0,11.4712,-2.202012,0.1359767,6.282917,0.009034773,5.742476,1.22,0.000964077,5.883157e-08,-0.1059884,0.01180172,-0.001370907,-0.06869342,1.223
2024_02_11_02_25_00_507,0.4,-0.0618264,29200.0,28607.0,11.50984,-2.22538,0.1359767,6.282917,0.00903493,5.738545,1.22,0.000962776,5.67375e-06,-0.1063812,0.02098083,-0.001251697,-0.05727075,1.223
2024_02_11_02_25_00_544,0.4,-0.06207809,29315.0,28718.0,11.54944,-2.249537,0.1359767,6.282916,0.009035108,5.734492,1.22,0.0009337811,3.609253e-05,-0.1067668,0.0128746,-0.002145767,-0.04591979,1.223
2024_02_11_02_25_00_581,0.4,-0.06227174,29427.0,28826.0,11.5879,-2.273212,0.1359768,6.282915,0.009035133,5.730535,1.22,0.0009935736,2.768026e-05,-0.1071429,0.02610683,-0.001490116,-0.06103329,1.223
2024_02_11_02_25_00_615,0.4,-0.0624743,29530.0,28925.0,11.62315,-2.295103,0.1359767,6.282914,0.009035104,5.726889,1.22,0.0009530584,7.146323e-05,-0.1075336,-0.0128746,-0.002503395,-0.02669636,1.223
2024_02_11_02_25_00_652,0.4,-0.06272396,29642.0,29032.0,11.66142,-2.319071,0.1359768,6.282913,0.009035164,5.722903,1.22,0.0009892033,-8.071984e-07,-0.1079024,0.006198883,-0.002145767,0.003710389,1.223
2024_02_11_02_25_00_690,0.4,-0.06292463,29757.0,29143.0,11.70063,-2.343845,0.1359767,6.282912,0.009034928,5.718795,1.22,0.0009913731,9.349085e-05,-0.1082825,0.01788139,-0.001430511,-0.02297759,1.223
2024_02_11_02_25_00_728,0.4,-0.06318053,29869.0,29251.0,11.73871,-2.368123,0.1359768,6.282911,0.009034983,5.714779,1.22,0.0009608206,1.238046e-05,-0.1087205,0.001430511,-0.003159046,0.03435835,1.223
2024_02_11_02_25_00_765,0.4,-0.06337461,29984.0,29361.0,11.77771,-2.393215,0.1359768,6.28291,0.009035322,5.710642,1.22,0.0009448301,-8.882253e-06,-0.1090719,0.002503395,-0.003397465,0.04201009,1.223
2024_02_11_02_25_00_803,0.4,-0.06362811,30096.0,29469.0,11.81558,-2.417802,0.1359768,6.282909,0.009035297,5.706599,1.22,0.000970358,5.335398e-05,-0.109455,0.004410744,-0.003039837,-0.007614493,1.223
2024_02_11_02_25_00_840,0.4,-0.06382871,30212.0,29580.0,11.85438,-2.443211,0.1359769,6.282908,0.009035412,5.702429,1.22,0.0009652723,-4.129562e-06,-0.1098842,0.01060963,-0.001370907,-0.02292078,1.223
2024_02_11_02_25_00_878,0.4,-0.06407781,30324.0,29687.0,11.89205,-2.468107,0.1359769,6.282907,0.009035417,5.698353,1.22,0.0009410724,1.857854e-05,-0.110263,0.007390975,-0.002145767,-0.03832486,1.223
2024_02_11_02_25_00_915,0.4,-0.06427751,30436.0,29795.0,11.92962,-2.493155,0.1359768,6.282906,0.009035412,5.694264,1.22,0.0009425635,8.472009e-05,-0.1106347,-0.01037121,-0.002920627,0.04585366,1.223
2024_02_11_02_25_00_953,0.4,-0.06452852,30551.0,29905.0,11.96809,-2.519042,0.1359768,6.282905,0.009035513,5.690055,1.22,0.0009799177,5.845164e-05,-0.1110253,0.005245208,-0.001609325,-0.04602596,1.223
2024_02_11_02_25_00_990,0.4,-0.06472787,30663.0,30013.0,12.00545,-2.544404,0.1359769,6.282904,0.009035611,5.685941,1.22,0.0009681236,3.101982e-05,-0.111411,0.008702278,-0.001192093,-0.02667401,1.223
2024_02_11_02_25_01_028,0.4,-0.06497578,30778.0,30124.0,12.04371,-2.57061,0.1359768,6.282903,0.009035437,5.681698,1.22,0.0009693091,7.465205e-05,-0.1117982,0.01442432,-0.0008940696,-0.06126146,1.223
2024_02_11_02_25_01_065,0.4,-0.06519753,30890.0,30231.0,12.08085,-2.596282,0.1359769,6.282902,0.009035908,5.677557,1.22,0.0009582175,-1.112771e-05,-0.112178,0.01525879,-0.001966953,0.0003213063,1.223
2024_02_11_02_25_01_102,0.4,-0.06540178,31005.0,30342.0,12.11888,-2.622808,0.1359769,6.282901,0.009035898,5.673289,1.22,0.0009801249,5.520484e-05,-0.1125992,-0.0002384186,-0.001370907,-0.03810134,1.223
2024_02_11_02_25_01_137,0.4,-0.06560699,31105.0,30438.0,12.15181,-2.645973,0.135977,6.2829,0.009035938,5.669569,1.22,0.0009780633,1.706418e-05,-0.1129076,-0.001430511,-0.001609325,0.01530815,1.223
2024_02_11_02_25_01_174,0.4,-0.06582322,31221.0,30548.0,12.18963,-2.6728,0.1359771,6.282899,0.009035921,5.665269,1.22,0.0009856739,1.515839e-05,-0.1132959,0.03874302,0.0003576278,-0.0802772,1.223
2024_02_11_02_25_01_211,0.4,-0.06607248,31333.0,30656.0,12.22634,-2.699077,0.135977,6.282898,0.009035949,5.661067,1.22,0.0009662788,-2.755027e-05,-0.1137093,0.007987022,-0.003278255,-0.0420995,1.223
2024_02_11_02_25_01_248,0.4,-0.06627545,31448.0,30766.0,12.26393,-2.726225,0.1359769,6.282897,0.00903577,5.656734,1.22,0.0009949084,4.865016e-05,-0.1141144,-0.02551079,-0.003635883,0.04967302,1.223
2024_02_11_02_25_01_281,0.4,-0.06647133,31548.0,30862.0,12.29648,-2.749934,0.1359769,6.282896,0.009035392,5.652961,1.22,0.0009943742,0.0001364712,-0.1144395,-0.01108646,-0.003397465,0.07646251,1.223
2024_02_11_02_25_01_319,0.4,-0.06672478,31660.0,30970.0,12.33287,-2.776666,0.1359768,6.282895,0.009035395,5.648719,1.22,0.001031016,6.089474e-05,-0.1148233,0.0003576278,-0.003099441,0.02659205,1.223
2024_02_11_02_25_01_353,0.4,-0.06692075,31763.0,31069.0,12.3662,-2.801364,0.135977,6.282894,0.009035785,5.644812,1.22,0.001063912,-7.434952e-06,-0.1151711,0.015378,-0.001192093,0.0001313165,1.223
2024_02_11_02_25_01_390,0.4,-0.0671239,31875.0,31176.0,12.40236,-2.828388,0.135977,6.282893,0.009036159,5.640546,1.22,0.001116468,-8.114625e-05,-0.1155367,0.01013279,-0.003278255,0.01919828,1.223
2024_02_11_02_25_01_423,0.4,-0.06732298,31979.0,31275.0,12.43548,-2.853357,0.1359769,6.282892,0.009035997,5.636611,1.22,0.001065054,1.469003e-05,-0.1158749,-0.01180172,-0.002384186,0.03460515,1.223
2024_02_11_02_25_01_460,0.4,-0.06757427,32091.0,31382.0,12.47142,-2.880677,0.135977,6.282892,0.009035858,5.632317,1.22,0.001017023,4.631988e-05,-0.1162959,-0.008106232,-0.003695488,0.04190113,1.223
2024_02_11_02_25_01_494,0.4,-0.06777276,32191.0,31478.0,12.50338,-2.905173,0.135977,6.282891,0.009035817,5.628472,1.22,0.00106905,2.359138e-05,-0.1166473,0.01657009,-0.001311302,-0.07255841,1.223
2024_02_11_02_25_01_527,0.4,-0.06797286,32294.0,31577.0,12.5362,-2.930542,0.1359769,6.28289,0.009035717,5.624497,1.22,0.001040424,6.454481e-05,-0.1170144,0.03361702,-0.001430511,-0.08787959,1.223
2024_02_11_02_25_01_565,0.4,-0.06817473,32406.0,31684.0,12.57181,-2.958295,0.1359769,6.282889,0.009035756,5.620157,1.22,0.001029562,6.72095e-05,-0.1173813,0.0003576278,-0.001609325,-0.01907535,1.223
2024_02_11_02_25_01_602,0.4,-0.06842407,32521.0,31795.0,12.60825,-2.986961,0.135977,6.282887,0.00903588,5.615684,1.22,0.0009873008,2.001411e-05,-0.1178245,-0.01096725,-0.003457069,0.06514043,1.223
2024_02_11_02_25_01_640,0.4,-0.06862126,32634.0,31902.0,12.6436,-3.015028,0.135977,6.282887,0.009035814,5.611317,1.22,0.00101997,3.876369e-05,-0.1181769,0.008583069,-0.001788139,0.01156144,1.223
2024_02_11_02_25_01_672,0.4,-0.06882323,32737.0,32001.0,12.67598,-3.040955,0.135977,6.282886,0.009035944,5.607293,1.22,0.001065985,-6.073893e-06,-0.1185385,0.0115633,-0.001907349,-0.02682861,1.223
2024_02_11_02_25_01_711,0.4,-0.06907602,32849.0,32109.0,12.7111,-3.069318,0.1359771,6.282885,0.009035887,5.602902,1.22,0.001033531,3.095129e-05,-0.1189371,0.001549721,-0.002264977,0.007437542,1.223
2024_02_11_02_25_01_748,0.4,-0.06927538,32964.0,32219.0,12.74704,-3.098609,0.135977,6.282884,0.009036135,5.598378,1.22,0.001013559,-2.792837e-05,-0.1193437,-0.01943111,-0.002145767,0.07642154,1.223
2024_02_11_02_25_01_786,0.4,-0.06952649,33076.0,32326.0,12.78191,-3.127287,0.135977,6.282883,0.009035831,5.593956,1.22,0.001085758,8.458224e-05,-0.1197217,-0.003099441,-0.001430511,-0.06898772,1.223
2024_02_11_02_25_01_823,0.4,-0.06972406,33192.0,32437.0,12.81758,-3.156901,0.135977,6.282882,0.009036022,5.589397,1.22,0.001099999,1.101076e-05,-0.120138,-0.0115633,-0.003695488,0.07278286,1.223
2024_02_11_02_25_01_856,0.4,-0.0699205,33292.0,32532.0,12.84845,-3.182748,0.135977,6.282881,0.009036054,5.585426,1.22,0.001128028,7.104291e-05,-0.1204406,-0.01454353,-0.002622604,0.04580337,1.223
2024_02_11_02_25_01_894,0.4,-0.07017209,33404.0,32640.0,12.88294,-3.211872,0.135977,6.28288,0.009036184,5.580961,1.22,0.001055829,2.067304e-05,-0.1208428,0.000834465,-0.003576278,0.0153929,1.223
2024_02_11_02_25_01_927,0.4,-0.07037579,33507.0,32739.0,12.91451,-3.23877,0.1359772,6.282879,0.009036383,5.576847,1.22,0.001023129,3.5309e-06,-0.1212163,-0.01192093,-0.003516674,0.0265222,1.223
2024_02_11_02_25_01_961,0.4,-0.07057139,33608.0,32834.0,12.94505,-3.265002,0.135977,6.282878,0.009036368,5.572842,1.22,0.001064089,4.137908e-05,-0.1215658,-0.02110004,-0.00333786,0.02271868,1.223
2024_02_11_02_25_01_994,0.4,-0.07077046,33711.0,32933.0,12.9764,-3.292154,0.1359772,6.282877,0.009036494,5.5687,1.22,0.001083174,-2.237169e-05,-0.1218858,-0.006914138,-0.002026558,-0.04613958,1.223
2024_02_11_02_25_02_032,0.4,-0.07097556,33823.0,33041.0,13.01039,-3.32185,0.1359771,6.282876,0.00903647,5.564181,1.22,0.0011181,5.040391e-05,-0.1222423,-0.01990795,-0.003218651,0.03441982,1.223
2024_02_11_02_25_02_069,0.4,-0.07122358,33938.0,33151.0,13.04516,-3.352508,0.1359771,6.282875,0.009036456,5.559525,1.22,0.001093957,2.108891e-05,-0.1226967,-0.002145767,-0.00411272,-0.02680812,1.223
2024_02_11_02_25_02_106,0.4,-0.07142016,34051.0,33258.0,13.07888,-3.382515,0.1359771,6.282874,0.009036509,5.554976,1.22,0.00108309,3.893819e-05,-0.1230697,-0.01096725,-0.002741813,0.02686679,1.223
2024_02_11_02_25_02_144,0.4,-0.07167096,34166.0,33368.0,13.11336,-3.413493,0.1359772,6.282873,0.009036717,5.550294,1.22,0.001174049,-3.15322e-05,-0.123461,-0.002145767,-0.003814697,-0.007582828,1.223
2024_02_11_02_25_02_181,0.4,-0.07187294,34278.0,33476.0,13.1468,-3.443811,0.1359772,6.282872,0.009036849,5.545723,1.22,0.001138972,2.836681e-06,-0.1238336,-0.009179115,-0.00166893,0.007417984,1.223
2024_02_11_02_25_02_219,0.4,-0.07212392,34394.0,33586.0,13.18099,-3.475106,0.1359772,6.282871,0.009036916,5.541015,1.22,0.00105342,6.566536e-05,-0.1242468,-0.01263618,-0.00244379,-0.01922157,1.223
2024_02_11_02_25_02_257,0.4,-0.07232859,34506.0,33693.0,13.21414,-3.505731,0.1359772,6.28287,0.009036999,5.536412,1.22,0.00110607,1.434564e-05,-0.1246402,-0.01204014,-0.002682209,0.03809854,1.223
2024_02_11_02_25_02_294,0.4,-0.07257023,34618.0,33801.0,13.24714,-3.536509,0.1359772,6.282869,0.009037008,5.531795,1.22,0.001090356,5.901969e-05,-0.1250091,-0.01251697,-0.002861023,0.03817491,1.223
2024_02_11_02_25_02_331,0.4,-0.07277395,34734.0,33911.0,13.28089,-3.568275,0.1359773,6.282868,0.009037039,5.527036,1.22,0.001092378,5.689986e-05,-0.1253891,-0.03111362,-0.003278255,0.05715526,1.223
2024_02_11_02_25_02_368,0.4,-0.07302167,34846.0,34018.0,13.31361,-3.59936,0.1359773,6.282867,0.009036796,5.522383,1.22,0.001069039,0.0001321465,-0.1257878,0.006437301,-0.002562999,0.007673166,1.223
2024_02_11_02_25_02_406,0.4,-0.07322077,34961.0,34128.0,13.34706,-3.631442,0.1359773,6.282866,0.009037356,5.517593,1.22,0.001145208,-5.611505e-05,-0.1261405,-0.009059906,-0.003039837,0.0190679,1.223
2024_02_11_02_25_02_444,0.4,-0.07347578,35074.0,34236.0,13.37948,-3.662835,0.1359774,6.282866,0.009037266,5.512919,1.22,0.001141594,8.393248e-05,-0.1265408,0.007152557,-0.002622604,-0.04206411,1.223
2024_02_11_02_25_02_481,0.4,-0.07367092,35189.0,34346.0,13.41262,-3.695231,0.1359773,6.282865,0.009037531,5.508101,1.22,0.001093286,-6.575965e-06,-0.1269663,0.0191927,-0.0005364418,-0.04966091,1.223
2024_02_11_02_25_02_518,0.4,-0.07392466,35302.0,34453.0,13.44474,-3.726928,0.1359773,6.282864,0.009037365,5.503394,1.22,0.001083868,0.0001307959,-0.1273526,-0.01215935,-0.002801418,0.0001341105,1.223
2024_02_11_02_25_02_552,0.4,-0.07412177,35405.0,34552.0,13.47412,-3.756187,0.1359774,6.282862,0.00903748,5.499054,1.22,0.001111753,3.627879e-05,-0.1277209,0.00166893,-0.002920627,0.01915544,1.223
2024_02_11_02_25_02_589,0.4,-0.07432396,35517.0,34659.0,13.50595,-3.788173,0.1359774,6.282862,0.009037337,5.494319,1.22,0.001141207,9.144572e-05,-0.1280835,0.0180006,-0.0003576278,-0.05360506,1.223
2024_02_11_02_25_02_622,0.4,-0.07452339,35617.0,34754.0,13.5342,-3.816828,0.1359774,6.28286,0.009037407,5.490086,1.22,0.001196205,5.641603e-05,-0.1284059,-0.003933907,-0.002801418,-0.0192197,1.223
2024_02_11_02_25_02_661,0.4,-0.07477093,35733.0,34864.0,13.56659,-3.849972,0.1359773,6.282859,0.009037646,5.485202,1.22,0.001178907,3.768655e-05,-0.1288004,-0.002145767,-0.002264977,-0.003648922,1.223
2024_02_11_02_25_02_698,0.4,-0.07497617,35845.0,34972.0,13.59797,-3.882396,0.1359775,6.282858,0.009037768,5.480432,1.22,0.00125196,1.240076e-05,-0.1291864,0.0180006,-0.001251697,-0.06496906,1.223
2024_02_11_02_25_02_736,0.4,-0.07522681,35961.0,35082.0,13.63003,-3.915853,0.1359775,6.282857,0.009037638,5.475517,1.22,0.001144318,4.800846e-05,-0.1296022,0.0002384186,-0.002622604,0.06869622,1.223
2024_02_11_02_25_02_769,0.4,-0.07542495,36061.0,35177.0,13.65774,-3.945031,0.1359775,6.282857,0.009037791,5.471235,1.22,0.00117093,4.886118e-05,-0.1299493,-0.009536743,-0.002503395,0.02288911,1.223
2024_02_11_02_25_02_806,0.4,-0.07562163,36176.0,35287.0,13.6895,-3.97878,0.1359775,6.282856,0.009037758,5.46629,1.22,0.001155017,6.567864e-05,-0.1303323,-0.01370907,-0.002562999,0.01138914,1.223
2024_02_11_02_25_02_840,0.4,-0.07582697,36277.0,35383.0,13.71693,-4.008213,0.1359776,6.282855,0.009037761,5.461982,1.22,0.001232372,4.704493e-05,-0.1306937,0.003814697,-0.001430511,-0.03455672,1.223
2024_02_11_02_25_02_878,0.4,-0.07607082,36392.0,35493.0,13.74837,-4.042253,0.1359775,6.282854,0.009037947,5.457006,1.22,0.001121479,4.305423e-05,-0.1310871,-0.0002384186,-0.003099441,0.04613585,1.223
2024_02_11_02_25_02_914,0.4,-0.07627303,36505.0,35600.0,13.77881,-4.075545,0.1359776,6.282853,0.00903827,5.452152,1.22,0.001185744,-2.043893e-05,-0.1314659,-0.02491474,-0.003814697,0.01904368,1.223
2024_02_11_02_25_02_948,0.4,-0.07646938,36605.0,35696.0,13.80583,-4.105362,0.1359776,6.282852,0.009038246,5.447809,1.22,0.001188493,2.261489e-05,-0.131803,-0.001549721,-0.002682209,0.0650594,1.223
2024_02_11_02_25_02_986,0.4,-0.07672475,36720.0,35806.0,13.83678,-4.139844,0.1359776,6.282851,0.009038256,5.442793,1.22,0.001167836,7.167523e-05,-0.1321875,-0.01132488,-0.003635883,0.01134723,1.223
2024_02_11_02_25_03_023,0.4,-0.07692405,36833.0,35913.0,13.86674,-4.173565,0.1359775,6.28285,0.009038091,5.437893,1.22,0.001176698,5.640863e-05,-0.1325807,-0.002145767,-0.001013279,0.03055669,1.223
2024_02_11_02_25_03_056,0.4,-0.07712018,36936.0,36011.0,13.89414,-4.204681,0.1359775,6.282849,0.009038022,5.433377,1.22,0.001171882,6.780383e-05,-0.1329534,0.002384186,-0.002324581,0.0421293,1.223
2024_02_11_02_25_03_094,0.4,-0.07737321,37049.0,36118.0,13.92378,-4.238685,0.1359775,6.282848,0.009037916,5.428447,1.22,0.001129487,7.510913e-05,-0.1333383,0.02372265,-0.0009536743,-0.09192339,1.223
2024_02_11_02_25_03_128,0.4,-0.07757858,37152.0,36217.0,13.95088,-4.270058,0.1359775,6.282847,0.0090383,5.423906,1.22,0.001226602,-2.606051e-05,-0.1336996,-0.002980232,-0.003576278,-0.01895055,1.223
2024_02_11_02_25_03_165,0.4,-0.07777527,37265.0,36324.0,13.9802,-4.304339,0.1359776,6.282846,0.009038277,5.418953,1.22,0.001210699,2.278277e-05,-0.1340625,0.02193451,0.001132488,-0.06116833,1.223
2024_02_11_02_25_03_204,0.4,-0.07798402,37377.0,36431.0,14.00935,-4.338765,0.1359776,6.282845,0.00903834,5.413981,1.22,0.001182813,5.217624e-06,-0.1344729,-0.01132488,-0.002920627,0.04583411,1.223
2024_02_11_02_25_03_245,0.4,-0.07826158,37505.0,36552.0,14.04223,-4.378016,0.1359776,6.282844,0.009038387,5.408319,1.22,0.001155026,8.431055e-05,-0.1349206,0.003814697,-0.001847744,-0.03044307,1.223
2024_02_11_02_25_03_278,0.4,-0.07844789,37605.0,36648.0,14.06791,-4.408987,0.1359777,6.282843,0.009038492,5.403858,1.22,0.001121723,4.361976e-05,-0.1352565,-0.01072884,-0.002562999,0.06508827,1.223
2024_02_11_02_25_03_310,0.4,-0.07865,37708.0,36746.0,14.09422,-4.441012,0.1359776,6.282842,0.009038366,5.399251,1.22,0.001103281,0.0001498576,-0.1356092,-0.009179115,-0.002801418,0.05725957,1.223
2024_02_11_02_25_03_348,0.4,-0.07890232,37821.0,36853.0,14.12268,-4.476004,0.1359777,6.282841,0.009038736,5.394228,1.22,0.001182985,-2.886645e-05,-0.1359697,0.02408027,-0.001311302,-0.03034808,1.223
2024_02_11_02_25_03_386,0.4,-0.07910143,37936.0,36963.0,14.15173,-4.512089,0.1359777,6.28284,0.009038962,5.389057,1.22,0.001224929,6.542189e-05,-0.1363705,-0.015378,-0.002801418,0.02695434,1.223
2024_02_11_02_25_03_423,0.4,-0.07934843,38049.0,37070.0,14.17983,-4.547367,0.1359778,6.282839,0.009039006,5.384007,1.22,0.001182045,2.209458e-05,-0.1367294,-0.0007152557,-0.002324581,-0.01904555,1.223
2024_02_11_02_25_03_460,0.4,-0.0795456,38164.0,37180.0,14.2085,-4.583746,0.1359778,6.282838,0.009038753,5.378805,1.22,0.001234377,8.092237e-05,-0.1371549,0.01895428,-0.000655651,-0.01155864,1.223
2024_02_11_02_25_03_494,0.4,-0.07975169,38265.0,37276.0,14.23325,-4.615457,0.1359778,6.282838,0.009039005,5.374272,1.22,0.001240171,3.212193e-05,-0.1375013,-0.01204014,-0.001728535,0.01155399,1.223
2024_02_11_02_25_03_532,0.4,-0.0799996,38380.0,37386.0,14.26156,-4.652112,0.1359777,6.282836,0.009038671,5.369036,1.22,0.001171265,0.0001135182,-0.1378998,-0.00834465,-0.002086163,-0.007899478,1.223
2024_02_11_02_25_03_566,0.4,-0.08018086,38481.0,37481.0,14.286,-4.684064,0.1359777,6.282835,0.009038988,5.36448,1.22,0.001295894,1.93271e-05,-0.13822,-0.008106232,-0.00244379,-0.02671033,1.223
2024_02_11_02_25_03_602,0.4,-0.08039933,38593.0,37588.0,14.31322,-4.720021,0.1359778,6.282835,0.00903904,5.359362,1.22,0.001253413,3.107621e-05,-0.1386158,-0.01358986,-0.002801418,0.007512047,1.223
2024_02_11_02_25_03_640,0.4,-0.08065238,38709.0,37698.0,14.34099,-4.757093,0.1359777,6.282834,0.009039189,5.354089,1.22,0.001241761,7.784399e-05,-0.1390276,0.003099441,-0.002801418,-0.003607943,1.223
2024_02_11_02_25_03_677,0.4,-0.08084723,38821.0,37805.0,14.36783,-4.793331,0.1359779,6.282833,0.009039402,5.34894,1.22,0.001216143,-2.001102e-05,-0.1394195,-0.01633167,-0.003874302,0.08031166,1.223
2024_02_11_02_25_03_715,0.4,-0.08110095,38937.0,37914.0,14.3952,-4.83069,0.1359778,6.282832,0.009039157,5.343635,1.22,0.001232989,6.180412e-05,-0.1398382,-0.02431869,-0.004291534,0.0611972,1.223
2024_02_11_02_25_03_752,0.4,-0.08129854,39050.0,38021.0,14.42166,-4.867202,0.1359778,6.282831,0.009039193,5.338453,1.22,0.001218619,0.0001078859,-0.140186,0.01335144,-0.00166893,-0.04192534,1.223
2024_02_11_02_25_03_785,0.4,-0.08149599,39153.0,38120.0,14.44581,-4.900876,0.1359779,6.28283,0.009039359,5.333681,1.22,0.001263527,4.023664e-05,-0.1405133,-0.01382828,-0.002622604,-0.01903344,1.223
2024_02_11_02_25_03_819,0.4,-0.08169627,39257.0,38218.0,14.4698,-4.934663,0.1359779,6.282829,0.009039532,5.328899,1.22,0.001238048,1.791939e-05,-0.1408685,0.01001358,-0.002145767,0.00390131,1.223
2024_02_11_02_25_03_857,0.4,-0.08194558,39369.0,38325.0,14.49572,-4.971562,0.1359779,6.282828,0.009039483,5.323682,1.22,0.00122476,3.878948e-05,-0.1412658,-0.01227856,-0.003397465,0.04569254,1.223
2024_02_11_02_25_03_894,0.4,-0.08214991,39482.0,38432.0,14.52144,-5.008595,0.1359779,6.282827,0.009039448,5.318449,1.22,0.001178561,7.046262e-05,-0.14167,-0.02932548,-0.003933907,0.09922869,1.223
2024_02_11_02_25_03_931,0.4,-0.08239212,39597.0,38541.0,14.54766,-5.046766,0.1359779,6.282826,0.009039472,5.313058,1.22,0.001243417,1.692351e-05,-0.142046,0.008583069,-0.002145767,-0.04593003,1.223
2024_02_11_02_25_03_969,0.4,-0.08259381,39710.0,38648.0,14.57299,-5.08407,0.1359779,6.282825,0.009038946,5.307792,1.22,0.001180584,9.473993e-05,-0.1424707,0.006794929,-0.002384186,0.06858632,1.223
2024_02_11_02_25_04_006,0.4,-0.08284957,39826.0,38758.0,14.5988,-5.122519,0.1359778,6.282824,0.009039514,5.30237,1.22,0.001305997,-7.647328e-06,-0.1428374,-0.01597404,-0.006973743,0.07263198,1.223
2024_02_11_02_25_04_044,0.4,-0.08304575,39938.0,38865.0,14.62373,-5.16009,0.1359779,6.282823,0.009039431,5.29708,1.22,0.001232147,5.316362e-05,-0.1432358,0.002980232,-0.002324581,2.607703e-05,1.223
2024_02_11_02_25_04_082,0.4,-0.08329576,40054.0,38975.0,14.64912,-5.198813,0.1359779,6.282822,0.009039507,5.291629,1.22,0.001335366,6.731592e-05,-0.1436015,-0.006079673,-0.002861023,-0.0421172,1.223
2024_02_11_02_25_04_119,0.4,-0.08349495,40166.0,39081.0,14.67364,-5.236649,0.135978,6.282821,0.009039616,5.286308,1.22,0.001281742,7.382206e-05,-0.1439755,-0.03612041,-0.003397465,0.09946804,1.223
2024_02_11_02_25_04_156,0.4,-0.08374532,40282.0,39191.0,14.69861,-5.275643,0.135978,6.28282,0.009039604,5.280826,1.22,0.001198985,7.56518e-05,-0.1444104,-0.01525879,-0.002503395,0.01132022,1.223
2024_02_11_02_25_04_194,0.4,-0.08394376,40395.0,39298.0,14.72272,-5.31374,0.135978,6.282819,0.009039897,5.275472,1.22,0.001312,-2.822782e-05,-0.1447782,0.01657009,-0.001490116,-0.07628463,1.223
2024_02_11_02_25_04_231,0.4,-0.08419516,40510.0,39408.0,14.74727,-5.353001,0.135978,6.282818,0.009039895,5.269964,1.22,0.001257275,4.410281e-05,-0.1452078,0.01347065,-0.001966953,-0.003762543,1.223
2024_02_11_02_25_04_268,0.4,-0.08439768,40623.0,39514.0,14.77095,-5.391357,0.1359781,6.282817,0.009040176,5.264587,1.22,0.001316369,4.409453e-05,-0.1455467,0.007748603,-0.000655651,-0.03037322,1.223
2024_02_11_02_25_04_307,0.4,-0.08464663,40739.0,39624.0,14.79507,-5.430882,0.1359781,6.282816,0.009040127,5.259046,1.22,0.001306546,4.865626e-05,-0.145945,0.0002384186,-0.003039837,-0.01147948,1.223
2024_02_11_02_25_04_343,0.4,-0.08484871,40851.0,39731.0,14.81834,-5.469493,0.1359781,6.282815,0.009040153,5.253635,1.22,0.001286209,8.914543e-05,-0.1463609,-0.02276897,-0.002503395,0.05710125,1.223
2024_02_11_02_25_04_376,0.4,-0.08504463,40952.0,39826.0,14.83891,-5.504035,0.1359781,6.282815,0.009040118,5.248795,1.22,0.001286319,6.844939e-05,-0.1466939,-0.001072884,-0.002741813,0.01138728,1.223
2024_02_11_02_25_04_410,0.4,-0.0852451,41055.0,39924.0,14.85993,-5.539727,0.1359782,6.282813,0.009040231,5.2438,1.22,0.001322456,-6.046642e-06,-0.1470294,0.01132488,-0.0008940696,-0.05352497,1.223
2024_02_11_02_25_04_448,0.4,-0.08549849,41168.0,40031.0,14.88261,-5.578685,0.1359782,6.282812,0.009040358,5.238354,1.22,0.001292989,3.582114e-05,-0.1474581,-0.00846386,-0.001788139,0.01150276,1.223
2024_02_11_02_25_04_485,0.4,-0.08569053,41284.0,40140.0,14.90567,-5.618826,0.1359781,6.282812,0.00904025,5.232746,1.22,0.001294723,0.0001102577,-0.1478065,-0.01847744,-0.001698732,0.06496068,1.223
2024_02_11_02_25_04_522,0.4,-0.08594912,41396.0,40247.0,14.92791,-5.658033,0.1359782,6.28281,0.009040339,5.227267,1.22,0.001282527,6.266506e-05,-0.1482479,-0.001788139,-0.002861023,-0.007660128,1.223
2024_02_11_02_25_04_561,0.4,-0.08614728,41512.0,40357.0,14.95052,-5.698425,0.1359781,6.282809,0.009040171,5.221624,1.22,0.001312397,8.335366e-05,-0.1486291,-0.004649162,-0.002086163,-0.03835093,1.223
2024_02_11_02_25_04_598,0.4,-0.08639708,41625.0,40464.0,14.97232,-5.737877,0.1359782,6.282808,0.009040077,5.216113,1.22,0.001251037,8.661281e-05,-0.1490189,0.006437301,-0.002592802,-0.03847294,1.223
2024_02_11_02_25_04_635,0.4,-0.08659311,41741.0,40573.0,14.99449,-5.778519,0.1359783,6.282807,0.00904046,5.210443,1.22,0.001300575,-2.448328e-05,-0.1494243,-0.01251697,-0.004470348,0.0419598,1.223
2024_02_11_02_25_04_669,0.4,-0.08679467,41841.0,40668.0,15.01355,-5.813914,0.1359782,6.282806,0.009040434,5.205508,1.22,0.00138024,8.02871e-06,-0.1497517,-0.004053116,-0.001996756,-0.0230018,1.223
2024_02_11_02_25_04_706,0.4,-0.08704418,41954.0,40775.0,15.03471,-5.853712,0.1359782,6.282805,0.009040431,5.199958,1.22,0.001255282,6.607016e-05,-0.1501669,-0.009059906,-0.004321337,0.04214327,1.223
2024_02_11_02_25_04_743,0.4,-0.08724548,42070.0,40884.0,15.05621,-5.894705,0.1359783,6.282804,0.009040645,5.194242,1.22,0.001331798,1.877673e-05,-0.150517,0.01943111,-0.00217557,-0.01915824,1.223
2024_02_11_02_25_04_776,0.4,-0.08744626,42170.0,40980.0,15.0747,-5.930402,0.1359782,6.282804,0.009040545,5.189264,1.22,0.001282381,9.533957e-05,-0.1508816,0.01263618,-0.001013279,-0.01138169,1.223
2024_02_11_02_25_04_815,0.4,-0.08769386,42286.0,41089.0,15.09575,-5.971621,0.1359783,6.282803,0.00904086,5.183524,1.22,0.001425119,7.209386e-05,-0.1512563,0.01394749,-0.001490116,-0.04963949,1.223
2024_02_11_02_25_04_848,0.4,-0.08789728,42387.0,41184.0,15.11385,-6.007514,0.1359783,6.282802,0.009041182,5.178529,1.22,0.001406537,-1.077629e-05,-0.1516239,0.01394749,-0.001639128,-0.02641883,1.223
2024_02_11_02_25_04_885,0.4,-0.08809531,42502.0,41294.0,15.13446,-6.048954,0.1359783,6.282801,0.009040797,5.172763,1.22,0.0014061,0.0001083696,-0.1520247,-0.02777576,-0.002533197,0.06470457,1.223
2024_02_11_02_25_04_922,0.4,-0.08834811,42615.0,41400.0,15.1543,-6.089419,0.1359782,6.2828,0.009040712,5.167132,1.22,0.001344184,9.666172e-05,-0.1524308,0.002264977,-0.0009536743,-0.07657614,1.223
2024_02_11_02_25_04_956,0.4,-0.08854657,42716.0,41495.0,15.17181,-6.125604,0.1359783,6.282799,0.009040616,5.162095,1.22,0.00142957,0.0001269301,-0.1527486,-0.001311302,-0.003576278,-0.01146737,1.223
2024_02_11_02_25_04_994,0.4,-0.08874413,42832.0,41605.0,15.19174,-6.16738,0.1359782,6.282798,0.009040673,5.156283,1.22,0.001417541,9.631407e-05,-0.1531627,0.005722045,-0.001251697,-0.01516379,1.223
2024_02_11_02_25_05_031,0.4,-0.08899157,42944.0,41712.0,15.2109,-6.208165,0.1359784,6.282797,0.009041086,5.150613,1.22,0.00135362,-5.405883e-06,-0.1535314,-0.002741813,-0.004410744,0.01905393,1.223
2024_02_11_02_25_05_069,0.4,-0.08919448,43060.0,41821.0,15.23035,-6.250163,0.1359784,6.282796,0.009041023,5.144776,1.22,0.001343817,9.586406e-05,-0.1539226,-0.0004768371,-0.002741813,0.06125588,1.223
2024_02_11_02_25_05_102,0.4,-0.08939821,43161.0,41916.0,15.24704,-6.286727,0.1359784,6.282795,0.009041305,5.139689,1.22,0.001425096,4.05337e-05,-0.1542517,0.006914138,-0.001937151,-0.03067218,1.223
2024_02_11_02_25_05_139,0.4,-0.08964443,43276.0,42025.0,15.26602,-6.328934,0.1359785,6.282794,0.009041398,5.133818,1.22,0.001444608,6.346575e-05,-0.1546366,-0.01728535,-0.004708767,0.03069918,1.223
2024_02_11_02_25_05_173,0.4,-0.08984572,43377.0,42120.0,15.28231,-6.365677,0.1359784,6.282794,0.009041118,5.128709,1.22,0.001398931,0.0001349279,-0.1550048,0.01525879,-0.002533197,-0.03840216,1.223
2024_02_11_02_25_05_210,0.4,-0.09004443,43493.0,42230.0,15.30082,-6.40809,0.1359785,6.282792,0.009041442,5.122812,1.22,0.001381806,3.262996e-05,-0.1554139,0.002861023,-0.00244379,-0.0228351,1.223
2024_02_11_02_25_05_244,0.4,-0.0902461,43593.0,42325.0,15.3167,-6.445008,0.1359784,6.282791,0.009041424,5.117682,1.22,0.001421111,6.403689e-05,-0.1557752,-0.005483627,-0.002115965,-0.01161266,1.223
2024_02_11_02_25_05_281,0.4,-0.09049614,43706.0,42431.0,15.33427,-6.486496,0.1359784,6.282791,0.00904147,5.111915,1.22,0.00137967,0.0001046508,-0.1561365,-0.004172325,-0.002592802,0.02292916,1.223
2024_02_11_02_25_05_315,0.4,-0.09069455,43810.0,42529.0,15.35021,-6.52471,0.1359785,6.28279,0.009041486,5.106602,1.22,0.001397663,8.161712e-05,-0.1565052,0.003814697,-0.002086163,-0.02305675,1.223
2024_02_11_02_25_05_352,0.4,-0.09089865,43923.0,42636.0,15.36732,-6.56639,0.1359785,6.282789,0.009041384,5.100804,1.22,0.001345139,9.400477e-05,-0.1569182,-0.009417534,-0.002592802,0.03437418,1.223
2024_02_11_02_25_05_389,0.4,-0.09115074,44039.0,42745.0,15.38465,-6.609299,0.1359785,6.282787,0.009041555,5.094839,1.22,0.001429662,7.302997e-05,-0.1573223,0.008225441,-0.003635883,-0.007576309,1.223
2024_02_11_02_25_05_427,0.4,-0.09134604,44152.0,42852.0,15.40126,-6.651177,0.1359786,6.282787,0.009041547,5.089019,1.22,0.00142032,4.612754e-05,-0.1576639,-0.006794929,-0.000655651,-0.01948606,1.223
2024_02_11_02_25_05_465,0.4,-0.09159524,44268.0,42961.0,15.41808,-6.694288,0.1359786,6.282786,0.009041687,5.083027,1.22,0.001418163,9.614887e-05,-0.1580566,-0.0003576278,-0.001698732,0.00405591,1.223
2024_02_11_02_25_05_502,0.4,-0.09179807,44380.0,43067.0,15.4342,-6.736358,0.1359786,6.282785,0.009041691,5.077173,1.22,0.001402173,7.640503e-05,-0.1584652,0.008225441,-0.0001788139,-0.01151487,1.223
2024_02_11_02_25_05_539,0.4,-0.0920408,44496.0,43177.0,15.4505,-6.779662,0.1359785,6.282784,0.009041715,5.071144,1.22,0.001451582,0.0001157352,-0.1588651,-0.02586841,-0.004768372,0.02289656,1.223
2024_02_11_02_25_05_572,0.4,-0.09224216,44597.0,43272.0,15.46445,-6.817347,0.1359786,6.282783,0.009041963,5.065898,1.22,0.001426347,3.081716e-05,-0.1591914,0.01215935,-0.002115965,-0.05338899,1.223
2024_02_11_02_25_05_610,0.4,-0.0924465,44713.0,43381.0,15.48026,-6.86083,0.1359786,6.282782,0.009041926,5.05985,1.22,0.001363956,9.829398e-05,-0.1596267,0.004291534,-0.001519918,0.05363021,1.223
2024_02_11_02_25_05_648,0.4,-0.09270333,44826.0,43488.0,15.4954,-6.903262,0.1359787,6.282781,0.009041864,5.053945,1.22,0.001485189,8.020694e-05,-0.16001,-0.000834465,-0.003844499,0.02650916,1.223
2024_02_11_02_25_05_685,0.4,-0.09289549,44942.0,43597.0,15.51069,-6.94693,0.1359787,6.28278,0.009041909,5.047862,1.22,0.00147438,7.782278e-05,-0.1603846,-0.002145767,-0.003308058,0.007498078,1.223
2024_02_11_02_25_05_724,0.4,-0.09314295,45055.0,43703.0,15.52532,-6.989538,0.1359787,6.282779,0.009042053,5.041924,1.22,0.001517046,9.613856e-05,-0.1607342,0.004649162,-0.003993511,-0.01157261,1.223
2024_02_11_02_25_05_760,0.4,-0.0933411,45167.0,43810.0,15.53969,-7.032231,0.1359787,6.282778,0.009042542,5.035973,1.22,0.001531322,2.762868e-05,-0.1611439,0.00166893,-0.00205636,-0.02277177,1.223
2024_02_11_02_25_05_794,0.4,-0.09354369,45271.0,43907.0,15.55267,-7.071534,0.1359788,6.282777,0.009042824,5.030488,1.22,0.001430742,2.740065e-05,-0.1614847,0.004291534,0.0002682209,-0.01901481,1.223
2024_02_11_02_25_05_831,0.4,-0.09379054,45384.0,44014.0,15.56656,-7.114383,0.1359788,6.282776,0.009042874,5.024498,1.22,0.001409602,3.655443e-05,-0.1618525,-0.005602836,-0.00283122,0.04981458,1.223
2024_02_11_02_25_05_868,0.4,-0.09399665,45500.0,44123.0,15.58055,-7.158473,0.1359788,6.282775,0.009042708,5.018333,1.22,0.001362847,2.604091e-05,-0.1623117,-0.01239777,-0.003516674,0.04576053,1.223
2024_02_11_02_25_05_906,0.4,-0.09425233,45613.0,44229.0,15.59392,-7.201486,0.1359788,6.282774,0.009042623,5.012312,1.22,0.001440326,2.905792e-05,-0.162677,0.007033348,-0.004142523,0.007607042,1.223
2024_02_11_02_25_05_940,0.4,-0.09444409,45717.0,44327.0,15.60597,-7.241082,0.1359788,6.282773,0.009042488,5.006771,1.22,0.001436444,4.451443e-05,-0.1630349,-0.008225441,-0.002562999,0.04965812,1.223
2024_02_11_02_25_05_976,0.4,-0.09464686,45829.0,44433.0,15.61883,-7.284248,0.1359788,6.282772,0.009042735,5.000732,1.22,0.001484405,2.465331e-05,-0.1634491,-0.02193451,-0.00411272,0.05740393,1.223
2024_02_11_02_25_06_010,0.4,-0.09484543,45930.0,44528.0,15.63009,-7.32281,0.1359788,6.282771,0.009042748,4.995333,1.22,0.001437907,1.493569e-05,-0.1637926,0.01204014,-0.002622604,-0.01142453,1.223
2024_02_11_02_25_06_048,0.4,-0.09509487,46046.0,44637.0,15.64278,-7.36729,0.1359788,6.28277,0.009042447,4.989097,1.22,0.001410876,0.00012849,-0.1641715,0.00333786,-0.002205372,0.03816839,1.223
2024_02_11_02_25_06_085,0.4,-0.09529219,46159.0,44744.0,15.65488,-7.410674,0.1359788,6.282769,0.009042492,4.98301,1.22,0.001409123,9.595472e-05,-0.1645873,0.02110004,0.001132488,-0.02313033,1.223
2024_02_11_02_25_06_122,0.4,-0.09554397,46275.0,44853.0,15.66703,-7.455307,0.1359788,6.282768,0.009042813,4.976746,1.22,0.001476636,4.496808e-05,-0.1649781,0.005722045,-0.002771616,-0.03826618,1.223
2024_02_11_02_25_06_160,0.4,-0.09574154,46388.0,44959.0,15.67859,-7.498837,0.1359788,6.282767,0.009042691,4.970635,1.22,0.00142659,0.0001209743,-0.1653389,0.01037121,0.0003874302,-0.03832765,1.223
2024_02_11_02_25_06_198,0.4,-0.09599805,46504.0,45068.0,15.69018,-7.543615,0.1359788,6.282766,0.009042928,4.964341,1.22,0.001457052,9.194398e-05,-0.165725,-0.01609325,-0.002413988,0.05741417,1.223
2024_02_11_02_25_06_235,0.4,-0.09619426,46617.0,45175.0,15.70119,-7.587281,0.1359789,6.282765,0.009042965,4.9582,1.22,0.001463014,8.270003e-05,-0.1661275,-0.01239777,-0.00217557,0.0268463,1.223
2024_02_11_02_25_06_268,0.4,-0.09639464,46721.0,45272.0,15.71108,-7.627467,0.1359789,6.282764,0.009043038,4.952543,1.22,0.001475916,6.071901e-05,-0.1664866,-0.01323223,-0.002548098,0.02297666,1.223
2024_02_11_02_25_06_305,0.4,-0.09664511,46834.0,45378.0,15.72158,-7.671261,0.1359788,6.282763,0.009043116,4.946379,1.22,0.00149551,8.172131e-05,-0.1668866,-0.01513958,-0.003814697,0.03078114,1.223
2024_02_11_02_25_06_339,0.4,-0.09684707,46938.0,45476.0,15.73099,-7.711557,0.1359789,6.282762,0.009043265,4.940701,1.22,0.001549415,9.819995e-05,-0.1672271,0.02098083,-0.001594424,-0.01515169,1.223
2024_02_11_02_25_06_377,0.4,-0.09704845,47051.0,45582.0,15.74097,-7.755468,0.1359789,6.282761,0.00904345,4.934514,1.22,0.001553798,6.81689e-05,-0.1676168,0.0140667,-0.002250075,-0.01510791,1.223
2024_02_11_02_25_06_415,0.4,-0.09729464,47167.0,45691.0,15.75093,-7.800626,0.1359789,6.282761,0.009043372,4.928138,1.22,0.001466137,0.0001324301,-0.1680202,-0.0004768371,-0.0003874302,-0.003790483,1.223
2024_02_11_02_25_06_452,0.4,-0.09749356,47280.0,45798.0,15.76035,-7.844662,0.135979,6.28276,0.009043335,4.921914,1.22,0.001438651,0.0001445351,-0.1684031,-0.02419948,-0.002771616,0.04572421,1.223
2024_02_11_02_25_06_490,0.4,-0.09774309,47396.0,45907.0,15.76974,-7.889941,0.1359791,6.282758,0.009043646,4.915516,1.22,0.00156816,9.049888e-05,-0.1687744,-0.001072884,-0.001862645,-0.0230493,1.223
2024_02_11_02_25_06_522,0.4,-0.09794926,47497.0,46001.0,15.77766,-7.92931,0.135979,6.282757,0.009043663,4.909949,1.22,0.001638695,8.914702e-05,-0.1691433,-0.006914138,-0.004038215,0.0574002,1.223
2024_02_11_02_25_06_560,0.4,-0.09814547,47610.0,46108.0,15.78627,-7.973504,0.1359789,6.282757,0.009043433,4.903691,1.22,0.001514938,0.0001734828,-0.1695294,-0.004529953,-0.002086163,0.06515346,1.223
2024_02_11_02_25_06_594,0.4,-0.09834322,47714.0,46205.0,15.79395,-8.01416,0.135979,6.282756,0.009043531,4.897922,1.22,0.00150677,0.0001151857,-0.1698757,0.015378,0.0005066395,-0.07274281,1.223
2024_02_11_02_25_06_627,0.4,-0.09854265,47814.0,46300.0,15.80117,-8.053663,0.1359791,6.282755,0.009043781,4.892304,1.22,0.001458307,5.330519e-05,-0.1702076,-0.004529953,-0.001460314,0.03059022,1.223
2024_02_11_02_25_06_664,0.4,-0.09879838,47930.0,46409.0,15.80921,-8.099195,0.1359792,6.282754,0.009044169,4.885824,1.22,0.001527739,7.090135e-05,-0.1705943,0.002145767,-0.002220273,-0.003763474,1.223
2024_02_11_02_25_06_702,0.4,-0.09902459,48043.0,46515.0,15.81676,-8.14358,0.1359792,6.282753,0.009044226,4.879505,1.22,0.001447776,8.99068e-05,-0.1710022,-0.006437301,-0.001728535,-0.007466413,1.223
2024_02_11_02_25_06_735,0.4,-0.09922088,48144.0,46610.0,15.82325,-8.1832,0.1359792,6.282752,0.009044228,4.873854,1.22,0.001508278,7.550062e-05,-0.1713504,-0.01323223,-0.003159046,-0.01925882,1.223
2024_02_11_02_25_06_772,0.4,-0.09941896,48260.0,46719.0,15.83045,-8.22887,0.1359792,6.282751,0.009043971,4.867329,1.22,0.001473762,0.0001002279,-0.1717711,0.00655651,-0.00217557,0.01517497,1.223
2024_02_11_02_25_06_805,0.4,-0.09962155,48361.0,46813.0,15.83647,-8.268568,0.1359792,6.28275,0.009044124,4.861651,1.22,0.001432562,7.950707e-05,-0.1720992,-0.005483627,-0.0009983778,-0.03835652,1.223
2024_02_11_02_25_06_842,0.4,-0.09987026,48477.0,46922.0,15.84311,-8.314321,0.1359793,6.282749,0.009044375,4.855108,1.22,0.001530512,4.108083e-05,-0.1724747,-0.008225441,-0.002846122,0.04590768,1.223
2024_02_11_02_25_06_876,0.4,-0.1000687,48578.0,47017.0,15.84863,-8.354084,0.1359793,6.282748,0.009044474,4.849411,1.22,0.001582623,5.46818e-05,-0.1728039,-0.004887581,-0.003427267,0.01517776,1.223
2024_02_11_02_25_06_914,0.4,-0.1002663,48694.0,47126.0,15.85471,-8.399917,0.1359793,6.282747,0.009044416,4.842837,1.22,0.001591991,9.788861e-05,-0.1732049,-0.00500679,-0.001400709,-0.03065541,1.223
2024_02_11_02_25_06_951,0.4,-0.1005132,48807.0,47232.0,15.86033,-8.444578,0.1359794,6.282746,0.009044482,4.83642,1.22,0.001581119,9.293583e-05,-0.1735897,0.01144409,-0.002577901,-0.03447663,1.223
2024_02_11_02_25_06_989,0.4,-0.1007202,48920.0,47338.0,15.86567,-8.489272,0.1359794,6.282745,0.009044634,4.829992,1.22,0.001581078,9.167451e-05,-0.173989,-0.009536743,-0.004947185,0.003722496,1.223
2024_02_11_02_25_07_022,0.4,-0.100916,49024.0,47435.0,15.87032,-8.530365,0.1359795,6.282744,0.009045013,4.824077,1.22,0.001640442,2.690589e-05,-0.1743179,-0.0141859,-0.004902482,0.05713012,1.223
2024_02_11_02_25_07_055,0.4,-0.1011247,49125.0,47530.0,15.87461,-8.570282,0.1359795,6.282744,0.009044819,4.818322,1.22,0.001589363,0.000102115,-0.1746802,-0.01013279,-0.002667308,0.01898967,1.223
2024_02_11_02_25_07_093,0.4,-0.1013682,49241.0,47639.0,15.87925,-8.616263,0.1359794,6.282743,0.009044709,4.81168,1.22,0.001569037,9.491175e-05,-0.1750916,-0.009417534,-0.002942979,0.02657436,1.223
2024_02_11_02_25_07_130,0.4,-0.1015697,49354.0,47745.0,15.88348,-8.661079,0.1359794,6.282742,0.009044709,4.805196,1.22,0.001637846,0.0001097801,-0.1754736,0.02038479,-0.0001490116,-0.03826618,1.223
2024_02_11_02_25_07_164,0.4,-0.1017676,49455.0,47840.0,15.88701,-8.70106,0.1359794,6.282741,0.009044906,4.799402,1.22,0.001595617,6.247454e-05,-0.1758399,0.01084804,-0.001303851,-0.04975311,1.223
2024_02_11_02_25_07_202,0.4,-0.1020215,49571.0,47948.0,15.89078,-8.747133,0.1359794,6.28274,0.009045069,4.792712,1.22,0.001548429,4.432604e-05,-0.1762057,-0.009059906,-0.003278255,0.03828108,1.223
2024_02_11_02_25_07_234,0.4,-0.1022181,49672.0,48043.0,15.89381,-8.787158,0.1359794,6.282739,0.009045159,4.786889,1.22,0.001568948,5.825748e-05,-0.1765557,-0.0007152557,-0.001199543,0.03439747,1.223
2024_02_11_02_25_07_272,0.4,-0.1024228,49788.0,48152.0,15.89701,-8.833258,0.1359794,6.282738,0.009045117,4.780168,1.22,0.001544188,8.519183e-05,-0.1769625,-0.02515316,-0.004246831,0.1108181,1.223
2024_02_11_02_25_07_310,0.4,-0.1026671,49902.0,48258.0,15.89983,-8.878174,0.1359795,6.282737,0.009045055,4.773604,1.22,0.001479852,9.816566e-05,-0.1773456,-0.005841255,-0.003088265,0.003775581,1.223
2024_02_11_02_25_07_344,0.4,-0.1028651,50005.0,48355.0,15.90215,-8.919472,0.1359795,6.282736,0.009045232,4.76757,1.22,0.001562857,5.362432e-05,-0.177709,-0.003576278,-0.0009723007,0.03075041,1.223
2024_02_11_02_25_07_380,0.4,-0.1030752,50119.0,48461.0,15.9044,-8.96442,0.1359794,6.282735,0.009045192,4.760988,1.22,0.001586211,5.391151e-05,-0.1781257,0.01466274,-0.001486391,-0.01518056,1.223
2024_02_11_02_25_07_414,0.4,-0.103267,50220.0,48555.0,15.90616,-9.004519,0.1359795,6.282734,0.009045154,4.755103,1.22,0.001619744,6.121547e-05,-0.1784233,-0.01168251,-0.00308454,0.02669915,1.223
2024_02_11_02_25_07_447,0.4,-0.1034663,50324.0,48653.0,15.90772,-9.045839,0.1359794,6.282733,0.009045038,4.749027,1.22,0.001580868,0.000165525,-0.1788204,-0.000834465,-0.001396984,0.01524202,1.223
2024_02_11_02_25_07_486,0.4,-0.1037159,50437.0,48759.0,15.90913,-9.090816,0.1359795,6.282732,0.009045162,4.742399,1.22,0.001580855,0.000134724,-0.179163,-0.009179115,-0.003568828,-0.007621012,1.223
2024_02_11_02_25_07_523,0.4,-0.1039187,50553.0,48868.0,15.91027,-9.137018,0.1359795,6.282731,0.009045425,4.735589,1.22,0.001646863,5.19175e-05,-0.1795976,-0.01978874,-0.00365451,0.01525693,1.223
2024_02_11_02_25_07_555,0.4,-0.10412,50654.0,48962.0,15.91101,-9.177149,0.1359795,6.282731,0.009045434,4.729659,1.22,0.001653899,7.232551e-05,-0.1799406,-0.005841255,-0.0004768371,7.543713e-05,1.223
2024_02_11_02_25_07_594,0.4,-0.1043692,50770.0,49071.0,15.91156,-9.223372,0.1359795,6.28273,0.009045394,4.722816,1.22,0.001604871,0.0001443399,-0.1803622,0.005125999,-0.001475215,-0.01146272,1.223
2024_02_11_02_25_07_631,0.4,-0.1045751,50883.0,49177.0,15.91179,-9.268356,0.1359795,6.282729,0.009045407,4.716138,1.22,0.00163596,0.0001307685,-0.1807185,0.001430511,-0.001758337,0.003857538,1.223
2024_02_11_02_25_07_664,0.4,-0.1047682,50984.0,49271.0,15.91174,-9.308482,0.1359796,6.282728,0.009045727,4.710165,1.22,0.001678684,6.977483e-05,-0.1810612,0.004172325,-0.00224635,0.0001005828,1.223
2024_02_11_02_25_07_702,0.4,-0.1050219,51100.0,49380.0,15.91139,-9.354697,0.1359797,6.282727,0.009045986,4.703275,1.22,0.001585857,0.0001015247,-0.1814582,-0.01645088,-0.003062188,0.02660136,1.223
2024_02_11_02_25_07_735,0.4,-0.105221,51201.0,49474.0,15.91082,-9.394813,0.1359797,6.282726,0.00904588,4.697278,1.22,0.001554893,0.0001444377,-0.1818121,-0.01108646,-0.002715736,0.03814418,1.223
2024_02_11_02_25_07_769,0.4,-0.1054194,51305.0,49572.0,15.90999,-9.436148,0.1359798,6.282725,0.009046089,4.69109,1.22,0.001568745,0.0001035427,-0.1821664,-0.02360344,-0.003963709,0.03416929,1.223
2024_02_11_02_25_07_806,0.4,-0.1056202,51418.0,49677.0,15.90879,-9.481116,0.1359797,6.282724,0.009045949,4.684339,1.22,0.001656309,0.0001394243,-0.1825365,0.001192093,-0.001505017,-0.0001052394,1.223
2024_02_11_02_25_07_839,0.4,-0.1058176,51519.0,49772.0,15.90746,-9.521221,0.1359798,6.282723,0.009046221,4.67831,1.22,0.001690957,0.0001079781,-0.1828489,-0.001907349,-0.003673136,-0.004016794,1.223
2024_02_11_02_25_07_876,0.4,-0.1060685,51635.0,49880.0,15.90564,-9.567382,0.1359797,6.282722,0.009046381,4.671357,1.22,0.001642241,0.0001104298,-0.1832917,-0.01251697,-0.002741813,0.02695806,1.223
2024_02_11_02_25_07_914,0.4,-0.1062653,51749.0,49986.0,15.90355,-9.612318,0.1359798,6.282721,0.009046493,4.66457,1.22,0.001684265,9.03926e-05,-0.1836733,-0.006318092,-0.0032112,0.05376711,1.223
2024_02_11_02_25_07_947,0.4,-0.1064651,51853.0,50084.0,15.90136,-9.653602,0.1359798,6.28272,0.009046359,4.65832,1.22,0.001590475,0.0001444878,-0.1840155,0.001788139,-0.000372529,-0.007745809,1.223
2024_02_11_02_25_07_984,0.4,-0.1067168,51966.0,50189.0,15.89869,-9.698503,0.1359798,6.282719,0.009046418,4.651503,1.22,0.001643233,0.0001355283,-0.1843977,-0.02551079,-0.005245208,0.03421307,1.223
2024_02_11_02_25_08_019,0.4,-0.1069164,52070.0,50287.0,15.89596,-9.739744,0.1359798,6.282718,0.009046579,4.645234,1.22,0.001573337,0.0001469993,-0.1847799,-0.00989437,-0.00140816,0.03448594,1.223
2024_02_11_02_25_08_055,0.4,-0.1071208,52183.0,50392.0,15.8927,-9.784606,0.1359799,6.282717,0.009046837,4.638386,1.22,0.00166179,0.0001334742,-0.1851142,0.01132488,-0.002607703,0.01554005,1.223
2024_02_11_02_25_08_092,0.4,-0.1073679,52296.0,50498.0,15.88914,-9.829439,0.13598,6.282716,0.009046932,4.631526,1.22,0.001563121,7.505947e-05,-0.1855172,0.01478195,-0.0003576278,-0.0344133,1.223
2024_02_11_02_25_08_126,0.4,-0.1075707,52400.0,50595.0,15.88559,-9.870616,0.13598,6.282715,0.009047029,4.625205,1.22,0.001608671,7.210191e-05,-0.1859068,-0.006437301,-0.004693866,0.01152884,1.223
2024_02_11_02_25_08_164,0.4,-0.1077678,52514.0,50701.0,15.88142,-9.915399,0.13598,6.282714,0.009046892,4.618321,1.22,0.001709163,8.554712e-05,-0.1862619,0.009059906,-0.00244379,0.007702969,1.223
2024_02_11_02_25_08_201,0.4,-0.1080117,52630.0,50809.0,15.87683,-9.961359,0.1359799,6.282713,0.009046972,4.611238,1.22,0.001682971,9.23427e-05,-0.1866372,0.007033348,-0.001057982,-0.01906324,1.223
2024_02_11_02_25_08_234,0.4,-0.1082183,52731.0,50904.0,15.87258,-10.00124,0.13598,6.282712,0.009046922,4.605074,1.22,0.001671993,9.825254e-05,-0.1870154,0.00333786,-0.002235174,0.007510185,1.223
2024_02_11_02_25_08_272,0.4,-0.108416,52847.0,51012.0,15.86737,-10.04713,0.13598,6.282712,0.009047011,4.597964,1.22,0.001665873,0.0001328574,-0.1874076,-0.01811981,-0.004857779,0.01910515,1.223
2024_02_11_02_25_08_310,0.4,-0.1086659,52961.0,51118.0,15.86199,-10.09178,0.13598,6.282711,0.009047125,4.591019,1.22,0.001783362,7.452389e-05,-0.1877898,-0.01907349,-0.005915761,0.03052596,1.223
2024_02_11_02_25_08_347,0.4,-0.1088903,53077.0,51226.0,15.85614,-10.13759,0.1359801,6.28271,0.00904713,4.583885,1.22,0.001642679,0.0001106235,-0.1881513,-0.02002716,-0.005155801,0.0418555,1.223
2024_02_11_02_25_08_385,0.4,-0.1090939,53190.0,51332.0,15.85013,-10.18216,0.1359801,6.282709,0.009047252,4.576921,1.22,0.001699924,0.0001214952,-0.1885337,-0.01955032,-0.003710389,0.0535883,1.223
2024_02_11_02_25_08_418,0.4,-0.1092899,53291.0,51426.0,15.84451,-10.22187,0.1359801,6.282708,0.009047656,4.570686,1.22,0.001671209,1.966625e-05,-0.1889315,0.01358986,-0.0005215406,-0.05713291,1.223
2024_02_11_02_25_08_456,0.4,-0.1095447,53408.0,51535.0,15.83774,-10.26755,0.1359801,6.282707,0.009047496,4.563494,1.22,0.001683269,0.0001473732,-0.1893037,0.003933907,-0.001445413,0.003715977,1.223
2024_02_11_02_25_08_489,0.4,-0.1097429,53509.0,51629.0,15.83158,-10.30717,0.1359802,6.282706,0.009047776,4.557239,1.22,0.001689765,6.542519e-05,-0.1896446,-0.003814697,-0.003904104,0.01542829,1.223
2024_02_11_02_25_08_526,0.4,-0.1099402,53625.0,51738.0,15.82418,-10.35275,0.1359802,6.282705,0.009047785,4.550028,1.22,0.001754884,6.719619e-05,-0.1900558,0.01227856,-0.000551343,-0.003762543,1.223
2024_02_11_02_25_08_564,0.4,-0.1101906,53738.0,51843.0,15.81667,-10.39708,0.1359802,6.282704,0.00904772,4.542989,1.22,0.001774842,0.0001133672,-0.1904579,0.01227856,-0.002041459,-0.03422983,1.223
2024_02_11_02_25_08_601,0.4,-0.110394,53855.0,51952.0,15.80863,-10.44255,0.1359802,6.282703,0.009047669,4.535745,1.22,0.001657278,0.0001555055,-0.1908308,0.005125999,-0.001698732,-0.0270037,1.223
2024_02_11_02_25_08_639,0.4,-0.1106422,53968.0,52057.0,15.80048,-10.48677,0.1359802,6.282702,0.009047666,4.528674,1.22,0.00174479,8.123567e-05,-0.19125,0.0141859,-0.001639128,-0.02671871,1.223
2024_02_11_02_25_08_676,0.4,-0.1108435,54084.0,52166.0,15.79178,-10.53212,0.1359801,6.282701,0.00904772,4.52141,1.22,0.001774467,0.0001319436,-0.1916239,0.01132488,-0.0002682209,-0.0495566,1.223
2024_02_11_02_25_08_714,0.4,-0.1110934,54198.0,52271.0,15.783,-10.57621,0.1359802,6.2827,0.009047923,4.514315,1.21,0.001804023,0.0001288109,-0.1920214,-0.02372265,-0.004172325,0.04597101,1.223
2024_02_11_02_25_08_748,0.4,-0.1112887,54302.0,52368.0,15.77465,-10.61667,0.1359802,6.282699,0.009047912,4.50778,1.21,0.001717913,0.0001314784,-0.1923729,0.006914138,-0.00217557,0.03840309,1.223
2024_02_11_02_25_08_781,0.4,-0.1114915,54403.0,52462.0,15.7663,-10.65588,0.1359802,6.282699,0.009048111,4.501421,1.21,0.001656418,8.840151e-05,-0.1927164,-0.0115633,-0.003695488,0.03442448,1.223
2024_02_11_02_25_08_818,0.4,-0.1116924,54516.0,52568.0,15.75664,-10.69979,0.1359804,6.282697,0.009048371,4.494282,1.21,0.001751636,1.839012e-05,-0.1930712,0.01204014,-0.0002384186,-0.04590768,1.223
2024_02_11_02_25_08_856,0.4,-0.1119456,54632.0,52676.0,15.74639,-10.7448,0.1359804,6.282696,0.009048468,4.486942,1.21,0.001733456,7.956679e-05,-0.1935054,0.004887581,-0.0009238719,0.01941063,1.223
2024_02_11_02_25_08_889,0.4,-0.1121445,54733.0,52770.0,15.73722,-10.78383,0.1359804,6.282695,0.009048509,4.480552,1.21,0.001783784,8.524549e-05,-0.1938107,-0.006198883,-0.003129244,0.01908001,1.223
2024_02_11_02_25_08_926,0.4,-0.1123441,54850.0,52879.0,15.72635,-10.8287,0.1359805,6.282694,0.009048329,4.473179,1.21,0.001688838,0.0001388135,-0.1942424,-0.003814697,-0.003427267,0.07634796,1.223
2024_02_11_02_25_08_964,0.4,-0.1125946,54963.0,52984.0,15.71545,-10.87231,0.1359803,6.282693,0.009048278,4.465986,1.21,0.001789774,0.0001102652,-0.1946333,0.004172325,-0.002115965,-0.03070012,1.223
2024_02_11_02_25_08_998,0.4,-0.1127915,55067.0,53081.0,15.70516,-10.91231,0.1359805,6.282693,0.009048715,4.459363,1.21,0.001700741,3.301581e-05,-0.1949888,0.002384186,-0.002920627,-0.003690831,1.223
2024_02_11_02_25_09_034,0.4,-0.1129903,55181.0,53187.0,15.69366,-10.95576,0.1359805,6.282692,0.009048748,4.452142,1.21,0.001698974,4.463393e-05,-0.1953868,0.000834465,-0.001192093,0.0192197,1.223
2024_02_11_02_25_09_073,0.4,-0.1132443,55297.0,53295.0,15.68152,-11.00029,0.1359805,6.282691,0.009048788,4.444705,1.21,0.001698522,8.090873e-05,-0.1957626,-0.006794929,-0.00283122,0.0421619,1.223
2024_02_11_02_25_09_110,0.4,-0.1134424,55411.0,53400.0,15.66939,-11.04356,0.1359804,6.28269,0.009048644,4.437448,1.21,0.001747993,0.0001352835,-0.1961403,-0.02002716,-0.003308058,0.07662177,1.223
2024_02_11_02_25_09_147,0.4,-0.1136888,55527.0,53509.0,15.65659,-11.08791,0.1359805,6.282689,0.009048546,4.429988,1.21,0.001830562,0.0001172558,-0.1965731,0.003814697,-0.003039837,-0.003794208,1.223
2024_02_11_02_25_09_180,0.4,-0.1138923,55628.0,53603.0,15.64522,-11.12635,0.1359804,6.282688,0.009048608,4.423499,1.21,0.001770446,0.0001156752,-0.1969302,0.001430511,-0.003367662,0.007683411,1.223
2024_02_11_02_25_09_214,0.4,-0.1140938,55729.0,53697.0,15.63359,-11.16471,0.1359804,6.282687,0.009048556,4.416998,1.21,0.001767227,0.0001210818,-0.1972593,0.002384186,-0.004440546,-0.0001098961,1.223
2024_02_11_02_25_09_247,0.4,-0.1142904,55834.0,53794.0,15.62136,-11.20415,0.1359804,6.282686,0.00904859,4.410283,1.21,0.001739452,0.0001173199,-0.1976223,-0.006198883,-0.001937151,0.04209298,1.223
2024_02_11_02_25_09_285,0.4,-0.1144946,55947.0,53899.0,15.60774,-11.24697,0.1359804,6.282685,0.009049102,4.402956,1.21,0.001778323,6.619844e-05,-0.1979918,-0.003814697,-0.001847744,-0.03796071,1.223
2024_02_11_02_25_09_323,0.4,-0.1147446,56063.0,54007.0,15.59343,-11.29085,0.1359806,6.282684,0.009049223,4.395426,1.21,0.001725053,7.43247e-05,-0.1983946,-0.02002716,-0.004291534,0.04191231,1.223
2024_02_11_02_25_09_359,0.4,-0.1149436,56177.0,54113.0,15.57917,-11.33347,0.1359807,6.282683,0.009049128,4.38808,1.21,0.001756636,9.722997e-05,-0.1987818,0.03635883,0.001728535,-0.1109643,1.223
2024_02_11_02_25_09_397,0.4,-0.1151884,56293.0,54221.0,15.56421,-11.37712,0.1359805,6.282682,0.009049123,4.380517,1.21,0.001724968,0.0001297721,-0.1992082,-0.03111362,-0.008195639,0.1070118,1.223
2024_02_11_02_25_09_434,0.4,-0.1153902,56407.0,54326.0,15.54933,-11.41952,0.1359805,6.282681,0.009049072,4.373138,1.21,0.001762789,0.0001131277,-0.1996284,0.02145767,-0.001937151,-0.03047939,1.223
2024_02_11_02_25_09_473,0.4,-0.1156444,56523.0,54435.0,15.53371,-11.46294,0.1359806,6.28268,0.009049335,4.365554,1.21,0.001833517,0.0001246542,-0.1999709,-0.006794929,-0.003039837,0.01535192,1.223
2024_02_11_02_25_09_510,0.4,-0.1158706,56637.0,54540.0,15.51819,-11.50511,0.1359807,6.282679,0.009049791,4.358148,1.21,0.001717557,4.926684e-05,-0.2003479,0.009417534,-0.002801418,0.02313405,1.223
2024_02_11_02_25_09_544,0.4,-0.1160682,56738.0,54634.0,15.50409,-11.54262,0.1359808,6.282679,0.009049878,4.351528,1.21,0.001713588,0.0001067685,-0.2006651,0.004291534,-0.001758337,0.01156423,1.223
2024_02_11_02_25_09_580,0.4,-0.1162636,56854.0,54742.0,15.48754,-11.58569,0.1359808,6.282677,0.009049868,4.34389,1.21,0.001814425,9.195038e-05,-0.201075,-0.005483627,-0.002384186,-0.01166295,1.223
2024_02_11_02_25_09_615,0.4,-0.116414,56955.0,54836.0,15.4729,-11.62299,0.1359808,6.282676,0.009049799,4.337248,1.21,0.001880576,5.388982e-05,-0.201395,0.0166893,-0.001579523,7.264316e-05,1.223
2024_02_11_02_25_09_652,0.4,-0.1167148,57072.0,54944.0,15.45574,-11.66582,0.1359808,6.282675,0.009049715,4.329594,1.21,0.001862819,0.0001269085,-0.201794,-0.02980232,-0.004380941,0.04568323,1.223
2024_02_11_02_25_09_689,0.4,-0.1169175,57185.0,55049.0,15.43871,-11.70739,0.1359808,6.282674,0.009049672,4.322123,1.21,0.001810306,0.0001406018,-0.2022159,0.0,-0.001400709,0.02298131,1.223
2024_02_11_02_25_09_727,0.4,-0.1171671,57302.0,55158.0,15.4209,-11.74996,0.1359807,6.282673,0.009049912,4.31443,1.21,0.001778376,0.0001229826,-0.2026111,0.0193119,0.001490116,-0.07241499,1.223
2024_02_11_02_25_09_764,0.4,-0.1173708,57415.0,55263.0,15.40325,-11.79126,0.1359809,6.282672,0.009050099,4.306915,1.21,0.001747547,4.813262e-05,-0.2030383,-0.01549721,-0.004082918,0.03819074,1.223
2024_02_11_02_25_09_797,0.4,-0.1175652,57516.0,55357.0,15.38724,-11.82799,0.1359808,6.282671,0.009050124,4.300215,1.21,0.001837445,9.835292e-05,-0.2033548,0.002622604,-0.002235174,0.05365628,1.223
2024_02_11_02_25_09_835,0.4,-0.1178235,57633.0,55465.0,15.36851,-11.87015,0.1359809,6.28267,0.00905015,4.292482,1.21,0.001837875,7.635664e-05,-0.2037669,0.02336502,-0.000834465,-0.05745329,1.223
2024_02_11_02_25_09_872,0.4,-0.1180187,57746.0,55570.0,15.34995,-11.91105,0.1359809,6.28267,0.009050209,4.284934,1.21,0.001775764,8.881384e-05,-0.2041487,0.002622604,0.001460314,-0.003740191,1.223
2024_02_11_02_25_09_910,0.4,-0.1182698,57863.0,55678.0,15.33057,-11.95292,0.1359809,6.282669,0.009050271,4.277169,1.21,0.001758685,0.0001489213,-0.2045636,-0.0141859,-0.003933907,0.08025113,1.223
2024_02_11_02_25_09_943,0.4,-0.1184716,57964.0,55772.0,15.31348,-11.98915,0.1359808,6.282668,0.009050484,4.270413,1.21,0.001790224,5.480635e-05,-0.204919,-0.01275539,-0.004589558,0.01535565,1.223
2024_02_11_02_25_09_980,0.4,-0.1186684,58081.0,55880.0,15.2935,-12.03073,0.135981,6.282667,0.009050686,4.262622,1.21,0.001853939,6.132877e-05,-0.2052618,-0.0140667,-0.003635883,0.0802474,1.223
2024_02_11_02_25_10_018,0.4,-0.1189151,58194.0,55985.0,15.27373,-12.07106,0.135981,6.282666,0.009050831,4.255019,1.21,0.001809224,0.0001132431,-0.2056457,-0.001311302,-0.00411272,0.0191424,1.223
2024_02_11_02_25_10_055,0.4,-0.1191138,58311.0,56093.0,15.25311,-12.11232,0.1359811,6.282665,0.009050836,4.247193,1.21,0.001803204,0.0001242687,-0.2060333,0.03957748,0.001788139,-0.05332846,1.223
2024_02_11_02_25_10_088,0.4,-0.1193202,58412.0,56187.0,15.23494,-12.14802,0.135981,6.282664,0.009050825,4.240384,1.21,0.001761339,0.0001186873,-0.2064172,0.01168251,-0.001788139,0.01149811,1.223
2024_02_11_02_25_10_126,0.4,-0.1195652,58529.0,56295.0,15.21372,-12.18897,0.1359811,6.282663,0.009050761,4.232539,1.21,0.001800019,7.274631e-05,-0.2068177,0.01382828,-0.001251697,-0.04226528,1.223
2024_02_11_02_25_10_164,0.4,-0.1197702,58642.0,56400.0,15.19274,-12.22868,0.1359811,6.282662,0.009051075,4.224881,1.21,0.001834738,8.496122e-05,-0.2071912,0.02074241,0.000834465,-0.07641502,1.223
2024_02_11_02_25_10_201,0.4,-0.1200211,58759.0,56508.0,15.17089,-12.26929,0.1359812,6.282661,0.009051259,4.216996,1.21,0.001761986,0.0001129096,-0.2076085,-0.004410744,-0.002622604,0.01911167,1.223
2024_02_11_02_25_10_238,0.4,-0.1202194,58872.0,56613.0,15.1493,-12.30867,0.1359812,6.28266,0.009051162,4.209307,1.21,0.001899977,0.0001211445,-0.2079673,0.004291534,-0.002682209,0.01521967,1.223
2024_02_11_02_25_10_272,0.4,-0.1204191,58974.0,56707.0,15.12979,-12.34365,0.1359812,6.282659,0.009051275,4.202436,1.21,0.001862529,0.0001195357,-0.208314,-0.01204014,-0.001966953,-0.03829505,1.223
2024_02_11_02_25_10_310,0.4,-0.1206683,59090.0,56815.0,15.10703,-12.38376,0.1359813,6.282658,0.00905135,4.194513,1.21,0.001825213,9.191578e-05,-0.2087029,-0.006914138,-0.004589558,0.0726264,1.223
2024_02_11_02_25_10_347,0.4,-0.1208719,59204.0,56920.0,15.08456,-12.42264,0.1359812,6.282657,0.009051456,4.186782,1.21,0.001817452,0.0001179629,-0.2090841,-0.01740456,-0.003933907,0.08411518,1.223
2024_02_11_02_25_10_380,0.4,-0.1210643,59308.0,57017.0,15.06365,-12.45821,0.1359813,6.282656,0.00905163,4.17966,1.21,0.001844419,7.168345e-05,-0.2094644,-0.01323223,-0.003457069,0.03820937,1.223
2024_02_11_02_25_10_418,0.4,-0.1213165,59422.0,57122.0,15.04061,-12.49674,0.1359812,6.282655,0.009051605,4.171902,1.21,0.001862541,0.000125494,-0.2098118,0.01883507,-0.0004172325,-0.04206504,1.223
2024_02_11_02_25_10_456,0.4,-0.1215155,59538.0,57230.0,15.01663,-12.53613,0.1359813,6.282654,0.009051809,4.163917,1.21,0.001850676,0.0001387572,-0.2102124,-0.01478195,-0.002384186,0.03450271,1.223
2024_02_11_02_25_10_493,0.4,-0.1217667,59652.0,57335.0,14.99299,-12.5743,0.1359813,6.282653,0.009051755,4.156133,1.21,0.001917832,0.0001241102,-0.2106299,-0.005125999,-0.003516674,0.04592351,1.223
2024_02_11_02_25_10_527,0.4,-0.1219659,59756.0,57431.0,14.971,-12.6092,0.1359814,6.282652,0.009051927,4.148968,1.21,0.001833932,4.345327e-05,-0.2109939,0.01740456,-0.0004172325,-0.0190381,1.223
2024_02_11_02_25_10_564,0.4,-0.1221675,59870.0,57536.0,14.94678,-12.64701,0.1359815,6.282651,0.009052039,4.141152,1.21,0.001826141,8.268279e-05,-0.2113765,0.003218651,-0.002086163,-0.01154654,1.223
2024_02_11_02_25_10_597,0.4,-0.1223664,59971.0,57630.0,14.92494,-12.68056,0.1359814,6.28265,0.009052082,4.134171,1.21,0.001878168,0.0001025133,-0.211723,-0.005841255,-0.001966953,0.007603317,1.223
2024_02_11_02_25_10_635,0.4,-0.1226144,60088.0,57738.0,14.8995,-12.71901,0.1359814,6.28265,0.009052048,4.126116,1.21,0.001902695,9.588321e-05,-0.212103,0.03051758,-5.960464e-05,-0.06485824,1.223
2024_02_11_02_25_10_668,0.4,-0.1228207,60189.0,57832.0,14.87716,-12.75224,0.1359813,6.282649,0.009052035,4.119112,1.21,0.001917548,0.0001056954,-0.212456,0.002026558,-0.003635883,0.06887503,1.223
2024_02_11_02_25_10_705,0.4,-0.1230152,60305.0,57939.0,14.85115,-12.79029,0.1359815,6.282648,0.009052088,4.111032,1.21,0.001867188,0.0001102206,-0.2128488,0.01108646,-0.001370907,-0.02675783,1.223
2024_02_11_02_25_10_738,0.4,-0.1232155,60407.0,58033.0,14.82831,-12.82318,0.1359814,6.282647,0.009052197,4.103999,1.21,0.001913298,0.000111921,-0.2132262,-0.01835823,-0.003695488,0.02667401,1.223
2024_02_11_02_25_10_776,0.4,-0.1234697,60520.0,58138.0,14.80243,-12.85985,0.1359814,6.282646,0.009052043,4.096097,1.21,0.001898818,0.0001165205,-0.2136053,0.00166893,-0.002205372,-0.003959984,1.223
2024_02_11_02_25_10_814,0.4,-0.1236649,60637.0,58246.0,14.77554,-12.8973,0.1359814,6.282645,0.009052069,4.087973,1.21,0.001907743,0.00016347,-0.2140021,0.01621246,0.0005364418,-0.04193466,1.223
2024_02_11_02_25_10_851,0.4,-0.1239136,60751.0,58351.0,14.74907,-12.93355,0.1359814,6.282644,0.009052037,4.080047,1.21,0.001923312,0.0001371591,-0.2143797,0.00655651,-0.002741813,-0.01150835,1.223
2024_02_11_02_25_10_889,0.4,-0.1241154,60867.0,58459.0,14.72159,-12.97056,0.1359815,6.282643,0.00905212,4.07189,1.21,0.001939399,0.0001034329,-0.2147802,-0.01180172,-0.003993511,0.02253242,1.223
2024_02_11_02_25_10_921,0.4,-0.1243148,60969.0,58552.0,14.69749,-13.00252,0.1359815,6.282642,0.009052289,4.064793,1.21,0.001874623,6.238669e-05,-0.2151337,-0.01823902,-0.003099441,0.05328562,1.223
2024_02_11_02_25_10_959,0.4,-0.1245692,61085.0,58660.0,14.66945,-13.0391,0.1359815,6.282641,0.009052201,4.056606,1.21,0.001831301,9.214548e-05,-0.215582,0.009655952,-0.004053116,0.02660136,1.223
2024_02_11_02_25_10_992,0.4,-0.1247736,61187.0,58754.0,14.64485,-13.07069,0.1359814,6.28264,0.009052233,4.049488,1.21,0.001916932,0.0001163591,-0.2159173,-0.02670288,-0.005602836,0.06115622,1.223
2024_02_11_02_25_11_030,0.4,-0.124964,61303.0,58861.0,14.61626,-13.10684,0.1359814,6.282639,0.009052197,4.041275,1.21,0.001912525,0.0001212776,-0.2163088,0.002384186,-0.002264977,-0.01151767,1.223
2024_02_11_02_25_11_064,0.4,-0.1251652,61405.0,58955.0,14.59118,-13.13804,0.1359816,6.282638,0.009052544,4.03413,1.21,0.001873839,9.191786e-05,-0.2166419,-0.008702278,-0.001907349,0.04597939,1.223
2024_02_11_02_25_11_101,0.4,-0.1254146,61518.0,59060.0,14.5628,-13.17281,0.1359816,6.282638,0.00905301,4.026103,1.21,0.001881356,0.0001282164,-0.2169955,-0.02408027,-0.004529953,0.0689514,1.223
2024_02_11_02_25_11_138,0.4,-0.1256125,61635.0,59168.0,14.53337,-13.20827,0.1359817,6.282636,0.009053223,4.017848,1.21,0.001938679,0.000107538,-0.2173649,0.002622604,-0.0004172325,-0.01514703,1.223
2024_02_11_02_25_11_176,0.4,-0.125865,61749.0,59272.0,14.50443,-13.24257,0.1359817,6.282635,0.009053223,4.009799,1.21,0.001977671,0.0001524891,-0.2177858,-0.008940697,-0.002562999,0.01540687,1.223
2024_02_11_02_25_11_212,0.4,-0.1260612,61865.0,59380.0,14.47442,-13.27754,0.1359816,6.282634,0.009053286,4.001516,1.21,0.00196224,0.0001652199,-0.2181898,-0.01049042,-0.001847744,-0.01924392,1.223
2024_02_11_02_25_11_252,0.4,-0.1263158,61979.0,59485.0,14.44493,-13.31136,0.1359817,6.282633,0.009053534,3.993435,1.21,0.001944847,0.000158559,-0.2185261,-0.005364418,-0.0008940696,-0.0458071,1.223
2024_02_11_02_25_11_289,0.4,-0.1265141,62095.0,59593.0,14.41436,-13.34584,0.1359818,6.282632,0.009053698,3.985118,1.21,0.00197995,0.0001191312,-0.2189576,0.0,-0.001192093,-0.03439561,1.223
2024_02_11_02_25_11_326,0.4,-0.1267639,62209.0,59698.0,14.38432,-13.37916,0.1359818,6.282631,0.009053889,3.977012,1.21,0.002075439,0.0001464241,-0.219286,0.01132488,-0.0003576278,-0.1108134,1.223
2024_02_11_02_25_11_359,0.4,-0.1269681,62313.0,59794.0,14.35648,-13.40957,0.1359818,6.28263,0.009053823,3.969551,1.21,0.001913809,0.0001657824,-0.2196977,0.00500679,-0.003933907,0.02685655,1.223
2024_02_11_02_25_11_397,0.4,-0.1271662,62427.0,59899.0,14.32592,-13.44242,0.1359819,6.282629,0.00905386,3.961413,1.21,0.001933399,0.0001627087,-0.2200721,-0.01144409,-0.005543231,0.03430434,1.223
2024_02_11_02_25_11_434,0.4,-0.1274139,62544.0,60006.0,14.29427,-13.47589,0.135982,6.282629,0.009054093,3.95304,1.21,0.001921052,8.999757e-05,-0.2205055,-0.0128746,-0.003755092,0.02298504,1.223
2024_02_11_02_25_11_468,0.4,-0.127616,62645.0,60100.0,14.26655,-13.50475,0.1359819,6.282628,0.009053901,3.945756,1.21,0.001955146,0.0001322012,-0.2208235,-0.02253055,-0.004529953,0.1148106,1.223
2024_02_11_02_25_11_505,0.4,-0.1278145,62762.0,60207.0,14.23435,-13.53772,0.1359819,6.282627,0.00905375,3.937357,1.21,0.001963453,0.0002096451,-0.221261,-0.01144409,-0.003933907,0.0687493,1.223
2024_02_11_02_25_11_543,0.4,-0.128066,62876.0,60312.0,14.20275,-13.56957,0.1359819,6.282626,0.009054135,3.929159,1.21,0.002034422,7.067098e-05,-0.2216198,0.009298325,-0.0003576278,-0.04954263,1.223
2024_02_11_02_25_11_581,0.4,-0.1282665,62993.0,60420.0,14.17003,-13.602,0.135982,6.282625,0.009054238,3.92073,1.21,0.001934271,9.326317e-05,-0.2220331,0.008702278,-0.001192093,-0.003833323,1.223
2024_02_11_02_25_11_614,0.4,-0.1284672,63094.0,60513.0,14.1414,-13.62994,0.135982,6.282624,0.009054298,3.913397,1.21,0.001992663,0.0001263846,-0.2223637,0.02503395,-0.001490116,-0.03435276,1.223
2024_02_11_02_25_11_651,0.4,-0.1287143,63208.0,60618.0,14.10905,-13.66101,0.1359821,6.282623,0.009054511,3.905162,1.21,0.002033937,9.823928e-05,-0.2227485,0.003933907,-0.002264977,-0.02672523,1.223
2024_02_11_02_25_11_689,0.4,-0.1289156,63325.0,60725.0,14.07557,-13.69265,0.1359822,6.282622,0.009054649,3.896692,1.21,0.001910694,3.209287e-05,-0.2231412,0.01072884,-0.000655651,-0.02686214,1.223
2024_02_11_02_25_11_726,0.4,-0.1291689,63439.0,60830.0,14.04271,-13.72317,0.1359821,6.282621,0.009054642,3.888424,1.21,0.001963295,0.0001476613,-0.2235036,-0.01454353,-0.003755092,0.03056321,1.223
2024_02_11_02_25_11_759,0.4,-0.1293684,63543.0,60926.0,14.01229,-13.75098,0.1359821,6.28262,0.009054717,3.880819,1.21,0.002002763,0.000119115,-0.2238873,0.006198883,-0.002145767,-0.0382904,1.223
2024_02_11_02_25_11_792,0.4,-0.1295619,63645.0,61020.0,13.98257,-13.77775,0.135982,6.282619,0.009054754,3.873425,1.21,0.002034854,0.0001805092,-0.2242361,0.01907349,-0.001013279,-0.04570931,1.223
2024_02_11_02_25_11_830,0.4,-0.1297642,63762.0,61127.0,13.9481,-13.8083,0.1359821,6.282619,0.009054825,3.864896,1.21,0.002054676,8.053313e-05,-0.2246449,-0.01454353,-0.003218651,0.0459617,1.223
2024_02_11_02_25_11_864,0.4,-0.1299635,63863.0,61220.0,13.91796,-13.83459,0.1359822,6.282618,0.009054834,3.857477,1.21,0.001946501,0.0001279594,-0.2249539,0.02074241,0.0002384186,-0.01157727,1.223
2024_02_11_02_25_11_901,0.4,-0.1302142,63977.0,61325.0,13.88394,-13.8638,0.1359822,6.282617,0.009054922,3.849142,1.21,0.002008729,8.220462e-05,-0.2253631,0.020504,-0.0005960464,-0.04590675,1.223
2024_02_11_02_25_11_939,0.4,-0.1304133,64094.0,61433.0,13.84874,-13.8935,0.1359821,6.282616,0.009054734,3.840572,1.21,0.002052128,0.0001676674,-0.225819,0.009417534,-0.002026558,0.0001015142,1.223
2024_02_11_02_25_11_971,0.4,-0.1306157,64195.0,61526.0,13.81796,-13.91905,0.1359821,6.282615,0.009054831,3.833118,1.21,0.002038536,0.0001085411,-0.2261701,-0.00333786,-0.004529953,0.03463682,1.223
2024_02_11_02_25_12_010,0.4,-0.1308681,64312.0,61633.0,13.78229,-13.94818,0.1359821,6.282614,0.009054962,3.824514,1.21,0.00203178,0.0001444407,-0.2265229,-0.01144409,-0.003457069,0.06890856,1.223
2024_02_11_02_25_12_048,0.4,-0.1310671,64426.0,61738.0,13.74732,-13.97625,0.1359822,6.282613,0.009055183,3.816126,1.21,0.001985872,0.0001390957,-0.2268939,-0.0009536743,-0.0004768371,-0.0153128,1.223
2024_02_11_02_25_12_080,0.4,-0.1312694,64528.0,61831.0,13.71591,-14.00103,0.1359823,6.282612,0.00905528,3.808631,1.21,0.002095658,0.0001593493,-0.2272675,0.01215935,5.960464e-05,-0.08817761,1.223
2024_02_11_02_25_12_118,0.4,-0.1315157,64644.0,61939.0,13.67954,-14.02928,0.1359822,6.282611,0.009055511,3.79999,1.21,0.002093102,8.928512e-05,-0.2276226,-0.0191927,-0.004470348,0.02689194,1.223
2024_02_11_02_25_12_151,0.4,-0.131721,64746.0,62032.0,13.64776,-14.05355,0.1359824,6.28261,0.009055538,3.792468,1.21,0.002068763,0.0001095085,-0.2280307,0.008583069,-0.001728535,-0.04597939,1.223
2024_02_11_02_25_12_189,0.4,-0.131914,64863.0,62139.0,13.61094,-14.0812,0.1359822,6.282609,0.009055409,3.783796,1.21,0.002180467,0.0001756984,-0.2283956,-0.005841255,-0.001907349,-0.007765367,1.223
2024_02_11_02_25_12_226,0.4,-0.1321637,64977.0,62244.0,13.57487,-14.10781,0.1359823,6.282608,0.009055421,3.77534,1.21,0.002002826,0.0001467896,-0.2288274,-0.01084804,-0.003814697,0.04974752,1.223
2024_02_11_02_25_12_260,0.4,-0.1323649,65081.0,62340.0,13.54151,-14.132,0.1359823,6.282607,0.009055535,3.767553,1.21,0.00202071,0.0001342724,-0.2291797,0.02193451,-0.0001788139,-0.03411993,1.223
2024_02_11_02_25_12_293,0.4,-0.1325669,65183.0,62433.0,13.50897,-14.15522,0.1359823,6.282606,0.009055627,3.759984,1.21,0.002056391,0.0001096676,-0.2295148,0.00166893,-0.0007748603,-0.02666842,1.223
2024_02_11_02_25_12_330,0.4,-0.1327661,65297.0,62538.0,13.47226,-14.18097,0.1359824,6.282605,0.009055736,3.751484,1.21,0.001998035,0.0001131505,-0.2298753,-0.005364418,-0.001788139,-0.01932122,1.223
2024_02_11_02_25_12_368,0.4,-0.1330163,65413.0,62645.0,13.43435,-14.20708,0.1359825,6.282604,0.00905574,3.742739,1.21,0.002039365,0.0001619584,-0.2302795,0.000834465,-0.003039837,-0.007776543,1.223
2024_02_11_02_25_12_405,0.4,-0.1332161,65527.0,62750.0,13.39721,-14.23219,0.1359825,6.282603,0.00905626,3.734211,1.21,0.002090641,9.675964e-05,-0.2306651,0.006198883,-0.001370907,-0.01509581,1.223
2024_02_11_02_25_12_443,0.4,-0.133467,65644.0,62857.0,13.35884,-14.25764,0.1359826,6.282602,0.009056112,3.725436,1.21,0.002036625,0.0001261605,-0.2310753,-0.004649162,-0.003039837,-0.0002691522,1.223
2024_02_11_02_25_12_480,0.4,-0.133667,65758.0,62962.0,13.32127,-14.2821,0.1359825,6.282601,0.009056211,3.716879,1.21,0.002142032,0.0001606529,-0.2314547,-0.007033348,-0.003516674,0.01517683,1.223
2024_02_11_02_25_12_518,0.4,-0.1339165,65875.0,63069.0,13.28248,-14.30688,0.1359826,6.2826,0.009056298,3.708079,1.21,0.002096226,0.0001509803,-0.2318432,-0.007748603,-0.002384186,-0.004048459,1.223
2024_02_11_02_25_12_555,0.4,-0.1341156,65989.0,63174.0,13.2445,-14.33068,0.1359827,6.282599,0.00905644,3.69949,1.21,0.002075358,7.956407e-05,-0.2321995,0.03194809,0.001013279,-0.05737878,1.223
2024_02_11_02_25_12_593,0.4,-0.1343719,66106.0,63281.0,13.20529,-14.35478,0.1359827,6.282598,0.009056543,3.69066,1.21,0.002147377,8.790017e-05,-0.2326209,0.02086162,-0.0002980232,-0.06131548,1.223
2024_02_11_02_25_12_630,0.4,-0.1345642,66219.0,63385.0,13.1669,-14.37791,0.1359826,6.282598,0.009056431,3.682045,1.21,0.002028554,0.0001882376,-0.2330372,-0.02205372,-0.004649162,0.06490201,1.223
2024_02_11_02_25_12_668,0.4,-0.1348146,66336.0,63492.0,13.12727,-14.40132,0.1359826,6.282597,0.009056715,3.673181,1.21,0.002118282,0.0001307301,-0.2334367,0.006318092,-0.001966953,-0.02290867,1.223
2024_02_11_02_25_12_705,0.4,-0.1350106,66450.0,63597.0,13.08849,-14.42378,0.1359827,6.282596,0.009056855,3.664539,1.21,0.002082638,0.000148807,-0.2338207,0.003099441,-0.002026558,0.03450364,1.223
2024_02_11_02_25_12_743,0.4,-0.1352664,66567.0,63704.0,13.04846,-14.44649,0.1359826,6.282595,0.009056712,3.655647,1.21,0.002080516,0.0002023409,-0.2342006,0.001907349,-0.002324581,-0.007594004,1.223
2024_02_11_02_25_12_780,0.4,-0.1354622,66681.0,63808.0,13.00929,-14.46826,0.1359826,6.282594,0.009057242,3.646972,1.21,0.002099201,0.0001413538,-0.2346449,-0.001907349,-0.003457069,0.03883522,1.223
2024_02_11_02_25_12_818,0.4,-0.1357163,66798.0,63915.0,12.96887,-14.49026,0.1359828,6.282593,0.009057265,3.63805,1.21,0.002082536,0.0001153952,-0.2350171,-0.002026558,-0.002145767,-0.00375323,1.223
2024_02_11_02_25_12_855,0.4,-0.1359148,66912.0,64020.0,12.92933,-14.51133,0.1359827,6.282592,0.009057198,3.629349,1.21,0.002132434,0.0001756202,-0.23536,-0.001430511,-0.002384186,0.007720664,1.223
2024_02_11_02_25_12_892,0.4,-0.1361619,67028.0,64127.0,12.88853,-14.53262,0.1359828,6.28259,0.009057276,3.620397,1.21,0.002088011,0.0001460512,-0.235772,0.0004768371,-0.001370907,-0.03074854,1.223
2024_02_11_02_25_12_926,0.4,-0.1363607,67130.0,64220.0,12.85295,-14.5508,0.1359829,6.28259,0.009057306,3.61261,1.21,0.002104123,0.0001932613,-0.2361088,-0.01895428,-0.004947185,0.06485544,1.223
2024_02_11_02_25_12_963,0.4,-0.1365623,67247.0,64327.0,12.81178,-14.5714,0.1359829,6.282589,0.009057573,3.60363,1.21,0.002135561,0.0001141238,-0.2365514,0.0257492,0.0006854534,-0.08412729,1.223
2024_02_11_02_25_13_001,0.4,-0.1368151,67361.0,64431.0,12.77153,-14.59109,0.1359829,6.282588,0.009057344,3.594872,1.21,0.002105741,0.0001338846,-0.2369549,0.01847744,-0.003010034,0.003701076,1.223
2024_02_11_02_25_13_035,0.4,-0.1370119,67465.0,64527.0,12.73441,-14.60888,0.1359829,6.282587,0.009057589,3.586809,1.21,0.00213939,0.0001313051,-0.2372717,0.0004768371,-0.003457069,-0.01917779,1.223
2024_02_11_02_25_13_072,0.4,-0.137221,67579.0,64632.0,12.69384,-14.6279,0.1359829,6.282586,0.009057605,3.578021,1.21,0.002113121,0.0001056325,-0.2376401,0.008702278,0.000655651,-0.05354359,1.223
2024_02_11_02_25_13_105,0.4,-0.1374112,67681.0,64725.0,12.65752,-14.64455,0.1359829,6.282585,0.009057378,3.570173,1.21,0.00215227,0.0001973947,-0.2380131,-0.01752377,-0.003069639,0.02646353,1.223
2024_02_11_02_25_13_138,0.4,-0.1376161,67785.0,64821.0,12.61997,-14.66142,0.1359829,6.282584,0.009057765,3.562073,1.21,0.002149871,0.0001059062,-0.2383579,0.02896786,0.0006258487,-0.05727075,1.223
2024_02_11_02_25_13_175,0.4,-0.1378659,67899.0,64925.0,12.57895,-14.67942,0.135983,6.282583,0.009057845,3.553246,1.21,0.002121683,0.0001514621,-0.2387313,-0.00166893,-0.004410744,0.06115157,1.223
2024_02_11_02_25_13_209,0.4,-0.1380642,68001.0,65018.0,12.54223,-14.69517,0.1359829,6.282582,0.009057864,3.545362,1.21,0.00210625,0.0001690041,-0.2391289,-0.01573563,-0.005960464,0.03044214,1.223
2024_02_11_02_25_13_242,0.4,-0.1382668,68105.0,65114.0,12.50427,-14.71109,0.1359829,6.282581,0.009058094,3.537226,1.21,0.002134404,0.0001250964,-0.2394955,-0.015378,-0.004768372,0.04233699,1.223
2024_02_11_02_25_13_280,0.4,-0.1384638,68219.0,65218.0,12.46282,-14.72807,0.135983,6.28258,0.009058017,3.528358,1.21,0.002137317,0.0001837718,-0.2398299,-0.02408027,-0.004470348,0.02285,1.223
2024_02_11_02_25_13_312,0.4,-0.1386622,68324.0,65314.0,12.42459,-14.74335,0.135983,6.282579,0.009058181,3.520198,1.21,0.002138238,0.000172512,-0.2401658,-0.003457069,-0.001728535,-2.793968e-05,1.223
2024_02_11_02_25_13_351,0.4,-0.1389133,68437.0,65418.0,12.38286,-14.75961,0.135983,6.282578,0.009058227,3.511304,1.21,0.002135785,0.0001273697,-0.24062,0.001549721,-0.0007748603,0.01940783,1.223
2024_02_11_02_25_13_389,0.4,-0.1391105,68554.0,65525.0,12.33986,-14.77593,0.1359832,6.282578,0.009058512,3.502152,1.21,0.002132333,0.0001350893,-0.2409667,0.01347065,0.001043081,-0.05753431,1.223
2024_02_11_02_25_13_421,0.4,-0.1393111,68656.0,65618.0,12.30239,-14.78978,0.1359832,6.282577,0.009058575,3.494195,1.21,0.002194139,0.0001739547,-0.2412749,0.01072884,-0.0009834766,-0.00753533,1.223
2024_02_11_02_25_13_455,0.4,-0.139515,68757.0,65711.0,12.26482,-14.80333,0.1359832,6.282576,0.0090586,3.486225,1.21,0.002161347,0.0001196436,-0.241706,0.03564358,0.001430511,-0.0726236,1.223
2024_02_11_02_25_13_492,0.4,-0.1397618,68874.0,65818.0,12.22142,-14.81856,0.1359833,6.282575,0.009058789,3.477032,1.21,0.002145493,0.0001324152,-0.2420602,0.01060963,-0.001013279,-0.01526996,1.223
2024_02_11_02_25_13_530,0.4,-0.1399604,68988.0,65922.0,12.17903,-14.833,0.1359832,6.282574,0.009058815,3.468068,1.21,0.002214474,0.0001661087,-0.2424414,0.03254414,0.001162291,-0.06113667,1.223
2024_02_11_02_25_13_567,0.4,-0.1402173,69105.0,66029.0,12.13536,-14.84744,0.1359832,6.282573,0.009059012,3.458846,1.21,0.002222485,0.0001446684,-0.2428914,-0.003695488,-0.002801418,0.03065448,1.223
2024_02_11_02_25_13_601,0.4,-0.1404144,69207.0,66122.0,12.09733,-14.85965,0.1359833,6.282572,0.009059101,3.450826,1.21,0.002171017,0.0001833316,-0.2431788,-0.009655952,-0.004351139,0.03430527,1.223
2024_02_11_02_25_13_638,0.4,-0.1406172,69324.0,66229.0,12.05343,-14.87333,0.1359834,6.282571,0.009059367,3.441576,1.21,0.002218456,0.000158189,-0.2435764,0.01049042,0.001788139,-0.05724653,1.223
2024_02_11_02_25_13_675,0.4,-0.140865,69438.0,66333.0,12.01057,-14.88626,0.1359833,6.28257,0.009059179,3.432556,1.21,0.00219332,0.0002391716,-0.2439781,0.004410744,-0.00283122,0.04216563,1.223
2024_02_11_02_25_13_709,0.4,-0.1410654,69540.0,66426.0,11.97224,-14.89747,0.1359833,6.282569,0.009059476,3.424499,1.21,0.002221811,0.0001326473,-0.2443102,0.0005960464,-0.00166893,-0.01892727,1.223
2024_02_11_02_25_13_747,0.4,-0.1412679,69657.0,66533.0,11.92799,-14.90999,0.1359835,6.282568,0.00905956,3.415206,1.21,0.00220403,0.0001241713,-0.2447024,0.008106232,-0.000745058,-0.03422704,1.223
2024_02_11_02_25_13_784,0.4,-0.1415153,69771.0,66637.0,11.8848,-14.92178,0.1359834,6.282568,0.009059516,3.406145,1.21,0.002209208,0.000199907,-0.2451435,-0.009775162,-0.002413988,0.003839843,1.223
2024_02_11_02_25_13_821,0.4,-0.1417111,69888.0,66744.0,11.84033,-14.93348,0.1359835,6.282567,0.009059543,3.396821,1.21,0.002215613,0.0001355354,-0.2454899,0.002980232,-0.0005960464,-0.007749535,1.223
2024_02_11_02_25_13_859,0.4,-0.1419615,70002.0,66848.0,11.79693,-14.94448,0.1359835,6.282566,0.009059704,3.387729,1.21,0.00222603,0.0001549566,-0.2458785,0.01609325,-0.0003129244,-0.05345605,1.223
2024_02_11_02_25_13_896,0.4,-0.1421595,70120.0,66955.0,11.75226,-14.95536,0.1359835,6.282565,0.009059704,3.378377,1.21,0.002224688,0.0001652481,-0.2462758,-0.01001358,-0.0012815,-0.01918059,1.223
2024_02_11_02_25_13_935,0.4,-0.1424176,70234.0,67059.0,11.70867,-14.96555,0.1359835,6.282564,0.009060021,3.369256,1.21,0.002254476,0.0001478173,-0.246663,-0.007748603,-0.001609325,0.003983267,1.223
2024_02_11_02_25_13_972,0.4,-0.1426131,70351.0,67166.0,11.66381,-14.9756,0.1359836,6.282563,0.009060136,3.359874,1.21,0.002268003,0.0001613585,-0.247047,0.005602836,-0.001177192,-0.03816746,1.223
2024_02_11_02_25_14_005,0.4,-0.1428149,70453.0,67258.0,11.62478,-14.98399,0.1359835,6.282562,0.009060121,3.351714,1.21,0.002238676,0.0001652916,-0.247447,0.009536743,0.0004768371,-0.07999222,1.223
2024_02_11_02_25_14_042,0.4,-0.1430611,70570.0,67365.0,11.57975,-14.99325,0.1359837,6.282561,0.009060385,3.342303,1.21,0.002230612,0.0001229418,-0.2478326,-0.01680851,-0.00564754,0.06114971,1.223
2024_02_11_02_25_14_076,0.4,-0.1432623,70672.0,67458.0,11.54058,-15.00095,0.1359836,6.28256,0.009060432,3.334119,1.21,0.002254651,0.0001658166,-0.2481829,-0.001430511,-0.002890825,-0.03433879,1.223
2024_02_11_02_25_14_114,0.4,-0.1434648,70789.0,67565.0,11.49539,-15.00941,0.1359837,6.282559,0.009060574,3.324681,1.21,0.002202662,0.0001181627,-0.2485495,-0.00500679,-0.0012815,9.126961e-05,1.223
2024_02_11_02_25_14_151,0.4,-0.1437154,70903.0,67669.0,11.45133,-15.01725,0.1359837,6.282558,0.009060564,3.315476,1.21,0.00227756,0.0001613256,-0.2489334,-0.004172325,-0.0006258487,-0.05754828,1.223
2024_02_11_02_25_14_188,0.4,-0.1439107,71020.0,67776.0,11.406,-15.02487,0.1359838,6.282557,0.009060712,3.306008,1.21,0.002220929,0.0001339042,-0.2493374,0.01764297,0.001385808,-0.06113574,1.223
2024_02_11_02_25_14_225,0.4,-0.1441656,71134.0,67880.0,11.3618,-15.03187,0.1359837,6.282556,0.009060958,3.296774,1.21,0.002294243,0.0001908876,-0.249745,-0.005364418,-0.002458691,-0.02297107,1.223
2024_02_11_02_25_14_264,0.4,-0.1443669,71251.0,67987.0,11.31634,-15.03864,0.1359838,6.282555,0.009061054,3.287277,1.21,0.002221523,0.000148075,-0.2501037,0.0002384186,-0.002592802,0.03835279,1.223
2024_02_11_02_25_14_300,0.4,-0.1446145,71365.0,68091.0,11.27202,-15.04482,0.1359838,6.282554,0.009060907,3.278015,1.21,0.002329277,0.0002317294,-0.250516,0.01430511,-0.0002384186,-0.03048871,1.223
2024_02_11_02_25_14_334,0.4,-0.1448169,71467.0,68183.0,11.23245,-15.04998,0.1359839,6.282553,0.009061337,3.269742,1.21,0.002255246,7.762578e-05,-0.250887,0.03969669,0.001743436,-0.09549874,1.223
2024_02_11_02_25_14_372,0.4,-0.1450114,71584.0,68290.0,11.18683,-15.05552,0.1359839,6.282552,0.009061349,3.260201,1.21,0.002270637,0.0001595315,-0.2512407,-0.002980232,-0.002518296,0.01153536,1.223
2024_02_11_02_25_14_409,0.4,-0.1452623,71698.0,68394.0,11.14235,-15.06049,0.1359839,6.282551,0.009061307,3.250898,1.21,0.002272094,0.0001638573,-0.2516657,0.01692772,-0.001855194,-0.04204455,1.223
2024_02_11_02_25_14_446,0.4,-0.1454619,71816.0,68501.0,11.09665,-15.06516,0.135984,6.28255,0.009061425,3.241327,1.21,0.002292388,0.0001491823,-0.2520472,0.01442432,-0.000230968,-0.02293847,1.223
2024_02_11_02_25_14_484,0.4,-0.1457091,71930.0,68604.0,11.05209,-15.06929,0.135984,6.282549,0.009061241,3.231994,1.21,0.002325538,0.0001934778,-0.2524464,-0.01704693,-0.002611428,0.02653058,1.223
2024_02_11_02_25_14_521,0.4,-0.1459165,72047.0,68711.0,11.0063,-15.0731,0.135984,6.282548,0.009061616,3.222392,1.21,0.002205187,0.0001262737,-0.2528396,-0.01132488,-0.002279878,0.01123827,1.223
2024_02_11_02_25_14_559,0.4,-0.1461614,72161.0,68815.0,10.96168,-15.07639,0.135984,6.282547,0.009061676,3.21303,1.21,0.002314358,0.0001716715,-0.2532069,0.006198883,-0.001601875,-0.0419328,1.223
2024_02_11_02_25_14_596,0.4,-0.1463597,72278.0,68921.0,10.91583,-15.07933,0.135984,6.282547,0.009061503,3.203399,1.21,0.002275223,0.0002154794,-0.2536232,-0.01049042,-0.001959503,0.01509301,1.223
2024_02_11_02_25_14_634,0.4,-0.146616,72392.0,69025.0,10.87117,-15.08177,0.1359841,6.282546,0.009061728,3.194007,1.21,0.002296676,0.0001180232,-0.2539718,0.01525879,0.0003762543,-0.04584435,1.223
2024_02_11_02_25_14_671,0.4,-0.1468095,72509.0,69132.0,10.82528,-15.08383,0.135984,6.282545,0.009061638,3.184346,1.21,0.002345331,0.0002006239,-0.254424,-0.01883507,-0.004123896,0.09552389,1.223
2024_02_11_02_25_14_709,0.4,-0.147065,72623.0,69236.0,10.78058,-15.08541,0.1359841,6.282543,0.00906176,3.174924,1.21,0.002290596,0.0001520849,-0.2548736,-0.02598762,-0.006828457,0.0648303,1.223
2024_02_11_02_25_14_746,0.4,-0.1472668,72741.0,69342.0,10.73466,-15.0866,0.135984,6.282542,0.009061643,3.165232,1.21,0.002261594,0.0001802412,-0.2552472,0.01347065,0.0008940696,-0.07656962,1.223
2024_02_11_02_25_14_779,0.4,-0.1474651,72842.0,69435.0,10.69476,-15.08727,0.135984,6.282542,0.009061847,3.156803,1.21,0.00232817,0.0001751978,-0.2555492,-0.005245208,-0.001598149,0.04611443,1.223
2024_02_11_02_25_14_818,0.4,-0.1477099,72959.0,69541.0,10.64883,-15.08763,0.1359841,6.28254,0.009061831,3.147083,1.21,0.00225418,0.0002015571,-0.2560408,0.01478195,-0.001884997,0.03818516,1.223
2024_02_11_02_25_14_855,0.4,-0.1479111,73074.0,69645.0,10.60411,-15.08754,0.1359842,6.28254,0.009061915,3.137604,1.21,0.002288897,0.0001815272,-0.2563671,0.009059906,-0.002440065,-0.01926627,1.223
2024_02_11_02_25_14_888,0.4,-0.148114,73175.0,69738.0,10.56421,-15.08711,0.1359842,6.282539,0.009061988,3.129137,1.21,0.002252438,0.0001603147,-0.2566974,0.03480911,0.00140816,-0.03447942,1.223
2024_02_11_02_25_14_926,0.4,-0.1483655,73293.0,69844.0,10.51829,-15.08619,0.1359841,6.282538,0.009062213,3.119374,1.21,0.002327933,0.0001465022,-0.2571212,0.003933907,-0.002168119,-0.01143105,1.223
2024_02_11_02_25_14_963,0.4,-0.1485641,73407.0,69948.0,10.47359,-15.08487,0.1359841,6.282537,0.00906232,3.109853,1.21,0.002323891,0.0002176617,-0.2574981,-0.01680851,-0.0007152557,-0.003594905,1.223
2024_02_11_02_25_15_001,0.4,-0.1488152,73524.0,70055.0,10.4277,-15.08306,0.1359843,6.282536,0.009062592,3.10006,1.21,0.00237726,0.0001356334,-0.2578716,0.01394749,-0.0001974404,-0.05350913,1.223
2024_02_11_02_25_15_038,0.4,-0.1490097,73638.0,70158.0,10.38303,-15.08088,0.1359843,6.282535,0.009062614,3.09051,1.21,0.00232343,0.0002084813,-0.2582504,0.02157688,0.002756715,-0.09199231,1.223
2024_02_11_02_25_15_075,0.4,-0.1492648,73755.0,70265.0,10.33719,-15.07818,0.1359841,6.282534,0.009062511,3.080687,1.21,0.002351571,0.0002436478,-0.2586933,-0.00846386,-0.005543231,0.08792802,1.223
2024_02_11_02_25_15_109,0.4,-0.1494598,73857.0,70358.0,10.2974,-15.07548,0.1359844,6.282533,0.009062869,3.072144,1.21,0.002376133,0.0001262326,-0.2590316,0.001430511,-0.002898276,-0.02296269,1.223
2024_02_11_02_25_15_143,0.4,-0.1496596,73962.0,70453.0,10.25643,-15.07234,0.1359843,6.282532,0.009062958,3.06333,1.21,0.002355381,0.0002275255,-0.2593959,-0.0004768371,-0.004686415,0.03444497,1.223
2024_02_11_02_25_15_180,0.4,-0.1498602,74076.0,70557.0,10.21188,-15.06851,0.1359844,6.282531,0.009063203,3.053725,1.21,0.002328764,0.0001806532,-0.2597239,-0.01871586,-0.00243634,-0.007634051,1.223
2024_02_11_02_25_15_217,0.4,-0.1501133,74193.0,70663.0,10.16617,-15.06413,0.1359845,6.28253,0.009063615,3.043847,1.21,0.002349567,0.0001552663,-0.2601427,0.02121925,-0.0005662441,-0.06862357,1.223
2024_02_11_02_25_15_250,0.4,-0.1503155,74295.0,70756.0,10.12651,-15.05997,0.1359845,6.282529,0.009063519,3.035256,1.21,0.00240706,0.0002266709,-0.2604705,-0.02658367,-0.005111098,0.07638521,1.223
2024_02_11_02_25_15_284,0.4,-0.1505128,74396.0,70848.0,10.08689,-15.05546,0.1359845,6.282528,0.00906373,3.026654,1.21,0.002304704,0.0001792064,-0.2608303,-0.006198883,-0.002145767,0.01531839,1.223
2024_02_11_02_25_15_321,0.4,-0.1507117,74514.0,70954.0,10.04133,-15.04984,0.1359848,6.282527,0.009063853,3.016734,1.21,0.002288011,0.0001814664,-0.2612031,-0.001788139,-0.001400709,-0.03463402,1.223
2024_02_11_02_25_15_358,0.4,-0.1509622,74628.0,71058.0,9.997018,-15.04394,0.1359847,6.282526,0.009063994,3.007061,1.21,0.002269102,0.0001744935,-0.2616184,-0.002264977,-0.003576278,0.01520663,1.223
2024_02_11_02_25_15_396,0.4,-0.1511599,74745.0,71164.0,9.951572,-15.03744,0.1359847,6.282526,0.009064063,2.997111,1.21,0.002351682,0.000164483,-0.2620108,0.001072884,-0.0003278255,-0.03825966,1.223
2024_02_11_02_25_15_429,0.4,-0.1513653,74847.0,71256.0,9.91216,-15.03142,0.1359847,6.282525,0.009063888,2.988458,1.21,0.002351006,0.0001738984,-0.2623712,-0.02646446,-0.003799796,0.02252683,1.223
2024_02_11_02_25_15_467,0.4,-0.1516103,74964.0,71363.0,9.866846,-15.02407,0.1359846,6.282524,0.009063828,2.978478,1.21,0.002408197,0.0001620791,-0.2627922,0.009059906,-0.001013279,-0.03054924,1.223
2024_02_11_02_25_15_500,0.4,-0.1518157,75066.0,71455.0,9.827554,-15.01732,0.1359846,6.282523,0.009063764,2.969799,1.21,0.002359753,0.0001976889,-0.2631577,0.007748603,-0.001430511,0.01916289,1.223
2024_02_11_02_25_15_538,0.4,-0.152016,75180.0,71559.0,9.783574,-15.00934,0.1359846,6.282522,0.00906378,2.960054,1.21,0.002348677,0.0002100666,-0.2635472,-0.01513958,-0.003993511,0.04956592,1.223
2024_02_11_02_25_15_571,0.4,-0.152209,75285.0,71654.0,9.743231,-15.00164,0.1359848,6.282521,0.00906407,2.951088,1.21,0.002344656,0.0001515165,-0.2638578,0.01943111,-1.490116e-05,-0.06898306,1.223
2024_02_11_02_25_15_609,0.4,-0.1524639,75399.0,71757.0,9.699413,-14.99284,0.1359846,6.28252,0.009064016,2.941316,1.21,0.002416228,0.0002189372,-0.2642683,-0.00166893,-0.001206994,-0.01911912,1.223
2024_02_11_02_25_15_647,0.4,-0.1526604,75516.0,71864.0,9.654499,-14.98336,0.1359847,6.282519,0.009064339,2.931265,1.21,0.002387729,0.0001020569,-0.2646222,0.01323223,0.001534819,-0.06115436,1.223
2024_02_11_02_25_15_679,0.4,-0.1528587,75618.0,71956.0,9.615581,-14.97477,0.1359846,6.282518,0.009064347,2.922524,1.21,0.002405787,0.0002366224,-0.265011,-0.01573563,-0.004410744,0.05737692,1.223
2024_02_11_02_25_15_717,0.4,-0.1531114,75732.0,72059.0,9.572032,-14.96472,0.1359848,6.282517,0.009064639,2.912711,1.21,0.002363488,0.0001633852,-0.2654119,0.0009536743,-0.002652406,-0.01135282,1.223
2024_02_11_02_25_15_755,0.4,-0.153315,75849.0,72166.0,9.527413,-14.95396,0.1359849,6.282516,0.009064818,2.902618,1.21,0.002390854,0.0002073566,-0.265814,0.02169609,-0.0007152557,-0.04982762,1.223
2024_02_11_02_25_15_788,0.4,-0.1535105,75951.0,72258.0,9.488756,-14.94425,0.1359848,6.282516,0.009064748,2.893841,1.21,0.002320147,0.0002605424,-0.2661609,0.002980232,-0.001072884,-0.02683047,1.223
2024_02_11_02_25_15_821,0.4,-0.1537103,76056.0,72353.0,9.449024,-14.9339,0.1359849,6.282515,0.009065126,2.884786,1.21,0.002430121,0.0001587473,-0.2665033,-0.001549721,-0.002384186,0.01145992,1.223
2024_02_11_02_25_15_859,0.4,-0.1539582,76170.0,72457.0,9.405892,-14.92222,0.1359851,6.282514,0.009065203,2.874919,1.21,0.002417085,0.0001801121,-0.2668564,-0.01323223,-0.002652406,-0.007853843,1.223
2024_02_11_02_25_15_892,0.4,-0.1541679,76272.0,72549.0,9.367529,-14.91144,0.1359851,6.282513,0.009065313,2.866105,1.21,0.002372684,0.0001361714,-0.2672509,-0.003933907,-0.003546476,-0.0229897,1.223
2024_02_11_02_25_15_929,0.4,-0.1543624,76390.0,72655.0,9.323469,-14.89862,0.135985,6.282512,0.009065451,2.855942,1.21,0.002338734,0.0001636377,-0.2676077,0.008225441,-0.00205636,0.00375323,1.223
2024_02_11_02_25_15_967,0.4,-0.1546147,76504.0,72759.0,9.280693,-14.8857,0.1359851,6.282511,0.009065544,2.846033,1.21,0.002360959,0.0002045276,-0.2680095,-0.03063679,-0.007539987,0.07621851,1.223
2024_02_11_02_25_16_001,0.4,-0.1548108,76609.0,72854.0,9.241503,-14.87345,0.135985,6.28251,0.009065756,2.836916,1.21,0.002389578,0.0001899837,-0.2683944,-0.01311302,-0.004351139,0.05375035,1.223
2024_02_11_02_25_16_038,0.4,-0.1550114,76723.0,72957.0,9.19899,-14.85972,0.1359851,6.282509,0.009065851,2.82698,1.21,0.00241046,0.0002278889,-0.2687132,-0.005245208,-0.00244379,0.01151673,1.223
2024_02_11_02_25_16_075,0.4,-0.1552588,76841.0,73064.0,9.15548,-14.84518,0.1359852,6.282508,0.009066162,2.81676,1.21,0.0024206,0.0001624874,-0.2690509,-0.003695488,-0.001162291,-0.01902133,1.223
2024_02_11_02_25_16_113,0.4,-0.1554641,76955.0,73167.0,9.113236,-14.8306,0.1359853,6.282507,0.009066381,2.806795,1.21,0.002404999,0.0002000142,-0.2694668,-0.01192093,-0.00372529,0.01526344,1.223
2024_02_11_02_25_16_151,0.4,-0.1557151,77072.0,73273.0,9.070034,-14.81519,0.1359853,6.282506,0.009066489,2.796546,1.21,0.00238657,0.0001673436,-0.2698748,-0.01835823,-0.004917383,0.02296269,1.223
2024_02_11_02_25_16_184,0.4,-0.155912,77174.0,73365.0,9.032645,-14.80145,0.1359852,6.282505,0.009066479,2.787635,1.21,0.002402412,0.0002177304,-0.2702019,0.0004768371,-0.00217557,0.01533516,1.223
2024_02_11_02_25_16_222,0.4,-0.1561091,77292.0,73471.0,8.989746,-14.78521,0.1359853,6.282504,0.00906636,2.777359,1.21,0.002422932,0.0002219171,-0.2706237,0.008821487,0.0003874302,-0.02301391,1.223
2024_02_11_02_25_16_259,0.4,-0.1563595,77406.0,73574.0,8.948139,-14.76898,0.1359854,6.282503,0.009066501,2.767339,1.21,0.002441119,0.0001816718,-0.2709919,0.03623962,0.0004768371,-0.03816187,1.223
2024_02_11_02_25_16_292,0.4,-0.1565611,77508.0,73667.0,8.911169,-14.75415,0.1359853,6.282503,0.009066504,2.758388,1.21,0.002408381,0.000161667,-0.2713723,-0.006437301,-0.004410744,0.0306433,1.223
2024_02_11_02_25_16_329,0.4,-0.1567624,77626.0,73773.0,8.868768,-14.73666,0.1359854,6.282502,0.009066628,2.748067,1.21,0.002472382,0.0001456716,-0.2717729,-0.004291534,-0.002771616,0.02294313,1.223
2024_02_11_02_25_16_363,0.4,-0.1569632,77728.0,73865.0,8.83209,-14.72112,0.1359853,6.282501,0.009066482,2.739092,1.21,0.002378775,0.0002501672,-0.2721295,-0.02598762,-0.004917383,0.04185829,1.223
2024_02_11_02_25_16_400,0.4,-0.1572128,77845.0,73971.0,8.790037,-14.70282,0.1359853,6.2825,0.009066835,2.72874,1.21,0.002415405,0.0001561447,-0.2725813,-0.02157688,-0.004947185,0.0534961,1.223
2024_02_11_02_25_16_434,0.4,-0.1574091,77947.0,74063.0,8.753676,-14.68658,0.1359854,6.282499,0.009066748,2.71974,1.21,0.002440603,0.0001723655,-0.2728753,-0.002384186,-0.004172325,-0.00794325,1.223
2024_02_11_02_25_16_471,0.4,-0.1576114,78065.0,74169.0,8.711989,-14.66747,0.1359853,6.282498,0.009066558,2.709361,1.21,0.002445681,0.0002162867,-0.2733045,0.0,-0.002086163,-0.01154654,1.223
2024_02_11_02_25_16_504,0.4,-0.1578132,78167.0,74261.0,8.675947,-14.65052,0.1359855,6.282497,0.009066796,2.700339,1.21,0.002415259,0.0002076508,-0.2736334,-0.008702278,-0.002801418,-0.0001583248,1.223
2024_02_11_02_25_16_542,0.4,-0.1580608,78281.0,74364.0,8.635723,-14.63113,0.1359853,6.282496,0.009066705,2.690206,1.21,0.002473772,0.0002391255,-0.2740654,-0.002741813,-0.001519918,-0.02297479,1.223
2024_02_11_02_25_16_579,0.4,-0.158262,78398.0,74470.0,8.594625,-14.6108,0.1359854,6.282495,0.009067032,2.679786,1.21,0.002421605,0.0001937704,-0.2744385,0.005364418,-0.004053116,0.01545437,1.223
2024_02_11_02_25_16_617,0.4,-0.1585094,78513.0,74573.0,8.55479,-14.5906,0.1359854,6.282494,0.009067082,2.669625,1.21,0.002457798,0.0002170846,-0.2748118,-0.002861023,-0.002741813,-0.01156796,1.223
2024_02_11_02_25_16_654,0.4,-0.1587092,78630.0,74679.0,8.514115,-14.56942,0.1359855,6.282493,0.009067317,2.659175,1.21,0.002504224,0.0001650429,-0.2751784,0.0002384186,-0.0009238719,3.445894e-05,1.223
2024_02_11_02_25_16_688,0.4,-0.158914,78732.0,74772.0,8.478981,-14.5507,0.1359855,6.282492,0.009067458,2.650088,1.21,0.002515089,0.0001982602,-0.2755861,-0.02276897,-0.002145767,8.195638e-05,1.223
2024_02_11_02_25_16_725,0.4,-0.1591591,78850.0,74878.0,8.438738,-14.52873,0.1359856,6.282491,0.009067686,2.639609,1.21,0.002459209,0.0001833049,-0.2759482,-0.005125999,-0.004887581,0.05365349,1.223
2024_02_11_02_25_16_759,0.4,-0.1593639,78952.0,74970.0,8.403977,-14.50932,0.1359856,6.28249,0.009067977,2.630497,1.21,0.00255914,0.0001673988,-0.2762358,0.01847744,0.0005960464,-0.03402121,1.223
2024_02_11_02_25_16_796,0.4,-0.1595599,79069.0,75076.0,8.364178,-14.48657,0.1359857,6.28249,0.009067938,2.619989,1.21,0.002440482,0.0001924828,-0.2767012,0.007867813,-0.002801418,0.04602782,1.223
2024_02_11_02_25_16_834,0.4,-0.1598089,79183.0,75179.0,8.325653,-14.46403,0.1359857,6.282489,0.009068263,2.609747,1.21,0.002484896,0.000224872,-0.2770444,-0.02253055,-0.006198883,0.09557977,1.223
2024_02_11_02_25_16_867,0.4,-0.1600127,79285.0,75271.0,8.291495,-14.44359,0.1359857,6.282488,0.009068369,2.600599,1.21,0.002403967,0.000229988,-0.2773947,-0.01883507,-0.005245208,0.05739648,1.223
2024_02_11_02_25_16_904,0.4,-0.1602085,79403.0,75377.0,8.252394,-14.41966,0.1359858,6.282487,0.009068428,2.59005,1.21,0.002442349,0.0002082961,-0.2778018,-0.01311302,-0.004470348,0.05739275,1.223
2024_02_11_02_25_16_938,0.4,-0.1604112,79505.0,75469.0,8.21865,-14.39856,0.1359858,6.282486,0.00906838,2.580876,1.21,0.002497776,0.0002110356,-0.2781659,0.002264977,0.0004172325,-0.02284068,1.223
2024_02_11_02_25_16_975,0.4,-0.1606585,79622.0,75575.0,8.180035,-14.37387,0.1359857,6.282485,0.009068425,2.570297,1.21,0.002519525,0.0001608402,-0.278553,0.01573563,-5.960464e-05,-0.03790483,1.223
2024_02_11_02_25_17_009,0.4,-0.1608621,79724.0,75667.0,8.146713,-14.3521,0.1359858,6.282484,0.009068339,2.5611,1.21,0.002466291,0.0001820644,-0.2788983,0.0244379,0.001549721,-0.06880797,1.223
2024_02_11_02_25_17_046,0.4,-0.1610599,79839.0,75770.0,8.109595,-14.32733,0.1359858,6.282483,0.009068471,2.550773,1.21,0.002514731,0.000194407,-0.2792719,0.01096725,0.0001192093,-0.04179589,1.223
2024_02_11_02_25_17_084,0.4,-0.1613107,79956.0,75876.0,8.071742,-14.30149,0.1359859,6.282482,0.009068623,2.540155,1.21,0.002540255,0.0002314721,-0.2796913,-0.020504,-0.002324581,-0.01548231,1.223
2024_02_11_02_25_17_122,0.4,-0.1615129,80071.0,75979.0,8.035153,-14.27595,0.1359859,6.282481,0.009068581,2.529799,1.21,0.002475243,0.0001808839,-0.2801042,0.01227856,-0.001549721,0.007912517,1.223
2024_02_11_02_25_17_159,0.4,-0.1617647,80188.0,76084.0,7.997855,-14.24932,0.1359859,6.28248,0.009068721,2.519151,1.21,0.00248022,0.0001469066,-0.2805218,0.009536743,-0.003099441,-3.911554e-05,1.223
2024_02_11_02_25_17_196,0.4,-0.1619601,80302.0,76187.0,7.961816,-14.22302,0.1359857,6.282479,0.00906862,2.508768,1.21,0.002515723,0.0002498919,-0.2808986,0.01227856,-0.000834465,0.01188368,1.223
2024_02_11_02_25_17_234,0.4,-0.1622129,80420.0,76293.0,7.925088,-14.19561,0.1359859,6.282478,0.009068715,2.49809,1.21,0.002531137,0.0002022315,-0.2812818,-0.02241134,-0.004351139,0.0688117,1.223
2024_02_11_02_25_17_267,0.4,-0.1624094,80522.0,76385.0,7.893434,-14.1715,0.1359859,6.282477,0.009068583,2.488802,1.21,0.002543197,0.0002793164,-0.2816851,-0.03123283,-0.005364418,0.05319528,1.223
2024_02_11_02_25_17_305,0.4,-0.1626097,80639.0,76491.0,7.857263,-14.14336,0.135986,6.282476,0.009068906,2.478092,1.21,0.002541506,0.0001539725,-0.2820508,0.01442432,-0.0007152557,-0.01908466,1.223
2024_02_11_02_25_17_338,0.4,-0.1628148,80741.0,76582.0,7.826098,-14.11863,0.135986,6.282475,0.009068953,2.468776,1.21,0.002530148,0.0002235802,-0.2823876,-0.004172325,-0.001788139,0.0495566,1.223
2024_02_11_02_25_17_376,0.4,-0.1630612,80859.0,76688.0,7.790498,-14.08978,0.135986,6.282475,0.009069278,2.458035,1.21,0.002522711,0.0002050169,-0.2827544,0.01382828,-0.001966953,-0.01138076,1.223
2024_02_11_02_25_17_412,0.4,-0.1632598,80973.0,76791.0,7.756139,-14.06133,0.135986,6.282474,0.00906933,2.447564,1.21,0.002518982,0.0002429784,-0.2831761,0.005722045,-0.001490116,-0.01928676,1.223
2024_02_11_02_25_17_446,0.4,-0.1634591,81075.0,76883.0,7.725748,-14.03565,0.1359862,6.282473,0.009069651,2.438211,1.21,0.002555735,0.0001611278,-0.2835079,-0.01776218,-0.005424022,0.05740858,1.223
2024_02_11_02_25_17_483,0.4,-0.1637134,81192.0,76989.0,7.691056,-14.00573,0.1359862,6.282472,0.009069557,2.427428,1.21,0.0024644,0.0002571353,-0.28393,-0.00500679,-0.002086163,-0.0001136213,1.223
2024_02_11_02_25_17_521,0.4,-0.1639132,81307.0,77092.0,7.657589,-13.97624,0.1359862,6.282471,0.009069769,2.416914,1.21,0.002530804,0.0001894231,-0.2842976,-0.02527237,-0.004589558,0.06492902,1.223
2024_02_11_02_25_17_558,0.4,-0.1641617,81424.0,77198.0,7.623547,-13.94559,0.1359861,6.28247,0.009069687,2.406105,1.21,0.002600199,0.0002245328,-0.2847098,0.0007152557,-0.00166893,-0.03459956,1.223
2024_02_11_02_25_17_596,0.4,-0.1643598,81539.0,77301.0,7.590719,-13.9154,0.1359863,6.282469,0.009069961,2.395564,1.21,0.00256898,0.0001767705,-0.2850979,0.005602836,-0.001609325,0.003755092,1.223
2024_02_11_02_25_17_635,0.4,-0.1645588,81656.0,77406.0,7.557339,-13.88404,0.1359863,6.282468,0.009070034,2.384727,1.21,0.002601831,0.0002328647,-0.285459,-0.004649162,-0.0004172325,-0.01155119,1.223
2024_02_11_02_25_17_666,0.4,-0.1647931,81758.0,77498.0,7.528631,-13.85651,0.1359863,6.282467,0.009070153,2.375299,1.21,0.002587414,0.0001940978,-0.2858204,0.01597404,0.0002384186,-0.04574377,1.223
2024_02_11_02_25_17_705,0.4,-0.1650371,81876.0,77604.0,7.495895,-13.82447,0.1359864,6.282466,0.009070503,2.364428,1.21,0.002571408,0.0002551809,-0.2862047,-0.01239777,-0.003933907,-0.01506042,1.223
2024_02_11_02_25_17_742,0.4,-0.1652322,81990.0,77707.0,7.464361,-13.79294,0.1359865,6.282465,0.009070822,2.353826,1.21,0.00253238,0.0002067157,-0.2865499,0.01883507,0.0009536743,-0.06866455,1.223
2024_02_11_02_25_17_780,0.4,-0.1654843,82107.0,77812.0,7.432326,-13.76021,0.1359865,6.282465,0.009071078,2.342928,1.2,0.002539932,0.0002196695,-0.2869794,-0.009059906,-0.003278255,0.03454182,1.223
2024_02_11_02_25_17_813,0.4,-0.165693,82209.0,77904.0,7.404797,-13.73151,0.1359866,6.282464,0.009071073,2.333451,1.2,0.002607175,0.0002656748,-0.2872764,0.001430511,0.0002980232,-0.03840122,1.223
2024_02_11_02_25_17_850,0.4,-0.1658835,82327.0,78010.0,7.373438,-13.69814,0.1359866,6.282462,0.009071321,2.322527,1.2,0.002652122,0.0002389923,-0.2876816,-0.01049042,0.0001788139,-0.03042072,1.223
2024_02_11_02_25_17_887,0.4,-0.1661318,82441.0,78113.0,7.343262,-13.66532,0.1359866,6.282462,0.009071179,2.311877,1.2,0.002633935,0.0002535583,-0.2880886,-0.002384186,-0.001311302,-0.04208833,1.223
2024_02_11_02_25_17_922,0.4,-0.1663366,82543.0,78204.0,7.316644,-13.63578,0.1359866,6.282461,0.009071297,2.302365,1.2,0.002557042,0.0002324569,-0.2884554,-0.004053116,-0.003993511,0.03826804,1.223
2024_02_11_02_25_17_958,0.4,-0.1665336,82661.0,78310.0,7.286346,-13.60146,0.1359866,6.28246,0.009071155,2.291391,1.2,0.002543546,0.000270667,-0.2888807,-0.03278255,-0.004649162,0.03430247,1.223
2024_02_11_02_25_17_996,0.4,-0.166787,82775.0,78412.0,7.257208,-13.56772,0.1359867,6.282459,0.0090713,2.280694,1.2,0.002612992,0.0001641425,-0.2892725,0.010252,-0.002622604,-0.003789551,1.223
2024_02_11_02_25_18_033,0.4,-0.1669829,82892.0,78518.0,7.227663,-13.53275,0.1359867,6.282458,0.009071296,2.269693,1.2,0.002643205,0.0001918423,-0.2896572,0.02026558,0.002920627,-0.08417572,1.223
2024_02_11_02_25_18_066,0.4,-0.1671865,82995.0,78609.0,7.202319,-13.50211,0.1359867,6.282457,0.009071328,2.260129,1.2,0.002651264,0.0002030602,-0.2899711,0.01037121,0.0001192093,-0.07677451,1.223
2024_02_11_02_25_18_105,0.4,-0.1674349,83112.0,78715.0,7.173503,-13.46654,0.1359867,6.282456,0.009071412,2.249101,1.2,0.002563706,0.0002137476,-0.2904421,-0.02813339,-0.007510185,0.09934045,1.223
2024_02_11_02_25_18_138,0.4,-0.1676351,83214.0,78807.0,7.148799,-13.4354,0.1359867,6.282455,0.009071544,2.239511,1.2,0.00265128,0.000191619,-0.2907483,0.0009536743,-0.0002384186,-0.06882381,1.223
2024_02_11_02_25_18_175,0.4,-0.1678342,83328.0,78909.0,7.121456,-13.4002,0.1359867,6.282454,0.009071532,2.228744,1.2,0.002571061,0.0002491032,-0.2911711,0.008940697,-0.001013279,0.03431831,1.223
2024_02_11_02_25_18_209,0.4,-0.1680326,83434.0,79004.0,7.096669,-13.36759,0.1359867,6.282453,0.009071627,2.218836,1.2,0.002633703,0.0002115358,-0.2915274,-0.00166893,-0.004053116,0.06875861,1.223
2024_02_11_02_25_18_246,0.4,-0.1682867,83548.0,79106.0,7.070064,-13.33184,0.1359867,6.282452,0.009071878,2.208045,1.2,0.002593315,0.0002095358,-0.2919135,-0.003218651,-0.002562999,-0.0227848,1.223
2024_02_11_02_25_18_279,0.4,-0.1684827,83653.0,79201.0,7.045957,-13.29873,0.1359868,6.282451,0.009072013,2.198114,1.2,0.002635911,0.000231631,-0.292306,0.009179115,0.0,-0.08017383,1.223
2024_02_11_02_25_18_312,0.4,-0.1686874,83756.0,79292.0,7.022875,-13.26637,0.1359866,6.28245,0.009072187,2.188464,1.2,0.002539427,0.0002523958,-0.29262,-0.001430511,-0.002145767,0.0383649,1.223
2024_02_11_02_25_18_350,0.4,-0.1688865,83870.0,79395.0,6.997371,-13.22982,0.1359868,6.28245,0.009072081,2.177625,1.2,0.002556451,0.0003199153,-0.2929852,-0.005483627,-0.002026558,0.03830437,1.223
2024_02_11_02_25_18_388,0.4,-0.1691337,83988.0,79500.0,6.971595,-13.19201,0.135987,6.282448,0.009072583,2.166487,1.2,0.002621087,0.0001783715,-0.2933894,-0.00166893,-0.005602836,0.04999432,1.223
2024_02_11_02_25_18_421,0.4,-0.1693296,84090.0,79592.0,6.949551,-13.15894,0.1359869,6.282448,0.009072654,2.156801,1.2,0.00260372,0.0002569113,-0.2937291,-0.0128746,-0.006258487,0.03057439,1.223
2024_02_11_02_25_18_459,0.4,-0.1695348,84208.0,79698.0,6.924567,-13.12059,0.1359871,6.282447,0.009072822,2.145634,1.2,0.002599414,0.0002556161,-0.2940826,-0.0009536743,-0.001013279,0.003821216,1.223
2024_02_11_02_25_18_491,0.4,-0.1697372,84310.0,79789.0,6.903224,-13.08707,0.1359871,6.282446,0.009073053,2.135919,1.2,0.00258951,0.0002267221,-0.2944211,-0.005245208,-0.0009536743,-0.03439467,1.223
2024_02_11_02_25_18_529,0.4,-0.1699874,84428.0,79895.0,6.87905,-13.04823,0.1359871,6.282445,0.009073235,2.124724,1.2,0.002713878,0.0002566985,-0.2948116,0.004053116,-0.0007152557,-0.02305768,1.223
2024_02_11_02_25_18_566,0.4,-0.1701865,84542.0,79997.0,6.855934,-13.01014,0.1359871,6.282444,0.009073235,2.113807,1.2,0.002689773,0.0002336738,-0.2952401,0.01370907,-0.0009536743,-0.0380557,1.223
2024_02_11_02_25_18_605,0.4,-0.1704315,84660.0,80103.0,6.832629,-12.97077,0.1359872,6.282443,0.00907349,2.102583,1.2,0.002679181,0.0002016806,-0.2956263,-0.020504,-0.001877546,0.01517497,1.223
2024_02_11_02_25_18_642,0.4,-0.1706327,84774.0,80205.0,6.810367,-12.93218,0.1359873,6.282442,0.009073677,2.091635,1.2,0.002613429,0.0001698818,-0.2959734,-0.007629394,-0.002354383,-0.007562339,1.223
2024_02_11_02_25_18_680,0.4,-0.1708843,84892.0,80311.0,6.787937,-12.89231,0.1359872,6.282441,0.009073867,2.080382,1.2,0.002677144,0.0001874411,-0.2964034,-0.02098083,-0.005871057,0.04983134,1.223
2024_02_11_02_25_18_716,0.4,-0.1710865,85007.0,80413.0,6.766536,-12.85324,0.1359873,6.28244,0.009073828,2.069412,1.2,0.002676837,0.0002225486,-0.2967814,-0.0009536743,-0.004261732,0.05383975,1.223
2024_02_11_02_25_18_750,0.4,-0.1712939,85109.0,80504.0,6.747814,-12.8182,0.1359873,6.282439,0.009073783,2.059617,1.2,0.002768544,0.0002031906,-0.2971111,0.00667572,0.0008642673,-0.06498676,1.223
2024_02_11_02_25_18_784,0.4,-0.1714848,85214.0,80599.0,6.728888,-12.78191,0.1359872,6.282439,0.00907367,2.049511,1.2,0.002631133,0.0002521999,-0.2975228,0.01239777,0.003129244,-0.03424939,1.223
2024_02_11_02_25_18_817,0.4,-0.1716865,85317.0,80690.0,6.710864,-12.74651,0.1359873,6.282438,0.009074152,2.039686,1.2,0.002670565,0.0001747332,-0.2978252,0.0009536743,0.001490116,-0.03429409,1.223
2024_02_11_02_25_18_855,0.4,-0.1719318,85434.0,80795.0,6.690547,-12.70552,0.1359874,6.282437,0.009074155,2.028358,1.2,0.002620316,0.0002604597,-0.2982453,-0.01072884,-0.004440546,0.003747642,1.223
2024_02_11_02_25_18_887,0.4,-0.1721362,85537.0,80887.0,6.673283,-12.66975,0.1359874,6.282436,0.009074191,2.018509,1.2,0.002729759,0.0001991252,-0.2985949,0.0244379,0.001579523,-0.04562363,1.223
2024_02_11_02_25_18_925,0.4,-0.1723347,85651.0,80989.0,6.654349,-12.62945,0.1359874,6.282435,0.009074099,2.007455,1.2,0.002665214,0.0002046845,-0.2990204,0.002264977,-0.001549721,0.01905207,1.223
2024_02_11_02_25_18_962,0.4,-0.1725868,85769.0,81094.0,6.63537,-12.58784,0.1359874,6.282434,0.009074178,1.996088,1.2,0.002818498,0.0001924208,-0.299401,-0.01120567,-0.003814697,-0.01155492,1.223
2024_02_11_02_25_19_000,0.4,-0.1727857,85884.0,81197.0,6.617347,-12.54712,0.1359874,6.282433,0.009074212,1.985009,1.2,0.002755191,0.0002525414,-0.2997664,-0.01728535,-0.005483627,0.03437977,1.223
2024_02_11_02_25_19_032,0.4,-0.1729817,85989.0,81291.0,6.601182,-12.50953,0.1359875,6.282432,0.009074586,1.974807,1.2,0.002628174,0.0001899406,-0.3001215,0.0,0.001251697,-0.08798576,1.223
2024_02_11_02_25_19_070,0.4,-0.1732351,86103.0,81393.0,6.584024,-12.46844,0.1359875,6.282431,0.009074681,1.963691,1.2,0.002689567,0.0002441699,-0.3005057,-0.00333786,-0.00283122,0.05364138,1.223
2024_02_11_02_25_19_108,0.4,-0.173437,86221.0,81498.0,6.566887,-12.42605,0.1359875,6.28243,0.00907474,1.952262,1.2,0.002784685,0.0002477664,-0.3009011,0.02098083,0.002384186,-0.07641967,1.223
2024_02_11_02_25_19_146,0.4,-0.1736851,86336.0,81601.0,6.550669,-12.38459,0.1359876,6.282429,0.009075155,1.941123,1.2,0.002765572,0.0002316753,-0.3012614,-0.009059906,-0.002592802,-0.022972,1.223
2024_02_11_02_25_19_180,0.4,-0.173885,86441.0,81695.0,6.536173,-12.34633,0.1359877,6.282428,0.009075066,1.930875,1.2,0.00275517,0.00024208,-0.3016058,-0.0007152557,-0.003457069,0.02306606,1.223
2024_02_11_02_25_19_217,0.4,-0.1740885,86556.0,81797.0,6.520844,-12.30454,0.1359878,6.282428,0.009075333,1.919714,1.2,0.002719494,0.0002087876,-0.3020015,-0.01502037,-0.002592802,0.04591606,1.223
2024_02_11_02_25_19_254,0.4,-0.1743352,86674.0,81903.0,6.505586,-12.26144,0.1359878,6.282426,0.009075494,1.908223,1.2,0.002653933,0.0001421859,-0.3024302,0.02288818,-0.000745058,-0.02655946,1.223
2024_02_11_02_25_19_287,0.4,-0.1745427,86776.0,81994.0,6.492741,-12.22388,0.1359878,6.282426,0.009075643,1.898238,1.2,0.002770318,0.0001901819,-0.3027575,0.005960464,0.0001788139,-0.05727633,1.223
2024_02_11_02_25_19_325,0.4,-0.1747328,86890.0,82096.0,6.478787,-12.18161,0.1359879,6.282424,0.009075461,1.887029,1.2,0.00273902,0.0002286666,-0.3031568,0.006794929,-0.003904104,0.01130812,1.223
2024_02_11_02_25_19_358,0.4,-0.1749324,86996.0,82191.0,6.466389,-12.14264,0.135988,6.282424,0.009075761,1.876723,1.2,0.002739785,0.0001752882,-0.3035015,-0.01883507,-0.003159046,0.01104921,1.223
2024_02_11_02_25_19_396,0.4,-0.1751867,87110.0,82293.0,6.453352,-12.10008,0.1359878,6.282423,0.009075449,1.865492,1.2,0.002791228,0.0003571469,-0.3038999,-0.005602836,-0.001639128,0.007512047,1.223
2024_02_11_02_25_19_434,0.4,-0.1753834,87228.0,82398.0,6.440462,-12.05623,0.1359879,6.282422,0.009076029,1.853933,1.2,0.002729309,0.0001943535,-0.3042784,-0.0002384186,-0.004529953,0.05374197,1.223
2024_02_11_02_25_19_467,0.4,-0.1755861,87330.0,82489.0,6.429679,-12.01803,0.1359879,6.282421,0.009075951,1.843885,1.2,0.002732878,0.0002498692,-0.3046598,-0.01776218,-0.003680587,0.04574004,1.223
2024_02_11_02_25_19_504,0.4,-0.1758369,87445.0,82592.0,6.418049,-11.97507,0.1359879,6.28242,0.009076014,1.83261,1.2,0.002730717,0.0002552667,-0.3050192,-0.007867813,-0.004097819,0.05732663,1.223
2024_02_11_02_25_19_537,0.4,-0.1760312,87550.0,82686.0,6.407792,-11.93549,0.1359879,6.282419,0.009076079,1.822234,1.2,0.002681744,0.0002754987,-0.3053702,0.004291534,-0.001311302,0.003889203,1.223
2024_02_11_02_25_19_570,0.4,-0.1762356,87653.0,82777.0,6.398228,-11.89697,0.135988,6.282419,0.009076267,1.812152,1.2,0.002814861,0.000183143,-0.3056802,0.02431869,0.0006407499,-0.0534011,1.223
2024_02_11_02_25_19_609,0.4,-0.176435,87770.0,82882.0,6.387696,-11.8525,0.135988,6.282418,0.009076428,1.800519,1.2,0.002738897,0.000192771,-0.306136,0.01001358,0.001192093,-0.00390131,1.223
2024_02_11_02_25_19_646,0.4,-0.1766867,87885.0,82984.0,6.377941,-11.80908,0.1359881,6.282416,0.009076524,1.789183,1.2,0.002836807,0.000219163,-0.3064765,-0.03540516,-0.008046627,0.09163003,1.223
2024_02_11_02_25_19_679,0.4,-0.1768849,87987.0,83075.0,6.369658,-11.77027,0.1359881,6.282415,0.009076593,1.779064,1.2,0.002818583,0.0002689102,-0.3068485,-0.004649162,-0.005334615,-0.007633119,1.223
2024_02_11_02_25_19_712,0.4,-0.1770869,88093.0,83169.0,6.361535,-11.7302,0.1359882,6.282415,0.00907659,1.768625,1.2,0.002799082,0.0002108302,-0.3072463,0.0244379,0.0008493661,-0.07271022,1.223
2024_02_11_02_25_19_750,0.4,-0.1772813,88207.0,83271.0,6.353173,-11.68651,0.1359881,6.282414,0.009076633,1.757247,1.2,0.002761147,0.0002639344,-0.3075761,-0.01394749,0.0002235174,-0.05364325,1.223
2024_02_11_02_25_19_788,0.4,-0.1775355,88325.0,83376.0,6.345103,-11.64153,0.1359882,6.282413,0.009076731,1.745544,1.2,0.002828404,0.0002263111,-0.3080052,0.02169609,-0.001072884,-0.03813114,1.223
2024_02_11_02_25_19_825,0.4,-0.1777281,88440.0,83478.0,6.337753,-11.59766,0.1359882,6.282412,0.00907694,1.734141,1.2,0.002768098,0.0002640072,-0.3083744,0.01335144,0.003099441,-0.0726236,1.223
2024_02_11_02_25_19_858,0.4,-0.1779314,88545.0,83572.0,6.33144,-11.55727,0.1359881,6.282411,0.009077117,1.72365,1.2,0.00281421,0.0002381964,-0.3087505,-0.004410744,-0.00154227,0.0001043081,1.223
2024_02_11_02_25_19_896,0.4,-0.1781866,88659.0,83674.0,6.325052,-11.51325,0.1359883,6.28241,0.00907736,1.712221,1.2,0.002676643,0.0002269034,-0.3091124,-0.004053116,-0.001057982,0.0307383,1.223
2024_02_11_02_25_19_933,0.4,-0.1783823,88777.0,83779.0,6.319016,-11.46797,0.1359883,6.282409,0.009077538,1.700459,1.2,0.002811652,0.0002049058,-0.3095492,0.010252,3.72529e-05,-0.03055669,1.223
2024_02_11_02_25_19_970,0.4,-0.1786353,88892.0,83881.0,6.313652,-11.42382,0.1359884,6.282408,0.009077489,1.689002,1.2,0.002829301,0.0002636853,-0.3099085,0.0218153,-0.002622604,-0.02674106,1.223
2024_02_11_02_25_20_004,0.4,-0.1788326,88994.0,83972.0,6.309297,-11.38439,0.1359882,6.282407,0.009077428,1.678767,1.2,0.002801755,0.0003059267,-0.3103197,0.001311302,-0.004388392,0.02308376,1.223
2024_02_11_02_25_20_037,0.4,-0.1790312,89099.0,84066.0,6.305233,-11.34372,0.1359883,6.282407,0.009077591,1.668212,1.2,0.002750581,0.0002345975,-0.3105962,-0.0009536743,0.0009238719,-0.0229571,1.223
2024_02_11_02_25_20_075,0.4,-0.1792331,89214.0,84168.0,6.301296,-11.29942,0.1359884,6.282405,0.009077668,1.656706,1.2,0.002729523,0.000220699,-0.3110162,0.01204014,0.001065433,-0.04208833,1.223
2024_02_11_02_25_20_108,0.4,-0.1794376,89319.0,84262.0,6.298132,-11.25869,0.1359884,6.282404,0.009077769,1.646125,1.2,0.002820205,0.0002561474,-0.3113669,0.02539158,0.001356006,-0.0496488,1.223
2024_02_11_02_25_20_146,0.4,-0.1796857,89434.0,84364.0,6.29518,-11.21432,0.1359884,6.282404,0.009077806,1.634599,1.2,0.002760768,0.0002491188,-0.3117838,0.01132488,0.0008940696,-0.05355291,1.223
2024_02_11_02_25_20_180,0.4,-0.1798877,89536.0,84455.0,6.292977,-11.17471,0.1359884,6.282403,0.009078006,1.624302,1.2,0.002763485,0.0001931724,-0.312131,0.009536743,-0.001169741,0.007750466,1.223
2024_02_11_02_25_20_217,0.4,-0.1800817,89654.0,84560.0,6.290945,-11.1291,0.1359885,6.282402,0.009078151,1.61243,1.2,0.002788938,0.0002323771,-0.3125478,-0.015378,-0.004276633,0.02682674,1.223
2024_02_11_02_25_20_254,0.4,-0.1803315,89769.0,84663.0,6.289491,-11.08466,0.1359884,6.282401,0.009078283,1.60086,1.2,0.002856557,0.0002720935,-0.3128881,0.01358986,-6.705523e-05,-0.03019627,1.223
2024_02_11_02_25_20_292,0.4,-0.180535,89886.0,84767.0,6.288531,-11.03901,0.1359885,6.2824,0.00907838,1.588963,1.2,0.002812997,0.0002740375,-0.3133188,-0.02217293,-0.003635883,0.05345605,1.223
2024_02_11_02_25_20_325,0.4,-0.1807337,89989.0,84859.0,6.288138,-10.99935,0.1359886,6.282399,0.009078373,1.578614,1.2,0.002813585,0.0002875201,-0.3136468,0.00834465,0.0009387731,-0.02315361,1.223
2024_02_11_02_25_20_363,0.4,-0.1809857,90106.0,84963.0,6.288197,-10.9537,0.1359886,6.282398,0.009078678,1.566687,1.2,0.002889405,0.0002637136,-0.3140742,0.001430511,-0.002115965,-0.02696551,1.223
2024_02_11_02_25_20_395,0.4,-0.1811855,90209.0,85054.0,6.288689,-10.91405,0.1359886,6.282397,0.009078703,1.556318,1.2,0.00284416,0.0002837372,-0.3143915,0.006794929,-0.005289912,0.02678484,1.223
2024_02_11_02_25_20_433,0.4,-0.1813854,90326.0,85159.0,6.289762,-10.86841,0.1359887,6.282396,0.009079075,1.544367,1.2,0.002836219,0.0002532149,-0.3147708,0.01299381,0.0005215406,-0.04571117,1.223
2024_02_11_02_25_20_466,0.4,-0.1815812,90429.0,85250.0,6.291136,-10.82879,0.1359888,6.282395,0.009079246,1.533968,1.2,0.002811287,0.0002912008,-0.3150921,-0.005722045,-0.004850328,0.04600919,1.223
2024_02_11_02_25_20_504,0.4,-0.1818332,90543.0,85352.0,6.293169,-10.78439,0.1359889,6.282394,0.009079388,1.522308,1.2,0.00281999,0.0002745786,-0.3155081,-0.01621246,-0.003129244,0.01898408,1.223
2024_02_11_02_25_20_541,0.4,-0.1820338,90661.0,85456.0,6.295796,-10.73882,0.1359889,6.282394,0.009079587,1.510309,1.2,0.002824595,0.0002162779,-0.3158948,0.003814697,-0.001236796,-0.0419775,1.223
2024_02_11_02_25_20_579,0.4,-0.1822839,90776.0,85558.0,6.298877,-10.69448,0.135989,6.282393,0.009079669,1.498612,1.2,0.002882575,0.0003143613,-0.316243,0.01382828,-0.001966953,-0.01909677,1.223
2024_02_11_02_25_20_616,0.4,-0.1824804,90893.0,85663.0,6.302581,-10.64899,0.1359889,6.282392,0.009079803,1.486582,1.2,0.00278087,0.0002818936,-0.3166729,-0.01382828,-0.002995133,-0.01170393,1.223
2024_02_11_02_25_20_650,0.4,-0.1826801,90995.0,85754.0,6.306244,-10.60953,0.135989,6.282391,0.009079948,1.476132,1.2,0.002945687,0.0002742817,-0.3169816,0.002861023,-0.002324581,-5.122274e-05,1.223
2024_02_11_02_25_20_688,0.4,-0.1829321,91113.0,85858.0,6.310968,-10.56414,0.1359891,6.28239,0.009080239,1.46407,1.2,0.0028184,0.000246737,-0.3173852,-0.02074241,-0.002250075,0.0306014,1.223
2024_02_11_02_25_20_725,0.4,-0.1831333,91228.0,85960.0,6.316097,-10.52,0.1359892,6.282389,0.009080462,1.45232,1.2,0.002868834,0.0002322097,-0.3177871,-0.01549721,-0.003829598,0.03804918,1.223
2024_02_11_02_25_20_762,0.4,-0.1833864,91346.0,86065.0,6.321906,-10.47474,0.135989,6.282388,0.00908017,1.440238,1.2,0.002794394,0.0003174347,-0.3182126,-0.008702278,-0.002339482,0.007648021,1.223
2024_02_11_02_25_20_799,0.4,-0.1835887,91460.0,86167.0,6.328084,-10.43074,0.1359891,6.282387,0.009080522,1.428453,1.2,0.002879724,0.000209171,-0.318551,-0.005483627,-0.001728535,0.00395719,1.223
2024_02_11_02_25_20_837,0.4,-0.1838293,91578.0,86271.0,6.334971,-10.38563,0.1359891,6.282386,0.009080281,1.416337,1.2,0.00283619,0.0002975578,-0.3189943,-0.02920627,-0.00655651,0.06484333,1.223
2024_02_11_02_25_20_874,0.4,-0.1840333,91693.0,86373.0,6.342205,-10.34179,0.1359891,6.282385,0.009080475,1.404531,1.2,0.002924512,0.0002776247,-0.3193471,0.000834465,0.001251697,-0.03049988,1.223
2024_02_11_02_25_20_908,0.4,-0.1842355,91795.0,86464.0,6.349091,-10.30277,0.1359892,6.282384,0.009080606,1.393982,1.2,0.002795445,0.0002771801,-0.3197286,0.007748603,-0.0003278255,-0.04607997,1.223
2024_02_11_02_25_20_946,0.4,-0.1844852,91913.0,86569.0,6.357529,-10.25793,0.1359892,6.282383,0.009080553,1.381822,1.2,0.002920996,0.0002494335,-0.3201576,0.01978874,-0.0009834766,-0.003660097,1.223
2024_02_11_02_25_20_983,0.4,-0.1846822,92027.0,86671.0,6.366269,-10.21438,0.1359892,6.282382,0.009080596,1.369968,1.2,0.002831881,0.0001961996,-0.3205314,0.0193119,0.001013279,-0.01145247,1.223
2024_02_11_02_25_21_016,0.4,-0.1848793,92133.0,86764.0,6.374755,-10.17445,0.1359892,6.282382,0.009080761,1.359061,1.2,0.002926586,0.0002366333,-0.3208588,0.006198883,-0.00283122,-0.01534913,1.223
2024_02_11_02_25_21_054,0.4,-0.1851354,92248.0,86866.0,6.384487,-10.13111,0.1359891,6.282381,0.009080677,1.347183,1.2,0.002880752,0.0002906416,-0.3213424,0.03540516,-0.0003278255,-0.07638801,1.223
2024_02_11_02_25_21_091,0.4,-0.1853294,92365.0,86971.0,6.395016,-10.08672,0.1359893,6.28238,0.009080783,1.334962,1.2,0.002735472,0.0002391695,-0.3217281,0.005722045,0.001549721,-0.003874302,1.223
2024_02_11_02_25_21_129,0.4,-0.1855838,92480.0,87073.0,6.405785,-10.04363,0.1359893,6.282379,0.009081039,1.323055,1.2,0.00283396,0.0002679138,-0.322078,-0.00655651,-0.00333786,0.007360242,1.223
2024_02_11_02_25_21_163,0.4,-0.1857919,92586.0,87166.0,6.416133,-10.00415,0.1359894,6.282378,0.009081017,1.312096,1.2,0.002893126,0.0002706934,-0.3224036,0.01096725,-0.0001192093,-0.01540501,1.223
2024_02_11_02_25_21_199,0.4,-0.1859854,92701.0,87268.0,6.427887,-9.961327,0.1359894,6.282377,0.009081298,1.300159,1.2,0.002939417,0.0002766102,-0.3227918,0.004053116,-0.0005066395,-0.04588533,1.223
2024_02_11_02_25_21_237,0.4,-0.1862311,92819.0,87372.0,6.440489,-9.917493,0.1359894,6.282376,0.009081567,1.287881,1.2,0.002937542,0.0002756144,-0.3231956,-0.004291534,-0.000834465,-0.04990119,1.223
2024_02_11_02_25_21_271,0.4,-0.1864343,92921.0,87463.0,6.451866,-9.879558,0.1359895,6.282375,0.009081743,1.277212,1.2,0.002930987,0.000277744,-0.3234852,-0.01370907,-0.004023314,0.03819726,1.223
2024_02_11_02_25_21_304,0.4,-0.1866331,93024.0,87554.0,6.463649,-9.841747,0.1359895,6.282374,0.00908195,1.266527,1.2,0.00285266,0.0002492012,-0.3238667,0.01001358,0.001132488,-0.01526903,1.223
2024_02_11_02_25_21_342,0.4,-0.1868318,93141.0,87658.0,6.477714,-9.798368,0.1359895,6.282373,0.009082141,1.25421,1.2,0.003036907,0.0002970214,-0.3242394,-0.001192093,-0.004589558,0.007796101,1.223
2024_02_11_02_25_21_379,0.4,-0.1870825,93256.0,87760.0,6.491922,-9.756303,0.1359897,6.282372,0.009082491,1.242206,1.2,0.002907079,0.0001994842,-0.3246167,0.009417534,0.002652406,-0.05719717,1.223
2024_02_11_02_25_21_416,0.4,-0.1872797,93374.0,87864.0,6.507037,-9.713286,0.1359896,6.282372,0.009082362,1.229855,1.2,0.002903569,0.0003288319,-0.3250129,0.007629394,0.0002384186,-0.02299715,1.223
2024_02_11_02_25_21_454,0.4,-0.187532,93489.0,87966.0,6.522267,-9.671584,0.1359896,6.282371,0.009082582,1.217825,1.2,0.002914887,0.0002857262,-0.3254021,0.001192093,-0.004380941,0.03079325,1.223
2024_02_11_02_25_21_491,0.4,-0.1877315,93607.0,88070.0,6.538427,-9.628951,0.1359896,6.28237,0.009082563,1.205448,1.2,0.002915247,0.0003033566,-0.3258317,-0.003576278,-0.004351139,0.05740113,1.223
2024_02_11_02_25_21_524,0.4,-0.1879352,93710.0,88161.0,6.55289,-9.592093,0.1359896,6.282369,0.009082567,1.194689,1.2,0.003014724,0.0003358112,-0.3261742,0.00989437,-0.001966953,0.01926161,1.223
2024_02_11_02_25_21_558,0.4,-0.1881317,93812.0,88251.0,6.567751,-9.555397,0.1359897,6.282368,0.009082738,1.183921,1.2,0.00297184,0.0002810133,-0.3265248,0.01609325,0.003784895,-0.08786096,1.223
2024_02_11_02_25_21_591,0.4,-0.1883311,93918.0,88345.0,6.583468,-9.517757,0.1359897,6.282367,0.009082936,1.172806,1.2,0.002911682,0.0002158216,-0.326854,0.009417534,-0.0002980232,-0.01515727,1.223
2024_02_11_02_25_21_629,0.4,-0.1885805,94033.0,88446.0,6.601049,-9.477001,0.1359897,6.282366,0.009082898,1.160706,1.2,0.003022768,0.0003475569,-0.3272511,-0.01084804,-0.007212162,0.04589278,1.223
2024_02_11_02_25_21_666,0.4,-0.188779,94151.0,88551.0,6.619618,-9.435369,0.1359899,6.282365,0.009083266,1.148261,1.2,0.002881401,0.0002328102,-0.3276647,0.02336502,0.000834465,-0.00746455,1.223
2024_02_11_02_25_21_704,0.4,-0.1890326,94266.0,88652.0,6.638191,-9.395062,0.1359898,6.282364,0.009083297,1.13614,1.2,0.00309782,0.0003126201,-0.3280031,0.01943111,-0.001430511,-0.03041234,1.223
2024_02_11_02_25_21_741,0.4,-0.1892309,94384.0,88757.0,6.657773,-9.353906,0.1359901,6.282363,0.009083806,1.123667,1.2,0.00300324,0.0001927803,-0.328416,-0.001907349,0.0009536743,-0.04190951,1.223
2024_02_11_02_25_21_779,0.4,-0.1894821,94498.0,88858.0,6.677332,-9.314074,0.13599,6.282362,0.009083818,1.11151,1.2,0.002936851,0.0002943353,-0.3287906,-0.01835823,-0.005424022,0.0726711,1.223
2024_02_11_02_25_21_816,0.4,-0.1896808,94616.0,88963.0,6.697922,-9.273418,0.1359901,6.282362,0.009084023,1.099012,1.2,0.00293021,0.0002368447,-0.3291706,-0.006198883,-0.002980232,0.0191303,1.223
2024_02_11_02_25_21_854,0.4,-0.1899333,94731.0,89064.0,6.718454,-9.234082,0.1359901,6.282361,0.00908411,1.08682,1.2,0.003008841,0.0002056839,-0.3295566,0.004649162,-0.004827976,0.06901752,1.223
2024_02_11_02_25_21_888,0.4,-0.1901316,94834.0,89155.0,6.737171,-9.199216,0.1359902,6.28236,0.009084027,1.075942,1.2,0.002917499,0.0002769296,-0.3299938,-0.003814697,-0.002086163,0.02294127,1.223
2024_02_11_02_25_21_925,0.4,-0.1903289,94952.0,89259.0,6.759187,-9.159325,0.1359901,6.282359,0.009084103,1.063398,1.2,0.002972576,0.0002975611,-0.3302924,-0.000834465,-0.002861023,0.05362648,1.223
2024_02_11_02_25_21_962,0.4,-0.1905806,95067.0,89360.0,6.781105,-9.120752,0.1359902,6.282358,0.009084298,1.051167,1.2,0.002996003,0.0002673217,-0.3307185,-0.03325939,-0.007152557,0.06857794,1.223
2024_02_11_02_25_22_000,0.4,-0.1907798,95185.0,89464.0,6.804106,-9.081419,0.1359902,6.282357,0.009084415,1.038591,1.2,0.00292189,0.0002698103,-0.3311197,0.002026558,-0.002384186,0.00399258,1.223
2024_02_11_02_25_22_038,0.4,-0.1910316,95300.0,89566.0,6.826973,-9.043406,0.1359903,6.282356,0.009084396,1.026331,1.2,0.002968145,0.0003317455,-0.3314958,-0.01955032,-0.00745058,0.06107892,1.223
2024_02_11_02_25_22_075,0.4,-0.1912332,95418.0,89670.0,6.850941,-9.004663,0.1359902,6.282355,0.009084568,1.013725,1.2,0.002999177,0.0002378423,-0.3319142,0.01072884,0.001847744,-0.01919642,1.223
2024_02_11_02_25_22_113,0.4,-0.1914853,95533.0,89771.0,6.874744,-8.967237,0.1359903,6.282354,0.009084488,1.001435,1.2,0.003011996,0.0003186452,-0.3323115,0.01037121,-0.002205372,-4.656613e-05,1.223
2024_02_11_02_25_22_150,0.4,-0.1916815,95651.0,89875.0,6.899671,-8.929107,0.1359903,6.282353,0.009084567,0.9887987,1.2,0.002925866,0.0002574542,-0.3327719,-0.005722045,-0.00411272,0.06101932,1.223
2024_02_11_02_25_22_183,0.4,-0.19188,95753.0,89966.0,6.921703,-8.896254,0.1359903,6.282352,0.009084551,0.9778094,1.2,0.002946204,0.0002402492,-0.3331002,0.005245208,-0.0009536743,0.007544644,1.223
2024_02_11_02_25_22_220,0.4,-0.1921326,95871.0,90070.0,6.94752,-8.858724,0.1359902,6.282351,0.009084285,0.965145,1.2,0.003060015,0.0003644501,-0.3335171,-0.00667572,-0.001311302,-0.0192048,1.223
2024_02_11_02_25_22_258,0.4,-0.1923328,95986.0,90171.0,6.973114,-8.8225,0.1359903,6.282351,0.009084531,0.9527948,1.2,0.003030797,0.0003055371,-0.3339324,0.000834465,-0.001370907,-0.01523644,1.223
2024_02_11_02_25_22_295,0.4,-0.1925838,96104.0,90275.0,6.999864,-8.785632,0.1359903,6.282349,0.009084727,0.9401012,1.2,0.002979849,0.0002713974,-0.3342649,-0.009298325,-0.001847744,-0.03087614,1.223
2024_02_11_02_25_22_333,0.4,-0.1927783,96219.0,90377.0,7.026354,-8.750065,0.1359904,6.282349,0.009084979,0.9277223,1.2,0.003028727,0.000277549,-0.3346449,0.009298325,0.001788139,-0.0571711,1.223
2024_02_11_02_25_22_370,0.4,-0.193032,96337.0,90481.0,7.054017,-8.713883,0.1359904,6.282347,0.009085002,0.9149993,1.2,0.003125815,0.0003424172,-0.3350179,0.002861023,-0.002622604,0.03035925,1.223
2024_02_11_02_25_22_404,0.4,-0.1932312,96439.0,90571.0,7.078409,-8.682751,0.1359906,6.282347,0.00908557,0.9039344,1.2,0.003020614,0.0002362198,-0.3354355,0.002741813,-0.004470348,0.02305955,1.223
2024_02_11_02_25_22_441,0.4,-0.1934299,96557.0,90675.0,7.106921,-8.647241,0.1359906,6.282345,0.009085528,0.8911832,1.2,0.002981596,0.0002608818,-0.3357978,0.02110004,0.002741813,-0.05724281,1.223
2024_02_11_02_25_22_475,0.4,-0.1936341,96660.0,90766.0,7.132046,-8.616701,0.1359906,6.282345,0.009085759,0.8800943,1.2,0.003049923,0.0003089542,-0.3361252,-0.02372265,-0.005245208,0.08417758,1.223
2024_02_11_02_25_22_513,0.4,-0.1938807,96775.0,90867.0,7.160615,-8.582796,0.1359906,6.282344,0.009085817,0.8676494,1.2,0.003057019,0.0003373475,-0.3365355,0.0009536743,-0.002980232,0.02667121,1.223
2024_02_11_02_25_22_549,0.4,-0.1940813,96893.0,90971.0,7.190393,-8.548352,0.1359907,6.282343,0.009086263,0.8548523,1.2,0.003041447,0.0002546986,-0.3368922,-0.00989437,-0.004529953,0.07263198,1.223
2024_02_11_02_25_22_587,0.4,-0.1943313,97008.0,91072.0,7.219804,-8.515182,0.1359907,6.282342,0.009086303,0.8423802,1.2,0.003033826,0.0003815674,-0.3372514,-0.02586841,-0.007152557,0.08412822,1.223
2024_02_11_02_25_22_620,0.4,-0.1945291,97113.0,91166.0,7.247191,-8.485029,0.1359907,6.282341,0.009086494,0.8309068,1.2,0.003097842,0.0003372087,-0.3376054,-0.001311302,-0.003099441,0.04208833,1.223
2024_02_11_02_25_22_658,0.4,-0.1947335,97228.0,91267.0,7.277386,-8.452578,0.1359908,6.28234,0.009086736,0.818407,1.2,0.003074104,0.0003151789,-0.3379895,0.00333786,-0.003039837,-0.02685748,1.223
2024_02_11_02_25_22_692,0.4,-0.1949293,97334.0,91360.0,7.305487,-8.423096,0.1359909,6.28234,0.009086988,0.8069064,1.2,0.003016744,0.0002756516,-0.3383613,-0.01502037,-0.002384186,-0.0001396984,1.223
2024_02_11_02_25_22_729,0.4,-0.1951796,97449.0,91461.0,7.33645,-8.391383,0.1359909,6.282339,0.009087108,0.7943794,1.2,0.003035507,0.0003078536,-0.3387502,0.004529953,-0.00166893,-0.05727168,1.223
2024_02_11_02_25_22_762,0.4,-0.1953799,97551.0,91551.0,7.364399,-8.36343,0.1359909,6.282338,0.009087264,0.7831957,1.2,0.003096376,0.0003058782,-0.3390777,0.001788139,-0.002861023,0.02696365,1.223
2024_02_11_02_25_22_799,0.4,-0.1955818,97669.0,91655.0,7.396966,-8.331634,0.1359911,6.282337,0.009087193,0.7703018,1.2,0.003100165,0.0003047256,-0.3394913,0.003218651,-0.001132488,-0.05759578,1.223
2024_02_11_02_25_22_832,0.4,-0.1957793,97772.0,91745.0,7.425577,-8.304366,0.1359909,6.282336,0.009087242,0.759093,1.2,0.003060866,0.0003312008,-0.3398402,0.01060963,5.960464e-05,0.0001545995,1.223
2024_02_11_02_25_22_870,0.4,-0.1960279,97890.0,91849.0,7.458899,-8.27337,0.135991,6.282335,0.009087221,0.746172,1.2,0.003075894,0.0003155368,-0.3402511,0.00333786,-0.002086163,0.01904089,1.223
2024_02_11_02_25_22_908,0.4,-0.1962334,98005.0,91950.0,7.491725,-8.243606,0.135991,6.282334,0.009087421,0.733573,1.2,0.003049423,0.0002683717,-0.3406257,0.003218651,-0.001311302,-0.01915917,1.223
2024_02_11_02_25_22_945,0.4,-0.1964778,98123.0,92054.0,7.525824,-8.213467,0.1359911,6.282333,0.009087382,0.7206194,1.2,0.003039095,0.0003224578,-0.3410275,-0.01132488,-0.004887581,0.01895521,1.223
2024_02_11_02_25_22_979,0.4,-0.1966836,98225.0,92144.0,7.55575,-8.187658,0.1359911,6.282332,0.009087486,0.7093585,1.2,0.003026998,0.0003091019,-0.3413861,0.002980232,-0.002980232,0.003637746,1.223
2024_02_11_02_25_23_012,0.4,-0.1968805,98328.0,92235.0,7.585966,-8.16219,0.1359911,6.282331,0.009087649,0.6980859,1.2,0.003009095,0.0003268873,-0.3417469,-0.003218651,-0.002861023,0.02679881,1.223
2024_02_11_02_25_23_049,0.4,-0.1970829,98446.0,92338.0,7.621107,-8.133288,0.1359911,6.282331,0.009087818,0.6850886,1.2,0.003083722,0.0002773181,-0.3421377,-0.005602836,-0.003814697,0.03808923,1.223
2024_02_11_02_25_23_083,0.4,-0.1972815,98548.0,92428.0,7.651927,-8.108562,0.1359913,6.28233,0.009087931,0.6737947,1.2,0.003121787,0.0002597964,-0.3425274,0.001192093,0.001847744,-0.04583317,1.223
2024_02_11_02_25_23_121,0.4,-0.1975329,98666.0,92532.0,7.687759,-8.080524,0.1359912,6.282329,0.009088024,0.6607702,1.2,0.003120028,0.0002970241,-0.3429019,-0.005364418,-0.0005364418,-0.05750171,1.223
2024_02_11_02_25_23_158,0.4,-0.1977293,98781.0,92633.0,7.722996,-8.053677,0.1359913,6.282328,0.009088261,0.648076,1.2,0.003129529,0.0002173969,-0.3432824,-0.005364418,-0.001966953,-0.01534074,1.223
2024_02_11_02_25_23_191,0.4,-0.1979294,98883.0,92724.0,7.754706,-8.030112,0.1359913,6.282327,0.009088409,0.6367416,1.2,0.003118985,0.0002631009,-0.3436169,0.01227856,-0.001132488,0.02298597,1.223
2024_02_11_02_25_23_229,0.4,-0.1981803,99001.0,92827.0,7.791548,-8.003428,0.1359914,6.282326,0.009088511,0.6236756,1.2,0.003043053,0.0002416514,-0.3440507,0.003457069,-0.002562999,-0.007727183,1.223
2024_02_11_02_25_23_266,0.4,-0.198379,99116.0,92928.0,7.827754,-7.977909,0.1359913,6.282325,0.009088469,0.6109371,1.2,0.003043839,0.0003064515,-0.3444386,-0.0009536743,-0.0004172325,-0.03833417,1.223
2024_02_11_02_25_23_304,0.4,-0.1986314,99234.0,93032.0,7.865269,-7.952187,0.1359913,6.282324,0.009088735,0.5978424,1.2,0.003151287,0.0002676376,-0.3448056,0.005483627,0.001788139,-0.06110128,1.223
2024_02_11_02_25_23_341,0.4,-0.1988378,99349.0,93133.0,7.902115,-7.927617,0.1359915,6.282323,0.009088763,0.5850768,1.2,0.003062024,0.0003438035,-0.3452142,-0.01525879,-0.005185604,0.04937779,1.223
2024_02_11_02_25_23_375,0.4,-0.1990333,99455.0,93226.0,7.936249,-7.905457,0.1359915,6.282322,0.009089066,0.5733306,1.2,0.002991422,0.0003073089,-0.3455939,-0.02634525,-0.005215406,0.06106495,1.223
2024_02_11_02_25_23_408,0.4,-0.199232,99557.0,93316.0,7.969625,-7.884335,0.1359916,6.282321,0.009089122,0.5619249,1.2,0.003117592,0.000274212,-0.3459211,-0.01072884,-0.004172325,0.06105564,1.223
2024_02_11_02_25_23_445,0.4,-0.1994783,99675.0,93420.0,8.008349,-7.860487,0.1359915,6.28232,0.009089416,0.5487742,1.2,0.00317399,0.0002885968,-0.3462491,0.009059906,0.0003576278,0.0002160668,1.223
2024_02_11_02_25_23_483,0.4,-0.1996836,99790.0,93521.0,8.046348,-7.837759,0.1359917,6.28232,0.009089733,0.5359553,1.2,0.003055698,0.0002507198,-0.3466798,-0.01204014,-0.002652406,-0.007695518,1.223
2024_02_11_02_25_23_521,0.4,-0.1999338,99908.0,93625.0,8.085674,-7.814928,0.1359916,6.282319,0.009089638,0.5227743,1.2,0.003142928,0.0003337034,-0.3470682,-0.0003576278,-0.001162291,-0.0229124,1.223
2024_02_11_02_25_23_559,0.4,-0.2001323,100023.0,93726.0,8.124251,-7.7932,0.1359916,6.282318,0.009089784,0.509925,1.2,0.003169911,0.0003318261,-0.3474404,0.0009536743,-0.0006854534,-0.01529418,1.223
2024_02_11_02_25_23_596,0.4,-0.2003786,100141.0,93830.0,8.164153,-7.771404,0.1359917,6.282317,0.00908991,0.4967136,1.2,0.003192324,0.000296116,-0.3478125,0.005125999,0.0001192093,-0.03041886,1.223
2024_02_11_02_25_23_632,0.4,-0.2005835,100256.0,93930.0,8.20328,-7.750691,0.1359919,6.282316,0.009090097,0.4838351,1.2,0.003149815,0.0003064431,-0.3482429,-0.001072884,-0.001788139,0.02680719,1.223
2024_02_11_02_25_23_666,0.4,-0.2007794,100359.0,94020.0,8.238393,-7.732646,0.1359919,6.282315,0.00909034,0.4723372,1.2,0.00317356,0.0002784471,-0.3485654,-0.03635883,-0.007897615,0.09920727,1.223
2024_02_11_02_25_23_704,0.4,-0.2010324,100477.0,94124.0,8.279084,-7.712369,0.1359917,6.282314,0.009090176,0.4590826,1.2,0.003120869,0.000342174,-0.3489572,0.01096725,-0.001490116,0.01538545,1.223
2024_02_11_02_25_23_741,0.4,-0.201231,100591.0,94225.0,8.318957,-7.693146,0.1359919,6.282313,0.009090593,0.4461631,1.2,0.003144518,0.0002775027,-0.3493695,0.01740456,-0.001311302,-0.01147296,1.223
2024_02_11_02_25_23_778,0.4,-0.2014827,100709.0,94328.0,8.360157,-7.673944,0.1359919,6.282312,0.009090788,0.4328803,1.2,0.003104268,0.0002857689,-0.3497614,-0.01370907,-0.00166893,-0.007648021,1.223
2024_02_11_02_25_23_816,0.4,-0.2016818,100824.0,94429.0,8.400513,-7.655775,0.135992,6.282311,0.009090626,0.419931,1.2,0.003190753,0.0003593556,-0.3500996,0.007748603,-0.0005364418,-0.0001238659,1.223
2024_02_11_02_25_23_854,0.4,-0.2019342,100942.0,94533.0,8.442196,-7.637662,0.135992,6.28231,0.009090756,0.4066162,1.2,0.003121103,0.0003061533,-0.3505533,-0.009417534,-0.003546476,-0.007696449,1.223
2024_02_11_02_25_23_890,0.4,-0.2021296,101057.0,94633.0,8.483014,-7.620563,0.135992,6.282309,0.009090724,0.3936376,1.2,0.003188466,0.0003908977,-0.3509359,0.01955032,0.001937151,-0.09955465,1.223
2024_02_11_02_25_23_925,0.4,-0.202332,101163.0,94726.0,8.520715,-7.605319,0.135992,6.282309,0.009090996,0.3816981,1.2,0.003213666,0.0003381325,-0.3512692,-0.02932548,-0.005215406,0.04571303,1.223
2024_02_11_02_25_23_962,0.4,-0.2025803,101278.0,94827.0,8.561942,-7.589244,0.135992,6.282308,0.009091143,0.3686923,1.2,0.003184402,0.0002749796,-0.3516934,0.01645088,-0.0001192093,-0.03432017,1.223
2024_02_11_02_25_23_999,0.4,-0.2027813,101396.0,94930.0,8.604494,-7.573296,0.1359921,6.282306,0.009091272,0.3553205,1.2,0.003168821,0.000310238,-0.3521048,-0.01454353,-0.005155801,0.04591979,1.223
2024_02_11_02_25_24_036,0.4,-0.2030299,101511.0,95031.0,8.646132,-7.558317,0.1359922,6.282306,0.009091407,0.3422865,1.2,0.003149736,0.0003058906,-0.3524521,0.0002384186,-0.004380941,0.01907256,1.223
2024_02_11_02_25_24_074,0.4,-0.2032297,101629.0,95135.0,8.689083,-7.5435,0.1359921,6.282305,0.009091627,0.328885,1.2,0.003151578,0.0003161133,-0.3528727,0.002026558,-0.002115965,0.01543574,1.223
2024_02_11_02_25_24_108,0.4,-0.2034325,101731.0,95225.0,8.726546,-7.531099,0.1359921,6.282304,0.009091768,0.3172347,1.2,0.003182926,0.0003441547,-0.3532088,-0.03457069,-0.008702278,0.08781254,1.223
2024_02_11_02_25_24_146,0.4,-0.2036797,101850.0,95328.0,8.769858,-7.517365,0.1359922,6.282303,0.009092029,0.3038049,1.2,0.003175815,0.0002797451,-0.3536523,-0.00333786,-0.003665685,-0.003677793,1.223
2024_02_11_02_25_24_182,0.4,-0.2038836,101965.0,95429.0,8.812201,-7.504554,0.1359922,6.282302,0.009091822,0.2907144,1.2,0.003182226,0.0003679811,-0.3540021,-0.01108646,-0.004857779,0.02289563,1.223
2024_02_11_02_25_24_220,0.4,-0.2041309,102083.0,95533.0,8.855856,-7.491975,0.1359922,6.282301,0.009091863,0.2772537,1.2,0.003131714,0.0003616336,-0.3544028,-0.01740456,-0.006735324,0.06866641,1.223
2024_02_11_02_25_24_253,0.4,-0.2043328,102186.0,95622.0,8.893898,-7.48153,0.1359923,6.2823,0.009092231,0.2655518,1.2,0.003224605,0.000293526,-0.3547414,0.004053116,-0.001475215,-0.02669543,1.223
2024_02_11_02_25_24_291,0.4,-0.2045304,102301.0,95723.0,8.936694,-7.47035,0.1359923,6.282299,0.009092189,0.2524187,1.2,0.003228382,0.0003298641,-0.355128,-0.002741813,-0.001817942,1.769513e-05,1.223
2024_02_11_02_25_24_325,0.4,-0.2047309,102406.0,95816.0,8.976144,-7.460573,0.1359924,6.282299,0.009092376,0.2403375,1.2,0.003227491,0.000342897,-0.3554646,-0.01394749,-0.001728535,0.003751367,1.223
2024_02_11_02_25_24_362,0.4,-0.2049816,102522.0,95916.0,9.019206,-7.450478,0.1359924,6.282297,0.009092577,0.2271767,1.2,0.003178723,0.0003068441,-0.3558827,0.01108646,-0.001087785,-0.0689188,1.223
2024_02_11_02_25_24_395,0.4,-0.2051782,102624.0,96006.0,9.057718,-7.441953,0.1359924,6.282297,0.009092649,0.2154268,1.2,0.003258882,0.0003947539,-0.3562349,-0.03004074,-0.006049871,0.03800541,1.223
2024_02_11_02_25_24_433,0.4,-0.2053795,102743.0,96110.0,9.102183,-7.4327,0.1359926,6.282296,0.009092949,0.2018831,1.2,0.003205559,0.0003001597,-0.3565814,0.0180006,-2.980232e-05,-0.02293475,1.223
2024_02_11_02_25_24_470,0.4,-0.2056315,102858.0,96210.0,9.145594,-7.42427,0.1359927,6.282295,0.009093137,0.1886812,1.2,0.003212239,0.0003283864,-0.3569363,-0.01895428,-0.00719726,0.03840495,1.223
2024_02_11_02_25_24_504,0.4,-0.2058283,102963.0,96302.0,9.185569,-7.41703,0.1359926,6.282294,0.00909329,0.1765378,1.2,0.003218562,0.0003673139,-0.3572891,0.01370907,0.002101064,-0.05356967,1.223
2024_02_11_02_25_24_536,0.4,-0.2060297,103066.0,96392.0,9.224448,-7.410469,0.1359928,6.282293,0.009093381,0.16474,1.19,0.003278501,0.0003194283,-0.3576689,-0.009775162,-0.003293156,0.01508742,1.223
2024_02_11_02_25_24_574,0.4,-0.2062284,103184.0,96495.0,9.269316,-7.403482,0.1359927,6.282292,0.009093508,0.1511402,1.19,0.003191329,0.0003422304,-0.3580595,-0.03874302,-0.00680238,0.05341041,1.223
2024_02_11_02_25_24_612,0.4,-0.2064795,103300.0,96596.0,9.313087,-7.397268,0.1359928,6.282291,0.009093964,0.1378846,1.19,0.003224638,0.0002725095,-0.3584299,0.003933907,-0.00295043,0.02311636,1.223
2024_02_11_02_25_24_650,0.4,-0.206681,103418.0,96699.0,9.358123,-7.391492,0.1359928,6.28229,0.009093748,0.1242546,1.19,0.003239238,0.0003403974,-0.3588652,0.008225441,-0.001296401,-0.0306461,1.223
2024_02_11_02_25_24_687,0.4,-0.2069296,103533.0,96800.0,9.402042,-7.386458,0.1359928,6.28229,0.00909402,0.1109691,1.19,0.003270263,0.0002770874,-0.3592633,-0.0003576278,-0.00244379,0.01162477,1.223
2024_02_11_02_25_24_725,0.4,-0.2071284,103651.0,96903.0,9.447206,-7.381896,0.1359928,6.282289,0.009093801,0.09730924,1.19,0.003295432,0.0003979926,-0.359653,0.003576278,-0.002026558,-2.142042e-05,1.223
2024_02_11_02_25_24_757,0.4,-0.207332,103754.0,96993.0,9.486484,-7.378437,0.1359928,6.282288,0.009094092,0.08543421,1.19,0.003293878,0.0003152384,-0.3599576,-0.02491474,-0.002354383,0.003795139,1.223
2024_02_11_02_25_24_795,0.4,-0.2075839,103869.0,97093.0,9.53057,-7.375112,0.1359927,6.282287,0.009094099,0.07210615,1.19,0.003270559,0.0003551144,-0.3603883,-0.01490116,-0.0019297,-0.04962552,1.223
2024_02_11_02_25_24_829,0.4,-0.2077794,103975.0,97186.0,9.571113,-7.372577,0.1359929,6.282286,0.009094319,0.05984602,1.19,0.003222315,0.0003418793,-0.360776,-0.01323223,-0.004500151,0.02694875,1.223
2024_02_11_02_25_24_865,0.4,-0.2079789,104090.0,97286.0,9.615255,-7.370383,0.1359929,6.282285,0.009094373,0.04649027,1.19,0.003280387,0.0003097196,-0.3611424,-0.004529953,-0.001937151,0.01139287,1.223
2024_02_11_02_25_24_899,0.4,-0.2081778,104196.0,97379.0,9.655838,-7.368887,0.135993,6.282284,0.009094511,0.03420511,1.19,0.003282017,0.0003766107,-0.3614669,-0.01204014,-0.003106892,0.02288259,1.223
2024_02_11_02_25_24_937,0.4,-0.2084324,104311.0,97479.0,9.700017,-7.367826,0.135993,6.282283,0.009094786,0.02082272,1.19,0.003286985,0.0002902208,-0.3618642,0.01776218,0.001356006,-0.06501935,1.223
2024_02_11_02_25_24_970,0.4,-0.2086319,104414.0,97569.0,9.739426,-7.36738,0.1359931,6.282282,0.009094954,0.008875251,1.19,0.003315609,0.0003081275,-0.362157,0.01847744,0.00204891,-0.03808923,1.223
2024_02_11_02_25_25_008,0.4,-0.2088314,104532.0,97672.0,9.784806,-7.36745,0.1359932,6.282281,0.009095153,6.278289,1.19,0.003292359,0.0003152096,-0.3625757,0.002741813,-0.0002756715,-0.01515075,1.223
2024_02_11_02_25_25_045,0.4,-0.2090801,104647.0,97772.0,9.828989,-7.368118,0.1359931,6.28228,0.009095266,6.264865,1.19,0.003277033,0.0004159372,-0.3629765,-0.02980232,-0.007286667,0.05731918,1.223
2024_02_11_02_25_25_079,0.4,-0.2092818,104753.0,97865.0,9.869571,-7.369256,0.1359932,6.282279,0.009095749,6.252517,1.19,0.003262171,0.0002516042,-0.3634061,-0.007867813,-0.003762543,-0.007430091,1.223
2024_02_11_02_25_25_115,0.4,-0.2094809,104868.0,97965.0,9.913713,-7.371063,0.1359932,6.282279,0.009095553,6.239066,1.19,0.003330489,0.0003741708,-0.3637075,-0.01382828,-0.002630055,0.003924593,1.223
2024_02_11_02_25_25_149,0.4,-0.2096811,104974.0,98058.0,9.954248,-7.373248,0.1359933,6.282278,0.009095766,6.226693,1.19,0.003279687,0.0003221727,-0.3640252,-0.006914138,-0.002846122,0.03843009,1.223
2024_02_11_02_25_25_186,0.4,-0.2099313,105090.0,98158.0,9.998323,-7.376196,0.1359932,6.282277,0.009095829,6.213215,1.19,0.003285069,0.0003967541,-0.3644544,0.004649162,-0.002197921,-0.03441982,1.223
2024_02_11_02_25_25_225,0.4,-0.2101278,105208.0,98261.0,10.04354,-7.379841,0.1359934,6.282276,0.009096188,6.199358,1.19,0.003274176,0.0002527438,-0.3648165,-0.002861023,-0.001698732,0.04222523,1.223
2024_02_11_02_25_25_257,0.4,-0.210326,105311.0,98350.0,10.08276,-7.383515,0.1359934,6.282275,0.00909612,6.187312,1.19,0.003313154,0.0003544973,-0.3651789,-0.005722045,-0.00180304,-0.01911167,1.223
2024_02_11_02_25_25_295,0.4,-0.2105799,105426.0,98451.0,10.12668,-7.388196,0.1359935,6.282274,0.009096297,6.173792,1.19,0.003332244,0.0003034868,-0.3655461,0.02074241,0.001206994,-0.06125867,1.223
2024_02_11_02_25_25_332,0.4,-0.2107833,105544.0,98554.0,10.17171,-7.393621,0.1359934,6.282273,0.009096285,6.159892,1.19,0.003331143,0.0003205431,-0.3660292,-0.007271766,-0.002235174,-0.011608,1.223
2024_02_11_02_25_25_370,0.4,-0.2110282,105659.0,98654.0,10.21548,-7.399505,0.1359934,6.282272,0.009096216,6.146341,1.19,0.003324965,0.0003495861,-0.3664187,0.03027916,0.0005811453,-0.04197936,1.223
2024_02_11_02_25_25_408,0.4,-0.211231,105777.0,98757.0,10.26035,-7.406165,0.1359934,6.282271,0.009096394,6.13241,1.19,0.003341503,0.0003090405,-0.3667479,0.006079673,0.001519918,-0.02279505,1.223
2024_02_11_02_25_25_450,0.4,-0.2114789,105908.0,98871.0,10.30983,-7.414252,0.1359935,6.28227,0.009096602,6.116994,1.19,0.003298001,0.0003534128,-0.3672707,-0.005602836,-0.003561377,-0.01534447,1.223
2024_02_11_02_25_25_486,0.4,-0.2117049,106023.0,98971.0,10.3533,-7.422009,0.1359936,6.282269,0.009096853,6.103398,1.19,0.003356824,0.0002733591,-0.3676278,-0.0001192093,-0.001773238,6.053596e-05,1.223
2024_02_11_02_25_25_524,0.4,-0.2119524,106142.0,99074.0,10.39783,-7.430589,0.1359935,6.282269,0.009096744,6.08942,1.19,0.003388009,0.0003603657,-0.3680128,0.0128746,0.002548098,-0.08782464,1.223
2024_02_11_02_25_25_557,0.4,-0.2121562,106244.0,99163.0,10.4364,-7.438545,0.1359937,6.282268,0.009096812,6.077269,1.19,0.003261577,0.0003511032,-0.3683601,0.01585484,-0.0009387731,-0.03060046,1.223
2024_02_11_02_25_25_595,0.4,-0.2123547,106360.0,99264.0,10.47952,-7.44802,0.1359937,6.282267,0.009097074,6.063631,1.19,0.003370285,0.000347432,-0.3687358,0.02169609,0.003904104,-0.08407793,1.223
2024_02_11_02_25_25_628,0.4,-0.2125493,106465.0,99356.0,10.51903,-7.457246,0.1359937,6.282266,0.009097338,6.051085,1.19,0.003352037,0.0002977963,-0.3691031,-0.01108646,-0.001579523,0.0191899,1.223
2024_02_11_02_25_25_666,0.4,-0.2128055,106581.0,99456.0,10.56188,-7.467847,0.1359937,6.282265,0.009097395,6.03742,1.19,0.003365732,0.0003282119,-0.3694848,0.0007152557,-0.0008046626,-0.03447756,1.223
2024_02_11_02_25_25_703,0.4,-0.2130069,106699.0,99559.0,10.60574,-7.479344,0.1359938,6.282264,0.009097606,6.023372,1.19,0.003306628,0.0003213608,-0.3698832,0.002145767,0.0001788139,-0.04202686,1.223
2024_02_11_02_25_25_741,0.4,-0.2132533,106814.0,99659.0,10.64828,-7.491129,0.1359938,6.282263,0.009097732,6.009679,1.19,0.003314558,0.0003251927,-0.370279,0.01192093,-0.00295043,0.02686214,1.223
2024_02_11_02_25_25_776,0.4,-0.2134537,106917.0,99749.0,10.68608,-7.50213,0.1359939,6.282262,0.009098037,5.997453,1.19,0.003372643,0.0002967775,-0.3706482,-0.005125999,-0.003933907,0.01148507,1.223
2024_02_11_02_25_25_811,0.4,-0.2136542,107035.0,99852.0,10.72944,-7.515369,0.1359941,6.282261,0.009098067,5.983362,1.19,0.003344458,0.0003893363,-0.3709676,-0.01740456,-0.005871057,0.02654362,1.223
2024_02_11_02_25_25_849,0.4,-0.2139022,107150.0,99952.0,10.77147,-7.528844,0.135994,6.28226,0.009098292,5.969625,1.19,0.003300674,0.0003846722,-0.3713792,-0.03194809,-0.004976987,-0.0002952293,1.223
2024_02_11_02_25_25_887,0.4,-0.2141056,107268.0,100055.0,10.81443,-7.543283,0.135994,6.282259,0.009098402,5.955503,1.19,0.003351864,0.0003315782,-0.3717718,-0.004649162,-0.003010034,0.04976242,1.223
2024_02_11_02_25_25_924,0.4,-0.2143522,107384.0,100155.0,10.85606,-7.557925,0.1359941,6.282259,0.009098749,5.94174,1.19,0.003385443,0.0003108984,-0.3721952,-0.01680851,-0.005096197,0.02685375,1.223
2024_02_11_02_25_25_961,0.4,-0.2145508,107502.0,100258.0,10.8986,-7.573556,0.135994,6.282258,0.009098818,5.92759,1.19,0.003356697,0.0003661921,-0.3725624,0.006914138,-0.003665685,0.05382299,1.223
2024_02_11_02_25_25_999,0.4,-0.2148065,107617.0,100358.0,10.93979,-7.589353,0.1359942,6.282257,0.009098913,5.913799,1.19,0.003346479,0.0003576387,-0.3729518,-0.02586841,-0.008255243,0.07265247,1.223
2024_02_11_02_25_26_036,0.4,-0.2150051,107735.0,100460.0,10.98188,-7.606164,0.1359942,6.282256,0.00909914,5.899619,1.19,0.003403262,0.0003402,-0.3733454,-0.01692772,-0.004380941,0.05357619,1.223
2024_02_11_02_25_26_074,0.4,-0.2152506,107851.0,100560.0,11.02261,-7.623106,0.1359942,6.282255,0.009099238,5.885798,1.19,0.00335117,0.0003093776,-0.3737424,-0.0004768371,-0.003069639,0.02306606,1.223
2024_02_11_02_25_26_111,0.4,-0.2154531,107969.0,100663.0,11.0642,-7.641088,0.1359943,6.282254,0.009099364,5.871589,1.19,0.003371955,0.0003560823,-0.3740955,0.0004768371,-0.002026558,0.0112839,1.223
2024_02_11_02_25_26_150,0.4,-0.2157046,108084.0,100763.0,11.10444,-7.659163,0.1359943,6.282253,0.009099654,5.85774,1.19,0.003408304,0.0003308936,-0.3744732,0.01573563,-0.001519918,-0.03434438,1.223
2024_02_11_02_25_26_182,0.4,-0.2159009,108190.0,100855.0,11.14119,-7.676261,0.1359944,6.282252,0.009099687,5.845002,1.19,0.003401132,0.0003839979,-0.3748313,-0.00333786,-0.002801418,0.01525693,1.223
2024_02_11_02_25_26_219,0.4,-0.2161003,108305.0,100955.0,11.18093,-7.695398,0.1359945,6.282251,0.009099935,5.831126,1.19,0.003421861,0.000343074,-0.3752185,-0.01478195,-0.004202127,0.0343211,1.223
2024_02_11_02_25_26_257,0.4,-0.2163506,108423.0,101058.0,11.22146,-7.715623,0.1359944,6.28225,0.009099983,5.81686,1.19,0.003408307,0.0003661301,-0.3756276,-0.008821487,-0.00423193,0.04201755,1.223
2024_02_11_02_25_26_295,0.4,-0.216553,108538.0,101158.0,11.26064,-7.735871,0.1359945,6.282249,0.009100013,5.802954,1.19,0.003391218,0.0003623811,-0.3760302,-0.006198883,-0.001788139,-0.01935195,1.223
2024_02_11_02_25_26_328,0.4,-0.2167519,108644.0,101250.0,11.29639,-7.754953,0.1359946,6.282248,0.009100049,5.790164,1.19,0.003378321,0.0003314028,-0.3764001,0.008225441,-0.001072884,-0.02301018,1.223
2024_02_11_02_25_26_366,0.4,-0.2170047,108759.0,101350.0,11.33502,-7.776237,0.1359946,6.282248,0.009099984,5.776228,1.19,0.003420257,0.0003532042,-0.376801,-0.00655651,-0.00333786,0.03419537,1.223
2024_02_11_02_25_26_403,0.4,-0.2172002,108878.0,101452.0,11.37438,-7.798653,0.1359945,6.282247,0.009099995,5.7619,1.19,0.003396155,0.0003946841,-0.3771999,0.03576279,0.006020069,-0.1146765,1.223
2024_02_11_02_25_26_436,0.4,-0.2174007,108980.0,101541.0,11.40829,-7.818576,0.1359945,6.282246,0.009100253,5.749444,1.19,0.003371495,0.0003384244,-0.3775539,-0.004291534,-0.003904104,0.04971306,1.223
2024_02_11_02_25_26_474,0.4,-0.2176509,109096.0,101641.0,11.44601,-7.841413,0.1359946,6.282245,0.009100565,5.735467,1.19,0.003385176,0.0003453194,-0.3779385,-0.01525879,-0.008583069,0.09186938,1.223
2024_02_11_02_25_26_507,0.4,-0.2178501,109202.0,101733.0,11.48039,-7.862858,0.1359947,6.282244,0.009100853,5.72261,1.19,0.003431433,0.0002800914,-0.3782474,-0.01597404,-0.002264977,-0.02305768,1.223
2024_02_11_02_25_26_541,0.4,-0.2180504,109304.0,101822.0,11.51349,-7.884093,0.1359947,6.282243,0.009100857,5.710122,1.19,0.003378314,0.0003195842,-0.3786131,-0.006198883,-0.005662441,0.04577729,1.223
2024_02_11_02_25_26_579,0.4,-0.2182538,109423.0,101925.0,11.55127,-7.909057,0.1359948,6.282242,0.009100989,5.695727,1.19,0.003478214,0.0003435946,-0.3789822,0.02169609,0.0002980232,-0.01126528,1.223
2024_02_11_02_25_26_616,0.4,-0.218503,109538.0,102025.0,11.5877,-7.933883,0.1359948,6.282241,0.009101259,5.681697,1.19,0.003423688,0.0003027802,-0.3794225,0.004768372,-0.003993511,-0.003669411,1.223
2024_02_11_02_25_26_649,0.4,-0.2187075,109640.0,102114.0,11.61989,-7.956451,0.1359948,6.282241,0.009101453,5.66917,1.19,0.003343125,0.0002951633,-0.3797321,-0.00500679,-0.004470348,0.01923554,1.223
2024_02_11_02_25_26_686,0.4,-0.2188998,109759.0,102217.0,11.65661,-7.982937,0.1359948,6.28224,0.009101492,5.654731,1.19,0.00339178,0.000388472,-0.3801048,0.005245208,-0.001251697,0.007633119,1.223
2024_02_11_02_25_26_724,0.4,-0.2191511,109874.0,102317.0,11.69199,-8.00923,0.1359949,6.282239,0.009101738,5.640659,1.19,0.003443233,0.0003457454,-0.3805183,0.006198883,-0.001251697,-0.03446173,1.223
2024_02_11_02_25_26_761,0.4,-0.2193498,109992.0,102419.0,11.72793,-8.036747,0.135995,6.282238,0.009101937,5.626191,1.19,0.003454851,0.000334855,-0.3808722,0.01490116,0.002384186,-0.04583504,1.223
2024_02_11_02_25_26_799,0.4,-0.219604,110107.0,102519.0,11.76254,-8.064041,0.135995,6.282237,0.009101987,5.612091,1.19,0.003429096,0.0003286192,-0.3813114,0.0115633,-0.002682209,-0.007553026,1.223
2024_02_11_02_25_26_833,0.4,-0.2198063,110213.0,102610.0,11.794,-8.089546,0.135995,6.282236,0.00910205,5.599121,1.19,0.003473094,0.0004374467,-0.3815885,-0.01776218,-0.003695488,0.05749613,1.223
2024_02_11_02_25_26_870,0.4,-0.2200049,110328.0,102710.0,11.82785,-8.117759,0.135995,6.282235,0.009102174,5.58499,1.19,0.003463219,0.0004370927,-0.38199,-0.01072884,-0.0005364418,0.01137517,1.223
2024_02_11_02_25_26_907,0.4,-0.2202513,110447.0,102813.0,11.86219,-8.14723,0.1359952,6.282234,0.009102425,5.570463,1.19,0.003486113,0.0003704322,-0.3823935,0.00166893,-0.002741813,-0.003919005,1.223
2024_02_11_02_25_26_941,0.4,-0.2204528,110549.0,102902.0,11.89167,-8.173224,0.1359951,6.282233,0.009102663,5.557837,1.19,0.003478245,0.000317593,-0.3827265,-0.0002384186,-0.005900859,0.03048684,1.223
2024_02_11_02_25_26_978,0.4,-0.2206542,110665.0,103001.0,11.92432,-8.202806,0.1359952,6.282233,0.009102816,5.543668,1.19,0.003466726,0.0003473928,-0.3831853,0.02205372,0.00244379,-0.03801007,1.223
2024_02_11_02_25_27_015,0.4,-0.2209047,110783.0,103104.0,11.95742,-8.233669,0.1359953,6.282232,0.009102891,5.529101,1.19,0.003413997,0.0003657523,-0.3835457,-0.015378,-0.006735324,0.03816653,1.223
2024_02_11_02_25_27_053,0.4,-0.221104,110898.0,103203.0,11.9892,-8.264177,0.1359953,6.282231,0.009103054,5.514903,1.19,0.003444063,0.000345252,-0.3839232,-0.009417534,-0.004947185,0.06508082,1.223
2024_02_11_02_25_27_091,0.4,-0.2213499,111016.0,103306.0,12.02139,-8.295975,0.1359954,6.28223,0.009103131,5.500305,1.19,0.003479111,0.0003593648,-0.3843088,0.020504,-0.001549721,-0.05750171,1.223
2024_02_11_02_25_27_128,0.4,-0.2215561,111131.0,103406.0,12.05228,-8.327384,0.1359954,6.282229,0.009103172,5.486078,1.19,0.003500215,0.0003441403,-0.3847333,-0.01597404,-0.005543231,0.08794106,1.223
2024_02_11_02_25_27_161,0.4,-0.2217554,111237.0,103497.0,12.08027,-8.356627,0.1359954,6.282228,0.009103061,5.472986,1.19,0.003404615,0.0003768802,-0.3851035,0.002622604,-0.001490116,0.01900923,1.223
2024_02_11_02_25_27_199,0.4,-0.2220052,111352.0,103597.0,12.11028,-8.388863,0.1359954,6.282227,0.009103169,5.45873,1.19,0.003442927,0.0003598902,-0.3854844,0.03910065,0.004768372,-0.07650629,1.223
2024_02_11_02_25_27_236,0.4,-0.2222049,111471.0,103699.0,12.14063,-8.422411,0.1359954,6.282226,0.009103357,5.444075,1.19,0.003474599,0.0004179034,-0.3858314,-0.002861023,0.0,-0.04214979,1.223
2024_02_11_02_25_27_269,0.4,-0.2224054,111574.0,103788.0,12.16658,-8.4519,0.1359955,6.282225,0.009103632,5.431332,1.19,0.003489844,0.0003445342,-0.3861994,0.01335144,0.001192093,-0.07273257,1.223
2024_02_11_02_25_27_308,0.4,-0.2226496,111692.0,103891.0,12.19599,-8.486264,0.1359955,6.282224,0.009103794,5.416645,1.19,0.003526838,0.0003785159,-0.3866168,0.009775162,0.001728535,-0.08017755,1.223
2024_02_11_02_25_27_345,0.4,-0.2228548,111807.0,103990.0,12.22413,-8.520135,0.1359955,6.282224,0.009104031,5.402334,1.19,0.003401798,0.0003749578,-0.3870105,-0.003218651,-0.002622604,0.003926456,1.223
2024_02_11_02_25_27_378,0.4,-0.223055,111910.0,104079.0,12.24883,-8.55068,0.1359955,6.282223,0.009104212,5.389557,1.19,0.003554123,0.0003777537,-0.3872837,-0.01716614,-0.002503395,0.01521315,1.223
2024_02_11_02_25_27_416,0.4,-0.2233057,112028.0,104182.0,12.27677,-8.586235,0.1359957,6.282222,0.009104457,5.374831,1.19,0.003544689,0.0003957221,-0.3877241,-0.009655952,-0.007390975,0.05743932,1.223
2024_02_11_02_25_27_449,0.4,-0.2235016,112131.0,104271.0,12.30061,-8.617443,0.1359957,6.282221,0.009104619,5.362028,1.19,0.003550247,0.0003437308,-0.3880804,-0.03731251,-0.01049042,0.1032697,1.223
2024_02_11_02_25_27_486,0.4,-0.223701,112249.0,104373.0,12.32756,-8.653752,0.1359958,6.28222,0.009104507,5.347271,1.19,0.00356189,0.0004048082,-0.3884572,-0.00834465,-0.003576278,0.03029592,1.223
2024_02_11_02_25_27_519,0.4,-0.223904,112352.0,104461.0,12.35052,-8.685603,0.1359958,6.282219,0.009104707,5.334448,1.19,0.003515372,0.0003942051,-0.3888171,0.004529953,0.0004768371,-0.04228111,1.223
2024_02_11_02_25_27_557,0.4,-0.2241564,112470.0,104564.0,12.37646,-8.722641,0.1359958,6.282218,0.009104872,5.319664,1.19,0.003476885,0.000399216,-0.3892096,-0.009536743,-0.003427267,0.007354654,1.223
2024_02_11_02_25_27_590,0.4,-0.2243555,112573.0,104652.0,12.39854,-8.755111,0.1359958,6.282218,0.00910503,5.306812,1.19,0.003542017,0.0003838624,-0.3895405,0.003576278,-0.001877546,-0.06886199,1.223
2024_02_11_02_25_27_628,0.4,-0.2245514,112688.0,104752.0,12.42279,-8.791847,0.1359959,6.282217,0.009105295,5.292391,1.19,0.003484677,0.0003465877,-0.3899059,0.03361702,0.004380941,-0.09169988,1.223
2024_02_11_02_25_27_666,0.4,-0.2248102,112807.0,104854.0,12.44714,-8.829938,0.1359959,6.282216,0.009105351,5.277567,1.19,0.003502825,0.0003998083,-0.390331,0.01835823,0.003457069,-0.05730707,1.223
2024_02_11_02_25_27_703,0.4,-0.2250027,112922.0,104953.0,12.4703,-8.867364,0.135996,6.282215,0.00910573,5.263119,1.19,0.003554868,0.0003362155,-0.3906685,-0.01573563,-0.00333786,0.02286397,1.223
2024_02_11_02_25_27_736,0.4,-0.2252054,113028.0,105045.0,12.4911,-8.902045,0.135996,6.282214,0.009105735,5.249828,1.19,0.003532206,0.0003609829,-0.3910784,0.01704693,0.000834465,-0.03060419,1.223
2024_02_11_02_25_27_774,0.4,-0.2254513,113143.0,105144.0,12.51322,-8.940096,0.135996,6.282213,0.009105695,5.235351,1.19,0.003492327,0.0004031354,-0.3914861,0.01275539,-0.000834465,-0.03066286,1.223
2024_02_11_02_25_27_807,0.4,-0.2256497,113249.0,105236.0,12.53305,-8.975338,0.1359961,6.282212,0.00910599,5.222037,1.19,0.003517357,0.0003656758,-0.3918388,-0.01657009,-0.00411272,-0.007783062,1.223
2024_02_11_02_25_27_841,0.4,-0.2258552,113352.0,105324.0,12.55185,-9.009792,0.1359961,6.282211,0.009106053,5.209099,1.19,0.003546347,0.0003206288,-0.392188,0.02074241,0.0002086162,-0.03820565,1.223
2024_02_11_02_25_27_878,0.4,-0.2260537,113467.0,105424.0,12.57239,-9.048708,0.135996,6.28221,0.009106119,5.194579,1.19,0.003572152,0.0003611125,-0.3925378,-0.004529953,-0.00217557,0.03451109,1.223
2024_02_11_02_25_27_915,0.4,-0.226304,113586.0,105526.0,12.5929,-9.08898,0.1359961,6.282209,0.009106426,5.179657,1.19,0.00358061,0.0004434296,-0.3929228,-0.03170967,-0.007718801,0.04594959,1.223
2024_02_11_02_25_27_953,0.4,-0.2265,113701.0,105625.0,12.61228,-9.128479,0.1359962,6.282209,0.009106763,5.165113,1.19,0.003543293,0.0003877813,-0.393289,-0.004291534,-0.001043081,0.02706516,1.223
2024_02_11_02_25_27_990,0.4,-0.2267531,113820.0,105728.0,12.63158,-9.169331,0.1359964,6.282207,0.009106907,5.150157,1.19,0.00362261,0.0004037662,-0.3936624,-0.02062321,-0.007480382,0.03048312,1.223
2024_02_11_02_25_28_028,0.4,-0.2269502,113935.0,105827.0,12.64979,-9.209377,0.1359963,6.282207,0.009106978,5.135584,1.19,0.003600718,0.0003750507,-0.394083,-0.01883507,-0.005245208,0.03055017,1.223
2024_02_11_02_25_28_065,0.4,-0.2272023,114054.0,105929.0,12.66787,-9.250778,0.1359964,6.282206,0.00910706,5.120604,1.19,0.003549945,0.0003873223,-0.3944952,-0.02896786,-0.004589558,0.03048777,1.223
2024_02_11_02_25_28_102,0.4,-0.2274005,114169.0,106029.0,12.68489,-9.29134,0.1359963,6.282205,0.009106996,5.105994,1.19,0.003590197,0.0004229362,-0.394867,0.01704693,0.00205636,-0.01523085,1.223
2024_02_11_02_25_28_136,0.4,-0.2275992,114275.0,106120.0,12.7,-9.32883,0.1359964,6.282204,0.009107148,5.092562,1.19,0.003673368,0.0004340926,-0.3951599,-0.01585484,-0.001788139,0.01509674,1.223
2024_02_11_02_25_28_174,0.4,-0.2278522,114390.0,106219.0,12.71586,-9.36985,0.1359964,6.282203,0.009107402,5.077933,1.19,0.003614276,0.0003874999,-0.3956174,-0.008821487,-0.001728535,-0.01910049,1.223
2024_02_11_02_25_28_207,0.4,-0.2280502,114493.0,106308.0,12.72951,-9.406625,0.1359965,6.282203,0.009107407,5.064865,1.19,0.003532715,0.000406229,-0.3959797,0.007390975,-0.001400709,-0.04216842,1.223
2024_02_11_02_25_28_245,0.4,-0.2282497,114612.0,106410.0,12.74462,-9.449188,0.1359966,6.282201,0.009107533,5.049811,1.19,0.003637533,0.0003887997,-0.3963646,-0.002622604,-0.003576278,0.03820751,1.223
2024_02_11_02_25_28_282,0.4,-0.228501,114727.0,106509.0,12.75872,-9.490843,0.1359966,6.2822,0.009107714,5.035142,1.19,0.003647017,0.0003760319,-0.3967491,0.00333786,-0.004410744,5.587935e-06,1.223
2024_02_11_02_25_28_315,0.4,-0.2287035,114833.0,106600.0,12.77113,-9.529296,0.1359966,6.2822,0.009108097,5.021642,1.19,0.003675229,0.0003440957,-0.3971076,0.01144409,-2.980232e-05,-0.103238,1.223
2024_02_11_02_25_28_353,0.4,-0.2289008,114949.0,106699.0,12.78405,-9.571326,0.1359967,6.282199,0.009107976,5.006938,1.19,0.003523792,0.0004146501,-0.3975047,-0.03290176,-0.006794929,0.03430806,1.223
2024_02_11_02_25_28_387,0.4,-0.2291012,115055.0,106791.0,12.79537,-9.610112,0.1359966,6.282198,0.009108039,4.993422,1.19,0.003613341,0.000451334,-0.3978706,0.007748603,-0.0001043081,-0.003897585,1.223
2024_02_11_02_25_28_424,0.4,-0.2293487,115170.0,106890.0,12.80709,-9.652487,0.1359967,6.282197,0.009108267,4.97869,1.19,0.00352314,0.0004354187,-0.3982239,0.0004768371,-0.003188848,0.03811438,1.223
2024_02_11_02_25_28_461,0.4,-0.2295501,115289.0,106992.0,12.81847,-9.69618,0.1359968,6.282196,0.009108568,4.963549,1.19,0.003612049,0.0003422672,-0.3986149,0.001907349,-0.0008195638,-0.003891065,1.223
2024_02_11_02_25_28_495,0.4,-0.2297546,115392.0,107080.0,12.82782,-9.734257,0.1359968,6.282196,0.009108515,4.950388,1.19,0.003595798,0.0004244855,-0.3989526,-0.006794929,-0.0009387731,0.02288632,1.223
2024_02_11_02_25_28_532,0.4,-0.2299988,115507.0,107179.0,12.83771,-9.777091,0.1359968,6.282195,0.009108768,4.935615,1.19,0.003545962,0.000433422,-0.3993397,0.003576278,-0.001057982,0.007810071,1.223
2024_02_11_02_25_28_565,0.4,-0.2302019,115613.0,107270.0,12.84623,-9.816572,0.1359969,6.282194,0.00910903,4.922031,1.19,0.003654784,0.0003993912,-0.3996624,-0.004768372,-0.002980232,0.0343686,1.223
2024_02_11_02_25_28_602,0.4,-0.2304062,115729.0,107370.0,12.85489,-9.859666,0.135997,6.282193,0.009109338,4.907234,1.19,0.003635464,0.000310762,-0.4000962,0.0003576278,-0.003680587,0.03066007,1.223
2024_02_11_02_25_28_636,0.4,-0.2306006,115835.0,107461.0,12.86228,-9.899369,0.135997,6.282192,0.009109217,4.893621,1.19,0.003604054,0.0004557297,-0.4004368,-0.00655651,-0.00282377,0.0190353,1.223
2024_02_11_02_25_28_674,0.4,-0.2308485,115950.0,107560.0,12.86971,-9.942684,0.135997,6.282191,0.009109293,4.878802,1.19,0.003647544,0.0004436517,-0.4007893,0.02062321,0.002764165,-0.0459468,1.223
2024_02_11_02_25_28_711,0.4,-0.2310512,116069.0,107662.0,12.87667,-9.987282,0.1359971,6.28219,0.009109872,4.863564,1.19,0.003671635,0.0004047086,-0.4011358,-0.000834465,0.0002831221,-0.03043935,1.223
2024_02_11_02_25_28_745,0.4,-0.231255,116172.0,107750.0,12.88216,-10.02609,0.1359971,6.282189,0.009109977,4.850317,1.19,0.003715116,0.0003926987,-0.4015316,0.0,-0.007018446,0.03066752,1.223
2024_02_11_02_25_28_782,0.4,-0.2314991,116287.0,107849.0,12.88772,-10.06968,0.1359972,6.282188,0.009110105,4.835454,1.19,0.003534512,0.0004120524,-0.4019015,-0.007390975,0.0007376074,-0.01146551,1.223
2024_02_11_02_25_28_816,0.4,-0.2317047,116393.0,107941.0,12.89224,-10.1098,0.1359972,6.282187,0.009110061,4.821782,1.19,0.003628158,0.000404795,-0.4023312,0.01072884,-0.00257045,0.0229124,1.223
2024_02_11_02_25_28_853,0.4,-0.2319019,116509.0,108040.0,12.89654,-10.15353,0.1359972,6.282187,0.009110077,4.80689,1.19,0.003716337,0.0004452407,-0.402683,-0.004768372,-0.005915761,0.02285,1.223
2024_02_11_02_25_28_886,0.4,-0.2321003,116615.0,108131.0,12.89993,-10.19376,0.1359972,6.282186,0.009110148,4.793188,1.19,0.003587269,0.0004462586,-0.4030494,-0.0166893,-0.002779066,-0.0040913,1.223
2024_02_11_02_25_28_924,0.4,-0.2323472,116730.0,108230.0,12.90298,-10.23759,0.1359973,6.282185,0.009110329,4.778267,1.19,0.00357946,0.0004554459,-0.4034539,-0.02396107,-0.006094574,0.05353056,1.223
2024_02_11_02_25_28_957,0.4,-0.2325495,116833.0,108318.0,12.90515,-10.27672,0.1359973,6.282184,0.009110703,4.764947,1.19,0.003648038,0.0003507559,-0.4037693,-0.006079673,-0.00423938,5.681067e-05,1.223
2024_02_11_02_25_28_995,0.4,-0.2327493,116952.0,108420.0,12.907,-10.3218,0.1359974,6.282183,0.00911067,4.749595,1.19,0.003685223,0.0004164056,-0.4041025,0.03182888,0.003069639,-0.05743187,1.223
2024_02_11_02_25_29_032,0.4,-0.2330009,117067.0,108519.0,12.90814,-10.36571,0.1359973,6.282182,0.0091109,4.734635,1.19,0.003493791,0.000447306,-0.4045725,-0.01120567,-0.003166497,0.04583224,1.223
2024_02_11_02_25_29_066,0.4,-0.2332026,117173.0,108610.0,12.9086,-10.40607,0.1359975,6.282181,0.0091111,4.720872,1.19,0.003709294,0.0003722462,-0.4049104,0.005722045,-0.001914799,-0.0191601,1.223
2024_02_11_02_25_29_102,0.4,-0.2334014,117289.0,108709.0,12.90848,-10.44998,0.1359974,6.28218,0.00911139,4.705882,1.19,0.003704357,0.0003489667,-0.4053056,0.01251697,0.0003501773,-0.03799237,1.223
2024_02_11_02_25_29_140,0.4,-0.2336532,117407.0,108810.0,12.90766,-10.49508,0.1359975,6.28218,0.009111212,4.690474,1.19,0.003630233,0.0004689756,-0.4056627,0.015378,0.001341104,-0.01906417,1.223
2024_02_11_02_25_29_178,0.4,-0.2338533,117523.0,108909.0,12.9062,-10.53897,0.1359975,6.282179,0.009111551,4.675457,1.19,0.003664065,0.0003854839,-0.4060806,-0.009298325,-0.002533197,0.04974939,1.223
2024_02_11_02_25_29_216,0.4,-0.2341032,117641.0,109011.0,12.90401,-10.58402,0.1359976,6.282178,0.009111755,4.660016,1.19,0.003688844,0.0004117542,-0.4064394,-0.007271766,-0.002369285,-0.01922622,1.223
2024_02_11_02_25_29_252,0.4,-0.2342977,117757.0,109110.0,12.90121,-10.62784,0.1359977,6.282177,0.009112141,4.644972,1.19,0.003695915,0.0003614602,-0.4068082,-0.010252,-0.003352761,-0.01526717,1.223
2024_02_11_02_25_29_290,0.4,-0.2345596,117875.0,109211.0,12.89765,-10.67279,0.1359977,6.282176,0.009112191,4.629502,1.19,0.003544421,0.000454669,-0.4072525,-0.02706051,-0.005632638,0.04581455,1.223
2024_02_11_02_25_29_328,0.4,-0.2347534,117991.0,109310.0,12.89351,-10.7165,0.1359978,6.282175,0.009112501,4.61443,1.19,0.003673017,0.0003757408,-0.4075649,-0.007987022,-0.003874302,0.03441144,1.223
2024_02_11_02_25_29_361,0.4,-0.2349487,118097.0,109401.0,12.88913,-10.7566,0.1359978,6.282175,0.009112437,4.600564,1.19,0.003608671,0.0004444298,-0.4079979,0.002980232,-0.0012815,-0.03048405,1.223
2024_02_11_02_25_29_399,0.4,-0.2352042,118212.0,109500.0,12.88373,-10.80016,0.1359978,6.282174,0.009112575,4.585462,1.19,0.003623993,0.0004071073,-0.4083307,0.01776218,7.450581e-05,-0.007441267,1.223
2024_02_11_02_25_29_436,0.4,-0.2354008,118328.0,109599.0,12.87768,-10.84364,0.1359978,6.282173,0.009112774,4.570347,1.19,0.003743051,0.0004218285,-0.4086896,-0.005245208,-0.002354383,0.004012138,1.223
2024_02_11_02_25_29_474,0.4,-0.2356526,118446.0,109701.0,12.87078,-10.88819,0.135998,6.282172,0.009113024,4.554806,1.19,0.003757789,0.0003352161,-0.4090911,0.01347065,-0.004649162,-0.01533329,1.223
2024_02_11_02_25_29_511,0.4,-0.2358509,118562.0,109799.0,12.8634,-10.93146,0.135998,6.282171,0.00911302,4.53966,1.19,0.003756263,0.0004128955,-0.409539,-0.02682209,-0.009059906,0.09551644,1.223
2024_02_11_02_25_29_549,0.4,-0.2361006,118680.0,109901.0,12.85513,-10.97576,0.135998,6.28217,0.009113118,4.524092,1.19,0.003685109,0.0004445136,-0.4099039,-0.01752377,-0.005364418,0.03053993,1.223
2024_02_11_02_25_29_582,0.4,-0.2362987,118783.0,109989.0,12.8474,-11.01413,0.135998,6.282169,0.009113343,4.510563,1.19,0.003697685,0.0004624775,-0.4102219,0.0009536743,0.0005662441,-0.09577721,1.223
2024_02_11_02_25_29_619,0.4,-0.2365005,118902.0,110091.0,12.83784,-11.05818,0.1359981,6.282168,0.009113641,4.494967,1.19,0.003744856,0.0003950607,-0.4105948,-0.008106232,-0.004291534,0.003980473,1.223
2024_02_11_02_25_29_657,0.4,-0.2367522,119017.0,110190.0,12.82788,-11.10091,0.1359981,6.282167,0.009113736,4.47977,1.19,0.003720099,0.0004482662,-0.4109661,0.01966953,0.003546476,-0.07633585,1.223
2024_02_11_02_25_29_695,0.4,-0.2369482,119136.0,110291.0,12.81698,-11.14464,0.1359984,6.282166,0.009113797,4.464143,1.19,0.003769364,0.0004255672,-0.4113551,0.003457069,0.0002384186,-0.05398877,1.223
2024_02_11_02_25_29_728,0.4,-0.2371525,119239.0,110379.0,12.80696,-11.18246,0.1359982,6.282166,0.00911398,4.450557,1.19,0.003712168,0.0004177895,-0.4117406,-0.01168251,-0.005960464,0.007561408,1.223
2024_02_11_02_25_29_766,0.4,-0.2374004,119357.0,110480.0,12.79479,-11.22585,0.1359983,6.282165,0.00911398,4.434903,1.19,0.003692544,0.000467861,-0.4121372,-0.008225441,-0.004261732,0.01894962,1.223
2024_02_11_02_25_29_802,0.4,-0.2376024,119473.0,110579.0,12.78228,-11.26789,0.1359984,6.282164,0.009114346,4.419649,1.19,0.003762275,0.0004088737,-0.4125102,0.005364418,-0.002980232,-0.0421917,1.223
2024_02_11_02_25_29_837,0.4,-0.2377999,119576.0,110667.0,12.77059,-11.30523,0.1359983,6.282163,0.009114389,4.406029,1.19,0.003673786,0.0004536957,-0.4128695,-0.02586841,-0.012815,0.1299642,1.223
2024_02_11_02_25_29_874,0.4,-0.2380238,119694.0,110768.0,12.7565,-11.34801,0.1359984,6.282162,0.009114416,4.390333,1.19,0.003692856,0.0004434028,-0.4132386,-0.02467632,-0.006377697,0.05329772,1.223
2024_02_11_02_25_29_912,0.4,-0.2382694,119810.0,110867.0,12.74213,-11.38946,0.1359985,6.282161,0.009114648,4.375036,1.19,0.003697277,0.0003537179,-0.4137003,-0.010252,-0.001788139,0.01520384,1.223
2024_02_11_02_25_29_949,0.4,-0.2384775,119928.0,110968.0,12.72672,-11.43179,0.1359984,6.28216,0.009114658,4.359307,1.19,0.003790765,0.0004443113,-0.4140913,-0.001192093,-0.001907349,-0.03449805,1.223
2024_02_11_02_25_29_982,0.4,-0.2386793,120031.0,111056.0,12.7128,-11.46834,0.1359984,6.282159,0.009114778,4.345639,1.19,0.003695108,0.0004348521,-0.4144354,-0.003099441,-0.001221895,-0.0306759,1.223
2024_02_11_02_25_30_020,0.4,-0.2389239,120150.0,111158.0,12.69616,-11.5102,0.1359984,6.282158,0.009114766,4.329885,1.19,0.003753675,0.0004517367,-0.4148373,-0.0004768371,-0.003844499,0.02681278,1.223
2024_02_11_02_25_30_056,0.4,-0.2391321,120265.0,111256.0,12.67932,-11.55069,0.1359985,6.282158,0.009114985,4.314527,1.19,0.003717005,0.0004621512,-0.4152124,-0.01168251,-0.004291534,0.03048405,1.223
2024_02_11_02_25_30_095,0.4,-0.2393758,120384.0,111358.0,12.66138,-11.592,0.1359986,6.282156,0.009115278,4.298743,1.19,0.003753123,0.000398713,-0.4155581,0.005483627,-0.0002980232,-2.048909e-05,1.223
2024_02_11_02_25_30_128,0.4,-0.2395749,120487.0,111446.0,12.64528,-11.62764,0.1359986,6.282156,0.009115344,4.285026,1.19,0.003801306,0.0004428021,-0.4159897,-0.004053116,-0.004172325,0.007522292,1.223
2024_02_11_02_25_30_165,0.4,-0.2397789,120606.0,111547.0,12.62613,-11.66839,0.1359987,6.282155,0.009115358,4.269212,1.18,0.003780322,0.0004661628,-0.4162992,0.003576278,-0.001490116,0.04593283,1.223
2024_02_11_02_25_30_199,0.4,-0.2399775,120708.0,111635.0,12.60898,-11.70353,0.1359988,6.282154,0.009115657,4.25547,1.18,0.003751999,0.0004182345,-0.4167104,0.004291534,-0.001370907,-0.007821247,1.223
2024_02_11_02_25_30_236,0.4,-0.2402208,120824.0,111733.0,12.58919,-11.74265,0.1359988,6.282153,0.009115635,4.240043,1.18,0.003808734,0.0005011273,-0.417049,-0.006198883,-0.007152557,0.05335174,1.223
2024_02_11_02_25_30_274,0.4,-0.2404283,120943.0,111835.0,12.56823,-11.78249,0.1359988,6.282153,0.009116109,4.224188,1.18,0.003784276,0.0004139659,-0.4174377,0.00989437,0.00333786,-0.06882846,1.223
2024_02_11_02_25_30_307,0.4,-0.2406246,121045.0,111923.0,12.54952,-11.81682,0.1359989,6.282152,0.009116231,4.210403,1.18,0.003728161,0.0004109362,-0.4177801,-0.006914138,-0.001490116,-0.00754185,1.223
2024_02_11_02_25_30_344,0.4,-0.2408749,121164.0,112024.0,12.52739,-11.85603,0.1359989,6.282151,0.009116355,4.19452,1.18,0.003780887,0.0004816117,-0.4181516,0.009536743,-0.003457069,-0.007533468,1.223
2024_02_11_02_25_30_382,0.4,-0.2410779,121279.0,112123.0,12.50525,-11.89385,0.135999,6.28215,0.009116698,4.179037,1.18,0.003801666,0.0004096469,-0.4185351,0.01263618,0.002861023,-0.06510876,1.223
2024_02_11_02_25_30_419,0.4,-0.2413262,121398.0,112224.0,12.48191,-11.93234,0.1359991,6.282149,0.009116865,4.163123,1.18,0.003816962,0.0004140867,-0.4188966,0.004410744,-0.001609325,0.0001136213,1.223
2024_02_11_02_25_30_457,0.4,-0.2415273,121513.0,112322.0,12.4586,-11.96945,0.1359991,6.282148,0.009117043,4.147615,1.18,0.003774361,0.0004650793,-0.419317,-0.03790855,-0.006616115,0.0343658,1.223
2024_02_11_02_25_30_490,0.4,-0.2417261,121620.0,112413.0,12.43667,-12.00322,0.1359992,6.282147,0.009117142,4.133351,1.18,0.003780612,0.0004765395,-0.4196513,-0.001430511,-0.002145767,-0.03453065,1.223
2024_02_11_02_25_30_528,0.4,-0.2419717,121735.0,112511.0,12.41227,-12.03961,0.1359991,6.282146,0.009117391,4.117816,1.18,0.003839508,0.0004857261,-0.4200209,-0.01597404,5.960464e-05,-0.0228025,1.223
2024_02_11_02_25_30_565,0.4,-0.2421738,121854.0,112612.0,12.38662,-12.07659,0.1359992,6.282146,0.00911738,4.101847,1.18,0.00385305,0.0004954729,-0.4204192,-0.01454353,-0.003099441,0.0343062,1.223
2024_02_11_02_25_30_599,0.4,-0.2423741,121957.0,112700.0,12.36387,-12.10836,0.1359993,6.282145,0.00911772,4.087965,1.18,0.003793211,0.0004174727,-0.4207692,0.001907349,-0.0008940696,0.007768161,1.223
2024_02_11_02_25_30_636,0.4,-0.242623,122072.0,112798.0,12.33784,-12.1436,0.1359994,6.282144,0.009117884,4.072387,1.18,0.003818654,0.0004264296,-0.4211214,-0.01084804,-0.004887581,0.05354359,1.223
2024_02_11_02_25_30_673,0.4,-0.2428224,122191.0,112899.0,12.31055,-12.17937,0.1359993,6.282143,0.009118061,4.056375,1.18,0.00381148,0.000425769,-0.4215901,0.004172325,0.0007748603,-0.01505483,1.223
2024_02_11_02_25_30_711,0.4,-0.2430739,122306.0,112998.0,12.28342,-12.21376,0.1359995,6.282142,0.009117997,4.040768,1.18,0.003814333,0.0004732186,-0.421959,-0.002622604,-0.0002980232,-0.01930445,1.223
2024_02_11_02_25_30_745,0.4,-0.2432734,122412.0,113088.0,12.25803,-12.24499,0.1359994,6.282141,0.009118366,4.026412,1.18,0.003819425,0.0003904903,-0.4223418,0.01013279,0.000655651,-0.06861612,1.223
2024_02_11_02_25_30_778,0.4,-0.2434767,122515.0,113176.0,12.23295,-12.27494,0.1359995,6.28214,0.009118438,4.01247,1.18,0.003762746,0.000402414,-0.4226892,-0.02491474,-0.004708767,0.02299808,1.223
2024_02_11_02_25_30_811,0.4,-0.2436732,122618.0,113264.0,12.20747,-12.30455,0.1359996,6.282139,0.009118386,3.998516,1.18,0.003828358,0.0004760513,-0.4229671,-0.009655952,-0.006198883,0.04178751,1.223
2024_02_11_02_25_30_849,0.4,-0.2438768,122737.0,113365.0,12.1776,-12.33819,0.1359995,6.282138,0.009118592,3.982434,1.18,0.003872592,0.0004974711,-0.4233644,-0.003814697,-0.001192093,3.073364e-05,1.223
2024_02_11_02_25_30_886,0.4,-0.2441237,122852.0,113463.0,12.14802,-12.37047,0.1359997,6.282137,0.009119014,3.966762,1.18,0.003845743,0.0004100267,-0.4237675,-0.01049042,-0.00423193,0.007578171,1.223
2024_02_11_02_25_30_919,0.4,-0.2443215,122958.0,113553.0,12.12039,-12.39973,0.1359997,6.282137,0.009119209,3.95235,1.18,0.003879876,0.0004306061,-0.4240577,0.01811981,0.002741813,-0.08017383,1.223
2024_02_11_02_25_30_957,0.4,-0.2445246,123074.0,113652.0,12.08985,-12.43111,0.1359998,6.282136,0.009119362,3.93665,1.18,0.00382218,0.0004416268,-0.4244666,-0.002741813,-0.004649162,0.01526903,1.223
2024_02_11_02_25_30_995,0.4,-0.244774,123192.0,113753.0,12.05798,-12.46283,0.1359998,6.282135,0.009119471,3.920511,1.18,0.003850058,0.0004460296,-0.4248378,-0.02098083,-0.007212162,0.09158719,1.223
2024_02_11_02_25_31_032,0.4,-0.2449701,123308.0,113851.0,12.02646,-12.49321,0.1359998,6.282134,0.00911965,3.904784,1.18,0.003900643,0.0004583513,-0.4252655,-0.01955032,-0.006198883,0.04588626,1.223
2024_02_11_02_25_31_069,0.4,-0.2452251,123426.0,113952.0,11.99359,-12.5239,0.1359998,6.282133,0.009119662,3.888613,1.18,0.003856321,0.0004374493,-0.42568,0.01263618,0.003457069,-0.05733035,1.223
2024_02_11_02_25_31_106,0.4,-0.245427,123542.0,114050.0,11.96112,-12.55326,0.1359999,6.282133,0.00911975,3.872857,1.18,0.003901932,0.0004308326,-0.4260347,-0.002622604,-0.0004172325,-0.007684342,1.223
2024_02_11_02_25_31_139,0.4,-0.2456249,123645.0,114138.0,11.93177,-12.57901,0.1359998,6.282132,0.009119789,3.858788,1.18,0.00391937,0.0004836736,-0.4264056,-0.001072884,-0.0005960464,-0.01510978,1.223
2024_02_11_02_25_31_174,0.4,-0.2458204,123751.0,114228.0,11.90117,-12.60511,0.136,6.282131,0.009120044,3.844283,1.18,0.003862847,0.000472951,-0.426726,0.001788139,-0.003933907,0.01139566,1.223
2024_02_11_02_25_31_211,0.4,-0.2460748,123866.0,114326.0,11.86743,-12.63299,0.1359999,6.28213,0.009120286,3.828486,1.18,0.003889477,0.0003973955,-0.4271013,-0.0003576278,-0.0001788139,-0.003797933,1.223
2024_02_11_02_25_31_245,0.4,-0.2462734,123972.0,114417.0,11.83605,-12.65814,0.136,6.282129,0.00912042,3.813958,1.18,0.003896565,0.0004170704,-0.4274696,-0.009059906,-0.002205372,0.01527276,1.223
2024_02_11_02_25_31_281,0.4,-0.2464761,124088.0,114515.0,11.80149,-12.68499,0.1360001,6.282128,0.009120528,3.798134,1.18,0.003921219,0.000524169,-0.4278705,0.007510185,0.0001192093,-0.007638707,1.223
2024_02_11_02_25_31_319,0.4,-0.2467235,124206.0,114616.0,11.76556,-12.71199,0.1360001,6.282127,0.009120738,3.781866,1.18,0.003919146,0.0004823568,-0.4282342,-0.008225441,-0.004827976,0.04576053,1.223
2024_02_11_02_25_31_357,0.4,-0.2469271,124322.0,114714.0,11.73016,-12.73771,0.1360002,6.282126,0.009120817,3.766014,1.18,0.003814575,0.0004868934,-0.4285698,-0.009775162,-0.004827976,0.04583597,1.223
2024_02_11_02_25_31_390,0.4,-0.2471227,124425.0,114801.0,11.69825,-12.76017,0.1360001,6.282125,0.009120981,3.751863,1.18,0.003909428,0.0004490302,-0.4289022,0.01895428,0.00578165,-0.06482936,1.223
2024_02_11_02_25_31_427,0.4,-0.2473768,124543.0,114902.0,11.66111,-12.78548,0.1360002,6.282125,0.009121176,3.735555,1.18,0.003843358,0.0004520127,-0.4293438,-0.005125999,-0.001013279,-0.01539942,1.223
2024_02_11_02_25_31_465,0.4,-0.2475789,124659.0,115000.0,11.62457,-12.80953,0.1360003,6.282124,0.009121388,3.71966,1.18,0.00381657,0.0003950254,-0.4298103,-0.02765655,-0.005900859,0.05342904,1.223
2024_02_11_02_25_31_502,0.4,-0.2478271,124777.0,115101.0,11.58664,-12.83362,0.1360002,6.282123,0.009121185,3.70332,1.18,0.00394438,0.0004791308,-0.4302332,-0.0004768371,-0.002980232,0.0001788139,1.223
2024_02_11_02_25_31_540,0.4,-0.2480233,124893.0,115199.0,11.54935,-12.85648,0.1360002,6.282122,0.009121113,3.687395,1.18,0.003910734,0.0004913807,-0.430595,0.008106232,-0.0004768371,-0.02688914,1.223
2024_02_11_02_25_31_578,0.4,-0.2482729,125011.0,115300.0,11.51066,-12.87933,0.1360004,6.282121,0.009121332,3.671024,1.18,0.003947593,0.0004783751,-0.4309791,0.01740456,0.002205372,-0.06524008,1.223
2024_02_11_02_25_31_615,0.4,-0.2484754,125127.0,115398.0,11.47265,-12.90096,0.1360003,6.28212,0.009121635,3.655068,1.18,0.003842777,0.000468443,-0.4314131,-0.002980232,-0.003606081,0.01915824,1.223
2024_02_11_02_25_31_653,0.4,-0.2487261,125245.0,115498.0,11.43325,-12.92255,0.1360003,6.282119,0.009121864,3.638668,1.18,0.003942919,0.0004960596,-0.4316864,0.002622604,0.001907349,-0.04583783,1.223
2024_02_11_02_25_31_685,0.4,-0.2489193,125348.0,115586.0,11.39876,-12.94077,0.1360005,6.282118,0.009122244,3.624415,1.18,0.003909923,0.0004637654,-0.4320578,-0.02849102,-0.006198883,0.06120652,1.223
2024_02_11_02_25_31_722,0.4,-0.2491266,125467.0,115687.0,11.35873,-12.96114,0.1360006,6.282117,0.009122453,3.607989,1.18,0.003902692,0.0004776834,-0.4324105,0.002503395,-0.001907349,0.02299156,1.223
2024_02_11_02_25_31_761,0.4,-0.2493731,125582.0,115785.0,11.31944,-12.98033,0.1360007,6.282117,0.009122876,3.591981,1.18,0.003946001,0.000426514,-0.4328253,0.01323223,-0.0005066395,-0.02279412,1.223
2024_02_11_02_25_31_798,0.4,-0.2495729,125701.0,115885.0,11.27878,-12.99938,0.1360007,6.282116,0.009123066,3.575528,1.18,0.003978799,0.0004486683,-0.4332071,-0.001549721,-0.00295043,0.01535471,1.223
2024_02_11_02_25_31_832,0.4,-0.2497701,125804.0,115973.0,11.24321,-13.01538,0.1360008,6.282115,0.009123113,3.561228,1.18,0.003855145,0.0005295613,-0.4334797,-0.01466274,-0.002562999,0.04583597,1.223
2024_02_11_02_25_31_870,0.4,-0.2500212,125919.0,116071.0,11.20307,-13.03271,0.1360008,6.282114,0.00912317,3.545179,1.18,0.003936307,0.0005021127,-0.4339215,0.004410744,-0.004470348,0.01868512,1.223
2024_02_11_02_25_31_903,0.4,-0.250225,126025.0,116161.0,11.16595,-13.04806,0.1360009,6.282114,0.00912338,3.53042,1.18,0.003940609,0.0005035491,-0.4342645,-0.001311302,-0.0004172325,-0.02299063,1.223
2024_02_11_02_25_31_940,0.4,-0.2504211,126141.0,116259.0,11.1253,-13.06415,0.1360009,6.282113,0.009123609,3.514345,1.18,0.003964433,0.0004256877,-0.4346585,0.01454353,0.0006854534,-0.02287235,1.223
2024_02_11_02_25_31_974,0.4,-0.250625,126247.0,116349.0,11.08772,-13.07834,0.1360008,6.282112,0.009123653,3.49956,1.18,0.003929516,0.0004792477,-0.4350359,0.01752377,-0.001460314,-0.04574097,1.223
2024_02_11_02_25_32_010,0.4,-0.2508693,126362.0,116446.0,11.0466,-13.09316,0.136001,6.282111,0.009123626,3.483456,1.18,0.003938165,0.0004793437,-0.435399,0.02098083,8.940696e-05,-0.05356781,1.223
2024_02_11_02_25_32_044,0.4,-0.2510727,126465.0,116534.0,11.00973,-13.10582,0.136001,6.28211,0.009123602,3.469081,1.18,0.004007198,0.0004653673,-0.4357588,0.02622604,0.001996756,-0.06896164,1.223
2024_02_11_02_25_32_081,0.4,-0.2512763,126584.0,116634.0,10.96706,-13.11973,0.1360009,6.282109,0.009123953,3.452513,1.18,0.003941608,0.0004230425,-0.436191,-0.01525879,-0.002384186,0.0422243,1.223
2024_02_11_02_25_32_119,0.4,-0.2515241,126699.0,116732.0,10.92529,-13.1326,0.136001,6.282108,0.009124003,3.436367,1.18,0.003959368,0.0004686205,-0.4365931,-0.03290176,-0.006362795,0.0417279,1.223
2024_02_11_02_25_32_156,0.4,-0.251721,126818.0,116832.0,10.88219,-13.1451,0.1360011,6.282107,0.009124062,3.419769,1.18,0.0039279,0.0005174836,-0.4369814,-0.01549721,-0.005215406,0.02642348,1.223
2024_02_11_02_25_32_194,0.4,-0.2519731,126933.0,116930.0,10.84003,-13.15659,0.1360011,6.282106,0.009124289,3.403593,1.18,0.003931364,0.0004877721,-0.4374189,0.004172325,-0.002399087,-0.03450643,1.223
2024_02_11_02_25_32_232,0.4,-0.2521721,127052.0,117031.0,10.79655,-13.16768,0.1360012,6.282105,0.00912435,3.386965,1.18,0.003961164,0.0005114673,-0.4377125,0.015378,0.0002682209,-0.01542736,1.223
2024_02_11_02_25_32_269,0.4,-0.2524228,127167.0,117129.0,10.75404,-13.17778,0.1360012,6.282104,0.009124363,3.370759,1.18,0.003983549,0.0005618206,-0.4381084,0.009059906,-0.0002086162,-0.0499608,1.223
2024_02_11_02_25_32_306,0.4,-0.2526206,127286.0,117229.0,10.71022,-13.18743,0.1360012,6.282104,0.009124788,3.354101,1.18,0.003941677,0.000513609,-0.4385489,-0.01084804,-0.005096197,-7.357448e-05,1.223
2024_02_11_02_25_32_340,0.4,-0.2528234,127389.0,117316.0,10.67204,-13.19522,0.1360013,6.282103,0.009125022,3.339624,1.18,0.003976824,0.0004542356,-0.438859,0.03933906,0.003933907,-0.09936745,1.223
2024_02_11_02_25_32_378,0.4,-0.2530744,127507.0,117417.0,10.62795,-13.2035,0.1360013,6.282102,0.009125182,3.322939,1.18,0.003942591,0.0005000482,-0.439298,-0.02133846,-0.007219612,0.03422145,1.223
2024_02_11_02_25_32_410,0.4,-0.2532738,127610.0,117504.0,10.58956,-13.21009,0.1360015,6.282101,0.009125442,3.308437,1.18,0.003897053,0.0004634639,-0.4395813,0.01347065,0.001065433,-0.0458192,1.223
2024_02_11_02_25_32_448,0.4,-0.253473,127729.0,117604.0,10.54523,-13.217,0.1360015,6.2821,0.009125667,3.291725,1.18,0.00400015,0.0005101867,-0.4399492,0.006437301,-0.003576278,0.01515821,1.223
2024_02_11_02_25_32_482,0.4,-0.2536758,127832.0,117692.0,10.50665,-13.22238,0.1360015,6.2821,0.009125798,3.2772,1.18,0.004016995,0.0004760821,-0.4403197,0.0191927,0.000551343,-0.01515355,1.223
2024_02_11_02_25_32_519,0.4,-0.2539211,127947.0,117790.0,10.46331,-13.22776,0.1360015,6.282099,0.009126201,3.260901,1.18,0.003991266,0.0004316368,-0.4406709,-0.007748603,-0.003732741,0.02326257,1.223
2024_02_11_02_25_32_556,0.4,-0.2541192,128066.0,117890.0,10.41871,-13.23254,0.1360016,6.282098,0.009126268,3.244148,1.18,0.004044696,0.0004804454,-0.4410348,-0.01311302,-0.001810491,-0.02306048,1.223
2024_02_11_02_25_32_590,0.4,-0.2543227,128169.0,117977.0,10.37993,-13.23609,0.1360016,6.282097,0.009126589,3.229586,1.18,0.004020378,0.0004826443,-0.4413998,-0.009536743,-0.002890825,0.01929794,1.223
2024_02_11_02_25_32_628,0.4,-0.2545788,128287.0,118077.0,10.33521,-13.23948,0.1360017,6.282096,0.009126582,3.212805,1.18,0.003971741,0.0004889221,-0.441846,-0.01323223,-0.00539422,0.00761263,1.223
2024_02_11_02_25_32_664,0.4,-0.2547739,128403.0,118175.0,10.29162,-13.24205,0.1360017,6.282095,0.009126526,3.196449,1.18,0.004033874,0.0004854419,-0.4422086,0.01299381,0.0007674097,-0.03442634,1.223
2024_02_11_02_25_32_698,0.4,-0.254975,128509.0,118265.0,10.25154,-13.24378,0.1360016,6.282094,0.009126733,3.181407,1.18,0.00402017,0.0005039546,-0.4425597,0.002980232,-9.685754e-05,-0.01492444,1.223
2024_02_11_02_25_32_735,0.4,-0.2552245,128624.0,118362.0,10.2079,-13.24499,0.1360018,6.282094,0.00912691,3.165025,1.18,0.004020112,0.0004737444,-0.4429615,-0.01108646,-0.002413988,-0.02676341,1.223
2024_02_11_02_25_32_774,0.4,-0.2554238,128743.0,118463.0,10.16308,-13.24548,0.1360019,6.282093,0.00912707,3.148185,1.18,0.003975141,0.0004379643,-0.4433308,0.020504,0.0004991889,-0.04583783,1.223
2024_02_11_02_25_32_806,0.4,-0.2556253,128846.0,118550.0,10.12414,-13.24529,0.1360018,6.282092,0.00912714,3.133548,1.18,0.004031533,0.0005221348,-0.4436999,0.00333786,-0.002235174,-0.01540128,1.223
2024_02_11_02_25_32_844,0.4,-0.2558738,128961.0,118647.0,10.0805,-13.2444,0.1360021,6.282091,0.009127432,3.117124,1.18,0.003951007,0.0004925312,-0.4440641,0.005722045,-0.002413988,0.02676528,1.223
2024_02_11_02_25_32_881,0.4,-0.256071,129080.0,118747.0,10.03571,-13.24275,0.1360019,6.28209,0.00912767,3.100242,1.18,0.004026386,0.0004627542,-0.4444274,0.01454353,0.0005364418,0.01171511,1.223
2024_02_11_02_25_32_919,0.4,-0.2563247,129195.0,118845.0,9.992133,-13.24041,0.136002,6.282089,0.009127983,3.083791,1.18,0.004025014,0.0004628972,-0.4447958,0.001788139,-0.00154227,0.007932074,1.223
2024_02_11_02_25_32_957,0.4,-0.2565203,129314.0,118945.0,9.947418,-13.23726,0.1360021,6.282088,0.009128217,3.066881,1.18,0.004035277,0.0004577855,-0.4451595,0.003933907,-0.002503395,-0.007561408,1.223
2024_02_11_02_25_32_990,0.4,-0.2567245,129417.0,119032.0,9.908645,-13.23391,0.1360022,6.282087,0.009128126,3.052184,1.18,0.004065404,0.0005446579,-0.4454647,-0.005483627,0.002115965,-0.03438722,1.223
2024_02_11_02_25_33_024,0.4,-0.2569264,129523.0,119122.0,9.868754,-13.22986,0.1360022,6.282087,0.009128194,3.037028,1.18,0.004045817,0.0005372763,-0.4459181,-0.02515316,-0.008046627,0.08020922,1.223
2024_02_11_02_25_33_061,0.4,-0.2571734,129638.0,119219.0,9.825427,-13.22477,0.1360022,6.282086,0.00912813,3.020521,1.18,0.004050135,0.0005853826,-0.4462794,0.005602836,0.001892447,-0.02321508,1.223
2024_02_11_02_25_33_098,0.4,-0.2573758,129757.0,119319.0,9.781019,-13.2188,0.1360023,6.282085,0.009128515,3.003553,1.18,0.004066395,0.0004646879,-0.4467145,-0.002384186,-0.0003874302,-0.06510224,1.223
2024_02_11_02_25_33_136,0.4,-0.2576264,129872.0,119417.0,9.737882,-13.21227,0.1360022,6.282084,0.009128642,2.987017,1.18,0.004029573,0.0005226281,-0.4470673,-0.0180006,-0.006973743,0.05738809,1.223
2024_02_11_02_25_33_173,0.4,-0.2578247,129988.0,119515.0,9.694865,-13.20502,0.1360024,6.282083,0.009128854,2.970467,1.18,0.004057285,0.0004943684,-0.4474274,-0.0005960464,0.0007897615,-0.01130719,1.223
2024_02_11_02_25_33_211,0.4,-0.2580751,130106.0,119615.0,9.650815,-13.19684,0.1360024,6.282082,0.009129077,2.953455,1.18,0.004076053,0.0004997513,-0.4478293,-0.00500679,-0.0003278255,-0.03817584,1.223
2024_02_11_02_25_33_244,0.4,-0.2582753,130209.0,119702.0,9.612685,-13.18912,0.1360024,6.282082,0.009129231,2.93867,1.18,0.004087811,0.0004977809,-0.448142,0.01430511,0.0002831221,-0.01904834,1.223
2024_02_11_02_25_33_281,0.4,-0.2584705,130328.0,119802.0,9.568933,-13.17954,0.1360025,6.282081,0.009129444,2.92163,1.18,0.004120714,0.0004414336,-0.4485963,0.0141859,0.001788139,-0.07292535,1.223
2024_02_11_02_25_33_319,0.4,-0.2587226,130443.0,119899.0,9.526493,-13.1695,0.1360026,6.28208,0.009129548,2.905024,1.18,0.004029894,0.000493551,-0.4490174,0.003457069,-0.002145767,0.003731809,1.223
2024_02_11_02_25_33_356,0.4,-0.258932,130562.0,119999.0,9.483089,-13.15846,0.1360026,6.282079,0.009129874,2.887955,1.18,0.004123091,0.0004838645,-0.449361,0.002145767,-0.003516674,0.04991609,1.223
2024_02_11_02_25_33_394,0.4,-0.2591467,130677.0,120097.0,9.441021,-13.14699,0.1360027,6.282078,0.009129927,2.871322,1.18,0.004072651,0.0004908167,-0.4497381,-0.02098083,-0.004887581,0.03028661,1.223
2024_02_11_02_25_33_432,0.4,-0.2593992,130796.0,120197.0,9.398024,-13.13449,0.1360027,6.282077,0.009130049,2.854223,1.18,0.004084473,0.0005121561,-0.4501376,-0.01549721,-0.003844499,0.04575122,1.223
2024_02_11_02_25_33_469,0.4,-0.2595946,130911.0,120294.0,9.356367,-13.12162,0.1360028,6.282076,0.009130097,2.837558,1.18,0.00411331,0.0004832076,-0.4505133,0.02241134,0.002294779,-0.03068056,1.223
2024_02_11_02_25_33_507,0.4,-0.2598444,131030.0,120394.0,9.313819,-13.10767,0.1360027,6.282075,0.009130375,2.82043,1.18,0.004101499,0.0005290595,-0.4509319,-0.01609325,-0.005841255,0.01515541,1.223
2024_02_11_02_25_33_539,0.4,-0.2600493,131133.0,120481.0,9.277071,-13.09497,0.1360027,6.282074,0.009130386,2.805544,1.18,0.004109447,0.0004812478,-0.451276,-0.000834465,-0.001639128,2.8871e-05,1.223
2024_02_11_02_25_33_578,0.4,-0.2602476,131251.0,120581.0,9.235,-13.07968,0.1360027,6.282073,0.009130661,2.788388,1.18,0.0040764,0.0004902048,-0.451667,-0.003576278,-0.004172325,-0.003780238,1.223
2024_02_11_02_25_33_616,0.4,-0.2604941,131367.0,120678.0,9.194292,-13.06409,0.1360028,6.282073,0.009130801,2.771668,1.18,0.004145263,0.0005376327,-0.4520214,0.01263618,0.003516674,-0.07242709,1.223
2024_02_11_02_25_33_652,0.4,-0.2606986,131485.0,120778.0,9.15277,-13.04737,0.1360029,6.282072,0.009130956,2.754481,1.18,0.004093871,0.000520234,-0.4523827,0.03075599,0.001221895,-0.02642162,1.223
2024_02_11_02_25_33_685,0.4,-0.2608939,131588.0,120864.0,9.116949,-13.03228,0.136003,6.282071,0.009131235,2.739544,1.18,0.004105149,0.000523259,-0.4527409,-0.00166893,0.0001192093,-0.0115484,1.223
2024_02_11_02_25_33_718,0.4,-0.2610987,131691.0,120951.0,9.081357,-13.01666,0.136003,6.28207,0.009131411,2.724597,1.18,0.004099112,0.000591604,-0.4530543,-0.004291534,0.0008642673,-0.04981365,1.223
2024_02_11_02_25_33_757,0.4,-0.2613481,131810.0,121051.0,9.040668,-12.99801,0.1360031,6.28207,0.009131814,2.707374,1.18,0.004108391,0.0005442093,-0.4534274,-0.004768372,-0.00244379,0.01553632,1.223
2024_02_11_02_25_33_794,0.4,-0.2615496,131925.0,121148.0,9.001371,-12.97919,0.1360032,6.282069,0.009131971,2.690589,1.18,0.00411707,0.0005406683,-0.4537592,0.004529953,0.0001788139,0.03079045,1.223
2024_02_11_02_25_33_832,0.4,-0.2617993,132044.0,121248.0,8.961347,-12.95917,0.1360032,6.282068,0.009132265,2.673337,1.18,0.004178096,0.0005013245,-0.4541916,0.01788139,0.001370907,-0.0380706,1.223
2024_02_11_02_25_33_869,0.4,-0.2619946,132159.0,121346.0,8.92272,-12.93902,0.1360033,6.282067,0.009132236,2.656523,1.18,0.004144254,0.0005252464,-0.454587,0.03325939,0.00411272,-0.06500166,1.223
2024_02_11_02_25_33_902,0.4,-0.2622081,132265.0,121435.0,8.887528,-12.91994,0.1360034,6.282066,0.009132273,2.641061,1.18,0.004120049,0.0005292076,-0.4549726,0.008225441,0.0003576278,-0.04236213,1.223
2024_02_11_02_25_33_939,0.4,-0.2624486,132381.0,121532.0,8.849577,-12.89856,0.1360034,6.282065,0.009132421,2.624218,1.18,0.004153212,0.0005147667,-0.4553972,-0.0128746,-0.006020069,0.007480382,1.223
2024_02_11_02_25_33_977,0.4,-0.2626472,132499.0,121632.0,8.810977,-12.87594,0.1360033,6.282064,0.009132342,2.606904,1.18,0.004143334,0.0005016046,-0.4558521,-0.01001358,-0.00205636,0.02267584,1.223
2024_02_11_02_25_34_010,0.4,-0.2628486,132602.0,121719.0,8.777781,-12.85576,0.1360033,6.282063,0.009132382,2.591854,1.18,0.004126349,0.000541657,-0.4561721,-0.004410744,-0.002890825,-0.01179986,1.223
2024_02_11_02_25_34_048,0.4,-0.263098,132718.0,121816.0,8.740935,-12.83254,0.1360033,6.282063,0.00913258,2.574967,1.18,0.004151014,0.0005043292,-0.4565294,0.01180172,-0.002801418,0.007736496,1.223
2024_02_11_02_25_34_081,0.4,-0.2632936,132824.0,121905.0,8.707429,-12.81066,0.1360035,6.282062,0.009132706,2.559438,1.18,0.004144063,0.0005539199,-0.4568922,-0.01907349,-0.003576278,0.03822334,1.223
2024_02_11_02_25_34_118,0.4,-0.2634979,132939.0,122002.0,8.671358,-12.78625,0.1360035,6.282061,0.00913298,2.542527,1.18,0.004180755,0.0005546953,-0.4572467,-0.01883507,-0.004351139,-0.0153128,1.223
2024_02_11_02_25_34_156,0.4,-0.2637476,133058.0,122102.0,8.634749,-12.76056,0.1360035,6.28206,0.009133298,2.525145,1.18,0.0041737,0.0004983373,-0.4576154,-0.01633167,-0.005900859,0.07255841,1.223
2024_02_11_02_25_34_194,0.4,-0.2639488,133173.0,122199.0,8.599539,-12.73495,0.1360036,6.282059,0.009133775,2.508203,1.18,0.004162753,0.0004717889,-0.4580201,0.009417534,-0.002026558,0.01560897,1.223
2024_02_11_02_25_34_232,0.4,-0.2642,133292.0,122299.0,8.563838,-12.70802,0.1360036,6.282058,0.00913398,2.49079,1.18,0.004185401,0.0005157089,-0.4583874,0.01645088,0.001311302,-0.01887605,1.223
2024_02_11_02_25_34_269,0.4,-0.2644012,133407.0,122396.0,8.529532,-12.68121,0.1360038,6.282057,0.009134006,2.473823,1.18,0.004166683,0.0005224068,-0.4587977,-0.002741813,-0.003933907,-0.0270782,1.223
2024_02_11_02_25_34_306,0.4,-0.264648,133526.0,122495.0,8.494788,-12.65308,0.1360039,6.282056,0.009134066,2.456381,1.18,0.004125704,0.0005221927,-0.4592052,0.002264977,-0.004351139,0.02253707,1.223
2024_02_11_02_25_34_340,0.4,-0.2648467,133629.0,122582.0,8.465018,-12.62816,0.1360038,6.282056,0.009134308,2.441222,1.18,0.004156002,0.000502766,-0.4595016,0.01180172,0.002086163,-0.03045052,1.223
2024_02_11_02_25_34_377,0.4,-0.265045,133744.0,122679.0,8.432094,-12.59969,0.1360038,6.282055,0.009134497,2.424213,1.18,0.004221478,0.0005331244,-0.4598723,-0.01633167,-0.004529953,0.01511723,1.223
2024_02_11_02_25_34_414,0.4,-0.2652975,133863.0,122778.0,8.398791,-12.56987,0.136004,6.282054,0.009134677,2.406729,1.18,0.004124033,0.0005220503,-0.4603175,-0.01883507,-0.00655651,0.03025308,1.223
2024_02_11_02_25_34_452,0.4,-0.2655047,133978.0,122875.0,8.366877,-12.54028,0.136004,6.282053,0.009134683,2.38969,1.18,0.00419372,0.0005300183,-0.46072,-0.007748603,-0.003814697,0.04577636,1.223
2024_02_11_02_25_34_485,0.4,-0.2657001,134084.0,122965.0,8.338003,-12.51262,0.136004,6.282052,0.009134727,2.374022,1.18,0.004220489,0.0005282623,-0.4610127,0.009059906,-0.000834465,-0.03070757,1.223
2024_02_11_02_25_34_522,0.4,-0.265944,134200.0,123062.0,8.307076,-12.482,0.1360039,6.282052,0.009135019,2.356956,1.18,0.004214501,0.0005263843,-0.4614122,0.0004768371,-0.001490116,0.003825873,1.223
2024_02_11_02_25_34_561,0.4,-0.2661457,134318.0,123161.0,8.275865,-12.45002,0.1360041,6.282051,0.009135047,2.339415,1.18,0.00416738,0.0005929316,-0.4618011,-0.004053116,-0.001966953,0.02260692,1.223
2024_02_11_02_25_34_598,0.4,-0.2663981,134434.0,123258.0,8.246018,-12.41836,0.1360042,6.28205,0.009135523,2.322323,1.18,0.004193094,0.0005201323,-0.4621043,0.02598762,0.004529953,-0.04572793,1.223
2024_02_11_02_25_34_631,0.4,-0.2665936,134540.0,123347.0,8.219073,-12.38883,0.1360042,6.282049,0.009135811,2.306604,1.18,0.004223597,0.0005672656,-0.4624984,-0.02145767,-0.007688999,0.02657063,1.223
2024_02_11_02_25_34_664,0.4,-0.266798,134643.0,123434.0,8.193373,-12.35976,0.1360042,6.282048,0.009136112,2.291336,1.18,0.004190806,0.0005708312,-0.4628121,-0.01502037,-0.003814697,0.01544785,1.223
2024_02_11_02_25_34_702,0.4,-0.2669934,134758.0,123531.0,8.165088,-12.32671,0.1360042,6.282047,0.009136185,2.274206,1.18,0.004197672,0.0005868006,-0.4631892,-0.00846386,-0.001370907,0.003783032,1.223
2024_02_11_02_25_34_740,0.4,-0.267246,134877.0,123631.0,8.13664,-12.29227,0.1360043,6.282047,0.009136443,2.256596,1.18,0.004236163,0.0005333174,-0.4635999,-0.01835823,-0.003278255,-0.02283417,1.223
2024_02_11_02_25_34_773,0.4,-0.2674448,134980.0,123717.0,8.112428,-12.26196,0.1360044,6.282046,0.009136464,2.241289,1.18,0.004209037,0.0005380727,-0.4639745,0.0002384186,-0.00500679,-0.02665352,1.223
2024_02_11_02_25_34_807,0.4,-0.2676461,135086.0,123806.0,8.087976,-12.23035,0.1360044,6.282045,0.009136607,2.22551,1.18,0.004172189,0.0004978502,-0.4643508,-0.03647804,-0.01072884,0.09927339,1.223
2024_02_11_02_25_34_844,0.4,-0.2678508,135201.0,123903.0,8.061938,-12.19552,0.1360044,6.282044,0.00913658,2.208321,1.18,0.00427884,0.0005312677,-0.4647102,-0.00667572,-0.005155801,0.003771856,1.223
2024_02_11_02_25_34_882,0.4,-0.2680912,135320.0,124003.0,8.035825,-12.15929,0.1360044,6.282043,0.009136782,2.190652,1.18,0.004249899,0.0004881906,-0.4651314,-0.00500679,-0.002861023,0.01167599,1.223
2024_02_11_02_25_34_919,0.4,-0.2682956,135435.0,124100.0,8.01102,-12.12357,0.1360044,6.282042,0.009136909,2.173436,1.18,0.004230152,0.000495876,-0.465538,-0.001192093,-0.004261732,0.03067218,1.223
2024_02_11_02_25_34_951,0.4,-0.2684971,135538.0,124187.0,7.989422,-12.09136,0.1360045,6.282042,0.009137026,2.158067,1.18,0.004238675,0.000531585,-0.4658571,0.010252,-0.0006258487,-0.003722496,1.223
2024_02_11_02_25_34_991,0.4,-0.26875,135657.0,124286.0,7.965167,-12.05387,0.1360046,6.282041,0.009137171,2.140358,1.17,0.00422521,0.0005132764,-0.4662208,-0.01192093,-0.001877546,0.01906231,1.223
2024_02_11_02_25_35_027,0.4,-0.2689484,135772.0,124383.0,7.942192,-12.01696,0.1360046,6.28204,0.009137412,2.1231,1.17,0.004260601,0.0005164021,-0.4666258,-0.003814697,-0.003367662,0.01150649,1.223
2024_02_11_02_25_35_060,0.4,-0.269147,135879.0,124472.0,7.921647,-11.98271,0.1360046,6.282039,0.009137528,2.10723,1.17,0.004292868,0.0005621758,-0.4669497,0.004410744,0.0012815,-0.05356315,1.223
2024_02_11_02_25_35_098,0.4,-0.2693995,135994.0,124569.0,7.899913,-11.94506,0.1360047,6.282038,0.009137823,2.089946,1.17,0.004263377,0.0005165708,-0.4673074,-0.00500679,5.960464e-05,0.01544133,1.223
2024_02_11_02_25_35_132,0.4,-0.2695989,136100.0,124658.0,7.880516,-11.91014,0.1360047,6.282037,0.009137931,2.07405,1.17,0.004275789,0.0005593864,-0.4676493,-0.003814697,-0.003933907,0.02287607,1.223
2024_02_11_02_25_35_171,0.4,-0.2698058,136216.0,124754.0,7.860043,-11.8718,0.1360049,6.282036,0.009138159,2.056739,1.17,0.004179969,0.0005103932,-0.4680644,-0.03433228,-0.00873208,0.08383579,1.223
2024_02_11_02_25_35_202,0.4,-0.2700019,136319.0,124840.0,7.842345,-11.83732,0.1360049,6.282036,0.009138498,2.041283,1.17,0.004220247,0.0004634017,-0.4683989,-0.01764297,-0.00411272,0.01911353,1.223
2024_02_11_02_25_35_235,0.4,-0.2701911,136425.0,124929.0,7.824671,-11.8015,0.136005,6.282035,0.009138448,2.025355,1.17,0.004305133,0.000569661,-0.4686681,0.01084804,0.002145767,-0.04594121,1.223
2024_02_11_02_25_35_272,0.4,-0.2704438,136540.0,125025.0,7.806087,-11.76222,0.1360051,6.282034,0.009138803,2.008006,1.17,0.004302949,0.0005312026,-0.4690939,0.01585484,0.002771616,-0.07270928,1.223
2024_02_11_02_25_35_310,0.4,-0.2706452,136659.0,125124.0,7.787723,-11.72155,0.1360052,6.282033,0.009139011,1.990172,1.17,0.004333102,0.0005813382,-0.4693943,-0.007987022,0.0008940696,-0.0193296,1.223
2024_02_11_02_25_35_347,0.4,-0.2708953,136774.0,125221.0,7.770545,-11.68164,0.1360052,6.282032,0.009139296,1.972798,1.17,0.004221851,0.0005552838,-0.4697923,0.004410744,0.002503395,-0.03429409,1.223
2024_02_11_02_25_35_385,0.4,-0.2711001,136893.0,125320.0,7.753623,-11.64036,0.1360052,6.282032,0.009139447,1.954933,1.17,0.004257557,0.0005476156,-0.4702091,-0.007629394,-0.003963709,0.06882101,1.223
2024_02_11_02_25_35_419,0.4,-0.2713001,136996.0,125406.0,7.739536,-11.60427,0.1360052,6.282031,0.009139433,1.93941,1.17,0.004248881,0.0005177661,-0.4706681,-0.001072884,-0.007390975,0.04203338,1.223
2024_02_11_02_25_35_457,0.4,-0.2715465,137114.0,125505.0,7.724007,-11.56244,0.1360051,6.28203,0.009139458,1.921513,1.17,0.004188355,0.0005634971,-0.4710599,0.0007152557,-0.002115965,-0.003736466,1.223
2024_02_11_02_25_35_489,0.4,-0.2717479,137217.0,125591.0,7.711129,-11.5259,0.1360052,6.282029,0.009139773,1.905965,1.17,0.004415263,0.0005315039,-0.4713283,0.007867813,0.001221895,-0.07255841,1.223
2024_02_11_02_25_35_526,0.4,-0.2719465,137333.0,125688.0,7.697373,-11.4847,0.1360054,6.282028,0.009139962,1.888517,1.17,0.004286396,0.0004960577,-0.4717207,0.01204014,-0.001251697,-0.007546506,1.223
2024_02_11_02_25_35_564,0.4,-0.2721992,137452.0,125787.0,7.683997,-11.44215,0.1360054,6.282027,0.009139914,1.870581,1.17,0.00425808,0.0005584918,-0.4721026,0.01037121,0.00217557,-0.04600733,1.223
2024_02_11_02_25_35_602,0.4,-0.2723944,137567.0,125883.0,7.671708,-11.4005,0.1360054,6.282026,0.009140181,1.853105,1.17,0.004314674,0.0005705805,-0.4724492,-0.01561642,-0.002667308,0.00381656,1.223
2024_02_11_02_25_35_639,0.4,-0.2726294,137686.0,125982.0,7.659848,-11.3575,0.1360055,6.282025,0.009140387,1.835143,1.17,0.004242924,0.0005586122,-0.4729038,-0.0007152557,-0.003412366,0.01136772,1.223
2024_02_11_02_25_35_677,0.4,-0.2728698,137801.0,126079.0,7.649048,-11.31544,0.1360056,6.282025,0.009140549,1.817639,1.17,0.00431683,0.0005495624,-0.4732049,0.01728535,0.001236796,-0.03838819,1.223
2024_02_11_02_25_35_714,0.4,-0.2730713,137920.0,126178.0,7.638721,-11.27206,0.1360055,6.282024,0.009140757,1.799648,1.17,0.004268522,0.0005553178,-0.473639,0.004529953,-0.002682209,0.01543201,1.223
2024_02_11_02_25_35_747,0.4,-0.2732729,138023.0,126264.0,7.630389,-11.23425,0.1360056,6.282023,0.009141056,1.784012,1.17,0.004308878,0.0005505811,-0.4739803,-0.005245208,-0.003814697,0.03068242,1.223
2024_02_11_02_25_35_786,0.4,-0.2735194,138142.0,126363.0,7.621532,-11.19055,0.1360056,6.282022,0.009141132,1.765992,1.17,0.00430599,0.0006005508,-0.4743488,0.004768372,-0.001676381,0.007623806,1.223
2024_02_11_02_25_35_822,0.4,-0.2737266,138257.0,126459.0,7.613663,-11.14786,0.1360058,6.282022,0.009141269,1.74843,1.17,0.004264466,0.0005745178,-0.4747151,-0.01776218,-0.004090369,-0.0002877787,1.223
2024_02_11_02_25_35_861,0.4,-0.2739809,138376.0,126559.0,7.606367,-11.10388,0.1360058,6.282021,0.009141506,1.730384,1.17,0.004296237,0.0005804878,-0.4751556,-0.01645088,-0.005699694,0.04587508,1.223
2024_02_11_02_25_35_894,0.4,-0.2741757,138479.0,126645.0,7.600675,-11.06559,0.1360058,6.28202,0.009141744,1.714699,1.17,0.00432737,0.0005627714,-0.4754838,-0.01215935,-0.006623566,0.0230167,1.223
2024_02_11_02_25_35_931,0.4,-0.2743706,138594.0,126741.0,7.595008,-11.02257,0.1360058,6.282019,0.009141587,1.697103,1.17,0.004312727,0.000609484,-0.4759152,0.002145767,-0.003285706,0.03061443,1.223
2024_02_11_02_25_35_969,0.4,-0.2746201,138713.0,126840.0,7.589979,-10.97828,0.1360059,6.282018,0.009141884,1.679009,1.17,0.004355385,0.0005682135,-0.4762783,0.002741813,-0.004470348,0.0192374,1.223
2024_02_11_02_25_36_006,0.4,-0.2748184,138829.0,126937.0,7.585849,-10.93509,0.136006,6.282017,0.009142113,1.661379,1.17,0.004305347,0.0005684597,-0.4766846,-0.02157688,-0.006899237,0.04970096,1.223
2024_02_11_02_25_36_039,0.4,-0.2750176,138935.0,127025.0,7.582733,-10.89534,0.1360059,6.282016,0.009142072,1.645168,1.17,0.004368949,0.0005962427,-0.4769792,0.02551079,0.003404915,-0.02298131,1.223
2024_02_11_02_25_36_076,0.4,-0.2752697,139050.0,127122.0,7.580074,-10.85203,0.1360061,6.282015,0.00914245,1.627514,1.17,0.004314231,0.0005493485,-0.4773974,0.002741813,-0.001631677,0.0001816079,1.223
2024_02_11_02_25_36_110,0.4,-0.275471,139157.0,127210.0,7.578307,-10.81221,0.136006,6.282014,0.009142655,1.61128,1.17,0.004292692,0.0005569957,-0.4777561,0.004410744,0.0003576278,-0.03037415,1.223
2024_02_11_02_25_36_147,0.4,-0.2756729,139272.0,127307.0,7.577115,-10.76884,0.1360061,6.282014,0.0091427,1.593595,1.17,0.004413561,0.0005709719,-0.4780769,-0.02062321,-0.004075468,0.02660509,1.223
2024_02_11_02_25_36_186,0.4,-0.2759195,139391.0,127406.0,7.576692,-10.72429,0.1360063,6.282013,0.009143014,1.575418,1.17,0.004352815,0.0005263616,-0.4784897,-0.0191927,-0.004924833,0.03036018,1.223
2024_02_11_02_25_36_219,0.4,-0.2761208,139494.0,127492.0,7.576984,-10.6856,0.1360063,6.282012,0.009143041,1.559624,1.17,0.004377412,0.0005534158,-0.4788839,-0.004887581,-0.005386769,0.01125317,1.223
2024_02_11_02_25_36_256,0.4,-0.2763194,139610.0,127588.0,7.578037,-10.64224,0.1360063,6.282011,0.009143109,1.541899,1.17,0.004419879,0.0005576372,-0.4792532,0.01072884,-0.001162291,-0.0154227,1.223
2024_02_11_02_25_36_289,0.4,-0.2765179,139717.0,127677.0,7.579683,-10.60242,0.1360064,6.282011,0.009143428,1.525597,1.17,0.004307961,0.0005067565,-0.479658,-0.0009536743,-0.00308454,0.01913682,1.223
2024_02_11_02_25_36_326,0.4,-0.2767702,139832.0,127774.0,7.582208,-10.55913,0.1360064,6.28201,0.00914346,1.50784,1.17,0.00435726,0.0005659629,-0.4799818,0.002980232,-0.003576278,-0.003871508,1.223
2024_02_11_02_25_36_360,0.4,-0.2769688,139939.0,127862.0,7.585207,-10.5194,0.1360064,6.282009,0.009143637,1.491512,1.17,0.004303715,0.0005793539,-0.4803772,0.005841255,-0.001713633,0.01139287,1.223
2024_02_11_02_25_36_397,0.4,-0.2771732,140055.0,127959.0,7.58921,-10.47622,0.1360063,6.282008,0.00914378,1.473733,1.17,0.004338552,0.000564829,-0.4807148,0.02062321,0.006332993,-0.07241499,1.223
2024_02_11_02_25_36_435,0.4,-0.2774138,140174.0,128058.0,7.594119,-10.43196,0.1360065,6.282007,0.009143828,1.455457,1.17,0.004356667,0.0006112304,-0.481123,0.0,-0.002101064,0.007486902,1.223
2024_02_11_02_25_36_473,0.4,-0.2776182,140290.0,128154.0,7.599674,-10.38896,0.1360066,6.282006,0.009144229,1.437646,1.17,0.004319097,0.0005928323,-0.4814805,-0.009179115,-0.002324581,0.02284068,1.223
2024_02_11_02_25_36_510,0.4,-0.2778713,140409.0,128253.0,7.606176,-10.34491,0.1360066,6.282005,0.009144454,1.419342,1.17,0.004395856,0.0005766797,-0.481818,-0.008702278,-0.002652406,0.02682395,1.223
2024_02_11_02_25_36_543,0.4,-0.278073,140512.0,128338.0,7.612475,-10.30676,0.1360066,6.282004,0.009144629,1.403434,1.17,0.004420942,0.0006562516,-0.4821537,-0.02872944,-0.006109476,0.04188157,1.223
2024_02_11_02_25_36_581,0.4,-0.2782683,140628.0,128434.0,7.620255,-10.26412,0.1360068,6.282004,0.009145039,1.385586,1.17,0.004392753,0.000606554,-0.4825159,-0.01084804,-0.002652406,0.05344953,1.223
2024_02_11_02_25_36_618,0.4,-0.2785211,140747.0,128533.0,7.629038,-10.22048,0.1360068,6.282003,0.009145326,1.367238,1.17,0.004386839,0.000567246,-0.4828587,0.004410744,0.0003576278,-0.02286304,1.223
2024_02_11_02_25_36_651,0.4,-0.2787194,140850.0,128618.0,7.637314,-10.18273,0.1360069,6.282002,0.009145596,1.351294,1.17,0.004416444,0.000554957,-0.4833016,-0.002384186,-0.004440546,0.03068428,1.223
2024_02_11_02_25_36_689,0.4,-0.2789178,140969.0,128717.0,7.64759,-10.13943,0.136007,6.282001,0.009145557,1.332923,1.17,0.004474667,0.000578086,-0.4837064,-0.01621246,-0.006139278,0.04955008,1.223
2024_02_11_02_25_36_726,0.4,-0.2791706,141085.0,128813.0,7.658356,-10.09745,0.136007,6.282,0.009145572,1.315017,1.17,0.004427725,0.000545905,-0.4841137,-0.01120567,-0.007301569,0.05714222,1.223
2024_02_11_02_25_36_765,0.4,-0.2793683,141204.0,128911.0,7.670192,-10.05455,0.1360069,6.282,0.009145646,1.296612,1.17,0.004406788,0.0005975295,-0.4845107,-0.01192093,-0.005543231,-0.01168158,1.223
2024_02_11_02_25_36_797,0.4,-0.2795714,141307.0,128997.0,7.681109,-10.01748,0.136007,6.281999,0.009145918,1.280619,1.17,0.004374058,0.0005320637,-0.4848684,0.0001192093,0.0005066395,-0.03042165,1.223
2024_02_11_02_25_36_835,0.4,-0.2798212,141426.0,129095.0,7.694415,-9.975021,0.136007,6.281998,0.009146022,1.262191,1.17,0.004433164,0.0005732906,-0.4852162,-0.002026558,-0.001639128,-5.029142e-05,1.223
2024_02_11_02_25_36_872,0.4,-0.2800197,141542.0,129191.0,7.708119,-9.933921,0.1360071,6.281997,0.009146239,1.244228,1.17,0.004433765,0.000607328,-0.4855497,0.01144409,2.980232e-05,-0.007524155,1.223
2024_02_11_02_25_36_910,0.4,-0.2802677,141658.0,129287.0,7.722558,-9.893082,0.1360072,6.281996,0.009146499,1.226253,1.17,0.004424336,0.000571696,-0.4859619,0.001430511,-0.0005960464,-0.01916289,1.223
2024_02_11_02_25_36_944,0.4,-0.2804709,141764.0,129375.0,7.73647,-9.855789,0.1360072,6.281995,0.009146644,1.209721,1.17,0.00445542,0.0005661825,-0.4862644,-0.003933907,0.0006854534,-0.02691429,1.223
2024_02_11_02_25_36_981,0.4,-0.2806694,141880.0,129471.0,7.752309,-9.815477,0.1360072,6.281994,0.009146881,1.191719,1.17,0.004478731,0.0005336862,-0.4866596,0.003457069,-0.001907349,0.02298504,1.223
2024_02_11_02_25_37_019,0.4,-0.2809213,141999.0,129570.0,7.769325,-9.774382,0.1360072,6.281994,0.009146796,1.173216,1.17,0.004464644,0.0006281682,-0.4870182,0.005245208,0.004649162,-0.0842167,1.223
2024_02_11_02_25_37_056,0.4,-0.281119,142115.0,129666.0,7.786622,-9.734682,0.1360073,6.281993,0.009146996,1.155187,1.17,0.004421042,0.0006746899,-0.4874649,-0.006079673,-0.002264977,-0.01555029,1.223
2024_02_11_02_25_37_094,0.4,-0.2813712,142234.0,129764.0,7.805121,-9.694245,0.1360074,6.281992,0.009147378,1.136655,1.17,0.004405916,0.0005832692,-0.4878783,-0.0002384186,-0.001370907,0.003742054,1.223
2024_02_11_02_25_37_127,0.4,-0.2815696,142338.0,129850.0,7.821798,-9.659413,0.1360075,6.281991,0.009147614,1.120547,1.17,0.004436432,0.0005587619,-0.4881284,-0.005841255,-0.003993511,0.02295337,1.223
2024_02_11_02_25_37_165,0.4,-0.2817685,142457.0,129948.0,7.84169,-9.619644,0.1360075,6.281991,0.009147854,1.10199,1.17,0.004503154,0.0006260652,-0.4884953,0.00667572,0.0005960464,-0.05358457,1.223
2024_02_11_02_25_37_202,0.4,-0.2820238,142573.0,130044.0,7.861764,-9.581286,0.1360076,6.28199,0.009148304,1.083906,1.17,0.004480991,0.0005595634,-0.4889345,-0.01466274,-0.006020069,-0.007658265,1.223
2024_02_11_02_25_37_235,0.4,-0.2822166,142676.0,130130.0,7.880246,-9.547389,0.1360077,6.281989,0.009148433,1.067767,1.17,0.004459974,0.0005247446,-0.4892962,0.0003576278,-0.00333786,-0.01525786,1.223
2024_02_11_02_25_37_268,0.4,-0.2824155,142783.0,130218.0,7.899859,-9.512785,0.1360076,6.281988,0.009148403,1.051126,1.17,0.004454215,0.0005928708,-0.4896505,0.009417534,-0.0002980232,-0.06120838,1.223
2024_02_11_02_25_37_306,0.4,-0.282622,142899.0,130314.0,7.921851,-9.475505,0.1360077,6.281987,0.009148496,1.033003,1.17,0.004484355,0.0006085628,-0.4899657,-0.01168251,-0.001847744,-0.003895722,1.223
2024_02_11_02_25_37_344,0.4,-0.2828669,143018.0,130412.0,7.945138,-9.437644,0.1360078,6.281986,0.00914866,1.014373,1.17,0.004465107,0.0006315764,-0.4903563,-0.005960464,-0.0001490116,-0.0345828,1.223
2024_02_11_02_25_37_381,0.4,-0.2830685,143134.0,130508.0,7.968483,-9.401206,0.1360079,6.281985,0.009148811,0.996223,1.17,0.00450135,0.0006084872,-0.4907232,0.005722045,-0.001430511,0.003895722,1.223
2024_02_11_02_25_37_418,0.4,-0.2833168,143253.0,130607.0,7.993145,-9.364229,0.1360079,6.281985,0.009148996,0.9775639,1.17,0.004479421,0.0006165693,-0.49112,-0.01776218,-0.006973743,0.1223236,1.223
2024_02_11_02_25_37_456,0.4,-0.2835209,143369.0,130703.0,8.017809,-9.32868,0.136008,6.281984,0.009149411,0.9593852,1.17,0.004460216,0.0005783075,-0.4914706,-0.006914138,-0.004470348,0.01905952,1.223
2024_02_11_02_25_37_489,0.4,-0.283719,143475.0,130791.0,8.041043,-9.296413,0.1360081,6.281983,0.009149551,0.9426669,1.17,0.004384057,0.0005667678,-0.491861,0.007152557,-0.001966953,-0.01539942,1.223
2024_02_11_02_25_37_526,0.4,-0.2839709,143591.0,130887.0,8.066932,-9.261751,0.136008,6.281982,0.00914978,0.924462,1.17,0.004527799,0.000607085,-0.4921769,0.01871586,0.002026558,-0.06505568,1.223
2024_02_11_02_25_37_564,0.4,-0.2841672,143710.0,130985.0,8.094171,-9.226653,0.1360081,6.281981,0.009149925,0.9057496,1.17,0.004439456,0.0005850442,-0.4926205,-0.00834465,-0.005125999,0.003701076,1.223
2024_02_11_02_25_37_597,0.4,-0.2843657,143814.0,131071.0,8.118352,-9.196594,0.1360082,6.281981,0.009150106,0.8894883,1.17,0.004467376,0.000555433,-0.4929578,-0.004053116,-0.001788139,-0.0002086162,1.223
2024_02_11_02_25_37_635,0.4,-0.2846185,143930.0,131167.0,8.146043,-9.163366,0.1360082,6.28198,0.009150281,0.8712409,1.17,0.004478157,0.0005721615,-0.4933295,0.001788139,-0.001013279,-0.04975684,1.223
2024_02_11_02_25_37_673,0.4,-0.2848198,144049.0,131265.0,8.175106,-9.129774,0.1360083,6.281979,0.009150392,0.8524864,1.17,0.004509965,0.0005801387,-0.4936999,-0.004410744,-0.001251697,0.007532537,1.223
2024_02_11_02_25_37_706,0.4,-0.2850183,144152.0,131351.0,8.200852,-9.101048,0.1360083,6.281978,0.009150454,0.8361862,1.17,0.004511761,0.0005524983,-0.4940903,0.009059906,-0.0004172325,-0.007748603,1.223
2024_02_11_02_25_37_744,0.4,-0.2852725,144271.0,131450.0,8.231073,-9.068501,0.1360083,6.281977,0.00915047,0.8173997,1.17,0.004475529,0.0005670423,-0.4945088,0.007271766,-0.001192093,-0.01544878,1.223
2024_02_11_02_25_37_781,0.4,-0.2854705,144387.0,131545.0,8.261079,-9.037363,0.1360082,6.281976,0.009150594,0.7990959,1.17,0.004490799,0.0006078803,-0.4948997,-0.007390975,-0.003993511,0.01914799,1.223
2024_02_11_02_25_37_814,0.4,-0.2856666,144494.0,131633.0,8.289148,-9.009238,0.1360083,6.281976,0.009150694,0.7822636,1.17,0.004506079,0.0005800982,-0.4952167,0.002503395,-0.001788139,-0.0001890585,1.223
2024_02_11_02_25_37_852,0.4,-0.2859196,144610.0,131729.0,8.320225,-8.979177,0.1360084,6.281975,0.009151108,0.7639299,1.17,0.004456074,0.0005943835,-0.4955479,0.01180172,-0.001549721,9.220093e-05,1.223
2024_02_11_02_25_37_885,0.4,-0.2861177,144713.0,131814.0,8.348398,-8.952853,0.1360085,6.281974,0.009151525,0.7475696,1.17,0.004540654,0.0005528843,-0.4958546,0.009775162,0.000834465,-0.01507439,1.223
2024_02_11_02_25_37_922,0.4,-0.2863199,144832.0,131912.0,8.381368,-8.923122,0.1360086,6.281973,0.009151667,0.7287181,1.17,0.004540168,0.000581131,-0.4962844,-0.01251697,-0.004291534,0.01893379,1.223
2024_02_11_02_25_37_956,0.4,-0.2865186,144936.0,131997.0,8.410446,-8.897814,0.1360085,6.281972,0.009151858,0.7123327,1.17,0.004522731,0.0006150198,-0.4965807,-0.01263618,-0.0001192093,-0.0382578,1.223
2024_02_11_02_25_37_994,0.4,-0.2867723,145055.0,132095.0,8.444436,-8.869267,0.1360087,6.281972,0.009152185,0.6934525,1.17,0.004555037,0.0005711163,-0.4969428,-0.003457069,-0.002324581,0.0002207234,1.223
2024_02_11_02_25_38_026,0.4,-0.2869701,145158.0,132180.0,8.47439,-8.845002,0.1360087,6.281971,0.00915242,0.6770443,1.17,0.004545271,0.0005619111,-0.4972959,-0.0001192093,-0.0007152557,0.007824972,1.223
2024_02_11_02_25_38_064,0.4,-0.2871666,145277.0,132278.0,8.509366,-8.817675,0.1360088,6.28197,0.009152411,0.6581385,1.17,0.004562853,0.0005926497,-0.4976686,0.008821487,0.00372529,-0.07267483,1.223
2024_02_11_02_25_38_098,0.4,-0.2873707,145381.0,132363.0,8.540151,-8.794487,0.1360087,6.281969,0.009152281,0.6417052,1.17,0.004514791,0.0006308436,-0.4980861,-0.002861023,-0.0009536743,-0.01165736,1.223
2024_02_11_02_25_38_135,0.4,-0.2876189,145497.0,132459.0,8.575112,-8.769094,0.1360087,6.281969,0.009152207,0.623266,1.17,0.004443183,0.0006502451,-0.4985563,0.002741813,5.960464e-05,-0.03076065,1.223
2024_02_11_02_25_38_172,0.4,-0.2878198,145616.0,132557.0,8.6115,-8.743692,0.1360087,6.281968,0.009152251,0.6043117,1.17,0.004502128,0.0006734967,-0.4989126,0.006318092,0.0005662441,-0.04962086,1.223
2024_02_11_02_25_38_210,0.4,-0.2880715,145732.0,132652.0,8.647386,-8.719626,0.1360089,6.281967,0.009152696,0.5858433,1.17,0.004521091,0.0005849088,-0.4993172,-0.005364418,-0.003457069,-0.03063958,1.223
2024_02_11_02_25_38_247,0.4,-0.2882667,145851.0,132750.0,8.684692,-8.695609,0.1360089,6.281966,0.00915291,0.5668634,1.17,0.004597526,0.0006592584,-0.4996269,-0.004172325,-0.002622604,0.01916941,1.223
2024_02_11_02_25_38_281,0.4,-0.2884683,145955.0,132835.0,8.717457,-8.675332,0.136009,6.281965,0.009153173,0.5503694,1.17,0.004582237,0.0005955154,-0.4999512,0.005364418,0.001728535,-0.02674479,1.223
2024_02_11_02_25_38_314,0.4,-0.2886682,146058.0,132920.0,8.750545,-8.655597,0.1360091,6.281964,0.009153467,0.5338631,1.17,0.004546668,0.0005788708,-0.5003275,-0.003814697,-0.001639128,0.0001220032,1.223
2024_02_11_02_25_38_351,0.4,-0.2889209,146177.0,133018.0,8.78904,-8.633554,0.1360091,6.281963,0.009153675,0.5148428,1.17,0.004518424,0.000584195,-0.5007086,0.005841255,0.00166893,-0.04589185,1.223
2024_02_11_02_25_38_389,0.4,-0.2891196,146293.0,133114.0,8.826918,-8.6128,0.1360092,6.281962,0.00915381,0.4963083,1.17,0.004580422,0.0006473255,-0.5010843,-0.0115633,-0.002324581,-0.01168437,1.223
2024_02_11_02_25_38_432,0.4,-0.2893702,146425.0,133222.0,8.870362,-8.5901,0.1360092,6.281961,0.009153931,0.4752539,1.17,0.004576771,0.0006614053,-0.5014804,-0.002741813,-0.001698732,-0.0001816079,1.223
2024_02_11_02_25_38_464,0.4,-0.28959,146528.0,133307.0,8.904828,-8.57291,0.1360093,6.281961,0.009154303,0.4586991,1.17,0.004575837,0.0006455298,-0.5018365,-0.007510185,-0.005304813,0.02296641,1.223
2024_02_11_02_25_38_501,0.4,-0.2897939,146647.0,133405.0,8.944856,-8.553827,0.1360094,6.28196,0.009154415,0.4396213,1.17,0.004598181,0.0006000052,-0.5022186,0.01108646,0.0007152557,-0.02294313,1.223
2024_02_11_02_25_38_539,0.4,-0.2900413,146763.0,133500.0,8.984164,-8.535988,0.1360094,6.281959,0.00915453,0.4210314,1.17,0.004596037,0.0006455556,-0.5025798,-0.01370907,-0.003516674,-0.02318527,1.223
2024_02_11_02_25_38_577,0.4,-0.2902404,146882.0,133598.0,9.024881,-8.518432,0.1360094,6.281958,0.009154746,0.4019232,1.17,0.004556285,0.0005880888,-0.5030147,-0.004768372,-0.003188848,0.02296548,1.223
2024_02_11_02_25_38_614,0.4,-0.2904923,146998.0,133694.0,9.064838,-8.502087,0.1360094,6.281958,0.009154651,0.3833034,1.17,0.004627754,0.0006467791,-0.5034124,0.01573563,-0.0002682209,-0.02299435,1.223
2024_02_11_02_25_38_647,0.4,-0.2906936,147105.0,133781.0,9.101817,-8.487729,0.1360095,6.281957,0.009154702,0.3661799,1.17,0.004641579,0.0006664845,-0.5038068,-0.002026558,-0.003159046,-0.01156703,1.223
2024_02_11_02_25_38_685,0.4,-0.2908919,147221.0,133877.0,9.14233,-8.472826,0.1360095,6.281956,0.009154886,0.3475303,1.17,0.004536299,0.0006005054,-0.5041786,0.02193451,0.002920627,-0.01911726,1.223
2024_02_11_02_25_38_723,0.4,-0.2911458,147340.0,133975.0,9.184218,-8.458312,0.1360095,6.281955,0.009155201,0.328363,1.17,0.004622757,0.0006788136,-0.5045518,-0.0166893,-0.004202127,0.01139007,1.223
2024_02_11_02_25_38_760,0.4,-0.2913407,147456.0,134070.0,9.225257,-8.444954,0.1360097,6.281954,0.009155596,0.3096873,1.17,0.004575176,0.0006149721,-0.5048755,0.005483627,0.0002682209,0.01558941,1.223
2024_02_11_02_25_38_798,0.4,-0.2915971,147575.0,134168.0,9.267657,-8.432039,0.1360096,6.281953,0.009155801,0.2904933,1.17,0.004615366,0.0006796239,-0.5052617,0.004410744,-0.0002980232,-0.04979409,1.223
2024_02_11_02_25_38_831,0.4,-0.2917948,147679.0,134253.0,9.304666,-8.421486,0.1360098,6.281952,0.009156079,0.2738134,1.17,0.004645346,0.000610439,-0.5055721,0.01370907,-0.0005215406,0.01541059,1.223
2024_02_11_02_25_38_864,0.4,-0.2919914,147782.0,134338.0,9.341846,-8.411553,0.1360097,6.281952,0.009156448,0.2571229,1.17,0.004644545,0.0006136621,-0.5059243,0.00333786,-0.0003874302,0.0003213063,1.223
2024_02_11_02_25_38_901,0.4,-0.2921958,147901.0,134436.0,9.38485,-8.400887,0.1360099,6.281951,0.009156466,0.2378901,1.17,0.004617813,0.0006797314,-0.506289,0.01382828,0.004008412,-0.05724281,1.223
2024_02_11_02_25_38_934,0.4,-0.292393,148008.0,134524.0,9.423492,-8.392047,0.1360099,6.28195,0.009156496,0.220669,1.17,0.004620353,0.0006358745,-0.5066382,0.01728535,0.00244379,-0.02680346,1.223
2024_02_11_02_25_38_972,0.4,-0.2926401,148124.0,134619.0,9.46571,-8.383183,0.13601,6.28195,0.009156684,0.2019145,1.17,0.004565186,0.0006619486,-0.5070851,-0.02253055,-0.006139278,0.05331449,1.223
2024_02_11_02_25_39_009,0.4,-0.2928438,148243.0,134717.0,9.509233,-8.374909,0.13601,6.281949,0.0091569,0.1826369,1.17,0.004633797,0.0006046334,-0.507511,0.0007152557,0.001177192,-0.03421307,1.223
2024_02_11_02_25_39_047,0.4,-0.2930922,148359.0,134813.0,9.551754,-8.367661,0.1360099,6.281948,0.009157048,0.163851,1.17,0.004640708,0.0005989831,-0.5078816,-0.01657009,-0.004589558,6.61239e-05,1.223
2024_02_11_02_25_39_085,0.4,-0.2932911,148478.0,134910.0,9.595554,-8.361051,0.13601,6.281947,0.009157086,0.1445431,1.17,0.004634712,0.0006333768,-0.5082482,0.01597404,0.0032112,-0.07638801,1.223
2024_02_11_02_25_39_124,0.4,-0.2935421,148594.0,135006.0,9.638313,-8.355429,0.1360101,6.281946,0.009157295,0.1257284,1.17,0.004640794,0.0006001947,-0.5086338,0.01120567,-0.001877546,0.00371132,1.223
2024_02_11_02_25_39_159,0.4,-0.2937438,148713.0,135104.0,9.68232,-8.350494,0.1360102,6.281945,0.009157707,0.1063912,1.17,0.004650294,0.0006050317,-0.509017,-0.02753734,-0.006124377,0.03443751,1.223
2024_02_11_02_25_39_197,0.4,-0.2939937,148829.0,135199.0,9.725246,-8.346509,0.1360101,6.281944,0.009157669,0.08755036,1.17,0.004684687,0.0006869601,-0.5093332,0.01645088,0.004060566,-0.04206411,1.223
2024_02_11_02_25_39_235,0.4,-0.2941923,148948.0,135296.0,9.769414,-8.34326,0.1360103,6.281943,0.009158084,0.06818704,1.17,0.004683266,0.000627118,-0.5096963,0.0003576278,0.00411272,-0.03044773,1.223
2024_02_11_02_25_39_272,0.4,-0.2944402,149064.0,135391.0,9.812463,-8.340918,0.1360104,6.281943,0.009158426,0.04931908,1.17,0.004627949,0.000639857,-0.5100574,0.003457069,-0.00154227,-0.03060885,1.223
2024_02_11_02_25_39_310,0.4,-0.2946395,149183.0,135489.0,9.856705,-8.339358,0.1360105,6.281942,0.009158591,0.02992754,1.17,0.004715121,0.0006424796,-0.510422,0.03278255,0.008910894,-0.0724243,1.223
2024_02_11_02_25_39_347,0.4,-0.2948941,149299.0,135583.0,9.899804,-8.338665,0.1360105,6.281941,0.009158787,0.01103135,1.16,0.004625146,0.0006347056,-0.5109154,0.01788139,-0.003539026,-0.02684071,1.223
2024_02_11_02_25_39_385,0.4,-0.2950919,149418.0,135681.0,9.944072,-8.338802,0.1360105,6.28194,0.009159093,6.274796,1.16,0.004704522,0.0006156428,-0.5112348,-0.004291534,0.001430511,-0.01518428,1.223
2024_02_11_02_25_39_423,0.4,-0.2953444,149534.0,135776.0,9.987159,-8.339762,0.1360105,6.28194,0.009159216,6.255871,1.16,0.004624725,0.000653054,-0.5116745,-0.03600121,-0.01006573,0.08781533,1.223
2024_02_11_02_25_39_460,0.4,-0.295541,149650.0,135871.0,10.03022,-8.341538,0.1360106,6.281939,0.009159219,6.236931,1.16,0.00468112,0.0006516879,-0.5121165,0.003218651,-0.003844499,0.02288632,1.223
2024_02_11_02_25_39_497,0.4,-0.2957912,149770.0,135968.0,10.07439,-8.34421,0.1360106,6.281938,0.009159468,6.217464,1.16,0.004682955,0.000610843,-0.5124556,0.009179115,-0.001385808,-0.007320195,1.223
2024_02_11_02_25_39_535,0.4,-0.2959949,149886.0,136063.0,10.11735,-8.347637,0.1360107,6.281937,0.009159558,6.198495,1.16,0.004608012,0.0005818291,-0.512879,0.01561642,0.00180304,-0.05342532,1.223
2024_02_11_02_25_39_572,0.4,-0.2962452,150005.0,136160.0,10.16138,-8.352004,0.1360108,6.281936,0.009159618,6.178999,1.16,0.004697041,0.0006398901,-0.5132182,-0.01168251,-0.004410744,-0.02310425,1.223
2024_02_11_02_25_39_610,0.4,-0.296441,150121.0,136255.0,10.20417,-8.357081,0.1360108,6.281935,0.009159865,6.160001,1.16,0.004640516,0.0006422607,-0.5136345,-0.008702278,-0.005483627,0.04594959,1.223
2024_02_11_02_25_39_647,0.4,-0.2966946,150240.0,136353.0,10.24799,-8.363142,0.1360109,6.281934,0.009160152,6.140477,1.16,0.004734254,0.0006948747,-0.5139345,-0.02300739,-0.003620982,-0.0345055,1.223
2024_02_11_02_25_39_685,0.4,-0.2968987,150356.0,136447.0,10.29054,-8.369863,0.1360109,6.281933,0.009160221,6.121454,1.16,0.004681574,0.0007369544,-0.5143155,-0.01204014,-0.00269711,0.01119636,1.223
2024_02_11_02_25_39_723,0.4,-0.2971392,150475.0,136545.0,10.33409,-8.377606,0.1360111,6.281932,0.009160647,6.101902,1.16,0.004726429,0.0006497352,-0.5146989,0.0004768371,-0.002115965,0.03430899,1.223
2024_02_11_02_25_39_760,0.4,-0.2973424,150591.0,136640.0,10.37634,-8.385962,0.1360112,6.281932,0.009160991,6.082851,1.16,0.00473447,0.0006328687,-0.5150475,-0.005722045,-0.002041459,-0.02311636,1.223
2024_02_11_02_25_39_798,0.4,-0.2975902,150710.0,136737.0,10.41956,-8.39538,0.1360111,6.281931,0.009161185,6.063271,1.16,0.004708364,0.0006611822,-0.5154927,-0.02586841,-0.003680587,-0.01549162,1.223
2024_02_11_02_25_39_835,0.4,-0.2977925,150826.0,136832.0,10.46145,-8.405362,0.1360111,6.28193,0.009161242,6.044188,1.16,0.004691032,0.0005986192,-0.5158648,-0.007510185,-0.004768372,0.06505754,1.223
2024_02_11_02_25_39_872,0.4,-0.2980451,150945.0,136929.0,10.50426,-8.416445,0.1360112,6.281929,0.009161173,6.024576,1.16,0.00471699,0.0006754903,-0.5162898,-0.00989437,-0.005185604,0.04192441,1.223
2024_02_11_02_25_39_910,0.4,-0.2982453,151061.0,137024.0,10.54573,-8.428038,0.1360112,6.281929,0.009161147,6.005465,1.16,0.004708382,0.0006906789,-0.5166509,-0.003814697,-0.001877546,0.02263114,1.223
2024_02_11_02_25_39_949,0.4,-0.2984912,151180.0,137122.0,10.58808,-8.440765,0.1360113,6.281928,0.009161626,5.985824,1.16,0.004712079,0.00057755,-0.5170671,-0.005245208,-0.004768372,0.01910236,1.223
2024_02_11_02_25_39_985,0.4,-0.2986926,151296.0,137216.0,10.62906,-8.453954,0.1360113,6.281927,0.009161673,5.966684,1.16,0.004721924,0.0006295673,-0.5174782,-0.02145767,-0.003486871,0.02286397,1.223
2024_02_11_02_25_40_023,0.4,-0.2989448,151415.0,137314.0,10.67088,-8.468312,0.1360114,6.281926,0.009161867,5.947012,1.16,0.004694512,0.0007143852,-0.517818,-0.03445148,-0.008821487,0.06888248,1.223
2024_02_11_02_25_40_059,0.4,-0.299146,151531.0,137409.0,10.7113,-8.483082,0.1360115,6.281925,0.009162373,5.927848,1.16,0.004709245,0.0006293128,-0.5182257,0.00166893,0.0002384186,-0.04214327,1.223
2024_02_11_02_25_40_093,0.4,-0.2993433,151635.0,137493.0,10.74712,-8.496905,0.1360115,6.281924,0.009162594,5.910743,1.16,0.004703628,0.0006521942,-0.5185181,-0.01168251,-0.00616908,0.0115782,1.223
2024_02_11_02_25_40_126,0.4,-0.2995404,151741.0,137580.0,10.78375,-8.511786,0.1360116,6.281923,0.009162564,5.893109,1.16,0.004734353,0.0006657242,-0.5187872,0.02145767,0.00244379,-0.02672337,1.223
2024_02_11_02_25_40_164,0.4,-0.2997915,151857.0,137675.0,10.82332,-8.528708,0.1360116,6.281923,0.009163032,5.873906,1.16,0.004721336,0.0006739146,-0.5191844,-0.01442432,-0.003516674,0.004065223,1.223
2024_02_11_02_25_40_197,0.4,-0.2999893,151964.0,137762.0,10.85938,-8.544925,0.1360117,6.281922,0.009163201,5.856248,1.16,0.004761258,0.0006580251,-0.5194933,0.02026558,0.000655651,-0.01521315,1.223
2024_02_11_02_25_40_235,0.4,-0.3002,152080.0,137857.0,10.89829,-8.563291,0.1360118,6.281921,0.009163295,5.837017,1.16,0.004691847,0.0006635176,-0.5199639,0.005841255,0.0004768371,-0.02674106,1.223
2024_02_11_02_25_40_272,0.4,-0.300441,152199.0,137955.0,10.93788,-8.582928,0.1360118,6.28192,0.009163419,5.817249,1.16,0.004706064,0.0006546683,-0.5203721,-0.02205372,-0.006943941,0.05725771,1.223
2024_02_11_02_25_40_306,0.4,-0.3006445,152302.0,138039.0,10.97193,-8.600613,0.1360117,6.281919,0.009163502,5.80007,1.16,0.004751441,0.0006300931,-0.5206998,0.004053116,-0.002264977,-0.01523457,1.223
2024_02_11_02_25_40_343,0.4,-0.3008431,152418.0,138134.0,11.00974,-8.621129,0.1360118,6.281919,0.009163594,5.780797,1.16,0.004724367,0.000631312,-0.5211377,-0.001788139,-0.002145767,-0.003867782,1.223
2024_02_11_02_25_40_381,0.4,-0.3010925,152538.0,138232.0,11.04815,-8.642956,0.1360119,6.281918,0.009163765,5.760986,1.16,0.004733792,0.0006510507,-0.5215125,-0.003576278,-0.006705522,0.04951842,1.223
2024_02_11_02_25_40_413,0.4,-0.3012931,152641.0,138316.0,11.08114,-8.662522,0.136012,6.281917,0.00916406,5.743771,1.16,0.004757853,0.0005964919,-0.5218158,0.002741813,-0.005662441,0.03066938,1.223
2024_02_11_02_25_40_451,0.4,-0.3014887,152760.0,138414.0,11.11871,-8.685752,0.1360119,6.281916,0.009164141,5.723934,1.16,0.004797926,0.0006500749,-0.5221614,0.004172325,0.0,4.190951e-05,1.223
2024_02_11_02_25_40_489,0.4,-0.301744,152876.0,138508.0,11.15484,-8.709086,0.136012,6.281915,0.009164273,5.704607,1.16,0.004699193,0.000711909,-0.5225891,-0.01275539,-0.004380941,-0.000170432,1.223
2024_02_11_02_25_40_527,0.4,-0.3019403,152995.0,138605.0,11.19146,-8.733768,0.1360122,6.281915,0.009164737,5.684742,1.16,0.004780275,0.0006616,-0.5229351,-0.02503395,-0.002503395,-0.007707625,1.223
2024_02_11_02_25_40_564,0.4,-0.3021906,153111.0,138700.0,11.22664,-8.758491,0.1360122,6.281914,0.009164876,5.665387,1.16,0.004753585,0.0006545393,-0.5233271,0.01657009,-0.0001788139,-0.04215352,1.223
2024_02_11_02_25_40_597,0.4,-0.3023887,153215.0,138784.0,11.2576,-8.781113,0.1360122,6.281913,0.009165026,5.648113,1.16,0.004746575,0.0007319868,-0.5236654,-0.005245208,-0.003278255,0.053755,1.223
2024_02_11_02_25_40_634,0.4,-0.3025878,153334.0,138881.0,11.29276,-8.807818,0.1360123,6.281912,0.009165206,5.628207,1.16,0.004811577,0.000651317,-0.5240419,0.02086162,0.002324581,-0.0343211,1.223
2024_02_11_02_25_40_673,0.4,-0.3028447,153450.0,138975.0,11.32648,-8.834482,0.1360123,6.281911,0.009165417,5.608807,1.16,0.004819854,0.0006297662,-0.5244287,-0.015378,-0.003159046,-0.007673166,1.223
2024_02_11_02_25_40_705,0.4,-0.3030442,153556.0,139062.0,11.357,-8.859559,0.1360124,6.28191,0.009165408,5.590971,1.16,0.004812947,0.0006890299,-0.5247321,-0.00667572,-0.002384186,-0.011825,1.223
2024_02_11_02_25_40_742,0.4,-0.3032439,153672.0,139156.0,11.3897,-8.887461,0.1360124,6.28191,0.009165642,5.571546,1.16,0.004808887,0.0006749033,-0.5251356,-0.006198883,-0.003576278,0.05335547,1.223
2024_02_11_02_25_40_781,0.4,-0.3034921,153791.0,139253.0,11.4227,-8.916768,0.1360124,6.281909,0.009165834,5.551584,1.16,0.004819931,0.0007063375,-0.5255697,-0.02229214,-0.003278255,-0.003876164,1.223
2024_02_11_02_25_40_818,0.4,-0.3036903,153907.0,139347.0,11.45427,-8.945931,0.1360124,6.281908,0.009165868,5.532128,1.16,0.004801147,0.0007589144,-0.5259228,-0.0009536743,-0.001013279,0.003876164,1.223
2024_02_11_02_25_40_852,0.4,-0.303889,154014.0,139434.0,11.48277,-8.973264,0.1360125,6.281908,0.009166144,5.51424,1.16,0.004840115,0.0006951755,-0.5262465,0.008583069,0.002145767,-0.03438815,1.223
2024_02_11_02_25_40_889,0.4,-0.3041445,154130.0,139528.0,11.51321,-9.003581,0.1360126,6.281907,0.009166501,5.494761,1.16,0.004777593,0.0006877859,-0.5266576,-0.01037121,-0.002920627,-0.01529138,1.223
2024_02_11_02_25_40_927,0.4,-0.3043384,154249.0,139625.0,11.54387,-9.035327,0.1360127,6.281906,0.009166737,5.474742,1.16,0.004809911,0.0007441766,-0.5270132,-0.01299381,-0.002741813,0.007642433,1.223
2024_02_11_02_25_40_959,0.4,-0.3045441,154353.0,139709.0,11.56996,-9.063387,0.1360127,6.281905,0.009167279,5.457347,1.16,0.004801428,0.0006889828,-0.5272407,-0.008106232,-0.00500679,0.0116732,1.223
2024_02_11_02_25_40_997,0.4,-0.3047905,154469.0,139804.0,11.59863,-9.095377,0.1360129,6.281904,0.009167567,5.437832,1.16,0.004805502,0.0006364981,-0.5276322,0.002145767,-0.001907349,0.01560803,1.223
2024_02_11_02_25_41_035,0.4,-0.3049925,154588.0,139900.0,11.62741,-9.128805,0.1360129,6.281904,0.00916768,5.417772,1.16,0.004827167,0.0007199304,-0.528051,-0.02288818,-0.005125999,0.06117671,1.223
2024_02_11_02_25_41_068,0.4,-0.3051944,154691.0,139985.0,11.65186,-9.158297,0.136013,6.281903,0.009167983,5.400342,1.16,0.004868085,0.0006149019,-0.5284382,0.002145767,-0.0004172325,-0.04202034,1.223
2024_02_11_02_25_41_105,0.4,-0.3054423,154810.0,140081.0,11.67937,-9.192775,0.136013,6.281902,0.00916778,5.380255,1.16,0.004860219,0.0006885472,-0.5287926,0.008702278,0.002503395,-0.03041327,1.223
2024_02_11_02_25_41_139,0.4,-0.3056459,154914.0,140166.0,11.70269,-9.223162,0.136013,6.281901,0.009167924,5.362796,1.16,0.004803372,0.0006539653,-0.5291885,-0.01704693,-0.006467103,0.05352869,1.223
2024_02_11_02_25_41_176,0.4,-0.3058404,155033.0,140262.0,11.72888,-9.258647,0.136013,6.2819,0.009168136,5.34268,1.16,0.004846187,0.0007021964,-0.5295063,-0.03361702,-0.007122755,0.08408166,1.223
2024_02_11_02_25_41_210,0.4,-0.3060428,155136.0,140347.0,11.75104,-9.28988,0.1360131,6.281899,0.009168407,5.3252,1.16,0.004887906,0.0006897353,-0.529839,0.003576278,-0.002592802,0.01555961,1.223
2024_02_11_02_25_41_247,0.4,-0.3062905,155252.0,140441.0,11.77523,-9.325352,0.1360132,6.281899,0.009168622,5.305588,1.16,0.004868517,0.0006957348,-0.5301445,0.0115633,0.002324581,-0.007421709,1.223
2024_02_11_02_25_41_285,0.4,-0.3064924,155371.0,140538.0,11.79934,-9.362267,0.1360132,6.281898,0.009168693,5.285431,1.16,0.004852523,0.0007571438,-0.5305641,0.01776218,0.004142523,-0.07657986,1.223
2024_02_11_02_25_41_318,0.4,-0.3066916,155475.0,140622.0,11.81966,-9.39471,0.1360133,6.281897,0.009168992,5.267913,1.16,0.00485344,0.0006683589,-0.5309522,0.02455711,0.003904104,-0.05743745,1.223
2024_02_11_02_25_41_355,0.4,-0.3069387,155594.0,140719.0,11.84236,-9.432501,0.1360134,6.281897,0.009169138,5.24773,1.16,0.004811297,0.0006479584,-0.5313596,0.001788139,-0.003516674,-0.003990717,1.223
2024_02_11_02_25_41_393,0.4,-0.307138,155710.0,140813.0,11.86372,-9.469727,0.1360134,6.281896,0.009169275,5.228061,1.16,0.004836071,0.000713321,-0.5317155,-0.02813339,-0.006526708,0.05340855,1.223
2024_02_11_02_25_41_426,0.4,-0.3073383,155817.0,140900.0,11.8827,-9.504297,0.1360134,6.281895,0.009169566,5.209977,1.16,0.004860422,0.0007201273,-0.5320473,-0.02253055,-0.007808208,0.06124843,1.223
2024_02_11_02_25_41_464,0.4,-0.3075923,155933.0,140994.0,11.90264,-9.542301,0.1360136,6.281894,0.009169753,5.190281,1.16,0.004811594,0.0006487033,-0.5324088,-0.003099441,-0.00205636,-3.352761e-05,1.223
2024_02_11_02_25_41_502,0.4,-0.3077882,156052.0,141091.0,11.92234,-9.581726,0.1360135,6.281893,0.009169664,5.170041,1.16,0.004872203,0.0007230034,-0.5327544,0.01990795,-0.0007152557,0.00397861,1.223
2024_02_11_02_25_41_538,0.4,-0.3080417,156168.0,141185.0,11.94074,-9.620486,0.1360137,6.281892,0.009170071,5.150319,1.16,0.004823395,0.0006571262,-0.5332232,-0.01740456,-0.01010299,0.06885827,1.223
2024_02_11_02_25_41_572,0.4,-0.3082414,156271.0,141269.0,11.9565,-9.655353,0.1360137,6.281892,0.009170083,5.132717,1.16,0.004910188,0.0006637225,-0.5335131,0.04935264,0.007390975,-0.1376131,1.223
2024_02_11_02_25_41_609,0.4,-0.3084431,156390.0,141366.0,11.97389,-9.695835,0.1360136,6.281891,0.009170296,5.112433,1.16,0.004855559,0.0006799718,-0.5338613,0.0007152557,0.002115965,0.003823079,1.223
2024_02_11_02_25_41_646,0.4,-0.3086942,156506.0,141460.0,11.99002,-9.735587,0.1360137,6.28189,0.009170422,5.09267,1.16,0.004805791,0.0007681955,-0.53428,0.002145767,5.960464e-05,-0.01537334,1.223
2024_02_11_02_25_41_685,0.4,-0.3088942,156625.0,141557.0,12.00577,-9.776727,0.1360138,6.281889,0.009170896,5.07236,1.16,0.004910946,0.0006726799,-0.5346432,-0.02169609,-0.007688999,0.07658079,1.223
2024_02_11_02_25_41_717,0.4,-0.3090916,156729.0,141641.0,12.01876,-9.812706,0.1360139,6.281888,0.009170966,5.054713,1.16,0.004890909,0.0007047645,-0.5350354,0.007629394,0.000745058,-0.03444776,1.223
2024_02_11_02_25_41_755,0.4,-0.3093246,156848.0,141738.0,12.03293,-9.854408,0.1360139,6.281888,0.009171139,5.034372,1.16,0.00491514,0.0006724203,-0.5353993,0.006318092,-0.0012815,-5.215406e-05,1.223
2024_02_11_02_25_41_792,0.4,-0.3095669,156964.0,141832.0,12.04591,-9.895282,0.1360139,6.281887,0.009171434,5.014559,1.16,0.004876285,0.0007043339,-0.5357656,-0.01442432,0.0012815,-0.0307206,1.223
2024_02_11_02_25_41_826,0.4,-0.3097622,157070.0,141918.0,12.05713,-9.933052,0.1360141,6.281886,0.009171685,4.996339,1.16,0.004949933,0.0006543772,-0.5361128,-0.004649162,-0.006541609,0.03446732,1.223
2024_02_11_02_25_41_864,0.4,-0.3099679,157186.0,142012.0,12.06854,-9.974385,0.1360141,6.281886,0.009171784,4.976494,1.16,0.004910971,0.0006627165,-0.5364729,-0.01549721,-0.0003874302,-0.01155585,1.223
2024_02_11_02_25_41_897,0.4,-0.310169,157290.0,142096.0,12.07802,-10.01143,0.1360141,6.281885,0.009171954,4.958786,1.16,0.004970654,0.0006986105,-0.5368013,-0.03612041,-0.01147389,0.06481074,1.223
2024_02_11_02_25_41_935,0.4,-0.3104142,157409.0,142193.0,12.08813,-10.05428,0.1360142,6.281884,0.009172116,4.938377,1.16,0.004843609,0.0007135146,-0.5372012,-0.002384186,-0.007644295,0.007664784,1.223
2024_02_11_02_25_41_972,0.4,-0.3106172,157525.0,142286.0,12.09713,-10.09619,0.1360141,6.281883,0.009172261,4.918493,1.16,0.004874744,0.0006478606,-0.5376726,-0.005841255,-0.002883374,0.04585459,1.223
2024_02_11_02_25_42_005,0.4,-0.3108186,157632.0,142372.0,12.10465,-10.13486,0.1360143,6.281882,0.009172401,4.900207,1.16,0.00497034,0.0006674927,-0.5379581,0.01740456,0.00346452,-0.03812555,1.223
2024_02_11_02_25_42_043,0.4,-0.3110661,157748.0,142466.0,12.11204,-10.17707,0.1360143,6.281881,0.009172465,4.880296,1.16,0.004904688,0.0007574176,-0.5383013,-0.02217293,-0.008009374,0.04561245,1.223
2024_02_11_02_25_42_081,0.4,-0.3112633,157867.0,142563.0,12.11875,-10.22058,0.1360144,6.281881,0.009172658,4.859833,1.16,0.004940379,0.0007368204,-0.5386247,0.00989437,0.00448525,-0.04216469,1.223
2024_02_11_02_25_42_117,0.4,-0.3115168,157983.0,142656.0,12.12443,-10.26306,0.1360144,6.281879,0.009172881,4.839896,1.16,0.004898186,0.0007721505,-0.5391365,-0.01978874,-0.009447336,0.04940852,1.223
2024_02_11_02_25_42_151,0.4,-0.3117141,158086.0,142740.0,12.12878,-10.30102,0.1360145,6.281879,0.00917314,4.8221,1.16,0.004952617,0.0007602113,-0.5394215,-0.02598762,-0.005438923,-0.007846393,1.223
2024_02_11_02_25_42_189,0.4,-0.3119126,158205.0,142836.0,12.13295,-10.34481,0.1360145,6.281878,0.00917332,4.801598,1.16,0.004947179,0.0007327477,-0.5397813,-0.01227856,-0.002734363,0.01917779,1.223
2024_02_11_02_25_42_226,0.4,-0.3121625,158321.0,142930.0,12.13614,-10.38754,0.1360146,6.281878,0.009173589,4.781617,1.16,0.00486707,0.0007225777,-0.5401248,-0.0003576278,-0.002160668,0.01525599,1.223
2024_02_11_02_25_42_264,0.4,-0.312364,158440.0,143026.0,12.13854,-10.43147,0.1360146,6.281877,0.009173684,4.761084,1.16,0.004963921,0.0007625883,-0.5405176,0.006079673,-0.0009164214,0.007536262,1.223
2024_02_11_02_25_42_301,0.4,-0.3126136,158556.0,143120.0,12.14,-10.47429,0.1360147,6.281876,0.009173935,4.741075,1.16,0.004982929,0.0006674447,-0.54093,0.02324581,0.0002458692,-0.01917873,1.223
2024_02_11_02_25_42_334,0.4,-0.3128152,158663.0,143206.0,12.14059,-10.51364,0.1360148,6.281875,0.009174138,4.722675,1.16,0.004975598,0.0006690085,-0.5413231,0.003695488,-0.004202127,-0.00407733,1.223
2024_02_11_02_25_42_368,0.4,-0.3130148,158766.0,143290.0,12.14046,-10.55184,0.1360147,6.281875,0.009174248,4.704805,1.16,0.004927165,0.0006667923,-0.5416644,-0.01955032,-0.003144145,0.02660975,1.223
2024_02_11_02_25_42_405,0.4,-0.3132125,158885.0,143386.0,12.13947,-10.59582,0.1360147,6.281873,0.009174258,4.684214,1.16,0.004989421,0.000718164,-0.5420608,-0.001192093,-0.001311302,-9.033828e-05,1.223
2024_02_11_02_25_42_443,0.4,-0.3134657,159001.0,143480.0,12.13764,-10.63861,0.1360147,6.281873,0.009174429,4.664149,1.16,0.004942855,0.0007432508,-0.5424472,0.0007152557,-0.003442168,0.02671592,1.223
2024_02_11_02_25_42_476,0.4,-0.3136663,159105.0,143564.0,12.13529,-10.67673,0.1360149,6.281872,0.00917463,4.646242,1.16,0.0049471,0.0007739919,-0.5427748,-0.007867813,-0.003248453,-0.01549534,1.223
2024_02_11_02_25_42_509,0.4,-0.3138616,159211.0,143650.0,12.13215,-10.71595,0.136015,6.281871,0.009174976,4.62778,1.16,0.004920213,0.0007282644,-0.5431003,0.002622604,0.0001639128,-0.01537148,1.223
2024_02_11_02_25_42_547,0.4,-0.3140649,159327.0,143743.0,12.1279,-10.75855,0.136015,6.28187,0.009175401,4.607681,1.16,0.004916656,0.0006915851,-0.5434618,-0.01657009,-0.005975365,0.03066566,1.223
2024_02_11_02_25_42_581,0.4,-0.3142632,159434.0,143830.0,12.12325,-10.79762,0.1360151,6.281869,0.009175483,4.589198,1.16,0.005034274,0.0007665535,-0.5437913,0.003457069,-0.00423193,0.01165084,1.223
2024_02_11_02_25_42_618,0.4,-0.3145147,159550.0,143923.0,12.11737,-10.84002,0.1360151,6.281869,0.009175599,4.569066,1.16,0.004990139,0.0007360886,-0.5441465,0.0231266,0.002354383,-0.03048964,1.223
2024_02_11_02_25_42_655,0.4,-0.3147133,159669.0,144020.0,12.11044,-10.88343,0.1360153,6.281868,0.009175921,4.548376,1.16,0.005011927,0.0007172055,-0.544507,0.01490116,0.003308058,-0.06504077,1.223
2024_02_11_02_25_42_689,0.4,-0.3149176,159773.0,144103.0,12.1037,-10.92101,0.1360153,6.281867,0.00917601,4.530397,1.16,0.004977379,0.0007329169,-0.5448577,0.001549721,-0.001221895,-0.003986992,1.223
2024_02_11_02_25_42_726,0.4,-0.3151719,159889.0,144197.0,12.09533,-10.96298,0.1360153,6.281867,0.009176341,4.510227,1.16,0.004933813,0.0007277924,-0.5453232,0.01633167,0.001817942,-0.04204921,1.223
2024_02_11_02_25_42_760,0.4,-0.3153679,159995.0,144283.0,12.0869,-11.00139,0.1360153,6.281866,0.009176442,4.491678,1.16,0.004975042,0.0006506974,-0.5456495,-0.01299381,-0.003010034,0.0227429,1.223
2024_02_11_02_25_42_797,0.4,-0.3155662,160111.0,144377.0,12.07692,-11.043,0.1360153,6.281865,0.00917636,4.47148,1.16,0.00495951,0.0007636724,-0.5460416,-0.02300739,-0.005573034,0.01130998,1.223
2024_02_11_02_25_42_830,0.4,-0.3157641,160218.0,144463.0,12.06701,-11.08105,0.1360154,6.281864,0.00917665,4.452908,1.16,0.004964536,0.0007324233,-0.54631,-0.01645088,0.001728535,-0.01532771,1.223
2024_02_11_02_25_42_864,0.4,-0.3159617,160321.0,144547.0,12.05672,-11.1178,0.1360154,6.281863,0.009176832,4.434875,1.16,0.005027569,0.0007200047,-0.5466997,0.01215935,0.002145767,-0.01916569,1.223
2024_02_11_02_25_42_901,0.4,-0.3162164,160437.0,144641.0,12.04439,-11.15877,0.1360155,6.281863,0.009177132,4.414641,1.16,0.00493804,0.000725668,-0.5470973,-0.02086162,-0.004649162,0.01503993,1.223
2024_02_11_02_25_42_938,0.4,-0.3164147,160556.0,144737.0,12.03088,-11.20057,0.1360155,6.281862,0.009177538,4.393847,1.16,0.005011781,0.0007428431,-0.5474449,-0.01752377,-0.005513429,0.03064051,1.223
2024_02_11_02_25_42_976,0.4,-0.3166629,160672.0,144831.0,12.01688,-11.24099,0.1360157,6.281861,0.009177834,4.373586,1.16,0.005031611,0.0006593202,-0.5477657,-0.003457069,-0.002503395,0.01938827,1.223
2024_02_11_02_25_43_009,0.4,-0.3168669,160779.0,144917.0,12.0033,-11.27787,0.1360157,6.28186,0.009178191,4.354958,1.16,0.004958805,0.0006606606,-0.5481274,-0.00846386,-0.003635883,-0.03440212,1.223
2024_02_11_02_25_43_046,0.4,-0.3170652,160895.0,145011.0,11.98775,-11.31771,0.1360158,6.281859,0.009178434,4.33467,1.16,0.005026998,0.0006695486,-0.5484591,-0.01609325,-0.0007748603,-0.003921799,1.223
2024_02_11_02_25_43_084,0.4,-0.3173142,161014.0,145107.0,11.97094,-11.35829,0.1360159,6.281858,0.009178362,4.313818,1.16,0.005017635,0.0007327661,-0.5488212,0.01955032,-0.0005960464,0.003959052,1.223
2024_02_11_02_25_43_121,0.4,-0.3175162,161130.0,145200.0,11.95376,-11.39745,0.1360159,6.281858,0.009178769,4.2935,1.16,0.004978305,0.0006857394,-0.5492544,-0.008106232,-0.004768372,0.01928862,1.223
2024_02_11_02_25_43_155,0.4,-0.3177093,161233.0,145284.0,11.93778,-11.43207,0.1360159,6.281857,0.009179004,4.275369,1.16,0.005018048,0.0006238057,-0.5495532,0.03075599,0.004053116,-0.03772695,1.223
2024_02_11_02_25_43_192,0.4,-0.3179643,161353.0,145380.0,11.9186,-11.47157,0.1360159,6.281857,0.009179052,4.254478,1.16,0.005067796,0.0007094456,-0.5499098,-0.0002384186,-0.001311302,0.0116406,1.223
2024_02_11_02_25_43_230,0.4,-0.3181628,161469.0,145473.0,11.89914,-11.50964,0.136016,6.281856,0.009179138,4.234118,1.16,0.005101023,0.0007187282,-0.5502715,0.03039837,0.008046627,-0.08788704,1.223
2024_02_11_02_25_43_269,0.4,-0.318412,161588.0,145569.0,11.87835,-11.5483,0.1360162,6.281855,0.009179337,4.213198,1.16,0.005024157,0.0007319421,-0.5506805,0.0128746,-0.002145767,-0.0269115,1.223
2024_02_11_02_25_43_305,0.4,-0.3186139,161704.0,145662.0,11.85733,-11.58552,0.1360162,6.281854,0.009179533,4.192815,1.16,0.005048498,0.0007124473,-0.5510653,-0.007510185,-0.0005364418,-0.03082212,1.223
2024_02_11_02_25_43_343,0.4,-0.3188659,161823.0,145758.0,11.83496,-11.62329,0.1360162,6.281853,0.009179629,4.171866,1.16,0.005057259,0.0008019348,-0.5514475,-0.02360344,-0.007212162,0.0649076,1.223
2024_02_11_02_25_43_381,0.4,-0.3190661,161939.0,145851.0,11.81242,-11.6596,0.1360163,6.281852,0.00918003,4.151452,1.15,0.004969006,0.0007016707,-0.5518502,-0.01049042,-0.006020069,0.03814325,1.223
2024_02_11_02_25_43_418,0.4,-0.319317,162058.0,145947.0,11.78852,-11.6964,0.1360164,6.281851,0.009180141,4.130475,1.15,0.005051744,0.0007211601,-0.5521516,0.001907349,-0.0003576278,-0.01533795,1.223
2024_02_11_02_25_43_455,0.4,-0.3195138,162174.0,146040.0,11.76451,-11.73175,0.1360165,6.281851,0.009180429,4.110037,1.15,0.005076977,0.0007046238,-0.5525065,-0.01037121,0.001013279,-0.0383947,1.223
2024_02_11_02_25_43_489,0.4,-0.3197101,162280.0,146125.0,11.74181,-11.76378,0.1360165,6.28185,0.009180649,4.091243,1.15,0.004969775,0.0007181481,-0.5529525,-0.01955032,-0.01132488,0.07625576,1.223
2024_02_11_02_25_43_526,0.4,-0.3199637,162396.0,146219.0,11.71644,-11.79815,0.1360164,6.281849,0.009180604,4.070776,1.15,0.005015431,0.0007372303,-0.5533584,-0.01168251,-0.005960464,0.007536262,1.223
2024_02_11_02_25_43_564,0.4,-0.3201664,162516.0,146314.0,11.68966,-11.83289,0.1360164,6.281848,0.009180686,4.049742,1.15,0.005103166,0.0007623665,-0.5537676,0.0180006,-0.0004768371,-0.04592631,1.223
2024_02_11_02_25_43_601,0.4,-0.3204134,162632.0,146408.0,11.66288,-11.86618,0.1360165,6.281847,0.009180784,4.029245,1.15,0.005007236,0.0007285828,-0.5541574,-0.005245208,-0.00423193,0.03057532,1.223
2024_02_11_02_25_43_638,0.4,-0.3206152,162751.0,146503.0,11.63468,-11.89977,0.1360166,6.281847,0.009181004,4.008179,1.15,0.005121112,0.0007894094,-0.554445,-0.0007152557,0.0001192093,0.03066473,1.223
2024_02_11_02_25_43_675,0.4,-0.3208653,162867.0,146597.0,11.60655,-11.93191,0.1360167,6.281846,0.009181251,3.987655,1.15,0.005075344,0.000742987,-0.5548268,0.01060963,0.000834465,-0.02283044,1.223
2024_02_11_02_25_43_713,0.4,-0.3210639,162986.0,146692.0,11.57698,-11.9643,0.1360167,6.281845,0.009181422,3.966564,1.15,0.005143693,0.0007821629,-0.5551566,0.004529953,0.004351139,-0.03825407,1.223
2024_02_11_02_25_43_751,0.4,-0.3213142,163102.0,146786.0,11.54754,-11.99524,0.1360169,6.281845,0.009182082,3.946014,1.15,0.005056319,0.0006997436,-0.555585,0.006914138,-0.001788139,-0.04962738,1.223
2024_02_11_02_25_43_788,0.4,-0.3215113,163221.0,146881.0,11.51665,-12.02636,0.1360169,6.281844,0.009182111,3.924894,1.15,0.005098934,0.0007723758,-0.5559264,-0.02038479,-0.006794929,0.05351286,1.223
2024_02_11_02_25_43_822,0.4,-0.3217253,163324.0,146964.0,11.4893,-12.05285,0.1360169,6.281843,0.009182504,3.906541,1.15,0.005023733,0.0006957656,-0.5562717,-0.01323223,-0.005424022,0.02680346,1.223
2024_02_11_02_25_43_859,0.4,-0.3219611,163443.0,147060.0,11.45721,-12.08273,0.136017,6.281842,0.009182608,3.885396,1.15,0.005072744,0.0007692443,-0.5566405,-0.003576278,-0.006139278,0.003700144,1.223
2024_02_11_02_25_43_897,0.4,-0.3221654,163559.0,147153.0,11.42537,-12.11116,0.136017,6.281841,0.009182919,3.864793,1.15,0.005073101,0.0007453501,-0.5570406,-0.03218651,-0.009000301,0.04587136,1.223
2024_02_11_02_25_43_929,0.4,-0.3223621,163663.0,147237.0,11.39649,-12.13595,0.1360171,6.281841,0.009182966,3.846406,1.15,0.005046492,0.0007496311,-0.5573716,0.005245208,-0.003218651,-0.01141988,1.223
2024_02_11_02_25_43_968,0.4,-0.3226123,163782.0,147332.0,11.36267,-12.16384,0.1360171,6.28184,0.009182995,3.825217,1.15,0.005146062,0.0007771304,-0.5577201,0.007629394,-0.0001788139,-0.01523178,1.223
2024_02_11_02_25_44_001,0.4,-0.322814,163885.0,147415.0,11.33283,-12.18747,0.1360171,6.281839,0.009183211,3.806804,1.15,0.005131772,0.000746459,-0.558112,-0.04601478,-0.007390975,0.04951097,1.223
2024_02_11_02_25_44_035,0.4,-0.3230102,163992.0,147501.0,11.30163,-12.21124,0.1360171,6.281838,0.009183256,3.78782,1.15,0.005134135,0.0007294956,-0.5584318,0.007629394,-0.0004768371,-0.003755092,1.223
2024_02_11_02_25_44_068,0.4,-0.3232124,164095.0,147584.0,11.27093,-12.23373,0.1360172,6.281838,0.009183494,3.769385,1.15,0.005059589,0.0007234477,-0.5588508,0.01311302,-0.0007152557,-0.03047008,1.223
2024_02_11_02_25_44_105,0.4,-0.3234179,164211.0,147677.0,11.23603,-12.25827,0.1360173,6.281837,0.009183642,3.7487,1.15,0.005094199,0.0007703107,-0.559176,-0.003457069,-0.003218651,5.122274e-05,1.223
2024_02_11_02_25_44_143,0.4,-0.3236649,164331.0,147773.0,11.19967,-12.28272,0.1360174,6.281836,0.009183846,3.727443,1.15,0.005158915,0.0007895351,-0.5595062,-0.004887581,0.001013279,-0.01524202,1.223
2024_02_11_02_25_44_176,0.4,-0.3238663,164434.0,147856.0,11.16767,-12.30331,0.1360175,6.281836,0.009184258,3.708973,1.15,0.005121935,0.0007794509,-0.5598194,-0.03015995,-0.007510185,0.04956778,1.223
2024_02_11_02_25_44_214,0.4,-0.3240636,164553.0,147952.0,11.13037,-12.32629,0.1360175,6.281835,0.009184551,3.687691,1.15,0.005135719,0.000761538,-0.5601605,-0.01776218,-0.003963709,0.03038347,1.223
2024_02_11_02_25_44_251,0.4,-0.3243136,164669.0,148045.0,11.09359,-12.34789,0.1360176,6.281834,0.009184628,3.666955,1.15,0.005111034,0.000763819,-0.5606427,-0.006198883,-0.003606081,0.02674013,1.223
2024_02_11_02_25_44_287,0.4,-0.324513,164788.0,148141.0,11.05537,-12.36927,0.1360177,6.281833,0.009185007,3.645644,1.15,0.005129038,0.0007405001,-0.5609945,0.004887581,0.001251697,-0.007497146,1.223
2024_02_11_02_25_44_322,0.4,-0.3247115,164892.0,148224.0,11.02182,-12.38718,0.1360178,6.281832,0.00918503,3.627126,1.15,0.005114176,0.0007588699,-0.5612876,-0.001907349,-0.003159046,-0.0002030283,1.223
2024_02_11_02_25_44_360,0.4,-0.3249647,165008.0,148317.0,10.98381,-12.40651,0.1360177,6.281831,0.009185016,3.606349,1.15,0.005163666,0.0008600004,-0.5617707,-0.05030632,-0.01302361,0.110642,1.223
2024_02_11_02_25_44_397,0.4,-0.3251646,165127.0,148413.0,10.94437,-12.42554,0.1360177,6.281831,0.00918512,3.584993,1.15,0.005156697,0.0007756767,-0.5621575,0.01192093,0.0009536743,-0.0151908,1.223
2024_02_11_02_25_44_434,0.4,-0.3254108,165243.0,148506.0,10.90559,-12.44325,0.1360178,6.28183,0.009185147,3.564186,1.15,0.005131921,0.0007863133,-0.5625676,-0.01335144,-0.006496906,0.04947371,1.223
2024_02_11_02_25_44_468,0.4,-0.3256142,165349.0,148591.0,10.86964,-12.4588,0.1360179,6.281829,0.00918556,3.545052,1.15,0.005106044,0.0006997694,-0.5629271,-0.00500679,-0.002473593,-0.00786595,1.223
2024_02_11_02_25_44_505,0.4,-0.3258116,165465.0,148684.0,10.83019,-12.47495,0.1360178,6.281828,0.009185763,3.524218,1.15,0.005205717,0.0008066981,-0.5631763,-0.0140667,-0.002682209,-0.04219636,1.223
2024_02_11_02_25_44_542,0.4,-0.326066,165584.0,148779.0,10.78933,-12.49067,0.136018,6.281827,0.009186178,3.502808,1.15,0.005166523,0.0007669549,-0.5635464,-0.01263618,-0.001609325,-0.01514517,1.223
2024_02_11_02_25_44_580,0.4,-0.3262662,165700.0,148872.0,10.74924,-12.50513,0.136018,6.281826,0.009186292,3.481948,1.15,0.005192339,0.0007862269,-0.5638914,-0.002264977,0.001907349,-0.01146644,1.223
2024_02_11_02_25_44_613,0.4,-0.326461,165807.0,148957.0,10.71215,-12.51768,0.1360182,6.281826,0.009186494,3.462768,1.15,0.005182692,0.0007783071,-0.5642337,-0.002741813,-0.001132488,-0.00400655,1.223
2024_02_11_02_25_44_651,0.4,-0.3267144,165923.0,149050.0,10.67152,-12.53052,0.1360183,6.281825,0.009186903,3.441881,1.15,0.005148351,0.0007321711,-0.5646374,0.008702278,0.001713633,-0.042147,1.223
2024_02_11_02_25_44_688,0.4,-0.3269122,166042.0,149145.0,10.62951,-12.54282,0.1360183,6.281825,0.00918699,3.420416,1.15,0.005157711,0.0007878668,-0.5650303,-0.004649162,-0.004574656,0.01531839,1.223
2024_02_11_02_25_44_726,0.4,-0.3271608,166158.0,149238.0,10.58838,-12.55393,0.1360182,6.281824,0.009187221,3.399502,1.15,0.005233206,0.0007894723,-0.5653612,0.001907349,-0.0004470348,0.007898547,1.223
2024_02_11_02_25_44_760,0.4,-0.3273634,166262.0,149320.0,10.5515,-12.5631,0.1360183,6.281823,0.009187261,3.380838,1.15,0.005150203,0.0008166744,-0.5657417,0.00333786,-0.001996756,-0.04211254,1.223
2024_02_11_02_25_44_797,0.4,-0.3275661,166381.0,149416.0,10.50885,-12.57281,0.1360183,6.281822,0.009187667,3.359331,1.15,0.005174662,0.0007192111,-0.5661141,0.01311302,0.004082918,-0.04556961,1.223
2024_02_11_02_25_44_835,0.4,-0.3278139,166497.0,149508.0,10.46713,-12.58139,0.1360183,6.281821,0.009187662,3.338377,1.15,0.005209183,0.0008036835,-0.566497,0.006198883,0.005677342,-0.06108638,1.223
2024_02_11_02_25_44_871,0.4,-0.3280151,166616.0,149603.0,10.4241,-12.58928,0.1360186,6.281821,0.009187914,3.316842,1.15,0.005185116,0.0007645164,-0.5668971,-0.02706051,-0.006973743,0.06859377,1.223
2024_02_11_02_25_44_905,0.4,-0.3282106,166719.0,149686.0,10.38661,-12.59538,0.1360185,6.28182,0.00918794,3.298127,1.15,0.005157703,0.000843998,-0.5672476,-0.03504753,-0.01066923,0.07996894,1.223
2024_02_11_02_25_44_943,0.4,-0.3284647,166838.0,149781.0,10.34331,-12.60153,0.1360185,6.281819,0.009188426,3.276564,1.15,0.005178162,0.0007770291,-0.5676391,-0.005722045,-0.001490116,-0.01129601,1.223
2024_02_11_02_25_44_980,0.4,-0.3286635,166954.0,149874.0,10.30105,-12.60662,0.1360186,6.281818,0.009188469,3.255556,1.15,0.005195378,0.000799682,-0.5679086,0.01513958,0.003665685,-0.05729496,1.223
2024_02_11_02_25_45_017,0.4,-0.3289159,167073.0,149969.0,10.25754,-12.61092,0.1360188,6.281817,0.009189153,3.233966,1.15,0.005180761,0.0006909097,-0.5683303,0.00500679,-0.0009238719,-0.06110966,1.223
2024_02_11_02_25_45_055,0.4,-0.3291122,167189.0,150062.0,10.21509,-12.6142,0.1360188,6.281817,0.009189031,3.212931,1.15,0.005249152,0.0008458165,-0.5685971,-0.01013279,0.0001192093,-0.02706609,1.223
2024_02_11_02_25_45_092,0.4,-0.3293642,167309.0,150157.0,10.17145,-12.61665,0.1360188,6.281816,0.009189293,3.191311,1.15,0.005223374,0.0007575685,-0.5690995,-0.001907349,-0.001490116,-0.03063679,1.223
2024_02_11_02_25_45_130,0.4,-0.3295601,167425.0,150250.0,10.12891,-12.61812,0.1360189,6.281815,0.00918923,3.170245,1.15,0.005231305,0.0007994561,-0.5694922,0.01239777,0.001147389,0.003845431,1.223
2024_02_11_02_25_45_164,0.4,-0.3297635,167531.0,150335.0,10.0898,-12.61868,0.1360189,6.281815,0.009189426,3.150874,1.15,0.005168179,0.0007703289,-0.5699212,-0.005841255,-0.007331371,0.06868877,1.223
2024_02_11_02_25_45_201,0.4,-0.3300089,167647.0,150428.0,10.04725,-12.61843,0.1360189,6.281814,0.009189448,3.12978,1.15,0.005201039,0.0007963201,-0.5702673,-0.01597404,-0.005915761,0.04959013,1.223
2024_02_11_02_25_45_238,0.4,-0.3302115,167766.0,150523.0,10.00356,-12.61723,0.1360189,6.281813,0.009189733,3.108102,1.15,0.005225946,0.0007710739,-0.5706384,-0.001549721,-0.003606081,0.02663024,1.223
2024_02_11_02_25_45_272,0.4,-0.3304124,167870.0,150605.0,9.96565,-12.61543,0.136019,6.281812,0.009189793,3.089265,1.15,0.005237394,0.0008359589,-0.5709124,-0.01204014,-0.00269711,-0.01940224,1.223
2024_02_11_02_25_45_309,0.4,-0.3306616,167986.0,150698.0,9.923192,-12.61256,0.1360191,6.281811,0.009190178,3.068133,1.15,0.005197672,0.0007867509,-0.5712621,-0.001907349,0.0008046626,-0.01537148,1.223
2024_02_11_02_25_45_346,0.4,-0.33086,168105.0,150793.0,9.879673,-12.60868,0.1360193,6.28181,0.009190463,3.046416,1.15,0.005245029,0.0007730151,-0.5715994,0.01990795,0.005275011,-0.06900821,1.223
2024_02_11_02_25_45_379,0.4,-0.3310612,168208.0,150876.0,9.841958,-12.60454,0.1360193,6.28181,0.009190799,3.027545,1.15,0.005185551,0.0007754465,-0.571988,-0.02813339,-0.007912517,0.08783209,1.223
2024_02_11_02_25_45_418,0.4,-0.331315,168327.0,150971.0,9.798635,-12.5989,0.1360193,6.281809,0.00919127,3.005801,1.15,0.005261741,0.0007405087,-0.5723314,0.02253055,0.002354383,-0.04176143,1.223
2024_02_11_02_25_45_455,0.4,-0.3315133,168443.0,151064.0,9.756589,-12.5925,0.1360193,6.281808,0.009191298,2.984616,1.15,0.005269169,0.0008555707,-0.5728092,-0.02169609,-0.002220273,0.003803521,1.223
2024_02_11_02_25_45_489,0.4,-0.3317139,168550.0,151149.0,9.718081,-12.58583,0.1360194,6.281807,0.009191521,2.965136,1.15,0.005238259,0.0007349517,-0.5730818,0.01788139,0.003501773,-0.03059208,1.223
2024_02_11_02_25_45_526,0.4,-0.3319623,168666.0,151242.0,9.676336,-12.57773,0.1360196,6.281807,0.009191494,2.943925,1.15,0.005244806,0.0008266839,-0.5734275,0.01013279,0.002264977,-0.04985556,1.223
2024_02_11_02_25_45_563,0.4,-0.3321581,168782.0,151334.0,9.634771,-12.56875,0.1360196,6.281806,0.009191857,2.922698,1.15,0.005281581,0.0007836072,-0.5737991,0.03027916,0.00102818,-0.01901481,1.223
2024_02_11_02_25_45_597,0.4,-0.3323648,168889.0,151419.0,9.596761,-12.55971,0.1360196,6.281805,0.009191819,2.903181,1.15,0.005257577,0.00083168,-0.574194,-0.01943111,-0.00333786,0.02265721,1.223
2024_02_11_02_25_45_634,0.4,-0.3326151,169005.0,151512.0,9.555604,-12.54905,0.1360197,6.281805,0.009192184,2.881929,1.15,0.005276163,0.0007707694,-0.5745962,0.005960464,-0.0005066395,-0.01161825,1.223
2024_02_11_02_25_45_671,0.4,-0.3328097,169124.0,151607.0,9.513588,-12.53718,0.1360197,6.281804,0.009192425,2.860085,1.15,0.005242643,0.0007586501,-0.5749765,0.008821487,0.004053116,-0.1147464,1.223
2024_02_11_02_25_45_709,0.4,-0.3330632,169240.0,151700.0,9.472933,-12.52475,0.1360199,6.281803,0.009192518,2.838806,1.15,0.005238592,0.0007964,-0.5753558,-0.004768372,-0.003606081,-0.03487431,1.223
2024_02_11_02_25_45_743,0.4,-0.3332657,169346.0,151784.0,9.435822,-12.51256,0.1360198,6.281802,0.009192806,2.819239,1.15,0.005309016,0.0007679634,-0.5757009,0.01490116,-0.0008642673,-0.007521361,1.223
2024_02_11_02_25_45_779,0.4,-0.3334648,169462.0,151877.0,9.395722,-12.49849,0.1360198,6.281801,0.009193161,2.797932,1.15,0.005288924,0.0007855224,-0.5760381,-0.01776218,-0.00578165,0.0229869,1.223
2024_02_11_02_25_45_812,0.4,-0.3336605,169566.0,151959.0,9.360221,-12.48521,0.1360199,6.281801,0.009193272,2.778918,1.15,0.005247427,0.0007857222,-0.5763467,-0.009775162,-0.002801418,-0.01171883,1.223
2024_02_11_02_25_45_851,0.4,-0.3339134,169685.0,152053.0,9.319662,-12.46909,0.1360199,6.2818,0.009193407,2.757007,1.15,0.005242165,0.0007765021,-0.5767587,0.02157688,0.002712011,-0.05351659,1.223
2024_02_11_02_25_45_888,0.4,-0.334114,169801.0,152146.0,9.280521,-12.45255,0.1360201,6.281799,0.009193537,2.73566,1.15,0.005275244,0.0008100025,-0.577096,-0.01978874,-0.004053116,0.01479965,1.223
2024_02_11_02_25_45_926,0.4,-0.3343641,169920.0,152240.0,9.240707,-12.4347,0.13602,6.281798,0.009193844,2.713719,1.15,0.005312089,0.0007798142,-0.5774922,-0.0002384186,0.0003278255,-0.01907628,1.223
2024_02_11_02_25_45_962,0.4,-0.3345627,170036.0,152332.0,9.202325,-12.41648,0.1360201,6.281797,0.009193762,2.692341,1.15,0.005281997,0.000863834,-0.5778358,0.01335144,0.004529953,-0.02681278,1.223
2024_02_11_02_25_46_001,0.4,-0.3348134,170155.0,152427.0,9.163329,-12.39692,0.1360202,6.281796,0.009194079,2.670373,1.15,0.005267128,0.0008063421,-0.5782699,-0.02777576,-0.008434057,0.04562828,1.223
2024_02_11_02_25_46_034,0.4,-0.3350222,170258.0,152509.0,9.129819,-12.37925,0.1360203,6.281796,0.009194227,2.651284,1.15,0.005271757,0.0008225967,-0.5786728,-0.02336502,-0.008076429,0.04957057,1.223
2024_02_11_02_25_46_071,0.4,-0.335215,170378.0,152604.0,9.091665,-12.35811,0.1360203,6.281795,0.00919445,2.629287,1.15,0.005322248,0.0008203452,-0.5789964,-0.005722045,0.00166893,-0.06918143,1.223
2024_02_11_02_25_46_109,0.4,-0.3354639,170494.0,152696.0,9.054967,-12.33673,0.1360203,6.281795,0.009194814,2.607858,1.15,0.005407838,0.0007803401,-0.5793334,0.03957748,0.004321337,-0.01493655,1.223
2024_02_11_02_25_46_146,0.4,-0.3356622,170613.0,152791.0,9.017768,-12.31396,0.1360204,6.281794,0.009195075,2.585837,1.15,0.005362979,0.0008091522,-0.5796899,-0.02014637,-0.003665685,-0.007783994,1.223
2024_02_11_02_25_46_184,0.4,-0.3359139,170729.0,152883.0,8.982047,-12.291,0.1360205,6.281793,0.009195351,2.564381,1.15,0.005256223,0.0008630694,-0.5800141,-0.01180172,-0.000834465,-0.04603061,1.223
2024_02_11_02_25_46_221,0.4,-0.3361123,170848.0,152977.0,8.94588,-12.26664,0.1360205,6.281792,0.009195699,2.54233,1.15,0.005339457,0.0007965684,-0.5804021,0.01883507,0.002235174,-0.01531001,1.223
2024_02_11_02_25_46_259,0.4,-0.3363614,170964.0,153069.0,8.911201,-12.24216,0.1360206,6.281791,0.009195789,2.520847,1.15,0.005319688,0.0008410672,-0.5807677,-0.002384186,-0.005334615,0.04598312,1.223
2024_02_11_02_25_46_293,0.4,-0.3365647,171070.0,153154.0,8.879805,-12.21902,0.1360206,6.281791,0.009196157,2.501094,1.15,0.005265089,0.000793897,-0.581198,-0.01335144,-0.006020069,0.05364883,1.223
2024_02_11_02_25_46_329,0.4,-0.3367878,171186.0,153246.0,8.846169,-12.19313,0.1360207,6.28179,0.009196326,2.479585,1.15,0.005364179,0.0007969448,-0.5814662,0.007510185,-0.003516674,0.007865019,1.223
2024_02_11_02_25_46_362,0.4,-0.3369873,171290.0,153328.0,8.816648,-12.16943,0.1360207,6.281789,0.009196476,2.460392,1.15,0.005289923,0.0008021626,-0.5818098,-0.005125999,-0.001609325,0.02692826,1.223
2024_02_11_02_25_46_397,0.4,-0.3371345,171396.0,153413.0,8.786715,-12.14444,0.1360208,6.281789,0.00919672,2.440603,1.15,0.00533784,0.0007896061,-0.5821025,0.004768372,0.001788139,-0.03052223,1.223
2024_02_11_02_25_46_434,0.4,-0.3374141,171512.0,153505.0,8.754711,-12.11657,0.1360209,6.281788,0.00919701,2.419058,1.15,0.005354528,0.0008362344,-0.5825216,0.002980232,-5.960464e-05,-0.03812648,1.223
2024_02_11_02_25_46_471,0.4,-0.3376102,171631.0,153600.0,8.722481,-12.08725,0.136021,6.281787,0.009197268,2.396914,1.15,0.005349142,0.0008063648,-0.5828826,-0.01859665,-0.0005960464,-0.04608556,1.223
2024_02_11_02_25_46_509,0.4,-0.3378586,171747.0,153692.0,8.691732,-12.05802,0.136021,6.281786,0.00919725,2.375338,1.15,0.005310121,0.0009019003,-0.5832486,-0.02336502,-0.004947185,0.02285279,1.223
2024_02_11_02_25_46_546,0.4,-0.338063,171867.0,153787.0,8.660817,-12.02732,0.1360212,6.281785,0.009197523,2.353168,1.15,0.005438044,0.0007926247,-0.5835797,0.02062321,0.006377697,-0.05366373,1.223
2024_02_11_02_25_46_583,0.4,-0.3383101,171983.0,153879.0,8.631378,-11.99677,0.1360212,6.281785,0.00919774,2.331568,1.15,0.005412642,0.0007776839,-0.5839737,0.03325939,0.005066394,-0.03828574,1.223
2024_02_11_02_25_46_618,0.4,-0.3385115,172089.0,153963.0,8.604927,-11.96816,0.1360211,6.281784,0.009197767,2.311706,1.15,0.005343209,0.0008282758,-0.584471,0.02205372,0.002533197,-0.03056414,1.223
2024_02_11_02_25_46_655,0.4,-0.3387089,172205.0,154056.0,8.576791,-11.93643,0.1360212,6.281783,0.009197817,2.290074,1.15,0.005389283,0.0007878146,-0.5848411,0.02348423,0.001341104,-0.03043189,1.223
2024_02_11_02_25_46_688,0.4,-0.3389132,172309.0,154138.0,8.552278,-11.90762,0.1360211,6.281783,0.00919791,2.270767,1.15,0.005387415,0.0007820121,-0.5851267,0.05114078,0.008225441,-0.05697924,1.223
2024_02_11_02_25_46_721,0.4,-0.33911,172415.0,154222.0,8.527618,-11.87745,0.1360213,6.281782,0.009198301,2.250868,1.15,0.005403837,0.0007579405,-0.5854459,0.008702278,-0.0007152557,-0.03814884,1.223
2024_02_11_02_25_46_759,0.4,-0.339358,172531.0,154315.0,8.501464,-11.84407,0.1360212,6.281781,0.009198361,2.229196,1.15,0.005351081,0.0008654392,-0.5858443,-0.007152557,-0.002592802,-0.007647089,1.223
2024_02_11_02_25_46_796,0.4,-0.3395603,172650.0,154409.0,8.47537,-11.80921,0.1360213,6.28178,0.009198619,2.206926,1.15,0.005377103,0.0008076805,-0.5861703,0.01764297,0.006526708,-0.03413018,1.223
2024_02_11_02_25_46_829,0.4,-0.3397589,172754.0,154491.0,8.453348,-11.77848,0.1360214,6.28178,0.009198795,2.187576,1.15,0.005350749,0.0008558531,-0.5865254,-0.01358986,-0.002771616,-0.01548231,1.223
2024_02_11_02_25_46_862,0.4,-0.3399602,172857.0,154574.0,8.431926,-11.74733,0.1360216,6.281779,0.009199064,2.168213,1.15,0.005423324,0.000840887,-0.5868473,0.01740456,0.004470348,-0.06907154,1.223
2024_02_11_02_25_46_901,0.4,-0.3402093,172976.0,154668.0,8.408012,-11.71096,0.1360216,6.281778,0.009199397,2.145905,1.15,0.005410605,0.000813742,-0.5871962,0.02074241,0.000655651,-0.05332566,1.223
2024_02_11_02_25_46_938,0.4,-0.3404147,173092.0,154760.0,8.385517,-11.67504,0.1360217,6.281777,0.009199564,2.124171,1.15,0.005497736,0.0009008282,-0.587519,-0.003576278,0.00295043,-0.03050826,1.223
2024_02_11_02_25_46_976,0.4,-0.3406626,173211.0,154854.0,8.363233,-11.63766,0.1360217,6.281776,0.009199891,2.101836,1.15,0.005382517,0.0008320762,-0.5879394,-0.01430511,-0.004976987,0.0345232,1.223
2024_02_11_02_25_47_013,0.4,-0.3408633,173327.0,154946.0,8.342345,-11.60079,0.1360217,6.281776,0.009200073,2.080071,1.15,0.00535602,0.0008394377,-0.5882999,-0.03182888,-0.004798174,0.06497744,1.223
2024_02_11_02_25_47_046,0.4,-0.3410586,173434.0,155030.0,8.323865,-11.56652,0.1360218,6.281775,0.009200368,2.060064,1.15,0.005402865,0.0008254351,-0.5886662,-0.01358986,-0.005990266,0.05356129,1.223
2024_02_11_02_25_47_084,0.4,-0.3413109,173550.0,155122.0,8.304533,-11.52882,0.1360218,6.281775,0.009200323,2.038275,1.14,0.005375313,0.0008792911,-0.5890433,0.002026558,-0.0004768371,-0.03047939,1.223
2024_02_11_02_25_47_117,0.4,-0.3415103,173653.0,155204.0,8.287992,-11.49485,0.1360219,6.281774,0.009200684,2.018833,1.14,0.005454377,0.000818681,-0.5893517,0.005364418,0.0002980232,-0.04586763,1.223
2024_02_11_02_25_47_151,0.4,-0.3417134,173760.0,155288.0,8.271648,-11.45953,0.136022,6.281773,0.009200786,1.998788,1.14,0.005397466,0.0008198158,-0.5897333,-0.01132488,-0.005304813,-0.0001955777,1.223
2024_02_11_02_25_47_188,0.4,-0.3419105,173876.0,155379.0,8.254669,-11.42072,0.1360221,6.281772,0.009200811,1.976962,1.14,0.005433662,0.0008643702,-0.5901251,-0.03147125,-0.009655952,0.06861892,1.223
2024_02_11_02_25_47_221,0.4,-0.3421144,173983.0,155464.0,8.23982,-11.38475,0.1360221,6.281772,0.009201106,1.956888,1.14,0.005482736,0.0008368553,-0.5904306,0.0,-0.001251697,-0.01165643,1.223
2024_02_11_02_25_47_259,0.4,-0.3423593,174098.0,155555.0,8.224479,-11.34527,0.1360222,6.281771,0.009201529,1.935037,1.14,0.005425557,0.0007769064,-0.5907944,-0.004053116,-0.004410744,-0.04589092,1.223
2024_02_11_02_25_47_292,0.4,-0.3425589,174202.0,155637.0,8.211536,-11.30979,0.1360222,6.28177,0.00920157,1.915535,1.14,0.005437578,0.0008712667,-0.5911636,-0.01013279,-0.008225441,0.05749054,1.223
2024_02_11_02_25_47_329,0.4,-0.3427579,174321.0,155731.0,8.197493,-11.26864,0.1360222,6.281769,0.009201929,1.893064,1.14,0.00541783,0.0008409792,-0.5914949,-0.004887581,-0.003740191,0.0344757,1.223
2024_02_11_02_25_47_363,0.4,-0.3429637,174425.0,155813.0,8.186051,-11.23265,0.1360222,6.281769,0.009202082,1.873539,1.14,0.005403149,0.0008323045,-0.59181,0.01227856,0.001296401,0.0001667067,1.223
2024_02_11_02_25_47_397,0.4,-0.3431597,174531.0,155897.0,8.174999,-11.19535,0.1360223,6.281768,0.009202248,1.853414,1.14,0.005505698,0.0008744246,-0.5921508,-0.02396107,-0.007882714,0.0611376,1.223
2024_02_11_02_25_47_430,0.4,-0.3433581,174635.0,155979.0,8.164997,-11.15895,0.1360224,6.281767,0.009202582,1.833868,1.14,0.00538347,0.0008023237,-0.5924781,-0.0001192093,-0.001594424,-0.01513958,1.223
2024_02_11_02_25_47_467,0.4,-0.3436101,174751.0,156070.0,8.154632,-11.11791,0.1360225,6.281766,0.00920266,1.811942,1.14,0.005442983,0.0008663279,-0.5929,-0.01513958,-0.004157424,0.0190828,1.223
2024_02_11_02_25_47_501,0.4,-0.3438129,174857.0,156154.0,8.145905,-11.08002,0.1360225,6.281766,0.009202818,1.791781,1.14,0.005440414,0.0008750579,-0.5932096,-0.007748603,-0.001937151,0.01912843,1.223
2024_02_11_02_25_47_537,0.4,-0.3440114,174973.0,156246.0,8.137267,-11.03859,0.1360226,6.281765,0.009202966,1.769825,1.14,0.005472772,0.0008880214,-0.5934989,0.005364418,-0.001341104,-0.0306759,1.223
2024_02_11_02_25_47_572,0.4,-0.3442112,175080.0,156330.0,8.130144,-11.00036,0.1360227,6.281765,0.00920323,1.749639,1.14,0.0055242,0.0008238883,-0.5938963,0.02598762,0.005990266,-0.08018314,1.223
2024_02_11_02_25_47_609,0.4,-0.3444585,175196.0,156422.0,8.123272,-10.95861,0.1360227,6.281764,0.009203486,1.727659,1.14,0.005449218,0.0008475021,-0.5943112,-0.009536743,-0.007122755,6.61239e-05,1.223
2024_02_11_02_25_47_646,0.4,-0.3446598,175315.0,156516.0,8.117167,-10.9156,0.1360227,6.281763,0.009203807,1.70507,1.14,0.005374165,0.0008282356,-0.594715,-0.02682209,-0.007599592,0.07272512,1.223
2024_02_11_02_25_47_684,0.4,-0.3449089,175431.0,156607.0,8.112163,-10.87361,0.1360229,6.281762,0.00920392,1.683062,1.14,0.005461691,0.0008081929,-0.5949697,0.003099441,-0.0002980232,1.303852e-05,1.223
2024_02_11_02_25_47_722,0.4,-0.3451086,175550.0,156701.0,8.10798,-10.83037,0.1360228,6.281762,0.009204065,1.660445,1.14,0.005427043,0.0008836513,-0.5953899,-0.009655952,-0.003144145,0.01536216,1.223
2024_02_11_02_25_47_754,0.4,-0.3453106,175653.0,156783.0,8.105147,-10.79276,0.1360229,6.281761,0.009204389,1.640791,1.14,0.005498665,0.0008657498,-0.5957139,0.01180172,-0.001758337,-0.02276152,1.223
2024_02_11_02_25_47_791,0.4,-0.3455581,175769.0,156875.0,8.102854,-10.75052,0.1360229,6.28176,0.009204461,1.618743,1.14,0.005498081,0.0008932925,-0.5960709,0.007510185,-0.0002980232,-0.007384456,1.223
2024_02_11_02_25_47_830,0.4,-0.3457636,175888.0,156969.0,8.101462,-10.70712,0.1360231,6.281759,0.009204865,1.596085,1.14,0.005465022,0.0007925185,-0.5964732,0.0005960464,-0.004470348,0.01911912,1.223
2024_02_11_02_25_47_867,0.4,-0.34601,176004.0,157060.0,8.101059,-10.66483,0.136023,6.281758,0.009204797,1.574004,1.14,0.005444622,0.0009167094,-0.5967774,-0.00333786,-0.004500151,5.587935e-05,1.223
2024_02_11_02_25_47_904,0.4,-0.3462078,176124.0,157154.0,8.101616,-10.62141,0.1360232,6.281758,0.009205304,1.551317,1.14,0.005501686,0.0008158984,-0.5971504,-0.01132488,-0.001311302,-0.00375323,1.223
2024_02_11_02_25_47_937,0.4,-0.3464104,176227.0,157236.0,8.102893,-10.58373,0.1360233,6.281757,0.009205444,1.531603,1.14,0.00546388,0.0008342582,-0.5974873,0.004649162,-0.002220273,0.00367593,1.223
2024_02_11_02_25_47_975,0.4,-0.3466698,176346.0,157330.0,8.105291,-10.54038,0.1360233,6.281756,0.009205711,1.50889,1.14,0.005493297,0.000843377,-0.5978468,-0.020504,-0.004604459,0.01542643,1.223
2024_02_11_02_25_48_009,0.4,-0.3468645,176450.0,157412.0,8.108169,-10.5028,0.1360234,6.281755,0.009205665,1.48915,1.14,0.0054895,0.000883157,-0.5981711,-0.004172325,-0.00244379,-0.007919967,1.223
2024_02_11_02_25_48_047,0.4,-0.3470583,176566.0,157503.0,8.112278,-10.46073,0.1360234,6.281755,0.009205815,1.467003,1.14,0.005482454,0.0008305582,-0.5986206,0.01311302,-0.000834465,0.02276245,1.223
2024_02_11_02_25_48_084,0.4,-0.3473081,176685.0,157598.0,8.117463,-10.41764,0.1360234,6.281754,0.009206078,1.444246,1.14,0.00546323,0.0008288703,-0.5990601,-0.01871586,-0.006765127,0.01910049,1.223
2024_02_11_02_25_48_117,0.4,-0.3475139,176788.0,157679.0,8.122764,-10.38032,0.1360235,6.281753,0.009206254,1.424474,1.14,0.00547515,0.0008219314,-0.5993661,0.004172325,-0.002294779,0.02293661,1.223
2024_02_11_02_25_48_150,0.4,-0.3477131,176895.0,157763.0,8.128997,-10.342,0.1360236,6.281753,0.009206431,1.404089,1.14,0.00540374,0.0008648724,-0.599668,-0.0218153,-0.004410744,0.03809948,1.223
2024_02_11_02_25_48_187,0.4,-0.3479159,177011.0,157855.0,8.136664,-10.30045,0.1360236,6.281752,0.009206719,1.381892,1.14,0.005561044,0.0008558128,-0.6000078,-0.01037121,-0.003308058,0.007708556,1.223
2024_02_11_02_25_48_222,0.4,-0.3481126,177114.0,157936.0,8.144278,-10.26355,0.1360237,6.281751,0.009206749,1.362086,1.14,0.005529355,0.0008884271,-0.6003581,-0.02348423,-0.009506941,0.06093643,1.223
2024_02_11_02_25_48_258,0.4,-0.3483626,177233.0,158030.0,8.153945,-10.22126,0.1360237,6.28175,0.009206994,1.339265,1.14,0.0055595,0.0008745628,-0.6007051,0.02145767,0.004559755,-0.03441796,1.223
2024_02_11_02_25_48_292,0.4,-0.3485594,177337.0,158111.0,8.163125,-10.18472,0.1360238,6.28175,0.009207318,1.319434,1.14,0.005411535,0.0008799764,-0.6010936,0.005245208,-0.002920627,-0.01908373,1.223
2024_02_11_02_25_48_329,0.4,-0.3487586,177456.0,158205.0,8.174589,-10.14288,0.1360239,6.281749,0.009207525,1.296584,1.14,0.005476425,0.0008575601,-0.6014282,-0.002861023,-0.006496906,0.03793277,1.223
2024_02_11_02_25_48_367,0.4,-0.3490086,177572.0,158296.0,8.186665,-10.10242,0.1360239,6.281748,0.009207733,1.274325,1.14,0.005548885,0.0009058976,-0.6018213,-0.01573563,-0.006437301,-0.01173653,1.223
2024_02_11_02_25_48_400,0.4,-0.3492083,177678.0,158379.0,8.198553,-10.06548,0.136024,6.281747,0.009208041,1.253858,1.14,0.005504947,0.000848001,-0.6021777,-0.00333786,-0.003933907,0.01137797,1.223
2024_02_11_02_25_48_438,0.4,-0.3494108,177794.0,158470.0,8.212346,-10.02557,0.136024,6.281747,0.009208189,1.231569,1.14,0.005391198,0.0008463699,-0.6025317,-0.002264977,-0.001370907,0.03050547,1.223
2024_02_11_02_25_48_471,0.4,-0.3496091,177898.0,158552.0,8.225392,-9.990252,0.136024,6.281746,0.009208317,1.211676,1.14,0.005566165,0.0008102843,-0.6028759,0.02610683,0.006496906,-0.08401367,1.223
2024_02_11_02_25_48_504,0.4,-0.3498071,178004.0,158635.0,8.239567,-9.954141,0.1360241,6.281745,0.009208418,1.191173,1.14,0.005511813,0.000823053,-0.603243,0.03218651,0.003993511,-0.0533238,1.223
2024_02_11_02_25_48_542,0.4,-0.3500603,178120.0,158726.0,8.255831,-9.915186,0.1360241,6.281744,0.009208539,1.168844,1.14,0.005504129,0.0008710481,-0.6036164,0.007152557,-0.002205372,-0.03058091,1.223
2024_02_11_02_25_48_579,0.4,-0.3502588,178239.0,158820.0,8.273435,-9.875568,0.1360242,6.281744,0.009208782,1.1459,1.14,0.005548866,0.0009017457,-0.6039652,0.0007152557,-0.002384186,-0.01142826,1.223
2024_02_11_02_25_48_613,0.4,-0.3504624,178343.0,158901.0,8.289454,-9.841505,0.1360243,6.281743,0.009209129,1.125961,1.14,0.005515611,0.0008555024,-0.6042979,-0.005960464,-0.001192093,-0.007539056,1.223
2024_02_11_02_25_48_650,0.4,-0.3507084,178462.0,158995.0,8.308734,-9.802685,0.1360242,6.281743,0.009209227,1.102991,1.14,0.005553964,0.0009453465,-0.6046441,-0.01168251,-0.001132488,0.003837049,1.223
2024_02_11_02_25_48_688,0.4,-0.3509099,178578.0,159086.0,8.328356,-9.765327,0.1360243,6.281742,0.009209524,1.080611,1.14,0.005579422,0.0009038771,-0.6049809,-0.01430511,-0.001907349,-0.01540687,1.223
2024_02_11_02_25_48_726,0.4,-0.3511657,178697.0,159179.0,8.349374,-9.72743,0.1360244,6.281741,0.009210034,1.057612,1.14,0.005595493,0.0009128075,-0.6053531,-0.02002716,-0.003367662,-0.03828388,1.223
2024_02_11_02_25_48_763,0.4,-0.3513618,178813.0,159270.0,8.370663,-9.691011,0.1360245,6.28174,0.009210244,1.035205,1.14,0.005523815,0.0008658094,-0.6057427,0.000834465,-0.003159046,0.02695434,1.223
2024_02_11_02_25_48_801,0.4,-0.3516073,178932.0,159364.0,8.393377,-9.654118,0.1360245,6.281739,0.009210262,1.012182,1.14,0.005556884,0.0009097958,-0.6061546,0.006079673,-0.003129244,-2.607703e-05,1.223
2024_02_11_02_25_48_838,0.4,-0.3518182,179048.0,159455.0,8.416298,-9.618711,0.1360247,6.281738,0.009210363,0.9897467,1.14,0.005570307,0.0008601185,-0.6065247,0.000834465,-0.001370907,-0.0001862645,1.223
2024_02_11_02_25_48_875,0.4,-0.3520622,179167.0,159548.0,8.44066,-9.582892,0.1360247,6.281738,0.009210782,0.9666896,1.14,0.005496182,0.0008289296,-0.6069162,-0.01883507,-0.008255243,0.05349237,1.223
2024_02_11_02_25_48_913,0.4,-0.3522614,179283.0,159639.0,8.465164,-9.548566,0.1360247,6.281737,0.009210744,0.9442254,1.14,0.005544323,0.0009101284,-0.6072392,0.004529953,-0.001609325,-0.01160242,1.223
2024_02_11_02_25_48_950,0.4,-0.3525066,179402.0,159733.0,8.49112,-9.513898,0.1360249,6.281736,0.009211345,0.92114,1.14,0.005545347,0.0008401296,-0.6076138,-0.002264977,-0.00539422,0.007635913,1.223
2024_02_11_02_25_48_988,0.4,-0.3527136,179518.0,159824.0,8.517152,-9.480736,0.1360249,6.281735,0.009211531,0.8986523,1.14,0.005644676,0.0008940373,-0.60798,-0.005125999,-0.003099441,0.02309214,1.223
2024_02_11_02_25_49_026,0.4,-0.3529609,179637.0,159917.0,8.544663,-9.447295,0.136025,6.281735,0.00921196,0.8755409,1.14,0.005583481,0.0008405276,-0.6083081,0.01227856,0.0001788139,-0.01516752,1.223
2024_02_11_02_25_49_063,0.4,-0.3531622,179753.0,160008.0,8.572182,-9.41536,0.1360251,6.281734,0.009212008,0.8530264,1.14,0.005640118,0.0009017655,-0.6086357,0.0180006,0.001966953,-0.03061071,1.223
2024_02_11_02_25_49_100,0.4,-0.3534113,179872.0,160102.0,8.601177,-9.383217,0.1360251,6.281734,0.009212232,0.8298879,1.14,0.005557242,0.0008993924,-0.6090851,-0.007987022,-0.003099441,0.007564201,1.223
2024_02_11_02_25_49_137,0.4,-0.3536108,179988.0,160193.0,8.630115,-9.352579,0.1360251,6.281733,0.00921236,0.8073447,1.14,0.005608046,0.0009347628,-0.6094299,-0.006437301,-0.002801418,0.015283,1.223
2024_02_11_02_25_49_170,0.4,-0.3538101,180091.0,160274.0,8.656502,-9.325809,0.1360252,6.281732,0.009212506,0.7872272,1.14,0.005641943,0.0009045835,-0.6097379,0.008702278,0.0009536743,-0.01140684,1.223
2024_02_11_02_25_49_204,0.4,-0.354011,180197.0,160358.0,8.684242,-9.298792,0.1360252,6.281732,0.009212857,0.7664876,1.14,0.005529845,0.0008169769,-0.6101053,0.01311302,0.002980232,-0.03041234,1.223
2024_02_11_02_25_49_242,0.4,-0.3542579,180313.0,160449.0,8.715057,-9.270056,0.1360252,6.281731,0.009212852,0.7439066,1.14,0.005650654,0.0009467275,-0.6105045,-0.02849102,-0.00655651,-0.01546182,1.223
2024_02_11_02_25_49_280,0.4,-0.354458,180432.0,160543.0,8.747371,-9.241277,0.1360254,6.28173,0.009213162,0.7206982,1.14,0.005625741,0.0008392399,-0.6107738,0.01502037,0.005185604,-0.02660882,1.223
2024_02_11_02_25_49_312,0.4,-0.3546623,180536.0,160624.0,8.775961,-9.216902,0.1360254,6.281729,0.009213289,0.7005333,1.14,0.00552762,0.0008846766,-0.61118,0.01716614,-0.001430511,4.377216e-05,1.223
2024_02_11_02_25_49_346,0.4,-0.3548599,180639.0,160705.0,8.805038,-9.193112,0.1360255,6.281729,0.009213504,0.6803588,1.14,0.005594688,0.0008670751,-0.6114824,-0.008940697,-0.004202127,0.04950631,1.223
2024_02_11_02_25_49_383,0.4,-0.3551068,180758.0,160798.0,8.839104,-9.166453,0.1360255,6.281728,0.009213523,0.6571121,1.14,0.005610139,0.0009345415,-0.6118593,0.007033348,-0.0009238719,-0.01546275,1.223
2024_02_11_02_25_49_417,0.4,-0.355308,180861.0,160879.0,8.869181,-9.14395,0.1360256,6.281727,0.009213994,0.636912,1.14,0.005570411,0.0008834756,-0.6122513,-0.02646446,-0.00962615,0.06861985,1.223
2024_02_11_02_25_49_454,0.4,-0.3555115,180980.0,160972.0,8.904368,-9.118801,0.1360257,6.281726,0.009214182,0.6136386,1.14,0.005561973,0.0009043417,-0.6125571,-0.02110004,-0.00461936,0.003662891,1.223
2024_02_11_02_25_49_491,0.4,-0.3557604,181096.0,161063.0,8.939177,-9.095107,0.1360257,6.281726,0.009214406,0.5909656,1.14,0.005643226,0.0008616165,-0.6128417,0.008702278,0.004559755,-0.04979875,1.223
2024_02_11_02_25_49_525,0.4,-0.3559577,181199.0,161144.0,8.970662,-9.074651,0.1360258,6.281725,0.009214613,0.5707314,1.14,0.005586329,0.0009229166,-0.6132751,-0.01132488,-0.007212162,0.02295989,1.223
2024_02_11_02_25_49_563,0.4,-0.3561579,181318.0,161237.0,9.007424,-9.051888,0.1360258,6.281724,0.009214725,0.547417,1.14,0.005597176,0.0008664496,-0.6136654,0.002145767,0.0007152557,-0.04593841,1.223
2024_02_11_02_25_49_596,0.4,-0.3563604,181421.0,161318.0,9.039771,-9.032822,0.1360257,6.281723,0.00921458,0.5271578,1.14,0.005651813,0.0009434022,-0.6139916,-0.000834465,-0.002324581,2.421439e-05,1.223
2024_02_11_02_25_49_634,0.4,-0.3566113,181540.0,161411.0,9.07749,-9.011686,0.1360259,6.281723,0.009214838,0.5038158,1.14,0.005617123,0.0008709747,-0.6144164,0.004172325,-0.002980232,0.007410533,1.223
2024_02_11_02_25_49_671,0.4,-0.3568105,181656.0,161501.0,9.114675,-8.991961,0.1360259,6.281722,0.009215141,0.481075,1.14,0.005642741,0.0009099111,-0.6148056,-0.01943111,-0.005364418,0.01898408,1.223
2024_02_11_02_25_49_704,0.4,-0.3570083,181763.0,161584.0,9.149224,-8.974587,0.136026,6.281721,0.009215262,0.4601644,1.14,0.00570975,0.0009062303,-0.6150974,0.00846386,0.002115965,-0.03440119,1.223
2024_02_11_02_25_49_737,0.4,-0.3572101,181866.0,161665.0,9.183095,-8.958421,0.1360261,6.281721,0.00921563,0.4398589,1.14,0.005620223,0.0008847628,-0.6153682,-0.00989437,-0.002503395,0.007571652,1.223
2024_02_11_02_25_49_774,0.4,-0.3574587,181982.0,161755.0,9.221454,-8.941119,0.1360261,6.28172,0.009215671,0.4170803,1.14,0.005639811,0.0009654415,-0.6158315,-0.008583069,-0.004887581,0.03433321,1.223
2024_02_11_02_25_49_809,0.4,-0.3576601,182088.0,161839.0,9.257034,-8.925996,0.1360262,6.281719,0.009216081,0.3961372,1.14,0.005671288,0.0008782533,-0.6160669,0.02455711,0.00500679,-0.06499887,1.223
2024_02_11_02_25_49_846,0.4,-0.3578587,182204.0,161929.0,9.296104,-8.910392,0.1360263,6.281718,0.009216362,0.3733326,1.14,0.005667638,0.0008835416,-0.6165196,-0.01311302,-0.003308058,-0.01925789,1.223
2024_02_11_02_25_49_879,0.4,-0.3580545,182310.0,162012.0,9.332309,-8.896839,0.1360262,6.281718,0.009216478,0.3523639,1.14,0.005697388,0.0008699544,-0.6168149,0.006914138,0.002533197,-0.02668146,1.223
2024_02_11_02_25_49_917,0.4,-0.3583105,182426.0,162103.0,9.372021,-8.882961,0.1360263,6.281717,0.00921685,0.3295337,1.14,0.005645164,0.000854861,-0.6172514,-0.005245208,-0.002413988,7.543713e-05,1.223
2024_02_11_02_25_49_955,0.4,-0.3585117,182545.0,162196.0,9.413116,-8.869658,0.1360264,6.281716,0.009216976,0.3060718,1.14,0.005601077,0.0009194107,-0.6175753,-0.01907349,-0.009223819,0.04967674,1.223
2024_02_11_02_25_49_987,0.4,-0.3587049,182648.0,162276.0,9.449045,-8.858891,0.1360264,6.281716,0.009217107,0.2856858,1.14,0.005710131,0.0009247179,-0.6178861,-0.005722045,-0.0002235174,-0.007553957,1.223
2024_02_11_02_25_50_020,0.4,-0.3589097,182751.0,162357.0,9.485186,-8.84886,0.1360265,6.281715,0.009217487,0.2652897,1.14,0.005631029,0.0009197777,-0.6182478,-0.02372265,-0.008970499,0.04967115,1.223
2024_02_11_02_25_50_059,0.4,-0.359156,182870.0,162450.0,9.527042,-8.838225,0.1360266,6.281714,0.00921748,0.2417895,1.14,0.005694408,0.001000439,-0.6185484,-0.01299381,-0.006765127,0.01133513,1.223
2024_02_11_02_25_50_095,0.4,-0.3593577,182985.0,162541.0,9.568019,-8.828821,0.1360267,6.281713,0.009217846,0.2188953,1.14,0.005730008,0.0008981121,-0.6189209,0.009775162,0.003546476,-0.04604365,1.223
2024_02_11_02_25_50_133,0.4,-0.359606,183104.0,162634.0,9.610315,-8.820142,0.1360268,6.281713,0.009218267,0.1953684,1.14,0.005680584,0.0009251591,-0.6192536,-0.04661083,-0.01312792,0.07237773,1.223
2024_02_11_02_25_50_170,0.4,-0.3598107,183219.0,162724.0,9.651675,-8.812651,0.1360269,6.281712,0.009218447,0.1724477,1.14,0.00569186,0.0009323765,-0.6196199,0.010252,0.0006705522,0.00383798,1.223
2024_02_11_02_25_50_208,0.4,-0.3600585,183338.0,162817.0,9.694318,-8.805949,0.1360269,6.281712,0.009218633,0.1488925,1.14,0.005722099,0.0009315527,-0.6200471,-0.001192093,0.0,-0.0229571,1.223
2024_02_11_02_25_50_242,0.4,-0.3602585,183441.0,162898.0,9.731453,-8.800941,0.1360269,6.281711,0.009218814,0.128424,1.14,0.005651989,0.0009189294,-0.6204422,-0.004887581,-0.007227063,0.05363952,1.223
2024_02_11_02_25_50_279,0.4,-0.3604558,183560.0,162991.0,9.774333,-8.796124,0.136027,6.28171,0.009218847,0.1048401,1.14,0.005729726,0.0009317229,-0.6208173,-0.02801418,-0.005841255,0.01489185,1.223
2024_02_11_02_25_50_317,0.4,-0.3607084,183675.0,163081.0,9.816191,-8.792406,0.136027,6.281709,0.009219155,0.08186185,1.14,0.005729662,0.0008631638,-0.6212341,0.003576278,-0.0006705522,-0.01521874,1.223
2024_02_11_02_25_50_354,0.4,-0.3609059,183794.0,163174.0,9.859255,-8.789589,0.136027,6.281708,0.009219201,0.05824866,1.14,0.005727855,0.0009515317,-0.6215845,0.0004768371,0.0009089708,-0.02694968,1.223
2024_02_11_02_25_50_392,0.4,-0.3611584,183909.0,163265.0,9.901231,-8.787826,0.1360271,6.281708,0.00921953,0.03524268,1.14,0.005730746,0.0009192609,-0.6219139,-0.02372265,-0.00873208,0.04578195,1.223
2024_02_11_02_25_50_425,0.4,-0.3613589,184012.0,163346.0,9.938691,-8.787066,0.1360272,6.281707,0.009219797,0.01471343,1.14,0.005719658,0.0009038203,-0.6222329,-0.009655952,-0.004246831,-0.003745779,1.223
2024_02_11_02_25_50_462,0.4,-0.3615613,184131.0,163438.0,9.981832,-8.787148,0.1360273,6.281706,0.009220028,6.274246,1.14,0.005720469,0.0008650715,-0.6226333,-0.001192093,-0.002413988,0.007695518,1.223
2024_02_11_02_25_50_500,0.4,-0.3618068,184246.0,163529.0,10.02383,-8.788208,0.1360273,6.281705,0.009220185,6.251201,1.14,0.005701348,0.000913051,-0.6229464,0.004768372,-0.001966953,0.007715076,1.223
2024_02_11_02_25_50_537,0.4,-0.3620056,184365.0,163622.0,10.0669,-8.790303,0.1360274,6.281705,0.009220447,6.227521,1.14,0.005692462,0.0009221528,-0.6232888,0.04136562,0.006437301,-0.1108181,1.223
2024_02_11_02_25_50_575,0.4,-0.3622612,184481.0,163712.0,10.10879,-8.793322,0.1360274,6.281704,0.009220632,6.204451,1.13,0.005718964,0.0009814125,-0.6236605,-0.03445148,-0.004172325,0.01520663,1.223
2024_02_11_02_25_50_613,0.4,-0.3624555,184599.0,163805.0,10.15172,-8.797427,0.1360274,6.281703,0.009220679,6.180741,1.13,0.005755097,0.0009857996,-0.624045,-0.0007152557,0.00230968,-0.02691895,1.223
2024_02_11_02_25_50_650,0.4,-0.3627082,184715.0,163896.0,10.19341,-8.802402,0.1360275,6.281703,0.00922099,6.157641,1.13,0.00572512,0.0009663771,-0.6244616,0.01323223,-0.0008642673,-0.04983507,1.223
2024_02_11_02_25_50_688,0.4,-0.3629084,184833.0,163988.0,10.23609,-8.80851,0.1360276,6.281702,0.009221338,6.133904,1.13,0.00571071,0.0009293866,-0.6248445,-0.01084804,-0.006437301,0.02668705,1.223
2024_02_11_02_25_50_726,0.4,-0.3631594,184949.0,164079.0,10.2775,-8.815431,0.1360277,6.281701,0.00922156,6.110778,1.13,0.00575641,0.0009307989,-0.6252682,-0.01442432,-0.004604459,-0.01541246,1.223
2024_02_11_02_25_50_759,0.4,-0.3633552,185055.0,164161.0,10.31539,-8.822631,0.1360277,6.2817,0.009221888,6.089513,1.13,0.005712517,0.0008654427,-0.6255708,-0.01740456,-0.007778406,0.01530163,1.223
2024_02_11_02_25_50_796,0.4,-0.3635596,185170.0,164251.0,10.35644,-8.83138,0.1360278,6.2817,0.00922177,6.06636,1.13,0.005769648,0.0009785207,-0.6259275,-0.008225441,0.0005215406,-0.04232768,1.223
2024_02_11_02_25_50_829,0.4,-0.3637562,185273.0,164332.0,10.39287,-8.839984,0.1360278,6.281699,0.0092221,6.045699,1.13,0.005786373,0.0009322711,-0.6261779,-0.001907349,-0.0002384186,0.0191424,1.223
2024_02_11_02_25_50_867,0.4,-0.3640089,185392.0,164424.0,10.43457,-8.85082,0.1360279,6.281698,0.009222406,6.021894,1.13,0.005735766,0.0009431585,-0.6266006,-0.01251697,-0.004321337,0.02651848,1.223
2024_02_11_02_25_50_899,0.4,-0.3642131,185495.0,164504.0,10.47057,-8.861032,0.136028,6.281698,0.009222662,6.00121,1.13,0.005775122,0.0009320752,-0.626893,0.00166893,-0.0005960464,-0.01914706,1.223
2024_02_11_02_25_50_938,0.4,-0.3644123,185614.0,164597.0,10.51175,-8.873711,0.1360279,6.281697,0.009222783,5.977378,1.13,0.005780282,0.0009269079,-0.6273594,0.0244379,0.004291534,-0.06491691,1.223
2024_02_11_02_25_50_975,0.4,-0.3646604,185729.0,164687.0,10.55154,-8.886994,0.1360281,6.281696,0.009223104,5.95416,1.13,0.005785344,0.0009169122,-0.6276403,0.0,-0.001490116,-0.01150183,1.223
2024_02_11_02_25_51_012,0.4,-0.3648628,185848.0,164779.0,10.59207,-8.901594,0.1360281,6.281695,0.009223305,5.930302,1.13,0.005769916,0.0009353437,-0.6280385,-0.02169609,-0.005751848,0.03421213,1.223
2024_02_11_02_25_51_050,0.4,-0.3651083,185963.0,164869.0,10.63118,-8.916733,0.1360282,6.281694,0.00922366,5.907059,1.13,0.005765226,0.0009446875,-0.6283722,-0.01490116,-0.004500151,0.007664784,1.223
2024_02_11_02_25_51_088,0.4,-0.3653102,186082.0,164961.0,10.67097,-8.933222,0.1360283,6.281694,0.009223745,5.883173,1.13,0.005783606,0.0009591266,-0.6286884,-0.01192093,-0.002562999,0.03430806,1.223
2024_02_11_02_25_51_125,0.4,-0.3655569,186197.0,165051.0,10.70932,-8.950184,0.1360284,6.281693,0.009223954,5.859902,1.13,0.005762616,0.00098667,-0.6291153,-0.00989437,-0.002890825,-0.0001331791,1.223
2024_02_11_02_25_51_174,0.4,-0.3657586,186316.0,165144.0,10.74827,-8.968525,0.1360284,6.281693,0.009224333,5.83599,1.13,0.005814113,0.0009649596,-0.6294398,0.007629394,0.005275011,-0.09174365,1.223
2024_02_11_02_25_51_200,0.4,-0.365982,186431.0,165234.0,10.78577,-8.987273,0.1360285,6.281692,0.009224491,5.812694,1.13,0.005768611,0.000934601,-0.6298327,0.002384186,-0.001221895,-0.007888302,1.223
2024_02_11_02_25_51_238,0.4,-0.3662297,186550.0,165326.0,10.82381,-9.007429,0.1360286,6.281691,0.009224789,5.788752,1.13,0.005764611,0.0009435542,-0.6302009,-0.01633167,-0.005513429,0.003587454,1.223
2024_02_11_02_25_51_274,0.4,-0.3664342,186665.0,165416.0,10.86038,-9.027924,0.1360286,6.28169,0.009224908,5.765426,1.13,0.005815132,0.0009341087,-0.6305671,-0.01966953,-0.003844499,0.01889281,1.223
2024_02_11_02_25_51_313,0.4,-0.3666859,186784.0,165508.0,10.89741,-9.049854,0.1360286,6.28169,0.00922507,5.741457,1.13,0.005830836,0.0009401206,-0.630967,0.01299381,0.0008046626,-0.04601758,1.223
2024_02_11_02_25_51_349,0.4,-0.3668831,186899.0,165598.0,10.93296,-9.072051,0.1360287,6.281689,0.009225555,5.718105,1.13,0.005825618,0.0008711073,-0.6313592,0.000834465,-0.0009834766,-0.0382401,1.223
2024_02_11_02_25_51_387,0.4,-0.3671301,187018.0,165691.0,10.96891,-9.095702,0.1360288,6.281688,0.009225679,5.694107,1.13,0.005764103,0.0009493127,-0.6317296,-0.01823902,-0.009179115,0.03447663,1.223
2024_02_11_02_25_51_421,0.4,-0.3673343,187121.0,165771.0,10.99967,-9.116937,0.1360289,6.281688,0.009225769,5.673257,1.13,0.005787517,0.0009786594,-0.632008,-0.03015995,-0.008881092,0.05703792,1.223
2024_02_11_02_25_51_458,0.4,-0.3675345,187239.0,165864.0,11.03452,-9.14217,0.1360288,6.281687,0.009226187,5.649236,1.13,0.005838344,0.0009491355,-0.632367,0.01084804,-0.0007152557,0.01174118,1.223
2024_02_11_02_25_51_491,0.4,-0.3677353,187342.0,165944.0,11.06428,-9.164757,0.1360289,6.281686,0.009226492,5.628366,1.13,0.005827108,0.000944289,-0.6326345,-0.01883507,-0.006854534,0.03445428,1.223
2024_02_11_02_25_51_529,0.4,-0.3679836,187458.0,166034.0,11.09707,-9.190812,0.1360291,6.281685,0.009226573,5.60495,1.13,0.005853806,0.0009295837,-0.6330476,-0.001549721,-0.0005960464,-0.03065355,1.223
2024_02_11_02_25_51_567,0.4,-0.3681851,187576.0,166126.0,11.13011,-9.218359,0.136029,6.281684,0.009226769,5.580887,1.13,0.005854015,0.0009324337,-0.6334078,0.008225441,-0.003218651,-0.003662891,1.223
2024_02_11_02_25_51_605,0.4,-0.3684311,187692.0,166216.0,11.16162,-9.245929,0.1360292,6.281684,0.009227101,5.557444,1.13,0.005831214,0.0008930409,-0.6337158,0.007629394,-8.940696e-05,6.519258e-05,1.223
2024_02_11_02_25_51_637,0.4,-0.36863,187798.0,166299.0,11.19,-9.271909,0.1360292,6.281683,0.009227407,5.535892,1.13,0.005875198,0.0009220359,-0.6341133,-0.006079673,-0.004440546,-0.003660097,1.223
2024_02_11_02_25_51_675,0.4,-0.3688329,187913.0,166389.0,11.22024,-9.300871,0.1360293,6.281683,0.009227206,5.512424,1.13,0.005858121,0.0009859842,-0.6344122,-0.0004768371,-0.0007748603,0.0189282,1.223
2024_02_11_02_25_51_708,0.4,-0.3690328,188019.0,166471.0,11.24742,-9.3281,0.1360292,6.281682,0.009227434,5.490847,1.13,0.005805803,0.0009615736,-0.6347733,0.001311302,0.003814697,-0.02672337,1.223
2024_02_11_02_25_51_746,0.4,-0.3692844,188135.0,166561.0,11.27631,-9.358388,0.1360293,6.281682,0.009227634,5.467351,1.13,0.005844572,0.0009554206,-0.6351967,-0.01239777,-0.002562999,-0.023189,1.223
2024_02_11_02_25_51_783,0.4,-0.3694834,188250.0,166651.0,11.30449,-9.389345,0.1360295,6.281681,0.00922794,5.443842,1.13,0.005911697,0.0009221507,-0.6355824,-0.008702278,-0.003486871,0.003514811,1.223
2024_02_11_02_25_51_816,0.4,-0.3696856,188356.0,166734.0,11.32973,-9.418368,0.1360295,6.28168,0.009228004,5.422227,1.13,0.005827646,0.0009913227,-0.6359503,-0.007271766,-0.005960464,0.02659764,1.223
2024_02_11_02_25_51_855,0.4,-0.3699301,188472.0,166824.0,11.35647,-9.450559,0.1360294,6.281679,0.009228338,5.398691,1.13,0.005907158,0.0009612118,-0.6362588,-0.002980232,-0.001728535,-0.0227429,1.223
2024_02_11_02_25_51_891,0.4,-0.3701298,188590.0,166916.0,11.38315,-9.484262,0.1360295,6.281679,0.009228298,5.374501,1.13,0.005872653,0.001002106,-0.6366479,-0.01358986,-0.003367662,0.03798865,1.223
2024_02_11_02_25_51_929,0.4,-0.3703845,188706.0,167005.0,11.40832,-9.517686,0.1360296,6.281678,0.009228592,5.350937,1.13,0.005837684,0.00097157,-0.6370014,0.02241134,0.003188848,-0.03436953,1.223
2024_02_11_02_25_51_967,0.4,-0.3705851,188824.0,167097.0,11.43334,-9.552616,0.1360296,6.281677,0.009229051,5.326724,1.13,0.005861297,0.0009775374,-0.6373991,-0.01525879,-0.006407499,-0.000115484,1.223
2024_02_11_02_25_52_004,0.4,-0.3708305,188940.0,167187.0,11.45688,-9.587199,0.1360298,6.281676,0.009229075,5.303133,1.13,0.005852736,0.001008368,-0.6377457,-0.01120567,-0.002771616,0.007400289,1.223
2024_02_11_02_25_52_041,0.4,-0.3710357,189058.0,167279.0,11.4802,-9.623281,0.1360299,6.281675,0.009229413,5.27889,1.13,0.005879526,0.0009543047,-0.6381286,-0.01275539,-0.00461936,0.04197284,1.223
2024_02_11_02_25_52_075,0.4,-0.3712342,189161.0,167358.0,11.49974,-9.655062,0.1360299,6.281675,0.009229608,5.257825,1.13,0.005887802,0.000963401,-0.6384838,-0.01096725,-0.005632638,-8.754431e-05,1.223
2024_02_11_02_25_52_112,0.4,-0.3714838,189280.0,167450.0,11.5214,-9.692155,0.1360299,6.281674,0.009229749,5.233554,1.13,0.005857384,0.0009618989,-0.638878,-0.00166893,-0.002861023,-0.02301764,1.223
2024_02_11_02_25_52_146,0.4,-0.3716773,189383.0,167530.0,11.53947,-9.724783,0.13603,6.281673,0.009229963,5.212465,1.13,0.005866508,0.0009347169,-0.6391656,-0.005960464,-0.004410744,0.03812462,1.223
2024_02_11_02_25_52_182,0.4,-0.3718846,189498.0,167619.0,11.55891,-9.761807,0.13603,6.281672,0.00923031,5.188809,1.13,0.005885104,0.0009494696,-0.6395361,-0.004649162,-0.0001490116,-0.04967954,1.223
2024_02_11_02_25_52_220,0.4,-0.3721332,189617.0,167711.0,11.57795,-9.800297,0.13603,6.281672,0.009230347,5.164499,1.13,0.00587008,0.0009778392,-0.6398627,-0.0141859,-0.001996756,-0.0002784654,1.223
2024_02_11_02_25_52_258,0.4,-0.3723314,189732.0,167801.0,11.59559,-9.838202,0.1360302,6.281672,0.009230673,5.140817,1.13,0.005962569,0.0009857294,-0.6401622,0.01597404,0.005483627,-0.09572785,1.223
2024_02_11_02_25_52_295,0.4,-0.3725842,189851.0,167893.0,11.61276,-9.877553,0.1360302,6.281671,0.009231123,5.116482,1.13,0.005926909,0.0009550701,-0.6405833,-0.01275539,-0.001221895,1.490116e-05,1.223
2024_02_11_02_25_52_329,0.4,-0.3727801,189954.0,167972.0,11.62688,-9.912051,0.1360303,6.28167,0.009231064,5.095338,1.13,0.005955228,0.0010132,-0.6409817,-0.007033348,-0.002801418,0.01903903,1.223
2024_02_11_02_25_52_366,0.4,-0.3729804,190072.0,168064.0,11.64224,-9.952135,0.1360303,6.281669,0.009231317,5.070971,1.13,0.005955446,0.00096044,-0.6413177,-0.01132488,-0.00180304,0.003621913,1.223
2024_02_11_02_25_52_404,0.4,-0.3732338,190188.0,168154.0,11.65625,-9.991508,0.1360303,6.281668,0.00923156,5.047237,1.13,0.00592621,0.0009771379,-0.6416599,0.002861023,-0.002235174,-0.01890305,1.223
2024_02_11_02_25_52_437,0.4,-0.3734351,190294.0,168236.0,11.6683,-10.02797,0.1360304,6.281668,0.009231773,5.025412,1.13,0.005889112,0.0009819939,-0.6420657,-0.01251697,-0.00578165,0.03824849,1.223
2024_02_11_02_25_52_471,0.4,-0.3736289,190397.0,168316.0,11.67923,-10.06359,0.1360305,6.281667,0.009231905,5.004223,1.13,0.005941502,0.001011355,-0.6423384,-0.007629394,-0.00192225,-0.0499105,1.223
2024_02_11_02_25_52_508,0.4,-0.3738309,190512.0,168405.0,11.69058,-10.1038,0.1360305,6.281666,0.009232392,4.980447,1.13,0.005923539,0.0009365918,-0.6426833,0.01084804,0.001057982,0.01931936,1.223
2024_02_11_02_25_52_546,0.4,-0.3740788,190631.0,168497.0,11.70124,-10.14536,0.1360307,6.281666,0.0092326,4.956016,1.13,0.005988489,0.0009680476,-0.6430049,-0.01871586,-0.007376074,0.0305064,1.223
2024_02_11_02_25_52_582,0.4,-0.3742813,190746.0,168586.0,11.71064,-10.18606,0.1360307,6.281665,0.00923277,4.932215,1.13,0.005893051,0.001038503,-0.6433955,-0.00667572,-0.003799796,0.01527648,1.223
2024_02_11_02_25_52_621,0.4,-0.3745306,190865.0,168678.0,11.71927,-10.22808,0.1360308,6.281664,0.009232961,4.907757,1.13,0.0059257,0.0009742573,-0.6437511,0.01275539,0.002518296,-0.05744025,1.223
2024_02_11_02_25_52_654,0.4,-0.3747316,190968.0,168758.0,11.72594,-10.26472,0.1360307,6.281664,0.009233155,4.886505,1.13,0.006015076,0.0009556462,-0.6440557,-0.005841255,0.0009387731,0.003886409,1.223
2024_02_11_02_25_52_687,0.4,-0.3749298,191074.0,168840.0,11.73199,-10.30262,0.1360309,6.281663,0.009233366,4.864598,1.13,0.005971014,0.0009725289,-0.6444191,0.007510185,-0.0006109476,9.033828e-05,1.223
2024_02_11_02_25_52_725,0.4,-0.3751341,191189.0,168930.0,11.73763,-10.34398,0.1360309,6.281662,0.009233634,4.840746,1.13,0.005830803,0.0009885447,-0.6448693,-0.01609325,-0.004902482,-0.0001583248,1.223
2024_02_11_02_25_52_762,0.4,-0.3753806,191308.0,169021.0,11.74239,-10.38658,0.136031,6.281662,0.009233995,4.816236,1.13,0.005908033,0.0009224347,-0.6451914,0.01478195,8.940696e-05,-0.03040116,1.223
2024_02_11_02_25_52_799,0.4,-0.3755832,191423.0,169111.0,11.74602,-10.42817,0.1360311,6.281661,0.009234253,4.792356,1.13,0.005921001,0.0009543231,-0.6454802,-0.009298325,0.001117587,0.003910623,1.223
2024_02_11_02_25_52_837,0.4,-0.3758295,191542.0,169203.0,11.74871,-10.47095,0.1360312,6.28166,0.00923438,4.76782,1.13,0.005913836,0.0009948227,-0.6458493,-0.005245208,-0.002920627,0.003757886,1.223
2024_02_11_02_25_52_875,0.4,-0.3760329,191657.0,169292.0,11.75033,-10.51266,0.1360313,6.28166,0.009234861,4.743915,1.13,0.005892987,0.0009097917,-0.646197,0.002026558,0.004023314,-0.03435742,1.223
2024_02_11_02_25_52_912,0.4,-0.3762832,191776.0,169384.0,11.75095,-10.55551,0.1360313,6.281659,0.009234952,4.719353,1.13,0.005936998,0.001021735,-0.6466781,-0.008702278,-0.006899237,0.03817864,1.223
2024_02_11_02_25_52_945,0.4,-0.3764852,191879.0,169464.0,11.75062,-10.59273,0.1360314,6.281658,0.009235234,4.698012,1.13,0.005898523,0.0009743308,-0.6469325,-0.0257492,-0.002622604,0.003783032,1.223
2024_02_11_02_25_52_979,0.4,-0.3766791,191982.0,169543.0,11.74951,-10.62993,0.1360315,6.281658,0.009235459,4.676659,1.13,0.005943453,0.0009385796,-0.6471905,-0.009655952,-0.002622604,-0.003871508,1.223
2024_02_11_02_25_53_016,0.4,-0.3768804,192100.0,169635.0,11.74725,-10.67272,0.1360314,6.281657,0.0092355,4.652059,1.13,0.005970423,0.001031157,-0.6475589,-0.006914138,-0.0002086162,0.01157168,1.223
2024_02_11_02_25_53_054,0.4,-0.3771304,192216.0,169725.0,11.74403,-10.71432,0.1360315,6.281656,0.009235769,4.628092,1.13,0.005931468,0.0009640856,-0.6479962,0.006794929,0.001266599,-0.003787689,1.223
2024_02_11_02_25_53_091,0.4,-0.3773295,192334.0,169816.0,11.7397,-10.75694,0.1360316,6.281656,0.009236059,4.603463,1.13,0.005969748,0.001034204,-0.6483461,-0.02813339,-0.007748603,0.03071874,1.223
2024_02_11_02_25_53_125,0.4,-0.3775324,192437.0,169895.0,11.73507,-10.79385,0.1360317,6.281655,0.00923616,4.582063,1.13,0.006016816,0.0009870513,-0.6486173,-0.004768372,2.980232e-05,-0.02681464,1.223
2024_02_11_02_25_53_162,0.4,-0.37778,192553.0,169984.0,11.72896,-10.8351,0.1360317,6.281654,0.009236251,4.558056,1.13,0.005942821,0.001061858,-0.6489953,-0.03647804,-0.009715557,0.02262182,1.223
2024_02_11_02_25_53_199,0.4,-0.3779835,192671.0,170076.0,11.72165,-10.8773,0.1360317,6.281653,0.009236674,4.533387,1.13,0.005990123,0.001003964,-0.6493235,-0.02288818,-0.00616908,0.02686959,1.223
2024_02_11_02_25_53_237,0.4,-0.3782334,192787.0,170164.0,11.71353,-10.9182,0.1360318,6.281653,0.009236763,4.509354,1.13,0.005964054,0.0009973762,-0.6497954,0.01144409,-0.005304813,0.01918897,1.223
2024_02_11_02_25_53_270,0.4,-0.3784336,192893.0,170246.0,11.70521,-10.9556,0.1360319,6.281652,0.009236977,4.487257,1.13,0.005954025,0.001021932,-0.6501092,-0.006198883,-0.0007152557,-0.03076345,1.223
2024_02_11_02_25_53_304,0.4,-0.3786319,192996.0,170325.0,11.69635,-10.99171,0.1360319,6.281651,0.009237178,4.465796,1.13,0.005883549,0.0009972624,-0.6504349,-0.003457069,-0.001907349,0.02671592,1.223
2024_02_11_02_25_53_341,0.4,-0.3788314,193114.0,170417.0,11.68519,-11.03304,0.1360319,6.281651,0.009237397,4.441071,1.13,0.005981663,0.0009815744,-0.6508701,0.01049042,-0.001370907,-0.015039,1.223
2024_02_11_02_25_53_379,0.4,-0.379082,193230.0,170506.0,11.67334,-11.073,0.1360319,6.28165,0.00923727,4.416983,1.13,0.006083097,0.001067179,-0.6511806,0.000834465,-0.0008046626,-0.01911912,1.223
2024_02_11_02_25_53_416,0.4,-0.3792802,193348.0,170597.0,11.66018,-11.11373,0.136032,6.28165,0.009237675,4.392229,1.13,0.005971624,0.0009868389,-0.6515719,-0.01478195,-0.001549721,0.007559545,1.223
2024_02_11_02_25_53_454,0.4,-0.3795321,193464.0,170686.0,11.64639,-11.15306,0.1360321,6.281649,0.009237818,4.368109,1.13,0.005979002,0.001046677,-0.651881,-0.01513958,-0.004291534,-0.02302415,1.223
2024_02_11_02_25_53_492,0.4,-0.3797323,193582.0,170777.0,11.63126,-11.19308,0.1360322,6.281648,0.009238066,4.34333,1.13,0.006054984,0.001033914,-0.652178,0.01847744,0.006794929,-0.087874,1.223
2024_02_11_02_25_53_528,0.4,-0.3799624,193698.0,170866.0,11.61558,-11.23168,0.1360322,6.281647,0.009238494,4.319186,1.13,0.006028584,0.001028821,-0.6526156,-0.02765655,-0.002324581,0.007576309,1.223
2024_02_11_02_25_53_566,0.4,-0.3802029,193816.0,170957.0,11.59851,-11.27092,0.1360323,6.281646,0.009238647,4.29438,1.13,0.006009494,0.001042648,-0.6529884,0.01549721,0.001490116,-0.03057997,1.223
2024_02_11_02_25_53_600,0.4,-0.3804036,193919.0,171037.0,11.5829,-11.30463,0.1360324,6.281646,0.009239033,4.272825,1.13,0.006006582,0.00101287,-0.6533628,0.005841255,-0.000655651,-0.04969816,1.223
2024_02_11_02_25_53_637,0.4,-0.3806043,194035.0,171125.0,11.56454,-11.34201,0.1360324,6.281645,0.009239232,4.248646,1.13,0.005963211,0.001037039,-0.6536445,-0.01716614,-0.01078844,0.06890856,1.223
2024_02_11_02_25_53_670,0.4,-0.3808039,194141.0,171207.0,11.54687,-11.37597,0.1360325,6.281644,0.009239537,4.226414,1.13,0.006080676,0.001018482,-0.6539835,-0.006437301,-0.003874302,-0.01915824,1.223
2024_02_11_02_25_53_707,0.4,-0.381053,194256.0,171296.0,11.5268,-11.41245,0.1360326,6.281644,0.0092396,4.202207,1.13,0.006061783,0.001012086,-0.6543713,-0.008106232,-0.003516674,-0.02298411,1.223
2024_02_11_02_25_53_745,0.4,-0.3812533,194375.0,171387.0,11.50527,-11.44941,0.1360327,6.281643,0.009239933,4.177334,1.13,0.006026932,0.0009831362,-0.6546779,-0.005602836,0.0002384186,-0.0001192093,1.223
2024_02_11_02_25_53_784,0.4,-0.3815076,194490.0,171476.0,11.48344,-11.48485,0.1360327,6.281642,0.009240246,4.153103,1.13,0.005980542,0.0009927269,-0.6550719,-0.005841255,-0.002264977,-0.003747642,1.223
2024_02_11_02_25_53_820,0.4,-0.3817092,194609.0,171567.0,11.46013,-11.5207,0.1360328,6.281642,0.009240435,4.128203,1.13,0.006072286,0.001029494,-0.6554009,0.02384186,0.00578165,-0.06109103,1.223
2024_02_11_02_25_53_857,0.4,-0.3819557,194724.0,171656.0,11.43659,-11.55502,0.1360329,6.281641,0.009240543,4.103946,1.12,0.006096076,0.0009833088,-0.6557854,-0.008583069,-0.0002384186,0.01128111,1.223
2024_02_11_02_25_53_895,0.4,-0.382158,194843.0,171748.0,11.41155,-11.58967,0.1360328,6.281641,0.009240841,4.07902,1.12,0.006015374,0.001025165,-0.656129,-0.01430511,-0.004291534,0.01920108,1.223
2024_02_11_02_25_53_933,0.4,-0.3824063,194958.0,171837.0,11.38636,-11.6228,0.136033,6.28164,0.009240909,4.054735,1.12,0.006032821,0.001067737,-0.6565121,-0.01525879,-0.003039837,0.02665072,1.223
2024_02_11_02_25_53_967,0.4,-0.3826049,195065.0,171918.0,11.3625,-11.65268,0.1360331,6.281639,0.009241232,4.032406,1.12,0.006043878,0.00104554,-0.6568888,-0.010252,-0.00500679,0.003547407,1.223
2024_02_11_02_25_54_004,0.4,-0.382807,195180.0,172007.0,11.33579,-11.68458,0.1360332,6.281638,0.009241568,4.008098,1.12,0.006004368,0.0009775533,-0.6572639,-0.02682209,-0.01305342,0.09921472,1.223
2024_02_11_02_25_54_041,0.4,-0.3830578,195299.0,172098.0,11.30756,-11.71666,0.1360332,6.281638,0.009241722,3.983116,1.12,0.006089601,0.001029257,-0.6575367,-0.02264976,-0.008702278,0.08412729,1.223
2024_02_11_02_25_54_074,0.4,-0.3832576,195401.0,172178.0,11.28241,-11.74394,0.1360333,6.281637,0.009241926,3.961409,1.12,0.006030578,0.000981542,-0.6578866,0.01704693,0.0003576278,-0.01153443,1.223
2024_02_11_02_25_54_112,0.4,-0.3834541,195517.0,172267.0,11.2535,-11.77386,0.1360333,6.281636,0.00924223,3.937059,1.12,0.00613325,0.0009921319,-0.658233,-0.0128746,-0.001430511,-0.01536123,1.223
2024_02_11_02_25_54_150,0.4,-0.3837045,195636.0,172358.0,11.22308,-11.80384,0.1360333,6.281636,0.009242309,3.912037,1.12,0.006011886,0.00100393,-0.658662,0.01394749,-0.003039837,0.023189,1.223
2024_02_11_02_25_54_187,0.4,-0.3839067,195751.0,172447.0,11.19275,-11.83229,0.1360335,6.281635,0.009242551,3.887659,1.12,0.006033841,0.00102262,-0.6589783,-0.015378,-0.006914138,0.03786199,1.223
2024_02_11_02_25_54_225,0.4,-0.3841575,195870.0,172538.0,11.16089,-11.86073,0.1360335,6.281634,0.009242922,3.862609,1.12,0.006111036,0.001002613,-0.6592885,0.0128746,0.001311302,-0.01524947,1.223
2024_02_11_02_25_54_262,0.4,-0.3843544,195985.0,172626.0,11.1292,-11.88764,0.1360336,6.281634,0.009243212,3.838206,1.12,0.006006254,0.001007539,-0.6597201,-0.01227856,-0.005424022,3.166497e-05,1.223
2024_02_11_02_25_54_295,0.4,-0.3845529,196091.0,172708.0,11.0995,-11.91168,0.1360336,6.281633,0.009243404,3.815769,1.12,0.006075462,0.0009749446,-0.6599669,-0.01358986,-0.003933907,0.007521361,1.223
2024_02_11_02_25_54_334,0.4,-0.3848052,196206.0,172796.0,11.06659,-11.93707,0.1360336,6.281632,0.009243499,3.791342,1.12,0.006142206,0.001002386,-0.6604053,-0.010252,-0.004172325,0.01156796,1.223
2024_02_11_02_25_54_371,0.4,-0.3850021,196325.0,172887.0,11.03216,-11.96231,0.1360336,6.281631,0.009243789,3.766238,1.12,0.006086582,0.0009321193,-0.6607533,0.01633167,0.005900859,-0.03017671,1.223
2024_02_11_02_25_54_408,0.4,-0.3852063,196440.0,172975.0,10.99804,-11.98604,0.1360337,6.281631,0.009243829,3.74178,1.12,0.006025247,0.001032023,-0.6611716,-0.03170967,-0.009417534,0.04964135,1.223
2024_02_11_02_25_54_446,0.4,-0.385477,196559.0,173066.0,10.96241,-12.00953,0.1360338,6.28163,0.009243777,3.716649,1.12,0.006128137,0.00107071,-0.6615524,0.0115633,-0.0005066395,-0.03822614,1.223
2024_02_11_02_25_54_479,0.4,-0.3856812,196662.0,173145.0,10.93099,-12.02919,0.1360338,6.28163,0.009244132,3.69481,1.12,0.006149281,0.00101516,-0.6618444,-0.02539158,-0.006735324,0.01898874,1.223
2024_02_11_02_25_54_516,0.4,-0.3858857,196777.0,173233.0,10.89528,-12.05042,0.1360339,6.281629,0.009244267,3.670312,1.12,0.006086554,0.001050339,-0.6622756,0.01633167,-0.0001192093,0.01166854,1.223
2024_02_11_02_25_54_549,0.4,-0.3860783,196884.0,173314.0,10.86201,-12.06914,0.136034,6.281628,0.009244629,3.647789,1.12,0.006133959,0.00102855,-0.6625975,-0.03278255,-0.009149313,0.06484333,1.223
2024_02_11_02_25_54_587,0.4,-0.3863279,196999.0,173403.0,10.82534,-12.08866,0.1360341,6.281627,0.009244863,3.623266,1.12,0.006097887,0.0009868935,-0.6629031,-0.003576278,-0.000655651,5.587935e-06,1.223
2024_02_11_02_25_54_624,0.4,-0.3865282,197118.0,173493.0,10.78719,-12.10777,0.136034,6.281627,0.009244981,3.598066,1.12,0.006130869,0.00105558,-0.6632933,-0.004053116,-0.0006258487,-0.01917593,1.223
2024_02_11_02_25_54_662,0.4,-0.3867782,197233.0,173582.0,10.74961,-12.12543,0.1360341,6.281626,0.009245163,3.573516,1.12,0.006081241,0.001104171,-0.6637099,-0.03349781,-0.009059906,0.03794394,1.223
2024_02_11_02_25_54_699,0.4,-0.3869775,197352.0,173672.0,10.71057,-12.14261,0.1360342,6.281625,0.009245622,3.548286,1.12,0.006057527,0.00101619,-0.6641039,-0.004529953,-0.003904104,-0.023094,1.223
2024_02_11_02_25_54_733,0.4,-0.3871839,197455.0,173751.0,10.67633,-12.15673,0.1360342,6.281625,0.009245728,3.526366,1.12,0.006157099,0.0009842365,-0.6644186,0.0333786,0.00411272,-0.03816281,1.223
2024_02_11_02_25_54_770,0.4,-0.3874312,197573.0,173842.0,10.63653,-12.17204,0.1360342,6.281624,0.009245896,3.50111,1.12,0.006128471,0.00101119,-0.6647875,0.007987022,0.0002980232,-0.01517869,1.223
2024_02_11_02_25_54_804,0.4,-0.3876315,197676.0,173921.0,10.60166,-12.18452,0.1360343,6.281623,0.009246251,3.479167,1.12,0.006135965,0.0009947781,-0.6650673,-0.01311302,-0.00500679,0.04985742,1.223
2024_02_11_02_25_54_840,0.4,-0.3878302,197792.0,174009.0,10.56227,-12.1976,0.1360345,6.281622,0.009246484,3.454551,1.12,0.006138184,0.001029191,-0.6654951,-0.009179115,-0.008031726,0.06884802,1.223
2024_02_11_02_25_54_879,0.4,-0.3880798,197910.0,174100.0,10.52148,-12.21001,0.1360345,6.281622,0.00924669,3.429257,1.12,0.006150406,0.00106003,-0.6657249,-0.003695488,-0.000372529,0.01923088,1.223
2024_02_11_02_25_54_916,0.4,-0.3882803,198026.0,174188.0,10.48148,-12.22111,0.1360346,6.281621,0.009247137,3.404618,1.12,0.006141452,0.001037361,-0.666108,0.009655952,0.001952052,-0.0419449,1.223
2024_02_11_02_25_54_949,0.4,-0.3884794,198132.0,174269.0,10.44451,-12.23043,0.1360346,6.281621,0.009247366,3.381965,1.12,0.006101451,0.001097872,-0.6664408,-0.04279613,-0.01214445,0.08802301,1.223
2024_02_11_02_25_54_987,0.4,-0.3887298,198247.0,174358.0,10.40404,-12.23961,0.1360348,6.28162,0.009247484,3.357301,1.12,0.006117771,0.001065549,-0.6667362,0.001192093,-0.0007748603,-0.02710055,1.223
2024_02_11_02_25_55_020,0.4,-0.3889317,198353.0,174439.0,10.36666,-12.24717,0.1360348,6.281619,0.009247748,3.334624,1.12,0.006103232,0.001103856,-0.6671477,-0.007390975,-0.00397861,-0.01142733,1.223
2024_02_11_02_25_55_057,0.4,-0.3891326,198469.0,174527.0,10.32582,-12.25443,0.1360349,6.281619,0.009247928,3.309934,1.12,0.006134213,0.001074655,-0.6674126,0.004172325,-0.003203749,0.02297852,1.223
2024_02_11_02_25_55_091,0.4,-0.3893278,198572.0,174606.0,10.28926,-12.26005,0.136035,6.281618,0.009248311,3.287901,1.12,0.006097526,0.000999636,-0.6678086,-0.003933907,-0.003159046,0.01531467,1.223
2024_02_11_02_25_55_125,0.4,-0.3895328,198678.0,174687.0,10.25148,-12.265,0.136035,6.281618,0.009248392,3.265191,1.12,0.006161739,0.001057563,-0.6680428,0.00500679,0.002771616,-0.04584249,1.223
2024_02_11_02_25_55_162,0.4,-0.3897783,198793.0,174775.0,10.21023,-12.2694,0.136035,6.281617,0.009248679,3.240463,1.12,0.006194712,0.001032604,-0.6684138,0.01072884,0.006243586,-0.02273451,1.223
2024_02_11_02_25_55_199,0.4,-0.38998,198912.0,174866.0,10.16778,-12.27287,0.1360352,6.281616,0.009248916,3.215054,1.12,0.006150831,0.001045222,-0.6687243,-0.003457069,-0.0009089708,0.04208646,1.223
2024_02_11_02_25_55_237,0.4,-0.3902271,199027.0,174955.0,10.12638,-12.2752,0.1360351,6.281615,0.009249029,3.1903,1.12,0.00622086,0.001080438,-0.6691105,-0.004768372,0.001445413,0.007463619,1.223
2024_02_11_02_25_55_270,0.4,-0.3904257,199133.0,175036.0,10.0883,-12.27644,0.1360352,6.281615,0.0092493,3.167542,1.12,0.006199373,0.001041814,-0.6695076,-0.002384186,-0.002264977,0.01916382,1.223
2024_02_11_02_25_55_308,0.4,-0.3906333,199249.0,175124.0,10.04684,-12.2768,0.1360352,6.281614,0.009249512,3.142763,1.12,0.006217409,0.001079463,-0.6698737,0.003576278,-0.0002533197,-0.007602386,1.223
2024_02_11_02_25_55_346,0.4,-0.3908764,199367.0,175215.0,10.00428,-12.27611,0.1360353,6.281613,0.009249643,3.1173,1.12,0.006241946,0.001097586,-0.670196,0.03445148,0.007107853,-0.06103236,1.223
2024_02_11_02_25_55_379,0.4,-0.391082,199470.0,175294.0,9.967336,-12.27462,0.1360354,6.281613,0.009250087,3.095176,1.12,0.006138349,0.0009977248,-0.670634,-0.009417534,-0.003039837,-0.007768161,1.223
2024_02_11_02_25_55_415,0.4,-0.3912778,199586.0,175382.0,9.925976,-12.27199,0.1360355,6.281612,0.009250144,3.070357,1.12,0.006257264,0.001028594,-0.6709254,0.01347065,0.004559755,-0.06130524,1.223
2024_02_11_02_25_55_449,0.4,-0.3914827,199692.0,175463.0,9.888044,-12.26866,0.1360354,6.281611,0.009250188,3.047536,1.12,0.006149078,0.001087127,-0.6712896,0.01883507,0.001087785,-0.03033411,1.223
2024_02_11_02_25_55_487,0.4,-0.3917294,199807.0,175551.0,9.846866,-12.26406,0.1360355,6.281611,0.009250362,3.022691,1.12,0.00616911,0.001108793,-0.6716982,-0.009298325,-0.005349516,0.02657994,1.223
2024_02_11_02_25_55_524,0.4,-0.391928,199926.0,175641.0,9.804708,-12.25827,0.1360355,6.28161,0.009250502,2.997159,1.12,0.00623106,0.001107736,-0.671973,0.02074241,0.006154179,-0.06114505,1.223
2024_02_11_02_25_55_558,0.4,-0.3921337,200029.0,175719.0,9.768225,-12.25238,0.1360356,6.28161,0.009251084,2.974977,1.12,0.00617879,0.001043556,-0.6723719,-0.02217293,-0.006943941,0.03055017,1.223
2024_02_11_02_25_55_595,0.4,-0.3923773,200144.0,175807.0,9.727504,-12.2448,0.1360357,6.281609,0.009251127,2.950095,1.12,0.006260286,0.001116386,-0.6726539,-0.001549721,-0.001698732,0.01901202,1.223
2024_02_11_02_25_55_629,0.4,-0.3925812,200250.0,175888.0,9.690264,-12.23695,0.1360358,6.281608,0.00925146,2.927218,1.12,0.006209775,0.001077309,-0.6729659,-0.02896786,-0.007495284,0.05724467,1.223
2024_02_11_02_25_55_666,0.4,-0.3927799,200366.0,175976.0,9.649951,-12.22744,0.1360359,6.281608,0.009251576,2.90231,1.12,0.006206343,0.001142639,-0.6733087,0.001907349,-0.001430511,-0.01933053,1.223
2024_02_11_02_25_55_704,0.4,-0.3930287,200484.0,176066.0,9.608808,-12.21664,0.1360359,6.281607,0.009252029,2.876716,1.12,0.006179211,0.001126315,-0.6737328,-0.01966953,-0.01147389,0.04968233,1.223
2024_02_11_02_25_55_741,0.4,-0.3932334,200600.0,176154.0,9.569042,-12.20511,0.1360359,6.281606,0.009252285,2.85178,1.12,0.006221828,0.001047828,-0.6740491,-0.005722045,-0.001788139,0.007707625,1.223
2024_02_11_02_25_55_778,0.4,-0.3934834,200718.0,176244.0,9.528518,-12.19225,0.1360362,6.281606,0.009252579,2.82616,1.12,0.006229657,0.001048803,-0.6744201,0.02014637,-0.001400709,-0.01502968,1.223
2024_02_11_02_25_55_813,0.4,-0.3936778,200821.0,176322.0,9.493603,-12.18023,0.1360361,6.281605,0.009252909,2.8039,1.12,0.006187302,0.001060841,-0.6746639,0.00166893,-0.004678965,0.05790218,1.223
2024_02_11_02_25_55_849,0.4,-0.3938809,200940.0,176412.0,9.453741,-12.16544,0.1360363,6.281604,0.009253096,2.778255,1.12,0.006210834,0.001092947,-0.6750552,-0.02217293,-0.007778406,0.04582945,1.223
2024_02_11_02_25_55_882,0.4,-0.3940795,201043.0,176491.0,9.419451,-12.15178,0.1360364,6.281604,0.009253332,2.755972,1.12,0.006209593,0.001054676,-0.6753148,-0.001192093,-0.004708767,0.0421144,1.223
2024_02_11_02_25_55_921,0.4,-0.3943278,201158.0,176579.0,9.381377,-12.13555,0.1360364,6.281603,0.009253449,2.730977,1.12,0.006284196,0.001110079,-0.6756605,-0.01478195,-0.001341104,-0.003969297,1.223
2024_02_11_02_25_55_953,0.4,-0.3945325,201264.0,176659.0,9.346767,-12.11981,0.1360364,6.281602,0.009253851,2.707997,1.12,0.006227309,0.001058778,-0.6761299,0.004172325,-0.004172325,-5.308538e-05,1.223
2024_02_11_02_25_55_991,0.4,-0.394727,201380.0,176747.0,9.309529,-12.10178,0.1360365,6.281602,0.009253879,2.682974,1.12,0.006254365,0.001065587,-0.6764703,-0.01001358,0.0004470348,-0.03448687,1.223
2024_02_11_02_25_56_028,0.4,-0.3949891,201498.0,176837.0,9.27177,-12.0823,0.1360365,6.281601,0.009253982,2.657261,1.12,0.006238562,0.001134947,-0.6768733,-0.01811981,-0.007480382,0.01493096,1.223
2024_02_11_02_25_56_066,0.4,-0.3951778,201614.0,176925.0,9.235504,-12.06241,0.1360366,6.2816,0.00925404,2.63221,1.12,0.006246007,0.001015986,-0.6771967,0.0180006,0.0008940696,-0.003902241,1.223
2024_02_11_02_25_56_099,0.4,-0.3953777,201720.0,177006.0,9.202625,-12.04334,0.1360366,6.2816,0.009254357,2.609177,1.12,0.006224712,0.00110386,-0.6775519,-0.01120567,-0.005871057,0.02675224,1.223
2024_02_11_02_25_56_137,0.4,-0.3956271,201835.0,177093.0,9.16736,-12.02173,0.1360366,6.281599,0.009254491,2.584103,1.12,0.006356578,0.00107396,-0.6778126,0.02729893,0.007241964,-0.07661618,1.223
2024_02_11_02_25_56_174,0.4,-0.3958317,201954.0,177184.0,9.131719,-11.99862,0.1360366,6.281598,0.009254756,2.558336,1.12,0.006175172,0.001070178,-0.6782537,0.007987022,0.001341104,-0.04973448,1.223
2024_02_11_02_25_56_208,0.4,-0.396034,202057.0,177262.0,9.10126,-11.97782,0.1360368,6.281598,0.009254931,2.535945,1.12,0.006276317,0.00113376,-0.6785539,-0.007152557,-0.002413988,-0.0002272427,1.223
2024_02_11_02_25_56_241,0.4,-0.3962291,202160.0,177340.0,9.071277,-11.95635,0.1360369,6.281597,0.009255364,2.513549,1.12,0.006289632,0.001036593,-0.6788458,0.005722045,-0.001817942,-0.00387989,1.223
2024_02_11_02_25_56_278,0.4,-0.3964809,202278.0,177430.0,9.03737,-11.9308,0.136037,6.281597,0.009255681,2.487744,1.12,0.006210158,0.001057737,-0.6791792,0.02372265,0.001430511,-0.03046542,1.223
2024_02_11_02_25_56_316,0.4,-0.3966797,202394.0,177518.0,9.004998,-11.90509,0.1360371,6.281596,0.009255895,2.462609,1.12,0.006300975,0.001044235,-0.6795574,-0.0002384186,0.0004470348,0.007664784,1.223
2024_02_11_02_25_56_350,0.4,-0.3968835,202500.0,177599.0,8.975839,-11.88076,0.1360371,6.281595,0.009256183,2.439497,1.12,0.006248854,0.001041539,-0.6799321,-0.01215935,-0.005036592,0.06120465,1.223
2024_02_11_02_25_56_386,0.4,-0.3971297,202615.0,177687.0,8.94475,-11.85352,0.1360372,6.281595,0.009256449,2.414334,1.12,0.006301847,0.001041641,-0.6801856,0.001907349,0.002890825,-0.04976242,1.223
2024_02_11_02_25_56_425,0.4,-0.3973294,202734.0,177777.0,8.913551,-11.82475,0.1360372,6.281594,0.00925664,2.388477,1.12,0.006347039,0.001088756,-0.6805972,-0.00500679,-0.001490116,0.00383798,1.223
2024_02_11_02_25_56_457,0.4,-0.3975297,202837.0,177855.0,8.887072,-11.79912,0.1360373,6.281593,0.009256819,2.366013,1.12,0.006253847,0.001088309,-0.6808107,-0.0007152557,-0.0009834766,-0.007833354,1.223
2024_02_11_02_25_56_491,0.4,-0.3977296,202940.0,177933.0,8.861177,-11.7729,0.1360373,6.281593,0.009257035,2.343539,1.12,0.006317456,0.001110906,-0.6811345,-0.006914138,-0.005066394,0.02670474,1.223
2024_02_11_02_25_56_524,0.4,-0.3979261,203046.0,178014.0,8.835126,-11.74529,0.1360373,6.281592,0.009257192,2.320372,1.12,0.006334345,0.001098198,-0.6814663,0.0,0.002861023,-0.04210043,1.223
2024_02_11_02_25_56_562,0.4,-0.3981811,203161.0,178102.0,8.807513,-11.71457,0.1360374,6.281591,0.00925731,2.295146,1.12,0.006262168,0.001096443,-0.6820008,-0.01871586,-0.004291534,0.01885649,1.223
2024_02_11_02_25_56_600,0.4,-0.3983856,203280.0,178192.0,8.779975,-11.68231,0.1360375,6.281591,0.009257627,2.269226,1.12,0.006385243,0.001049205,-0.6822507,0.004649162,0.002324581,-0.01518428,1.223
2024_02_11_02_25_56_636,0.4,-0.3986294,203395.0,178279.0,8.753975,-11.65022,0.1360376,6.28159,0.009257779,2.243974,1.12,0.006286437,0.001133723,-0.6826408,-0.02563,-0.009119511,0.02675131,1.223
2024_02_11_02_25_56_675,0.4,-0.3988316,203514.0,178369.0,8.728128,-11.6166,0.1360376,6.28159,0.009258082,2.218026,1.12,0.006292714,0.001083481,-0.6830645,-0.02622604,-0.01135468,0.08015893,1.223
2024_02_11_02_25_56_711,0.4,-0.3990774,203629.0,178456.0,8.703808,-11.58323,0.1360376,6.281589,0.009258143,2.192748,1.12,0.006304755,0.001114942,-0.6833236,-0.008225441,0.0,-0.02297759,1.223
2024_02_11_02_25_56_750,0.4,-0.3992824,203745.0,178543.0,8.680335,-11.54926,0.1360377,6.281588,0.00925852,2.167456,1.12,0.006332556,0.001078255,-0.6837371,-0.009179115,-0.003963709,-0.01532212,1.223
2024_02_11_02_25_56_783,0.4,-0.399478,203851.0,178624.0,8.659538,-11.51754,0.1360378,6.281588,0.009258586,2.144203,1.12,0.006322402,0.001136394,-0.684046,0.005960464,-0.0002086162,-0.01525134,1.223
2024_02_11_02_25_56_820,0.4,-0.3996793,203966.0,178711.0,8.637755,-11.48248,0.1360378,6.281587,0.009258727,2.118884,1.12,0.00635879,0.00112674,-0.684292,0.01108646,0.004410744,-0.01146179,1.223
2024_02_11_02_25_56_854,0.4,-0.3999044,204072.0,178791.0,8.618529,-11.44979,0.1360379,6.281586,0.009259237,2.095607,1.12,0.006374771,0.001051186,-0.6847115,0.02336502,0.001877546,-0.01501292,1.223
2024_02_11_02_25_56_888,0.4,-0.4001124,204175.0,178869.0,8.600602,-11.41765,0.136038,6.281586,0.009259393,2.073005,1.12,0.006286706,0.00111603,-0.6850054,-0.0269413,-0.004887581,0.01116097,1.223
2024_02_11_02_25_56_924,0.4,-0.4003256,204291.0,178956.0,8.581371,-11.38114,0.1360381,6.281585,0.009259941,2.047657,1.12,0.006432956,0.001045533,-0.6852944,0.01657009,0.001311302,-0.03055762,1.223
2024_02_11_02_25_56_962,0.4,-0.400579,204409.0,179046.0,8.562593,-11.34315,0.1360381,6.281584,0.009259982,2.021608,1.12,0.006357269,0.001102792,-0.6857737,-0.007867813,-0.005334615,0.03061537,1.223
2024_02_11_02_25_57_000,0.4,-0.4007793,204525.0,179133.0,8.54527,-11.30571,0.1360382,6.281583,0.009260031,1.996232,1.11,0.006404049,0.001164606,-0.6860874,-0.004529953,-0.003278255,-0.0269413,1.223
2024_02_11_02_25_57_033,0.4,-0.4009807,204631.0,179213.0,8.530195,-11.27094,0.1360381,6.281583,0.009260231,1.972896,1.11,0.006320912,0.001121615,-0.6864735,0.001072884,0.0002682209,0.01527276,1.223
2024_02_11_02_25_57_070,0.4,-0.4012309,204746.0,179300.0,8.514722,-11.23271,0.1360383,6.281582,0.009260572,1.947489,1.11,0.006379912,0.001125704,-0.6867375,-0.02324581,0.0,-0.05756411,1.223
2024_02_11_02_25_57_107,0.4,-0.401426,204865.0,179390.0,8.499842,-11.19305,0.1360383,6.281582,0.009260778,1.921387,1.11,0.006286108,0.001100118,-0.6871531,-0.007629394,-0.005945563,0.0766227,1.223
2024_02_11_02_25_57_145,0.4,-0.4016794,204980.0,179477.0,8.486359,-11.15408,0.1360385,6.281581,0.009260885,1.895954,1.11,0.006300372,0.001111749,-0.6875279,-0.005960464,-0.00192225,0.03043935,1.223
2024_02_11_02_25_57_182,0.4,-0.4018753,205099.0,179567.0,8.473541,-11.11372,0.1360385,6.28158,0.009261169,1.869821,1.11,0.006365323,0.001133788,-0.6878492,-0.004172325,0.001832843,-0.0192821,1.223
2024_02_11_02_25_57_220,0.4,-0.402126,205214.0,179654.0,8.462087,-11.07412,0.1360385,6.281579,0.009261578,1.844367,1.11,0.006353873,0.001088596,-0.6881803,0.003218651,0.0004321336,-0.01145899,1.223
2024_02_11_02_25_57_257,0.4,-0.4023261,205333.0,179744.0,8.451374,-11.03316,0.1360385,6.281579,0.009261748,1.818206,1.11,0.006405221,0.001123838,-0.6885605,0.001907349,0.002801418,-0.0571981,1.223
2024_02_11_02_25_57_295,0.4,-0.4025799,205448.0,179831.0,8.441977,-10.99303,0.1360386,6.281579,0.009261845,1.79272,1.11,0.006365799,0.001127655,-0.6889811,0.01871586,0.003576278,-0.04195701,1.223
2024_02_11_02_25_57_332,0.4,-0.4027751,205567.0,179921.0,8.433401,-10.95158,0.1360387,6.281578,0.009262276,1.766532,1.11,0.00626571,0.001099189,-0.689371,-0.02324581,-0.01199543,0.09182654,1.223
2024_02_11_02_25_57_369,0.4,-0.4030279,205682.0,180008.0,8.426097,-10.91103,0.1360388,6.281577,0.009262434,1.741021,1.11,0.006328751,0.001102114,-0.6896039,-0.01847744,-0.0103414,0.09948666,1.223
2024_02_11_02_25_57_407,0.4,-0.4032294,205801.0,180098.0,8.419675,-10.86921,0.1360388,6.281576,0.00926276,1.714808,1.11,0.006376151,0.001081996,-0.6899862,0.006437301,-0.000372529,-0.01144223,1.223
2024_02_11_02_25_57_445,0.4,-0.4034852,205916.0,180185.0,8.414478,-10.82835,0.1360389,6.281576,0.009262854,1.689272,1.11,0.006434368,0.001100583,-0.6902955,0.01239777,0.004351139,-0.03827456,1.223
2024_02_11_02_25_57_479,0.4,-0.4036781,206022.0,180265.0,8.410623,-10.79069,0.1360391,6.281575,0.009263121,1.665794,1.11,0.006338386,0.001071979,-0.6906771,0.02121925,0.006020069,-0.04585739,1.223
2024_02_11_02_25_57_516,0.4,-0.4038795,206138.0,180352.0,8.407433,-10.74962,0.136039,6.281574,0.009263402,1.64023,1.11,0.006426181,0.00106914,-0.6910284,0.009536743,0.0007599592,-0.02296362,1.223
2024_02_11_02_25_57_549,0.4,-0.4040787,206241.0,180430.0,8.405474,-10.71294,0.136039,6.281574,0.009263446,1.617418,1.11,0.006430632,0.001132464,-0.691319,0.01561642,0.005960464,-0.02277642,1.223
2024_02_11_02_25_57_586,0.4,-0.4043298,206359.0,180520.0,8.40426,-10.67067,0.1360391,6.281573,0.009263499,1.591136,1.11,0.006408452,0.001176735,-0.6917441,0.02503395,0.005155801,-0.04962459,1.223
2024_02_11_02_25_57_623,0.4,-0.4045251,206475.0,180607.0,8.404145,-10.62949,0.1360393,6.281573,0.009263964,1.565532,1.11,0.006324858,0.00105768,-0.6921497,0.002384186,0.0009238719,-0.0306759,1.223
2024_02_11_02_25_57_661,0.4,-0.40478,206593.0,180697.0,8.405124,-10.58722,0.1360394,6.281572,0.009263912,1.539223,1.11,0.006355292,0.001160922,-0.6925017,0.007390975,0.002294779,-0.01559593,1.223
2024_02_11_02_25_57_698,0.4,-0.4049754,206709.0,180784.0,8.407146,-10.5461,0.1360393,6.281571,0.009264242,1.513593,1.11,0.006365942,0.001113907,-0.692866,0.0005960464,0.0001937151,-0.01532864,1.223
2024_02_11_02_25_57_732,0.4,-0.4051813,206815.0,180864.0,8.409929,-10.50838,0.1360394,6.281571,0.00926465,1.49003,1.11,0.006302305,0.001075995,-0.6932369,-0.000834465,-0.003397465,0.003833323,1.223
2024_02_11_02_25_57_770,0.4,-0.4054264,206930.0,180951.0,8.41397,-10.46741,0.1360395,6.28157,0.00926497,1.464373,1.11,0.006313669,0.00111847,-0.6935976,-0.02658367,-0.008553267,0.0189105,1.223
2024_02_11_02_25_57_807,0.4,-0.405624,207049.0,181040.0,8.419211,-10.42547,0.1360395,6.281569,0.009265008,1.43801,1.11,0.006523829,0.001164408,-0.6937549,0.0002384186,-0.0008046626,-3.818423e-05,1.223
2024_02_11_02_25_57_845,0.4,-0.4058798,207164.0,181127.0,8.425376,-10.38479,0.1360396,6.281569,0.009265311,1.412333,1.11,0.006399501,0.00117085,-0.6942421,-0.02479553,-0.007480382,0.04953518,1.223
2024_02_11_02_25_57_878,0.4,-0.4060759,207270.0,181207.0,8.431956,-10.34756,0.1360397,6.281568,0.009265775,1.388723,1.11,0.006501349,0.001050871,-0.6944834,0.02491474,0.007480382,-0.08385255,1.223
2024_02_11_02_25_57_916,0.4,-0.4062778,207386.0,181293.0,8.440117,-10.30723,0.1360397,6.281568,0.009265811,1.36302,1.11,0.006445656,0.001144888,-0.6948727,0.00667572,0.0006854534,-0.03430527,1.223
2024_02_11_02_25_57_949,0.4,-0.4064793,207489.0,181371.0,8.448266,-10.27146,0.1360399,6.281567,0.009265868,1.340083,1.11,0.006433176,0.00115158,-0.6952124,0.02086162,-0.0007748603,0.01127086,1.223
2024_02_11_02_25_57_986,0.4,-0.406727,207607.0,181460.0,8.458662,-10.23051,0.1360399,6.281566,0.009266172,1.313655,1.11,0.006475481,0.001161392,-0.695655,-0.03004074,-0.009298325,0.03425963,1.223
2024_02_11_02_25_58_025,0.4,-0.4069615,207723.0,181547.0,8.469822,-10.19093,0.1360399,6.281566,0.00926638,1.287911,1.11,0.006443357,0.001149673,-0.6958914,0.02884865,0.0009536743,-0.03049243,1.223
2024_02_11_02_25_58_061,0.4,-0.4071501,207841.0,181636.0,8.482338,-10.15059,0.13604,6.281565,0.009266619,1.261456,1.11,0.006398576,0.001183977,-0.6962733,-0.01001358,-0.004649162,0.04561338,1.223
2024_02_11_02_25_58_099,0.4,-0.4074035,207957.0,181722.0,8.495545,-10.11165,0.1360401,6.281564,0.009267016,1.23569,1.11,0.006409875,0.001150825,-0.6965872,-0.02062321,-0.002145767,-0.00760518,1.223
2024_02_11_02_25_58_136,0.4,-0.4075997,208075.0,181811.0,8.510144,-10.07203,0.13604,6.281564,0.009267431,1.209208,1.11,0.00646418,0.00110741,-0.6969473,0.01358986,-0.001013279,0.004185364,1.223
2024_02_11_02_25_58_174,0.4,-0.4078549,208191.0,181898.0,8.52536,-10.03384,0.1360402,6.281563,0.009267883,1.183414,1.11,0.006383359,0.00111697,-0.6973534,-0.01788139,-0.007748603,-0.02299715,1.223
2024_02_11_02_25_58_208,0.4,-0.4080557,208297.0,181978.0,8.540206,-9.999114,0.1360403,6.281562,0.009267912,1.159699,1.11,0.006439449,0.001133346,-0.6976914,-0.003099441,-0.00500679,0.03836676,1.223
2024_02_11_02_25_58_245,0.4,-0.4082531,208412.0,182065.0,8.557291,-9.961736,0.1360404,6.281562,0.009268031,1.133877,1.11,0.006384714,0.001094721,-0.6980534,-0.009775162,-0.006139278,0.04189554,1.223
2024_02_11_02_25_58_283,0.4,-0.4085049,208531.0,182154.0,8.575839,-9.923822,0.1360403,6.281561,0.009268165,1.107345,1.11,0.006396618,0.001151963,-0.6984495,-0.02920627,-0.01424551,0.06865431,1.223
2024_02_11_02_25_58_320,0.4,-0.4087035,208646.0,182240.0,8.594852,-9.887394,0.1360404,6.28156,0.009268219,1.081495,1.11,0.006484296,0.001211758,-0.6986592,-0.000834465,0.004410744,-0.06889552,1.223
2024_02_11_02_25_58_358,0.4,-0.4089526,208765.0,182329.0,8.615354,-9.850507,0.1360406,6.28156,0.009268765,1.054935,1.11,0.006452425,0.00107202,-0.699081,0.01323223,0.000745058,0.007614493,1.223
2024_02_11_02_25_58_390,0.4,-0.4091538,208868.0,182407.0,8.633945,-9.818933,0.1360406,6.281559,0.009268933,1.03186,1.11,0.006517473,0.001144339,-0.6994185,-0.0009536743,-0.004291534,0.00376068,1.223
2024_02_11_02_25_58_427,0.4,-0.4093498,208983.0,182493.0,8.655649,-9.784055,0.1360407,6.281559,0.00926914,1.005973,1.11,0.006512819,0.001160888,-0.6997588,-0.007271766,-0.0007152557,-0.04988536,1.223
2024_02_11_02_25_58_466,0.4,-0.4096027,209102.0,182583.0,8.678867,-9.748837,0.1360407,6.281558,0.009269414,0.9793716,1.11,0.006469156,0.001123901,-0.7001463,0.01883507,0.002652406,-0.03811717,1.223
2024_02_11_02_25_58_503,0.4,-0.4098041,209217.0,182669.0,8.70236,-9.715155,0.1360409,6.281557,0.009269561,0.9534585,1.11,0.00648799,0.001108828,-0.7004426,0.01955032,0.00205636,-0.02676248,1.223
2024_02_11_02_25_58_536,0.4,-0.41,209323.0,182749.0,8.724712,-9.684752,0.1360407,6.281557,0.009269631,0.929636,1.11,0.00651241,0.00117859,-0.7007925,-0.008821487,0.004976987,-0.09949411,1.223
2024_02_11_02_25_58_573,0.4,-0.4102499,209439.0,182836.0,8.749853,-9.652287,0.1360409,6.281556,0.009269853,0.9036979,1.11,0.006468741,0.001170239,-0.7011968,-0.00500679,-0.00616908,0.04966836,1.223
2024_02_11_02_25_58_611,0.4,-0.410449,209557.0,182925.0,8.776532,-9.619639,0.1360409,6.281555,0.009270096,0.8770444,1.11,0.006552422,0.001190066,-0.7014948,0.002622604,0.001847744,0.04213489,1.223
2024_02_11_02_25_58_649,0.4,-0.4106956,209673.0,183011.0,8.803338,-9.588546,0.136041,6.281555,0.009270544,0.8510797,1.11,0.006464493,0.001156907,-0.7018229,-0.001549721,0.0004768371,-0.01910329,1.223
2024_02_11_02_25_58_682,0.4,-0.4109038,209779.0,183091.0,8.828674,-9.5606,0.1360412,6.281554,0.009270615,0.8272119,1.11,0.006472921,0.001246558,-0.7021641,-0.01013279,-0.007510185,0.03426801,1.223
2024_02_11_02_25_58_719,0.4,-0.4111046,209894.0,183178.0,8.856987,-9.53089,0.1360412,6.281553,0.009270924,0.8012232,1.11,0.006544401,0.00120892,-0.7024964,-0.01776218,-0.005513429,0.01888908,1.223
2024_02_11_02_25_58_757,0.4,-0.4113497,210013.0,183267.0,8.886846,-9.501158,0.1360413,6.281553,0.009271511,0.7745181,1.11,0.006443099,0.001138094,-0.7028295,-0.02634525,-0.01016259,0.01512002,1.223
2024_02_11_02_25_58_791,0.4,-0.4115499,210116.0,183344.0,8.91342,-9.475993,0.1360414,6.281552,0.009271721,0.7513182,1.11,0.00649655,0.001158158,-0.7032061,-0.01168251,-0.00706315,0.04959106,1.223
2024_02_11_02_25_58_828,0.4,-0.4117501,210231.0,183431.0,8.943893,-9.448526,0.1360414,6.281552,0.009272041,0.7252927,1.11,0.006527278,0.001118778,-0.7034964,0.00846386,0.003874302,-0.08024368,1.223
2024_02_11_02_25_58_861,0.4,-0.4119489,210337.0,183511.0,8.972514,-9.423996,0.1360415,6.281551,0.00927224,0.7013637,1.11,0.00642882,0.001075945,-0.7039328,-0.0004768371,-0.005662441,0.01920201,1.223
2024_02_11_02_25_58_899,0.4,-0.4122046,210453.0,183597.0,9.004317,-9.39809,0.1360415,6.28155,0.009272293,0.6753122,1.11,0.006448721,0.001138771,-0.7043008,0.007987022,-0.004172325,0.01925416,1.223
2024_02_11_02_25_58_936,0.4,-0.4123985,210572.0,183686.0,9.037667,-9.372359,0.1360415,6.281549,0.009272336,0.6485431,1.11,0.006499465,0.001133396,-0.7046148,0.005960464,-0.0002682209,0.00761915,1.223
2024_02_11_02_25_58_973,0.4,-0.4126497,210687.0,183772.0,9.070786,-9.348174,0.1360416,6.281549,0.009272694,0.6224649,1.11,0.006546048,0.001145102,-0.7049145,-0.00834465,-0.003129244,0.02294779,1.223
2024_02_11_02_25_59_007,0.4,-0.4128491,210793.0,183851.0,9.101763,-9.326721,0.1360417,6.281549,0.009272841,0.5984901,1.11,0.00654626,0.001156148,-0.7052678,-0.02014637,-0.002712011,0.01499336,1.223
2024_02_11_02_25_59_044,0.4,-0.4130541,210908.0,183938.0,9.136041,-9.30423,0.1360418,6.281548,0.009273123,0.5723863,1.11,0.006527015,0.001171281,-0.70561,-0.007629394,-0.005483627,0.02287514,1.223
2024_02_11_02_25_59_083,0.4,-0.4133047,211027.0,184026.0,9.171844,-9.282072,0.1360418,6.281547,0.009273455,0.5455661,1.11,0.006509088,0.001185728,-0.7059905,-0.02813339,-0.009596348,0.03047101,1.223
2024_02_11_02_25_59_116,0.4,-0.4135118,211130.0,184103.0,9.203403,-9.263617,0.1360419,6.281547,0.009273664,0.5222635,1.11,0.006473851,0.001139951,-0.7063015,-0.03039837,-0.00834465,0.01883134,1.223
2024_02_11_02_25_59_149,0.4,-0.4137024,211233.0,184180.0,9.235381,-9.245905,0.1360418,6.281546,0.009273757,0.4989496,1.11,0.00650465,0.001146984,-0.7065937,0.01895428,0.002354383,0.004159287,1.223
2024_02_11_02_25_59_186,0.4,-0.4138991,211352.0,184268.0,9.2727,-9.226439,0.1360419,6.281546,0.009274085,0.4720906,1.11,0.006568281,0.001136927,-0.7069886,-0.00655651,0.0003278255,-0.0458993,1.223
2024_02_11_02_25_59_224,0.4,-0.4141562,211467.0,184355.0,9.309525,-9.20846,0.136042,6.281545,0.009274374,0.4459261,1.11,0.006530577,0.001155228,-0.7073954,-0.007271766,-0.007212162,0.01156051,1.223
2024_02_11_02_25_59_261,0.4,-0.4143499,211586.0,184443.0,9.347815,-9.191004,0.136042,6.281544,0.0092746,0.4190409,1.11,0.006549255,0.001168778,-0.7076123,-0.007748603,-0.00411272,0.06518885,1.223
2024_02_11_02_25_59_299,0.4,-0.4145995,211701.0,184529.0,9.385529,-9.175004,0.1360421,6.281543,0.009274741,0.3928514,1.11,0.00655979,0.001206808,-0.7079931,-0.02348423,-0.006377697,0.02669822,1.223
2024_02_11_02_25_59_336,0.4,-0.4147989,211820.0,184618.0,9.424683,-9.159611,0.1360422,6.281543,0.009274989,0.3659396,1.11,0.006540867,0.001188095,-0.7083858,0.0007152557,-0.003486871,0.01535192,1.223
2024_02_11_02_25_59_370,0.4,-0.4150022,211923.0,184695.0,9.459005,-9.147102,0.1360423,6.281542,0.009275091,0.3425565,1.11,0.006571248,0.001233273,-0.7087077,0.005125999,-0.003546476,0.01916662,1.223
2024_02_11_02_25_59_403,0.4,-0.4152304,212025.0,184771.0,9.493607,-9.135402,0.1360423,6.281542,0.009275322,0.3191634,1.11,0.006542608,0.001175234,-0.7089458,0.0218153,0.0008940696,-0.01526344,1.223
2024_02_11_02_25_59_440,0.4,-0.4154302,212144.0,184860.0,9.533775,-9.122935,0.1360423,6.281541,0.009275316,0.2922127,1.11,0.006531392,0.001260186,-0.7093441,0.004768372,-0.002160668,0.04955474,1.223
2024_02_11_02_25_59_478,0.4,-0.415678,212259.0,184946.0,9.573188,-9.111841,0.1360425,6.28154,0.009275946,0.2659577,1.11,0.006616478,0.001159952,-0.7097292,-0.005841255,-0.002816319,-0.003679655,1.223
2024_02_11_02_25_59_515,0.4,-0.4158734,212378.0,185035.0,9.613952,-9.101531,0.1360426,6.28154,0.009276248,0.2389804,1.11,0.006539844,0.001135574,-0.7100998,0.005602836,-0.002935529,-0.01530629,1.223
2024_02_11_02_25_59_553,0.4,-0.416125,212493.0,185121.0,9.653893,-9.092556,0.1360426,6.281539,0.009276439,0.2127008,1.11,0.006601435,0.00113893,-0.7103835,0.01144409,0.003278255,-0.04194118,1.223
2024_02_11_02_25_59_586,0.4,-0.4163232,212599.0,185200.0,9.690782,-9.085237,0.1360427,6.281538,0.009276549,0.1885401,1.11,0.006568534,0.001160421,-0.7106977,0.009775162,-0.002235174,0.01521781,1.223
2024_02_11_02_25_59_619,0.4,-0.416528,212702.0,185277.0,9.726746,-9.078986,0.1360427,6.281538,0.009276797,0.1650808,1.11,0.006612329,0.001178213,-0.7109399,0.02610683,0.003129244,-0.03033504,1.223
2024_02_11_02_25_59_657,0.4,-0.4167244,212818.0,185363.0,9.767219,-9.072987,0.1360428,6.281538,0.009277172,0.1387661,1.11,0.006595735,0.001196244,-0.7113463,-0.01037121,-0.003263354,0.03830064,1.223
2024_02_11_02_25_59_690,0.4,-0.4169274,212924.0,185442.0,9.804541,-9.068416,0.1360429,6.281537,0.009277331,0.114574,1.11,0.006630701,0.001133459,-0.7115859,0.03373623,0.009849667,-0.04559103,1.223
2024_02_11_02_25_59_727,0.4,-0.4171765,213039.0,185528.0,9.845258,-9.064467,0.136043,6.281536,0.009277734,0.08823532,1.11,0.006599933,0.001154636,-0.7120733,0.006914138,-0.002801418,-0.01511909,1.223
2024_02_11_02_25_59_765,0.4,-0.4173735,213157.0,185617.0,9.887171,-9.061533,0.1360431,6.281536,0.009277798,0.06117121,1.11,0.006555617,0.001173152,-0.7124653,0.0115633,-0.001013279,0.01904648,1.223
2024_02_11_02_25_59_803,0.4,-0.417625,213272.0,185703.0,9.928038,-9.059767,0.1360431,6.281535,0.009277852,0.03480432,1.11,0.006570074,0.001241565,-0.7127266,-0.02241134,-0.007227063,0.02279877,1.223
2024_02_11_02_25_59_840,0.4,-0.4178236,213391.0,185792.0,9.970036,-9.059075,0.1360432,6.281534,0.009278285,0.007710916,1.11,0.006592786,0.001160134,-0.713118,-0.00500679,-0.00347197,4.749745e-05,1.223
2024_02_11_02_25_59_877,0.4,-0.4180767,213506.0,185878.0,10.01093,-9.059494,0.1360432,6.281534,0.009278554,6.264503,1.11,0.006625794,0.001139647,-0.7134643,0.009536743,0.0009089708,-0.01514703,1.223
2024_02_11_02_25_59_915,0.4,-0.4182784,213624.0,185966.0,10.05289,-9.061048,0.1360433,6.281533,0.009278608,6.237384,1.11,0.006562635,0.001255682,-0.7138119,-0.03743172,-0.01321733,0.0801105,1.223
2024_02_11_02_25_59_953,0.4,-0.4185246,213739.0,186052.0,10.09369,-9.063654,0.1360434,6.281532,0.009279037,6.210965,1.11,0.006612327,0.001172558,-0.714204,0.01311302,-0.0004768371,-0.03430434,1.223
2024_02_11_02_25_59_990,0.4,-0.4187235,213857.0,186141.0,10.13551,-9.067451,0.1360433,6.281532,0.009279069,6.183818,1.1,0.006616829,0.00124228,-0.714499,-0.02729893,-0.008553267,0.0764681,1.223
2024_02_11_02_26_00_028,0.4,-0.4189787,213972.0,186227.0,10.1761,-9.072238,0.1360435,6.281531,0.009279642,6.157374,1.1,0.006561529,0.001169549,-0.7148914,-0.02753734,-0.01241267,0.04583224,1.223
2024_02_11_02_26_00_066,0.4,-0.4191797,214090.0,186315.0,10.21765,-9.078268,0.1360435,6.28153,0.00927968,6.1302,1.1,0.006637285,0.001165082,-0.715219,0.005125999,0.002846122,0.007498078,1.223
2024_02_11_02_26_00_103,0.4,-0.4194252,214205.0,186401.0,10.25792,-9.085219,0.1360436,6.28153,0.009279924,6.10373,1.1,0.006597762,0.001223748,-0.7155833,-0.005722045,-0.003397465,-0.01520943,1.223
2024_02_11_02_26_00_140,0.4,-0.4196297,214323.0,186489.0,10.29906,-9.093468,0.1360436,6.281529,0.009280299,6.076532,1.1,0.006582296,0.001178416,-0.7158712,-0.01204014,-0.009194016,0.09959004,1.223
2024_02_11_02_26_00_177,0.4,-0.4198768,214438.0,186574.0,10.33889,-9.10257,0.1360437,6.281529,0.009280596,6.050037,1.1,0.006581347,0.001156288,-0.7162327,0.01490116,-0.0001192093,-0.007439404,1.223
2024_02_11_02_26_00_215,0.4,-0.4200684,214556.0,186662.0,10.37952,-9.113012,0.1360438,6.281528,0.009280651,6.022814,1.1,0.006638472,0.001249568,-0.7165208,0.02074241,0.002235174,-0.04196539,1.223
2024_02_11_02_26_00_252,0.4,-0.4203276,214671.0,186748.0,10.41879,-9.124239,0.136044,6.281528,0.009281049,5.996295,1.1,0.006627192,0.001172144,-0.7168838,0.003933907,0.001132488,-0.02296176,1.223
2024_02_11_02_26_00_290,0.4,-0.4205228,214789.0,186836.0,10.4588,-9.136849,0.1360439,6.281527,0.009281112,5.969045,1.1,0.00667739,0.001205463,-0.7172498,0.01239777,0.004380941,-0.04594586,1.223
2024_02_11_02_26_00_328,0.4,-0.4207739,214904.0,186922.0,10.4974,-9.150168,0.136044,6.281527,0.009281489,5.942498,1.1,0.006648596,0.001160383,-0.7176632,0.0001192093,0.0004768371,-0.03857352,1.223
2024_02_11_02_26_00_366,0.4,-0.4209729,215022.0,187010.0,10.53665,-9.164906,0.136044,6.281526,0.009281782,5.91522,1.1,0.006660379,0.001159981,-0.7179719,0.02229214,0.003486871,-0.02664514,1.223
2024_02_11_02_26_00_399,0.4,-0.4211746,215124.0,187086.0,10.57041,-9.178568,0.1360441,6.281525,0.009281771,5.891521,1.1,0.006658165,0.001220831,-0.7183283,-0.02026558,-0.005424022,0.04570651,1.223
2024_02_11_02_26_00_436,0.4,-0.4214281,215242.0,187174.0,10.60886,-9.195284,0.1360442,6.281525,0.009282054,5.864216,1.1,0.006667634,0.001178932,-0.7186946,-0.007867813,-0.007122755,0.0228621,1.223
2024_02_11_02_26_00_474,0.4,-0.4216274,215357.0,187260.0,10.64584,-9.212562,0.1360443,6.281524,0.009282237,5.837617,1.1,0.006649226,0.001198304,-0.7190483,-0.002622604,-0.002354383,0.0190353,1.223
2024_02_11_02_26_00_511,0.4,-0.4218831,215472.0,187345.0,10.68235,-9.230816,0.1360443,6.281523,0.009282516,5.811005,1.1,0.006591956,0.001191008,-0.7194498,-0.002503395,-0.008642673,0.04204735,1.223
2024_02_11_02_26_00_548,0.4,-0.4220755,215590.0,187433.0,10.71932,-9.250564,0.1360444,6.281523,0.009282718,5.783659,1.1,0.006684412,0.001206287,-0.7197241,-0.02813339,-0.005602836,0.04556588,1.223
2024_02_11_02_26_00_586,0.4,-0.4223238,215705.0,187519.0,10.75478,-9.270759,0.1360444,6.281522,0.009282812,5.757019,1.1,0.006662067,0.001264502,-0.7201313,0.002026558,-0.0009238719,0.01140125,1.223
2024_02_11_02_26_00_623,0.4,-0.4225253,215823.0,187607.0,10.79062,-9.292468,0.1360446,6.281521,0.009283407,5.72965,1.1,0.00666356,0.001156169,-0.7204499,0.005722045,-0.002741813,-0.01140218,1.223
2024_02_11_02_26_00_661,0.4,-0.422773,215938.0,187692.0,10.82492,-9.314539,0.1360445,6.281521,0.009283747,5.70299,1.1,0.006670285,0.001199512,-0.7208165,-0.04541874,-0.0115633,0.06490946,1.223
2024_02_11_02_26_00_695,0.4,-0.4229742,216043.0,187771.0,10.85591,-9.335618,0.1360447,6.28152,0.009283943,5.67848,1.1,0.006642253,0.001168368,-0.7210827,0.005245208,0.001817942,-0.0688266,1.223
2024_02_11_02_26_00_731,0.4,-0.4231733,216158.0,187857.0,10.88903,-9.359411,0.1360447,6.281519,0.009284236,5.651794,1.1,0.006653035,0.001168141,-0.7215157,0.009417534,-0.004529953,0.01544505,1.223
2024_02_11_02_26_00_765,0.4,-0.4233778,216264.0,187935.0,10.9189,-9.382046,0.1360447,6.281519,0.0092842,5.627259,1.1,0.00672165,0.001245744,-0.7217417,-0.0005960464,0.00217557,-0.007672235,1.223
2024_02_11_02_26_00_803,0.4,-0.4236253,216379.0,188021.0,10.95076,-9.407497,0.1360449,6.281518,0.009284432,5.600548,1.1,0.006675776,0.001248755,-0.7220618,-0.01347065,-0.003665685,0.02662558,1.223
2024_02_11_02_26_00_836,0.4,-0.4238234,216481.0,188097.0,10.97859,-9.430905,0.1360449,6.281518,0.009284832,5.576712,1.1,0.006642377,0.00118924,-0.7224528,0.004649162,-0.002264977,-0.03817957,1.223
2024_02_11_02_26_00_870,0.4,-0.4240267,216587.0,188176.0,11.00666,-9.455709,0.1360449,6.281518,0.00928505,5.552145,1.1,0.00664788,0.001218924,-0.7227439,-0.007271766,-0.006079673,0.02679601,1.223
2024_02_11_02_26_00_907,0.4,-0.4242283,216702.0,188262.0,11.03651,-9.48347,0.1360451,6.281517,0.00928535,5.525402,1.1,0.006641572,0.001196789,-0.7230021,-0.010252,-0.005304813,0.007452443,1.223
2024_02_11_02_26_00_945,0.4,-0.4244759,216820.0,188350.0,11.06638,-9.512803,0.1360452,6.281516,0.009285511,5.49792,1.1,0.006672556,0.001207369,-0.7233526,0.0001192093,-0.001341104,-0.007646158,1.223
2024_02_11_02_26_00_978,0.4,-0.4246747,216922.0,188426.0,11.09164,-9.538927,0.1360451,6.281516,0.009285708,5.474043,1.1,0.006677794,0.00125636,-0.7237231,-0.002980232,-0.002980232,0.004014932,1.223
2024_02_11_02_26_01_016,0.4,-0.424878,217040.0,188514.0,11.11996,-9.569743,0.1360452,6.281515,0.009285749,5.446533,1.1,0.006724754,0.001213666,-0.7241101,0.005245208,-0.002205372,0.01142826,1.223
2024_02_11_02_26_01_053,0.4,-0.4251251,217155.0,188600.0,11.1467,-9.600484,0.1360452,6.281515,0.009285893,5.419731,1.1,0.006656574,0.001210451,-0.724488,0.009775162,-0.003218651,0.007621943,1.223
2024_02_11_02_26_01_090,0.4,-0.4253272,217273.0,188688.0,11.1733,-9.632789,0.1360452,6.281514,0.009286125,5.392191,1.1,0.006762362,0.001236528,-0.7248092,-0.01358986,0.003218651,0.003999099,1.223
2024_02_11_02_26_01_124,0.4,-0.4255266,217376.0,188764.0,11.19566,-9.661421,0.1360453,6.281513,0.009286367,5.368265,1.1,0.006717552,0.001200644,-0.7251545,-0.02539158,-0.004827976,0.03814418,1.223
2024_02_11_02_26_01_157,0.4,-0.4257247,217478.0,188840.0,11.21733,-9.690578,0.1360455,6.281513,0.009286597,5.344328,1.1,0.006741513,0.001194382,-0.7255044,-0.01561642,-0.006943941,0.03431737,1.223
2024_02_11_02_26_01_195,0.4,-0.4259703,217596.0,188928.0,11.2414,-9.724782,0.1360455,6.281512,0.00928677,5.316751,1.1,0.006755333,0.001252082,-0.7257537,-0.02813339,-0.006616115,0.01509394,1.223
2024_02_11_02_26_01_232,0.4,-0.4261768,217711.0,189013.0,11.26392,-9.758708,0.1360456,6.281511,0.009287129,5.289889,1.1,0.006760222,0.00122913,-0.7261242,0.00989437,0.0002384186,-0.04581827,1.223
2024_02_11_02_26_01_270,0.4,-0.4264218,217829.0,189100.0,11.2861,-9.794163,0.1360456,6.281511,0.009287368,5.262287,1.1,0.006724593,0.001232162,-0.7264896,0.01120567,0.001847744,-0.02660509,1.223
2024_02_11_02_26_01_303,0.4,-0.4266243,217932.0,189176.0,11.30455,-9.825436,0.1360457,6.28151,0.009287575,5.238307,1.1,0.006672056,0.001214641,-0.7268294,0.006198883,-0.004589558,0.02680626,1.223
2024_02_11_02_26_01_340,0.4,-0.4268249,218050.0,189264.0,11.32486,-9.861978,0.1360458,6.281509,0.009287959,5.210683,1.1,0.006779493,0.001206369,-0.7271222,-0.00655651,-0.002712011,0.01914427,1.223
2024_02_11_02_26_01_378,0.4,-0.4270748,218165.0,189349.0,11.34366,-9.898082,0.1360458,6.281509,0.009288176,5.183773,1.1,0.006718716,0.001258241,-0.7274792,-0.01740456,-0.007301569,-7.543713e-05,1.223
2024_02_11_02_26_01_416,0.4,-0.4272734,218283.0,189436.0,11.36193,-9.935668,0.1360458,6.281508,0.009288489,5.156124,1.1,0.006729765,0.001288645,-0.7278403,-0.002861023,8.940696e-05,0.004044734,1.223
2024_02_11_02_26_01_452,0.4,-0.4275238,218397.0,189521.0,11.37873,-9.972737,0.136046,6.281507,0.009288562,5.129186,1.1,0.006776639,0.001223529,-0.7282339,-0.02372265,-0.003248453,-0.01556054,1.223
2024_02_11_02_26_01_490,0.4,-0.4277226,218515.0,189609.0,11.39494,-10.01126,0.136046,6.281507,0.009288769,5.101507,1.1,0.00670413,0.001265575,-0.7286497,-0.02300739,-0.0051409,0.04944298,1.223
2024_02_11_02_26_01_524,0.4,-0.4279277,218618.0,189685.0,11.40813,-10.04506,0.1360461,6.281507,0.009289023,5.077456,1.1,0.006786798,0.001188467,-0.7288818,0.03540516,0.01229346,-0.06859377,1.223
2024_02_11_02_26_01_561,0.4,-0.4281695,218733.0,189770.0,11.42196,-10.08332,0.1360462,6.281506,0.009289174,5.050479,1.1,0.006677899,0.001204533,-0.7293388,0.008583069,0.002220273,-0.003867782,1.223
2024_02_11_02_26_01_595,0.4,-0.4283744,218838.0,189848.0,11.43375,-10.11879,0.1360463,6.281505,0.009289598,5.025681,1.1,0.006762215,0.001224585,-0.7295471,-0.01096725,-0.004351139,0.02293382,1.223
2024_02_11_02_26_01_632,0.4,-0.4285757,218953.0,189933.0,11.44557,-10.1577,0.1360463,6.281505,0.009289797,4.998681,1.1,0.006744487,0.001243115,-0.7299099,-0.03778934,-0.007361173,0.03810041,1.223
2024_02_11_02_26_01_666,0.4,-0.4287781,219059.0,190011.0,11.45551,-10.19372,0.1360463,6.281504,0.009290121,4.973859,1.1,0.006750146,0.001191055,-0.7302133,-0.005245208,-0.002220273,0.03078114,1.223
2024_02_11_02_26_01_703,0.4,-0.4290244,219174.0,190096.0,11.4653,-10.23319,0.1360464,6.281504,0.009290328,4.946832,1.1,0.006778963,0.001177711,-0.7305183,-0.02336502,-0.005587935,0.04565622,1.223
2024_02_11_02_26_01_740,0.4,-0.4292221,219292.0,190184.0,11.47424,-10.27398,0.1360465,6.281503,0.009290544,4.919063,1.1,0.006748939,0.001189176,-0.7308869,-0.01835823,-0.001102686,0.01902599,1.223
2024_02_11_02_26_01_778,0.4,-0.4294781,219407.0,190269.0,11.48185,-10.31391,0.1360466,6.281502,0.009290557,4.892013,1.1,0.006844888,0.001275028,-0.7312344,0.01430511,0.00500679,-0.04601199,1.223
2024_02_11_02_26_01_815,0.4,-0.4296736,219522.0,190354.0,11.48838,-10.35403,0.1360467,6.281502,0.009290879,4.864947,1.1,0.006753001,0.001288234,-0.7316148,0.0,-0.003397465,0.003771856,1.223
2024_02_11_02_26_01_848,0.4,-0.4298704,219627.0,190432.0,11.49342,-10.39103,0.1360467,6.281501,0.009291035,4.840067,1.1,0.006833051,0.001280804,-0.731815,0.01859665,0.001698732,-0.0153305,1.223
2024_02_11_02_26_01_881,0.4,-0.4300754,219730.0,190508.0,11.49743,-10.42706,0.1360467,6.281501,0.009291184,4.815911,1.1,0.006815003,0.001323699,-0.7322035,-0.010252,-0.0009834766,-0.007846393,1.223
2024_02_11_02_26_01_919,0.4,-0.4303282,219848.0,190595.0,11.50096,-10.46864,0.1360468,6.2815,0.009291776,4.78808,1.1,0.006722239,0.001211737,-0.7326673,0.01716614,0.00308454,-0.02291053,1.223
2024_02_11_02_26_01_953,0.4,-0.4305255,219950.0,190671.0,11.50308,-10.50482,0.1360468,6.2815,0.009292006,4.763901,1.1,0.006763166,0.001218479,-0.7329336,-0.003933907,-0.002473593,0.02672244,1.223
2024_02_11_02_26_01_986,0.4,-0.4307275,220053.0,190747.0,11.50434,-10.54103,0.1360468,6.281499,0.009292056,4.73971,1.1,0.006806369,0.001299129,-0.7332208,0.01752377,0.003710389,-0.06493274,1.223
2024_02_11_02_26_02_023,0.4,-0.4309282,220171.0,190834.0,11.5047,-10.58274,0.1360469,6.281498,0.009292302,4.711841,1.1,0.006773721,0.001269558,-0.7335471,-0.03874302,-0.004976987,0.03042631,1.223
2024_02_11_02_26_02_061,0.4,-0.4311255,220286.0,190920.0,11.50392,-10.62335,0.1360471,6.281498,0.009292797,4.684693,1.1,0.006745198,0.001196716,-0.7338884,-0.01502037,-0.006958842,0.01915172,1.223
2024_02_11_02_26_02_100,0.4,-0.4313515,220404.0,191007.0,11.50199,-10.66502,0.1360471,6.281497,0.00929292,4.656799,1.1,0.006761342,0.001264055,-0.7342651,-0.01275539,-0.002205372,-0.02313778,1.223
2024_02_11_02_26_02_137,0.4,-0.4316253,220518.0,191092.0,11.49898,-10.70551,0.1360472,6.281497,0.009293301,4.62963,1.1,0.006767853,0.001253369,-0.7345133,-0.01144409,-0.003248453,0.02311449,1.223
2024_02_11_02_26_02_169,0.4,-0.4318211,220624.0,191170.0,11.49526,-10.74263,0.1360473,6.281496,0.009293472,4.604647,1.1,0.006788719,0.001253107,-0.7348912,-0.003933907,-0.0005364418,-0.02304371,1.223
2024_02_11_02_26_02_207,0.4,-0.4320245,220739.0,191255.0,11.49015,-10.78291,0.1360473,6.281496,0.009293532,4.577446,1.1,0.006865744,0.001281332,-0.7352186,0.0295639,0.008285046,-0.09916722,1.223
2024_02_11_02_26_02_245,0.4,-0.432273,220857.0,191343.0,11.48377,-10.82411,0.1360473,6.281495,0.009293674,4.549495,1.1,0.006833111,0.001258116,-0.7356485,0.01299381,0.003218651,-0.04197005,1.223
2024_02_11_02_26_02_278,0.4,-0.4324744,220959.0,191419.0,11.4773,-10.85972,0.1360474,6.281494,0.009293939,4.525214,1.1,0.006857038,0.001242926,-0.735938,0.009536743,-0.003963709,-0.007814728,1.223
2024_02_11_02_26_02_315,0.4,-0.4326726,221074.0,191503.0,11.46902,-10.89945,0.1360476,6.281494,0.009294282,4.497975,1.1,0.006818214,0.001210256,-0.7362446,0.003814697,0.002235174,-0.003780238,1.223
2024_02_11_02_26_02_352,0.4,-0.4329263,221192.0,191590.0,11.45939,-10.94,0.1360475,6.281493,0.009294416,4.469986,1.1,0.006819922,0.001273846,-0.7366175,-0.01704693,-0.0008940696,-0.01521036,1.223
2024_02_11_02_26_02_390,0.4,-0.4331221,221307.0,191675.0,11.44892,-10.9792,0.1360476,6.281493,0.009294931,4.442725,1.1,0.006886845,0.001249989,-0.7368478,0.002861023,0.001728535,-0.0188835,1.223
2024_02_11_02_26_02_428,0.4,-0.4333774,221425.0,191762.0,11.43707,-11.01915,0.1360478,6.281492,0.00929534,4.414715,1.1,0.006862399,0.001213445,-0.7371963,0.005960464,-0.001788139,0.007959083,1.223
2024_02_11_02_26_02_465,0.4,-0.4335722,221540.0,191846.0,11.42446,-11.0577,0.1360479,6.281491,0.009295519,4.38743,1.1,0.006904545,0.001249405,-0.7374844,0.004529953,0.002235174,-0.0495864,1.223
2024_02_11_02_26_02_498,0.4,-0.43378,221646.0,191924.0,11.41195,-11.09281,0.1360479,6.281491,0.009295721,4.362345,1.1,0.006820035,0.001254674,-0.737912,0.01692772,-0.001370907,-0.02291333,1.223
2024_02_11_02_26_02_536,0.4,-0.4340214,221761.0,192009.0,11.39734,-11.13064,0.1360479,6.28149,0.00929585,4.335034,1.1,0.006834853,0.001244227,-0.7382414,0.009775162,-0.0002384186,0.007610768,1.223
2024_02_11_02_26_02_569,0.4,-0.434226,221866.0,192086.0,11.383,-11.16504,0.1360479,6.281489,0.009296069,4.30993,1.1,0.006823534,0.001297654,-0.7386682,-0.002741813,-0.004768372,-0.03075693,1.223
2024_02_11_02_26_02_606,0.4,-0.4344256,221981.0,192171.0,11.36644,-11.20204,0.1360481,6.281489,0.009296283,4.282594,1.1,0.006841037,0.001250853,-0.7388654,-0.01394749,-0.006198883,0.03041979,1.223
2024_02_11_02_26_02_640,0.4,-0.4346271,222084.0,192246.0,11.35081,-11.23465,0.1360481,6.281488,0.009296528,4.258205,1.1,0.006836897,0.001235459,-0.7391658,-0.01990795,-0.002264977,0.04574749,1.223
2024_02_11_02_26_02_678,0.4,-0.4348778,222202.0,192333.0,11.33185,-11.27171,0.1360482,6.281488,0.009296842,4.23011,1.1,0.006903294,0.001247142,-0.739464,0.01084804,0.002920627,-0.04188716,1.223
2024_02_11_02_26_02_710,0.4,-0.435068,222304.0,192409.0,11.31453,-11.30345,0.1360483,6.281487,0.009296954,4.205699,1.1,0.006889523,0.001244036,-0.7398263,0.01847744,0.005364418,-0.04963949,1.223
2024_02_11_02_26_02_748,0.4,-0.4352704,222422.0,192495.0,11.29365,-11.33945,0.1360484,6.281487,0.009297166,4.177578,1.1,0.00684652,0.001295288,-0.7401365,0.006914138,-0.0003576278,0.003719702,1.223
2024_02_11_02_26_02_786,0.4,-0.4355261,222537.0,192580.0,11.27236,-11.37392,0.1360484,6.281487,0.00929742,4.15018,1.1,0.006888379,0.00124425,-0.7405774,-0.004768372,-0.001132488,-0.03462005,1.223
2024_02_11_02_26_02_823,0.4,-0.4357247,222655.0,192667.0,11.24952,-11.4087,0.1360483,6.281486,0.00929769,4.122027,1.09,0.006875501,0.001260869,-0.7409995,0.001788139,0.001549721,-0.03826246,1.223
2024_02_11_02_26_02_856,0.4,-0.4359261,222758.0,192742.0,11.2289,-11.43837,0.1360486,6.281485,0.00929798,4.097569,1.09,0.006881256,0.001210956,-0.7412674,0.01561642,-0.001072884,-0.030539,1.223
2024_02_11_02_26_02_894,0.4,-0.4361728,222876.0,192829.0,11.20427,-11.4719,0.1360485,6.281485,0.009298177,4.069393,1.09,0.006878665,0.001274264,-0.7415954,0.005841255,0.002861023,-0.03804266,1.223
2024_02_11_02_26_02_927,0.4,-0.4363759,222978.0,192904.0,11.18212,-11.50044,0.1360487,6.281484,0.009298269,4.044914,1.09,0.006862787,0.001263344,-0.7418398,-0.01323223,-0.003278255,0.04567485,1.223
2024_02_11_02_26_02_965,0.4,-0.4365689,223093.0,192989.0,11.15647,-11.53177,0.1360487,6.281483,0.009298535,4.017455,1.09,0.006947233,0.001277025,-0.7421784,0.02908706,0.006973743,-0.06098579,1.223
2024_02_11_02_26_03_002,0.4,-0.4368256,223211.0,193076.0,11.12924,-11.56321,0.1360487,6.281483,0.009298796,3.989241,1.09,0.006990107,0.001293408,-0.7425836,-0.007152557,-0.001072884,-0.01141522,1.223
2024_02_11_02_26_03_036,0.4,-0.4370236,223313.0,193151.0,11.10489,-11.58987,0.1360487,6.281482,0.009299083,3.96473,1.09,0.006920254,0.001285059,-0.7427849,0.006318092,0.0005364418,-0.01107901,1.223
2024_02_11_02_26_03_074,0.4,-0.4372267,223431.0,193238.0,11.07605,-11.61982,0.1360488,6.281482,0.009299447,3.936493,1.09,0.006884897,0.001251116,-0.743216,-0.03492832,-0.00667572,0.04575029,1.223
2024_02_11_02_26_03_111,0.4,-0.4374738,223546.0,193323.0,11.04716,-11.64818,0.1360489,6.281481,0.009299503,3.908983,1.09,0.006910959,0.001215729,-0.7436475,0.01132488,0.002205372,-0.04214607,1.223
2024_02_11_02_26_03_148,0.4,-0.4376779,223664.0,193409.0,11.0167,-11.67647,0.136049,6.28148,0.009299817,3.880716,1.09,0.00690248,0.001241368,-0.7439575,-0.01180172,-0.003814697,0.01909584,1.223
2024_02_11_02_26_03_182,0.4,-0.4378777,223767.0,193485.0,10.98962,-11.70033,0.1360491,6.28148,0.00929991,3.856158,1.09,0.006955156,0.001252024,-0.7442588,0.0166893,0.005543231,-0.06115157,1.223
2024_02_11_02_26_03_219,0.4,-0.4381244,223882.0,193569.0,10.95856,-11.72628,0.1360491,6.281479,0.009300151,3.828611,1.09,0.006915636,0.001294942,-0.7446441,-0.02002716,-0.002801418,-0.01560431,1.223
2024_02_11_02_26_03_252,0.4,-0.4383263,223987.0,193647.0,10.92941,-11.74935,0.1360492,6.281479,0.009300455,3.803287,1.09,0.006893843,0.001271692,-0.7449787,-0.009417534,-0.003695488,-0.02692081,1.223
2024_02_11_02_26_03_289,0.4,-0.4385275,224102.0,193732.0,10.89704,-11.77361,0.1360493,6.281478,0.009300532,3.775714,1.09,0.006908779,0.00122407,-0.7453324,0.03242493,0.008940697,-0.09171291,1.223
2024_02_11_02_26_03_327,0.4,-0.4387753,224220.0,193818.0,10.86311,-11.79759,0.1360493,6.281477,0.009300804,3.747385,1.09,0.006867587,0.001301882,-0.7456151,-0.01561642,-0.01052022,0.07645227,1.223
2024_02_11_02_26_03_365,0.4,-0.438971,224335.0,193903.0,10.82944,-11.82,0.1360494,6.281477,0.009301282,3.719791,1.09,0.006891713,0.001255384,-0.7459493,0.01502037,-0.0012815,0.023067,1.223
2024_02_11_02_26_03_399,0.4,-0.439173,224441.0,193980.0,10.79798,-11.83976,0.1360494,6.281476,0.009301546,3.694425,1.09,0.006909519,0.00128894,-0.7462101,-0.02789497,-0.004947185,0.03049988,1.223
2024_02_11_02_26_03_436,0.4,-0.4394205,224556.0,194065.0,10.76318,-11.86036,0.1360495,6.281476,0.00930168,3.666803,1.09,0.006936692,0.001298402,-0.7465652,-0.01382828,-0.002592802,-0.003948808,1.223
2024_02_11_02_26_03_474,0.4,-0.43962,224674.0,194151.0,10.72686,-11.88049,0.1360497,6.281476,0.00930196,3.638426,1.09,0.006921199,0.001286988,-0.7468742,-0.0180006,-0.005662441,0.04568509,1.223
2024_02_11_02_26_03_510,0.4,-0.4398727,224788.0,194235.0,10.69098,-11.8991,0.1360496,6.281475,0.009302269,3.610783,1.09,0.006903928,0.001285505,-0.7472578,-0.01549721,-0.004023314,-0.007723458,1.223
2024_02_11_02_26_03_549,0.4,-0.4400733,224906.0,194321.0,10.6536,-11.91716,0.1360497,6.281474,0.009302427,3.58238,1.09,0.006881283,0.001311977,-0.7476149,-0.007987022,-0.001817942,-0.01162104,1.223
2024_02_11_02_26_03_586,0.4,-0.44032,225021.0,194405.0,10.61673,-11.93372,0.1360498,6.281474,0.009302715,3.554712,1.09,0.00694336,0.001324262,-0.7479618,-0.02777576,-0.007241964,0.01520011,1.223
2024_02_11_02_26_03_619,0.4,-0.4405214,225124.0,194480.0,10.58348,-11.94763,0.1360499,6.281473,0.009303039,3.530025,1.09,0.006935704,0.001300872,-0.7482565,-0.003099441,0.0009536743,-0.04986859,1.223
2024_02_11_02_26_03_657,0.4,-0.4407531,225242.0,194567.0,10.54478,-11.96261,0.1360499,6.281473,0.009303231,3.501585,1.09,0.006928215,0.001278867,-0.7485887,-0.0269413,-0.002905726,-0.004044734,1.223
2024_02_11_02_26_03_694,0.4,-0.4409488,225357.0,194651.0,10.50671,-11.97614,0.13605,6.281472,0.009303436,3.473878,1.09,0.007016009,0.001256218,-0.7489345,0.01060963,0.002801418,0.01537707,1.223
2024_02_11_02_26_03_732,0.4,-0.4411984,225475.0,194737.0,10.46724,-11.98893,0.1360501,6.281471,0.00930356,3.445408,1.09,0.00696778,0.001313431,-0.7494058,0.007033348,0.001251697,-0.06504077,1.223
2024_02_11_02_26_03_769,0.4,-0.4414024,225590.0,194821.0,10.42848,-12.00029,0.1360501,6.281471,0.009303664,3.417674,1.09,0.006927754,0.0013101,-0.7497138,-0.01990795,-0.007271766,0.04185736,1.223
2024_02_11_02_26_03_807,0.4,-0.4416524,225708.0,194907.0,10.38836,-12.01084,0.1360503,6.28147,0.009303999,3.389177,1.09,0.006956484,0.001260466,-0.7500522,-0.0004768371,-0.003650784,0.034119,1.223
2024_02_11_02_26_03_840,0.4,-0.4418537,225810.0,194982.0,10.35329,-12.01907,0.1360502,6.281469,0.009304212,3.364418,1.09,0.006879736,0.001258242,-0.7504285,-0.005483627,-0.005081296,0.02676062,1.223
2024_02_11_02_26_03_877,0.4,-0.4420527,225928.0,195068.0,10.31269,-12.02746,0.1360504,6.281469,0.009304333,3.335896,1.09,0.006932729,0.001298919,-0.7507048,0.002741813,-0.002354383,-0.007835217,1.223
2024_02_11_02_26_03_915,0.4,-0.4423035,226043.0,195152.0,10.27293,-12.03452,0.1360505,6.281468,0.009304771,3.308112,1.09,0.006988585,0.001270815,-0.7509841,-0.006794929,-0.001192093,0.022755,1.223
2024_02_11_02_26_03_949,0.4,-0.4424981,226149.0,195230.0,10.23625,-12.04003,0.1360504,6.281468,0.009305001,3.282572,1.09,0.006993169,0.001333936,-0.7512851,-0.003457069,-5.960464e-05,-0.03075786,1.223
2024_02_11_02_26_03_985,0.4,-0.4426996,226264.0,195314.0,10.19619,-12.04496,0.1360505,6.281467,0.009305393,3.254765,1.09,0.006926689,0.001288205,-0.7517689,-0.005245208,-0.007420778,0.02686307,1.223
2024_02_11_02_26_04_024,0.4,-0.44295,226382.0,195400.0,10.15493,-12.04885,0.1360504,6.281467,0.009305443,3.226193,1.09,0.00698158,0.001388516,-0.7520108,-0.01597404,-0.007227063,0.04967767,1.223
2024_02_11_02_26_04_057,0.4,-0.4431484,226484.0,195475.0,10.11902,-12.05128,0.1360506,6.281466,0.009305634,3.201371,1.09,0.007030718,0.001360892,-0.7522694,-0.01680851,-0.003561377,0.01148414,1.223
2024_02_11_02_26_04_094,0.4,-0.4433502,226599.0,195559.0,10.0787,-12.05294,0.1360506,6.281466,0.009306022,3.173527,1.09,0.007016497,0.001333247,-0.7527161,0.0007152557,-0.0004023313,-0.01113489,1.223
2024_02_11_02_26_04_131,0.4,-0.4435998,226717.0,195645.0,10.03727,-12.05348,0.1360507,6.281465,0.009306152,3.144918,1.09,0.006924426,0.00139455,-0.7530255,-0.01728535,-0.01020729,0.05359109,1.223
2024_02_11_02_26_04_169,0.4,-0.4437953,226832.0,195729.0,9.996942,-12.05286,0.1360509,6.281465,0.009306229,3.117049,1.09,0.006999071,0.001363104,-0.7533554,-0.00667572,-0.0001341105,0.02658833,1.223
2024_02_11_02_26_04_203,0.4,-0.4439971,226937.0,195806.0,9.959908,-12.0513,0.1360509,6.281464,0.009306581,3.091427,1.09,0.006986739,0.001304469,-0.7536616,0.007152557,0.003278255,-0.01530163,1.223
2024_02_11_02_26_04_240,0.4,-0.4442497,227052.0,195890.0,9.919675,-12.04853,0.136051,6.281464,0.009306958,3.063534,1.09,0.007013902,0.00129848,-0.7540237,0.00333786,-0.0006258487,-0.01533423,1.223
2024_02_11_02_26_04_278,0.4,-0.4444482,227170.0,195977.0,9.878452,-12.04451,0.1360509,6.281463,0.009307276,3.034873,1.09,0.006983382,0.001332124,-0.7543267,-0.02980232,-0.007107853,0.05753152,1.223
2024_02_11_02_26_04_310,0.4,-0.4446497,227273.0,196051.0,9.842772,-12.04007,0.1360511,6.281462,0.009307522,3.009975,1.09,0.007006112,0.00128844,-0.7546352,-0.009059906,-0.005051493,0.007702969,1.223
2024_02_11_02_26_04_348,0.4,-0.4448963,227388.0,196135.0,9.80291,-12.03403,0.1360512,6.281462,0.009307638,2.982047,1.09,0.007042299,0.001325462,-0.7548477,0.02634525,0.005096197,-0.0611851,1.223
2024_02_11_02_26_04_386,0.4,-0.445098,227506.0,196222.0,9.762168,-12.02668,0.1360512,6.281461,0.00930802,2.953351,1.09,0.007040592,0.001370247,-0.7553054,-0.01502037,-0.008061528,0.04970934,1.223
2024_02_11_02_26_04_422,0.4,-0.4453483,227621.0,196306.0,9.722717,-12.0184,0.1360514,6.281461,0.009308378,2.925398,1.09,0.006996227,0.001271748,-0.7556304,0.0004768371,-0.004023314,0.007738359,1.223
2024_02_11_02_26_04_460,0.4,-0.4455472,227739.0,196392.0,9.682479,-12.00875,0.1360515,6.28146,0.009308654,2.896676,1.09,0.007055777,0.001267542,-0.7559157,-0.01215935,-0.001147389,0.01538452,1.223
2024_02_11_02_26_04_494,0.4,-0.4457465,227841.0,196467.0,9.647769,-11.99944,0.1360515,6.28146,0.00930885,2.871722,1.09,0.007078743,0.00127081,-0.7562934,0.04959106,0.007510185,-0.07605832,1.223
2024_02_11_02_26_04_528,0.4,-0.4459453,227947.0,196544.0,9.612265,-11.98895,0.1360516,6.281459,0.009308895,2.846002,1.09,0.007033903,0.00133858,-0.7566083,0.005245208,0.001460314,-0.01518894,1.223
2024_02_11_02_26_04_564,0.4,-0.4461985,228062.0,196627.0,9.573954,-11.9765,0.1360517,6.281458,0.009309058,2.817998,1.09,0.007017241,0.001222733,-0.7569547,0.02217293,0.007599592,-0.06524753,1.223
2024_02_11_02_26_04_602,0.4,-0.446394,228180.0,196713.0,9.534992,-11.9626,0.1360516,6.281458,0.009309223,2.789224,1.09,0.007080913,0.001323622,-0.7573636,0.0001192093,0.001490116,-0.04590209,1.223
2024_02_11_02_26_04_639,0.4,-0.4466464,228295.0,196797.0,9.497457,-11.94799,0.1360517,6.281457,0.009309521,2.761194,1.09,0.007008077,0.00131388,-0.7576849,-0.003695488,-0.0003278255,-0.03058091,1.223
2024_02_11_02_26_04_678,0.4,-0.4468483,228413.0,196882.0,9.459355,-11.93191,0.1360518,6.281457,0.009310056,2.732396,1.09,0.006912021,0.001339592,-0.7580938,-0.03099441,-0.01889467,0.09941868,1.223
2024_02_11_02_26_04_710,0.4,-0.4470497,228515.0,196957.0,9.42666,-11.91705,0.1360519,6.281456,0.009310124,2.707374,1.09,0.007039778,0.001339755,-0.758211,0.01442432,0.0007748603,-0.04212092,1.223
2024_02_11_02_26_04_749,0.4,-0.4472961,228630.0,197040.0,9.390461,-11.89944,0.1360519,6.281456,0.009310481,2.679311,1.09,0.007022482,0.001310922,-0.7585917,-0.01370907,-0.002980232,-0.03074668,1.223
2024_02_11_02_26_04_785,0.4,-0.4474982,228748.0,197126.0,9.353812,-11.88029,0.136052,6.281455,0.009310703,2.650476,1.09,0.007072765,0.001350445,-0.7589409,-0.02527237,-0.004947185,0.05348026,1.223
2024_02_11_02_26_04_823,0.4,-0.4477448,228863.0,197210.0,9.318684,-11.86065,0.136052,6.281455,0.009310858,2.622388,1.09,0.007087107,0.001299007,-0.759271,-0.0128746,-0.002920627,0.02665166,1.223
2024_02_11_02_26_04_860,0.4,-0.4479433,228981.0,197295.0,9.283196,-11.83946,0.1360521,6.281454,0.009311085,2.593526,1.09,0.007080623,0.001294088,-0.7597309,0.007629394,0.0008046626,-0.01141522,1.223
2024_02_11_02_26_04_898,0.4,-0.4481957,229096.0,197379.0,9.24925,-11.81786,0.1360522,6.281454,0.00931115,2.565408,1.09,0.007124677,0.001324591,-0.7600393,0.002741813,0.002503395,-0.06533228,1.223
2024_02_11_02_26_04_935,0.4,-0.4483972,229214.0,197464.0,9.215034,-11.79468,0.1360522,6.281453,0.009311357,2.53652,1.09,0.007085,0.001317011,-0.7603418,0.01716614,0.004738569,-0.02303812,1.223
2024_02_11_02_26_04_973,0.4,-0.4486504,229329.0,197548.0,9.182383,-11.77118,0.1360523,6.281452,0.009311756,2.508379,1.09,0.007037088,0.001284334,-0.7607585,0.004291534,-0.0012815,-0.02306234,1.223
2024_02_11_02_26_05_011,0.4,-0.4488459,229447.0,197634.0,9.149559,-11.74611,0.1360523,6.281452,0.009312038,2.479464,1.09,0.007087567,0.001326595,-0.7610802,-0.009059906,-0.001966953,0.01534168,1.223
2024_02_11_02_26_05_048,0.4,-0.4490987,229562.0,197717.0,9.118309,-11.72079,0.1360523,6.281451,0.009312286,2.451296,1.09,0.007066486,0.001316046,-0.7615085,0.02336502,0.002682209,-0.04564318,1.223
2024_02_11_02_26_05_081,0.4,-0.4492971,229667.0,197794.0,9.090233,-11.69676,0.1360525,6.281451,0.009312513,2.425402,1.09,0.007141551,0.001346406,-0.7617055,-0.00846386,0.0009238719,-0.03821589,1.223
2024_02_11_02_26_05_119,0.4,-0.4495015,229782.0,197877.0,9.060403,-11.6698,0.1360526,6.28145,0.009312891,2.397213,1.09,0.007101975,0.001311899,-0.7620307,-0.01549721,-0.001966953,0.007491558,1.223
2024_02_11_02_26_05_157,0.4,-0.4497453,229900.0,197963.0,9.030576,-11.64124,0.1360526,6.28145,0.009313153,2.36825,1.09,0.007202778,0.001313213,-0.7623261,0.02527237,0.009745359,-0.0991635,1.223
2024_02_11_02_26_05_190,0.4,-0.4499451,230003.0,198037.0,9.005357,-11.61576,0.1360527,6.281449,0.009313349,2.343086,1.09,0.007129729,0.001316888,-0.7626936,-0.01358986,-0.00283122,0.01902878,1.223
2024_02_11_02_26_05_227,0.4,-0.4501499,230121.0,198123.0,8.977121,-11.58565,0.1360528,6.281448,0.009313613,2.314098,1.09,0.007146834,0.001296862,-0.7629466,0.003933907,0.005275011,-0.07256866,1.223
2024_02_11_02_26_05_265,0.4,-0.4503995,230235.0,198207.0,8.950482,-11.55555,0.1360528,6.281448,0.009313741,2.285857,1.09,0.00705365,0.001382532,-0.763279,-0.04792213,-0.007927418,0.03413018,1.223
2024_02_11_02_26_05_298,0.4,-0.450595,230338.0,198281.0,8.927453,-11.52809,0.136053,6.281447,0.009314188,2.260664,1.09,0.0071528,0.001280157,-0.763552,0.003576278,0.0009238719,-0.06112083,1.223
2024_02_11_02_26_05_336,0.4,-0.4507904,230456.0,198367.0,8.901807,-11.49577,0.1360529,6.281447,0.009314388,2.23164,1.09,0.007154061,0.001343324,-0.763867,0.02586841,0.005066394,-0.04943739,1.223
2024_02_11_02_26_05_372,0.4,-0.451049,230571.0,198450.0,8.877745,-11.46359,0.1360531,6.281446,0.00931469,2.203366,1.09,0.007115588,0.001337351,-0.7642252,-0.01585484,-0.0008046626,-0.0115959,1.223
2024_02_11_02_26_05_407,0.4,-0.4512444,230676.0,198527.0,8.856453,-11.43344,0.1360532,6.281446,0.009314877,2.177375,1.09,0.007099637,0.001331991,-0.7646455,0.0128746,0.0003278255,-0.01900084,1.223
2024_02_11_02_26_05_444,0.4,-0.4514465,230791.0,198610.0,8.834175,-11.40002,0.1360532,6.281445,0.009315149,2.149079,1.09,0.007135517,0.001299999,-0.7649211,0.01692772,0.007271766,-0.05707051,1.223
2024_02_11_02_26_05_477,0.4,-0.4516486,230897.0,198687.0,8.814554,-11.36877,0.1360533,6.281445,0.009315186,2.123063,1.09,0.007070346,0.001313228,-0.7652728,0.01513958,0.006347894,-0.05359947,1.223
2024_02_11_02_26_05_515,0.4,-0.4518953,231011.0,198770.0,8.794136,-11.33419,0.1360534,6.281444,0.009315479,2.094743,1.09,0.007143054,0.001286797,-0.7656676,0.01776218,0.0007748603,-0.003766268,1.223
2024_02_11_02_26_05_552,0.4,-0.4520966,231126.0,198854.0,8.774708,-11.29906,0.1360533,6.281444,0.009315629,2.06641,1.09,0.007120416,0.001365983,-0.7659696,0.01239777,0.001609325,-0.007635913,1.223
2024_02_11_02_26_05_585,0.4,-0.4522987,231231.0,198931.0,8.75774,-11.2663,0.1360535,6.281443,0.009315927,2.040362,1.08,0.007214401,0.001347309,-0.766274,-0.000834465,-0.00205636,0.01157168,1.223
2024_02_11_02_26_05_623,0.4,-0.4525453,231346.0,199014.0,8.740254,-11.23017,0.1360534,6.281443,0.009315933,2.012001,1.08,0.007190861,0.001357209,-0.7665906,0.002861023,-0.001996756,0.02276711,1.223
2024_02_11_02_26_05_660,0.4,-0.4527437,231464.0,199099.0,8.723371,-11.19257,0.1360535,6.281442,0.009316226,1.98286,1.08,0.007190679,0.001354816,-0.766917,-0.008821487,-0.008910894,0.07997359,1.223
2024_02_11_02_26_05_697,0.4,-0.4529963,231578.0,199182.0,8.707996,-11.1555,0.1360537,6.281442,0.009316549,1.954476,1.08,0.007175951,0.001393925,-0.7672377,-0.03099441,-0.005617737,0.03410876,1.223
2024_02_11_02_26_05_736,0.4,-0.4531979,231696.0,199267.0,8.69331,-11.117,0.1360538,6.281441,0.009316896,1.925311,1.08,0.007241629,0.00132196,-0.7676159,0.01180172,0.002473593,-0.08796341,1.223
2024_02_11_02_26_05_773,0.4,-0.4534494,231810.0,199350.0,8.680096,-11.07912,0.1360537,6.28144,0.009316922,1.896901,1.08,0.007167307,0.001401769,-0.7678936,-0.02467632,-0.002995133,0.01122989,1.223
2024_02_11_02_26_05_810,0.4,-0.4536447,231928.0,199435.0,8.667649,-11.03985,0.1360538,6.28144,0.009317234,1.86771,1.08,0.007151011,0.001359404,-0.7683265,-0.03457069,-0.01372397,0.06480329,1.223
2024_02_11_02_26_05_848,0.4,-0.4538973,232042.0,199518.0,8.656636,-11.00128,0.1360539,6.281439,0.009317617,1.839273,1.08,0.007166572,0.001339429,-0.76869,-0.008583069,-0.006020069,0.04587601,1.223
2024_02_11_02_26_05_885,0.4,-0.4540899,232160.0,199603.0,8.646477,-10.96136,0.136054,6.281439,0.009317897,1.810053,1.08,0.007108636,0.001318627,-0.7690601,-0.006079673,-0.0009089708,-0.01148041,1.223
2024_02_11_02_26_05_923,0.4,-0.4543459,232274.0,199686.0,8.637702,-10.92224,0.1360541,6.281438,0.009318003,1.781592,1.08,0.007164854,0.001323329,-0.7693488,0.0004768371,0.0006109476,0.007498078,1.223
2024_02_11_02_26_05_960,0.4,-0.4545447,232392.0,199772.0,8.629858,-10.88181,0.1360541,6.281437,0.009318236,1.752348,1.08,0.007171354,0.001363253,-0.769628,-0.01215935,-0.002220273,0.04174839,1.223
2024_02_11_02_26_05_994,0.4,-0.4547459,232494.0,199846.0,8.624012,-10.84653,0.1360541,6.281437,0.009318527,1.726944,1.08,0.007188604,0.001426016,-0.7699727,-0.004172325,-0.003889203,0.03452692,1.223
2024_02_11_02_26_06_031,0.4,-0.454999,232611.0,199931.0,8.618395,-10.80575,0.1360542,6.281436,0.009319042,1.697675,1.08,0.007184216,0.001316555,-0.7703264,0.01549721,-0.0005364418,0.0002682209,1.223
2024_02_11_02_26_06_069,0.4,-0.4551947,232725.0,200014.0,8.614076,-10.7659,0.1360543,6.281436,0.009319217,1.669167,1.08,0.007165164,0.00135012,-0.7706397,-0.009059906,-0.004947185,-0.007582828,1.223
2024_02_11_02_26_06_101,0.4,-0.4553963,232827.0,200088.0,8.611182,-10.73028,0.1360544,6.281435,0.009319185,1.64373,1.08,0.007131728,0.001432569,-0.7709109,0.002264977,-0.001341104,0.003783032,1.223
2024_02_11_02_26_06_140,0.4,-0.4556494,232945.0,200173.0,8.608977,-10.68918,0.1360544,6.281435,0.009319885,1.614425,1.08,0.007144873,0.001321871,-0.771283,-0.001907349,-0.003829598,-0.03815908,1.223
2024_02_11_02_26_06_177,0.4,-0.4558511,233059.0,200256.0,8.607985,-10.64913,0.1360545,6.281435,0.009319942,1.585881,1.08,0.00714438,0.001383775,-0.7715706,-0.01454353,-0.00475347,0.04184618,1.223
2024_02_11_02_26_06_211,0.4,-0.4560463,233164.0,200332.0,8.608082,-10.61232,0.1360546,6.281434,0.009320243,1.559643,1.08,0.007198749,0.001350862,-0.7719569,0.002622604,-0.0001341105,-0.02685282,1.223
2024_02_11_02_26_06_247,0.4,-0.4562929,233279.0,200415.0,8.609282,-10.57229,0.1360545,6.281434,0.009320348,1.531074,1.08,0.007292452,0.001368215,-0.7721865,-0.002980232,-0.0001937151,-0.01918059,1.223
2024_02_11_02_26_06_281,0.4,-0.4564973,233384.0,200491.0,8.611396,-10.53555,0.1360547,6.281433,0.00932066,1.504814,1.08,0.007224123,0.00140088,-0.7724752,-0.03612041,-0.004962086,0.02657529,1.223
2024_02_11_02_26_06_318,0.4,-0.4566956,233498.0,200574.0,8.614793,-10.49565,0.1360547,6.281432,0.009320917,1.476222,1.08,0.007267248,0.001399336,-0.7728511,-0.009655952,-0.001937151,-1.490116e-05,1.223
2024_02_11_02_26_06_357,0.4,-0.4569423,233616.0,200659.0,8.619466,-10.45479,0.1360549,6.281432,0.00932123,1.446844,1.08,0.00713651,0.001334814,-0.7731436,0.004172325,0.001102686,-0.02687331,1.223
2024_02_11_02_26_06_394,0.4,-0.4571481,233730.0,200742.0,8.625165,-10.41516,0.1360549,6.281431,0.009321484,1.418227,1.08,0.007124421,0.001309664,-0.7736458,-0.020504,-0.00655651,0.07272325,1.223
2024_02_11_02_26_06_432,0.4,-0.4573987,233847.0,200827.0,8.632196,-10.37466,0.136055,6.281431,0.009321545,1.38882,1.08,0.007189061,0.00138777,-0.7739198,-0.005841255,-0.008404255,0.04197191,1.223
2024_02_11_02_26_06_465,0.4,-0.4575972,233949.0,200901.0,8.639264,-10.33967,0.136055,6.28143,0.00932172,1.363275,1.08,0.007159724,0.001402424,-0.774206,-0.02205372,-0.00578165,0.02284813,1.223
2024_02_11_02_26_06_502,0.4,-0.4577959,234064.0,200984.0,8.648248,-10.30068,0.1360551,6.28143,0.009321929,1.334623,1.08,0.007244056,0.001409157,-0.7745143,0.01227856,0.005602836,-0.07656496,1.223
2024_02_11_02_26_06_539,0.4,-0.4580446,234181.0,201069.0,8.658632,-10.26092,0.1360552,6.281429,0.009322236,1.305181,1.08,0.007222194,0.001385451,-0.7748103,0.01239777,0.007718801,-0.09959842,1.223
2024_02_11_02_26_06_572,0.4,-0.4582462,234283.0,201143.0,8.668591,-10.22666,0.1360553,6.281429,0.009322699,1.279604,1.08,0.007131708,0.001350377,-0.7752455,0.02241134,0.00205636,-0.05722139,1.223
2024_02_11_02_26_06_610,0.4,-0.4584433,234401.0,201228.0,8.681142,-10.18754,0.1360553,6.281428,0.009322884,1.250139,1.08,0.007226155,0.001327435,-0.775378,0.04160404,0.01356006,-0.1259446,1.223
2024_02_11_02_26_06_648,0.4,-0.4586981,234515.0,201311.0,8.69446,-10.14982,0.1360553,6.281428,0.009322949,1.22144,1.08,0.007213986,0.001391888,-0.7757742,0.01692772,0.003874302,-0.04971027,1.223
2024_02_11_02_26_06_685,0.4,-0.4588923,234633.0,201396.0,8.709262,-10.11151,0.1360554,6.281427,0.009323182,1.191953,1.08,0.007249585,0.001421325,-0.7760677,0.003218651,-0.001132488,0.00366196,1.223
2024_02_11_02_26_06_722,0.4,-0.459143,234747.0,201479.0,8.724749,-10.07465,0.1360555,6.281426,0.009323491,1.163229,1.08,0.007248195,0.001428698,-0.7764302,-0.0009536743,0.001013279,-0.03453903,1.223
2024_02_11_02_26_06_760,0.4,-0.4593444,234864.0,201563.0,8.74175,-10.03728,0.1360555,6.281426,0.009323829,1.133716,1.08,0.007253376,0.001408247,-0.7767887,0.004529953,-0.001132488,-0.01151301,1.223
2024_02_11_02_26_06_794,0.4,-0.4595469,234966.0,201637.0,8.757401,-10.00524,0.1360557,6.281425,0.0093242,1.108076,1.08,0.007225545,0.00135169,-0.7770327,0.009775162,0.001877546,-0.01125131,1.223
2024_02_11_02_26_06_831,0.4,-0.4597906,235081.0,201719.0,8.775919,-9.969821,0.1360558,6.281425,0.009324452,1.079316,1.08,0.007203006,0.001366594,-0.7774764,-0.006914138,-0.004559755,0.01135468,1.223
2024_02_11_02_26_06_868,0.4,-0.4599977,235198.0,201804.0,8.795983,-9.934015,0.1360558,6.281425,0.009324469,1.049766,1.08,0.007228851,0.00132963,-0.7777608,0.01585484,0.004380941,0.01524854,1.223
2024_02_11_02_26_06_902,0.4,-0.4601974,235300.0,201878.0,8.814261,-9.903418,0.1360558,6.281424,0.009324674,1.02409,1.08,0.007269855,0.001360671,-0.7782203,-0.003576278,-0.001102686,-0.04975218,1.223
2024_02_11_02_26_06_939,0.4,-0.4604465,235418.0,201962.0,8.836269,-9.868783,0.1360559,6.281424,0.009324905,0.9945101,1.08,0.007244335,0.001333967,-0.7785314,-0.00846386,-0.006049871,0.03820099,1.223
2024_02_11_02_26_06_972,0.4,-0.4606468,235520.0,202036.0,8.856207,-9.839249,0.1360559,6.281423,0.009324943,0.9688132,1.08,0.007286543,0.001353669,-0.7787943,-0.007987022,0.001966953,-0.03845431,1.223
2024_02_11_02_26_07_011,0.4,-0.4608434,235637.0,202120.0,8.88009,-9.805891,0.136056,6.281422,0.009325135,0.9392122,1.08,0.00725966,0.001409255,-0.7790264,0.009655952,-0.001192093,-0.01154095,1.223
2024_02_11_02_26_07_048,0.4,-0.4610931,235751.0,202203.0,8.904282,-9.774108,0.1360561,6.281422,0.00932565,0.9103787,1.08,0.007250758,0.001384255,-0.7794369,-0.009775162,-0.004142523,-0.000118278,1.223
2024_02_11_02_26_07_085,0.4,-0.4612986,235869.0,202287.0,8.930063,-9.742214,0.1360562,6.281421,0.009326051,0.8807537,1.08,0.007243311,0.001388762,-0.7797319,-0.008583069,-0.000745058,-0.03057718,1.223
2024_02_11_02_26_07_123,0.4,-0.4615458,235983.0,202370.0,8.95606,-9.711909,0.1360563,6.281421,0.009326329,0.8518962,1.08,0.007229144,0.001330902,-0.7800525,0.0140667,0.004321337,-0.02657622,1.223
2024_02_11_02_26_07_160,0.4,-0.4617395,236101.0,202454.0,8.983655,-9.681584,0.1360563,6.28142,0.009326353,0.8222435,1.08,0.007277976,0.001383225,-0.7804974,0.01096725,0.00217557,-0.03057159,1.223
2024_02_11_02_26_07_198,0.4,-0.4619939,236215.0,202537.0,9.011374,-9.65286,0.1360563,6.28142,0.00932654,0.7933573,1.08,0.007272627,0.001394978,-0.7808293,0.01716614,0.002026558,-0.04577823,1.223
2024_02_11_02_26_07_231,0.4,-0.4621939,236317.0,202610.0,9.036788,-9.627928,0.1360565,6.281419,0.009326726,0.7675843,1.08,0.00725037,0.001424355,-0.7811093,-0.03218651,-0.01049042,0.01873914,1.223
2024_02_11_02_26_07_269,0.4,-0.4623932,236434.0,202695.0,9.066834,-9.600043,0.1360565,6.281419,0.009326966,0.7378927,1.08,0.007324844,0.001329703,-0.7813643,0.02670288,0.005841255,-0.04203617,1.223
2024_02_11_02_26_07_306,0.4,-0.46265,236549.0,202777.0,9.096866,-9.573765,0.1360566,6.281418,0.009327271,0.7089708,1.08,0.007302396,0.001423406,-0.7818075,-0.00500679,-0.004410744,-0.03062282,1.223
2024_02_11_02_26_07_339,0.4,-0.462846,236654.0,202853.0,9.125116,-9.550393,0.1360565,6.281417,0.009327458,0.6823855,1.08,0.007332807,0.001425872,-0.7820404,-0.006198883,-0.00295043,0.003692694,1.223
2024_02_11_02_26_07_377,0.4,-0.4630443,236768.0,202935.0,9.156555,-9.525828,0.1360566,6.281417,0.009327661,0.6534417,1.08,0.007365577,0.001429463,-0.782295,0.00655651,0.005602836,-0.003686175,1.223
2024_02_11_02_26_07_414,0.4,-0.4632703,236886.0,203020.0,9.189559,-9.501562,0.1360568,6.281416,0.009328109,0.6237028,1.08,0.007316027,0.001366364,-0.7827305,0.007271766,-0.003516674,0.003822148,1.223
2024_02_11_02_26_07_447,0.4,-0.4634697,236988.0,203093.0,9.218792,-9.481292,0.1360568,6.281416,0.009328335,0.5978653,1.08,0.007215323,0.001385491,-0.7830851,-0.00655651,-0.00295043,0.03442913,1.223
2024_02_11_02_26_07_481,0.4,-0.4636686,237090.0,203167.0,9.248538,-9.461788,0.1360569,6.281416,0.009328605,0.5720204,1.08,0.007354001,0.001407256,-0.7833253,-0.008106232,-0.00372529,0.00375323,1.223
2024_02_11_02_26_07_519,0.4,-0.4639243,237207.0,203251.0,9.283399,-9.440293,0.136057,6.281415,0.009328863,0.5422462,1.08,0.007251632,0.001400837,-0.7836492,-0.002861023,-0.002801418,-0.01923181,1.223
2024_02_11_02_26_07_552,0.4,-0.4641173,237309.0,203325.0,9.314172,-9.422478,0.136057,6.281415,0.009329011,0.5163768,1.08,0.007309173,0.001390388,-0.7839798,-0.005722045,0.0006258487,-0.02299528,1.223
2024_02_11_02_26_07_589,0.4,-0.4643183,237427.0,203409.0,9.350161,-9.402958,0.1360571,6.281414,0.009329294,0.4865776,1.08,0.007307724,0.001395016,-0.7843419,-0.02944469,-0.005900859,-0.0002402812,1.223
2024_02_11_02_26_07_622,0.4,-0.4645202,237529.0,203483.0,9.381873,-9.386884,0.1360571,6.281414,0.009329638,0.460689,1.08,0.007296917,0.001341669,-0.7846243,0.03385544,0.01141429,-0.1258971,1.223
2024_02_11_02_26_07_660,0.4,-0.4647669,237646.0,203567.0,9.418886,-9.369404,0.1360572,6.281413,0.00932992,0.430867,1.08,0.007275619,0.001395179,-0.7849978,-0.02264976,-0.009357929,0.03808551,1.223
2024_02_11_02_26_07_693,0.4,-0.4649717,237748.0,203641.0,9.451434,-9.35513,0.1360573,6.281413,0.009330082,0.4049603,1.08,0.007314215,0.001422112,-0.7851914,-0.03492832,-0.007838011,0.04186015,1.223
2024_02_11_02_26_07_731,0.4,-0.4651703,237862.0,203723.0,9.488351,-9.340134,0.1360574,6.281412,0.00933036,0.3758993,1.08,0.007341367,0.001383611,-0.7855812,0.0009536743,-0.001251697,-0.00400655,1.223
2024_02_11_02_26_07_764,0.4,-0.4653707,237968.0,203799.0,9.52264,-9.327307,0.1360574,6.281412,0.009330328,0.349182,1.08,0.007337146,0.001405092,-0.7858664,-0.001311302,0.001862645,-0.02295151,1.223
2024_02_11_02_26_07_802,0.4,-0.4656184,238082.0,203881.0,9.560323,-9.314395,0.1360575,6.281411,0.00933056,0.3200944,1.08,0.007361246,0.001421763,-0.7862539,-0.00333786,-0.001147389,-0.01539476,1.223
2024_02_11_02_26_07_835,0.4,-0.4658216,238187.0,203956.0,9.595265,-9.303505,0.1360575,6.281411,0.009330736,0.2933536,1.08,0.007267158,0.001448395,-0.7866321,-0.04267692,-0.01168251,0.03405102,1.223
2024_02_11_02_26_07_872,0.4,-0.4660212,238301.0,204038.0,9.633603,-9.292721,0.1360576,6.28141,0.009331165,0.2642426,1.08,0.007346461,0.001375827,-0.786886,-0.02133846,-0.005334615,0.01133699,1.223
2024_02_11_02_26_07_905,0.4,-0.4662199,238403.0,204111.0,9.668042,-9.284047,0.1360577,6.28141,0.009331327,0.2382714,1.08,0.007283485,0.001438921,-0.7871406,-0.01823902,-0.006794929,0.05330145,1.223
2024_02_11_02_26_07_943,0.4,-0.4664722,238521.0,204195.0,9.707959,-9.275174,0.1360578,6.281409,0.009331589,0.2083524,1.08,0.007298243,0.001420588,-0.7874792,0.0005960464,-0.005096197,0.03045611,1.223
2024_02_11_02_26_07_980,0.4,-0.4666677,238635.0,204277.0,9.74706,-9.267688,0.1360579,6.281409,0.009331982,0.1792094,1.08,0.007338974,0.001425644,-0.7877444,-0.003576278,-0.000834465,-0.02698134,1.223
2024_02_11_02_26_08_018,0.4,-0.466921,238753.0,204361.0,9.787431,-9.26119,0.1360579,6.281408,0.009332147,0.1492638,1.08,0.007331535,0.001386124,-0.7882172,-0.005960464,-0.004038215,0.03417581,1.223
2024_02_11_02_26_08_052,0.4,-0.4671192,238855.0,204434.0,9.822622,-9.256529,0.1360579,6.281407,0.009332363,0.1232463,1.08,0.007306825,0.001415777,-0.7885961,-0.01060963,-0.009030104,0.04965067,1.223
2024_02_11_02_26_08_090,0.4,-0.4673156,238972.0,204518.0,9.863273,-9.252301,0.136058,6.281407,0.009332625,0.09327562,1.08,0.007385341,0.001401347,-0.7887757,-0.01478195,-0.002235174,0.04213582,1.223
2024_02_11_02_26_08_126,0.4,-0.4675687,239086.0,204600.0,9.902955,-9.249353,0.1360582,6.281406,0.009332928,0.06408151,1.08,0.007367152,0.001381949,-0.789151,-0.02324581,-0.007733702,0.02659298,1.223
2024_02_11_02_26_08_160,0.4,-0.4677705,239188.0,204673.0,9.938399,-9.247705,0.1360582,6.281406,0.009333098,0.03803314,1.08,0.007361505,0.001400107,-0.7893842,-0.0005960464,-0.00166893,-0.00383798,1.223
2024_02_11_02_26_08_197,0.4,-0.4679669,239306.0,204757.0,9.979245,-9.246953,0.1360582,6.281405,0.009333422,0.008027833,1.08,0.007409038,0.001387202,-0.7896988,0.01680851,0.003263354,-0.01496449,1.223
2024_02_11_02_26_08_235,0.4,-0.4682158,239420.0,204839.0,10.01902,-9.247397,0.1360582,6.281405,0.009333777,6.261985,1.08,0.007357752,0.001392267,-0.7900653,0.006914138,-0.002548098,0.03455579,1.223
2024_02_11_02_26_08_273,0.4,-0.4684195,239538.0,204923.0,10.05983,-9.249062,0.1360584,6.281404,0.009334014,6.231955,1.07,0.007382075,0.001352381,-0.7904199,0.00333786,-0.005170702,0.04216656,1.223
2024_02_11_02_26_08_306,0.4,-0.4686172,239640.0,204996.0,10.09521,-9.251502,0.1360584,6.281404,0.009333982,6.205863,1.07,0.007369008,0.001437492,-0.7907698,0.01907349,0.003576278,-0.0573406,1.223
2024_02_11_02_26_08_344,0.4,-0.4688703,239757.0,205080.0,10.13585,-9.255455,0.1360584,6.281404,0.009334275,6.175806,1.07,0.007364266,0.001397123,-0.7911205,0.01382828,0.00205636,-0.04970561,1.223
2024_02_11_02_26_08_381,0.4,-0.46907,239871.0,205162.0,10.17529,-9.260476,0.1360586,6.281403,0.009334596,6.146527,1.07,0.007353806,0.0013768,-0.7914011,-0.01013279,-0.004380941,0.01911912,1.223
2024_02_11_02_26_08_419,0.4,-0.4693146,239989.0,205246.0,10.21562,-9.266829,0.1360586,6.281402,0.009334806,6.116445,1.07,0.007355629,0.001434612,-0.7918354,-0.02157688,-0.007078051,0.003548339,1.223
2024_02_11_02_26_08_451,0.4,-0.4695191,240091.0,205319.0,10.25047,-9.273329,0.1360587,6.281402,0.009335002,6.09031,1.07,0.007328342,0.001371164,-0.7921216,0.02884865,0.004261732,-0.04585087,1.223
2024_02_11_02_26_08_489,0.4,-0.4697211,240208.0,205403.0,10.29037,-9.281936,0.1360587,6.281401,0.009335265,6.060202,1.07,0.007337362,0.001422359,-0.7924933,-0.01621246,-0.004544854,0.02663396,1.223
2024_02_11_02_26_08_523,0.4,-0.4699187,240310.0,205476.0,10.32478,-9.290384,0.1360587,6.281401,0.009335265,6.034045,1.07,0.007368244,0.001477184,-0.7927357,0.008106232,0.001519918,-0.0231564,1.223
2024_02_11_02_26_08_560,0.4,-0.4701688,240425.0,205558.0,10.36309,-9.30092,0.1360589,6.2814,0.009335838,6.004707,1.07,0.007444396,0.001399475,-0.7930587,0.01323223,0.001102686,-0.03432389,1.223
2024_02_11_02_26_08_593,0.4,-0.4703691,240530.0,205633.0,10.398,-9.311585,0.1360589,6.2814,0.009336051,5.977737,1.07,0.007375451,0.001415902,-0.7933775,-0.002145767,-0.00411272,0.03832858,1.223
2024_02_11_02_26_08_626,0.4,-0.4705684,240632.0,205706.0,10.43159,-9.322836,0.1360589,6.281399,0.009336073,5.951552,1.07,0.007392529,0.001487193,-0.7936561,-0.001072884,-0.0009238719,-0.01543015,1.223
2024_02_11_02_26_08_665,0.4,-0.4707663,240749.0,205790.0,10.46989,-9.33687,0.136059,6.281399,0.009336486,5.921385,1.07,0.007383741,0.001454175,-0.7939785,-0.007390975,-0.0005364418,0.02679415,1.223
2024_02_11_02_26_08_702,0.4,-0.4710187,240864.0,205872.0,10.50675,-9.351641,0.1360591,6.281398,0.009336728,5.892002,1.07,0.007399175,0.001429991,-0.7943116,-0.007987022,-0.0002086162,-0.02688914,1.223
2024_02_11_02_26_08_735,0.4,-0.4712169,240966.0,205945.0,10.53925,-9.365719,0.1360592,6.281398,0.00933711,5.865784,1.07,0.007429079,0.0013715,-0.7945997,-0.009417534,-0.006496906,0.06513018,1.223
2024_02_11_02_26_08_769,0.4,-0.47142,241071.0,206020.0,10.57232,-9.381113,0.1360593,6.281397,0.009337117,5.838762,1.07,0.007406228,0.001458581,-0.7949637,-0.001788139,-0.002354383,0.0112066,1.223
2024_02_11_02_26_08_806,0.4,-0.4716192,241185.0,206102.0,10.60783,-9.398867,0.1360593,6.281397,0.009337397,5.809343,1.07,0.007441137,0.001459572,-0.7952676,-0.02431869,-0.005185604,0.02645701,1.223
2024_02_11_02_26_08_843,0.4,-0.4718713,241303.0,206186.0,10.64372,-9.418178,0.1360594,6.281396,0.009337841,5.779116,1.07,0.007466179,0.001365692,-0.795498,-0.007510185,-0.002205372,0.03835652,1.223
2024_02_11_02_26_08_876,0.4,-0.4720683,241405.0,206259.0,10.67441,-9.435819,0.1360594,6.281396,0.009337959,5.752853,1.07,0.007355726,0.001479647,-0.7958021,-0.02431869,-0.008553267,0.04572235,1.223
2024_02_11_02_26_08_911,0.4,-0.4722675,241507.0,206331.0,10.70461,-9.454259,0.1360595,6.281395,0.009338263,5.726586,1.07,0.007446285,0.001419971,-0.7961538,0.020504,0.0005662441,-0.01148693,1.223
2024_02_11_02_26_08_947,0.4,-0.4724699,241624.0,206415.0,10.73878,-9.476465,0.1360596,6.281395,0.009338608,5.696327,1.07,0.007448931,0.001373106,-0.7964707,-0.02491474,-0.006854534,0.04968047,1.223
2024_02_11_02_26_08_985,0.4,-0.4727198,241738.0,206496.0,10.77138,-9.499064,0.1360597,6.281394,0.009338905,5.666849,1.07,0.007463555,0.001381006,-0.7967665,-0.0001192093,-0.002980232,-0.003803521,1.223
2024_02_11_02_26_09_022,0.4,-0.472915,241856.0,206580.0,10.80414,-9.523263,0.1360597,6.281394,0.009338931,5.636565,1.07,0.007459293,0.001457419,-0.797087,0.002264977,0.003129244,-0.007681548,1.223
2024_02_11_02_26_09_060,0.4,-0.4731691,241970.0,206661.0,10.83532,-9.547763,0.1360599,6.281394,0.009339437,5.607065,1.07,0.007461301,0.001407179,-0.7974274,-0.01835823,-0.00962615,0.04204083,1.223
2024_02_11_02_26_09_097,0.4,-0.4733708,242088.0,206745.0,10.86658,-9.57387,0.1360599,6.281393,0.009339652,5.576756,1.07,0.007420389,0.001413957,-0.7977227,0.003814697,-0.002115965,-0.02273731,1.223
2024_02_11_02_26_09_135,0.4,-0.4736192,242202.0,206826.0,10.89623,-9.600183,0.1360599,6.281393,0.009339963,5.547232,1.07,0.007426715,0.001439625,-0.7980206,0.01811981,0.004202127,-0.04195142,1.223
2024_02_11_02_26_09_172,0.4,-0.4738186,242319.0,206909.0,10.92586,-9.628103,0.13606,6.281392,0.009340234,5.5169,1.07,0.007442259,0.001441338,-0.7983877,-0.02396107,-0.002324581,0.02674199,1.223
2024_02_11_02_26_09_210,0.4,-0.4740675,242434.0,206991.0,10.95388,-9.656137,0.1360601,6.281392,0.009340432,5.487352,1.07,0.007419795,0.001411321,-0.798721,0.0180006,0.003308058,-0.04578288,1.223
2024_02_11_02_26_09_247,0.4,-0.4742658,242551.0,207074.0,10.98178,-9.685777,0.1360602,6.281391,0.009340607,5.456995,1.07,0.007391283,0.001409709,-0.7990745,0.008583069,-0.004380941,0.03062095,1.223
2024_02_11_02_26_09_280,0.4,-0.4744736,242653.0,207147.0,11.00526,-9.712186,0.1360601,6.281391,0.009340795,5.43062,1.07,0.007463632,0.001500664,-0.799309,-0.04780292,-0.01007318,0.05334429,1.223
2024_02_11_02_26_09_319,0.4,-0.4747171,242771.0,207230.0,11.03143,-9.743348,0.1360603,6.28139,0.009341166,5.400239,1.07,0.007438349,0.001457148,-0.7995934,-0.007390975,-0.002086163,-0.007634051,1.223
2024_02_11_02_26_09_352,0.4,-0.4749186,242873.0,207303.0,11.05337,-9.771043,0.1360603,6.28139,0.009341368,5.373845,1.07,0.007520994,0.001437756,-0.7998936,0.01001358,0.00333786,-0.0150688,1.223
2024_02_11_02_26_09_389,0.4,-0.4751188,242987.0,207384.0,11.07709,-9.802763,0.1360605,6.281389,0.009341482,5.344238,1.07,0.00739877,0.001437548,-0.8002719,0.0001192093,-0.0005960464,0.03433786,1.223
2024_02_11_02_26_09_426,0.4,-0.4753684,243104.0,207468.0,11.10045,-9.836054,0.1360605,6.281389,0.009341595,5.313818,1.07,0.007451418,0.001486332,-0.8006474,-0.01549721,-0.001907349,-0.01939014,1.223
2024_02_11_02_26_09_464,0.4,-0.4755637,243219.0,207549.0,11.12222,-9.869133,0.1360605,6.281388,0.009341725,5.284184,1.07,0.007451793,0.001461232,-0.8009818,0.0141859,-0.001877546,0.01548417,1.223
2024_02_11_02_26_09_497,0.4,-0.4757654,243324.0,207624.0,11.14135,-9.900086,0.1360605,6.281388,0.009342087,5.256942,1.07,0.007511701,0.0014165,-0.8013443,0.01978874,-5.960464e-05,-0.007504597,1.223
2024_02_11_02_26_09_535,0.4,-0.476016,243438.0,207705.0,11.16119,-9.934341,0.1360607,6.281387,0.009342237,5.227285,1.07,0.00755953,0.001430616,-0.8015846,0.01072884,0.009745359,-0.09194575,1.223
2024_02_11_02_26_09_569,0.4,-0.4762174,243543.0,207780.0,11.17853,-9.966322,0.1360606,6.281387,0.00934262,5.200024,1.07,0.007429221,0.001408504,-0.8020385,0.01132488,-0.00217557,0.01162477,1.223
2024_02_11_02_26_09_605,0.4,-0.476417,243658.0,207861.0,11.19639,-10.00164,0.1360608,6.281386,0.009342724,5.170344,1.07,0.007474396,0.001445059,-0.8022614,0.01335144,0.002473593,2.421439e-05,1.223
2024_02_11_02_26_09_638,0.4,-0.4766188,243760.0,207933.0,11.21143,-10.03358,0.1360609,6.281385,0.009342986,5.143865,1.07,0.007411916,0.001473443,-0.8026136,-0.04410743,-0.009477139,0.06447732,1.223
2024_02_11_02_26_09_677,0.4,-0.4768677,243877.0,208017.0,11.22768,-10.07082,0.1360609,6.281385,0.009343344,5.113359,1.07,0.007480336,0.001400992,-0.8029413,0.0140667,0.005751848,-0.02658367,1.223
2024_02_11_02_26_09_714,0.4,-0.4770663,243992.0,208098.0,11.24241,-10.10754,0.136061,6.281384,0.009343578,5.083648,1.07,0.00753114,0.001416512,-0.8032305,-0.001549721,-0.001907349,0.01913402,1.223
2024_02_11_02_26_09_747,0.4,-0.4772723,244097.0,208173.0,11.25498,-10.14166,0.136061,6.281384,0.009343862,5.056334,1.07,0.007535343,0.001447189,-0.8034762,-0.00834465,-0.004172325,0.01543108,1.223
2024_02_11_02_26_09_784,0.4,-0.4775177,244211.0,208254.0,11.26759,-10.17915,0.1360611,6.281384,0.009344142,5.026599,1.07,0.007559995,0.001444911,-0.8038474,0.006437301,-0.002503395,-0.03044214,1.223
2024_02_11_02_26_09_818,0.4,-0.4777193,244316.0,208329.0,11.27819,-10.21391,0.1360612,6.281383,0.009344446,4.999262,1.07,0.007516758,0.001417138,-0.8041897,0.007987022,0.003114342,-0.05344487,1.223
2024_02_11_02_26_09_852,0.4,-0.4779196,244418.0,208401.0,11.28757,-10.24791,0.1360613,6.281383,0.009344525,4.972717,1.07,0.00755637,0.001458681,-0.8043951,0.01978874,0.001370907,-0.03439374,1.223
2024_02_11_02_26_09_890,0.4,-0.4781214,244532.0,208483.0,11.297,-10.28631,0.1360613,6.281383,0.009344688,4.942945,1.07,0.007526732,0.00147663,-0.8047189,-0.002861023,0.0003427267,0.007523223,1.223
2024_02_11_02_26_09_923,0.4,-0.478324,244637.0,208557.0,11.30466,-10.32182,0.1360613,6.281382,0.009345146,4.915579,1.07,0.007446088,0.001467125,-0.8050108,-0.007152557,0.0008791685,-0.003737397,1.223
2024_02_11_02_26_09_960,0.4,-0.4785653,244752.0,208638.0,11.31188,-10.36069,0.1360614,6.281382,0.009345411,4.885785,1.07,0.007581609,0.001463726,-0.8053116,0.001907349,-0.001981854,0.007667578,1.223
2024_02_11_02_26_09_997,0.4,-0.478769,244869.0,208721.0,11.31809,-10.4008,0.1360615,6.281381,0.009345653,4.855177,1.07,0.007551577,0.001461102,-0.805677,-0.004768372,-0.006765127,0.01910701,1.223
2024_02_11_02_26_10_035,0.4,-0.4790176,244984.0,208802.0,11.32294,-10.44003,0.1360616,6.281381,0.00934584,4.825361,1.07,0.007478727,0.001487258,-0.8060053,-0.02396107,-0.006899237,0.06114412,1.223
2024_02_11_02_26_10_073,0.4,-0.4792149,245101.0,208885.0,11.32672,-10.48043,0.1360617,6.28138,0.009346185,4.794728,1.07,0.007577735,0.001427319,-0.8062558,0.03945827,0.006794929,-0.07253047,1.223
2024_02_11_02_26_10_109,0.4,-0.4794688,245215.0,208966.0,11.32919,-10.51986,0.1360618,6.28138,0.009346427,4.764888,1.07,0.007467402,0.001467492,-0.8065855,-0.001192093,-0.0009089708,-0.007818453,1.223
2024_02_11_02_26_10_148,0.4,-0.4796641,245332.0,209049.0,11.33051,-10.56041,0.1360618,6.281379,0.009346682,4.734231,1.07,0.007467289,0.001498361,-0.8069701,-0.01227856,-0.005617737,0.03813207,1.223
2024_02_11_02_26_10_185,0.4,-0.4799173,245446.0,209129.0,11.3306,-10.5999,0.1360619,6.281379,0.009346996,4.704364,1.07,0.007549819,0.001416593,-0.8072084,0.02729893,0.007614493,-0.09187869,1.223
2024_02_11_02_26_10_222,0.4,-0.4801144,245563.0,209212.0,11.32947,-10.64045,0.136062,6.281378,0.009347243,4.67368,1.07,0.00748142,0.001457325,-0.8075758,0.02479553,0.004395843,-0.03431179,1.223
2024_02_11_02_26_10_259,0.4,-0.4803712,245677.0,209293.0,11.32717,-10.67986,0.1360621,6.281378,0.009347429,4.643795,1.07,0.007528463,0.001474639,-0.8079223,-0.02026558,-0.007629394,0.0456823,1.223
2024_02_11_02_26_10_298,0.4,-0.4805675,245794.0,209376.0,11.32358,-10.72025,0.1360622,6.281377,0.009347754,4.613081,1.07,0.007504106,0.00146102,-0.8082967,-0.01204014,-0.002890825,-0.007751397,1.223
2024_02_11_02_26_10_330,0.4,-0.4807689,245895.0,209448.0,11.31947,-10.75521,0.1360621,6.281377,0.009347865,4.586401,1.07,0.0075187,0.00144076,-0.8086119,0.01096725,0.003784895,-0.05730334,1.223
2024_02_11_02_26_10_363,0.4,-0.4809651,245997.0,209520.0,11.31442,-10.79006,0.1360622,6.281376,0.009348074,4.559708,1.07,0.007489912,0.00144266,-0.8089597,-0.01072884,-0.005513429,0.06111897,1.223
2024_02_11_02_26_10_402,0.4,-0.4812193,246114.0,209603.0,11.30746,-10.82998,0.1360623,6.281375,0.009348203,4.528962,1.07,0.007583414,0.001474507,-0.8092837,-0.01001358,-0.001490116,-0.01550559,1.223
2024_02_11_02_26_10_439,0.4,-0.4814157,246228.0,209684.0,11.2995,-10.86864,0.1360623,6.281375,0.009348659,4.499017,1.07,0.007567604,0.001406124,-0.8094988,0.006437301,-0.002562999,0.03089104,1.223
2024_02_11_02_26_10_473,0.4,-0.4816146,246332.0,209758.0,11.29118,-10.90392,0.1360624,6.281375,0.00934881,4.471489,1.07,0.007537934,0.001426814,-0.8097207,0.0231266,0.005096197,-0.06092805,1.223
2024_02_11_02_26_10_509,0.4,-0.4818674,246446.0,209839.0,11.28102,-10.94205,0.1360625,6.281374,0.009349364,4.441521,1.07,0.007519646,0.001461475,-0.8101375,-0.01645088,-0.005275011,0.0345977,1.223
2024_02_11_02_26_10_542,0.4,-0.4820683,246547.0,209911.0,11.27101,-10.97577,0.1360625,6.281374,0.009349334,4.414781,1.07,0.007568031,0.001507139,-0.8104499,-0.0002384186,-0.007569789,0.00372529,1.223
2024_02_11_02_26_10_580,0.4,-0.4822687,246664.0,209994.0,11.25836,-11.01425,0.1360626,6.281374,0.009349562,4.383978,1.07,0.007576426,0.001423887,-0.8106589,0.02193451,0.004559755,0.01158006,1.223
2024_02_11_02_26_10_618,0.4,-0.4825138,246778.0,210074.0,11.24491,-11.05132,0.1360626,6.281373,0.009349852,4.353975,1.07,0.007589286,0.001492721,-0.8109856,0.01502037,0.001132488,-0.01898035,1.223
2024_02_11_02_26_10_651,0.4,-0.4827193,246883.0,210149.0,11.23158,-11.08501,0.1360627,6.281373,0.009349985,4.326393,1.07,0.007669809,0.00149842,-0.8112655,0.00834465,0.002026558,0.01931563,1.223
2024_02_11_02_26_10_688,0.4,-0.4829188,246997.0,210229.0,11.21603,-11.12123,0.1360629,6.281372,0.009350124,4.296363,1.07,0.007568283,0.001505485,-0.8116435,-0.03612041,-0.007271766,0.03392249,1.223
2024_02_11_02_26_10_722,0.4,-0.4831189,247101.0,210304.0,11.20078,-11.15409,0.1360629,6.281372,0.009350446,4.268758,1.07,0.007584222,0.001477715,-0.8119109,-0.005125999,-0.0005364418,0.007547438,1.223
2024_02_11_02_26_10_760,0.4,-0.4833655,247215.0,210384.0,11.18317,-11.18935,0.1360629,6.281371,0.009350675,4.238706,1.07,0.007590768,0.001504163,-0.8122658,-0.007390975,0.001728535,-0.0422988,1.223
2024_02_11_02_26_10_793,0.4,-0.4835646,247316.0,210456.0,11.16657,-11.22034,0.136063,6.281371,0.009350981,4.21189,1.07,0.007620864,0.00147421,-0.8126742,-0.002622604,-0.003159046,0.00380259,1.223
2024_02_11_02_26_10_827,0.4,-0.4837649,247421.0,210531.0,11.14861,-11.25178,0.136063,6.28137,0.009351031,4.184252,1.06,0.007536165,0.001485354,-0.8130432,-0.02241134,-0.01084804,0.04566088,1.223
2024_02_11_02_26_10_864,0.4,-0.4839662,247535.0,210611.0,11.1281,-11.28542,0.1360632,6.28137,0.009351182,4.154164,1.06,0.007590646,0.001497167,-0.8133473,-0.02121925,-0.005483627,-0.008029863,1.223
2024_02_11_02_26_10_897,0.4,-0.4841639,247639.0,210685.0,11.10837,-11.31577,0.1360632,6.281369,0.009351291,4.126503,1.06,0.007586054,0.001504214,-0.8136681,-0.01275539,0.0001788139,-0.02324488,1.223
2024_02_11_02_26_10_934,0.4,-0.4844164,247753.0,210766.0,11.08595,-11.34815,0.1360633,6.281369,0.009351635,4.096393,1.06,0.007561544,0.001459547,-0.8139364,-0.02408027,-0.003576278,-0.0005466864,1.223
2024_02_11_02_26_10_972,0.4,-0.4846147,247870.0,210849.0,11.06192,-11.38069,0.1360633,6.281368,0.00935206,4.065455,1.06,0.007623869,0.001475811,-0.8141876,0.01597404,0.007331371,-0.09177718,1.223
2024_02_11_02_26_11_010,0.4,-0.484868,247984.0,210929.0,11.03758,-11.41164,0.1360634,6.281368,0.009352528,4.035325,1.06,0.007619348,0.001535538,-0.8145683,-0.02098083,-0.00745058,-0.007583759,1.223
2024_02_11_02_26_11_042,0.4,-0.4850651,248086.0,211001.0,11.01509,-11.43861,0.1360635,6.281367,0.009352733,4.00844,1.06,0.007560931,0.001502707,-0.8148741,-0.02133846,-0.009000301,0.01136959,1.223
2024_02_11_02_26_11_081,0.4,-0.4852621,248202.0,211084.0,10.98831,-11.4689,0.1360634,6.281367,0.00935285,3.977467,1.06,0.007655093,0.001490177,-0.815191,0.02706051,0.01138449,-0.0801254,1.223
2024_02_11_02_26_11_113,0.4,-0.4854651,248304.0,211155.0,10.9643,-11.49452,0.1360637,6.281366,0.009353004,3.950556,1.06,0.007656237,0.001461824,-0.815446,0.03051758,0.00923872,-0.08789263,1.223
2024_02_11_02_26_11_151,0.4,-0.4857185,248421.0,211237.0,10.93581,-11.52321,0.1360636,6.281366,0.009353261,3.919559,1.06,0.00765376,0.001520098,-0.8157926,-0.02849102,-0.005185604,0.02658367,1.223
2024_02_11_02_26_11_185,0.4,-0.4859164,248522.0,211309.0,10.91038,-11.54739,0.1360637,6.281365,0.00935364,3.892631,1.06,0.007643314,0.001454735,-0.8160771,0.03027916,0.004708767,-0.01495518,1.223
2024_02_11_02_26_11_222,0.4,-0.4861147,248639.0,211391.0,10.88029,-11.57437,0.1360639,6.281365,0.009353745,3.861611,1.06,0.007597916,0.001499737,-0.8163958,-0.01060963,-0.002980232,-0.008013099,1.223
2024_02_11_02_26_11_260,0.4,-0.4863631,248753.0,211472.0,10.85021,-11.59972,0.1360638,6.281364,0.009354085,3.831396,1.06,0.007630094,0.001501528,-0.8167045,-0.008702278,-0.005364418,0.02289191,1.223
2024_02_11_02_26_11_297,0.4,-0.486564,248870.0,211554.0,10.81854,-11.6248,0.1360639,6.281364,0.009354318,3.800352,1.06,0.00771037,0.001510845,-0.8169577,0.003457069,0.001966953,0.007708556,1.223
2024_02_11_02_26_11_335,0.4,-0.4868151,248984.0,211634.0,10.78697,-11.64826,0.1360639,6.281363,0.009354694,3.770113,1.06,0.007658899,0.001502074,-0.8173616,0.01680851,0.002592802,-0.06482471,1.223
2024_02_11_02_26_11_368,0.4,-0.4870139,249085.0,211706.0,10.75824,-11.66837,0.136064,6.281363,0.009354786,3.743133,1.06,0.007622241,0.00150001,-0.8176867,0.006914138,0.001698732,-0.06508827,1.223
2024_02_11_02_26_11_402,0.4,-0.4872193,249190.0,211780.0,10.72808,-11.68827,0.1360641,6.281363,0.009355087,3.715327,1.06,0.007559602,0.001468892,-0.8180042,-0.01692772,-0.008374453,0.06875861,1.223
2024_02_11_02_26_11_438,0.4,-0.4874166,249304.0,211860.0,10.69464,-11.70895,0.1360642,6.281362,0.009355337,3.685055,1.06,0.007687741,0.001531604,-0.8183078,-0.01239777,-0.007659196,0.03823452,1.223
2024_02_11_02_26_11_476,0.4,-0.4876634,249421.0,211942.0,10.65968,-11.72914,0.1360643,6.281362,0.009355632,3.653953,1.06,0.007690512,0.001477842,-0.8186221,-0.004529953,-0.006854534,0.034336,1.223
2024_02_11_02_26_11_509,0.4,-0.4878663,249522.0,212014.0,10.62883,-11.74577,0.1360643,6.281361,0.009355744,3.626933,1.06,0.007680677,0.001541076,-0.8188031,-0.01072884,-0.001221895,-0.01163036,1.223
2024_02_11_02_26_11_547,0.4,-0.4880638,249639.0,212096.0,10.59276,-11.76388,0.1360644,6.281361,0.009356078,3.595808,1.06,0.00770231,0.001507232,-0.8191105,0.003099441,0.003486871,-0.01515634,1.223
2024_02_11_02_26_11_584,0.4,-0.4883179,249753.0,212176.0,10.55711,-11.78042,0.1360645,6.28136,0.009356493,3.565491,1.06,0.007699773,0.00144021,-0.8194502,0.02849102,0.005722045,-0.01108088,1.223
2024_02_11_02_26_11_618,0.4,-0.488514,249854.0,212248.0,10.52492,-11.79426,0.1360645,6.28136,0.009356521,3.53844,1.06,0.007669191,0.001545875,-0.819822,0.002861023,0.00205636,-0.06510504,1.223
2024_02_11_02_26_11_656,0.4,-0.4887135,249971.0,212330.0,10.48741,-11.8091,0.1360646,6.28136,0.00935664,3.507278,1.06,0.007673143,0.001572884,-0.8201275,-0.007033348,0.0002533197,-0.0345204,1.223
2024_02_11_02_26_11_693,0.4,-0.4889651,250085.0,212410.0,10.45045,-11.82243,0.1360647,6.281359,0.00935699,3.476924,1.06,0.007674907,0.001498757,-0.8204795,-0.004410744,0.0005066395,-0.003911555,1.223
2024_02_11_02_26_11_730,0.4,-0.4891671,250202.0,212493.0,10.41211,-11.83493,0.1360646,6.281359,0.009357339,3.445737,1.06,0.007664228,0.00150293,-0.8209015,-0.01525879,-0.007554888,0.06120558,1.223
2024_02_11_02_26_11_768,0.4,-0.4894144,250316.0,212573.0,10.37441,-11.84595,0.1360647,6.281358,0.009357481,3.415359,1.06,0.007623872,0.001526382,-0.8211398,-0.001192093,-0.00333786,0.01913775,1.223
2024_02_11_02_26_11_805,0.4,-0.4896105,250433.0,212655.0,10.33538,-11.85607,0.1360648,6.281358,0.009357781,3.384149,1.06,0.00767899,0.001528193,-0.8214948,-0.02384186,-0.006437301,0.03044307,1.223
2024_02_11_02_26_11_838,0.4,-0.489816,250534.0,212727.0,10.30124,-11.86387,0.136065,6.281357,0.009358034,3.357034,1.06,0.007649933,0.001497302,-0.8217248,0.001430511,-0.0002831221,0.01528114,1.223
2024_02_11_02_26_11_877,0.4,-0.4900667,250651.0,212809.0,10.26168,-11.8717,0.1360649,6.281357,0.009358305,3.325801,1.06,0.007646556,0.001590334,-0.8221655,-0.05340576,-0.01500547,0.09544752,1.223
2024_02_11_02_26_11_914,0.4,-0.4902672,250765.0,212890.0,10.22298,-11.87812,0.1360651,6.281356,0.009358545,3.295377,1.06,0.007705977,0.00148495,-0.822304,0.00500679,0.00308454,-0.02299528,1.223
2024_02_11_02_26_11_947,0.4,-0.4904648,250866.0,212961.0,10.1883,-11.88286,0.136065,6.281356,0.009358761,3.268233,1.06,0.007629947,0.001574661,-0.8226249,-0.02253055,-0.007078051,0.04195049,1.223
2024_02_11_02_26_11_985,0.4,-0.4907167,250983.0,213043.0,10.14823,-11.88715,0.1360652,6.281355,0.009358975,3.236964,1.06,0.007736191,0.001517506,-0.8229036,-0.002503395,0.002264977,-0.007604248,1.223
2024_02_11_02_26_12_022,0.4,-0.4909124,251097.0,213123.0,10.10911,-11.89011,0.1360653,6.281355,0.00935923,3.206507,1.06,0.007743208,0.001539678,-0.8232183,-0.0003576278,0.004261732,-0.03062468,1.223
2024_02_11_02_26_12_055,0.4,-0.4911177,251202.0,213197.0,10.0731,-11.89179,0.1360653,6.281354,0.009359526,3.178509,1.06,0.007660832,0.001535025,-0.8235749,-0.01966953,-0.0051409,0.02274755,1.223
2024_02_11_02_26_12_093,0.4,-0.4913659,251316.0,213277.0,10.03389,-11.89246,0.1360654,6.281354,0.009359886,3.148028,1.06,0.0076653,0.001528291,-0.8239445,-0.01895428,-0.003620982,-0.01922064,1.223
2024_02_11_02_26_12_131,0.4,-0.4915679,251432.0,213359.0,9.993617,-11.89191,0.1360654,6.281353,0.009360138,3.116713,1.06,0.007676125,0.001580155,-0.8243412,-0.02610683,-0.01305342,0.1032865,1.223
2024_02_11_02_26_12_167,0.4,-0.4918148,251546.0,213438.0,9.954448,-11.89017,0.1360657,6.281353,0.009360481,3.086209,1.06,0.007707335,0.001457863,-0.8245071,0.03707409,0.006660819,-0.06100069,1.223
2024_02_11_02_26_12_202,0.4,-0.4920171,251651.0,213512.0,9.918519,-11.88751,0.1360656,6.281353,0.009360471,3.058168,1.06,0.007678121,0.001537048,-0.8248371,-0.002026558,-0.002071261,0.03445614,1.223
2024_02_11_02_26_12_238,0.4,-0.4922177,251765.0,213591.0,9.879527,-11.88347,0.1360657,6.281352,0.009361047,3.027642,1.06,0.007731411,0.001497444,-0.8251964,-0.03516674,-0.008806586,0.03442727,1.223
2024_02_11_02_26_12_277,0.4,-0.4924677,251882.0,213673.0,9.839638,-11.87809,0.1360658,6.281352,0.009361183,2.996279,1.06,0.007694378,0.00149042,-0.8255235,-0.004053116,-0.001162291,8.475035e-05,1.223
2024_02_11_02_26_12_309,0.4,-0.4926653,251983.0,213744.0,9.805155,-11.87241,0.1360658,6.281352,0.009361281,2.969032,1.06,0.007772197,0.001527851,-0.8257201,0.001788139,0.0006705522,-0.007398426,1.223
2024_02_11_02_26_12_346,0.4,-0.4928662,252097.0,213824.0,9.766695,-11.86492,0.1360659,6.281351,0.009361682,2.938472,1.06,0.007722226,0.001532689,-0.8260726,0.01192093,0.0001788139,-0.05320459,1.223
2024_02_11_02_26_12_385,0.4,-0.4931153,252214.0,213906.0,9.727459,-11.85601,0.136066,6.281351,0.009362016,2.907077,1.06,0.007754077,0.001517218,-0.8263696,-0.01394749,-0.001654029,-0.003717839,1.223
2024_02_11_02_26_12_422,0.4,-0.4933159,252328.0,213985.0,9.689545,-11.84616,0.1360661,6.28135,0.009362269,2.876495,1.06,0.007705697,0.001522012,-0.8266886,-0.02133846,-0.005811452,0.01892354,1.223
2024_02_11_02_26_12_456,0.4,-0.4935133,252432.0,214059.0,9.65499,-11.83609,0.1360661,6.28135,0.009362321,2.84838,1.06,0.007699627,0.001544959,-0.8270823,-0.02837181,-0.00667572,0.01501106,1.223
2024_02_11_02_26_12_489,0.4,-0.493714,252534.0,214130.0,9.621738,-11.8254,0.1360662,6.281349,0.009362184,2.821082,1.06,0.007753319,0.001591744,-0.8272498,0.007510185,0.0009536743,0.03036018,1.223
2024_02_11_02_26_12_526,0.4,-0.4939635,252651.0,214212.0,9.583838,-11.81196,0.1360662,6.281349,0.009362653,2.789636,1.06,0.007752417,0.001541965,-0.8276563,0.01883507,0.002413988,-0.03438909,1.223
2024_02_11_02_26_12_563,0.4,-0.494165,252764.0,214291.0,9.547362,-11.79775,0.1360663,6.281348,0.009362754,2.759005,1.06,0.007770123,0.001576201,-0.8280262,-0.005364418,0.001043081,-0.04235748,1.223
2024_02_11_02_26_12_602,0.4,-0.4944096,252881.0,214373.0,9.510372,-11.78199,0.1360664,6.281348,0.009363124,2.727534,1.06,0.007785366,0.00153932,-0.8283682,0.00333786,0.001460314,-0.02671964,1.223
2024_02_11_02_26_12_634,0.4,-0.4946175,252983.0,214444.0,9.478668,-11.76737,0.1360665,6.281347,0.009363269,2.700194,1.06,0.007817408,0.001516275,-0.8285786,0.004768372,0.003218651,-0.03841612,1.223
2024_02_11_02_26_12_672,0.4,-0.4948179,253097.0,214524.0,9.443625,-11.74996,0.1360665,6.281347,0.009363611,2.669529,1.06,0.007770197,0.001519534,-0.8289041,0.007152557,0.002205372,-0.04596449,1.223
2024_02_11_02_26_12_710,0.4,-0.4950707,253214.0,214606.0,9.408205,-11.73097,0.1360664,6.281346,0.009363847,2.638023,1.06,0.007743007,0.00154101,-0.8291527,0.01823902,0.004827976,-0.05329866,1.223
2024_02_11_02_26_12_747,0.4,-0.4952671,253327.0,214685.0,9.374317,-11.71142,0.1360666,6.281346,0.009364139,2.607334,1.06,0.007739815,0.001534156,-0.8295214,-0.004887581,0.0008642673,-0.0114264,1.223
2024_02_11_02_26_12_781,0.4,-0.495467,253432.0,214758.0,9.343719,-11.69254,0.1360666,6.281345,0.009364403,2.579124,1.06,0.00772912,0.001523348,-0.8297703,0.02264976,0.005513429,-0.03408454,1.223
2024_02_11_02_26_12_818,0.4,-0.4957124,253546.0,214838.0,9.31105,-11.67104,0.1360667,6.281345,0.009364578,2.548414,1.06,0.00770377,0.00158523,-0.8301976,0.005125999,-0.001072884,-0.0114236,1.223
2024_02_11_02_26_12_856,0.4,-0.4959131,253663.0,214920.0,9.278208,-11.64792,0.1360669,6.281344,0.009364842,2.51686,1.06,0.007676208,0.001536121,-0.8305469,-0.0191927,-0.008553267,0.04179403,1.223
2024_02_11_02_26_12_893,0.4,-0.4961645,253776.0,215000.0,9.246953,-11.62443,0.1360669,6.281344,0.009365288,2.486124,1.06,0.007773533,0.001504239,-0.8308384,0.01609325,-0.0002384186,-0.01896545,1.223
2024_02_11_02_26_12_930,0.4,-0.4963644,253893.0,215081.0,9.21562,-11.59932,0.136067,6.281343,0.009365572,2.454547,1.06,0.007762659,0.001501798,-0.8311872,0.01525879,0.004410744,-0.07633679,1.223
2024_02_11_02_26_12_968,0.4,-0.4966142,254007.0,215161.0,9.185899,-11.57394,0.1360671,6.281343,0.009365927,2.423789,1.06,0.007751914,0.001521482,-0.8314146,-0.04208088,-0.0128448,0.0801105,1.223
2024_02_11_02_26_13_006,0.4,-0.496819,254124.0,215243.0,9.156205,-11.54693,0.1360671,6.281343,0.009365978,2.392185,1.06,0.007802297,0.001522756,-0.8317826,0.01060963,-0.004023314,0.003995374,1.223
2024_02_11_02_26_13_043,0.4,-0.4970646,254238.0,215323.0,9.128131,-11.51975,0.1360672,6.281342,0.009366305,2.361401,1.06,0.007705474,0.001487114,-0.8321941,-0.009179115,-0.01177192,0.04587695,1.223
2024_02_11_02_26_13_081,0.4,-0.4972687,254355.0,215404.0,9.100183,-11.49096,0.1360673,6.281342,0.009366474,2.329775,1.06,0.007809872,0.001579154,-0.8324318,-0.03015995,-0.006318092,0.01503713,1.223
2024_02_11_02_26_13_117,0.4,-0.4975117,254469.0,215484.0,9.073868,-11.46209,0.1360673,6.281342,0.009366821,2.298968,1.06,0.007808489,0.001516712,-0.8327561,-0.00667572,-0.00461936,0.02308935,1.223
2024_02_11_02_26_13_156,0.4,-0.4977118,254585.0,215565.0,9.047782,-11.43161,0.1360674,6.281341,0.009366954,2.267315,1.06,0.007810557,0.001541329,-0.8330598,0.01716614,0.003635883,-0.06891973,1.223
2024_02_11_02_26_13_192,0.4,-0.4979624,254699.0,215644.0,9.023324,-11.40116,0.1360675,6.281341,0.009367318,2.236488,1.06,0.007762073,0.001533348,-0.8333567,-0.003576278,-0.003516674,-0.03061723,1.223
2024_02_11_02_26_13_226,0.4,-0.4981644,254801.0,215715.0,9.002311,-11.37339,0.1360676,6.28134,0.009367526,2.208981,1.06,0.007786058,0.001531149,-0.833684,-0.01430511,-0.007539987,0.01897197,1.223
2024_02_11_02_26_13_259,0.4,-0.4983652,254905.0,215788.0,8.981474,-11.34418,0.1360675,6.28134,0.009367512,2.180627,1.06,0.00774869,0.001587423,-0.8340566,-0.004768372,-0.0007748603,-0.01941249,1.223
2024_02_11_02_26_13_292,0.4,-0.4985667,255007.0,215858.0,8.962055,-11.31528,0.1360677,6.281339,0.009367793,2.153098,1.06,0.007774442,0.001543557,-0.8343145,-0.02133846,-0.009298325,0.09153131,1.223
2024_02_11_02_26_13_330,0.4,-0.4987686,255124.0,215940.0,8.940688,-11.28136,0.1360677,6.281339,0.00936818,2.12139,1.05,0.007847015,0.001493507,-0.834637,0.02741813,0.007778406,-0.04955474,1.223
2024_02_11_02_26_13_363,0.4,-0.4989718,255225.0,216010.0,8.923017,-11.25136,0.1360676,6.281338,0.009368323,2.093844,1.05,0.007874426,0.001571901,-0.8348357,0.00500679,0.003099441,-0.06487966,1.223
2024_02_11_02_26_13_401,0.4,-0.4992119,255339.0,216089.0,8.9042,-11.21718,0.1360678,6.281338,0.009368714,2.062949,1.05,0.007886109,0.001534907,-0.8351947,0.01180172,-0.001013279,-0.003813766,1.223
2024_02_11_02_26_13_438,0.4,-0.4994148,255456.0,216171.0,8.885984,-11.18149,0.136068,6.281337,0.009368923,2.031206,1.05,0.00787222,0.001508342,-0.8353981,0.01275539,0.001311302,-0.007705763,1.223
2024_02_11_02_26_13_476,0.4,-0.4996628,255570.0,216250.0,8.869349,-11.14621,0.136068,6.281337,0.009369159,2.000286,1.05,0.007852572,0.001592955,-0.8357856,-0.03409386,-0.006437301,-0.007990748,1.223
2024_02_11_02_26_13_514,0.4,-0.4998605,255687.0,216331.0,8.853407,-11.10945,0.1360679,6.281337,0.009369307,1.96852,1.05,0.0077629,0.001590235,-0.8361765,0.01335144,0.003352761,-0.05328375,1.223
2024_02_11_02_26_13_546,0.4,-0.5000631,255788.0,216402.0,8.840517,-11.07714,0.1360681,6.281336,0.009369571,1.940921,1.05,0.007852978,0.001584109,-0.8364744,-0.0193119,-0.008165836,0.03803428,1.223
2024_02_11_02_26_13_585,0.4,-0.5003107,255905.0,216483.0,8.826782,-11.03952,0.1360682,6.281336,0.009369977,1.909129,1.05,0.007879316,0.001499656,-0.8366196,0.04482269,0.01531839,-0.07988139,1.223
2024_02_11_02_26_13_622,0.4,-0.5005107,256019.0,216562.0,8.814573,-11.00249,0.1360683,6.281335,0.009370156,1.878163,1.05,0.007785612,0.001528893,-0.8370075,0.0007152557,-0.003024935,0.01898874,1.223
2024_02_11_02_26_13_660,0.4,-0.5007637,256136.0,216643.0,8.803232,-10.96409,0.1360683,6.281335,0.009370503,1.846352,1.05,0.007798278,0.001553748,-0.8373641,-0.005364418,-0.004559755,2.142042e-05,1.223
2024_02_11_02_26_13_697,0.4,-0.5009629,256250.0,216722.0,8.793374,-10.92638,0.1360684,6.281334,0.009370859,1.815363,1.05,0.007884903,0.001521898,-0.8375477,0.03039837,0.009909271,-0.03392156,1.223
2024_02_11_02_26_13_733,0.4,-0.501215,256367.0,216804.0,8.784471,-10.88736,0.1360685,6.281334,0.009370921,1.783527,1.05,0.007841267,0.001577887,-0.8378646,-0.009059906,-0.0004172325,-0.007939525,1.223
2024_02_11_02_26_13_767,0.4,-0.501413,256468.0,216874.0,8.777749,-10.85326,0.1360686,6.281334,0.009371364,1.755872,1.05,0.007881447,0.00155733,-0.8382635,-0.01978874,-0.007629394,0.01521408,1.223
2024_02_11_02_26_13_805,0.4,-0.5016164,256585.0,216956.0,8.771185,-10.81379,0.1360686,6.281333,0.00937147,1.724009,1.05,0.007857166,0.001507932,-0.8386634,0.001907349,0.002965331,-0.04607066,1.223
2024_02_11_02_26_13_844,0.4,-0.5018653,256699.0,217035.0,8.766005,-10.77518,0.1360686,6.281332,0.00937166,1.692973,1.05,0.007865968,0.001563011,-0.8389546,-0.00655651,-0.004023314,0.01921039,1.223
2024_02_11_02_26_13_876,0.4,-0.5020629,256800.0,217105.0,8.7624,-10.74063,0.1360687,6.281332,0.009371818,1.665285,1.05,0.007905451,0.001535542,-0.8392053,0.003695488,-0.0008493661,-0.01149997,1.223
2024_02_11_02_26_13_913,0.4,-0.5022616,256917.0,217186.0,8.759433,-10.70074,0.1360687,6.281332,0.009371996,1.633387,1.05,0.007838825,0.001570012,-0.8394902,-0.010252,0.002413988,-0.03062095,1.223
2024_02_11_02_26_13_951,0.4,-0.5025127,257031.0,217266.0,8.757771,-10.66183,0.1360689,6.281332,0.00937249,1.602315,1.05,0.007829311,0.001526293,-0.8398084,-0.004768372,-0.004574656,0.01534354,1.223
2024_02_11_02_26_13_984,0.4,-0.5027118,257136.0,217338.0,8.757306,-10.62606,0.1360689,6.281331,0.009372653,1.573757,1.05,0.007912645,0.001552758,-0.8400396,0.01180172,-0.0002086162,-0.01515355,1.223
2024_02_11_02_26_14_018,0.4,-0.5029116,257237.0,217409.0,8.757832,-10.59135,0.136069,6.281331,0.009373017,1.546027,1.05,0.00783689,0.001539044,-0.840403,-0.005245208,-0.002577901,-0.01529977,1.223
2024_02_11_02_26_14_055,0.4,-0.5031129,257351.0,217488.0,8.759569,-10.55246,0.136069,6.28133,0.00937328,1.514926,1.05,0.007870143,0.001520176,-0.8407855,-0.01597404,-0.004857779,0.01538452,1.223
2024_02_11_02_26_14_089,0.4,-0.5033128,257456.0,217561.0,8.762234,-10.5168,0.136069,6.28133,0.009373377,1.486336,1.05,0.007835865,0.00155452,-0.8410347,-0.006437301,-0.004678965,-3.911554e-05,1.223
2024_02_11_02_26_14_127,0.4,-0.5035626,257569.0,217640.0,8.766284,-10.4781,0.1360691,6.281329,0.009373533,1.455208,1.05,0.00793594,0.001606524,-0.8413021,-0.02813339,-0.004351139,0.007628463,1.223
2024_02_11_02_26_14_159,0.4,-0.5037616,257674.0,217712.0,8.77107,-10.44266,0.1360693,6.281329,0.009373927,1.426598,1.05,0.007867313,0.001532838,-0.8416387,-0.005841255,-0.007122755,0.02289563,1.223
2024_02_11_02_26_14_192,0.4,-0.5039659,257775.0,217783.0,8.776678,-10.40842,0.1360692,6.281329,0.009373991,1.398816,1.05,0.007849185,0.001594217,-0.8419955,-0.0191927,-0.004261732,0.01523457,1.223
2024_02_11_02_26_14_226,0.4,-0.5041686,257877.0,217853.0,8.783235,-10.37436,0.1360693,6.281328,0.009374135,1.371029,1.05,0.007832693,0.001610344,-0.8422151,0.006794929,-0.002712011,0.00378862,1.223
2024_02_11_02_26_14_264,0.4,-0.5043663,257994.0,217934.0,8.791956,-10.33537,0.1360695,6.281328,0.009374522,1.339019,1.05,0.007845595,0.001609656,-0.8424928,-0.03564358,-0.01063943,0.0494942,1.223
2024_02_11_02_26_14_297,0.4,-0.5045642,258095.0,218004.0,8.800532,-10.30177,0.1360696,6.281327,0.009374748,1.311209,1.05,0.007864784,0.001593869,-0.8427553,-0.02229214,-0.007688999,0.01505669,1.223
2024_02_11_02_26_14_334,0.4,-0.5048122,258212.0,218084.0,8.811564,-10.26339,0.1360695,6.281327,0.009374863,1.279174,1.05,0.007937795,0.001596967,-0.8431173,0.002980232,0.001102686,0.003912486,1.223
2024_02_11_02_26_14_368,0.4,-0.5050145,258314.0,218155.0,8.822135,-10.23037,0.1360695,6.281327,0.009375113,1.251344,1.05,0.007853469,0.00163268,-0.8433815,-0.004291534,0.001639128,-0.007624737,1.223
2024_02_11_02_26_14_404,0.4,-0.5052135,258428.0,218233.0,8.835073,-10.19371,0.1360697,6.281326,0.009375555,1.220133,1.05,0.007932935,0.001571086,-0.8436838,-0.006794929,0.0005960464,-0.06124749,1.223
2024_02_11_02_26_14_442,0.4,-0.5054637,258545.0,218314.0,8.849545,-10.15651,0.1360697,6.281326,0.009375819,1.188064,1.05,0.007891166,0.001590802,-0.8440275,-0.01680851,-0.003933907,-0.007606111,1.223
2024_02_11_02_26_14_476,0.4,-0.5056663,258646.0,218384.0,8.86307,-10.1246,0.1360698,6.281325,0.009375922,1.160205,1.05,0.007913223,0.001626039,-0.8442801,0.01466274,0.002026558,-0.007635913,1.223
2024_02_11_02_26_14_513,0.4,-0.5058638,258763.0,218465.0,8.879734,-10.08835,0.13607,6.281325,0.009376291,1.128114,1.05,0.007937365,0.001560345,-0.8445334,0.008106232,0.005424022,-0.0305511,1.223
2024_02_11_02_26_14_547,0.4,-0.5060649,258864.0,218535.0,8.895145,-10.05732,0.13607,6.281325,0.009376781,1.10024,1.05,0.007905488,0.001552048,-0.8448967,-0.02396107,-0.004529953,0.04591886,1.223
2024_02_11_02_26_14_585,0.4,-0.5063154,258981.0,218615.0,8.91395,-10.02213,0.1360701,6.281324,0.009376831,1.06813,1.05,0.007881615,0.00156326,-0.8451844,0.01966953,0.003546476,-0.02671405,1.223
2024_02_11_02_26_14_618,0.4,-0.50652,259083.0,218686.0,8.931186,-9.992091,0.13607,6.281324,0.009377028,1.040233,1.05,0.007944232,0.001638348,-0.8454541,0.01239777,0.002652406,-0.03035459,1.223
2024_02_11_02_26_14_650,0.4,-0.5067172,259184.0,218756.0,8.94925,-9.962543,0.1360702,6.281323,0.009377318,1.01233,1.05,0.007951639,0.001630232,-0.845686,-0.0333786,-0.007182359,0.03430806,1.223
2024_02_11_02_26_14_688,0.4,-0.5069119,259301.0,218836.0,8.971058,-9.929161,0.1360703,6.281323,0.009377549,0.9801865,1.05,0.007963191,0.001566512,-0.8459208,0.0140667,0.004678965,-0.02663489,1.223
2024_02_11_02_26_14_726,0.4,-0.5071653,259415.0,218915.0,8.993314,-9.897352,0.1360702,6.281322,0.009377711,0.9488758,1.05,0.007908485,0.001615196,-0.8463739,-0.01966953,-0.007539987,0.04188157,1.223
2024_02_11_02_26_14_763,0.4,-0.5073638,259532.0,218996.0,9.017189,-9.865434,0.1360704,6.281322,0.009378071,0.9167064,1.05,0.007891896,0.001538948,-0.8467668,0.01764297,0.000745058,-0.01508184,1.223
2024_02_11_02_26_14_800,0.4,-0.5076107,259646.0,219074.0,9.041414,-9.835113,0.1360704,6.281322,0.009378053,0.8853732,1.05,0.007935399,0.001634834,-0.8469731,-0.02133846,-0.004947185,0.01515075,1.223
2024_02_11_02_26_14_834,0.4,-0.5078104,259750.0,219146.0,9.064495,-9.807934,0.1360704,6.281321,0.009378255,0.8565685,1.05,0.007916048,0.001656395,-0.8473011,-0.005841255,-0.001549721,-0.04595238,1.223
2024_02_11_02_26_14_872,0.4,-0.5080142,259864.0,219225.0,9.090488,-9.779127,0.1360706,6.281321,0.009378765,0.8252097,1.05,0.007933629,0.001525135,-0.8477061,0.01513958,0.005662441,-0.05728006,1.223
2024_02_11_02_26_14_909,0.4,-0.5082669,259981.0,219306.0,9.118107,-9.750413,0.1360707,6.281321,0.009379055,0.7929882,1.05,0.007940029,0.001507701,-0.8480286,0.02968311,0.00795722,-0.08780508,1.223
2024_02_11_02_26_14_943,0.4,-0.5084652,260083.0,219376.0,9.142825,-9.726213,0.1360708,6.28132,0.009379116,0.7649989,1.05,0.007980904,0.00154973,-0.8482193,0.01645088,0.001370907,-0.01159683,1.223
2024_02_11_02_26_14_979,0.4,-0.5086638,260196.0,219454.0,9.171329,-9.699919,0.1360707,6.28132,0.009379534,0.7336045,1.05,0.00794048,0.001559121,-0.8485193,0.008225441,0.006765127,-0.07628091,1.223
2024_02_11_02_26_15_014,0.4,-0.5088785,260301.0,219527.0,9.19823,-9.676561,0.1360709,6.281319,0.009379571,0.7047486,1.05,0.007961292,0.001595735,-0.8487912,-0.010252,-0.0009238719,0.026647,1.223
2024_02_11_02_26_15_050,0.4,-0.5090895,260415.0,219605.0,9.228255,-9.65204,0.136071,6.281319,0.00938001,0.6733361,1.05,0.007987703,0.00154436,-0.8490146,0.02133846,0.01096725,-0.05701836,1.223
2024_02_11_02_26_15_084,0.4,-0.5093161,260519.0,219677.0,9.256507,-9.630351,0.136071,6.281318,0.009380287,0.644462,1.05,0.007923287,0.001607501,-0.8493935,-0.02479553,-0.01049042,0.04179682,1.223
2024_02_11_02_26_15_121,0.4,-0.5095161,260633.0,219756.0,9.28795,-9.607689,0.136071,6.281318,0.009380469,0.6130267,1.05,0.008013554,0.00151613,-0.8497144,0.003814697,0.004947185,-0.01521874,1.223
2024_02_11_02_26_15_160,0.4,-0.5097604,260750.0,219837.0,9.320964,-9.585457,0.1360711,6.281318,0.009380658,0.580731,1.05,0.007921942,0.001595888,-0.8500988,0.01442432,-0.002801418,0.03836583,1.223
2024_02_11_02_26_15_194,0.4,-0.5099393,260852.0,219907.0,9.3502,-9.567027,0.1360711,6.281317,0.009380805,0.5526741,1.05,0.007939452,0.001604031,-0.8503364,0.002384186,-0.001341104,-0.007463619,1.223
2024_02_11_02_26_15_230,0.4,-0.5101675,260965.0,219985.0,9.383574,-9.547353,0.1360712,6.281317,0.009381028,0.5212062,1.05,0.008003874,0.001638231,-0.8506272,0.0009536743,-0.0008046626,-0.01533981,1.223
2024_02_11_02_26_15_268,0.4,-0.510418,261082.0,220065.0,9.418474,-9.528252,0.1360713,6.281316,0.009381326,0.4888743,1.05,0.007896713,0.001653402,-0.8510551,-0.03290176,-0.01129508,0.02649613,1.223
2024_02_11_02_26_15_305,0.4,-0.5106121,261196.0,220143.0,9.453024,-9.510751,0.1360713,6.281316,0.009381683,0.4573835,1.05,0.007947427,0.001603169,-0.8512636,-0.02026558,-0.006139278,0.03426522,1.223
2024_02_11_02_26_15_338,0.4,-0.5108163,261301.0,220215.0,9.485238,-9.495636,0.1360714,6.281316,0.009381966,0.4284355,1.05,0.007966092,0.001587662,-0.8515013,-0.02908706,-0.008776784,0.08016358,1.223
2024_02_11_02_26_15_375,0.4,-0.5110646,261415.0,220293.0,9.520775,-9.480259,0.1360715,6.281315,0.009382239,0.3969212,1.05,0.007948752,0.001561366,-0.8519223,-0.00500679,-0.0003576278,-0.01163129,1.223
2024_02_11_02_26_15_414,0.4,-0.5112606,261531.0,220373.0,9.557754,-9.465639,0.1360715,6.281314,0.009382437,0.3645409,1.05,0.007956007,0.001558609,-0.8522842,-0.002622604,-0.002235174,0.003966503,1.223
2024_02_11_02_26_15_447,0.4,-0.5114637,261633.0,220443.0,9.590228,-9.453922,0.1360715,6.281314,0.009382446,0.336411,1.05,0.008002263,0.001638141,-0.8525102,0.003933907,-0.0002086162,-0.007733702,1.223
2024_02_11_02_26_15_484,0.4,-0.5117139,261747.0,220521.0,9.62701,-9.44188,0.1360717,6.281314,0.009382794,0.3048627,1.05,0.007973753,0.001575418,-0.8527596,0.02384186,0.003576278,-0.06890763,1.223
2024_02_11_02_26_15_518,0.4,-0.5119142,261851.0,220593.0,9.661128,-9.431845,0.1360718,6.281313,0.009383179,0.2758619,1.05,0.008000129,0.001545288,-0.8530212,0.002384186,0.0009089708,-0.01910329,1.223
2024_02_11_02_26_15_550,0.4,-0.5121108,261953.0,220662.0,9.694503,-9.423056,0.1360718,6.281313,0.009383309,0.2477054,1.05,0.007996009,0.001597487,-0.8532586,0.010252,0.003710389,-0.04963111,1.223
2024_02_11_02_26_15_588,0.4,-0.5123187,262070.0,220743.0,9.73321,-9.414104,0.1360719,6.281313,0.009383553,0.2152713,1.05,0.008033378,0.001578103,-0.8536282,-0.006794929,-0.001251697,0.02286676,1.223
2024_02_11_02_26_15_621,0.4,-0.5125157,262171.0,220812.0,9.767051,-9.407356,0.1360719,6.281312,0.009383835,0.1870951,1.05,0.008010178,0.001628794,-0.8539427,-0.01060963,-0.006526708,0.03837142,1.223
2024_02_11_02_26_15_655,0.4,-0.5127125,262273.0,220882.0,9.801064,-9.40156,0.136072,6.281312,0.009384122,0.1589103,1.05,0.007988704,0.001542279,-0.8542175,-0.01263618,-0.00308454,0.03817119,1.223
2024_02_11_02_26_15_693,0.4,-0.5129639,262389.0,220962.0,9.840398,-9.396078,0.1360721,6.281312,0.009384344,0.1264448,1.05,0.007972095,0.001593087,-0.8544457,-0.02849102,-0.004723668,0.01139752,1.223
2024_02_11_02_26_15_730,0.4,-0.5131656,262503.0,221040.0,9.878846,-9.391973,0.1360721,6.281311,0.009384697,0.09482291,1.05,0.00800898,0.001629269,-0.85474,-0.01835823,-0.004410744,0.003912486,1.223
2024_02_11_02_26_15_768,0.4,-0.5134138,262619.0,221120.0,9.918439,-9.389025,0.1360723,6.281311,0.009385028,0.06233555,1.04,0.008022251,0.00159137,-0.8550978,-0.0005960464,-0.00283122,0.007660128,1.223
2024_02_11_02_26_15_805,0.4,-0.5136127,262732.0,221198.0,9.957059,-9.387392,0.1360724,6.281311,0.009385112,0.0306892,1.04,0.007977095,0.001598132,-0.8554068,-0.0398159,-0.01063943,0.04160218,1.223
2024_02_11_02_26_15_842,0.4,-0.5138639,262848.0,221278.0,9.996748,-9.386988,0.1360725,6.28131,0.009385318,6.281361,1.04,0.008057988,0.001646286,-0.8556635,0.003933907,0.001221895,-0.06517116,1.223
2024_02_11_02_26_15_880,0.4,-0.5140647,262961.0,221356.0,10.03538,-9.387833,0.1360725,6.28131,0.009385502,6.249692,1.04,0.008047499,0.001595007,-0.8559984,0.03266335,0.0089854,-0.0727009,1.223
2024_02_11_02_26_15_913,0.4,-0.5142612,263064.0,221428.0,10.07084,-9.389689,0.1360726,6.281309,0.009385794,6.220581,1.04,0.008012787,0.001583489,-0.8562816,-0.02193451,-0.005453825,0.05721207,1.223
2024_02_11_02_26_15_950,0.4,-0.514513,263177.0,221506.0,10.10933,-9.392881,0.1360725,6.281309,0.009385951,6.188891,1.04,0.007983408,0.001668383,-0.8565967,-0.03957748,-0.007107853,0.03805757,1.223
2024_02_11_02_26_15_988,0.4,-0.5147104,263293.0,221586.0,10.14874,-9.397428,0.1360727,6.281309,0.009386353,6.156334,1.04,0.008004402,0.001610219,-0.8568406,-0.01466274,-0.005409121,0.042052,1.223
2024_02_11_02_26_16_021,0.4,-0.5149124,263394.0,221656.0,10.18282,-9.402414,0.1360728,6.281308,0.009386659,6.128052,1.04,0.008002019,0.001639383,-0.8571697,-0.00846386,-0.00667572,0.01521967,1.223
2024_02_11_02_26_16_059,0.4,-0.5151595,263506.0,221734.0,10.22084,-9.409147,0.1360728,6.281308,0.009386802,6.096328,1.04,0.008037593,0.001621997,-0.8575548,0.007629394,-0.000461936,-0.03063679,1.223
2024_02_11_02_26_16_093,0.4,-0.5153654,263610.0,221806.0,10.25557,-9.416392,0.1360729,6.281307,0.00938712,6.067166,1.04,0.007997135,0.001570371,-0.8579051,-0.002741813,-0.002205372,-0.02304185,1.223
2024_02_11_02_26_16_130,0.4,-0.5155613,263723.0,221884.0,10.29311,-9.425422,0.1360729,6.281307,0.009387282,6.035419,1.04,0.008047733,0.00155882,-0.8581,0.02419948,0.004515052,-0.03815722,1.223
2024_02_11_02_26_16_163,0.4,-0.5157598,263826.0,221955.0,10.32732,-9.434768,0.136073,6.281306,0.009387417,6.006237,1.04,0.00799383,0.001639945,-0.8584113,0.01728535,0.003159046,-0.03044028,1.223
2024_02_11_02_26_16_197,0.4,-0.515964,263927.0,222025.0,10.36025,-9.444787,0.136073,6.281306,0.009387676,5.977903,1.04,0.00804853,0.00163293,-0.8586654,-0.04482269,-0.009477139,0.03409199,1.223
2024_02_11_02_26_16_234,0.4,-0.5162145,264040.0,222103.0,10.39682,-9.457123,0.1360731,6.281306,0.009388064,5.946124,1.04,0.008062554,0.001597307,-0.8590074,-0.035882,-0.008136034,0.03812648,1.223
2024_02_11_02_26_16_267,0.4,-0.5164136,264143.0,222174.0,10.43005,-9.469478,0.1360731,6.281305,0.009388264,5.916913,1.04,0.008109767,0.001604102,-0.8592507,0.00989437,0.0004470348,-0.01127645,1.223
2024_02_11_02_26_16_305,0.4,-0.5166124,264256.0,222252.0,10.46578,-9.484015,0.1360733,6.281305,0.009388424,5.885113,1.04,0.008122123,0.00159857,-0.8595137,-0.002026558,-0.0005960464,-0.01168996,1.223
2024_02_11_02_26_16_338,0.4,-0.5168116,264359.0,222323.0,10.49819,-9.498369,0.1360733,6.281305,0.009388702,5.855882,1.04,0.008051125,0.001629696,-0.8598478,-0.002026558,-0.001341104,-0.01909304,1.223
2024_02_11_02_26_16_376,0.4,-0.5170596,264472.0,222401.0,10.53296,-9.515055,0.1360733,6.281304,0.009388804,5.824059,1.04,0.008101556,0.001680339,-0.8600677,0.005125999,0.004202127,-0.03431644,1.223
2024_02_11_02_26_16_409,0.4,-0.5172635,264573.0,222470.0,10.5635,-9.530861,0.1360734,6.281304,0.009389118,5.795669,1.04,0.00809635,0.001649742,-0.8604575,0.001072884,-0.001162291,-0.007658265,1.223
2024_02_11_02_26_16_446,0.4,-0.5174653,264689.0,222549.0,10.59809,-9.550123,0.1360735,6.281303,0.0093895,5.762966,1.04,0.008093765,0.001578742,-0.8607938,-0.01060963,-0.00578165,0.003835186,1.223
2024_02_11_02_26_16_483,0.4,-0.5177096,264801.0,222627.0,10.63115,-9.569958,0.1360736,6.281303,0.009389676,5.731111,1.04,0.008090958,0.001576188,-0.8610246,0.01740456,0.001758337,-0.02281461,1.223
2024_02_11_02_26_16_521,0.4,-0.5179089,264917.0,222706.0,10.66442,-9.591409,0.1360736,6.281303,0.009389955,5.698384,1.04,0.008004172,0.001616426,-0.8613751,0.01072884,0.002324581,0.004053116,1.223
2024_02_11_02_26_16_559,0.4,-0.5181605,265030.0,222784.0,10.69612,-9.613328,0.1360737,6.281302,0.00939012,5.666505,1.04,0.00808242,0.001622319,-0.8616852,0.00500679,0.00217557,-0.03446639,1.223
2024_02_11_02_26_16_592,0.4,-0.5183637,265133.0,222855.0,10.72461,-9.634348,0.1360738,6.281302,0.009390472,5.637201,1.04,0.008091073,0.001646324,-0.8619595,-0.02717972,-0.004351139,0.01135282,1.223
2024_02_11_02_26_16_626,0.4,-0.5185613,265234.0,222924.0,10.75166,-9.655537,0.1360739,6.281301,0.009390719,5.608751,1.04,0.008084538,0.001579275,-0.8622741,0.03278255,0.0009536743,-0.03420655,1.223
2024_02_11_02_26_16_664,0.4,-0.5187634,265350.0,223004.0,10.78205,-9.680873,0.1360739,6.281301,0.009390823,5.575977,1.04,0.008154397,0.001607413,-0.8624995,0.01871586,0.00295043,-0.007498078,1.223
2024_02_11_02_26_16_702,0.4,-0.519011,265462.0,223081.0,10.81081,-9.706483,0.136074,6.281301,0.009391165,5.544055,1.04,0.008130476,0.001588277,-0.8627851,-0.001311302,-0.002294779,-0.01526065,1.223
2024_02_11_02_26_16_734,0.4,-0.5192107,265563.0,223151.0,10.83577,-9.730084,0.136074,6.281301,0.009391303,5.515574,1.04,0.008078327,0.001659531,-0.8629928,0.002384186,0.0,0.03083702,1.223
2024_02_11_02_26_16_771,0.4,-0.5194139,265679.0,223230.0,10.86365,-9.758127,0.1360741,6.2813,0.009391604,5.482771,1.04,0.008149022,0.001679801,-0.8634423,0.01585484,0.004649162,-0.09180977,1.223
2024_02_11_02_26_16_805,0.4,-0.5196086,265779.0,223299.0,10.8871,-9.783206,0.1360741,6.2813,0.009391952,5.454274,1.04,0.008104301,0.001627074,-0.8635953,0.01049042,0.002771616,-0.02247374,1.223
2024_02_11_02_26_16_838,0.4,-0.519814,265883.0,223370.0,10.9105,-9.809727,0.1360742,6.281299,0.009392127,5.424905,1.04,0.008144573,0.001660331,-0.8639339,-0.01645088,0.001192093,-0.06509852,1.223
2024_02_11_02_26_16_875,0.4,-0.5200628,265996.0,223448.0,10.93507,-9.839354,0.1360744,6.281299,0.009392156,5.392932,1.04,0.00810675,0.00164921,-0.8642958,0.009775162,0.001907349,-0.0154078,1.223
2024_02_11_02_26_16_913,0.4,-0.520265,266108.0,223525.0,10.95867,-9.869746,0.1360744,6.281299,0.009392236,5.360943,1.04,0.008058938,0.001684453,-0.8646106,0.03373623,0.006318092,-0.04214421,1.223
2024_02_11_02_26_16_950,0.4,-0.5205128,266224.0,223605.0,10.98189,-9.901725,0.1360744,6.281298,0.009392751,5.32808,1.04,0.008112129,0.001676087,-0.864983,0.002622604,0.001430511,-0.02287235,1.223
2024_02_11_02_26_16_985,0.4,-0.5207151,266325.0,223674.0,11.00118,-9.930099,0.1360745,6.281298,0.009392787,5.299532,1.04,0.008127023,0.001681111,-0.8651029,0.0,0.002562999,-0.01167226,1.223
2024_02_11_02_26_17_021,0.4,-0.5209154,266440.0,223754.0,11.02238,-9.963434,0.1360745,6.281297,0.009393187,5.266649,1.04,0.008095396,0.001700829,-0.865475,0.002384186,-0.0008940696,-0.01141522,1.223
2024_02_11_02_26_17_059,0.4,-0.5211636,266553.0,223831.0,11.04196,-9.996537,0.1360746,6.281297,0.009393679,5.234619,1.04,0.008058939,0.001651196,-0.8657879,-0.03826618,-0.006645917,0.03441423,1.223
2024_02_11_02_26_17_096,0.4,-0.5213644,266669.0,223911.0,11.06095,-10.03117,0.1360748,6.281297,0.009393926,5.201712,1.04,0.008049862,0.001720497,-0.8662153,-0.05161762,-0.01478195,0.07619895,1.223
2024_02_11_02_26_17_134,0.4,-0.5216128,266782.0,223988.0,11.07833,-10.06546,0.1360749,6.281296,0.009394208,5.169658,1.04,0.008082785,0.001620346,-0.8663786,-0.01251697,-0.002115965,0.01897197,1.223
2024_02_11_02_26_17_171,0.4,-0.5218086,266898.0,224068.0,11.09502,-10.10124,0.1360748,6.281296,0.009394458,5.136725,1.04,0.008054482,0.001675196,-0.8666533,-0.02121925,-0.004336238,0.03449805,1.223
2024_02_11_02_26_17_209,0.4,-0.5220633,267010.0,224145.0,11.11013,-10.13658,0.136075,6.281295,0.009394762,5.104651,1.04,0.008103904,0.001636252,-0.8669735,-0.01096725,-0.004932284,0.05350168,1.223
2024_02_11_02_26_17_247,0.4,-0.5222609,267126.0,224225.0,11.12446,-10.17336,0.136075,6.281295,0.009394921,5.071699,1.04,0.008100755,0.001638749,-0.8673069,0.02372265,0.002041459,-0.01517124,1.223
2024_02_11_02_26_17_279,0.4,-0.5224705,267227.0,224294.0,11.13591,-10.20566,0.1360751,6.281295,0.009395168,5.043072,1.04,0.008190958,0.001636026,-0.8675472,-0.01215935,-0.002905726,0.01136307,1.223
2024_02_11_02_26_17_317,0.4,-0.5227094,267342.0,224373.0,11.14794,-10.24323,0.1360752,6.281294,0.009395429,5.010092,1.04,0.007995808,0.001626755,-0.8679343,0.01204014,0.0009238719,-0.03455952,1.223
2024_02_11_02_26_17_355,0.4,-0.5229115,267455.0,224450.0,11.15847,-10.28018,0.1360752,6.281294,0.009395519,4.97797,1.04,0.008117288,0.001676522,-0.86827,-0.004410744,-0.001981854,-0.01939852,1.223
2024_02_11_02_26_17_388,0.4,-0.5231093,267556.0,224519.0,11.16685,-10.31339,0.1360753,6.281293,0.009395702,4.94931,1.04,0.008247814,0.001657139,-0.868414,-0.01943111,-0.005707144,0.0725314,1.223
2024_02_11_02_26_17_421,0.4,-0.5233138,267659.0,224589.0,11.17448,-10.34784,0.1360754,6.281293,0.009395991,4.919772,1.04,0.008134117,0.001634085,-0.8687422,0.0282526,0.005125999,-0.05734898,1.223
2024_02_11_02_26_17_459,0.4,-0.5235602,267772.0,224666.0,11.18162,-10.38559,0.1360754,6.281292,0.00939643,4.887621,1.04,0.008103448,0.001664187,-0.8691207,-0.0500679,-0.0141859,0.03792532,1.223
2024_02_11_02_26_17_497,0.4,-0.5235988,267888.0,224745.0,11.18769,-10.42454,0.1360754,6.281292,0.009396382,4.854591,1.04,0.008192927,0.001595904,-0.8691427,0.0193119,0.005304813,-0.03817584,1.223
2024_02_11_02_26_17_530,0.4,-0.5235988,267988.0,224814.0,11.19191,-10.45852,0.1360753,6.281292,0.009396035,4.825913,1.04,0.00817735,0.001695106,-0.8691397,-0.02062321,-0.004604459,0.003531575,1.223
2024_02_11_02_26_17_567,0.4,-0.5235988,268104.0,224893.0,11.19557,-10.49778,0.1360752,6.281293,0.009395688,4.792889,1.04,0.008227624,0.001590386,-0.8689809,0.02801418,0.01122057,-0.06471667,1.223
2024_02_11_02_26_17_605,0.4,-0.5235988,268217.0,224970.0,11.19787,-10.53609,0.1360751,6.281293,0.009395267,4.760732,1.04,0.008162181,0.00165303,-0.8690371,-0.02384186,-0.005662441,0.007421709,1.223
2024_02_11_02_26_17_638,0.4,-0.5235988,268317.0,225039.0,11.19889,-10.57032,0.136075,6.281293,0.009394836,4.732051,1.04,0.008214022,0.001666795,-0.8690116,0.01358986,0.004306436,-0.02678204,1.223
2024_02_11_02_26_17_675,0.4,-0.5235988,268433.0,225118.0,11.19885,-10.60974,0.136075,6.281293,0.009394439,4.699025,1.04,0.008250169,0.001614671,-0.8689455,-0.01811981,0.001266599,-0.003904104,1.223
2024_02_11_02_26_17_712,0.4,-0.5235988,268546.0,225195.0,11.19756,-10.6481,0.1360748,6.281293,0.009394136,4.666867,1.04,0.008196753,0.001602376,-0.8690248,0.0009536743,0.001192093,0.01146458,1.223
2024_02_11_02_26_17_751,0.4,-0.5235988,268662.0,225274.0,11.19495,-10.68744,0.1360747,6.281293,0.009393597,4.633844,1.04,0.008100496,0.001659097,-0.8689803,0.02038479,0.004202127,-0.03055949,1.223
2024_02_11_02_26_17_784,0.4,-0.5235988,268762.0,225342.0,11.19164,-10.72152,0.1360746,6.281293,0.009393361,4.605166,1.04,0.008127897,0.001631536,-0.8689181,0.0001192093,-0.001817942,-0.0002244487,1.223
2024_02_11_02_26_17_822,0.4,-0.5235988,268878.0,225422.0,11.18661,-10.76062,0.1360746,6.281293,0.009393157,4.572144,1.04,0.008078218,0.001623781,-0.8690051,-0.01966953,-0.001132488,-0.01180172,1.223
2024_02_11_02_26_17_858,0.4,-0.5235988,268991.0,225498.0,11.18047,-10.79851,0.1360745,6.281293,0.009392813,4.539988,1.04,0.00819647,0.001602425,-0.8689683,-0.0115633,0.0002086162,-0.007923692,1.223
2024_02_11_02_26_17_896,0.4,-0.5235988,269107.0,225578.0,11.1729,-10.8372,0.1360743,6.281293,0.00939256,4.506968,1.04,0.008247649,0.001671645,-0.8689499,-0.01108646,-0.007718801,0.06129033,1.223
2024_02_11_02_26_17_930,0.4,-0.5235988,269207.0,225646.0,11.16529,-10.87058,0.1360743,6.281293,0.009392472,4.478292,1.04,0.008166919,0.001663739,-0.869005,-0.03051758,-0.005543231,0.01532491,1.223
2024_02_11_02_26_17_962,0.4,-0.5235988,269308.0,225715.0,11.15673,-10.90373,0.1360743,6.281293,0.009392133,4.449618,1.04,0.008189014,0.001674432,-0.8689746,-0.01358986,-0.005036592,0.03050547,1.223
2024_02_11_02_26_18_000,0.4,-0.5235988,269423.0,225794.0,11.14571,-10.94157,0.1360742,6.281293,0.009391831,4.416598,1.04,0.008179941,0.001675051,-0.8689596,0.02348423,0.004321337,-0.04217401,1.223
2024_02_11_02_26_18_034,0.4,-0.5235988,269524.0,225862.0,11.13512,-10.97413,0.1360742,6.281293,0.009391882,4.387921,1.04,0.008209292,0.001629878,-0.868997,0.01633167,0.006049871,0.007851049,1.223
2024_02_11_02_26_18_071,0.4,-0.5235988,269640.0,225942.0,11.12178,-11.01123,0.136074,6.281294,0.009391641,4.354898,1.04,0.008097406,0.001632426,-0.8690125,0.02205372,0.006139278,-0.06877817,1.223
2024_02_11_02_26_18_105,0.4,-0.5235988,269740.0,226010.0,11.1092,-11.04307,0.1360741,6.281294,0.009391734,4.326224,1.04,0.008140394,0.001646876,-0.8689811,-0.01871586,-0.005125999,0.04594214,1.223
2024_02_11_02_26_18_142,0.4,-0.5235988,269853.0,226087.0,11.09403,-11.07833,0.1360741,6.281293,0.009391436,4.294074,1.04,0.008124232,0.00164581,-0.86902,-0.006914138,-0.0005960464,-0.007866882,1.223
2024_02_11_02_26_18_179,0.4,-0.5235988,269969.0,226166.0,11.07727,-11.11401,0.1360741,6.281294,0.009391441,4.261052,1.04,0.008201933,0.001598491,-0.8689388,0.02646446,0.009417534,-0.09921844,1.223
2024_02_11_02_26_18_217,0.4,-0.5235988,270082.0,226243.0,11.05983,-11.14821,0.136074,6.281294,0.009391249,4.2289,1.04,0.00815788,0.001668964,-0.8689542,-0.01358986,-0.0007748603,-0.007810071,1.223
2024_02_11_02_26_18_255,0.4,-0.5235988,270197.0,226322.0,11.04078,-11.18273,0.1360739,6.281294,0.009391062,4.195879,1.04,0.008222697,0.001655422,-0.86901,0.009775162,0.005424022,-0.01529604,1.223
2024_02_11_02_26_18_288,0.4,-0.5235988,270298.0,226391.0,11.02332,-11.21218,0.136074,6.281294,0.00939112,4.167201,1.04,0.008097405,0.001724125,-0.8690496,-0.02551079,-0.01209974,0.08786096,1.223
2024_02_11_02_26_18_325,0.4,-0.5235988,270414.0,226470.0,11.00219,-11.24546,0.136074,6.281294,0.009390858,4.134177,1.04,0.00820315,0.001623306,-0.8689604,0.00989437,0.0004172325,0.01504924,1.223
2024_02_11_02_26_18_362,0.4,-0.5235988,270526.0,226547.0,10.98056,-11.27717,0.1360738,6.281294,0.009390995,4.102024,1.04,0.008178859,0.001676065,-0.8690034,-0.02253055,0.003516674,-0.05357992,1.223
2024_02_11_02_26_18_396,0.4,-0.5235988,270630.0,226618.0,10.95979,-11.30569,0.136074,6.281294,0.009390816,4.072477,1.04,0.008204077,0.001678929,-0.8690491,-0.0002384186,0.0004768371,-0.02315547,1.223
2024_02_11_02_26_18_429,0.4,-0.5235988,270730.0,226686.0,10.93884,-11.33277,0.1360738,6.281294,0.009390709,4.0438,1.04,0.008194623,0.001707512,-0.8689958,-0.01716614,-0.004291534,0.01143757,1.223
2024_02_11_02_26_18_467,0.4,-0.5235988,270843.0,226763.0,10.91443,-11.3624,0.1360739,6.281294,0.00939081,4.011645,1.04,0.008119006,0.001688832,-0.8690348,-0.002384186,-0.000655651,0.01535937,1.223
2024_02_11_02_26_18_501,0.4,-0.5235988,270947.0,226834.0,10.89118,-11.38893,0.1360738,6.281294,0.009390872,3.982098,1.04,0.008158706,0.001652536,-0.869018,-0.006318092,-0.0007748603,0.02317689,1.223
2024_02_11_02_26_18_538,0.4,-0.5235988,271060.0,226911.0,10.865,-11.417,0.1360739,6.281294,0.009390865,3.949943,1.04,0.008109882,0.00169662,-0.8691235,-0.02658367,-0.0116229,0.04200078,1.223
2024_02_11_02_26_18_575,0.4,-0.5235988,271175.0,226990.0,10.83718,-11.44494,0.1360739,6.281294,0.009390872,3.91692,1.04,0.008144646,0.001607905,-0.8689944,0.02336502,0.002264977,-0.02282671,1.223
2024_02_11_02_26_18_612,0.4,-0.5235988,271288.0,227067.0,10.80923,-11.47125,0.136074,6.281294,0.009391085,3.884769,1.04,0.008060925,0.001566494,-0.8690754,-0.0002384186,-0.001609325,-0.01525693,1.223
2024_02_11_02_26_18_646,0.4,-0.5235988,271392.0,227138.0,10.7828,-11.49462,0.136074,6.281294,0.009390761,3.855224,1.04,0.008152673,0.001655311,-0.8689394,-0.006079673,0.001311302,-0.03453065,1.223
2024_02_11_02_26_18_684,0.4,-0.5235988,271504.0,227215.0,10.75327,-11.51916,0.1360738,6.281294,0.009390876,3.823071,1.04,0.00817831,0.001633337,-0.868996,0.003695488,0.004529953,-0.06115716,1.223
2024_02_11_02_26_18_717,0.4,-0.5235988,271605.0,227283.0,10.72629,-11.54023,0.1360739,6.281294,0.009390703,3.794395,1.04,0.008145918,0.001649017,-0.8689188,0.01847744,0.005602836,-0.03049616,1.223
2024_02_11_02_26_18_750,0.4,-0.5235988,271709.0,227354.0,10.69787,-11.56112,0.1360739,6.281294,0.009390511,3.764849,1.04,0.008182582,0.001654851,-0.8689328,0.0141859,0.004529953,-6.519258e-05,1.223
2024_02_11_02_26_18_788,0.4,-0.5235988,271821.0,227431.0,10.66625,-11.58289,0.1360739,6.281294,0.009390482,3.732697,1.04,0.008155879,0.001632239,-0.868973,0.02849102,0.002413988,-0.0229422,1.223
2024_02_11_02_26_18_822,0.4,-0.5235988,271925.0,227502.0,10.63659,-11.60198,0.1360738,6.281294,0.009390614,3.703151,1.04,0.00818451,0.001610676,-0.8689353,-0.0128746,-0.007361173,0.09953323,1.223
2024_02_11_02_26_18_854,0.4,-0.5235988,272025.0,227570.0,10.60728,-11.61968,0.136074,6.281294,0.0093906,3.674475,1.04,0.008179978,0.001641453,-0.8689481,-0.01263618,-0.0008940696,0.003470108,1.223
2024_02_11_02_26_18_892,0.4,-0.5235988,272138.0,227647.0,10.57382,-11.6385,0.1360737,6.281294,0.009390746,3.642322,1.04,0.008183137,0.001673252,-0.8690164,-0.01466274,-0.003844499,0.007778406,1.223
2024_02_11_02_26_18_925,0.4,-0.5235988,272242.0,227718.0,10.54257,-11.65485,0.1360738,6.281294,0.009390336,3.612776,1.04,0.008240309,0.001691529,-0.8688906,0.006794929,0.006377697,-0.03069546,1.223
2024_02_11_02_26_18_962,0.4,-0.5235988,272354.0,227795.0,10.50802,-11.67158,0.1360738,6.281294,0.00939043,3.580622,1.04,0.008147826,0.00171019,-0.8689752,-0.0462532,-0.009983777,0.0761291,1.223
2024_02_11_02_26_18_997,0.4,-0.5235988,272458.0,227866.0,10.47581,-11.68597,0.1360738,6.281294,0.009390526,3.551073,1.04,0.00815865,0.001628545,-0.8689502,-0.01227856,0.002428889,0.01139101,1.223
2024_02_11_02_26_19_029,0.4,-0.5235988,272559.0,227934.0,10.44415,-11.69902,0.1360738,6.281294,0.00939054,3.522394,1.04,0.008132095,0.001677258,-0.8689876,0.004529953,0.00308454,-0.03817398,1.223
2024_02_11_02_26_19_067,0.4,-0.5235988,272671.0,228011.0,10.40824,-11.71256,0.1360737,6.281294,0.009390585,3.490241,1.04,0.008167646,0.001626152,-0.8690614,0.01299381,0.00244379,-0.007364898,1.223
2024_02_11_02_26_19_104,0.4,-0.5235988,272787.0,228090.0,10.37092,-11.72525,0.1360739,6.281294,0.009390505,3.457218,1.04,0.008142121,0.001643944,-0.8689741,0.002741813,-0.002786517,0.02280995,1.223
2024_02_11_02_26_19_142,0.4,-0.5235988,272900.0,228167.0,10.33419,-11.73643,0.1360738,6.281294,0.009390558,3.425064,1.04,0.008159098,0.001606198,-0.8690243,0.03707409,0.007271766,-0.04954356,1.223
2024_02_11_02_26_19_175,0.4,-0.5235988,273003.0,228238.0,10.30014,-11.74565,0.1360738,6.281294,0.009390552,3.395518,1.04,0.008198266,0.001618479,-0.8689616,0.007271766,0.004500151,0.003805384,1.223
2024_02_11_02_26_19_209,0.4,-0.5235988,273104.0,228307.0,10.26685,-11.75364,0.1360738,6.281294,0.009390489,3.36684,1.04,0.008154703,0.001597624,-0.8689574,0.01847744,0.007212162,-0.04982296,1.223
2024_02_11_02_26_19_246,0.4,-0.5235988,273217.0,228384.0,10.22926,-11.76145,0.1360737,6.281294,0.009390639,3.334686,1.04,0.008094155,0.001683011,-0.8690798,-0.01764297,-0.008061528,0.03454741,1.223
2024_02_11_02_26_19_285,0.4,-0.5235988,273333.0,228463.0,10.19043,-11.76821,0.1360739,6.281294,0.009390453,3.301664,1.04,0.008145034,0.001615898,-0.8689269,0.004053116,0.0003278255,0.0418555,1.223
2024_02_11_02_26_19_316,0.4,-0.5235988,273433.0,228531.0,10.15653,-11.77305,0.1360738,6.281294,0.009390548,3.272986,1.04,0.008185499,0.00167723,-0.8689807,-0.03015995,-0.00667572,0.04174094,1.223
2024_02_11_02_26_19_354,0.4,-0.5235988,273549.0,228610.0,10.11735,-11.7774,0.1360738,6.281294,0.009390403,3.239963,1.04,0.008190581,0.001639939,-0.868903,0.004410744,0.003635883,-0.01180638,1.223
2024_02_11_02_26_19_388,0.4,-0.5235988,273649.0,228679.0,10.08322,-11.78013,0.1360738,6.281294,0.009390582,3.211286,1.04,0.008128631,0.001623303,-0.8688941,-0.01561642,-0.003367662,0.05370658,1.223
2024_02_11_02_26_19_421,0.4,-0.5235988,273750.0,228748.0,10.04902,-11.78188,0.1360737,6.281294,0.009390623,3.182608,1.04,0.008134928,0.001642124,-0.8689899,0.001311302,-0.001624226,0.06152223,1.223
2024_02_11_02_26_19_458,0.4,-0.5235988,273866.0,228827.0,10.00961,-11.78268,0.1360739,6.281294,0.009390577,3.149586,1.04,0.008164862,0.001625399,-0.8689635,-0.002384186,0.0003427267,-0.01908373,1.223
2024_02_11_02_26_19_496,0.4,-0.5235988,273978.0,228904.0,9.971223,-11.78221,0.1360739,6.281294,0.009390523,3.117431,1.04,0.008243855,0.001593255,-0.8689473,0.04339218,0.01338124,-0.07614959,1.223
2024_02_11_02_26_19_529,0.4,-0.5235988,274082.0,228974.0,9.935984,-11.78069,0.1360739,6.281294,0.009390553,3.087884,1.04,0.008141187,0.001603325,-0.868986,0.01502037,0.004768372,-0.01520477,1.223
2024_02_11_02_26_19_567,0.4,-0.5235988,274195.0,229051.0,9.897696,-11.77786,0.1360739,6.281294,0.009390559,3.05573,1.04,0.008179843,0.001588511,-0.8689166,0.007390975,0.001549721,-0.007623806,1.223
2024_02_11_02_26_19_604,0.4,-0.5235988,274311.0,229130.0,9.858494,-11.77367,0.1360738,6.281294,0.00939039,3.022707,1.04,0.008104851,0.00168813,-0.8690974,-0.02086162,-0.007584691,0.04193838,1.223
2024_02_11_02_26_19_642,0.4,-0.5235988,274423.0,229207.0,9.820481,-11.76834,0.1360737,6.281294,0.009390527,2.990551,1.04,0.008177753,0.001663917,-0.8690602,-0.01311302,7.450581e-05,-4.377216e-05,1.223
2024_02_11_02_26_19_675,0.4,-0.5235988,274527.0,229278.0,9.785713,-11.76237,0.1360738,6.281294,0.009390594,2.961004,1.04,0.008215259,0.001630537,-0.8690249,-0.01323223,-0.002965331,0.03830437,1.223
2024_02_11_02_26_19_713,0.4,-0.5235988,274640.0,229355.0,9.748094,-11.75471,0.1360738,6.281294,0.00939029,2.928849,1.04,0.008194067,0.001600453,-0.868916,0.02789497,0.01165271,-0.0342289,1.223
2024_02_11_02_26_19_751,0.4,-0.5235988,274755.0,229434.0,9.709735,-11.74559,0.1360739,6.281294,0.00939041,2.895826,1.04,0.008157021,0.001678083,-0.8689256,0.006079673,-0.001937151,-0.01536589,1.223
2024_02_11_02_26_19_788,0.4,-0.5235988,274868.0,229511.0,9.672698,-11.7355,0.1360738,6.281294,0.009390514,2.863672,1.04,0.008177222,0.001654894,-0.8689836,-0.01132488,-0.002682209,-0.003878027,1.223
2024_02_11_02_26_19_821,0.4,-0.5235988,274969.0,229580.0,9.639956,-11.7255,0.1360737,6.281294,0.009390525,2.834992,1.04,0.00816876,0.001682494,-0.8690168,-0.01084804,0.0002384186,-0.01133978,1.223
2024_02_11_02_26_19_858,0.4,-0.5235988,275084.0,229659.0,9.602625,-11.71283,0.1360738,6.281294,0.009390458,2.801969,1.04,0.008180825,0.001625434,-0.8689,0.01180172,0.004529953,-0.02680346,1.223
2024_02_11_02_26_19_892,0.4,-0.5235988,275185.0,229727.0,9.57056,-11.70083,0.1360738,6.281294,0.009390563,2.773289,1.04,0.008107171,0.00166036,-0.8690445,-0.02086162,-0.009000301,0.02288259,1.223
2024_02_11_02_26_19_925,0.4,-0.5235988,275289.0,229798.0,9.537898,-11.68751,0.1360737,6.281294,0.009390585,2.743742,1.04,0.008205432,0.0016424,-0.8689395,-0.03397465,-0.002205372,0.007394701,1.223
2024_02_11_02_26_19_963,0.4,-0.5235988,275401.0,229875.0,9.50282,-11.67192,0.1360739,6.281294,0.009390563,2.711589,1.04,0.008170512,0.001611527,-0.8689629,0.01847744,0.008195639,-0.04960876,1.223
2024_02_11_02_26_20_000,0.4,-0.5235988,275517.0,229954.0,9.467334,-11.65475,0.1360738,6.281294,0.009390649,2.678565,1.04,0.008128604,0.001665608,-0.8690636,-0.01370907,-0.008672476,0.02293382,1.223
2024_02_11_02_26_20_038,0.4,-0.5235988,275630.0,230031.0,9.433342,-11.63692,0.1360739,6.281294,0.009390511,2.646412,1.04,0.008198934,0.001643793,-0.8689733,-0.01454353,-0.00500679,0.07622316,1.223
2024_02_11_02_26_20_076,0.4,-0.5235988,275746.0,230110.0,9.399047,-11.61747,0.1360738,6.281294,0.009390458,2.613387,1.04,0.008090289,0.001668677,-0.8690273,0.002980232,0.001519918,-1.862645e-06,1.223
2024_02_11_02_26_20_109,0.4,-0.5235988,275846.0,230179.0,9.369801,-11.59967,0.1360739,6.281293,0.009390514,2.58471,1.04,0.008121782,0.001629913,-0.8690389,0.009298325,-0.005513429,0.04578102,1.223
2024_02_11_02_26_20_146,0.4,-0.5235988,275959.0,230256.0,9.33763,-11.57873,0.1360738,6.281294,0.009390643,2.552553,1.04,0.008202381,0.001611407,-0.8690286,-0.001788139,0.002890825,-0.05724839,1.223
2024_02_11_02_26_20_183,0.4,-0.5235988,276075.0,230335.0,9.305305,-11.55615,0.1360738,6.281294,0.009390597,2.51953,1.04,0.008120439,0.001618012,-0.8689694,-0.005841255,0.001519918,-0.02294127,1.223
