0,1,2,3,4,5,6,7,8,9,10,11,12,13,14,15,16,17,0
2024_02_10_00_29_57_481,0.6,0.08818494,9.0,9.0,0.003226399,1.647568e-07,0.1356697,-0.0006502758,0.007878876,-0.003418189,0.28,0.001792425,-0.09251518,0.01174043,16.37208,0.3358696,0.105384,1.809
2024_02_10_00_29_57_515,0.6,0.2700665,53.0,56.0,0.0202857,-1.863291e-05,0.1350105,0.0002274339,0.005490714,0.002788862,0.72,0.009698962,-0.05562514,0.1834277,11.12205,1.686688,0.07814006,1.809
2024_02_10_00_29_57_553,0.6,0.4739937,132.0,149.0,0.05335703,0.0001330348,0.1346191,0.0007648598,0.004078513,0.01638856,1.04,0.01610195,-0.02029078,0.5644826,5.78773,2.720468,0.01960923,1.809
2024_02_10_00_29_57_586,0.6,0.5235988,219.0,261.0,0.09140706,0.001100795,0.1344971,0.001273524,0.003638924,0.04146063,1.2,0.006578264,-0.008066921,0.8458559,4.398346,1.066208,-0.001591863,1.809
2024_02_10_00_29_57_623,0.6,0.5235988,322.0,400.0,0.1383487,0.003845677,0.1344562,0.001571265,0.003493834,0.07511499,1.33,0.003917791,0.002191448,0.9580522,2.812505,0.6074011,-0.001132488,1.809
2024_02_10_00_29_57_656,0.6,0.5235988,424.0,538.0,0.1849101,0.008220712,0.1344927,0.001806156,0.003629033,0.1089696,1.41,0.003196482,0.008967486,1.032384,1.773953,0.4722029,0.001466833,1.809
2024_02_10_00_29_57_699,0.6,0.5235988,553.0,713.0,0.2434318,0.01598638,0.1346002,0.002078331,0.004021193,0.1531403,1.47,0.001571696,0.013365,1.114335,1.014233,0.2856702,-0.01344085,1.809
2024_02_10_00_29_57_736,0.6,0.5235988,676.0,880.0,0.2987695,0.02576067,0.1347217,0.002290851,0.004464098,0.1963591,1.49,-4.898291e-06,0.01471466,1.154636,0.5873442,0.1584589,0.006857793,1.809
2024_02_10_00_29_57_769,0.6,0.5235988,783.0,1027.0,0.3471355,0.03634533,0.1348317,0.002451173,0.004864775,0.2348322,1.51,-0.001108955,0.01504517,1.17475,0.3448724,0.1097321,0.05598599,1.809
2024_02_10_00_29_57_807,0.6,0.5235988,909.0,1198.0,0.4027566,0.05096535,0.1349569,0.002615224,0.005319858,0.2797821,1.52,-0.002241787,0.01492088,1.189308,0.2150535,0.06255507,-0.02578739,1.809
2024_02_10_00_29_57_843,0.6,0.5235988,1031.0,1366.0,0.4565234,0.06768888,0.1350725,0.002756372,0.005741373,0.3239629,1.53,-0.003251744,0.01431052,1.197835,0.131011,0.03951788,-0.0007441267,1.809
2024_02_10_00_29_57_877,0.6,0.5235988,1141.0,1516.0,0.5039582,0.08465204,0.1351689,0.002868224,0.006092601,0.3635801,1.53,-0.004091118,0.01373998,1.202638,0.0886917,0.02551079,0.03272295,1.809
2024_02_10_00_29_57_911,0.6,0.5235988,1254.0,1671.0,0.5521694,0.1041181,0.135261,0.002972088,0.006427446,0.4045278,1.53,-0.004885142,0.01303835,1.205734,0.0385046,0.01752377,-0.007589347,1.809
2024_02_10_00_29_57_948,0.6,0.5235988,1378.0,1839.0,0.603734,0.1275534,0.1353523,0.003072755,0.006760197,0.4491853,1.53,-0.005563229,0.01230415,1.207838,-0.004053116,0.02473593,0.0518402,1.809
2024_02_10_00_29_57_982,0.6,0.5235988,1491.0,1994.0,0.6501783,0.1511161,0.1354285,0.003154781,0.007037769,0.4902746,1.53,-0.006187147,0.01171119,1.208939,0.01597404,0.008583069,-0.01837779,1.809
2024_02_10_00_29_58_019,0.6,0.5235988,1615.0,2163.0,0.6995847,0.1789121,0.1355035,0.003234675,0.007311106,0.5350258,1.53,-0.006876803,0.01097493,1.209739,-0.02717972,-0.001370907,-0.03901776,1.809
2024_02_10_00_29_58_057,0.6,0.5235988,1739.0,2332.0,0.7477005,0.2088962,0.1355709,0.003305516,0.007556805,0.5797989,1.53,-0.007390616,0.01028239,1.210257,0.01120567,-0.003874302,-0.04766415,1.809
2024_02_10_00_29_58_093,0.6,0.5235988,1866.0,2506.0,0.7956672,0.2419024,0.1356327,0.003369964,0.007782164,0.6257986,1.53,-0.007777921,0.009671282,1.210578,-0.00500679,0.01019239,0.03503449,1.809
2024_02_10_00_29_58_131,0.6,0.5235988,1989.0,2675.0,0.840861,0.276126,0.1356865,0.00342589,0.007978392,0.6705978,1.53,-0.008200322,0.009161459,1.21083,-0.02932548,0.02294779,0.08386652,1.809
2024_02_10_00_29_58_168,0.6,0.5235988,2116.0,2849.0,0.8856276,0.3133426,0.1357357,0.003475958,0.008157861,0.716614,1.53,-0.00863782,0.008671707,1.21086,0.02193451,-0.01013279,-0.06233621,1.809
2024_02_10_00_29_58_202,0.6,0.5235988,2227.0,3000.0,0.9230733,0.3473015,0.1357742,0.003515373,0.008298094,0.7565742,1.53,-0.008879237,0.00826288,1.210895,0.02610683,0.007569789,0.04431698,1.809
2024_02_10_00_29_58_236,0.6,0.5235988,2340.0,3155.0,0.960199,0.3838221,0.13581,0.003551592,0.008428467,0.7977483,1.53,-0.009180909,0.007937756,1.210981,0.01871586,0.0007748603,-0.009987502,1.809
2024_02_10_00_29_58_273,0.6,0.5235988,2464.0,3324.0,0.9988476,0.4252613,0.1358446,0.003586213,0.008555326,0.8425539,1.53,-0.009430569,0.007625317,1.210896,-0.05435943,0.01341104,0.05393102,1.809
2024_02_10_00_29_58_311,0.6,0.5235988,2591.0,3497.0,1.036564,0.4695742,0.1358766,0.003618171,0.008671839,0.8885717,1.53,-0.009621744,0.007230611,1.210974,-0.01680851,0.01704693,0.09168591,1.809
2024_02_10_00_29_58_348,0.6,0.5235988,2715.0,3667.0,1.071285,0.5143393,0.1359041,0.003645868,0.008772717,0.9333767,1.53,-0.009872013,0.007010419,1.210874,-0.02503395,0.01513958,0.06849226,1.809
2024_02_10_00_29_58_386,0.6,0.5235988,2842.0,3840.0,1.104818,0.5618824,0.1359293,0.003670369,0.008864735,0.9793913,1.53,-0.01011408,0.006808864,1.210855,-0.02288818,0.009477139,0.04130136,1.809
2024_02_10_00_29_58_418,0.6,0.5235988,2952.0,3991.0,1.132134,0.6043817,0.1359491,0.003690076,0.008936726,1.019351,1.53,-0.01026981,0.006532602,1.210755,-0.02360344,0.009417534,0.05998276,1.809
2024_02_10_00_29_58_456,0.6,0.5235988,3076.0,4160.0,1.160711,0.6532826,0.1359689,0.003709251,0.009009194,1.064157,1.53,-0.010355,0.006340982,1.210945,-0.0308752,0.01221895,0.04818569,1.809
2024_02_10_00_29_58_493,0.6,0.5235988,3203.0,4333.0,1.187748,0.7047833,0.1359869,0.003726828,0.009075222,1.110169,1.53,-0.01050667,0.006154275,1.210864,0.02396107,0.001877546,0.01377333,1.809
2024_02_10_00_29_58_532,0.6,0.5235988,3326.0,4502.0,1.211769,0.7560689,0.1360025,0.003742274,0.009132492,1.15497,1.53,-0.01073389,0.005995811,1.210853,0.01323223,-0.01275539,-0.06684661,1.809
2024_02_10_00_29_58_569,0.6,0.5235988,3453.0,4676.0,1.23402,0.8098017,0.136017,0.00375559,0.009184983,1.200982,1.53,-0.01077793,0.005797957,1.210719,0.01871586,-0.004351139,-0.021304,1.809
2024_02_10_00_29_58_603,0.6,0.5235988,3563.0,4827.0,1.251319,0.8572512,0.1360282,0.003766242,0.009225978,1.24094,1.53,-0.01079921,0.005689993,1.210857,0.001311302,0.001549721,0.009064563,1.809
2024_02_10_00_29_58_640,0.6,0.5235988,3690.0,5000.0,1.268872,0.9126937,0.1360396,0.003777428,0.009267684,1.286948,1.53,-0.01095757,0.00559949,1.210866,0.01275539,0.002592802,0.04342291,1.809
2024_02_10_00_29_58_677,0.6,0.5235988,3814.0,5169.0,1.283495,0.9673951,0.1360497,0.003787015,0.009304373,1.331754,1.53,-0.01100757,0.00547157,1.210769,-0.01955032,0.00333786,-0.00289455,1.809
2024_02_10_00_29_58_711,0.6,0.5235988,3928.0,5324.0,1.294759,1.018192,0.1360579,0.003794472,0.00933416,1.372925,1.53,-0.01102157,0.005409386,1.210789,0.02551079,-0.009059906,-0.02194382,1.809
2024_02_10_00_29_58_748,0.6,0.5235988,4051.0,5493.0,1.304627,1.073944,0.1360659,0.003801929,0.00936354,1.417724,1.53,-0.01114036,0.005300152,1.210805,0.01311302,-0.003278255,0.0007897615,1.809
2024_02_10_00_29_58_785,0.6,0.5235988,4178.0,5667.0,1.312154,1.131602,0.1360731,0.003808853,0.009390401,1.463736,1.53,-0.01112563,0.005303158,1.210867,-0.007271766,0.00578165,0.0238819,1.809
2024_02_10_00_29_58_823,0.6,0.5235988,4302.0,5836.0,1.316926,1.188017,0.1360795,0.003814712,0.009413834,1.50854,1.53,-0.01120675,0.005211548,1.210828,-0.01239777,0.006794929,0.01619849,1.809
2024_02_10_00_29_58_861,0.6,0.5235988,4429.0,6009.0,1.31919,1.246117,0.1360854,0.003820038,0.009434926,1.554551,1.53,-0.01128268,0.005112882,1.21073,-0.01502037,0.001549721,-0.003420748,1.809
2024_02_10_00_29_58_898,0.6,0.5235988,4553.0,6178.0,1.318825,1.30273,0.1360903,0.003824832,0.009453216,1.599351,1.53,-0.01135184,0.005082431,1.210834,0.006914138,-0.001728535,-0.01479685,1.809
2024_02_10_00_29_58_936,0.6,0.5235988,4680.0,6352.0,1.315814,1.360794,0.136095,0.003829093,0.009470101,1.645364,1.53,-0.01138779,0.00495636,1.210911,0.009417534,-0.00423193,0.007961877,1.809
2024_02_10_00_29_58_973,0.6,0.5235988,4803.0,6521.0,1.310316,1.41714,0.1360989,0.003832822,0.009484646,1.690166,1.53,-0.01138462,0.00500932,1.210959,0.008106232,-0.009119511,-0.03002491,1.809
2024_02_10_00_29_59_012,0.6,0.5235988,4930.0,6694.0,1.302051,1.474692,0.1361026,0.003836017,0.009497868,1.736182,1.53,-0.0114352,0.004937099,1.210828,0.05304813,-0.01263618,-0.04148017,1.809
2024_02_10_00_29_59_048,0.6,0.5235988,5054.0,6863.0,1.291468,1.530307,0.1361057,0.00383868,0.009509228,1.780987,1.53,-0.01143883,0.004967309,1.210706,0.01347065,-0.01347065,-0.05338154,1.809
2024_02_10_00_29_59_085,0.6,0.5235988,5181.0,7037.0,1.278017,1.586872,0.1361086,0.003841344,0.009520015,1.827004,1.53,-0.01152947,0.004936156,1.210928,-0.02610683,-0.002801418,-0.0152532,1.809
2024_02_10_00_29_59_123,0.6,0.5235988,5305.0,7206.0,1.262433,1.641296,0.1361112,0.003843474,0.009529294,1.87181,1.53,-0.0114359,0.004874269,1.210833,0.008583069,-0.002384186,0.0001862645,1.809
2024_02_10_00_29_59_161,0.6,0.5235988,5432.0,7379.0,1.243906,1.696406,0.1361134,0.003845605,0.009537821,1.917826,1.53,-0.0115408,0.004849648,1.210728,-0.02229214,-0.001728535,0.007710419,1.809
2024_02_10_00_29_59_194,0.6,0.5235988,5542.0,7530.0,1.225775,1.743529,0.1361153,0.003847203,0.009544304,1.957785,1.53,-0.011505,0.004858161,1.210782,0.006318092,0.001072884,0.0002412125,1.809
2024_02_10_00_29_59_231,0.6,0.5235988,5665.0,7699.0,1.203224,1.795452,0.1361172,0.0038488,0.009551341,2.002585,1.53,-0.01143168,0.004788157,1.210808,0.003814697,0.005185604,0.02316385,1.809
2024_02_10_00_29_59_265,0.6,0.5235988,5779.0,7854.0,1.180474,1.842232,0.1361185,0.003849866,0.009556493,2.043752,1.53,-0.01158734,0.004838861,1.210593,0.02372265,-0.009179115,-0.05715154,1.809
2024_02_10_00_29_59_298,0.6,0.5235988,5889.0,8005.0,1.156568,1.886703,0.1361199,0.003850931,0.009561205,2.083709,1.53,-0.01157331,0.004773042,1.210635,0.02193451,-0.01376867,-0.03421865,1.809
2024_02_10_00_29_59_336,0.6,0.5235988,6013.0,8174.0,1.12768,1.935384,0.1361212,0.003851996,0.009565984,2.128511,1.53,-0.01154569,0.004778854,1.210804,0.00500679,-0.003516674,-0.01532771,1.809
2024_02_10_00_29_59_373,0.6,0.5235988,6140.0,8347.0,1.09577,1.983982,0.1361222,0.003853061,0.009570192,2.174524,1.53,-0.01160333,0.00482155,1.210751,0.02038479,-0.01424551,-0.08771288,1.809
2024_02_10_00_29_59_410,0.6,0.5235988,6264.0,8516.0,1.062582,2.029844,0.1361234,0.003854127,0.009574174,2.219323,1.53,-0.01165138,0.004707788,1.210601,0.05531311,-0.01323223,-0.0493247,1.809
2024_02_10_00_29_59_448,0.6,0.5235988,6391.0,8690.0,1.026395,2.075347,0.1361243,0.003854659,0.009577703,2.265332,1.53,-0.01150632,0.004861849,1.210882,-0.01657009,0.01293421,0.02285,1.809
2024_02_10_00_29_59_485,0.6,0.5235988,6514.0,8859.0,0.9891869,2.118007,0.1361252,0.003855725,0.009580854,2.310131,1.53,-0.01157444,0.004722032,1.210836,-0.005483627,0.008702278,0.06894954,1.809
2024_02_10_00_29_59_523,0.6,0.5235988,6641.0,9032.0,0.949023,2.160041,0.136126,0.003856257,0.009583465,2.356141,1.53,-0.01164149,0.004762643,1.21072,0.0009536743,0.001966953,0.02312846,1.809
2024_02_10_00_29_59_557,0.6,0.5235988,6751.0,9183.0,0.9126072,2.195013,0.1361265,0.00385679,0.009585527,2.396096,1.53,-0.01154394,0.00473234,1.210827,-0.004053116,0.002920627,0.0190204,1.809
2024_02_10_00_29_59_594,0.6,0.5235988,6878.0,9357.0,0.8689834,2.233444,0.1361271,0.003857323,0.009587578,2.442106,1.53,-0.01161727,0.00476898,1.210837,0.02145767,-0.007390975,-0.0532642,1.809
2024_02_10_00_29_59_632,0.6,0.5235988,7002.0,9525.0,0.8248526,2.268898,0.1361275,0.003857855,0.009588962,2.48691,1.53,-0.01160149,0.004710902,1.21067,0.01573563,-0.0007748603,0.02649613,1.809
2024_02_10_00_29_59_669,0.6,0.5235988,7129.0,9699.0,0.7779232,2.303218,0.136128,0.003857855,0.009591129,2.532926,1.53,-0.01157411,0.004732811,1.210914,-0.006318092,0.00989437,0.06496534,1.809
2024_02_10_00_29_59_706,0.6,0.5235988,7253.0,9868.0,0.7307585,2.334524,0.1361285,0.003858388,0.009592829,2.577729,1.53,-0.01159623,0.004713724,1.210799,-0.02360344,0.01043081,0.04583038,1.809
2024_02_10_00_29_59_744,0.6,0.5235988,7380.0,10041.0,0.680909,2.364443,0.1361288,0.003858388,0.009594118,2.623743,1.53,-0.01154285,0.004728421,1.210842,0.02849102,0.001788139,-0.01136772,1.809
2024_02_10_00_29_59_781,0.6,0.5235988,7503.0,10210.0,0.6310987,2.391342,0.1361292,0.00385892,0.009595389,2.668543,1.53,-0.0116778,0.004716836,1.210767,0.03683567,-0.01329183,-0.04156772,1.809
2024_02_10_00_29_59_815,0.6,0.5235988,7617.0,10366.0,0.5843068,2.414071,0.1361294,0.00385892,0.009596312,2.70971,1.53,-0.0117047,0.004708822,1.210693,0.02133846,-0.0166893,-0.05328562,1.809
2024_02_10_00_29_59_852,0.6,0.5235988,7741.0,10535.0,0.5323715,2.436593,0.1361297,0.003859453,0.009597345,2.754509,1.53,-0.01176162,0.004647183,1.210645,0.0513792,-0.02834201,-0.07608999,1.809
2024_02_10_00_29_59_885,0.6,0.5235988,7851.0,10685.0,0.4852402,2.454701,0.1361299,0.003859453,0.00959835,2.794466,1.53,-0.01159173,0.004700566,1.210787,0.006198883,-0.001430511,-0.00751391,1.809
2024_02_10_00_29_59_923,0.6,0.5235988,7978.0,10859.0,0.4301242,2.473201,0.1361302,0.003859453,0.009599188,2.840476,1.53,-0.01158496,0.004705231,1.210752,-0.01716614,0.0102818,0.03431179,1.809
2024_02_10_00_29_59_960,0.6,0.5235988,8101.0,11028.0,0.3756957,2.488759,0.1361303,0.003859453,0.009599599,2.885274,1.53,-0.01167379,0.004710828,1.210616,-0.005722045,0.001400709,0.02669263,1.809
2024_02_10_00_29_59_997,0.6,0.5235988,8228.0,11201.0,0.3191292,2.502186,0.1361306,0.003859453,0.00960029,2.931285,1.53,-0.01165794,0.004655196,1.210553,0.02515316,-0.008642673,-0.03452878,1.809
2024_02_10_00_30_00_038,0.6,0.5235988,8352.0,11370.0,0.2635137,2.512744,0.1361307,0.003859986,0.009600903,2.976083,1.53,-0.011598,0.004718079,1.210599,-0.02288818,0.01010299,0.07250533,1.809
2024_02_10_00_30_00_070,0.6,0.5235988,8466.0,11525.0,0.212038,2.520243,0.1361309,0.003859986,0.009601359,3.017249,1.53,-0.01171076,0.004670018,1.210538,-0.01764297,-0.006705522,-0.003986061,1.809
2024_02_10_00_30_00_106,0.6,0.5235988,8589.0,11694.0,0.1557227,2.525988,0.1361309,0.003859986,0.009601844,3.062047,1.53,-0.01159956,0.004712898,1.210706,-0.01382828,0.01242757,0.06493926,1.809
2024_02_10_00_30_00_140,0.6,0.5235988,8703.0,11850.0,0.1037945,2.529039,0.1361311,0.003859986,0.009602235,3.103212,1.53,-0.01153461,0.004644526,1.210692,0.01299381,0.009477139,0.04963204,1.809
2024_02_10_00_30_00_177,0.6,0.5235988,8826.0,12019.0,0.0471932,2.529929,0.1361312,0.003859986,0.009602605,3.148009,1.53,-0.01157477,0.004687566,1.210678,-0.02670288,0.01043081,0.0302298,1.809
2024_02_10_00_30_00_215,0.6,0.5235988,8953.0,12192.0,-0.01091865,2.528203,0.1361313,0.003859986,0.009602839,3.194018,1.53,-0.0116175,0.004664343,1.210603,0.01358986,-0.008255243,-0.02286583,1.809
2024_02_10_00_30_00_252,0.6,0.5235988,9077.0,12361.0,-0.0673666,2.523955,0.1361312,0.003859986,0.009603017,3.238815,1.53,-0.01169936,0.004642133,1.210574,0.01752377,-0.007092952,-0.003899447,1.809
2024_02_10_00_30_00_285,0.6,0.5235988,9187.0,12512.0,-0.117507,2.518039,0.1361314,0.003859986,0.009603364,3.278771,1.53,-0.01170454,0.004644223,1.210631,0.0603199,-0.02807379,-0.1374381,1.809
2024_02_10_00_30_00_323,0.6,0.5235988,9314.0,12685.0,-0.1748971,2.508752,0.1361314,0.003859986,0.00960337,3.32478,1.53,-0.01166433,0.004795403,1.210699,-0.04911422,0.009834765,0.01110323,1.809
2024_02_10_00_30_00_360,0.6,0.5235988,9438.0,12854.0,-0.2303097,2.497181,0.1361314,0.003859986,0.009603622,3.369579,1.53,-0.01167299,0.004756108,1.210719,-0.005602836,-0.006765127,-0.05346443,1.809
2024_02_10_00_30_00_394,0.6,0.5235988,9552.0,13009.0,-0.2807255,2.48437,0.1361316,0.003860518,0.00960406,3.410745,1.53,-0.01165344,0.004627938,1.210679,0.02360344,-0.003576278,-0.00366196,1.809
2024_02_10_00_30_00_430,0.6,0.5235988,9675.0,13178.0,-0.3349399,2.468087,0.1361315,0.003860518,0.009603974,3.455543,1.53,-0.01152514,0.004826428,1.210748,-0.09083747,0.02524257,0.07992703,1.809
2024_02_10_00_30_00_469,0.6,0.5235988,9802.0,13352.0,-0.3898021,2.448852,0.1361316,0.003860518,0.0096042,3.501554,1.53,-0.01153088,0.004772401,1.210914,-0.04374981,0.01960993,0.07246528,1.809
2024_02_10_00_30_00_507,0.6,0.5235988,9926.0,13521.0,-0.442317,2.427719,0.1361316,0.003860518,0.009604019,3.546354,1.53,-0.0116259,0.004726734,1.210716,0.01978874,-0.001609325,0.01153164,1.809
2024_02_10_00_30_00_544,0.6,0.5235988,10053.0,13694.0,-0.4952097,2.403588,0.1361317,0.003860518,0.009604595,3.592366,1.53,-0.01168419,0.004693927,1.210862,-0.008821487,-0.000655651,-0.01892168,1.809
2024_02_10_00_30_00_581,0.6,0.5235988,10176.0,13863.0,-0.5455908,2.377779,0.1361316,0.003860518,0.009604486,3.637164,1.53,-0.01158373,0.004701977,1.21072,0.00166893,0.009477139,0.0496963,1.809
2024_02_10_00_30_00_618,0.6,0.5235988,10303.0,14037.0,-0.596078,2.348951,0.1361317,0.003860518,0.009604455,3.683173,1.53,-0.01163001,0.004711718,1.210586,0.0269413,-0.007927418,-0.04979502,1.809
2024_02_10_00_30_00_656,0.6,0.5235988,10427.0,14206.0,-0.6439112,2.318681,0.1361317,0.003860518,0.009604865,3.727973,1.53,-0.0116541,0.004735446,1.210714,-0.0004768371,-0.001192093,-0.0226777,1.809
2024_02_10_00_30_00_694,0.6,0.5235988,10554.0,14379.0,-0.6915749,2.285395,0.1361317,0.003860518,0.009604857,3.773982,1.53,-0.01162649,0.0047039,1.210702,-0.008940697,0.006318092,0.02285372,1.809
2024_02_10_00_30_00_732,0.6,0.5235988,10678.0,14548.0,-0.7364657,2.250911,0.1361317,0.003860518,0.009604853,3.818779,1.53,-0.01156956,0.004759754,1.210774,-0.001072884,0.004410744,0.02688728,1.809
2024_02_10_00_30_00_769,0.6,0.5235988,10805.0,14722.0,-0.7809155,2.213439,0.1361318,0.003860518,0.009604985,3.86479,1.53,-0.01157238,0.004680397,1.210703,-0.04911422,0.01227856,0.07236097,1.809
2024_02_10_00_30_00_806,0.6,0.5235988,10928.0,14891.0,-0.8224953,2.175028,0.1361319,0.003860518,0.009605096,3.90959,1.53,-0.01163483,0.004646899,1.210615,0.0193119,-0.001013279,0.007634982,1.809
2024_02_10_00_30_00_844,0.6,0.5235988,11055.0,15064.0,-0.8633622,2.133682,0.1361318,0.003860518,0.009605218,3.955597,1.53,-0.0115919,0.00467682,1.210617,0.01895428,-0.0166297,-0.08773337,1.809
2024_02_10_00_30_00_877,0.6,0.5235988,11165.0,15215.0,-0.8972772,2.096284,0.1361319,0.003860518,0.009605321,3.995552,1.53,-0.011636,0.004621922,1.210648,-0.01144409,-0.005066394,0.007741153,1.809
2024_02_10_00_30_00_915,0.6,0.5235988,11289.0,15384.0,-0.9334944,2.05278,0.1361319,0.003860518,0.009605241,4.040347,1.53,-0.01164645,0.00467588,1.210621,0.0166893,-0.0005364418,-0.01145713,1.809
2024_02_10_00_30_00_952,0.6,0.5235988,11416.0,15557.0,-0.9686215,2.006459,0.1361318,0.003860518,0.009604918,4.086355,1.53,-0.01154772,0.004780009,1.210643,-0.03993511,0.01591444,0.09150057,1.809
2024_02_10_00_30_00_985,0.6,0.5235988,11526.0,15708.0,-0.9973718,1.964958,0.1361319,0.003860518,0.009605234,4.126309,1.53,-0.01163738,0.004684226,1.210581,-0.03314018,0.006973743,0.0419775,1.809
2024_02_10_00_30_01_023,0.6,0.5235988,11653.0,15882.0,-1.028393,1.915791,0.1361318,0.003860518,0.009605063,4.172313,1.53,-0.01170629,0.004731245,1.210573,-0.01740456,-0.004708767,-0.01158845,1.809
2024_02_10_00_30_01_060,0.6,0.5235988,11777.0,16051.0,-1.056394,1.866597,0.1361319,0.003860518,0.00960511,4.21711,1.53,-0.01157836,0.004722314,1.210647,0.02264976,0.004529953,0.02295617,1.809
2024_02_10_00_30_01_097,0.6,0.5235988,11904.0,16224.0,-1.08283,1.814821,0.1361318,0.003860518,0.009605105,4.263118,1.53,-0.01166328,0.004665456,1.210604,0.01776218,-0.008881092,-0.03828574,1.809
2024_02_10_00_30_01_135,0.6,0.5235988,12027.0,16393.0,-1.106254,1.763291,0.1361319,0.003860518,0.009605194,4.307913,1.53,-0.01155682,0.00462677,1.210541,-0.0244379,0.02098083,0.1333915,1.809
2024_02_10_00_30_01_169,0.6,0.5235988,12141.0,16548.0,-1.125726,1.715059,0.1361319,0.003859986,0.009605187,4.349075,1.53,-0.01161445,0.004716353,1.210572,-0.001192093,0.003844499,0.01901574,1.809
2024_02_10_00_30_01_206,0.6,0.5235988,12265.0,16717.0,-1.14464,1.661709,0.1361319,0.003860518,0.009605381,4.393867,1.53,-0.01159943,0.004728153,1.210745,0.0005960464,0.01108646,0.02697948,1.809
2024_02_10_00_30_01_244,0.6,0.5235988,12392.0,16891.0,-1.161556,1.606093,0.1361318,0.003859986,0.009605291,4.439871,1.53,-0.01167619,0.004650646,1.210519,0.03314018,-0.01078844,-0.03014505,1.809
2024_02_10_00_30_01_277,0.6,0.5235988,12502.0,17041.0,-1.174162,1.557207,0.1361319,0.003859986,0.009605508,4.479821,1.53,-0.01162431,0.004660895,1.210575,-0.004887581,-0.001549721,-0.01136772,1.809
2024_02_10_00_30_01_311,0.6,0.5235988,12612.0,17192.0,-1.184803,1.507857,0.136132,0.003859986,0.009605363,4.519771,1.53,-0.0116914,0.004573717,1.210475,0.05602836,-0.02071261,-0.05715433,1.809
2024_02_10_00_30_01_344,0.6,0.5235988,12726.0,17347.0,-1.193695,1.456609,0.1361318,0.003859986,0.00960517,4.560931,1.53,-0.01162842,0.004746986,1.210588,0.008106232,0.005215406,-0.003859401,1.809
2024_02_10_00_30_01_381,0.6,0.5235988,12849.0,17516.0,-1.200969,1.400477,0.136132,0.003859986,0.009605591,4.605723,1.53,-0.01160321,0.004580189,1.210732,0.01513958,-0.01189113,-0.0571981,1.809
2024_02_10_00_30_01_420,0.6,0.5235988,12976.0,17690.0,-1.205815,1.342548,0.136132,0.003859986,0.009605602,4.651727,1.53,-0.01158269,0.004651423,1.210759,0.01561642,-0.003397465,-0.02649613,1.809
2024_02_10_00_30_01_452,0.6,0.5235988,13087.0,17840.0,-1.207857,1.292106,0.136132,0.003859986,0.009605211,4.691679,1.53,-0.01173666,0.004655563,1.210536,0.004291534,0.001221895,-0.007742084,1.809
2024_02_10_00_30_01_489,0.6,0.5235988,13210.0,18009.0,-1.20775,1.235505,0.1361318,0.003859986,0.009605318,4.736472,1.53,-0.0116142,0.004726235,1.210602,-0.01490116,0.00846386,0.01156144,1.809
2024_02_10_00_30_01_526,0.6,0.5235988,13337.0,18183.0,-1.205003,1.177438,0.1361319,0.003859986,0.009605334,4.782478,1.53,-0.01162174,0.004677119,1.210597,-0.005483627,-0.003695488,-0.01133699,1.809
2024_02_10_00_30_01_560,0.6,0.5235988,13447.0,18334.0,-1.200453,1.12716,0.1361319,0.003859986,0.009605179,4.822433,1.53,-0.01164389,0.004647363,1.210526,-0.0002384186,-0.001341104,0.01905486,1.809
2024_02_10_00_30_01_598,0.6,0.5235988,13574.0,18507.0,-1.19273,1.069545,0.1361318,0.003859986,0.009605222,4.868438,1.53,-0.01156854,0.004727456,1.210576,-0.03802776,0.01308322,0.06499514,1.809
2024_02_10_00_30_01_631,0.6,0.5235988,13685.0,18658.0,-1.183879,1.019844,0.1361318,0.003859986,0.009605369,4.90839,1.53,-0.01169841,0.00466202,1.210556,0.02980232,-0.007092952,-0.03407337,1.809
2024_02_10_00_30_01_668,0.6,0.5235988,13808.0,18827.0,-1.171604,0.9645908,0.136132,0.003859986,0.009605411,4.953181,1.53,-0.01160336,0.004688701,1.210598,0.01978874,-0.007629394,-0.05721394,1.809
2024_02_10_00_30_01_702,0.6,0.5235988,13922.0,18982.0,-1.158154,0.9143487,0.1361319,0.003859986,0.009605346,4.994342,1.53,-0.01166589,0.004633157,1.210487,-0.01382828,0.0004172325,0.02285745,1.809
2024_02_10_00_30_01_739,0.6,0.5235988,14045.0,19151.0,-1.141183,0.8603531,0.1361319,0.003859986,0.009605356,5.039137,1.53,-0.01150236,0.004758588,1.210757,-0.03445148,0.01978874,0.04971958,1.809
2024_02_10_00_30_01_777,0.6,0.5235988,14172.0,19324.0,-1.121253,0.8057469,0.1361318,0.003859986,0.009605122,5.08514,1.53,-0.01168591,0.00475488,1.210459,-0.006437301,-0.006735324,-0.05355477,1.809
2024_02_10_00_30_01_811,0.6,0.5235988,14283.0,19475.0,-1.101925,0.7591125,0.136132,0.003859986,0.009605485,5.125093,1.53,-0.01156446,0.004675598,1.210578,-0.03898144,0.01603365,0.04963018,1.809
2024_02_10_00_30_01_848,0.6,0.5235988,14410.0,19649.0,-1.07738,0.7064202,0.1361318,0.003859986,0.009605338,5.1711,1.53,-0.01160119,0.004727012,1.210563,-0.01037121,0.003457069,-0.003690831,1.809
2024_02_10_00_30_01_881,0.6,0.5235988,14520.0,19799.0,-1.054119,0.6616182,0.1361319,0.003859986,0.009605274,5.211049,1.53,-0.01160244,0.004680805,1.210477,-0.0009536743,-0.004351139,-0.03839377,1.809
2024_02_10_00_30_01_918,0.6,0.5235988,14643.0,19968.0,-1.025934,0.6125363,0.1361319,0.003859986,0.009605374,5.255839,1.53,-0.01162656,0.004726652,1.210571,-0.01692772,0.003755092,-0.003800727,1.809
2024_02_10_00_30_01_956,0.6,0.5235988,14770.0,20142.0,-0.9947308,0.5634941,0.1361318,0.003859453,0.009605099,5.301842,1.53,-0.01169046,0.004651074,1.210404,-0.002264977,-0.00667572,0.01159497,1.809
2024_02_10_00_30_01_993,0.6,0.5235988,14894.0,20311.0,-0.9622126,0.5171703,0.1361319,0.003859986,0.009605166,5.346632,1.53,-0.01171667,0.004670987,1.210386,0.005483627,-0.01454353,-0.06480329,1.809
2024_02_10_00_30_02_028,0.6,0.5235988,15008.0,20466.0,-0.9305283,0.4759251,0.1361319,0.003859986,0.009605155,5.387791,1.53,-0.01160013,0.004686024,1.210563,0.01728535,0.001251697,0.01530535,1.809
2024_02_10_00_30_02_065,0.6,0.5235988,15131.0,20635.0,-0.8941514,0.4325643,0.1361319,0.003859986,0.009605135,5.432584,1.53,-0.01164421,0.004677378,1.210645,-0.01120567,0.002384186,0.03815908,1.809
2024_02_10_00_30_02_102,0.6,0.5235988,15258.0,20808.0,-0.8548099,0.3897731,0.1361319,0.003859986,0.009605161,5.478586,1.53,-0.01165222,0.004682364,1.210485,0.03540516,-0.005841255,-0.04562921,1.809
2024_02_10_00_30_02_138,0.6,0.5235988,15382.0,20977.0,-0.8146523,0.3498893,0.1361319,0.003859986,0.009605349,5.523377,1.53,-0.01163653,0.00468975,1.210577,0.01943111,0.002205372,0.01557637,1.809
2024_02_10_00_30_02_173,0.6,0.5235988,15495.0,21132.0,-0.7762103,0.3148586,0.1361319,0.003859986,0.009605384,5.564536,1.53,-0.01160598,0.004733332,1.210622,-0.01621246,0.002205372,-0.003665685,1.809
2024_02_10_00_30_02_206,0.6,0.5235988,15606.0,21283.0,-0.7375512,0.2823988,0.1361319,0.003859453,0.009605282,5.604486,1.53,-0.01157825,0.004649543,1.210508,0.00989437,0.003576278,0.03829133,1.809
2024_02_10_00_30_02_243,0.6,0.5235988,15729.0,21452.0,-0.6927037,0.2478738,0.136132,0.003859986,0.009605458,5.649279,1.53,-0.01153272,0.004725507,1.210723,-0.01358986,0.01037121,0.007603317,1.809
2024_02_10_00_30_02_277,0.6,0.5235988,15843.0,21607.0,-0.650167,0.2179472,0.1361319,0.003859986,0.009605356,5.690441,1.53,-0.01164252,0.004690905,1.21059,-0.01335144,0.004708767,0.01914054,1.809
2024_02_10_00_30_02_314,0.6,0.5235988,15966.0,21776.0,-0.6025212,0.1874001,0.1361318,0.003859453,0.009605178,5.735232,1.53,-0.01165277,0.004658422,1.210477,0.03826618,-0.009000301,-0.01503341,1.809
2024_02_10_00_30_02_347,0.6,0.5235988,16080.0,21931.0,-0.5575731,0.1612363,0.1361319,0.003859986,0.009605436,5.776393,1.53,-0.01161235,0.004682798,1.210632,-0.03147125,0.01040101,0.05349703,1.809
2024_02_10_00_30_02_386,0.6,0.5235988,16204.0,22100.0,-0.5074816,0.1348925,0.136132,0.003859986,0.009605242,5.821185,1.53,-0.01161404,0.00470721,1.210543,-0.03647804,0.00885129,0.01108181,1.809
2024_02_10_00_30_02_419,0.6,0.5235988,16314.0,22251.0,-0.4618488,0.1133099,0.1361319,0.003859986,0.009605203,5.861135,1.53,-0.01164674,0.00469518,1.210535,0.01943111,-0.01195073,-0.08408073,1.809
2024_02_10_00_30_02_456,0.6,0.5235988,16441.0,22425.0,-0.4082838,0.09073887,0.1361318,0.003859453,0.009605261,5.907136,1.53,-0.01162674,0.004724635,1.210505,-0.04076957,0.008076429,0.04182662,1.809
2024_02_10_00_30_02_494,0.6,0.5235988,16564.0,22593.0,-0.3551842,0.07115141,0.1361318,0.003859453,0.009604806,5.951927,1.53,-0.01170198,0.004693368,1.210354,0.02086162,-0.01084804,-0.04600267,1.809
2024_02_10_00_30_02_531,0.6,0.5235988,16691.0,22767.0,-0.299793,0.05352987,0.1361319,0.003859986,0.009605271,5.99793,1.53,-0.01163073,0.004687379,1.210634,0.02491474,-0.004172325,-0.01887698,1.809
2024_02_10_00_30_02_568,0.6,0.5235988,16815.0,22936.0,-0.2451358,0.03883768,0.1361318,0.003859453,0.009604978,6.042722,1.53,-0.01163645,0.004678139,1.210409,0.05173683,-0.009119511,-0.01486856,1.809
2024_02_10_00_30_02_606,0.6,0.5235988,16942.0,23109.0,-0.1883749,0.02631162,0.1361317,0.003859986,0.009604922,6.088724,1.53,-0.01164953,0.004741751,1.210511,0.004768372,0.003427267,0.02295524,1.809
2024_02_10_00_30_02_644,0.6,0.5235988,17066.0,23278.0,-0.1326106,0.01663611,0.1361318,0.003859986,0.009605053,6.133515,1.53,-0.01162148,0.004705312,1.210507,-0.02002716,-0.002026558,-0.01521781,1.809
2024_02_10_00_30_02_681,0.6,0.5235988,17193.0,23452.0,-0.07494856,0.009308487,0.1361318,0.003859453,0.009605162,6.179518,1.53,-0.01164546,0.004732384,1.210436,-0.01382828,-0.004827976,-0.02291053,1.809
2024_02_10_00_30_02_719,0.6,0.5235988,17316.0,23621.0,-0.01853761,0.004729086,0.1361319,0.003859453,0.009605162,6.224311,1.53,-0.01168644,0.004632475,1.210417,-0.004887581,-0.003457069,0.0227699,1.809
2024_02_10_00_30_02_752,0.6,0.5235988,17430.0,23776.0,0.03343338,0.002752192,0.1361319,0.003859986,0.009605234,6.265471,1.53,-0.01159853,0.004649307,1.210566,-0.03254414,0.01230836,0.06467383,1.809
2024_02_10_00_30_02_789,0.6,0.5235988,17553.0,23945.0,0.09002954,0.003032773,0.1361318,0.003859986,0.009605104,0.02707742,1.53,-0.0116385,0.004710251,1.210542,0.01621246,-0.001847744,0.0001583248,1.809
2024_02_10_00_30_02_823,0.6,0.5235988,17667.0,24100.0,0.1419782,0.005525077,0.1361319,0.003859986,0.009605243,0.06823711,1.53,-0.01158944,0.004738733,1.210588,-0.01955032,0.007331371,0.003688037,1.809
2024_02_10_00_30_02_860,0.6,0.5235988,17791.0,24269.0,0.1983418,0.01066364,0.1361318,0.003859986,0.009605044,0.1130299,1.53,-0.01165578,0.004737479,1.210572,0.005483627,0.0005662441,4.936009e-05,1.809
2024_02_10_00_30_02_899,0.6,0.5235988,17918.0,24443.0,0.255929,0.01856295,0.1361318,0.003859986,0.009605063,0.1590328,1.53,-0.01163828,0.004716132,1.210626,0.0002384186,-0.00372529,0.0001322478,1.809
2024_02_10_00_30_02_931,0.6,0.5235988,18028.0,24593.0,0.3055997,0.02756524,0.1361319,0.003859986,0.009605007,0.1989829,1.53,-0.01153151,0.004744801,1.210611,-0.05340576,0.01946092,0.07602386,1.809
2024_02_10_00_30_02_968,0.6,0.5235988,18151.0,24762.0,0.3608115,0.04000886,0.1361318,0.003859986,0.009604925,0.2437762,1.53,-0.01165631,0.004676088,1.210417,0.02229214,-0.006943941,-0.01911074,1.809
2024_02_10_00_30_03_006,0.6,0.5235988,18278.0,24936.0,0.4168777,0.05534926,0.1361319,0.003859986,0.009605108,0.2897786,1.53,-0.01167418,0.004665925,1.210551,0.001907349,-0.000745058,0.01529232,1.809
2024_02_10_00_30_03_039,0.6,0.5235988,18389.0,25087.0,0.464951,0.07075135,0.1361319,0.003859986,0.009605044,0.3297281,1.53,-0.01161849,0.004686652,1.210346,-0.0128746,0.004351139,0.003592111,1.809
2024_02_10_00_30_03_073,0.6,0.5235988,18499.0,25237.0,0.5123702,0.08806105,0.1361319,0.003859986,0.0096052,0.3696777,1.53,-0.01168714,0.004708076,1.210459,-0.008702278,-0.001549721,0.007811933,1.809
2024_02_10_00_30_03_110,0.6,0.5235988,18626.0,25411.0,0.5660661,0.1103205,0.1361318,0.003859986,0.009605234,0.4156827,1.53,-0.01165017,0.004634781,1.210639,0.05638599,-0.01072884,-0.03796536,1.809
2024_02_10_00_30_03_147,0.6,0.5235988,18750.0,25580.0,0.6173117,0.1343449,0.1361318,0.003859453,0.009605133,0.4604749,1.53,-0.01158647,0.004705589,1.210541,-0.01454353,0.002145767,0.007575377,1.809
2024_02_10_00_30_03_181,0.6,0.5235988,18863.0,25735.0,0.6634098,0.158425,0.1361319,0.003859986,0.009605188,0.5016335,1.53,-0.01165482,0.004642629,1.210504,0.01299381,-0.01198053,-0.04197936,1.809
2024_02_10_00_30_03_214,0.6,0.5235988,18973.0,25886.0,0.7071691,0.1835913,0.1361318,0.003859453,0.009605007,0.5415837,1.53,-0.01160523,0.004712731,1.210533,-0.007867813,0.003099441,0.01136493,1.809
2024_02_10_00_30_03_253,0.6,0.5235988,19100.0,26059.0,0.7562662,0.2147083,0.1361318,0.003859453,0.009605217,0.5875881,1.53,-0.01160195,0.004732625,1.210579,-0.03314018,0.01317263,0.03811903,1.809
2024_02_10_00_30_03_289,0.6,0.5235988,19224.0,26228.0,0.8026464,0.2471454,0.1361318,0.003859986,0.009605329,0.6323798,1.53,-0.01167598,0.004671457,1.21059,0.006198883,-0.006914138,-0.03807899,1.809
2024_02_10_00_30_03_327,0.6,0.5235988,19351.0,26402.0,0.8487201,0.2825866,0.1361318,0.003859453,0.009605002,0.6783833,1.53,-0.01163076,0.004719126,1.210475,0.01621246,-0.0002980232,0.007790513,1.809
2024_02_10_00_30_03_365,0.6,0.5235988,19475.0,26570.0,0.8919672,0.3190953,0.1361318,0.003859986,0.009605281,0.7231771,1.53,-0.0116562,0.004655968,1.210635,0.01871586,-0.004291534,-0.01904834,1.809
2024_02_10_00_30_03_402,0.6,0.5235988,19601.0,26744.0,0.934637,0.3585677,0.1361319,0.003859986,0.009605307,0.7691816,1.53,-0.01162935,0.00467113,1.210637,-0.01299381,0.006735324,0.02668891,1.809
2024_02_10_00_30_03_439,0.6,0.5235988,19725.0,26913.0,0.9743971,0.3988481,0.136132,0.003859986,0.009605025,0.8139771,1.53,-0.01154104,0.004652581,1.210507,0.009298325,0.009775162,0.0647977,1.809
2024_02_10_00_30_03_476,0.6,0.5235988,19852.0,27086.0,1.013311,0.4420277,0.1361319,0.003859986,0.009605248,0.8599795,1.53,-0.01165219,0.004637895,1.210521,0.01525879,-0.002384186,-0.007763505,1.809
2024_02_10_00_30_03_514,0.6,0.5235988,19976.0,27255.0,1.049255,0.4857477,0.136132,0.003859986,0.009605231,0.9047728,1.53,-0.01157233,0.004745612,1.210598,-0.02384186,-0.0007152557,-0.05752872,1.809
2024_02_10_00_30_03_552,0.6,0.5235988,20103.0,27429.0,1.084094,0.5322787,0.1361318,0.003859986,0.009605245,0.9507762,1.53,-0.01163361,0.004666432,1.210635,0.02348423,-0.008881092,-0.02256408,1.809
2024_02_10_00_30_03_588,0.6,0.5235988,20226.0,27598.0,1.115924,0.5790786,0.136132,0.003859986,0.009605471,0.995569,1.53,-0.01159478,0.004634584,1.210636,-0.007271766,0.00989437,0.02677552,1.809
2024_02_10_00_30_03_622,0.6,0.5235988,20336.0,27748.0,1.14252,0.6219848,0.1361319,0.003859986,0.009605153,1.035518,1.53,-0.01161995,0.004632281,1.210555,0.06818771,-0.01984834,-0.09539164,1.809
2024_02_10_00_30_03_660,0.6,0.5235988,20463.0,27922.0,1.170995,0.6726612,0.1361319,0.003859986,0.009605397,1.081521,1.53,-0.011633,0.004618037,1.210478,0.005245208,-0.007569789,-0.02667121,1.809
2024_02_10_00_30_03_697,0.6,0.5235988,20587.0,28091.0,1.196453,0.7232117,0.1361319,0.003859986,0.009605158,1.126313,1.53,-0.0116496,0.004665789,1.210489,0.03957748,0.001072884,2.607703e-05,1.809
2024_02_10_00_30_03_735,0.6,0.5235988,20714.0,28264.0,1.220217,0.7762606,0.1361319,0.003859986,0.009605215,1.172316,1.53,-0.01160026,0.004726525,1.21054,-0.02300739,0.006884336,0.007588416,1.809
2024_02_10_00_30_03_772,0.6,0.5235988,20838.0,28433.0,1.240987,0.8289113,0.1361318,0.003859986,0.009605032,1.217107,1.53,-0.01159311,0.004704888,1.210491,-0.04529953,0.01195073,0.06075296,1.809
2024_02_10_00_30_03_810,0.6,0.5235988,20965.0,28607.0,1.259842,0.8838972,0.1361318,0.003859986,0.009605099,1.263108,1.53,-0.01165873,0.004687815,1.210552,-0.01072884,0.001758337,0.02665631,1.809
2024_02_10_00_30_03_847,0.6,0.5235988,21088.0,28776.0,1.275752,0.9382148,0.1361318,0.003859986,0.009605184,1.307901,1.53,-0.01174226,0.004615021,1.210513,0.02849102,-0.01114607,-0.03034342,1.809
2024_02_10_00_30_03_880,0.6,0.5235988,21202.0,28931.0,1.288216,0.9887117,0.1361318,0.003859986,0.009605354,1.349061,1.53,-0.01166172,0.004640224,1.210547,0.02264976,-0.003844499,-0.04182383,1.809
2024_02_10_00_30_03_914,0.6,0.5235988,21312.0,29082.0,1.298316,1.038174,0.1361319,0.003859986,0.009605153,1.389014,1.53,-0.01163581,0.004652448,1.210552,-0.02014637,-0.0001788139,-0.038567,1.809
2024_02_10_00_30_03_952,0.6,0.5235988,21439.0,29255.0,1.307486,1.095575,0.1361318,0.003859986,0.009605151,1.435015,1.53,-0.01170593,0.004644674,1.210502,0.02336502,-0.00885129,-0.01890305,1.809
2024_02_10_00_30_03_989,0.6,0.5235988,21563.0,29424.0,1.31387,1.151815,0.1361319,0.003859986,0.009605055,1.479807,1.53,-0.01160463,0.004680737,1.210598,0.007033348,0.009298325,0.04979688,1.809
2024_02_10_00_30_04_027,0.6,0.5235988,21690.0,29598.0,1.317797,1.209812,0.1361318,0.003859986,0.009605142,1.525811,1.53,-0.01162439,0.004684066,1.210592,-0.00834465,0.0102818,0.007385388,1.809
2024_02_10_00_30_04_060,0.6,0.5235988,21800.0,29748.0,1.319041,1.26028,0.1361318,0.003859986,0.009605207,1.565761,1.53,-0.01170291,0.00461377,1.210531,-0.002503395,-0.008076429,-0.02679601,1.809
2024_02_10_00_30_04_098,0.6,0.5235988,21924.0,29917.0,1.318038,1.316873,0.1361319,0.003859986,0.009605164,1.610553,1.53,-0.01169066,0.00466968,1.210606,-0.02551079,0.006586313,0.007269904,1.809
2024_02_10_00_30_04_134,0.6,0.5235988,22050.0,30091.0,1.314373,1.374889,0.1361319,0.003859986,0.009604886,1.65656,1.53,-0.01159648,0.004661323,1.210493,0.0128746,-0.007092952,-0.04243105,1.809
2024_02_10_00_30_04_172,0.6,0.5235988,22174.0,30260.0,1.308246,1.431159,0.1361318,0.003859986,0.009605107,1.701358,1.53,-0.01159551,0.004637069,1.210526,0.001072884,0.0001192093,0.01904368,1.809
2024_02_10_00_30_04_205,0.6,0.5235988,22288.0,30415.0,1.300395,1.482578,0.1361319,0.003859986,0.009605009,1.742521,1.53,-0.0115923,0.004602693,1.210556,0.01394749,-0.00333786,0.00749994,1.809
2024_02_10_00_30_04_243,0.6,0.5235988,22411.0,30584.0,1.289457,1.538113,0.1361318,0.003859986,0.009605082,1.787312,1.53,-0.0117209,0.004695515,1.210487,0.01335144,-0.01013279,-0.04189834,1.809
2024_02_10_00_30_04_281,0.6,0.5235988,22538.0,30757.0,1.275648,1.594582,0.1361319,0.003859986,0.009605135,1.833321,1.53,-0.01164095,0.004643507,1.210592,0.01692772,-0.009536743,-0.03805012,1.809
2024_02_10_00_30_04_314,0.6,0.5235988,22649.0,30908.0,1.26156,1.643061,0.1361318,0.003859986,0.009604801,1.873274,1.53,-0.01169973,0.004687662,1.210433,0.002861023,-0.005185604,-0.003999099,1.809
2024_02_10_00_30_04_351,0.6,0.5235988,22772.0,31077.0,1.243473,1.696697,0.1361319,0.003859986,0.009605329,1.918071,1.53,-0.01163446,0.004665304,1.210671,-0.002264977,0.001609325,0.01158845,1.809
2024_02_10_00_30_04_385,0.6,0.5235988,22886.0,31232.0,1.224751,1.745226,0.1361318,0.003859986,0.009605085,1.959234,1.53,-0.01164728,0.004629967,1.210498,0.02670288,-0.01335144,-0.03818329,1.809
2024_02_10_00_30_04_422,0.6,0.5235988,23009.0,31401.0,1.202128,1.79711,0.1361319,0.003859986,0.009605211,2.004028,1.53,-0.0116266,0.004658633,1.210681,-0.001311302,0.001788139,0.01908559,1.809
2024_02_10_00_30_04_459,0.6,0.5235988,23136.0,31575.0,1.176499,1.849288,0.1361318,0.003859986,0.00960494,2.050035,1.53,-0.01166719,0.004698057,1.210478,0.01442432,-0.006198883,-0.01140591,1.809
2024_02_10_00_30_04_497,0.6,0.5235988,23260.0,31744.0,1.149265,1.898909,0.1361318,0.003859986,0.009605142,2.09483,1.53,-0.01159137,0.004778218,1.210763,-0.02908706,0.01102686,-0.0002663583,1.809
2024_02_10_00_30_04_535,0.6,0.5235988,23387.0,31917.0,1.11901,1.948548,0.1361319,0.003859986,0.009605373,2.140834,1.53,-0.01160113,0.004691187,1.210724,-0.01358986,-0.003635883,-0.04579592,1.809
2024_02_10_00_30_04_568,0.6,0.5235988,23497.0,32068.0,1.090907,1.990489,0.1361319,0.003859986,0.009605115,2.180787,1.53,-0.01153585,0.004702091,1.210634,-0.01299381,0.01645088,0.06494671,1.809
2024_02_10_00_30_04_606,0.6,0.5235988,23624.0,32242.0,1.056502,2.037349,0.1361319,0.003859986,0.009604823,2.226791,1.53,-0.01163836,0.004702228,1.210491,0.009298325,0.002145767,0.01141615,1.809
2024_02_10_00_30_04_639,0.6,0.5235988,23734.0,32392.0,1.024902,2.076723,0.1361318,0.003859986,0.009605098,2.266743,1.53,-0.01163233,0.004697625,1.210589,-0.004172325,0.006198883,0.01522247,1.809
2024_02_10_00_30_04_677,0.6,0.5235988,23858.0,32561.0,0.9876345,2.119328,0.1361318,0.003859986,0.009604972,2.311537,1.53,-0.01167951,0.004723487,1.210536,0.01144409,-0.007510185,-0.03426336,1.809
2024_02_10_00_30_04_710,0.6,0.5235988,23972.0,32716.0,0.9517366,2.156971,0.1361318,0.003859986,0.009604898,2.3527,1.53,-0.01169384,0.004721012,1.21045,-0.01943111,0.003695488,0.007342547,1.809
2024_02_10_00_30_04_747,0.6,0.5235988,24095.0,32885.0,0.9109485,2.19622,0.1361319,0.003859986,0.0096051,2.397496,1.53,-0.01156685,0.004661527,1.21053,0.008583069,-0.006616115,-0.02665818,1.809
2024_02_10_00_30_04_780,0.6,0.5235988,24209.0,33041.0,0.8719521,2.230644,0.1361319,0.003859986,0.009605163,2.438657,1.53,-0.01166342,0.00463819,1.210566,-0.01263618,0.009536743,0.06871298,1.809
2024_02_10_00_30_04_819,0.6,0.5235988,24333.0,33210.0,0.8279456,2.266247,0.1361318,0.003859986,0.009605268,2.483452,1.53,-0.01158676,0.004667892,1.210657,-0.01037121,0.00745058,0.05744956,1.809
2024_02_10_00_30_04_856,0.6,0.5235988,24459.0,33383.0,0.7811364,2.300724,0.1361319,0.003859986,0.00960504,2.529458,1.53,-0.01160013,0.004688199,1.210456,-0.01358986,0.002384186,-0.0001778826,1.809
2024_02_10_00_30_04_893,0.6,0.5235988,24583.0,33552.0,0.7340823,2.33219,0.1361319,0.003859986,0.009605077,2.574251,1.53,-0.01166802,0.004675997,1.21063,0.03457069,-0.003457069,0.007710419,1.809
2024_02_10_00_30_04_930,0.6,0.5235988,24710.0,33726.0,0.68434,2.36228,0.1361318,0.003859986,0.0096049,2.62026,1.53,-0.01159554,0.004720461,1.210642,-0.0140667,0.01466274,0.06088987,1.809
2024_02_10_00_30_04_964,0.6,0.5235988,24820.0,33876.0,0.6400582,2.386531,0.1361318,0.003859986,0.009605024,2.660212,1.53,-0.01174394,0.004632028,1.210578,0.04470348,-0.02220273,-0.07242896,1.809
2024_02_10_00_30_05_001,0.6,0.5235988,24944.0,34045.0,0.5893027,2.411595,0.1361319,0.003859986,0.009604892,2.705008,1.53,-0.01157183,0.004664619,1.210556,0.02765655,-0.005871057,-0.01931936,1.809
2024_02_10_00_30_05_038,0.6,0.5235988,25071.0,34219.0,0.5360603,2.434944,0.1361319,0.003859986,0.009605049,2.751015,1.53,-0.0116204,0.004711997,1.210589,0.002861023,-0.002682209,-0.03078766,1.809
2024_02_10_00_30_05_077,0.6,0.5235988,25195.0,34388.0,0.4832413,2.455302,0.1361318,0.003860518,0.009605207,2.795813,1.53,-0.01161028,0.004681368,1.210709,-0.0333786,0.0004768371,0.003674067,1.809
2024_02_10_00_30_05_114,0.6,0.5235988,25321.0,34561.0,0.4281016,2.473727,0.1361318,0.003860518,0.009605087,2.84182,1.53,-0.01163871,0.004689321,1.210705,0.03385544,-0.002562999,-0.003768131,1.809
2024_02_10_00_30_05_151,0.6,0.5235988,25445.0,34730.0,0.373654,2.489212,0.1361319,0.003860518,0.009604936,2.886617,1.53,-0.0116016,0.004678993,1.210599,0.02491474,-0.001192093,-0.01928676,1.809
2024_02_10_00_30_05_185,0.6,0.5235988,25559.0,34885.0,0.3230546,2.501279,0.1361318,0.003859986,0.009605087,2.927783,1.53,-0.01163026,0.004776086,1.210683,-0.03504753,0.0115335,0.06116554,1.809
2024_02_10_00_30_05_222,0.6,0.5235988,25682.0,35054.0,0.2674781,2.512032,0.1361319,0.003859986,0.009605073,2.972579,1.53,-0.01163725,0.004727622,1.210566,0.02157688,-0.007748603,-0.0380408,1.809
2024_02_10_00_30_05_260,0.6,0.5235988,25809.0,35228.0,0.2099579,2.520473,0.1361319,0.003859986,0.009605421,3.018586,1.53,-0.01157256,0.004642778,1.210705,0.01120567,0.0115931,0.06890483,1.809
2024_02_10_00_30_05_297,0.6,0.5235988,25933.0,35397.0,0.1536354,2.526143,0.1361319,0.003859986,0.009605085,3.06338,1.53,-0.01168849,0.004728122,1.210479,-0.01227856,-0.003159046,0.003791414,1.809
2024_02_10_00_30_05_331,0.6,0.5235988,26047.0,35552.0,0.1017035,2.529125,0.1361318,0.003859986,0.009605031,3.104544,1.53,-0.01163195,0.004743018,1.210523,0.01895428,-0.01129508,-0.06100814,1.809
2024_02_10_00_30_05_367,0.6,0.5235988,26170.0,35721.0,0.04510246,2.529939,0.1361319,0.003859986,0.009605395,3.14934,1.53,-0.01168774,0.004640311,1.210583,-0.04184246,0.01433492,0.07997173,1.809
2024_02_10_00_30_05_406,0.6,0.5235988,26297.0,35895.0,-0.01300612,2.528135,0.1361319,0.003859986,0.009605397,3.195344,1.53,-0.01156764,0.00472533,1.2106,-0.02276897,0.01096725,0.02289563,1.809
2024_02_10_00_30_05_443,0.6,0.5235988,26421.0,36064.0,-0.06944767,2.523813,0.1361318,0.003859986,0.009605185,3.24014,1.53,-0.01158573,0.004721494,1.210593,-0.01323223,0.01141429,0.04966557,1.809
2024_02_10_00_30_05_480,0.6,0.5235988,26548.0,36237.0,-0.127153,2.516749,0.1361319,0.003859986,0.009605191,3.286146,1.53,-0.01161636,0.004666294,1.210598,0.01752377,-0.006794929,-0.0153603,1.809
2024_02_10_00_30_05_519,0.6,0.5235988,26671.0,36406.0,-0.1829701,2.507327,0.1361318,0.003860518,0.009605271,3.330942,1.53,-0.01156143,0.004749999,1.210761,-0.01716614,-0.002503395,-0.03827456,1.809
2024_02_10_00_30_05_556,0.6,0.5235988,26798.0,36580.0,-0.2397978,2.495059,0.1361318,0.003859986,0.009605193,3.376948,1.53,-0.01162742,0.004667956,1.210593,0.02491474,-0.00834465,-0.03825687,1.809
2024_02_10_00_30_05_593,0.6,0.5235988,26922.0,36749.0,-0.294531,2.480615,0.1361319,0.003860518,0.009605323,3.421745,1.53,-0.0115893,0.004622347,1.210719,0.0244379,-0.002980232,0.01907907,1.809
2024_02_10_00_30_05_630,0.6,0.5235988,27046.0,36918.0,-0.3485619,2.463735,0.1361319,0.003859986,0.009605379,3.46654,1.53,-0.01155661,0.00475626,1.210683,-0.01442432,0.01490116,0.04592817,1.809
2024_02_10_00_30_05_668,0.6,0.5235988,27173.0,37091.0,-0.4032086,2.443898,0.1361318,0.003859986,0.009605063,3.512547,1.53,-0.01166689,0.00469335,1.21055,0.02539158,-0.008791685,-0.01894403,1.809
2024_02_10_00_30_05_701,0.6,0.5235988,27283.0,37242.0,-0.4498828,2.424647,0.1361319,0.003860518,0.009605354,3.552502,1.53,-0.01166792,0.004638606,1.210613,0.02765655,-0.01341104,-0.0456376,1.809
2024_02_10_00_30_05_734,0.6,0.5235988,27396.0,37397.0,-0.4971275,2.402881,0.1361318,0.003859986,0.009605004,3.593665,1.53,-0.0115672,0.004759166,1.210579,0.02205372,-0.0004768371,0.003811903,1.809
2024_02_10_00_30_05_772,0.6,0.5235988,27520.0,37566.0,-0.5474751,2.377007,0.1361319,0.003859986,0.009605078,3.638462,1.53,-0.01156803,0.004716257,1.210607,0.01037121,-0.002145767,-0.01535937,1.809
2024_02_10_00_30_05_809,0.6,0.5235988,27647.0,37740.0,-0.5979244,2.348114,0.1361318,0.003859986,0.009605167,3.68447,1.53,-0.01160728,0.00481606,1.210681,-0.02169609,0.004708767,-0.03056414,1.809
2024_02_10_00_30_05_843,0.6,0.5235988,27757.0,37890.0,-0.6406177,2.321163,0.1361318,0.003859986,0.009605153,3.724424,1.53,-0.01159145,0.00469388,1.210562,-0.02110004,0.0001788139,-0.02703164,1.809
2024_02_10_00_30_05_877,0.6,0.5235988,27867.0,38041.0,-0.6821989,2.292529,0.136132,0.003860518,0.00960559,3.764375,1.53,-0.0116099,0.00464669,1.210703,-0.002622604,0.008583069,0.04208367,1.809
2024_02_10_00_30_05_913,0.6,0.5235988,27994.0,38214.0,-0.7286185,2.25753,0.1361318,0.003860518,0.009605219,3.810384,1.53,-0.01171518,0.004695909,1.210617,-0.01895428,-0.006079673,-0.04206039,1.809
2024_02_10_00_30_05_951,0.6,0.5235988,28118.0,38383.0,-0.7722245,2.221437,0.1361319,0.003859986,0.00960524,3.855181,1.53,-0.01157986,0.004718328,1.210679,0.003099441,0.01198053,0.05742628,1.809
2024_02_10_00_30_05_985,0.6,0.5235988,28232.0,38539.0,-0.8108324,2.186579,0.1361318,0.003859986,0.009605151,3.896349,1.53,-0.01155047,0.004736265,1.210582,-0.01168251,0.008225441,0.03829319,1.809
2024_02_10_00_30_06_022,0.6,0.5235988,28355.0,38708.0,-0.8511767,2.146877,0.1361319,0.003859986,0.009605385,3.941146,1.53,-0.01163221,0.004650635,1.210641,0.01430511,-0.008821487,-0.02637319,1.809
2024_02_10_00_30_06_059,0.6,0.5235988,28482.0,38881.0,-0.8907185,2.104262,0.1361318,0.003859986,0.009605318,3.987152,1.53,-0.01169416,0.00469709,1.210568,-0.007748603,-0.0001788139,0.03082584,1.809
2024_02_10_00_30_06_097,0.6,0.5235988,28606.0,39050.0,-0.9272975,2.061064,0.1361318,0.003860518,0.009605047,4.031947,1.53,-0.01157851,0.004706855,1.210614,0.01168251,-0.006020069,0.003937632,1.809
2024_02_10_00_30_06_135,0.6,0.5235988,28733.0,39224.0,-0.962813,2.015039,0.1361318,0.003860518,0.009605253,4.077956,1.53,-0.01164061,0.004721277,1.210669,-0.003218651,0.000655651,0.01159124,1.809
2024_02_10_00_30_06_172,0.6,0.5235988,28856.0,39393.0,-0.995325,1.968702,0.1361319,0.003860518,0.009605248,4.122752,1.53,-0.01165284,0.004612785,1.210564,0.0269413,-0.006794929,-0.00757724,1.809
2024_02_10_00_30_06_212,0.6,0.5235988,28983.0,39566.0,-1.02652,1.919646,0.1361319,0.003860518,0.009605291,4.168756,1.53,-0.01159284,0.004690098,1.21068,-0.005960464,0.006079673,0.02672151,1.809
2024_02_10_00_30_06_243,0.6,0.5235988,29094.0,39717.0,-1.051756,1.87592,0.1361319,0.003860518,0.009605401,4.208707,1.53,-0.01157858,0.004711319,1.210745,-0.01382828,0.00962615,0.03827363,1.809
2024_02_10_00_30_06_280,0.6,0.5235988,29217.0,39886.0,-1.077949,1.82574,0.1361319,0.003859986,0.009605374,4.253501,1.53,-0.01163155,0.004647912,1.210637,-0.03898144,0.01373887,0.05689636,1.809
2024_02_10_00_30_06_318,0.6,0.5235988,29344.0,40059.0,-1.102482,1.773037,0.1361319,0.003859986,0.00960511,4.299507,1.53,-0.01165671,0.004642264,1.21048,0.03170967,-0.004053116,-0.003780238,1.809
2024_02_10_00_30_06_351,0.6,0.5235988,29455.0,40210.0,-1.121801,1.726394,0.1361319,0.003859986,0.00960528,4.339455,1.53,-0.01162588,0.004623873,1.210491,0.0002384186,-0.005573034,-0.01159683,1.809
2024_02_10_00_30_06_389,0.6,0.5235988,29582.0,40384.0,-1.141719,1.67178,0.1361319,0.003860518,0.009605381,4.385458,1.53,-0.01163598,0.004625559,1.21063,0.00333786,-0.0001490116,-0.003924593,1.809
2024_02_10_00_30_06_427,0.6,0.5235988,29705.0,40552.0,-1.15868,1.617778,0.1361319,0.003859986,0.009605229,4.430252,1.53,-0.01165648,0.004691701,1.210539,-0.01490116,0.01555681,0.07250346,1.809
2024_02_10_00_30_06_464,0.6,0.5235988,29832.0,40726.0,-1.173564,1.561583,0.1361319,0.003859986,0.009605318,4.476255,1.53,-0.0115665,0.004699187,1.210657,-0.05590915,0.007718801,0.0419328,1.809
2024_02_10_00_30_06_497,0.6,0.5235988,29942.0,40877.0,-1.18438,1.512269,0.1361319,0.003859986,0.009605404,4.516205,1.53,-0.01164992,0.004659431,1.210675,0.00834465,-0.007539987,-0.05343556,1.809
2024_02_10_00_30_06_535,0.6,0.5235988,30069.0,41050.0,-1.194385,1.455004,0.1361319,0.003859986,0.009605135,4.562206,1.53,-0.01172519,0.004647396,1.210433,0.004529953,-0.01296401,-0.06118975,1.809
2024_02_10_00_30_06_572,0.6,0.5235988,30193.0,41219.0,-1.20159,1.398862,0.1361319,0.003859986,0.009605403,4.607,1.53,-0.01162223,0.004641655,1.210685,-0.01645088,0.003546476,0.03827736,1.809
2024_02_10_00_30_06_610,0.6,0.5235988,30320.0,41393.0,-1.206361,1.340927,0.136132,0.003859986,0.009605485,4.653003,1.53,-0.01158615,0.004655852,1.210545,-0.01072884,0.001847744,0.02301857,1.809
2024_02_10_00_30_06_647,0.6,0.5235988,30444.0,41562.0,-1.208443,1.284364,0.136132,0.003859986,0.009605367,4.697797,1.53,-0.01167402,0.004681589,1.210558,-0.02157688,-0.001549721,-5.494803e-05,1.809
2024_02_10_00_30_06_681,0.6,0.5235988,30554.0,41712.0,-1.208162,1.233882,0.1361319,0.003859986,0.009605273,4.737746,1.53,-0.01160446,0.004685935,1.210602,-0.004649162,0.009655952,0.04587508,1.809
2024_02_10_00_30_06_714,0.6,0.5235988,30667.0,41868.0,-1.205764,1.181925,0.1361319,0.003859986,0.009605373,4.778913,1.53,-0.01152863,0.004646002,1.210682,0.01132488,0.0012815,0.01911726,1.809
2024_02_10_00_30_06_751,0.6,0.5235988,30791.0,42037.0,-1.200727,1.125548,0.136132,0.003859986,0.009605322,4.823706,1.53,-0.01162523,0.004679794,1.210563,-0.0269413,0.006943941,0.01510419,1.809
2024_02_10_00_30_06_785,0.6,0.5235988,30901.0,42187.0,-1.194109,1.0755,0.1361319,0.003859986,0.009605189,4.863658,1.53,-0.01160707,0.004638848,1.210435,-0.00655651,-0.007897615,-0.05376897,1.809
2024_02_10_00_30_06_822,0.6,0.5235988,31028.0,42361.0,-1.184018,1.018253,0.1361318,0.003859986,0.00960504,4.909662,1.53,-0.01171605,0.004727404,1.210503,0.01013279,-0.003218651,-0.04978105,1.809
2024_02_10_00_30_06_859,0.6,0.5235988,31152.0,42530.0,-1.171673,0.9630149,0.1361319,0.003859986,0.009605306,4.954457,1.53,-0.01158415,0.004644028,1.210557,0.01788139,-0.005960464,-0.02281833,1.809
2024_02_10_00_30_06_897,0.6,0.5235988,31279.0,42703.0,-1.156434,0.906918,0.1361319,0.003859986,0.00960526,5.000462,1.53,-0.01165023,0.004666612,1.210564,-0.006318092,0.00423193,0.04596263,1.809
2024_02_10_00_30_06_935,0.6,0.5235988,31402.0,42872.0,-1.139133,0.8530275,0.1361319,0.003859986,0.009605038,5.04526,1.53,-0.0116349,0.004673093,1.210478,0.01251697,-0.01078844,-0.03825314,1.809
2024_02_10_00_30_06_972,0.6,0.5235988,31529.0,43046.0,-1.118871,0.7985443,0.1361319,0.003859986,0.009605243,5.091267,1.53,-0.01160505,0.004686876,1.210553,-0.02968311,0.01013279,0.03808551,1.809
2024_02_10_00_30_07_010,0.6,0.5235988,31653.0,43215.0,-1.096753,0.7464455,0.1361319,0.003859986,0.009605391,5.13606,1.53,-0.01152478,0.004648736,1.21069,0.01835823,0.005722045,0.007588416,1.809
2024_02_10_00_30_07_043,0.6,0.5235988,31767.0,43370.0,-1.07439,0.6994883,0.1361319,0.003859986,0.009605085,5.177224,1.53,-0.0116254,0.004667604,1.210499,0.01549721,-0.003814697,0.0,1.809
2024_02_10_00_30_07_080,0.6,0.5235988,31890.0,43539.0,-1.047881,0.6494809,0.1361318,0.003859986,0.0096052,5.222016,1.53,-0.01159799,0.004718121,1.210578,-0.03385544,0.01579523,0.0647828,1.809
2024_02_10_00_30_07_119,0.6,0.5235988,32017.0,43712.0,-1.018353,0.5994109,0.1361319,0.003859986,0.009605338,5.268017,1.53,-0.0116269,0.004743219,1.210551,-0.04124641,0.01114607,0.02285465,1.809
2024_02_10_00_30_07_155,0.6,0.5235988,32141.0,43881.0,-0.9874186,0.5520133,0.1361319,0.003859986,0.009605067,5.31281,1.53,-0.01165647,0.004682577,1.210525,0.05292892,-0.0128746,-0.05332101,1.809
2024_02_10_00_30_07_193,0.6,0.5235988,32268.0,44055.0,-0.9534714,0.504827,0.1361318,0.003859986,0.00960493,5.358813,1.53,-0.01167516,0.004648039,1.210383,0.01049042,0.0002980232,0.0304915,1.809
2024_02_10_00_30_07_226,0.6,0.5235988,32378.0,44206.0,-0.9222581,0.4651529,0.1361318,0.003859986,0.009605137,5.398764,1.53,-0.01164292,0.004675123,1.210597,0.01633167,-0.006735324,-0.02288818,1.809
2024_02_10_00_30_07_264,0.6,0.5235988,32505.0,44379.0,-0.8843856,0.4210562,0.1361319,0.003859986,0.009605232,5.444764,1.53,-0.01162727,0.004717567,1.210572,-0.04220008,0.01072884,0.03031827,1.809
2024_02_10_00_30_07_302,0.6,0.5235988,32628.0,44548.0,-0.8455999,0.3798373,0.136132,0.003859986,0.009605409,5.489557,1.53,-0.011663,0.004603202,1.210594,0.03314018,-0.01370907,-0.03809389,1.809
2024_02_10_00_30_07_338,0.6,0.5235988,32755.0,44722.0,-0.8038856,0.339356,0.1361318,0.003859986,0.009605175,5.535559,1.53,-0.01162391,0.004723946,1.21051,-0.007152557,0.007629394,0.04975777,1.809
2024_02_10_00_30_07_376,0.6,0.5235988,32879.0,44891.0,-0.7615224,0.3018239,0.1361319,0.003859986,0.00960508,5.58035,1.53,-0.01164072,0.004668317,1.210414,0.009775162,-0.007629394,-0.03829878,1.809
2024_02_10_00_30_07_413,0.6,0.5235988,33006.0,45064.0,-0.7163105,0.2652919,0.1361319,0.003859986,0.0096054,5.626353,1.53,-0.01156036,0.004647545,1.210614,0.04041195,-0.01394749,-0.05711056,1.809
2024_02_10_00_30_07_447,0.6,0.5235988,33116.0,45215.0,-0.6757194,0.2352821,0.1361319,0.003859986,0.009605215,5.666303,1.53,-0.01155653,0.004686594,1.210595,0.008702278,0.005900859,0.01892075,1.809
2024_02_10_00_30_07_480,0.6,0.5235988,33227.0,45366.0,-0.6339623,0.2069173,0.1361317,0.003859986,0.009605058,5.706255,1.53,-0.01164023,0.004673598,1.210444,-0.0004768371,0.0003576278,0.0307234,1.809
2024_02_10_00_30_07_518,0.6,0.5235988,33353.0,45539.0,-0.5845206,0.1763523,0.1361319,0.003859453,0.009605108,5.752256,1.53,-0.01167031,0.004710387,1.210381,-0.004649162,-0.0004470348,-0.02323463,1.809
2024_02_10_00_30_07_551,0.6,0.5235988,33464.0,45690.0,-0.5404831,0.1516778,0.1361319,0.003859986,0.009605365,5.792207,1.53,-0.01152522,0.004806421,1.210765,-0.06353855,0.02804398,0.07610396,1.809
2024_02_10_00_30_07_589,0.6,0.5235988,33591.0,45863.0,-0.4886007,0.1254707,0.1361319,0.003859986,0.009605196,5.83821,1.53,-0.01163286,0.004662781,1.210408,0.0,0.002473593,0.01519546,1.809
2024_02_10_00_30_07_621,0.6,0.5235988,33701.0,46014.0,-0.4426074,0.1046686,0.1361319,0.003859986,0.009605258,5.878158,1.53,-0.01172548,0.004621351,1.210486,-0.00667572,-0.003576278,0.03060605,1.809
2024_02_10_00_30_07_660,0.6,0.5235988,33825.0,46183.0,-0.390098,0.08355058,0.1361319,0.003859453,0.009605083,5.922947,1.53,-0.01163198,0.004682174,1.210357,0.00846386,-0.0002980232,0.02671964,1.809
2024_02_10_00_30_07_693,0.6,0.5235988,33938.0,46338.0,-0.3410569,0.06623536,0.1361318,0.003859453,0.009605021,5.964108,1.53,-0.01165314,0.004741598,1.210451,-0.01192093,0.01120567,0.06100721,1.809
2024_02_10_00_30_07_731,0.6,0.5235988,34062.0,46507.0,-0.2869292,0.0497033,0.1361318,0.003859453,0.009605125,6.008901,1.53,-0.01160305,0.004694225,1.210478,-0.02467632,0.005662441,0.04969071,1.809
2024_02_10_00_30_07_764,0.6,0.5235988,34175.0,46662.0,-0.2365821,0.0366627,0.1361319,0.003859986,0.009605085,6.05006,1.53,-0.0116641,0.004668076,1.21045,0.02527237,-0.008136034,-0.007339753,1.809
2024_02_10_00_30_07_802,0.6,0.5235988,34299.0,46831.0,-0.181234,0.02483871,0.1361319,0.003859986,0.009605279,6.094851,1.53,-0.01161397,0.004717857,1.210574,-0.03492832,0.004291534,0.01147203,1.809
2024_02_10_00_30_07_838,0.6,0.5235988,34426.0,47005.0,-0.1238976,0.01528739,0.1361318,0.003859986,0.009605147,6.140854,1.53,-0.01164875,0.004680429,1.210553,0.004649162,0.002622604,0.01912378,1.809
2024_02_10_00_30_07_876,0.6,0.5235988,34549.0,47174.0,-0.06770441,0.008530816,0.1361319,0.003859986,0.009605261,6.185647,1.53,-0.01161919,0.004700497,1.210793,0.02229214,-0.004470348,-0.02635922,1.809
2024_02_10_00_30_07_914,0.6,0.5235988,34676.0,47347.0,-0.009738207,0.004218025,0.1361318,0.003859986,0.009604972,6.231649,1.53,-0.01158391,0.004759195,1.210546,-0.0001192093,0.006854534,0.02292171,1.809
2024_02_10_00_30_07_951,0.6,0.5235988,34800.0,47516.0,0.04683515,0.002584483,0.1361319,0.003859986,0.009605165,6.276443,1.53,-0.01155542,0.004677344,1.210606,-0.01204014,0.01582503,0.08418224,1.809
2024_02_10_00_30_07_988,0.6,0.5235988,34924.0,47685.0,0.1034251,0.003486162,0.1361318,0.003859986,0.009605057,0.03804911,1.53,-0.01165077,0.004679154,1.210489,0.02646446,-0.01072884,-0.01881085,1.809
2024_02_10_00_30_08_026,0.6,0.5235988,35051.0,47859.0,0.1614421,0.007049039,0.1361318,0.003859986,0.009605222,0.08405256,1.53,-0.01164636,0.004683896,1.210471,-0.03051758,0.004649162,0.03822707,1.809
2024_02_10_00_30_08_064,0.6,0.5235988,35174.0,48028.0,0.2177168,0.01307832,0.1361319,0.003859986,0.009605217,0.1288432,1.53,-0.01157824,0.004667957,1.21059,0.01561642,0.003904104,0.0420073,1.809
2024_02_10_00_30_08_097,0.6,0.5235988,35288.0,48183.0,0.269144,0.0208356,0.1361319,0.003859986,0.009605018,0.170005,1.53,-0.01168005,0.004637583,1.210458,0.03671646,-0.01594424,-0.04183966,1.809
2024_02_10_00_30_08_135,0.6,0.5235988,35411.0,48352.0,0.3246934,0.0316739,0.1361319,0.003859986,0.009605226,0.2147983,1.53,-0.0116627,0.004660434,1.210602,0.01895428,-0.006198883,0.007738359,1.809
2024_02_10_00_30_08_172,0.6,0.5235988,35538.0,48526.0,0.3811793,0.04538312,0.1361319,0.003859986,0.009605299,0.2608018,1.53,-0.01158231,0.004669234,1.210535,-0.015378,0.003784895,-0.003824942,1.809
2024_02_10_00_30_08_210,0.6,0.5235988,35662.0,48694.0,0.4355163,0.06121422,0.1361319,0.003859453,0.009605308,0.3055913,1.53,-0.01162435,0.004748018,1.210484,-0.02634525,0.002264977,-0.02301298,1.809
2024_02_10_00_30_08_247,0.6,0.5235988,35789.0,48868.0,0.4905269,0.07998861,0.1361319,0.003859986,0.009605162,0.3515937,1.53,-0.01155659,0.004740546,1.210594,-0.03361702,0.008136034,0.01499616,1.809
2024_02_10_00_30_08_280,0.6,0.5235988,35899.0,49019.0,0.5375544,0.098331,0.1361319,0.003859986,0.009605353,0.3915433,1.53,-0.01163507,0.004671024,1.210483,-0.01049042,0.001996756,0.01161545,1.809
2024_02_10_00_30_08_318,0.6,0.5235988,36026.0,49192.0,0.5907502,0.1217589,0.1361319,0.003859453,0.009605203,0.4375462,1.53,-0.0116552,0.004654821,1.210457,0.03552437,-0.008523464,-0.04185922,1.809
2024_02_10_00_30_08_351,0.6,0.5235988,36136.0,49343.0,0.6360308,0.144071,0.1361318,0.003859986,0.009605322,0.4774963,1.53,-0.01160932,0.004703763,1.210584,-0.02944469,0.004649162,0.01156703,1.809
2024_02_10_00_30_08_389,0.6,0.5235988,36260.0,49512.0,0.6856925,0.1712156,0.1361318,0.003859453,0.009605381,0.5222858,1.53,-0.01165414,0.004699442,1.210545,-0.0115633,0.004053116,0.01537893,1.809
2024_02_10_00_30_08_426,0.6,0.5235988,36387.0,49685.0,0.7353792,0.2013788,0.136132,0.003859986,0.009605255,0.5682909,1.53,-0.01166401,0.004667133,1.210479,-0.007867813,-0.004172325,-0.02301484,1.809
2024_02_10_00_30_08_464,0.6,0.5235988,36511.0,49854.0,0.7823764,0.2329144,0.1361318,0.003859453,0.009605149,0.6130826,1.53,-0.01165564,0.004718157,1.210518,-0.007033348,-0.004827976,-0.02662465,1.809
2024_02_10_00_30_08_496,0.6,0.5235988,36624.0,50010.0,0.8242779,0.2637219,0.1361319,0.003859453,0.009605296,0.6542434,1.53,-0.01159078,0.004762336,1.210606,-0.0320673,0.007927418,-0.01922995,1.809
2024_02_10_00_30_08_535,0.6,0.5235988,36748.0,50179.0,0.8683947,0.2991762,0.1361319,0.003859453,0.009605293,0.699035,1.53,-0.01163162,0.004691218,1.210471,-0.03290176,0.007390975,0.01906417,1.809
2024_02_10_00_30_08_572,0.6,0.5235988,36875.0,50352.0,0.9120048,0.3376068,0.1361318,0.003859986,0.00960492,0.7450395,1.53,-0.01159119,0.004698599,1.210462,0.01192093,-0.000834465,-0.007712282,1.809
2024_02_10_00_30_08_610,0.6,0.5235988,36998.0,50521.0,0.952726,0.3769149,0.1361317,0.003859453,0.009605126,0.7898366,1.53,-0.01165729,0.004796508,1.210654,-0.03123283,-0.0003576278,-0.007385388,1.809
2024_02_10_00_30_08_646,0.6,0.5235988,37125.0,50695.0,0.9926712,0.4191422,0.1361319,0.003859986,0.009605093,0.83584,1.53,-0.01160987,0.00464013,1.210473,0.006914138,0.002324581,0.03437046,1.809
2024_02_10_00_30_08_684,0.6,0.5235988,37249.0,50864.0,1.02966,0.4619812,0.1361318,0.003859453,0.009604868,0.8806312,1.53,-0.01156164,0.004729247,1.210465,-0.02384186,0.01466274,0.06843079,1.809
2024_02_10_00_30_08_722,0.6,0.5235988,37376.0,51037.0,1.065612,0.5076573,0.1361318,0.003859986,0.009605013,0.9266352,1.53,-0.01160414,0.004691247,1.210527,0.01370907,0.008165836,0.08029862,1.809
2024_02_10_00_30_08_759,0.6,0.5235988,37499.0,51206.0,1.098563,0.5536744,0.1361319,0.003859986,0.009605129,0.9714269,1.53,-0.01167935,0.004582553,1.210407,0.03325939,-0.008583069,0.01154933,1.809
2024_02_10_00_30_08_793,0.6,0.5235988,37613.0,51361.0,1.126997,0.5972232,0.1361319,0.003859986,0.009605051,1.012586,1.53,-0.01159384,0.004683611,1.210489,0.01645088,-0.002622604,-0.01530163,1.809
2024_02_10_00_30_08_829,0.6,0.5235988,37737.0,51530.0,1.155877,0.6459001,0.1361319,0.003859986,0.009604964,1.057379,1.53,-0.01159462,0.004644248,1.210512,0.007390975,0.008434057,0.07620547,1.809
2024_02_10_00_30_08_868,0.6,0.5235988,37864.0,51704.0,1.183238,0.6971874,0.1361318,0.003859986,0.009605101,1.103385,1.53,-0.01161358,0.004720037,1.210552,-0.007152557,0.004202127,0.01155399,1.809
2024_02_10_00_30_08_901,0.6,0.5235988,37974.0,51854.0,1.205063,0.7427077,0.1361318,0.003859986,0.009605032,1.143333,1.53,-0.01168742,0.004694035,1.210441,-0.01943111,-0.006198883,-0.03827922,1.809
2024_02_10_00_30_08_938,0.6,0.5235988,38097.0,52023.0,1.227348,0.7947335,0.1361319,0.003859986,0.009605123,1.188121,1.53,-0.01156157,0.004666207,1.210554,-0.0141859,0.01227856,0.07235538,1.809
2024_02_10_00_30_08_976,0.6,0.5235988,38224.0,52197.0,1.247788,0.8491508,0.1361319,0.003859986,0.009605305,1.234121,1.53,-0.01161915,0.004647332,1.210631,0.008821487,-0.004887581,-0.03819168,1.809
2024_02_10_00_30_09_009,0.6,0.5235988,38335.0,52348.0,1.263493,0.897128,0.1361318,0.003859453,0.009605224,1.274072,1.53,-0.01165002,0.00465123,1.21059,0.009417534,-0.0115037,-0.06886758,1.809
2024_02_10_00_30_09_046,0.6,0.5235988,38462.0,52521.0,1.279187,0.9530982,0.1361319,0.003859453,0.0096053,1.320075,1.53,-0.01158568,0.004622228,1.210567,0.007033348,0.01078844,0.06120838,1.809
2024_02_10_00_30_09_085,0.6,0.5235988,38585.0,52690.0,1.291978,1.008233,0.1361319,0.003859986,0.00960532,1.364863,1.53,-0.01168755,0.004690704,1.210589,-0.04899501,0.009387732,0.02670195,1.809
2024_02_10_00_30_09_123,0.6,0.5235988,38712.0,52864.0,1.302534,1.065397,0.1361319,0.003859986,0.009605018,1.410868,1.53,-0.01154553,0.004628196,1.210585,0.01764297,0.000745058,0.01505297,1.809
2024_02_10_00_30_09_155,0.6,0.5235988,38822.0,53014.0,1.309559,1.115388,0.1361318,0.003859453,0.009605167,1.450818,1.53,-0.01159759,0.00468985,1.210633,-0.0128746,0.003129244,0.0114711,1.809
2024_02_10_00_30_09_193,0.6,0.5235988,38946.0,53183.0,1.315055,1.171722,0.1361319,0.003859986,0.009605167,1.495613,1.53,-0.01167139,0.004665799,1.210617,0.02384186,-0.007271766,-0.04199147,1.809
2024_02_10_00_30_09_226,0.6,0.5235988,39060.0,53339.0,1.317875,1.223658,0.1361319,0.003859986,0.009605395,1.536774,1.53,-0.0115703,0.0046716,1.210748,-0.007033348,0.006109476,0.01153629,1.809
2024_02_10_00_30_09_260,0.6,0.5235988,39170.0,53489.0,1.318566,1.274136,0.1361319,0.003859986,0.009604955,1.576721,1.53,-0.01166406,0.004673731,1.210483,0.02372265,-0.008136034,-0.02671405,1.809
2024_02_10_00_30_09_297,0.6,0.5235988,39297.0,53663.0,1.316866,1.332242,0.1361318,0.003859986,0.009604977,1.622728,1.53,-0.011706,0.004672886,1.210464,-0.04124641,0.01776218,0.06842986,1.809
2024_02_10_00_30_09_330,0.6,0.5235988,39407.0,53813.0,1.313222,1.382596,0.1361318,0.003859986,0.009605206,1.662682,1.53,-0.01158439,0.004677428,1.210699,-0.001430511,-0.005125999,-0.04186388,1.809
2024_02_10_00_30_09_368,0.6,0.5235988,39531.0,53982.0,1.306749,1.438827,0.1361318,0.003859986,0.009605049,1.707478,1.53,-0.01173667,0.004591649,1.210401,0.06985664,-0.01886487,-0.04544574,1.809
2024_02_10_00_30_09_401,0.6,0.5235988,39644.0,54138.0,1.298586,1.490196,0.1361318,0.003859986,0.009605014,1.748641,1.53,-0.01169237,0.004718347,1.210475,-0.06890297,0.01883507,0.0722548,1.809
2024_02_10_00_30_09_434,0.6,0.5235988,39755.0,54288.0,1.288647,1.539693,0.1361319,0.003859986,0.009605112,1.788595,1.53,-0.01159532,0.00470034,1.210651,-0.003695488,0.0003576278,0.007649883,1.809
2024_02_10_00_30_09_472,0.6,0.5235988,39882.0,54462.0,1.274765,1.596143,0.1361319,0.003859986,0.00960509,1.834602,1.53,-0.01153443,0.00464993,1.210509,-0.02038479,0.01257658,0.05709566,1.809
2024_02_10_00_30_09_509,0.6,0.5235988,40005.0,54631.0,1.258767,1.650438,0.1361318,0.003859986,0.009605194,1.879398,1.53,-0.01161587,0.004690331,1.210568,-0.01990795,0.003278255,0.01164153,1.809
2024_02_10_00_30_09_547,0.6,0.5235988,40132.0,54804.0,1.239823,1.705398,0.1361319,0.003859986,0.00960508,1.925406,1.53,-0.01160543,0.004675274,1.210604,0.01561642,0.005125999,0.02678204,1.809
2024_02_10_00_30_09_579,0.6,0.5235988,40242.0,54955.0,1.221337,1.752375,0.1361319,0.003859986,0.00960507,1.965359,1.53,-0.01160541,0.004690628,1.21061,-0.01430511,0.01108646,0.03037881,1.809
2024_02_10_00_30_09_617,0.6,0.5235988,40366.0,55124.0,1.198397,1.804121,0.1361318,0.003859986,0.009605098,2.010157,1.53,-0.01171396,0.004670313,1.21054,-0.02264976,0.001311302,0.02291053,1.809
2024_02_10_00_30_09_655,0.6,0.5235988,40493.0,55298.0,1.172449,1.856143,0.1361319,0.003859986,0.009605014,2.056165,1.53,-0.01167608,0.004725682,1.210574,0.005483627,-0.009059906,-0.06106309,1.809
2024_02_10_00_30_09_692,0.6,0.5235988,40617.0,55467.0,1.144912,1.905596,0.1361318,0.003859986,0.009604832,2.100961,1.53,-0.01175488,0.004639428,1.210476,0.03826618,-0.02038479,-0.06496534,1.809
2024_02_10_00_30_09_730,0.6,0.5235988,40744.0,55640.0,1.114354,1.955051,0.1361319,0.003860518,0.009605048,2.146966,1.53,-0.01164502,0.004726129,1.210623,-0.01060963,0.007152557,0.02294965,1.809
2024_02_10_00_30_09_767,0.6,0.5235988,40867.0,55809.0,1.082444,2.001805,0.1361317,0.003859986,0.009605053,2.191761,1.53,-0.01166064,0.004733528,1.210645,-0.05686283,0.007629394,0.01118146,1.809
2024_02_10_00_30_09_800,0.6,0.5235988,40981.0,55964.0,1.051302,2.043469,0.1361318,0.003859986,0.00960509,2.232924,1.53,-0.01163863,0.004695314,1.21061,-0.01192093,0.009536743,0.0458518,1.809
2024_02_10_00_30_09_835,0.6,0.5235988,41091.0,56115.0,1.019461,2.082648,0.1361319,0.003860518,0.009605109,2.272878,1.53,-0.01157668,0.004690259,1.210576,-0.01192093,0.008106232,0.01895521,1.809
2024_02_10_00_30_09_871,0.6,0.5235988,41218.0,56288.0,0.9808927,2.126147,0.1361319,0.003860518,0.009605254,2.318884,1.53,-0.01159826,0.004663602,1.210705,0.0004768371,0.002622604,-2.793968e-05,1.809
2024_02_10_00_30_09_910,0.6,0.5235988,41342.0,56457.0,0.9414548,2.166752,0.1361317,0.003859986,0.009604951,2.36368,1.53,-0.01174618,0.004641579,1.210477,0.03409386,-0.01657009,-0.04197657,1.809
2024_02_10_00_30_09_947,0.6,0.5235988,41469.0,56631.0,0.8991011,2.206573,0.1361319,0.003859986,0.009605318,2.409685,1.53,-0.01162442,0.004683655,1.210787,-0.01811981,-0.002264977,-0.02299063,1.809
2024_02_10_00_30_09_984,0.6,0.5235988,41592.0,56800.0,0.8561425,2.243435,0.1361319,0.003859986,0.009605207,2.45448,1.53,-0.01157884,0.00472327,1.210623,-0.00989437,-0.001132488,-0.04223548,1.809
2024_02_10_00_30_10_021,0.6,0.5235988,41719.0,56973.0,0.8103516,2.279253,0.1361319,0.003859986,0.009605338,2.500487,1.53,-0.01161579,0.004659949,1.210632,-0.009536743,0.002086163,-0.007809139,1.809
2024_02_10_00_30_10_059,0.6,0.5235988,41843.0,57142.0,0.7642291,2.312069,0.1361319,0.003859986,0.009605498,2.545282,1.53,-0.01175103,0.004644924,1.21067,0.01680851,-0.01138449,-0.03023259,1.809
2024_02_10_00_30_10_097,0.6,0.5235988,41970.0,57316.0,0.7153796,2.343587,0.1361318,0.003859986,0.009605256,2.591289,1.53,-0.01165416,0.004640976,1.210608,0.04947185,-0.01853704,-0.07997918,1.809
2024_02_10_00_30_10_130,0.6,0.5235988,42080.0,57467.0,0.6718193,2.369111,0.1361319,0.003859986,0.009604997,2.631242,1.53,-0.01165293,0.004657283,1.210422,0.01370907,-0.00423193,0.00748597,1.809
2024_02_10_00_30_10_168,0.6,0.5235988,42204.0,57636.0,0.6218115,2.395633,0.1361318,0.003859986,0.009605342,2.676038,1.53,-0.01166292,0.004636826,1.210666,0.03480911,-0.006854534,-0.01114607,1.809
2024_02_10_00_30_10_204,0.6,0.5235988,42331.0,57809.0,0.5692692,2.420513,0.1361319,0.003859986,0.009605033,2.722042,1.53,-0.0116282,0.004736782,1.210564,0.01263618,-0.0004768371,-0.007663853,1.809
2024_02_10_00_30_10_238,0.6,0.5235988,42441.0,57960.0,0.5227535,2.44014,0.1361319,0.003859986,0.009605134,2.761994,1.53,-0.01159152,0.004710731,1.210621,-0.01776218,0.006258487,0.0265697,1.809
2024_02_10_00_30_10_271,0.6,0.5235988,42554.0,58115.0,0.4740471,2.458402,0.1361319,0.003860518,0.009605295,2.803158,1.53,-0.01159739,0.00469165,1.21075,0.004410744,0.00962615,0.03074575,1.809
2024_02_10_00_30_10_309,0.6,0.5235988,42678.0,58284.0,0.4202386,2.475979,0.1361318,0.003859986,0.009605313,2.847954,1.53,-0.0116188,0.004684865,1.210579,0.01478195,0.003188848,0.0001778826,1.809
2024_02_10_00_30_10_342,0.6,0.5235988,42788.0,58435.0,0.3716255,2.489609,0.1361319,0.003859986,0.009605176,2.887906,1.53,-0.01158816,0.004664403,1.210484,0.01072884,-0.003099441,-0.003851019,1.809
2024_02_10_00_30_10_380,0.6,0.5235988,42915.0,58608.0,0.3150263,2.502886,0.1361319,0.003859986,0.009605253,2.93391,1.53,-0.01156701,0.004694386,1.210742,0.02288818,-0.005960464,-0.06117113,1.809
2024_02_10_00_30_10_417,0.6,0.5235988,43039.0,58777.0,0.2593853,2.513298,0.1361318,0.003859986,0.009605202,2.978706,1.53,-0.01169813,0.004716445,1.210584,-0.02753734,-0.007122755,-0.03843009,1.809
2024_02_10_00_30_10_453,0.6,0.5235988,43152.0,58932.0,0.2078919,2.520661,0.1361319,0.003859986,0.009605249,3.01987,1.53,-0.01160724,0.00463925,1.210623,0.04160404,-0.007390975,-0.01114979,1.809
2024_02_10_00_30_10_489,0.6,0.5235988,43276.0,59101.0,0.1515637,2.526259,0.1361318,0.003859986,0.009605016,3.064666,1.53,-0.01164345,0.004704115,1.210644,-0.03707409,0.008195639,0.05328469,1.809
2024_02_10_00_30_10_526,0.6,0.5235988,43403.0,59275.0,0.09351084,2.529376,0.1361319,0.003859986,0.009605253,3.110672,1.53,-0.0115958,0.004696047,1.210711,0.02002716,0.0005662441,-0.00377465,1.809
2024_02_10_00_30_10_563,0.6,0.5235988,43527.0,59444.0,0.03690645,2.529842,0.136132,0.003859986,0.009605559,3.155467,1.53,-0.01148444,0.004710976,1.210862,-0.05578994,0.03263354,0.1029037,1.809
2024_02_10_00_30_10_596,0.6,0.5235988,43637.0,59595.0,-0.0135518,2.52812,0.1361317,0.003859986,0.009605228,3.195421,1.53,-0.0116591,0.004676004,1.210647,-0.02372265,0.004053116,0.01913961,1.809
2024_02_10_00_30_10_634,0.6,0.5235988,43764.0,59768.0,-0.07151577,2.523642,0.1361319,0.003859986,0.009605094,3.241428,1.53,-0.01165007,0.004631718,1.210604,0.07069111,-0.01963973,-0.06086472,1.809
2024_02_10_00_30_10_668,0.6,0.5235988,43874.0,59919.0,-0.1216402,2.517594,0.1361318,0.003859986,0.009604902,3.281381,1.53,-0.01161305,0.004733353,1.210564,0.007033348,-0.002115965,-0.007754191,1.809
2024_02_10_00_30_10_705,0.6,0.5235988,44001.0,60092.0,-0.1790055,2.508156,0.1361318,0.003860518,0.009605232,3.327388,1.53,-0.01167229,0.00470619,1.210774,0.02884865,-0.005602836,-0.0189431,1.809
2024_02_10_00_30_10_742,0.6,0.5235988,44125.0,60261.0,-0.234387,2.496442,0.1361319,0.003859986,0.009605077,3.372186,1.53,-0.01164205,0.004765162,1.210701,-0.02598762,0.001192093,-0.02310239,1.809
2024_02_10_00_30_10_780,0.6,0.5235988,44252.0,60435.0,-0.2906612,2.481841,0.1361318,0.003860518,0.009605216,3.418194,1.53,-0.0116606,0.004671152,1.210667,-0.01192093,0.002026558,0.02306513,1.809
2024_02_10_00_30_10_813,0.6,0.5235988,44362.0,60586.0,-0.338942,2.467074,0.1361319,0.003859986,0.009605225,3.458148,1.53,-0.01160744,0.004723698,1.210673,-0.02336502,0.01424551,0.05344767,1.809
2024_02_10_00_30_10_851,0.6,0.5235988,44489.0,60759.0,-0.393754,2.447696,0.1361319,0.003859986,0.009605176,3.504153,1.53,-0.01160098,0.004708915,1.210553,0.01347065,-0.00295043,-0.007737427,1.809
2024_02_10_00_30_10_884,0.6,0.5235988,44599.0,60910.0,-0.4405877,2.428838,0.1361319,0.003859986,0.009605346,3.544106,1.53,-0.01155699,0.004752204,1.210572,-0.01358986,0.01335144,0.02274476,1.809
2024_02_10_00_30_10_918,0.6,0.5235988,44713.0,61065.0,-0.4880129,2.407469,0.1361319,0.003860518,0.009605306,3.585269,1.53,-0.01156097,0.004731392,1.210661,0.015378,0.009596348,0.03065541,1.809
2024_02_10_00_30_10_955,0.6,0.5235988,44836.0,61234.0,-0.5385751,2.382019,0.1361319,0.003860518,0.009605398,3.630065,1.53,-0.01158653,0.004662316,1.210744,0.01776218,0.006437301,0.04206784,1.809
2024_02_10_00_30_10_993,0.6,0.5235988,44960.0,61403.0,-0.5879472,2.35433,0.1361319,0.003860518,0.009605562,3.67486,1.53,-0.01163466,0.004694543,1.210738,0.004529953,-0.004291534,-0.05707424,1.809
2024_02_10_00_30_11_030,0.6,0.5235988,45087.0,61576.0,-0.6373107,2.323622,0.1361319,0.003859986,0.00960532,3.720865,1.53,-0.01160226,0.004635696,1.210636,0.01716614,0.01072884,0.08400156,1.809
2024_02_10_00_30_11_068,0.6,0.5235988,45211.0,61745.0,-0.6839688,2.29157,0.1361319,0.003859986,0.009605194,3.765658,1.53,-0.01166097,0.004653924,1.210592,0.002503395,-0.00411272,-0.0001946464,1.809
2024_02_10_00_30_11_104,0.6,0.5235988,45338.0,61919.0,-0.7303437,2.256512,0.1361319,0.003859986,0.009605191,3.811665,1.53,-0.01157614,0.004677851,1.210568,-0.003695488,0.00244379,0.04210043,1.809
2024_02_10_00_30_11_143,0.6,0.5235988,45461.0,62088.0,-0.7739033,2.220363,0.1361319,0.003859986,0.009605368,3.856461,1.53,-0.01154753,0.0047232,1.210739,-0.05435943,0.02068281,0.07612631,1.809
2024_02_10_00_30_11_179,0.6,0.5235988,45588.0,62261.0,-0.8169076,2.181245,0.1361319,0.003859986,0.009605331,3.90247,1.53,-0.01164996,0.004677879,1.210565,-0.0218153,0.001728535,-0.007685273,1.809
2024_02_10_00_30_11_217,0.6,0.5235988,45712.0,62430.0,-0.8570091,2.141296,0.1361318,0.003859986,0.009605122,3.947267,1.53,-0.01155651,0.004650584,1.210637,-0.003218651,0.005364418,0.03408454,1.809
2024_02_10_00_30_11_255,0.6,0.5235988,45839.0,62603.0,-0.8962915,2.098442,0.1361319,0.003859986,0.009605314,3.993274,1.53,-0.01162554,0.004647939,1.210488,0.01263618,-0.008523464,-0.02670195,1.809
2024_02_10_00_30_11_293,0.6,0.5235988,45962.0,62772.0,-0.9326038,2.055021,0.1361319,0.003859986,0.009605259,4.03807,1.53,-0.01160747,0.00467279,1.210719,-0.006437301,-0.002980232,0.01146179,1.809
2024_02_10_00_30_11_330,0.6,0.5235988,46089.0,62946.0,-0.9678367,2.00878,0.1361318,0.003859986,0.009605108,4.084075,1.53,-0.01162262,0.004749062,1.210548,-0.004529953,-0.005602836,-0.05367025,1.809
2024_02_10_00_30_11_367,0.6,0.5235988,46213.0,63115.0,-1.000062,1.962244,0.1361319,0.003860518,0.009605313,4.12887,1.53,-0.01170662,0.00466744,1.210609,0.007152557,-0.007092952,-0.04207436,1.809
2024_02_10_00_30_11_401,0.6,0.5235988,46327.0,63270.0,-1.027812,1.918249,0.136132,0.003859986,0.009605137,4.170034,1.53,-0.01161774,0.004677421,1.210594,0.01633167,-0.0115335,-0.05354639,1.809
2024_02_10_00_30_11_438,0.6,0.5235988,46450.0,63439.0,-1.055925,1.869119,0.1361319,0.003859986,0.009605184,4.214829,1.53,-0.01159788,0.004705987,1.210615,0.004887581,0.003606081,-0.01164619,1.809
2024_02_10_00_30_11_477,0.6,0.5235988,46577.0,63612.0,-1.082476,1.817404,0.1361318,0.003860518,0.009605398,4.260834,1.53,-0.01165251,0.0046727,1.210643,0.006914138,0.001907349,0.004013069,1.809
2024_02_10_00_30_11_512,0.6,0.5235988,46701.0,63781.0,-1.106019,1.765926,0.1361319,0.003859986,0.00960544,4.305627,1.53,-0.01160345,0.00466432,1.210542,0.002503395,0.005364418,0.01925696,1.809
2024_02_10_00_30_11_546,0.6,0.5235988,46811.0,63932.0,-1.125052,1.719167,0.1361319,0.003859986,0.009605293,4.345574,1.53,-0.01160144,0.004681227,1.210575,0.01597404,0.00217557,0.01927838,1.809
2024_02_10_00_30_11_584,0.6,0.5235988,46938.0,64105.0,-1.144636,1.664432,0.1361318,0.003859986,0.009605334,4.391577,1.53,-0.01159058,0.004669789,1.210671,0.01370907,0.004202127,0.0001266599,1.809
2024_02_10_00_30_11_622,0.6,0.5235988,47062.0,64274.0,-1.161266,1.610327,0.1361319,0.003859986,0.00960517,4.436371,1.53,-0.01163708,0.004674953,1.210534,0.008225441,-0.001549721,-0.02676155,1.809
2024_02_10_00_30_11_655,0.6,0.5235988,47175.0,64429.0,-1.174399,1.559997,0.1361318,0.003859986,0.009605268,4.477534,1.53,-0.01159542,0.00464794,1.210648,-0.0004768371,0.007033348,0.05747377,1.809
2024_02_10_00_30_11_692,0.6,0.5235988,47299.0,64598.0,-1.186322,1.504664,0.1361319,0.003859986,0.009605286,4.522329,1.53,-0.01157281,0.004620244,1.210648,0.03051758,-0.001758337,0.03834162,1.809
2024_02_10_00_30_11_730,0.6,0.5235988,47426.0,64771.0,-1.195975,1.447339,0.1361319,0.003859986,0.009605258,4.568332,1.53,-0.01172976,0.004672322,1.210521,0.004053116,-0.008583069,-0.0421172,1.809
2024_02_10_00_30_11_763,0.6,0.5235988,47536.0,64922.0,-1.202211,1.397241,0.1361319,0.003859986,0.009605338,4.608283,1.53,-0.01151821,0.004633834,1.210689,-0.007987022,0.01579523,0.06105937,1.809
2024_02_10_00_30_11_801,0.6,0.5235988,47660.0,65091.0,-1.206819,1.340827,0.1361319,0.003859986,0.009605397,4.653077,1.53,-0.01165399,0.004690908,1.210598,0.0003576278,0.0003576278,-0.01527835,1.809
2024_02_10_00_30_11_834,0.6,0.5235988,47773.0,65246.0,-1.208822,1.288852,0.1361319,0.003859986,0.009605299,4.694237,1.53,-0.01164921,0.004692824,1.210536,-0.009179115,0.009924172,0.03049802,1.809
2024_02_10_00_30_11_871,0.6,0.5235988,47897.0,65415.0,-1.20857,1.232252,0.1361319,0.003859986,0.009605147,4.739031,1.53,-0.01168546,0.004659972,1.210476,0.01466274,-0.001698732,0.01531653,1.809
2024_02_10_00_30_11_905,0.6,0.5235988,48011.0,65570.0,-1.206103,1.180298,0.1361319,0.003859986,0.009605181,4.780192,1.53,-0.01164876,0.00464687,1.210459,-0.02300739,0.004202127,0.04552118,1.809
2024_02_10_00_30_11_942,0.6,0.5235988,48134.0,65739.0,-1.200992,1.123928,0.1361319,0.003859986,0.009605229,4.824986,1.53,-0.01166124,0.004726054,1.210479,-0.02515316,-0.001579523,-0.01907162,1.809
2024_02_10_00_30_11_980,0.6,0.5235988,48261.0,65912.0,-1.193124,1.066333,0.1361319,0.003859986,0.009605347,4.870991,1.53,-0.0116648,0.004647748,1.210512,0.000834465,-0.005304813,-0.04216749,1.809
2024_02_10_00_30_12_017,0.6,0.5235988,48385.0,66081.0,-1.182925,1.010659,0.1361319,0.003859986,0.009605582,4.915786,1.53,-0.01155741,0.004630812,1.210772,-0.0002384186,0.004053116,0.007646158,1.809
2024_02_10_00_30_12_055,0.6,0.5235988,48512.0,66255.0,-1.169865,0.9540159,0.136132,0.003859986,0.00960552,4.961792,1.53,-0.01159643,0.004593852,1.210623,0.04434585,-0.005424022,-0.02282392,1.809
2024_02_10_00_30_12_088,0.6,0.5235988,48622.0,66405.0,-1.15642,0.9053569,0.1361319,0.003859986,0.009605245,5.001746,1.53,-0.01158725,0.004688428,1.210525,-0.02729893,0.002682209,0.01522992,1.809
2024_02_10_00_30_12_125,0.6,0.5235988,48745.0,66574.0,-1.139049,0.8514888,0.1361319,0.003859986,0.009605295,5.046539,1.53,-0.01164304,0.004718503,1.210518,0.02861023,-0.007808208,-0.04176795,1.809
2024_02_10_00_30_12_163,0.6,0.5235988,48872.0,66748.0,-1.118714,0.7970321,0.1361319,0.003859986,0.00960536,5.092543,1.53,-0.01154604,0.004712591,1.210602,-0.01299381,0.008583069,0.003735535,1.809
2024_02_10_00_30_12_201,0.6,0.5235988,48996.0,66916.0,-1.096529,0.7449614,0.1361318,0.003859986,0.009605098,5.137339,1.53,-0.01162666,0.004727199,1.210483,-0.04458427,0.01209974,0.04940573,1.809
2024_02_10_00_30_12_234,0.6,0.5235988,49110.0,67072.0,-1.074106,0.6980332,0.1361318,0.003859986,0.009605222,5.178503,1.53,-0.01159256,0.004640962,1.210575,0.005841255,0.006258487,0.03061164,1.809
2024_02_10_00_30_12_271,0.6,0.5235988,49233.0,67241.0,-1.047534,0.6480595,0.1361318,0.003859986,0.00960526,5.223295,1.53,-0.01165536,0.004639986,1.210492,0.03314018,-0.01108646,-0.02639368,1.809
2024_02_10_00_30_12_308,0.6,0.5235988,49360.0,67414.0,-1.017942,0.5980276,0.1361319,0.003859986,0.009605205,5.269297,1.53,-0.0115892,0.004635388,1.210484,0.005245208,0.006377697,0.08802022,1.809
2024_02_10_00_30_12_346,0.6,0.5235988,49484.0,67583.0,-0.9869469,0.55067,0.1361318,0.003859986,0.009605192,5.314089,1.53,-0.0116306,0.004723714,1.210678,-0.004649162,0.005304813,-0.0002179295,1.809
2024_02_10_00_30_12_384,0.6,0.5235988,49611.0,67756.0,-0.9529404,0.5035274,0.1361318,0.003859986,0.009605031,5.36009,1.53,-0.01171122,0.004767114,1.210462,-0.007271766,-0.006377697,-0.04585739,1.809
2024_02_10_00_30_12_421,0.6,0.5235988,49734.0,67925.0,-0.9177798,0.4591754,0.1361319,0.003859986,0.009605404,5.404883,1.53,-0.01158652,0.0047614,1.210682,-0.01215935,0.001847744,-0.04583504,1.809
2024_02_10_00_30_12_458,0.6,0.5235988,49861.0,68099.0,-0.8796386,0.415312,0.1361319,0.003859986,0.009605191,5.450884,1.53,-0.01166247,0.004614225,1.210357,0.004172325,-0.003933907,-0.0001955777,1.809
2024_02_10_00_30_12_492,0.6,0.5235988,49972.0,68249.0,-0.8449091,0.3786771,0.1361319,0.003859986,0.009605407,5.490833,1.53,-0.01159977,0.00465592,1.210687,-0.02503395,0.01358986,0.08398852,1.809
2024_02_10_00_30_12_530,0.6,0.5235988,50099.0,68423.0,-0.8031434,0.3382493,0.1361318,0.003859453,0.009605255,5.536833,1.53,-0.01161628,0.00477032,1.210583,-0.03790855,0.01388788,0.03433321,1.809
2024_02_10_00_30_12_563,0.6,0.5235988,50209.0,68573.0,-0.7653983,0.3047309,0.1361319,0.003859453,0.009605299,5.576783,1.53,-0.011593,0.004715665,1.210539,-0.01645088,0.006616115,0.02287328,1.809
2024_02_10_00_30_12_601,0.6,0.5235988,50332.0,68742.0,-0.7215233,0.2689769,0.1361319,0.003859986,0.009605213,5.621574,1.53,-0.01163805,0.004686081,1.210602,-0.004291534,-0.002503395,-0.02686959,1.809
2024_02_10_00_30_12_637,0.6,0.5235988,50459.0,68916.0,-0.6748432,0.2343393,0.1361319,0.003859453,0.009605206,5.667578,1.53,-0.01164664,0.004669093,1.210592,0.008940697,-0.006079673,-0.02279132,1.809
2024_02_10_00_30_12_676,0.6,0.5235988,50583.0,69084.0,-0.6279078,0.20271,0.1361318,0.003859986,0.009605073,5.712374,1.53,-0.01161581,0.004687871,1.210561,-0.01716614,0.009298325,0.06097927,1.809
2024_02_10_00_30_12_713,0.6,0.5235988,50710.0,69258.0,-0.5782792,0.1724482,0.1361319,0.003859986,0.009605192,5.758376,1.53,-0.01159269,0.004679261,1.21055,0.002384186,0.0007152557,-0.01152698,1.809
2024_02_10_00_30_12_747,0.6,0.5235988,50820.0,69408.0,-0.5340902,0.1480436,0.1361319,0.003859986,0.009605146,5.798326,1.53,-0.01164794,0.004647515,1.210587,-0.001192093,0.002145767,0.01517683,1.809
2024_02_10_00_30_12_784,0.6,0.5235988,50947.0,69582.0,-0.482048,0.1221542,0.1361318,0.003859986,0.009605017,5.844329,1.53,-0.01167925,0.004692929,1.210496,0.009298325,-0.0002384186,0.02307072,1.809
2024_02_10_00_30_12_822,0.6,0.5235988,51071.0,69751.0,-0.4302831,0.09927207,0.1361319,0.003859986,0.009605293,5.88912,1.53,-0.01170006,0.004705464,1.210574,-0.009655952,-0.00667572,-0.04207622,1.809
2024_02_10_00_30_12_858,0.6,0.5235988,51198.0,69924.0,-0.3761076,0.07820863,0.1361318,0.003859453,0.009605219,5.935124,1.53,-0.01166644,0.004713344,1.210535,0.008821487,-0.004649162,-0.03429689,1.809
2024_02_10_00_30_12_896,0.6,0.5235988,51321.0,70093.0,-0.3224818,0.0601147,0.1361318,0.003859453,0.009605214,5.979916,1.53,-0.01164532,0.004734735,1.210485,-0.0003576278,-0.001311302,-0.01136586,1.809
2024_02_10_00_30_12_930,0.6,0.5235988,51435.0,70248.0,-0.2725345,0.04562029,0.1361319,0.003859986,0.009605294,6.021076,1.53,-0.01169391,0.004704419,1.210536,0.00333786,-0.01260638,-0.07646903,1.809
2024_02_10_00_30_12_967,0.6,0.5235988,51559.0,70417.0,-0.2175533,0.03219716,0.1361319,0.003859453,0.009605172,6.065868,1.53,-0.01164655,0.004664834,1.210482,0.02503395,-0.01081824,-0.03424846,1.809
2024_02_10_00_30_13_005,0.6,0.5235988,51682.0,70586.0,-0.1620257,0.02124958,0.1361318,0.003859453,0.009605003,6.110658,1.53,-0.01167422,0.004714655,1.21043,0.03349781,-0.009208918,-0.02272054,1.809
2024_02_10_00_30_13_037,0.6,0.5235988,51796.0,70741.0,-0.1106149,0.01339107,0.1361319,0.003859986,0.009605265,6.151819,1.53,-0.01164417,0.004686786,1.21055,0.01847744,-0.01135468,-0.068767,1.809
2024_02_10_00_30_13_075,0.6,0.5235988,51919.0,70910.0,-0.05435251,0.007250996,0.1361318,0.003859453,0.009604994,6.196611,1.53,-0.01162611,0.004733822,1.210476,0.002980232,0.004917383,0.06900914,1.809
2024_02_10_00_30_13_113,0.6,0.5235988,52046.0,71083.0,0.003657132,0.003573922,0.1361319,0.003859986,0.009605367,6.242615,1.53,-0.01164415,0.004603333,1.210662,0.05948543,-0.006914138,-0.02255011,1.809
2024_02_10_00_30_13_146,0.6,0.5235988,52157.0,71234.0,0.05412692,0.002548211,0.1361319,0.003859986,0.009605081,6.282565,1.53,-0.01162245,0.004667867,1.210559,-0.03397465,0.004559755,0.01501478,1.809
2024_02_10_00_30_13_183,0.6,0.5235988,52284.0,71408.0,0.1122387,0.003865212,0.136132,0.003859986,0.009605401,0.0453824,1.53,-0.01150418,0.004736153,1.210757,-0.03957748,0.0270009,0.07999036,1.809
2024_02_10_00_30_13_216,0.6,0.5235988,52394.0,71558.0,0.1626094,0.007176252,0.1361319,0.003859986,0.009605109,0.08533354,1.53,-0.01171398,0.004667237,1.210447,0.01442432,-0.01007318,-0.01890492,1.809
2024_02_10_00_30_13_255,0.6,0.5235988,52517.0,71727.0,0.2188763,0.01327749,0.1361319,0.003859986,0.009605199,0.1301268,1.53,-0.01159325,0.004657188,1.210546,-0.01525879,0.008493662,0.06488897,1.809
2024_02_10_00_30_13_287,0.6,0.5235988,52631.0,71882.0,0.2702931,0.02110092,0.1361318,0.003859453,0.009604983,0.1712876,1.53,-0.01169848,0.004729674,1.210388,-0.01394749,0.003278255,0.02287794,1.809
2024_02_10_00_30_13_325,0.6,0.5235988,52755.0,72051.0,0.3258286,0.03201054,0.1361319,0.003859453,0.009605265,0.2160793,1.53,-0.01155644,0.004729036,1.210523,-0.04172325,0.017941,0.06866828,1.809
2024_02_10_00_30_13_358,0.6,0.5235988,52868.0,72206.0,0.3763844,0.0442192,0.1361319,0.003859986,0.00960502,0.2572395,1.53,-0.01160011,0.004701686,1.2105,-0.004529953,-0.001549721,-0.00777468,1.809
2024_02_10_00_30_13_397,0.6,0.5235988,52992.0,72375.0,0.4307779,0.05985678,0.1361318,0.003859453,0.009604941,0.3020312,1.53,-0.01160089,0.004723326,1.210451,0.02074241,-0.002205372,4.842877e-05,1.809
2024_02_10_00_30_13_430,0.6,0.5235988,53102.0,72526.0,0.4786572,0.07584663,0.1361318,0.003859453,0.009605279,0.3419797,1.53,-0.01162023,0.004758365,1.2105,-0.05328655,0.01361966,0.04974566,1.809
2024_02_10_00_30_13_467,0.6,0.5235988,53229.0,72699.0,0.5329485,0.09661032,0.1361318,0.003859986,0.009605107,0.3879831,1.53,-0.01161113,0.004628388,1.210488,0.04029274,-0.006198883,0.0002179295,1.809
2024_02_10_00_30_13_499,0.6,0.5235988,53339.0,72850.0,0.5792784,0.1166514,0.1361319,0.003859453,0.009605207,0.4279322,1.53,-0.01160584,0.004634181,1.21054,0.01108646,0.001132488,0.01505203,1.809
2024_02_10_00_30_13_537,0.6,0.5235988,53466.0,73023.0,0.6315858,0.1419997,0.1361319,0.003859986,0.009605305,0.4739319,1.53,-0.01161506,0.004679371,1.21061,0.007152557,0.0001192093,-0.007481314,1.809
2024_02_10_00_30_13_575,0.6,0.5235988,53590.0,73192.0,0.6813443,0.1689672,0.1361319,0.003859453,0.009605031,0.5187215,1.53,-0.01163583,0.004686553,1.210441,-0.02765655,0.0002384186,0.01110788,1.809
2024_02_10_00_30_13_613,0.6,0.5235988,53717.0,73365.0,0.7311391,0.1989532,0.1361319,0.003859986,0.009605351,0.5647255,1.53,-0.01162062,0.004646292,1.210667,0.01120567,-0.004768372,-0.03435463,1.809
2024_02_10_00_30_13_646,0.6,0.5235988,53827.0,73516.0,0.7732232,0.2268286,0.1361319,0.003859986,0.009605237,0.6046739,1.53,-0.01157118,0.004668215,1.210588,-0.03254414,0.01484156,0.06096344,1.809
2024_02_10_00_30_13_684,0.6,0.5235988,53954.0,73689.0,0.8202597,0.2609792,0.1361319,0.003859453,0.009605172,0.6506774,1.53,-0.01163228,0.00469407,1.210573,-0.01597404,-0.006735324,-0.02306141,1.809
2024_02_10_00_30_13_717,0.6,0.5235988,54064.0,73840.0,0.8597959,0.2923653,0.1361318,0.003859453,0.009605093,0.6906264,1.53,-0.0116457,0.00474633,1.210507,-0.01204014,-0.006139278,-0.05349144,1.809
2024_02_10_00_30_13_754,0.6,0.5235988,54188.0,74009.0,0.9025924,0.3294007,0.1361319,0.003859453,0.009605393,0.7354197,1.53,-0.01163685,0.004671074,1.210645,0.05459785,-0.01448393,-0.07996521,1.809
2024_02_10_00_30_13_787,0.6,0.5235988,54301.0,74164.0,0.9404227,0.3650914,0.1361319,0.003859453,0.009605039,0.7765831,1.53,-0.01156367,0.004676175,1.210466,0.03767014,0.001311302,0.0423314,1.809
2024_02_10_00_30_13_825,0.6,0.5235988,54425.0,74333.0,0.9798836,0.4056643,0.1361318,0.003859453,0.009605267,0.8213764,1.53,-0.01155013,0.004676578,1.210518,0.005364418,0.007629394,0.03834441,1.809
2024_02_10_00_30_13_863,0.6,0.5235988,54552.0,74506.0,1.018477,0.4491301,0.136132,0.003859986,0.009605371,0.8673788,1.53,-0.01166701,0.00461073,1.210498,-0.008225441,-0.005125999,-0.0383947,1.809
2024_02_10_00_30_13_897,0.6,0.5235988,54662.0,74657.0,1.050342,0.488283,0.1361319,0.003859986,0.009605178,0.907331,1.53,-0.01157544,0.004686754,1.21062,-0.01955032,0.007688999,0.03045052,1.809
2024_02_10_00_30_13_934,0.6,0.5235988,54789.0,74831.0,1.085062,0.5349029,0.1361319,0.003859986,0.00960516,0.9533345,1.53,-0.01154108,0.004714576,1.210661,-0.006079673,0.004827976,-1.303852e-05,1.809
2024_02_10_00_30_13_967,0.6,0.5235988,54899.0,74981.0,1.113446,0.5766476,0.1361319,0.003859986,0.009605138,0.9932845,1.53,-0.01155911,0.004667897,1.21056,0.00333786,0.0001192093,0.000170432,1.809
2024_02_10_00_30_14_000,0.6,0.5235988,55010.0,75132.0,1.140141,0.6194932,0.1361318,0.003859986,0.009605183,1.033236,1.53,-0.01156359,0.004725737,1.210631,-0.04506111,0.01388788,0.04196632,1.809
2024_02_10_00_30_14_038,0.6,0.5235988,55137.0,75305.0,1.168733,0.6701048,0.1361319,0.003859986,0.009605167,1.079238,1.53,-0.01166019,0.004682982,1.210563,-0.01013279,-0.001460314,-0.03071036,1.809
2024_02_10_00_30_14_075,0.6,0.5235988,55260.0,75474.0,1.194307,0.7205972,0.1361319,0.003859986,0.009604829,1.124031,1.53,-0.01165943,0.004699028,1.210467,0.01692772,-0.006914138,-0.03065541,1.809
2024_02_10_00_30_14_108,0.6,0.5235988,55374.0,75629.0,1.215792,0.7679625,0.1361318,0.003859986,0.009605074,1.165193,1.53,-0.01170731,0.004663948,1.210564,0.03170967,-0.00411272,0.004212372,1.809
2024_02_10_00_30_14_146,0.6,0.5235988,55498.0,75798.0,1.236936,0.8204637,0.1361318,0.003859986,0.009605276,1.209981,1.53,-0.01166103,0.004734394,1.210616,-0.0488758,0.01066923,0.03052782,1.809
2024_02_10_00_30_14_183,0.6,0.5235988,55621.0,75967.0,1.255707,0.8738605,0.1361318,0.003859986,0.009604942,1.254772,1.53,-0.0116522,0.004695841,1.210522,0.02169609,0.003486871,0.02687424,1.809
2024_02_10_00_30_14_216,0.6,0.5235988,55735.0,76122.0,1.270833,0.9236249,0.1361319,0.003859986,0.009604974,1.295932,1.53,-0.01162944,0.00467387,1.210517,-0.01561642,0.00423193,0.01878012,1.809
2024_02_10_00_30_14_254,0.6,0.5235988,55858.0,76291.0,1.284951,0.9784359,0.1361317,0.003859453,0.009605126,1.340723,1.53,-0.01164697,0.004683843,1.21055,-0.01692772,-0.00205636,0.003863126,1.809
2024_02_10_00_30_14_292,0.6,0.5235988,55985.0,76465.0,1.296882,1.035329,0.1361317,0.003859453,0.009605009,1.386726,1.53,-0.01172383,0.004685993,1.210527,0.01728535,-0.01487136,-0.05341414,1.809
2024_02_10_00_30_14_330,0.6,0.5235988,56109.0,76633.0,1.305974,1.091194,0.1361319,0.003859453,0.009605194,1.431517,1.53,-0.01159762,0.004640373,1.210554,0.01335144,-0.003159046,-0.02287235,1.809
2024_02_10_00_30_14_367,0.6,0.5235988,56236.0,76807.0,1.312697,1.148935,0.1361318,0.003859986,0.009605075,1.47752,1.53,-0.01161071,0.004684526,1.210522,-0.002264977,0.01201033,0.0417605,1.809
2024_02_10_00_30_14_405,0.6,0.5235988,56359.0,76976.0,1.316689,1.205396,0.136132,0.003859453,0.009605156,1.522318,1.53,-0.01164234,0.004648247,1.210525,0.01621246,-0.006258487,-0.007582828,1.809
2024_02_10_00_30_14_438,0.6,0.5235988,56473.0,77131.0,1.318121,1.257389,0.1361319,0.003859986,0.009605316,1.563478,1.53,-0.01157317,0.004660293,1.210647,-0.01001358,0.006377697,0.03052782,1.809
2024_02_10_00_30_14_471,0.6,0.5235988,56583.0,77281.0,1.317465,1.307869,0.1361318,0.003859986,0.009605224,1.603432,1.53,-0.01166667,0.004653452,1.210566,-0.01847744,-0.005573034,-0.04596635,1.809
2024_02_10_00_30_14_508,0.6,0.5235988,56707.0,77450.0,1.314333,1.364385,0.1361319,0.003859986,0.009605181,1.648228,1.53,-0.01152825,0.00473854,1.210707,-0.06723404,0.01329183,0.02619158,1.809
2024_02_10_00_30_14_546,0.6,0.5235988,56834.0,77624.0,1.308486,1.422222,0.1361319,0.003859986,0.009605231,1.694237,1.53,-0.01154368,0.004646181,1.210654,0.0009536743,-0.001609325,-0.011581,1.809
2024_02_10_00_30_14_579,0.6,0.5235988,56944.0,77774.0,1.301255,1.472185,0.1361318,0.003859986,0.009605397,1.734189,1.53,-0.01167221,0.004648413,1.210669,-0.009536743,0.008225441,0.03834814,1.809
2024_02_10_00_30_14_617,0.6,0.5235988,57071.0,77948.0,1.290462,1.529307,0.1361318,0.003859986,0.009605116,1.780191,1.53,-0.01157192,0.004709203,1.210619,-0.02527237,0.01251697,0.04945788,1.809
2024_02_10_00_30_14_654,0.6,0.5235988,57195.0,78117.0,1.277439,1.584391,0.1361319,0.003859986,0.009604997,1.824984,1.53,-0.01167638,0.004616939,1.21051,0.005364418,0.005185604,0.08029304,1.809
2024_02_10_00_30_14_691,0.6,0.5235988,57322.0,78290.0,1.261513,1.640299,0.1361318,0.003859986,0.00960499,1.870993,1.53,-0.01167008,0.004640557,1.210426,0.003218651,-0.007629394,-0.01529884,1.809
2024_02_10_00_30_14_729,0.6,0.5235988,57445.0,78459.0,1.243552,1.693977,0.1361318,0.003859986,0.009605154,1.915789,1.53,-0.01156296,0.004749088,1.210755,-0.04708767,0.01251697,0.03819913,1.809
2024_02_10_00_30_14_763,0.6,0.5235988,57559.0,78614.0,1.224943,1.742548,0.1361319,0.003859986,0.009605353,1.956954,1.53,-0.01150554,0.004632307,1.210732,0.00846386,0.009715557,0.05349516,1.809
2024_02_10_00_30_14_796,0.6,0.5235988,57669.0,78765.0,1.204982,1.788918,0.1361319,0.003859986,0.00960508,1.996907,1.53,-0.01169462,0.004682611,1.210538,-0.002741813,5.960464e-05,-0.003906898,1.809
2024_02_10_00_30_14_833,0.6,0.5235988,57793.0,78934.0,1.180421,1.839915,0.1361318,0.003859986,0.009605083,2.041703,1.53,-0.01156789,0.004761321,1.210666,-0.01752377,0.01645088,0.04965625,1.809
2024_02_10_00_30_14_867,0.6,0.5235988,57906.0,79089.0,1.155857,1.885764,0.1361319,0.003859986,0.009605307,2.082865,1.53,-0.01164513,0.004678823,1.210617,0.01692772,0.004410744,0.02699066,1.809
2024_02_10_00_30_14_904,0.6,0.5235988,58030.0,79258.0,1.127009,1.934464,0.1361319,0.003859986,0.009605126,2.127658,1.53,-0.01165987,0.004636484,1.210579,0.03314018,-0.004947185,0.007794238,1.809
2024_02_10_00_30_14_942,0.6,0.5235988,58157.0,79431.0,1.09514,1.983086,0.1361319,0.003859986,0.009604942,2.173662,1.53,-0.01161988,0.004675107,1.210461,0.006914138,0.0004768371,-0.007946044,1.809
2024_02_10_00_30_14_976,0.6,0.5235988,58267.0,79582.0,1.065677,2.024081,0.1361319,0.003859986,0.00960518,2.213614,1.53,-0.01154433,0.004627107,1.210648,0.02098083,-5.960464e-05,-0.007537193,1.809
2024_02_10_00_30_15_008,0.6,0.5235988,58377.0,79732.0,1.034598,2.063868,0.1361319,0.003859986,0.009605225,2.253565,1.53,-0.01160145,0.004647908,1.210666,0.02849102,-0.004529953,-0.02661627,1.809
2024_02_10_00_30_15_046,0.6,0.5235988,58504.0,79906.0,0.9968753,2.108102,0.1361319,0.003859986,0.009604921,2.29957,1.53,-0.01173301,0.004665594,1.210425,0.01811981,-0.01055002,-0.03450643,1.809
2024_02_10_00_30_15_084,0.6,0.5235988,58628.0,80075.0,0.9582299,2.149462,0.1361319,0.003859986,0.009605383,2.344363,1.53,-0.0116363,0.004684071,1.210635,-0.01215935,0.009477139,0.04591141,1.809
2024_02_10_00_30_15_116,0.6,0.5235988,58742.0,80230.0,0.9211179,2.185907,0.1361319,0.003859986,0.009605343,2.385526,1.53,-0.01161107,0.00467373,1.210613,-0.02217293,0.01239777,0.06890483,1.809
2024_02_10_00_30_15_154,0.6,0.5235988,58865.0,80399.0,0.8790634,2.223796,0.1361318,0.003859986,0.009604951,2.430318,1.53,-0.01168313,0.004676396,1.210438,-0.001311302,0.003159046,0.03822614,1.809
2024_02_10_00_30_15_192,0.6,0.5235988,58992.0,80572.0,0.8341504,2.260709,0.1361319,0.003859986,0.009605105,2.476323,1.53,-0.01167769,0.004660903,1.210577,0.03385544,-0.007331371,0.004248694,1.809
2024_02_10_00_30_15_229,0.6,0.5235988,59116.0,80741.0,0.7888331,2.29463,0.1361319,0.003859986,0.009605256,2.521118,1.53,-0.01167132,0.004619301,1.210609,0.03945827,-0.020504,-0.0838004,1.809
2024_02_10_00_30_15_266,0.6,0.5235988,59243.0,80915.0,0.7407588,2.327319,0.1361318,0.003859986,0.009605099,2.567125,1.53,-0.01161191,0.004759722,1.210578,-0.02908706,0.009715557,0.0266768,1.809
2024_02_10_00_30_15_305,0.6,0.5235988,59366.0,81084.0,0.6925532,2.356991,0.1361318,0.003859986,0.009605233,2.611919,1.53,-0.01156428,0.004730185,1.210691,-0.0320673,0.009953975,0.03063679,1.809
2024_02_10_00_30_15_341,0.6,0.5235988,59493.0,81257.0,0.641712,2.385187,0.1361319,0.003859986,0.00960505,2.657925,1.53,-0.01160723,0.004682817,1.210639,0.008583069,0.004738569,0.03828201,1.809
2024_02_10_00_30_15_379,0.6,0.5235988,59617.0,81426.0,0.5910139,2.410367,0.1361319,0.003859986,0.009605222,2.702721,1.53,-0.01158645,0.004695839,1.210714,-0.01978874,0.007778406,0.04213862,1.809
2024_02_10_00_30_15_413,0.6,0.5235988,59731.0,81581.0,0.5434746,2.431481,0.1361318,0.003859986,0.009604988,2.743885,1.53,-0.01162846,0.004692877,1.210604,-0.004768372,0.01254678,0.08420832,1.809
2024_02_10_00_30_15_449,0.6,0.5235988,59854.0,81750.0,0.4908024,2.452215,0.1361319,0.003859986,0.0096051,2.788681,1.53,-0.01158638,0.004584145,1.210675,0.0141859,-0.005722045,-8.28877e-05,1.809
2024_02_10_00_30_15_488,0.6,0.5235988,59978.0,81919.0,0.4372542,2.470569,0.1361319,0.003859986,0.009604993,2.833476,1.53,-0.01164475,0.00469013,1.210608,-0.003099441,-0.000655651,-0.01943577,1.809
2024_02_10_00_30_15_526,0.6,0.5235988,60105.0,82092.0,0.3814594,2.486905,0.1361319,0.003859986,0.009605041,2.879483,1.53,-0.01160076,0.004725778,1.210601,-0.02932548,0.008225441,0.0341963,1.809
2024_02_10_00_30_15_563,0.6,0.5235988,60228.0,82261.0,0.326467,2.500328,0.1361319,0.003859986,0.009605004,2.924279,1.53,-0.01170814,0.004613237,1.210471,0.05567073,-0.01758337,-0.04184153,1.809
2024_02_10_00_30_15_600,0.6,0.5235988,60355.0,82435.0,0.2694218,2.511537,0.1361318,0.003859986,0.009605115,2.970286,1.53,-0.01161519,0.004639396,1.210603,-0.001549721,0.0008642673,0.01124479,1.809
2024_02_10_00_30_15_633,0.6,0.5235988,60466.0,82585.0,0.2195079,2.519134,0.1361318,0.003859986,0.009605062,3.01024,1.53,-0.01161958,0.004731318,1.210551,0.01502037,-0.002533197,-0.03055762,1.809
2024_02_10_00_30_15_670,0.6,0.5235988,60593.0,82759.0,0.1617108,2.525405,0.1361319,0.003859986,0.009605195,3.056246,1.53,-0.01157915,0.004699194,1.210662,-0.001549721,0.00962615,0.03433879,1.809
2024_02_10_00_30_15_709,0.6,0.5235988,60716.0,82928.0,0.1052151,2.528949,0.136132,0.003859986,0.009605321,3.101042,1.53,-0.0115834,0.00468268,1.210725,-0.003457069,0.008761883,0.03435928,1.809
2024_02_10_00_30_15_746,0.6,0.5235988,60843.0,83101.0,0.04708779,2.529954,0.1361319,0.003859986,0.009605546,3.147049,1.53,-0.01163786,0.004613136,1.210619,0.02205372,-0.01442432,-0.06857608,1.809
2024_02_10_00_30_15_784,0.6,0.5235988,60967.0,83270.0,-0.009496063,2.528363,0.1361318,0.003860518,0.009605447,3.191845,1.53,-0.01155685,0.004696963,1.210846,-0.01192093,0.01209974,0.04617404,1.809
2024_02_10_00_30_15_821,0.6,0.5235988,61094.0,83443.0,-0.06747574,2.524091,0.1361318,0.003859986,0.009605272,3.237852,1.53,-0.01163631,0.004702419,1.210737,-0.01299381,0.00423193,0.01917779,1.809
2024_02_10_00_30_15_858,0.6,0.5235988,61217.0,83612.0,-0.1236832,2.517375,0.1361318,0.003860518,0.009605243,3.282647,1.53,-0.01161518,0.00472533,1.210722,-0.004291534,0.004291534,0.02307258,1.809
2024_02_10_00_30_15_892,0.6,0.5235988,61331.0,83767.0,-0.1750205,2.508991,0.1361319,0.003859986,0.009605171,3.323811,1.53,-0.01167729,0.004664649,1.210543,0.00989437,-0.008493662,-0.03447942,1.809
2024_02_10_00_30_15_929,0.6,0.5235988,61455.0,83936.0,-0.2304437,2.497475,0.1361319,0.003859986,0.00960524,3.368608,1.53,-0.01160721,0.004698121,1.210651,-0.04863739,0.007480382,0.03009662,1.809
2024_02_10_00_30_15_967,0.6,0.5235988,61582.0,84110.0,-0.2867691,2.483076,0.1361319,0.003859986,0.00960509,3.414616,1.53,-0.01165696,0.004628513,1.210536,0.03755093,-0.01811981,-0.04592072,1.809
2024_02_10_00_30_16_005,0.6,0.5235988,61705.0,84279.0,-0.3409187,2.466581,0.1361319,0.003859986,0.009605326,3.459411,1.53,-0.01156771,0.004741559,1.210756,0.007033348,0.009089708,0.01913309,1.809
2024_02_10_00_30_16_038,0.6,0.5235988,61815.0,84429.0,-0.3885495,2.449838,0.1361319,0.003860518,0.009605098,3.499365,1.53,-0.01163156,0.004681879,1.210624,0.02479553,-0.01275539,-0.05348399,1.809
2024_02_10_00_30_16_071,0.6,0.5235988,61929.0,84584.0,-0.4368834,2.430611,0.1361319,0.003859986,0.009605112,3.54053,1.53,-0.01165814,0.00472067,1.210679,-0.01633167,-0.006377697,-0.03060233,1.809
2024_02_10_00_30_16_108,0.6,0.5235988,62053.0,84753.0,-0.4885345,2.407448,0.1361318,0.003859986,0.00960524,3.585329,1.53,-0.01165014,0.004696368,1.210687,0.0,0.001728535,0.01556333,1.809
2024_02_10_00_30_16_146,0.6,0.5235988,62179.0,84927.0,-0.5404457,2.381275,0.1361319,0.003860518,0.009605309,3.631335,1.53,-0.01155632,0.00467649,1.210788,-0.005364418,0.01436472,0.06482098,1.809
2024_02_10_00_30_16_180,0.6,0.5235988,62290.0,85077.0,-0.5845088,2.35663,0.1361319,0.003859986,0.009605125,3.671289,1.53,-0.01163907,0.00467325,1.210528,-0.01561642,-0.005424022,-0.007738359,1.809
2024_02_10_00_30_16_216,0.6,0.5235988,62417.0,85251.0,-0.6339811,2.326097,0.1361319,0.003860518,0.009605358,3.717296,1.53,-0.0115873,0.00471576,1.210744,-0.03600121,0.005722045,-0.007839873,1.809
2024_02_10_00_30_16_254,0.6,0.5235988,62540.0,85420.0,-0.6807536,2.294212,0.1361319,0.003859986,0.009605152,3.762091,1.53,-0.0117038,0.004647551,1.210505,0.01597404,-0.01037121,-0.0152383,1.809
2024_02_10_00_30_16_292,0.6,0.5235988,62667.0,85593.0,-0.7272543,2.25932,0.1361319,0.003859986,0.009605365,3.808097,1.53,-0.01168656,0.004661464,1.210642,-0.02706051,0.006735324,0.0495417,1.809
2024_02_10_00_30_16_330,0.6,0.5235988,62791.0,85762.0,-0.7709425,2.223327,0.1361318,0.003859986,0.009605113,3.852893,1.53,-0.01165839,0.004676198,1.210573,0.05805492,-0.01782179,-0.06470922,1.809
2024_02_10_00_30_16_363,0.6,0.5235988,62901.0,85913.0,-0.8085124,2.189603,0.1361319,0.003860518,0.009605485,3.892849,1.53,-0.01160925,0.004658036,1.210706,-0.001430511,0.001728535,8.847564e-05,1.809
2024_02_10_00_30_16_400,0.6,0.5235988,63028.0,86086.0,-0.8500669,2.148947,0.136132,0.003859986,0.009605393,3.938857,1.53,-0.01155724,0.004666091,1.210637,0.02121925,-0.00423193,-0.01129415,1.809
2024_02_10_00_30_16_433,0.6,0.5235988,63138.0,86237.0,-0.884602,2.112122,0.1361319,0.003859986,0.009605258,3.97881,1.53,-0.01156014,0.004706712,1.210529,-0.08392333,0.02479553,0.1103831,1.809
2024_02_10_00_30_16_471,0.6,0.5235988,63265.0,86410.0,-0.9225113,2.068048,0.1361318,0.003859986,0.009605148,4.024818,1.53,-0.01166785,0.004736769,1.210619,-0.03075599,0.001847744,0.01901668,1.809
2024_02_10_00_30_16_508,0.6,0.5235988,63389.0,86579.0,-0.9574363,2.023502,0.1361319,0.003860518,0.009605157,4.069615,1.53,-0.0116593,0.00467246,1.210679,0.01728535,-0.01454353,-0.06119907,1.809
2024_02_10_00_30_16_546,0.6,0.5235988,63516.0,86753.0,-0.9911925,1.976172,0.1361318,0.003859986,0.0096051,4.115623,1.53,-0.01168364,0.004710282,1.210572,0.04732608,-0.02270937,-0.1067473,1.809
2024_02_10_00_30_16_583,0.6,0.5235988,63639.0,86921.0,-1.021936,1.928643,0.1361319,0.003860518,0.009605138,4.16042,1.53,-0.01161283,0.004696759,1.210626,0.006794929,-0.001966953,-0.01161918,1.809
2024_02_10_00_30_16_622,0.6,0.5235988,63766.0,87095.0,-1.051264,1.878448,0.1361319,0.003860518,0.009605272,4.206429,1.53,-0.01158973,0.004699666,1.21068,-0.004291534,0.01212954,0.06872416,1.809
2024_02_10_00_30_16_658,0.6,0.5235988,63890.0,87264.0,-1.077572,1.828327,0.1361319,0.003859986,0.009605474,4.251225,1.53,-0.01160336,0.004702536,1.210671,0.004649162,-0.005632638,-0.05325023,1.809
2024_02_10_00_30_16_691,0.6,0.5235988,64000.0,87414.0,-1.09912,1.782672,0.1361319,0.003859986,0.009605383,4.291178,1.53,-0.01157822,0.004693327,1.210584,-0.03802776,0.02074241,0.09537581,1.809
2024_02_10_00_30_16_725,0.6,0.5235988,64114.0,87570.0,-1.119397,1.734771,0.1361319,0.003860518,0.009605371,4.332338,1.53,-0.01167026,0.00462352,1.210503,0.007152557,-0.01209974,-0.06504171,1.809
2024_02_10_00_30_16_762,0.6,0.5235988,64237.0,87738.0,-1.1392,1.681745,0.1361319,0.003859986,0.009605461,4.377132,1.53,-0.01156794,0.004646899,1.210639,0.01120567,-0.0003874302,0.01525879,1.809
2024_02_10_00_30_16_799,0.6,0.5235988,64364.0,87912.0,-1.157046,1.626419,0.136132,0.003859986,0.009605303,4.423135,1.53,-0.01163419,0.004634634,1.210601,0.02598762,-0.009119511,-0.02677832,1.809
2024_02_10_00_30_16_833,0.6,0.5235988,64474.0,88062.0,-1.170465,1.57775,0.1361318,0.003859986,0.009605338,4.463082,1.53,-0.01166218,0.004737346,1.210565,-0.0193119,-0.002026558,-0.0152709,1.809
2024_02_10_00_30_16_871,0.6,0.5235988,64601.0,88236.0,-1.183497,1.521098,0.1361319,0.003859986,0.009605628,4.509086,1.53,-0.01159533,0.004636144,1.210725,-0.009179115,0.001609325,0.003874302,1.809
2024_02_10_00_30_16_905,0.6,0.5235988,64711.0,88387.0,-1.19269,1.471458,0.1361319,0.003859986,0.00960551,4.549038,1.53,-0.01157503,0.004648328,1.210651,0.03743172,-0.01013279,-0.06092991,1.809
2024_02_10_00_30_16_942,0.6,0.5235988,64835.0,88555.0,-1.200629,1.415415,0.136132,0.003859986,0.009605329,4.593827,1.53,-0.01161497,0.00465563,1.210553,0.01776218,-0.005692243,-0.04216563,1.809
2024_02_10_00_30_16_979,0.6,0.5235988,64962.0,88729.0,-1.206164,1.357547,0.1361319,0.003859986,0.009605229,4.63983,1.53,-0.01164689,0.004595438,1.210577,0.05936622,-0.01573563,-0.03802683,1.809
2024_02_10_00_30_17_017,0.6,0.5235988,65085.0,88898.0,-1.208993,1.301015,0.1361319,0.003859986,0.009605387,4.684624,1.53,-0.01160248,0.004675555,1.210597,-0.03600121,0.003397465,-0.007743947,1.809
2024_02_10_00_30_17_050,0.6,0.5235988,65199.0,89053.0,-1.209356,1.249003,0.1361319,0.003859986,0.009605346,4.725786,1.53,-0.01160602,0.004631157,1.2106,0.03993511,-0.005871057,0.004177913,1.809
2024_02_10_00_30_17_087,0.6,0.5235988,65323.0,89222.0,-1.207318,1.192439,0.1361319,0.003859986,0.009605377,4.77058,1.53,-0.01167169,0.00460102,1.210611,0.04196167,-0.01043081,-0.01497101,1.809
2024_02_10_00_30_17_125,0.6,0.5235988,65450.0,89395.0,-1.202591,1.1345,0.1361318,0.003859986,0.009605309,4.816586,1.53,-0.01154687,0.004699651,1.210706,-0.01430511,0.00423193,0.003729015,1.809
2024_02_10_00_30_17_163,0.6,0.5235988,65573.0,89564.0,-1.195434,1.078352,0.1361318,0.003859986,0.009605062,4.861383,1.53,-0.01167194,0.004643082,1.210435,0.005960464,-0.004887581,-0.01932122,1.809
2024_02_10_00_30_17_200,0.6,0.5235988,65700.0,89737.0,-1.185474,1.021081,0.1361319,0.003859986,0.009605311,4.90739,1.53,-0.01171929,0.004691834,1.210539,-0.004172325,0.000655651,-0.01144502,1.809
2024_02_10_00_30_17_238,0.6,0.5235988,65824.0,89906.0,-1.173254,0.9658155,0.1361319,0.003859986,0.009605433,4.952185,1.53,-0.01162087,0.004644924,1.2105,-0.02789497,-0.0008940696,-0.003762543,1.809
2024_02_10_00_30_17_275,0.6,0.5235988,65951.0,90080.0,-1.158142,0.9096843,0.1361319,0.003859986,0.009605334,4.998191,1.53,-0.01148734,0.004658082,1.210548,-0.003695488,0.009775162,0.0649048,1.809
2024_02_10_00_30_17_312,0.6,0.5235988,66074.0,90249.0,-1.140963,0.8557536,0.136132,0.003859986,0.009605261,5.04299,1.53,-0.01163668,0.004669074,1.210528,0.01573563,-0.01132488,-0.04969351,1.809
2024_02_10_00_30_17_345,0.6,0.5235988,66188.0,90404.0,-1.123061,0.8069206,0.1361319,0.003859986,0.00960525,5.08415,1.53,-0.01169975,0.004615823,1.210418,0.01883507,-0.01269579,-0.04205294,1.809
2024_02_10_00_30_17_382,0.6,0.5235988,66311.0,90573.0,-1.101314,0.7546659,0.1361319,0.003859986,0.009605401,5.128944,1.53,-0.0116651,0.004631034,1.210507,0.03242493,-0.01037121,-0.03799144,1.809
2024_02_10_00_30_17_422,0.6,0.5235988,66438.0,90746.0,-1.076566,0.702068,0.1361318,0.003859986,0.00960532,5.174952,1.53,-0.0115976,0.00470898,1.210647,-0.03445148,0.007331371,0.03436208,1.809
2024_02_10_00_30_17_453,0.6,0.5235988,66548.0,90897.0,-1.053133,0.6573551,0.1361319,0.003859986,0.00960514,5.214903,1.53,-0.01162018,0.004644771,1.21047,-0.02145767,0.004470348,0.01875497,1.809
2024_02_10_00_30_17_491,0.6,0.5235988,66672.0,91066.0,-1.024758,0.6083817,0.1361319,0.003859986,0.009605167,5.259695,1.53,-0.0117017,0.004606312,1.210433,0.0488758,-0.02002716,-0.06477162,1.809
2024_02_10_00_30_17_528,0.6,0.5235988,66799.0,91239.0,-0.9933655,0.5594592,0.1361319,0.003859986,0.009605199,5.305698,1.53,-0.01157768,0.004684052,1.210482,-0.01811981,0.01186132,0.0725165,1.809
2024_02_10_00_30_17_567,0.6,0.5235988,66923.0,91408.0,-0.9606688,0.513261,0.1361319,0.003859986,0.009605346,5.35049,1.53,-0.01164667,0.004660147,1.21054,0.002026558,-0.00333786,-0.03453903,1.809
2024_02_10_00_30_17_599,0.6,0.5235988,67036.0,91563.0,-0.9288256,0.4721385,0.1361319,0.003859986,0.009605181,5.39165,1.53,-0.01162406,0.004703429,1.210481,-0.02479553,0.0256896,0.1221523,1.809
2024_02_10_00_30_17_638,0.6,0.5235988,67160.0,91732.0,-0.8922824,0.4289184,0.1361319,0.003859986,0.009605175,5.43644,1.53,-0.01161475,0.004709186,1.210482,0.008702278,0.002741813,-0.003893859,1.809
2024_02_10_00_30_17_675,0.6,0.5235988,67287.0,91905.0,-0.8527759,0.3862795,0.1361319,0.003859986,0.009605248,5.482442,1.53,-0.01166189,0.00467315,1.210523,0.0115633,-0.01168251,-0.04556495,1.809
2024_02_10_00_30_17_712,0.6,0.5235988,67410.0,92074.0,-0.8124652,0.3465513,0.1361319,0.003859986,0.009605213,5.527232,1.53,-0.01164892,0.004678434,1.210445,0.03075599,-0.00667572,0.0002346933,1.809
2024_02_10_00_30_17_750,0.6,0.5235988,67537.0,92248.0,-0.7692565,0.3076704,0.1361318,0.003859986,0.009605142,5.573234,1.53,-0.01171395,0.004666625,1.210485,0.001907349,-0.002205372,0.0037672,1.809
2024_02_10_00_30_17_787,0.6,0.5235988,67661.0,92417.0,-0.7255104,0.2717608,0.1361318,0.003859986,0.009605016,5.618025,1.53,-0.01162881,0.004666791,1.210447,0.004529953,-0.001847744,0.01134165,1.809
2024_02_10_00_30_17_820,0.6,0.5235988,67774.0,92572.0,-0.6839299,0.2405199,0.1361318,0.003859453,0.009605009,5.659185,1.53,-0.0116037,0.004734043,1.210444,-0.004172325,-0.004291534,-0.03455207,1.809
2024_02_10_00_30_17_858,0.6,0.5235988,67898.0,92741.0,-0.6372627,0.2084985,0.136132,0.003859986,0.009605233,5.703978,1.53,-0.01163091,0.004641058,1.210461,0.03552437,0.00244379,0.01913961,1.809
2024_02_10_00_30_17_896,0.6,0.5235988,68025.0,92914.0,-0.587891,0.1778214,0.1361318,0.003859986,0.009605275,5.74998,1.53,-0.01163026,0.004644771,1.210576,-0.01621246,0.003457069,0.01130812,1.809
2024_02_10_00_30_17_928,0.6,0.5235988,68135.0,93065.0,-0.5439084,0.1530471,0.1361318,0.003859453,0.009605189,5.789929,1.53,-0.01162401,0.004669505,1.210468,-0.02300739,0.004827976,0.02293102,1.809
2024_02_10_00_30_17_966,0.6,0.5235988,68259.0,93234.0,-0.4934637,0.1273834,0.1361319,0.003859986,0.009605187,5.834721,1.53,-0.01161648,0.004654265,1.210578,0.04136562,-0.005871057,-0.03037229,1.809
2024_02_10_00_30_17_999,0.6,0.5235988,68372.0,93389.0,-0.446138,0.105814,0.1361319,0.003859986,0.009605068,5.87588,1.53,-0.0116558,0.004724082,1.210547,-0.001788139,-0.004440546,-0.02677273,1.809
2024_02_10_00_30_18_037,0.6,0.5235988,68496.0,93558.0,-0.3936765,0.08457623,0.1361319,0.003859986,0.00960518,5.920673,1.53,-0.01168072,0.004633857,1.21057,0.035882,-0.02011657,-0.0915639,1.809
2024_02_10_00_30_18_074,0.6,0.5235988,68623.0,93731.0,-0.3388627,0.06523237,0.1361319,0.003859986,0.009605185,5.966676,1.53,-0.01157434,0.004676241,1.210598,-0.02086162,0.009417534,0.03806502,1.809
2024_02_10_00_30_18_113,0.6,0.5235988,68746.0,93900.0,-0.2846913,0.04883905,0.1361319,0.003859986,0.009605125,6.011469,1.53,-0.01157249,0.00466129,1.210621,0.001549721,0.01072884,0.06479397,1.809
2024_02_10_00_30_18_149,0.6,0.5235988,68873.0,94073.0,-0.2283494,0.03454516,0.1361319,0.003859986,0.009605096,6.057473,1.53,-0.01166146,0.004664968,1.210514,0.002384186,-0.006973743,-0.03066845,1.809
2024_02_10_00_30_18_188,0.6,0.5235988,68997.0,94242.0,-0.1729152,0.02313165,0.1361319,0.003859986,0.0096052,6.102266,1.53,-0.01165728,0.00460843,1.210594,0.04231929,-0.01356006,-0.03415067,1.809
2024_02_10_00_30_18_221,0.6,0.5235988,69107.0,94393.0,-0.1230859,0.01505553,0.1361319,0.003859986,0.009605051,6.142215,1.53,-0.01162109,0.004744445,1.210503,-0.03182888,0.009685755,0.02665166,1.809
2024_02_10_00_30_18_257,0.6,0.5235988,69234.0,94566.0,-0.06536166,0.008229893,0.1361319,0.003859986,0.00960534,6.188218,1.53,-0.01157363,0.004680148,1.210665,0.01227856,0.0102222,0.05364418,1.809
2024_02_10_00_30_18_296,0.6,0.5235988,69357.0,94735.0,-0.008911967,0.004141438,0.1361319,0.003859986,0.009605076,6.23301,1.53,-0.01161005,0.004668702,1.210463,0.01132488,-0.0008940696,-0.00381004,1.809
2024_02_10_00_30_18_328,0.6,0.5235988,69471.0,94890.0,0.04307413,0.0026167,0.1361318,0.003859453,0.009605207,6.274171,1.53,-0.01162311,0.004706174,1.210504,-0.002145767,0.004470348,0.01933053,1.809
2024_02_10_00_30_18_362,0.6,0.5235988,69581.0,95041.0,0.09354982,0.003184013,0.1361318,0.003859453,0.009605062,0.03093421,1.53,-0.01163268,0.004722972,1.21036,0.01037121,0.0002384186,0.02308935,1.809
2024_02_10_00_30_18_400,0.6,0.5235988,69708.0,95214.0,0.1515899,0.006333956,0.1361319,0.003859986,0.009605218,0.07693606,1.53,-0.01155563,0.00472073,1.210604,0.007271766,0.01102686,0.03053341,1.809
2024_02_10_00_30_18_433,0.6,0.5235988,69818.0,95365.0,0.2018301,0.0112325,0.136132,0.003859986,0.009605448,0.1168867,1.53,-0.01161682,0.00465067,1.210755,0.04184246,-0.01302361,-0.06495509,1.809
2024_02_10_00_30_18_471,0.6,0.5235988,69942.0,95534.0,0.2578763,0.01910587,0.1361319,0.003859986,0.009605125,0.1616805,1.53,-0.01151914,0.00481353,1.210604,-0.06449223,0.02044439,0.04559662,1.809
2024_02_10_00_30_18_508,0.6,0.5235988,70069.0,95707.0,0.3150106,0.0297963,0.1361319,0.003859453,0.00960504,0.2076824,1.53,-0.01163035,0.004717761,1.210458,-0.01120567,-0.0002384186,0.01903251,1.809
2024_02_10_00_30_18_546,0.6,0.5235988,70192.0,95876.0,0.3701122,0.04271978,0.1361318,0.003859453,0.009605103,0.2524741,1.53,-0.0115937,0.00475496,1.210539,-0.001430511,0.007241964,0.02691429,1.809
2024_02_10_00_30_18_583,0.6,0.5235988,70319.0,96050.0,0.4260426,0.05854713,0.1361319,0.003859986,0.009605391,0.2984764,1.53,-0.0115117,0.004727367,1.210698,-0.03433228,0.02250075,0.07236842,1.809
2024_02_10_00_30_18_616,0.6,0.5235988,70430.0,96200.0,0.4739785,0.07436623,0.1361319,0.003859986,0.00960525,0.3384265,1.53,-0.01157102,0.004719687,1.210605,0.02253055,0.00461936,0.01166668,1.809
2024_02_10_00_30_18_654,0.6,0.5235988,70557.0,96374.0,0.5283437,0.09493671,0.1361318,0.003859453,0.009605085,0.38443,1.53,-0.01158381,0.004698851,1.210443,-0.01597404,0.006198883,0.01514703,1.809
2024_02_10_00_30_18_691,0.6,0.5235988,70680.0,96543.0,0.5803139,0.1173478,0.1361319,0.003859986,0.009605549,0.4292227,1.53,-0.01164643,0.004618682,1.210652,-0.007390975,0.002741813,0.02319366,1.809
2024_02_10_00_30_18_725,0.6,0.5235988,70794.0,96698.0,0.6271433,0.1399752,0.1361319,0.003859986,0.009605125,0.4703824,1.53,-0.01161826,0.00476676,1.210457,-0.03683567,0.006794929,0.007525086,1.809
2024_02_10_00_30_18_762,0.6,0.5235988,70917.0,96867.0,0.6769974,0.1667657,0.1361319,0.003859986,0.009605406,0.5151747,1.53,-0.01161266,0.004628106,1.210524,-0.00500679,0.006914138,0.06122328,1.809
2024_02_10_00_30_18_799,0.6,0.5235988,71044.0,97040.0,0.7268984,0.1965759,0.1361318,0.003859453,0.009605048,0.5611755,1.53,-0.01166304,0.004671182,1.210427,0.01680851,-0.01180172,-0.04577823,1.809
2024_02_10_00_30_18_837,0.6,0.5235988,71168.0,97209.0,0.7741186,0.2277767,0.1361318,0.003859453,0.009604952,0.6059661,1.53,-0.01170473,0.004664214,1.21034,0.03159046,-0.01770258,-0.05352124,1.809
2024_02_10_00_30_18_875,0.6,0.5235988,71295.0,97382.0,0.8211119,0.261988,0.1361318,0.003859453,0.00960518,0.6519716,1.53,-0.01166042,0.004736958,1.210565,-0.01716614,0.003576278,-0.0001220032,1.809
2024_02_10_00_30_18_912,0.6,0.5235988,71418.0,97551.0,0.8653086,0.2973422,0.1361317,0.003859453,0.009605013,0.6967633,1.53,-0.0115909,0.004725365,1.210463,-0.0487566,0.0141859,0.06463565,1.809
2024_02_10_00_30_18_949,0.6,0.5235988,71545.0,97725.0,0.9090056,0.3356744,0.1361319,0.003859453,0.009605126,0.7427668,1.53,-0.0116976,0.004671526,1.210465,-0.008821487,-0.007331371,-0.03070291,1.809
2024_02_10_00_30_18_987,0.6,0.5235988,71669.0,97894.0,0.9498152,0.3748904,0.1361317,0.003859453,0.009604979,0.7875617,1.53,-0.0116864,0.00472597,1.210498,-0.02002716,-0.005543231,-0.03075413,1.809
2024_02_10_00_30_19_025,0.6,0.5235988,71796.0,98067.0,0.9898562,0.4170272,0.1361317,0.003859453,0.009605167,0.8335667,1.53,-0.01163511,0.004683943,1.210505,0.02241134,-0.007867813,-0.0303965,1.809
2024_02_10_00_30_19_058,0.6,0.5235988,71906.0,98218.0,1.023024,0.4550812,0.1361318,0.003859453,0.009605167,0.8735152,1.53,-0.01163123,0.004730443,1.210482,0.005841255,-0.004768372,-0.03424753,1.809
2024_02_10_00_30_19_096,0.6,0.5235988,72030.0,98386.0,1.058372,0.4992835,0.1361319,0.003859986,0.009604962,0.918308,1.53,-0.0116191,0.004734727,1.21045,0.004291534,-0.001430511,0.003855675,1.809
2024_02_10_00_30_19_133,0.6,0.5235988,72156.0,98560.0,1.092577,0.5462816,0.1361319,0.003859986,0.009605357,0.9643099,1.53,-0.01161031,0.004625269,1.210603,0.01049042,-0.001490116,0.003982335,1.809
2024_02_10_00_30_19_171,0.6,0.5235988,72280.0,98729.0,1.123772,0.5935076,0.1361319,0.003859986,0.009605134,1.0091,1.53,-0.01163501,0.00466343,1.210503,0.00655651,-0.003755092,-0.003838911,1.809
2024_02_10_00_30_19_208,0.6,0.5235988,72407.0,98902.0,1.153576,0.643414,0.1361319,0.003859986,0.009605047,1.055104,1.53,-0.01165486,0.004684051,1.210502,0.03743172,-0.01218915,-0.05337409,1.809
2024_02_10_00_30_19_241,0.6,0.5235988,72517.0,99053.0,1.177575,0.6878271,0.1361318,0.003859453,0.009604922,1.095056,1.53,-0.01154673,0.004652814,1.210472,0.02741813,-0.008791685,-0.007713213,1.809
2024_02_10_00_30_19_279,0.6,0.5235988,72644.0,99226.0,1.202984,0.7401083,0.1361318,0.003859986,0.009605117,1.141059,1.53,-0.01159284,0.004640215,1.210535,0.01716614,-0.009864568,-0.01900177,1.809
2024_02_10_00_30_19_316,0.6,0.5235988,72768.0,99395.0,1.225389,0.7920833,0.1361318,0.003859986,0.009605233,1.185848,1.53,-0.01158689,0.00466773,1.210576,0.01215935,0.004202127,0.01519918,1.809
2024_02_10_00_30_19_353,0.6,0.5235988,72895.0,99569.0,1.245953,0.8464526,0.136132,0.003859986,0.009605346,1.231848,1.53,-0.01162018,0.004621308,1.210601,0.007033348,0.00655651,0.04584808,1.809
2024_02_10_00_30_19_388,0.6,0.5235988,73005.0,99719.0,1.261768,0.8943935,0.136132,0.003859453,0.009605036,1.271798,1.53,-0.01164964,0.004590715,1.210372,0.01227856,-0.007569789,-0.0232514,1.809
2024_02_10_00_30_19_435,0.6,0.5235988,73159.0,99929.0,1.280589,0.9621931,0.1361319,0.003859986,0.009605146,1.327485,1.53,-0.01160093,0.00468993,1.210504,-0.0009536743,-0.003367662,-0.03459491,1.809
2024_02_10_00_30_19_470,0.6,0.5235988,73282.0,100098.0,1.292973,1.017423,0.1361318,0.003859453,0.009605138,1.372279,1.53,-0.0116147,0.004659048,1.210571,0.0,-0.00295043,0.00390131,1.809
2024_02_10_00_30_19_507,0.6,0.5235988,73409.0,100271.0,1.303103,1.074663,0.1361319,0.003859986,0.009605148,1.418279,1.53,-0.01160674,0.004653052,1.210602,0.01466274,-0.002413988,-0.003754161,1.809
2024_02_10_00_30_19_541,0.6,0.5235988,73519.0,100422.0,1.309757,1.124705,0.1361319,0.003859986,0.00960528,1.458229,1.53,-0.01157913,0.004609278,1.21062,0.00846386,-0.002861023,0.01152605,1.809
2024_02_10_00_30_19_580,0.6,0.5235988,73646.0,100595.0,1.314935,1.182604,0.1361319,0.003859986,0.009605202,1.504232,1.53,-0.01168506,0.004607705,1.210557,0.05602836,-0.01245737,-0.03407896,1.809
2024_02_10_00_30_19_616,0.6,0.5235988,73770.0,100764.0,1.317414,1.239151,0.1361319,0.003859986,0.009605409,1.549027,1.53,-0.01168629,0.00464579,1.210567,-0.02419948,-0.008881092,-0.06125215,1.809
2024_02_10_00_30_19_660,0.6,0.5235988,73910.0,100956.0,1.317156,1.303399,0.1361318,0.003859986,0.009605033,1.599869,1.53,-0.0116067,0.004713835,1.210571,0.0140667,-0.002384186,-0.00748597,1.809
2024_02_10_00_30_19_695,0.6,0.5235988,74034.0,101125.0,1.314225,1.359923,0.1361319,0.003859986,0.009605092,1.644665,1.53,-0.01165286,0.004633853,1.210461,0.01263618,-0.003367662,-6.053596e-05,1.809
2024_02_10_00_30_19_733,0.6,0.5235988,74161.0,101298.0,1.308583,1.41778,0.1361319,0.003859986,0.009605134,1.690672,1.53,-0.01153464,0.004712738,1.210638,-0.03194809,0.01364946,0.04943739,1.809
2024_02_10_00_30_19_766,0.6,0.5235988,74271.0,101449.0,1.30153,1.467769,0.1361319,0.003859986,0.009605112,1.730624,1.53,-0.01157249,0.004689188,1.21065,-0.04804134,0.01674891,0.07222407,1.809
2024_02_10_00_30_19_803,0.6,0.5235988,74398.0,101622.0,1.290942,1.524928,0.1361319,0.003859986,0.009605209,1.776632,1.53,-0.01165298,0.004647875,1.210573,-0.01621246,-0.001192093,-0.03085472,1.809
2024_02_10_00_30_19_837,0.6,0.5235988,74508.0,101773.0,1.279621,1.574127,0.1361318,0.003859986,0.009605164,1.816584,1.53,-0.01167111,0.004599895,1.210605,0.04315376,-0.008583069,-0.007349997,1.809
2024_02_10_00_30_19_875,0.6,0.5235988,74632.0,101942.0,1.264605,1.628702,0.1361318,0.003859986,0.009605103,1.861381,1.53,-0.01162637,0.004655079,1.210554,-0.01525879,-0.0005960464,0.01912005,1.809
2024_02_10_00_30_19_912,0.6,0.5235988,74758.0,102115.0,1.246655,1.683993,0.1361318,0.003859986,0.009605258,1.90739,1.53,-0.01164287,0.004662705,1.210551,0.003814697,-0.003933907,-0.02663303,1.809
2024_02_10_00_30_19_950,0.6,0.5235988,74882.0,102284.0,1.226753,1.73698,0.1361318,0.003859986,0.00960533,1.952184,1.53,-0.01163056,0.004649012,1.210704,0.01943111,-0.005722045,-0.03035459,1.809
2024_02_10_00_30_19_983,0.6,0.5235988,74996.0,102439.0,1.206386,1.784841,0.1361319,0.003859986,0.009605003,1.993343,1.53,-0.01170364,0.004689467,1.210579,-0.02813339,0.003576278,0.01875032,1.809
2024_02_10_00_30_20_021,0.6,0.5235988,75119.0,102608.0,1.182006,1.835923,0.1361318,0.003859986,0.009605136,2.03814,1.53,-0.01158496,0.004697311,1.210549,-0.01096725,0.007688999,0.04583969,1.809
2024_02_10_00_30_20_058,0.6,0.5235988,75246.0,102782.0,1.154612,1.887197,0.1361317,0.003859986,0.009604962,2.084143,1.53,-0.01173533,0.004657465,1.210449,0.05149841,-0.01817942,-0.04546623,1.809
2024_02_10_00_30_20_095,0.6,0.5235988,75370.0,102951.0,1.125701,1.935861,0.1361318,0.003859986,0.009605044,2.128939,1.53,-0.01168924,0.004677007,1.210592,0.01573563,-0.01293421,-0.06882194,1.809
2024_02_10_00_30_20_129,0.6,0.5235988,75483.0,103106.0,1.097237,1.979396,0.1361318,0.003859986,0.009605129,2.170101,1.53,-0.01167104,0.004655107,1.210548,0.02908706,-0.01990795,-0.09911507,1.809
2024_02_10_00_30_20_166,0.6,0.5235988,75607.0,103275.0,1.064254,2.025401,0.1361317,0.003859986,0.009604929,2.214895,1.53,-0.01165736,0.004725055,1.210615,-0.02646446,0.006616115,0.01882296,1.809
2024_02_10_00_30_20_203,0.6,0.5235988,75734.0,103448.0,1.02827,2.07106,0.1361318,0.003859986,0.009604841,2.260899,1.53,-0.01163956,0.004694731,1.2105,0.02086162,-0.0115633,-0.06095692,1.809
2024_02_10_00_30_20_237,0.6,0.5235988,75844.0,103599.0,0.9953454,2.109334,0.1361318,0.003859986,0.009604894,2.300852,1.53,-0.01169201,0.004679462,1.210508,-0.007390975,-0.007510185,-0.03067218,1.809
2024_02_10_00_30_20_274,0.6,0.5235988,75968.0,103768.0,0.9566461,2.150643,0.1361318,0.003859986,0.009605338,2.345647,1.53,-0.01157777,0.004679417,1.210667,0.01525879,-0.0002980232,-0.01499988,1.809
2024_02_10_00_30_20_307,0.6,0.5235988,76081.0,103923.0,0.9194857,2.187041,0.136132,0.003859986,0.009605108,2.386809,1.53,-0.01161727,0.004659717,1.210504,0.02598762,0.002801418,0.01911446,1.809
2024_02_10_00_30_20_341,0.6,0.5235988,76191.0,104074.0,0.8820159,2.220877,0.1361318,0.003859986,0.009605058,2.42676,1.53,-0.01162203,0.004698124,1.2106,-0.00989437,0.00989437,0.06103702,1.809
2024_02_10_00_30_20_379,0.6,0.5235988,76318.0,104247.0,0.8372355,2.25795,0.1361318,0.003859986,0.009605099,2.472766,1.53,-0.01165368,0.004690299,1.210609,0.006318092,-0.003457069,-0.02293661,1.809
2024_02_10_00_30_20_416,0.6,0.5235988,76442.0,104416.0,0.7920391,2.29203,0.1361318,0.003859986,0.009605213,2.517561,1.53,-0.01161872,0.004683246,1.210653,0.02658367,-0.003755092,-0.01132488,1.809
2024_02_10_00_30_20_453,0.6,0.5235988,76566.0,104585.0,0.7453625,2.324054,0.1361319,0.003860518,0.009605157,2.562357,1.53,-0.01164597,0.004664428,1.210653,0.004768372,0.003397465,0.04213675,1.809
2024_02_10_00_30_20_487,0.6,0.5235988,76679.0,104740.0,0.7012464,2.351611,0.1361318,0.003859986,0.009605143,2.603522,1.53,-0.01164195,0.004689593,1.21066,0.006914138,-0.0008940696,0.003896653,1.809
2024_02_10_00_30_20_524,0.6,0.5235988,76803.0,104909.0,0.6519927,2.379509,0.1361318,0.003859986,0.009605205,2.648318,1.53,-0.01158844,0.004772861,1.210735,-0.06079673,0.02464652,0.1030452,1.809
2024_02_10_00_30_20_558,0.6,0.5235988,76916.0,105064.0,0.6056725,2.403178,0.1361319,0.003859986,0.009605115,2.689481,1.53,-0.01164984,0.004680277,1.210687,0.006794929,-0.002026558,-0.01528393,1.809
2024_02_10_00_30_20_595,0.6,0.5235988,77040.0,105233.0,0.5542051,2.426745,0.1361318,0.003859986,0.009604831,2.734277,1.53,-0.01168791,0.004654651,1.210375,-0.001788139,-0.003516674,0.01887977,1.809
2024_02_10_00_30_20_629,0.6,0.5235988,77150.0,105383.0,0.5074521,2.445802,0.1361319,0.003859986,0.009605147,2.774231,1.53,-0.0116151,0.004715718,1.210708,-0.02670288,0.00667572,0.01521222,1.809
2024_02_10_00_30_20_667,0.6,0.5235988,77277.0,105557.0,0.4527228,2.465411,0.1361318,0.003860518,0.00960482,2.820239,1.53,-0.01157422,0.00474689,1.210703,-0.0140667,0.001758337,-0.007821247,1.809
2024_02_10_00_30_20_700,0.6,0.5235988,77387.0,105708.0,0.4045051,2.480384,0.1361318,0.003860518,0.009605019,2.860195,1.53,-0.0117001,0.004667579,1.210659,0.02765655,-0.01397729,-0.04959944,1.809
2024_02_10_00_30_20_733,0.6,0.5235988,77501.0,105863.0,0.3542421,2.493783,0.1361318,0.003859986,0.00960511,2.90136,1.53,-0.01168398,0.004698541,1.210673,0.00989437,-0.009655952,-0.04579406,1.809
2024_02_10_00_30_20_770,0.6,0.5235988,77624.0,106032.0,0.2989683,2.506001,0.1361318,0.003860518,0.009605158,2.946157,1.53,-0.0115693,0.004713966,1.210724,-0.006079673,0.01227856,0.06125122,1.809
2024_02_10_00_30_20_803,0.6,0.5235988,77735.0,106182.0,0.2492525,2.5148,0.1361318,0.003860518,0.009605102,2.986111,1.53,-0.01165471,0.004674434,1.21067,0.02729893,-0.007122755,0.01566391,1.809
2024_02_10_00_30_20_841,0.6,0.5235988,77862.0,106356.0,0.191623,2.522464,0.1361319,0.003860518,0.00960499,3.032118,1.53,-0.01164712,0.004692207,1.210569,0.03039837,-0.006526708,-0.007534399,1.809
2024_02_10_00_30_20_878,0.6,0.5235988,77985.0,106525.0,0.1352292,2.527371,0.136132,0.003859986,0.009605327,3.076916,1.53,-0.01158741,0.004668442,1.210611,-0.03314018,0.007808208,0.01890957,1.809
2024_02_10_00_30_20_915,0.6,0.5235988,78112.0,106698.0,0.07714207,2.529777,0.1361318,0.003860518,0.009605051,3.122923,1.53,-0.01160443,0.004712884,1.21066,0.02026558,-0.0007748603,0.01539662,1.809
2024_02_10_00_30_20_953,0.6,0.5235988,78236.0,106867.0,0.02053514,2.529551,0.1361319,0.003860518,0.009605412,3.167721,1.53,-0.01160861,0.004662878,1.210748,-0.02753734,0.0180006,0.08389167,1.809
2024_02_10_00_30_20_991,0.6,0.5235988,78363.0,107040.0,-0.03753012,2.52668,0.1361319,0.003860518,0.009605304,3.213729,1.53,-0.01169528,0.004697305,1.210693,-0.02503395,-0.007331371,-0.03433041,1.809
2024_02_10_00_30_21_029,0.6,0.5235988,78486.0,107209.0,-0.09388301,2.521321,0.1361318,0.003860518,0.009605311,3.258526,1.53,-0.01152422,0.004737857,1.210701,-0.03397465,0.0154376,0.0612121,1.809
2024_02_10_00_30_21_067,0.6,0.5235988,78613.0,107383.0,-0.1514492,2.513197,0.1361319,0.003859986,0.009605228,3.304533,1.53,-0.01164074,0.004674472,1.210499,0.01740456,-0.006347894,-0.03049057,1.809
2024_02_10_00_30_21_100,0.6,0.5235988,78723.0,107533.0,-0.2010924,2.504001,0.1361318,0.003860518,0.009605115,3.344486,1.53,-0.01157827,0.004784948,1.210652,-0.0003576278,0.002294779,-0.01542084,1.809
2024_02_10_00_30_21_137,0.6,0.5235988,78850.0,107707.0,-0.2577483,2.490965,0.136132,0.003860518,0.009605565,3.390492,1.53,-0.01154753,0.004775744,1.210817,-0.02479553,0.01677871,-0.0001043081,1.809
2024_02_10_00_30_21_174,0.6,0.5235988,78974.0,107876.0,-0.3122803,2.475781,0.1361319,0.003860518,0.009605287,3.435288,1.53,-0.01175734,0.004661518,1.210544,0.02837181,-0.01105666,-0.01884717,1.809
2024_02_10_00_30_21_212,0.6,0.5235988,79101.0,108049.0,-0.3675201,2.457662,0.1361319,0.003860518,0.009605368,3.481296,1.53,-0.01169372,0.004631084,1.210606,0.03790855,-0.01558661,-0.07245596,1.809
2024_02_10_00_30_21_249,0.6,0.5235988,79224.0,108218.0,-0.4204517,2.437597,0.1361318,0.003859986,0.009605304,3.526092,1.53,-0.01163162,0.004746576,1.210691,-0.04708767,0.01189113,0.03425684,1.809
2024_02_10_00_30_21_287,0.6,0.5235988,79351.0,108391.0,-0.4738226,2.414543,0.136132,0.003860518,0.009605195,3.572099,1.53,-0.01160263,0.004649591,1.210503,0.001788139,-0.002264977,0.02275407,1.809
2024_02_10_00_30_21_324,0.6,0.5235988,79475.0,108560.0,-0.5247154,2.38976,0.1361318,0.003860518,0.009605207,3.616895,1.53,-0.01164923,0.00475336,1.210659,-0.02491474,-0.001788139,-0.01899991,1.809
2024_02_10_00_30_21_362,0.6,0.5235988,79602.0,108734.0,-0.5757746,2.361963,0.1361318,0.003859986,0.00960514,3.662903,1.53,-0.01165941,0.004731986,1.210609,-0.01680851,0.005185604,0.01137238,1.809
2024_02_10_00_30_21_399,0.6,0.5235988,79726.0,108903.0,-0.6242117,2.332668,0.1361319,0.003860518,0.009605169,3.707698,1.53,-0.01156442,0.004659981,1.210686,0.03814697,-0.01043081,-0.03818609,1.809
2024_02_10_00_30_21_437,0.6,0.5235988,79852.0,109076.0,-0.6725402,2.300355,0.1361319,0.003860518,0.009605377,3.753703,1.53,-0.01161603,0.004635551,1.21066,0.02551079,-0.002920627,0.01535658,1.809
2024_02_10_00_30_21_475,0.6,0.5235988,79976.0,109245.0,-0.7181201,2.266789,0.1361319,0.003860518,0.009605442,3.798499,1.53,-0.01160375,0.004640959,1.210698,0.01001358,-0.005543231,-0.01893658,1.809
2024_02_10_00_30_21_508,0.6,0.5235988,80090.0,109400.0,-0.7586411,2.234173,0.1361318,0.003859986,0.009605275,3.83966,1.53,-0.01172114,0.004665639,1.210536,-0.002026558,-0.01043081,-0.02655666,1.809
2024_02_10_00_30_21_545,0.6,0.5235988,80213.0,109569.0,-0.801172,2.196819,0.1361319,0.003859986,0.009605343,3.884459,1.53,-0.01158621,0.004763993,1.210648,-0.05888939,0.009775162,0.01131371,1.809
2024_02_10_00_30_21_583,0.6,0.5235988,80340.0,109743.0,-0.8430656,2.156513,0.1361319,0.003859986,0.009605384,3.930467,1.53,-0.01160745,0.004690127,1.210684,-0.01215935,-0.003039837,-0.04212837,1.809
2024_02_10_00_30_21_620,0.6,0.5235988,80464.0,109911.0,-0.8820331,2.115456,0.1361318,0.003859986,0.009605223,3.975261,1.53,-0.01160426,0.004686779,1.210561,0.003814697,-0.002980232,-0.01145713,1.809
2024_02_10_00_30_21_657,0.6,0.5235988,80587.0,110080.0,-0.9191229,2.072696,0.1361319,0.003859986,0.009605397,4.020055,1.53,-0.01164619,0.004688469,1.210597,-0.02861023,0.006377697,0.01892261,1.809
2024_02_10_00_30_21_691,0.6,0.5235988,80701.0,110235.0,-0.9514888,2.031974,0.1361319,0.003859986,0.009605129,4.061219,1.53,-0.0116355,0.004711756,1.210562,-0.015378,0.004947185,0.03428571,1.809
2024_02_10_00_30_21_724,0.6,0.5235988,80811.0,110386.0,-0.9812722,1.991209,0.1361319,0.003860518,0.009605371,4.101173,1.53,-0.01166212,0.004689662,1.210703,0.0141859,-0.002503395,-0.03809668,1.809
2024_02_10_00_30_21_762,0.6,0.5235988,80938.0,110560.0,-1.013519,1.942838,0.1361318,0.003859986,0.009605285,4.147179,1.53,-0.01156708,0.004726047,1.210756,-0.04315376,0.0128746,0.05321763,1.809
2024_02_10_00_30_21_799,0.6,0.5235988,81062.0,110728.0,-1.042748,1.894363,0.1361319,0.003859986,0.009605063,4.191974,1.53,-0.01159606,0.004728043,1.210557,-0.03862381,0.007331371,0.03031455,1.809
2024_02_10_00_30_21_833,0.6,0.5235988,81172.0,110879.0,-1.066962,1.850063,0.1361319,0.003859986,0.009605211,4.231925,1.53,-0.01148756,0.004685847,1.210645,0.001311302,0.01204014,0.06492622,1.809
2024_02_10_00_30_21_869,0.6,0.5235988,81299.0,111053.0,-1.092627,1.797902,0.1361319,0.003859986,0.009605386,4.277931,1.53,-0.01153253,0.004624566,1.210637,0.0,0.0115037,0.06866083,1.809
2024_02_10_00_30_21_908,0.6,0.5235988,81422.0,111221.0,-1.115285,1.746031,0.1361319,0.003859986,0.009605317,4.322723,1.53,-0.01161369,0.004715618,1.210658,-0.02610683,0.001996756,-0.003934838,1.809
2024_02_10_00_30_21_941,0.6,0.5235988,81536.0,111377.0,-1.134039,1.697515,0.1361319,0.003859986,0.009605213,4.363885,1.53,-0.01169076,0.00466807,1.210544,-0.0001192093,-0.002145767,0.0153128,1.809
2024_02_10_00_30_21_974,0.6,0.5235988,81646.0,111527.0,-1.150317,1.649727,0.1361319,0.003859986,0.009605267,4.403835,1.53,-0.01165471,0.004659665,1.210581,-0.003576278,0.007510185,0.0533387,1.809
2024_02_10_00_30_22_012,0.6,0.5235988,81773.0,111701.0,-1.166682,1.593945,0.1361319,0.003859986,0.009605413,4.44984,1.53,-0.01172396,0.004672953,1.210569,0.007629394,-0.005036592,-0.01901854,1.809
2024_02_10_00_30_22_045,0.6,0.5235988,81883.0,111851.0,-1.178797,1.544936,0.1361318,0.003859986,0.009605383,4.489789,1.53,-0.0115997,0.004653198,1.21054,-0.01585484,0.005960464,0.03419816,1.809
2024_02_10_00_30_22_083,0.6,0.5235988,82007.0,112020.0,-1.190042,1.489462,0.1361319,0.003859986,0.00960519,4.534579,1.53,-0.01169179,0.004699052,1.210536,0.01049042,-0.003755092,-0.03071036,1.809
2024_02_10_00_30_22_116,0.6,0.5235988,82120.0,112175.0,-1.198176,1.438089,0.1361319,0.003859986,0.009605344,4.575742,1.53,-0.01170092,0.004600304,1.210456,0.02884865,-0.00795722,-0.03431179,1.809
2024_02_10_00_30_22_153,0.6,0.5235988,82244.0,112344.0,-1.204616,1.381855,0.1361319,0.003859986,0.009605116,4.620534,1.53,-0.01167325,0.004705565,1.210501,-0.005960464,0.005573034,0.03815815,1.809
2024_02_10_00_30_22_191,0.6,0.5235988,82371.0,112518.0,-1.208602,1.32386,0.1361319,0.003859986,0.00960526,4.666536,1.53,-0.01163346,0.004679148,1.210642,0.007987022,0.0005960464,0.01542643,1.809
2024_02_10_00_30_22_229,0.6,0.5235988,82495.0,112687.0,-1.209917,1.267274,0.1361319,0.003859986,0.009605289,4.711329,1.53,-0.01166582,0.004622315,1.210584,0.05197525,-0.009268522,-0.03031455,1.809
2024_02_10_00_30_22_267,0.6,0.5235988,82621.0,112860.0,-1.20863,1.209158,0.1361319,0.003859986,0.009605172,4.75733,1.53,-0.01165838,0.004662694,1.210525,0.01907349,0.001400709,0.01536589,1.809
2024_02_10_00_30_22_302,0.6,0.5235988,82732.0,113011.0,-1.205345,1.158782,0.136132,0.003859986,0.00960552,4.797284,1.53,-0.01162356,0.004645508,1.21063,-0.004887581,-0.001877546,-0.003587454,1.809
2024_02_10_00_30_22_332,0.6,0.5235988,82842.0,113161.0,-1.200051,1.108578,0.1361319,0.003859986,0.009605534,4.837235,1.53,-0.01160931,0.004620922,1.210655,0.06747246,-0.01272559,-0.07607974,1.809
2024_02_10_00_30_22_365,0.6,0.5235988,82955.0,113316.0,-1.192504,1.057116,0.1361319,0.003859986,0.009605453,4.878398,1.53,-0.0116545,0.004649186,1.210591,-0.0115633,0.00989437,0.04969257,1.809
2024_02_10_00_30_22_404,0.6,0.5235988,83079.0,113485.0,-1.181893,1.001519,0.1361319,0.003859986,0.009605381,4.923192,1.53,-0.01166284,0.00462134,1.210609,0.01692772,-0.008165836,-0.01509953,1.809
2024_02_10_00_30_22_441,0.6,0.5235988,83206.0,113659.0,-1.168413,0.9449738,0.1361319,0.003859986,0.009605254,4.969196,1.53,-0.01157679,0.004696049,1.210563,-0.008940697,0.001013279,0.01541898,1.809
2024_02_10_00_30_22_478,0.6,0.5235988,83330.0,113828.0,-1.152804,0.890568,0.1361318,0.003859986,0.009605086,5.013992,1.53,-0.01172554,0.004658919,1.210454,0.01657009,-0.01400709,-0.06118975,1.809
2024_02_10_00_30_22_516,0.6,0.5235988,83456.0,114001.0,-1.134254,0.8354775,0.1361319,0.003859986,0.009605336,5.060002,1.53,-0.01166759,0.004690464,1.210515,0.0002384186,0.005662441,0.03083423,1.809
2024_02_10_00_30_22_553,0.6,0.5235988,83580.0,114170.0,-1.113776,0.7827122,0.1361319,0.003859986,0.009605195,5.104797,1.53,-0.01166383,0.004697587,1.210464,-0.02789497,0.008821487,0.04962831,1.809
2024_02_10_00_30_22_591,0.6,0.5235988,83707.0,114343.0,-1.090307,0.729532,0.1361319,0.003859986,0.009605461,5.150804,1.53,-0.01165672,0.004656767,1.210608,0.009775162,-0.003039837,-0.04203338,1.809
2024_02_10_00_30_22_628,0.6,0.5235988,83831.0,114512.0,-1.065128,0.6788425,0.1361318,0.003859986,0.009605322,5.195597,1.53,-0.01165615,0.004677649,1.210543,-0.005960464,0.01066923,0.07664785,1.809
2024_02_10_00_30_22_665,0.6,0.5235988,83958.0,114686.0,-1.036934,0.62801,0.1361318,0.003859986,0.009604996,5.241598,1.53,-0.01167889,0.004737705,1.21041,-0.01144409,0.00333786,0.01503993,1.809
2024_02_10_00_30_22_698,0.6,0.5235988,84068.0,114836.0,-1.010574,0.584958,0.1361319,0.003859986,0.009605384,5.281548,1.53,-0.01157752,0.004665596,1.210624,-0.001788139,-0.0004768371,-0.01919735,1.809
2024_02_10_00_30_22_732,0.6,0.5235988,84178.0,114987.0,-0.9825157,0.5429927,0.1361319,0.003859986,0.009605234,5.321498,1.53,-0.01156089,0.0047165,1.210563,-0.03254414,0.01996755,0.06101746,1.809
2024_02_10_00_30_22_770,0.6,0.5235988,84305.0,115160.0,-0.9481604,0.4961032,0.1361319,0.003859986,0.009605127,5.367502,1.53,-0.01162438,0.004646958,1.210512,0.0140667,0.001430511,0.02677832,1.809
2024_02_10_00_30_22_807,0.6,0.5235988,84428.0,115329.0,-0.9126711,0.4520128,0.1361319,0.003859986,0.009605145,5.412294,1.53,-0.0117179,0.004614752,1.210544,0.01597404,-0.01692772,-0.0689486,1.809
2024_02_10_00_30_22_845,0.6,0.5235988,84555.0,115503.0,-0.8742056,0.4084322,0.1361319,0.003859986,0.009605118,5.458299,1.53,-0.01169928,0.004696874,1.210463,0.005245208,-0.004529953,-0.007400289,1.809
2024_02_10_00_30_22_878,0.6,0.5235988,84666.0,115653.0,-0.8392061,0.3720552,0.1361318,0.003859986,0.009605155,5.498248,1.53,-0.01170435,0.004742747,1.210525,-0.01823902,-0.002562999,-0.0382103,1.809
2024_02_10_00_30_22_916,0.6,0.5235988,84793.0,115827.0,-0.797142,0.3319382,0.1361318,0.003859986,0.009605122,5.544249,1.53,-0.01164713,0.004671981,1.210466,-0.0005960464,0.001072884,0.01534074,1.809
2024_02_10_00_30_22_953,0.6,0.5235988,84916.0,115995.0,-0.7544544,0.2947758,0.1361319,0.003859986,0.009605036,5.589041,1.53,-0.01167823,0.004677106,1.210404,0.02551079,-0.002801418,0.02300553,1.809
2024_02_10_00_30_22_986,0.6,0.5235988,85026.0,116146.0,-0.7150109,0.2632729,0.1361319,0.003859986,0.009605252,5.628992,1.53,-0.01153607,0.004644917,1.210561,0.0128746,0.01037121,0.08415803,1.809
2024_02_10_00_30_23_024,0.6,0.5235988,85153.0,116320.0,-0.6680759,0.2289822,0.1361318,0.003859453,0.009605187,5.674994,1.53,-0.01165936,0.004739173,1.210512,0.00500679,-0.0004172325,-0.0150837,1.809
2024_02_10_00_30_23_061,0.6,0.5235988,85277.0,116488.0,-0.6209079,0.1977026,0.1361318,0.003859453,0.009605301,5.719787,1.53,-0.01160029,0.004726425,1.21053,-0.02062321,0.003695488,-0.007707625,1.809
2024_02_10_00_30_23_097,0.6,0.5235988,85390.0,116644.0,-0.5763688,0.1708479,0.1361319,0.003859986,0.009605119,5.760946,1.53,-0.01168694,0.004657607,1.21046,0.02861023,-0.01859665,-0.06867014,1.809
2024_02_10_00_30_23_132,0.6,0.5235988,85514.0,116812.0,-0.5266904,0.1437336,0.1361319,0.003859986,0.009605133,5.805738,1.53,-0.01164236,0.004669379,1.210495,-0.002264977,0.007897615,0.0610454,1.809
2024_02_10_00_30_23_166,0.6,0.5235988,85628.0,116968.0,-0.4800104,0.1208019,0.1361318,0.003859986,0.009605262,5.846898,1.53,-0.01158499,0.00467867,1.210524,0.0231266,-0.005424022,-0.02657156,1.809
2024_02_10_00_30_23_203,0.6,0.5235988,85751.0,117136.0,-0.4281867,0.09805305,0.1361319,0.003859986,0.009605293,5.89169,1.53,-0.01163811,0.00467964,1.210561,0.01120567,-0.003278255,-0.01903158,1.809
2024_02_10_00_30_23_241,0.6,0.5235988,85878.0,117310.0,-0.3739585,0.07712901,0.1361319,0.003859986,0.009605506,5.937694,1.53,-0.01158846,0.004652392,1.210687,0.02622604,-0.002354383,-0.01890771,1.809
2024_02_10_00_30_23_278,0.6,0.5235988,86002.0,117479.0,-0.3202856,0.05917281,0.1361319,0.003859986,0.009605282,5.982487,1.53,-0.01163031,0.004678457,1.210633,0.01239777,-0.00244379,-0.03823545,1.809
2024_02_10_00_30_23_315,0.6,0.5235988,86129.0,117652.0,-0.2643818,0.04325211,0.1361318,0.003859453,0.009604929,6.028489,1.53,-0.01167302,0.004707773,1.210396,0.01907349,-0.005662441,0.004152767,1.809
2024_02_10_00_30_23_349,0.6,0.5235988,86239.0,117803.0,-0.2152839,0.03152469,0.1361319,0.003859986,0.009605038,6.068439,1.53,-0.01159868,0.004654765,1.210516,-0.003933907,0.003486871,0.01878757,1.809
2024_02_10_00_30_23_387,0.6,0.5235988,86362.0,117972.0,-0.1597273,0.02071978,0.1361318,0.003859986,0.009604903,6.113233,1.53,-0.01166965,0.004646174,1.210403,0.02431869,-0.01564622,-0.0534337,1.809
2024_02_10_00_30_23_419,0.6,0.5235988,86476.0,118127.0,-0.1082956,0.01299343,0.1361319,0.003859986,0.009604997,6.154396,1.53,-0.01166056,0.004668533,1.210435,0.02658367,-0.01233816,-0.0304589,1.809
2024_02_10_00_30_23_453,0.6,0.5235988,86586.0,118278.0,-0.0581141,0.007524723,0.1361319,0.003859986,0.009605481,6.194347,1.53,-0.01166295,0.004702616,1.210692,0.0005960464,-0.002264977,-0.03036856,1.809
2024_02_10_00_30_23_491,0.6,0.5235988,86713.0,118451.0,-0.0001132488,0.003716351,0.1361319,0.003859986,0.0096053,6.24035,1.53,-0.01160312,0.004693518,1.210564,-0.04589557,0.01117587,0.02651475,1.809
2024_02_10_00_30_23_524,0.6,0.5235988,86823.0,118602.0,0.05035305,0.002576411,0.1361319,0.003859986,0.009604951,6.280299,1.53,-0.01170846,0.004605342,1.210428,0.0282526,-0.01090765,-6.519258e-05,1.809
2024_02_10_00_30_23_562,0.6,0.5235988,86947.0,118770.0,0.1069392,0.003696347,0.1361319,0.003859986,0.009604819,0.04190697,1.53,-0.01167106,0.004724631,1.2104,-0.03373623,-0.008434057,-0.06163772,1.809
2024_02_10_00_30_23_599,0.6,0.5235988,87074.0,118944.0,0.1649425,0.007482924,0.1361318,0.003859986,0.009605044,0.08791041,1.53,-0.01158611,0.004673874,1.210512,0.0115633,-0.00333786,-0.02300925,1.809
2024_02_10_00_30_23_636,0.6,0.5235988,87197.0,119113.0,0.2211933,0.01372917,0.1361319,0.003859986,0.009605386,0.1327026,1.53,-0.01160837,0.004657805,1.210618,-0.01859665,0.007092952,0.02678763,1.809
2024_02_10_00_30_23_674,0.6,0.5235988,87324.0,119286.0,0.2786134,0.02275972,0.1361318,0.003859986,0.009605099,0.178704,1.53,-0.01170342,0.004705927,1.210499,0.009417534,-0.01269579,-0.05343556,1.809
2024_02_10_00_30_23_711,0.6,0.5235988,87448.0,119455.0,0.3340662,0.03408106,0.1361319,0.003859986,0.00960507,0.2234957,1.53,-0.01167183,0.004713092,1.210519,0.02861023,-0.003993511,-0.03045704,1.809
2024_02_10_00_30_23_748,0.6,0.5235988,87575.0,119628.0,0.3904309,0.04828071,0.1361318,0.003859453,0.009605115,0.2695012,1.53,-0.0116413,0.004733244,1.210522,0.003099441,0.001698732,0.0193771,1.809
2024_02_10_00_30_23_786,0.6,0.5235988,87698.0,119797.0,0.444629,0.06458358,0.1361319,0.003859453,0.009605238,0.3142935,1.53,-0.01160151,0.004742289,1.210544,-0.0565052,0.02071261,0.08785165,1.809
2024_02_10_00_30_23_823,0.6,0.5235988,87825.0,119971.0,0.4994728,0.08383618,0.1361319,0.003859986,0.009605199,0.3602948,1.53,-0.01172604,0.004626689,1.210414,-0.01597404,-0.006377697,-0.01157448,1.809
2024_02_10_00_30_23_862,0.6,0.5235988,87949.0,120140.0,0.5519689,0.1049862,0.1361319,0.003859986,0.0096054,0.4050881,1.53,-0.01169766,0.004589021,1.210556,0.005483627,-0.008761883,-0.00751391,1.809
2024_02_10_00_30_23_899,0.6,0.5235988,88076.0,120313.0,0.6048425,0.1291324,0.1361318,0.003859986,0.009605222,0.451091,1.53,-0.01155984,0.004687371,1.210641,-0.02288818,0.00745058,0.03058091,1.809
2024_02_10_00_30_23_936,0.6,0.5235988,88199.0,120482.0,0.6552039,0.1549562,0.1361319,0.003859453,0.009605291,0.4958806,1.53,-0.01155518,0.004761819,1.210596,-0.03314018,0.008225441,0.01531094,1.809
2024_02_10_00_30_23_973,0.6,0.5235988,88326.0,120655.0,0.7056702,0.1837975,0.1361319,0.003859453,0.00960528,0.5418825,1.53,-0.01153644,0.004705998,1.210528,-0.007510185,0.0116229,0.04587788,1.809
2024_02_10_00_30_24_008,0.6,0.5235988,88437.0,120806.0,0.7483801,0.2107046,0.1361318,0.003859453,0.009605044,0.5818309,1.53,-0.01166074,0.00468315,1.210425,0.01120567,-0.01305342,-0.06497838,1.809
2024_02_10_00_30_24_044,0.6,0.5235988,88563.0,120979.0,0.7961841,0.243772,0.1361319,0.003859453,0.009605091,0.6278338,1.53,-0.01158301,0.004636243,1.210542,0.01740456,-0.009059906,-0.03056787,1.809
2024_02_10_00_30_24_082,0.6,0.5235988,88687.0,121148.0,0.8412212,0.2780484,0.1361319,0.003859453,0.009605197,0.672625,1.53,-0.01172593,0.004640981,1.210371,0.05674362,-0.02282858,-0.1067491,1.809
2024_02_10_00_30_24_115,0.6,0.5235988,88801.0,121303.0,0.8812153,0.3112953,0.1361318,0.003859453,0.009604948,0.7137847,1.53,-0.01162464,0.004670226,1.210331,0.003218651,0.0002980232,0.01512468,1.809
2024_02_10_00_30_24_154,0.6,0.5235988,88924.0,121472.0,0.9231435,0.3493109,0.1361319,0.003859453,0.009605112,0.7585775,1.53,-0.01162482,0.004656492,1.210459,0.02896786,-0.01496076,-0.0495892,1.809
2024_02_10_00_30_24_191,0.6,0.5235988,89048.0,121641.0,0.9633284,0.3891669,0.1361319,0.003859453,0.009605206,0.8033735,1.53,-0.01160454,0.004635404,1.210494,0.007271766,0.01090765,0.06496999,1.809
2024_02_10_00_30_24_228,0.6,0.5235988,89175.0,121815.0,1.002698,0.4319311,0.1361319,0.003859453,0.009605095,0.8493779,1.53,-0.01172092,0.004618799,1.210458,0.04088878,-0.02384186,-0.09158067,1.809
2024_02_10_00_30_24_266,0.6,0.5235988,89298.0,121983.0,1.039102,0.4752678,0.1361318,0.003859986,0.009605109,0.8941691,1.53,-0.01159549,0.004674756,1.210532,0.02467632,-0.003695488,0.004024245,1.809
2024_02_10_00_30_24_303,0.6,0.5235988,89425.0,122157.0,1.074432,0.5214267,0.1361319,0.003859986,0.009605158,0.9401709,1.53,-0.01168336,0.004711869,1.210515,-0.008821487,-0.001549721,-0.04978664,1.809
2024_02_10_00_30_24_337,0.6,0.5235988,89535.0,122307.0,1.103364,0.562794,0.1361318,0.003859986,0.0096052,0.9801221,1.53,-0.01161871,0.004655474,1.210606,-0.01525879,0.01102686,0.07637125,1.809
2024_02_10_00_30_24_373,0.6,0.5235988,89662.0,122481.0,1.134601,0.6118156,0.1361318,0.003859986,0.009605007,1.026127,1.53,-0.01159667,0.004690875,1.210493,-0.02121925,0.008434057,0.03807899,1.809
2024_02_10_00_30_24_412,0.6,0.5235988,89786.0,122650.0,1.16282,0.6608788,0.1361318,0.003859986,0.009604969,1.07092,1.53,-0.01156154,0.004742336,1.210568,-0.02026558,0.0103116,0.03053434,1.809
2024_02_10_00_30_24_449,0.6,0.5235988,89913.0,122823.0,1.189483,0.7125314,0.1361319,0.003859986,0.009605146,1.116923,1.53,-0.01163503,0.004674787,1.210545,0.03457069,-0.006496906,-0.03036856,1.809
2024_02_10_00_30_24_487,0.6,0.5235988,90036.0,122992.0,1.213135,0.7639509,0.1361319,0.003859986,0.009605371,1.161712,1.53,-0.01162171,0.004617462,1.210533,0.0269413,-0.01141429,-0.0379486,1.809
2024_02_10_00_30_24_520,0.6,0.5235988,90150.0,123148.0,1.232819,0.8120912,0.1361319,0.003859453,0.009605368,1.202868,1.53,-0.01171331,0.004627353,1.210476,0.03290176,-0.01049042,-0.04178378,1.809
2024_02_10_00_30_24_557,0.6,0.5235988,90274.0,123317.0,1.25197,0.8653514,0.136132,0.003859986,0.009605311,1.247657,1.53,-0.01170875,0.00465392,1.210519,-0.05078315,0.003755092,-0.004056841,1.809
2024_02_10_00_30_24_591,0.6,0.5235988,90384.0,123468.0,1.267022,0.9135367,0.1361319,0.003859453,0.009605174,1.287601,1.53,-0.01169592,0.004673306,1.210454,-0.01394749,-0.01019239,-0.06900355,1.809
2024_02_10_00_30_24_628,0.6,0.5235988,90511.0,123641.0,1.281957,0.9697141,0.1361319,0.003859453,0.0096052,1.333602,1.53,-0.01167742,0.00472071,1.210625,-0.02968311,0.004351139,-0.003756955,1.809
2024_02_10_00_30_24_665,0.6,0.5235988,90634.0,123810.0,1.294001,1.025018,0.1361319,0.003859986,0.009605135,1.378394,1.53,-0.01169271,0.004656552,1.21056,0.009417534,-0.005841255,-0.0306908,1.809
2024_02_10_00_30_24_704,0.6,0.5235988,90761.0,123984.0,1.30378,1.082319,0.1361319,0.003859986,0.009605068,1.424398,1.53,-0.01164079,0.004640182,1.210569,0.03433228,-0.001549721,0.01539662,1.809
2024_02_10_00_30_24_737,0.6,0.5235988,90872.0,124135.0,1.310127,1.132401,0.1361319,0.003859453,0.009605029,1.464345,1.53,-0.01164518,0.004681194,1.210486,-0.02408027,0.002503395,0.01894124,1.809
2024_02_10_00_30_24_773,0.6,0.5235988,90998.0,124309.0,1.314953,1.190331,0.1361319,0.003859453,0.009605148,1.510353,1.53,-0.0115758,0.00466583,1.210597,-0.02229214,0.009417534,0.0379784,1.809
2024_02_10_00_30_24_811,0.6,0.5235988,91122.0,124478.0,1.317085,1.246892,0.1361318,0.003859453,0.009605098,1.555144,1.53,-0.01167949,0.004652495,1.210505,0.007867813,-0.009804963,-0.03429968,1.809
2024_02_10_00_30_24_849,0.6,0.5235988,91249.0,124651.0,1.316637,1.305021,0.1361318,0.003859986,0.00960511,1.601147,1.53,-0.01163245,0.004711982,1.21061,-0.04339218,0.004202127,0.003706664,1.809
2024_02_10_00_30_24_882,0.6,0.5235988,91359.0,124802.0,1.314081,1.355439,0.1361319,0.003859986,0.009604991,1.641102,1.53,-0.01162346,0.004580711,1.210553,0.004053116,-0.002890825,0.02271868,1.809
2024_02_10_00_30_24_920,0.6,0.5235988,91486.0,124976.0,1.308647,1.413316,0.1361319,0.003859986,0.009604982,1.687109,1.53,-0.01159386,0.004695997,1.210575,-0.01263618,0.006049871,0.0036899,1.809
2024_02_10_00_30_24_953,0.6,0.5235988,91596.0,125127.0,1.301772,1.46333,0.1361318,0.003859986,0.009605189,1.727065,1.53,-0.01169339,0.004660526,1.210613,0.02264976,-0.004857779,-0.03042444,1.809
2024_02_10_00_30_24_991,0.6,0.5235988,91720.0,125296.0,1.291696,1.519027,0.1361318,0.003859986,0.009604986,1.771861,1.53,-0.01159079,0.004697064,1.210587,-0.02074241,0.0141859,0.09167473,1.809
2024_02_10_00_30_25_028,0.6,0.5235988,91847.0,125469.0,1.27876,1.575702,0.1361318,0.003859986,0.009605133,1.817867,1.53,-0.01169128,0.004618925,1.210446,0.03874302,-0.01043081,-0.0457745,1.809
2024_02_10_00_30_25_071,0.6,0.5235988,91987.0,125661.0,1.261448,1.637575,0.1361319,0.003859986,0.009605371,1.868718,1.53,-0.01158507,0.004649887,1.210706,0.01561642,-0.003635883,-0.02656225,1.809
2024_02_10_00_30_25_104,0.6,0.5235988,92097.0,125812.0,1.245653,1.685526,0.136132,0.003859986,0.009605189,1.908671,1.53,-0.01161239,0.004659038,1.210511,0.005245208,-0.004947185,-0.03451109,1.809
2024_02_10_00_30_25_140,0.6,0.5235988,92221.0,125981.0,1.225681,1.738489,0.1361319,0.003859986,0.009605313,1.953466,1.53,-0.01160498,0.004605658,1.210559,0.004768372,0.007569789,0.07651374,1.809
2024_02_10_00_30_25_179,0.6,0.5235988,92348.0,126155.0,1.202723,1.791894,0.1361319,0.003859986,0.009605346,1.999474,1.53,-0.01162846,0.004613188,1.210694,0.04744529,-0.0191927,-0.09523518,1.809
2024_02_10_00_30_25_211,0.6,0.5235988,92458.0,126306.0,1.18081,1.837376,0.1361318,0.003859986,0.009605206,2.039426,1.53,-0.01170483,0.004661882,1.210477,0.01001358,-0.006139278,0.008011237,1.809
2024_02_10_00_30_25_249,0.6,0.5235988,92585.0,126479.0,1.153351,1.888615,0.1361319,0.003859986,0.00960496,2.085431,1.53,-0.01167126,0.004683548,1.210472,-0.002026558,-0.005066394,-0.03096834,1.809
2024_02_10_00_30_25_286,0.6,0.5235988,92709.0,126649.0,1.124378,1.937241,0.1361319,0.003859986,0.009605161,2.130224,1.53,-0.01154467,0.004671815,1.210559,0.005245208,0.01245737,0.0726115,1.809
2024_02_10_00_30_25_324,0.6,0.5235988,92836.0,126822.0,1.092385,1.985779,0.1361318,0.003859986,0.009604977,2.176227,1.53,-0.01158522,0.004741922,1.210605,-0.03159046,0.002026558,-0.02326816,1.809
2024_02_10_00_30_25_361,0.6,0.5235988,92959.0,126991.0,1.059121,2.031578,0.1361318,0.003859986,0.009604988,2.221021,1.53,-0.01159766,0.004747367,1.210605,-0.02717972,0.01603365,0.07656869,1.809
2024_02_10_00_30_25_399,0.6,0.5235988,93086.0,127165.0,1.022858,2.077015,0.1361317,0.003859986,0.009604984,2.267028,1.53,-0.0116442,0.004710094,1.210649,-0.01192093,0.004589558,0.01146831,1.809
2024_02_10_00_30_25_436,0.6,0.5235988,93210.0,127334.0,0.9855785,2.119611,0.1361318,0.003859986,0.009604884,2.311822,1.53,-0.01158705,0.00475082,1.21065,-0.03385544,0.01823902,0.07616449,1.809
2024_02_10_00_30_25_474,0.6,0.5235988,93337.0,127508.0,0.9453447,2.161575,0.1361318,0.003859986,0.009605282,2.357827,1.53,-0.01154624,0.004711189,1.210721,0.005960464,0.01239777,0.04234537,1.809
2024_02_10_00_30_25_511,0.6,0.5235988,93460.0,127677.0,0.9043559,2.200614,0.1361317,0.003859986,0.009604843,2.402622,1.53,-0.01166899,0.004733192,1.210525,-0.00655651,0.002622604,0.03057532,1.809
2024_02_10_00_30_25_549,0.6,0.5235988,93587.0,127851.0,0.8604827,2.238759,0.1361318,0.003859986,0.009604988,2.448628,1.53,-0.01166838,0.004729768,1.210669,0.007152557,0.0001192093,0.011608,1.809
2024_02_10_00_30_25_586,0.6,0.5235988,93711.0,128020.0,0.8161227,2.273921,0.1361317,0.003859986,0.009605146,2.493423,1.53,-0.01173894,0.004663516,1.210607,0.03075599,-0.01609325,-0.06457791,1.809
2024_02_10_00_30_25_624,0.6,0.5235988,93838.0,128193.0,0.7689712,2.307927,0.1361318,0.003859986,0.009605015,2.539428,1.53,-0.01164767,0.004739204,1.210617,-0.02884865,0.006794929,0.02656597,1.809
2024_02_10_00_30_25_661,0.6,0.5235988,93961.0,128362.0,0.7216057,2.338923,0.1361319,0.003859986,0.009605073,2.584224,1.53,-0.01160638,0.004663359,1.21064,0.007271766,-0.003814697,-0.00773929,1.809
2024_02_10_00_30_25_695,0.6,0.5235988,94071.0,128513.0,0.6782265,2.364754,0.1361318,0.003860518,0.009605122,2.624177,1.53,-0.01160712,0.004706267,1.210661,0.004529953,-0.002264977,-0.03805943,1.809
2024_02_10_00_30_25_732,0.6,0.5235988,94198.0,128687.0,0.6270437,2.392324,0.1361319,0.003860518,0.009605069,2.670183,1.53,-0.01162568,0.004658577,1.21069,-0.002980232,0.0004172325,-0.004100613,1.809
2024_02_10_00_30_25_769,0.6,0.5235988,94322.0,128856.0,0.5760405,2.416882,0.1361318,0.003860518,0.009605207,2.71498,1.53,-0.01161224,0.004669444,1.210662,-0.01108646,0.001341104,0.007636845,1.809
2024_02_10_00_30_25_808,0.6,0.5235988,94449.0,129030.0,0.5225691,2.439698,0.1361317,0.003859986,0.009605118,2.760987,1.53,-0.01162111,0.004711316,1.210641,-0.03218651,0.007271766,0.02660882,1.809
2024_02_10_00_30_25_841,0.6,0.5235988,94559.0,129181.0,0.4753234,2.457499,0.1361319,0.003860518,0.009605478,2.80094,1.53,-0.01163615,0.004655961,1.210807,0.04935264,-0.009298325,-0.02231542,1.809
2024_02_10_00_30_25_877,0.6,0.5235988,94686.0,129354.0,0.4200903,2.475641,0.1361319,0.003859986,0.009605167,2.846947,1.53,-0.01159053,0.004670581,1.210645,-0.003695488,-0.0008642673,-4.377216e-05,1.809
2024_02_10_00_30_25_915,0.6,0.5235988,94810.0,129523.0,0.3655638,2.490846,0.1361318,0.003859986,0.009605303,2.891744,1.53,-0.01168989,0.004684454,1.210702,0.00333786,-0.006109476,-0.01896732,1.809
2024_02_10_00_30_25_953,0.6,0.5235988,94937.0,129697.0,0.3089131,2.503904,0.1361319,0.003859986,0.009605521,2.93775,1.53,-0.01157558,0.004668026,1.210733,0.003814697,0.00333786,0.04245061,1.809
2024_02_10_00_30_25_991,0.6,0.5235988,95060.0,129866.0,0.2532331,2.514103,0.1361318,0.003859986,0.009605348,2.982546,1.53,-0.01159527,0.004768346,1.210717,-0.06747246,0.01588464,0.03803987,1.809
2024_02_10_00_30_26_028,0.6,0.5235988,95187.0,130040.0,0.1956321,2.521971,0.1361318,0.003859986,0.009605174,3.028553,1.53,-0.01167777,0.004736071,1.210615,0.01132488,-0.004917383,-0.02279598,1.809
2024_02_10_00_30_26_061,0.6,0.5235988,95297.0,130191.0,0.1453616,2.526649,0.136132,0.003860518,0.00960548,3.068506,1.53,-0.01152705,0.004723786,1.210855,-0.02467632,0.01758337,0.04197377,1.809
2024_02_10_00_30_26_098,0.6,0.5235988,95424.0,130364.0,0.08729714,2.529544,0.1361319,0.003859986,0.009605054,3.114512,1.53,-0.01165678,0.004704,1.210525,-0.001788139,-0.001490116,0.007485039,1.809
2024_02_10_00_30_26_136,0.6,0.5235988,95548.0,130533.0,0.03069115,2.529794,0.1361319,0.003860518,0.009605173,3.159308,1.53,-0.01163668,0.004652299,1.210675,0.04220008,-0.003010034,0.0001164153,1.809
2024_02_10_00_30_26_170,0.6,0.5235988,95658.0,130684.0,-0.01976064,2.527877,0.1361319,0.003859986,0.009605242,3.199263,1.53,-0.01166882,0.004699091,1.210643,0.02002716,-0.01654029,-0.1070127,1.809
2024_02_10_00_30_26_207,0.6,0.5235988,95785.0,130858.0,-0.07770666,2.523177,0.1361319,0.003859986,0.009605242,3.24527,1.53,-0.01163836,0.004687424,1.210657,-0.01394749,0.004589558,0.007523223,1.809
2024_02_10_00_30_26_241,0.6,0.5235988,95895.0,131009.0,-0.1278078,2.516936,0.1361319,0.003860518,0.009605544,3.285222,1.53,-0.01159919,0.004638767,1.210686,-0.004649162,-0.002145767,-0.02288818,1.809
2024_02_10_00_30_26_277,0.6,0.5235988,96022.0,131182.0,-0.1851359,2.507277,0.1361319,0.003860518,0.009605271,3.33123,1.53,-0.01165746,0.004651514,1.210683,0.0002384186,0.004857779,0.05743838,1.809
2024_02_10_00_30_26_315,0.6,0.5235988,96146.0,131351.0,-0.2404719,2.495351,0.1361319,0.003859986,0.00960525,3.376024,1.53,-0.01154473,0.004723151,1.210639,-0.008225441,0.01636147,0.08407421,1.809
2024_02_10_00_30_26_352,0.6,0.5235988,96273.0,131525.0,-0.2966886,2.480535,0.1361319,0.003859986,0.009605135,3.42203,1.53,-0.01162837,0.004691414,1.210631,-0.02765655,0.005662441,0.02645794,1.809
2024_02_10_00_30_26_390,0.6,0.5235988,96396.0,131694.0,-0.3507144,2.46364,0.1361319,0.003860518,0.009605325,3.466826,1.53,-0.01152955,0.004701125,1.210714,0.003218651,0.0003874302,-0.03434997,1.809
2024_02_10_00_30_26_428,0.6,0.5235988,96523.0,131868.0,-0.4053558,2.443788,0.1361319,0.003860518,0.009605384,3.512833,1.53,-0.01167457,0.004675156,1.210706,0.0166893,0.007182359,0.06540492,1.809
2024_02_10_00_30_26_466,0.6,0.5235988,96647.0,132037.0,-0.4576286,2.422063,0.1361319,0.003859986,0.009605231,3.55763,1.53,-0.01161532,0.004707586,1.210615,-0.01502037,0.00166893,-0.02330914,1.809
2024_02_10_00_30_26_503,0.6,0.5235988,96774.0,132211.0,-0.5102444,2.397337,0.1361319,0.003859986,0.009605217,3.603635,1.53,-0.011639,0.004692438,1.210554,-0.005841255,-0.004470348,-0.0193147,1.809
2024_02_10_00_30_26_540,0.6,0.5235988,96897.0,132380.0,-0.560331,2.370962,0.1361319,0.003859986,0.009605181,3.64843,1.53,-0.01161878,0.004707408,1.210544,-0.01502037,0.008940697,0.05723256,1.809
2024_02_10_00_30_26_573,0.6,0.5235988,97011.0,132535.0,-0.6052721,2.344773,0.1361318,0.003860518,0.009605126,3.689594,1.53,-0.01165928,0.004711249,1.210593,-0.00655651,0.002324581,0.02699997,1.809
2024_02_10_00_30_26_611,0.6,0.5235988,97134.0,132704.0,-0.6529099,2.314196,0.136132,0.003860518,0.009605346,3.73439,1.53,-0.01160592,0.004657042,1.210716,-0.01239777,0.001013279,-0.02316851,1.809
2024_02_10_00_30_26_649,0.6,0.5235988,97261.0,132878.0,-0.7003582,2.280606,0.1361318,0.003859986,0.009604939,3.780396,1.53,-0.01159149,0.00471349,1.210515,0.02264976,-0.01102686,-0.05365442,1.809
2024_02_10_00_30_26_685,0.6,0.5235988,97385.0,133047.0,-0.745026,2.245836,0.1361319,0.003859986,0.009605158,3.825192,1.53,-0.01160665,0.004721566,1.210604,-0.04649162,0.0244379,0.1103301,1.809
2024_02_10_00_30_26_719,0.6,0.5235988,97495.0,133198.0,-0.7835163,2.213166,0.1361319,0.003859986,0.00960535,3.865146,1.53,-0.01162596,0.004732395,1.210681,-0.03266335,0.00423193,0.003713183,1.809
2024_02_10_00_30_26_757,0.6,0.5235988,97622.0,133371.0,-0.8261795,2.173677,0.1361317,0.003859986,0.009605182,3.911155,1.53,-0.0116564,0.004718087,1.210556,0.009655952,-0.008702278,-0.04185084,1.809
2024_02_10_00_30_26_791,0.6,0.5235988,97732.0,133522.0,-0.8617226,2.137823,0.136132,0.003859986,0.009605446,3.951109,1.53,-0.01154643,0.004702378,1.210656,-0.003218651,0.00923872,0.01143478,1.809
2024_02_10_00_30_26_827,0.6,0.5235988,97859.0,133696.0,-0.9008369,2.094816,0.1361319,0.003860518,0.00960528,3.997117,1.53,-0.01162098,0.004704533,1.21064,-0.01180172,0.00846386,0.02283696,1.809
2024_02_10_00_30_26_860,0.6,0.5235988,97970.0,133847.0,-0.9331722,2.056042,0.1361318,0.003859986,0.009605346,4.03707,1.53,-0.01165882,0.004620176,1.210667,0.03874302,-0.01090765,0.004261732,1.809
2024_02_10_00_30_26_898,0.6,0.5235988,98093.0,134016.0,-0.9675509,2.011072,0.1361318,0.003859986,0.009605356,4.081863,1.53,-0.01169262,0.004748179,1.210652,-0.005483627,-0.003516674,-0.04186481,1.809
2024_02_10_00_30_26_932,0.6,0.5235988,98207.0,134171.0,-0.9973389,1.96843,0.1361319,0.003859986,0.009605203,4.12303,1.53,-0.01162862,0.004681856,1.210536,-0.01776218,0.01120567,0.06472226,1.809
2024_02_10_00_30_26_970,0.6,0.5235988,98330.0,134340.0,-1.027728,1.920675,0.136132,0.003860518,0.009605346,4.167823,1.53,-0.01164642,0.00464446,1.210654,-0.004649162,0.0127852,0.08397735,1.809
2024_02_10_00_30_27_007,0.6,0.5235988,98457.0,134514.0,-1.056679,1.870263,0.1361318,0.003859986,0.009605273,4.213827,1.53,-0.01168535,0.004619961,1.210651,0.0166893,-0.01350045,-0.07671118,1.809
2024_02_10_00_30_27_044,0.6,0.5235988,98581.0,134683.0,-1.082615,1.819949,0.136132,0.003860518,0.009605369,4.258623,1.53,-0.01164488,0.004688621,1.210616,-0.02670288,0.001966953,-0.000173226,1.809
2024_02_10_00_30_27_083,0.6,0.5235988,98708.0,134857.0,-1.106877,1.767121,0.1361319,0.003859986,0.00960526,4.304627,1.53,-0.01168894,0.0046635,1.210472,0.01060963,-0.009834765,-0.02656132,1.809
2024_02_10_00_30_27_119,0.6,0.5235988,98831.0,135026.0,-1.128142,1.714663,0.1361319,0.003859986,0.009605202,4.349417,1.53,-0.01164252,0.004708946,1.210586,0.001072884,0.00616908,0.02670102,1.809
2024_02_10_00_30_27_157,0.6,0.5235988,98958.0,135200.0,-1.147515,1.659853,0.1361319,0.003860518,0.009605215,4.395422,1.53,-0.01164385,0.004687549,1.21061,-0.0003576278,-0.0007152557,-0.01541525,1.809
2024_02_10_00_30_27_191,0.6,0.5235988,99069.0,135350.0,-1.162278,1.611575,0.1361319,0.003859986,0.009605237,4.435373,1.53,-0.01161807,0.004643063,1.210593,0.003099441,-0.002026558,-0.003925525,1.809
2024_02_10_00_30_27_228,0.6,0.5235988,99195.0,135524.0,-1.176873,1.555304,0.1361319,0.003859986,0.009605317,4.481378,1.53,-0.01158477,0.004646503,1.210569,-0.009417534,0.006258487,0.04575587,1.809
2024_02_10_00_30_27_265,0.6,0.5235988,99319.0,135693.0,-1.188584,1.499926,0.1361319,0.003859986,0.009605226,4.526171,1.53,-0.01165225,0.004697977,1.210508,0.01525879,-0.009119511,-0.06118416,1.809
2024_02_10_00_30_27_303,0.6,0.5235988,99446.0,135867.0,-1.198019,1.442565,0.1361319,0.003859986,0.009605478,4.572172,1.53,-0.01160367,0.00461236,1.210601,-0.0231266,0.01257658,0.1031002,1.809
2024_02_10_00_30_27_340,0.6,0.5235988,99570.0,136036.0,-1.204661,1.386354,0.1361319,0.003859986,0.009605384,4.616965,1.53,-0.01167236,0.004663341,1.210541,0.005483627,0.002712011,0.007564201,1.809
2024_02_10_00_30_27_373,0.6,0.5235988,99680.0,136187.0,-1.208457,1.336014,0.1361318,0.003859986,0.009605221,4.656917,1.53,-0.01161992,0.004727882,1.210567,-0.04184246,0.01066923,0.01888815,1.809
2024_02_10_00_30_27_411,0.6,0.5235988,99807.0,136360.0,-1.210332,1.277913,0.1361319,0.003859986,0.009605466,4.702923,1.53,-0.01165312,0.004612586,1.210631,-0.0004768371,-0.003635883,-0.01884345,1.809
2024_02_10_00_30_27_444,0.6,0.5235988,99917.0,136511.0,-1.209793,1.227433,0.1361318,0.003859986,0.009605301,4.742875,1.53,-0.01161451,0.004768234,1.210563,-0.03504753,0.01502037,0.04573911,1.809
2024_02_10_00_30_27_482,0.6,0.5235988,100044.0,136685.0,-1.206673,1.169387,0.1361319,0.003859986,0.009605411,4.788877,1.53,-0.01165748,0.004658839,1.210555,-0.003576278,-0.001519918,-0.007659196,1.809
2024_02_10_00_30_27_519,0.6,0.5235988,100167.0,136854.0,-1.201075,1.113063,0.1361319,0.003859986,0.009605513,4.833674,1.53,-0.01155102,0.004641425,1.210528,-0.01013279,-0.001549721,0.003986992,1.809
2024_02_10_00_30_27_552,0.6,0.5235988,100281.0,137009.0,-1.193712,1.061575,0.1361319,0.003859986,0.009605532,4.874837,1.53,-0.01159398,0.004678766,1.210691,-0.00166893,-0.005483627,-0.03794767,1.809
2024_02_10_00_30_27_590,0.6,0.5235988,100405.0,137179.0,-1.183297,1.005941,0.1361319,0.003859986,0.009605524,4.91963,1.53,-0.01160217,0.004686854,1.210713,-0.01180172,0.007331371,0.01151301,1.809
2024_02_10_00_30_27_628,0.6,0.5235988,100532.0,137352.0,-1.17002,0.9493474,0.1361319,0.003859986,0.009604991,4.965635,1.53,-0.01170425,0.004721595,1.210469,0.0007152557,-0.009059906,-0.05765166,1.809
2024_02_10_00_30_27_661,0.6,0.5235988,100642.0,137503.0,-1.156389,0.9007404,0.1361318,0.003859986,0.009605331,5.005587,1.53,-0.01161569,0.004679225,1.210594,-0.02610683,-0.0004172325,0.0001685694,1.809
2024_02_10_00_30_27_698,0.6,0.5235988,100765.0,137672.0,-1.138811,0.8469392,0.1361319,0.003859986,0.009605438,5.050382,1.53,-0.01160983,0.004688776,1.210678,-0.001072884,-0.004887581,-0.03430247,1.809
2024_02_10_00_30_27_737,0.6,0.5235988,100892.0,137846.0,-1.118269,0.7925607,0.1361318,0.003859986,0.009605248,5.096388,1.53,-0.0115788,0.004668189,1.210499,0.01049042,0.007092952,0.06530154,1.809
2024_02_10_00_30_27_773,0.6,0.5235988,101016.0,138015.0,-1.095885,0.7405756,0.1361318,0.003859986,0.009605444,5.141184,1.53,-0.01160283,0.004638866,1.210542,0.02849102,-0.006318092,-0.0264775,1.809
2024_02_10_00_30_27_810,0.6,0.5235988,101143.0,138189.0,-1.070497,0.6882856,0.1361319,0.003859986,0.009605366,5.187188,1.53,-0.01157885,0.004696152,1.210576,-0.008702278,0.008046627,0.04213582,1.809
2024_02_10_00_30_27_849,0.6,0.5235988,101266.0,138358.0,-1.043491,0.6385453,0.1361319,0.003859986,0.009605409,5.23198,1.53,-0.01157632,0.00469039,1.210603,-0.01955032,0.01049042,0.04217121,1.809
2024_02_10_00_30_27_886,0.6,0.5235988,101393.0,138531.0,-1.013466,0.5887725,0.1361319,0.003859986,0.009605373,5.27798,1.53,-0.01157207,0.004680016,1.210619,-0.02276897,0.008940697,0.03443379,1.809
2024_02_10_00_30_27_924,0.6,0.5235988,101517.0,138700.0,-0.9820616,0.5416856,0.1361319,0.003859986,0.009605245,5.322773,1.53,-0.01161978,0.00471185,1.210552,0.02467632,-0.003218651,-0.02646539,1.809
2024_02_10_00_30_27_957,0.6,0.5235988,101630.0,138856.0,-0.9513704,0.4996961,0.1361318,0.003859986,0.009605184,5.363931,1.53,-0.01154233,0.00474133,1.210616,-0.06592274,0.02139807,0.08384603,1.809
2024_02_10_00_30_27_994,0.6,0.5235988,101754.0,139025.0,-0.9160398,0.4554793,0.1361319,0.003859986,0.009605128,5.408724,1.53,-0.01171072,0.00467202,1.210491,0.009655952,-0.010252,-0.05349982,1.809
2024_02_10_00_30_28_032,0.6,0.5235988,101881.0,139199.0,-0.8777307,0.4117622,0.1361319,0.003859986,0.009605167,5.454725,1.53,-0.01164817,0.004684945,1.210603,-0.0115633,0.004291534,0.02659578,1.809
2024_02_10_00_30_28_069,0.6,0.5235988,102005.0,139368.0,-0.8385365,0.370932,0.136132,0.003859986,0.009605248,5.499515,1.53,-0.01163372,0.004655395,1.210463,-0.02002716,0.008881092,0.03037043,1.809
2024_02_10_00_30_28_102,0.6,0.5235988,102115.0,139519.0,-0.8020681,0.3360287,0.1361319,0.003859986,0.009605356,5.539464,1.53,-0.01162235,0.004678084,1.21058,-0.00500679,-0.006258487,-0.05345791,1.809
2024_02_10_00_30_28_141,0.6,0.5235988,102242.0,139692.0,-0.7583871,0.297679,0.1361318,0.003859453,0.009605326,5.585464,1.53,-0.01164286,0.004748473,1.210485,-0.03051758,0.001490116,-0.007497146,1.809
2024_02_10_00_30_28_173,0.6,0.5235988,102352.0,139843.0,-0.7190568,0.2660356,0.1361318,0.003859986,0.009605258,5.625413,1.53,-0.01157267,0.004732374,1.210595,-0.02074241,0.006854534,-0.01165271,1.809
2024_02_10_00_30_28_211,0.6,0.5235988,102479.0,140017.0,-0.6722451,0.2315779,0.1361319,0.003859453,0.009605223,5.671414,1.53,-0.01166464,0.004716154,1.210468,0.009179115,-0.0001192093,-0.0151284,1.809
2024_02_10_00_30_28_244,0.6,0.5235988,102589.0,140168.0,-0.6303447,0.2034279,0.1361319,0.003859453,0.009605233,5.711365,1.53,-0.01164586,0.004616825,1.210487,0.01907349,-0.006854534,0.003855675,1.809
2024_02_10_00_30_28_282,0.6,0.5235988,102716.0,140341.0,-0.5807482,0.1731164,0.1361319,0.003859453,0.009605291,5.757366,1.53,-0.01169853,0.004672557,1.21049,0.03600121,-0.01713634,-0.09930319,1.809
2024_02_10_00_30_28_319,0.6,0.5235988,102840.0,140510.0,-0.5311674,0.1458244,0.1361319,0.003859986,0.009605391,5.802159,1.53,-0.0116535,0.004695104,1.210612,0.005602836,-0.002324581,-0.003611669,1.809
2024_02_10_00_30_28_353,0.6,0.5235988,102950.0,140661.0,-0.485954,0.1233779,0.1361319,0.003859986,0.009605092,5.842107,1.53,-0.01162212,0.004689936,1.210433,0.005364418,0.006020069,0.01885928,1.809
2024_02_10_00_30_28_389,0.6,0.5235988,103077.0,140835.0,-0.4328286,0.0997918,0.1361319,0.003859986,0.009605317,5.888108,1.53,-0.01162952,0.004683177,1.210629,-0.0282526,0.004202127,0.01531932,1.809
2024_02_10_00_30_28_427,0.6,0.5235988,103200.0,141004.0,-0.380112,0.07919724,0.1361318,0.003859453,0.00960512,5.932899,1.53,-0.01166046,0.004714844,1.210517,-0.03027916,-0.001251697,-0.01526624,1.809
2024_02_10_00_30_28_465,0.6,0.5235988,103327.0,141178.0,-0.3250673,0.06052515,0.1361319,0.003859986,0.009605232,5.978902,1.53,-0.01153062,0.004614851,1.21057,0.03862381,0.001728535,0.01923554,1.809
2024_02_10_00_30_28_503,0.6,0.5235988,103451.0,141347.0,-0.2707007,0.04479553,0.1361318,0.003859453,0.009604925,6.023694,1.53,-0.0115732,0.004774731,1.210494,-0.05245208,0.01716614,0.08371192,1.809
2024_02_10_00_30_28_545,0.6,0.5235988,103591.0,141539.0,-0.2082054,0.02991128,0.1361318,0.003859453,0.009605093,6.074537,1.53,-0.01161871,0.004744273,1.210578,-0.01502037,0.00205636,-0.02685375,1.809
2024_02_10_00_30_28_582,0.6,0.5235988,103718.0,141712.0,-0.151076,0.0191973,0.1361319,0.003859453,0.009605282,6.12054,1.53,-0.01164343,0.004606527,1.210537,0.02348423,-0.01093745,-0.03042258,1.809
2024_02_10_00_30_28_619,0.6,0.5235988,103842.0,141881.0,-0.09503365,0.01130047,0.1361319,0.003859453,0.009605183,6.165331,1.53,-0.01158132,0.004698429,1.210532,0.0001192093,0.003755092,0.003877096,1.809
2024_02_10_00_30_28_657,0.6,0.5235988,103969.0,142055.0,-0.0371675,0.005810935,0.1361319,0.003859453,0.009605131,6.211334,1.53,-0.01163881,0.004669981,1.210534,-0.01275539,0.0003874302,-7.357448e-05,1.809
2024_02_10_00_30_28_689,0.6,0.5235988,104079.0,142206.0,0.01324457,0.003207306,0.1361318,0.003859453,0.00960506,6.251283,1.53,-0.01163112,0.004715628,1.210557,0.02932548,-0.001728535,0.007856637,1.809
2024_02_10_00_30_28_723,0.6,0.5235988,104189.0,142357.0,0.06371954,0.002619189,0.1361319,0.003859453,0.009605069,0.008046475,1.53,-0.01162843,0.004731183,1.210484,-0.00667572,0.002592802,-0.01160987,1.809
2024_02_10_00_30_28_760,0.6,0.5235988,104316.0,142530.0,0.121817,0.004439859,0.1361318,0.003859986,0.009604989,0.05404885,1.53,-0.01158702,0.004699122,1.210491,0.01358986,-0.001788139,-0.01149718,1.809
2024_02_10_00_30_28_799,0.6,0.5235988,104440.0,142699.0,0.1782469,0.008778157,0.136132,0.003859986,0.009605487,0.09884109,1.53,-0.011636,0.004674548,1.210711,-0.007390975,-0.001013279,-0.02292264,1.809
2024_02_10_00_30_28_832,0.6,0.5235988,104553.0,142855.0,0.2298828,0.01498906,0.136132,0.003859453,0.009605205,0.1400008,1.53,-0.0116822,0.004632558,1.2105,-0.005602836,-0.0004172325,0.01907162,1.809
2024_02_10_00_30_28_865,0.6,0.5235988,104663.0,143006.0,0.2797154,0.02304442,0.1361319,0.003859453,0.009605062,0.1799503,1.53,-0.01159815,0.00470511,1.210523,0.0009536743,0.005662441,0.03067963,1.809
2024_02_10_00_30_28_902,0.6,0.5235988,104787.0,143175.0,0.3351535,0.03443472,0.1361319,0.003859453,0.009605251,0.2247415,1.53,-0.01166313,0.004672698,1.210499,0.04208088,-0.0141859,-0.06084237,1.809
2024_02_10_00_30_28_939,0.6,0.5235988,104914.0,143348.0,0.3915,0.04870478,0.1361319,0.003859453,0.009605,0.2707423,1.53,-0.01164946,0.004664301,1.210455,0.04255771,-0.01341104,-0.05717855,1.809
2024_02_10_00_30_28_978,0.6,0.5235988,105037.0,143518.0,0.4456766,0.06507465,0.1361318,0.003859986,0.009605149,0.3155377,1.53,-0.01164892,0.004639256,1.210492,-0.009417534,0.007808208,0.06862264,1.809
2024_02_10_00_30_29_015,0.6,0.5235988,105164.0,143691.0,0.5004968,0.08439532,0.1361319,0.003859986,0.009605302,0.3615401,1.53,-0.01166876,0.004640056,1.210603,-0.0128746,0.003308058,0.02295617,1.809
2024_02_10_00_30_29_052,0.6,0.5235988,105288.0,143860.0,0.5529673,0.1056109,0.1361318,0.003859986,0.009605043,0.4063339,1.53,-0.01165948,0.004691099,1.210621,0.007152557,-0.008404255,-0.03810413,1.809
2024_02_10_00_30_29_089,0.6,0.5235988,105415.0,144034.0,0.6058086,0.1298237,0.1361319,0.003859453,0.009605215,0.452332,1.53,-0.01160434,0.004708333,1.21052,-0.03635883,0.009477139,0.03417861,1.809
2024_02_10_00_30_29_127,0.6,0.5235988,105538.0,144203.0,0.6561385,0.1557095,0.1361318,0.003859453,0.009605208,0.4971243,1.53,-0.01159863,0.004683301,1.210526,-0.007987022,0.007271766,0.04571303,1.809
2024_02_10_00_30_29_165,0.6,0.5235988,105665.0,144377.0,0.7065688,0.1846135,0.1361319,0.003859453,0.009605265,0.5431256,1.53,-0.01160627,0.004692846,1.210575,-0.00667572,0.003755092,-0.003860332,1.809
2024_02_10_00_30_29_202,0.6,0.5235988,105789.0,144546.0,0.7543442,0.2149566,0.1361318,0.003859453,0.00960512,0.5879179,1.53,-0.01161667,0.004744991,1.210489,-0.008940697,0.004708767,0.007686205,1.809
2024_02_10_00_30_29_236,0.6,0.5235988,105903.0,144701.0,0.7970073,0.2447002,0.1361318,0.003859453,0.009605195,0.629077,1.53,-0.01166783,0.004624358,1.210514,0.004529953,-0.005543231,-0.0191303,1.809
2024_02_10_00_30_29_269,0.6,0.5235988,106013.0,144852.0,0.8372126,0.2752246,0.1361319,0.003859986,0.009605122,0.6690266,1.53,-0.0116425,0.004666075,1.210519,-0.01704693,-0.004708767,-0.02688076,1.809
2024_02_10_00_30_29_306,0.6,0.5235988,106136.0,145021.0,0.8807998,0.3113279,0.1361319,0.003859453,0.009604895,0.7138188,1.53,-0.01158312,0.004666568,1.21042,-0.01347065,0.01591444,0.08744559,1.809
2024_02_10_00_30_29_345,0.6,0.5235988,106263.0,145195.0,0.9238359,0.350399,0.1361318,0.003859453,0.009605056,0.7598222,1.53,-0.01156576,0.004714611,1.210536,0.005960464,0.005185604,0.04218891,1.809
2024_02_10_00_30_29_381,0.6,0.5235988,106387.0,145364.0,0.9639708,0.3903055,0.1361317,0.003859453,0.009605119,0.8046166,1.53,-0.01166449,0.00468377,1.210567,0.001549721,-0.01329183,-0.08025765,1.809
2024_02_10_00_30_29_420,0.6,0.5235988,106514.0,145538.0,1.003288,0.4331187,0.1361318,0.003859986,0.009605188,0.8506216,1.53,-0.01165662,0.004691252,1.210565,-0.01871586,0.008225441,0.03429316,1.809
2024_02_10_00_30_29_457,0.6,0.5235988,106637.0,145707.0,1.039639,0.4765006,0.1361319,0.003859986,0.009605285,0.8954128,1.53,-0.01158757,0.004698467,1.210647,-0.05173683,0.01853704,0.0685025,1.809
2024_02_10_00_30_29_494,0.6,0.5235988,106764.0,145880.0,1.074912,0.522703,0.1361318,0.003859986,0.009605133,0.9414184,1.53,-0.01163839,0.004650844,1.210543,0.04601478,-0.01180172,-0.0608107,1.809
2024_02_10_00_30_29_533,0.6,0.5235988,106888.0,146050.0,1.10718,0.569203,0.1361319,0.003859986,0.009605151,0.9862112,1.53,-0.01166503,0.0047044,1.21059,0.007748603,5.960464e-05,-0.01145527,1.809
2024_02_10_00_30_29_570,0.6,0.5235988,107015.0,146223.0,1.138118,0.6184145,0.1361319,0.003859986,0.009605438,1.032215,1.53,-0.01149337,0.004679893,1.210786,-0.02717972,0.02303719,0.09177904,1.809
2024_02_10_00_30_29_602,0.6,0.5235988,107125.0,146374.0,1.163125,0.6622669,0.1361319,0.003859986,0.009605037,1.072164,1.53,-0.01156945,0.004753183,1.210525,-0.04565715,0.01722574,0.04936568,1.809
2024_02_10_00_30_29_639,0.6,0.5235988,107252.0,146548.0,1.189724,0.7139524,0.1361319,0.003859986,0.009605031,1.118167,1.53,-0.01164576,0.004681238,1.210601,0.01096725,-0.000745058,-0.01538359,1.809
2024_02_10_00_30_29_678,0.6,0.5235988,107376.0,146717.0,1.213313,0.7654021,0.1361319,0.003859986,0.009605341,1.162958,1.53,-0.01165512,0.004675859,1.210574,-0.009179115,-0.0005662441,-0.04968699,1.809
2024_02_10_00_30_29_714,0.6,0.5235988,107503.0,146890.0,1.235114,0.8192858,0.1361319,0.003859986,0.009605158,1.208958,1.53,-0.01165673,0.004616268,1.210379,-0.00655651,0.00500679,0.04585646,1.809
2024_02_10_00_30_29_752,0.6,0.5235988,107626.0,147060.0,1.253941,0.8726628,0.1361319,0.003859986,0.009605031,1.253746,1.53,-0.01160621,0.004703552,1.210589,-0.03516674,0.01329183,0.06460492,1.809
2024_02_10_00_30_29_789,0.6,0.5235988,107753.0,147233.0,1.27077,0.9283033,0.1361319,0.003859986,0.009605361,1.299749,1.53,-0.01169353,0.004671957,1.210785,0.000834465,-0.01248717,-0.05706492,1.809
2024_02_10_00_30_29_827,0.6,0.5235988,107877.0,147402.0,1.284679,0.9831674,0.1361319,0.003859986,0.009604952,1.344543,1.53,-0.01170566,0.004700334,1.210541,-0.009179115,-0.00962615,-0.07667206,1.809
2024_02_10_00_30_29_865,0.6,0.5235988,108004.0,147576.0,1.296392,1.040106,0.1361318,0.003859986,0.009604918,1.390546,1.53,-0.01160717,0.004688816,1.210537,-0.0007152557,0.006616115,0.04966184,1.809
2024_02_10_00_30_29_898,0.6,0.5235988,108114.0,147727.0,1.304429,1.089944,0.1361318,0.003859986,0.00960526,1.430495,1.53,-0.01157072,0.004694708,1.210675,-0.01251697,-0.002086163,-0.01898874,1.809
2024_02_10_00_30_29_936,0.6,0.5235988,108241.0,147901.0,1.31121,1.147678,0.1361318,0.003859986,0.009605235,1.476497,1.53,-0.01158054,0.004695635,1.210677,-0.03314018,0.01436472,0.06105285,1.809
2024_02_10_00_30_29_973,0.6,0.5235988,108364.0,148070.0,1.315256,1.204135,0.1361318,0.003859986,0.009604968,1.52129,1.53,-0.01170376,0.004659326,1.210541,0.01478195,0.009387732,0.06493833,1.809
2024_02_10_00_30_30_011,0.6,0.5235988,108491.0,148243.0,1.316776,1.262246,0.1361318,0.003859453,0.009605108,1.567293,1.53,-0.01161361,0.004670412,1.210561,0.02753734,-0.005871057,-0.0151312,1.809
2024_02_10_00_30_30_048,0.6,0.5235988,108615.0,148412.0,1.315688,1.318838,0.1361319,0.003859986,0.009605238,1.612088,1.53,-0.0116332,0.0046308,1.210618,0.006794929,-0.0009536743,0.0001015142,1.809
2024_02_10_00_30_30_081,0.6,0.5235988,108725.0,148563.0,1.312579,1.369226,0.1361319,0.003859986,0.009605275,1.652039,1.53,-0.01162263,0.004640278,1.210588,0.01692772,-0.006020069,-0.01887418,1.809
2024_02_10_00_30_30_119,0.6,0.5235988,108852.0,148737.0,1.306511,1.42704,0.1361318,0.003859986,0.009605211,1.698046,1.53,-0.01167769,0.00459613,1.210621,0.02670288,-0.01007318,-0.03048964,1.809
2024_02_10_00_30_30_157,0.6,0.5235988,108976.0,148906.0,1.298053,1.483007,0.136132,0.003859986,0.009605223,1.742841,1.53,-0.0116108,0.004676381,1.210695,-0.01871586,0.001490116,-0.03094226,1.809
2024_02_10_00_30_30_190,0.6,0.5235988,109089.0,149061.0,1.288077,1.534055,0.1361317,0.003859986,0.009605006,1.784004,1.53,-0.01160195,0.004703219,1.210583,-0.01907349,0.01043081,0.04565063,1.809
2024_02_10_00_30_30_228,0.6,0.5235988,109213.0,149230.0,1.274846,1.589089,0.1361319,0.003859986,0.009605276,1.8288,1.53,-0.01159502,0.004637986,1.210586,0.004410744,-0.005424022,-0.01892447,1.809
2024_02_10_00_30_30_265,0.6,0.5235988,109340.0,149404.0,1.258708,1.644937,0.1361318,0.003859986,0.009605125,1.874807,1.53,-0.01159687,0.004667797,1.210606,0.007748603,0.001251697,-0.007803551,1.809
2024_02_10_00_30_30_299,0.6,0.5235988,109450.0,149555.0,1.242621,1.69279,0.1361318,0.003859986,0.009604937,1.914763,1.53,-0.01156391,0.004690611,1.210599,-0.01597404,0.002503395,0.01883507,1.809
2024_02_10_00_30_30_336,0.6,0.5235988,109577.0,149729.0,1.221746,1.747045,0.1361318,0.003859986,0.009604984,1.960773,1.53,-0.01160217,0.004703869,1.21055,-0.03099441,0.006318092,0.02643093,1.809
2024_02_10_00_30_30_373,0.6,0.5235988,109700.0,149898.0,1.199043,1.798895,0.1361318,0.003859986,0.009605031,2.005569,1.53,-0.0117843,0.004589695,1.210429,0.02801418,-0.03004074,-0.1029298,1.809
2024_02_10_00_30_30_410,0.6,0.5235988,109824.0,150067.0,1.174042,1.849678,0.1361317,0.003859986,0.009605001,2.050368,1.53,-0.01161187,0.004692922,1.210442,0.02789497,-0.006854534,-0.02657436,1.809
2024_02_10_00_30_30_448,0.6,0.5235988,109951.0,150241.0,1.146021,1.900613,0.1361319,0.003859986,0.009605217,2.096373,1.53,-0.01158471,0.00462823,1.210557,-0.00655651,0.0140667,0.07628463,1.809
2024_02_10_00_30_30_482,0.6,0.5235988,110061.0,150391.0,1.119812,1.943762,0.1361319,0.003859986,0.009605313,2.136324,1.53,-0.01162127,0.004751593,1.210686,-0.04482269,0.01001358,0.007536262,1.809
2024_02_10_00_30_30_518,0.6,0.5235988,110188.0,150565.0,1.087524,1.992105,0.1361319,0.003859986,0.009605222,2.182329,1.53,-0.01155949,0.004672391,1.210664,-0.008583069,0.005245208,0.02667215,1.809
2024_02_10_00_30_30_556,0.6,0.5235988,110312.0,150734.0,1.053981,2.0377,0.1361319,0.003859986,0.009605176,2.227124,1.53,-0.01166736,0.004690593,1.210621,0.001192093,-0.001549721,-0.0114264,1.809
2024_02_10_00_30_30_590,0.6,0.5235988,110425.0,150889.0,1.021386,2.078237,0.1361318,0.003860518,0.009604872,2.268288,1.53,-0.01174039,0.00467199,1.210491,0.01096725,-0.01168251,-0.04595425,1.809
2024_02_10_00_30_30_627,0.6,0.5235988,110549.0,151059.0,0.9840511,2.120785,0.1361319,0.003859986,0.009605108,2.313082,1.53,-0.01158714,0.004661484,1.210669,0.03767014,-0.004649162,-0.04214421,1.809
2024_02_10_00_30_30_664,0.6,0.5235988,110676.0,151232.0,0.9437652,2.162698,0.1361319,0.003859986,0.009605258,2.359087,1.53,-0.01164556,0.004673867,1.210705,0.01716614,0.008881092,0.04220474,1.809
2024_02_10_00_30_30_701,0.6,0.5235988,110799.0,151401.0,0.9027268,2.201685,0.1361318,0.003859986,0.00960514,2.403881,1.53,-0.01164377,0.004672621,1.210653,0.003218651,-0.0003576278,-0.003856607,1.809
2024_02_10_00_30_30_735,0.6,0.5235988,110910.0,151552.0,0.8646843,2.234876,0.1361319,0.003859986,0.00960501,2.443832,1.53,-0.01161668,0.004653882,1.210541,-0.04684925,0.01299381,0.07988698,1.809
2024_02_10_00_30_30_768,0.6,0.5235988,111023.0,151708.0,0.8241349,2.267457,0.1361319,0.003859986,0.009605234,2.484996,1.53,-0.01153852,0.004640688,1.210724,0.00846386,0.0002980232,0.00771135,1.809
2024_02_10_00_30_30_802,0.6,0.5235988,111133.0,151858.0,0.783529,2.297458,0.1361318,0.003859986,0.009605265,2.524947,1.53,-0.01154039,0.004724516,1.210708,-0.0333786,0.02151727,0.08392054,1.809
2024_02_10_00_30_30_840,0.6,0.5235988,111260.0,152032.0,0.7353308,2.329963,0.1361318,0.003859986,0.009605136,2.570956,1.53,-0.01157854,0.004685174,1.210569,0.02491474,0.002741813,-0.007575377,1.809
2024_02_10_00_30_30_873,0.6,0.5235988,111371.0,152183.0,0.6922989,2.356368,0.1361319,0.003859986,0.009605273,2.610908,1.53,-0.01156774,0.004685621,1.210617,-0.003576278,-0.002741813,-0.01535099,1.809
2024_02_10_00_30_30_911,0.6,0.5235988,111494.0,152352.0,0.6428405,2.383901,0.1361318,0.003859986,0.009604947,2.655703,1.53,-0.01161735,0.004769399,1.210516,0.01120567,0.003457069,0.007617287,1.809
2024_02_10_00_30_30_948,0.6,0.5235988,111621.0,152526.0,0.5908155,2.409844,0.1361319,0.003859986,0.009605203,2.701709,1.53,-0.01161047,0.004693117,1.210736,-0.01394749,0.004023314,-0.0002160668,1.809
2024_02_10_00_30_30_985,0.6,0.5235988,111745.0,152695.0,0.5390642,2.432779,0.1361319,0.003859986,0.009605207,2.746503,1.53,-0.0115915,0.004692178,1.210601,-0.01764297,0.01072884,0.02669263,1.809
2024_02_10_00_30_31_018,0.6,0.5235988,111858.0,152850.0,0.4906469,2.451793,0.1361319,0.003859986,0.009604904,2.787666,1.53,-0.01164023,0.004762526,1.210643,-0.015378,0.003159046,-0.0232486,1.809
2024_02_10_00_30_31_056,0.6,0.5235988,111982.0,153019.0,0.4371171,2.470201,0.1361319,0.003860518,0.009605134,2.832463,1.53,-0.01156601,0.004714109,1.210799,-0.002026558,0.0008940696,-0.01913309,1.809
2024_02_10_00_30_31_093,0.6,0.5235988,112109.0,153193.0,0.3813395,2.486594,0.1361319,0.003859986,0.009605078,2.878469,1.53,-0.01169852,0.004703659,1.210582,-0.007033348,-0.005811452,-0.01918804,1.809
2024_02_10_00_30_31_131,0.6,0.5235988,112232.0,153362.0,0.3263609,2.500073,0.1361319,0.003860518,0.009605316,2.923266,1.53,-0.01148587,0.004818684,1.210823,-0.08618831,0.03042817,0.07995217,1.809
2024_02_10_00_30_31_165,0.6,0.5235988,112346.0,153517.0,0.2753538,2.510277,0.1361319,0.003859986,0.009605134,2.96443,1.53,-0.01165547,0.004709959,1.210632,0.00166893,-0.007808208,-0.0496637,1.809
2024_02_10_00_30_31_202,0.6,0.5235988,112470.0,153687.0,0.2194214,2.518987,0.1361319,0.003859986,0.009605033,3.009227,1.53,-0.0117209,0.004607164,1.21043,0.04446506,-0.02077222,-0.06487686,1.809
2024_02_10_00_30_31_239,0.6,0.5235988,112596.0,153860.0,0.1616309,2.525316,0.1361318,0.003860518,0.009605213,3.055233,1.53,-0.01162986,0.00471047,1.210612,0.003933907,0.001579523,0.003945082,1.809
2024_02_10_00_30_31_278,0.6,0.5235988,112720.0,154029.0,0.105139,2.528918,0.1361317,0.003860518,0.009604962,3.100029,1.53,-0.01155895,0.004752051,1.210666,0.00846386,0.01525879,0.06504543,1.809
2024_02_10_00_30_31_315,0.6,0.5235988,112847.0,154203.0,0.04701197,2.529981,0.136132,0.003860518,0.009605371,3.146038,1.53,-0.0116018,0.004617279,1.210733,0.006794929,-0.005066394,-0.03057904,1.809
2024_02_10_00_30_31_352,0.6,0.5235988,112971.0,154372.0,-0.009574503,2.528446,0.1361318,0.003859986,0.009605047,3.190834,1.53,-0.01163475,0.0048043,1.210653,-0.05364418,0.01603365,0.06092153,1.809
2024_02_10_00_30_31_390,0.6,0.5235988,113098.0,154546.0,-0.06755841,2.524235,0.1361319,0.003859986,0.009604961,3.236842,1.53,-0.01161784,0.004698475,1.210558,0.001192093,0.006914138,0.03415067,1.809
2024_02_10_00_30_31_423,0.6,0.5235988,113208.0,154697.0,-0.1177102,2.518416,0.1361318,0.003859986,0.009605067,3.276795,1.53,-0.01174245,0.004620735,1.210534,0.05459785,-0.02431869,-0.06473623,1.809
2024_02_10_00_30_31_461,0.6,0.5235988,113331.0,154866.0,-0.1736134,2.509516,0.1361319,0.003860518,0.0096053,3.321591,1.53,-0.01156082,0.004705593,1.210683,0.01370907,0.003933907,0.003897585,1.809
2024_02_10_00_30_31_493,0.6,0.5235988,113445.0,155021.0,-0.2245855,2.49914,0.1361318,0.003860518,0.009605174,3.362756,1.53,-0.01166344,0.004651212,1.210572,0.05459785,-0.01862645,-0.05682464,1.809
2024_02_10_00_30_31_531,0.6,0.5235988,113569.0,155190.0,-0.2795186,2.485474,0.1361318,0.003859986,0.009605197,3.407552,1.53,-0.01166255,0.004688299,1.210557,-0.02920627,-0.006079673,-0.02691895,1.809
2024_02_10_00_30_31_565,0.6,0.5235988,113682.0,155346.0,-0.3294113,2.470758,0.1361319,0.003860518,0.009605197,3.448715,1.53,-0.01163333,0.004713555,1.210688,-0.004291534,-0.001788139,-0.01159217,1.809
2024_02_10_00_30_31_602,0.6,0.5235988,113806.0,155515.0,-0.382968,2.452428,0.1361319,0.003859986,0.009605151,3.493511,1.53,-0.01165306,0.004640569,1.210549,0.002384186,-0.009089708,-0.01541432,1.809
2024_02_10_00_30_31_635,0.6,0.5235988,113916.0,155665.0,-0.429999,2.43407,0.1361318,0.003859986,0.009605072,3.533465,1.53,-0.01161805,0.004741091,1.210541,0.007987022,0.001847744,0.02682302,1.809
2024_02_10_00_30_31_670,0.6,0.5235988,114029.0,155821.0,-0.4776488,2.413206,0.1361319,0.003859986,0.009605169,3.574629,1.53,-0.01159075,0.004714043,1.21063,0.003457069,0.005543231,0.02671405,1.809
2024_02_10_00_30_31_701,0.6,0.5235988,114140.0,155972.0,-0.5230383,2.391098,0.136132,0.003860518,0.009605275,3.614581,1.53,-0.01155605,0.004756498,1.210725,-0.06604195,0.02020597,0.06071478,1.809
2024_02_10_00_30_31_740,0.6,0.5235988,114263.0,156141.0,-0.5728329,2.364177,0.1361319,0.003860518,0.009605327,3.659377,1.53,-0.01159167,0.004666605,1.210692,0.01895428,0.01114607,0.07274561,1.809
2024_02_10_00_30_31_772,0.6,0.5235988,114377.0,156296.0,-0.6174866,2.337495,0.1361319,0.003859986,0.009605109,3.700541,1.53,-0.01164439,0.004761209,1.210682,0.001430511,-0.002145767,-0.05744584,1.809
2024_02_10_00_30_31_810,0.6,0.5235988,114500.0,156465.0,-0.6647868,2.306399,0.1361318,0.003859986,0.009605275,3.745338,1.53,-0.01161783,0.004706911,1.210674,-0.04196167,0.009536743,0.04574284,1.809
2024_02_10_00_30_31_847,0.6,0.5235988,114627.0,156639.0,-0.7118648,2.27229,0.1361319,0.003859986,0.009605205,3.791345,1.53,-0.01166214,0.004641529,1.210552,-0.01239777,-0.001847744,0.003690831,1.809
2024_02_10_00_30_31_881,0.6,0.5235988,114738.0,156790.0,-0.7514393,2.24094,0.1361319,0.003859986,0.009605359,3.831296,1.53,-0.01164847,0.004679367,1.21056,-0.04005432,0.007867813,0.02273358,1.809
2024_02_10_00_30_31_919,0.6,0.5235988,114865.0,156963.0,-0.7954148,2.202917,0.136132,0.003860518,0.009605454,3.877303,1.53,-0.0116185,0.004659353,1.210727,0.04124641,-0.002682209,-0.01883972,1.809
2024_02_10_00_30_31_956,0.6,0.5235988,114988.0,157133.0,-0.8365079,2.16399,0.1361318,0.003859986,0.009605308,3.9221,1.53,-0.01168541,0.00468045,1.210563,-0.01907349,-0.005602836,-0.01517404,1.809
2024_02_10_00_30_31_989,0.6,0.5235988,115098.0,157283.0,-0.8716564,2.127748,0.136132,0.003859986,0.009605309,3.962054,1.53,-0.01167006,0.004585784,1.210577,0.06747246,-0.020504,-0.0724066,1.809
2024_02_10_00_30_32_023,0.6,0.5235988,115212.0,157439.0,-0.9063252,2.088971,0.1361318,0.003859986,0.009605044,4.003218,1.53,-0.0116603,0.004690044,1.210441,0.0257492,-0.01305342,-0.03423914,1.809
2024_02_10_00_30_32_061,0.6,0.5235988,115336.0,157608.0,-0.9422053,2.045191,0.1361319,0.003859986,0.009605173,4.048014,1.53,-0.01164426,0.004676065,1.210492,0.03802776,-0.007510185,-0.03421586,1.809
2024_02_10_00_30_32_097,0.6,0.5235988,115462.0,157782.0,-0.9769751,1.998601,0.1361319,0.003859986,0.009605226,4.09402,1.53,-0.01163759,0.004703639,1.210623,0.002145767,-0.007271766,-0.03833883,1.809
2024_02_10_00_30_32_136,0.6,0.5235988,115586.0,157951.0,-1.008738,1.951747,0.1361319,0.003859986,0.009605279,4.138815,1.53,-0.01162188,0.004644929,1.210643,0.01168251,0.006496906,0.06121955,1.809
2024_02_10_00_30_32_173,0.6,0.5235988,115713.0,158124.0,-1.039143,1.902198,0.1361318,0.003859986,0.009605304,4.18482,1.53,-0.01167399,0.004657911,1.21058,0.01907349,-0.003427267,-0.02286676,1.809
2024_02_10_00_30_32_206,0.6,0.5235988,115823.0,158275.0,-1.063674,1.858072,0.1361319,0.003859986,0.009605344,4.224771,1.53,-0.01152688,0.004711182,1.210632,-0.03433228,0.01525879,0.06097741,1.809
2024_02_10_00_30_32_244,0.6,0.5235988,115950.0,158449.0,-1.08971,1.806095,0.1361319,0.003859986,0.009605254,4.270773,1.53,-0.0116378,0.004660293,1.210455,-0.02527237,0.008642673,0.03021862,1.809
2024_02_10_00_30_32_281,0.6,0.5235988,116074.0,158618.0,-1.11274,1.754388,0.1361319,0.003859986,0.009605397,4.315568,1.53,-0.01170913,0.004622594,1.210549,0.0295639,-0.01111627,-0.05732197,1.809
2024_02_10_00_30_32_319,0.6,0.5235988,116201.0,158792.0,-1.133957,1.700265,0.1361318,0.003859986,0.009605075,4.36157,1.53,-0.01163646,0.004721059,1.210519,-0.03874302,0.006765127,0.04940107,1.809
2024_02_10_00_30_32_352,0.6,0.5235988,116311.0,158942.0,-1.150346,1.652514,0.1361319,0.003859986,0.009605409,4.40152,1.53,-0.01169242,0.004632649,1.210588,0.03278255,-0.007569789,-0.01487974,1.809
2024_02_10_00_30_32_390,0.6,0.5235988,116435.0,159111.0,-1.166439,1.598247,0.1361319,0.003859986,0.009605471,4.446316,1.53,-0.01160472,0.004639248,1.210618,-0.001549721,0.004053116,0.04985463,1.809
2024_02_10_00_30_32_427,0.6,0.5235988,116561.0,159285.0,-1.180419,1.541821,0.1361319,0.003859986,0.009605221,4.492323,1.53,-0.01162927,0.004693673,1.210623,-0.01370907,0.002712011,0.01125038,1.809
2024_02_10_00_30_32_464,0.6,0.5235988,116685.0,159454.0,-1.191522,1.486317,0.1361319,0.003859986,0.00960543,4.537116,1.53,-0.01158361,0.004711678,1.210621,-0.02026558,0.005602836,0.007752329,1.809
2024_02_10_00_30_32_497,0.6,0.5235988,116799.0,159610.0,-1.199526,1.434923,0.1361319,0.003859986,0.009605472,4.578277,1.53,-0.01159856,0.004650672,1.210548,-0.02610683,0.009775162,0.0609532,1.809
2024_02_10_00_30_32_535,0.6,0.5235988,116922.0,159779.0,-1.205823,1.378674,0.1361319,0.003859986,0.009605282,4.623071,1.53,-0.01159389,0.004705912,1.210518,0.004172325,-0.009953975,-0.05708634,1.809
2024_02_10_00_30_32_573,0.6,0.5235988,117049.0,159952.0,-1.209662,1.32067,0.1361319,0.003859986,0.009605258,4.669075,1.53,-0.01170965,0.00464821,1.210561,0.002026558,-0.00166893,-1.676381e-05,1.809
2024_02_10_00_30_32_606,0.6,0.5235988,117159.0,160103.0,-1.21083,1.2702,0.1361319,0.003859986,0.009605275,4.709024,1.53,-0.01168449,0.004627443,1.210428,0.03314018,-0.01949072,-0.07636286,1.809
2024_02_10_00_30_32_643,0.6,0.5235988,117286.0,160277.0,-1.209676,1.212082,0.1361319,0.003859986,0.009605354,4.755027,1.53,-0.0116082,0.004670077,1.210548,-0.01454353,0.01385808,0.06115809,1.809
2024_02_10_00_30_32_681,0.6,0.5235988,117410.0,160446.0,-1.205987,1.155601,0.1361319,0.003859986,0.009605271,4.799823,1.53,-0.01156702,0.004680829,1.210658,-0.002861023,-0.004917383,-0.0269115,1.809
2024_02_10_00_30_32_714,0.6,0.5235988,117520.0,160597.0,-1.200567,1.10541,0.1361319,0.003859986,0.009605354,4.839777,1.53,-0.01154131,0.004623033,1.210535,-0.008940697,0.01111627,0.06101373,1.809
2024_02_10_00_30_32_751,0.6,0.5235988,117647.0,160771.0,-1.191847,1.047937,0.1361319,0.003859986,0.009605346,4.885781,1.53,-0.01158903,0.004706055,1.210632,-0.03504753,0.0001788139,-0.0231443,1.809
2024_02_10_00_30_32_785,0.6,0.5235988,117757.0,160921.0,-1.182136,0.9983982,0.1361319,0.003859986,0.009605232,4.925732,1.53,-0.01160937,0.004627553,1.210529,0.04303455,-0.002741813,-0.003770925,1.809
2024_02_10_00_30_32_822,0.6,0.5235988,117884.0,161095.0,-1.168514,0.9418871,0.1361319,0.003859986,0.009605573,4.971737,1.53,-0.01162294,0.00464305,1.210664,0.004649162,-0.007331371,-0.06088055,1.809
2024_02_10_00_30_32_860,0.6,0.5235988,118008.0,161264.0,-1.152766,0.8875219,0.1361318,0.003859986,0.009605029,5.016531,1.53,-0.0116377,0.004696397,1.210437,-0.003933907,-0.004172325,-0.02696737,1.809
2024_02_10_00_30_32_898,0.6,0.5235988,118135.0,161438.0,-1.134075,0.8324791,0.1361319,0.003859986,0.009605418,5.062537,1.53,-0.01161024,0.004715162,1.21066,-0.008106232,-0.00411272,-0.06491505,1.809
2024_02_10_00_30_32_931,0.6,0.5235988,118245.0,161589.0,-1.115805,0.785419,0.1361319,0.003859986,0.00960533,5.102489,1.53,-0.01166276,0.004675391,1.210577,0.004529953,0.004649162,0.0191927,1.809
2024_02_10_00_30_32_968,0.6,0.5235988,118368.0,161758.0,-1.093102,0.7335715,0.1361319,0.003859986,0.009605183,5.147286,1.53,-0.01161177,0.004650366,1.210478,-0.0269413,0.007212162,0.04183221,1.809
2024_02_10_00_30_33_002,0.6,0.5235988,118482.0,161913.0,-1.070215,0.6868679,0.1361319,0.003859986,0.00960512,5.188449,1.53,-0.01159304,0.004679475,1.210432,0.01978874,-0.001728535,0.01168903,1.809
2024_02_10_00_30_33_039,0.6,0.5235988,118606.0,162082.0,-1.043147,0.6371611,0.1361318,0.003859986,0.00960533,5.233243,1.53,-0.01162388,0.004657725,1.210538,0.01490116,-0.002741813,-0.003592111,1.809
2024_02_10_00_30_33_077,0.6,0.5235988,118733.0,162256.0,-1.013059,0.5874256,0.1361319,0.003859986,0.00960535,5.279246,1.53,-0.01153691,0.004650724,1.210594,-0.02336502,0.01204014,0.0609802,1.809
2024_02_10_00_30_33_115,0.6,0.5235988,118856.0,162425.0,-0.9815953,0.5403789,0.136132,0.003859986,0.009605243,5.324037,1.53,-0.01161463,0.004638089,1.210552,0.03218651,0.003278255,0.03441609,1.809
2024_02_10_00_30_33_148,0.6,0.5235988,118970.0,162580.0,-0.9508516,0.4984282,0.1361319,0.003859986,0.00960517,5.365197,1.53,-0.01160669,0.00473843,1.210483,-0.02336502,0.01102686,0.04194583,1.809
2024_02_10_00_30_33_185,0.6,0.5235988,119093.0,162749.0,-0.9154651,0.4542562,0.1361318,0.003859986,0.009604984,5.409989,1.53,-0.01174364,0.004622443,1.210353,0.07092953,-0.02074241,-0.05321391,1.809
2024_02_10_00_30_33_224,0.6,0.5235988,119220.0,162923.0,-0.8771003,0.4105873,0.1361318,0.003859986,0.009605116,5.455991,1.53,-0.01167678,0.004703574,1.21045,-0.03242493,-0.003159046,-0.01527648,1.809
2024_02_10_00_30_33_261,0.6,0.5235988,119344.0,163092.0,-0.8378539,0.3698069,0.1361318,0.003859986,0.009605248,5.500781,1.53,-0.01160611,0.004715268,1.210573,-0.02300739,0.01400709,0.06115436,1.809
2024_02_10_00_30_33_293,0.6,0.5235988,119454.0,163243.0,-0.8013408,0.3349494,0.1361319,0.003859986,0.009605358,5.54073,1.53,-0.01155035,0.004695636,1.210598,-0.01561642,0.01174211,0.03442727,1.809
2024_02_10_00_30_33_331,0.6,0.5235988,119581.0,163417.0,-0.7576113,0.2966551,0.1361318,0.003859986,0.009605135,5.586731,1.53,-0.01172998,0.004740729,1.210488,0.009298325,-0.01168251,-0.0609802,1.809
2024_02_10_00_30_33_368,0.6,0.5235988,119705.0,163586.0,-0.7133832,0.2613395,0.1361318,0.003859986,0.009605299,5.631523,1.53,-0.01167205,0.004663557,1.210618,0.05364418,-0.01746416,-0.06447826,1.809
2024_02_10_00_30_33_405,0.6,0.5235988,119831.0,163759.0,-0.6663612,0.2271682,0.1361319,0.003859986,0.009605256,5.677526,1.53,-0.0116683,0.004616269,1.210638,0.07677078,-0.01859665,-0.05692616,1.809
2024_02_10_00_30_33_443,0.6,0.5235988,119955.0,163929.0,-0.6191136,0.1960079,0.1361319,0.003859453,0.009605202,5.722318,1.53,-0.01160491,0.004681684,1.210539,0.01394749,-0.007987022,-0.03819913,1.809
2024_02_10_00_30_33_476,0.6,0.5235988,120069.0,164084.0,-0.5745059,0.1692657,0.1361318,0.003859986,0.009605228,5.76348,1.53,-0.01165259,0.004707265,1.210571,0.01180172,-0.006437301,-0.04174374,1.809
2024_02_10_00_30_33_510,0.6,0.5235988,120179.0,164235.0,-0.530194,0.1450869,0.1361318,0.003859986,0.009605134,5.80343,1.53,-0.01166183,0.004703145,1.210572,0.002384186,0.00205636,0.01914427,1.809
2024_02_10_00_30_33_548,0.6,0.5235988,120306.0,164408.0,-0.4780198,0.1194637,0.1361318,0.003859453,0.009605197,5.849431,1.53,-0.0117036,0.004661527,1.210476,-0.02110004,-0.004202127,0.003947876,1.809
2024_02_10_00_30_33_585,0.6,0.5235988,120429.0,164578.0,-0.4261388,0.09684586,0.1361318,0.003859986,0.009605086,5.894221,1.53,-0.01159917,0.004665317,1.210393,0.03886223,-0.005722045,-0.01133606,1.809
2024_02_10_00_30_33_618,0.6,0.5235988,120540.0,164728.0,-0.3790533,0.0786514,0.1361319,0.003859986,0.009605192,5.934172,1.53,-0.0116103,0.004753392,1.210619,-0.03278255,0.01084804,0.03810879,1.809
2024_02_10_00_30_33_656,0.6,0.5235988,120666.0,164902.0,-0.3239853,0.06004944,0.136132,0.003859986,0.009605438,5.980176,1.53,-0.01159857,0.004696787,1.210613,-0.03504753,0.006616115,0.003517605,1.809
2024_02_10_00_30_33_694,0.6,0.5235988,120790.0,165071.0,-0.2695985,0.04438928,0.1361318,0.003859453,0.009605076,6.024969,1.53,-0.01171661,0.004671708,1.21045,0.0540018,-0.02282858,-0.08369423,1.809
2024_02_10_00_30_33_731,0.6,0.5235988,120917.0,165245.0,-0.2130695,0.03085749,0.1361319,0.003859453,0.009604987,6.070971,1.53,-0.01166234,0.004754611,1.210453,-0.015378,-0.0001490116,-0.003911555,1.809
2024_02_10_00_30_33_769,0.6,0.5235988,121041.0,165414.0,-0.1574864,0.0201934,0.1361319,0.003859453,0.009605249,6.115761,1.53,-0.01160956,0.004700205,1.210581,0.006198883,0.009953975,0.03446545,1.809
2024_02_10_00_30_33_806,0.6,0.5235988,121167.0,165588.0,-0.09996326,0.01184319,0.1361318,0.003859986,0.00960504,6.161764,1.53,-0.01161287,0.004728635,1.210505,-0.02932548,0.007480382,0.02656877,1.809
2024_02_10_00_30_33_843,0.6,0.5235988,121291.0,165757.0,-0.04364164,0.006263012,0.1361317,0.003859986,0.009605174,6.206556,1.53,-0.01153982,0.00476644,1.210779,-0.05209446,0.02095103,0.0763163,1.809
2024_02_10_00_30_33_877,0.6,0.5235988,121405.0,165912.0,0.008285761,0.003363634,0.1361319,0.003859453,0.009605389,6.247717,1.53,-0.01162147,0.004655953,1.210581,-0.009179115,0.00628829,0.01535658,1.809
2024_02_10_00_30_33_914,0.6,0.5235988,121528.0,166081.0,0.06487817,0.002639481,0.1361319,0.003859453,0.009605215,0.009323727,1.53,-0.01167013,0.004664327,1.210472,-0.008702278,-0.004857779,-0.01922529,1.809
2024_02_10_00_30_33_952,0.6,0.5235988,121655.0,166255.0,0.1229742,0.004534113,0.1361319,0.003859986,0.009605501,0.05532824,1.53,-0.01160544,0.004616396,1.210677,0.03802776,-0.003576278,-0.007262453,1.809
2024_02_10_00_30_33_985,0.6,0.5235988,121765.0,166406.0,0.1733092,0.008346012,0.1361319,0.003859986,0.009605162,0.09527618,1.53,-0.01157267,0.004713931,1.210617,0.01859665,0.001609325,0.02701673,1.809
2024_02_10_00_30_34_023,0.6,0.5235988,121892.0,166579.0,0.2310278,0.01522149,0.1361318,0.003859986,0.009605243,0.1412796,1.53,-0.01168291,0.004668467,1.210494,0.01442432,-0.01478195,-0.06850529,1.809
2024_02_10_00_30_34_060,0.6,0.5235988,122016.0,166748.0,0.2868656,0.02445955,0.1361319,0.003859986,0.00960528,0.186074,1.53,-0.01166364,0.004696628,1.210605,0.004649162,-0.007569789,-0.04577729,1.809
2024_02_10_00_30_34_097,0.6,0.5235988,122139.0,166918.0,0.3422328,0.0361892,0.1361319,0.003859986,0.009605315,0.2308657,1.53,-0.01154317,0.004738505,1.210628,-0.001788139,0.01710653,0.06122794,1.809
2024_02_10_00_30_34_135,0.6,0.5235988,122266.0,167091.0,0.398492,0.05080418,0.1361319,0.003859986,0.009605411,0.2768681,1.53,-0.01168528,0.004610199,1.210597,0.02670288,-0.0154376,-0.03406871,1.809
2024_02_10_00_30_34_169,0.6,0.5235988,122377.0,167242.0,0.446758,0.065584,0.1361319,0.003859986,0.009605248,0.3168166,1.53,-0.01159903,0.004682283,1.21054,0.004172325,0.005573034,0.01138914,1.809
2024_02_10_00_30_34_206,0.6,0.5235988,122504.0,167416.0,0.5015545,0.08497472,0.136132,0.003859453,0.009605006,0.362819,1.53,-0.01168583,0.004674202,1.210314,0.02551079,-0.008493662,-0.02679881,1.809
2024_02_10_00_30_34_243,0.6,0.5235988,122627.0,167585.0,0.5539979,0.1062574,0.1361319,0.003859453,0.009605226,0.4076107,1.53,-0.01160577,0.004704006,1.210513,0.0002384186,0.004589558,0.03058929,1.809
2024_02_10_00_30_34_280,0.6,0.5235988,122754.0,167759.0,0.6068093,0.1305371,0.1361318,0.003859453,0.009605195,0.453613,1.53,-0.01159703,0.004647872,1.210457,-0.007748603,0.005960464,0.06110035,1.809
2024_02_10_00_30_34_318,0.6,0.5235988,122878.0,167928.0,0.6571062,0.1564876,0.1361319,0.003859453,0.009605053,0.4984042,1.53,-0.01167208,0.004704807,1.21034,0.01168251,-0.008702278,-0.06114225,1.809
2024_02_10_00_30_34_352,0.6,0.5235988,122991.0,168083.0,0.7022588,0.1822979,0.1361319,0.003859453,0.009605291,0.5395655,1.53,-0.0116393,0.00468443,1.21067,-0.03290176,0.01209974,0.05736295,1.809
2024_02_10_00_30_34_388,0.6,0.5235988,123115.0,168252.0,0.7501438,0.2124713,0.1361318,0.003859453,0.009605,0.5843577,1.53,-0.01155399,0.004791348,1.210625,-0.04267692,0.01072884,0.02273172,1.809
2024_02_10_00_30_34_426,0.6,0.5235988,123242.0,168426.0,0.797865,0.2456596,0.1361319,0.003859986,0.009605183,0.6303622,1.53,-0.01163435,0.004617646,1.210512,0.02169609,-0.01209974,-0.04587788,1.809
2024_02_10_00_30_34_460,0.6,0.5235988,123352.0,168577.0,0.8380303,0.2762356,0.1361319,0.003859986,0.009605378,0.6703123,1.53,-0.01169982,0.0046798,1.210592,-0.009179115,-0.003099441,-0.03045704,1.809
2024_02_10_00_30_34_497,0.6,0.5235988,123475.0,168746.0,0.8815713,0.3123945,0.1361318,0.003859453,0.009605119,0.7151035,1.53,-0.01166512,0.004703795,1.210438,-0.03433228,0.001907349,0.007507391,1.809
2024_02_10_00_30_34_535,0.6,0.5235988,123602.0,168919.0,0.9245583,0.3515204,0.1361319,0.003859453,0.009605086,0.7611091,1.53,-0.01162158,0.004731853,1.210548,-0.006079673,-0.001430511,-0.01142826,1.809
2024_02_10_00_30_34_568,0.6,0.5235988,123713.0,169070.0,0.960396,0.3870728,0.1361318,0.003859986,0.009605136,0.8010618,1.53,-0.01165028,0.004693546,1.210564,0.0269413,-0.007390975,-0.03416557,1.809
2024_02_10_00_30_34_605,0.6,0.5235988,123840.0,169244.0,0.9998653,0.429746,0.1361318,0.003859986,0.009605272,0.8470663,1.53,-0.01169192,0.004692312,1.210481,-0.003218651,-0.01215935,-0.07238612,1.809
2024_02_10_00_30_34_643,0.6,0.5235988,123963.0,169413.0,1.03637,0.4729983,0.1361319,0.003859453,0.009605154,0.8918591,1.53,-0.01160808,0.004713515,1.210505,0.0007152557,-0.002920627,-0.02286676,1.809
2024_02_10_00_30_34_681,0.6,0.5235988,124090.0,169587.0,1.071807,0.5190756,0.1361318,0.003859986,0.009605099,0.9378604,1.53,-0.01160306,0.004757468,1.210547,-0.0449419,0.01448393,0.05334802,1.809
2024_02_10_00_30_34_718,0.6,0.5235988,124214.0,169756.0,1.10424,0.56546,0.1361318,0.003859986,0.009604911,0.9826542,1.53,-0.01173574,0.004656515,1.210355,0.0591278,-0.01960993,-0.0569662,1.809
2024_02_10_00_30_34_755,0.6,0.5235988,124340.0,169929.0,1.135353,0.614561,0.1361319,0.003859986,0.009605077,1.028658,1.53,-0.01165686,0.004684447,1.210514,0.01847744,-0.00539422,-0.01523551,1.809
2024_02_10_00_30_34_794,0.6,0.5235988,124464.0,170099.0,1.163446,0.6636957,0.1361318,0.003859986,0.009604988,1.073452,1.53,-0.01173003,0.004674532,1.210415,0.01144409,-0.009298325,-0.007599592,1.809
2024_02_10_00_30_34_827,0.6,0.5235988,124578.0,170254.0,1.187298,0.7099147,0.1361319,0.003859986,0.009605258,1.114612,1.53,-0.01165233,0.004682907,1.210602,0.001907349,-0.004887581,-0.02659205,1.809
2024_02_10_00_30_34_860,0.6,0.5235988,124688.0,170405.0,1.208611,0.7556753,0.1361319,0.003859986,0.009605521,1.154563,1.53,-0.01160725,0.004676467,1.210584,-0.02396107,0.01674891,0.0880137,1.809
2024_02_10_00_30_34_898,0.6,0.5235988,124811.0,170574.0,1.230312,0.8079481,0.136132,0.003859986,0.009605237,1.199353,1.53,-0.01161695,0.004674352,1.210397,-0.04780292,0.005424022,0.02651568,1.809
2024_02_10_00_30_34_935,0.6,0.5235988,124938.0,170748.0,1.250139,0.8625906,0.1361318,0.003859986,0.009605074,1.245354,1.53,-0.01157231,0.004715272,1.210561,-0.0244379,0.01388788,0.05307141,1.809
2024_02_10_00_30_34_972,0.6,0.5235988,125062.0,170917.0,1.267011,0.9166173,0.1361318,0.003859986,0.009605042,1.290146,1.53,-0.01167772,0.004699297,1.210532,0.003218651,0.007718801,0.02659112,1.809
2024_02_10_00_30_35_010,0.6,0.5235988,125189.0,171090.0,1.281803,0.9728329,0.1361318,0.003859986,0.009605363,1.336146,1.53,-0.01157023,0.004754687,1.210694,-0.03945827,0.00616908,-0.01522526,1.809
2024_02_10_00_30_35_044,0.6,0.5235988,125299.0,171241.0,1.29254,1.02216,0.1361319,0.003859453,0.009605105,1.376096,1.53,-0.01165603,0.004620492,1.210421,-0.002264977,-0.003457069,0.01520663,1.809
2024_02_10_00_30_35_081,0.6,0.5235988,125426.0,171415.0,1.302451,1.079438,0.1361319,0.003859453,0.009605211,1.422096,1.53,-0.01158487,0.004682772,1.210478,-0.03159046,0.00885129,0.03797468,1.809
2024_02_10_00_30_35_118,0.6,0.5235988,125550.0,171584.0,1.309561,1.135589,0.136132,0.003859986,0.009605304,1.466888,1.53,-0.01158818,0.004591247,1.21059,0.02288818,0.001072884,0.01148973,1.809
2024_02_10_00_30_35_156,0.6,0.5235988,125676.0,171758.0,1.314242,1.19353,0.1361318,0.003859453,0.009605183,1.512893,1.53,-0.01152354,0.004714917,1.210718,-0.01251697,-0.000834465,-0.01907349,1.809
2024_02_10_00_30_35_193,0.6,0.5235988,125800.0,171927.0,1.316231,1.250098,0.1361319,0.003859986,0.009605147,1.557684,1.53,-0.0116194,0.004691298,1.210592,0.007152557,0.004857779,0.01923926,1.809
2024_02_10_00_30_35_231,0.6,0.5235988,125927.0,172100.0,1.315636,1.308226,0.1361318,0.003859986,0.009605305,1.603687,1.53,-0.01171606,0.004672246,1.210498,-0.02360344,0.004082918,0.01541898,1.809
2024_02_10_00_30_35_269,0.6,0.5235988,126050.0,172269.0,1.312489,1.364741,0.1361319,0.003859986,0.009605173,1.64848,1.53,-0.01163729,0.004652474,1.210537,-0.01084804,0.002324581,0.01527928,1.809
2024_02_10_00_30_35_306,0.6,0.5235988,126177.0,172443.0,1.306627,1.422576,0.1361319,0.003859453,0.009605189,1.694487,1.53,-0.01163304,0.004669696,1.210517,0.004768372,-0.003188848,-0.02659671,1.809
2024_02_10_00_30_35_343,0.6,0.5235988,126301.0,172612.0,1.298368,1.478572,0.1361318,0.003859986,0.00960506,1.739282,1.53,-0.0116079,0.004626654,1.210534,0.02753734,-0.0004172325,0.01929328,1.809
2024_02_10_00_30_35_382,0.6,0.5235988,126428.0,172786.0,1.287284,1.535638,0.1361318,0.003859986,0.009604863,1.785285,1.53,-0.01163932,0.004649626,1.21041,0.0115633,-0.002264977,-0.01946092,1.809
2024_02_10_00_30_35_418,0.6,0.5235988,126551.0,172955.0,1.273982,1.590656,0.1361318,0.003859986,0.009605174,1.830082,1.53,-0.01159725,0.004647082,1.210665,0.04053115,-0.01019239,-0.04551001,1.809
2024_02_10_00_30_35_456,0.6,0.5235988,126678.0,173129.0,1.25777,1.646483,0.1361319,0.003859986,0.009604993,1.876089,1.53,-0.01165588,0.004660915,1.210626,0.002741813,-0.002324581,-0.02299435,1.809
2024_02_10_00_30_35_493,0.6,0.5235988,126802.0,173298.0,1.239536,1.700069,0.1361318,0.003859986,0.009605115,1.920889,1.53,-0.01158197,0.004655374,1.210642,-0.0005960464,0.00834465,0.04978757,1.809
2024_02_10_00_30_35_526,0.6,0.5235988,126912.0,173449.0,1.221261,1.74713,0.1361318,0.003859986,0.009604949,1.960842,1.53,-0.01163127,0.004751395,1.210691,-0.010252,0.00166893,-0.01537427,1.809
2024_02_10_00_30_35_559,0.6,0.5235988,127026.0,173604.0,1.200482,1.794812,0.1361318,0.003859986,0.009605044,2.002006,1.53,-0.01161939,0.00465258,1.210458,0.01454353,-0.003159046,0.02676528,1.809
2024_02_10_00_30_35_597,0.6,0.5235988,127149.0,173773.0,1.175661,1.845683,0.1361319,0.003859986,0.009605038,2.046803,1.53,-0.01164234,0.004665073,1.210517,0.0193119,-0.004947185,-0.02309959,1.809
2024_02_10_00_30_35_635,0.6,0.5235988,127276.0,173947.0,1.147824,1.896718,0.1361318,0.003859986,0.009605094,2.092811,1.53,-0.01158508,0.004691429,1.210642,0.002264977,0.008404255,0.04972331,1.809
2024_02_10_00_30_35_672,0.6,0.5235988,127400.0,174116.0,1.118493,1.94513,0.1361318,0.003859986,0.009605113,2.137605,1.53,-0.01164998,0.004686592,1.210632,0.03445148,-0.01138449,-0.04946347,1.809
2024_02_10_00_30_35_710,0.6,0.5235988,127527.0,174289.0,1.086143,1.993431,0.1361319,0.003859986,0.00960502,2.183611,1.53,-0.0116342,0.004618835,1.210616,0.0551939,-0.01734495,-0.06496161,1.809
2024_02_10_00_30_35_747,0.6,0.5235988,127650.0,174459.0,1.052541,2.038983,0.1361319,0.003859986,0.009604834,2.228405,1.53,-0.01164159,0.004694866,1.210521,-0.009298325,0.009179115,0.05313474,1.809
2024_02_10_00_30_35_781,0.6,0.5235988,127764.0,174614.0,1.019894,2.07948,0.1361318,0.003859986,0.009605146,2.269568,1.53,-0.01158226,0.004654136,1.210666,-0.01704693,0.01209974,0.06863102,1.809
2024_02_10_00_30_35_818,0.6,0.5235988,127887.0,174783.0,0.9825051,2.121981,0.1361318,0.003859986,0.009605189,2.314364,1.53,-0.01164906,0.004667636,1.210615,0.02658367,-0.01651049,-0.07239357,1.809
2024_02_10_00_30_35_857,0.6,0.5235988,128014.0,174957.0,0.942166,2.163842,0.1361319,0.003860518,0.009605338,2.360369,1.53,-0.01151541,0.004700113,1.210804,-0.01859665,0.01192093,0.03422424,1.809
2024_02_10_00_30_35_893,0.6,0.5235988,128138.0,175126.0,0.9010781,2.202777,0.136132,0.003859986,0.00960517,2.405163,1.53,-0.01161499,0.004674781,1.210612,-0.03051758,0.01317263,0.07240288,1.809
2024_02_10_00_30_35_932,0.6,0.5235988,128265.0,175300.0,0.8571088,2.240808,0.1361319,0.003860518,0.009605084,2.451168,1.53,-0.01164929,0.004609236,1.21053,0.01657009,-0.01007318,-0.04600826,1.809
2024_02_10_00_30_35_964,0.6,0.5235988,128375.0,175450.0,0.81754,2.272166,0.1361318,0.003859986,0.009604884,2.491121,1.53,-0.01168431,0.004694349,1.210478,0.03147125,-0.01269579,-0.04972703,1.809
2024_02_10_00_30_36_001,0.6,0.5235988,128499.0,175619.0,0.7717263,2.305413,0.1361318,0.003859986,0.009605261,2.535918,1.53,-0.0116501,0.004704736,1.210721,0.02360344,-0.005066394,-0.03806315,1.809
2024_02_10_00_30_36_039,0.6,0.5235988,128626.0,175793.0,0.7231737,2.337387,0.1361318,0.003859986,0.009605289,2.581923,1.53,-0.01162505,0.004721353,1.210643,-0.01323223,0.009179115,0.01519266,1.809
2024_02_10_00_30_36_077,0.6,0.5235988,128749.0,175962.0,0.6745349,2.366342,0.1361319,0.003859986,0.009605371,2.626717,1.53,-0.01167028,0.004691523,1.210705,0.006914138,-0.01209974,-0.07254723,1.809
2024_02_10_00_30_36_114,0.6,0.5235988,128876.0,176136.0,0.6232831,2.393783,0.1361318,0.003859986,0.009605167,2.672724,1.53,-0.01161363,0.00477242,1.210737,-0.01215935,0.002235174,-0.01520663,1.809
2024_02_10_00_30_36_151,0.6,0.5235988,129000.0,176305.0,0.5722182,2.418209,0.1361319,0.003859986,0.00960518,2.71752,1.53,-0.01158201,0.00472008,1.210628,-0.01728535,0.00423193,0.003894791,1.809
2024_02_10_00_30_36_189,0.6,0.5235988,129126.0,176479.0,0.5186892,2.440889,0.1361318,0.003860518,0.009605226,2.763527,1.53,-0.01160659,0.004641181,1.210682,0.003695488,0.007122755,0.04587136,1.809
2024_02_10_00_30_36_226,0.6,0.5235988,129250.0,176648.0,0.4656191,2.460585,0.1361319,0.003859986,0.009605193,2.808322,1.53,-0.0115359,0.004729541,1.210707,-0.02622604,0.009417534,0.01122896,1.809
2024_02_10_00_30_36_260,0.6,0.5235988,129364.0,176803.0,0.4161195,2.476572,0.1361319,0.003859986,0.009605117,2.849487,1.53,-0.01162328,0.004672392,1.210669,0.02884865,-0.004053116,0.01936965,1.809
2024_02_10_00_30_36_298,0.6,0.5235988,129487.0,176972.0,0.3615545,2.491639,0.1361318,0.003859986,0.009605143,2.894283,1.53,-0.01162029,0.004742724,1.21067,-0.03039837,0.009119511,0.01505017,1.809
2024_02_10_00_30_36_335,0.6,0.5235988,129614.0,177146.0,0.3048708,2.504554,0.1361317,0.003860518,0.00960495,2.940291,1.53,-0.01160252,0.004782714,1.210795,-0.00989437,0.009119511,0.03060885,1.809
2024_02_10_00_30_36_368,0.6,0.5235988,129724.0,177297.0,0.2552074,2.513644,0.1361318,0.003859986,0.009605019,2.980246,1.53,-0.01169093,0.004596881,1.210559,0.01978874,-0.008165836,-0.007779337,1.809
2024_02_10_00_30_36_405,0.6,0.5235988,129851.0,177470.0,0.1976243,2.521645,0.1361319,0.003860518,0.009605178,3.026254,1.53,-0.01165341,0.004645212,1.210668,0.03290176,-0.009834765,-0.03822707,1.809
2024_02_10_00_30_36_440,0.6,0.5235988,129961.0,177621.0,0.1473636,2.526439,0.1361319,0.003860518,0.009605315,3.066208,1.53,-0.01167857,0.00467138,1.210672,-0.01215935,-0.007152557,-0.0536805,1.809
2024_02_10_00_30_36_476,0.6,0.5235988,130085.0,177790.0,0.09083526,2.529421,0.1361319,0.003859986,0.009605125,3.111004,1.53,-0.01160786,0.004711416,1.210604,-0.02598762,0.01373887,0.06083399,1.809
2024_02_10_00_30_36_509,0.6,0.5235988,130199.0,177946.0,0.03881988,2.529927,0.1361318,0.003860518,0.009605031,3.152169,1.53,-0.01160821,0.004697832,1.210631,0.009179115,-0.001817942,0.01528021,1.809
2024_02_10_00_30_36_543,0.6,0.5235988,130309.0,178097.0,-0.01164469,2.528371,0.1361318,0.003860518,0.009604976,3.192123,1.53,-0.0116029,0.004679701,1.210579,0.02968311,-0.007629394,0.0001592561,1.809
2024_02_10_00_30_36_580,0.6,0.5235988,130432.0,178266.0,-0.06810039,2.524231,0.1361319,0.003860518,0.009605332,3.236919,1.53,-0.01165766,0.004674672,1.21063,-0.01907349,-0.00333786,-0.01906976,1.809
2024_02_10_00_30_36_618,0.6,0.5235988,130559.0,178439.0,-0.1258286,2.517353,0.1361318,0.003859986,0.009605167,3.282926,1.53,-0.01163511,0.004779418,1.210579,-0.02241134,0.004261732,0.01157448,1.809
2024_02_10_00_30_36_655,0.6,0.5235988,130683.0,178608.0,-0.181675,2.508111,0.1361319,0.003859986,0.009605183,3.327723,1.53,-0.01170719,0.004606961,1.21055,0.01561642,-0.01269579,-0.03843009,1.809
2024_02_10_00_30_36_689,0.6,0.5235988,130796.0,178764.0,-0.2325829,2.497421,0.1361318,0.003860518,0.009605171,3.368887,1.53,-0.01157974,0.004792631,1.210706,-0.07474422,0.01421571,0.02236571,1.809
2024_02_10_00_30_36_726,0.6,0.5235988,130920.0,178933.0,-0.2874304,2.483418,0.1361319,0.003860518,0.009605275,3.413683,1.53,-0.01164862,0.004608914,1.210611,0.01394749,0.001221895,0.03417861,1.809
2024_02_10_00_30_36_764,0.6,0.5235988,131047.0,179107.0,-0.3430489,2.466498,0.1361319,0.003860518,0.009605234,3.459689,1.53,-0.01170265,0.004611576,1.21057,0.05578994,-0.01433492,-0.02271868,1.809
2024_02_10_00_30_36_797,0.6,0.5235988,131157.0,179257.0,-0.3906749,2.44974,0.1361319,0.003860518,0.009605153,3.499643,1.53,-0.01165525,0.004646641,1.210579,0.05841255,-0.01233816,-0.03420468,1.809
2024_02_10_00_30_36_835,0.6,0.5235988,131284.0,179431.0,-0.4446373,2.428107,0.1361319,0.003860518,0.0096055,3.545649,1.53,-0.01150076,0.004708406,1.210856,-0.02467632,0.01573563,0.08415151,1.809
2024_02_10_00_30_36_868,0.6,0.5235988,131394.0,179582.0,-0.4906473,2.407323,0.1361318,0.003860518,0.009605252,3.585603,1.53,-0.01164906,0.004699687,1.210689,0.04160404,-0.0116229,-0.0607986,1.809
2024_02_10_00_30_36_906,0.6,0.5235988,131518.0,179751.0,-0.541201,2.381855,0.1361319,0.003859986,0.009605209,3.630399,1.53,-0.01164278,0.004699796,1.210557,-0.002980232,-0.002324581,-8.28877e-05,1.809
2024_02_10_00_30_36_943,0.6,0.5235988,131645.0,179925.0,-0.59188,2.35337,0.1361319,0.003859986,0.009605273,3.676405,1.53,-0.01163898,0.004638399,1.210513,0.03123283,-0.005662441,-0.02293568,1.809
2024_02_10_00_30_36_976,0.6,0.5235988,131755.0,180076.0,-0.6347879,2.326765,0.1361319,0.003860518,0.009605099,3.716359,1.53,-0.0115813,0.00462624,1.210653,0.02646446,-0.001549721,0.03428943,1.809
2024_02_10_00_30_37_014,0.6,0.5235988,131882.0,180249.0,-0.682835,2.294034,0.1361318,0.003859986,0.009605222,3.762365,1.53,-0.01157902,0.004649474,1.210591,-0.02419948,0.00989437,0.08786096,1.809
2024_02_10_00_30_37_047,0.6,0.5235988,131992.0,180400.0,-0.7233009,2.263843,0.1361319,0.003859986,0.009605341,3.802319,1.53,-0.01151034,0.004760108,1.210726,-0.03170967,0.01245737,0.02661999,1.809
2024_02_10_00_30_37_085,0.6,0.5235988,132119.0,180574.0,-0.768361,2.227109,0.1361319,0.003860518,0.009605182,3.848327,1.53,-0.01159244,0.004620004,1.210624,0.05626678,-0.008285046,-0.01130346,1.809
2024_02_10_00_30_37_122,0.6,0.5235988,132243.0,180743.0,-0.8105661,2.189388,0.1361319,0.003859986,0.009605221,3.893128,1.53,-0.01162489,0.004612441,1.210555,0.03910065,-0.02098083,-0.08764862,1.809
2024_02_10_00_30_37_155,0.6,0.5235988,132353.0,180894.0,-0.8467486,2.154181,0.1361319,0.003859986,0.009605385,3.933083,1.53,-0.01163961,0.00463004,1.210555,0.01132488,-0.000655651,0.01153629,1.809
2024_02_10_00_30_37_193,0.6,0.5235988,132480.0,181067.0,-0.8866344,2.111887,0.136132,0.003860518,0.009605248,3.979092,1.53,-0.01158661,0.004644813,1.210562,0.04720687,-0.002026558,-0.01127459,1.809
2024_02_10_00_30_37_226,0.6,0.5235988,132590.0,181218.0,-0.9196607,2.073701,0.1361319,0.003860518,0.00960533,4.019044,1.53,-0.01169409,0.004691095,1.210647,0.01573563,-0.001728535,-0.01135096,1.809
2024_02_10_00_30_37_264,0.6,0.5235988,132717.0,181392.0,-0.9557664,2.028138,0.1361319,0.003860518,0.009605263,4.065052,1.53,-0.01160886,0.004658014,1.210579,-0.007987022,0.006496906,0.04957988,1.809
2024_02_10_00_30_37_302,0.6,0.5235988,132840.0,181561.0,-0.9888734,1.982224,0.1361319,0.003860518,0.009605195,4.109848,1.53,-0.01162819,0.004674718,1.210634,0.0004768371,0.007808208,0.03800727,1.809
2024_02_10_00_30_37_335,0.6,0.5235988,132954.0,181716.0,-1.017454,1.938765,0.1361318,0.003859986,0.009605209,4.151011,1.53,-0.01169181,0.004718281,1.210502,-0.004529953,-0.003695488,0.0001145527,1.809
2024_02_10_00_30_37_372,0.6,0.5235988,133078.0,181885.0,-1.046498,1.890178,0.1361319,0.003860518,0.009605356,4.195807,1.53,-0.01162232,0.004667173,1.210676,0.01561642,0.001192093,0.003904104,1.809
2024_02_10_00_30_37_410,0.6,0.5235988,133204.0,182059.0,-1.074029,1.838976,0.136132,0.003860518,0.009605406,4.241816,1.53,-0.01157903,0.004617265,1.210736,0.0141859,0.002115965,0.03441889,1.809
2024_02_10_00_30_37_443,0.6,0.5235988,133315.0,182210.0,-1.096005,1.793525,0.1361319,0.003860518,0.009605448,4.281767,1.53,-0.01149297,0.004636014,1.210872,0.04374981,-0.002622604,0.0117775,1.809
2024_02_10_00_30_37_481,0.6,0.5235988,133438.0,182379.0,-1.118464,1.741568,0.136132,0.003860518,0.00960548,4.326562,1.53,-0.01153548,0.004657592,1.210683,0.04136562,0.002562999,0.007824972,1.809
2024_02_10_00_30_37_513,0.6,0.5235988,133552.0,182534.0,-1.137031,1.69298,0.1361319,0.003860518,0.009605428,4.367722,1.53,-0.011592,0.004727786,1.210644,-0.03683567,0.01096725,0.03036391,1.809
2024_02_10_00_30_37_552,0.6,0.5235988,133675.0,182703.0,-1.154948,1.639286,0.1361319,0.003859986,0.009605285,4.412517,1.53,-0.01162633,0.004626686,1.21057,0.02360344,-0.008046627,-0.03455486,1.809
2024_02_10_00_30_37_586,0.6,0.5235988,133789.0,182859.0,-1.169276,1.589284,0.1361319,0.003859986,0.009605302,4.453681,1.53,-0.01162216,0.004639865,1.21042,0.0007152557,-0.006049871,-0.01912285,1.809
2024_02_10_00_30_37_618,0.6,0.5235988,133899.0,183010.0,-1.181203,1.540228,0.1361319,0.003859986,0.009605233,4.493632,1.53,-0.01165123,0.00460382,1.210522,0.02968311,-0.01254678,-0.03445707,1.809
2024_02_10_00_30_37_655,0.6,0.5235988,134023.0,183179.0,-1.192232,1.484711,0.136132,0.003859986,0.009605455,4.538425,1.53,-0.0115401,0.004713016,1.210775,-0.03564358,0.004887581,-0.0194516,1.809
2024_02_10_00_30_37_688,0.6,0.5235988,134136.0,183334.0,-1.200167,1.433306,0.1361318,0.003859986,0.009605369,4.579589,1.53,-0.01154641,0.00469463,1.21071,-0.002026558,0.01314282,0.06888155,1.809
2024_02_10_00_30_37_726,0.6,0.5235988,134260.0,183503.0,-1.206392,1.377047,0.1361319,0.003859986,0.009605499,4.624382,1.53,-0.01167357,0.004681239,1.210567,-0.005483627,-0.002712011,-0.01885463,1.809
2024_02_10_00_30_37_760,0.6,0.5235988,134373.0,183659.0,-1.209886,1.32515,0.1361319,0.003859986,0.009605485,4.665543,1.53,-0.01157667,0.004715026,1.210678,-0.02801418,0.02297759,0.09554251,1.809
2024_02_10_00_30_37_797,0.6,0.5235988,134497.0,183828.0,-1.211257,1.268565,0.1361319,0.003859986,0.00960528,4.710335,1.53,-0.01162313,0.004628015,1.210568,0.02145767,-0.01138449,-0.04590675,1.809
2024_02_10_00_30_37_835,0.6,0.5235988,134624.0,184001.0,-1.210027,1.210448,0.1361319,0.003859986,0.009605323,4.75634,1.53,-0.01159235,0.004679384,1.210628,0.01990795,0.00706315,0.03451575,1.809
2024_02_10_00_30_37_870,0.6,0.5235988,134734.0,184152.0,-1.206793,1.160068,0.1361319,0.003859986,0.009605549,4.796291,1.53,-0.01164896,0.004660335,1.210637,0.007867813,0.004380941,0.0002104789,1.809
2024_02_10_00_30_37_905,0.6,0.5235988,134858.0,184321.0,-1.200776,1.103787,0.1361319,0.003859986,0.009605323,4.841085,1.53,-0.01162645,0.004669088,1.210587,-0.002264977,0.001579523,0.003862194,1.809
2024_02_10_00_30_37_938,0.6,0.5235988,134971.0,184477.0,-1.193031,1.052355,0.1361319,0.003859986,0.009605471,4.882249,1.53,-0.01151146,0.00460858,1.210639,0.02157688,0.002026558,0.03059488,1.809
2024_02_10_00_30_37_977,0.6,0.5235988,135095.0,184646.0,-1.182204,0.9967993,0.1361318,0.003859986,0.00960525,4.927042,1.53,-0.01156423,0.004763798,1.210589,-0.03159046,0.01239777,0.06505661,1.809
2024_02_10_00_30_38_014,0.6,0.5235988,135222.0,184819.0,-1.168507,0.9403066,0.1361319,0.003859986,0.009605552,4.973046,1.53,-0.01161486,0.004670321,1.210671,0.02121925,-0.001847744,-0.01879409,1.809
2024_02_10_00_30_38_051,0.6,0.5235988,135345.0,184989.0,-1.15269,0.8859614,0.1361319,0.003859986,0.009605133,5.017844,1.53,-0.01165393,0.004707492,1.210514,0.006079673,-0.00500679,-0.03835279,1.809
2024_02_10_00_30_38_090,0.6,0.5235988,135472.0,185162.0,-1.133927,0.8309432,0.1361319,0.003859986,0.009605086,5.063851,1.53,-0.01157439,0.004739142,1.21057,-0.04172325,0.01329183,0.05297735,1.809
2024_02_10_00_30_38_127,0.6,0.5235988,135596.0,185331.0,-1.113245,0.7782572,0.1361318,0.003859986,0.009605312,5.108647,1.53,-0.01162699,0.00465276,1.210624,0.02789497,-0.00846386,-0.04568696,1.809
2024_02_10_00_30_38_164,0.6,0.5235988,135723.0,185505.0,-1.089569,0.7251685,0.1361319,0.003859986,0.009605254,5.15465,1.53,-0.01162384,0.00467293,1.210536,0.009536743,0.004529953,0.03072806,1.809
2024_02_10_00_30_38_197,0.6,0.5235988,135833.0,185656.0,-1.067048,0.6799896,0.1361319,0.003859986,0.009605346,5.194601,1.53,-0.01166219,0.004664142,1.210499,0.02217293,-0.009357929,-0.03801007,1.809
2024_02_10_00_30_38_235,0.6,0.5235988,135956.0,185825.0,-1.039674,0.6304505,0.1361319,0.003859986,0.009605422,5.239394,1.53,-0.01161784,0.004677648,1.210671,0.0005960464,-0.003099441,-0.03433786,1.809
2024_02_10_00_30_38_273,0.6,0.5235988,136083.0,185999.0,-1.00928,0.5809013,0.1361319,0.003859986,0.009605271,5.285396,1.53,-0.01163082,0.004656341,1.210509,-0.00500679,0.007033348,0.04957802,1.809
2024_02_10_00_30_38_310,0.6,0.5235988,136207.0,186168.0,-0.9775273,0.5340483,0.1361319,0.003859986,0.009605206,5.330188,1.53,-0.01163309,0.004711065,1.210542,0.009179115,0.004291534,0.007660128,1.809
2024_02_10_00_30_38_343,0.6,0.5235988,136321.0,186323.0,-0.946525,0.4922873,0.1361318,0.003859986,0.009605039,5.371346,1.53,-0.01157432,0.00475937,1.210546,-0.01502037,0.009596348,0.0266768,1.809
2024_02_10_00_30_38_381,0.6,0.5235988,136444.0,186492.0,-0.9108674,0.4483338,0.1361318,0.003859986,0.009605153,5.41614,1.53,-0.01165652,0.004728015,1.210531,-0.0654459,0.01192093,0.06098766,1.809
2024_02_10_00_30_38_418,0.6,0.5235988,136571.0,186666.0,-0.8722352,0.4049014,0.1361319,0.003859986,0.009605121,5.462142,1.53,-0.0116299,0.004680705,1.210426,-0.01132488,0.006258487,0.03054831,1.809
2024_02_10_00_30_38_451,0.6,0.5235988,136681.0,186817.0,-0.8370963,0.3686596,0.1361318,0.003859986,0.009605391,5.50209,1.53,-0.01164878,0.004691234,1.210548,-0.02586841,0.0001788139,0.01921039,1.809
2024_02_10_00_30_38_489,0.6,0.5235988,136808.0,186990.0,-0.7948781,0.3287045,0.1361318,0.003859986,0.009605127,5.54809,1.53,-0.01154912,0.004725424,1.210575,-0.02086162,0.01496076,0.04940666,1.809
2024_02_10_00_30_38_527,0.6,0.5235988,136932.0,187159.0,-0.7520484,0.2917063,0.136132,0.003859986,0.009605249,5.592883,1.53,-0.01162789,0.004651347,1.210541,0.0526905,-0.01424551,-0.08010677,1.809
2024_02_10_00_30_38_563,0.6,0.5235988,137059.0,187333.0,-0.706382,0.2557439,0.1361319,0.003859986,0.009605486,5.638885,1.53,-0.01164228,0.004636986,1.210602,0.03802776,-0.01627207,-0.07989443,1.809
2024_02_10_00_30_38_598,0.6,0.5235988,137169.0,187484.0,-0.6654181,0.2262453,0.1361319,0.003859453,0.009605077,5.678836,1.53,-0.01162524,0.004655138,1.210373,0.0115633,0.004708767,0.04571955,1.809
2024_02_10_00_30_38_635,0.6,0.5235988,137292.0,187653.0,-0.6181305,0.195147,0.1361317,0.003859986,0.009605098,5.72363,1.53,-0.01163009,0.004717601,1.210457,0.0,0.005245208,0.02689846,1.809
2024_02_10_00_30_38_672,0.6,0.5235988,137419.0,187827.0,-0.5681664,0.1654459,0.1361321,0.003859986,0.009605412,5.769633,1.53,-0.01158932,0.004643223,1.210598,0.02741813,-0.001072884,-0.01524109,1.809
2024_02_10_00_30_38_705,0.6,0.5235988,137530.0,187978.0,-0.5237066,0.1415403,0.1361319,0.003859986,0.009605145,5.809582,1.53,-0.0116685,0.004707627,1.210508,-0.007748603,-0.005900859,-0.02293847,1.809
2024_02_10_00_30_38_740,0.6,0.5235988,137643.0,188133.0,-0.4769385,0.1187881,0.1361318,0.003859986,0.009605327,5.850743,1.53,-0.01157797,0.004734584,1.210694,0.01037121,0.002741813,-0.01898874,1.809
2024_02_10_00_30_38_776,0.6,0.5235988,137767.0,188302.0,-0.4250279,0.09623856,0.1361319,0.003859986,0.009605242,5.895536,1.53,-0.01168425,0.004633169,1.21055,0.04327297,-0.007718801,0.0003082677,1.809
2024_02_10_00_30_38_809,0.6,0.5235988,137877.0,188453.0,-0.3779185,0.0781059,0.1361319,0.003859986,0.009605379,5.935486,1.53,-0.01164937,0.004695087,1.210499,-0.03635883,-0.002026558,-0.03432669,1.809
2024_02_10_00_30_38_847,0.6,0.5235988,138004.0,188627.0,-0.3228253,0.05957622,0.1361318,0.003859986,0.009605308,5.981489,1.53,-0.0115842,0.004728755,1.210584,-0.01692772,0.009804963,0.03826525,1.809
2024_02_10_00_30_38_885,0.6,0.5235988,138127.0,188796.0,-0.268419,0.04398736,0.1361318,0.003859453,0.009605205,6.026282,1.53,-0.01163147,0.00471524,1.210529,-0.04029274,0.01230836,0.0455277,1.809
2024_02_10_00_30_38_918,0.6,0.5235988,138241.0,188951.0,-0.2178535,0.03182377,0.1361318,0.003859453,0.009605122,6.067441,1.53,-0.01159308,0.004757653,1.210487,-0.02586841,0.01269579,0.05346629,1.809
2024_02_10_00_30_38_955,0.6,0.5235988,138364.0,189120.0,-0.1623087,0.02096373,0.1361319,0.003859986,0.00960513,6.112234,1.53,-0.01157386,0.004665613,1.210565,0.003933907,0.01087785,0.04190299,1.809
2024_02_10_00_30_38_994,0.6,0.5235988,138491.0,189294.0,-0.1048157,0.01241049,0.1361318,0.003859453,0.009605087,6.158236,1.53,-0.01172383,0.004662721,1.210486,0.03266335,-0.01344085,-0.06102491,1.809
2024_02_10_00_30_39_030,0.6,0.5235988,138615.0,189463.0,-0.0485152,0.006631644,0.1361319,0.003859453,0.009605183,6.203027,1.53,-0.01163004,0.004661922,1.21052,-0.005483627,-0.001519918,-0.003904104,1.809
2024_02_10_00_30_39_069,0.6,0.5235988,138742.0,189637.0,0.009516537,0.003326979,0.1361318,0.003859453,0.009605115,6.249029,1.53,-0.01160734,0.004742578,1.21052,-0.02348423,0.01129508,0.05739834,1.809
2024_02_10_00_30_39_101,0.6,0.5235988,138852.0,189787.0,0.0599899,0.002625069,0.1361319,0.003859453,0.009605476,0.005792375,1.53,-0.01157173,0.004818411,1.210837,-0.05102157,0.0103116,-0.0153752,1.809
2024_02_10_00_30_39_138,0.6,0.5235988,138976.0,189957.0,0.1165634,0.004235853,0.1361319,0.003859986,0.00960509,0.05058621,1.53,-0.01164113,0.00462161,1.210464,0.02551079,-0.008970499,-0.01932401,1.809
2024_02_10_00_30_39_172,0.6,0.5235988,139089.0,190112.0,0.168439,0.007948535,0.1361318,0.003859986,0.009605118,0.09174696,1.53,-0.0115775,0.004740227,1.210545,-0.03755093,0.01120567,0.05361251,1.809
2024_02_10_00_30_39_210,0.6,0.5235988,139213.0,190281.0,0.2246649,0.01441076,0.1361319,0.003859453,0.009605064,0.1365387,1.53,-0.01159056,0.004668633,1.210462,0.06055832,-0.01144409,-0.04950631,1.809
2024_02_10_00_30_39_247,0.6,0.5235988,139340.0,190455.0,0.2820497,0.02366142,0.1361318,0.003859453,0.009605149,0.18254,1.53,-0.01168446,0.004674938,1.210449,0.04398822,-0.01758337,-0.06850157,1.809
2024_02_10_00_30_39_285,0.6,0.5235988,139463.0,190624.0,0.3374591,0.03519513,0.1361318,0.003859986,0.009605072,0.2273338,1.53,-0.01165703,0.004656296,1.210619,0.01823902,-0.009864568,-0.03431272,1.809
2024_02_10_00_30_39_322,0.6,0.5235988,139590.0,190797.0,0.3937697,0.04961123,0.1361318,0.003859453,0.00960497,0.2733378,1.53,-0.0116908,0.004680311,1.21055,-0.0009536743,-0.01201033,-0.0420371,1.809
2024_02_10_00_30_39_360,0.6,0.5235988,139714.0,190967.0,0.4479048,0.06612222,0.1361318,0.003859986,0.009605191,0.31813,1.53,-0.01163615,0.004679739,1.210636,-0.0004768371,0.002235174,0.02299994,1.809
2024_02_10_00_30_39_393,0.6,0.5235988,139827.0,191122.0,0.4969529,0.08341766,0.1361319,0.003859453,0.009605051,0.3592924,1.53,-0.01163296,0.004667826,1.210419,0.01513958,-0.006198883,-0.04612095,1.809
2024_02_10_00_30_39_430,0.6,0.5235988,139951.0,191291.0,0.5494705,0.1045154,0.1361319,0.003859986,0.009605175,0.4040835,1.53,-0.01156051,0.004687402,1.21058,-0.02014637,0.005841255,0.0227848,1.809
2024_02_10_00_30_39_468,0.6,0.5235988,140078.0,191465.0,0.6023689,0.1286087,0.1361318,0.003859986,0.009605218,0.4500881,1.53,-0.01157343,0.004712199,1.210677,-0.03409386,0.01078844,0.01124479,1.809
2024_02_10_00_30_39_506,0.6,0.5235988,140201.0,191634.0,0.6527579,0.1543818,0.1361317,0.003859986,0.009605125,0.4948798,1.53,-0.01166267,0.004662564,1.210519,0.01704693,-0.005483627,0.0001881271,1.809
2024_02_10_00_30_39_544,0.6,0.5235988,140328.0,191808.0,0.7032524,0.1831723,0.136132,0.003859986,0.009605743,0.5408832,1.53,-0.01154451,0.004690044,1.210803,-0.02527237,0.01549721,0.003692694,1.809
2024_02_10_00_30_39_580,0.6,0.5235988,140452.0,191977.0,0.751097,0.2134079,0.1361319,0.003859453,0.009605261,0.585676,1.53,-0.01161302,0.004630561,1.210558,0.02205372,-0.01066923,-0.03422983,1.809
2024_02_10_00_30_39_614,0.6,0.5235988,140562.0,192127.0,0.7925869,0.2421589,0.1361319,0.003859986,0.009605388,0.6256229,1.53,-0.01159076,0.004718011,1.210647,-0.008702278,0.003099441,3.72529e-05,1.809
2024_02_10_00_30_39_651,0.6,0.5235988,140689.0,192301.0,0.8388968,0.2772871,0.1361319,0.003859986,0.009605373,0.6716253,1.53,-0.01161996,0.00463772,1.21052,0.02896786,0.00166893,0.007860363,1.809
2024_02_10_00_30_39_684,0.6,0.5235988,140799.0,192452.0,0.877767,0.3094941,0.1361318,0.003859453,0.009605286,0.7115753,1.53,-0.01167405,0.004680128,1.210535,-0.03170967,-0.003099441,-0.03072154,1.809
2024_02_10_00_30_39_722,0.6,0.5235988,140926.0,192626.0,0.9208915,0.3484678,0.1361319,0.003859453,0.009605039,0.7575809,1.53,-0.01171116,0.004692595,1.210504,0.02944469,-0.02449751,-0.1145927,1.809
2024_02_10_00_30_39_760,0.6,0.5235988,141050.0,192795.0,0.9611149,0.3882844,0.1361318,0.003859986,0.009605243,0.8023726,1.53,-0.01167566,0.00466081,1.210528,0.001430511,0.001192093,0.0383947,1.809
2024_02_10_00_30_39_796,0.6,0.5235988,141177.0,192968.0,1.000528,0.4310095,0.1361319,0.003859986,0.009605021,0.8483766,1.53,-0.01166139,0.004696502,1.210541,0.009775162,-0.01037121,-0.0458043,1.809
2024_02_10_00_30_39_830,0.6,0.5235988,141287.0,193119.0,1.033129,0.4695506,0.1361319,0.003859986,0.009605379,0.8883261,1.53,-0.01160115,0.004634861,1.210667,0.01978874,-0.005483627,-0.02269633,1.809
2024_02_10_00_30_39_864,0.6,0.5235988,141397.0,193270.0,1.064166,0.5093627,0.1361318,0.003859986,0.00960498,0.9282789,1.53,-0.01154413,0.004733656,1.210454,-0.0295639,0.01037121,0.04180707,1.809
2024_02_10_00_30_39_902,0.6,0.5235988,141524.0,193444.0,1.097901,0.5566995,0.1361319,0.003859986,0.009605171,0.9742813,1.53,-0.01164017,0.004645137,1.210604,0.02372265,-0.008285046,-0.0458844,1.809
2024_02_10_00_30_39_938,0.6,0.5235988,141648.0,193613.0,1.128625,0.604234,0.1361319,0.003859986,0.009604911,1.019076,1.53,-0.01161563,0.00467821,1.210546,-0.002741813,0.0005364418,-0.02336688,1.809
2024_02_10_00_30_39_977,0.6,0.5235988,141774.0,193786.0,1.15793,0.6544355,0.1361318,0.003859986,0.009605125,1.065081,1.53,-0.01156675,0.004674042,1.210628,0.006914138,-0.00244379,-0.007510185,1.809
2024_02_10_00_30_40_013,0.6,0.5235988,141898.0,193956.0,1.184215,0.7045609,0.1361319,0.003859986,0.00960506,1.109875,1.53,-0.0116534,0.00463885,1.21052,0.004887581,-0.003248453,-6.426126e-05,1.809
2024_02_10_00_30_40_052,0.6,0.5235988,142025.0,194129.0,1.208846,0.7572128,0.1361319,0.003859986,0.009605125,1.155879,1.53,-0.01164277,0.004736577,1.210503,-0.05865097,0.02849102,0.1066998,1.809
2024_02_10_00_30_40_088,0.6,0.5235988,142149.0,194298.0,1.230479,0.8095137,0.1361318,0.003859986,0.009605139,1.20067,1.53,-0.01162035,0.004677541,1.210539,0.01049042,-0.004291534,-0.02676341,1.809
2024_02_10_00_30_40_122,0.6,0.5235988,142262.0,194454.0,1.248274,0.8583857,0.1361319,0.003859986,0.009605327,1.24183,1.53,-0.01159388,0.004691918,1.210562,0.006079673,0.003308058,0.02697855,1.809
2024_02_10_00_30_40_160,0.6,0.5235988,142386.0,194623.0,1.265337,0.9123529,0.136132,0.003859986,0.009605414,1.286621,1.53,-0.01165836,0.004652405,1.210562,-0.0436306,0.01716614,0.06479025,1.809
2024_02_10_00_30_40_196,0.6,0.5235988,142513.0,194796.0,1.280327,0.9685165,0.1361318,0.003859453,0.00960518,1.332623,1.53,-0.01168336,0.004620826,1.210485,0.05507469,-0.02986193,-0.1334278,1.809
2024_02_10_00_30_40_234,0.6,0.5235988,142636.0,194966.0,1.292427,1.023809,0.1361319,0.003859453,0.009605232,1.377418,1.53,-0.01159151,0.004591092,1.210486,0.02348423,-0.006198883,0.007722526,1.809
2024_02_10_00_30_40_272,0.6,0.5235988,142763.0,195139.0,1.302262,1.0811,0.1361319,0.003859986,0.009605116,1.42342,1.53,-0.01171097,0.004654751,1.210525,0.02658367,-0.00461936,-0.0112392,1.809
2024_02_10_00_30_40_309,0.6,0.5235988,142887.0,195308.0,1.309298,1.137261,0.1361319,0.003859986,0.009605142,1.468213,1.53,-0.01166934,0.004638274,1.210577,-0.005722045,-0.008881092,-0.05764421,1.809
2024_02_10_00_30_40_343,0.6,0.5235988,143000.0,195464.0,1.31354,1.189099,0.1361319,0.003859986,0.00960537,1.509374,1.53,-0.01159513,0.004674161,1.210657,-0.009059906,-0.0005364418,-0.02286397,1.809
2024_02_10_00_30_40_380,0.6,0.5235988,143124.0,195633.0,1.315729,1.245658,0.1361319,0.003859986,0.00960507,1.554164,1.53,-0.0116573,0.004693006,1.210565,-0.02682209,0.01180172,0.02630334,1.809
2024_02_10_00_30_40_418,0.6,0.5235988,143247.0,195802.0,1.315383,1.302259,0.1361318,0.003859986,0.009605002,1.598956,1.53,-0.01162528,0.00461241,1.210558,0.05841255,-0.01558661,-0.04578102,1.809
2024_02_10_00_30_40_455,0.6,0.5235988,143374.0,195976.0,1.31239,1.360312,0.1361319,0.003859986,0.009605129,1.644959,1.53,-0.01165129,0.004676263,1.210587,-0.00500679,-0.0001490116,-0.03081187,1.809
2024_02_10_00_30_40_493,0.6,0.5235988,143498.0,196145.0,1.306915,1.416649,0.1361318,0.003859986,0.009605142,1.689757,1.53,-0.01162013,0.004692197,1.210528,-0.04005432,0.01379847,0.06086193,1.809
2024_02_10_00_30_40_531,0.6,0.5235988,143625.0,196318.0,1.29867,1.474192,0.1361319,0.003859986,0.009605401,1.735765,1.53,-0.01163529,0.004629474,1.210598,0.03421307,-0.0005364418,0.03504846,1.809
2024_02_10_00_30_40_567,0.6,0.5235988,143748.0,196488.0,1.288108,1.5298,0.1361319,0.003859986,0.009605086,1.780559,1.53,-0.01164095,0.004643156,1.210469,-0.01275539,0.003159046,0.00742264,1.809
2024_02_10_00_30_40_605,0.6,0.5235988,143875.0,196661.0,1.274679,1.58636,0.1361318,0.003859986,0.009605058,1.826564,1.53,-0.01168228,0.004681819,1.210584,0.0193119,-0.01674891,-0.07256493,1.809
2024_02_10_00_30_40_640,0.6,0.5235988,143985.0,196812.0,1.260918,1.634933,0.1361318,0.003859986,0.009604979,1.866518,1.53,-0.01162166,0.004710092,1.210626,-0.008940697,0.00423193,0.003742054,1.809
2024_02_10_00_30_40_676,0.6,0.5235988,144112.0,196986.0,1.242683,1.690132,0.1361318,0.003859986,0.009604936,1.912527,1.53,-0.0115922,0.004722826,1.210664,-0.01144409,0.005125999,0.007543712,1.809
2024_02_10_00_30_40_714,0.6,0.5235988,144236.0,197155.0,1.222507,1.743018,0.1361318,0.003859986,0.009605022,1.957328,1.53,-0.01166128,0.004635387,1.210574,0.01955032,-0.00578165,-0.02296921,1.809
2024_02_10_00_30_40_747,0.6,0.5235988,144349.0,197310.0,1.201895,1.790772,0.1361318,0.003859986,0.009605248,1.998494,1.53,-0.01161441,0.004726631,1.210589,-0.02288818,0.01466274,0.06512739,1.809
2024_02_10_00_30_40_785,0.6,0.5235988,144473.0,197479.0,1.177251,1.841729,0.1361318,0.003859986,0.009605142,2.043288,1.53,-0.01161985,0.004742101,1.210522,-0.03480911,0.01806021,0.088186,1.809
2024_02_10_00_30_40_822,0.6,0.5235988,144600.0,197653.0,1.149593,1.892862,0.1361319,0.003859986,0.009605126,2.089294,1.53,-0.01161194,0.004687242,1.210498,-0.02872944,0.001013279,-0.01560245,1.809
2024_02_10_00_30_40_859,0.6,0.5235988,144724.0,197822.0,1.120433,1.941375,0.1361319,0.003859986,0.009605068,2.134089,1.53,-0.01159224,0.004696125,1.210589,-0.002622604,0.001788139,-0.01925882,1.809
2024_02_10_00_30_40_897,0.6,0.5235988,144850.0,197996.0,1.088252,1.989791,0.1361318,0.003859986,0.009605153,2.180095,1.53,-0.01159299,0.004673226,1.210643,0.02372265,0.001549721,0.01173001,1.809
2024_02_10_00_30_40_934,0.6,0.5235988,144974.0,198165.0,1.054811,2.035462,0.1361318,0.003859986,0.009605116,2.22489,1.53,-0.01168138,0.004683051,1.21059,0.001311302,-0.00423193,-0.01134816,1.809
2024_02_10_00_30_40_967,0.6,0.5235988,145084.0,198316.0,1.023286,2.074894,0.1361317,0.003860518,0.009604867,2.264841,1.53,-0.01160526,0.004720934,1.210778,0.0001192093,0.008404255,0.03429223,1.809
2024_02_10_00_30_41_005,0.6,0.5235988,145211.0,198489.0,0.9850675,2.118702,0.1361318,0.003859986,0.009605062,2.310848,1.53,-0.01163669,0.004648074,1.210599,-0.006437301,-0.006794929,-0.003662891,1.809
2024_02_10_00_30_41_042,0.6,0.5235988,145335.0,198658.0,0.9459561,2.159623,0.1361318,0.003859986,0.009605163,2.355644,1.53,-0.01164676,0.004710138,1.210512,-0.0436306,0.006198883,0.03430247,1.809
2024_02_10_00_30_41_076,0.6,0.5235988,145448.0,198814.0,0.9084337,2.195648,0.1361319,0.003859986,0.009605157,2.396806,1.53,-0.01167249,0.004630029,1.210574,0.02789497,-0.01645088,-0.08025672,1.809
2024_02_10_00_30_41_114,0.6,0.5235988,145572.0,198983.0,0.8659541,2.23306,0.1361318,0.003859986,0.00960502,2.441601,1.53,-0.01166646,0.004734955,1.210668,-0.002026558,-0.01436472,-0.1032371,1.809
2024_02_10_00_30_41_150,0.6,0.5235988,145699.0,199157.0,0.8206289,2.269464,0.1361319,0.003859986,0.009605006,2.487606,1.53,-0.01175458,0.00469253,1.210606,0.02229214,-0.009596348,-0.04203897,1.809
2024_02_10_00_30_41_184,0.6,0.5235988,145809.0,199307.0,0.7799436,2.29936,0.1361318,0.003859986,0.00960513,2.527561,1.53,-0.011684,0.004682022,1.210611,0.00989437,0.000834465,0.01924112,1.809
2024_02_10_00_30_41_217,0.6,0.5235988,145919.0,199458.0,0.7380971,2.327605,0.136132,0.003860518,0.009605302,2.567516,1.53,-0.01159491,0.004644964,1.210716,0.02920627,-0.003755092,-0.01532398,1.809
2024_02_10_00_30_41_255,0.6,0.5235988,146046.0,199632.0,0.6885579,2.35803,0.1361318,0.003859986,0.009605276,2.613521,1.53,-0.0116809,0.004731803,1.210569,0.006318092,-0.003457069,-0.02655759,1.809
2024_02_10_00_30_41_292,0.6,0.5235988,146170.0,199801.0,0.6390277,2.385434,0.1361319,0.003859986,0.009605194,2.658317,1.53,-0.01162082,0.004731411,1.210628,-0.01716614,0.01108646,0.06883219,1.809
2024_02_10_00_30_41_326,0.6,0.5235988,146283.0,199956.0,0.5924727,2.408639,0.1361318,0.003859986,0.009604953,2.699481,1.53,-0.01166047,0.004651209,1.210621,0.001549721,-0.001579523,-0.0002672896,1.809
2024_02_10_00_30_41_363,0.6,0.5235988,146407.0,200125.0,0.5407717,2.43169,0.1361318,0.003860518,0.009604969,2.744277,1.53,-0.01163761,0.004670722,1.210575,-0.009059906,0.006049871,0.01104455,1.809
2024_02_10_00_30_41_397,0.6,0.5235988,146520.0,200281.0,0.4923962,2.450812,0.1361318,0.003860518,0.009605393,2.785442,1.53,-0.0116099,0.004673182,1.210788,-0.005602836,0.001162291,9.872019e-05,1.809
2024_02_10_00_30_41_434,0.6,0.5235988,146644.0,200450.0,0.4389076,2.469339,0.1361319,0.003860518,0.009605291,2.830239,1.53,-0.01155702,0.004671593,1.210794,0.01204014,0.01126528,0.05748495,1.809
2024_02_10_00_30_41_474,0.6,0.5235988,146768.0,200619.0,0.3846422,2.485453,0.1361318,0.003860518,0.009605086,2.875036,1.53,-0.01163284,0.004758023,1.210655,0.02014637,0.00166893,0.01185574,1.809
2024_02_10_00_30_41_505,0.6,0.5235988,146881.0,200774.0,0.3341863,2.498106,0.1361319,0.003860518,0.009605174,2.9162,1.53,-0.01155485,0.004743205,1.210666,-0.05424022,0.0231266,0.08375011,1.809
2024_02_10_00_30_41_542,0.6,0.5235988,147005.0,200944.0,0.2787382,2.509501,0.1361318,0.003860518,0.00960488,2.960996,1.53,-0.01161416,0.004740383,1.210529,0.002264977,-0.002086163,-0.02683792,1.809
2024_02_10_00_30_41_576,0.6,0.5235988,147118.0,201099.0,0.2273829,2.517775,0.1361319,0.003860518,0.009605454,3.002161,1.53,-0.01161797,0.004642612,1.210634,-0.02789497,-0.004976987,-0.02298504,1.809
2024_02_10_00_30_41_614,0.6,0.5235988,147242.0,201268.0,0.1711615,2.524369,0.1361319,0.003859986,0.009605381,3.046956,1.53,-0.01168503,0.004635472,1.210593,0.05030632,-0.01460314,-0.06086751,1.809
2024_02_10_00_30_41_647,0.6,0.5235988,147355.0,201423.0,0.1192855,2.528203,0.1361319,0.003859986,0.009605222,3.088119,1.53,-0.01169641,0.0046996,1.210578,-0.007987022,-0.006705522,-0.007751397,1.809
2024_02_10_00_30_41_684,0.6,0.5235988,147479.0,201593.0,0.06270567,2.529946,0.1361319,0.003860518,0.009605224,3.132915,1.53,-0.01161253,0.004641503,1.210681,0.03433228,-0.00873208,-0.01523364,1.809
2024_02_10_00_30_41_718,0.6,0.5235988,147589.0,201743.0,0.01222107,2.529362,0.1361319,0.003859986,0.009605131,3.172869,1.53,-0.0116003,0.004665054,1.210603,0.01573563,0.00578165,0.03792532,1.809
2024_02_10_00_30_41_757,0.6,0.5235988,147716.0,201917.0,-0.0458287,2.526192,0.1361318,0.003859986,0.009605099,3.218877,1.53,-0.0117206,0.00468672,1.210521,0.007152557,-0.01001358,-0.02287142,1.809
2024_02_10_00_30_41_793,0.6,0.5235988,147840.0,202086.0,-0.102153,2.520543,0.1361319,0.003859986,0.009605044,3.263672,1.53,-0.01163477,0.004692781,1.21048,0.002503395,-0.00500679,0.007557682,1.809
2024_02_10_00_30_41_830,0.6,0.5235988,147967.0,202260.0,-0.1596771,2.512123,0.1361318,0.003860518,0.009605209,3.309679,1.53,-0.01161787,0.004745747,1.210656,0.01513958,-0.006437301,-0.03422052,1.809
2024_02_10_00_30_41_863,0.6,0.5235988,148077.0,202411.0,-0.2092718,2.502671,0.1361317,0.003860518,0.009605128,3.349634,1.53,-0.01169141,0.00472639,1.210585,-0.04374981,0.003963709,0.02287794,1.809
2024_02_10_00_30_41_901,0.6,0.5235988,148204.0,202584.0,-0.2658602,2.489343,0.1361318,0.003860518,0.009605005,3.395642,1.53,-0.01161316,0.004720669,1.210636,-0.04184246,0.00166893,-0.008102506,1.809
2024_02_10_00_30_41_938,0.6,0.5235988,148327.0,202753.0,-0.3203152,2.473879,0.1361319,0.003860518,0.009605211,3.440439,1.53,-0.0116873,0.004671334,1.210644,0.02658367,-0.01934171,-0.09938049,1.809
2024_02_10_00_30_41_971,0.6,0.5235988,148437.0,202904.0,-0.3682548,2.45804,0.136132,0.003859986,0.009605506,3.480392,1.53,-0.01158405,0.004720064,1.210709,-0.01215935,0.001877546,-0.02671778,1.809
2024_02_10_00_30_42_008,0.6,0.5235988,148564.0,203078.0,-0.4226224,2.437448,0.1361318,0.003860518,0.009605167,3.526399,1.53,-0.01160678,0.004775823,1.210736,0.004410744,-0.002980232,-0.03046449,1.809
2024_02_10_00_30_42_047,0.6,0.5235988,148688.0,203247.0,-0.474595,2.415016,0.1361319,0.003860518,0.009605148,3.571194,1.53,-0.01162695,0.00474931,1.210567,-0.03671646,0.01001358,0.01105107,1.809
2024_02_10_00_30_42_080,0.6,0.5235988,148802.0,203402.0,-0.5214238,2.39237,0.1361319,0.003859986,0.009605248,3.612358,1.53,-0.01162617,0.004633556,1.210607,0.05865097,-0.020504,-0.06085448,1.809
2024_02_10_00_30_42_117,0.6,0.5235988,148925.0,203571.0,-0.5712782,2.36556,0.1361318,0.003860518,0.009605308,3.657155,1.53,-0.01164437,0.004663273,1.21064,0.007629394,0.002145767,0.03831368,1.809
2024_02_10_00_30_42_155,0.6,0.5235988,149052.0,203745.0,-0.6211772,2.335731,0.136132,0.003860518,0.009605246,3.703162,1.53,-0.01162946,0.004628138,1.210584,0.04279613,-0.01293421,-0.0381358,1.809
2024_02_10_00_30_42_192,0.6,0.5235988,149176.0,203914.0,-0.6683964,2.304511,0.1361319,0.003860518,0.009605316,3.747959,1.53,-0.01160738,0.004683292,1.210649,-0.01072884,0.0005364418,0.007740221,1.809
2024_02_10_00_30_42_230,0.6,0.5235988,149302.0,204088.0,-0.715385,2.27028,0.1361319,0.003860518,0.009605227,3.793967,1.53,-0.01168313,0.004615324,1.210498,0.0346899,-0.01603365,-0.06874464,1.809
2024_02_10_00_30_42_267,0.6,0.5235988,149426.0,204257.0,-0.7595776,2.234908,0.1361318,0.003859986,0.009605406,3.838761,1.53,-0.01161526,0.004737137,1.210628,-0.0578165,0.009834765,0.007393769,1.809
2024_02_10_00_30_42_306,0.6,0.5235988,149553.0,204431.0,-0.8032693,2.196559,0.1361319,0.003859986,0.009605389,3.884768,1.53,-0.01165918,0.004688455,1.210685,0.02002716,-0.01865625,-0.1069372,1.809
2024_02_10_00_30_42_342,0.6,0.5235988,149677.0,204600.0,-0.8440711,2.157327,0.1361319,0.003859986,0.009605301,3.929569,1.53,-0.01156751,0.004679723,1.210654,-0.002622604,0.0005364418,0.01533143,1.809
2024_02_10_00_30_42_376,0.6,0.5235988,149790.0,204755.0,-0.8799812,2.119696,0.1361319,0.003859986,0.009605351,3.970732,1.53,-0.01162004,0.004704947,1.210625,-0.02563,0.01484156,0.05320645,1.809
2024_02_10_00_30_42_413,0.6,0.5235988,149914.0,204924.0,-0.9172642,2.077104,0.1361319,0.003859986,0.009605087,4.015527,1.53,-0.01165055,0.004695116,1.210528,0.01215935,-0.007569789,-0.03080442,1.809
2024_02_10_00_30_42_451,0.6,0.5235988,150041.0,205098.0,-0.9535305,2.031668,0.1361318,0.003860518,0.009605217,4.061534,1.53,-0.0116718,0.004747384,1.210654,0.004649162,0.00333786,0.003801659,1.809
2024_02_10_00_30_42_488,0.6,0.5235988,150164.0,205267.0,-0.9867979,1.985871,0.1361319,0.003859986,0.009605217,4.106329,1.53,-0.01159096,0.004706395,1.210628,0.01108646,-0.0005364418,-0.02297107,1.809
2024_02_10_00_30_42_526,0.6,0.5235988,150291.0,205441.0,-1.018796,1.937335,0.1361319,0.003859986,0.009605189,4.152335,1.53,-0.01160637,0.004725731,1.210536,-0.01597404,0.006020069,0.02279132,1.809
2024_02_10_00_30_42_564,0.6,0.5235988,150415.0,205610.0,-1.047773,1.88871,0.1361319,0.003860518,0.009605306,4.197129,1.53,-0.01163696,0.004688261,1.210566,-0.01561642,0.005960464,0.03426708,1.809
2024_02_10_00_30_42_601,0.6,0.5235988,150542.0,205784.0,-1.075238,1.837473,0.136132,0.003859986,0.009605377,4.243139,1.53,-0.01158471,0.004628019,1.210618,-0.01978874,0.008970499,0.05336944,1.809
2024_02_10_00_30_42_638,0.6,0.5235988,150665.0,205953.0,-1.099687,1.786422,0.1361319,0.003860518,0.009605558,4.287933,1.53,-0.01162044,0.004621068,1.210636,0.004887581,0.004887581,0.02692174,1.809
2024_02_10_00_30_42_676,0.6,0.5235988,150792.0,206126.0,-1.122389,1.732905,0.136132,0.003859986,0.009605446,4.333936,1.53,-0.01160236,0.004621331,1.21064,0.01764297,-0.003576278,-0.003736466,1.809
2024_02_10_00_30_42_713,0.6,0.5235988,150916.0,206295.0,-1.14211,1.679847,0.1361318,0.003859986,0.009605203,4.37873,1.53,-0.01164258,0.004611637,1.210595,0.03302097,-0.01871586,-0.05731824,1.809
2024_02_10_00_30_42_751,0.6,0.5235988,151043.0,206469.0,-1.159868,1.624492,0.1361319,0.003860518,0.009605388,4.424736,1.53,-0.01161861,0.00465935,1.210737,-0.01251697,0.008285046,0.01116097,1.809
2024_02_10_00_30_42_788,0.6,0.5235988,151166.0,206638.0,-1.174695,1.569865,0.1361319,0.003859986,0.009605231,4.469529,1.53,-0.01159227,0.004661778,1.210595,-0.04935264,0.0166893,0.06839354,1.809
2024_02_10_00_30_42_821,0.6,0.5235988,151276.0,206789.0,-1.185845,1.520627,0.1361319,0.003860518,0.009605511,4.50948,1.53,-0.01164364,0.004638043,1.210769,0.04911422,-0.007808208,-0.06838143,1.809
2024_02_10_00_30_42_860,0.6,0.5235988,151403.0,206963.0,-1.196234,1.46343,0.1361319,0.003859986,0.009605312,4.555486,1.53,-0.01168883,0.004674387,1.21062,0.02264976,-0.008642673,-0.06107613,1.809
2024_02_10_00_30_42_897,0.6,0.5235988,151527.0,207132.0,-1.203813,1.407336,0.1361319,0.003859986,0.009605447,4.600281,1.53,-0.0115701,0.004617324,1.210696,-0.008940697,0.00795722,0.03034901,1.809
2024_02_10_00_30_42_934,0.6,0.5235988,151654.0,207305.0,-1.208972,1.349434,0.1361319,0.003859986,0.009605223,4.646285,1.53,-0.01163615,0.004644147,1.210551,0.0140667,-0.002354383,-0.0001462176,1.809
2024_02_10_00_30_42_967,0.6,0.5235988,151764.0,207456.0,-1.211292,1.299004,0.1361319,0.003859986,0.009605248,4.686242,1.53,-0.01166677,0.004641824,1.210483,0.02205372,-0.01102686,-0.0305064,1.809
2024_02_10_00_30_43_005,0.6,0.5235988,151891.0,207630.0,-1.211462,1.240873,0.1361319,0.003859986,0.009605383,4.732246,1.53,-0.01164699,0.004668825,1.210629,-0.02026558,0.002026558,0.01133606,1.809
2024_02_10_00_30_43_042,0.6,0.5235988,152014.0,207799.0,-1.20906,1.184323,0.1361319,0.003859986,0.009605206,4.77704,1.53,-0.01154779,0.004645211,1.210518,-0.00667572,0.007838011,0.05722511,1.809
2024_02_10_00_30_43_076,0.6,0.5235988,152125.0,207950.0,-1.204784,1.134021,0.1361319,0.003859986,0.009605437,4.816992,1.53,-0.01160725,0.004605938,1.210534,0.01752377,-0.005960464,-0.02296455,1.809
2024_02_10_00_30_43_113,0.6,0.5235988,152252.0,208124.0,-1.197375,1.076365,0.1361319,0.003859986,0.00960542,4.862998,1.53,-0.01160531,0.00461377,1.210541,0.007152557,-0.00873208,-0.01896918,1.809
2024_02_10_00_30_43_152,0.6,0.5235988,152375.0,208293.0,-1.18762,1.020611,0.1361319,0.003859986,0.009605371,4.90779,1.53,-0.01163426,0.00468034,1.210486,-0.03015995,0.01358986,0.05334336,1.809
2024_02_10_00_30_43_184,0.6,0.5235988,152489.0,208448.0,-1.176465,0.9698098,0.1361319,0.003859986,0.009605301,4.948953,1.53,-0.01155392,0.004679112,1.210523,-0.0141859,0.002086163,-0.0001499429,1.809
2024_02_10_00_30_43_221,0.6,0.5235988,152612.0,208617.0,-1.16196,0.9150996,0.1361319,0.003859986,0.00960558,4.993747,1.53,-0.01156178,0.004650495,1.21073,-0.009775162,-0.002384186,-0.02284255,1.809
2024_02_10_00_30_43_258,0.6,0.5235988,152739.0,208791.0,-1.14453,0.8596447,0.1361319,0.003859986,0.009605418,5.039754,1.53,-0.01157656,0.004706218,1.210611,-0.01239777,0.005185604,0.003934838,1.809
2024_02_10_00_30_43_293,0.6,0.5235988,152849.0,208942.0,-1.127337,0.812181,0.1361319,0.003859986,0.009605464,5.079705,1.53,-0.01163737,0.00464128,1.210599,0.01478195,-0.003099441,-0.01132674,1.809
2024_02_10_00_30_43_330,0.6,0.5235988,152976.0,209115.0,-1.105209,0.758428,0.1361319,0.003859986,0.009605492,5.125712,1.53,-0.01160395,0.004671911,1.210618,0.003814697,-0.003755092,-0.04973542,1.809
2024_02_10_00_30_43_363,0.6,0.5235988,153087.0,209266.0,-1.084003,0.7126166,0.1361318,0.003859986,0.009605221,5.165664,1.53,-0.01161392,0.004683383,1.210508,-0.03647804,0.01043081,0.04934799,1.809
2024_02_10_00_30_43_401,0.6,0.5235988,153210.0,209435.0,-1.058074,0.6623061,0.1361318,0.003859986,0.009605117,5.21046,1.53,-0.01167663,0.004706227,1.210479,0.01454353,-0.009775162,-0.06110593,1.809
2024_02_10_00_30_43_438,0.6,0.5235988,153337.0,209609.0,-1.029126,0.6118982,0.136132,0.003859986,0.009605107,5.256464,1.53,-0.01166319,0.004614997,1.210501,0.02908706,-0.01215935,-0.04592351,1.809
2024_02_10_00_30_43_475,0.6,0.5235988,153461.0,209778.0,-0.9987419,0.5641462,0.1361318,0.003859986,0.009605236,5.301256,1.53,-0.01157227,0.00475301,1.210616,-0.04291534,0.01823902,0.07638056,1.809
2024_02_10_00_30_43_513,0.6,0.5235988,153588.0,209952.0,-0.965343,0.5165706,0.1361318,0.003859986,0.009605082,5.34726,1.53,-0.01164263,0.004701857,1.210493,-0.0140667,-0.002324581,0.00378862,1.809
2024_02_10_00_30_43_551,0.6,0.5235988,153711.0,210121.0,-0.9307538,0.4717708,0.1361318,0.003859986,0.009605276,5.392051,1.53,-0.01170263,0.004673914,1.210525,0.0538826,-0.01198053,-0.0531869,1.809
2024_02_10_00_30_43_589,0.6,0.5235988,153838.0,210294.0,-0.8931787,0.4274207,0.1361318,0.003859986,0.009605247,5.438053,1.53,-0.01164367,0.004696942,1.210579,-0.0002384186,-0.003099441,-0.01893844,1.809
2024_02_10_00_30_43_626,0.6,0.5235988,153962.0,210464.0,-0.8546703,0.3859424,0.1361319,0.003859986,0.009605271,5.482843,1.53,-0.01159969,0.004731439,1.210642,-0.01323223,-0.002562999,-0.02282299,1.809
2024_02_10_00_30_43_658,0.6,0.5235988,154075.0,210619.0,-0.8176794,0.3493823,0.1361319,0.003859986,0.009605363,5.524003,1.53,-0.01151907,0.004733334,1.210556,-0.05805492,0.02539158,0.07997452,1.809
2024_02_10_00_30_43_697,0.6,0.5235988,154199.0,210788.0,-0.7757533,0.3113631,0.1361318,0.003859986,0.00960497,5.568795,1.53,-0.01166286,0.004693938,1.210484,0.01609325,-0.01126528,-0.03815629,1.809
2024_02_10_00_30_43_734,0.6,0.5235988,154326.0,210962.0,-0.7309668,0.2743116,0.1361319,0.003859986,0.009605318,5.614795,1.53,-0.01166559,0.004659285,1.210485,-0.01943111,0.0002980232,-0.007846393,1.809
2024_02_10_00_30_43_771,0.6,0.5235988,154449.0,211131.0,-0.6857664,0.2402508,0.1361319,0.003859986,0.009605427,5.659587,1.53,-0.01165009,0.004656012,1.210565,0.01823902,-0.01090765,-0.04178658,1.809
2024_02_10_00_30_43_809,0.6,0.5235988,154576.0,211304.0,-0.6378047,0.2074124,0.1361318,0.003859986,0.009605219,5.705592,1.53,-0.01156788,0.004684405,1.210559,-0.04577636,0.01126528,0.03023445,1.809
2024_02_10_00_30_43_846,0.6,0.5235988,154700.0,211474.0,-0.589702,0.1775906,0.1361317,0.003859453,0.009605183,5.750384,1.53,-0.01157091,0.004726559,1.210561,0.00667572,0.003367662,-0.007472932,1.809
2024_02_10_00_30_43_884,0.6,0.5235988,154827.0,211647.0,-0.5389609,0.1492371,0.1361318,0.003859986,0.009605317,5.796384,1.53,-0.01160619,0.004684049,1.210614,-0.04708767,0.01621246,0.05703792,1.809
2024_02_10_00_30_43_917,0.6,0.5235988,154937.0,211798.0,-0.4938783,0.1265296,0.1361319,0.003859986,0.009605384,5.836332,1.53,-0.01153738,0.004687424,1.210571,-0.007033348,0.008195639,0.007580965,1.809
2024_02_10_00_30_43_951,0.6,0.5235988,155047.0,211949.0,-0.447924,0.1056412,0.1361319,0.003859986,0.009605016,5.876279,1.53,-0.01162509,0.004687879,1.210405,0.003814697,-0.006467103,-0.01918059,1.809
2024_02_10_00_30_43_988,0.6,0.5235988,155174.0,212123.0,-0.3940241,0.0838838,0.1361319,0.003859986,0.009605434,5.922282,1.53,-0.01164729,0.004690079,1.210614,0.001788139,-0.006318092,-0.04564132,1.809
2024_02_10_00_30_44_025,0.6,0.5235988,155298.0,212292.0,-0.3406364,0.06510256,0.136132,0.003859986,0.009605469,5.967076,1.53,-0.01166137,0.004563133,1.21054,0.02014637,-0.009149313,0.007616356,1.809
2024_02_10_00_30_44_063,0.6,0.5235988,155424.0,212465.0,-0.2849858,0.04832256,0.136132,0.003859986,0.009605304,6.013078,1.53,-0.01159303,0.00472356,1.210707,-0.0398159,0.01391768,0.03392622,1.809
2024_02_10_00_30_44_101,0.6,0.5235988,155548.0,212634.0,-0.2301129,0.03445999,0.1361319,0.003859453,0.009604822,6.05787,1.53,-0.01164915,0.00467377,1.210384,0.03099441,-0.007241964,-0.01141056,1.809
2024_02_10_00_30_44_138,0.6,0.5235988,155675.0,212808.0,-0.1731686,0.02279507,0.1361318,0.003859986,0.009605045,6.103874,1.53,-0.01154878,0.004726915,1.210535,-0.01275539,0.0154376,0.05355756,1.809
2024_02_10_00_30_44_176,0.6,0.5235988,155798.0,212977.0,-0.1172654,0.01396541,0.1361319,0.003859986,0.009605247,6.148665,1.53,-0.01160056,0.004663538,1.210535,0.05495548,-0.007629394,-0.03410131,1.809
2024_02_10_00_30_44_213,0.6,0.5235988,155925.0,213151.0,-0.0594981,0.007512186,0.1361318,0.003859986,0.009605046,6.194669,1.53,-0.01158818,0.0047427,1.210635,-0.06532669,0.009685755,0.03033969,1.809
2024_02_10_00_30_44_251,0.6,0.5235988,156049.0,213320.0,-0.003023416,0.003788042,0.1361318,0.003859453,0.009605099,6.239461,1.53,-0.01165115,0.004697126,1.210474,0.004410744,-0.004500151,-0.03424473,1.809
2024_02_10_00_30_44_289,0.6,0.5235988,156176.0,213494.0,0.05509114,0.002599702,0.1361319,0.003859453,0.009605019,0.002278068,1.53,-0.01167297,0.004716123,1.210422,-0.01513958,-0.007987022,-0.06135925,1.809
2024_02_10_00_30_44_321,0.6,0.5235988,156286.0,213644.0,0.105557,0.003736973,0.1361317,0.003859453,0.009604969,0.04222868,1.53,-0.01166878,0.004743357,1.210472,-0.008225441,-0.0012815,0.007843599,1.809
2024_02_10_00_30_44_359,0.6,0.5235988,156413.0,213818.0,0.1635579,0.007542139,0.1361319,0.003859986,0.009605331,0.08823053,1.53,-0.01160852,0.00467836,1.210646,0.005960464,0.0003278255,-3.166497e-05,1.809
2024_02_10_00_30_44_393,0.6,0.5235988,156523.0,213969.0,0.2137398,0.01300785,0.1361319,0.003859453,0.009605196,0.1281795,1.53,-0.01164624,0.004667751,1.210507,0.001072884,0.003874302,0.02270751,1.809
2024_02_10_00_30_44_430,0.6,0.5235988,156647.0,214138.0,0.2696934,0.02151402,0.1361319,0.003859986,0.009605241,0.1729702,1.53,-0.01155777,0.004692399,1.21053,0.0003576278,0.008046627,0.0421144,1.809
2024_02_10_00_30_44_468,0.6,0.5235988,156774.0,214312.0,0.3267041,0.03284902,0.1361318,0.003859453,0.009604963,0.2189731,1.53,-0.01168918,0.004706822,1.210377,-0.001430511,-0.003516674,-0.007581897,1.809
2024_02_10_00_30_44_505,0.6,0.5235988,156897.0,214481.0,0.3816565,0.04639382,0.1361319,0.003859453,0.009605229,0.2637653,1.53,-0.01167698,0.004608009,1.210557,0.06961823,-0.01966953,-0.07228181,1.809
2024_02_10_00_30_44_542,0.6,0.5235988,157024.0,214654.0,0.4374045,0.06285184,0.1361318,0.003859453,0.009605029,0.3097672,1.53,-0.0115848,0.004755088,1.210591,0.00834465,-0.003963709,-0.03423449,1.809
2024_02_10_00_30_44_575,0.6,0.5235988,157134.0,214805.0,0.485159,0.07921131,0.1361318,0.003859453,0.009605165,0.3497157,1.53,-0.01165663,0.004669596,1.210461,0.003218651,-0.007688999,-0.02290867,1.809
2024_02_10_00_30_44_613,0.6,0.5235988,157261.0,214979.0,0.5392885,0.1003941,0.1361318,0.003859453,0.009604701,0.3957202,1.53,-0.01168671,0.004736973,1.210429,0.01502037,-0.01305342,-0.04591979,1.809
2024_02_10_00_30_44_650,0.6,0.5235988,157385.0,215148.0,0.5910031,0.1233911,0.1361319,0.003859986,0.009605279,0.4405119,1.53,-0.01159905,0.004704841,1.210565,-0.009655952,0.008106232,0.03452785,1.809
2024_02_10_00_30_44_688,0.6,0.5235988,157512.0,215322.0,0.6429881,0.1493952,0.1361318,0.003859453,0.009605118,0.4865148,1.53,-0.01159791,0.004669934,1.210461,-0.002026558,0.008881092,0.0574328,1.809
2024_02_10_00_30_44_725,0.6,0.5235988,157635.0,215491.0,0.6924044,0.1769862,0.1361319,0.003859986,0.009605329,0.5313065,1.53,-0.01159243,0.004651095,1.210635,0.01227856,-0.005364418,-0.05738437,1.809
2024_02_10_00_30_44_763,0.6,0.5235988,157762.0,215665.0,0.7418182,0.2075971,0.1361318,0.003859453,0.009605062,0.5773094,1.53,-0.01164638,0.004698546,1.210427,0.007271766,-0.00411272,0.0001257285,1.809
2024_02_10_00_30_44_796,0.6,0.5235988,157873.0,215815.0,0.7835487,0.2360003,0.1361319,0.003859453,0.009605161,0.6172584,1.53,-0.01157724,0.004765834,1.210594,-0.03767014,0.02002716,0.06482471,1.809
2024_02_10_00_30_44_830,0.6,0.5235988,157983.0,215966.0,0.8241111,0.2660471,0.1361319,0.003859453,0.009605074,0.6572085,1.53,-0.0116065,0.004734515,1.210438,-0.01311302,-0.0005960464,-0.01147762,1.809
2024_02_10_00_30_44_866,0.6,0.5235988,158110.0,216140.0,0.8692892,0.3026206,0.1361319,0.003859453,0.009605171,0.7032109,1.53,-0.01165143,0.00469909,1.210538,-0.005483627,-0.006318092,-0.0459766,1.809
2024_02_10_00_30_44_901,0.6,0.5235988,158220.0,216291.0,0.9071231,0.3360386,0.1361318,0.003859453,0.009604924,0.743162,1.53,-0.01168934,0.004690106,1.210368,-0.0002384186,-0.009536743,-0.02676528,1.809
2024_02_10_00_30_44_938,0.6,0.5235988,158347.0,216464.0,0.9489948,0.3763557,0.136132,0.003859453,0.009605169,0.789166,1.53,-0.01164749,0.004640523,1.210424,0.0007152557,-0.001966953,-0.00772532,1.809
2024_02_10_00_30_44_971,0.6,0.5235988,158457.0,216615.0,0.9838206,0.4128993,0.1361318,0.003859453,0.009605107,0.8291166,1.53,-0.01160255,0.004698966,1.210563,0.004410744,-0.008583069,-0.06507151,1.809
2024_02_10_00_30_45_009,0.6,0.5235988,158584.0,216789.0,1.022076,0.4566635,0.1361318,0.003859986,0.009605129,0.8751184,1.53,-0.01161336,0.004756565,1.210583,0.01251697,-0.004470348,-0.03024936,1.809
2024_02_10_00_30_45_046,0.6,0.5235988,158707.0,216958.0,1.057353,0.5009223,0.1361319,0.003859986,0.009605298,0.9199128,1.53,-0.01169272,0.004665317,1.210445,0.004887581,-0.007271766,-0.03798399,1.809
2024_02_10_00_30_45_079,0.6,0.5235988,158818.0,217109.0,1.087116,0.5416952,0.1361319,0.003859986,0.009605344,0.9598618,1.53,-0.01169,0.004643111,1.210524,0.02133846,-0.01037121,-0.0456497,1.809
2024_02_10_00_30_45_117,0.6,0.5235988,158945.0,217282.0,1.119339,0.5900737,0.136132,0.003859986,0.009605519,1.005864,1.53,-0.01156632,0.004667622,1.210725,-0.01049042,0.01394749,0.0651367,1.809
2024_02_10_00_30_45_155,0.6,0.5235988,159068.0,217452.0,1.148545,0.638555,0.1361319,0.003859986,0.009605027,1.050655,1.53,-0.0115867,0.004749009,1.210544,-0.02217293,0.003010034,-0.01919176,1.809
2024_02_10_00_30_45_192,0.6,0.5235988,159195.0,217625.0,1.176251,0.6896569,0.1361318,0.003859986,0.009605256,1.09666,1.53,-0.01162249,0.004681817,1.210645,-0.007033348,0.001698732,0.01543481,1.809
2024_02_10_00_30_45_225,0.6,0.5235988,159305.0,217776.0,1.198381,0.7350294,0.136132,0.003859986,0.009605195,1.136608,1.53,-0.01159215,0.004698631,1.21055,-0.02765655,0.01555681,0.05322322,1.809
2024_02_10_00_30_45_263,0.6,0.5235988,159432.0,217950.0,1.221596,0.7883202,0.1361319,0.003859453,0.009605146,1.182609,1.53,-0.01161235,0.00470264,1.210543,0.0,-0.001072884,9.406357e-05,1.809
2024_02_10_00_30_45_300,0.6,0.5235988,159556.0,218119.0,1.241821,0.8411818,0.1361319,0.003859986,0.009605137,1.2274,1.53,-0.011524,0.004700251,1.210618,-0.02634525,0.02601743,0.1335991,1.809
2024_02_10_00_30_45_334,0.6,0.5235988,159669.0,218274.0,1.258303,0.8905126,0.1361319,0.003859986,0.009605418,1.268557,1.53,-0.01167324,0.004598395,1.210616,0.05149841,-0.02020597,-0.07990561,1.809
2024_02_10_00_30_45_374,0.6,0.5235988,159793.0,218443.0,1.273916,0.9449156,0.1361318,0.003859453,0.009605095,1.31335,1.53,-0.01158644,0.00468532,1.210563,-0.06353855,0.01788139,0.09130034,1.809
2024_02_10_00_30_45_405,0.6,0.5235988,159903.0,218594.0,1.285776,0.9939854,0.1361318,0.003859986,0.009604941,1.3533,1.53,-0.01165648,0.004672789,1.210463,-0.004887581,-0.004947185,-0.02677087,1.809
2024_02_10_00_30_45_442,0.6,0.5235988,160030.0,218768.0,1.29699,1.051023,0.1361318,0.003859986,0.009605146,1.399306,1.53,-0.0115643,0.00465544,1.210629,-0.009179115,0.003010034,0.0229273,1.809
2024_02_10_00_30_45_475,0.6,0.5235988,160140.0,218919.0,1.304593,1.100931,0.1361318,0.003859986,0.00960504,1.439257,1.53,-0.01168342,0.004663982,1.210459,0.002503395,-0.008165836,-0.04202127,1.809
2024_02_10_00_30_45_513,0.6,0.5235988,160267.0,219092.0,1.31087,1.158722,0.1361319,0.003859986,0.009605419,1.485259,1.53,-0.01156357,0.004635687,1.210682,-0.004529953,0.01183152,0.05746912,1.809
2024_02_10_00_30_45_550,0.6,0.5235988,160391.0,219261.0,1.314422,1.215212,0.1361318,0.003859986,0.009605161,1.530053,1.53,-0.01167851,0.004686506,1.210581,-0.03361702,0.004947185,0.007454305,1.809
2024_02_10_00_30_45_584,0.6,0.5235988,160501.0,219412.0,1.315452,1.265684,0.1361319,0.003859986,0.009605247,1.570001,1.53,-0.01165206,0.004625238,1.210533,0.03325939,-0.01105666,-0.04568044,1.809
2024_02_10_00_30_45_622,0.6,0.5235988,160628.0,219586.0,1.314142,1.323799,0.1361318,0.003859986,0.009605068,1.616007,1.53,-0.01168193,0.004653998,1.210448,0.004291534,-0.002235174,-0.01166668,1.809
2024_02_10_00_30_45_655,0.6,0.5235988,160738.0,219737.0,1.310836,1.374174,0.1361319,0.003859453,0.009605231,1.655962,1.53,-0.01169014,0.004713069,1.210576,-0.03194809,0.001907349,-0.02311636,1.809
2024_02_10_00_30_45_692,0.6,0.5235988,160865.0,219910.0,1.304541,1.431963,0.136132,0.003859986,0.009605348,1.701968,1.53,-0.01157934,0.004574182,1.210596,0.0002384186,0.001788139,0.03059301,1.809
2024_02_10_00_30_45_725,0.6,0.5235988,160975.0,220061.0,1.296923,1.481868,0.1361318,0.003859986,0.009605139,1.741922,1.53,-0.0115633,0.004622911,1.210526,-0.007987022,0.003993511,0.06112735,1.809
2024_02_10_00_30_45_763,0.6,0.5235988,161102.0,220235.0,1.28569,1.538905,0.1361319,0.003859986,0.009605231,1.787924,1.53,-0.01167569,0.004693698,1.210594,-0.005841255,-0.0001788139,-0.01915172,1.809
2024_02_10_00_30_45_796,0.6,0.5235988,161212.0,220386.0,1.273815,1.587972,0.1361318,0.003859986,0.009604896,1.827878,1.53,-0.01154033,0.004633527,1.210504,0.0004768371,0.003516674,0.03025308,1.809
2024_02_10_00_30_45_834,0.6,0.5235988,161336.0,220555.0,1.258181,1.642373,0.1361319,0.003859986,0.009605112,1.872674,1.53,-0.01170802,0.00464117,1.210575,0.01692772,-0.009357929,-0.04579033,1.809
2024_02_10_00_30_45_871,0.6,0.5235988,161463.0,220728.0,1.239608,1.697459,0.1361319,0.003859986,0.009605146,1.918682,1.53,-0.01163821,0.004679154,1.210659,0.0004768371,-0.005066394,-0.0305539,1.809
2024_02_10_00_30_45_908,0.6,0.5235988,161586.0,220898.0,1.219107,1.750219,0.1361318,0.003859986,0.009605323,1.963479,1.53,-0.01160611,0.004648925,1.210714,0.00166893,0.00244379,0.007967465,1.809
2024_02_10_00_30_45_946,0.6,0.5235988,161713.0,221071.0,1.195614,1.803392,0.1361318,0.003859986,0.00960511,2.009485,1.53,-0.01170573,0.004643268,1.210573,0.0424385,-0.01746416,-0.09151827,1.809
2024_02_10_00_30_45_984,0.6,0.5235988,161837.0,221240.0,1.170413,1.854076,0.1361319,0.003859986,0.009605027,2.054281,1.53,-0.01153724,0.004755944,1.210709,-0.02646446,0.01263618,0.01116004,1.809
2024_02_10_00_30_46_021,0.6,0.5235988,161964.0,221414.0,1.142197,1.904902,0.1361318,0.003859986,0.009605064,2.100287,1.53,-0.01162115,0.004686494,1.21067,0.002384186,0.003159046,0.03062095,1.809
2024_02_10_00_30_46_058,0.6,0.5235988,162087.0,221583.0,1.112505,1.953093,0.1361318,0.003859986,0.009604894,2.145083,1.53,-0.01166937,0.004753206,1.210638,-0.0231266,-0.002384186,-0.04225224,1.809
2024_02_10_00_30_46_097,0.6,0.5235988,162214.0,221757.0,1.079795,2.001152,0.1361319,0.003859986,0.009604884,2.191089,1.53,-0.01166166,0.0046848,1.210604,0.03314018,-0.004053116,-0.01520477,1.809
2024_02_10_00_30_46_134,0.6,0.5235988,162338.0,221926.0,1.045853,2.046453,0.1361318,0.003859986,0.009605042,2.235886,1.53,-0.01159186,0.004703676,1.210688,0.01728535,-0.001132488,-0.02300367,1.809
2024_02_10_00_30_46_171,0.6,0.5235988,162465.0,222100.0,1.008919,2.091347,0.1361318,0.003859986,0.009605096,2.281891,1.53,-0.01161419,0.004688991,1.210731,0.01263618,-0.001728535,0.01546275,1.809
2024_02_10_00_30_46_208,0.6,0.5235988,162588.0,222269.0,0.9710096,2.133384,0.1361318,0.003859986,0.009604979,2.326685,1.53,-0.01175109,0.004625002,1.210525,0.02074241,-0.01215935,-0.01131091,1.809
2024_02_10_00_30_46_246,0.6,0.5235988,162715.0,222442.0,0.9301573,2.174745,0.1361318,0.003860518,0.009605122,2.37269,1.53,-0.01159809,0.004669152,1.210651,-0.02264976,0.01788139,0.1030955,1.809
2024_02_10_00_30_46_284,0.6,0.5235988,162839.0,222611.0,0.8885919,2.213171,0.1361318,0.003859986,0.009605058,2.417486,1.53,-0.01156943,0.004764801,1.210601,-0.04136562,0.02169609,0.1069568,1.809
2024_02_10_00_30_46_321,0.6,0.5235988,162966.0,222785.0,0.844157,2.250658,0.1361319,0.003859986,0.009605163,2.463493,1.53,-0.01161804,0.004730052,1.210667,-0.02646446,0.007331371,0.03424007,1.809
2024_02_10_00_30_46_355,0.6,0.5235988,163076.0,222936.0,0.8042047,2.281525,0.1361319,0.003859986,0.009605305,2.503445,1.53,-0.01166253,0.004681481,1.210603,-0.0371933,0.006973743,0.02660602,1.809
2024_02_10_00_30_46_392,0.6,0.5235988,163203.0,223110.0,0.7567159,2.315059,0.1361318,0.003859986,0.009605091,2.549453,1.53,-0.01160263,0.004694566,1.210605,0.01657009,0.008165836,0.04601106,1.809
2024_02_10_00_30_46_429,0.6,0.5235988,163326.0,223279.0,0.7090418,2.345578,0.1361318,0.003859986,0.009605112,2.594249,1.53,-0.01152551,0.004730185,1.210663,-0.04434585,0.0243783,0.1028702,1.809
2024_02_10_00_30_46_467,0.6,0.5235988,163453.0,223452.0,0.6587071,2.374669,0.136132,0.003859986,0.009605374,2.640254,1.53,-0.01162019,0.004676254,1.210645,-0.01585484,-0.0001788139,-0.01149066,1.809
2024_02_10_00_30_46_504,0.6,0.5235988,163577.0,223621.0,0.6084616,2.40074,0.1361318,0.003859986,0.009605125,2.68505,1.53,-0.01160003,0.004671252,1.210559,-0.001072884,0.004470348,0.02267957,1.809
2024_02_10_00_30_46_543,0.6,0.5235988,163704.0,223795.0,0.555697,2.425146,0.1361318,0.003860518,0.009605286,2.731055,1.53,-0.01160252,0.004694588,1.210676,0.02145767,0.003278255,0.01543388,1.809
2024_02_10_00_30_46_575,0.6,0.5235988,163814.0,223946.0,0.5090053,2.444354,0.1361318,0.003859986,0.009605176,2.771008,1.53,-0.01165833,0.004697702,1.210644,0.009417534,-0.007688999,-0.02666563,1.809
2024_02_10_00_30_46_608,0.6,0.5235988,163924.0,224097.0,0.461584,2.46168,0.1361318,0.003860518,0.009605221,2.810961,1.53,-0.01155991,0.004730172,1.210726,0.002980232,0.01037121,0.03444683,1.809
2024_02_10_00_30_46_646,0.6,0.5235988,164051.0,224270.0,0.406172,2.479267,0.1361318,0.003859986,0.009605253,2.856968,1.53,-0.01153739,0.004755724,1.210626,-0.02288818,0.007390975,0.01155492,1.809
2024_02_10_00_30_46_684,0.6,0.5235988,164175.0,224440.0,0.3514966,2.493925,0.1361319,0.003860518,0.009605274,2.901764,1.53,-0.01164378,0.004653291,1.210681,0.0,0.001251697,0.01536589,1.809
2024_02_10_00_30_46_721,0.6,0.5235988,164302.0,224613.0,0.2947175,2.506416,0.1361318,0.003859986,0.009605078,2.947771,1.53,-0.01166675,0.0047386,1.210712,-0.02205372,0.00500679,0.01904462,1.809
2024_02_10_00_30_46_760,0.6,0.5235988,164425.0,224782.0,0.238937,2.516057,0.1361318,0.003859986,0.009605063,2.992567,1.53,-0.01170759,0.004653067,1.210582,0.00834465,-0.008106232,-0.01898687,1.809
2024_02_10_00_30_46_795,0.6,0.5235988,164552.0,224956.0,0.1812588,2.523347,0.1361318,0.003860518,0.009605176,3.038574,1.53,-0.0115473,0.004743573,1.210665,-0.008702278,0.01466274,0.04570745,1.809
2024_02_10_00_30_46_830,0.6,0.5235988,164662.0,225107.0,0.1309431,2.52752,0.1361319,0.003859986,0.009605219,3.078527,1.53,-0.01161262,0.004674164,1.210659,-0.03921985,0.009745359,0.04553608,1.809
2024_02_10_00_30_46_867,0.6,0.5235988,164789.0,225280.0,0.07285282,2.529833,0.1361319,0.003860518,0.009605149,3.124535,1.53,-0.01166833,0.004598479,1.210602,0.04661083,-0.01630187,-0.05351845,1.809
2024_02_10_00_30_46_904,0.6,0.5235988,164913.0,225450.0,0.01624662,2.529515,0.1361319,0.003860518,0.009605153,3.169331,1.53,-0.01165811,0.004660887,1.210613,0.02241134,-0.01308322,-0.05353242,1.809
2024_02_10_00_30_46_942,0.6,0.5235988,165040.0,225623.0,-0.04181421,2.526551,0.1361319,0.003859986,0.009605289,3.215338,1.53,-0.01159744,0.004688683,1.21062,-0.005125999,0.0008940696,-0.0191899,1.809
2024_02_10_00_30_46_980,0.6,0.5235988,165163.0,225792.0,-0.09815803,2.521103,0.1361318,0.003860518,0.009605279,3.260135,1.53,-0.0115566,0.004724354,1.210801,-0.02241134,0.004053116,-0.01152046,1.809
2024_02_10_00_30_47_013,0.6,0.5235988,165274.0,225943.0,-0.1481613,2.514119,0.1361318,0.003859986,0.009605211,3.300089,1.53,-0.01164544,0.004716085,1.210633,0.02682209,-0.01180172,-0.05708169,1.809
2024_02_10_00_30_47_046,0.6,0.5235988,165387.0,226099.0,-0.1993448,2.50484,0.1361318,0.003859986,0.009605058,3.341254,1.53,-0.01162015,0.004694611,1.210592,-0.03695488,0.009834765,0.06867759,1.809
2024_02_10_00_30_47_083,0.6,0.5235988,165511.0,226268.0,-0.2545582,2.492358,0.1361318,0.003859986,0.009605046,3.38605,1.53,-0.01163692,0.004682483,1.210563,0.010252,-0.01585484,-0.06106309,1.809
2024_02_10_00_30_47_121,0.6,0.5235988,165638.0,226441.0,-0.3106241,2.476979,0.136132,0.003859986,0.009605183,3.432057,1.53,-0.01163273,0.004574634,1.210452,0.03492832,-0.01084804,-0.02295617,1.809
2024_02_10_00_30_47_159,0.6,0.5235988,165761.0,226610.0,-0.3644783,2.459543,0.1361319,0.003860518,0.009605178,3.476853,1.53,-0.0116089,0.004702081,1.210587,0.05555153,-0.006824731,-0.03794394,1.809
2024_02_10_00_30_47_192,0.6,0.5235988,165875.0,226766.0,-0.4132328,2.441409,0.1361318,0.003859986,0.009605158,3.518018,1.53,-0.01176469,0.004633588,1.210573,0.05733966,-0.03302097,-0.137208,1.809
2024_02_10_00_30_47_229,0.6,0.5235988,165998.0,226935.0,-0.4653916,2.419415,0.1361319,0.003860518,0.009605326,3.562815,1.53,-0.01160577,0.004639725,1.21066,0.03743172,-0.002980232,-0.01523364,1.809
2024_02_10_00_30_47_262,0.6,0.5235988,166109.0,227086.0,-0.511039,2.397844,0.1361319,0.003860518,0.009605197,3.60277,1.53,-0.01163194,0.004614137,1.21057,0.04804134,-0.01507997,-0.06106495,1.809
2024_02_10_00_30_47_300,0.6,0.5235988,166235.0,227259.0,-0.5624862,2.37077,0.1361319,0.003860518,0.009605368,3.648776,1.53,-0.01164208,0.004643705,1.210623,0.03230572,-0.01621246,-0.08778739,1.809
2024_02_10_00_30_47_338,0.6,0.5235988,166359.0,227429.0,-0.611331,2.342162,0.1361319,0.003859986,0.009605139,3.69357,1.53,-0.01161586,0.004792246,1.21059,-0.02026558,0.01066923,0.003518536,1.809
2024_02_10_00_30_47_375,0.6,0.5235988,166486.0,227602.0,-0.6601115,2.310535,0.1361319,0.003860518,0.009605338,3.739579,1.53,-0.01165157,0.0046349,1.21063,-0.01001358,0.00846386,0.06492715,1.809
2024_02_10_00_30_47_412,0.6,0.5235988,166610.0,227771.0,-0.7061617,2.277616,0.1361319,0.003859986,0.009605489,3.784376,1.53,-0.01158014,0.004730999,1.210745,-0.03540516,0.01078844,0.03447477,1.809
2024_02_10_00_30_47_450,0.6,0.5235988,166736.0,227945.0,-0.7518724,2.241697,0.1361318,0.003859986,0.009605449,3.830381,1.53,-0.01160839,0.004791333,1.210767,-0.03993511,-0.0005960464,-0.04211627,1.809
2024_02_10_00_30_47_488,0.6,0.5235988,166860.0,228114.0,-0.794747,2.204739,0.1361319,0.003859986,0.009605202,3.875178,1.53,-0.01169781,0.004666073,1.210577,-0.01382828,-0.002920627,0.01132209,1.809
2024_02_10_00_30_47_525,0.6,0.5235988,166987.0,228288.0,-0.8370119,2.164824,0.1361319,0.003860518,0.009605392,3.921188,1.53,-0.01153834,0.004688759,1.210717,0.00667572,0.0103116,0.04987698,1.809
2024_02_10_00_30_47_562,0.6,0.5235988,167111.0,228457.0,-0.8763591,2.124131,0.136132,0.003859986,0.009605189,3.965986,1.53,-0.01155022,0.004724539,1.210618,-0.01835823,0.003278255,-0.01947954,1.809
2024_02_10_00_30_47_601,0.6,0.5235988,167237.0,228631.0,-0.9148312,2.080547,0.1361319,0.003859986,0.009605262,4.011991,1.53,-0.0116457,0.004711459,1.210636,-0.02145767,0.00500679,0.01881644,1.809
2024_02_10_00_30_47_634,0.6,0.5235988,167348.0,228781.0,-0.9465856,2.041296,0.1361319,0.003860518,0.009605101,4.051945,1.53,-0.01160299,0.004720294,1.210515,-0.0308752,0.01889467,0.1067789,1.809
2024_02_10_00_30_47_671,0.6,0.5235988,167475.0,228955.0,-0.981173,1.99457,0.1361318,0.003859986,0.009605047,4.097952,1.53,-0.01166974,0.004715803,1.210555,0.007748603,-0.01317263,-0.04969723,1.809
2024_02_10_00_30_47_708,0.6,0.5235988,167598.0,229124.0,-1.012751,1.947593,0.1361319,0.003860518,0.009605209,4.142748,1.53,-0.01166226,0.004660502,1.210642,0.02408027,-0.01770258,-0.07644203,1.809
2024_02_10_00_30_47_745,0.6,0.5235988,167725.0,229298.0,-1.042961,1.897923,0.1361318,0.003860518,0.009605165,4.188755,1.53,-0.01164263,0.0046959,1.210599,0.02288818,0.00411272,0.0345083,1.809
2024_02_10_00_30_47_779,0.6,0.5235988,167835.0,229449.0,-1.067317,1.8537,0.1361319,0.003859986,0.009605406,4.228705,1.53,-0.01165384,0.004649307,1.210587,0.004768372,-0.01013279,-0.01519173,1.809
2024_02_10_00_30_47_817,0.6,0.5235988,167962.0,229622.0,-1.093148,1.801621,0.1361319,0.003859986,0.00960549,4.274706,1.53,-0.01165686,0.004703296,1.210585,-0.01955032,0.001132488,-0.0306759,1.809
2024_02_10_00_30_47_855,0.6,0.5235988,168086.0,229791.0,-1.115974,1.749825,0.1361319,0.003860518,0.009605453,4.3195,1.53,-0.01158937,0.004692035,1.210752,0.02241134,0.002890825,0.01556799,1.809
2024_02_10_00_30_47_892,0.6,0.5235988,168209.0,229960.0,-1.136457,1.697057,0.1361319,0.003859986,0.009605423,4.364293,1.53,-0.01161905,0.004715331,1.210656,-0.01060963,0.005125999,-0.01541059,1.809
2024_02_10_00_30_47_930,0.6,0.5235988,168336.0,230134.0,-1.155012,1.641965,0.1361319,0.003859986,0.009605437,4.410296,1.53,-0.01162869,0.004660736,1.210653,0.005125999,0.002026558,0.01147576,1.809
2024_02_10_00_30_47_967,0.6,0.5235988,168460.0,230303.0,-1.170626,1.587559,0.1361318,0.003859986,0.009605146,4.455091,1.53,-0.01155314,0.004703481,1.210676,-0.01466274,0.007629394,0.04187412,1.809
2024_02_10_00_30_48_004,0.6,0.5235988,168587.0,230477.0,-1.18411,1.531011,0.1361319,0.003859986,0.009605265,4.501095,1.53,-0.01167529,0.004626459,1.21056,0.03826618,-0.01072884,-0.01504458,1.809
2024_02_10_00_30_48_041,0.6,0.5235988,168710.0,230646.0,-1.194726,1.475413,0.1361319,0.003859986,0.009605444,4.545888,1.53,-0.01157592,0.004670423,1.210642,-0.02217293,0.004708767,0.02306234,1.809
2024_02_10_00_30_48_079,0.6,0.5235988,168837.0,230820.0,-1.203027,1.417876,0.1361318,0.003859986,0.009605311,4.591894,1.53,-0.01168688,0.004658015,1.21056,-0.01871586,-0.006407499,-0.02668612,1.809
2024_02_10_00_30_48_112,0.6,0.5235988,168947.0,230971.0,-1.208082,1.367645,0.1361319,0.003859986,0.009605307,4.631848,1.53,-0.01169894,0.004618402,1.21055,-0.02455711,-0.002682209,-0.003954396,1.809
2024_02_10_00_30_48_150,0.6,0.5235988,169074.0,231144.0,-1.211413,1.309609,0.1361319,0.003859986,0.009605695,4.677849,1.53,-0.01159859,0.004579631,1.210765,0.01096725,-0.00655651,-0.02632756,1.809
2024_02_10_00_30_48_188,0.6,0.5235988,169198.0,231313.0,-1.212087,1.253011,0.1361319,0.003859986,0.009605276,4.722642,1.53,-0.01163849,0.004701144,1.210584,-0.03612041,0.00846386,0.02666749,1.809
2024_02_10_00_30_48_225,0.6,0.5235988,169325.0,231487.0,-1.210142,1.194913,0.1361319,0.003859986,0.009605103,4.768649,1.53,-0.01154875,0.00471502,1.210603,-0.006437301,0.0009536743,0.01137052,1.809
2024_02_10_00_30_48_262,0.6,0.5235988,169448.0,231656.0,-1.205683,1.138488,0.136132,0.003859986,0.009605643,4.813446,1.53,-0.01163796,0.004570201,1.210742,0.03075599,-0.01183152,-0.04560407,1.809
2024_02_10_00_30_48_296,0.6,0.5235988,169562.0,231811.0,-1.199361,1.08686,0.136132,0.003859986,0.009605466,4.854609,1.53,-0.01162867,0.004675584,1.210735,0.02455711,-0.00989437,-0.06091781,1.809
2024_02_10_00_30_48_333,0.6,0.5235988,169686.0,231981.0,-1.190074,1.031026,0.1361319,0.003859986,0.009605548,4.899403,1.53,-0.01153523,0.004640728,1.210585,-0.00989437,0.005662441,0.02288818,1.809
2024_02_10_00_30_48_366,0.6,0.5235988,169796.0,232131.0,-1.17969,0.9816232,0.1361318,0.003859986,0.009605206,4.939355,1.53,-0.0117098,0.00463754,1.210429,0.02479553,-0.009477139,-0.003661029,1.809
2024_02_10_00_30_48_404,0.6,0.5235988,169923.0,232305.0,-1.165299,0.9253025,0.1361318,0.003859986,0.009605377,4.985362,1.53,-0.01165485,0.004745651,1.210728,-0.03349781,0.01043081,0.0383351,1.809
2024_02_10_00_30_48_442,0.6,0.5235988,170046.0,232474.0,-1.148813,0.8711569,0.1361319,0.003859986,0.009605161,5.030159,1.53,-0.01156946,0.0046658,1.21055,0.01430511,0.00166893,0.02674199,1.809
2024_02_10_00_30_48_479,0.6,0.5235988,170173.0,232648.0,-1.129374,0.8163741,0.1361319,0.003859986,0.009605275,5.076164,1.53,-0.01156898,0.004719351,1.210598,-0.03123283,0.0128746,0.06881356,1.809
2024_02_10_00_30_48_518,0.6,0.5235988,170297.0,232817.0,-1.108046,0.763947,0.136132,0.003859986,0.009605431,5.12096,1.53,-0.01157025,0.004648531,1.210603,-0.02133846,0.01126528,0.04953611,1.809
2024_02_10_00_30_48_550,0.6,0.5235988,170410.0,232972.0,-1.086393,0.7166573,0.1361319,0.003859986,0.009605378,5.162124,1.53,-0.01166965,0.004726735,1.210584,-0.020504,0.01323223,0.04205666,1.809
2024_02_10_00_30_48_588,0.6,0.5235988,170534.0,233141.0,-1.060642,0.6662555,0.1361319,0.003859986,0.009605401,5.206916,1.53,-0.01164689,0.004676569,1.210617,0.02670288,-0.004649162,-0.03412552,1.809
2024_02_10_00_30_48_621,0.6,0.5235988,170647.0,233297.0,-1.035011,0.6209986,0.1361319,0.003859986,0.009605296,5.248077,1.53,-0.01156429,0.004724605,1.210616,-0.0244379,0.01132488,0.06110128,1.809
2024_02_10_00_30_48_658,0.6,0.5235988,170771.0,233466.0,-1.005028,0.5729939,0.1361318,0.003859986,0.009605148,5.292869,1.53,-0.01158225,0.004709101,1.210448,-0.0282526,0.01978874,0.08760858,1.809
2024_02_10_00_30_48_692,0.6,0.5235988,170885.0,233621.0,-0.9756056,0.5301052,0.1361319,0.003859986,0.009605291,5.334028,1.53,-0.01165939,0.004724658,1.210522,-0.03600121,0.002145767,-0.003820285,1.809
2024_02_10_00_30_48_730,0.6,0.5235988,171008.0,233790.0,-0.941612,0.4848514,0.1361318,0.003859986,0.009605207,5.37882,1.53,-0.01156444,0.004812297,1.210652,-0.03433228,0.006914138,-0.01149345,1.809
2024_02_10_00_30_48_766,0.6,0.5235988,171135.0,233964.0,-0.9046264,0.440008,0.1361319,0.003859986,0.00960509,5.424822,1.53,-0.01161204,0.004733632,1.210533,-0.003814697,0.004649162,0.007597729,1.809
2024_02_10_00_30_48_804,0.6,0.5235988,171259.0,234133.0,-0.8666689,0.3980237,0.1361319,0.003859986,0.009605351,5.469614,1.53,-0.01162869,0.004651605,1.210662,-0.003933907,-0.01913309,-0.1069512,1.809
2024_02_10_00_30_48_842,0.6,0.5235988,171386.0,234307.0,-0.8257707,0.3567182,0.1361318,0.003859986,0.009605285,5.515615,1.53,-0.01164089,0.004699025,1.210557,-0.00989437,-0.00846386,-0.06504543,1.809
2024_02_10_00_30_48_879,0.6,0.5235988,171509.0,234476.0,-0.7841647,0.3183486,0.1361319,0.003859986,0.009605304,5.560409,1.53,-0.01160245,0.004612685,1.210454,0.008583069,0.001370907,0.03065541,1.809
2024_02_10_00_30_48_917,0.6,0.5235988,171636.0,234650.0,-0.7396902,0.2809225,0.136132,0.003859986,0.009605142,5.60641,1.53,-0.01171485,0.004555072,1.210383,0.05984306,-0.01388788,-0.003695488,1.809
2024_02_10_00_30_48_954,0.6,0.5235988,171760.0,234819.0,-0.6947768,0.2464839,0.1361319,0.003859986,0.00960527,5.651202,1.53,-0.01165401,0.004642456,1.210433,0.01347065,-0.002145767,0.0192225,1.809
2024_02_10_00_30_48_991,0.6,0.5235988,171883.0,234988.0,-0.6483662,0.2140907,0.1361318,0.003859453,0.009605217,5.695994,1.53,-0.01167378,0.004696461,1.210501,-0.0269413,-0.004827976,-0.03838632,1.809
2024_02_10_00_30_49_029,0.6,0.5235988,172010.0,235161.0,-0.5992422,0.18302,0.1361319,0.003859453,0.009605436,5.741997,1.53,-0.01159022,0.004859143,1.210736,-0.06306171,0.01081824,-0.0001918524,1.809
2024_02_10_00_30_49_066,0.6,0.5235988,172134.0,235331.0,-0.5500858,0.1549697,0.1361317,0.003859986,0.009605248,5.786792,1.53,-0.01160892,0.004675199,1.210538,-0.004529953,0.00628829,0.04999991,1.809
2024_02_10_00_30_49_104,0.6,0.5235988,172261.0,235504.0,-0.4983457,0.1284819,0.1361318,0.003859986,0.009605035,5.832793,1.53,-0.01163306,0.004738188,1.210511,-0.01323223,0.002473593,0.01913868,1.809
2024_02_10_00_30_49_142,0.6,0.5235988,172384.0,235673.0,-0.446849,0.105004,0.1361317,0.003859453,0.00960495,5.877584,1.53,-0.01168688,0.004756934,1.210312,0.01227856,-0.01379847,-0.05330518,1.809
2024_02_10_00_30_49_175,0.6,0.5235988,172498.0,235829.0,-0.3986437,0.08548285,0.1361319,0.003859986,0.00960527,5.918745,1.53,-0.01158297,0.004655027,1.210685,0.01490116,-0.002354383,-0.02689566,1.809
2024_02_10_00_30_49_212,0.6,0.5235988,172621.0,235998.0,-0.3453218,0.06651286,0.136132,0.003859453,0.009605289,5.963537,1.53,-0.01158567,0.004633549,1.210464,0.002861023,0.008672476,0.03802311,1.809
2024_02_10_00_30_49_246,0.6,0.5235988,172731.0,236149.0,-0.2970886,0.05162324,0.1361319,0.003859453,0.009605127,6.003487,1.53,-0.01164091,0.004683352,1.210482,0.003099441,0.002324581,0.03062654,1.809
2024_02_10_00_30_49_283,0.6,0.5235988,172858.0,236322.0,-0.240864,0.03688021,0.1361319,0.003859986,0.009605214,6.049488,1.53,-0.01164976,0.004708613,1.210521,-0.008821487,0.005066394,0.05341693,1.809
2024_02_10_00_30_49_316,0.6,0.5235988,172969.0,236473.0,-0.1915312,0.02618662,0.1361319,0.003859986,0.009605362,6.089439,1.53,-0.01159213,0.004690264,1.210739,0.0191927,-0.0002682209,-0.01522619,1.809
2024_02_10_00_30_49_354,0.6,0.5235988,173096.0,236647.0,-0.1342485,0.01632525,0.1361318,0.003859986,0.009605058,6.135442,1.53,-0.01160503,0.004723578,1.210438,0.01251697,-0.005125999,-0.0265846,1.809
2024_02_10_00_30_49_392,0.6,0.5235988,173219.0,236816.0,-0.07809493,0.009264642,0.1361319,0.003859986,0.009605185,6.180234,1.53,-0.01168867,0.004600648,1.210518,0.07140636,-0.02166629,-0.07624272,1.809
2024_02_10_00_30_49_429,0.6,0.5235988,173346.0,236990.0,-0.02015337,0.004638081,0.1361318,0.003859453,0.009604961,6.226235,1.53,-0.01161007,0.004749542,1.210419,-0.01704693,0.003367662,-0.003953464,1.809
2024_02_10_00_30_49_466,0.6,0.5235988,173470.0,237159.0,0.03640944,0.002698288,0.1361319,0.003859453,0.00960533,6.271027,1.53,-0.01163491,0.004693112,1.210534,-0.02610683,0.006973743,0.01913775,1.809
2024_02_10_00_30_49_504,0.6,0.5235988,173597.0,237332.0,0.09453192,0.003344646,0.1361319,0.003859453,0.009605149,0.03384345,1.53,-0.01165852,0.004687213,1.210491,-0.008821487,-0.002026558,0.007806345,1.809
2024_02_10_00_30_49_538,0.6,0.5235988,173707.0,237483.0,0.1449369,0.006074185,0.136132,0.003859986,0.009605252,0.07379299,1.53,-0.01163175,0.004670591,1.210549,0.020504,0.001251697,-0.003651716,1.809
2024_02_10_00_30_49_575,0.6,0.5235988,173834.0,237657.0,0.2027897,0.01170808,0.1361318,0.003859986,0.009605009,0.1197964,1.53,-0.01165459,0.004638334,1.210471,0.04088878,-0.01323223,-0.02269074,1.809
2024_02_10_00_30_49_612,0.6,0.5235988,173957.0,237826.0,0.2588126,0.01974464,0.1361318,0.003859453,0.00960513,0.1645876,1.53,-0.01160888,0.00467201,1.210595,-0.0308752,0.01010299,0.06092339,1.809
2024_02_10_00_30_49_646,0.6,0.5235988,174067.0,237977.0,0.3084315,0.02902295,0.1361318,0.003859453,0.009605058,0.2045372,1.53,-0.01167718,0.004743018,1.210539,0.001549721,-0.006407499,-0.02668146,1.809
2024_02_10_00_30_49_679,0.6,0.5235988,174181.0,238132.0,0.359124,0.04064737,0.1361319,0.003859986,0.009605346,0.2456974,1.53,-0.01155789,0.004677747,1.210694,-0.02598762,0.01958013,0.09553041,1.809
2024_02_10_00_30_49_717,0.6,0.5235988,174305.0,238301.0,0.4136951,0.05565585,0.1361318,0.003859453,0.009604951,0.2904891,1.53,-0.01163977,0.004673099,1.210495,0.005125999,0.0007152557,0.01885369,1.809
2024_02_10_00_30_49_750,0.6,0.5235988,174418.0,238457.0,0.4632033,0.07158943,0.1361318,0.003859453,0.009605066,0.3316504,1.53,-0.01160596,0.004739553,1.210552,-0.01788139,0.006049871,0.003805384,1.809
2024_02_10_00_30_49_787,0.6,0.5235988,174542.0,238626.0,0.5162848,0.09122733,0.1361319,0.003859986,0.009605035,0.3764442,1.53,-0.01167187,0.004643218,1.210424,0.03492832,-0.0179112,-0.05707517,1.809
2024_02_10_00_30_49_825,0.6,0.5235988,174669.0,238799.0,0.5698277,0.1138498,0.1361318,0.003859453,0.009605308,0.422445,1.53,-0.01167982,0.004712069,1.210461,-0.03182888,-0.002622604,-0.01899991,1.809
2024_02_10_00_30_49_858,0.6,0.5235988,174779.0,238950.0,0.6154397,0.1354755,0.1361319,0.003859986,0.009605163,0.4623951,1.53,-0.01166173,0.004643415,1.210418,0.004172325,-0.004529953,0.00382401,1.809
2024_02_10_00_30_49_896,0.6,0.5235988,174902.0,239119.0,0.6655076,0.1618669,0.1361318,0.003859453,0.009604902,0.5071857,1.53,-0.01157241,0.004714848,1.210503,0.007390975,0.009953975,0.06864034,1.809
2024_02_10_00_30_49_929,0.6,0.5235988,175016.0,239275.0,0.7104322,0.1880726,0.1361318,0.003859986,0.009605018,0.5483481,1.53,-0.01160836,0.004742283,1.210436,-0.0462532,0.01299381,0.03029033,1.809
2024_02_10_00_30_49_962,0.6,0.5235988,175126.0,239426.0,0.752969,0.2152551,0.1361318,0.003859453,0.009605195,0.5882992,1.53,-0.01161934,0.004708482,1.210546,-0.02658367,0.009119511,0.04208833,1.809
2024_02_10_00_30_49_999,0.6,0.5235988,175253.0,239599.0,0.8005583,0.2486314,0.1361319,0.003859453,0.009605321,0.6343005,1.53,-0.01163905,0.004660163,1.210477,-0.004053116,-0.004291534,-0.03444962,1.809
2024_02_10_00_30_50_033,0.6,0.5235988,175363.0,239750.0,0.8406031,0.2793652,0.136132,0.003859986,0.009605314,0.6742511,1.53,-0.01159224,0.004627835,1.210622,0.05722046,-0.007808208,-0.02644025,1.809
2024_02_10_00_30_50_071,0.6,0.5235988,175487.0,239919.0,0.8840013,0.3156953,0.1361319,0.003859986,0.009605331,0.7190439,1.53,-0.01156985,0.004637608,1.210624,0.009059906,0.003099441,0.02692547,1.809
2024_02_10_00_30_50_108,0.6,0.5235988,175614.0,240093.0,0.9268325,0.3549903,0.1361319,0.003859986,0.009605285,0.7650484,1.53,-0.01157672,0.004685779,1.210662,-0.02074241,0.01120567,0.0188034,1.809
2024_02_10_00_30_50_141,0.6,0.5235988,175724.0,240244.0,0.9625303,0.3906831,0.1361319,0.003859453,0.009605129,0.8050011,1.53,-0.01164749,0.004710054,1.210519,0.006198883,-0.006616115,-0.03813952,1.809
2024_02_10_00_30_50_179,0.6,0.5235988,175851.0,240417.0,1.001831,0.4335118,0.1361319,0.003859986,0.009605069,0.8510046,1.53,-0.01164646,0.004629866,1.210467,0.03433228,-0.01645088,-0.06107054,1.809
2024_02_10_00_30_50_216,0.6,0.5235988,175974.0,240586.0,1.038166,0.4769077,0.1361318,0.003859986,0.00960505,0.8957979,1.53,-0.01164109,0.004667558,1.210507,-0.008583069,-0.003576278,0.003639608,1.809
2024_02_10_00_30_50_254,0.6,0.5235988,176101.0,240760.0,1.07342,0.5231245,0.1361319,0.003859986,0.009605246,0.9417998,1.53,-0.01160721,0.004677675,1.210657,0.01239777,0.005960464,0.01135748,1.809
2024_02_10_00_30_50_287,0.6,0.5235988,176212.0,240911.0,1.102284,0.5645389,0.1361319,0.003859986,0.009605143,0.9817504,1.53,-0.01168454,0.004629231,1.210518,0.04708767,-0.01198053,-0.04585646,1.809
2024_02_10_00_30_50_321,0.6,0.5235988,176322.0,241062.0,1.129471,0.6070732,0.1361318,0.003859986,0.009605057,1.021699,1.53,-0.01170105,0.004732252,1.210474,-0.01144409,-0.01123547,-0.06892439,1.809
2024_02_10_00_30_50_358,0.6,0.5235988,176449.0,241235.0,1.158643,0.6573504,0.1361318,0.003859986,0.009605436,1.067702,1.53,-0.01160504,0.004697724,1.210565,-0.01525879,-0.002086163,-0.01511257,1.809
2024_02_10_00_30_50_396,0.6,0.5235988,176572.0,241405.0,1.184796,0.7075439,0.1361319,0.003859986,0.009605302,1.112494,1.53,-0.01158816,0.004720288,1.210651,-0.004053116,0.003427267,-0.003756955,1.809
2024_02_10_00_30_50_433,0.6,0.5235988,176699.0,241578.0,1.20929,0.7602594,0.136132,0.003859986,0.009605297,1.158492,1.53,-0.01156416,0.004679339,1.210493,-0.01752377,0.008881092,0.003565103,1.809
2024_02_10_00_30_50_471,0.6,0.5235988,176823.0,241747.0,1.230785,0.8126165,0.1361319,0.003859986,0.00960518,1.203281,1.53,-0.01161974,0.0046748,1.210469,0.00989437,-0.01081824,-0.05747657,1.809
2024_02_10_00_30_50_508,0.6,0.5235988,176950.0,241921.0,1.250398,0.8673366,0.1361317,0.003859453,0.009605059,1.249284,1.53,-0.01166252,0.004688411,1.210465,-0.01978874,0.004321337,0.007569789,1.809
2024_02_10_00_30_50_545,0.6,0.5235988,177073.0,242090.0,1.267057,0.92143,0.1361318,0.003859453,0.009604987,1.294074,1.53,-0.0115683,0.004734015,1.210575,-0.02384186,0.0103414,0.05325954,1.809
2024_02_10_00_30_50_583,0.6,0.5235988,177200.0,242264.0,1.281628,0.9777039,0.1361319,0.003859986,0.009605305,1.340074,1.53,-0.01167858,0.004599936,1.210591,0.05042553,-0.009357929,-0.02265721,1.809
2024_02_10_00_30_50_616,0.6,0.5235988,177310.0,242415.0,1.292172,1.027073,0.1361318,0.003859986,0.009605131,1.380027,1.53,-0.0116445,0.004676147,1.210627,0.02861023,-0.007361173,-0.02268702,1.809
2024_02_10_00_30_50_654,0.6,0.5235988,177437.0,242588.0,1.301859,1.08439,0.1361318,0.003859986,0.009605341,1.42603,1.53,-0.01157975,0.00465998,1.210624,0.01692772,-0.002026558,-0.01500174,1.809
2024_02_10_00_30_50_692,0.6,0.5235988,177561.0,242757.0,1.308749,1.14057,0.1361319,0.003859453,0.009605199,1.470822,1.53,-0.01165158,0.004655632,1.210536,-0.03302097,0.002473593,-0.003956258,1.809
2024_02_10_00_30_50_725,0.6,0.5235988,177671.0,242908.0,1.312767,1.190893,0.136132,0.003859986,0.009605545,1.510774,1.53,-0.01165352,0.004626523,1.210673,-0.009775162,0.001132488,-0.03057904,1.809
2024_02_10_00_30_50_762,0.6,0.5235988,177798.0,243082.0,1.314899,1.248985,0.1361318,0.003859986,0.009605015,1.556779,1.53,-0.01170341,0.004630153,1.210521,0.01370907,-0.009715557,-0.01512468,1.809
2024_02_10_00_30_50_796,0.6,0.5235988,177908.0,243233.0,1.31458,1.299468,0.1361317,0.003859986,0.009604995,1.596729,1.53,-0.01164561,0.004666174,1.210582,0.01323223,-0.00283122,-0.01134537,1.809
2024_02_10_00_30_50_833,0.6,0.5235988,178035.0,243406.0,1.311718,1.357529,0.1361319,0.003859986,0.009604899,1.642736,1.53,-0.01174932,0.004642203,1.210469,0.02419948,-0.006616115,-0.02281926,1.809
2024_02_10_00_30_50_871,0.6,0.5235988,178159.0,243575.0,1.306367,1.413878,0.1361319,0.003859986,0.009604965,1.687533,1.53,-0.01163902,0.004687243,1.210604,-0.02670288,0.002562999,-0.004131347,1.809
2024_02_10_00_30_50_908,0.6,0.5235988,178286.0,243749.0,1.298252,1.471441,0.1361318,0.003859986,0.009605203,1.733544,1.53,-0.01158059,0.00463508,1.210586,-0.010252,0.0005960464,0.01537893,1.809
2024_02_10_00_30_50_946,0.6,0.5235988,178409.0,243918.0,1.287814,1.527073,0.1361319,0.003859986,0.009605215,1.778338,1.53,-0.01169179,0.004588886,1.210634,-0.006198883,-0.005066394,0.01154188,1.809
2024_02_10_00_30_50_983,0.6,0.5235988,178536.0,244092.0,1.274511,1.583663,0.1361318,0.003859986,0.009605029,1.824344,1.53,-0.01168209,0.004652094,1.210573,-0.004053116,-0.01519918,-0.06510317,1.809
2024_02_10_00_30_51_017,0.6,0.5235988,178646.0,244243.0,1.260858,1.632268,0.1361318,0.003859986,0.009604945,1.864298,1.53,-0.01168556,0.004713563,1.210588,0.003099441,-0.001013279,-0.01533888,1.809
2024_02_10_00_30_51_054,0.6,0.5235988,178773.0,244416.0,1.242746,1.687508,0.1361318,0.003859986,0.009605183,1.910311,1.53,-0.01155524,0.004657199,1.210618,-0.03099441,0.01055002,0.06102305,1.809
2024_02_10_00_30_51_087,0.6,0.5235988,178883.0,244567.0,1.224971,1.734761,0.1361318,0.003859986,0.009605263,1.950264,1.53,-0.01164818,0.004666844,1.210626,0.005245208,0.004887581,0.02694502,1.809
2024_02_10_00_30_51_124,0.6,0.5235988,179007.0,244736.0,1.202814,1.786845,0.1361318,0.003859986,0.009605222,1.995059,1.53,-0.0116699,0.004641869,1.210572,-0.02801418,0.0001788139,-0.0003241002,1.809
2024_02_10_00_30_51_162,0.6,0.5235988,179134.0,244910.0,1.177655,1.839251,0.1361319,0.003859986,0.009605152,2.041068,1.53,-0.01161277,0.004718774,1.210538,-0.04076957,0.01865625,0.08385069,1.809
2024_02_10_00_30_51_199,0.6,0.5235988,179258.0,245079.0,1.150867,1.889114,0.1361318,0.003859986,0.009605105,2.085863,1.53,-0.01162076,0.004713753,1.210591,-0.01525879,0.008046627,0.03437046,1.809
2024_02_10_00_30_51_233,0.6,0.5235988,179371.0,245234.0,1.124305,1.933836,0.1361318,0.003859986,0.009605045,2.127025,1.53,-0.01163239,0.004706359,1.210664,-0.005483627,-0.005125999,-0.03068242,1.809
2024_02_10_00_30_51_271,0.6,0.5235988,179495.0,245404.0,1.093334,1.981214,0.1361319,0.003859986,0.00960501,2.171821,1.53,-0.01162909,0.00471173,1.210483,-0.01251697,0.01227856,0.06493367,1.809
2024_02_10_00_30_51_308,0.6,0.5235988,179622.0,245577.0,1.05935,2.028382,0.1361318,0.003859986,0.009605057,2.217828,1.53,-0.01160323,0.00469216,1.210602,-0.001072884,0.01049042,0.04198961,1.809
2024_02_10_00_30_51_345,0.6,0.5235988,179745.0,245746.0,1.02421,2.072761,0.1361319,0.003859986,0.009605172,2.262623,1.53,-0.01160346,0.004723554,1.210651,0.006794929,0.002980232,0.007818453,1.809
2024_02_10_00_30_51_388,0.6,0.5235988,179885.0,245938.0,0.9819602,2.121168,0.1361317,0.003860518,0.009604931,2.31347,1.53,-0.01172697,0.004676783,1.210555,0.03898144,-0.01651049,-0.06497651,1.809
2024_02_10_00_30_51_426,0.6,0.5235988,180009.0,246107.0,0.9427431,2.161986,0.1361319,0.003859986,0.009605362,2.358264,1.53,-0.01159246,0.004692109,1.210595,-0.03945827,0.0166893,0.04559289,1.809
2024_02_10_00_30_51_462,0.6,0.5235988,180136.0,246281.0,0.9006046,2.202036,0.1361319,0.003860518,0.009605131,2.404269,1.53,-0.01164028,0.004688466,1.210584,0.009536743,0.005125999,0.01899153,1.809
2024_02_10_00_30_51_501,0.6,0.5235988,180259.0,246450.0,0.8578473,2.23913,0.1361319,0.003859986,0.009605346,2.449064,1.53,-0.01164894,0.004649899,1.210637,0.03528595,-0.005960464,0.01191907,1.809
2024_02_10_00_30_51_533,0.6,0.5235988,180373.0,246606.0,0.8171281,2.271499,0.1361319,0.003860518,0.009605176,2.490225,1.53,-0.01162323,0.004720107,1.210663,0.03767014,-0.005900859,-0.04568882,1.809
2024_02_10_00_30_51_570,0.6,0.5235988,180497.0,246775.0,0.7713447,2.304788,0.1361318,0.003859986,0.009605248,2.535021,1.53,-0.01164185,0.00470135,1.210593,0.0002384186,0.01329183,0.06117858,1.809
2024_02_10_00_30_51_608,0.6,0.5235988,180624.0,246948.0,0.722821,2.336805,0.1361319,0.003859986,0.009605195,2.581028,1.53,-0.01164875,0.004640389,1.210572,0.01311302,-0.005245208,-0.003827736,1.809
2024_02_10_00_30_51_646,0.6,0.5235988,180747.0,247117.0,0.6742082,2.365805,0.1361317,0.003859986,0.009605157,2.625825,1.53,-0.01166292,0.004778964,1.210599,-0.02789497,0.00500679,0.01165178,1.809
2024_02_10_00_30_51_678,0.6,0.5235988,180857.0,247268.0,0.6297932,2.389809,0.1361317,0.003859986,0.009604732,2.665778,1.53,-0.01174146,0.004671204,1.210374,0.02408027,-0.01221895,-0.03454648,1.809
2024_02_10_00_30_51_712,0.6,0.5235988,180971.0,247424.0,0.5830666,2.412666,0.1361319,0.003859986,0.009605171,2.706941,1.53,-0.01165247,0.00462834,1.210605,0.02217293,0.0005364418,0.01531839,1.809
2024_02_10_00_30_51_749,0.6,0.5235988,181094.0,247593.0,0.5311958,2.43533,0.1361319,0.003859986,0.00960508,2.751736,1.53,-0.01169504,0.004649829,1.210561,0.01645088,-0.009536743,-0.03437884,1.809
2024_02_10_00_30_51_787,0.6,0.5235988,181221.0,247766.0,0.4769212,2.456166,0.1361318,0.003859986,0.009604814,2.797744,1.53,-0.01162999,0.004765634,1.210548,-0.01847744,0.003814697,0.01514144,1.809
2024_02_10_00_30_51_825,0.6,0.5235988,181345.0,247935.0,0.4232081,2.474035,0.1361318,0.003860518,0.009605203,2.84254,1.53,-0.01157409,0.004779614,1.210773,-0.03004074,0.01475215,0.04194025,1.809
2024_02_10_00_30_51_862,0.6,0.5235988,181472.0,248109.0,0.367268,2.489864,0.1361319,0.003859986,0.009605265,2.888548,1.53,-0.01167808,0.004634845,1.210616,0.02765655,-0.008970499,0.004172325,1.809
2024_02_10_00_30_51_900,0.6,0.5235988,181595.0,248278.0,0.3121565,2.502788,0.1361319,0.003859986,0.009605371,2.933343,1.53,-0.01167531,0.004703075,1.210655,-0.03457069,0.001251697,-0.007669441,1.809
2024_02_10_00_30_51_937,0.6,0.5235988,181722.0,248452.0,0.2550119,2.513479,0.136132,0.003859986,0.009605187,2.979349,1.53,-0.01171977,0.004557833,1.210536,0.06616116,-0.03027916,-0.1337686,1.809
2024_02_10_00_30_51_971,0.6,0.5235988,181833.0,248603.0,0.205032,2.520624,0.1361318,0.003859986,0.009605167,3.019302,1.53,-0.01159254,0.004734717,1.210536,-0.006318092,0.005900859,0.03833603,1.809
2024_02_10_00_30_52_008,0.6,0.5235988,181959.0,248776.0,0.1471803,2.52637,0.1361318,0.003859986,0.009605388,3.065308,1.53,-0.01168559,0.00462861,1.210558,0.02503395,-0.01558661,-0.07237494,1.809
2024_02_10_00_30_52_045,0.6,0.5235988,182083.0,248946.0,0.09065549,2.529402,0.1361319,0.003859986,0.009605293,3.110102,1.53,-0.01163184,0.004663006,1.210638,0.04231929,-0.006109476,-0.03422983,1.809
2024_02_10_00_30_52_083,0.6,0.5235988,182210.0,249119.0,0.03252123,2.52988,0.1361318,0.003860518,0.009605414,3.15611,1.53,-0.01161354,0.004694299,1.210732,-0.0004768371,-0.0004470348,-0.01881924,1.809
2024_02_10_00_30_52_120,0.6,0.5235988,182334.0,249288.0,-0.0240466,2.527775,0.1361318,0.003859986,0.009605165,3.200905,1.53,-0.01164257,0.004671805,1.210694,-0.002026558,-0.003099441,-0.003946014,1.809
2024_02_10_00_30_52_153,0.6,0.5235988,182444.0,249439.0,-0.07437485,2.523763,0.1361319,0.003859986,0.009604979,3.240859,1.53,-0.01159958,0.004681951,1.210562,0.05221367,-0.006407499,0.000170432,1.809
2024_02_10_00_30_52_191,0.6,0.5235988,182571.0,249613.0,-0.132076,2.516657,0.1361318,0.003859986,0.009605128,3.286865,1.53,-0.01165959,0.004728357,1.21067,-0.02074241,0.005364418,0.04568416,1.809
2024_02_10_00_30_52_225,0.6,0.5235988,182681.0,249764.0,-0.1818744,2.508338,0.1361318,0.003860518,0.009604903,3.32682,1.53,-0.0116433,0.004661095,1.210575,-0.0003576278,-0.005215406,-0.0002142042,1.809
2024_02_10_00_30_52_262,0.6,0.5235988,182808.0,249937.0,-0.2387523,2.496305,0.1361319,0.003860518,0.009605235,3.372827,1.53,-0.01156795,0.004717149,1.210585,-0.01561642,0.01114607,0.01128577,1.809
2024_02_10_00_30_52_300,0.6,0.5235988,182931.0,250106.0,-0.2935456,2.482087,0.1361319,0.003859986,0.009605255,3.417623,1.53,-0.01164346,0.004747299,1.210704,0.009536743,-0.009953975,-0.07247739,1.809
2024_02_10_00_30_52_337,0.6,0.5235988,183058.0,250280.0,-0.3490982,2.464946,0.1361319,0.003859986,0.009604892,3.46363,1.53,-0.01163052,0.004656996,1.210486,0.0371933,-0.01060963,-0.003891997,1.809
2024_02_10_00_30_52_370,0.6,0.5235988,183168.0,250431.0,-0.3966583,2.448001,0.1361319,0.003859986,0.009605065,3.503585,1.53,-0.01174001,0.004630384,1.21049,0.02217293,-0.01567602,-0.0344431,1.809
2024_02_10_00_30_52_408,0.6,0.5235988,183295.0,250605.0,-0.4505331,2.426152,0.136132,0.003860518,0.009605231,3.549593,1.53,-0.01164639,0.004676091,1.210555,-0.01835823,-0.005602836,-0.03467221,1.809
2024_02_10_00_30_52_440,0.6,0.5235988,183406.0,250755.0,-0.4964617,2.405187,0.1361319,0.003859986,0.009605293,3.589544,1.53,-0.01168563,0.004755476,1.210527,-0.02145767,0.00667572,0.02291053,1.809
2024_02_10_00_30_52_478,0.6,0.5235988,183529.0,250924.0,-0.5469136,2.37952,0.1361319,0.003859986,0.009605126,3.634339,1.53,-0.01156444,0.004735461,1.210622,-0.02813339,0.00578165,0.01484901,1.809
2024_02_10_00_30_52_512,0.6,0.5235988,183643.0,251080.0,-0.5922201,2.353965,0.1361318,0.003860518,0.00960548,3.675503,1.53,-0.01166344,0.004702128,1.210695,-0.0004768371,-0.006735324,-0.0303071,1.809
2024_02_10_00_30_52_550,0.6,0.5235988,183766.0,251249.0,-0.6402835,2.324063,0.1361318,0.003859986,0.009605265,3.720299,1.53,-0.01161121,0.004725419,1.210714,-0.001430511,0.0008940696,0.01163501,1.809
2024_02_10_00_30_52_587,0.6,0.5235988,183893.0,251423.0,-0.6882,2.291144,0.1361319,0.003860518,0.009605384,3.766305,1.53,-0.01167395,0.004578976,1.210481,0.01657009,-0.007212162,-0.02679881,1.809
2024_02_10_00_30_52_621,0.6,0.5235988,184003.0,251573.0,-0.7285466,2.260793,0.1361319,0.003859986,0.009605531,3.806256,1.53,-0.01168593,0.004639693,1.210518,0.03910065,-0.01907349,-0.08762161,1.809
2024_02_10_00_30_52_658,0.6,0.5235988,184130.0,251747.0,-0.7734597,2.223883,0.1361319,0.003859986,0.009605392,3.852261,1.53,-0.01159895,0.004636034,1.210684,0.01204014,0.002980232,0.0346005,1.809
2024_02_10_00_30_52_697,0.6,0.5235988,184254.0,251916.0,-0.8155159,2.185996,0.1361319,0.003859986,0.009605454,3.897059,1.53,-0.01165923,0.004610671,1.21058,0.003933907,-0.007152557,-0.01517497,1.809
2024_02_10_00_30_52_733,0.6,0.5235988,184381.0,252090.0,-0.8568972,2.145166,0.1361319,0.003859986,0.009605474,3.943066,1.53,-0.01147931,0.004660319,1.210663,-0.006198883,0.01782179,0.06876513,1.809
2024_02_10_00_30_52_766,0.6,0.5235988,184491.0,252241.0,-0.8912802,2.108197,0.1361319,0.003859986,0.00960534,3.98302,1.53,-0.01157471,0.004654392,1.210673,0.02598762,-0.003576278,-0.0306312,1.809
2024_02_10_00_30_52_803,0.6,0.5235988,184615.0,252410.0,-0.9280353,2.06515,0.1361319,0.003860518,0.009605311,4.027815,1.53,-0.01162095,0.004647752,1.210687,0.005602836,0.009059906,0.04578195,1.809
2024_02_10_00_30_52_837,0.6,0.5235988,184728.0,252565.0,-0.9600821,2.024178,0.1361319,0.003859986,0.009605218,4.068978,1.53,-0.01162125,0.004721301,1.210616,0.00500679,-0.001907349,-0.02676248,1.809
2024_02_10_00_30_52_874,0.6,0.5235988,184852.0,252734.0,-0.9930087,1.978135,0.1361319,0.003860518,0.009605392,4.113772,1.53,-0.011579,0.004674763,1.210626,0.004529953,0.00411272,0.01148228,1.809
2024_02_10_00_30_52_912,0.6,0.5235988,184979.0,252908.0,-1.024644,1.929362,0.1361318,0.003859986,0.009605103,4.159779,1.53,-0.01164899,0.004671242,1.210524,0.015378,-0.005692243,0.004081987,1.809
2024_02_10_00_30_52_949,0.6,0.5235988,185102.0,253077.0,-1.053258,1.880524,0.1361319,0.003859986,0.009605427,4.204574,1.53,-0.01157847,0.004673994,1.210629,0.01204014,-0.005900859,-0.04945974,1.809
2024_02_10_00_30_52_987,0.6,0.5235988,185229.0,253251.0,-1.08034,1.829083,0.1361319,0.003859986,0.009605358,4.250579,1.53,-0.01166212,0.004653558,1.210684,0.02479553,-0.01260638,-0.05717761,1.809
2024_02_10_00_30_53_020,0.6,0.5235988,185339.0,253402.0,-1.101917,1.783441,0.136132,0.003859986,0.009605302,4.29053,1.53,-0.01165538,0.004662482,1.210583,-0.01621246,-0.001132488,-0.03469083,1.809
2024_02_10_00_30_53_058,0.6,0.5235988,185463.0,253571.0,-1.123918,1.731288,0.1361319,0.003860518,0.009605263,4.335322,1.53,-0.01162938,0.004645377,1.210664,0.006794929,0.007420778,0.03812369,1.809
2024_02_10_00_30_53_096,0.6,0.5235988,185590.0,253744.0,-1.144062,1.676757,0.1361319,0.003860518,0.009605347,4.38133,1.53,-0.01165176,0.004605686,1.210705,0.03707409,-0.01788139,-0.08400715,1.809
2024_02_10_00_30_53_128,0.6,0.5235988,185700.0,253895.0,-1.159505,1.628691,0.1361319,0.003859986,0.00960532,4.42128,1.53,-0.01166156,0.004679543,1.210567,-0.01132488,0.003159046,-0.003845431,1.809
2024_02_10_00_30_53_166,0.6,0.5235988,185827.0,254069.0,-1.174896,1.572632,0.136132,0.003859986,0.009605416,4.467285,1.53,-0.011644,0.004677988,1.2107,0.02765655,0.001311302,-0.007322058,1.809
2024_02_10_00_30_53_199,0.6,0.5235988,185937.0,254220.0,-1.186155,1.523418,0.136132,0.003859986,0.009605296,4.507234,1.53,-0.01155603,0.004689644,1.210664,0.01192093,-0.002205372,-0.04219543,1.809
2024_02_10_00_30_53_237,0.6,0.5235988,186064.0,254393.0,-1.196673,1.466245,0.1361319,0.003859986,0.009605237,4.553237,1.53,-0.01161855,0.004681384,1.210509,-0.01978874,0.0001490116,-6.239861e-05,1.809
2024_02_10_00_30_53_274,0.6,0.5235988,186188.0,254562.0,-1.204377,1.41017,0.136132,0.003859986,0.009605436,4.598032,1.53,-0.0115738,0.004645165,1.210645,-0.0003576278,0.003308058,0.003810972,1.809
2024_02_10_00_30_53_312,0.6,0.5235988,186315.0,254736.0,-1.20967,1.352281,0.1361319,0.003859986,0.009605415,4.644036,1.53,-0.0115042,0.00470875,1.210646,0.003099441,0.005125999,0.007706694,1.809
2024_02_10_00_30_53_345,0.6,0.5235988,186425.0,254887.0,-1.2121,1.301856,0.136132,0.003859986,0.009605367,4.683986,1.53,-0.01163863,0.00463448,1.2106,0.003099441,-0.003933907,-0.01528207,1.809
2024_02_10_00_30_53_382,0.6,0.5235988,186548.0,255056.0,-1.212428,1.245255,0.136132,0.003859986,0.009605438,4.728778,1.53,-0.01169961,0.004605432,1.210544,-0.008702278,-0.00461936,-0.02686586,1.809
2024_02_10_00_30_53_416,0.6,0.5235988,186662.0,255211.0,-1.210495,1.193279,0.1361319,0.003859986,0.009605278,4.769943,1.53,-0.01157958,0.004709437,1.21051,-0.015378,0.01522899,0.06493274,1.809
2024_02_10_00_30_53_453,0.6,0.5235988,186786.0,255381.0,-1.205966,1.13686,0.1361319,0.003859986,0.009605604,4.814738,1.53,-0.01158413,0.004604251,1.210688,-0.003576278,0.01102686,0.06118044,1.809
2024_02_10_00_30_53_487,0.6,0.5235988,186899.0,255536.0,-1.199577,1.085241,0.1361318,0.003859986,0.009605604,4.8559,1.53,-0.01155333,0.004725771,1.21076,-0.01633167,0.009387732,0.01544971,1.809
2024_02_10_00_30_53_524,0.6,0.5235988,187026.0,255710.0,-1.189932,1.027917,0.1361319,0.003859986,0.009605438,4.901907,1.53,-0.01161066,0.004604632,1.210574,0.006318092,0.00333786,0.01902133,1.809
2024_02_10_00_30_53_562,0.6,0.5235988,187150.0,255879.0,-1.178015,0.9725852,0.1361319,0.003859986,0.009605206,4.946696,1.53,-0.01167366,0.004716412,1.210577,0.004649162,-0.003278255,-0.03049243,1.809
2024_02_10_00_30_53_600,0.6,0.5235988,187277.0,256052.0,-1.163211,0.9163727,0.136132,0.003859986,0.00960534,4.992701,1.53,-0.01163513,0.004602949,1.210673,0.05424022,-0.02413988,-0.12621,1.809
2024_02_10_00_30_53_636,0.6,0.5235988,187400.0,256221.0,-1.146327,0.8623492,0.1361319,0.003859986,0.009605245,5.037495,1.53,-0.01170143,0.00466423,1.210528,0.01692772,-0.002741813,-0.007448717,1.809
2024_02_10_00_30_53_674,0.6,0.5235988,187524.0,256391.0,-1.127041,0.8091362,0.1361319,0.003859986,0.009605423,5.08229,1.53,-0.01164928,0.004630639,1.210618,0.01561642,-0.008523464,-0.04564598,1.809
2024_02_10_00_30_53_712,0.6,0.5235988,187651.0,256564.0,-1.104774,0.7554411,0.1361318,0.003859986,0.009605411,5.128292,1.53,-0.01166334,0.004669014,1.210586,0.01227856,-0.003993511,-0.02660136,1.809
2024_02_10_00_30_53_749,0.6,0.5235988,187774.0,256733.0,-1.080741,0.7041978,0.136132,0.003859986,0.009605507,5.173087,1.53,-0.01154127,0.004680732,1.210671,-0.004410744,0.004649162,2.142042e-05,1.809
2024_02_10_00_30_53_787,0.6,0.5235988,187901.0,256907.0,-1.053698,0.652743,0.1361319,0.003859986,0.009605405,5.219092,1.53,-0.01157262,0.004702014,1.210667,-0.02884865,0.01323223,0.03430527,1.809
2024_02_10_00_30_53_824,0.6,0.5235988,188025.0,257076.0,-1.025119,0.603889,0.1361319,0.003859986,0.009605465,5.263885,1.53,-0.01161792,0.004719711,1.210679,-0.0218153,0.003635883,0.007927418,1.809
2024_02_10_00_30_53_862,0.6,0.5235988,188152.0,257250.0,-0.9935204,0.5550989,0.1361319,0.003859986,0.009605258,5.309887,1.53,-0.01158079,0.004718024,1.210657,-0.02300739,0.01019239,0.03049802,1.809
2024_02_10_00_30_53_899,0.6,0.5235988,188275.0,257419.0,-0.9606287,0.5090374,0.1361318,0.003859986,0.009604992,5.354681,1.53,-0.01158229,0.004732021,1.210554,-0.03504753,0.01072884,0.01874566,1.809
2024_02_10_00_30_53_936,0.6,0.5235988,188402.0,257593.0,-0.9247371,0.4633136,0.1361319,0.003859986,0.009605246,5.400684,1.53,-0.01165496,0.004637562,1.210461,0.02098083,-0.01388788,-0.0647828,1.809
2024_02_10_00_30_53_975,0.6,0.5235988,188526.0,257762.0,-0.8878045,0.4204249,0.1361319,0.003859986,0.009605237,5.445476,1.53,-0.01166332,0.004719851,1.210597,0.003457069,-0.008821487,-0.0457745,1.809
2024_02_10_00_30_54_012,0.6,0.5235988,188653.0,257935.0,-0.8479152,0.3781445,0.1361319,0.003859986,0.009605125,5.49148,1.53,-0.01158141,0.004672991,1.210499,-0.01609325,0.01782179,0.09521376,1.809
2024_02_10_00_30_54_049,0.6,0.5235988,188776.0,258104.0,-0.8072471,0.3387821,0.1361319,0.003859986,0.009605358,5.536271,1.53,-0.01157844,0.004718102,1.210587,-0.002741813,0.00500679,0.0155298,1.809
2024_02_10_00_30_54_087,0.6,0.5235988,188903.0,258278.0,-0.7636885,0.3002934,0.1361318,0.003859986,0.009605188,5.582273,1.53,-0.0116216,0.004694371,1.21048,0.03075599,-0.0007748603,0.0002132729,1.809
2024_02_10_00_30_54_124,0.6,0.5235988,189027.0,258447.0,-0.719619,0.2647808,0.1361318,0.003859986,0.009605153,5.627066,1.53,-0.01172337,0.004626625,1.210423,0.03266335,-0.01496076,-0.02648402,1.809
2024_02_10_00_30_54_162,0.6,0.5235988,189150.0,258616.0,-0.6740035,0.2312768,0.1361319,0.003859986,0.00960534,5.671859,1.53,-0.01162473,0.004652986,1.210459,0.02110004,-0.00333786,0.0003511086,1.809
2024_02_10_00_30_54_199,0.6,0.5235988,189277.0,258790.0,-0.6256431,0.1990295,0.1361319,0.003859986,0.009605334,5.717862,1.53,-0.01160552,0.004682627,1.210516,0.0320673,-0.007271766,-0.01887605,1.809
2024_02_10_00_30_54_232,0.6,0.5235988,189387.0,258941.0,-0.5824807,0.1728553,0.136132,0.003859986,0.009605311,5.757812,1.53,-0.0116138,0.004671623,1.210473,0.004768372,-0.0008642673,-0.01152698,1.809
2024_02_10_00_30_54_270,0.6,0.5235988,189514.0,259114.0,-0.5315309,0.1448793,0.1361319,0.003859986,0.009605537,5.803814,1.53,-0.01163909,0.004664791,1.210565,-0.004410744,0.004321337,0.03459863,1.809
2024_02_10_00_30_54_304,0.6,0.5235988,189624.0,259265.0,-0.4862807,0.1225077,0.1361319,0.003859453,0.009605518,5.843763,1.53,-0.01161429,0.004654812,1.210532,0.001549721,0.004053116,0.01164153,1.809
2024_02_10_00_30_54_341,0.6,0.5235988,189751.0,259439.0,-0.4331166,0.09900953,0.1361318,0.003859986,0.009605196,5.889764,1.53,-0.01161847,0.004683342,1.210534,0.02551079,0.0009834766,0.03079977,1.809
2024_02_10_00_30_54_378,0.6,0.5235988,189875.0,259608.0,-0.3803654,0.07850241,0.1361318,0.003859986,0.009605003,5.934556,1.53,-0.01170348,0.004697575,1.210459,0.01204014,-0.01090765,-0.05348585,1.809
2024_02_10_00_30_54_412,0.6,0.5235988,189985.0,259759.0,-0.3325828,0.06222149,0.1361318,0.003859986,0.009604776,5.974504,1.53,-0.01166628,0.00473487,1.210457,-0.001549721,-0.003010034,-0.03100559,1.809
2024_02_10_00_30_54_449,0.6,0.5235988,190112.0,259933.0,-0.2768082,0.04585484,0.1361318,0.003859453,0.009605112,6.020508,1.53,-0.01160928,0.004725541,1.210479,-0.02765655,0.004082918,-0.003809109,1.809
2024_02_10_00_30_54_487,0.6,0.5235988,190236.0,260102.0,-0.2218338,0.03240027,0.1361318,0.003859986,0.009605006,6.065302,1.53,-0.01160906,0.004727993,1.210533,-0.01108646,0.007092952,0.05721021,1.809
2024_02_10_00_30_54_520,0.6,0.5235988,190349.0,260257.0,-0.1708321,0.02221873,0.136132,0.003859986,0.009605311,6.106462,1.53,-0.01160706,0.004695845,1.210612,-0.01585484,0.006139278,0.01518614,1.809
2024_02_10_00_30_54_557,0.6,0.5235988,190473.0,260426.0,-0.1149052,0.01353374,0.1361318,0.003859986,0.009604996,6.151255,1.53,-0.01167201,0.004678165,1.210499,0.02503395,-0.007808208,-0.02291426,1.809
2024_02_10_00_30_54_591,0.6,0.5235988,190586.0,260582.0,-0.06321704,0.007768339,0.1361318,0.003859986,0.009605018,6.192415,1.53,-0.0116242,0.004730136,1.210591,-0.01633167,-0.000834465,-0.003841705,1.809
2024_02_10_00_30_54_628,0.6,0.5235988,190710.0,260751.0,-0.00675112,0.003916979,0.1361317,0.003859986,0.009604922,6.237208,1.53,-0.01156258,0.004787521,1.210569,-0.008106232,0.007927418,0.01516752,1.809
2024_02_10_00_30_54_662,0.6,0.5235988,190820.0,260901.0,0.04371193,0.0026183,0.1361318,0.003859453,0.00960492,6.277159,1.53,-0.01162045,0.004671279,1.210479,-0.02336502,0.008642673,0.06846618,1.809
2024_02_10_00_30_54_696,0.6,0.5235988,190934.0,261057.0,0.09571496,0.003389606,0.1361319,0.003859986,0.009605139,0.03513508,1.53,-0.01164279,0.004681161,1.210541,0.01335144,0.00295043,0.01557171,1.809
2024_02_10_00_30_54_733,0.6,0.5235988,191057.0,261226.0,0.1522179,0.006659808,0.1361319,0.003859986,0.009605125,0.07992785,1.53,-0.01161029,0.004690907,1.210576,0.01323223,-0.0007152557,-0.02303626,1.809
2024_02_10_00_30_54_771,0.6,0.5235988,191184.0,261400.0,0.2100349,0.01264847,0.1361319,0.003859986,0.009605506,0.1259318,1.53,-0.01154977,0.004711631,1.210842,-0.005841255,0.010252,0.03049243,1.809
2024_02_10_00_30_54_807,0.6,0.5235988,191308.0,261569.0,0.2660079,0.02102871,0.1361319,0.003859986,0.009605004,0.1707251,1.53,-0.01168772,0.004605369,1.210429,0.06484985,-0.0193119,-0.0302121,1.809
2024_02_10_00_30_54_846,0.6,0.5235988,191435.0,261742.0,0.3230437,0.03223574,0.1361318,0.003859453,0.009604922,0.216727,1.53,-0.01166546,0.004691202,1.210324,0.01895428,-0.005602836,-2.514571e-05,1.809
2024_02_10_00_30_54_882,0.6,0.5235988,191558.0,261912.0,0.378026,0.04565679,0.1361319,0.003859986,0.009605514,0.2615192,1.53,-0.01161317,0.004704513,1.210625,-0.01299381,0.007778406,0.01915358,1.809
2024_02_10_00_30_54_916,0.6,0.5235988,191672.0,262067.0,0.4279743,0.06014974,0.1361319,0.003859453,0.009605101,0.3026784,1.53,-0.01167317,0.00463265,1.210444,0.01704693,-0.008195639,0.007648952,1.809
2024_02_10_00_30_54_950,0.6,0.5235988,191782.0,262218.0,0.475843,0.07617041,0.1361319,0.003859453,0.009605006,0.3426258,1.53,-0.01159209,0.004690256,1.210406,-0.01478195,0.01248717,0.06082095,1.809
2024_02_10_00_30_54_987,0.6,0.5235988,191906.0,262387.0,0.5287046,0.09638977,0.1361319,0.003859453,0.009605158,0.3874175,1.53,-0.01160619,0.004650854,1.210424,0.01168251,-0.004976987,-0.00773184,1.809
2024_02_10_00_30_55_024,0.6,0.5235988,192032.0,262560.0,0.581997,0.1195979,0.1361318,0.003859453,0.009605016,0.4334215,1.53,-0.01161729,0.004681268,1.210489,0.02586841,-0.0005960464,0.02683885,1.809
2024_02_10_00_30_55_062,0.6,0.5235988,192156.0,262730.0,0.6328087,0.1445272,0.1361317,0.003859453,0.009605003,0.4782158,1.53,-0.0116293,0.004710831,1.210497,0.001430511,-0.00500679,-0.003672205,1.809
2024_02_10_00_30_55_098,0.6,0.5235988,192283.0,262903.0,0.6837767,0.1724724,0.1361319,0.003859986,0.009605246,0.5242182,1.53,-0.0116536,0.004654128,1.210497,0.0001192093,-0.006377697,-0.02286862,1.809
2024_02_10_00_30_55_137,0.6,0.5235988,192407.0,263072.0,0.7321172,0.2019066,0.1361319,0.003859986,0.009605458,0.5690099,1.53,-0.0116234,0.004710269,1.210616,0.005364418,0.008225441,0.02327934,1.809
2024_02_10_00_30_55_174,0.6,0.5235988,192533.0,263246.0,0.78034,0.2343583,0.1361319,0.003859986,0.009605458,0.6150112,1.53,-0.0115671,0.004698401,1.21068,0.004053116,0.005424022,0.01940597,1.809
2024_02_10_00_30_55_212,0.6,0.5235988,192657.0,263415.0,0.8258119,0.2680544,0.1361318,0.003859453,0.009605083,0.659803,1.53,-0.01163153,0.004650569,1.210422,0.01561642,-0.003993511,-0.01142267,1.809
2024_02_10_00_30_55_249,0.6,0.5235988,192784.0,263589.0,0.8708941,0.3047456,0.1361318,0.003859453,0.009605048,0.7058016,1.53,-0.01164027,0.004740139,1.210466,-0.01215935,-0.005602836,-0.03067683,1.809
2024_02_10_00_30_55_287,0.6,0.5235988,192907.0,263758.0,0.9131238,0.3424255,0.136132,0.003859453,0.009605188,0.7505944,1.53,-0.01163687,0.004613202,1.210402,0.04935264,-0.00745058,6.891787e-05,1.809
2024_02_10_00_30_55_321,0.6,0.5235988,193021.0,263913.0,0.9504067,0.378686,0.136132,0.003859986,0.009605489,0.7917557,1.53,-0.01156954,0.004610172,1.210644,-0.01358986,0.005960464,-0.0002151355,1.809
2024_02_10_00_30_55_358,0.6,0.5235988,193145.0,264082.0,0.9892464,0.4198529,0.1361319,0.003859453,0.009605123,0.8365484,1.53,-0.0116233,0.00470975,1.210497,-0.01108646,0.01037121,0.05349889,1.809
2024_02_10_00_30_55_391,0.6,0.5235988,193255.0,264233.0,1.022301,0.4580052,0.1361319,0.003859986,0.009605021,0.8764974,1.53,-0.01161184,0.004713983,1.210557,-0.02789497,0.01525879,0.05702395,1.809
2024_02_10_00_30_55_428,0.6,0.5235988,193382.0,264407.0,1.05844,0.5035311,0.1361319,0.003859986,0.00960527,0.922503,1.53,-0.01159202,0.004669784,1.210554,-0.003814697,-0.0002384186,-0.007625669,1.809
2024_02_10_00_30_55_466,0.6,0.5235988,193505.0,264576.0,1.091581,0.5494114,0.1361318,0.003859453,0.009605154,0.9672952,1.53,-0.01165062,0.004655295,1.21041,0.01752377,0.0009536743,0.0192821,1.809
2024_02_10_00_30_55_503,0.6,0.5235988,193632.0,264750.0,1.123443,0.5980278,0.1361318,0.003859453,0.009605215,1.013297,1.53,-0.01169991,0.004709232,1.210464,-0.04315376,0.004768372,0.003691762,1.809
2024_02_10_00_30_55_542,0.6,0.5235988,193756.0,264919.0,1.152289,0.6467245,0.1361318,0.003859986,0.009604977,1.05809,1.53,-0.0116369,0.004716833,1.210475,-0.01788139,-0.002294779,-0.03074854,1.809
2024_02_10_00_30_55_578,0.6,0.5235988,193883.0,265092.0,1.179614,0.6980301,0.1361318,0.003859453,0.009605091,1.104095,1.53,-0.01158391,0.004689069,1.210585,-0.01466274,0.01105666,0.06489549,1.809
2024_02_10_00_30_55_615,0.6,0.5235988,194006.0,265262.0,1.203925,0.7491425,0.1361319,0.003859986,0.009605326,1.148886,1.53,-0.01160854,0.004580946,1.210576,0.03266335,-0.006020069,-0.007474795,1.809
2024_02_10_00_30_55_648,0.6,0.5235988,194120.0,265417.0,1.224226,0.7970265,0.1361319,0.003859986,0.009605178,1.190042,1.53,-0.01161085,0.004741029,1.21061,-0.05733966,0.01725554,0.04168786,1.809
2024_02_10_00_30_55_687,0.6,0.5235988,194243.0,265586.0,1.244058,0.8500378,0.136132,0.003859986,0.009605334,1.234835,1.53,-0.01162916,0.004611793,1.210666,0.0115633,0.003367662,0.01532398,1.809
2024_02_10_00_30_55_724,0.6,0.5235988,194370.0,265760.0,1.261935,0.9053501,0.1361317,0.003859986,0.009604857,1.280837,1.53,-0.01163898,0.004708209,1.210584,-0.007748603,0.007212162,0.04578568,1.809
2024_02_10_00_30_55_761,0.6,0.5235988,194494.0,265929.0,1.27688,0.9599422,0.1361319,0.003859986,0.009604909,1.325631,1.53,-0.01170439,0.004646966,1.210556,0.00846386,-0.009834765,-0.05364511,1.809
2024_02_10_00_30_55_795,0.6,0.5235988,194607.0,266084.0,1.288446,1.010652,0.1361319,0.003859986,0.009604888,1.366793,1.53,-0.01164838,0.004685717,1.210469,-0.01907349,-0.006258487,-0.04618987,1.809
2024_02_10_00_30_55_830,0.6,0.5235988,194718.0,266235.0,1.297668,1.060286,0.1361319,0.003859986,0.009605133,1.406747,1.53,-0.01160863,0.004605701,1.210597,-0.006318092,-0.003248453,0.007509253,1.809
2024_02_10_00_30_55_865,0.6,0.5235988,194841.0,266404.0,1.305639,1.116323,0.1361318,0.003859986,0.009604949,1.45154,1.53,-0.01169821,0.004616273,1.210558,0.04589557,-0.01496076,-0.04565529,1.809
2024_02_10_00_30_55_903,0.6,0.5235988,194968.0,266578.0,1.311205,1.174187,0.1361319,0.003859986,0.00960528,1.497545,1.53,-0.01162251,0.004612727,1.210602,0.01466274,-0.005185604,0.003904104,1.809
2024_02_10_00_30_55_937,0.6,0.5235988,195078.0,266729.0,1.313876,1.224599,0.1361319,0.003859986,0.009605209,1.537496,1.53,-0.01157115,0.004627305,1.210646,0.004887581,0.002741813,0.01131184,1.809
2024_02_10_00_30_55_973,0.6,0.5235988,195205.0,266902.0,1.314453,1.282727,0.1361318,0.003859986,0.009605027,1.583499,1.53,-0.01167336,0.004677388,1.210528,0.002861023,-0.005245208,-0.03063958,1.809
2024_02_10_00_30_56_012,0.6,0.5235988,195329.0,267071.0,1.312448,1.339294,0.1361319,0.003859986,0.009605099,1.628293,1.53,-0.01157827,0.004672937,1.210618,0.00166893,-0.002562999,-0.007713213,1.809
2024_02_10_00_30_56_045,0.6,0.5235988,195442.0,267227.0,1.308374,1.391148,0.1361319,0.003859986,0.009605243,1.669457,1.53,-0.01152464,0.004666185,1.210681,-0.002384186,0.00461936,0.02290774,1.809
2024_02_10_00_30_56_078,0.6,0.5235988,195553.0,267378.0,1.302383,1.441275,0.1361318,0.003859986,0.009605098,1.709408,1.53,-0.01158711,0.004708273,1.210554,-0.01561642,0.003874302,0.01919549,1.809
2024_02_10_00_30_56_116,0.6,0.5235988,195676.0,267547.0,1.293292,1.497143,0.1361318,0.003859986,0.009605123,1.754207,1.53,-0.01164804,0.004707534,1.210497,-0.05042553,0.007927418,0.0302149,1.809
2024_02_10_00_30_56_154,0.6,0.5235988,195803.0,267720.0,1.281359,1.554037,0.1361317,0.003859986,0.009605119,1.800213,1.53,-0.01166104,0.004702996,1.210559,-0.04160404,0.01245737,0.06485358,1.809
2024_02_10_00_30_56_187,0.6,0.5235988,195913.0,267871.0,1.268882,1.602955,0.136132,0.003859986,0.009605174,1.840165,1.53,-0.01163934,0.004657529,1.210553,0.007390975,0.001490116,-0.007585622,1.809
2024_02_10_00_30_56_224,0.6,0.5235988,196040.0,268045.0,1.252106,1.658615,0.1361319,0.003859986,0.009605351,1.88617,1.53,-0.01156855,0.004658832,1.210767,-0.00655651,0.004649162,-0.0002300367,1.809
2024_02_10_00_30_56_261,0.6,0.5235988,196164.0,268214.0,1.233332,1.712014,0.1361319,0.003859986,0.009605096,1.930965,1.53,-0.01164775,0.004689375,1.210644,0.0128746,-0.005066394,-0.0189133,1.809
2024_02_10_00_30_56_298,0.6,0.5235988,196291.0,268388.0,1.211581,1.765924,0.1361318,0.003859986,0.009605113,1.976973,1.53,-0.01159434,0.004608613,1.210473,0.0128746,-0.003039837,0.01507439,1.809
2024_02_10_00_30_56_337,0.6,0.5235988,196414.0,268557.0,1.188042,1.817398,0.1361319,0.003859986,0.009605164,2.021768,1.53,-0.01172133,0.004686979,1.210552,0.0004768371,-0.010252,-0.06497279,1.809
2024_02_10_00_30_56_374,0.6,0.5235988,196541.0,268730.0,1.161493,1.869113,0.1361319,0.003859986,0.009605155,2.067774,1.53,-0.01170868,0.004640698,1.210453,0.02217293,-0.01263618,-0.04186015,1.809
2024_02_10_00_30_56_412,0.6,0.5235988,196665.0,268900.0,1.133383,1.918243,0.1361317,0.003859986,0.009605151,2.112569,1.53,-0.01169996,0.004653964,1.210612,0.01883507,-0.005364418,-0.003561377,1.809
2024_02_10_00_30_56_449,0.6,0.5235988,196792.0,269073.0,1.102252,1.96734,0.1361318,0.003859986,0.009604884,2.158572,1.53,-0.01173529,0.004680332,1.210535,-0.002145767,0.000834465,-0.008073635,1.809
2024_02_10_00_30_56_482,0.6,0.5235988,196902.0,269224.0,1.07341,2.008775,0.1361319,0.003859986,0.009604964,2.198526,1.53,-0.01160296,0.004690437,1.210612,0.009417534,-0.0007748603,-0.01160893,1.809
2024_02_10_00_30_56_520,0.6,0.5235988,197029.0,269398.0,1.038177,2.055018,0.1361318,0.003859986,0.009605032,2.244529,1.53,-0.01163072,0.00471383,1.210662,0.03266335,-0.006258487,-0.03430247,1.809
2024_02_10_00_30_56_553,0.6,0.5235988,197139.0,269549.0,1.005884,2.093825,0.1361318,0.003859986,0.009605038,2.284481,1.53,-0.01159517,0.004754017,1.210545,-0.02253055,0.008225441,0.0305539,1.809
2024_02_10_00_30_56_590,0.6,0.5235988,197263.0,269718.0,0.9678659,2.135763,0.1361319,0.003859986,0.00960538,2.329275,1.53,-0.01161039,0.004682099,1.210688,-0.004529953,0.003755092,0.01930725,1.809
2024_02_10_00_30_56_627,0.6,0.5235988,197390.0,269891.0,0.9269065,2.177018,0.1361319,0.003859986,0.009605263,2.375281,1.53,-0.01159993,0.004640666,1.210618,-0.004410744,0.004589558,0.03436394,1.809
2024_02_10_00_30_56_665,0.6,0.5235988,197513.0,270060.0,0.8852429,2.215336,0.1361319,0.003859986,0.009605289,2.420076,1.53,-0.01166556,0.004637186,1.210604,-0.01013279,0.002861023,0.03442913,1.809
2024_02_10_00_30_56_699,0.6,0.5235988,197627.0,270216.0,0.8454788,2.24887,0.1361318,0.003859986,0.00960528,2.461238,1.53,-0.01164303,0.004692619,1.210609,-0.02944469,0.002026558,-0.0001173466,1.809
2024_02_10_00_30_56_732,0.6,0.5235988,197737.0,270367.0,0.8055967,2.279827,0.1361318,0.003859986,0.009605053,2.501191,1.53,-0.01179412,0.004611249,1.210476,0.007987022,-0.01096725,-0.02694968,1.809
2024_02_10_00_30_56_769,0.6,0.5235988,197860.0,270536.0,0.7594512,2.31261,0.1361319,0.003859986,0.009605327,2.545987,1.53,-0.01155477,0.004616728,1.210703,0.0115633,0.00500679,0.03812183,1.809
2024_02_10_00_30_56_807,0.6,0.5235988,197987.0,270709.0,0.710578,2.344093,0.1361319,0.003859986,0.009605226,2.591992,1.53,-0.01165244,0.004665469,1.210564,0.04446506,-0.006258487,-0.03061723,1.809
2024_02_10_00_30_56_845,0.6,0.5235988,198111.0,270878.0,0.6616497,2.372558,0.1361318,0.003859986,0.009605393,2.636789,1.53,-0.01170759,0.004743516,1.210709,-0.006914138,-0.01108646,-0.08772685,1.809
2024_02_10_00_30_56_882,0.6,0.5235988,198238.0,271052.0,0.6101243,2.39948,0.1361318,0.003860518,0.00960524,2.682795,1.53,-0.01155376,0.004736727,1.210761,-0.01561642,0.01257658,0.06894208,1.809
2024_02_10_00_30_56_920,0.6,0.5235988,198361.0,271221.0,0.5588162,2.423391,0.1361319,0.003859986,0.00960538,2.727592,1.53,-0.01154933,0.004671755,1.210695,-0.03373623,0.0141561,0.04576984,1.809
2024_02_10_00_30_56_954,0.6,0.5235988,198475.0,271377.0,0.5107673,2.443317,0.1361318,0.003859986,0.00960508,2.768755,1.53,-0.0116051,0.004744621,1.210627,-0.04458427,0.009566545,0.04198867,1.809
2024_02_10_00_30_56_991,0.6,0.5235988,198599.0,271546.0,0.4575956,2.462734,0.1361319,0.003859986,0.009605174,2.813551,1.53,-0.01160601,0.004716309,1.210697,-0.02038479,0.01245737,0.06889459,1.809
2024_02_10_00_30_57_029,0.6,0.5235988,198725.0,271719.0,0.4021384,2.480178,0.1361318,0.003859986,0.009605291,2.859558,1.53,-0.01162877,0.004693077,1.21079,-0.02038479,0.00461936,0.003828667,1.809
2024_02_10_00_30_57_065,0.6,0.5235988,198849.0,271889.0,0.3474246,2.494695,0.1361319,0.003859986,0.009604822,2.904354,1.53,-0.01165143,0.004725122,1.210527,-0.01788139,0.006407499,0.03406964,1.809
2024_02_10_00_30_57_099,0.6,0.5235988,198963.0,272044.0,0.2966194,2.505862,0.1361318,0.003860518,0.009605157,2.945518,1.53,-0.01161816,0.004722095,1.210666,0.01490116,-0.012815,-0.09164027,1.809
2024_02_10_00_30_57_136,0.6,0.5235988,199086.0,272213.0,0.240861,2.515628,0.1361319,0.003859986,0.009605087,2.990313,1.53,-0.01159537,0.004731575,1.210583,0.005125999,0.01069903,0.05733501,1.809
2024_02_10_00_30_57_169,0.6,0.5235988,199196.0,272364.0,0.1908057,2.522224,0.1361318,0.003860518,0.009605178,3.030266,1.53,-0.01159931,0.004710378,1.210781,0.01502037,-0.001102686,0.003968365,1.809
2024_02_10_00_30_57_203,0.6,0.5235988,199310.0,272519.0,0.1390012,2.526923,0.1361319,0.003860518,0.009605291,3.071431,1.53,-0.0116004,0.004618148,1.210652,0.02086162,0.004291534,0.03068615,1.809
2024_02_10_00_30_57_242,0.6,0.5235988,199434.0,272688.0,0.08245835,2.52961,0.1361319,0.003859986,0.009605094,3.116227,1.53,-0.01164142,0.00470578,1.210616,0.02849102,-0.007987022,-0.0343211,1.809
2024_02_10_00_30_57_274,0.6,0.5235988,199547.0,272844.0,0.03044093,2.529845,0.1361319,0.003859986,0.009605283,3.157391,1.53,-0.0116323,0.004685672,1.210638,0.01430511,0.008195639,0.05753338,1.809
2024_02_10_00_30_57_311,0.6,0.5235988,199671.0,273013.0,-0.02612412,2.527668,0.1361318,0.003860518,0.009605349,3.202187,1.53,-0.01154805,0.004739187,1.210777,-0.01573563,0.01749396,0.05730893,1.809
2024_02_10_00_30_57_349,0.6,0.5235988,199798.0,273186.0,-0.08405617,2.522798,0.1361318,0.003859986,0.009605262,3.248193,1.53,-0.01161274,0.004784529,1.210698,-0.03778934,0.01052022,-0.0001247972,1.809
2024_02_10_00_30_57_382,0.6,0.5235988,199908.0,273337.0,-0.1341379,2.516411,0.1361318,0.003859986,0.009605225,3.288146,1.53,-0.01168594,0.004658728,1.210672,0.03647804,-0.01344085,-0.0419449,1.809
2024_02_10_00_30_57_420,0.6,0.5235988,200031.0,273506.0,-0.1899361,2.506878,0.1361318,0.003859986,0.009605181,3.332943,1.53,-0.01167632,0.004655779,1.210577,0.00667572,-0.004529953,0.02690404,1.809
2024_02_10_00_30_57_457,0.6,0.5235988,200158.0,273680.0,-0.2467391,2.494497,0.1361318,0.003859986,0.00960499,3.378951,1.53,-0.01161211,0.00469516,1.210518,-0.01525879,-0.004976987,-0.03089662,1.809
2024_02_10_00_30_57_495,0.6,0.5235988,200282.0,273849.0,-0.3014432,2.479944,0.1361319,0.003859986,0.009605068,3.423748,1.53,-0.01173399,0.004651408,1.210517,-0.01585484,-0.00628829,-0.01548882,1.809
2024_02_10_00_30_57_532,0.6,0.5235988,200409.0,274023.0,-0.3568895,2.462464,0.1361318,0.003860518,0.009605444,3.469755,1.53,-0.01167004,0.004654033,1.210721,0.0193119,-0.005811452,-0.03033411,1.809
2024_02_10_00_30_57_565,0.6,0.5235988,200519.0,274174.0,-0.4043446,2.445228,0.1361318,0.003859986,0.009605053,3.509708,1.53,-0.01160453,0.00469234,1.210516,0.04017353,-0.012815,-0.03039557,1.809
2024_02_10_00_30_57_602,0.6,0.5235988,200646.0,274347.0,-0.458084,2.423052,0.136132,0.003859986,0.009605196,3.555715,1.53,-0.01153671,0.004697115,1.210637,-0.02586841,0.009953975,0.04550255,1.809
2024_02_10_00_30_57_640,0.6,0.5235988,200769.0,274516.0,-0.5093771,2.399108,0.1361319,0.003859986,0.009605247,3.600512,1.53,-0.01162093,0.004666006,1.21058,-0.01811981,0.008106232,0.04569813,1.809
2024_02_10_00_30_57_677,0.6,0.5235988,200896.0,274690.0,-0.5608857,2.372149,0.1361319,0.003859986,0.009605329,3.646518,1.53,-0.01163758,0.004673672,1.210592,-0.001907349,0.004947185,0.04598964,1.809
2024_02_10_00_30_57_711,0.6,0.5235988,201007.0,274841.0,-0.6045709,2.346837,0.1361319,0.003860518,0.009605271,3.686471,1.53,-0.01167085,0.004696172,1.210594,-0.03910065,0.010252,0.02251193,1.809
2024_02_10_00_30_57_748,0.6,0.5235988,201134.0,275015.0,-0.6535743,2.315558,0.1361319,0.003860518,0.009605299,3.732478,1.53,-0.011659,0.00465934,1.210574,-0.005125999,-0.0007152557,-0.003932975,1.809
2024_02_10_00_30_57_786,0.6,0.5235988,201257.0,275184.0,-0.6998564,2.282966,0.1361319,0.003859986,0.009605511,3.777271,1.53,-0.0116187,0.004671091,1.210644,0.01490116,0.0007152557,0.007782131,1.809
2024_02_10_00_30_57_823,0.6,0.5235988,201381.0,275353.0,-0.7446325,2.248336,0.1361319,0.003859986,0.009605374,3.822065,1.53,-0.01173341,0.004689755,1.210527,-0.01978874,-0.001549721,-0.003817491,1.809
2024_02_10_00_30_57_856,0.6,0.5235988,201494.0,275508.0,-0.7843738,2.214777,0.1361318,0.003859986,0.00960535,3.863228,1.53,-0.01154598,0.004673165,1.210656,0.008225441,0.006735324,0.04996918,1.809
2024_02_10_00_30_57_894,0.6,0.5235988,201618.0,275677.0,-0.826011,2.17643,0.1361318,0.003859986,0.009605227,3.908026,1.53,-0.01165118,0.004707441,1.210587,-0.02133846,0.002980232,-0.00394322,1.809
2024_02_10_00_30_57_932,0.6,0.5235988,201745.0,275851.0,-0.8669437,2.135148,0.1361318,0.003859986,0.009605338,3.954035,1.53,-0.01161728,0.004684198,1.210586,0.02014637,-0.001549721,-0.003639608,1.809
2024_02_10_00_30_57_965,0.6,0.5235988,201855.0,276002.0,-0.9009179,2.097803,0.1361319,0.003859986,0.009605265,3.993988,1.53,-0.01160145,0.004690152,1.210614,0.0128746,5.960464e-05,0.007660128,1.809
2024_02_10_00_30_57_999,0.6,0.5235988,201965.0,276153.0,-0.9333727,2.05913,0.1361318,0.003859986,0.009605252,4.033938,1.53,-0.01167774,0.004690224,1.2106,-0.01382828,-0.004410744,0.01158658,1.809
2024_02_10_00_30_58_037,0.6,0.5235988,202092.0,276326.0,-0.9687947,2.013035,0.1361319,0.003859986,0.009605014,4.079945,1.53,-0.0116251,0.004701806,1.210539,-0.009655952,0.007033348,0.04951097,1.809
2024_02_10_00_30_58_074,0.6,0.5235988,202216.0,276495.0,-1.001213,1.966634,0.1361319,0.003859986,0.009605136,4.124738,1.53,-0.01158371,0.004705712,1.210599,-0.04613399,0.009596348,0.03392436,1.809
2024_02_10_00_30_58_111,0.6,0.5235988,202343.0,276669.0,-1.032312,1.917516,0.1361319,0.003860518,0.009605335,4.170745,1.53,-0.0115885,0.004710666,1.210693,-0.01728535,0.01838803,0.0648452,1.809
2024_02_10_00_30_58_148,0.6,0.5235988,202466.0,276838.0,-1.060391,1.868366,0.1361319,0.003860518,0.00960543,4.215539,1.53,-0.01165276,0.004701423,1.2107,-0.06175041,0.01728535,0.08762255,1.809
2024_02_10_00_30_58_185,0.6,0.5235988,202593.0,277012.0,-1.086908,1.816632,0.1361318,0.003859986,0.009605248,4.261543,1.53,-0.01164486,0.004744042,1.210614,0.01084804,0.001698732,-0.007517635,1.809
2024_02_10_00_30_58_223,0.6,0.5235988,202717.0,277181.0,-1.110412,1.76514,0.1361319,0.003859986,0.009605377,4.30634,1.53,-0.01166015,0.004719042,1.210623,-0.02503395,0.001311302,-0.02295431,1.809
2024_02_10_00_30_58_261,0.6,0.5235988,202844.0,277355.0,-1.132126,1.711215,0.1361318,0.003859986,0.009605273,4.35234,1.53,-0.01168899,0.004677188,1.21044,-0.02360344,-0.0008642673,-0.003826804,1.809
2024_02_10_00_30_58_294,0.6,0.5235988,202954.0,277505.0,-1.148955,1.663618,0.1361319,0.003859986,0.009605347,4.392288,1.53,-0.01165017,0.004649752,1.210574,-0.0166893,0.01186132,0.0571236,1.809
2024_02_10_00_30_58_332,0.6,0.5235988,203081.0,277679.0,-1.165959,1.608028,0.1361318,0.003859986,0.009605252,4.438287,1.53,-0.0117306,0.004709999,1.210546,-0.02503395,0.01755357,0.1070267,1.809
2024_02_10_00_30_58_369,0.6,0.5235988,203204.0,277848.0,-1.180046,1.553207,0.1361319,0.003859986,0.009605498,4.483081,1.53,-0.0116212,0.004633317,1.210766,0.02098083,0.000834465,0.004060566,1.809
2024_02_10_00_30_58_407,0.6,0.5235988,203331.0,278022.0,-1.191945,1.496305,0.1361319,0.003859986,0.009605187,4.529087,1.53,-0.0116613,0.004707375,1.210471,-0.01192093,0.008136034,0.01886114,1.809
2024_02_10_00_30_58_445,0.6,0.5235988,203455.0,278191.0,-1.201002,1.440432,0.1361319,0.003859986,0.009605509,4.573877,1.53,-0.01159113,0.004618709,1.210631,0.003099441,0.002801418,0.01540407,1.809
2024_02_10_00_30_58_481,0.6,0.5235988,203582.0,278365.0,-1.20769,1.382686,0.1361318,0.003859986,0.009605,4.619879,1.53,-0.01183969,0.004628163,1.210388,0.05328655,-0.02348423,-0.07628556,1.809
2024_02_10_00_30_58_520,0.6,0.5235988,203705.0,278534.0,-1.211644,1.326222,0.1361319,0.003859986,0.009605269,4.664672,1.53,-0.01170601,0.004610024,1.210511,0.03147125,-0.009000301,-0.01519918,1.809
2024_02_10_00_30_58_557,0.6,0.5235988,203832.0,278707.0,-1.213068,1.268109,0.1361318,0.003859986,0.009605264,4.710677,1.53,-0.01155933,0.004706956,1.210646,-0.04088878,0.01326203,0.06075576,1.809
2024_02_10_00_30_58_591,0.6,0.5235988,203942.0,278858.0,-1.212135,1.217635,0.1361319,0.003859986,0.009605279,4.75063,1.53,-0.0117017,0.004567101,1.210445,0.03945827,-0.01454353,-0.01124758,1.809
2024_02_10_00_30_58_628,0.6,0.5235988,204069.0,279032.0,-1.208567,1.159614,0.1361319,0.003859986,0.009605573,4.796635,1.53,-0.01160524,0.004612308,1.210652,0.001430511,-0.003248453,-0.003560446,1.809
2024_02_10_00_30_58_665,0.6,0.5235988,204193.0,279201.0,-1.202531,1.103336,0.1361319,0.003859986,0.009605384,4.841428,1.53,-0.01161349,0.004659779,1.210584,-0.01084804,0.001609325,0.01517869,1.809
2024_02_10_00_30_58_702,0.6,0.5235988,204320.0,279375.0,-1.193715,1.045879,0.136132,0.003859986,0.009605387,4.887431,1.53,-0.0116438,0.004637454,1.21054,0.009298325,-0.0001192093,0.003787689,1.809
2024_02_10_00_30_58_740,0.6,0.5235988,204443.0,279544.0,-1.182601,0.99038,0.1361319,0.003859986,0.009605502,4.932224,1.53,-0.01154107,0.004703426,1.210713,-0.02813339,0.009298325,0.007666647,1.809
2024_02_10_00_30_58_773,0.6,0.5235988,204554.0,279695.0,-1.170603,0.9413447,0.1361319,0.003859986,0.009605323,4.972178,1.53,-0.01166748,0.004634689,1.210546,-0.01704693,0.00923872,0.06507151,1.809
2024_02_10_00_30_58_811,0.6,0.5235988,204680.0,279868.0,-1.154372,0.8855276,0.1361318,0.003859986,0.009605012,5.018185,1.53,-0.01165529,0.004700424,1.21044,-0.01895428,0.007152557,0.0380706,1.809
2024_02_10_00_30_58_848,0.6,0.5235988,204804.0,280037.0,-1.136118,0.8319522,0.1361319,0.003859986,0.009605207,5.06298,1.53,-0.01160952,0.004685376,1.210532,-0.015378,0.0001192093,-0.01172162,1.809
2024_02_10_00_30_58_886,0.6,0.5235988,204931.0,280211.0,-1.114893,0.7778367,0.1361319,0.003859986,0.009605381,5.108987,1.53,-0.01164309,0.004591853,1.210508,0.03826618,-0.007808208,0.0004554167,1.809
2024_02_10_00_30_58_923,0.6,0.5235988,205054.0,280380.0,-1.091855,0.7261385,0.1361319,0.003859986,0.009605131,5.153782,1.53,-0.01171191,0.004638627,1.210354,0.01001358,-0.00923872,-0.01140125,1.809
2024_02_10_00_30_58_960,0.6,0.5235988,205181.0,280554.0,-1.06581,0.6741719,0.1361318,0.003859986,0.009605057,5.199787,1.53,-0.01166613,0.004688982,1.210431,0.03051758,-0.02038479,-0.07621665,1.809
2024_02_10_00_30_58_999,0.6,0.5235988,205305.0,280723.0,-1.03818,0.6247755,0.1361319,0.003859986,0.009605193,5.244578,1.53,-0.01159579,0.004697731,1.210542,-0.0003576278,0.003755092,0.01908373,1.809
2024_02_10_00_30_59_032,0.6,0.5235988,205419.0,280878.0,-1.010863,0.5805164,0.1361319,0.003859986,0.009605145,5.285738,1.53,-0.01169797,0.004651562,1.210461,0.02002716,-0.01055002,-0.01886208,1.809
2024_02_10_00_30_59_070,0.6,0.5235988,205542.0,281047.0,-0.9790932,0.5336747,0.1361319,0.003859986,0.009605304,5.33053,1.53,-0.01154306,0.004688651,1.210688,-0.003218651,0.008583069,0.03064051,1.809
2024_02_10_00_30_59_103,0.6,0.5235988,205656.0,281203.0,-0.9480774,0.4919244,0.1361319,0.003859986,0.009605081,5.371691,1.53,-0.01168852,0.004657253,1.210487,0.01561642,-0.01096725,-0.04593189,1.809
2024_02_10_00_30_59_140,0.6,0.5235988,205779.0,281372.0,-0.9124044,0.4479833,0.1361319,0.003859986,0.009605024,5.416483,1.53,-0.0116793,0.004617553,1.210482,0.02551079,-0.002622604,0.003613531,1.809
2024_02_10_00_30_59_177,0.6,0.5235988,205906.0,281546.0,-0.8737575,0.4045645,0.1361319,0.003859986,0.009605329,5.462483,1.53,-0.01160786,0.00467331,1.2106,0.00500679,0.002145767,0.004048459,1.809
2024_02_10_00_30_59_215,0.6,0.5235988,206030.0,281715.0,-0.8342471,0.3640395,0.1361318,0.003859986,0.009605091,5.507272,1.53,-0.01160223,0.004672475,1.210477,0.03302097,-0.005185604,-0.003704801,1.809
2024_02_10_00_30_59_253,0.6,0.5235988,206157.0,281888.0,-0.7918226,0.324304,0.1361319,0.003859986,0.009605422,5.553274,1.53,-0.01160816,0.004664142,1.210645,0.0002384186,0.003874302,0.007807277,1.809
2024_02_10_00_30_59_289,0.6,0.5235988,206280.0,282057.0,-0.7488014,0.2875286,0.1361318,0.003859986,0.009605116,5.598065,1.53,-0.01172109,0.004698442,1.210495,-0.02658367,-0.002384186,0.00378862,1.809
2024_02_10_00_30_59_327,0.6,0.5235988,206407.0,282231.0,-0.7029491,0.2518035,0.1361318,0.003859986,0.009604858,5.644068,1.53,-0.01166659,0.004691937,1.210474,0.008702278,-0.001013279,0.003639608,1.809
2024_02_10_00_30_59_365,0.6,0.5235988,206531.0,282400.0,-0.6567715,0.2190801,0.1361318,0.003859453,0.009605209,5.68886,1.53,-0.01163786,0.004681352,1.210567,0.01966953,0.0005364418,0.003810972,1.809
2024_02_10_00_30_59_402,0.6,0.5235988,206658.0,282574.0,-0.6078688,0.1876602,0.1361318,0.003859986,0.009605453,5.734862,1.53,-0.01165952,0.004677641,1.210749,0.01680851,-0.01221895,-0.04537031,1.809
2024_02_10_00_30_59_440,0.6,0.5235988,206781.0,282743.0,-0.5589144,0.1592591,0.1361318,0.003859986,0.009605275,5.779653,1.53,-0.01151683,0.00473412,1.21057,-0.02765655,0.02002716,0.08019152,1.809
2024_02_10_00_30_59_477,0.6,0.5235988,206905.0,282912.0,-0.5087364,0.1330789,0.1361319,0.003859453,0.009605144,5.824443,1.53,-0.01155742,0.004746789,1.210477,0.002980232,-0.0005066395,-0.03042258,1.809
2024_02_10_00_30_59_515,0.6,0.5235988,207032.0,283086.0,-0.4560364,0.1085579,0.1361319,0.003859986,0.009605418,5.870444,1.53,-0.01153606,0.004707005,1.210679,-0.01382828,0.01323223,0.02669636,1.809
2024_02_10_00_30_59_548,0.6,0.5235988,207142.0,283237.0,-0.4093968,0.08924906,0.1361319,0.003859453,0.009605195,5.910392,1.53,-0.01166991,0.004750626,1.210493,-0.007987022,-0.00217557,-0.02657529,1.809
2024_02_10_00_30_59_586,0.6,0.5235988,207269.0,283410.0,-0.3547864,0.0693427,0.1361319,0.003859453,0.009605314,5.956395,1.53,-0.01166664,0.004649881,1.210472,0.004291534,-0.005573034,-0.01898687,1.809
2024_02_10_00_30_59_623,0.6,0.5235988,207392.0,283579.0,-0.3007874,0.05239356,0.1361318,0.003859453,0.009605248,6.001188,1.53,-0.01162083,0.004709345,1.210574,-0.006914138,0.0008940696,-0.003707595,1.809
2024_02_10_00_30_59_661,0.6,0.5235988,207519.0,283753.0,-0.2445963,0.03752137,0.1361319,0.003859453,0.009605116,6.04719,1.53,-0.0116737,0.004650907,1.210489,0.0244379,-0.01305342,-0.03421307,1.809
2024_02_10_00_30_59_698,0.6,0.5235988,207643.0,283922.0,-0.1892825,0.02553867,0.1361319,0.003859453,0.009605138,6.09198,1.53,-0.01161558,0.004725541,1.210518,-0.01347065,0.004559755,0.02302695,1.809
2024_02_10_00_30_59_736,0.6,0.5235988,207770.0,284096.0,-0.1319747,0.01582285,0.136132,0.003859986,0.009605226,6.137982,1.53,-0.01156377,0.004677497,1.210646,0.01645088,0.004261732,0.01135375,1.809
2024_02_10_00_30_59_769,0.6,0.5235988,207880.0,284247.0,-0.08188984,0.00953134,0.136132,0.003859453,0.009605297,6.177931,1.53,-0.01157616,0.004627561,1.210459,0.005245208,0.007539987,0.06888155,1.809
2024_02_10_00_30_59_806,0.6,0.5235988,208007.0,284420.0,-0.02395889,0.004771434,0.1361318,0.003859453,0.009604956,6.223933,1.53,-0.01166392,0.004650808,1.21038,0.01859665,-0.007987022,-0.003845431,1.809
2024_02_10_00_30_59_844,0.6,0.5235988,208130.0,284589.0,0.03260019,0.002701418,0.1361318,0.003859453,0.009605107,6.268726,1.53,-0.01169341,0.004673937,1.210511,0.002861023,-0.01522899,-0.07640291,1.809
2024_02_10_00_30_59_883,0.6,0.5235988,208257.0,284763.0,0.09072438,0.003213971,0.1361318,0.003859986,0.009604996,0.03154355,1.53,-0.01153815,0.004707074,1.210539,-0.006198883,0.007301569,0.01123641,1.809
2024_02_10_00_30_59_914,0.6,0.5235988,208368.0,284914.0,0.1411358,0.005827608,0.1361319,0.003859986,0.009605139,0.07149309,1.53,-0.01165233,0.004739967,1.210516,-0.04076957,-0.003486871,-0.04222337,1.809
2024_02_10_00_30_59_952,0.6,0.5235988,208491.0,285083.0,0.1974818,0.0111496,0.1361319,0.003859453,0.009605046,0.1162859,1.53,-0.01166606,0.004658327,1.210455,0.009536743,-0.01019239,-0.02673641,1.809
2024_02_10_00_30_59_986,0.6,0.5235988,208605.0,285238.0,0.2490019,0.01826025,0.1361318,0.003859986,0.009605062,0.1574461,1.53,-0.01156185,0.004737878,1.210617,0.02920627,0.001311302,0.01554191,1.809
2024_02_10_00_31_00_023,0.6,0.5235988,208728.0,285407.0,0.304683,0.02840009,0.1361319,0.003859986,0.009605293,0.2022394,1.53,-0.01161836,0.00466389,1.210684,0.04172325,-0.0004768371,0.0003967434,1.809
2024_02_10_00_31_00_061,0.6,0.5235988,208855.0,285581.0,0.3613381,0.04139867,0.1361319,0.003859986,0.0096053,0.2482434,1.53,-0.01160484,0.004723932,1.210719,-0.01609325,-0.00283122,-0.04973076,1.809
2024_02_10_00_31_00_099,0.6,0.5235988,208979.0,285750.0,0.4158699,0.05654619,0.1361319,0.003859986,0.00960524,0.293034,1.53,-0.01162524,0.004680282,1.210532,0.04911422,-0.01427531,-0.0608433,1.809
2024_02_10_00_31_00_136,0.6,0.5235988,209106.0,285924.0,0.4711121,0.07462829,0.1361319,0.003859453,0.009605038,0.3390385,1.53,-0.01162153,0.004669282,1.210428,0.03159046,-0.000745058,0.02681184,1.809
2024_02_10_00_31_00_173,0.6,0.5235988,209229.0,286093.0,0.5240469,0.09465803,0.1361318,0.003859986,0.00960524,0.3838308,1.53,-0.01161947,0.004739892,1.210639,-0.01978874,0.004500151,0.003840774,1.809
2024_02_10_00_31_00_210,0.6,0.5235988,209356.0,286267.0,0.5774218,0.1176752,0.136132,0.003859986,0.009605426,0.4298337,1.53,-0.01160827,0.004626276,1.210591,0.00333786,0.002861023,0.007593072,1.809
2024_02_10_00_31_00_248,0.6,0.5235988,209480.0,286436.0,0.6283216,0.1424224,0.1361319,0.003859986,0.00960502,0.4746254,1.53,-0.01165394,0.004666188,1.210544,-0.001907349,-0.006496906,-0.01539942,1.809
2024_02_10_00_31_00_282,0.6,0.5235988,209593.0,286591.0,0.6740751,0.1671526,0.1361318,0.003859453,0.009605092,0.5157856,1.53,-0.01165928,0.004642676,1.210442,0.01561642,-0.008106232,-0.007369555,1.809
2024_02_10_00_31_00_318,0.6,0.5235988,209717.0,286760.0,0.7226623,0.1961789,0.1361318,0.003859986,0.009605255,0.5605757,1.53,-0.01161508,0.004708781,1.210611,-0.007152557,0.008940697,0.02676248,1.809
2024_02_10_00_31_00_356,0.6,0.5235988,209840.0,286929.0,0.7699016,0.2273518,0.1361318,0.003859986,0.009605211,0.6053658,1.53,-0.01165326,0.004697188,1.210482,0.004291534,0.002503395,-0.003691762,1.809
2024_02_10_00_31_00_394,0.6,0.5235988,209967.0,287103.0,0.816914,0.2615347,0.136132,0.003859453,0.009605482,0.6513693,1.53,-0.01160654,0.004661073,1.210556,-0.01323223,0.003159046,0.007702969,1.809
2024_02_10_00_31_00_428,0.6,0.5235988,210078.0,287254.0,0.8564281,0.2929479,0.1361318,0.003859453,0.009605123,0.6913167,1.53,-0.01159567,0.004671374,1.210442,-0.01132488,0.005364418,0.05345232,1.809
2024_02_10_00_31_00_464,0.6,0.5235988,210205.0,287428.0,0.9003329,0.3310409,0.1361319,0.003859453,0.009605277,0.7373174,1.53,-0.01168857,0.004661846,1.210394,0.003099441,0.000655651,0.01154374,1.809
2024_02_10_00_31_00_498,0.6,0.5235988,210315.0,287578.0,0.937006,0.3657291,0.1361319,0.003859453,0.009605269,0.7772686,1.53,-0.01162917,0.004667911,1.210491,0.004529953,5.960464e-05,0.02295431,1.809
2024_02_10_00_31_00_536,0.6,0.5235988,210442.0,287752.0,0.9774783,0.407451,0.1361318,0.003859453,0.009605121,0.8232715,1.53,-0.01166866,0.004674647,1.210526,0.06198883,-0.01311302,-0.06861147,1.809
2024_02_10_00_31_00_574,0.6,0.5235988,210565.0,287921.0,1.015002,0.4498217,0.1361319,0.003859453,0.009605059,0.8680648,1.53,-0.01163415,0.004694516,1.210579,-0.0001192093,0.001430511,0.003800727,1.809
2024_02_10_00_31_00_610,0.6,0.5235988,210692.0,288095.0,1.051525,0.4950427,0.1361318,0.003859986,0.009604983,0.9140693,1.53,-0.01160382,0.00470301,1.210483,0.00655651,0.003814697,0.003797002,1.809
2024_02_10_00_31_00_643,0.6,0.5235988,210802.0,288246.0,1.081527,0.5356418,0.1361318,0.003859986,0.009604982,0.9540194,1.53,-0.01156801,0.004674589,1.210583,0.04434585,-0.01603365,-0.07243082,1.809
2024_02_10_00_31_00_681,0.6,0.5235988,210926.0,288415.0,1.113206,0.582545,0.1361318,0.003859986,0.009605075,0.9988106,1.53,-0.01164281,0.004711527,1.210586,0.008940697,-0.0007748603,0.0231713,1.809
2024_02_10_00_31_00_715,0.6,0.5235988,211039.0,288570.0,1.140437,0.6268567,0.1361319,0.003859986,0.00960514,1.039973,1.53,-0.0116842,0.004669447,1.210526,-0.004529953,-0.005483627,-0.02682581,1.809
2024_02_10_00_31_00_752,0.6,0.5235988,211163.0,288739.0,1.167973,0.6763064,0.1361318,0.003859453,0.009605004,1.084766,1.53,-0.01155524,0.004706981,1.210618,0.01597404,-0.009655952,-0.04583411,1.809
2024_02_10_00_31_00_789,0.6,0.5235988,211290.0,288913.0,1.193918,0.7283239,0.1361319,0.003859986,0.009605065,1.130767,1.53,-0.01177963,0.004605707,1.210413,0.02014637,-0.01645088,-0.05356315,1.809
2024_02_10_00_31_00_827,0.6,0.5235988,211414.0,289082.0,1.216856,0.7800663,0.1361318,0.003859453,0.009604986,1.175559,1.53,-0.01173074,0.004716461,1.210469,0.010252,-0.004649162,-0.01918618,1.809
2024_02_10_00_31_00_865,0.6,0.5235988,211540.0,289256.0,1.237978,0.8342217,0.1361318,0.003859986,0.009605154,1.221558,1.53,-0.01170682,0.004683211,1.21049,-0.009417534,0.004380941,-0.003891997,1.809
2024_02_10_00_31_00_902,0.6,0.5235988,211664.0,289425.0,1.256129,0.8878314,0.1361319,0.003859453,0.0096052,1.266348,1.53,-0.01162912,0.004663401,1.210628,-0.01788139,-0.009000301,-0.03433693,1.809
2024_02_10_00_31_00_940,0.6,0.5235988,211791.0,289598.0,1.272255,0.9436791,0.1361318,0.003859453,0.009605049,1.31235,1.53,-0.01161565,0.004643456,1.21053,-0.004649162,0.003099441,0.03030803,1.809
2024_02_10_00_31_00_978,0.6,0.5235988,211915.0,289768.0,1.285472,0.9987142,0.1361319,0.003859986,0.009605467,1.357143,1.53,-0.01163345,0.00463035,1.210709,-0.006914138,0.01016259,0.03062282,1.809
2024_02_10_00_31_01_015,0.6,0.5235988,212041.0,289941.0,1.296468,1.055795,0.1361319,0.003859986,0.009605411,1.403147,1.53,-0.01167808,0.004583827,1.210507,0.0004768371,0.003248453,0.04201568,1.809
2024_02_10_00_31_01_052,0.6,0.5235988,212165.0,290110.0,1.30464,1.111803,0.136132,0.003859986,0.0096052,1.447939,1.53,-0.01158653,0.004649124,1.210595,0.006437301,0.001370907,-0.00404194,1.809
2024_02_10_00_31_01_085,0.6,0.5235988,212279.0,290266.0,1.309933,1.163546,0.1361318,0.003859453,0.009605167,1.489102,1.53,-0.01171185,0.004577161,1.210515,0.02384186,-0.01838803,-0.06110686,1.809
2024_02_10_00_31_01_123,0.6,0.5235988,212402.0,290435.0,1.313267,1.220049,0.1361319,0.003859986,0.00960525,1.533892,1.53,-0.01163481,0.004623747,1.210601,0.01728535,-0.004589558,-0.02674199,1.809
2024_02_10_00_31_01_156,0.6,0.5235988,212512.0,290586.0,1.314105,1.270525,0.1361319,0.003859986,0.009605039,1.573843,1.53,-0.01171089,0.004669265,1.210495,-0.00846386,-0.006407499,-0.03827643,1.809
2024_02_10_00_31_01_193,0.6,0.5235988,212639.0,290759.0,1.31257,1.328635,0.1361319,0.003859986,0.009605067,1.619848,1.53,-0.01158744,0.004678475,1.210503,-0.02837181,0.01007318,0.03792811,1.809
2024_02_10_00_31_01_231,0.6,0.5235988,212763.0,290928.0,1.308509,1.385091,0.1361318,0.003859453,0.009605289,1.664641,1.53,-0.01159506,0.004693594,1.210641,-0.04327297,0.0115633,0.01500361,1.809
2024_02_10_00_31_01_266,0.6,0.5235988,212876.0,291084.0,1.302553,1.436763,0.1361318,0.003859986,0.009605087,1.705805,1.53,-0.01163881,0.004720555,1.210516,-0.02026558,0.008136034,0.01509115,1.809
2024_02_10_00_31_01_298,0.6,0.5235988,212987.0,291235.0,1.294744,1.486638,0.1361319,0.003859986,0.009605269,1.745757,1.53,-0.01167723,0.004665721,1.210584,0.01490116,-0.0008940696,-0.03068149,1.809
2024_02_10_00_31_01_336,0.6,0.5235988,213114.0,291408.0,1.283292,1.543629,0.1361319,0.003859986,0.009605176,1.791762,1.53,-0.01158288,0.004631008,1.210621,0.000834465,0.000834465,0.0191424,1.809
2024_02_10_00_31_01_368,0.6,0.5235988,213224.0,291559.0,1.271227,1.592651,0.1361319,0.003859986,0.009605422,1.831714,1.53,-0.01149809,0.004685159,1.210754,-0.009417534,0.01174211,0.02291333,1.809
2024_02_10_00_31_01_406,0.6,0.5235988,213347.0,291728.0,1.255385,1.646992,0.1361318,0.003859986,0.00960519,1.876507,1.53,-0.01163806,0.004726749,1.210544,-0.02980232,0.01192093,0.04199892,1.809
2024_02_10_00_31_01_444,0.6,0.5235988,213474.0,291902.0,1.236602,1.702006,0.1361318,0.003859986,0.009605017,1.922515,1.53,-0.01162682,0.00465306,1.21061,0.006914138,0.004887581,0.06104167,1.809
2024_02_10_00_31_01_481,0.6,0.5235988,213598.0,292071.0,1.215899,1.754687,0.1361319,0.003859986,0.009605181,1.967312,1.53,-0.01163358,0.004668563,1.210607,0.004172325,-0.003457069,-0.01889095,1.809
2024_02_10_00_31_01_518,0.6,0.5235988,213725.0,292245.0,1.1922,1.807769,0.1361319,0.003859986,0.009605223,2.013319,1.53,-0.01157475,0.004730711,1.210627,-0.006318092,0.003099441,-0.02296828,1.809
2024_02_10_00_31_01_556,0.6,0.5235988,213848.0,292414.0,1.166804,1.858357,0.1361318,0.003859986,0.009605047,2.058115,1.53,-0.01158001,0.004720329,1.21061,-0.003576278,0.004172325,0.0154078,1.809
2024_02_10_00_31_01_594,0.6,0.5235988,213975.0,292587.0,1.138391,1.909074,0.1361318,0.003859986,0.009604924,2.104119,1.53,-0.01163345,0.004725727,1.210535,-0.0193119,0.003218651,-0.01930539,1.809
2024_02_10_00_31_01_627,0.6,0.5235988,214085.0,292738.0,1.111848,1.952018,0.1361317,0.003859986,0.009604951,2.144072,1.53,-0.011612,0.004740027,1.210636,-0.0231266,0.009596348,0.0417903,1.809
2024_02_10_00_31_01_666,0.6,0.5235988,214212.0,292912.0,1.079185,2.00011,0.1361318,0.003859986,0.009604863,2.190077,1.53,-0.0116782,0.004677482,1.21051,0.001907349,-0.001966953,0.003606081,1.809
2024_02_10_00_31_01_698,0.6,0.5235988,214323.0,293063.0,1.049051,2.040617,0.1361318,0.003859986,0.00960482,2.230031,1.53,-0.01167316,0.00470781,1.210561,0.005841255,0.004947185,0.02265908,1.809
2024_02_10_00_31_01_736,0.6,0.5235988,214446.0,293232.0,1.013371,2.084562,0.1361319,0.003860518,0.009604909,2.274825,1.53,-0.01160822,0.004731857,1.210694,-0.01680851,0.01394749,0.04957337,1.809
2024_02_10_00_31_01_773,0.6,0.5235988,214573.0,293406.0,0.9747181,2.127984,0.1361318,0.003859986,0.00960503,2.320831,1.53,-0.01162222,0.004689212,1.210686,-0.003576278,-0.0001788139,0.01141243,1.809
2024_02_10_00_31_01_811,0.6,0.5235988,214697.0,293575.0,0.9352006,2.168512,0.1361318,0.003859986,0.009605118,2.365627,1.53,-0.01168832,0.004693912,1.210537,-0.02121925,-0.0004172325,-0.0268789,1.809
2024_02_10_00_31_01_844,0.6,0.5235988,214810.0,293730.0,0.8973202,2.204161,0.1361319,0.003859986,0.009605174,2.40679,1.53,-0.01163774,0.004697446,1.210637,-0.001192093,-0.005185604,-0.03426149,1.809
2024_02_10_00_31_01_877,0.6,0.5235988,214920.0,293881.0,0.859181,2.237242,0.1361319,0.003859986,0.009605184,2.446742,1.53,-0.01164552,0.004610688,1.210512,0.01144409,-0.005483627,-0.0077039,1.809
2024_02_10_00_31_01_915,0.6,0.5235988,215047.0,294055.0,0.8136693,2.273415,0.1361319,0.003859986,0.009605153,2.492749,1.53,-0.01167635,0.004654906,1.210514,0.01585484,-0.01758337,-0.09173806,1.809
2024_02_10_00_31_01_948,0.6,0.5235988,215158.0,294205.0,0.7728311,2.3031,0.1361318,0.003859986,0.009605066,2.5327,1.53,-0.01165096,0.004680268,1.210575,0.006437301,-0.001311302,0.0229273,1.809
2024_02_10_00_31_01_985,0.6,0.5235988,215281.0,294374.0,0.7256752,2.334414,0.1361318,0.003860518,0.009604989,2.577497,1.53,-0.01157895,0.004774574,1.210661,-0.02431869,0.01591444,0.06112735,1.809
2024_02_10_00_31_02_023,0.6,0.5235988,215408.0,294548.0,0.6758353,2.364343,0.1361318,0.003859986,0.009605123,2.623505,1.53,-0.01166554,0.00464677,1.210574,0.0371933,-0.01198053,-0.01898687,1.809
2024_02_10_00_31_02_061,0.6,0.5235988,215532.0,294717.0,0.6260339,2.391252,0.1361319,0.003859986,0.009605152,2.6683,1.53,-0.01155728,0.00476026,1.21062,-0.03194809,0.01186132,0.03800262,1.809
2024_02_10_00_31_02_097,0.6,0.5235988,215658.0,294891.0,0.5736855,2.416538,0.1361317,0.003859986,0.009605085,2.714307,1.53,-0.0115964,0.004723309,1.210608,0.004768372,-0.009924172,-0.04190486,1.809
2024_02_10_00_31_02_136,0.6,0.5235988,215782.0,295060.0,0.5216496,2.43882,0.1361319,0.003859986,0.009605035,2.759101,1.53,-0.01169804,0.004693273,1.210627,0.01275539,-0.003665685,0.003900379,1.809
2024_02_10_00_31_02_168,0.6,0.5235988,215896.0,295215.0,0.4729964,2.457223,0.1361318,0.003859986,0.009605118,2.800266,1.53,-0.01163291,0.004658704,1.210634,-0.002980232,0.002890825,0.02653803,1.809
2024_02_10_00_31_02_202,0.6,0.5235988,216006.0,295366.0,0.4250883,2.473155,0.1361318,0.003860518,0.009605548,2.840218,1.53,-0.01153999,0.004722951,1.210887,-0.04148483,0.02115965,0.08793081,1.809
2024_02_10_00_31_02_239,0.6,0.5235988,216133.0,295540.0,0.3691847,2.489114,0.1361319,0.003859986,0.009605169,2.886225,1.53,-0.01165785,0.004685454,1.210703,0.02765655,-0.007480382,-0.0188686,1.809
2024_02_10_00_31_02_277,0.6,0.5235988,216256.0,295709.0,0.3141033,2.502167,0.1361318,0.003859986,0.009604884,2.931021,1.53,-0.01168205,0.004656105,1.2105,0.03004074,-0.002473593,0.02305861,1.809
2024_02_10_00_31_02_314,0.6,0.5235988,216383.0,295883.0,0.256983,2.512991,0.1361319,0.003860518,0.009605085,2.977027,1.53,-0.01152305,0.004740478,1.210677,-0.02348423,0.02622604,0.1181811,1.809
2024_02_10_00_31_02_352,0.6,0.5235988,216507.0,296052.0,0.200945,2.520996,0.1361318,0.003859986,0.009605096,3.021825,1.53,-0.01169771,0.004729011,1.210605,-0.007390975,0.003099441,-0.0001098961,1.809
2024_02_10_00_31_02_391,0.6,0.5235988,216634.0,296225.0,0.1430791,2.526596,0.1361318,0.003859986,0.009605254,3.067833,1.53,-0.0117083,0.004663407,1.210618,0.005483627,-0.0005662441,0.02691429,1.809
2024_02_10_00_31_02_426,0.6,0.5235988,216757.0,296395.0,0.08654568,2.529487,0.1361319,0.003859986,0.00960506,3.112629,1.53,-0.0116192,0.004762007,1.210565,-0.04220008,0.004798174,0.0113314,1.809
2024_02_10_00_31_02_465,0.6,0.5235988,216884.0,296568.0,0.02841051,2.529817,0.1361318,0.003860518,0.009605191,3.158635,1.53,-0.01151893,0.004724612,1.210835,0.015378,0.007838011,0.01521315,1.809
2024_02_10_00_31_02_502,0.6,0.5235988,217008.0,296737.0,-0.02815199,2.52757,0.1361319,0.003859986,0.009605193,3.203432,1.53,-0.01172312,0.004691848,1.210567,0.005125999,-0.007927418,-0.0266321,1.809
2024_02_10_00_31_02_540,0.6,0.5235988,217135.0,296911.0,-0.08607793,2.522628,0.1361319,0.003860518,0.009605236,3.249437,1.53,-0.01164193,0.004644424,1.210542,0.02205372,-0.004321337,0.03078021,1.809
2024_02_10_00_31_02_577,0.6,0.5235988,217258.0,297080.0,-0.1422029,2.515261,0.1361319,0.003860518,0.009605288,3.294234,1.53,-0.0116338,0.004671499,1.210602,-0.001311302,-0.001519918,-0.01530163,1.809
2024_02_10_00_31_02_614,0.6,0.5235988,217385.0,297254.0,-0.1994424,2.505087,0.1361319,0.003859986,0.009605184,3.34024,1.53,-0.01167166,0.004735223,1.210546,-0.005841255,-0.0004768371,-0.007438473,1.809
2024_02_10_00_31_02_652,0.6,0.5235988,217509.0,297423.0,-0.2546681,2.492662,0.136132,0.003860518,0.009605306,3.385038,1.53,-0.01154711,0.004665434,1.210672,-0.06055832,0.01317263,0.07602572,1.809
2024_02_10_00_31_02_685,0.6,0.5235988,217619.0,297574.0,-0.3034124,2.479502,0.1361318,0.003859986,0.009605173,3.42499,1.53,-0.01161159,0.004733588,1.210549,0.02026558,-0.001490116,-0.01521967,1.809
2024_02_10_00_31_02_722,0.6,0.5235988,217746.0,297747.0,-0.3588363,2.461952,0.1361318,0.003860518,0.009605329,3.470997,1.53,-0.01164156,0.004645597,1.210648,0.01752377,-0.005453825,-0.01523457,1.809
2024_02_10_00_31_02_757,0.6,0.5235988,217856.0,297898.0,-0.4062695,2.444657,0.1361319,0.003860518,0.009605267,3.510948,1.53,-0.01164757,0.004695641,1.210672,-0.006794929,0.0001192093,-0.003928319,1.809
2024_02_10_00_31_02_794,0.6,0.5235988,217983.0,298072.0,-0.4599818,2.422414,0.1361318,0.003859986,0.009605306,3.556955,1.53,-0.01157505,0.004713819,1.210615,-0.00500679,0.005662441,0.02300087,1.809
2024_02_10_00_31_02_832,0.6,0.5235988,218107.0,298241.0,-0.5112444,2.398405,0.1361319,0.003860518,0.009605306,3.601749,1.53,-0.01157582,0.00466772,1.210649,-0.007033348,0.010252,0.05720183,1.809
2024_02_10_00_31_02_869,0.6,0.5235988,218234.0,298415.0,-0.5627183,2.371384,0.1361319,0.003859986,0.009605258,3.647755,1.53,-0.01157641,0.00465613,1.210613,-0.003457069,0.003635883,0.03427919,1.809
2024_02_10_00_31_02_902,0.6,0.5235988,218344.0,298565.0,-0.606371,2.346018,0.1361318,0.003859986,0.009605035,3.687709,1.53,-0.01170113,0.00461879,1.210568,0.03302097,-0.02127886,-0.07645693,1.809
2024_02_10_00_31_02_939,0.6,0.5235988,218467.0,298735.0,-0.6540654,2.315531,0.1361319,0.003860518,0.009605441,3.732506,1.53,-0.01158722,0.00466783,1.21086,-0.01728535,0.01770258,0.0763312,1.809
2024_02_10_00_31_02_973,0.6,0.5235988,218581.0,298890.0,-0.6966484,2.285659,0.1361319,0.003859986,0.009605318,3.773669,1.53,-0.01167566,0.004652194,1.21071,-0.008702278,-0.002741813,-0.0190828,1.809
2024_02_10_00_31_03_011,0.6,0.5235988,218704.0,299059.0,-0.7415503,2.251189,0.1361319,0.003859986,0.009605316,3.818465,1.53,-0.01164653,0.004659629,1.210662,0.01323223,-0.002562999,0.003882684,1.809
2024_02_10_00_31_03_044,0.6,0.5235988,218818.0,299214.0,-0.7814119,2.217772,0.1361319,0.003859986,0.009605227,3.85963,1.53,-0.01156338,0.00464347,1.210572,-0.0231266,0.007569789,0.04186388,1.809
2024_02_10_00_31_03_081,0.6,0.5235988,218942.0,299384.0,-0.8231881,2.179576,0.1361319,0.003859986,0.009605229,3.904428,1.53,-0.01163832,0.004643151,1.210609,0.0128746,0.002861023,0.03823731,1.809
2024_02_10_00_31_03_115,0.6,0.5235988,219052.0,299534.0,-0.8589718,2.143962,0.1361319,0.003859986,0.0096054,3.944383,1.53,-0.01161129,0.004654382,1.210683,0.006914138,-0.006377697,-0.03442355,1.809
2024_02_10_00_31_03_151,0.6,0.5235988,219179.0,299708.0,-0.8983773,2.101219,0.1361318,0.003860518,0.00960548,3.99039,1.53,-0.01163383,0.004710339,1.210683,-0.0487566,0.006973743,0.01898035,1.809
2024_02_10_00_31_03_185,0.6,0.5235988,219289.0,299859.0,-0.9309702,2.062663,0.1361318,0.003859986,0.00960518,4.030343,1.53,-0.01163356,0.004676527,1.210592,0.00834465,-0.004053116,-0.01136307,1.809
2024_02_10_00_31_03_224,0.6,0.5235988,219416.0,300032.0,-0.9665579,2.016695,0.1361319,0.003859986,0.009605326,4.076348,1.53,-0.01160824,0.004691582,1.210671,0.007390975,0.00500679,0.02682302,1.809
2024_02_10_00_31_03_261,0.6,0.5235988,219539.0,300202.0,-0.9991432,1.970411,0.1361318,0.003859986,0.009605346,4.121143,1.53,-0.0116461,0.004659507,1.210603,0.01907349,-0.008523464,-0.01496263,1.809
2024_02_10_00_31_03_297,0.6,0.5235988,219666.0,300375.0,-1.030418,1.921406,0.1361319,0.003860518,0.009605278,4.16715,1.53,-0.0116624,0.004637242,1.210611,0.02491474,-0.009477139,-0.02660509,1.809
2024_02_10_00_31_03_335,0.6,0.5235988,219790.0,300544.0,-1.058674,1.872357,0.136132,0.003859986,0.009605392,4.211946,1.53,-0.01164105,0.004646418,1.210498,0.01633167,-0.0002980232,0.00395719,1.809
2024_02_10_00_31_03_372,0.6,0.5235988,219917.0,300718.0,-1.085377,1.820719,0.1361319,0.003859986,0.009605115,4.257952,1.53,-0.01164261,0.004689396,1.210632,-0.007748603,0.00423193,0.02251845,1.809
2024_02_10_00_31_03_406,0.6,0.5235988,220027.0,300869.0,-1.106616,1.774919,0.1361319,0.003859986,0.009605275,4.297901,1.53,-0.01165808,0.004668096,1.210637,0.03802776,-0.007003545,-0.05340576,1.809
2024_02_10_00_31_03_444,0.6,0.5235988,220154.0,301043.0,-1.128786,1.721179,0.1361319,0.003860518,0.009605341,4.343906,1.53,-0.01166125,0.004681496,1.210629,0.02229214,-0.006318092,-0.04570372,1.809
2024_02_10_00_31_03_477,0.6,0.5235988,220264.0,301193.0,-1.146017,1.673726,0.1361318,0.003859986,0.009605402,4.383856,1.53,-0.01158595,0.004682336,1.210601,0.0007152557,0.01132488,0.04590768,1.809
2024_02_10_00_31_03_514,0.6,0.5235988,220388.0,301362.0,-1.163064,1.61975,0.1361319,0.003859986,0.009605499,4.428647,1.53,-0.01165955,0.004669181,1.210654,0.002145767,0.006496906,0.03066473,1.809
2024_02_10_00_31_03_553,0.6,0.5235988,220515.0,301536.0,-1.178038,1.563579,0.1361319,0.003859986,0.009605375,4.47465,1.53,-0.01164786,0.004735745,1.21053,-0.03635883,0.01075864,0.03440771,1.809
2024_02_10_00_31_03_589,0.6,0.5235988,220638.0,301705.0,-1.190122,1.508281,0.1361318,0.003859986,0.009605167,4.519446,1.53,-0.01165619,0.004658736,1.210562,0.003457069,-0.006258487,-0.007709488,1.809
2024_02_10_00_31_03_627,0.6,0.5235988,220765.0,301879.0,-1.199941,1.450984,0.1361318,0.003859986,0.009605248,4.565447,1.53,-0.01162255,0.004785736,1.210659,-0.05066394,0.02261996,0.07620361,1.809
2024_02_10_00_31_03_665,0.6,0.5235988,220889.0,302048.0,-1.20696,1.394818,0.136132,0.003859986,0.009605343,4.610242,1.53,-0.01161653,0.004632163,1.210556,0.03123283,-0.006079673,-0.0152383,1.809
2024_02_10_00_31_03_702,0.6,0.5235988,221016.0,302222.0,-1.211542,1.336868,0.1361319,0.003859986,0.009605454,4.656244,1.53,-0.01166296,0.004663273,1.210664,-0.01239777,0.00411272,-0.003877096,1.809
2024_02_10_00_31_03_739,0.6,0.5235988,221139.0,302391.0,-1.213441,1.280298,0.1361319,0.003859986,0.009605363,4.701036,1.53,-0.01148355,0.004710095,1.210738,-0.02717972,0.01770258,0.05328655,1.809
2024_02_10_00_31_03_776,0.6,0.5235988,221266.0,302564.0,-1.21275,1.222171,0.1361319,0.003859986,0.009605301,4.747038,1.53,-0.01162672,0.004638552,1.210575,0.005125999,-0.00500679,-0.007533468,1.809
2024_02_10_00_31_03_815,0.6,0.5235988,221390.0,302734.0,-1.209512,1.165663,0.1361319,0.003859986,0.00960569,4.791835,1.53,-0.01161458,0.004621725,1.21072,-0.004172325,-0.003874302,-0.04948303,1.809
2024_02_10_00_31_03_848,0.6,0.5235988,221503.0,302889.0,-1.204308,1.113911,0.136132,0.003859986,0.009605444,4.832997,1.53,-0.0116961,0.004629552,1.210586,-0.004529953,-0.01177192,-0.07265899,1.809
2024_02_10_00_31_03_886,0.6,0.5235988,221627.0,303058.0,-1.19623,1.05789,0.1361318,0.003859986,0.009605285,4.877791,1.53,-0.01166596,0.004640706,1.210469,0.01823902,-0.007510185,-0.02656691,1.809
2024_02_10_00_31_03_919,0.6,0.5235988,221740.0,303213.0,-1.186602,1.006777,0.1361319,0.003859986,0.009605451,4.918952,1.53,-0.01162752,0.004625603,1.210636,0.02491474,0.003278255,0.01160428,1.809
2024_02_10_00_31_03_956,0.6,0.5235988,221864.0,303383.0,-1.173745,0.9516558,0.1361319,0.003859986,0.009605223,4.963748,1.53,-0.01172951,0.004692522,1.210498,0.01239777,-0.003218651,-0.007589347,1.809
2024_02_10_00_31_03_993,0.6,0.5235988,221991.0,303556.0,-1.157985,0.8957031,0.1361319,0.003859986,0.009605308,5.009752,1.53,-0.01158313,0.004658415,1.210603,0.004529953,-0.002384186,0.01156703,1.809
2024_02_10_00_31_04_031,0.6,0.5235988,222114.0,303725.0,-1.140184,0.8419756,0.1361319,0.003859986,0.009605275,5.054546,1.53,-0.01160691,0.004663521,1.210502,0.01716614,-0.003695488,-0.01893565,1.809
2024_02_10_00_31_04_068,0.6,0.5235988,222238.0,303894.0,-1.119994,0.7890992,0.136132,0.003859986,0.009605463,5.099342,1.53,-0.01161835,0.004595783,1.210547,0.02717972,0.001490116,0.03075134,1.809
2024_02_10_00_31_04_106,0.6,0.5235988,222365.0,304068.0,-1.096814,0.7357911,0.1361319,0.003859986,0.009605283,5.14535,1.53,-0.01165992,0.004650763,1.210613,0.008583069,-0.007390975,-0.01908187,1.809
2024_02_10_00_31_04_144,0.6,0.5235988,222488.0,304237.0,-1.071913,0.6849648,0.1361319,0.003859986,0.009605325,5.190144,1.53,-0.01157894,0.004669458,1.21061,0.03051758,-0.003874302,-0.003605149,1.809
2024_02_10_00_31_04_183,0.6,0.5235988,222615.0,304411.0,-1.043995,0.6339788,0.1361319,0.003859986,0.009605431,5.236145,1.53,-0.01158867,0.00469031,1.210634,-0.02408027,-0.007033348,-0.05729124,1.809
2024_02_10_00_31_04_214,0.6,0.5235988,222726.0,304562.0,-1.01787,0.5907829,0.1361318,0.003859986,0.009604962,5.276096,1.53,-0.01164737,0.004756313,1.210472,-0.01060963,-0.00244379,-0.03826898,1.809
2024_02_10_00_31_04_252,0.6,0.5235988,222853.0,304735.0,-0.9856778,0.5423822,0.1361319,0.003859986,0.00960512,5.322099,1.53,-0.01159171,0.004731265,1.210511,-0.009417534,0.01448393,0.04970654,1.809
2024_02_10_00_31_04_289,0.6,0.5235988,222976.0,304904.0,-0.9522272,0.4967263,0.1361318,0.003859986,0.009605169,5.366892,1.53,-0.01167277,0.004667922,1.210515,0.03731251,-0.009000301,-0.01896545,1.809
2024_02_10_00_31_04_323,0.6,0.5235988,223090.0,305060.0,-0.9197134,0.4561312,0.1361317,0.003859986,0.00960526,5.408052,1.53,-0.01167061,0.00476201,1.210612,-0.01955032,5.960464e-05,-0.003524124,1.809
2024_02_10_00_31_04_360,0.6,0.5235988,223213.0,305229.0,-0.8824666,0.413517,0.1361319,0.003859986,0.009605303,5.452841,1.53,-0.01166829,0.004581712,1.210477,0.05531311,-0.0128746,-0.02653431,1.809
2024_02_10_00_31_04_393,0.6,0.5235988,223323.0,305380.0,-0.8476658,0.37695,0.1361319,0.003859986,0.009605289,5.492788,1.53,-0.01166312,0.004679784,1.210494,-0.015378,0.001549721,-0.0001257285,1.809
2024_02_10_00_31_04_431,0.6,0.5235988,223450.0,305553.0,-0.805822,0.3366042,0.1361318,0.003859986,0.00960534,5.538789,1.53,-0.01168819,0.004649273,1.210506,0.05674362,-0.01257658,-0.05323626,1.809
2024_02_10_00_31_04_464,0.6,0.5235988,223561.0,305704.0,-0.768011,0.30316,0.136132,0.003859986,0.009605287,5.578737,1.53,-0.01159135,0.00463868,1.210589,-0.01597404,0.01227856,0.06068777,1.809
2024_02_10_00_31_04_502,0.6,0.5235988,223687.0,305878.0,-0.7228574,0.2665551,0.1361319,0.003859453,0.009605211,5.624741,1.53,-0.0115819,0.004689053,1.210548,0.007510185,0.003278255,0.01539104,1.809
2024_02_10_00_31_04_539,0.6,0.5235988,223811.0,306047.0,-0.6773198,0.2329452,0.1361318,0.003859453,0.009604949,5.669535,1.53,-0.01161682,0.00472009,1.21038,-0.04339218,0.01198053,0.0685798,1.809
2024_02_10_00_31_04_576,0.6,0.5235988,223938.0,306221.0,-0.6290342,0.2005854,0.1361319,0.003859453,0.009605283,5.715539,1.53,-0.01162742,0.004680571,1.210515,-0.001549721,-0.007033348,-0.03823545,1.809
2024_02_10_00_31_04_615,0.6,0.5235988,224062.0,306390.0,-0.580637,0.1712436,0.1361319,0.003859453,0.009605244,5.760331,1.53,-0.01172254,0.004626138,1.21049,0.04339218,-0.01809001,-0.05705375,1.809
2024_02_10_00_31_04_652,0.6,0.5235988,224188.0,306563.0,-0.5296148,0.1433961,0.1361318,0.003859986,0.009605028,5.806332,1.53,-0.01160624,0.004711914,1.210584,-0.02408027,0.01114607,0.05325768,1.809
2024_02_10_00_31_04_685,0.6,0.5235988,224299.0,306714.0,-0.484308,0.1211382,0.1361318,0.003859986,0.009605356,5.846284,1.53,-0.01163933,0.004655621,1.210609,-0.009298325,-0.002980232,-0.03435742,1.809
2024_02_10_00_31_04_718,0.6,0.5235988,224409.0,306865.0,-0.4381475,0.100708,0.1361318,0.003859986,0.009605227,5.886232,1.53,-0.01164209,0.00466532,1.210588,0.02729893,-0.0154078,-0.0878889,1.809
2024_02_10_00_31_04_756,0.6,0.5235988,224536.0,307039.0,-0.3840327,0.07948816,0.1361317,0.003859453,0.009604976,5.932234,1.53,-0.01169659,0.004737548,1.21045,-0.01728535,-0.00295043,-0.003772788,1.809
2024_02_10_00_31_04_789,0.6,0.5235988,224646.0,307190.0,-0.3362887,0.06309614,0.1361317,0.003859453,0.009604966,5.972182,1.53,-0.01164998,0.004721608,1.210446,0.005364418,-0.002592802,0.007737427,1.809
2024_02_10_00_31_04_826,0.6,0.5235988,224773.0,307363.0,-0.2805529,0.04660021,0.1361319,0.003859986,0.009605449,6.018187,1.53,-0.01164412,0.004641642,1.210577,0.01001358,-0.01013279,-0.07639267,1.809
2024_02_10_00_31_04_860,0.6,0.5235988,224883.0,307514.0,-0.2315779,0.03436778,0.1361318,0.003859453,0.00960509,6.058136,1.53,-0.01168135,0.00469088,1.210439,0.008702278,-0.008404255,-0.03047008,1.809
2024_02_10_00_31_04_898,0.6,0.5235988,225010.0,307688.0,-0.1746313,0.02271822,0.1361319,0.003859453,0.009605087,6.104137,1.53,-0.01171795,0.004655567,1.210434,0.01811981,-0.01069903,-0.03438629,1.809
2024_02_10_00_31_04_935,0.6,0.5235988,225134.0,307857.0,-0.118725,0.01390326,0.1361318,0.003859453,0.009605233,6.148929,1.53,-0.01164794,0.004686764,1.210523,0.02145767,-0.01102686,-0.04556123,1.809
2024_02_10_00_31_04_973,0.6,0.5235988,225261.0,308031.0,-0.060957,0.007465335,0.1361318,0.003859453,0.009605036,6.194932,1.53,-0.01167581,0.004688489,1.210443,-0.004887581,-0.01299381,-0.06508175,1.809
2024_02_10_00_31_05_006,0.6,0.5235988,225371.0,308181.0,-0.01059484,0.004034916,0.1361319,0.003859453,0.009605127,6.234881,1.53,-0.01165091,0.004658666,1.210575,0.03397465,-0.007480382,-0.03059953,1.809
2024_02_10_00_31_05_043,0.6,0.5235988,225494.0,308350.0,0.04598337,0.00258432,0.1361318,0.003859453,0.009605074,6.279673,1.53,-0.01164612,0.004702304,1.210399,0.002861023,-0.006526708,-0.02672057,1.809
2024_02_10_00_31_05_082,0.6,0.5235988,225621.0,308524.0,0.1040987,0.003733345,0.1361319,0.003859986,0.009605102,0.0424902,1.53,-0.01152767,0.004738933,1.210577,-0.02217293,0.01075864,0.03431458,1.809
2024_02_10_00_31_05_118,0.6,0.5235988,225745.0,308693.0,0.1605747,0.007418765,0.1361319,0.003859986,0.009605534,0.08728457,1.53,-0.01157357,0.004730028,1.210793,-0.04315376,0.01561642,0.04203058,1.809
2024_02_10_00_31_05_156,0.6,0.5235988,225872.0,308867.0,0.2183461,0.01383271,0.1361319,0.003859986,0.009605115,0.1332875,1.53,-0.01162047,0.00468355,1.210486,0.01239777,0.00333786,-0.00388734,1.809
2024_02_10_00_31_05_193,0.6,0.5235988,225995.0,309036.0,0.274256,0.02262453,0.1361318,0.003859453,0.009604976,0.1780803,1.53,-0.01170329,0.004707518,1.210422,0.02753734,-0.0154078,-0.03791414,1.809
2024_02_10_00_31_05_231,0.6,0.5235988,226122.0,309210.0,0.3312072,0.03425069,0.136132,0.003859986,0.009605262,0.2240826,1.53,-0.01158233,0.004662388,1.210589,-0.02920627,0.006139278,0.01098961,1.809
2024_02_10_00_31_05_268,0.6,0.5235988,226246.0,309379.0,0.3860893,0.04807588,0.136132,0.003859986,0.009605336,0.2688765,1.53,-0.01162316,0.004646178,1.210521,-0.001072884,0.001072884,-0.01152698,1.809
2024_02_10_00_31_05_306,0.6,0.5235988,226373.0,309552.0,0.4417527,0.06481857,0.1361319,0.003859453,0.009605183,0.3148799,1.53,-0.01163446,0.004755787,1.210556,-0.02944469,0.001758337,-0.007560476,1.809
2024_02_10_00_31_05_339,0.6,0.5235988,226483.0,309703.0,0.4894227,0.08142213,0.1361318,0.003859986,0.009605126,0.3548305,1.53,-0.01167298,0.004590889,1.210518,0.02861023,-0.007271766,0.01166854,1.809
2024_02_10_00_31_05_372,0.6,0.5235988,226593.0,309854.0,0.5363923,0.09991659,0.1361319,0.003859986,0.009605007,0.3947806,1.53,-0.0116336,0.004649209,1.210426,0.01764297,-0.003278255,0.02679042,1.809
2024_02_10_00_31_05_409,0.6,0.5235988,226720.0,310028.0,0.5895122,0.123517,0.136132,0.003859986,0.009605172,0.440783,1.53,-0.01161005,0.004664812,1.210662,0.01323223,0.002264977,0.02671685,1.809
2024_02_10_00_31_05_447,0.6,0.5235988,226844.0,310197.0,0.6401381,0.1488204,0.1361317,0.003859986,0.009605027,0.4855747,1.53,-0.01162272,0.004754923,1.210633,-0.0462532,0.00655651,0.01514982,1.809
2024_02_10_00_31_05_485,0.6,0.5235988,226971.0,310371.0,0.6908997,0.1771402,0.1361318,0.003859986,0.009605246,0.5315776,1.53,-0.01165842,0.004654903,1.210654,0.004291534,-0.006973743,-0.03434625,1.809
2024_02_10_00_31_05_518,0.6,0.5235988,227081.0,310521.0,0.7338861,0.2036054,0.1361319,0.003859453,0.009605181,0.5715293,1.53,-0.01163977,0.004696834,1.210534,0.006794929,-0.004410744,-0.02289004,1.809
2024_02_10_00_31_05_552,0.6,0.5235988,227194.0,310677.0,0.7770319,0.2326465,0.1361319,0.003859986,0.00960511,0.6126884,1.53,-0.01164924,0.004642238,1.210463,0.01251697,-0.009655952,-0.02687331,1.809
2024_02_10_00_31_05_589,0.6,0.5235988,227318.0,310846.0,0.822583,0.266237,0.1361319,0.003859986,0.009605198,0.6574823,1.53,-0.0116157,0.004681321,1.210522,0.007271766,-0.003099441,-0.04979688,1.809
2024_02_10_00_31_05_627,0.6,0.5235988,227445.0,311020.0,0.8677499,0.3028234,0.1361319,0.003859453,0.009605207,0.7034825,1.53,-0.01163724,0.004683192,1.210523,0.02336502,-0.008165836,-0.04966929,1.809
2024_02_10_00_31_05_665,0.6,0.5235988,227568.0,311189.0,0.9100683,0.3404055,0.1361319,0.003859986,0.009605285,0.7482769,1.53,-0.01155851,0.004629095,1.210521,-0.01299381,0.009000301,0.04949048,1.809
2024_02_10_00_31_05_702,0.6,0.5235988,227695.0,311362.0,0.9517338,0.380936,0.1361318,0.003859986,0.009605371,0.7942798,1.53,-0.01164554,0.0046828,1.21064,0.009655952,-0.005185604,-0.04198867,1.809
2024_02_10_00_31_05_739,0.6,0.5235988,227819.0,311531.0,0.9904717,0.4222011,0.1361319,0.003859986,0.009605062,0.8390752,1.53,-0.01163552,0.004653899,1.210554,0.03147125,-0.01114607,-0.04962273,1.809
2024_02_10_00_31_05_776,0.6,0.5235988,227946.0,311705.0,1.028289,0.4663437,0.1361319,0.003859453,0.009605332,0.8850776,1.53,-0.01161895,0.004671201,1.210637,-0.0002384186,-0.004589558,-0.02665352,1.809
2024_02_10_00_31_05_814,0.6,0.5235988,228069.0,311874.0,1.063124,0.5109521,0.136132,0.003859986,0.009605181,0.9298704,1.53,-0.01160416,0.004673385,1.210531,-0.005841255,0.006020069,0.01516007,1.809
2024_02_10_00_31_05_848,0.6,0.5235988,228180.0,312025.0,1.092481,0.552019,0.1361319,0.003859986,0.009605302,0.9698231,1.53,-0.01160194,0.004646145,1.210631,0.00500679,-0.007688999,-0.03809668,1.809
2024_02_10_00_31_05_885,0.6,0.5235988,228306.0,312199.0,1.124224,0.6007169,0.1361319,0.003859986,0.009605078,1.015827,1.53,-0.01169136,0.004677535,1.210531,0.0002384186,0.002920627,0.02294499,1.809
2024_02_10_00_31_05_923,0.6,0.5235988,228430.0,312368.0,1.152947,0.6494873,0.1361318,0.003859986,0.009604988,1.060623,1.53,-0.0115983,0.004705435,1.210529,0.015378,-0.009328127,-0.06494951,1.809
2024_02_10_00_31_05_956,0.6,0.5235988,228544.0,312523.0,1.177391,0.6953962,0.1361318,0.003859986,0.009605356,1.101786,1.53,-0.01166515,0.004599482,1.210516,0.01764297,-0.01296401,-0.07251929,1.809
2024_02_10_00_31_05_993,0.6,0.5235988,228667.0,312692.0,1.20182,0.7464526,0.1361319,0.003859986,0.009605363,1.146574,1.53,-0.01162486,0.004625462,1.210461,-0.007510185,-0.004321337,-0.02291705,1.809
2024_02_10_00_31_06_027,0.6,0.5235988,228781.0,312848.0,1.222232,0.7942887,0.1361319,0.003859986,0.009605203,1.187733,1.53,-0.01158686,0.004642193,1.210554,0.01740456,-0.008702278,-0.02680067,1.809
2024_02_10_00_31_06_063,0.6,0.5235988,228904.0,313017.0,1.242187,0.8472537,0.1361318,0.003859453,0.009605119,1.232523,1.53,-0.01169332,0.004604564,1.210469,0.03147125,-0.01350045,-0.02654921,1.809
2024_02_10_00_31_06_097,0.6,0.5235988,229015.0,313168.0,1.257968,0.8952058,0.1361319,0.003859986,0.009605224,1.27247,1.53,-0.01162551,0.004658244,1.210625,-0.0244379,0.00745058,0.02657156,1.809
2024_02_10_00_31_06_135,0.6,0.5235988,229141.0,313341.0,1.273752,0.9511517,0.1361319,0.003859986,0.00960516,1.318474,1.53,-0.01167457,0.00465822,1.21059,0.02253055,-0.008016825,-0.04191044,1.809
2024_02_10_00_31_06_172,0.6,0.5235988,229265.0,313510.0,1.286632,1.006268,0.1361318,0.003859986,0.009605004,1.363265,1.53,-0.01164401,0.004707565,1.210577,-0.01490116,0.008225441,0.01510326,1.809
2024_02_10_00_31_06_209,0.6,0.5235988,229392.0,313684.0,1.297278,1.063416,0.1361318,0.003859986,0.009605037,1.40927,1.53,-0.01156926,0.004602884,1.210576,0.03612041,0.004738569,0.06507151,1.809
2024_02_10_00_31_06_247,0.6,0.5235988,229516.0,313853.0,1.305107,1.119473,0.1361319,0.003859986,0.009605315,1.454062,1.53,-0.01169879,0.004661944,1.210598,0.02872944,-0.01165271,-0.06477628,1.809
2024_02_10_00_31_06_281,0.6,0.5235988,229629.0,314009.0,1.310084,1.171247,0.1361319,0.003859986,0.009605247,1.495226,1.53,-0.0116114,0.004612401,1.210647,-0.008225441,0.0002682209,-0.01564529,1.809
2024_02_10_00_31_06_318,0.6,0.5235988,229753.0,314178.0,1.313073,1.22777,0.1361319,0.003859986,0.009605107,1.540019,1.53,-0.01164327,0.00464972,1.210552,0.009655952,0.0003278255,0.007765367,1.809
2024_02_10_00_31_06_356,0.6,0.5235988,229880.0,314351.0,1.313504,1.2859,0.1361319,0.003859986,0.009605126,1.586022,1.53,-0.01157918,0.004645381,1.21058,0.03635883,-0.008106232,-0.03812276,1.809
2024_02_10_00_31_06_394,0.6,0.5235988,230003.0,314520.0,1.311355,1.342461,0.1361318,0.003859986,0.009605022,1.630818,1.53,-0.01160202,0.004679264,1.210521,-0.01966953,0.001758337,0.007565133,1.809
2024_02_10_00_31_06_430,0.6,0.5235988,230130.0,314694.0,1.306514,1.40039,0.1361318,0.003859453,0.009605211,1.676823,1.53,-0.01162465,0.004654515,1.210558,-0.003814697,-0.002771616,-0.007397495,1.809
2024_02_10_00_31_06_468,0.6,0.5235988,230254.0,314863.0,1.299246,1.456524,0.1361319,0.003859986,0.009605083,1.721617,1.53,-0.01171756,0.004639018,1.210467,0.03135204,-0.01645088,-0.0650119,1.809
2024_02_10_00_31_06_502,0.6,0.5235988,230367.0,315019.0,1.290355,1.507773,0.1361318,0.003859986,0.009605143,1.76278,1.53,-0.01159268,0.00463864,1.210581,-0.01192093,0.007688999,0.05724839,1.809
2024_02_10_00_31_06_535,0.6,0.5235988,230477.0,315169.0,1.279719,1.557123,0.1361319,0.003859986,0.009605139,1.802731,1.53,-0.01157835,0.004686437,1.210626,-0.02074241,0.009179115,0.04573818,1.809
2024_02_10_00_31_06_572,0.6,0.5235988,230601.0,315338.0,1.265461,1.611901,0.1361319,0.003859986,0.009605165,1.847527,1.53,-0.01162253,0.00467967,1.210547,-0.009059906,0.001907349,0.003780238,1.809
2024_02_10_00_31_06_609,0.6,0.5235988,230728.0,315512.0,1.248279,1.667436,0.1361318,0.003859986,0.009604955,1.893536,1.53,-0.01168435,0.004682429,1.210554,-0.02217293,-0.001192093,-0.01936313,1.809
2024_02_10_00_31_06_647,0.6,0.5235988,230851.0,315681.0,1.22911,1.720695,0.1361319,0.003859986,0.009605238,1.938335,1.53,-0.01147895,0.004697042,1.210818,-0.02515316,0.01513958,0.06095133,1.809
2024_02_10_00_31_06_684,0.6,0.5235988,230978.0,315855.0,1.206963,1.774442,0.1361318,0.003859986,0.009605228,1.984342,1.53,-0.01161628,0.004686996,1.210547,-0.007510185,-0.0005364418,-0.007543712,1.809
2024_02_10_00_31_06_722,0.6,0.5235988,231102.0,316024.0,1.183044,1.825741,0.1361318,0.003859986,0.009605115,2.02914,1.53,-0.01154262,0.004664219,1.210594,-0.002384186,0.008046627,0.02290308,1.809
2024_02_10_00_31_06_759,0.6,0.5235988,231229.0,316198.0,1.156111,1.877261,0.1361318,0.003859986,0.009605213,2.075145,1.53,-0.01155456,0.004708404,1.210712,-0.02169609,0.01877546,0.09559187,1.809
2024_02_10_00_31_06_798,0.6,0.5235988,231352.0,316367.0,1.12764,1.926182,0.1361318,0.003859986,0.00960516,2.119939,1.53,-0.01159952,0.004696626,1.210725,-0.001192093,-0.002920627,-0.003642402,1.809
2024_02_10_00_31_06_834,0.6,0.5235988,231479.0,316540.0,1.096148,1.975049,0.1361318,0.003859986,0.009605017,2.165944,1.53,-0.01162053,0.004690582,1.210548,-0.01311302,0.001072884,0.01911912,1.809
2024_02_10_00_31_06_873,0.6,0.5235988,231603.0,316710.0,1.063356,2.021188,0.1361317,0.003859986,0.009605014,2.210738,1.53,-0.01165397,0.004742891,1.210665,-0.002861023,0.003457069,0.01138169,1.809
2024_02_10_00_31_06_906,0.6,0.5235988,231716.0,316865.0,1.03143,2.062254,0.1361318,0.003859986,0.009604763,2.251902,1.53,-0.01167983,0.004709579,1.210556,0.02086162,-0.007152557,-0.02302043,1.809
2024_02_10_00_31_06_943,0.6,0.5235988,231840.0,317034.0,0.9947973,2.105407,0.1361317,0.003860518,0.009605216,2.296696,1.53,-0.01161513,0.004721845,1.210746,-0.03230572,0.008404255,0.02685468,1.809
2024_02_10_00_31_06_981,0.6,0.5235988,231967.0,317208.0,0.9552028,2.147974,0.1361319,0.003859986,0.009605136,2.342702,1.53,-0.0116661,0.004679713,1.210658,-0.015378,-0.002801418,-0.01921598,1.809
2024_02_10_00_31_07_019,0.6,0.5235988,232091.0,317377.0,0.9148091,2.187629,0.1361318,0.003859986,0.009605331,2.387496,1.53,-0.01162622,0.004709322,1.210622,-0.02145767,-0.002086163,-0.03055017,1.809
2024_02_10_00_31_07_056,0.6,0.5235988,232217.0,317550.0,0.8715179,2.22643,0.1361319,0.003859986,0.009605378,2.4335,1.53,-0.01153391,0.004688281,1.210779,-0.0141859,0.01496076,0.03803149,1.809
2024_02_10_00_31_07_093,0.6,0.5235988,232341.0,317720.0,0.8276963,2.262259,0.1361319,0.003859986,0.009605174,2.478297,1.53,-0.01164591,0.004686248,1.210614,0.02467632,-0.003457069,-0.01500174,1.809
2024_02_10_00_31_07_130,0.6,0.5235988,232468.0,317893.0,0.7810647,2.296976,0.1361318,0.003859986,0.009604958,2.524303,1.53,-0.01170648,0.004648967,1.210441,0.0140667,-0.006258487,0.01536216,1.809
2024_02_10_00_31_07_168,0.6,0.5235988,232592.0,318062.0,0.7341734,2.328684,0.1361318,0.003859986,0.009605228,2.569099,1.53,-0.01160578,0.004685188,1.210493,0.001788139,-5.960464e-05,0.01924112,1.809
2024_02_10_00_31_07_201,0.6,0.5235988,232702.0,318213.0,0.6911905,2.355168,0.1361318,0.003859986,0.009604939,2.609051,1.53,-0.01165549,0.004732059,1.210656,0.01609325,-0.004351139,-0.0306433,1.809
2024_02_10_00_31_07_239,0.6,0.5235988,232829.0,318387.0,0.640431,2.383509,0.1361318,0.003860518,0.009605151,2.65506,1.53,-0.01167275,0.004628434,1.210696,0.01740456,-0.004082918,0.007700175,1.809
2024_02_10_00_31_07_276,0.6,0.5235988,232952.0,318556.0,0.5898047,2.408834,0.1361318,0.003860518,0.009605005,2.699856,1.53,-0.01164807,0.004699193,1.210552,0.007629394,-0.004142523,-0.01155119,1.809
2024_02_10_00_31_07_309,0.6,0.5235988,233066.0,318711.0,0.5423263,2.430085,0.1361318,0.003859986,0.009605166,2.741019,1.53,-0.01161489,0.00471779,1.210638,0.009298325,-0.009775162,-0.04180893,1.809
2024_02_10_00_31_07_347,0.6,0.5235988,233189.0,318880.0,0.489713,2.45097,0.1361319,0.003859986,0.009605163,2.785814,1.53,-0.01161056,0.00469589,1.210626,-0.03051758,0.007599592,0.02270564,1.809
2024_02_10_00_31_07_381,0.6,0.5235988,233303.0,319036.0,0.4405858,2.468067,0.1361319,0.003859986,0.00960496,2.826979,1.53,-0.01166676,0.004662253,1.210442,-0.01442432,0.004529953,0.03785454,1.809
2024_02_10_00_31_07_418,0.6,0.5235988,233426.0,319205.0,0.3863736,2.484358,0.1361319,0.003859986,0.009605237,2.871775,1.53,-0.01165821,0.004698792,1.210645,-0.004053116,-0.001341104,-0.01148879,1.809
2024_02_10_00_31_07_456,0.6,0.5235988,233553.0,319379.0,0.3299951,2.498545,0.1361318,0.003859986,0.00960517,2.917782,1.53,-0.0115645,0.004745596,1.210625,-0.03063679,0.01814961,0.08023064,1.809
2024_02_10_00_31_07_493,0.6,0.5235988,233677.0,319548.0,0.2745292,2.509852,0.1361318,0.003859986,0.00960511,2.962577,1.53,-0.01168584,0.004723135,1.210613,-0.01585484,-0.002861023,-0.007520429,1.809
2024_02_10_00_31_07_531,0.6,0.5235988,233804.0,319721.0,0.2170964,2.518869,0.1361319,0.003859986,0.009605107,3.008584,1.53,-0.01156974,0.004708372,1.210616,-0.005245208,0.004500151,-0.007898547,1.809
2024_02_10_00_31_07_568,0.6,0.5235988,233927.0,319890.0,0.1608342,2.525101,0.1361318,0.003859986,0.009605238,3.053381,1.53,-0.01160929,0.004712632,1.210667,-0.02706051,0.01192093,0.04969816,1.809
2024_02_10_00_31_07_606,0.6,0.5235988,234054.0,320064.0,0.1028203,2.528873,0.136132,0.003859986,0.009605131,3.099387,1.53,-0.01168385,0.004708292,1.210568,-0.03671646,0.004410744,0.02649054,1.809
2024_02_10_00_31_07_643,0.6,0.5235988,234178.0,320233.0,0.04622431,2.529979,0.1361319,0.003859986,0.009605329,3.144183,1.53,-0.01167039,0.004729515,1.210605,-0.04303455,-0.003159046,-0.01898408,1.809
2024_02_10_00_31_07_681,0.6,0.5235988,234305.0,320407.0,-0.01189232,2.528476,0.1361318,0.003859986,0.009605288,3.19019,1.53,-0.01158673,0.004740274,1.210683,-0.01072884,0.002235174,-0.02299249,1.809
2024_02_10_00_31_07_718,0.6,0.5235988,234428.0,320576.0,-0.06835562,2.524445,0.1361319,0.003859986,0.009605112,3.234986,1.53,-0.01154811,0.004770804,1.210632,-0.06103515,0.02032518,0.07222313,1.809
2024_02_10_00_31_07_756,0.6,0.5235988,234555.0,320750.0,-0.1260973,2.517678,0.136132,0.003860518,0.009605309,3.280993,1.53,-0.01158128,0.004712431,1.210728,-0.02503395,0.005632638,0.01137424,1.809
2024_02_10_00_31_07_793,0.6,0.5235988,234679.0,320919.0,-0.1819623,2.508543,0.1361318,0.003859986,0.009605224,3.325789,1.53,-0.01168155,0.004628965,1.210544,0.04577636,-0.01269579,-0.02267957,1.809
2024_02_10_00_31_07_830,0.6,0.5235988,234802.0,321088.0,-0.2373619,2.496918,0.1361319,0.003859986,0.009605334,3.370584,1.53,-0.01162496,0.00471863,1.210613,-0.02467632,0.005871057,0.01529977,1.809
2024_02_10_00_31_07_868,0.6,0.5235988,234929.0,321262.0,-0.2936575,2.482408,0.1361319,0.003859986,0.009605261,3.416591,1.53,-0.01168019,0.004718003,1.210618,-0.04923343,-0.002503395,-0.0307234,1.809
2024_02_10_00_31_07_906,0.6,0.5235988,235053.0,321431.0,-0.3477751,2.465806,0.1361318,0.003859986,0.009605031,3.461386,1.53,-0.01168674,0.004659207,1.2105,0.01060963,-0.009030104,0.01161639,1.809
2024_02_10_00_31_07_942,0.6,0.5235988,235180.0,321604.0,-0.402523,2.446252,0.1361319,0.003859986,0.009605332,3.507394,1.53,-0.01156247,0.004687915,1.210717,-0.03540516,0.01913309,0.1030443,1.809
2024_02_10_00_31_07_980,0.6,0.5235988,235303.0,321773.0,-0.4549118,2.424812,0.1361319,0.003860518,0.009605447,3.552191,1.53,-0.01169049,0.004619507,1.210735,0.05531311,-0.01174211,-0.06083119,1.809
2024_02_10_00_31_08_018,0.6,0.5235988,235430.0,321947.0,-0.5076613,2.400372,0.1361318,0.003860518,0.00960511,3.598199,1.53,-0.01158555,0.004711917,1.21076,0.004887581,-0.003218651,-0.0190381,1.809
2024_02_10_00_31_08_055,0.6,0.5235988,235554.0,322116.0,-0.5578907,2.374271,0.1361318,0.003860518,0.009605343,3.642998,1.53,-0.01165477,0.004650576,1.210819,0.02324581,-0.009417534,-0.05339644,1.809
2024_02_10_00_31_08_093,0.6,0.5235988,235681.0,322290.0,-0.6082078,2.345151,0.136132,0.003860518,0.009605321,3.689004,1.53,-0.01156166,0.004669313,1.210689,-0.01144409,0.01585484,0.07640105,1.809
2024_02_10_00_31_08_126,0.6,0.5235988,235791.0,322441.0,-0.6507778,2.318007,0.1361318,0.003859986,0.009605366,3.728956,1.53,-0.01161985,0.004674142,1.210642,-0.001192093,0.004053116,0.02292543,1.809
2024_02_10_00_31_08_164,0.6,0.5235988,235918.0,322614.0,-0.6984073,2.284675,0.1361319,0.003859986,0.009605361,3.774962,1.53,-0.01158024,0.004697934,1.21074,-0.02121925,0.00745058,0.01901947,1.809
2024_02_10_00_31_08_201,0.6,0.5235988,236042.0,322784.0,-0.7432644,2.250149,0.1361319,0.003859986,0.00960536,3.819759,1.53,-0.01154047,0.004741678,1.210813,-0.01382828,0.008225441,0.01154747,1.809
2024_02_10_00_31_08_238,0.6,0.5235988,236168.0,322957.0,-0.7876766,2.212634,0.1361319,0.003859986,0.009605194,3.865767,1.53,-0.01161081,0.004679151,1.210603,-0.0346899,0.01108646,0.06482843,1.809
2024_02_10_00_31_08_276,0.6,0.5235988,236292.0,323126.0,-0.8292166,2.174183,0.1361318,0.003859986,0.009605144,3.910568,1.53,-0.01159332,0.004728462,1.210699,-0.00166893,0.0004172325,-8.102506e-05,1.809
2024_02_10_00_31_08_311,0.6,0.5235988,236406.0,323282.0,-0.8658364,2.137242,0.1361319,0.003859986,0.009605115,3.951734,1.53,-0.01163725,0.004638827,1.210412,0.04792213,-0.009059906,-0.03435276,1.809
2024_02_10_00_31_08_347,0.6,0.5235988,236529.0,323451.0,-0.903922,2.095366,0.1361318,0.003860518,0.00960538,3.996529,1.53,-0.01161342,0.004727264,1.210696,-0.0128746,0.007569789,-0.003837049,1.809
2024_02_10_00_31_08_385,0.6,0.5235988,236656.0,323624.0,-0.9410456,2.050627,0.1361318,0.003859986,0.009605117,4.042535,1.53,-0.01165077,0.004742356,1.210565,0.0004768371,0.002264977,0.03452878,1.809
2024_02_10_00_31_08_418,0.6,0.5235988,236766.0,323775.0,-0.9715854,2.010425,0.1361319,0.003860518,0.009605338,4.082488,1.53,-0.0116933,0.004624309,1.21055,0.0513792,-0.01937151,-0.1029307,1.809
2024_02_10_00_31_08_455,0.6,0.5235988,236890.0,323944.0,-1.003887,1.963941,0.136132,0.003860518,0.009605373,4.127283,1.53,-0.01169619,0.004642165,1.2105,-0.0001192093,-0.005245208,-0.0419747,1.809
2024_02_10_00_31_08_489,0.6,0.5235988,237003.0,324100.0,-1.03171,1.91999,0.1361319,0.003859986,0.009605151,4.168446,1.53,-0.01169465,0.004700401,1.21047,0.007390975,-0.002473593,-0.01903158,1.809
2024_02_10_00_31_08_527,0.6,0.5235988,237127.0,324269.0,-1.059902,1.870905,0.1361319,0.003860518,0.009605264,4.213242,1.53,-0.01162431,0.004695299,1.210599,-0.009059906,0.004798174,0.03055297,1.809
2024_02_10_00_31_08_564,0.6,0.5235988,237254.0,324443.0,-1.086536,1.81923,0.1361319,0.003859986,0.009605383,4.259247,1.53,-0.01166045,0.004685566,1.2106,0.01811981,0.001996756,-0.01134723,1.809
2024_02_10_00_31_08_597,0.6,0.5235988,237364.0,324593.0,-1.107717,1.773402,0.1361319,0.003859986,0.009605261,4.299197,1.53,-0.01172394,0.004672296,1.210463,0.01478195,-0.01576543,-0.07264037,1.809
2024_02_10_00_31_08_635,0.6,0.5235988,237491.0,324767.0,-1.129817,1.719634,0.1361319,0.003860518,0.009605486,4.345201,1.53,-0.01156655,0.004684358,1.21069,0.01430511,0.0005662441,-0.007458962,1.809
2024_02_10_00_31_08_668,0.6,0.5235988,237601.0,324918.0,-1.146985,1.672158,0.1361319,0.003859986,0.00960533,4.38515,1.53,-0.01165775,0.004634616,1.210627,0.03516674,-0.01347065,-0.07257797,1.809
2024_02_10_00_31_08_701,0.6,0.5235988,237711.0,325069.0,-1.162242,1.624034,0.1361319,0.003859986,0.009605551,4.4251,1.53,-0.01161702,0.00467256,1.210666,-0.006079673,-0.001907349,-0.04198216,1.809
2024_02_10_00_31_08_739,0.6,0.5235988,237838.0,325242.0,-1.177414,1.567918,0.1361319,0.003859986,0.00960534,4.471103,1.53,-0.011623,0.004667033,1.210609,-0.0004768371,-0.0002086162,0.007684342,1.809
2024_02_10_00_31_08_776,0.6,0.5235988,237962.0,325411.0,-1.189692,1.512664,0.1361319,0.003859986,0.009605432,4.515895,1.53,-0.01162005,0.004652199,1.210743,0.006914138,-0.01525879,-0.072442,1.809
2024_02_10_00_31_08_809,0.6,0.5235988,238076.0,325567.0,-1.198784,1.461451,0.1361319,0.003859986,0.009605291,4.557057,1.53,-0.01157095,0.004678049,1.210565,-0.006198883,0.01221895,0.04573725,1.809
2024_02_10_00_31_08_842,0.6,0.5235988,238186.0,325718.0,-1.205585,1.411427,0.1361318,0.003859986,0.009605332,4.597007,1.53,-0.01156288,0.004749445,1.210771,-0.0257492,0.005811452,0.01140498,1.809
2024_02_10_00_31_08_880,0.6,0.5235988,238309.0,325887.0,-1.21083,1.355068,0.1361319,0.003859986,0.009605316,4.641803,1.53,-0.01173493,0.004630276,1.210518,-0.001192093,-0.006824731,-0.03445614,1.809
2024_02_10_00_31_08_918,0.6,0.5235988,238436.0,326060.0,-1.213584,1.297002,0.1361319,0.003859986,0.009605375,4.687809,1.53,-0.0116911,0.004630886,1.210524,0.03015995,-0.008910894,-0.01886673,1.809
2024_02_10_00_31_08_955,0.6,0.5235988,238560.0,326230.0,-1.213695,1.240401,0.1361319,0.003859986,0.009605306,4.732604,1.53,-0.01173123,0.004649776,1.210464,-0.03778934,0.002801418,0.01502968,1.809
2024_02_10_00_31_08_993,0.6,0.5235988,238687.0,326403.0,-1.211174,1.182325,0.1361318,0.003859986,0.00960528,4.778613,1.53,-0.01160878,0.004641316,1.210574,0.01394749,-0.008195639,-0.03815163,1.809
2024_02_10_00_31_09_026,0.6,0.5235988,238797.0,326554.0,-1.206818,1.13203,0.1361319,0.003859986,0.009605288,4.818565,1.53,-0.01162001,0.004590101,1.210584,-0.01692772,-0.004202127,-0.004028901,1.809
2024_02_10_00_31_09_064,0.6,0.5235988,238924.0,326728.0,-1.199319,1.074386,0.1361319,0.003859986,0.009605317,4.864569,1.53,-0.0116615,0.004601664,1.210422,0.02622604,-0.009536743,-0.01142174,1.809
2024_02_10_00_31_09_097,0.6,0.5235988,239034.0,326879.0,-1.190661,1.024651,0.1361319,0.003859986,0.009605416,4.904517,1.53,-0.01161846,0.004707273,1.210582,-0.01752377,0.001132488,0.003908761,1.809
2024_02_10_00_31_09_135,0.6,0.5235988,239158.0,327048.0,-1.1786,0.96935,0.1361318,0.003859986,0.009605385,4.94931,1.53,-0.01167002,0.004651299,1.210533,-0.00655651,-0.008940697,-0.03810693,1.809
2024_02_10_00_31_09_168,0.6,0.5235988,239271.0,327203.0,-1.165346,0.9190555,0.1361318,0.003859986,0.009605231,4.990473,1.53,-0.01159285,0.004659555,1.21052,-0.007152557,-0.003755092,-0.007683411,1.809
2024_02_10_00_31_09_211,0.6,0.5235988,239408.0,327390.0,-1.146627,0.8591966,0.1361319,0.003859986,0.009605442,5.04011,1.53,-0.01147581,0.004698407,1.210738,-0.03409386,0.01657009,0.05727447,1.809
2024_02_10_00_31_09_247,0.6,0.5235988,239535.0,327564.0,-1.126645,0.8046094,0.1361319,0.003859986,0.009605153,5.086113,1.53,-0.0117202,0.004689665,1.21035,-0.00333786,0.0,-0.00402797,1.809
2024_02_10_00_31_09_281,0.6,0.5235988,239645.0,327715.0,-1.10727,0.7579941,0.136132,0.003859986,0.00960552,5.126063,1.53,-0.01161475,0.004648766,1.210619,-0.002384186,0.00655651,0.01512188,1.809
2024_02_10_00_31_09_318,0.6,0.5235988,239772.0,327889.0,-1.082673,0.705326,0.1361319,0.003859986,0.009605358,5.172069,1.53,-0.01162742,0.004692913,1.210569,-0.02908706,0.006735324,0.02678949,1.809
2024_02_10_00_31_09_355,0.6,0.5235988,239896.0,328058.0,-1.056423,0.6551826,0.1361319,0.003859986,0.009605155,5.216863,1.53,-0.01154551,0.004710145,1.210579,-0.01180172,-0.00166893,-0.02299249,1.809
2024_02_10_00_31_09_393,0.6,0.5235988,240023.0,328231.0,-1.027153,0.6049606,0.1361319,0.003859986,0.009605196,5.262866,1.53,-0.01159529,0.00467942,1.210524,0.006794929,-0.003039837,-0.01143943,1.809
2024_02_10_00_31_09_426,0.6,0.5235988,240133.0,328382.0,-0.9998841,0.562479,0.1361319,0.003859986,0.009605035,5.302815,1.53,-0.01164387,0.004684675,1.210425,0.009775162,0.0001788139,0.01139752,1.809
2024_02_10_00_31_09_459,0.6,0.5235988,240243.0,328533.0,-0.9709404,0.5211205,0.1361317,0.003859986,0.009605013,5.342765,1.53,-0.01171319,0.004673232,1.210359,0.04839897,-0.01484156,-0.03027916,1.809
2024_02_10_00_31_09_497,0.6,0.5235988,240370.0,328707.0,-0.9355958,0.4749726,0.1361318,0.003859986,0.009604977,5.388766,1.53,-0.0116757,0.004711352,1.210474,-0.005125999,0.004470348,0.02281926,1.809
2024_02_10_00_31_09_530,0.6,0.5235988,240480.0,328857.0,-0.9032085,0.4362519,0.1361318,0.003859986,0.009605248,5.428713,1.53,-0.01166293,0.004701033,1.210537,0.007152557,-0.003755092,-0.02277456,1.809
2024_02_10_00_31_09_568,0.6,0.5235988,240607.0,329031.0,-0.8640325,0.3933089,0.1361319,0.003859986,0.009605244,5.474716,1.53,-0.01155107,0.004663317,1.210625,0.007510185,0.01186132,0.07284712,1.809
2024_02_10_00_31_09_605,0.6,0.5235988,240731.0,329200.0,-0.8240296,0.3532699,0.1361318,0.003859986,0.00960517,5.519508,1.53,-0.01161777,0.004666938,1.210529,-0.03707409,0.01186132,0.06465334,1.809
2024_02_10_00_31_09_642,0.6,0.5235988,240858.0,329374.0,-0.7811224,0.3140556,0.1361318,0.003859986,0.00960532,5.565511,1.53,-0.01158944,0.004708895,1.210619,-0.002861023,-0.00333786,-0.04204921,1.809
2024_02_10_00_31_09_680,0.6,0.5235988,240981.0,329543.0,-0.7376536,0.2778095,0.1361318,0.003859986,0.009605211,5.610302,1.53,-0.01159807,0.004767234,1.210619,-0.02896786,0.01174211,0.04201382,1.809
2024_02_10_00_31_09_717,0.6,0.5235988,241108.0,329717.0,-0.6913676,0.2426481,0.1361319,0.003859986,0.009605226,5.656305,1.53,-0.0116991,0.004641848,1.210547,0.04184246,-0.01180172,-0.04965625,1.809
2024_02_10_00_31_09_755,0.6,0.5235988,241232.0,329886.0,-0.6447927,0.210492,0.1361319,0.003859453,0.009605077,5.701099,1.53,-0.01161053,0.004684908,1.2104,-0.02217293,0.002622604,0.003530644,1.809
2024_02_10_00_31_09_788,0.6,0.5235988,241345.0,330041.0,-0.6007631,0.1828092,0.1361318,0.003859453,0.009604932,5.74226,1.53,-0.0116588,0.004704213,1.210369,0.009298325,0.000655651,0.02283882,1.809
2024_02_10_00_31_09_826,0.6,0.5235988,241469.0,330210.0,-0.5515985,0.1547714,0.1361317,0.003859986,0.009604787,5.787052,1.53,-0.01168338,0.004660467,1.210298,0.04255771,-0.02485514,-0.07219892,1.809
2024_02_10_00_31_09_864,0.6,0.5235988,241596.0,330384.0,-0.4998512,0.1282969,0.1361318,0.003859986,0.009605005,5.833054,1.53,-0.011699,0.004749568,1.210599,0.006198883,-0.01040101,-0.05335267,1.809
2024_02_10_00_31_09_897,0.6,0.5235988,241706.0,330535.0,-0.4539659,0.1072577,0.136132,0.003859986,0.009605224,5.873003,1.53,-0.01165347,0.00467998,1.210544,-0.002264977,-0.003397465,-0.02693105,1.809
2024_02_10_00_31_09_934,0.6,0.5235988,241830.0,330704.0,-0.401566,0.08586919,0.1361318,0.003859986,0.009605317,5.917795,1.53,-0.01163397,0.004698298,1.21065,-0.04076957,0.007152557,0.01884066,1.809
2024_02_10_00_31_09_968,0.6,0.5235988,241943.0,330859.0,-0.3526145,0.06830166,0.1361319,0.003859986,0.009605409,5.958954,1.53,-0.01158712,0.004749015,1.210628,-0.05352497,0.0179112,0.04958268,1.809
2024_02_10_00_31_10_006,0.6,0.5235988,242067.0,331028.0,-0.2985722,0.05149074,0.1361319,0.003859453,0.009605202,6.003747,1.53,-0.01153671,0.004717771,1.210523,-0.02241134,0.01645088,0.07253326,1.809
2024_02_10_00_31_10_044,0.6,0.5235988,242194.0,331202.0,-0.2423424,0.03676242,0.1361318,0.003859986,0.009605282,6.049749,1.53,-0.01159711,0.00473509,1.210706,-0.02169609,0.01111627,0.05369633,1.809
2024_02_10_00_31_10_080,0.6,0.5235988,242317.0,331371.0,-0.1869987,0.02492116,0.1361318,0.003859986,0.009605029,6.094543,1.53,-0.01161678,0.004757523,1.210526,-0.02145767,0.0008642673,-0.01540128,1.809
2024_02_10_00_31_10_118,0.6,0.5235988,242444.0,331545.0,-0.1296654,0.01535214,0.1361319,0.003859986,0.009605296,6.140546,1.53,-0.01164905,0.004637828,1.210593,-0.0001192093,0.007838011,0.0535734,1.809
2024_02_10_00_31_10_151,0.6,0.5235988,242554.0,331696.0,-0.07956389,0.009189107,0.1361319,0.003859453,0.009605252,6.180496,1.53,-0.01162057,0.004662582,1.210419,0.01859665,0.0001192093,-0.003643334,1.809
2024_02_10_00_31_10_188,0.6,0.5235988,242678.0,331865.0,-0.02314848,0.004664973,0.1361318,0.003859453,0.009605,6.225287,1.53,-0.01166072,0.004727613,1.210444,-0.001430511,-0.004947185,-0.01527741,1.809
2024_02_10_00_31_10_222,0.6,0.5235988,242791.0,332020.0,0.02882403,0.002738822,0.1361318,0.003859453,0.009605138,6.266446,1.53,-0.01169005,0.004740485,1.210452,-0.0003576278,-0.0102222,-0.05330052,1.809
2024_02_10_00_31_10_255,0.6,0.5235988,242902.0,332171.0,0.07930231,0.002916105,0.1361319,0.003859453,0.009605138,0.02321051,1.53,-0.01165951,0.004697431,1.210405,-0.02038479,-0.001847744,-0.01921505,1.809
2024_02_10_00_31_10_293,0.6,0.5235988,243029.0,332345.0,0.1373648,0.005617352,0.1361319,0.003859453,0.009605179,0.06921236,1.53,-0.0116709,0.004621322,1.210479,0.02980232,-0.0115633,-0.02668425,1.809
2024_02_10_00_31_10_331,0.6,0.5235988,243152.0,332514.0,0.1937223,0.01081073,0.136132,0.003859986,0.009605367,0.1140041,1.53,-0.01157673,0.004672344,1.210543,-0.015378,0.01677871,0.08403323,1.809
2024_02_10_00_31_10_367,0.6,0.5235988,243279.0,332687.0,0.2513011,0.01876593,0.1361318,0.003859453,0.00960518,0.160007,1.53,-0.01164292,0.004747577,1.210574,-0.03767014,0.001609325,-0.01919363,1.809
2024_02_10_00_31_10_405,0.6,0.5235988,243403.0,332856.0,0.3069558,0.02904835,0.1361318,0.003859453,0.009605094,0.2047987,1.53,-0.01161269,0.004720114,1.21047,0.0180006,0.002413988,0.03857631,1.809
2024_02_10_00_31_10_443,0.6,0.5235988,243529.0,333030.0,0.3635767,0.04219183,0.1361319,0.003859986,0.009605263,0.2508005,1.53,-0.01161393,0.004701344,1.210594,-0.0005960464,0.001043081,-0.02293009,1.809
2024_02_10_00_31_10_476,0.6,0.5235988,243640.0,333181.0,0.4122127,0.05570821,0.1361319,0.003859986,0.009605194,0.2907522,1.53,-0.01157464,0.004639346,1.210729,0.04553794,-0.007301569,0.01145154,1.809
2024_02_10_00_31_10_509,0.6,0.5235988,243750.0,333332.0,0.46027,0.0711566,0.1361319,0.003859453,0.009605098,0.3307033,1.53,-0.01162898,0.004668984,1.210425,-0.01323223,0.004678965,0.02651568,1.809
2024_02_10_00_31_10_547,0.6,0.5235988,243877.0,333505.0,0.5147915,0.09130692,0.1361319,0.003859453,0.009605056,0.3767052,1.53,-0.0116142,0.004660582,1.210447,-0.010252,-0.003099441,-0.0001918524,1.809
2024_02_10_00_31_10_584,0.6,0.5235988,244000.0,333675.0,0.5669341,0.113316,0.1361319,0.003859986,0.009605139,0.4214969,1.53,-0.01166447,0.004639813,1.210574,0.04053115,-0.008285046,-0.01507345,1.809
2024_02_10_00_31_10_621,0.6,0.5235988,244127.0,333848.0,0.6194047,0.1383273,0.1361318,0.003859453,0.009605113,0.4674987,1.53,-0.01162783,0.004685523,1.21043,-0.005245208,-0.0004768371,-0.01136959,1.809
2024_02_10_00_31_10_655,0.6,0.5235988,244238.0,333999.0,0.6639973,0.1619859,0.1361318,0.003859453,0.009604884,0.5074483,1.53,-0.01169149,0.004683703,1.21039,0.0346899,-0.01758337,-0.08027534,1.809
2024_02_10_00_31_10_693,0.6,0.5235988,244364.0,334173.0,0.714127,0.1914098,0.1361319,0.003859453,0.009605035,0.5534507,1.53,-0.0116481,0.004716118,1.210499,-0.02670288,0.003874302,-0.004204921,1.809
2024_02_10_00_31_10_726,0.6,0.5235988,244475.0,334324.0,0.7565231,0.2188094,0.1361319,0.003859453,0.009604983,0.5933992,1.53,-0.01159562,0.004717798,1.210475,-0.003099441,0.0103116,0.06479304,1.809
2024_02_10_00_31_10_764,0.6,0.5235988,244598.0,334493.0,0.8027129,0.2515154,0.1361318,0.003859453,0.009605207,0.6381903,1.53,-0.01160829,0.004684291,1.21052,0.01776218,-0.003159046,-0.00751391,1.809
2024_02_10_00_31_10_801,0.6,0.5235988,244725.0,334666.0,0.8485783,0.2872235,0.1361318,0.003859453,0.009605277,0.6841927,1.53,-0.01160021,0.004678696,1.210539,-0.01144409,0.006198883,0.04979688,1.809
2024_02_10_00_31_10_834,0.6,0.5235988,244835.0,334817.0,0.8870416,0.3199162,0.1361319,0.003859986,0.009605379,0.7241423,1.53,-0.01158623,0.004653491,1.210623,-0.003814697,0.0001192093,8.381902e-05,1.809
2024_02_10_00_31_10_871,0.6,0.5235988,244962.0,334991.0,0.9296727,0.3594291,0.1361318,0.003859453,0.009605051,0.7701479,1.53,-0.01161817,0.004734224,1.21052,-0.03123283,0.004172325,-0.004067086,1.809
2024_02_10_00_31_10_911,0.6,0.5235988,245086.0,335160.0,0.9693924,0.3997478,0.1361319,0.003859453,0.009605019,0.8149401,1.53,-0.0115879,0.004670633,1.210516,0.01251697,-0.006198883,-0.02688449,1.809
2024_02_10_00_31_10_947,0.6,0.5235988,245213.0,335334.0,1.008266,0.4429645,0.1361318,0.003859986,0.00960509,0.8609424,1.53,-0.01155296,0.004684559,1.210521,-0.02229214,0.01806021,0.1029856,1.809
2024_02_10_00_31_10_984,0.6,0.5235988,245336.0,335503.0,1.044168,0.4867193,0.1361319,0.003859453,0.009605072,0.9057352,1.53,-0.01162717,0.004700592,1.210563,-0.01180172,-0.0007748603,-6.891787e-05,1.809
2024_02_10_00_31_11_021,0.6,0.5235988,245463.0,335676.0,1.078962,0.533284,0.1361319,0.003859986,0.009604953,0.9517392,1.53,-0.01156768,0.004662194,1.210559,0.03755093,-0.00411272,-0.01536962,1.809
2024_02_10_00_31_11_059,0.6,0.5235988,245587.0,335845.0,1.110748,0.5801144,0.1361318,0.003859986,0.009605329,0.9965346,1.53,-0.01166899,0.004639695,1.210635,0.01811981,-0.008225441,-0.03030803,1.809
2024_02_10_00_31_11_093,0.6,0.5235988,245700.0,336001.0,1.138082,0.624364,0.1361318,0.003859986,0.009605065,1.037698,1.53,-0.01159009,0.004692877,1.210539,0.007033348,0.003486871,0.01143012,1.809
2024_02_10_00_31_11_130,0.6,0.5235988,245824.0,336170.0,1.165731,0.6737508,0.1361318,0.003859453,0.009605217,1.082491,1.53,-0.01165675,0.004666494,1.210551,-0.02121925,-0.001013279,-0.007787719,1.809
2024_02_10_00_31_11_168,0.6,0.5235988,245951.0,336344.0,1.191796,0.7257084,0.136132,0.003859986,0.009605302,1.128494,1.53,-0.01167119,0.004686607,1.210623,-0.0115633,0.005751848,-0.0001974404,1.809
2024_02_10_00_31_11_206,0.6,0.5235988,246074.0,336513.0,1.214851,0.7773969,0.1361319,0.003859986,0.009605392,1.173284,1.53,-0.01171625,0.004657122,1.210545,-0.0009536743,-0.003188848,-0.0381358,1.809
2024_02_10_00_31_11_238,0.6,0.5235988,246185.0,336664.0,1.233444,0.8243289,0.1361319,0.003859986,0.009605172,1.213233,1.53,-0.01165762,0.004676085,1.210566,-0.01311302,0.00628829,0.02268422,1.809
2024_02_10_00_31_11_276,0.6,0.5235988,246312.0,336837.0,1.252511,0.8792417,0.1361318,0.003859986,0.009605209,1.259233,1.53,-0.01169032,0.004669297,1.21049,0.007271766,0.006020069,0.04977174,1.809
2024_02_10_00_31_11_313,0.6,0.5235988,246435.0,337006.0,1.268632,0.9334968,0.1361319,0.003859453,0.009605176,1.304024,1.53,-0.01155361,0.004709287,1.210609,-0.02872944,0.01186132,0.04944671,1.809
2024_02_10_00_31_11_351,0.6,0.5235988,246562.0,337180.0,1.282641,0.9899131,0.1361319,0.003859986,0.009605107,1.350026,1.53,-0.01168709,0.004597462,1.210478,-0.006914138,-0.00745058,-0.01930259,1.809
2024_02_10_00_31_11_388,0.6,0.5235988,246686.0,337349.0,1.293776,1.045408,0.1361319,0.003859986,0.009605107,1.394817,1.53,-0.01173854,0.004689602,1.21052,-0.004291534,-0.009208918,-0.04594773,1.809
2024_02_10_00_31_11_425,0.6,0.5235988,246813.0,337523.0,1.302614,1.102862,0.1361318,0.003859453,0.009605085,1.440822,1.53,-0.01163711,0.004642499,1.210459,-0.02455711,0.01019239,0.05698204,1.809
2024_02_10_00_31_11_463,0.6,0.5235988,246936.0,337692.0,1.308672,1.159138,0.1361319,0.003859453,0.009605216,1.485615,1.53,-0.01153685,0.004654041,1.210587,-0.03075599,0.01078844,0.04165992,1.809
2024_02_10_00_31_11_501,0.6,0.5235988,247063.0,337866.0,1.312264,1.217157,0.1361319,0.003859986,0.009605162,1.531615,1.53,-0.01160357,0.004725771,1.210553,0.008106232,0.005245208,-0.003726221,1.809
2024_02_10_00_31_11_534,0.6,0.5235988,247173.0,338016.0,1.313215,1.267631,0.1361318,0.003859986,0.009605207,1.571564,1.53,-0.01161028,0.00462758,1.21056,-0.01215935,-0.004529953,-0.03455486,1.809
2024_02_10_00_31_11_572,0.6,0.5235988,247300.0,338190.0,1.311812,1.325745,0.1361318,0.003859453,0.009604913,1.617567,1.53,-0.01166259,0.004681084,1.210469,-0.004887581,-0.007778406,-0.03848039,1.809
2024_02_10_00_31_11_609,0.6,0.5235988,247424.0,338359.0,1.30788,1.382209,0.1361318,0.003859453,0.009605096,1.662362,1.53,-0.01167137,0.004713359,1.210518,-0.02717972,-0.0001490116,-0.03081839,1.809
2024_02_10_00_31_11_642,0.6,0.5235988,247534.0,338510.0,1.302243,1.432377,0.1361318,0.003859453,0.00960525,1.702315,1.53,-0.01165994,0.004672443,1.210576,-0.020504,0.004738569,0.03056507,1.809
2024_02_10_00_31_11_679,0.6,0.5235988,247661.0,338684.0,1.293278,1.489814,0.1361318,0.003859986,0.009604865,1.748322,1.53,-0.01164182,0.004733625,1.210536,-0.002384186,0.006616115,0.003613531,1.809
2024_02_10_00_31_11_717,0.6,0.5235988,247784.0,338853.0,1.282019,1.545284,0.1361318,0.003859986,0.009604911,1.793118,1.53,-0.01165969,0.00466904,1.210572,0.03921985,-0.01674891,-0.04944112,1.809
2024_02_10_00_31_11_755,0.6,0.5235988,247911.0,339026.0,1.267881,1.601671,0.1361319,0.003859986,0.009604934,1.839123,1.53,-0.01155466,0.004615797,1.210523,-0.0002384186,-0.006079673,-0.004115514,1.809
2024_02_10_00_31_11_790,0.6,0.5235988,248022.0,339177.0,1.253511,1.650068,0.1361318,0.003859986,0.00960499,1.879076,1.53,-0.01160848,0.004751747,1.210609,-0.02241134,0.00166893,-4.656613e-06,1.809
2024_02_10_00_31_11_827,0.6,0.5235988,248149.0,339351.0,1.234586,1.705033,0.1361318,0.003859986,0.009605014,1.925084,1.53,-0.0116047,0.004652356,1.210531,0.01978874,-0.009357929,-0.04594214,1.809
2024_02_10_00_31_11_859,0.6,0.5235988,248259.0,339502.0,1.216113,1.752017,0.1361319,0.003859986,0.00960512,1.965039,1.53,-0.01153457,0.004662992,1.210641,-0.01788139,0.004291534,0.02670474,1.809
2024_02_10_00_31_11_893,0.6,0.5235988,248369.0,339653.0,1.19578,1.798224,0.1361318,0.003859986,0.009604937,2.004991,1.53,-0.01168078,0.004701788,1.210498,-0.01120567,-0.004351139,-0.003946945,1.809
2024_02_10_00_31_11_930,0.6,0.5235988,248496.0,339826.0,1.170098,1.850378,0.1361318,0.003859986,0.00960509,2.050995,1.53,-0.01162059,0.004712727,1.21067,0.02121925,0.001192093,0.0001024455,1.809
2024_02_10_00_31_11_964,0.6,0.5235988,248606.0,339977.0,1.145871,1.894672,0.1361318,0.003859986,0.009605302,2.090947,1.53,-0.0116414,0.00468086,1.210617,-0.0128746,-0.001192093,-0.03038067,1.809
2024_02_10_00_31_12_006,0.6,0.5235988,248746.0,340169.0,1.112513,1.949585,0.1361318,0.003859986,0.009605148,2.141793,1.53,-0.01163926,0.004682485,1.210655,-0.00500679,0.001490116,8.195638e-05,1.809
2024_02_10_00_31_12_038,0.6,0.5235988,248857.0,340320.0,1.08437,1.991499,0.1361318,0.003859986,0.009605139,2.181744,1.53,-0.01153309,0.004728064,1.210717,-0.03647804,0.01502037,0.03040675,1.809
2024_02_10_00_31_12_075,0.6,0.5235988,248983.0,340493.0,1.049919,2.038327,0.1361317,0.003859986,0.009604948,2.22775,1.53,-0.01176062,0.004678105,1.210492,0.02932548,-0.01585484,-0.04949793,1.809
2024_02_10_00_31_12_113,0.6,0.5235988,249107.0,340663.0,1.01434,2.082351,0.1361318,0.003859986,0.009604826,2.272543,1.53,-0.0118246,0.004676564,1.21058,0.06103515,-0.02634525,-0.1067948,1.809
2024_02_10_00_31_12_147,0.6,0.5235988,249221.0,340818.0,0.9799374,2.121367,0.1361319,0.003860518,0.009604967,2.313707,1.53,-0.01157958,0.004695873,1.21074,0.02169609,-0.0002384186,-0.02685562,1.809
2024_02_10_00_31_12_184,0.6,0.5235988,249344.0,340987.0,0.9407105,2.162176,0.1361318,0.003859986,0.00960522,2.358503,1.53,-0.01163575,0.004678864,1.210765,-0.003933907,0.005662441,0.02686307,1.809
2024_02_10_00_31_12_221,0.6,0.5235988,249471.0,341161.0,0.8985628,2.202217,0.1361317,0.003859986,0.009604943,2.404509,1.53,-0.01166017,0.004707358,1.210633,-0.007867813,-0.002562999,-0.01907628,1.809
2024_02_10_00_31_12_259,0.6,0.5235988,249595.0,341330.0,0.8557963,2.239301,0.1361319,0.003859986,0.009605308,2.449306,1.53,-0.01167919,0.004614086,1.210706,0.02968311,-0.006377697,-0.003732741,1.809
2024_02_10_00_31_12_292,0.6,0.5235988,249705.0,341481.0,0.8162858,2.270733,0.1361318,0.003859986,0.009604892,2.489257,1.53,-0.01164384,0.004731548,1.210519,0.0002384186,0.009477139,0.06094202,1.809
2024_02_10_00_31_12_330,0.6,0.5235988,249832.0,341654.0,0.7692772,2.304937,0.1361319,0.003859986,0.009605221,2.535265,1.53,-0.01165136,0.004631629,1.210628,0.02372265,-0.01132488,-0.04209205,1.809
2024_02_10_00_31_12_367,0.6,0.5235988,249955.0,341823.0,0.7220408,2.336129,0.1361319,0.003859986,0.009605158,2.580059,1.53,-0.01163787,0.004705174,1.21052,-0.01752377,0.002801418,0.01136307,1.809
2024_02_10_00_31_12_406,0.6,0.5235988,250082.0,341997.0,0.6721251,2.365931,0.1361318,0.003859986,0.00960499,2.626066,1.53,-0.01161844,0.004691962,1.210624,0.03159046,-0.005125999,-0.007534399,1.809
2024_02_10_00_31_12_438,0.6,0.5235988,250192.0,342148.0,0.6277039,2.389925,0.1361318,0.003859986,0.00960501,2.666019,1.53,-0.01158988,0.004692289,1.210661,0.004291534,-0.005900859,-0.03460702,1.809
2024_02_10_00_31_12_472,0.6,0.5235988,250306.0,342303.0,0.5809716,2.41277,0.1361319,0.003859986,0.009604964,2.707183,1.53,-0.01165485,0.004723568,1.210525,-0.06461143,0.0127852,0.03383588,1.809
2024_02_10_00_31_12_509,0.6,0.5235988,250430.0,342472.0,0.5290951,2.435423,0.1361319,0.003860518,0.009605098,2.75198,1.53,-0.01162005,0.004683001,1.210736,0.02515316,-0.002384186,-0.01913309,1.809
2024_02_10_00_31_12_546,0.6,0.5235988,250557.0,342646.0,0.4748153,2.456246,0.1361319,0.003859986,0.00960497,2.797987,1.53,-0.01168243,0.004651935,1.210508,0.04208088,-0.01600385,-0.0495566,1.809
2024_02_10_00_31_12_579,0.6,0.5235988,250667.0,342797.0,0.4269431,2.472286,0.1361318,0.003859986,0.009604933,2.837941,1.53,-0.01167772,0.00471215,1.210475,0.006914138,-0.004678965,-0.01921505,1.809
2024_02_10_00_31_12_618,0.6,0.5235988,250790.0,342966.0,0.3725555,2.487982,0.1361319,0.003859986,0.009605261,2.882737,1.53,-0.01166831,0.004606405,1.210604,0.003099441,-0.002264977,0.02670009,1.809
2024_02_10_00_31_12_655,0.6,0.5235988,250917.0,343140.0,0.316025,2.501551,0.1361319,0.003860518,0.009605264,2.928744,1.53,-0.01164359,0.004695575,1.210675,0.01096725,-0.006258487,-0.01892634,1.809
2024_02_10_00_31_12_693,0.6,0.5235988,251041.0,343309.0,0.2604384,2.51225,0.1361319,0.003860518,0.009605587,2.97354,1.53,-0.01160198,0.004677427,1.210837,-0.009536743,0.002264977,-0.02298597,1.809
2024_02_10_00_31_12_730,0.6,0.5235988,251168.0,343482.0,0.20291,2.520637,0.1361319,0.003859986,0.009605552,3.019547,1.53,-0.01156431,0.00469974,1.21076,-0.0003576278,0.01001358,0.04235934,1.809
2024_02_10_00_31_12_763,0.6,0.5235988,251278.0,343633.0,0.1526838,2.525767,0.1361318,0.003859986,0.00960518,3.059499,1.53,-0.01165601,0.004719415,1.210578,-0.01442432,-0.003963709,-0.03834162,1.809
2024_02_10_00_31_12_801,0.6,0.5235988,251405.0,343807.0,0.09464815,2.529184,0.1361319,0.003859986,0.009605057,3.105505,1.53,-0.01166299,0.004655939,1.210532,0.03099441,-0.01105666,-0.03446825,1.809
2024_02_10_00_31_12_835,0.6,0.5235988,251515.0,343958.0,0.04416646,2.529984,0.1361319,0.003860518,0.009605439,3.145458,1.53,-0.0116035,0.004693427,1.210663,0.001430511,0.005632638,0.00759866,1.809
2024_02_10_00_31_12_870,0.6,0.5235988,251639.0,344127.0,-0.01242027,2.528482,0.136132,0.003860518,0.009605496,3.190254,1.53,-0.0116661,0.004644264,1.210757,0.03910065,-0.00500679,-0.02279877,1.809
2024_02_10_00_31_12_908,0.6,0.5235988,251766.0,344301.0,-0.07040632,2.524303,0.1361318,0.003859986,0.009605,3.236261,1.53,-0.01165132,0.004679383,1.210459,-0.007033348,0.004857779,0.0341665,1.809
2024_02_10_00_31_12_946,0.6,0.5235988,251889.0,344470.0,-0.1266241,2.517676,0.1361319,0.003860518,0.009604965,3.281058,1.53,-0.01169346,0.004751196,1.210641,0.01335144,-0.01069903,-0.04189927,1.809
2024_02_10_00_31_12_979,0.6,0.5235988,252003.0,344625.0,-0.1779748,2.509372,0.1361319,0.003860518,0.009605286,3.322222,1.53,-0.01158259,0.004722978,1.21069,-0.01084804,0.004976987,0.02686865,1.809
2024_02_10_00_31_13_017,0.6,0.5235988,252126.0,344794.0,-0.2334163,2.497944,0.1361319,0.003860518,0.009605146,3.367018,1.53,-0.01164548,0.004670629,1.210644,0.04696846,-0.0180006,-0.08407048,1.809
2024_02_10_00_31_13_055,0.6,0.5235988,252253.0,344968.0,-0.2897648,2.483635,0.136132,0.003860518,0.009605386,3.413025,1.53,-0.01160496,0.004633042,1.210583,-0.02455711,0.008672476,0.04951283,1.809
2024_02_10_00_31_13_092,0.6,0.5235988,252377.0,345137.0,-0.3439417,2.467228,0.1361318,0.003860518,0.009605411,3.457822,1.53,-0.01162374,0.004741831,1.210841,0.01776218,0.002145767,0.02353359,1.809
2024_02_10_00_31_13_125,0.6,0.5235988,252490.0,345292.0,-0.3930323,2.450025,0.1361318,0.003860518,0.009605332,3.498986,1.53,-0.01160745,0.004711405,1.210651,-0.05745887,0.01570582,0.07629301,1.809
2024_02_10_00_31_13_160,0.6,0.5235988,252604.0,345448.0,-0.4413737,2.430817,0.1361319,0.003860518,0.009605329,3.540151,1.53,-0.01172436,0.004643552,1.210631,-0.006079673,-0.01329183,-0.03045052,1.809
2024_02_10_00_31_13_196,0.6,0.5235988,252727.0,345617.0,-0.4930328,2.407673,0.1361319,0.003860518,0.009605272,3.584944,1.53,-0.0116221,0.004685082,1.210676,0.04267692,-0.004351139,0.007870607,1.809
2024_02_10_00_31_13_234,0.6,0.5235988,252851.0,345786.0,-0.5436037,2.382239,0.1361319,0.003860518,0.009605383,3.62974,1.53,-0.01158359,0.004707235,1.210763,0.01060963,0.003039837,0.01169369,1.809
2024_02_10_00_31_13_272,0.6,0.5235988,252978.0,345960.0,-0.5943018,2.353787,0.1361319,0.003859986,0.009605115,3.675747,1.53,-0.01165922,0.004646034,1.210575,0.05710125,-0.01299381,-0.03042631,1.809
2024_02_10_00_31_13_309,0.6,0.5235988,253102.0,346129.0,-0.6423576,2.323872,0.1361319,0.003859986,0.009605261,3.720544,1.53,-0.01154139,0.004729896,1.210671,-0.04935264,0.0154376,0.06088242,1.809
2024_02_10_00_31_13_346,0.6,0.5235988,253228.0,346302.0,-0.6902673,2.290941,0.1361319,0.003860518,0.009605489,3.766549,1.53,-0.01163483,0.004668437,1.210746,-0.03266335,0.006496906,0.02671033,1.809
2024_02_10_00_31_13_384,0.6,0.5235988,253352.0,346471.0,-0.7354128,2.256792,0.136132,0.003860518,0.009605392,3.811344,1.53,-0.01168475,0.004611601,1.210553,0.0009536743,-0.002086163,0.01539476,1.809
2024_02_10_00_31_13_422,0.6,0.5235988,253479.0,346645.0,-0.7801385,2.219652,0.1361319,0.003860518,0.009605228,3.857351,1.53,-0.01158316,0.004672852,1.210652,-0.007033348,0.003397465,0.0342913,1.809
2024_02_10_00_31_13_458,0.6,0.5235988,253602.0,346814.0,-0.8220003,2.181552,0.1361318,0.003859986,0.00960514,3.902151,1.53,-0.01162367,0.004708954,1.21057,0.001311302,-0.002682209,-0.01538452,1.809
2024_02_10_00_31_13_496,0.6,0.5235988,253729.0,346988.0,-0.8631736,2.140512,0.1361319,0.003860518,0.009605236,3.94816,1.53,-0.01157018,0.004636921,1.210646,0.04291534,-0.00846386,-0.02284534,1.809
2024_02_10_00_31_13_534,0.6,0.5235988,253853.0,347157.0,-0.9014093,2.098773,0.1361318,0.003859986,0.009605412,3.992957,1.53,-0.01159282,0.004724728,1.210696,-0.009536743,0.000655651,-0.02292543,1.809
2024_02_10_00_31_13_571,0.6,0.5235988,253980.0,347331.0,-0.9386911,2.054168,0.1361319,0.003860518,0.009605343,4.038962,1.53,-0.01154839,0.004674009,1.210689,0.008821487,0.001013279,0.003756024,1.809
2024_02_10_00_31_13_609,0.6,0.5235988,254103.0,347500.0,-0.9729838,2.009133,0.1361318,0.003859986,0.009605078,4.083758,1.53,-0.01165964,0.004702922,1.210635,0.01358986,-0.009119511,-0.03824569,1.809
2024_02_10_00_31_13_646,0.6,0.5235988,254230.0,347673.0,-1.006068,1.961331,0.1361319,0.003860518,0.009605185,4.129763,1.53,-0.01172814,0.004658115,1.210494,0.01168251,-0.004827976,0.003771856,1.809
2024_02_10_00_31_13_684,0.6,0.5235988,254354.0,347843.0,-1.036136,1.913373,0.1361318,0.003859986,0.009605351,4.174562,1.53,-0.01168528,0.004711076,1.210641,-0.006437301,-0.002384186,-0.03430992,1.809
2024_02_10_00_31_13_721,0.6,0.5235988,254478.0,348012.0,-1.064029,1.864116,0.1361318,0.003859986,0.009605112,4.219357,1.53,-0.01175869,0.004763517,1.210462,-0.02908706,-0.01105666,-0.0571981,1.809
2024_02_10_00_31_13_759,0.6,0.5235988,254604.0,348185.0,-1.090347,1.81228,0.1361319,0.003859986,0.009605377,4.265362,1.53,-0.01161568,0.004707566,1.210594,-0.02682209,0.003546476,0.007460825,1.809
2024_02_10_00_31_13_796,0.6,0.5235988,254728.0,348354.0,-1.113655,1.760699,0.136132,0.003859986,0.009605383,4.310155,1.53,-0.01168508,0.004657055,1.210492,0.0,-0.007897615,-0.04598312,1.809
2024_02_10_00_31_13_834,0.6,0.5235988,254855.0,348528.0,-1.135164,1.706691,0.1361319,0.003860518,0.00960553,4.356158,1.53,-0.01172557,0.004643382,1.210702,0.02670288,-0.005751848,-0.04569906,1.809
2024_02_10_00_31_13_871,0.6,0.5235988,254978.0,348697.0,-1.153699,1.653209,0.1361319,0.003859986,0.009605247,4.400948,1.53,-0.01172906,0.004678758,1.210418,-0.002026558,-0.005424022,-0.01146365,1.809
2024_02_10_00_31_13_909,0.6,0.5235988,255105.0,348871.0,-1.170224,1.597475,0.1361319,0.003859986,0.009605496,4.446954,1.53,-0.01160882,0.004637754,1.210701,0.002145767,-0.0003278255,0.003951602,1.809
2024_02_10_00_31_13_942,0.6,0.5235988,255216.0,349022.0,-1.182481,1.548501,0.1361318,0.003859986,0.009605418,4.486906,1.53,-0.01163251,0.004646122,1.210589,-0.002741813,-0.003784895,-0.01131743,1.809
2024_02_10_00_31_13_980,0.6,0.5235988,255343.0,349195.0,-1.194159,1.491554,0.1361318,0.003859986,0.009605229,4.532907,1.53,-0.01168007,0.00467184,1.210515,-0.005125999,-0.0005364418,0.007661059,1.809
2024_02_10_00_31_14_017,0.6,0.5235988,255466.0,349364.0,-1.203002,1.435647,0.1361319,0.003859986,0.009605365,4.577699,1.53,-0.01153985,0.004673183,1.210647,-0.01442432,0.009924172,0.02655107,1.809
2024_02_10_00_31_14_055,0.6,0.5235988,255593.0,349538.0,-1.209468,1.377877,0.1361319,0.003859986,0.009605418,4.623702,1.53,-0.01165617,0.004710922,1.210649,-0.02646446,-0.0005960464,-0.02688914,1.809
2024_02_10_00_31_14_092,0.6,0.5235988,255717.0,349707.0,-1.213204,1.321398,0.1361319,0.003859986,0.009605179,4.668493,1.53,-0.0117173,0.004635627,1.210388,0.01704693,-0.00244379,-1.862645e-06,1.809
2024_02_10_00_31_14_130,0.6,0.5235988,255844.0,349881.0,-1.214406,1.263279,0.1361318,0.003859986,0.009605123,4.714496,1.53,-0.01173924,0.004673914,1.210445,0.002503395,-0.004798174,-0.02685934,1.809
2024_02_10_00_31_14_162,0.6,0.5235988,255954.0,350032.0,-1.213282,1.212809,0.1361319,0.003859986,0.00960544,4.75445,1.53,-0.01165568,0.004610719,1.210616,0.004649162,-0.007122755,-0.03433786,1.809
2024_02_10_00_31_14_200,0.6,0.5235988,256081.0,350205.0,-1.209491,1.154802,0.1361319,0.003859986,0.009605353,4.800457,1.53,-0.01158394,0.004696463,1.210606,-0.02193451,0.0007152557,-0.01524482,1.809
2024_02_10_00_31_14_238,0.6,0.5235988,256204.0,350374.0,-1.20324,1.098548,0.1361319,0.003859986,0.009605363,4.845252,1.53,-0.01162925,0.004654019,1.210608,0.009298325,0.007152557,0.02691708,1.809
2024_02_10_00_31_14_276,0.6,0.5235988,256331.0,350548.0,-1.194203,1.041124,0.1361319,0.003859986,0.009605311,4.891255,1.53,-0.01174057,0.004678124,1.210556,-0.01180172,-0.01311302,-0.07248856,1.809
2024_02_10_00_31_14_313,0.6,0.5235988,256455.0,350717.0,-1.182878,0.9856679,0.1361319,0.003859986,0.00960536,4.936053,1.53,-0.01157653,0.00465835,1.21069,-0.009417534,-0.002741813,-0.01528952,1.809
2024_02_10_00_31_14_350,0.6,0.5235988,256582.0,350891.0,-1.168674,0.9292995,0.1361317,0.003859986,0.009605198,4.982059,1.53,-0.01164657,0.004748388,1.210592,-0.02813339,0.00667572,0.01530535,1.809
2024_02_10_00_31_14_388,0.6,0.5235988,256705.0,351060.0,-1.152368,0.8750989,0.1361319,0.003859986,0.009605374,5.026855,1.53,-0.01164206,0.004679461,1.210631,0.001907349,0.009596348,0.03063399,1.809
2024_02_10_00_31_14_425,0.6,0.5235988,256829.0,351229.0,-1.13365,0.8216834,0.1361319,0.003859986,0.009605181,5.071649,1.53,-0.01153251,0.00474,1.210599,-0.02193451,0.006973743,0.01152232,1.809
2024_02_10_00_31_14_463,0.6,0.5235988,256956.0,351403.0,-1.111956,0.7677537,0.1361319,0.003859986,0.009605309,5.117654,1.53,-0.01158011,0.004679723,1.210608,-0.001072884,-0.0003576278,-0.02301391,1.809
2024_02_10_00_31_14_497,0.6,0.5235988,257069.0,351558.0,-1.090461,0.7203926,0.1361319,0.003859986,0.009605312,5.158815,1.53,-0.01157767,0.004744927,1.210546,-0.02098083,0.008940697,0.03050361,1.809
2024_02_10_00_31_14_534,0.6,0.5235988,257193.0,351727.0,-1.064878,0.6699064,0.1361319,0.003859986,0.009605282,5.20361,1.53,-0.01149225,0.004667932,1.210623,0.00655651,0.003397465,0.01137797,1.809
2024_02_10_00_31_14_572,0.6,0.5235988,257316.0,351896.0,-1.037058,0.6206163,0.1361318,0.003859986,0.009605196,5.2484,1.53,-0.01162849,0.004661862,1.210511,0.02121925,0.003755092,0.04992447,1.809
2024_02_10_00_31_14_609,0.6,0.5235988,257443.0,352070.0,-1.006219,0.5713431,0.1361318,0.003859986,0.009605201,5.2944,1.53,-0.01160385,0.004720663,1.210556,-0.02980232,0.01275539,0.05326885,1.809
2024_02_10_00_31_14_646,0.6,0.5235988,257567.0,352239.0,-0.9740446,0.5247783,0.1361319,0.003859986,0.009605172,5.339192,1.53,-0.01164087,0.004650926,1.210565,0.02896786,-0.0116229,-0.0611376,1.809
2024_02_10_00_31_14_680,0.6,0.5235988,257680.0,352395.0,-0.9426673,0.4832979,0.1361318,0.003859986,0.009604922,5.380353,1.53,-0.01167856,0.004629032,1.210492,0.05984306,-0.01573563,-0.04192534,1.809
2024_02_10_00_31_14_717,0.6,0.5235988,257804.0,352564.0,-0.9066145,0.439667,0.1361318,0.003859986,0.009604938,5.425146,1.53,-0.01167513,0.004634863,1.210442,0.02670288,-0.01657009,-0.04967767,1.809
2024_02_10_00_31_14_755,0.6,0.5235988,257931.0,352737.0,-0.8675926,0.3965844,0.1361319,0.003859986,0.009605277,5.471148,1.53,-0.01163984,0.004677532,1.21062,0.02980232,-0.01019239,-0.07626601,1.809
2024_02_10_00_31_14_792,0.6,0.5235988,258054.0,352906.0,-0.8277327,0.3564027,0.1361319,0.003859986,0.009605263,5.51594,1.53,-0.01161706,0.004663301,1.210639,0.0244379,-0.01245737,-0.07259287,1.809
2024_02_10_00_31_14_830,0.6,0.5235988,258181.0,353080.0,-0.7849654,0.3170359,0.1361319,0.003859986,0.009605265,5.561944,1.53,-0.01155131,0.004662551,1.210517,0.003576278,0.003099441,0.01908932,1.809
2024_02_10_00_31_14_867,0.6,0.5235988,258305.0,353249.0,-0.7416265,0.2806347,0.1361319,0.003859986,0.009605217,5.606735,1.53,-0.0116186,0.004680776,1.21048,-0.005722045,0.006616115,0.04184153,1.809
2024_02_10_00_31_14_904,0.6,0.5235988,258432.0,353423.0,-0.6954658,0.2453086,0.1361319,0.003859986,0.009605247,5.652737,1.53,-0.01163732,0.004713965,1.21048,0.01239777,-0.00333786,-0.02275221,1.809
2024_02_10_00_31_14_942,0.6,0.5235988,258555.0,353592.0,-0.6490054,0.2129871,0.1361319,0.003859986,0.009605391,5.69753,1.53,-0.01163856,0.004630652,1.210604,0.02121925,-0.01257658,-0.05720649,1.809
2024_02_10_00_31_14_979,0.6,0.5235988,258682.0,353766.0,-0.5998324,0.1819919,0.1361319,0.003859986,0.009605183,5.743531,1.53,-0.01166261,0.004745866,1.210508,-0.04076957,-0.005453825,-0.06127916,1.809
2024_02_10_00_31_15_017,0.6,0.5235988,258806.0,353935.0,-0.5506335,0.1540163,0.1361318,0.003859453,0.009605195,5.788324,1.53,-0.01166301,0.004703281,1.210457,-0.01084804,-0.0127852,-0.06878935,1.809
2024_02_10_00_31_15_055,0.6,0.5235988,258933.0,354108.0,-0.4988532,0.1276079,0.136132,0.003859986,0.009605446,5.834328,1.53,-0.01157579,0.004776653,1.210722,-0.04148483,0.0128448,0.01886953,1.809
2024_02_10_00_31_15_092,0.6,0.5235988,259056.0,354278.0,-0.4473198,0.1042091,0.1361319,0.003859453,0.009605291,5.87912,1.53,-0.011643,0.00472254,1.21059,-0.02455711,0.0006258487,-0.01913961,1.809
2024_02_10_00_31_15_129,0.6,0.5235988,259183.0,354451.0,-0.3933585,0.08260524,0.1361318,0.003859986,0.009605232,5.925123,1.53,-0.01164212,0.004729722,1.210563,0.001192093,0.002592802,-0.003763474,1.809
2024_02_10_00_31_15_167,0.6,0.5235988,259307.0,354620.0,-0.3399161,0.06397584,0.1361317,0.003859986,0.009605181,5.969915,1.53,-0.01157535,0.004761166,1.210521,-0.02634525,0.01403689,0.06130337,1.809
2024_02_10_00_31_15_204,0.6,0.5235988,259431.0,354789.0,-0.2856925,0.04775826,0.1361319,0.003859986,0.009605316,6.014707,1.53,-0.01149742,0.004731864,1.210715,-0.03600121,0.01704693,0.03416743,1.809
2024_02_10_00_31_15_238,0.6,0.5235988,259544.0,354945.0,-0.2352702,0.03501005,0.1361319,0.003859453,0.009604902,6.055867,1.53,-0.01164917,0.004721673,1.210422,-0.002264977,0.001490116,0.007695518,1.809
2024_02_10_00_31_15_275,0.6,0.5235988,259668.0,355114.0,-0.1798533,0.02350757,0.1361318,0.003859986,0.009604789,6.100659,1.53,-0.01160142,0.004764243,1.210577,0.03480911,0.004261732,0.03850646,1.809
2024_02_10_00_31_15_312,0.6,0.5235988,259795.0,355288.0,-0.1224625,0.01428935,0.1361318,0.003859453,0.009604927,6.146663,1.53,-0.01168028,0.004754456,1.210419,-0.03278255,0.001311302,-0.007806345,1.809
2024_02_10_00_31_15_351,0.6,0.5235988,259918.0,355457.0,-0.06623249,0.007859219,0.1361319,0.003859986,0.009605188,6.191455,1.53,-0.0115929,0.004683244,1.21051,0.01215935,0.001639128,0.01903344,1.809
2024_02_10_00_31_15_387,0.6,0.5235988,260045.0,355630.0,-0.008242786,0.003883253,0.1361318,0.003859986,0.009605045,6.237459,1.53,-0.01166457,0.004745425,1.210526,0.006318092,-0.0004172325,0.007754191,1.809
2024_02_10_00_31_15_425,0.6,0.5235988,260169.0,355799.0,0.04833809,0.002578506,0.1361319,0.003859453,0.009605198,6.282251,1.53,-0.01163886,0.004670322,1.210496,0.01001358,-0.001996756,0.01148041,1.809
2024_02_10_00_31_15_463,0.6,0.5235988,260296.0,355973.0,0.1064501,0.003877256,0.1361318,0.003859453,0.009605103,0.04506867,1.53,-0.01159652,0.004745815,1.210446,-0.02014637,0.01266599,0.04967581,1.809
2024_02_10_00_31_15_500,0.6,0.5235988,260419.0,356142.0,0.1629166,0.007708644,0.1361319,0.003859986,0.009605202,0.08986038,1.53,-0.0115855,0.004762086,1.210589,-0.05686283,0.01314282,0.03417581,1.809
2024_02_10_00_31_15_538,0.6,0.5235988,260546.0,356316.0,0.2206708,0.01427128,0.136132,0.003859986,0.009605411,0.1358628,1.53,-0.01159586,0.004753277,1.210667,0.005602836,0.006645917,0.00768993,1.809
2024_02_10_00_31_15_572,0.6,0.5235988,260656.0,356467.0,0.270535,0.02212017,0.1361319,0.003859986,0.009605252,0.1758134,1.53,-0.0116613,0.004679566,1.210518,0.000834465,-0.002712011,0.01139287,1.809
2024_02_10_00_31_15_609,0.6,0.5235988,260783.0,356640.0,0.3275129,0.03361699,0.1361319,0.003859986,0.009605214,0.2218179,1.53,-0.01166871,0.004683237,1.210554,-0.0004768371,-0.01135468,-0.05714967,1.809
2024_02_10_00_31_15_642,0.6,0.5235988,260893.0,356791.0,0.3765194,0.04571844,0.1361319,0.003859453,0.009605303,0.2617674,1.53,-0.01165872,0.004706421,1.210543,-0.01966953,0.005841255,0.02291892,1.809
2024_02_10_00_31_15_679,0.6,0.5235988,261017.0,356960.0,0.4308419,0.061602,0.1361319,0.003859453,0.009605122,0.3065597,1.53,-0.01160376,0.004775658,1.210534,-0.0603199,0.0179708,0.04174653,1.809
2024_02_10_00_31_15_713,0.6,0.5235988,261130.0,357116.0,0.4800866,0.07832921,0.1361319,0.003859986,0.009605422,0.3477199,1.53,-0.01157381,0.004739893,1.210678,-0.01585484,0.01057982,0.02680905,1.809
2024_02_10_00_31_15_750,0.6,0.5235988,261254.0,357285.0,0.5328454,0.09881765,0.1361318,0.003859986,0.00960509,0.3925132,1.53,-0.01163942,0.004680808,1.210436,0.009298325,-0.006198883,-0.01908466,1.809
2024_02_10_00_31_15_788,0.6,0.5235988,261381.0,357458.0,0.5860182,0.1222975,0.1361319,0.003859986,0.009605256,0.4385166,1.53,-0.01164217,0.004697688,1.210523,0.02014637,-0.00411272,-0.01125038,1.809
2024_02_10_00_31_15_825,0.6,0.5235988,261505.0,357628.0,0.6367021,0.1474857,0.1361319,0.003859453,0.00960495,0.4833094,1.53,-0.01164962,0.004739045,1.210518,-0.02729893,-0.003874302,-0.02304371,1.809
2024_02_10_00_31_15_858,0.6,0.5235988,261618.0,357783.0,0.6822383,0.172612,0.136132,0.003859986,0.009605367,0.5244675,1.53,-0.01163459,0.004635529,1.21053,0.03755093,-0.007748603,-0.02267398,1.809
2024_02_10_00_31_15_896,0.6,0.5235988,261742.0,357952.0,0.7305726,0.2020584,0.1361318,0.003859986,0.009605237,0.5692602,1.53,-0.01159235,0.004734441,1.2106,-0.03099441,0.010252,0.0152057,1.809
2024_02_10_00_31_15_934,0.6,0.5235988,261869.0,358126.0,0.7787888,0.2345228,0.1361318,0.003859453,0.009605311,0.6152626,1.53,-0.01168216,0.00465279,1.210522,0.01502037,0.0008940696,0.01942832,1.809
2024_02_10_00_31_15_967,0.6,0.5235988,261979.0,358277.0,0.8194118,0.2644887,0.1361318,0.003859453,0.009605068,0.6552127,1.53,-0.01160938,0.004725265,1.210435,0.002503395,0.005245208,0.03068056,1.809
2024_02_10_00_31_16_005,0.6,0.5235988,262102.0,358446.0,0.8634941,0.2999857,0.1361319,0.003859453,0.009605342,0.7000039,1.53,-0.01159976,0.004713735,1.210618,-0.01299381,0.009655952,0.01131184,1.809
2024_02_10_00_31_16_041,0.6,0.5235988,262229.0,358619.0,0.9070665,0.3384584,0.1361319,0.003859453,0.009605329,0.7460089,1.53,-0.01164458,0.004693277,1.210551,-0.005841255,-0.005960464,-0.038133,1.809
2024_02_10_00_31_16_075,0.6,0.5235988,262340.0,358770.0,0.9434355,0.3734647,0.1361319,0.003859986,0.009605207,0.785959,1.53,-0.01160573,0.00464103,1.210506,0.03862381,0.001788139,0.038472,1.809
2024_02_10_00_31_16_112,0.6,0.5235988,262466.0,358944.0,0.9835447,0.415537,0.1361319,0.003859986,0.009605118,0.8319641,1.53,-0.01170599,0.004613802,1.210425,-0.0004768371,-0.01114607,-0.05376152,1.809
2024_02_10_00_31_16_145,0.6,0.5235988,262577.0,359095.0,1.016775,0.4535371,0.1361318,0.003859986,0.0096052,0.8719141,1.53,-0.01156793,0.004694852,1.210627,-0.01680851,0.007927418,0.04975963,1.809
2024_02_10_00_31_16_183,0.6,0.5235988,262704.0,359268.0,1.053123,0.4988976,0.1361319,0.003859453,0.009604805,0.9179192,1.53,-0.01152999,0.00473671,1.210526,-0.009417534,5.960464e-05,-0.01191068,1.809
2024_02_10_00_31_16_221,0.6,0.5235988,262827.0,359437.0,1.086476,0.5446263,0.1361318,0.003859986,0.009605107,0.9627125,1.53,-0.01164931,0.004622613,1.210539,0.005364418,-0.00244379,-0.0002132729,1.809
2024_02_10_00_31_16_254,0.6,0.5235988,262937.0,359588.0,1.114467,0.5866354,0.1361319,0.003859986,0.009605085,1.002664,1.53,-0.01161642,0.004652567,1.210476,0.01633167,-0.008821487,-0.01127273,1.809
2024_02_10_00_31_16_291,0.6,0.5235988,263064.0,359762.0,1.144591,0.6363493,0.1361319,0.003859986,0.00960509,1.048668,1.53,-0.01160684,0.004724047,1.210598,-0.02431869,0.008642673,0.02664514,1.809
2024_02_10_00_31_16_330,0.6,0.5235988,263188.0,359931.0,1.171697,0.6860368,0.1361318,0.003859453,0.009605151,1.09346,1.53,-0.01154764,0.004718761,1.210555,-0.00989437,0.01120567,0.05743559,1.809
2024_02_10_00_31_16_367,0.6,0.5235988,263315.0,360105.0,1.197189,0.7382777,0.1361319,0.003859986,0.00960505,1.139462,1.53,-0.01164952,0.004693449,1.210542,-0.009298325,-0.00461936,-0.01167133,1.809
2024_02_10_00_31_16_404,0.6,0.5235988,263438.0,360274.0,1.219677,0.7902164,0.1361319,0.003859986,0.009605138,1.184252,1.53,-0.01164374,0.004730318,1.210583,-0.01978874,-0.001370907,-0.04601664,1.809
2024_02_10_00_31_16_442,0.6,0.5235988,263565.0,360447.0,1.240327,0.8445532,0.1361318,0.003859453,0.009605194,1.230257,1.53,-0.01158991,0.004697547,1.210546,-0.01239777,-0.0002682209,-0.02295524,1.809
2024_02_10_00_31_16_479,0.6,0.5235988,263689.0,360617.0,1.258013,0.8983185,0.1361319,0.003859986,0.009605244,1.275048,1.53,-0.01158355,0.004604984,1.210536,0.04577636,-0.01206994,-0.03415905,1.809
2024_02_10_00_31_16_517,0.6,0.5235988,263816.0,360790.0,1.273651,0.9543052,0.1361319,0.003859986,0.009605145,1.321048,1.53,-0.01162319,0.00470429,1.210487,-0.007510185,-0.004410744,-0.01902506,1.809
2024_02_10_00_31_16_554,0.6,0.5235988,263939.0,360959.0,1.286387,1.009453,0.1361319,0.003859986,0.009605179,1.36584,1.53,-0.01167561,0.004657169,1.210533,0.04136562,-0.01257658,-0.04569348,1.809
2024_02_10_00_31_16_592,0.6,0.5235988,264066.0,361133.0,1.296887,1.066626,0.1361319,0.003859453,0.009605258,1.411846,1.53,-0.01165767,0.004661119,1.210511,0.006794929,-0.009685755,-0.04951469,1.809
2024_02_10_00_31_16_625,0.6,0.5235988,264176.0,361284.0,1.303861,1.116625,0.1361319,0.003859986,0.009605173,1.451796,1.53,-0.01172109,0.004595472,1.210477,0.03564358,-0.01001358,-0.01515355,1.809
2024_02_10_00_31_16_663,0.6,0.5235988,264303.0,361457.0,1.309413,1.17449,0.1361319,0.003859986,0.009605139,1.4978,1.53,-0.01171953,0.004597251,1.21051,0.004529953,-0.01394749,-0.04219729,1.809
2024_02_10_00_31_16_696,0.6,0.5235988,264414.0,361608.0,1.31207,1.224903,0.1361319,0.003859986,0.009605081,1.537751,1.53,-0.01165895,0.004654609,1.210584,0.04053115,-0.01177192,-0.0379933,1.809
2024_02_10_00_31_16_734,0.6,0.5235988,264537.0,361777.0,1.312652,1.281501,0.1361319,0.003859986,0.009605361,1.582543,1.53,-0.01159352,0.004670467,1.210719,0.005483627,-2.980232e-05,-0.01888536,1.809
2024_02_10_00_31_16_767,0.6,0.5235988,264651.0,361933.0,1.310952,1.333486,0.1361319,0.003859986,0.00960524,1.623703,1.53,-0.01170692,0.00463959,1.210525,0.02837181,-0.0007748603,-0.00745058,1.809
2024_02_10_00_31_16_804,0.6,0.5235988,264774.0,362102.0,1.306673,1.389926,0.1361318,0.003859986,0.00960507,1.668494,1.53,-0.01165571,0.004702792,1.210584,0.001549721,-0.00667572,-0.02291146,1.809
2024_02_10_00_31_16_842,0.6,0.5235988,264901.0,362276.0,1.299654,1.447633,0.1361319,0.003859986,0.009605363,1.714503,1.53,-0.01155896,0.004669782,1.210713,-0.0320673,0.01114607,0.01506135,1.809
2024_02_10_00_31_16_875,0.6,0.5235988,265011.0,362426.0,1.291412,1.49744,0.136132,0.003859986,0.009605336,1.754459,1.53,-0.01151971,0.004701755,1.21079,-0.01049042,0.005364418,0.003718771,1.809
2024_02_10_00_31_16_913,0.6,0.5235988,265138.0,362600.0,1.279465,1.554331,0.1361318,0.003859986,0.00960498,1.800467,1.53,-0.01158479,0.004697856,1.210563,0.00667572,0.00578165,0.02287142,1.809
2024_02_10_00_31_16_946,0.6,0.5235988,265249.0,362751.0,1.266975,1.603247,0.1361317,0.003859986,0.009604855,1.84042,1.53,-0.01164766,0.004717773,1.210387,-0.04076957,0.01335144,0.07247366,1.809
2024_02_10_00_31_16_980,0.6,0.5235988,265359.0,362902.0,1.252544,1.651624,0.1361318,0.003859986,0.009605081,1.880375,1.53,-0.01165452,0.004606768,1.210466,0.05018711,-0.0166297,-0.04939921,1.809
2024_02_10_00_31_17_017,0.6,0.5235988,265486.0,363075.0,1.233545,1.706565,0.1361318,0.003859986,0.009605109,1.926381,1.53,-0.01164798,0.004712668,1.210637,-0.009655952,0.001430511,-0.01161918,1.809
2024_02_10_00_31_17_054,0.6,0.5235988,265609.0,363244.0,1.212639,1.759166,0.1361319,0.003859986,0.009605215,1.971177,1.53,-0.01165908,0.004656359,1.210712,-0.002622604,0.00333786,0.02669822,1.809
2024_02_10_00_31_17_092,0.6,0.5235988,265736.0,363418.0,1.188739,1.812155,0.1361319,0.003859986,0.009605483,2.017185,1.53,-0.01157797,0.004670216,1.210765,-0.01049042,-0.0001788139,-0.03035553,1.809
2024_02_10_00_31_17_125,0.6,0.5235988,265846.0,363569.0,1.166024,1.857242,0.1361318,0.003859986,0.009605041,2.05714,1.53,-0.01161148,0.004666228,1.210588,-0.02682209,0.01090765,0.07224921,1.809
2024_02_10_00_31_17_163,0.6,0.5235988,265973.0,363743.0,1.13766,1.907987,0.1361319,0.003859986,0.00960492,2.103145,1.53,-0.01166596,0.004697756,1.210544,0.020504,-0.009059906,-0.05734339,1.809
2024_02_10_00_31_17_200,0.6,0.5235988,266097.0,363912.0,1.107831,1.956092,0.1361318,0.003859986,0.00960509,2.147937,1.53,-0.01164466,0.004713154,1.210611,-0.02360344,-0.002741813,-0.03063213,1.809
2024_02_10_00_31_17_238,0.6,0.5235988,266224.0,364085.0,1.074982,2.004056,0.1361318,0.003859986,0.009605062,2.193939,1.53,-0.01164551,0.004690353,1.210596,-0.02324581,-0.001788139,-0.02322718,1.809
2024_02_10_00_31_17_271,0.6,0.5235988,266334.0,364236.0,1.044692,2.044446,0.1361318,0.003859986,0.009605044,2.233891,1.53,-0.01157839,0.004698847,1.210621,-0.02288818,0.00244379,0.02292171,1.809
2024_02_10_00_31_17_308,0.6,0.5235988,266458.0,364405.0,1.008843,2.088253,0.1361319,0.003859986,0.009605216,2.278685,1.53,-0.01165679,0.004688804,1.210691,-0.0003576278,0.0001788139,-0.003829598,1.809
2024_02_10_00_31_17_342,0.6,0.5235988,266571.0,364561.0,0.9742014,2.127056,0.136132,0.003859986,0.009605315,2.319847,1.53,-0.01159358,0.004586046,1.210745,0.02062321,-0.002861023,-0.003925525,1.809
2024_02_10_00_31_17_379,0.6,0.5235988,266695.0,364730.0,0.9347241,2.167623,0.1361319,0.003859986,0.009605027,2.364644,1.53,-0.0116737,0.004630329,1.210628,0.01823902,0.0002384186,0.02657063,1.809
2024_02_10_00_31_17_417,0.6,0.5235988,266822.0,364904.0,0.8923305,2.207404,0.1361318,0.003859986,0.009605255,2.41065,1.53,-0.01163498,0.004662201,1.210714,0.03838539,-0.01513958,-0.08005834,1.809
2024_02_10_00_31_17_454,0.6,0.5235988,266945.0,365073.0,0.8493372,2.244225,0.1361318,0.003859986,0.009604905,2.455443,1.53,-0.01176897,0.004684423,1.21046,-0.0002384186,-0.01561642,-0.05736854,1.809
2024_02_10_00_31_17_491,0.6,0.5235988,267072.0,365246.0,0.8035117,2.279998,0.1361318,0.003859986,0.009604968,2.501449,1.53,-0.01168119,0.004628333,1.21056,0.01060963,-5.960464e-05,0.01886953,1.809
2024_02_10_00_31_17_529,0.6,0.5235988,267196.0,365415.0,0.7573577,2.31277,0.1361318,0.003859986,0.009605291,2.546247,1.53,-0.01163905,0.004648871,1.210716,0.04541874,-0.004470348,-0.007227994,1.809
2024_02_10_00_31_17_567,0.6,0.5235988,267323.0,365589.0,0.7084778,2.344243,0.1361319,0.003859986,0.009605199,2.592254,1.53,-0.01163263,0.004660864,1.210612,0.002145767,-0.009536743,-0.05362834,1.809
2024_02_10_00_31_17_604,0.6,0.5235988,267446.0,365758.0,0.6595412,2.372694,0.1361318,0.003859986,0.009605191,2.637051,1.53,-0.01164105,0.0047492,1.210554,0.009417534,0.004172325,0.02324581,1.809
2024_02_10_00_31_17_642,0.6,0.5235988,267573.0,365932.0,0.6080084,2.399603,0.1361318,0.003860518,0.009605116,2.683057,1.53,-0.01164605,0.004681255,1.210615,0.02110004,-0.01108646,-0.04581175,1.809
2024_02_10_00_31_17_679,0.6,0.5235988,267697.0,366101.0,0.5566937,2.4235,0.1361319,0.003859986,0.009605102,2.727851,1.53,-0.01169694,0.004717464,1.21062,0.01609325,-0.01367927,-0.08790194,1.809
2024_02_10_00_31_17_713,0.6,0.5235988,267810.0,366256.0,0.5086391,2.443414,0.1361318,0.003859986,0.009605108,2.769015,1.53,-0.01157761,0.004688193,1.210675,-0.035882,0.007569789,0.02651382,1.809
2024_02_10_00_31_17_750,0.6,0.5235988,267934.0,366425.0,0.4554613,2.462818,0.1361318,0.003859986,0.009605005,2.813811,1.53,-0.011626,0.004749123,1.210631,-0.03755093,0.01770258,0.06465986,1.809
2024_02_10_00_31_17_787,0.6,0.5235988,268057.0,366595.0,0.4014682,2.479821,0.1361318,0.003859986,0.009605175,2.858608,1.53,-0.01165605,0.004707903,1.210571,-0.008702278,0.003367662,0.03073551,1.809
2024_02_10_00_31_17_825,0.6,0.5235988,268184.0,366768.0,0.3452809,2.494749,0.1361319,0.003860518,0.00960522,2.904614,1.53,-0.01156082,0.00473179,1.210748,-0.007510185,0.0127852,0.03803987,1.809
2024_02_10_00_31_17_859,0.6,0.5235988,268294.0,366919.0,0.2959741,2.505604,0.1361318,0.003859986,0.009605044,2.944568,1.53,-0.01172354,0.004737423,1.210657,0.02372265,-0.01093745,-0.06090756,1.809
2024_02_10_00_31_17_892,0.6,0.5235988,268408.0,367074.0,0.2447612,2.51472,0.136132,0.003859986,0.009605195,2.985732,1.53,-0.0116678,0.004667175,1.210596,0.03123283,-0.003635883,0.004030764,1.809
2024_02_10_00_31_17_929,0.6,0.5235988,268535.0,367248.0,0.1871348,2.522405,0.1361319,0.003859986,0.0096051,3.03174,1.53,-0.01155717,0.004713996,1.210625,-0.02527237,0.01168251,0.04946347,1.809
2024_02_10_00_31_17_966,0.6,0.5235988,268658.0,367417.0,0.1307423,2.527333,0.1361319,0.003860518,0.009605314,3.076536,1.53,-0.01167464,0.004623403,1.210642,-0.00846386,-0.008106232,-0.02302136,1.809
2024_02_10_00_31_18_004,0.6,0.5235988,268782.0,367586.0,0.07418601,2.529732,0.1361318,0.003859986,0.009605062,3.121333,1.53,-0.01157382,0.004730333,1.210593,-0.03039837,0.0005662441,-0.01173094,1.809
2024_02_10_00_31_18_042,0.6,0.5235988,268909.0,367760.0,0.01604989,2.529556,0.1361318,0.003859986,0.009605383,3.167341,1.53,-0.01162609,0.004653832,1.210647,-0.01001358,-0.002324581,0.007746741,1.809
2024_02_10_00_31_18_079,0.6,0.5235988,269033.0,367929.0,-0.04049084,2.526817,0.136132,0.003859986,0.009605283,3.212135,1.53,-0.01166956,0.004633456,1.210576,0.006437301,-0.002861023,0.01128763,1.809
2024_02_10_00_31_18_117,0.6,0.5235988,269159.0,368103.0,-0.09837183,2.521371,0.1361319,0.003859986,0.009605178,3.258141,1.53,-0.01165886,0.004686038,1.210581,0.04088878,-0.01206994,-0.03794767,1.809
2024_02_10_00_31_18_154,0.6,0.5235988,269283.0,368272.0,-0.1544308,2.513516,0.1361319,0.003860518,0.009605225,3.302938,1.53,-0.01158153,0.004658474,1.210671,0.006437301,0.005513429,0.02669357,1.809
2024_02_10_00_31_18_191,0.6,0.5235988,269410.0,368445.0,-0.2115797,2.502845,0.1361318,0.003860518,0.009604971,3.348945,1.53,-0.01158545,0.004802511,1.210664,-0.01716614,0.004649162,0.01135934,1.809
2024_02_10_00_31_18_229,0.6,0.5235988,269534.0,368615.0,-0.2666954,2.489939,0.1361318,0.003860518,0.009605045,3.393741,1.53,-0.01163718,0.004694186,1.210582,0.009655952,-0.003844499,-0.01539383,1.809
2024_02_10_00_31_18_266,0.6,0.5235988,269660.0,368788.0,-0.3226413,2.474129,0.1361319,0.003859986,0.009605278,3.439748,1.53,-0.01168764,0.004714352,1.210643,-0.009417534,-0.006735324,-0.0496367,1.809
2024_02_10_00_31_18_304,0.6,0.5235988,269784.0,368957.0,-0.3763596,2.456278,0.1361318,0.003859986,0.009605223,3.484545,1.53,-0.01159417,0.004801461,1.210646,-0.07128716,0.015378,0.02649985,1.809
2024_02_10_00_31_18_342,0.6,0.5235988,269911.0,369131.0,-0.4306412,2.43546,0.1361318,0.003859986,0.009604984,3.530553,1.53,-0.01172319,0.004699947,1.210499,0.03099441,-0.02726912,-0.1222463,1.809
2024_02_10_00_31_18_380,0.6,0.5235988,270035.0,369300.0,-0.4825203,2.412812,0.136132,0.003860518,0.009605241,3.57535,1.53,-0.01165631,0.004608057,1.21057,0.0513792,-0.01305342,-0.03035459,1.809
2024_02_10_00_31_18_416,0.6,0.5235988,270161.0,369474.0,-0.5346906,2.387159,0.1361319,0.003860518,0.009605193,3.621355,1.53,-0.01161276,0.004675467,1.210679,0.0002384186,0.006794929,0.05343184,1.809
2024_02_10_00_31_18_454,0.6,0.5235988,270285.0,369643.0,-0.5843018,2.359901,0.136132,0.003860518,0.009605377,3.666151,1.53,-0.01168595,0.004653878,1.210615,0.02861023,-0.00745058,-0.03436673,1.809
2024_02_10_00_31_18_491,0.6,0.5235988,270412.0,369817.0,-0.6339297,2.329624,0.1361318,0.003859986,0.009605178,3.712158,1.53,-0.0116864,0.004682629,1.210602,0.01883507,-0.005602836,-0.01134258,1.809
2024_02_10_00_31_18_529,0.6,0.5235988,270535.0,369986.0,-0.680866,2.297978,0.1361318,0.003860518,0.00960516,3.756954,1.53,-0.01157592,0.004717655,1.210601,-0.01001358,0.00166893,-0.007817522,1.809
2024_02_10_00_31_18_563,0.6,0.5235988,270646.0,370137.0,-0.7214954,2.268007,0.1361319,0.003860518,0.009605295,3.796909,1.53,-0.01156622,0.004734056,1.210648,0.0140667,0.0005960464,-0.02289563,1.809
2024_02_10_00_31_18_600,0.6,0.5235988,270773.0,370310.0,-0.7667526,2.231516,0.1361319,0.003860518,0.009605341,3.842917,1.53,-0.0115667,0.00476671,1.210748,-0.05090236,0.02402067,0.09543727,1.809
2024_02_10_00_31_18_633,0.6,0.5235988,270886.0,370466.0,-0.8057851,2.197134,0.1361319,0.003859986,0.009605153,3.884084,1.53,-0.01147282,0.004739475,1.210569,-0.03290176,0.012815,0.04176423,1.809
2024_02_10_00_31_18_671,0.6,0.5235988,271010.0,370635.0,-0.846614,2.157929,0.1361319,0.003860518,0.009605282,3.928882,1.53,-0.01165292,0.004622243,1.210597,0.02801418,-0.003755092,0.03077369,1.809
2024_02_10_00_31_18_709,0.6,0.5235988,271137.0,370808.0,-0.886676,2.115802,0.136132,0.003860518,0.009605312,3.97489,1.53,-0.0115517,0.004679536,1.210598,-0.009298325,0.01478195,0.0646105,1.809
2024_02_10_00_31_18_746,0.6,0.5235988,271260.0,370977.0,-0.9237813,2.073055,0.1361319,0.003860518,0.009605411,4.019685,1.53,-0.01162351,0.004732854,1.210755,-0.04220008,0.009417534,0.01500826,1.809
2024_02_10_00_31_18_783,0.6,0.5235988,271387.0,371151.0,-0.9598588,2.027469,0.1361319,0.003859986,0.009605352,4.065692,1.53,-0.01161438,0.004739767,1.210631,-0.004887581,0.006616115,-0.003779307,1.809
2024_02_10_00_31_18_820,0.6,0.5235988,271511.0,371320.0,-0.992933,1.981533,0.136132,0.003859986,0.009605283,4.110488,1.53,-0.01152767,0.004743521,1.210621,-0.03659725,0.01978874,0.06466173,1.809
2024_02_10_00_31_18_858,0.6,0.5235988,271638.0,371494.0,-1.024729,1.932865,0.1361319,0.003859986,0.009605383,4.156496,1.53,-0.01159388,0.004691034,1.210563,-0.03027916,0.02142787,0.1298636,1.809
2024_02_10_00_31_18_896,0.6,0.5235988,271761.0,371663.0,-1.053504,1.884121,0.1361319,0.003859986,0.009605269,4.201291,1.53,-0.01163819,0.004682696,1.210544,-0.005960464,-0.004261732,-0.03443938,1.809
2024_02_10_00_31_18_933,0.6,0.5235988,271888.0,371837.0,-1.080755,1.832769,0.136132,0.003859986,0.009605508,4.247298,1.53,-0.01163263,0.004693546,1.210661,-0.03969669,0.004321337,0.01134351,1.809
2024_02_10_00_31_18_970,0.6,0.5235988,272012.0,372006.0,-1.104991,1.781617,0.136132,0.003859986,0.009605309,4.292089,1.53,-0.0117219,0.004625706,1.210443,0.02527237,-0.0140667,-0.04193466,1.809
2024_02_10_00_31_19_008,0.6,0.5235988,272135.0,372175.0,-1.126913,1.72943,0.1361319,0.003859986,0.009605391,4.336884,1.53,-0.01161269,0.004705243,1.210594,-0.005960464,0.005245208,0.003786757,1.809
2024_02_10_00_31_19_046,0.6,0.5235988,272262.0,372349.0,-1.146973,1.674867,0.1361318,0.003859986,0.009605203,4.382889,1.53,-0.01168146,0.004644213,1.210419,0.02598762,-0.012815,-0.05343184,1.809
2024_02_10_00_31_19_083,0.6,0.5235988,272386.0,372518.0,-1.164071,1.620909,0.1361319,0.003859986,0.009605346,4.427683,1.53,-0.01169572,0.004630547,1.210513,-0.01549721,0.007510185,0.03798492,1.809
2024_02_10_00_31_19_121,0.6,0.5235988,272513.0,372691.0,-1.179097,1.564753,0.1361318,0.003859986,0.009605542,4.473682,1.53,-0.01167816,0.004671427,1.210662,0.01275539,-0.01078844,-0.04947744,1.809
2024_02_10_00_31_19_158,0.6,0.5235988,272636.0,372860.0,-1.191236,1.509467,0.1361319,0.003859986,0.009605311,4.518478,1.53,-0.01160435,0.00468408,1.210456,-0.01466274,0.01126528,0.06477442,1.809
2024_02_10_00_31_19_195,0.6,0.5235988,272763.0,373034.0,-1.20111,1.452181,0.1361319,0.003859986,0.009605393,4.56448,1.53,-0.01167519,0.004664331,1.210596,0.002622604,-0.00667572,-0.06517395,1.809
2024_02_10_00_31_19_233,0.6,0.5235988,272887.0,373203.0,-1.208185,1.396023,0.1361319,0.003859986,0.009605324,4.609277,1.53,-0.01162115,0.004629564,1.21048,-0.01275539,0.006914138,0.06878749,1.809
2024_02_10_00_31_19_271,0.6,0.5235988,273014.0,373377.0,-1.212824,1.338077,0.136132,0.003859986,0.009605633,4.655282,1.53,-0.01161574,0.004634167,1.210635,-0.001549721,0.0005066395,-0.01901668,1.809
2024_02_10_00_31_19_308,0.6,0.5235988,273137.0,373546.0,-1.214776,1.281508,0.1361318,0.003859986,0.009605316,4.700074,1.53,-0.01162066,0.004691654,1.210659,-0.01835823,-0.000834465,0.01155399,1.809
2024_02_10_00_31_19_346,0.6,0.5235988,273264.0,373720.0,-1.214142,1.223382,0.136132,0.003859986,0.009605511,4.746077,1.53,-0.0116007,0.004645425,1.210709,-0.002622604,-0.001102686,0.0001834705,1.809
2024_02_10_00_31_19_380,0.6,0.5235988,273374.0,373870.0,-1.211424,1.172971,0.1361319,0.003859986,0.009605418,4.786029,1.53,-0.01167297,0.004670059,1.21065,-0.01084804,-0.001817942,-0.03075599,1.809
2024_02_10_00_31_19_416,0.6,0.5235988,273498.0,374040.0,-1.205984,1.116632,0.1361319,0.003859986,0.009605104,4.830823,1.53,-0.01154716,0.004710809,1.210483,-0.0180006,0.01329183,0.07627904,1.809
2024_02_10_00_31_19_449,0.6,0.5235988,273611.0,374195.0,-1.198768,1.065122,0.1361319,0.003859986,0.009605278,4.871985,1.53,-0.01160382,0.004679048,1.210563,0.02503395,-0.007361173,-0.02652593,1.809
2024_02_10_00_31_19_487,0.6,0.5235988,273735.0,374364.0,-1.188513,1.009458,0.136132,0.003859986,0.0096055,4.916781,1.53,-0.01160358,0.0046014,1.210621,0.01382828,-0.01341104,-0.07266365,1.809
2024_02_10_00_31_19_521,0.6,0.5235988,273849.0,374519.0,-1.176898,0.9587593,0.1361319,0.003859986,0.009605344,4.957943,1.53,-0.01165518,0.004639833,1.210621,0.02777576,-0.0141859,-0.0455603,1.809
2024_02_10_00_31_19_554,0.6,0.5235988,273959.0,374670.0,-1.163641,0.910049,0.136132,0.003859986,0.009605203,4.997892,1.53,-0.01161703,0.004629063,1.210487,0.02229214,0.0005960464,0.02666469,1.809
2024_02_10_00_31_19_592,0.6,0.5235988,274086.0,374844.0,-1.145981,0.8546672,0.1361319,0.003859986,0.009605247,5.043896,1.53,-0.01166123,0.004619902,1.210428,0.04649162,-0.012815,-0.03035273,1.809
2024_02_10_00_31_19_629,0.6,0.5235988,274209.0,375013.0,-1.126355,0.8015782,0.1361318,0.003859986,0.009605123,5.088694,1.53,-0.01158361,0.004726955,1.210527,-0.02849102,0.007748603,0.04189927,1.809
2024_02_10_00_31_19_666,0.6,0.5235988,274336.0,375187.0,-1.103745,0.7480266,0.1361318,0.003859986,0.009605446,5.1347,1.53,-0.01162909,0.004675129,1.210522,-0.02729893,0.005185604,0.04589092,1.809
2024_02_10_00_31_19_704,0.6,0.5235988,274460.0,375356.0,-1.079385,0.6969385,0.1361319,0.003859986,0.009605111,5.179493,1.53,-0.01163156,0.004699174,1.210387,-0.03230572,0.01209974,0.07633679,1.809
2024_02_10_00_31_19_741,0.6,0.5235988,274587.0,375529.0,-1.052013,0.6456584,0.1361319,0.003859986,0.009605202,5.225496,1.53,-0.01154375,0.004647775,1.210552,-0.009536743,0.01293421,0.05694758,1.809
2024_02_10_00_31_19_779,0.6,0.5235988,274710.0,375699.0,-1.023122,0.5969888,0.1361319,0.003859986,0.009605339,5.270288,1.53,-0.011557,0.00468521,1.210588,-0.04005432,0.01597404,0.05330052,1.809
2024_02_10_00_31_19_816,0.6,0.5235988,274837.0,375872.0,-0.9912121,0.5484027,0.1361319,0.003859986,0.009605308,5.31629,1.53,-0.01165154,0.004659203,1.210584,0.01966953,-0.005066394,-0.02271309,1.809
2024_02_10_00_31_19_855,0.6,0.5235988,274961.0,376041.0,-0.9580277,0.502553,0.1361318,0.003859986,0.009605125,5.361082,1.53,-0.01166088,0.004686291,1.210531,-0.00834465,-0.002801418,0.01160521,1.809
2024_02_10_00_31_19_891,0.6,0.5235988,275088.0,376215.0,-0.9218441,0.4570602,0.1361319,0.003859986,0.009605166,5.407083,1.53,-0.01159018,0.004717147,1.210614,-0.01811981,0.01293421,0.04567299,1.809
2024_02_10_00_31_19_929,0.6,0.5235988,275211.0,376384.0,-0.8846384,0.4144096,0.1361319,0.003859986,0.009605115,5.451873,1.53,-0.01158927,0.004728734,1.210552,-0.02741813,0.01490116,0.04556868,1.809
2024_02_10_00_31_19_966,0.6,0.5235988,275338.0,376558.0,-0.8444791,0.3723855,0.1361318,0.003859986,0.009605197,5.497876,1.53,-0.01161731,0.004711878,1.210561,-0.02348423,0.003695488,0.007569789,1.809
2024_02_10_00_31_20_004,0.6,0.5235988,275462.0,376727.0,-0.8035591,0.3332837,0.1361319,0.003859986,0.009605137,5.542667,1.53,-0.0116513,0.004646497,1.210493,0.02133846,0.001490116,0.03050081,1.809
2024_02_10_00_31_20_041,0.6,0.5235988,275585.0,376896.0,-0.7609301,0.2960541,0.1361319,0.003859453,0.009605322,5.587457,1.53,-0.01158873,0.004707873,1.210541,-0.03886223,0.008702278,0.0191126,1.809
2024_02_10_00_31_20_079,0.6,0.5235988,275712.0,377070.0,-0.7154589,0.2598447,0.1361319,0.003859986,0.009605169,5.633459,1.53,-0.01166409,0.004636422,1.210475,0.04851818,-0.02557039,-0.1145136,1.809
2024_02_10_00_31_20_116,0.6,0.5235988,275836.0,377239.0,-0.6696308,0.2266334,0.1361318,0.003859986,0.009605249,5.67825,1.53,-0.01172503,0.004671264,1.210491,0.04017353,-0.01698732,-0.07618777,1.809
2024_02_10_00_31_20_154,0.6,0.5235988,275963.0,377412.0,-0.6210646,0.1946957,0.1361319,0.003859453,0.009605213,5.724253,1.53,-0.01171604,0.004627235,1.210379,-0.002384186,-0.01451373,-0.0728583,1.809
2024_02_10_00_31_20_191,0.6,0.5235988,276086.0,377582.0,-0.5724134,0.1657768,0.1361318,0.003859453,0.009605174,5.769047,1.53,-0.01162511,0.004663803,1.210442,-0.003218651,-0.005900859,-0.02666004,1.809
2024_02_10_00_31_20_229,0.6,0.5235988,276213.0,377755.0,-0.5211508,0.1383749,0.1361318,0.003859453,0.00960506,5.815048,1.53,-0.01169371,0.004663581,1.210397,0.01704693,-0.01230836,-0.04579499,1.809
2024_02_10_00_31_20_266,0.6,0.5235988,276337.0,377924.0,-0.4700777,0.1139866,0.1361319,0.003859453,0.009605246,5.859839,1.53,-0.01160332,0.004726687,1.210566,-0.007987022,0.008076429,0.0383677,1.809
2024_02_10_00_31_20_300,0.6,0.5235988,276450.0,378080.0,-0.4222265,0.09361304,0.1361319,0.003859453,0.009605412,5.900997,1.53,-0.01155518,0.004704246,1.210525,-0.03457069,0.01934171,0.07647648,1.809
2024_02_10_00_31_20_337,0.6,0.5235988,276574.0,378249.0,-0.3692485,0.07369988,0.1361319,0.003859453,0.009605073,5.945788,1.53,-0.01156211,0.004726341,1.21052,-0.01525879,0.01341104,0.06872974,1.809
2024_02_10_00_31_20_375,0.6,0.5235988,276701.0,378422.0,-0.3139672,0.05573886,0.1361319,0.003859453,0.009605181,5.99179,1.53,-0.01165224,0.004684385,1.210483,0.0180006,-0.01010299,-0.04578847,1.809
2024_02_10_00_31_20_412,0.6,0.5235988,276824.0,378592.0,-0.259402,0.04071137,0.1361319,0.003859453,0.009605044,6.036582,1.53,-0.01160368,0.004718372,1.210412,0.00166893,-0.002503395,-0.01927,1.809
2024_02_10_00_31_20_450,0.6,0.5235988,276951.0,378765.0,-0.2027197,0.0278371,0.1361319,0.003859986,0.009605238,6.082583,1.53,-0.01161651,0.004807236,1.210667,-0.02682209,-0.001132488,-0.05732756,1.809
2024_02_10_00_31_20_483,0.6,0.5235988,277062.0,378916.0,-0.1530591,0.01878189,0.1361318,0.003859986,0.009605099,6.122534,1.53,-0.01168755,0.004608037,1.210485,0.0257492,-0.01055002,-0.003671273,1.809
2024_02_10_00_31_20_520,0.6,0.5235988,277185.0,379085.0,-0.09699968,0.01099669,0.1361319,0.003859986,0.009605171,6.167327,1.53,-0.01166199,0.004610902,1.210581,-0.004887581,-0.0103116,-0.04599336,1.809
2024_02_10_00_31_20_558,0.6,0.5235988,277312.0,379259.0,-0.03912154,0.005622542,0.1361318,0.003859986,0.009605027,6.213332,1.53,-0.01161288,0.004697789,1.210577,0.02300739,0.001609325,6.332994e-05,1.809
2024_02_10_00_31_20_595,0.6,0.5235988,277436.0,379428.0,0.01741225,0.002953041,0.1361318,0.003859453,0.009605343,6.258123,1.53,-0.01163394,0.004724893,1.210604,-0.00500679,0.004947185,0.01175888,1.809
2024_02_10_00_31_20_633,0.6,0.5235988,277563.0,379602.0,0.07553852,0.002849297,0.136132,0.003859986,0.009605195,0.0209399,1.53,-0.01164065,0.004618118,1.210508,0.002145767,0.006854534,0.04564598,1.809
2024_02_10_00_31_20_670,0.6,0.5235988,277686.0,379771.0,0.1320814,0.005317068,0.1361318,0.003859986,0.009605211,0.06573214,1.53,-0.01166611,0.004685663,1.210543,0.03051758,-0.02029538,-0.1182472,1.809
2024_02_10_00_31_20_704,0.6,0.5235988,277800.0,379926.0,0.1838948,0.009815147,0.1361319,0.003859986,0.009605119,0.1068924,1.53,-0.01170456,0.004652397,1.210537,0.03814697,-0.01889467,-0.06864406,1.809
2024_02_10_00_31_20_741,0.6,0.5235988,277923.0,380095.0,0.2400168,0.01712807,0.1361319,0.003859453,0.009605455,0.1516851,1.53,-0.01158019,0.004708115,1.210631,-0.05102157,0.01972914,0.03416464,1.809
2024_02_10_00_31_20_778,0.6,0.5235988,278050.0,380269.0,0.2972565,0.02724689,0.1361318,0.003859986,0.00960511,0.1976886,1.53,-0.01152773,0.004721367,1.210611,-0.007033348,0.003010034,0.007616356,1.809
2024_02_10_00_31_20_816,0.6,0.5235988,278174.0,380438.0,0.352485,0.03961873,0.1361318,0.003859453,0.009605165,0.2424808,1.53,-0.01157195,0.004726487,1.21062,0.01442432,0.005275011,0.01158845,1.809
2024_02_10_00_31_20_849,0.6,0.5235988,278287.0,380593.0,0.4026992,0.05315781,0.136132,0.003859986,0.009605218,0.2836394,1.53,-0.01151198,0.004755199,1.210557,-0.05149841,0.02592802,0.07588696,1.809
2024_02_10_00_31_20_883,0.6,0.5235988,278397.0,380744.0,0.4508649,0.06826391,0.1361319,0.003859453,0.009605085,0.32359,1.53,-0.011597,0.004730672,1.210559,-0.01478195,0.006794929,0.0189282,1.809
2024_02_10_00_31_20_920,0.6,0.5235988,278521.0,380913.0,0.5041021,0.08747342,0.1361318,0.003859453,0.009605255,0.3683818,1.53,-0.0116509,0.004676459,1.210509,0.03099441,-0.008046627,-0.04169996,1.809
2024_02_10_00_31_20_953,0.6,0.5235988,278635.0,381069.0,0.5522199,0.1072117,0.1361319,0.003859453,0.00960532,0.4095409,1.53,-0.01168192,0.004742425,1.210472,-0.01621246,-0.001609325,-0.02282485,1.809
2024_02_10_00_31_20_991,0.6,0.5235988,278758.0,381238.0,0.6036109,0.1309209,0.1361319,0.003859986,0.009605002,0.4543326,1.53,-0.01169489,0.004657368,1.210394,0.0115633,-0.007390975,2.421439e-05,1.809
2024_02_10_00_31_21_028,0.6,0.5235988,278885.0,381411.0,0.6552317,0.1576411,0.1361319,0.003859453,0.00960506,0.5003344,1.53,-0.01164753,0.004693429,1.210402,-0.0128746,-0.00166893,-0.02711639,1.809
2024_02_10_00_31_21_066,0.6,0.5235988,279009.0,381581.0,0.7042627,0.1859122,0.1361319,0.003859453,0.009605064,0.5451272,1.53,-0.01169216,0.00469848,1.210486,0.01776218,-0.01126528,-0.04581827,1.809
2024_02_10_00_31_21_103,0.6,0.5235988,279136.0,381754.0,0.7532496,0.217203,0.1361319,0.003859986,0.009605165,0.5911323,1.53,-0.01165529,0.004651624,1.210621,0.001192093,-0.009715557,-0.04973728,1.809
2024_02_10_00_31_21_141,0.6,0.5235988,279259.0,381923.0,0.7995151,0.2498047,0.1361319,0.003859986,0.009605206,0.6359234,1.53,-0.01157551,0.004716144,1.210597,-0.01704693,0.0007152557,-0.007667578,1.809
2024_02_10_00_31_21_178,0.6,0.5235988,279386.0,382097.0,0.8454622,0.2854089,0.1361318,0.003859986,0.009605085,0.6819269,1.53,-0.01159576,0.004714977,1.210591,-0.02467632,0.004768372,0.01121405,1.809
2024_02_10_00_31_21_212,0.6,0.5235988,279496.0,382248.0,0.8839997,0.3180146,0.1361319,0.003859986,0.009605207,0.7218786,1.53,-0.01165004,0.004648391,1.210581,0.03039837,-0.005602836,-0.01918338,1.809
2024_02_10_00_31_21_245,0.6,0.5235988,279607.0,382399.0,0.921204,0.3521333,0.1361319,0.003859986,0.009605015,0.7618313,1.53,-0.01164645,0.004690865,1.21044,-0.006079673,-0.007808208,-0.01902319,1.809
2024_02_10_00_31_21_282,0.6,0.5235988,279733.0,382572.0,0.9623169,0.3932256,0.1361318,0.003859453,0.009605015,0.807838,1.53,-0.01166807,0.004719481,1.210486,-0.006914138,-0.002086163,0.01152977,1.809
2024_02_10_00_31_21_320,0.6,0.5235988,279857.0,382741.0,1.000491,0.4350126,0.136132,0.003859986,0.009605142,0.8526307,1.53,-0.01154888,0.004711394,1.210541,-0.0007152557,0.00166893,-0.01921039,1.809
2024_02_10_00_31_21_357,0.6,0.5235988,279984.0,382915.0,1.037707,0.4796647,0.1361318,0.003859986,0.009605065,0.8986326,1.53,-0.01168473,0.004698498,1.210516,0.03325939,-0.01460314,-0.05328469,1.809
2024_02_10_00_31_21_396,0.6,0.5235988,280107.0,383084.0,1.071934,0.5247415,0.1361319,0.003859986,0.009605082,0.9434237,1.53,-0.01164719,0.004724107,1.210521,-0.02133846,0.007629394,0.03041513,1.809
2024_02_10_00_31_21_428,0.6,0.5235988,280221.0,383240.0,1.101577,0.5674769,0.1361319,0.003859986,0.009605293,0.9845813,1.53,-0.01164463,0.004702198,1.21057,-0.01549721,0.007212162,0.003699213,1.809
2024_02_10_00_31_21_466,0.6,0.5235988,280345.0,383409.0,1.131808,0.6153255,0.1361319,0.003859986,0.009605146,1.029374,1.53,-0.01161049,0.004727522,1.210565,0.005960464,-0.00500679,-0.03826432,1.809
2024_02_10_00_31_21_504,0.6,0.5235988,280472.0,383582.0,1.160594,0.6658261,0.1361318,0.003859986,0.009604895,1.075376,1.53,-0.01168204,0.004709861,1.210467,-0.001549721,-0.003874302,-0.02314523,1.809
2024_02_10_00_31_21_541,0.6,0.5235988,280595.0,383751.0,1.186361,0.7162194,0.1361318,0.003859986,0.009605302,1.12017,1.53,-0.01169723,0.004690822,1.210547,-0.01704693,-0.00500679,-0.04195608,1.809
2024_02_10_00_31_21_579,0.6,0.5235988,280722.0,383925.0,1.210451,0.7691212,0.1361318,0.003859453,0.009605081,1.166174,1.53,-0.01162538,0.004700912,1.210516,-0.01871586,0.005662441,0.02278108,1.809
2024_02_10_00_31_21_616,0.6,0.5235988,280846.0,384094.0,1.231544,0.8216422,0.1361318,0.003859986,0.009605163,1.210965,1.53,-0.01166835,0.004708063,1.210597,-0.01358986,-0.002473593,-0.01145154,1.809
2024_02_10_00_31_21_654,0.6,0.5235988,280972.0,384268.0,1.250736,0.8765116,0.1361319,0.003859986,0.009605146,1.256967,1.53,-0.01169246,0.004719356,1.210513,-0.02479553,0.00372529,0.01133792,1.809
2024_02_10_00_31_21_691,0.6,0.5235988,281096.0,384437.0,1.266979,0.9307308,0.1361319,0.003859986,0.009605387,1.301758,1.53,-0.01164765,0.004642682,1.21069,0.0308752,-0.01180172,-0.07255282,1.809
2024_02_10_00_31_21_728,0.6,0.5235988,281223.0,384611.0,1.281118,0.9871147,0.1361319,0.003859986,0.009605436,1.347765,1.53,-0.0116435,0.004636803,1.210599,0.00166893,-0.001370907,-0.003638677,1.809
2024_02_10_00_31_21_766,0.6,0.5235988,281347.0,384780.0,1.29238,1.042584,0.1361319,0.003859986,0.009605126,1.392555,1.53,-0.01168581,0.0046607,1.21047,0.01049042,0.000655651,-6.146729e-05,1.809
2024_02_10_00_31_21_799,0.6,0.5235988,281457.0,384931.0,1.300319,1.092439,0.1361318,0.003859986,0.009605049,1.432506,1.53,-0.01160304,0.004709905,1.210553,0.009655952,-0.001192093,0.01542363,1.809
2024_02_10_00_31_21_837,0.6,0.5235988,281584.0,385104.0,1.306985,1.150185,0.1361318,0.003859986,0.009605001,1.478507,1.53,-0.01162262,0.00469292,1.2106,0.01895428,0.0004172325,0.01147948,1.809
2024_02_10_00_31_21_874,0.6,0.5235988,281707.0,385273.0,1.310917,1.20665,0.1361318,0.003859986,0.009605084,1.523301,1.53,-0.01168335,0.004662503,1.210562,0.03576279,-0.004917383,-0.01134537,1.809
2024_02_10_00_31_21_912,0.6,0.5235988,281834.0,385447.0,1.312319,1.264764,0.1361319,0.003859986,0.009605274,1.569303,1.53,-0.01163341,0.004561113,1.210646,0.04637241,-0.008434057,0.0001918524,1.809
2024_02_10_00_31_21_949,0.6,0.5235988,281958.0,385616.0,1.311117,1.321353,0.136132,0.003859986,0.009605376,1.614099,1.53,-0.01160014,0.004620319,1.210634,0.02324581,-0.008672476,-0.04566088,1.809
2024_02_10_00_31_21_983,0.6,0.5235988,282071.0,385772.0,1.307779,1.373259,0.1361319,0.003859986,0.009605237,1.655262,1.53,-0.01166175,0.00458453,1.210518,0.01740456,-0.005662441,-0.01917221,1.809
2024_02_10_00_31_22_020,0.6,0.5235988,282195.0,385941.0,1.301722,1.429536,0.1361318,0.003859986,0.009605121,1.700058,1.53,-0.0115736,0.004631638,1.210605,0.04470348,-0.01010299,-0.03413763,1.809
2024_02_10_00_31_22_057,0.6,0.5235988,282322.0,386114.0,1.292886,1.486992,0.1361319,0.003859986,0.009605246,1.746066,1.53,-0.01162834,0.004658237,1.210537,0.01382828,-0.003814697,-0.01129042,1.809
2024_02_10_00_31_22_095,0.6,0.5235988,282445.0,386283.0,1.28175,1.542489,0.1361319,0.003859986,0.009605377,1.790862,1.53,-0.01157057,0.004665861,1.210757,0.01966953,-0.007569789,-0.05707051,1.809
2024_02_10_00_31_22_128,0.6,0.5235988,282559.0,386439.0,1.269338,1.593,0.1361319,0.003859986,0.009605269,1.832024,1.53,-0.0116372,0.004640719,1.210639,-0.009179115,0.001132488,-0.0001629814,1.809
2024_02_10_00_31_22_161,0.6,0.5235988,282669.0,386590.0,1.255312,1.641497,0.1361318,0.003859986,0.00960513,1.871977,1.53,-0.01162848,0.004712543,1.210522,-0.01502037,0.002562999,0.01516659,1.809
2024_02_10_00_31_22_199,0.6,0.5235988,282793.0,386759.0,1.237298,1.695156,0.1361318,0.003859986,0.009605416,1.916775,1.53,-0.01158896,0.004765454,1.210694,-0.04017353,0.01072884,0.004088506,1.809
2024_02_10_00_31_22_237,0.6,0.5235988,282920.0,386932.0,1.216312,1.749368,0.1361319,0.003859986,0.009605122,1.962777,1.53,-0.01165391,0.004628475,1.210626,0.0462532,-0.005722045,-0.007542781,1.809
2024_02_10_00_31_22_275,0.6,0.5235988,283043.0,387102.0,1.193504,1.801171,0.1361319,0.003859986,0.009605299,2.007573,1.53,-0.01157338,0.004662754,1.210586,-0.01132488,0.001788139,0.007649883,1.809
2024_02_10_00_31_22_307,0.6,0.5235988,283157.0,387257.0,1.17052,1.847832,0.1361319,0.003859986,0.009604924,2.048737,1.53,-0.01158252,0.004663127,1.210526,-0.002741813,-0.004708767,0.003625639,1.809
2024_02_10_00_31_22_345,0.6,0.5235988,283280.0,387426.0,1.143349,1.897488,0.1361318,0.003859986,0.009605049,2.093531,1.53,-0.01163535,0.004677163,1.210596,0.006079673,-0.01209974,-0.06498676,1.809
2024_02_10_00_31_22_383,0.6,0.5235988,283407.0,387600.0,1.11316,1.947167,0.1361318,0.003859986,0.009605016,2.139537,1.53,-0.01159954,0.004662551,1.210513,0.01430511,0.003516674,0.02673175,1.809
2024_02_10_00_31_22_421,0.6,0.5235988,283531.0,387769.0,1.081597,1.994157,0.1361318,0.003859986,0.009605234,2.18433,1.53,-0.0116248,0.004705808,1.210552,-0.0140667,0.006735324,0.038445,1.809
2024_02_10_00_31_22_457,0.6,0.5235988,283658.0,387942.0,1.047025,2.040895,0.1361319,0.003859986,0.009604822,2.230336,1.53,-0.01166468,0.004702635,1.210551,-0.0128746,0.005543231,0.01496915,1.809
2024_02_10_00_31_22_491,0.6,0.5235988,283768.0,388093.0,1.015286,2.080157,0.1361318,0.003859986,0.009604806,2.270288,1.53,-0.01166244,0.004688776,1.210604,0.02861023,-0.005543231,0.003961846,1.809
2024_02_10_00_31_22_528,0.6,0.5235988,283895.0,388267.0,0.9768282,2.123755,0.1361319,0.003860518,0.009605076,2.316294,1.53,-0.01164247,0.004705273,1.210763,0.003695488,-0.001430511,-0.007499009,1.809
2024_02_10_00_31_22_565,0.6,0.5235988,284018.0,388436.0,0.9374953,2.164464,0.1361319,0.003859986,0.009604772,2.361091,1.53,-0.01167466,0.004669431,1.210472,0.015378,-0.004708767,-0.01931936,1.809
2024_02_10_00_31_22_599,0.6,0.5235988,284129.0,388587.0,0.9009075,2.199254,0.1361319,0.003860518,0.009605029,2.401045,1.53,-0.01160847,0.004638772,1.21076,0.01859665,0.001549721,0.01513213,1.809
2024_02_10_00_31_22_637,0.6,0.5235988,284256.0,388761.0,0.8570945,2.237465,0.1361319,0.003860518,0.009605131,2.44705,1.53,-0.01163134,0.004673215,1.210744,0.003814697,0.001788139,-0.003920868,1.809
2024_02_10_00_31_22_671,0.6,0.5235988,284366.0,388911.0,0.8176545,2.268985,0.1361318,0.003860518,0.009605146,2.487003,1.53,-0.0115929,0.004694462,1.210753,0.03659725,-0.008940697,-0.06496347,1.809
2024_02_10_00_31_22_707,0.6,0.5235988,284493.0,389085.0,0.7707229,2.303294,0.1361318,0.003859986,0.00960525,2.53301,1.53,-0.01157723,0.004757947,1.21079,-0.03564358,0.01239777,0.03434718,1.809
2024_02_10_00_31_22_746,0.6,0.5235988,284616.0,389254.0,0.7235565,2.334593,0.1361319,0.003859986,0.009605208,2.577806,1.53,-0.01158128,0.004730195,1.21055,0.005722045,-0.00500679,-0.06888621,1.809
2024_02_10_00_31_22_778,0.6,0.5235988,284730.0,389410.0,0.6790187,2.361467,0.1361319,0.003859986,0.009605131,2.61897,1.53,-0.01172177,0.004612675,1.210508,0.02133846,-0.0154376,-0.03820751,1.809
2024_02_10_00_31_22_816,0.6,0.5235988,284853.0,389579.0,0.6293402,2.388601,0.1361319,0.003859986,0.009605474,2.663766,1.53,-0.01165879,0.004635046,1.210744,0.02717972,-0.005185604,0.0003315508,1.809
2024_02_10_00_31_22_853,0.6,0.5235988,284977.0,389748.0,0.5784959,2.413483,0.1361319,0.003860518,0.009605274,2.708561,1.53,-0.01168651,0.004628161,1.210699,0.02324581,-0.01245737,-0.04578381,1.809
2024_02_10_00_31_22_886,0.6,0.5235988,285091.0,389903.0,0.5308342,2.43432,0.1361319,0.003860518,0.009605323,2.749724,1.53,-0.01154533,0.004686515,1.210785,0.01740456,0.008583069,0.03063958,1.809
2024_02_10_00_31_22_924,0.6,0.5235988,285214.0,390072.0,0.4780411,2.454746,0.1361319,0.003860518,0.009605165,2.794521,1.53,-0.01165394,0.004679395,1.210685,0.00333786,-0.0103116,-0.06892998,1.809
2024_02_10_00_31_22_962,0.6,0.5235988,285341.0,390246.0,0.4229255,2.473241,0.1361319,0.003859986,0.009605133,2.840528,1.53,-0.01157829,0.004726017,1.210622,-0.01513958,0.007212162,0.01501385,1.809
2024_02_10_00_31_22_999,0.6,0.5235988,285465.0,390415.0,0.3684976,2.488796,0.1361319,0.003859986,0.009605348,2.885324,1.53,-0.01159363,0.00472145,1.210704,-0.05710125,0.01707673,0.0686897,1.809
2024_02_10_00_31_23_037,0.6,0.5235988,285592.0,390589.0,0.3119318,2.502219,0.1361318,0.003860518,0.009605098,2.931331,1.53,-0.01166291,0.004791805,1.210745,-0.02729893,-0.005036592,-0.05742069,1.809
2024_02_10_00_31_23_074,0.6,0.5235988,285715.0,390758.0,0.2563181,2.512775,0.1361318,0.003859986,0.009605142,2.976128,1.53,-0.01151927,0.004760367,1.21067,-0.06365776,0.02613663,0.1065209,1.809
2024_02_10_00_31_23_107,0.6,0.5235988,285829.0,390913.0,0.204843,2.520271,0.136132,0.003859986,0.009605411,3.017292,1.53,-0.0116737,0.004664974,1.210717,-0.03552437,0.001877546,-0.004041009,1.809
2024_02_10_00_31_23_145,0.6,0.5235988,285952.0,391082.0,0.1485282,2.526014,0.1361319,0.003860518,0.009605027,3.062089,1.53,-0.01158897,0.004680524,1.210656,0.009298325,-0.001460314,0.007420778,1.809
2024_02_10_00_31_23_183,0.6,0.5235988,286079.0,391256.0,0.09048299,2.52928,0.136132,0.003859986,0.00960524,3.108096,1.53,-0.01162491,0.004605357,1.210491,-0.01752377,0.007778406,0.0532614,1.809
2024_02_10_00_31_23_221,0.6,0.5235988,286203.0,391425.0,0.03387994,2.529893,0.1361318,0.003859986,0.009604967,3.152891,1.53,-0.01167624,0.004692735,1.210575,0.03051758,-0.01615286,-0.04966929,1.809
2024_02_10_00_31_23_258,0.6,0.5235988,286330.0,391599.0,-0.024221,2.527883,0.1361317,0.003859986,0.009605059,3.198899,1.53,-0.01158828,0.004752276,1.21066,-0.00667572,0.01257658,0.04963111,1.809
2024_02_10_00_31_23_295,0.6,0.5235988,286453.0,391768.0,-0.0806472,2.523361,0.1361318,0.003860518,0.009605053,3.243695,1.53,-0.01161123,0.004743616,1.21069,-0.01907349,0.009775162,0.03801938,1.809
2024_02_10_00_31_23_333,0.6,0.5235988,286580.0,391941.0,-0.1383283,2.51609,0.1361319,0.003860518,0.009605343,3.289703,1.53,-0.01172482,0.004656565,1.210621,0.03373623,-0.01880527,-0.09535718,1.809
2024_02_10_00_31_23_366,0.6,0.5235988,286690.0,392092.0,-0.1881026,2.507631,0.1361319,0.003859986,0.00960508,3.329656,1.53,-0.01162063,0.00469271,1.210599,0.02253055,-0.005900859,-0.01531839,1.809
2024_02_10_00_31_23_404,0.6,0.5235988,286814.0,392261.0,-0.2434567,2.49579,0.1361319,0.003860518,0.009605411,3.374453,1.53,-0.01160293,0.00467182,1.21071,-0.03385544,0.007539987,0.04576705,1.809
2024_02_10_00_31_23_441,0.6,0.5235988,286941.0,392435.0,-0.299697,2.481063,0.1361319,0.003859986,0.009605126,3.420459,1.53,-0.0116885,0.004729789,1.210576,0.006437301,-0.01111627,-0.07279031,1.809
2024_02_10_00_31_23_484,0.6,0.5235988,287081.0,392627.0,-0.360995,2.461797,0.1361319,0.003860518,0.009605218,3.471309,1.53,-0.0116232,0.004744841,1.210674,-0.02980232,0.003963709,-0.01561921,1.809
2024_02_10_00_31_23_516,0.6,0.5235988,287191.0,392778.0,-0.408423,2.444487,0.1361319,0.003860518,0.009605296,3.511264,1.53,-0.01167147,0.004719604,1.210747,-0.01335144,-0.007420778,-0.04973169,1.809
2024_02_10_00_31_23_553,0.6,0.5235988,287315.0,392947.0,-0.4607292,2.422845,0.1361318,0.003859986,0.009605183,3.556061,1.53,-0.01159535,0.004712841,1.210653,-0.006318092,0.001490116,-5.681067e-05,1.809
2024_02_10_00_31_23_591,0.6,0.5235988,287442.0,393121.0,-0.5133846,2.398202,0.1361319,0.003860518,0.009605375,3.602068,1.53,-0.01164811,0.004643198,1.210674,0.02586841,-0.004589558,0.004144385,1.809
2024_02_10_00_31_23_628,0.6,0.5235988,287565.0,393290.0,-0.5635115,2.371906,0.1361319,0.003860518,0.009605377,3.646864,1.53,-0.01163316,0.0046807,1.210829,0.00834465,-0.002205372,-0.01896918,1.809
2024_02_10_00_31_23_667,0.6,0.5235988,287692.0,393463.0,-0.6137158,2.34259,0.1361318,0.003859986,0.009605331,3.69287,1.53,-0.01161704,0.004675725,1.210689,0.005245208,-0.003039837,-0.01142081,1.809
2024_02_10_00_31_23_699,0.6,0.5235988,287802.0,393614.0,-0.6561811,2.315281,0.1361319,0.003860518,0.009605289,3.732823,1.53,-0.01166567,0.00470934,1.210565,0.003576278,-0.001251697,0.007747672,1.809
2024_02_10_00_31_23_736,0.6,0.5235988,287929.0,393788.0,-0.7036821,2.281765,0.1361319,0.003859986,0.009605322,3.778829,1.53,-0.01167555,0.00457414,1.210555,0.04923343,-0.01454353,-0.01902319,1.809
2024_02_10_00_31_23_774,0.6,0.5235988,288053.0,393957.0,-0.7484052,2.247066,0.136132,0.003860518,0.009605407,3.823625,1.53,-0.01150998,0.004666025,1.210719,0.0009536743,0.002622604,-0.01542177,1.809
2024_02_10_00_31_23_808,0.6,0.5235988,288167.0,394112.0,-0.7880945,2.213441,0.1361319,0.003859986,0.009605248,3.864791,1.53,-0.01165122,0.004650236,1.210689,0.015378,-0.01251697,-0.0382755,1.809
2024_02_10_00_31_23_845,0.6,0.5235988,288290.0,394281.0,-0.8296725,2.175031,0.1361318,0.003860518,0.009605311,3.90959,1.53,-0.01159312,0.004685724,1.210738,0.03898144,-0.007390975,-0.01874566,1.809
2024_02_10_00_31_23_883,0.6,0.5235988,288414.0,394451.0,-0.8694898,2.134798,0.1361319,0.003859986,0.009605313,3.954389,1.53,-0.0116209,0.004686942,1.210667,0.007987022,-0.01180172,-0.07259846,1.809
2024_02_10_00_31_23_916,0.6,0.5235988,288527.0,394606.0,-0.904454,2.096287,0.1361319,0.003860518,0.009605258,3.995552,1.53,-0.01161954,0.004693128,1.210578,0.03218651,-0.001728535,0.008017756,1.809
2024_02_10_00_31_23_949,0.6,0.5235988,288637.0,394757.0,-0.9368474,2.057563,0.136132,0.003860518,0.009605286,4.035504,1.53,-0.01160533,0.004732175,1.210687,-0.002264977,-0.0001192093,-0.03445987,1.809
2024_02_10_00_31_23_987,0.6,0.5235988,288764.0,394930.0,-0.9721993,2.011411,0.1361319,0.003860518,0.009605246,4.081513,1.53,-0.01160871,0.004718754,1.210511,-0.0398159,0.01847744,0.09549688,1.809
2024_02_10_00_31_24_024,0.6,0.5235988,288888.0,395100.0,-1.004547,1.964959,0.1361319,0.003860518,0.009605304,4.126308,1.53,-0.01173828,0.00463661,1.210633,0.06151199,-0.02253055,-0.09533948,1.809
2024_02_10_00_31_24_062,0.6,0.5235988,289015.0,395273.0,-1.035569,1.915792,0.1361318,0.003860518,0.009605383,4.172316,1.53,-0.01166227,0.004705443,1.210785,-0.01657009,0.005811452,0.02683792,1.809
2024_02_10_00_31_24_095,0.6,0.5235988,289125.0,395424.0,-1.06065,1.871976,0.1361319,0.003860518,0.009605241,4.212267,1.53,-0.01165252,0.004682566,1.210461,-0.00166893,0.0002384186,0.007573515,1.809
2024_02_10_00_31_24_132,0.6,0.5235988,289249.0,395593.0,-1.086663,1.821703,0.1361319,0.003859986,0.009605157,4.257063,1.53,-0.0117292,0.004666212,1.210538,-0.0003576278,-0.002115965,0.01142081,1.809
2024_02_10_00_31_24_169,0.6,0.5235988,289376.0,395767.0,-1.111007,1.768914,0.136132,0.003859986,0.009605516,4.303069,1.53,-0.0116205,0.004662143,1.210621,-0.001311302,0.007987022,0.03461912,1.809
2024_02_10_00_31_24_207,0.6,0.5235988,289499.0,395936.0,-1.132354,1.71649,0.1361319,0.003860518,0.009605275,4.34786,1.53,-0.01164443,0.00465165,1.210601,0.01871586,-0.006794929,-0.0229245,1.809
2024_02_10_00_31_24_245,0.6,0.5235988,289626.0,396110.0,-1.15181,1.661711,0.1361319,0.003860518,0.009605486,4.393865,1.53,-0.01160539,0.004677204,1.21068,-0.02527237,0.0103116,0.03435742,1.809
2024_02_10_00_31_24_283,0.6,0.5235988,289750.0,396279.0,-1.168315,1.607567,0.1361319,0.003860518,0.009605492,4.438655,1.53,-0.01159126,0.004706564,1.210731,-0.04589557,0.02497434,0.08008908,1.809
2024_02_10_00_31_24_320,0.6,0.5235988,289877.0,396452.0,-1.182728,1.551248,0.1361319,0.003859986,0.009605442,4.484658,1.53,-0.01168263,0.004624618,1.210604,0.01525879,-0.008702278,-0.0495743,1.809
2024_02_10_00_31_24_353,0.6,0.5235988,289987.0,396603.0,-1.193132,1.501847,0.1361319,0.003859986,0.009605307,4.52461,1.53,-0.01168902,0.004675157,1.210503,-0.01084804,-0.001907349,-0.01524296,1.809
2024_02_10_00_31_24_390,0.6,0.5235988,290114.0,396777.0,-1.202655,1.444501,0.1361319,0.003859986,0.009605363,4.570611,1.53,-0.01163983,0.004644146,1.210556,0.01764297,-0.001460314,-0.007568858,1.809
2024_02_10_00_31_24_428,0.6,0.5235988,290237.0,396946.0,-1.209385,1.3883,0.1361318,0.003859986,0.009605279,4.615405,1.53,-0.0116526,0.004680806,1.210536,-0.02193451,0.003844499,0.01534074,1.809
2024_02_10_00_31_24_462,0.6,0.5235988,290351.0,397101.0,-1.213344,1.336437,0.1361319,0.003859986,0.009605348,4.656569,1.53,-0.01163758,0.004659732,1.210614,0.005483627,-0.008106232,-0.03049988,1.809
2024_02_10_00_31_24_499,0.6,0.5235988,290474.0,397270.0,-1.215223,1.279866,0.1361319,0.003859986,0.009605398,4.701361,1.53,-0.01167163,0.004703195,1.210605,-0.01716614,0.005453825,0.003849156,1.809
2024_02_10_00_31_24_532,0.6,0.5235988,290585.0,397421.0,-1.214761,1.229386,0.1361319,0.003859986,0.009605298,4.741311,1.53,-0.01164228,0.004697278,1.210523,0.007390975,-0.005841255,-0.04582852,1.809
2024_02_10_00_31_24_569,0.6,0.5235988,290711.0,397595.0,-1.211732,1.171334,0.1361318,0.003859986,0.009605207,4.787316,1.53,-0.01166231,0.004701569,1.210511,0.00166893,0.003814697,9.220093e-05,1.809
2024_02_10_00_31_24_603,0.6,0.5235988,290822.0,397746.0,-1.206939,1.121079,0.1361319,0.003859986,0.009605314,4.827272,1.53,-0.01165096,0.004708925,1.210476,-0.005602836,-0.0008642673,-0.03826246,1.809
2024_02_10_00_31_24_641,0.6,0.5235988,290949.0,397919.0,-1.198937,1.063501,0.1361319,0.003859986,0.009605415,4.873278,1.53,-0.01158363,0.004638596,1.210554,0.01811981,-0.01168251,-0.06858073,1.809
2024_02_10_00_31_24_678,0.6,0.5235988,291072.0,398089.0,-1.18861,1.00785,0.1361318,0.003859986,0.009605356,4.918071,1.53,-0.01166258,0.00466131,1.210461,-0.02145767,0.004053116,0.01905393,1.809
2024_02_10_00_31_24_715,0.6,0.5235988,291199.0,398262.0,-1.175421,0.9512358,0.1361318,0.003859986,0.009605318,4.964075,1.53,-0.01160475,0.004679868,1.210686,0.004649162,0.003814697,0.01145154,1.809
2024_02_10_00_31_24_749,0.6,0.5235988,291309.0,398413.0,-1.161866,0.9026073,0.136132,0.003859986,0.009605489,5.004028,1.53,-0.01153067,0.004651808,1.210704,0.0244379,0.0008940696,0.007824041,1.809
2024_02_10_00_31_24_787,0.6,0.5235988,291436.0,398587.0,-1.143866,0.8473351,0.1361319,0.003859986,0.009605103,5.050035,1.53,-0.01156745,0.004690335,1.210499,-0.02408027,0.007569789,0.02266001,1.809
2024_02_10_00_31_24_824,0.6,0.5235988,291560.0,398756.0,-1.123914,0.7943684,0.1361319,0.003859986,0.009605321,5.094828,1.53,-0.01157582,0.004719522,1.210602,-0.01001358,0.01263618,0.0574775,1.809
2024_02_10_00_31_24_857,0.6,0.5235988,291670.0,398907.0,-1.104134,0.7479235,0.1361319,0.003859986,0.009605263,5.134779,1.53,-0.01165302,0.00468489,1.210528,0.02133846,-0.01585484,-0.08392706,1.809
2024_02_10_00_31_24_895,0.6,0.5235988,291797.0,399080.0,-1.07908,0.6954716,0.1361319,0.003859986,0.009605455,5.180785,1.53,-0.0116224,0.004653145,1.210658,-0.02503395,-0.005900859,-0.02683978,1.809
2024_02_10_00_31_24_933,0.6,0.5235988,291921.0,399249.0,-1.052393,0.6455588,0.1361319,0.003859986,0.009605125,5.225578,1.53,-0.01164331,0.004637434,1.210535,0.02491474,-0.00500679,-1.862645e-05,1.809
2024_02_10_00_31_24_969,0.6,0.5235988,292047.0,399423.0,-1.022687,0.5955942,0.1361319,0.003859986,0.009605247,5.271579,1.53,-0.0116266,0.004678675,1.210558,-0.02622604,0.006198883,0.03808364,1.809
2024_02_10_00_31_25_007,0.6,0.5235988,292171.0,399592.0,-0.9915847,0.5483074,0.1361318,0.003859986,0.009605,5.316372,1.53,-0.01163722,0.004703693,1.210457,0.01215935,0.006914138,0.04595983,1.809
2024_02_10_00_31_25_045,0.6,0.5235988,292298.0,399766.0,-0.9574704,0.5012417,0.1361319,0.003859986,0.009605183,5.362375,1.53,-0.01160157,0.004709638,1.210534,0.007390975,-0.00411272,-0.01122244,1.809
2024_02_10_00_31_25_078,0.6,0.5235988,292408.0,399917.0,-0.9261161,0.4616791,0.1361318,0.003859986,0.009605327,5.402326,1.53,-0.0116112,0.004697451,1.210581,0.003457069,-0.01317263,-0.08777528,1.809
2024_02_10_00_31_25_115,0.6,0.5235988,292535.0,400090.0,-0.8880877,0.4177178,0.1361319,0.003859986,0.009605373,5.448327,1.53,-0.01165929,0.004696715,1.210528,0.002622604,-0.003039837,-0.02664421,1.809
2024_02_10_00_31_25_149,0.6,0.5235988,292645.0,400241.0,-0.8534524,0.380994,0.1361319,0.003859986,0.009605562,5.488274,1.53,-0.01157252,0.004682401,1.210625,0.004768372,0.008523464,0.01927931,1.809
2024_02_10_00_31_25_187,0.6,0.5235988,292772.0,400415.0,-0.8117906,0.3404596,0.1361319,0.003859986,0.009605191,5.534276,1.53,-0.01164127,0.004679041,1.210544,0.01144409,-0.00834465,-0.03043376,1.809
2024_02_10_00_31_25_224,0.6,0.5235988,292896.0,400584.0,-0.7694752,0.3028734,0.1361319,0.003859986,0.009605154,5.579066,1.53,-0.01162889,0.004695288,1.210503,-0.02229214,0.002086163,0.007631257,1.809
2024_02_10_00_31_25_257,0.6,0.5235988,293006.0,400735.0,-0.7303478,0.2709787,0.1361318,0.003859986,0.009605151,5.619015,1.53,-0.01161353,0.004673057,1.210579,-0.00500679,0.008404255,0.03419258,1.809
2024_02_10_00_31_25_294,0.6,0.5235988,293133.0,400908.0,-0.6837567,0.2362217,0.1361319,0.003859986,0.009605252,5.665019,1.53,-0.0116109,0.004734838,1.210589,-0.02193451,0.01090765,0.03819261,1.809
2024_02_10_00_31_25_332,0.6,0.5235988,293256.0,401078.0,-0.6369027,0.204473,0.1361319,0.003859986,0.009605338,5.709812,1.53,-0.01157179,0.004714092,1.210673,0.0009536743,0.0115037,0.06151758,1.809
2024_02_10_00_31_25_370,0.6,0.5235988,293383.0,401251.0,-0.5873525,0.1740836,0.136132,0.003859986,0.00960542,5.755817,1.53,-0.01159488,0.004670796,1.210681,-0.01835823,0.01400709,0.04192255,1.809
2024_02_10_00_31_25_403,0.6,0.5235988,293494.0,401402.0,-0.5432262,0.1495659,0.1361319,0.003859986,0.009605128,5.795766,1.53,-0.01161604,0.004689591,1.210482,0.02360344,-0.005632638,-0.0266321,1.809
2024_02_10_00_31_25_440,0.6,0.5235988,293620.0,401576.0,-0.4912508,0.1235432,0.1361318,0.003859986,0.009605042,5.84177,1.53,-0.01164959,0.004654238,1.210393,0.02086162,-0.0005662441,0.03065914,1.809
2024_02_10_00_31_25_474,0.6,0.5235988,293731.0,401727.0,-0.4451836,0.1029049,0.1361318,0.003859986,0.009605142,5.881719,1.53,-0.01168837,0.004697148,1.210544,0.02670288,-0.01043081,-0.03806129,1.809
2024_02_10_00_31_25_512,0.6,0.5235988,293854.0,401896.0,-0.3925997,0.08197408,0.136132,0.003859986,0.009605275,5.92651,1.53,-0.01161032,0.004684625,1.210485,-0.03314018,0.007867813,0.01497753,1.809
2024_02_10_00_31_25_545,0.6,0.5235988,293968.0,402051.0,-0.3434964,0.06483372,0.1361319,0.003859453,0.009605142,5.96767,1.53,-0.01167006,0.004718173,1.210446,-0.01001358,-0.009924172,-0.06882474,1.809
2024_02_10_00_31_25_583,0.6,0.5235988,294091.0,402220.0,-0.2893099,0.04849456,0.1361319,0.003859986,0.009605353,6.012462,1.53,-0.01162691,0.004608823,1.210578,0.07426739,-0.01651049,-0.07991026,1.809
2024_02_10_00_31_25_619,0.6,0.5235988,294218.0,402394.0,-0.2329546,0.03425687,0.1361319,0.003859986,0.009605422,6.058464,1.53,-0.01156982,0.004670837,1.210639,0.03063679,-0.009566545,-0.06100908,1.809
2024_02_10_00_31_25_658,0.6,0.5235988,294342.0,402563.0,-0.1775092,0.02289842,0.1361318,0.003859453,0.009605267,6.103254,1.53,-0.01167868,0.004633573,1.210484,-0.010252,-0.005453825,-0.0268314,1.809
2024_02_10_00_31_25_695,0.6,0.5235988,294469.0,402737.0,-0.1200952,0.01382936,0.136132,0.003859453,0.009605201,6.149256,1.53,-0.01160906,0.004669277,1.210573,-0.001788139,0.001788139,0.01507718,1.809
2024_02_10_00_31_25_732,0.6,0.5235988,294592.0,402906.0,-0.06384835,0.007545032,0.136132,0.003859453,0.009605118,6.194048,1.53,-0.0116252,0.004656108,1.210525,-0.006437301,0.005751848,0.01483038,1.809
2024_02_10_00_31_25_769,0.6,0.5235988,294719.0,403079.0,-0.005848885,0.003719307,0.136132,0.003859986,0.009605301,6.240052,1.53,-0.0116339,0.004565666,1.2105,0.03373623,-0.006228685,-0.01517869,1.809
2024_02_10_00_31_25_808,0.6,0.5235988,294843.0,403248.0,0.05073738,0.00256135,0.1361319,0.003859453,0.009605078,0.001658617,1.53,-0.01165224,0.004720853,1.210459,-0.04935264,0.01320243,0.06464683,1.809
2024_02_10_00_31_25_844,0.6,0.5235988,294970.0,403422.0,0.1088455,0.004010846,0.1361319,0.003859986,0.009605331,0.047661,1.53,-0.01156503,0.004725412,1.210597,-0.02992153,0.01847744,0.07245783,1.809
2024_02_10_00_31_25_882,0.6,0.5235988,295093.0,403591.0,0.1653027,0.007988615,0.1361319,0.003859453,0.009605151,0.09245323,1.53,-0.01166714,0.004675722,1.21045,-0.02777576,-0.004559755,-0.03076345,1.809
2024_02_10_00_31_25_919,0.6,0.5235988,295220.0,403765.0,0.2230403,0.01470123,0.1361318,0.003859453,0.009605055,0.1384556,1.53,-0.0116696,0.004688728,1.21053,-0.01335144,-0.006735324,-0.01930818,1.809
2024_02_10_00_31_25_957,0.6,0.5235988,295344.0,403934.0,0.2789049,0.02378203,0.1361318,0.003859986,0.009604969,0.1832484,1.53,-0.0116514,0.004754098,1.210578,-0.0005960464,-0.003635883,-0.03067776,1.809
2024_02_10_00_31_25_995,0.6,0.5235988,295471.0,404108.0,0.3357965,0.03570247,0.1361318,0.003859986,0.009605258,0.229254,1.53,-0.01160804,0.004738732,1.210658,-0.01037121,-0.0002086162,-0.01118425,1.809
2024_02_10_00_31_26_032,0.6,0.5235988,295594.0,404277.0,0.3906074,0.04981168,0.1361318,0.003859986,0.009604992,0.2740467,1.53,-0.01163947,0.004634556,1.210466,0.02491474,-0.009715557,-0.02671871,1.809
2024_02_10_00_31_26_069,0.6,0.5235988,295721.0,404450.0,0.4461831,0.06684219,0.1361319,0.003859986,0.009605157,0.320048,1.53,-0.01168175,0.004649145,1.210551,0.01692772,-0.006020069,-0.003727153,1.809
2024_02_10_00_31_26_103,0.6,0.5235988,295831.0,404601.0,0.4937676,0.08369195,0.1361318,0.003859986,0.009605065,0.3599986,1.53,-0.01168967,0.0046499,1.210443,0.02133846,-0.009536743,-0.007486902,1.809
2024_02_10_00_31_26_141,0.6,0.5235988,295958.0,404775.0,0.5476766,0.1054307,0.1361318,0.003859453,0.009605125,0.4060016,1.53,-0.01164379,0.004653612,1.210522,0.01943111,-0.007331371,-0.01912005,1.809
2024_02_10_00_31_26_178,0.6,0.5235988,296082.0,404944.0,0.5991533,0.1289575,0.1361318,0.003859986,0.009605102,0.4507959,1.53,-0.01163321,0.004693105,1.210585,0.0166893,0.0001788139,0.007761642,1.809
2024_02_10_00_31_26_221,0.6,0.5235988,296222.0,405136.0,0.6562388,0.1584258,0.1361319,0.003859986,0.00960532,0.5016415,1.53,-0.01165427,0.004650461,1.210526,-0.004291534,-0.002264977,0.00765454,1.809
2024_02_10_00_31_26_258,0.6,0.5235988,296346.0,405305.0,0.705232,0.1867611,0.1361319,0.003859453,0.009605057,0.5464333,1.53,-0.01160266,0.00468345,1.210464,0.002622604,0.004351139,0.02649426,1.809
2024_02_10_00_31_26_292,0.6,0.5235988,296459.0,405460.0,0.7490925,0.2147096,0.1361319,0.003859986,0.009605407,0.5875935,1.53,-0.01169772,0.004604437,1.210562,0.0346899,-0.008225441,-0.007237307,1.809
2024_02_10_00_31_26_328,0.6,0.5235988,296583.0,405630.0,0.7954729,0.2471469,0.1361319,0.003859986,0.009605322,0.6323847,1.53,-0.01166236,0.004601995,1.210535,0.02217293,-0.006973743,-0.03424194,1.809
2024_02_10_00_31_26_366,0.6,0.5235988,296710.0,405803.0,0.8415454,0.2825885,0.1361318,0.003859453,0.009605059,0.678387,1.53,-0.01168599,0.004677656,1.210496,-0.01811981,-0.001072884,0.01134071,1.809
2024_02_10_00_31_26_403,0.6,0.5235988,296833.0,405972.0,0.8847935,0.3190971,0.1361318,0.003859453,0.009605153,0.7231814,1.53,-0.01159179,0.004684,1.210597,0.03314018,-0.01966953,-0.08772872,1.809
2024_02_10_00_31_26_440,0.6,0.5235988,296957.0,406141.0,0.926363,0.3575052,0.1361319,0.003859453,0.009605259,0.7679763,1.53,-0.01162288,0.004652929,1.210543,0.01454353,-0.006377697,-0.03045983,1.809
2024_02_10_00_31_26_477,0.6,0.5235988,297084.0,406315.0,0.9672221,0.398849,0.1361319,0.003859453,0.009605044,0.8139803,1.53,-0.01163217,0.004733006,1.2105,-0.02467632,0.001609325,-0.01553446,1.809
2024_02_10_00_31_26_511,0.6,0.5235988,297194.0,406466.0,1.00113,0.436245,0.1361318,0.003859986,0.009605185,0.8539309,1.53,-0.01161574,0.004673362,1.210461,0.02300739,0.0003576278,0.03101956,1.809
2024_02_10_00_31_26_548,0.6,0.5235988,297321.0,406640.0,1.038288,0.4809443,0.1361319,0.003859986,0.009605169,0.8999333,1.53,-0.01161805,0.004724104,1.210442,-0.04315376,0.01567602,0.0724867,1.809
2024_02_10_00_31_26_586,0.6,0.5235988,297445.0,406809.0,1.072455,0.5260649,0.1361319,0.003859986,0.00960495,0.9447234,1.53,-0.01160627,0.004689436,1.210428,-0.00667572,0.004172325,0.03801286,1.809
2024_02_10_00_31_26_623,0.6,0.5235988,297572.0,406982.0,1.105407,0.5739499,0.1361318,0.003859453,0.009605086,0.9907258,1.53,-0.0116598,0.00474347,1.210467,-0.020504,0.003635883,0.01152325,1.809
2024_02_10_00_31_26_657,0.6,0.5235988,297682.0,407133.0,1.132211,0.616726,0.1361319,0.003859986,0.009605093,1.030677,1.53,-0.01159984,0.004686087,1.210498,-0.01835823,0.002354383,0.01517497,1.809
2024_02_10_00_31_26_695,0.6,0.5235988,297809.0,407307.0,1.160931,0.6672638,0.1361318,0.003859986,0.009605085,1.076679,1.53,-0.01167612,0.004701759,1.210558,-0.0193119,-0.01493096,-0.08422881,1.809
2024_02_10_00_31_26_732,0.6,0.5235988,297932.0,407476.0,1.186633,0.7176908,0.1361318,0.003859986,0.009605032,1.121472,1.53,-0.01167038,0.004701093,1.210412,0.01001358,-0.003844499,-0.03821123,1.809
2024_02_10_00_31_26_765,0.6,0.5235988,298042.0,407627.0,1.207632,0.7635965,0.1361319,0.003859986,0.009605131,1.161423,1.53,-0.01159634,0.00466667,1.210562,-0.02360344,0.0102222,0.03029872,1.809
2024_02_10_00_31_26_802,0.6,0.5235988,298169.0,407800.0,1.229517,0.8174464,0.1361319,0.003859986,0.009605192,1.207423,1.53,-0.01163523,0.004664362,1.210572,-0.009298325,0.008910894,0.05725491,1.809
2024_02_10_00_31_26_836,0.6,0.5235988,298280.0,407951.0,1.246497,0.8649877,0.1361318,0.003859986,0.009604977,1.24737,1.53,-0.01174924,0.004674545,1.210411,-0.02646446,-0.003039837,-0.004056841,1.809
2024_02_10_00_31_26_873,0.6,0.5235988,298406.0,408125.0,1.263679,0.9205209,0.1361319,0.003859986,0.009605101,1.293371,1.53,-0.01159513,0.004672839,1.210578,-0.005483627,0.007688999,0.02262648,1.809
2024_02_10_00_31_26_912,0.6,0.5235988,298530.0,408294.0,1.277938,0.9752959,0.1361319,0.003859986,0.00960537,1.338162,1.53,-0.01158755,0.004613709,1.210628,-0.01895428,0.00461936,0.03437512,1.809
2024_02_10_00_31_26_944,0.6,0.5235988,298644.0,408449.0,1.288868,1.026147,0.1361319,0.003859986,0.009605241,1.379324,1.53,-0.01167308,0.004572812,1.210546,0.03075599,-0.00745058,0.003937632,1.809
2024_02_10_00_31_26_982,0.6,0.5235988,298767.0,408619.0,1.298372,1.081943,0.1361318,0.003859453,0.00960517,1.424115,1.53,-0.01166132,0.004656673,1.210407,-0.005483627,-0.001877546,0.007860363,1.809
2024_02_10_00_31_27_019,0.6,0.5235988,298894.0,408792.0,1.305523,1.139632,0.1361319,0.003859986,0.009604988,1.470117,1.53,-0.01162905,0.00467549,1.210483,-0.02169609,0.005424022,0.03039837,1.809
2024_02_10_00_31_27_058,0.6,0.5235988,299018.0,408961.0,1.309928,1.196061,0.1361318,0.003859986,0.009605249,1.51491,1.53,-0.01159682,0.004623778,1.210633,0.02539158,-0.000655651,0.01162663,1.809
2024_02_10_00_31_27_090,0.6,0.5235988,299128.0,409112.0,1.311723,1.246512,0.1361319,0.003859986,0.009605096,1.554859,1.53,-0.0116488,0.004627042,1.210551,0.001788139,-0.0009536743,0.01531187,1.809
2024_02_10_00_31_27_127,0.6,0.5235988,299255.0,409286.0,1.311291,1.304641,0.1361319,0.003859986,0.009604932,1.600861,1.53,-0.01164033,0.004733462,1.210546,-0.04959106,0.01314282,0.03777724,1.809
2024_02_10_00_31_27_167,0.6,0.5235988,299378.0,409455.0,1.308303,1.361165,0.1361318,0.003859986,0.009605146,1.645658,1.53,-0.01162667,0.004694952,1.210703,-0.0115633,0.006824731,0.007568858,1.809
2024_02_10_00_31_27_198,0.6,0.5235988,299492.0,409610.0,1.30333,1.412939,0.1361319,0.003859986,0.009605115,1.686823,1.53,-0.01163306,0.004645326,1.210574,0.001549721,-0.0004470348,3.72529e-06,1.809
2024_02_10_00_31_27_236,0.6,0.5235988,299616.0,409779.0,1.295501,1.468997,0.1361318,0.003859986,0.009605119,1.731619,1.53,-0.01168241,0.004662112,1.210561,0.001192093,-0.002264977,-0.01144875,1.809
2024_02_10_00_31_27_273,0.6,0.5235988,299742.0,409953.0,1.284856,1.526146,0.1361319,0.003859986,0.009605254,1.777624,1.53,-0.01165735,0.004650815,1.210659,0.0191927,-0.00166893,-0.003595836,1.809
2024_02_10_00_31_27_311,0.6,0.5235988,299866.0,410122.0,1.271976,1.581265,0.1361319,0.003859986,0.009605,1.822421,1.53,-0.0116313,0.004636606,1.210482,0.03862381,-0.007390975,-0.04211533,1.809
2024_02_10_00_31_27_348,0.6,0.5235988,299993.0,410296.0,1.256194,1.637214,0.1361319,0.003859986,0.009604993,1.868428,1.53,-0.01158343,0.004644798,1.210521,0.01657009,-0.003099441,0.02280343,1.809
