0,1,2,3,4,5,6,7,8,9,10,11,12,13,14,15,16,17,0
2024_02_10_20_14_53_532,0.6,-0.1322774,16.0,16.0,0.005996644,6.522605e-06,0.1354796,0.002095483,0.007190397,6.282939,0.41,-0.003782442,-0.0819656,-0.03384387,14.72491,-0.6766566,0.1189827,1.809
2024_02_10_20_14_53_570,0.6,-0.3141992,82.0,76.0,0.02969202,1.496484e-05,0.1348462,6.282815,0.004896554,6.277487,0.84,-0.01026716,-0.04497284,-0.2867389,9.695351,-1.677878,0.03752881,1.809
2024_02_10_20_14_53_603,0.6,-0.3141992,172.0,153.0,0.0622988,-0.0003105761,0.1345252,6.282547,0.003735018,6.265124,1.12,-0.00460591,-0.0262559,-0.4393605,7.189631,-0.7741525,0.04013977,1.809
2024_02_10_20_14_53_641,0.6,-0.3141992,302.0,263.0,0.1092691,-0.001594278,0.1343406,6.282332,0.003069541,6.246323,1.34,-0.003857763,-0.009047851,-0.5389628,4.58312,-0.5702078,0.04723668,1.809
2024_02_10_20_14_53_683,0.6,-0.3141992,467.0,402.0,0.1689648,-0.004602818,0.1343015,6.282115,0.002931268,6.222006,1.5,-0.003194397,0.002582405,-0.6130418,2.848863,-0.3733784,0.02017058,1.809
2024_02_10_20_14_53_720,0.6,-0.3141992,623.0,533.0,0.22573,-0.008864425,0.1343552,6.281935,0.003128676,6.198285,1.58,-0.002589958,0.008787243,-0.6655527,1.73974,-0.2716035,0.05863048,1.809
2024_02_10_20_14_53_758,0.6,-0.3141992,791.0,674.0,0.2864117,-0.01493549,0.1344559,6.28177,0.003496053,6.172225,1.63,-0.001621089,0.01184998,-0.7022208,1.105428,-0.1584589,-0.01790747,1.809
2024_02_10_20_14_53_795,0.6,-0.3141992,958.0,814.0,0.3468367,-0.02258109,0.1345743,6.281627,0.003926221,6.145796,1.66,-0.0008134074,0.01318183,-0.7240533,0.7044076,-0.1018941,0.04044408,1.809
2024_02_10_20_14_53_832,0.6,-0.3141992,1133.0,960.0,0.4096199,-0.03225734,0.1347021,6.281497,0.004391818,6.117987,1.68,4.34164e-05,0.01349552,-0.7380503,0.4388094,-0.05710125,0.001802109,1.809
2024_02_10_20_14_53_870,0.6,-0.3141992,1304.0,1104.0,0.4710428,-0.04346909,0.134825,6.281384,0.004839226,6.090506,1.69,0.0006704687,0.01324339,-0.7465164,0.2454519,-0.04723668,0.06925035,1.809
2024_02_10_20_14_53_908,0.6,-0.3141992,1482.0,1252.0,0.5341398,-0.05682059,0.1349452,6.281281,0.005276752,6.062025,1.7,0.001311317,0.01258157,-0.7520336,0.1536608,-0.03051758,0.01375936,1.809
2024_02_10_20_14_53_945,0.6,-0.3141992,1655.0,1397.0,0.5953979,-0.07159946,0.1350542,6.281192,0.005672999,6.034137,1.71,0.002012896,0.0118277,-0.7551209,0.08451938,-0.01731515,0.01161639,1.809
2024_02_10_20_14_53_979,0.6,-0.3141992,1810.0,1527.0,0.6497732,-0.08624985,0.1351439,6.281121,0.005999675,6.009182,1.71,0.00249559,0.01104607,-0.7570474,0.02932548,-0.01293421,0.01764204,1.809
2024_02_10_20_14_54_012,0.6,-0.3141992,1969.0,1660.0,0.7054576,-0.1027802,0.1352289,6.281054,0.006308677,5.983418,1.71,0.00291288,0.01026186,-0.7583473,0.03516674,-0.007152557,-0.007127411,1.809
2024_02_10_20_14_54_049,0.6,-0.3141992,2143.0,1806.0,0.7655908,-0.1224094,0.1353126,6.280991,0.006614207,5.955343,1.71,0.003362292,0.009504365,-0.7591686,0.04291534,-0.004589558,0.002932735,1.809
2024_02_10_20_14_54_086,0.6,-0.3141992,2322.0,1955.0,0.8267744,-0.1443296,0.1353902,6.280932,0.006896304,5.926483,1.71,0.003805437,0.008771902,-0.7596765,0.02396107,-0.001966953,0.004641712,1.809
2024_02_10_20_14_54_124,0.6,-0.3141992,2496.0,2101.0,0.8857258,-0.1673675,0.1354579,6.280881,0.007142962,5.898366,1.71,0.004170465,0.008082189,-0.7599436,-0.01132488,-0.00333786,0.01882296,1.809
2024_02_10_20_14_54_162,0.6,-0.3141992,2675.0,2251.0,0.9455751,-0.1927472,0.13552,6.280835,0.007369597,5.86948,1.71,0.004422045,0.007403186,-0.7602258,-0.0141859,-0.006794929,0.03622752,1.809
2024_02_10_20_14_54_200,0.6,-0.3141992,2849.0,2396.0,1.003119,-0.2191111,0.1355741,6.280796,0.007566606,5.841347,1.71,0.004767075,0.006804485,-0.7604038,0.02038479,0.003457069,-0.03348012,1.809
2024_02_10_20_14_54_236,0.6,-0.3141992,3028.0,2546.0,1.061418,-0.2478614,0.1356236,6.280759,0.007746899,5.812451,1.71,0.004940704,0.006383179,-0.7604236,0.0193119,-0.00500679,0.02646912,1.809
2024_02_10_20_14_54_274,0.6,-0.3141992,3202.0,2692.0,1.117358,-0.2774611,0.1356666,6.280728,0.007903934,5.784313,1.71,0.005227847,0.005921741,-0.7604671,-0.03135204,-0.005900859,-0.004657544,1.809
2024_02_10_20_14_54_312,0.6,-0.3141992,3381.0,2841.0,1.173912,-0.3094853,0.135706,6.2807,0.008047232,5.755416,1.71,0.005508292,0.005441234,-0.7604302,0.02324581,0.01180172,-0.07067341,1.809
2024_02_10_20_14_54_345,0.6,-0.3141992,3536.0,2971.0,1.222253,-0.3386097,0.1357365,6.280678,0.008158841,5.730319,1.71,0.005669438,0.005084773,-0.7603884,0.04172325,0.01209974,-0.0522444,1.809
2024_02_10_20_14_54_383,0.6,-0.3141992,3715.0,3121.0,1.276986,-0.3736342,0.1357681,6.280655,0.008274448,5.701421,1.71,0.005743626,0.004784225,-0.7604563,-0.03314018,-0.001311302,-0.01434795,1.809
2024_02_10_20_14_54_420,0.6,-0.3141992,3889.0,3267.0,1.329279,-0.4092408,0.1357955,6.280635,0.008373922,5.673283,1.71,0.005923083,0.004477262,-0.7604294,0.03838539,0.00923872,-0.03785919,1.809
2024_02_10_20_14_54_454,0.6,-0.3141992,4045.0,3397.0,1.375055,-0.4422271,0.1358174,6.28062,0.008453972,5.648186,1.71,0.006003354,0.004222366,-0.7603734,0.001549721,0.002324581,-0.007930212,1.809
2024_02_10_20_14_54_491,0.6,-0.3141992,4223.0,3546.0,1.426717,-0.4816173,0.1358399,6.280604,0.008536486,5.619289,1.71,0.006120437,0.003989104,-0.760437,0.01442432,0.003933907,-0.03479235,1.809
2024_02_10_20_14_54_524,0.6,-0.3141992,4379.0,3676.0,1.470638,-0.5170218,0.1358574,6.280592,0.008600524,5.594195,1.71,0.006204192,0.003775333,-0.7604095,0.01108646,0.0005960464,0.0104811,1.809
2024_02_10_20_14_54_558,0.6,-0.3141992,4539.0,3810.0,1.514944,-0.5546376,0.1358738,6.280581,0.008660232,5.568341,1.71,0.006283335,0.003632226,-0.7603838,-0.008821487,0.006377697,-0.05469471,1.809
2024_02_10_20_14_54_595,0.6,-0.3141992,4713.0,3956.0,1.562034,-0.5968571,0.1358896,6.280569,0.008717818,5.540205,1.71,0.006400246,0.003476545,-0.7603737,0.01823902,0.00923872,-0.07441081,1.809
2024_02_10_20_14_54_627,0.6,-0.3141992,4868.0,4086.0,1.603016,-0.6356162,0.1359023,6.28056,0.008764098,5.51511,1.71,0.006406796,0.00336458,-0.7603849,-0.01680851,-0.002980232,-0.01361035,1.809
2024_02_10_20_14_54_662,0.6,-0.3141992,5028.0,4220.0,1.644206,-0.6766109,0.1359141,6.280552,0.008807143,5.489254,1.71,0.006489089,0.003207454,-0.7604533,0.005960464,0.002741813,-0.02129562,1.809
2024_02_10_20_14_54_699,0.6,-0.3141992,5202.0,4365.0,1.687808,-0.7224156,0.1359255,6.280544,0.008849137,5.461117,1.71,0.006505912,0.003125631,-0.7603675,-0.02324581,-0.003397465,0.0204565,1.809
2024_02_10_20_14_54_733,0.6,-0.3141992,5362.0,4499.0,1.726723,-0.7655716,0.135935,6.280538,0.008883638,5.435264,1.71,0.006535119,0.003038151,-0.7603686,-0.005364418,-0.006854534,0.03960542,1.809
2024_02_10_20_14_54_770,0.6,-0.3141992,5536.0,4645.0,1.767788,-0.8136593,0.1359442,6.280531,0.008917281,5.407127,1.71,0.006622388,0.00289099,-0.7603228,-0.01764297,-0.001370907,-0.002766028,1.809
2024_02_10_20_14_54_803,0.6,-0.3141992,5691.0,4775.0,1.803256,-0.8575068,0.1359515,6.280526,0.00894449,5.382034,1.71,0.006684785,0.002767272,-0.7603679,0.02014637,0.004529953,-0.03310014,1.809
2024_02_10_20_14_54_841,0.6,-0.3141992,5870.0,4924.0,1.84272,-0.9090803,0.1359592,6.280521,0.008972111,5.353137,1.71,0.006740162,0.00269874,-0.760303,0.01859665,0.004708767,-0.04113651,1.809
2024_02_10_20_14_54_878,0.6,-0.3141992,6044.0,5070.0,1.879695,-0.9603713,0.1359657,6.280517,0.008996151,5.325007,1.71,0.006707551,0.00266732,-0.7602918,-0.01263618,-0.01037121,0.08117686,1.809
2024_02_10_20_14_54_916,0.6,-0.3141992,6223.0,5220.0,1.916153,-1.014108,0.1359716,6.280513,0.009017968,5.296115,1.71,0.006794838,0.002585146,-0.7603213,0.01573563,0.0140667,-0.09090453,1.809
2024_02_10_20_14_54_949,0.6,-0.3141992,6378.0,5349.0,1.946542,-1.061613,0.1359763,6.280509,0.009035121,5.271024,1.71,0.006768696,0.002537349,-0.7603674,-0.02193451,-0.004529953,0.0005587935,1.809
2024_02_10_20_14_54_987,0.6,-0.3141992,6557.0,5499.0,1.980045,-1.117238,0.1359812,6.280507,0.009052586,5.242131,1.71,0.006702002,0.002502969,-0.760424,-0.01013279,0.001966953,-0.00335183,1.809
2024_02_10_20_14_55_024,0.6,-0.3141992,6731.0,5645.0,2.011111,-1.172306,0.1359854,6.280504,0.009067936,5.213997,1.71,0.006814664,0.002469496,-0.7603312,-0.02264976,-0.005185604,0.04631746,1.809
2024_02_10_20_14_55_061,0.6,-0.3141992,6910.0,5794.0,2.041388,-1.229748,0.1359892,6.280501,0.009082046,5.1851,1.71,0.006820283,0.002372818,-0.7603772,0.01716614,-0.001907349,0.004542992,1.809
2024_02_10_20_14_55_095,0.6,-0.3141992,7065.0,5924.0,2.066325,-1.280324,0.1359921,6.280499,0.009092678,5.160012,1.71,0.006862052,0.002398589,-0.7602898,-0.01144409,-0.002682209,0.030783,1.809
2024_02_10_20_14_55_132,0.6,-0.3141992,7239.0,6070.0,2.092766,-1.337753,0.1359951,6.280498,0.009103774,5.131881,1.71,0.006880138,0.002255184,-0.7603627,0.0449419,0.015378,-0.08745118,1.809
2024_02_10_20_14_55_170,0.6,-0.3141992,7418.0,6219.0,2.118228,-1.397484,0.1359979,6.280496,0.00911366,5.102991,1.71,0.00690961,0.002267346,-0.7602941,0.006079673,-0.00205636,0.004065223,1.809
2024_02_10_20_14_55_203,0.6,-0.3141992,7573.0,6349.0,2.138933,-1.449934,0.136,6.280494,0.009121211,5.077899,1.71,0.006943378,0.002257901,-0.7603296,-0.001907349,0.000834465,0.01927372,1.809
2024_02_10_20_14_55_240,0.6,-0.3141992,7752.0,6499.0,2.161135,-1.510951,0.1360022,6.280493,0.009129436,5.049008,1.71,0.006967886,0.00223474,-0.7603647,-0.01144409,-0.001758337,-0.01487229,1.809
2024_02_10_20_14_55_275,0.6,-0.3141992,7907.0,6629.0,2.17898,-1.56444,0.1360038,6.280491,0.009135607,5.023915,1.71,0.006967552,0.002270675,-0.7602919,-0.009775162,0.0001192093,-0.03029406,1.809
2024_02_10_20_14_55_312,0.6,-0.3141992,8086.0,6778.0,2.197856,-1.626565,0.1360056,6.28049,0.009142046,4.995022,1.71,0.006981897,0.002173027,-0.7602351,0.04637241,0.01335144,-0.09909085,1.809
2024_02_10_20_14_55_349,0.6,-0.3141992,8260.0,6924.0,2.214504,-1.687555,0.1360072,6.280489,0.009147604,4.966891,1.71,0.006882227,0.00216113,-0.7603316,0.01943111,0.005453825,-0.03038626,1.809
2024_02_10_20_14_55_387,0.6,-0.3141992,8439.0,7074.0,2.22981,-1.750654,0.1360085,6.280488,0.009152653,4.938001,1.71,0.00696812,0.002128819,-0.7603362,0.004291534,0.002786517,-0.00370387,1.809
2024_02_10_20_14_55_419,0.6,-0.3141992,8594.0,7204.0,2.241618,-1.80579,0.1360096,6.280488,0.009156548,4.91291,1.71,0.006912949,0.002210573,-0.7603386,-0.03159046,-0.008225441,0.05760043,1.809
2024_02_10_20_14_55_457,0.6,-0.3141992,8773.0,7353.0,2.253495,-1.869624,0.1360107,6.280487,0.009160621,4.884018,1.71,0.006989882,0.002115957,-0.7602735,-0.003099441,-0.0005811453,0.01552515,1.809
2024_02_10_20_14_55_495,0.6,-0.3141992,8947.0,7499.0,2.263288,-1.932081,0.1360117,6.280487,0.009164358,4.855884,1.71,0.006923323,0.002101888,-0.7603045,0.01633167,0.005990266,-0.04187971,1.809
2024_02_10_20_14_55_532,0.6,-0.3141992,9126.0,7648.0,2.271508,-1.996487,0.1360125,6.280486,0.009167573,4.826992,1.71,0.006905544,0.002089658,-0.7604057,-0.007510185,-0.002369285,-2.793968e-05,1.809
2024_02_10_20_14_55_570,0.6,-0.3141992,9300.0,7794.0,2.277723,-2.059401,0.1360133,6.280486,0.00917,4.798859,1.71,0.00689667,0.002057757,-0.7603821,0.008940697,0.003173947,-1.117587e-05,1.809
2024_02_10_20_14_55_608,0.6,-0.3141992,9479.0,7944.0,2.282262,-2.124172,0.136014,6.280485,0.009172671,4.769964,1.71,0.006914028,0.00202249,-0.7602962,0.01180172,0.005960464,-0.03821123,1.809
2024_02_10_20_14_55_645,0.6,-0.3141992,9653.0,8089.0,2.284878,-2.18734,0.1360145,6.280485,0.009174637,4.741834,1.71,0.007000491,0.002102031,-0.7602505,0.03635883,0.007867813,-0.02662465,1.809
2024_02_10_20_14_55_682,0.6,-0.3141992,9827.0,8235.0,2.285719,-2.250556,0.136015,6.280484,0.009176574,4.713702,1.71,0.006951171,0.002151416,-0.760339,0.01621246,0.003159046,-0.03048312,1.809
2024_02_10_20_14_55_720,0.6,-0.3141992,10006.0,8384.0,2.28473,-2.315477,0.1360157,6.280484,0.009178664,4.68481,1.71,0.006974849,0.002041097,-0.7603009,0.02729893,0.002756715,-0.01147669,1.809
2024_02_10_20_14_55_758,0.6,-0.3141992,10180.0,8530.0,2.281965,-2.378638,0.136016,6.280484,0.009180172,4.656676,1.71,0.007088402,0.002099997,-0.7602827,-0.01442432,-0.001072884,-0.00783056,1.809
2024_02_10_20_14_55_795,0.6,-0.3141992,10358.0,8680.0,2.277277,-2.443396,0.1360165,6.280484,0.009181739,4.627784,1.71,0.007060334,0.002015067,-0.7602744,0.04601478,0.008791685,-0.03809668,1.809
2024_02_10_20_14_55_832,0.6,-0.3141992,10532.0,8825.0,2.270918,-2.506296,0.1360167,6.280484,0.009182595,4.599651,1.71,0.006948718,0.002111505,-0.7603042,-0.001072884,0.001728535,0.003631226,1.809
2024_02_10_20_14_55_870,0.6,-0.3141992,10711.0,8975.0,2.262549,-2.570683,0.136017,6.280483,0.009183923,4.570754,1.71,0.006948076,0.002044246,-0.7602916,0.006794929,0.008016825,-0.03440119,1.809
2024_02_10_20_14_55_907,0.6,-0.3141992,10885.0,9121.0,2.252615,-2.633117,0.1360174,6.280483,0.009184844,4.542622,1.71,0.006904707,0.002042066,-0.7602848,0.02634525,0.00846386,-0.03076065,1.809
2024_02_10_20_14_55_941,0.6,-0.3141992,11045.0,9254.0,2.241939,-2.690222,0.1360176,6.280483,0.009185827,4.51677,1.71,0.007001773,0.00213586,-0.7603219,-0.06043911,-0.01147389,0.05328189,1.809
2024_02_10_20_14_55_975,0.6,-0.3141992,11200.0,9384.0,2.230169,-2.745365,0.1360178,6.280483,0.009186511,4.491681,1.71,0.007028383,0.002062182,-0.7602926,-0.00333786,0.00411272,-0.03831461,1.809
2024_02_10_20_14_56_011,0.6,-0.3141992,11375.0,9530.0,2.215333,-2.806818,0.136018,6.280483,0.009187316,4.463549,1.71,0.006951029,0.002068787,-0.7603201,-0.01072884,-0.01096725,0.08031818,1.809
2024_02_10_20_14_56_045,0.6,-0.3141992,11534.0,9664.0,2.200182,-2.862902,0.1360181,6.280483,0.009187954,4.437699,1.71,0.006986123,0.00211066,-0.7602161,-0.009179115,-0.004410744,0.0190977,1.809
2024_02_10_20_14_56_078,0.6,-0.3141992,11690.0,9794.0,2.184095,-2.916944,0.1360183,6.280483,0.009188519,4.412608,1.71,0.00695489,0.002065024,-0.7602861,0.00655651,0.007927418,-0.06856956,1.809
2024_02_10_20_14_56_116,0.6,-0.3141992,11868.0,9943.0,2.163897,-2.978649,0.1360184,6.280483,0.009188832,4.383717,1.71,0.006970519,0.002038216,-0.7602745,0.01549721,0.004053116,-0.007648021,1.809
2024_02_10_20_14_56_149,0.6,-0.3141992,12024.0,10073.0,2.144919,-3.031744,0.1360185,6.280482,0.00918916,4.358622,1.71,0.007009789,0.002044573,-0.7602577,0.008225441,0.00846386,-0.04585832,1.809
2024_02_10_20_14_56_187,0.6,-0.3141992,12198.0,10219.0,2.122063,-3.090688,0.1360185,6.280482,0.009189604,4.330487,1.71,0.006931003,0.002069455,-0.7603251,-0.01084804,0.0003576278,5.681067e-05,1.809
2024_02_10_20_14_56_220,0.6,-0.3141992,12358.0,10353.0,2.099606,-3.144267,0.1360187,6.280482,0.009189743,4.304635,1.71,0.006969865,0.002101803,-0.7603164,-0.01883507,-0.01239777,0.06482285,1.809
2024_02_10_20_14_56_257,0.6,-0.3141992,12532.0,10498.0,2.073604,-3.201892,0.1360187,6.280482,0.009190126,4.276499,1.71,0.006897478,0.002044856,-0.7603856,-0.01525879,-0.006258487,0.04572887,1.809
2024_02_10_20_14_56_295,0.6,-0.3141992,12711.0,10648.0,2.04522,-3.26029,0.1360187,6.280482,0.009190366,4.247604,1.71,0.006923133,0.002068829,-0.7603226,0.02503395,0.004827976,-0.01889281,1.809
2024_02_10_20_14_56_333,0.6,-0.3141992,12885.0,10794.0,2.015974,-3.31634,0.1360189,6.280482,0.009190555,4.219468,1.71,0.006909032,0.002059692,-0.7603582,-0.005960464,-0.002741813,0.0306433,1.809
2024_02_10_20_14_56_369,0.6,-0.3141992,13063.0,10943.0,1.984308,-3.373024,0.136019,6.280482,0.009190747,4.190572,1.71,0.00696886,0.001996608,-0.760366,0.01060963,0.0002980232,0.02278294,1.809
2024_02_10_20_14_56_403,0.6,-0.3141992,13219.0,11073.0,1.955487,-3.421492,0.136019,6.280482,0.009190845,4.165478,1.71,0.006949535,0.002067684,-0.7604185,-0.004768372,-0.004351139,0.03800448,1.809
2024_02_10_20_14_56_441,0.6,-0.3141992,13397.0,11223.0,1.920807,-3.476386,0.136019,6.280482,0.009191044,4.136583,1.71,0.007008093,0.00207419,-0.7603894,-0.005483627,-0.0001788139,-0.007797963,1.809
2024_02_10_20_14_56_478,0.6,-0.3141992,13571.0,11368.0,1.88553,-3.528853,0.136019,6.280482,0.009191166,4.108448,1.71,0.006940073,0.00203672,-0.7604296,0.01060963,-0.009834765,0.1071235,1.809
2024_02_10_20_14_56_512,0.6,-0.3141992,13727.0,11498.0,1.85283,-3.574794,0.1360191,6.280482,0.009191567,4.083354,1.71,0.007006315,0.002029701,-0.7603734,-0.02396107,-0.002384186,0.003757886,1.809
2024_02_10_20_14_56_549,0.6,-0.3141992,13905.0,11648.0,1.813765,-3.626661,0.1360191,6.280482,0.009191497,4.054458,1.71,0.006998025,0.002059087,-0.7603874,-0.01621246,-0.0001788139,0.01909398,1.809
2024_02_10_20_14_56_586,0.6,-0.3141992,14080.0,11793.0,1.774301,-3.676057,0.1360191,6.280482,0.009191567,4.026322,1.71,0.00702571,0.002052811,-0.7603737,0.01966953,0.005543231,-0.02291705,1.809
2024_02_10_20_14_56_624,0.6,-0.3141992,14258.0,11943.0,1.732344,-3.725612,0.1360191,6.280481,0.009191705,3.997425,1.71,0.007046583,0.002013087,-0.7603523,-0.00166893,0.003814697,-0.007824041,1.809
2024_02_10_20_14_56_662,0.6,-0.3141992,14432.0,12089.0,1.69013,-3.772679,0.1360192,6.280481,0.0091917,3.969288,1.71,0.006978506,0.002098363,-0.7603948,0.02288818,0.002801418,0.0001527369,1.809
2024_02_10_20_14_56_694,0.6,-0.3141992,14592.0,12222.0,1.650184,-3.814868,0.1360193,6.280481,0.00919207,3.943433,1.71,0.00700938,0.00199667,-0.7603878,0.04279613,0.005483627,-0.007284805,1.809
2024_02_10_20_14_56_732,0.6,-0.3141992,14766.0,12368.0,1.605493,-3.859589,0.1360193,6.280481,0.009192165,3.915293,1.71,0.007052456,0.001970548,-0.760367,0.005245208,0.003218651,-0.01548231,1.809
2024_02_10_20_14_56_770,0.6,-0.3141992,14945.0,12518.0,1.558302,-3.904191,0.1360193,6.280481,0.009192389,3.886396,1.71,0.006976068,0.002045601,-0.7604573,-0.02932548,-0.008821487,0.0189729,1.809
2024_02_10_20_14_56_803,0.6,-0.3141992,15100.0,12648.0,1.516288,-3.941803,0.1360194,6.280481,0.009192127,3.861302,1.71,0.00699888,0.002044243,-0.7603273,0.001788139,0.003278255,-0.00783056,1.809
2024_02_10_20_14_56_841,0.6,-0.3141992,15279.0,12797.0,1.466759,-3.983792,0.1360193,6.280481,0.009192298,3.832404,1.71,0.00703669,0.002056814,-0.7604221,-0.01573563,-0.001370907,0.003619119,1.809
2024_02_10_20_14_56_878,0.6,-0.3141992,15453.0,12943.0,1.417387,-4.023285,0.1360194,6.280481,0.00919242,3.804267,1.71,0.006928999,0.002104494,-0.7604266,-0.02884865,-0.01579523,0.09169988,1.809
2024_02_10_20_14_56_912,0.6,-0.3141992,15609.0,13073.0,1.37243,-4.057324,0.1360193,6.280481,0.009192274,3.779172,1.71,0.006942242,0.002053819,-0.7603639,-0.002145767,-0.001013279,0.02304744,1.809
2024_02_10_20_14_56_949,0.6,-0.3141992,15787.0,13222.0,1.319624,-4.095108,0.1360193,6.280481,0.009192449,3.750274,1.71,0.007015449,0.002014125,-0.7603796,0.03755093,0.004351139,0.007720664,1.809
2024_02_10_20_14_56_986,0.6,-0.3141992,15961.0,13368.0,1.267178,-4.130418,0.1360193,6.280481,0.009192438,3.722138,1.71,0.007021253,0.0020422,-0.7603908,-0.005841255,0.006735324,-0.03834162,1.809
2024_02_10_20_14_57_020,0.6,-0.3141992,16121.0,13502.0,1.218127,-4.161552,0.1360195,6.280481,0.009192522,3.696282,1.71,0.007022746,0.002045223,-0.7603503,0.02157688,0.00667572,-0.02280995,1.809
2024_02_10_20_14_57_053,0.6,-0.3141992,16277.0,13632.0,1.169764,-4.190548,0.1360195,6.280481,0.009192538,3.671184,1.71,0.007054273,0.002037672,-0.7603078,0.01871586,0.01180172,-0.06905664,1.809
2024_02_10_20_14_57_091,0.6,-0.3141992,16455.0,13781.0,1.113193,-4.222423,0.1360194,6.280481,0.009192684,3.642287,1.71,0.007018763,0.002032042,-0.7604035,0.03731251,0.01168251,-0.07250253,1.809
2024_02_10_20_14_57_127,0.6,-0.3141992,16629.0,13927.0,1.057247,-4.251874,0.1360193,6.280481,0.009192703,3.61415,1.71,0.007003623,0.002025282,-0.7604223,0.02539158,0.007033348,-0.01121871,1.809
2024_02_10_20_14_57_161,0.6,-0.3141992,16785.0,14057.0,1.006667,-4.276804,0.1360194,6.280481,0.009192672,3.589056,1.71,0.007009925,0.002047908,-0.7603776,0.03075599,0.005364418,-0.01518242,1.809
2024_02_10_20_14_57_204,0.6,-0.3141992,16982.0,14222.0,0.9414154,-4.306686,0.1360194,6.280481,0.009192905,3.557117,1.71,0.006929,0.002043768,-0.7604935,0.001907349,-0.003397465,0.0230167,1.809
2024_02_10_20_14_57_240,0.6,-0.3141992,17161.0,14372.0,0.8815832,-4.331913,0.1360195,6.280481,0.00919298,3.52822,1.71,0.006915721,0.00203955,-0.7604791,0.00846386,-0.003993511,0.0115307,1.809
2024_02_10_20_14_57_277,0.6,-0.3141992,17335.0,14518.0,0.8226491,-4.354805,0.1360194,6.280481,0.009193059,3.500084,1.71,0.007088639,0.002007959,-0.7603776,0.02253055,0.006854534,-0.03022887,1.809
2024_02_10_20_14_57_316,0.6,-0.3141992,17514.0,14667.0,0.7614772,-4.37658,0.1360194,6.280481,0.009192811,3.471187,1.71,0.006971136,0.002045615,-0.7603613,0.02384186,0.003069639,0.004087575,1.809
2024_02_10_20_14_57_353,0.6,-0.3141992,17688.0,14813.0,0.7013342,-4.396075,0.1360195,6.280481,0.009192953,3.44305,1.71,0.007006779,0.002065255,-0.7604278,-0.007748603,0.006973743,-0.06497465,1.809
2024_02_10_20_14_57_386,0.6,-0.3141992,17843.0,14943.0,0.6472493,-4.41203,0.1360194,6.280481,0.009192936,3.417956,1.71,0.007044341,0.002103112,-0.7603945,0.01609325,0.01117587,-0.08767284,1.809
2024_02_10_20_14_57_424,0.6,-0.3141992,18022.0,15092.0,0.5844966,-4.428714,0.1360196,6.280481,0.009192888,3.38906,1.71,0.007039984,0.002014358,-0.760346,0.02789497,0.008702278,-0.03053434,1.809
2024_02_10_20_14_57_461,0.6,-0.3141992,18196.0,15238.0,0.5229567,-4.443211,0.1360194,6.280481,0.009192973,3.360924,1.71,0.007001525,0.002109598,-0.760377,-0.05948543,-0.008776784,0.01516659,1.809
2024_02_10_20_14_57_499,0.6,-0.3141992,18375.0,15388.0,0.4593554,-4.45629,0.1360194,6.280481,0.009192814,3.332027,1.71,0.007050796,0.002136002,-0.7603586,-0.005483627,0.006243586,-0.06877352,1.809
2024_02_10_20_14_57_532,0.6,-0.3141992,18530.0,15518.0,0.4038348,-4.466154,0.1360195,6.280481,0.009192877,3.306933,1.71,0.007123176,0.002106865,-0.7603674,-0.03242493,-0.005230307,0.02282671,1.809
2024_02_10_20_14_57_571,0.6,-0.3141992,18709.0,15667.0,0.3396195,-4.475783,0.1360195,6.280481,0.009192846,3.278036,1.71,0.007002545,0.00204161,-0.7604001,0.001549721,-0.003218651,0.04582945,1.809
2024_02_10_20_14_57_607,0.6,-0.3141992,18883.0,15813.0,0.2768517,-4.483373,0.1360195,6.280481,0.009193016,3.2499,1.71,0.006927903,0.002094084,-0.7604989,0.01144409,-0.003203749,0.01551956,1.809
2024_02_10_20_14_57_641,0.6,-0.3141992,19038.0,15943.0,0.2207093,-4.488649,0.1360196,6.280481,0.009192949,3.224805,1.71,0.00700417,0.001952563,-0.7603639,0.05567073,0.01855195,-0.107225,1.809
2024_02_10_20_14_57_678,0.6,-0.3141992,19217.0,16092.0,0.1559203,-4.492978,0.1360193,6.280481,0.00919276,3.195909,1.71,0.007009678,0.002115438,-0.7603609,-0.03051758,0.000655651,-0.03453065,1.809
2024_02_10_20_14_57_715,0.6,-0.3141992,19391.0,16238.0,0.09274167,-4.495391,0.1360196,6.280481,0.009193015,3.167773,1.71,0.007043608,0.002002382,-0.7603607,0.03123283,0.008031726,-0.0575073,1.809
2024_02_10_20_14_57_749,0.6,-0.3141992,19551.0,16372.0,0.03464702,-4.496043,0.1360194,6.280481,0.009192858,3.141918,1.71,0.006954719,0.002129414,-0.760334,-0.03647804,-0.006854534,0.02279226,1.809
2024_02_10_20_14_57_786,0.6,-0.3141992,19725.0,16518.0,-0.02856886,-4.495044,0.1360195,6.280481,0.009192931,3.11378,1.71,0.007065784,0.001965395,-0.760374,0.03647804,0.007927418,-0.01142546,1.809
2024_02_10_20_14_57_824,0.6,-0.3141992,19904.0,16667.0,-0.09343868,-4.492168,0.1360194,6.280481,0.009193067,3.084885,1.71,0.006956289,0.002053523,-0.7604764,-0.005960464,-0.00923872,0.07660966,1.809
2024_02_10_20_14_57_861,0.6,-0.3141992,20078.0,16813.0,-0.156496,-4.487567,0.1360196,6.280481,0.009193007,3.056748,1.71,0.006989282,0.002064263,-0.7604223,-0.01478195,-0.004991889,-0.004072674,1.809
2024_02_10_20_14_57_898,0.6,-0.3141992,20257.0,16962.0,-0.2210958,-4.480998,0.1360195,6.280481,0.009193005,3.027852,1.71,0.006969314,0.002014891,-0.7604064,0.02348423,0.002861023,0.007684342,1.809
2024_02_10_20_14_57_932,0.6,-0.3141992,20412.0,17092.0,-0.277022,-4.473782,0.1360194,6.280481,0.009193013,3.002758,1.71,0.007051994,0.002081266,-0.7604008,-0.03707409,-0.007614493,0.03818981,1.809
2024_02_10_20_14_57_970,0.6,-0.3141992,20591.0,17242.0,-0.3411734,-4.463737,0.1360195,6.280481,0.009192894,2.973861,1.71,0.006994149,0.002065637,-0.7603711,0.02455711,0.005036592,0.004197471,1.809
2024_02_10_20_14_58_007,0.6,-0.3141992,20765.0,17388.0,-0.4033323,-4.452179,0.1360195,6.280481,0.009193153,2.945726,1.71,0.007000072,0.001977221,-0.7604536,0.0244379,0.004678965,-0.02649613,1.809
2024_02_10_20_14_58_041,0.6,-0.3141992,20920.0,17517.0,-0.4584776,-4.440399,0.1360195,6.280481,0.00919284,2.920632,1.71,0.006946507,0.002119448,-0.7604378,-0.008821487,-0.007182359,0.05352404,1.809
2024_02_10_20_14_58_077,0.6,-0.3141992,21099.0,17667.0,-0.5215882,-4.425124,0.1360195,6.280481,0.009192861,2.891735,1.71,0.006992403,0.002015787,-0.7603872,0.005245208,0.003695488,-0.004098751,1.809
2024_02_10_20_14_58_116,0.6,-0.3141992,21273.0,17813.0,-0.5825891,-4.408506,0.1360195,6.280481,0.009193037,2.863599,1.71,0.006903602,0.002063833,-0.7604372,-0.01955032,-0.0115633,0.06495416,1.809
2024_02_10_20_14_58_153,0.6,-0.3141992,21452.0,17962.0,-0.6447266,-4.389659,0.1360196,6.280481,0.009192992,2.834704,1.71,0.007010777,0.002031687,-0.7603934,0.03397465,0.007092952,-0.04580896,1.809
2024_02_10_20_14_58_190,0.6,-0.3141992,21626.0,18108.0,-0.7046815,-4.369591,0.1360195,6.280481,0.009193094,2.806569,1.71,0.006939048,0.002047813,-0.7604271,-0.002980232,0.0003576278,-2.421439e-05,1.809
2024_02_10_20_14_58_230,0.6,-0.3141992,21805.0,18258.0,-0.7656426,-4.347233,0.1360196,6.280481,0.009193189,2.777672,1.71,0.006960009,0.001985659,-0.7604719,0.02002716,0.002324581,-0.01902878,1.809
2024_02_10_20_14_58_261,0.6,-0.3141992,21960.0,18387.0,-0.8180403,-4.326395,0.1360195,6.280481,0.009192966,2.752579,1.71,0.006983549,0.002020243,-0.760396,0.005960464,0.002861023,-3.72529e-06,1.809
2024_02_10_20_14_58_299,0.6,-0.3141992,22139.0,18537.0,-0.8777057,-4.30078,0.1360195,6.280481,0.009192808,2.723683,1.71,0.007029337,0.002012183,-0.7603458,0.02539158,0.01055002,-0.05342718,1.809
2024_02_10_20_14_58_337,0.6,-0.3141992,22313.0,18683.0,-0.9350688,-4.274192,0.1360195,6.280481,0.009192994,2.695547,1.71,0.006962139,0.001988993,-0.7604178,0.0462532,0.009179115,-0.06094109,1.809
2024_02_10_20_14_58_374,0.6,-0.3141992,22491.0,18832.0,-0.9931794,-4.245219,0.1360195,6.280481,0.009193039,2.66665,1.71,0.006981508,0.002026136,-0.760401,-0.003576278,-0.00500679,0.03064144,1.809
2024_02_10_20_14_58_411,0.6,-0.3141992,22665.0,18978.0,-1.048931,-4.215404,0.1360194,6.280481,0.009192825,2.638513,1.71,0.006965493,0.002079545,-0.7604088,-0.008821487,-0.001072884,0.003562309,1.809
2024_02_10_20_14_58_449,0.6,-0.3141992,22844.0,19128.0,-1.105295,-4.183164,0.1360193,6.280481,0.009192836,2.609618,1.71,0.006964718,0.002092477,-0.7605026,0.01955032,0.009298325,-0.06868783,1.809
2024_02_10_20_14_58_486,0.6,-0.3141992,23018.0,19273.0,-1.159259,-4.150221,0.1360194,6.280481,0.009192854,2.581485,1.71,0.007010787,0.002091473,-0.7604405,-0.00667572,-0.002920627,0.01925882,1.809
2024_02_10_20_14_58_524,0.6,-0.3141992,23197.0,19423.0,-1.213694,-4.114821,0.1360193,6.280481,0.009192832,2.552591,1.71,0.006988371,0.002082328,-0.7604209,-0.01335144,-0.005841255,0.05353614,1.809
2024_02_10_20_14_58_557,0.6,-0.3141992,23352.0,19553.0,-1.260119,-4.082814,0.1360194,6.280481,0.009193019,2.527499,1.71,0.006966374,0.002034175,-0.7604611,-0.001311302,-0.0008940696,-4.656613e-06,1.809
2024_02_10_20_14_58_594,0.6,-0.3141992,23526.0,19698.0,-1.311198,-4.045554,0.1360195,6.280481,0.009193063,2.499368,1.71,0.007124688,0.002031985,-0.76039,-0.003695488,-0.001430511,0.01535937,1.809
2024_02_10_20_14_58_632,0.6,-0.3141992,23705.0,19848.0,-1.362545,-4.005811,0.1360194,6.280482,0.009192824,2.470472,1.71,0.006951774,0.002085906,-0.7603542,-0.001907349,-0.005185604,0.03811624,1.809
2024_02_10_20_14_58_669,0.6,-0.3141992,23879.0,19994.0,-1.41142,-3.965702,0.1360194,6.280481,0.00919303,2.442334,1.71,0.006940516,0.002030691,-0.7605047,-0.01740456,-0.006318092,0.03056973,1.809
2024_02_10_20_14_58_707,0.6,-0.3141992,24058.0,20143.0,-1.460418,-3.923095,0.1360194,6.280481,0.00919308,2.413439,1.71,0.007013768,0.002030741,-0.7605106,0.0,-0.008642673,0.06131548,1.809
2024_02_10_20_14_58_744,0.6,-0.3141992,24232.0,20289.0,-1.506926,-3.880265,0.1360195,6.280481,0.009193009,2.385302,1.71,0.006998385,0.002096107,-0.7604633,-0.004410744,0.006377697,-0.07634982,1.809
2024_02_10_20_14_58_782,0.6,-0.3141992,24411.0,20439.0,-1.553417,-3.834934,0.1360195,6.280481,0.009192789,2.356407,1.71,0.006985809,0.002081266,-0.7603238,-0.02074241,-0.0002384186,-0.01171511,1.809
2024_02_10_20_14_58_819,0.6,-0.3141992,24585.0,20584.0,-1.597408,-3.789524,0.1360195,6.280481,0.009192899,2.32827,1.71,0.007042376,0.002052614,-0.7603971,0.02777576,0.004589558,-0.01910888,1.809
2024_02_10_20_14_58_853,0.6,-0.3141992,24745.0,20718.0,-1.636691,-3.746719,0.1360194,6.280481,0.009192885,2.302418,1.71,0.007005355,0.002134403,-0.7603407,-0.06091594,-0.01299381,0.09168125,1.809
2024_02_10_20_14_58_890,0.6,-0.3141992,24919.0,20864.0,-1.678165,-3.698999,0.1360194,6.280481,0.009192789,2.274282,1.71,0.007053515,0.00206767,-0.760389,0.005483627,0.006437301,-0.04213582,1.809
2024_02_10_20_14_58_928,0.6,-0.3141992,25098.0,21013.0,-1.719347,-3.648796,0.1360194,6.280481,0.009192778,2.245384,1.71,0.006954522,0.002068302,-0.7605059,-0.01728535,-0.004649162,0.04577916,1.809
2024_02_10_20_14_58_965,0.6,-0.3141992,25272.0,21159.0,-1.758036,-3.598792,0.1360196,6.280481,0.009192918,2.217247,1.71,0.006897685,0.002052797,-0.7604828,-0.003933907,-0.01043081,0.06116368,1.809
2024_02_10_20_14_58_999,0.6,-0.3141992,25432.0,21293.0,-1.792334,-3.551898,0.1360194,6.280481,0.009192855,2.191393,1.71,0.007025855,0.002067141,-0.7603546,0.03385544,0.003993511,0.0001825392,1.809
2024_02_10_20_14_59_036,0.6,-0.3141992,25606.0,21438.0,-1.828267,-3.499879,0.1360195,6.280481,0.009193044,2.163256,1.71,0.007033629,0.001996887,-0.7603762,0.006437301,-0.001072884,0.03452785,1.809
2024_02_10_20_14_59_069,0.6,-0.3141992,25761.0,21568.0,-1.859069,-3.452646,0.1360196,6.280481,0.009192901,2.138163,1.71,0.007027555,0.002054621,-0.760331,-0.00667572,0.003993511,-0.02306793,1.809
2024_02_10_20_14_59_107,0.6,-0.3141992,25940.0,21718.0,-1.893056,-3.397319,0.1360195,6.280481,0.009193036,2.109267,1.71,0.007020273,0.001995364,-0.7604174,0.02288818,0.005900859,-0.03806129,1.809
2024_02_10_20_14_59_140,0.6,-0.3141992,26095.0,21848.0,-1.921263,-3.348494,0.1360195,6.280481,0.009193051,2.084172,1.71,0.006967518,0.002015393,-0.7605069,0.006914138,-0.003039837,0.038228,1.809
2024_02_10_20_14_59_177,0.6,-0.3141992,26274.0,21997.0,-1.952214,-3.291413,0.1360195,6.280481,0.00919314,2.055275,1.71,0.006981705,0.00206428,-0.7604221,0.003576278,-0.002026558,-0.003817491,1.809
2024_02_10_20_14_59_216,0.6,-0.3141992,26448.0,22143.0,-1.980758,-3.235,0.1360195,6.280481,0.009192894,2.027141,1.71,0.006979412,0.002064521,-0.7603798,-0.00333786,-0.0007152557,0.03818609,1.809
2024_02_10_20_14_59_252,0.6,-0.3141992,26627.0,22293.0,-2.008407,-3.176249,0.1360195,6.280481,0.009192921,1.998245,1.71,0.00706854,0.002055497,-0.7603733,0.009059906,0.0002980232,0.01526624,1.809
2024_02_10_20_14_59_286,0.6,-0.3141992,26782.0,22423.0,-2.031032,-3.124598,0.1360195,6.280481,0.009192896,1.973151,1.71,0.007009945,0.00208806,-0.7603876,-0.0193119,-0.003606081,0.02667587,1.809
2024_02_10_20_14_59_324,0.6,-0.3141992,26961.0,22572.0,-2.05547,-3.064439,0.1360195,6.280481,0.009192973,1.944259,1.71,0.007019286,0.002021352,-0.7604336,0.007987022,0.003546476,-0.02319086,1.809
2024_02_10_20_14_59_361,0.6,-0.3141992,27135.0,22718.0,-2.077588,-3.005208,0.1360195,6.280481,0.009192924,1.916127,1.71,0.006986493,0.002034396,-0.7604092,-0.004291534,-0.005632638,0.0726888,1.809
2024_02_10_20_14_59_394,0.6,-0.3141992,27290.0,22848.0,-2.095902,-2.951876,0.1360194,6.280481,0.009193051,1.891033,1.71,0.00701303,0.002046911,-0.7603962,-0.02646446,-0.008940697,0.07262081,1.809
2024_02_10_20_14_59_432,0.6,-0.3141992,27469.0,22997.0,-2.115323,-2.889917,0.1360194,6.280481,0.009192869,1.862137,1.71,0.007037811,0.002078613,-0.7603576,-0.00667572,-0.002652406,-6.146729e-05,1.809
2024_02_10_20_14_59_465,0.6,-0.3141992,27624.0,23127.0,-2.130731,-2.835673,0.1360196,6.280481,0.009193222,1.837041,1.71,0.006882602,0.002044265,-0.76044,-0.01478195,-0.01221895,0.06511156,1.809
2024_02_10_20_14_59_503,0.6,-0.3141992,27803.0,23277.0,-2.146781,-2.772756,0.1360195,6.280481,0.009192917,1.808143,1.71,0.006996836,0.002068825,-0.7603548,-0.008106232,-0.006526708,0.04176516,1.809
2024_02_10_20_14_59_541,0.6,-0.3141992,27977.0,23423.0,-2.160655,-2.711075,0.1360195,6.280481,0.009193027,1.780007,1.71,0.007007981,0.002031288,-0.7603947,0.03099441,0.009000301,-0.07261895,1.809
2024_02_10_20_14_59_577,0.6,-0.3141992,28156.0,23572.0,-2.173094,-2.647345,0.1360194,6.280481,0.009192855,1.751109,1.71,0.006983283,0.002116429,-0.7603247,-0.007629394,-0.003769994,-0.003979541,1.809
2024_02_10_20_14_59_616,0.6,-0.3141992,28330.0,23718.0,-2.18343,-2.584974,0.1360196,6.280481,0.009193183,1.722975,1.71,0.006923403,0.002047142,-0.7604415,-0.00846386,-0.01063943,0.0687344,1.809
2024_02_10_20_14_59_652,0.6,-0.3141992,28509.0,23867.0,-2.192214,-2.52064,0.1360196,6.280481,0.009193095,1.694082,1.71,0.006917933,0.002044775,-0.7604028,-0.03504753,-0.007897615,0.05316175,1.809
2024_02_10_20_14_59_690,0.6,-0.3141992,28683.0,24013.0,-2.19898,-2.457781,0.1360196,6.280481,0.009193268,1.665947,1.71,0.00694555,0.002012369,-0.7604084,0.03969669,0.006377697,-0.03799144,1.809
2024_02_10_20_14_59_728,0.6,-0.3141992,28861.0,24163.0,-2.204083,-2.393051,0.1360195,6.280481,0.009192901,1.637049,1.71,0.006880364,0.00208239,-0.7603959,-0.01716614,-0.005215406,0.038133,1.809
2024_02_10_20_14_59_765,0.6,-0.3141992,29036.0,24308.0,-2.207252,-2.329908,0.1360195,6.280481,0.009192825,1.608916,1.71,0.007062459,0.002077217,-0.7603005,-0.003695488,-0.002890825,0.03055483,1.809
2024_02_10_20_14_59_803,0.6,-0.3141992,29214.0,24458.0,-2.208658,-2.264992,0.1360195,6.280481,0.009193087,1.58002,1.71,0.007023446,0.002044469,-0.7604598,0.0218153,0.005483627,-0.02652034,1.809
2024_02_10_20_14_59_836,0.6,-0.3141992,29370.0,24588.0,-2.208356,-2.208606,0.1360195,6.280481,0.009193177,1.554926,1.71,0.006942221,0.002006111,-0.7604792,-0.0007152557,-0.0006407499,0.0002291053,1.809
2024_02_10_20_14_59_873,0.6,-0.3141992,29544.0,24734.0,-2.206336,-2.145416,0.1360195,6.280481,0.009193092,1.526791,1.71,0.007066729,0.002035534,-0.7603754,0.0001192093,-0.0009983778,-0.01911726,1.809
2024_02_10_20_14_59_907,0.6,-0.3141992,29704.0,24867.0,-2.202911,-2.08742,0.1360195,6.280481,0.009193037,1.500938,1.71,0.00700236,0.002021826,-0.7603927,-0.008940697,-0.0008046626,-0.01162011,1.809
2024_02_10_20_14_59_944,0.6,-0.3141992,29878.0,25013.0,-2.197485,-2.024432,0.1360195,6.280481,0.009193121,1.472802,1.71,0.006983969,0.002030213,-0.7604269,0.0231266,0.005275011,-0.01497939,1.809
2024_02_10_20_14_59_978,0.6,-0.3141992,30038.0,25147.0,-2.190939,-1.966706,0.1360195,6.280481,0.0091931,1.446945,1.71,0.006979715,0.002003143,-0.7603408,0.009655952,0.006794929,-0.0266619,1.809
2024_02_10_20_15_00_016,0.6,-0.3141992,30212.0,25293.0,-2.182121,-1.904102,0.1360195,6.280481,0.009193034,1.418808,1.71,0.007071882,0.002082049,-0.7603526,-0.03564358,-0.008106232,0.03432017,1.809
2024_02_10_20_15_00_050,0.6,-0.3141992,30367.0,25422.0,-2.172772,-1.848495,0.1360196,6.280481,0.009193042,1.393713,1.71,0.007051809,0.002003212,-0.7602935,0.01239777,0.005722045,-0.02683792,1.809
2024_02_10_20_15_00_087,0.6,-0.3141992,30546.0,25572.0,-2.160281,-1.784777,0.1360194,6.280481,0.009192854,1.364817,1.71,0.006896632,0.002056391,-0.7604423,-0.02026558,-0.006973743,0.03411714,1.809
2024_02_10_20_15_00_124,0.6,-0.3141992,30720.0,25718.0,-2.146356,-1.723108,0.1360195,6.280481,0.009192924,1.336682,1.71,0.006974454,0.002053166,-0.760389,-0.02348423,0.0001788139,0.007655471,1.809
2024_02_10_20_15_00_161,0.6,-0.3141992,30899.0,25867.0,-2.130254,-1.660205,0.1360195,6.280481,0.009192845,1.307784,1.71,0.006981701,0.00207788,-0.7603819,-0.002980232,0.003397465,-0.02283417,1.809
2024_02_10_20_15_00_199,0.6,-0.3141992,31073.0,26013.0,-2.112837,-1.599429,0.1360195,6.280481,0.009192959,1.279643,1.71,0.007095603,0.002094078,-0.7603758,-0.005483627,-0.001192093,-0.003673136,1.809
2024_02_10_20_15_00_233,0.6,-0.3141992,31233.0,26147.0,-2.09533,-1.544033,0.1360195,6.280481,0.00919298,1.25379,1.71,0.006957043,0.002030663,-0.7604111,0.01335144,-0.002741813,0.04222709,1.809
2024_02_10_20_15_00_269,0.6,-0.3141992,31407.0,26292.0,-2.074657,-1.484287,0.1360195,6.280481,0.009192989,1.225654,1.71,0.006953598,0.002043988,-0.7604547,0.010252,-0.005304813,0.0307206,1.809
2024_02_10_20_15_00_306,0.6,-0.3141992,31586.0,26442.0,-2.051686,-1.423557,0.1360195,6.280481,0.009192969,1.196755,1.71,0.007044595,0.002030962,-0.7604085,0.03445148,0.0141263,-0.08770543,1.809
2024_02_10_20_15_00_340,0.6,-0.3141992,31741.0,26572.0,-2.03032,-1.371374,0.1360195,6.280481,0.009193025,1.171659,1.71,0.006966259,0.002052396,-0.7604022,-0.03063679,-0.002861023,-0.007811002,1.809
2024_02_10_20_15_00_377,0.6,-0.3141992,31920.0,26722.0,-2.004104,-1.311971,0.1360195,6.280481,0.009192894,1.142763,1.71,0.00691853,0.002085362,-0.7604517,-0.02896786,-0.0115037,0.06489735,1.809
2024_02_10_20_15_00_415,0.6,-0.3141992,32094.0,26867.0,-1.976941,-1.254882,0.1360195,6.280481,0.009193066,1.114626,1.71,0.007014589,0.002068219,-0.7604685,-0.01943111,-0.00667572,-1.024455e-05,1.809
2024_02_10_20_15_00_453,0.6,-0.3141992,32272.0,27017.0,-1.947381,-1.19707,0.1360195,6.280481,0.009193019,1.085726,1.71,0.007018446,0.002008221,-0.7604481,-0.003218651,-5.960464e-05,-0.01530163,1.809
2024_02_10_20_15_00_490,0.6,-0.3141992,32447.0,27163.0,-1.917006,-1.141623,0.1360195,6.280481,0.009192983,1.05759,1.71,0.007036119,0.002033504,-0.7604053,-0.01120567,0.001132488,0.01159683,1.809
2024_02_10_20_15_00_528,0.6,-0.3141992,32625.0,27312.0,-1.884199,-1.08559,0.1360195,6.280481,0.009193019,1.028692,1.71,0.006946294,0.00200917,-0.7604498,0.02861023,0.0,0.02700649,1.809
2024_02_10_20_15_00_565,0.6,-0.3141992,32799.0,27458.0,-1.850712,-1.031964,0.1360195,6.280481,0.009193041,1.000557,1.71,0.006953346,0.002017694,-0.7604499,-0.006794929,-0.007510185,0.03430247,1.809
2024_02_10_20_15_00_603,0.6,-0.3141992,32978.0,27607.0,-1.814765,-0.9778922,0.1360195,6.280481,0.009193041,0.9716586,1.71,0.006926665,0.002033562,-0.7604241,-0.01788139,-0.007688999,0.06890018,1.809
2024_02_10_20_15_00_636,0.6,-0.3141992,33134.0,27737.0,-1.782292,-0.9317947,0.1360195,6.280481,0.009192821,0.9465641,1.71,0.006950369,0.002048925,-0.7604203,0.00500679,-0.00166893,0.01503434,1.809
2024_02_10_20_15_00_674,0.6,-0.3141992,33308.0,27883.0,-1.744519,-0.8810972,0.1360195,6.280481,0.009192946,0.9184278,1.71,0.00699611,0.002040528,-0.7603863,0.02121925,0.006854534,-0.05362741,1.809
2024_02_10_20_15_00_711,0.6,-0.3141992,33486.0,28033.0,-1.704256,-0.830157,0.1360195,6.280481,0.00919289,0.889532,1.71,0.006962621,0.002119264,-0.7603962,-0.01358986,-0.0004172325,-0.02299528,1.809
2024_02_10_20_15_00_748,0.6,-0.3141992,33661.0,28178.0,-1.663654,-0.7816953,0.1360194,6.280481,0.009192946,0.8613968,1.71,0.007054576,0.002048775,-0.760358,0.03147125,0.009059906,-0.04573073,1.809
2024_02_10_20_15_00_786,0.6,-0.3141992,33839.0,28328.0,-1.620553,-0.7331331,0.1360195,6.280481,0.009193086,0.8325009,1.71,0.007010115,0.002100379,-0.7604002,-0.0141859,-0.002741813,-0.015283,1.809
2024_02_10_20_15_00_823,0.6,-0.3141992,34013.0,28473.0,-1.577255,-0.6870646,0.1360195,6.280481,0.009193107,0.8043647,1.71,0.00698329,0.002037273,-0.7604505,0.01358986,0.003397465,-0.02275128,1.809
2024_02_10_20_15_00_857,0.6,-0.3141992,34173.0,28607.0,-1.536339,-0.6458206,0.1360195,6.280481,0.009193057,0.7785085,1.71,0.006954499,0.002049612,-0.760403,-0.01096725,0.001490116,-0.01132116,1.809
2024_02_10_20_15_00_894,0.6,-0.3141992,34347.0,28753.0,-1.490618,-0.6021555,0.1360194,6.280481,0.009192914,0.7503718,1.71,0.006956164,0.002037072,-0.7604606,0.01716614,0.0003576278,0.007783994,1.809
2024_02_10_20_15_00_932,0.6,-0.3141992,34526.0,28903.0,-1.442402,-0.5586674,0.1360194,6.280481,0.009193077,0.7214738,1.71,0.00705003,0.002003195,-0.7603952,0.01525879,0.0103116,-0.07242337,1.809
2024_02_10_20_15_00_969,0.6,-0.3141992,34700.0,29048.0,-1.394266,-0.5176798,0.1360195,6.280481,0.009193,0.693337,1.71,0.006929747,0.00204538,-0.7605317,-0.0009536743,-0.005960464,0.02681836,1.809
2024_02_10_20_15_01_007,0.6,-0.3141992,34879.0,29198.0,-1.343648,-0.4770106,0.1360194,6.280481,0.009192698,0.6644384,1.71,0.007028755,0.002077952,-0.7603628,0.007510185,0.003397465,-0.00380259,1.809
2024_02_10_20_15_01_040,0.6,-0.3141992,35034.0,29328.0,-1.298754,-0.4428921,0.1360194,6.280481,0.009192881,0.639344,1.71,0.006929923,0.002083417,-0.7604927,-0.02324581,-0.004827976,0.01523364,1.809
2024_02_10_20_15_01_077,0.6,-0.3141992,35209.0,29473.0,-1.247417,-0.4059914,0.1360194,6.280481,0.009192885,0.6112061,1.71,0.0070044,0.002003948,-0.7604321,0.0333786,0.005364418,-1.676381e-05,1.809
2024_02_10_20_15_01_110,0.6,-0.3141992,35369.0,29607.0,-1.199345,-0.3733678,0.1360195,6.280481,0.009192943,0.585349,1.71,0.006918927,0.002072533,-0.7604412,-0.002145767,-0.007748603,0.04225317,1.809
2024_02_10_20_15_01_148,0.6,-0.3141992,35543.0,29753.0,-1.146092,-0.3392912,0.1360195,6.280481,0.009192941,0.557211,1.71,0.007016354,0.002034841,-0.7604065,0.005602836,0.0,0.007630325,1.809
2024_02_10_20_15_01_186,0.6,-0.3141992,35721.0,29903.0,-1.090426,-0.3058674,0.1360195,6.280481,0.009192917,0.528312,1.71,0.006966473,0.002070784,-0.760421,-0.01597404,-0.00333786,0.01141801,1.809
2024_02_10_20_15_01_223,0.6,-0.3141992,35896.0,30048.0,-1.035317,-0.274882,0.1360194,6.280481,0.009192878,0.5001742,1.71,0.007026721,0.00209079,-0.7604125,-0.02288818,0.0002980232,-0.01902692,1.809
2024_02_10_20_15_01_260,0.6,-0.3141992,36074.0,30198.0,-0.9778338,-0.244686,0.1360195,6.280481,0.009193027,0.4712772,1.71,0.006994008,0.002024795,-0.7604967,-0.001549721,0.002324581,-0.02304651,1.809
2024_02_10_20_15_01_299,0.6,-0.3141992,36248.0,30343.0,-0.9210466,-0.2168924,0.1360195,6.280481,0.009192715,0.4431399,1.71,0.006981034,0.002058493,-0.7603985,0.003576278,0.001966953,-0.004034489,1.809
2024_02_10_20_15_01_332,0.6,-0.3141992,36408.0,30477.0,-0.8681928,-0.1927702,0.1360193,6.280481,0.009192958,0.4172838,1.71,0.007000456,0.002012979,-0.7605581,0.04327297,0.007659196,-0.04547555,1.809
2024_02_10_20_15_01_369,0.6,-0.3141992,36583.0,30623.0,-0.8099883,-0.1680814,0.1360194,6.280481,0.009192958,0.3891459,1.71,0.006987958,0.002036655,-0.760573,0.007152557,0.007122755,-0.06109383,1.809
2024_02_10_20_15_01_402,0.6,-0.3141992,36738.0,30753.0,-0.7575078,-0.147451,0.1360194,6.280481,0.009192678,0.3640499,1.71,0.006965849,0.002094819,-0.7604078,-0.02169609,-0.006586313,0.01873448,1.809
2024_02_10_20_15_01_440,0.6,-0.3141992,36917.0,30903.0,-0.6964568,-0.1253349,0.1360193,6.280481,0.009192783,0.3351508,1.71,0.006982486,0.002067614,-0.7604613,0.01788139,0.004768372,-0.04571676,1.809
2024_02_10_20_15_01_477,0.6,-0.3141992,37091.0,31048.0,-0.6364224,-0.105504,0.1360194,6.280481,0.009192648,0.3070113,1.71,0.007021871,0.002009219,-0.7604634,-0.01060963,0.005125999,-0.007827766,1.809
2024_02_10_20_15_01_510,0.6,-0.3141992,37251.0,31182.0,-0.5807835,-0.08877731,0.1360194,6.280481,0.009192823,0.2811558,1.71,0.006947845,0.002091789,-0.7604373,0.00166893,-0.007420778,0.042147,1.809
2024_02_10_20_15_01_549,0.6,-0.3141992,37425.0,31328.0,-0.5197672,-0.0722155,0.1360195,6.280481,0.009193012,0.2530168,1.71,0.006999559,0.002056366,-0.7604275,-0.001907349,-0.004321337,0.01536962,1.809
2024_02_10_20_15_01_582,0.6,-0.3141992,37585.0,31462.0,-0.4633071,-0.05851585,0.1360195,6.280481,0.009192782,0.2271596,1.71,0.007055455,0.002018766,-0.760343,0.03874302,0.01071393,-0.0497438,1.809
2024_02_10_20_15_01_619,0.6,-0.3141992,37759.0,31607.0,-0.4014858,-0.04527162,0.1360194,6.280481,0.009192815,0.1990223,1.71,0.007023389,0.002096568,-0.7604356,0.01037121,0.006914138,-0.04979688,1.809
2024_02_10_20_15_01_657,0.6,-0.3141992,37938.0,31757.0,-0.3376316,-0.03348532,0.1360194,6.280481,0.00919301,0.1701233,1.71,0.006990761,0.002050132,-0.7605082,-0.008106232,-0.0004917383,-0.01130346,1.809
2024_02_10_20_15_01_694,0.6,-0.3141992,38112.0,31903.0,-0.2751557,-0.02378666,0.1360195,6.280481,0.009192977,0.1419848,1.71,0.006933473,0.002028676,-0.760547,0.01001358,-0.003814697,0.02309307,1.809
2024_02_10_20_15_01_731,0.6,-0.3141992,38291.0,32052.0,-0.2107329,-0.01565949,0.1360195,6.280481,0.009192671,0.1130858,1.71,0.0070146,0.002105846,-0.7603973,-0.02729893,0.004023314,-0.02705492,1.809
2024_02_10_20_15_01_770,0.6,-0.3141992,38465.0,32198.0,-0.1478051,-0.00953816,0.1360194,6.280481,0.009192808,0.08494791,1.71,0.00695029,0.002121913,-0.7605112,-0.02348423,-0.007614493,0.03027357,1.809
2024_02_10_20_15_01_807,0.6,-0.3141992,38643.0,32347.0,-0.08302416,-0.005096835,0.1360195,6.280481,0.009192721,0.05604836,1.71,0.00703906,0.002053932,-0.7603596,0.003576278,0.004708767,-0.0232663,1.809
2024_02_10_20_15_01_843,0.6,-0.3141992,38818.0,32493.0,-0.01985022,-0.002572806,0.1360195,6.280481,0.009192987,0.02790993,1.71,0.007014431,0.002002701,-0.7604874,0.02527237,0.009879469,-0.04967395,1.809
2024_02_10_20_15_01_882,0.6,-0.3141992,38996.0,32643.0,0.04507804,-0.001831605,0.1360195,6.280481,0.009193117,6.282197,1.71,0.00695594,0.002027215,-0.7604395,0.01752377,0.001892447,-0.007554888,1.809
2024_02_10_20_15_01_915,0.6,-0.3141992,39152.0,32773.0,0.1014603,-0.002710295,0.1360195,6.280481,0.009193121,6.257101,1.71,0.00697014,0.001973177,-0.7604328,0.007510185,-0.002086163,0.03435183,1.809
2024_02_10_20_15_01_952,0.6,-0.3141992,39326.0,32918.0,0.1646273,-0.005377667,0.1360195,6.280481,0.009193092,6.228964,1.71,0.006970766,0.002108828,-0.7603983,-0.006318092,-0.006914138,0.02671685,1.809
2024_02_10_20_15_01_990,0.6,-0.3141992,39505.0,33068.0,0.229396,-0.009965783,0.1360194,6.280481,0.009193009,6.200067,1.71,0.007051745,0.002064937,-0.760312,-0.01239777,-0.0009685754,0.04191417,1.809
2024_02_10_20_15_02_023,0.6,-0.3141992,39660.0,33198.0,0.2855151,-0.01546702,0.1360195,6.280481,0.009193169,6.174972,1.71,0.006964789,0.002137674,-0.7604141,-0.05984306,-0.01373887,0.06880891,1.809
2024_02_10_20_15_02_061,0.6,-0.3141992,39839.0,33347.0,0.3499418,-0.02354372,0.1360195,6.280481,0.009193302,6.146075,1.71,0.007072343,0.002082506,-0.7604567,-0.01466274,-0.003218651,0.008008443,1.809
2024_02_10_20_15_02_098,0.6,-0.3141992,40013.0,33493.0,0.4124233,-0.03319336,0.1360195,6.280481,0.009193207,6.117938,1.71,0.007024094,0.002013533,-0.7604777,0.03743172,0.008255243,-0.0379812,1.809
2024_02_10_20_15_02_135,0.6,-0.3141992,40192.0,33643.0,0.4762854,-0.0449295,0.1360196,6.280481,0.009193066,6.089041,1.71,0.006984487,0.002022419,-0.7604421,0.05257129,0.009059906,-0.05354546,1.809
2024_02_10_20_15_02_169,0.6,-0.3141992,40347.0,33773.0,0.5314493,-0.05661479,0.1360194,6.280481,0.009193073,6.063946,1.71,0.006973312,0.002066559,-0.7604578,-0.006437301,-0.01063943,0.08021853,1.809
2024_02_10_20_15_02_203,0.6,-0.3141992,40502.0,33902.0,0.5863039,-0.06968044,0.1360195,6.280481,0.009192977,6.03885,1.71,0.007047384,0.002063097,-0.7604702,-0.007390975,0.001877546,-0.02664421,1.809
2024_02_10_20_15_02_240,0.6,-0.3141992,40681.0,34052.0,0.6490394,-0.08642578,0.1360195,6.280481,0.009192916,6.009953,1.71,0.007046643,0.002046845,-0.7603713,0.02813339,0.01242757,-0.07629395,1.809
2024_02_10_20_15_02_273,0.6,-0.3141992,40836.0,34182.0,0.7031087,-0.1024333,0.1360196,6.280481,0.009192999,5.984858,1.71,0.006936952,0.002054285,-0.7604455,-0.004529953,0.0003576278,-0.03075227,1.809
2024_02_10_20_15_02_311,0.6,-0.3141992,41015.0,34332.0,0.7648498,-0.1225398,0.1360194,6.280481,0.009192702,5.955959,1.71,0.006951773,0.002078011,-0.7604276,0.02503395,0.003218651,0.01138821,1.809
2024_02_10_20_15_02_348,0.6,-0.3141992,41189.0,34477.0,0.8243834,-0.1438234,0.1360195,6.280481,0.009192904,5.927822,1.71,0.006948083,0.002037768,-0.7604523,0.007748603,-0.0005960464,0.01138076,1.809
2024_02_10_20_15_02_386,0.6,-0.3141992,41368.0,34627.0,0.8848777,-0.1674167,0.1360195,6.280481,0.009193075,5.898924,1.71,0.007008099,0.002040254,-0.7604551,0.03755093,0.006139278,-0.03802497,1.809
2024_02_10_20_15_02_423,0.6,-0.3141992,41542.0,34773.0,0.9431028,-0.1920593,0.1360196,6.280481,0.009192908,5.870786,1.71,0.006951792,0.002051433,-0.760464,0.03778934,-0.0001788139,0.01141429,1.809
2024_02_10_20_15_02_456,0.6,-0.3141992,41697.0,34902.0,0.9944301,-0.2154122,0.1360195,6.280481,0.009193014,5.845689,1.71,0.006885364,0.002079498,-0.7605799,-0.03671646,-0.01513958,0.06126891,1.809
2024_02_10_20_15_02_490,0.6,-0.3141992,41857.0,35036.0,1.046683,-0.2408122,0.1360195,6.280481,0.00919285,5.819833,1.71,0.006932762,0.002101853,-0.7604309,-0.008583069,-0.003933907,0.02269074,1.809
2024_02_10_20_15_02_527,0.6,-0.3141992,42031.0,35182.0,1.102777,-0.2699785,0.1360195,6.280481,0.009193005,5.791697,1.71,0.006932358,0.00209705,-0.7604622,-0.01108646,-0.006914138,0.04584528,1.809
2024_02_10_20_15_02_565,0.6,-0.3141992,42210.0,35332.0,1.15951,-0.3015624,0.1360195,6.280481,0.009192972,5.762797,1.71,0.007000302,0.002035647,-0.7604043,0.01692772,0.003457069,-0.03053713,1.809
2024_02_10_20_15_02_602,0.6,-0.3141992,42384.0,35477.0,1.213851,-0.3338788,0.1360195,6.280481,0.009193114,5.734662,1.71,0.007031746,0.002049478,-0.7604954,-0.007152557,-0.001013279,-0.03062654,1.809
2024_02_10_20_15_02_636,0.6,-0.3141992,42544.0,35611.0,1.262966,-0.3649124,0.1360195,6.280481,0.009192911,5.708809,1.71,0.007017104,0.00209077,-0.7603384,0.00846386,0.005185604,-0.04589092,1.809
2024_02_10_20_15_02_674,0.6,-0.3141992,42718.0,35757.0,1.315483,-0.400114,0.1360195,6.280481,0.00919301,5.680674,1.71,0.00704521,0.002078997,-0.7603834,-0.04386901,-0.006139278,0.007328577,1.809
2024_02_10_20_15_02_711,0.6,-0.3141992,42897.0,35906.0,1.368366,-0.4377902,0.1360194,6.280481,0.009192976,5.651778,1.71,0.006999353,0.002053651,-0.7604956,0.03051758,0.005364418,-0.01509301,1.809
2024_02_10_20_15_02_748,0.6,-0.3141992,43071.0,36052.0,1.418791,-0.4759283,0.1360194,6.280481,0.009193067,5.623643,1.71,0.00691719,0.002118548,-0.7604827,-0.03480911,-0.01698732,0.1108525,1.809
2024_02_10_20_15_02_787,0.6,-0.3141992,43250.0,36202.0,1.46944,-0.5165567,0.1360195,6.280481,0.00919302,5.594744,1.71,0.006979492,0.002057033,-0.7604539,-0.01490116,0.004708767,-0.03072619,1.809
2024_02_10_20_15_02_819,0.6,-0.3141992,43405.0,36332.0,1.512458,-0.5530143,0.1360196,6.280481,0.009193228,5.569649,1.71,0.007054176,0.002015868,-0.7604315,-0.004529953,-0.002264977,0.003958121,1.809
2024_02_10_20_15_02_852,0.6,-0.3141992,43561.0,36461.0,1.554546,-0.5905403,0.1360194,6.280481,0.009193026,5.544557,1.71,0.006994141,0.002075521,-0.7604806,0.005125999,0.002384186,-0.03816001,1.809
2024_02_10_20_15_02_890,0.6,-0.3141992,43739.0,36611.0,1.601828,-0.635043,0.1360195,6.280481,0.00919304,5.515657,1.71,0.006996712,0.002034788,-0.7604617,-0.008106232,0.00244379,-0.0383826,1.809
2024_02_10_20_15_02_924,0.6,-0.3141992,43895.0,36741.0,1.641831,-0.6747859,0.1360195,6.280481,0.009192972,5.490564,1.71,0.006966467,0.002043995,-0.7604153,-0.01144409,-0.007688999,0.08033495,1.809
2024_02_10_20_15_02_961,0.6,-0.3141992,44073.0,36891.0,1.686642,-0.7217757,0.1360194,6.280481,0.009192973,5.461665,1.71,0.006901653,0.002057791,-0.7604458,0.01573563,0.001609325,-0.01912192,1.809
2024_02_10_20_15_02_997,0.6,-0.3141992,44248.0,37036.0,1.728951,-0.7687547,0.1360195,6.280481,0.00919303,5.433527,1.71,0.007019054,0.00206054,-0.760403,0.000834465,0.007987022,-0.07256586,1.809
2024_02_10_20_15_03_036,0.6,-0.3141992,44426.0,37186.0,1.771011,-0.8182231,0.1360195,6.280481,0.009192831,5.40463,1.71,0.006993419,0.002086234,-0.7603451,0.002503395,0.008940697,-0.04988815,1.809
2024_02_10_20_15_03_073,0.6,-0.3141992,44600.0,37332.0,1.810572,-0.8675382,0.1360195,6.280481,0.009193048,5.376495,1.71,0.006926138,0.002087753,-0.7603698,-0.009298325,-0.01001358,0.08408818,1.809
2024_02_10_20_15_03_111,0.6,-0.3141992,44779.0,37481.0,1.849743,-0.9193239,0.1360195,6.280481,0.009193111,5.3476,1.71,0.006987481,0.002125239,-0.7604156,-0.01859665,-0.003635883,-0.003810972,1.809
2024_02_10_20_15_03_143,0.6,-0.3141992,44935.0,37611.0,1.882533,-0.9651974,0.1360195,6.280481,0.009193039,5.322504,1.71,0.006998288,0.002039322,-0.7604173,0.02479553,0.004947185,-0.01917593,1.809
2024_02_10_20_15_03_181,0.6,-0.3141992,45109.0,37757.0,1.917916,-1.017591,0.1360195,6.280481,0.009193128,5.294369,1.71,0.007025798,0.002068214,-0.7604142,-0.01955032,0.001907349,-0.03829971,1.809
2024_02_10_20_15_03_219,0.6,-0.3141992,45287.0,37906.0,1.952707,-1.072414,0.1360194,6.280481,0.00919308,5.265472,1.71,0.007020185,0.002034383,-0.7603762,0.008225441,0.001072884,0.02691708,1.809
2024_02_10_20_15_03_256,0.6,-0.3141992,45461.0,38052.0,1.985046,-1.126739,0.1360196,6.280481,0.009193085,5.237337,1.71,0.006993896,0.002048834,-0.760384,0.01740456,0.002920627,-0.01916476,1.809
2024_02_10_20_15_03_290,0.6,-0.3141992,45621.0,38186.0,2.013404,-1.177444,0.1360195,6.280481,0.009192996,5.211481,1.71,0.007034387,0.002026079,-0.7603189,0.008702278,0.002503395,0.007556751,1.809
2024_02_10_20_15_03_328,0.6,-0.3141992,45796.0,38331.0,2.042766,-1.233435,0.1360195,6.280481,0.009193032,5.183345,1.71,0.007016483,0.002067603,-0.7603636,-0.004053116,0.006139278,-0.05739927,1.809
2024_02_10_20_15_03_361,0.6,-0.3141992,45956.0,38465.0,2.068348,-1.285597,0.1360195,6.280481,0.009193085,5.157491,1.71,0.007034386,0.002044984,-0.7603636,-0.009536743,0.005602836,-0.02678763,1.809
2024_02_10_20_15_03_398,0.6,-0.3141992,46130.0,38611.0,2.094642,-1.343092,0.1360195,6.280481,0.00919327,5.129359,1.71,0.006947459,0.002050104,-0.7605079,-0.02765655,-0.01221895,0.08414685,1.809
2024_02_10_20_15_03_431,0.6,-0.3141992,46285.0,38741.0,2.116722,-1.394977,0.1360194,6.280481,0.009192904,5.104269,1.71,0.006986296,0.002060927,-0.760384,0.01311302,0.006705522,-0.0228323,1.809
2024_02_10_20_15_03_469,0.6,-0.3141992,46464.0,38890.0,2.140526,-1.455387,0.1360195,6.280481,0.009192944,5.075373,1.71,0.007004271,0.002032266,-0.7604581,0.0003576278,-0.006347894,0.06106775,1.809
2024_02_10_20_15_03_502,0.6,-0.3141992,46619.0,39020.0,2.159775,-1.508389,0.1360194,6.280481,0.009193045,5.050279,1.71,0.00696424,0.00203753,-0.7604136,0.03492832,-0.003159046,0.05762279,1.809
2024_02_10_20_15_03_540,0.6,-0.3141992,46798.0,39170.0,2.180284,-1.569995,0.1360196,6.280481,0.009193095,5.021379,1.71,0.007022925,0.002034163,-0.7603201,-0.004768372,-0.003635883,0.03064703,1.809
2024_02_10_20_15_03_577,0.6,-0.3141992,46972.0,39316.0,2.198535,-1.630525,0.1360196,6.280481,0.009193189,4.993244,1.71,0.006957262,0.002060494,-0.7604274,-0.004291534,-0.0003278255,-0.02305489,1.809
2024_02_10_20_15_03_611,0.6,-0.3141992,47127.0,39446.0,2.21337,-1.684925,0.1360196,6.280481,0.009193224,4.968149,1.71,0.006983753,0.002059394,-0.76039,-0.04374981,-0.01364946,0.08778739,1.809
2024_02_10_20_15_03_648,0.6,-0.3141992,47306.0,39595.0,2.228758,-1.748007,0.1360195,6.280481,0.009193085,4.939253,1.71,0.006934138,0.002050916,-0.760334,-0.004887581,-0.002205372,0.007276423,1.809
2024_02_10_20_15_03_685,0.6,-0.3141992,47480.0,39741.0,2.241981,-1.809829,0.1360195,6.280481,0.009193028,4.911119,1.71,0.007057327,0.002022974,-0.7603546,0.01966953,0.01172721,-0.09177252,1.809
2024_02_10_20_15_03_719,0.6,-0.3141992,47640.0,39875.0,2.252596,-1.866946,0.1360195,6.280481,0.009193093,4.885264,1.71,0.007028854,0.001958213,-0.760388,0.03445148,0.005170702,0.003919937,1.809
2024_02_10_20_15_03_756,0.6,-0.3141992,47814.0,40020.0,2.262465,-1.929394,0.1360195,6.280481,0.009193089,4.857129,1.71,0.007056891,0.002093798,-0.7603412,-0.002741813,0.001981854,-0.03062188,1.809
2024_02_10_20_15_03_794,0.6,-0.3141992,47993.0,40170.0,2.270766,-1.993791,0.1360195,6.280481,0.009192984,4.828233,1.71,0.006968082,0.002052085,-0.760366,0.01084804,0.0005364418,0.01144316,1.809
2024_02_10_20_15_03_831,0.6,-0.3141992,48167.0,40316.0,2.277059,-2.056701,0.1360195,6.280481,0.009193059,4.800099,1.71,0.007057058,0.002056584,-0.7603078,0.007629394,-0.001177192,-0.003749504,1.809
2024_02_10_20_15_03_869,0.6,-0.3141992,48346.0,40465.0,2.281678,-2.121468,0.1360195,6.280481,0.009192978,4.771202,1.71,0.00708298,0.00200714,-0.7603141,0.01585484,0.002235174,0.01551025,1.809
2024_02_10_20_15_03_906,0.6,-0.3141992,48520.0,40611.0,2.284376,-2.184634,0.1360195,6.280481,0.009192938,4.743066,1.71,0.006940664,0.002100483,-0.7603866,0.0218153,0.005036592,-0.0419747,1.809
2024_02_10_20_15_03_940,0.6,-0.3141992,48680.0,40745.0,2.285285,-2.242723,0.1360196,6.280481,0.009193284,4.717211,1.71,0.00697479,0.002018524,-0.7603904,-0.02551079,-0.008314848,0.03448315,1.809
2024_02_10_20_15_03_977,0.6,-0.3141992,48854.0,40890.0,2.28457,-2.30594,0.1360194,6.280481,0.009192941,4.689079,1.71,0.006919268,0.002135472,-0.7603747,-0.02539158,-0.005677342,0.01146831,1.809
2024_02_10_20_15_04_015,0.6,-0.3141992,49033.0,41040.0,2.281984,-2.370821,0.1360194,6.280481,0.009192836,4.660185,1.71,0.007004093,0.002061158,-0.7603074,-0.006079673,0.002741813,-0.007751397,1.809
2024_02_10_20_15_04_052,0.6,-0.3141992,49207.0,41186.0,2.277665,-2.433895,0.1360193,6.280481,0.009192975,4.63205,1.71,0.006981612,0.002094153,-0.7604349,-0.01001358,-0.002533197,0.007751397,1.809
2024_02_10_20_15_04_085,0.6,-0.3141992,49362.0,41315.0,2.272319,-2.490029,0.1360195,6.280481,0.009192885,4.606956,1.71,0.00703112,0.002033576,-0.7603139,0.008583069,0.0005066395,0.01902785,1.809
2024_02_10_20_15_04_123,0.6,-0.3141992,49541.0,41465.0,2.264421,-2.554477,0.1360196,6.280481,0.00919308,4.578062,1.71,0.006901606,0.002069673,-0.7603682,0.0003576278,0.001370907,-0.02279877,1.809
2024_02_10_20_15_04_160,0.6,-0.3141992,49715.0,41611.0,2.254945,-2.616985,0.1360194,6.280481,0.009192948,4.549925,1.71,0.006890337,0.002087289,-0.7603901,-0.02753734,-0.010252,0.06481353,1.809
2024_02_10_20_15_04_198,0.6,-0.3141992,49894.0,41760.0,2.243384,-2.680878,0.1360196,6.280481,0.009193029,4.521032,1.71,0.006999968,0.002011848,-0.7603086,0.0231266,-0.004321337,0.04583504,1.809
2024_02_10_20_15_04_231,0.6,-0.3141992,50049.0,41890.0,2.23185,-2.736074,0.1360194,6.280481,0.009192849,4.495938,1.71,0.007040018,0.002036693,-0.7603823,0.02169609,0.003874302,-0.003812834,1.809
2024_02_10_20_15_04_264,0.6,-0.3141992,50209.0,42024.0,2.218525,-2.792622,0.1360194,6.280481,0.009192775,4.470083,1.71,0.007025949,0.002034056,-0.7603545,0.01859665,0.007212162,-0.034336,1.809
2024_02_10_20_15_04_302,0.6,-0.3141992,50383.0,42170.0,2.202368,-2.853745,0.1360195,6.280481,0.009192885,4.441945,1.71,0.007053351,0.002023517,-0.7604096,0.01478195,0.01060963,-0.06498303,1.809
2024_02_10_20_15_04_339,0.6,-0.3141992,50562.0,42319.0,2.18399,-2.916022,0.1360194,6.280481,0.009192768,4.413046,1.71,0.00705822,0.002034635,-0.7603849,0.02670288,0.01037121,-0.04571396,1.809
2024_02_10_20_15_04_372,0.6,-0.3141992,50717.0,42449.0,2.166575,-2.969655,0.1360195,6.280481,0.00919273,4.38795,1.71,0.007022292,0.002082855,-0.7603288,-0.0128746,-0.003695488,0.03026146,1.809
2024_02_10_20_15_04_406,0.6,-0.3141992,50873.0,42579.0,2.147822,-3.022834,0.1360195,6.280481,0.009192819,4.362852,1.71,0.006969201,0.002092621,-0.7604717,-0.0003576278,-0.002503395,-0.003748573,1.809
2024_02_10_20_15_04_444,0.6,-0.3141992,51051.0,42729.0,2.12458,-3.083465,0.1360194,6.280481,0.009192989,4.333956,1.71,0.006964183,0.002094437,-0.7604459,-0.01180172,-0.003099441,0.004046597,1.809
2024_02_10_20_15_04_481,0.6,-0.3141992,51225.0,42874.0,2.100277,-3.14183,0.1360195,6.280481,0.009192873,4.305819,1.71,0.006937393,0.002067999,-0.7603667,0.009298325,0.001132488,-0.007691793,1.809
2024_02_10_20_15_04_515,0.6,-0.3141992,51385.0,43008.0,2.076505,-3.194841,0.1360195,6.280481,0.009193052,4.279965,1.71,0.006974283,0.001983681,-0.7604157,0.02634525,0.007271766,-0.01140963,1.809
2024_02_10_20_15_04_552,0.6,-0.3141992,51559.0,43154.0,2.049089,-3.251811,0.1360195,6.280481,0.009193129,4.251827,1.71,0.006932728,0.002061539,-0.7605202,-0.009417534,0.0005960464,-0.01111533,1.809
2024_02_10_20_15_04_585,0.6,-0.3141992,51715.0,43284.0,2.02329,-3.301953,0.1360195,6.280481,0.009193002,4.226732,1.71,0.00686947,0.002125695,-0.7604796,-0.05149841,-0.02074241,0.1068963,1.809
2024_02_10_20_15_04_623,0.6,-0.3141992,51894.0,43433.0,1.992036,-3.358868,0.1360195,6.280481,0.009193007,4.197834,1.71,0.007072978,0.001963319,-0.7603707,0.06222725,0.01877546,-0.07998104,1.809
2024_02_10_20_15_04_660,0.6,-0.3141992,52068.0,43579.0,1.960036,-3.413395,0.1360195,6.280481,0.009192897,4.169698,1.71,0.00707775,0.002030972,-0.7603611,0.05447864,0.02014637,-0.1300173,1.809
2024_02_10_20_15_04_694,0.6,-0.3141992,52228.0,43713.0,1.929289,-3.46269,0.1360195,6.280481,0.009192958,4.143843,1.71,0.006944885,0.002064945,-0.7604475,-0.004172325,-0.006079673,0.04593003,1.809
2024_02_10_20_15_04_731,0.6,-0.3141992,52402.0,43859.0,1.894392,-3.515412,0.1360196,6.280481,0.009192964,4.115705,1.71,0.006981102,0.002005252,-0.7603649,-0.007629394,-0.002920627,0.007476657,1.809
2024_02_10_20_15_04_769,0.6,-0.3141992,52581.0,44008.0,1.857023,-3.568514,0.1360195,6.280481,0.009192952,4.086811,1.71,0.007000505,0.002106026,-0.7603552,0.00333786,-0.001132488,-0.007565133,1.809
2024_02_10_20_15_04_806,0.6,-0.3141992,52755.0,44154.0,1.819179,-3.619162,0.1360195,6.280481,0.00919284,4.058673,1.71,0.007014594,0.002069144,-0.7604087,-0.02670288,0.0005364418,-0.01173466,1.809
2024_02_10_20_15_04_844,0.6,-0.3141992,52933.0,44304.0,1.778845,-3.670048,0.1360195,6.280481,0.009193202,4.029776,1.71,0.006937607,0.002053301,-0.7604259,-0.01275539,-0.008940697,0.0536777,1.809
2024_02_10_20_15_04_881,0.6,-0.3141992,53108.0,44449.0,1.738176,-3.718455,0.1360195,6.280481,0.00919306,4.001639,1.71,0.007029946,0.001970704,-0.7603999,0.02419948,0.002622604,1.862645e-05,1.809
2024_02_10_20_15_04_919,0.6,-0.3141992,53286.0,44599.0,1.695006,-3.766959,0.1360195,6.280481,0.009193042,3.972742,1.71,0.006930319,0.002028023,-0.7604294,0.0002384186,-0.004887581,0.03825966,1.809
2024_02_10_20_15_04_956,0.6,-0.3141992,53460.0,44744.0,1.651643,-3.81297,0.1360195,6.280481,0.009193066,3.944607,1.71,0.006967699,0.00206623,-0.7604555,0.007033348,0.005483627,-0.04956778,1.809
2024_02_10_20_15_04_994,0.6,-0.3141992,53639.0,44894.0,1.605781,-3.858934,0.1360195,6.280481,0.009193092,3.915708,1.71,0.006974179,0.002021356,-0.7604142,0.008225441,-0.002920627,0.04210695,1.809
2024_02_10_20_15_05_028,0.6,-0.3141992,53794.0,45024.0,1.564889,-3.897763,0.1360195,6.280481,0.009193138,3.890613,1.71,0.006960134,0.001953115,-0.7604775,0.0166893,-0.002622604,0.04973076,1.809
2024_02_10_20_15_05_064,0.6,-0.3141992,53969.0,45170.0,1.517897,-3.940063,0.1360195,6.280481,0.009193036,3.862475,1.71,0.00702263,0.002019949,-0.7604086,-0.01239777,0.002622604,-0.03824569,1.809
2024_02_10_20_15_05_098,0.6,-0.3141992,54129.0,45303.0,1.473685,-3.977752,0.1360194,6.280481,0.009193162,3.83662,1.71,0.007002995,0.002047944,-0.7604523,-0.02121925,0.002384186,-0.01900084,1.809
2024_02_10_20_15_05_135,0.6,-0.3141992,54303.0,45449.0,1.42448,-4.017452,0.1360196,6.280481,0.009192922,3.808484,1.71,0.006908853,0.002111506,-0.7604035,-0.00834465,-0.007092952,0.02282299,1.809
2024_02_10_20_15_05_169,0.6,-0.3141992,54463.0,45583.0,1.378297,-4.0527,0.1360196,6.280481,0.009193009,3.782628,1.71,0.006975807,0.002043886,-0.760381,0.01168251,-0.005185604,0.07256214,1.809
2024_02_10_20_15_05_205,0.6,-0.3141992,54637.0,45729.0,1.327022,-4.089687,0.1360195,6.280481,0.009192904,3.754492,1.71,0.006988492,0.002076781,-0.7604297,0.007867813,0.0001192093,-0.003928319,1.809
2024_02_10_20_15_05_239,0.6,-0.3141992,54792.0,45859.0,1.280427,-4.121446,0.1360196,6.280481,0.009192846,3.729396,1.71,0.007085755,0.002073621,-0.760316,0.02014637,0.005722045,-0.03835745,1.809
2024_02_10_20_15_05_272,0.6,-0.3141992,54952.0,45992.0,1.231602,-4.152936,0.1360195,6.280481,0.009192985,3.70354,1.71,0.006934294,0.002054264,-0.7604603,0.006079673,0.0001788139,-0.0112392,1.809
2024_02_10_20_15_05_312,0.6,-0.3141992,55126.0,46138.0,1.177566,-4.185758,0.1360194,6.280481,0.009192869,3.675402,1.71,0.006992864,0.002057684,-0.7604324,-0.01204014,-0.006079673,0.06515719,1.809
2024_02_10_20_15_05_347,0.6,-0.3141992,55305.0,46288.0,1.121129,-4.217867,0.1360194,6.280481,0.009192863,3.646505,1.71,0.006996736,0.002079364,-0.7604145,-0.009655952,0.003576278,-0.0227848,1.809
2024_02_10_20_15_05_385,0.6,-0.3141992,55479.0,46433.0,1.065308,-4.247554,0.1360194,6.280481,0.009193096,3.618368,1.71,0.006993035,0.002064771,-0.7604058,-0.01823902,0.001013279,-0.03043189,1.809
2024_02_10_20_15_05_423,0.6,-0.3141992,55658.0,46583.0,1.007132,-4.276396,0.1360195,6.280481,0.009193062,3.589473,1.71,0.006949005,0.002023271,-0.7604775,-0.0003576278,-0.001251697,0.003786757,1.809
2024_02_10_20_15_05_461,0.6,-0.3141992,55832.0,46729.0,0.94971,-4.302855,0.1360194,6.280481,0.009192897,3.561337,1.71,0.006983211,0.00211627,-0.7604724,-0.02098083,-0.00923872,0.06119441,1.809
2024_02_10_20_15_05_498,0.6,-0.3141992,56011.0,46878.0,0.8899847,-4.328334,0.1360195,6.280481,0.009193039,3.53244,1.71,0.006994297,0.002031548,-0.7604561,-0.01084804,0.001460314,-0.03836863,1.809
2024_02_10_20_15_05_535,0.6,-0.3141992,56185.0,47024.0,0.8311474,-4.351475,0.1360196,6.280481,0.009193009,3.504303,1.71,0.006942363,0.002008721,-0.7603675,-0.02288818,-0.00205636,-0.0003976747,1.809
2024_02_10_20_15_05_573,0.6,-0.3141992,56363.0,47173.0,0.7700677,-4.373511,0.1360195,6.280481,0.009192949,3.475406,1.71,0.006970264,0.001987912,-0.7604169,0.03516674,0.001996756,0.01915731,1.809
2024_02_10_20_15_05_606,0.6,-0.3141992,56519.0,47303.0,0.7165264,-4.391207,0.1360195,6.280481,0.009192764,3.450312,1.71,0.00703678,0.002061532,-0.7602941,-0.01013279,-0.001639128,0.01862552,1.809
2024_02_10_20_15_05_644,0.6,-0.3141992,56698.0,47453.0,0.6543459,-4.409913,0.1360195,6.280481,0.009192835,3.421415,1.71,0.007001993,0.002070169,-0.7603768,-0.007510185,0.003457069,-0.0193622,1.809
2024_02_10_20_15_05_681,0.6,-0.3141992,56872.0,47599.0,0.5933072,-4.426394,0.1360195,6.280481,0.009193001,3.393278,1.71,0.007024221,0.002033515,-0.7603813,-0.01978874,-0.004410744,0.02672989,1.809
2024_02_10_20_15_05_719,0.6,-0.3141992,57050.0,47748.0,0.530161,-4.441525,0.1360194,6.280481,0.009192782,3.364382,1.71,0.006975411,0.002088686,-0.7604106,-0.02276897,-0.009000301,0.06868038,1.809
2024_02_10_20_15_05_756,0.6,-0.3141992,57225.0,47894.0,0.4682816,-4.454499,0.1360196,6.280481,0.009193023,3.336244,1.71,0.006976865,0.00197313,-0.7603188,0.05340576,0.01089275,-0.04171952,1.809
2024_02_10_20_15_05_789,0.6,-0.3141992,57380.0,48024.0,0.4128033,-4.464598,0.1360195,6.280481,0.009192915,3.31115,1.71,0.007016873,0.002018928,-0.7603611,-0.005960464,0.003278255,0.01509581,1.809
2024_02_10_20_15_05_827,0.6,-0.3141992,57559.0,48173.0,0.3486294,-4.474498,0.1360195,6.280481,0.009193053,3.282253,1.71,0.007037453,0.002019142,-0.7603446,0.05424022,0.01254678,-0.04921388,1.809
2024_02_10_20_15_05_864,0.6,-0.3141992,57733.0,48319.0,0.2858946,-4.482351,0.1360195,6.280481,0.009192683,3.254117,1.71,0.00705029,0.002069186,-0.7602977,-0.000834465,0.008255243,-0.05411636,1.809
2024_02_10_20_15_05_901,0.6,-0.3141992,57912.0,48469.0,0.2212609,-4.488577,0.1360195,6.280481,0.009193143,3.225221,1.71,0.006997881,0.001997433,-0.7604339,0.008702278,0.00333786,-0.01506694,1.809
2024_02_10_20_15_05_935,0.6,-0.3141992,58067.0,48599.0,0.1650057,-4.492467,0.1360195,6.280481,0.00919305,3.200127,1.71,0.006954215,0.002066389,-0.7604423,0.007629394,-0.002667308,0.02330821,1.809
2024_02_10_20_15_05_972,0.6,-0.3141992,58246.0,48748.0,0.1001297,-4.495195,0.1360196,6.280481,0.009192874,3.17123,1.71,0.00704546,0.001965621,-0.7603003,0.03314018,0.008314848,-0.01931842,1.809
2024_02_10_20_15_06_010,0.6,-0.3141992,58420.0,48894.0,0.03691107,-4.49605,0.1360195,6.280481,0.009192991,3.143093,1.71,0.00698869,0.002033517,-0.7604319,0.005125999,0.004082918,-0.03818423,1.809
2024_02_10_20_15_06_047,0.6,-0.3141992,58598.0,49043.0,-0.02801463,-4.495077,0.1360194,6.280481,0.009192901,3.114197,1.71,0.006979634,0.00208169,-0.760358,0.002980232,-0.004500151,0.03059581,1.809
2024_02_10_20_15_06_086,0.6,-0.3141992,58773.0,49189.0,-0.09117958,-4.492326,0.1360195,6.280481,0.009193013,3.086059,1.71,0.007058457,0.001932058,-0.7603748,0.04935264,0.01206994,-0.01509674,1.809
2024_02_10_20_15_06_119,0.6,-0.3141992,58928.0,49319.0,-0.1474311,-4.488375,0.1360195,6.280481,0.009192956,3.060966,1.71,0.007111875,0.001981868,-0.7603114,0.03218651,0.01811981,-0.08405185,1.809
2024_02_10_20_15_06_156,0.6,-0.3141992,59107.0,49469.0,-0.2120577,-4.482079,0.1360195,6.280481,0.009192993,3.032069,1.71,0.006908811,0.002139316,-0.7604485,-0.05829334,-0.01978874,0.09154062,1.809
2024_02_10_20_15_06_193,0.6,-0.3141992,59281.0,49614.0,-0.2747832,-4.474155,0.1360194,6.280481,0.00919285,3.003933,1.71,0.007062272,0.001998787,-0.760362,0.06186962,0.02029538,-0.09914766,1.809
2024_02_10_20_15_06_227,0.6,-0.3141992,59441.0,49748.0,-0.3322067,-4.465322,0.1360194,6.280481,0.009193039,2.978078,1.71,0.006995,0.00206145,-0.7604457,-0.01752377,-0.003427267,0.01535565,1.809
2024_02_10_20_15_06_264,0.6,-0.3141992,59615.0,49894.0,-0.3944142,-4.454026,0.1360194,6.280481,0.009193003,2.949943,1.71,0.006972191,0.002156705,-0.7604136,-0.04827976,-0.00372529,-0.02286583,1.809
2024_02_10_20_15_06_302,0.6,-0.3141992,59794.0,50043.0,-0.4579456,-4.440608,0.1360194,6.280481,0.009193015,2.921046,1.71,0.00702444,0.002007454,-0.7603955,0.00834465,0.003516674,-0.007775612,1.809
2024_02_10_20_15_06_340,0.6,-0.3141992,59968.0,50189.0,-0.5194074,-4.425784,0.1360195,6.280481,0.009193138,2.89291,1.71,0.007034948,0.002046211,-0.7603779,-0.003576278,0.0009834766,-0.01902971,1.809
2024_02_10_20_15_06_377,0.6,-0.3141992,60146.0,50339.0,-0.5820706,-4.408766,0.1360195,6.280481,0.009193093,2.864014,1.71,0.006996139,0.002078819,-0.7603472,-0.01823902,0.000745058,-0.03446639,1.809
2024_02_10_20_15_06_414,0.6,-0.3141992,60321.0,50484.0,-0.6425869,-4.390464,0.1360195,6.280481,0.009192861,2.835878,1.71,0.006958202,0.002019448,-0.7603946,0.01740456,0.002294779,0.007457099,1.809
2024_02_10_20_15_06_452,0.6,-0.3141992,60499.0,50634.0,-0.7041789,-4.369905,0.1360196,6.280481,0.009193042,2.806983,1.71,0.007021011,0.00196386,-0.7603965,0.02288818,0.008046627,-0.03444217,1.809
2024_02_10_20_15_06_489,0.6,-0.3141992,60673.0,50780.0,-0.7635543,-4.348183,0.1360196,6.280481,0.009193134,2.778847,1.71,0.006878947,0.002042498,-0.7604839,-0.01907349,-0.01621246,0.08779484,1.809
2024_02_10_20_15_06_523,0.6,-0.3141992,60833.0,50913.0,-0.8175578,-4.326757,0.1360195,6.280481,0.0091929,2.752991,1.71,0.007018555,0.002013732,-0.7603602,0.02336502,0.008404255,-0.0306014,1.809
2024_02_10_20_15_06_560,0.6,-0.3141992,61008.0,51059.0,-0.8756744,-4.301863,0.1360194,6.280481,0.009192958,2.724856,1.71,0.007000705,0.002041309,-0.7603714,0.002384186,0.01084804,-0.07643737,1.809
2024_02_10_20_15_06_597,0.6,-0.3141992,61186.0,51209.0,-0.9346083,-4.274604,0.1360194,6.280481,0.009193076,2.69596,1.71,0.007028299,0.00203389,-0.7604142,-0.0009536743,0.0009536743,0.004148111,1.809
2024_02_10_20_15_06_635,0.6,-0.3141992,61360.0,51354.0,-0.9912122,-4.246438,0.1360194,6.280481,0.0091928,2.667823,1.71,0.007052123,0.002085581,-0.7604459,0.02169609,0.005960464,-0.01530722,1.809
2024_02_10_20_15_06_668,0.6,-0.3141992,61516.0,51484.0,-1.04101,-4.219982,0.1360195,6.280481,0.009193148,2.642729,1.71,0.006975429,0.00196478,-0.7605042,0.02777576,0.004827976,-0.02656691,1.809
2024_02_10_20_15_06_705,0.6,-0.3141992,61694.0,51634.0,-1.097509,-4.187978,0.1360195,6.280481,0.009192841,2.613833,1.71,0.006895905,0.002112038,-0.760445,-0.03039837,-0.009417534,0.03816374,1.809
2024_02_10_20_15_06_744,0.6,-0.3141992,61868.0,51780.0,-1.151611,-4.155262,0.1360194,6.280481,0.009192826,2.585699,1.71,0.007024078,0.002064665,-0.7603861,0.03004074,0.01198053,-0.07636286,1.809
2024_02_10_20_15_06_777,0.6,-0.3141992,62028.0,51913.0,-1.200497,-4.123868,0.1360194,6.280481,0.009193092,2.559846,1.71,0.007039683,0.00203952,-0.7604526,-0.005841255,-0.005900859,0.03463309,1.809
2024_02_10_20_15_06_814,0.6,-0.3141992,62202.0,52059.0,-1.252754,-4.08828,0.1360194,6.280481,0.009192823,2.531713,1.71,0.006962074,0.002130806,-0.760474,-0.03683567,-0.008940697,0.02670288,1.809
2024_02_10_20_15_06_848,0.6,-0.3141992,62362.0,52193.0,-1.299876,-4.054293,0.1360195,6.280481,0.009192962,2.505861,1.71,0.007055165,0.002058478,-0.7604153,-0.0282526,-0.007808208,0.04589837,1.809
2024_02_10_20_15_06_885,0.6,-0.3141992,62536.0,52339.0,-1.350136,-4.015939,0.1360195,6.280481,0.009193055,2.477727,1.71,0.006964867,0.002031054,-0.7604073,0.02622604,0.01424551,-0.1070145,1.809
2024_02_10_20_15_06_923,0.6,-0.3141992,62715.0,52488.0,-1.400611,-3.975092,0.1360195,6.280481,0.009193098,2.448829,1.71,0.006910095,0.002056783,-0.7604525,-0.004649162,-0.003218651,-0.01156237,1.809
2024_02_10_20_15_06_960,0.6,-0.3141992,62889.0,52634.0,-1.448606,-3.933934,0.1360195,6.280481,0.009193166,2.420696,1.71,0.006915254,0.002067423,-0.7605232,0.005245208,-0.00655651,0.0537578,1.809
2024_02_10_20_15_06_993,0.6,-0.3141992,63044.0,52764.0,-1.490419,-3.8961,0.1360195,6.280481,0.00919317,2.395601,1.71,0.006920319,0.00200666,-0.7604653,0.01478195,-0.001013279,-0.003587454,1.809
2024_02_10_20_15_07_030,0.6,-0.3141992,63223.0,52913.0,-1.537373,-3.85125,0.1360194,6.280482,0.009192971,2.366704,1.71,0.007055608,0.002099717,-0.7604169,-0.01347065,-0.00166893,0.007658265,1.809
2024_02_10_20_15_07_068,0.6,-0.3141992,63397.0,53059.0,-1.581827,-3.806295,0.1360195,6.280481,0.009193052,2.338567,1.71,0.006948376,0.002078471,-0.7604256,-0.02932548,-0.004827976,-6.705523e-05,1.809
2024_02_10_20_15_07_102,0.6,-0.3141992,63557.0,53193.0,-1.621548,-3.763897,0.1360195,6.280481,0.009192962,2.312715,1.71,0.007004254,0.002097518,-0.7604027,-0.01192093,0.007927418,-0.09178835,1.809
2024_02_10_20_15_07_139,0.6,-0.3141992,63731.0,53338.0,-1.663513,-3.716609,0.1360194,6.280481,0.00919304,2.284579,1.71,0.007002758,0.002047545,-0.760434,0.0218153,0.009417534,-0.0763135,1.809
2024_02_10_20_15_07_176,0.6,-0.3141992,63909.0,53488.0,-1.705209,-3.666832,0.1360196,6.280481,0.009192956,2.255684,1.71,0.006920914,0.002010243,-0.7604251,0.04267692,0.002384186,0.03452599,1.809
2024_02_10_20_15_07_210,0.6,-0.3141992,64065.0,53618.0,-1.740239,-3.622642,0.1360194,6.280481,0.009193071,2.23059,1.71,0.006992979,0.002024768,-0.7603962,0.007987022,0.006139278,-0.03446732,1.809
2024_02_10_20_15_07_248,0.6,-0.3141992,64243.0,53768.0,-1.779189,-3.570689,0.1360195,6.280481,0.009193181,2.201693,1.71,0.006991661,0.002057577,-0.7603836,-0.02431869,0.002026558,-0.03838353,1.809
2024_02_10_20_15_07_285,0.6,-0.3141992,64417.0,53913.0,-1.815656,-3.519043,0.1360194,6.280481,0.009192938,2.173557,1.71,0.007005552,0.002072018,-0.7603641,0.01788139,0.0005364418,-0.003600493,1.809
2024_02_10_20_15_07_322,0.6,-0.3141992,64591.0,54059.0,-1.850655,-3.466392,0.1360194,6.280481,0.009192782,2.145419,1.71,0.006934315,0.002051805,-0.7604118,0.008106232,0.001847744,0.01912192,1.809
2024_02_10_20_15_07_356,0.6,-0.3141992,64751.0,54193.0,-1.881498,-3.417157,0.1360195,6.280481,0.009193147,2.119564,1.71,0.006992914,0.002005994,-0.7604531,0.0166893,-0.001966953,-0.00754185,1.809
2024_02_10_20_15_07_389,0.6,-0.3141992,64906.0,54323.0,-1.910209,-3.368624,0.1360194,6.280481,0.009192903,2.094466,1.71,0.006959846,0.002071796,-0.7604771,0.01323223,0.00655651,-0.04971772,1.809
2024_02_10_20_15_07_427,0.6,-0.3141992,65085.0,54472.0,-1.941746,-3.311865,0.1360194,6.280481,0.009192851,2.065568,1.71,0.006939248,0.002089255,-0.7603903,-0.02932548,-0.009298325,0.0609802,1.809
2024_02_10_20_15_07_464,0.6,-0.3141992,65259.0,54618.0,-1.970868,-3.255748,0.1360194,6.280481,0.009192887,2.037435,1.71,0.00700096,0.002100948,-0.7603472,-0.0166893,-0.006198883,0.0382755,1.809
2024_02_10_20_15_07_502,0.6,-0.3141992,65438.0,54768.0,-1.99912,-3.197285,0.1360195,6.280481,0.009192915,2.008541,1.71,0.006945097,0.002061999,-0.7604322,0.004291534,-0.0001192093,0.01140591,1.809
2024_02_10_20_15_07_540,0.6,-0.3141992,65612.0,54913.0,-2.024994,-3.139598,0.1360194,6.280481,0.009193062,1.980408,1.71,0.006974499,0.002037191,-0.7604186,0.03504753,0.006884336,-0.03009476,1.809
2024_02_10_20_15_07_577,0.6,-0.3141992,65790.0,55063.0,-2.049869,-3.07962,0.1360194,6.280481,0.009192882,1.95151,1.71,0.006963333,0.002045041,-0.7603732,0.02872944,0.01382828,-0.06889459,1.809
2024_02_10_20_15_07_610,0.6,-0.3141992,65946.0,55193.0,-2.070055,-3.026968,0.1360194,6.280481,0.009192653,1.926419,1.71,0.007042991,0.002137517,-0.7603764,-0.000834465,0.0004768371,-0.01931097,1.809
2024_02_10_20_15_07_647,0.6,-0.3141992,66120.0,55338.0,-2.09111,-2.967353,0.1360195,6.280481,0.009192876,1.898279,1.71,0.007051709,0.002085465,-0.7603223,-0.010252,0.002026558,-0.03447477,1.809
2024_02_10_20_15_07_685,0.6,-0.3141992,66298.0,55488.0,-2.11098,-2.905535,0.1360196,6.280481,0.009193012,1.869385,1.71,0.007095947,0.001967023,-0.760334,0.06103515,0.01960993,-0.1260461,1.809
2024_02_10_20_15_07_723,0.6,-0.3141992,66472.0,55634.0,-2.128603,-2.844819,0.1360195,6.280481,0.009192876,1.841248,1.71,0.00703049,0.00206263,-0.7603933,0.02253055,0.00461936,-0.02678297,1.809
2024_02_10_20_15_07_755,0.6,-0.3141992,66632.0,55767.0,-2.143285,-2.788607,0.1360195,6.280481,0.009192985,1.815392,1.71,0.007061439,0.002033052,-0.7603083,0.035882,0.005871057,-0.02645794,1.809
2024_02_10_20_15_07_793,0.6,-0.3141992,66806.0,55913.0,-2.157608,-2.727027,0.1360196,6.280481,0.009192909,1.787258,1.71,0.007012425,0.002097813,-0.7604032,0.007033348,0.001072884,-0.0114562,1.809
2024_02_10_20_15_07_831,0.6,-0.3141992,66985.0,56063.0,-2.170506,-2.663389,0.1360195,6.280481,0.009193075,1.758363,1.71,0.006972218,0.002023116,-0.7604104,-0.004172325,-0.002145767,-0.007712282,1.809
2024_02_10_20_15_07_868,0.6,-0.3141992,67159.0,56208.0,-2.181294,-2.601093,0.1360194,6.280481,0.009192923,1.730226,1.71,0.006987798,0.002036628,-0.7603793,0.03874302,0.008672476,-0.03804918,1.809
2024_02_10_20_15_07_906,0.6,-0.3141992,67338.0,56358.0,-2.190546,-2.536824,0.1360195,6.280481,0.009192884,1.701332,1.71,0.007031782,0.002083846,-0.7603894,0.01358986,-0.003010034,0.01915544,1.809
2024_02_10_20_15_07_943,0.6,-0.3141992,67512.0,56504.0,-2.197765,-2.474015,0.1360195,6.280481,0.009193134,1.673195,1.71,0.006996912,0.002104121,-0.7603731,-0.02205372,-0.001847744,-0.0001378357,1.809
2024_02_10_20_15_07_977,0.6,-0.3141992,67672.0,56638.0,-2.202839,-2.416139,0.1360195,6.280481,0.009192926,1.647339,1.71,0.006884636,0.002111119,-0.7603902,-0.02908706,-0.005319714,0.01900736,1.809
2024_02_10_20_15_08_014,0.6,-0.3141992,67845.0,56783.0,-2.20666,-2.353032,0.1360195,6.280481,0.009193076,1.619205,1.71,0.007007641,0.002047539,-0.7603732,0.005125999,0.003382563,-0.01506135,1.809
2024_02_10_20_15_08_052,0.6,-0.3141992,68024.0,56933.0,-2.208734,-2.288134,0.1360195,6.280481,0.00919285,1.590308,1.71,0.007004588,0.002062788,-0.7603592,0.03111362,0.005111098,-0.0345502,1.809
2024_02_10_20_15_08_085,0.6,-0.3141992,68179.0,57063.0,-2.209011,-2.231746,0.1360195,6.280481,0.009192907,1.565215,1.71,0.006941172,0.002100856,-0.7603733,-0.007271766,-0.003457069,0.03060791,1.809
2024_02_10_20_15_08_123,0.6,-0.3141992,68353.0,57208.0,-2.207639,-2.168539,0.1360195,6.280481,0.009192984,1.537082,1.71,0.006996915,0.002028881,-0.7604085,0.00667572,0.0004470348,-0.01142733,1.809
2024_02_10_20_15_08_155,0.6,-0.3141992,68513.0,57342.0,-2.204814,-2.110511,0.1360195,6.280481,0.009192945,1.511228,1.71,0.006966138,0.002003093,-0.7604409,0.04255771,0.004023314,-0.003773719,1.809
2024_02_10_20_15_08_193,0.6,-0.3141992,68687.0,57488.0,-2.200035,-2.04747,0.1360195,6.280481,0.009192884,1.483091,1.71,0.00692957,0.002084981,-0.7603784,0.005245208,0.0008642673,-0.01535006,1.809
2024_02_10_20_15_08_226,0.6,-0.3141992,68847.0,57622.0,-2.19408,-1.989679,0.1360195,6.280481,0.009192968,1.457239,1.71,0.007020299,0.002044259,-0.7603561,0.007867813,0.009357929,-0.05339086,1.809
2024_02_10_20_15_08_260,0.6,-0.3141992,69002.0,57752.0,-2.186875,-1.933753,0.1360194,6.280481,0.009192905,1.432142,1.71,0.006953149,0.002027282,-0.7604209,0.009536743,0.001162291,0.02307165,1.809
2024_02_10_20_15_08_297,0.6,-0.3141992,69176.0,57897.0,-2.177131,-1.871286,0.1360195,6.280481,0.009192926,1.404007,1.71,0.007043302,0.002035569,-0.7603372,0.02253055,0.00655651,-0.03427453,1.809
2024_02_10_20_15_08_335,0.6,-0.3141992,69355.0,58047.0,-2.165298,-1.807443,0.1360195,6.280481,0.009193129,1.375111,1.71,0.007018159,0.001981134,-0.7604357,0.009775162,0.004649162,-0.01142826,1.809
2024_02_10_20_15_08_368,0.6,-0.3141992,69510.0,58177.0,-2.15353,-1.752297,0.1360193,6.280481,0.00919289,1.350016,1.71,0.007036494,0.002094727,-0.7603642,0.005960464,0.0009536743,-0.01909025,1.809
2024_02_10_20_15_08_406,0.6,-0.3141992,69689.0,58326.0,-2.13827,-1.689186,0.1360194,6.280481,0.009193006,1.321118,1.71,0.006920658,0.002072119,-0.7603768,-0.002145767,-0.007390975,0.06505102,1.809
2024_02_10_20_15_08_443,0.6,-0.3141992,69863.0,58472.0,-2.121663,-1.628183,0.1360195,6.280481,0.009192885,1.292983,1.71,0.00697371,0.002128865,-0.7604211,-0.02276897,-0.004291534,-0.03074761,1.809
2024_02_10_20_15_08_480,0.6,-0.3141992,70042.0,58622.0,-2.102828,-1.566043,0.1360196,6.280481,0.009192899,1.264086,1.71,0.006955048,0.002053957,-0.7604518,-0.005364418,-0.006079673,0.0265073,1.809
2024_02_10_20_15_08_517,0.6,-0.3141992,70216.0,58767.0,-2.082775,-1.506086,0.1360195,6.280481,0.009193004,1.235949,1.71,0.007029031,0.00202333,-0.7603929,-0.001549721,-0.004470348,0.05352962,1.809
2024_02_10_20_15_08_556,0.6,-0.3141992,70394.0,58917.0,-2.060429,-1.445121,0.1360195,6.280481,0.009192782,1.207049,1.71,0.007035053,0.002099265,-0.7603283,-0.01382828,0.0001788139,-0.01926441,1.809
2024_02_10_20_15_08_589,0.6,-0.3141992,70549.0,59047.0,-2.039601,-1.392721,0.1360194,6.280481,0.009192999,1.181956,1.71,0.006968293,0.002067932,-0.760399,-0.0140667,0.0007748603,-0.02299715,1.809
2024_02_10_20_15_08_626,0.6,-0.3141992,70723.0,59193.0,-2.014694,-1.334612,0.1360195,6.280481,0.009193066,1.153819,1.71,0.006897359,0.002035373,-0.7604514,0.0166893,0.001609325,0.0001089647,1.809
2024_02_10_20_15_08_660,0.6,-0.3141992,70883.0,59326.0,-1.990374,-1.281851,0.1360194,6.280481,0.009192914,1.127963,1.71,0.00701941,0.002109165,-0.7603592,-0.02837181,-0.008821487,0.06111245,1.809
2024_02_10_20_15_08_697,0.6,-0.3141992,71057.0,59472.0,-1.962368,-1.225171,0.1360194,6.280481,0.00919289,1.099825,1.71,0.007057009,0.002034032,-0.760381,-0.003457069,0.006794929,-0.02283975,1.809
2024_02_10_20_15_08_734,0.6,-0.3141992,71236.0,59622.0,-1.931955,-1.167803,0.1360195,6.280481,0.009193039,1.070928,1.71,0.006962111,0.002050373,-0.76043,-0.01263618,-0.002324581,0.003754161,1.809
2024_02_10_20_15_08_773,0.6,-0.3141992,71410.0,59767.0,-1.900763,-1.112811,0.1360195,6.280481,0.009193053,1.042791,1.71,0.006971247,0.002021998,-0.7604157,0.01072884,0.002205372,-0.03055855,1.809
2024_02_10_20_15_08_806,0.6,-0.3141992,71570.0,59901.0,-1.870745,-1.06307,0.1360195,6.280481,0.009193021,1.016935,1.71,0.006945333,0.002068949,-0.7605125,-0.008225441,0.0001192093,-0.01895428,1.809
2024_02_10_20_15_08_843,0.6,-0.3141992,71744.0,60047.0,-1.836631,-1.009841,0.1360194,6.280481,0.009192836,0.9887987,1.71,0.006956697,0.002118078,-0.7603614,-0.02741813,-0.008881092,0.06114505,1.809
2024_02_10_20_15_08_876,0.6,-0.3141992,71899.0,60177.0,-1.804952,-0.9631941,0.1360195,6.280481,0.009192809,0.9637053,1.71,0.006962755,0.002078513,-0.7604148,-0.02813339,-0.009000301,0.04169345,1.809
2024_02_10_20_15_08_914,0.6,-0.3141992,72078.0,60326.0,-1.767036,-0.9104837,0.1360195,6.280481,0.009192965,0.934809,1.71,0.007023382,0.002077791,-0.7603626,-0.02908706,-0.0002980232,-0.02693385,1.809
2024_02_10_20_15_08_947,0.6,-0.3141992,72233.0,60456.0,-1.732886,-0.8656139,0.1360194,6.280481,0.009192959,0.9097145,1.71,0.007032906,0.002011488,-0.760362,0.05459785,0.02032518,-0.133452,1.809
2024_02_10_20_15_08_985,0.6,-0.3141992,72412.0,60606.0,-1.692182,-0.8150263,0.1360195,6.280481,0.009192997,0.8808176,1.71,0.006930467,0.001999004,-0.7604191,0.01955032,-0.002145767,0.05357246,1.809
2024_02_10_20_15_09_023,0.6,-0.3141992,72586.0,60751.0,-1.65116,-0.76692,0.1360194,6.280481,0.009192827,0.8526808,1.71,0.006991665,0.002057574,-0.7603652,0.007987022,0.0005364418,0.01517683,1.809
2024_02_10_20_15_09_055,0.6,-0.3141992,72746.0,60885.0,-1.612284,-0.7237477,0.1360195,6.280481,0.009193044,0.8268263,1.71,0.006999733,0.002019312,-0.7604131,0.03504753,0.01019239,-0.06485172,1.809
2024_02_10_20_15_09_093,0.6,-0.3141992,72920.0,61031.0,-1.568727,-0.6779258,0.1360195,6.280481,0.009192933,0.7986895,1.71,0.007054729,0.001994466,-0.7603188,0.01823902,0.004410744,0.01532119,1.809
2024_02_10_20_15_09_131,0.6,-0.3141992,73098.0,61181.0,-1.522668,-0.6321602,0.1360195,6.280481,0.009192914,0.7697926,1.71,0.006934692,0.002049231,-0.7604098,0.03397465,0.004887581,-0.03429223,1.809
2024_02_10_20_15_09_168,0.6,-0.3141992,73272.0,61326.0,-1.476568,-0.5888958,0.1360195,6.280481,0.009192708,0.7416562,1.71,0.007064078,0.002050987,-0.7603509,0.007510185,0.007033348,-0.04615448,1.809
2024_02_10_20_15_09_206,0.6,-0.3141992,73451.0,61476.0,-1.427974,-0.5458295,0.1360195,6.280481,0.009192909,0.7127588,1.71,0.007022519,0.002054445,-0.7604073,-0.01752377,-0.006020069,0.03047567,1.809
2024_02_10_20_15_09_239,0.6,-0.3141992,73606.0,61606.0,-1.38478,-0.509582,0.1360194,6.280481,0.009192728,0.6876628,1.71,0.006915606,0.002073769,-0.7604572,-0.02205372,-0.01329183,0.09553692,1.809
2024_02_10_20_15_09_273,0.6,-0.3141992,73761.0,61736.0,-1.34069,-0.4744302,0.1360194,6.280481,0.009192823,0.6625689,1.71,0.006944239,0.002029103,-0.7604553,0.001192093,0.001132488,8.475035e-05,1.809
2024_02_10_20_15_09_309,0.6,-0.3141992,73940.0,61885.0,-1.288845,-0.4353374,0.1360195,6.280481,0.009192982,0.6336715,1.71,0.006916002,0.002043569,-0.7605197,-0.04351139,-0.007987022,0.02283789,1.809
2024_02_10_20_15_09_347,0.6,-0.3141992,74114.0,62031.0,-1.2373,-0.3987278,0.1360194,6.280481,0.009192789,0.6055336,1.71,0.006938738,0.002023288,-0.7604812,-0.02336502,-0.004470348,0.02269167,1.809
2024_02_10_20_15_09_384,0.6,-0.3141992,74293.0,62181.0,-1.183311,-0.3626539,0.1360195,6.280481,0.0091929,0.5766351,1.71,0.006930984,0.001988904,-0.7605174,0.03910065,0.007271766,-0.0498183,1.809
2024_02_10_20_15_09_422,0.6,-0.3141992,74467.0,62326.0,-1.129762,-0.3290426,0.1360194,6.280481,0.009192853,0.5484977,1.71,0.006998332,0.002072947,-0.7603891,-0.02193451,-0.003635883,0.007651746,1.809
2024_02_10_20_15_09_465,0.6,-0.3141992,74664.0,62492.0,-1.06786,-0.2927322,0.1360194,6.280481,0.009192738,0.5165579,1.71,0.007041197,0.002067483,-0.7604175,-0.001072884,0.003874302,-0.03046635,1.809
2024_02_10_20_15_09_507,0.6,-0.3141992,74862.0,62657.0,-1.00483,-0.258417,0.1360194,6.280481,0.009192858,0.4846186,1.71,0.007065921,0.002079421,-0.7604102,-0.00667572,0.006616115,-0.06114039,1.809
2024_02_10_20_15_09_539,0.6,-0.3141992,75017.0,62787.0,-0.9545554,-0.2328779,0.1360194,6.280481,0.009192768,0.4595231,1.71,0.007001356,0.002101336,-0.7603598,-0.02801418,-0.003695488,-0.0002346933,1.809
2024_02_10_20_15_09_577,0.6,-0.3141992,75191.0,62933.0,-0.8974459,-0.2057536,0.1360195,6.280481,0.009192783,0.4313863,1.71,0.00705658,0.002083474,-0.7603446,-0.01323223,-0.0001788139,-0.01559034,1.809
2024_02_10_20_15_09_610,0.6,-0.3141992,75351.0,63067.0,-0.8443128,-0.1822542,0.1360195,6.280481,0.00919285,0.4055302,1.71,0.00708337,0.002052699,-0.7604027,-0.02563,-0.003844499,0.03045518,1.809
2024_02_10_20_15_09_647,0.6,-0.3141992,75525.0,63212.0,-0.7858225,-0.1582515,0.1360194,6.280481,0.009192887,0.3773923,1.71,0.007041542,0.002040208,-0.7604645,0.02384186,0.005841255,-0.03433041,1.809
2024_02_10_20_15_09_684,0.6,-0.3141992,75704.0,63362.0,-0.7250732,-0.1353229,0.1360194,6.280481,0.009192751,0.3484933,1.71,0.007048422,0.002107307,-0.7604416,0.002861023,-0.0009238719,0.01149811,1.809
2024_02_10_20_15_09_717,0.6,-0.3141992,75859.0,63492.0,-0.6717984,-0.1168424,0.1360194,6.280481,0.009192832,0.3233978,1.71,0.006967235,0.002044001,-0.7604544,-0.002503395,-0.004649162,0.04592351,1.809
2024_02_10_20_15_09_755,0.6,-0.3141992,76033.0,63637.0,-0.6115368,-0.09771872,0.1360196,6.280481,0.009192946,0.2952583,1.71,0.006950017,0.002014943,-0.7604566,0.002026558,-0.00616908,0.05334057,1.809
2024_02_10_20_15_09_789,0.6,-0.3141992,76193.0,63771.0,-0.5557065,-0.0816469,0.1360194,6.280481,0.009192631,0.2694011,1.71,0.007003415,0.002095206,-0.760317,-0.007629394,-0.001758337,0.03417768,1.809
2024_02_10_20_15_09_827,0.6,-0.3141992,76367.0,63917.0,-0.4944998,-0.0658038,0.1360195,6.280481,0.009193009,0.2412632,1.71,0.006950366,0.001976879,-0.7604526,0.03564358,0.001534819,0.004016794,1.809
2024_02_10_20_15_09_860,0.6,-0.3141992,76527.0,64051.0,-0.4378826,-0.05276874,0.1360194,6.280481,0.009192758,0.2154061,1.71,0.006923363,0.002064797,-0.7604711,-0.0009536743,-0.009477139,0.06874371,1.809
2024_02_10_20_15_09_897,0.6,-0.3141992,76701.0,64197.0,-0.3759098,-0.04025192,0.1360195,6.280481,0.009192609,0.1872682,1.71,0.00702214,0.002081607,-0.760397,0.008821487,0.006914138,-0.05746074,1.809
2024_02_10_20_15_09_930,0.6,-0.3141992,76856.0,64327.0,-0.3203581,-0.03056313,0.1360194,6.280481,0.009192802,0.1621721,1.71,0.007086038,0.002088396,-0.7604029,-0.007987022,0.002190471,-0.003857538,1.809
2024_02_10_20_15_09_964,0.6,-0.3141992,77016.0,64460.0,-0.2628877,-0.02204191,0.1360194,6.280481,0.009192755,0.1363144,1.71,0.006993839,0.002035826,-0.7604643,0.005483627,0.002562999,1.769513e-05,1.809
2024_02_10_20_15_10_002,0.6,-0.3141992,77190.0,64606.0,-0.2001196,-0.01446066,0.1360195,6.280481,0.009192943,0.108176,1.71,0.006989839,0.00197554,-0.7605048,0.04208088,0.01733005,-0.1261169,1.809
2024_02_10_20_15_10_035,0.6,-0.3141992,77350.0,64740.0,-0.1422736,-0.009053641,0.1360195,6.280481,0.009192864,0.08231937,1.71,0.006965796,0.002059432,-0.7604567,0.01692772,-0.0009983778,0.03446732,1.809
2024_02_10_20_15_10_072,0.6,-0.3141992,77524.0,64886.0,-0.07918787,-0.004870965,0.1360196,6.280481,0.009193249,0.05418041,1.71,0.007046209,0.001937277,-0.7604535,0.01311302,0.01005828,-0.07628091,1.809
2024_02_10_20_15_10_111,0.6,-0.3141992,77702.0,65035.0,-0.01430085,-0.00242455,0.1360194,6.280481,0.009192844,0.02528192,1.71,0.006959727,0.002070435,-0.7604753,0.00333786,-0.009551644,0.1072781,1.809
2024_02_10_20_15_10_147,0.6,-0.3141992,77876.0,65181.0,0.04892039,-0.001845093,0.1360194,6.280481,0.009192932,6.28033,1.71,0.006963471,0.002080241,-0.7605217,0.01978874,-0.002741813,0.01919456,1.809
2024_02_10_20_15_10_185,0.6,-0.3141992,78055.0,65331.0,0.1138409,-0.003101628,0.1360195,6.280481,0.00919305,6.251431,1.71,0.006959791,0.002067665,-0.7604809,-0.04017353,-0.009045005,0.06491691,1.809
2024_02_10_20_15_10_222,0.6,-0.3141992,78229.0,65476.0,0.1769923,-0.006126959,0.1360195,6.280481,0.009193265,6.223293,1.71,0.006924448,0.002014041,-0.7605547,-0.007748603,-0.003293156,0.007930212,1.809
2024_02_10_20_15_10_260,0.6,-0.3141992,78408.0,65626.0,0.2417352,-0.0110823,0.1360195,6.280481,0.009192914,6.194395,1.71,0.006963533,0.002104384,-0.7604761,-0.04196167,-0.00846386,0.0342587,1.809
2024_02_10_20_15_10_297,0.6,-0.3141992,78582.0,65772.0,0.3046113,-0.01770272,0.1360195,6.280481,0.009192922,6.166256,1.71,0.006933333,0.002112576,-0.760431,-0.02300739,-0.01254678,0.06864127,1.809
2024_02_10_20_15_10_335,0.6,-0.3141992,78760.0,65921.0,0.368966,-0.02634071,0.1360195,6.280481,0.009192776,6.13736,1.71,0.006950742,0.00204181,-0.7603242,0.003457069,0.001564622,0.0378564,1.809
2024_02_10_20_15_10_372,0.6,-0.3141992,78934.0,66067.0,0.4313619,-0.03653465,0.1360195,6.280481,0.009193109,6.109223,1.71,0.006954974,0.002029234,-0.7604826,0.01251697,-0.005245208,0.05729682,1.809
2024_02_10_20_15_10_405,0.6,-0.3141992,79090.0,66197.0,0.4867509,-0.04710438,0.1360195,6.280481,0.009193089,6.084128,1.71,0.006998563,0.002050512,-0.7604397,-0.01955032,0.002413988,-0.02670847,1.809
2024_02_10_20_15_10_438,0.6,-0.3141992,79249.0,66331.0,0.5435221,-0.0594446,0.1360195,6.280481,0.00919302,6.058272,1.71,0.007003149,0.002035086,-0.7603779,0.02861023,0.00333786,-3.818423e-05,1.809
2024_02_10_20_15_10_476,0.6,-0.3141992,79423.0,66476.0,0.6049175,-0.07453617,0.1360195,6.280481,0.009192974,6.030135,1.71,0.007018704,0.002054081,-0.7603966,0.006318092,0.008136034,-0.05355011,1.809
2024_02_10_20_15_10_513,0.6,-0.3141992,79602.0,66626.0,0.6675047,-0.09182736,0.1360195,6.280481,0.009192855,6.001237,1.71,0.00692648,0.002106663,-0.7604113,0.003814697,0.002086163,-0.01165457,1.809
2024_02_10_20_15_10_551,0.6,-0.3141992,79776.0,66772.0,0.7279401,-0.1103944,0.1360195,6.280481,0.009192899,5.973101,1.71,0.00699746,0.002083445,-0.7604653,-0.001907349,-0.003904104,-0.0001294538,1.809
2024_02_10_20_15_10_585,0.6,-0.3141992,79936.0,66906.0,0.7829959,-0.128949,0.1360195,6.280481,0.009192836,5.947244,1.71,0.007002108,0.00202831,-0.7603379,0.01335144,0.0002384186,0.04192069,1.809
2024_02_10_20_15_10_622,0.6,-0.3141992,80110.0,67051.0,0.8423414,-0.1507503,0.1360194,6.280481,0.009192984,5.919106,1.71,0.006929894,0.002034972,-0.7604793,0.00500679,-0.004529953,0.05740206,1.809
2024_02_10_20_15_10_655,0.6,-0.3141992,80265.0,67181.0,0.8947363,-0.1715969,0.1360194,6.280481,0.009192961,5.89401,1.71,0.006934672,0.00207115,-0.7604996,0.00846386,0.00423193,-0.03040768,1.809
2024_02_10_20_15_10_689,0.6,-0.3141992,80425.0,67315.0,0.9481529,-0.1944436,0.1360196,6.280481,0.009193211,5.868155,1.71,0.00702215,0.001961258,-0.7604935,0.02086162,0.002622604,-0.007510185,1.809
2024_02_10_20_15_10_726,0.6,-0.3141992,80599.0,67461.0,1.00559,-0.2208658,0.1360194,6.280481,0.009192893,5.840019,1.71,0.007002849,0.002139188,-0.7603707,-0.04684925,-0.004887581,0.0151433,1.809
2024_02_10_20_15_10_764,0.6,-0.3141992,80778.0,67610.0,1.063781,-0.2496728,0.1360195,6.280481,0.009193029,5.811121,1.71,0.006987352,0.002059223,-0.7604565,-0.008940697,-0.001966953,0.003791414,1.809
2024_02_10_20_15_10_801,0.6,-0.3141992,80952.0,67756.0,1.119618,-0.279326,0.1360195,6.280481,0.009193146,5.782984,1.71,0.00701752,0.00202836,-0.7604487,-0.02133846,0.0007748603,-0.02304464,1.809
2024_02_10_20_15_10_839,0.6,-0.3141992,81131.0,67906.0,1.176072,-0.3114035,0.1360195,6.280481,0.009193136,5.754087,1.71,0.007075171,0.001987117,-0.7604273,0.006914138,0.005304813,-0.04587695,1.809
2024_02_10_20_15_10_872,0.6,-0.3141992,81286.0,68036.0,1.22433,-0.340574,0.1360194,6.280481,0.00919288,5.728993,1.71,0.006973511,0.002028696,-0.7603889,0.004291534,0.0009536743,0.02290495,1.809
2024_02_10_20_15_10_910,0.6,-0.3141992,81464.0,68185.0,1.278972,-0.3756521,0.1360195,6.280481,0.009193019,5.700099,1.71,0.006928242,0.002037824,-0.7604333,0.01394749,0.001609325,-0.02304185,1.809
2024_02_10_20_15_10_947,0.6,-0.3141992,81638.0,68331.0,1.33118,-0.41131,0.1360194,6.280481,0.00919308,5.671964,1.71,0.007037852,0.002075444,-0.7603625,-0.04649162,-0.008761883,0.05719065,1.809
2024_02_10_20_15_10_984,0.6,-0.3141992,81817.0,68480.0,1.383732,-0.4494455,0.1360194,6.280481,0.009192841,5.643071,1.71,0.007082141,0.002045135,-0.7603707,0.0141859,0.005066394,-0.01546554,1.809
2024_02_10_20_15_11_022,0.6,-0.3141992,81991.0,68626.0,1.433822,-0.4880209,0.1360194,6.280481,0.009193107,5.614936,1.71,0.007026826,0.002058295,-0.760398,-0.01239777,0.001788139,-0.01146085,1.809
2024_02_10_20_15_11_059,0.6,-0.3141992,82165.0,68772.0,1.482808,-0.5279889,0.1360195,6.280481,0.009193333,5.586798,1.71,0.006994717,0.002020494,-0.7604226,-0.01347065,0.0002980232,-0.02283323,1.809
2024_02_10_20_15_11_093,0.6,-0.3141992,82325.0,68906.0,1.526814,-0.5659185,0.1360195,6.280481,0.009192932,5.560942,1.71,0.007037921,0.002054,-0.7604002,0.00989437,0.006198883,-0.0190502,1.809
2024_02_10_20_15_11_130,0.6,-0.3141992,82499.0,69051.0,1.573572,-0.6084726,0.1360195,6.280481,0.009193234,5.532805,1.71,0.007017804,0.00202777,-0.7604425,0.01478195,0.004410744,-0.05322694,1.809
2024_02_10_20_15_11_168,0.6,-0.3141992,82678.0,69201.0,1.620326,-0.6535282,0.1360196,6.280481,0.009193102,5.503908,1.71,0.006959837,0.002037182,-0.7604144,0.000834465,-0.009477139,0.09184237,1.809
2024_02_10_20_15_11_205,0.6,-0.3141992,82852.0,69347.0,1.664582,-0.6986784,0.1360195,6.280481,0.009192832,5.475771,1.71,0.006969776,0.002054256,-0.7603531,0.01692772,0.006914138,-0.02663582,1.809
2024_02_10_20_15_11_243,0.6,-0.3141992,83030.0,69496.0,1.708693,-0.7463264,0.1360195,6.280481,0.009192863,5.446876,1.71,0.00695769,0.00208427,-0.7603994,-0.01049042,0.001132488,-7.823109e-05,1.809
2024_02_10_20_15_11_277,0.6,-0.3141992,83186.0,69626.0,1.745868,-0.7887238,0.1360195,6.280481,0.00919306,5.421779,1.71,0.006961725,0.002084348,-0.7604332,-0.03230572,-0.003099441,-0.003797933,1.809
2024_02_10_20_15_11_314,0.6,-0.3141992,83364.0,69776.0,1.787344,-0.8386825,0.1360195,6.280481,0.009192946,5.392882,1.71,0.006960809,0.002078279,-0.7604101,0.02121925,0.008165836,-0.04962273,1.809
2024_02_10_20_15_11_351,0.6,-0.3141992,83538.0,69921.0,1.826324,-0.8884583,0.1360195,6.280481,0.009193122,5.364746,1.71,0.00698147,0.001986996,-0.7603943,-0.009298325,0.001192093,0.02671778,1.809
2024_02_10_20_15_11_389,0.6,-0.3141992,83717.0,70071.0,1.864882,-0.9406996,0.1360194,6.280481,0.009193251,5.335851,1.71,0.006991832,0.002058283,-0.7604511,-0.02729893,-0.002503395,0.0001462176,1.809
2024_02_10_20_15_11_422,0.6,-0.3141992,83872.0,70201.0,1.897131,-0.9869545,0.1360195,6.280481,0.009193005,5.310756,1.71,0.007014969,0.002063601,-0.7603391,0.02765655,0.01579523,-0.1032641,1.809
2024_02_10_20_15_11_455,0.6,-0.3141992,84027.0,70331.0,1.92821,-1.034004,0.1360196,6.280481,0.009193254,5.285664,1.71,0.006895797,0.002016434,-0.7604656,0.006794929,-0.009536743,0.08425675,1.809
2024_02_10_20_15_11_493,0.6,-0.3141992,84206.0,70480.0,1.962522,-1.089129,0.1360196,6.280481,0.00919311,5.256766,1.71,0.00699055,0.002070167,-0.7603496,-0.02205372,-0.01013279,0.08015148,1.809
2024_02_10_20_15_11_526,0.6,-0.3141992,84361.0,70610.0,1.991017,-1.137787,0.1360195,6.280481,0.009193053,5.23167,1.71,0.006993087,0.002069937,-0.7603853,0.00846386,0.004172325,-0.04975684,1.809
2024_02_10_20_15_11_564,0.6,-0.3141992,84540.0,70760.0,2.022303,-1.194682,0.1360195,6.280481,0.009193137,5.20277,1.71,0.006985101,0.002049125,-0.7603848,-0.02336502,-0.009536743,0.04199706,1.809
2024_02_10_20_15_11_601,0.6,-0.3141992,84714.0,70905.0,2.051174,-1.250928,0.1360196,6.280481,0.009193098,5.174639,1.71,0.007055711,0.002077759,-0.760372,-0.01597404,-0.008642673,0.03805943,1.809
2024_02_10_20_15_11_635,0.6,-0.3141992,84869.0,71035.0,2.07558,-1.301759,0.1360194,6.280481,0.009192968,5.149544,1.71,0.006978017,0.002097717,-0.760446,-0.02408027,-0.0115037,0.0648601,1.809
2024_02_10_20_15_11_672,0.6,-0.3141992,85048.0,71185.0,2.102095,-1.36103,0.1360195,6.280481,0.009192901,5.120649,1.71,0.006969865,0.002090914,-0.7603505,-0.03957748,-0.01224875,0.08005089,1.809
2024_02_10_20_15_11_710,0.6,-0.3141992,85222.0,71331.0,2.126256,-1.419455,0.1360195,6.280481,0.009192825,5.092512,1.71,0.006851226,0.002107655,-0.7604315,0.015378,-0.0005662441,0.02300925,1.809
2024_02_10_20_15_11_747,0.6,-0.3141992,85401.0,71480.0,2.149346,-1.480141,0.1360196,6.280481,0.009193026,5.063618,1.71,0.007067529,0.002026173,-0.7603697,-0.02229214,-0.000655651,0.007446855,1.809
2024_02_10_20_15_11_784,0.6,-0.3141992,85575.0,71626.0,2.170135,-1.539848,0.1360195,6.280481,0.009192901,5.035486,1.71,0.007001388,0.002065393,-0.7604262,-0.004529953,-0.00628829,0.02278108,1.809
2024_02_10_20_15_11_822,0.6,-0.3141992,85753.0,71775.0,2.189733,-1.60175,0.1360194,6.280481,0.009193009,5.006588,1.71,0.00698487,0.002069846,-0.7604643,-0.01525879,-0.002503395,0.00370387,1.809
2024_02_10_20_15_11_860,0.6,-0.3141992,85927.0,71921.0,2.207088,-1.662544,0.1360195,6.280481,0.009193243,4.97845,1.71,0.007042898,0.002020717,-0.7604108,-0.02264976,-0.007808208,0.0343062,1.809
2024_02_10_20_15_11_896,0.6,-0.3141992,86106.0,72071.0,2.223122,-1.725464,0.1360194,6.280481,0.009192941,4.949553,1.71,0.007002459,0.002113396,-0.7603242,0.0,0.002577901,-0.03450643,1.809
2024_02_10_20_15_11_934,0.6,-0.3141992,86280.0,72216.0,2.236981,-1.787147,0.1360195,6.280481,0.009192828,4.921419,1.71,0.006996172,0.002069507,-0.7603107,-0.02002716,-0.005453825,0.04164409,1.809
2024_02_10_20_15_11_972,0.6,-0.3141992,86459.0,72366.0,2.249404,-1.850877,0.1360195,6.280481,0.009192898,4.892521,1.71,0.006925406,0.002098108,-0.7604326,-0.01096725,-0.007376074,0.03034528,1.809
2024_02_10_20_15_12_009,0.6,-0.3141992,86633.0,72512.0,2.259726,-1.913251,0.1360195,6.280481,0.009193037,4.864386,1.71,0.007096079,0.002030032,-0.7603245,0.01466274,0.006437301,-0.03825501,1.809
2024_02_10_20_15_12_043,0.6,-0.3141992,86793.0,72645.0,2.267659,-1.970803,0.1360195,6.280481,0.009193012,4.838531,1.71,0.006948178,0.002042072,-0.7604509,0.01525879,-0.001385808,0.0307234,1.809
2024_02_10_20_15_12_080,0.6,-0.3141992,86967.0,72791.0,2.274601,-2.033643,0.1360196,6.280481,0.009193202,4.810393,1.71,0.006994368,0.002018102,-0.7604748,0.001430511,-0.002369285,9.778886e-05,1.809
2024_02_10_20_15_12_118,0.6,-0.3141992,87145.0,72941.0,2.279887,-2.098361,0.1360194,6.280481,0.009192859,4.781497,1.71,0.006979763,0.002017206,-0.7603931,0.01835823,0.009804963,-0.03058929,1.809
2024_02_10_20_15_12_157,0.6,-0.3141992,87319.0,73086.0,2.283234,-2.161495,0.1360196,6.280481,0.009193062,4.753359,1.71,0.006956636,0.002044588,-0.7604743,-0.02276897,-0.01104176,0.03828295,1.809
2024_02_10_20_15_12_189,0.6,-0.3141992,87479.0,73220.0,2.284744,-2.219573,0.1360195,6.280481,0.009192991,4.727504,1.71,0.006966452,0.002013759,-0.76043,0.03814697,0.01226365,-0.06485358,1.809
2024_02_10_20_15_12_226,0.6,-0.3141992,87653.0,73366.0,2.284678,-2.282796,0.1360195,6.280481,0.009193101,4.699369,1.71,0.007010066,0.002040519,-0.760399,-0.020504,0.003874302,-0.03063306,1.809
2024_02_10_20_15_12_264,0.6,-0.3141992,87827.0,73512.0,2.282835,-2.345991,0.1360195,6.280481,0.009193082,4.671232,1.71,0.006979924,0.002034133,-0.7603858,0.01204014,0.0001490116,0.0001508743,1.809
2024_02_10_20_15_12_297,0.6,-0.3141992,87987.0,73646.0,2.279575,-2.403998,0.1360196,6.280481,0.009193063,4.645377,1.71,0.006976023,0.002044647,-0.7604309,-0.02002716,-0.003784895,0.0112988,1.809
2024_02_10_20_15_12_334,0.6,-0.3141992,88161.0,73791.0,2.274323,-2.467003,0.1360195,6.280481,0.009192915,4.617242,1.71,0.006988402,0.002034501,-0.7604546,0.004649162,0.001519918,-0.007770955,1.809
2024_02_10_20_15_12_372,0.6,-0.3141992,88340.0,73941.0,2.267088,-2.531531,0.1360195,6.280481,0.009192784,4.588344,1.71,0.006979918,0.002061085,-0.760373,-0.001788139,0.004827976,-0.003965572,1.809
2024_02_10_20_15_12_409,0.6,-0.3141992,88514.0,74086.0,2.258255,-2.594134,0.1360195,6.280481,0.009193181,4.560208,1.71,0.006965121,0.002051503,-0.7604595,-0.007033348,-0.004351139,0.03101677,1.809
2024_02_10_20_15_12_443,0.6,-0.3141992,88674.0,74220.0,2.24859,-2.65142,0.1360195,6.280481,0.00919302,4.534349,1.71,0.007004971,0.002039777,-0.7603831,-0.004768372,-0.005722045,0.03433414,1.809
2024_02_10_20_15_12_480,0.6,-0.3141992,88848.0,74366.0,2.23639,-2.713455,0.1360195,6.280481,0.009193175,4.506215,1.71,0.006991554,0.002049187,-0.7604325,-0.05018711,-0.0140667,0.06096623,1.809
2024_02_10_20_15_12_517,0.6,-0.3141992,89026.0,74516.0,2.22205,-2.776784,0.1360195,6.280481,0.009192835,4.477319,1.71,0.007051192,0.00203539,-0.76035,0.009775162,0.005960464,-0.01547672,1.809
2024_02_10_20_15_12_551,0.6,-0.3141992,89181.0,74646.0,2.208117,-2.831425,0.1360194,6.280481,0.009192884,4.452223,1.71,0.006961653,0.002083225,-0.7604478,0.006437301,0.004589558,-0.04578009,1.809
2024_02_10_20_15_12_587,0.6,-0.3141992,89355.0,74791.0,2.190871,-2.892251,0.1360194,6.280481,0.009192933,4.424085,1.71,0.006993038,0.002024975,-0.7603987,0.06425381,0.02336502,-0.1563653,1.809
2024_02_10_20_15_12_622,0.6,-0.3141992,89515.0,74925.0,2.17352,-2.947697,0.1360196,6.280481,0.009192835,4.398231,1.71,0.006936549,0.002067508,-0.7603747,-0.002026558,-0.0005960464,-0.0002905726,1.809
2024_02_10_20_15_12_659,0.6,-0.3141992,89689.0,75071.0,2.153019,-3.007504,0.1360193,6.280481,0.009192823,4.370094,1.71,0.007018527,0.002034416,-0.7603825,0.003576278,0.004410744,-0.01915824,1.809
2024_02_10_20_15_12_697,0.6,-0.3141992,89868.0,75220.0,2.130217,-3.068302,0.1360195,6.280481,0.009192829,4.341194,1.71,0.006950536,0.00202792,-0.7603778,0.01621246,0.002026558,0.0075493,1.809
2024_02_10_20_15_12_734,0.6,-0.3141992,90042.0,75366.0,2.106334,-3.126841,0.1360195,6.280481,0.009193046,4.31306,1.71,0.006941562,0.002084919,-0.7604685,-0.00333786,0.0002384186,-0.03039371,1.809
2024_02_10_20_15_12_771,0.6,-0.3141992,90221.0,75516.0,2.080105,-3.18624,0.1360195,6.280481,0.009192805,4.284161,1.71,0.006961513,0.002065066,-0.7604061,-0.008821487,-0.003218651,0.02671033,1.809
2024_02_10_20_15_12_805,0.6,-0.3141992,90376.0,75645.0,2.055943,-3.237189,0.1360196,6.280481,0.009192945,4.259065,1.71,0.006990134,0.002045462,-0.7603626,0.01990795,-0.002682209,0.03057811,1.809
2024_02_10_20_15_12_843,0.6,-0.3141992,90555.0,75795.0,2.026545,-3.295085,0.1360195,6.280481,0.009193028,4.230165,1.71,0.006943133,0.002063958,-0.7603781,-0.0141859,-0.008523464,0.05722604,1.809
2024_02_10_20_15_12_876,0.6,-0.3141992,90710.0,75925.0,1.999667,-3.344656,0.1360195,6.280481,0.009193063,4.205072,1.71,0.006950481,0.002018879,-0.7604114,-0.01621246,-0.00244379,0.003691762,1.809
2024_02_10_20_15_12_913,0.6,-0.3141992,90884.0,76071.0,1.968064,-3.399414,0.1360195,6.280481,0.009192823,4.176937,1.71,0.007024033,0.002055402,-0.7604054,0.02300739,0.01204014,-0.08802674,1.809
2024_02_10_20_15_12_951,0.6,-0.3141992,91062.0,76220.0,1.934016,-3.454704,0.1360195,6.280481,0.009192906,4.148038,1.71,0.006972394,0.002032144,-0.7604391,0.0180006,0.003755092,-0.01142267,1.809
2024_02_10_20_15_12_989,0.6,-0.3141992,91236.0,76366.0,1.899342,-3.507572,0.1360194,6.280481,0.009192939,4.1199,1.71,0.007028776,0.002063192,-0.7603471,-0.03063679,-0.001907349,0.003625639,1.809
2024_02_10_20_15_13_025,0.6,-0.3141992,91415.0,76515.0,1.862196,-3.560829,0.1360195,6.280481,0.009192985,4.091002,1.71,0.006923742,0.002087516,-0.7604626,0.007510185,-0.006079673,0.04209391,1.809
2024_02_10_20_15_13_063,0.6,-0.3141992,91589.0,76661.0,1.824566,-3.611634,0.1360195,6.280481,0.009192877,4.062867,1.71,0.007071378,0.002053318,-0.7603664,0.03731251,0.01370907,-0.08388422,1.809
2024_02_10_20_15_13_101,0.6,-0.3141992,91768.0,76811.0,1.784445,-3.662689,0.1360195,6.280481,0.009192959,4.033969,1.71,0.007079301,0.002076895,-0.7603601,0.02360344,0.01007318,-0.06477628,1.809
2024_02_10_20_15_13_134,0.6,-0.3141992,91923.0,76941.0,1.74842,-3.706071,0.1360195,6.280481,0.00919293,4.008875,1.71,0.007022396,0.002049281,-0.7604449,0.01811981,0.003635883,-0.007490627,1.809
2024_02_10_20_15_13_172,0.6,-0.3141992,92102.0,77090.0,1.705605,-3.754884,0.1360194,6.280481,0.009192779,3.979978,1.71,0.007139245,0.002052201,-0.7603309,0.04124641,0.01221895,-0.03807992,1.809
2024_02_10_20_15_13_209,0.6,-0.3141992,92276.0,77236.0,1.662578,-3.801207,0.1360195,6.280481,0.009192863,3.951842,1.71,0.006983834,0.002054353,-0.7603767,0.004172325,0.0008940696,0.007461756,1.809
2024_02_10_20_15_13_246,0.6,-0.3141992,92455.0,77385.0,1.617046,-3.847502,0.1360195,6.280481,0.009192978,3.922944,1.71,0.006955317,0.002091776,-0.7603973,-0.004529953,-0.005483627,0.01522247,1.809
2024_02_10_20_15_13_284,0.6,-0.3141992,92629.0,77531.0,1.571447,-3.891296,0.1360195,6.280481,0.009193187,3.894807,1.71,0.006932006,0.002096356,-0.7604188,-0.03159046,-0.006616115,0.007521361,1.809
2024_02_10_20_15_13_322,0.6,-0.3141992,92807.0,77681.0,1.523353,-3.934921,0.1360196,6.280481,0.00919327,3.865909,1.71,0.006943951,0.002010823,-0.760434,-0.01955032,-0.00745058,0.05346909,1.809
2024_02_10_20_15_13_356,0.6,-0.3141992,92962.0,77811.0,1.480578,-3.971664,0.1360195,6.280481,0.00919312,3.840815,1.71,0.006979327,0.002064111,-0.7603823,-0.01168251,0.002801418,-0.03040209,1.809
2024_02_10_20_15_13_393,0.6,-0.3141992,93141.0,77960.0,1.430199,-4.01263,0.1360194,6.280481,0.009192971,3.811918,1.71,0.007080853,0.002049988,-0.7603311,-0.02360344,-0.0009536743,0.01124665,1.809
2024_02_10_20_15_13_430,0.6,-0.3141992,93315.0,78106.0,1.380028,-4.051103,0.1360194,6.280481,0.009192864,3.783783,1.71,0.007039553,0.002045942,-0.7603856,0.0128746,-0.0001788139,0.04601199,1.809
2024_02_10_20_15_13_468,0.6,-0.3141992,93494.0,78256.0,1.327395,-4.08913,0.1360195,6.280481,0.00919295,3.754887,1.71,0.007069362,0.002072598,-0.7603282,0.01955032,0.01096725,-0.07646903,1.809
2024_02_10_20_15_13_505,0.6,-0.3141992,93668.0,78401.0,1.275114,-4.124681,0.1360195,6.280481,0.009192901,3.72675,1.71,0.006969868,0.002028802,-0.7604038,0.01657009,-0.001132488,0.02290215,1.809
2024_02_10_20_15_13_543,0.6,-0.3141992,93842.0,78547.0,1.221854,-4.158746,0.1360195,6.280481,0.009192996,3.698615,1.71,0.006999927,0.002067081,-0.7603776,0.01084804,0.006020069,-0.05347654,1.809
2024_02_10_20_15_13_575,0.6,-0.3141992,94002.0,78681.0,1.172085,-4.188718,0.1360195,6.280481,0.009192856,3.67276,1.71,0.00705453,0.002055643,-0.7604017,0.02169609,0.007092952,-0.03448967,1.809
2024_02_10_20_15_13_609,0.6,-0.3141992,94157.0,78811.0,1.123053,-4.216569,0.1360195,6.280481,0.009192959,3.647664,1.71,0.006993258,0.002077292,-0.760412,-0.004529953,-0.0007152557,0.007618218,1.809
2024_02_10_20_15_13_646,0.6,-0.3141992,94336.0,78960.0,1.065748,-4.247103,0.1360195,6.280481,0.009192938,3.618767,1.71,0.006971806,0.00204879,-0.7604119,0.02729893,0.006735324,-0.04570186,1.809
2024_02_10_20_15_13_684,0.6,-0.3141992,94510.0,79106.0,1.009126,-4.275232,0.1360194,6.280481,0.009192906,3.59063,1.71,0.006986016,0.00203661,-0.7603979,0.008702278,0.005245208,-0.02282485,1.809
2024_02_10_20_15_13_718,0.6,-0.3141992,94665.0,79236.0,0.9579736,-4.298966,0.1360196,6.280481,0.009192944,3.565536,1.71,0.006925441,0.002097912,-0.7604247,-0.04780292,-0.01567602,0.05693361,1.809
2024_02_10_20_15_13_755,0.6,-0.3141992,94843.0,79385.0,0.8983573,-4.324696,0.1360193,6.280481,0.009192651,3.536638,1.71,0.006978322,0.002096939,-0.7603613,-0.02801418,-0.01055002,0.09904987,1.809
2024_02_10_20_15_13_793,0.6,-0.3141992,95017.0,79531.0,0.8396184,-4.348084,0.1360195,6.280481,0.009192852,3.508501,1.71,0.007008867,0.002035987,-0.7603934,0.01621246,0.006496906,-0.0303816,1.809
2024_02_10_20_15_13_826,0.6,-0.3141992,95177.0,79665.0,0.7850819,-4.368112,0.1360195,6.280481,0.009192891,3.482646,1.71,0.007055042,0.002000486,-0.7603925,0.04446506,0.009745359,-0.0227876,1.809
2024_02_10_20_15_13_863,0.6,-0.3141992,95351.0,79811.0,0.7251655,-4.388297,0.1360195,6.280481,0.009192836,3.454509,1.71,0.007013469,0.002054309,-0.7603777,-0.01883507,-0.0008046626,0.01528487,1.809
2024_02_10_20_15_13_901,0.6,-0.3141992,95530.0,79960.0,0.6630639,-4.407263,0.1360194,6.280481,0.009192962,3.425612,1.71,0.007014732,0.002037937,-0.7603893,0.02729893,0.01212954,-0.07644948,1.809
2024_02_10_20_15_13_938,0.6,-0.3141992,95704.0,80106.0,0.6020944,-4.423999,0.1360195,6.280481,0.009192971,3.397476,1.71,0.006975107,0.002066237,-0.7604144,-0.03600121,-0.009357929,0.04960876,1.809
2024_02_10_20_15_13_971,0.6,-0.3141992,95864.0,80240.0,0.5456737,-4.43786,0.1360195,6.280481,0.009193044,3.371621,1.71,0.006904454,0.002105651,-0.7604752,-0.0411272,-0.01445413,0.06090197,1.809
2024_02_10_20_15_14_005,0.6,-0.3141992,96019.0,80370.0,0.4905868,-4.449914,0.1360195,6.280481,0.009192973,3.346526,1.71,0.006945888,0.002058463,-0.7604418,-0.03159046,-0.01132488,0.07256679,1.809
2024_02_10_20_15_14_043,0.6,-0.3141992,96193.0,80515.0,0.4284859,-4.46178,0.1360194,6.280481,0.009192938,3.31839,1.71,0.006895663,0.002101735,-0.7605166,-0.01680851,-0.01268089,0.06513298,1.809
2024_02_10_20_15_14_076,0.6,-0.3141992,96353.0,80649.0,0.3711458,-4.471141,0.1360195,6.280481,0.009192985,3.292534,1.71,0.007023036,0.002078302,-0.7604482,-0.01502037,-0.0005364418,-0.01524575,1.809
2024_02_10_20_15_14_113,0.6,-0.3141992,96527.0,80795.0,0.308495,-4.479639,0.1360195,6.280481,0.009192826,3.264398,1.71,0.007030648,0.002060656,-0.7603608,0.01585484,0.00500679,-0.02688449,1.809
2024_02_10_20_15_14_152,0.6,-0.3141992,96706.0,80944.0,0.2439279,-4.486528,0.1360194,6.280481,0.00919297,3.235501,1.71,0.006993995,0.002104437,-0.7603871,-0.01561642,-0.007480382,0.04218798,1.809
2024_02_10_20_15_14_188,0.6,-0.3141992,96880.0,81090.0,0.1808939,-4.491442,0.1360194,6.280481,0.009192954,3.207364,1.71,0.007002423,0.002102104,-0.7604576,0.003218651,-0.002667308,0.01930911,1.809
2024_02_10_20_15_14_221,0.6,-0.3141992,97040.0,81224.0,0.1228702,-4.494391,0.1360195,6.280481,0.009193107,3.181509,1.71,0.007012676,0.002030395,-0.7604705,-0.01394749,0.003546476,-0.03818236,1.809
2024_02_10_20_15_14_259,0.6,-0.3141992,97214.0,81370.0,0.05966395,-4.495896,0.1360195,6.280481,0.009192916,3.153372,1.71,0.006942454,0.002080931,-0.7603495,0.00667572,-0.004604459,0.03059488,1.809
2024_02_10_20_15_14_297,0.6,-0.3141992,97392.0,81519.0,-0.005268633,-4.495589,0.1360195,6.280481,0.009193009,3.124476,1.71,0.006972163,0.002097742,-0.7603855,-0.03409386,-0.00745058,0.02276711,1.809
2024_02_10_20_15_14_334,0.6,-0.3141992,97566.0,81665.0,-0.06845796,-4.493487,0.1360195,6.280481,0.009192961,3.09634,1.71,0.007036233,0.001988796,-0.7603409,0.05316734,0.0154674,-0.06857514,1.809
2024_02_10_20_15_14_372,0.6,-0.3141992,97745.0,81814.0,-0.1332677,-4.48948,0.1360195,6.280481,0.009193049,3.067443,1.71,0.006961959,0.002108151,-0.7604146,-0.03135204,-0.01172721,0.07261802,1.809
2024_02_10_20_15_14_409,0.6,-0.3141992,97919.0,81960.0,-0.1962347,-4.483782,0.1360195,6.280481,0.009193172,3.039307,1.71,0.006967556,0.002086413,-0.7604405,-0.0424385,-0.01493096,0.0993926,1.809
2024_02_10_20_15_14_447,0.6,-0.3141992,98098.0,82110.0,-0.2607099,-4.476088,0.1360195,6.280481,0.009193153,3.010411,1.71,0.007004621,0.002050349,-0.7604024,-0.0269413,-0.006049871,0.02675131,1.809
2024_02_10_20_15_14_483,0.6,-0.3141992,98272.0,82255.0,-0.3232498,-4.466808,0.1360194,6.280481,0.009193084,2.982275,1.71,0.006953942,0.002091205,-0.7604756,-0.003933907,-0.0003278255,-0.003495253,1.809
2024_02_10_20_15_14_517,0.6,-0.3141992,98427.0,82385.0,-0.3787884,-4.457051,0.1360195,6.280481,0.009193146,2.957182,1.71,0.006932628,0.002052627,-0.7605169,-0.001788139,-0.002771616,0.007915311,1.809
2024_02_10_20_15_14_555,0.6,-0.3141992,98605.0,82535.0,-0.4424161,-4.444091,0.1360196,6.280481,0.009193098,2.928286,1.71,0.006939774,0.002086427,-0.7604094,-0.03635883,-0.01442432,0.06491505,1.809
2024_02_10_20_15_14_588,0.6,-0.3141992,98761.0,82665.0,-0.4973473,-4.431352,0.1360195,6.280481,0.009192918,2.903191,1.71,0.007049611,0.002054391,-0.760367,-0.004172325,-5.960464e-05,0.0344459,1.809
2024_02_10_20_15_14_625,0.6,-0.3141992,98939.0,82814.0,-0.5601825,-4.414979,0.1360195,6.280481,0.009193027,2.874294,1.71,0.006992321,0.002051901,-0.7603399,-0.008106232,-0.00244379,0.01531374,1.809
2024_02_10_20_15_14_663,0.6,-0.3141992,99113.0,82960.0,-0.6208845,-4.397299,0.1360195,6.280481,0.009192934,2.84616,1.71,0.006954409,0.00207983,-0.7604059,0.004172325,0.0001192093,0.003729947,1.809
2024_02_10_20_15_14_697,0.6,-0.3141992,99273.0,83094.0,-0.6762058,-4.379552,0.1360195,6.280481,0.009193264,2.820305,1.71,0.00701736,0.001996539,-0.7604346,-0.007033348,0.005245208,-0.0532763,1.809
2024_02_10_20_15_14_734,0.6,-0.3141992,99447.0,83239.0,-0.7358652,-4.358623,0.1360196,6.280481,0.009193011,2.79217,1.71,0.006992345,0.002084532,-0.7603016,-0.0371933,-0.00411272,0.003678724,1.809
2024_02_10_20_15_14_771,0.6,-0.3141992,99621.0,83385.0,-0.7949107,-4.336022,0.1360195,6.280481,0.009192956,2.764035,1.71,0.006964527,0.002047513,-0.7604588,0.02193451,0.003993511,-0.03070663,1.809
2024_02_10_20_15_14_804,0.6,-0.3141992,99781.0,83519.0,-0.8485893,-4.313799,0.1360196,6.280481,0.009192993,2.738178,1.71,0.007014652,0.002067284,-0.7604007,-0.02157688,-0.005304813,0.01141336,1.809
2024_02_10_20_15_14_842,0.6,-0.3141992,99955.0,83665.0,-0.9063313,-4.288046,0.1360195,6.280481,0.009192958,2.710042,1.71,0.006947437,0.002043671,-0.7604142,-0.002384186,-0.000834465,0.007547438,1.809
2024_02_10_20_15_14_880,0.6,-0.3141992,100134.0,83814.0,-0.9648542,-4.259919,0.1360195,6.280481,0.009193053,2.681147,1.71,0.007056266,0.00204139,-0.7603886,-0.02491474,0.002980232,-0.03058277,1.809
2024_02_10_20_15_14_918,0.6,-0.3141992,100308.0,83960.0,-1.021035,-4.230916,0.1360196,6.280481,0.009192929,2.653012,1.71,0.006928843,0.002059408,-0.7604333,-0.008106232,-0.006973743,0.02259575,1.809
2024_02_10_20_15_14_951,0.6,-0.3141992,100468.0,84094.0,-1.071923,-4.202882,0.1360195,6.280481,0.009192842,2.627157,1.71,0.007027343,0.002052357,-0.7602867,0.04720687,0.0140667,-0.09928829,1.809
2024_02_10_20_15_14_988,0.6,-0.3141992,100642.0,84239.0,-1.126454,-4.170888,0.1360195,6.280481,0.009193014,2.599024,1.71,0.006938059,0.002031151,-0.7604062,0.002622604,-0.00846386,0.07279776,1.809
2024_02_10_20_15_15_026,0.6,-0.3141992,100820.0,84389.0,-1.1815,-4.136449,0.1360195,6.280481,0.009192977,2.57013,1.71,0.007121359,0.002047584,-0.7604131,-0.00834465,-0.001788139,0.01907442,1.809
2024_02_10_20_15_15_059,0.6,-0.3141992,100976.0,84519.0,-1.22848,-4.105261,0.1360195,6.280481,0.009192898,2.545037,1.71,0.00702751,0.001991234,-0.7603939,0.06258488,0.01579523,-0.0801999,1.809
2024_02_10_20_15_15_096,0.6,-0.3141992,101150.0,84665.0,-1.280206,-4.068903,0.1360195,6.280481,0.009193161,2.516903,1.71,0.007009953,0.002009309,-0.7604499,-0.007867813,-0.00745058,0.02685468,1.809
2024_02_10_20_15_15_134,0.6,-0.3141992,101328.0,84814.0,-1.332242,-4.030063,0.1360195,6.280481,0.009193161,2.48801,1.71,0.007086429,0.002017044,-0.7604184,0.01621246,0.007152557,-0.04950165,1.809
2024_02_10_20_15_15_167,0.6,-0.3141992,101483.0,84944.0,-1.376504,-3.995128,0.1360195,6.280481,0.009192936,2.462911,1.71,0.006944602,0.002073486,-0.7603998,-0.01382828,-0.008881092,0.06508827,1.809
2024_02_10_20_15_15_204,0.6,-0.3141992,101662.0,85094.0,-1.426368,-3.953536,0.1360195,6.280481,0.009192832,2.434016,1.71,0.006994312,0.002059203,-0.7603626,0.0001192093,-0.001728535,-0.003989786,1.809
2024_02_10_20_15_15_242,0.6,-0.3141992,101836.0,85239.0,-1.473747,-3.911671,0.1360195,6.280481,0.009192833,2.405881,1.71,0.007038635,0.002043244,-0.7603356,0.02539158,0.009715557,-0.0457,1.809
2024_02_10_20_15_15_276,0.6,-0.3141992,101996.0,85373.0,-1.516229,-3.872041,0.1360195,6.280481,0.009192998,2.380024,1.71,0.00699428,0.002073283,-0.7603642,-0.01478195,0.001251697,-2.793968e-05,1.809
2024_02_10_20_15_15_313,0.6,-0.3141992,102170.0,85519.0,-1.56128,-3.827682,0.1360195,6.280481,0.009193116,2.351891,1.71,0.007004303,0.002048747,-0.7603999,-0.002503395,0.0004172325,-0.03449619,1.809
2024_02_10_20_15_15_346,0.6,-0.3141992,102325.0,85649.0,-1.600393,-3.787062,0.1360193,6.280481,0.009192884,2.326798,1.71,0.007051022,0.002081077,-0.7603405,0.02074241,-0.0002384186,0.01550279,1.809
2024_02_10_20_15_15_384,0.6,-0.3141992,102504.0,85798.0,-1.644153,-3.73909,0.1360195,6.280481,0.009192953,2.297901,1.71,0.006989027,0.002020832,-0.7604265,0.0128746,-0.001490116,0.0382876,1.809
2024_02_10_20_15_15_422,0.6,-0.3141992,102678.0,85944.0,-1.685414,-3.691184,0.1360194,6.280481,0.009192993,2.269764,1.71,0.006990903,0.002090055,-0.760421,-0.01037121,-0.009775162,0.05749799,1.809
2024_02_10_20_15_15_459,0.6,-0.3141992,102857.0,86094.0,-1.726368,-3.640798,0.1360195,6.280481,0.009192648,2.240866,1.71,0.00702563,0.002113863,-0.7603418,-0.002264977,-0.0007152557,0.01130626,1.809
2024_02_10_20_15_15_492,0.6,-0.3141992,103012.0,86224.0,-1.76074,-3.596095,0.1360195,6.280481,0.009192984,2.21577,1.71,0.007014558,0.002006916,-0.760406,0.02479553,0.005602836,-0.04970282,1.809
2024_02_10_20_15_15_529,0.6,-0.3141992,103191.0,86373.0,-1.798916,-3.54357,0.1360195,6.280481,0.009192991,2.186873,1.71,0.007006626,0.002022784,-0.7603676,0.02241134,0.007927418,-0.06099417,1.809
2024_02_10_20_15_15_569,0.6,-0.3141992,103365.0,86519.0,-1.834614,-3.491388,0.1360195,6.280481,0.009192959,2.158739,1.71,0.007008554,0.002049344,-0.7603755,0.03254414,0.0141859,-0.103184,1.809
2024_02_10_20_15_15_601,0.6,-0.3141992,103525.0,86653.0,-1.86611,-3.442569,0.1360194,6.280481,0.009193142,2.132886,1.71,0.00697371,0.002084931,-0.7604637,-0.000834465,-0.003039837,0.0002468005,1.809
2024_02_10_20_15_15_638,0.6,-0.3141992,103699.0,86798.0,-1.898939,-3.388538,0.1360195,6.280481,0.009193096,2.104751,1.71,0.006943848,0.0020317,-0.760453,-0.003099441,-0.008165836,0.06128475,1.809
2024_02_10_20_15_15_675,0.6,-0.3141992,103877.0,86948.0,-1.93106,-3.332108,0.1360195,6.280481,0.00919326,2.075853,1.71,0.007002901,0.001959453,-0.7604451,0.02253055,0.0002980232,0.004033558,1.809
2024_02_10_20_15_15_713,0.6,-0.3141992,104051.0,87094.0,-1.960757,-3.276293,0.1360194,6.280481,0.009192926,2.047715,1.71,0.006933201,0.002141369,-0.7604352,-0.04768371,-0.01370907,0.06867107,1.809
2024_02_10_20_15_15_751,0.6,-0.3141992,104230.0,87243.0,-1.98961,-3.218123,0.1360194,6.280481,0.009192752,2.018821,1.71,0.00701019,0.0020715,-0.7603456,0.02980232,0.003874302,0.01544505,1.809
2024_02_10_20_15_15_783,0.6,-0.3141992,104385.0,87373.0,-2.013293,-3.166949,0.1360194,6.280481,0.009193011,1.99373,1.71,0.007064901,0.002102109,-0.7603899,0.003457069,0.005602836,-0.04922226,1.809
2024_02_10_20_15_15_822,0.6,-0.3141992,104559.0,87519.0,-2.03831,-3.108886,0.1360195,6.280481,0.009192716,1.965595,1.71,0.007090223,0.002064826,-0.7603014,0.03075599,0.00706315,-0.03069266,1.809
2024_02_10_20_15_15_859,0.6,-0.3141992,104738.0,87668.0,-2.062294,-3.048545,0.1360195,6.280481,0.009193073,1.936698,1.71,0.007058284,0.002009389,-0.7603921,0.004053116,-0.008612871,0.07260963,1.809
2024_02_10_20_15_15_892,0.6,-0.3141992,104893.0,87798.0,-2.081699,-2.9956,0.1360196,6.280481,0.009193039,1.911606,1.71,0.006991691,0.002030493,-0.7604134,0.02431869,0.003874302,-0.03053155,1.809
2024_02_10_20_15_15_926,0.6,-0.3141992,105053.0,87932.0,-2.100295,-2.940561,0.1360195,6.280482,0.009193056,1.885752,1.71,0.006964221,0.002031049,-0.7603422,-0.01323223,0.001341104,0.003575347,1.809
2024_02_10_20_15_15_962,0.6,-0.3141992,105227.0,88078.0,-2.118911,-2.88014,0.1360195,6.280481,0.009193226,1.857616,1.71,0.006921489,0.002024533,-0.7603908,-0.02813339,-0.008821487,0.05352776,1.809
2024_02_10_20_15_16_001,0.6,-0.3141992,105406.0,88227.0,-2.136255,-2.817567,0.1360195,6.280481,0.009193142,1.828719,1.71,0.006980116,0.002030639,-0.7603808,-0.02038479,-0.002026558,0.007558614,1.809
2024_02_10_20_15_16_037,0.6,-0.3141992,105580.0,88373.0,-2.151394,-2.756184,0.1360196,6.280481,0.009192969,1.800581,1.71,0.006964088,0.002013471,-0.7603891,0.0218153,0.006645917,-0.02691615,1.809
2024_02_10_20_15_16_076,0.6,-0.3141992,105754.0,88519.0,-2.164801,-2.694399,0.1360195,6.280481,0.009193108,1.772446,1.71,0.006928346,0.002034725,-0.7604657,0.005602836,-0.006258487,0.03459398,1.809
2024_02_10_20_15_16_109,0.6,-0.3141992,105913.0,88652.0,-2.175585,-2.637311,0.1360194,6.280481,0.009193063,1.74659,1.71,0.006974995,0.00205642,-0.7604568,-0.004529953,0.001639128,-0.01141243,1.809
2024_02_10_20_15_16_146,0.6,-0.3141992,106087.0,88798.0,-2.185638,-2.574893,0.1360195,6.280481,0.00919304,1.718453,1.71,0.006974748,0.001980146,-0.7604152,0.0005960464,-0.002861023,0.042052,1.809
2024_02_10_20_15_16_180,0.6,-0.3141992,106247.0,88932.0,-2.193325,-2.517308,0.1360194,6.280481,0.009192729,1.692598,1.71,0.006956694,0.002063529,-0.7603713,0.002622604,0.001505017,-0.003866851,1.809
2024_02_10_20_15_16_213,0.6,-0.3141992,106403.0,89062.0,-2.19936,-2.461242,0.1360196,6.280481,0.009193078,1.667505,1.71,0.00703072,0.00200989,-0.7603579,0.007510185,0.006273388,-0.05352217,1.809
2024_02_10_20_15_16_251,0.6,-0.3141992,106577.0,89207.0,-2.204451,-2.398224,0.1360195,6.280481,0.009193012,1.639369,1.71,0.007012562,0.002038188,-0.7603766,-0.005960464,0.003397465,-0.02702046,1.809
2024_02_10_20_15_16_288,0.6,-0.3141992,106755.0,89357.0,-2.207832,-2.333381,0.1360194,6.280481,0.009192836,1.610473,1.71,0.006980819,0.002093222,-0.7603937,-0.006079673,0.001654029,-0.03442355,1.809
2024_02_10_20_15_16_325,0.6,-0.3141992,106929.0,89503.0,-2.209323,-2.270176,0.1360195,6.280481,0.009192914,1.58234,1.71,0.006951792,0.002048234,-0.7604172,-0.004410744,-0.001505017,0.01144502,1.809
2024_02_10_20_15_16_363,0.6,-0.3141992,107108.0,89652.0,-2.209005,-2.205246,0.1360194,6.280482,0.009192961,1.553441,1.71,0.006971664,0.00206795,-0.7603793,0.01347065,0.009179115,-0.02642069,1.809
2024_02_10_20_15_16_400,0.6,-0.3141992,107282.0,89798.0,-2.206892,-2.14206,0.1360196,6.280481,0.009193082,1.525305,1.71,0.007034802,0.002039566,-0.7603019,0.005245208,0.002115965,-0.01534074,1.809
2024_02_10_20_15_16_435,0.6,-0.3141992,107442.0,89932.0,-2.203382,-2.08407,0.1360195,6.280481,0.009192989,1.499453,1.71,0.007027499,0.002057927,-0.7604034,0.00846386,0.005722045,-0.04569813,1.809
2024_02_10_20_15_16_471,0.6,-0.3141992,107616.0,90077.0,-2.197861,-2.021089,0.1360194,6.280481,0.009193045,1.471315,1.71,0.006861972,0.002030345,-0.7604744,-0.00834465,-0.007420778,0.07264037,1.809
2024_02_10_20_15_16_509,0.6,-0.3141992,107794.0,90227.0,-2.190349,-1.956595,0.1360194,6.280481,0.009192952,1.442419,1.71,0.00703151,0.002068986,-0.7603528,0.02479553,0.012815,-0.09163468,1.809
2024_02_10_20_15_16_546,0.6,-0.3141992,107968.0,90373.0,-2.181247,-1.894031,0.1360195,6.280481,0.009193112,1.41428,1.71,0.006926261,0.002040924,-0.7604399,0.0,-0.003308058,0.01150463,1.809
2024_02_10_20_15_16_584,0.6,-0.3141992,108147.0,90522.0,-2.170071,-1.830069,0.1360194,6.280481,0.009192823,1.385384,1.71,0.007086789,0.002068161,-0.7603428,0.01263618,0.008165836,-0.02676341,1.809
2024_02_10_20_15_16_617,0.6,-0.3141992,108302.0,90652.0,-2.158869,-1.774805,0.1360195,6.280481,0.009193051,1.360288,1.71,0.006824062,0.002083704,-0.7605228,-0.006437301,-0.007152557,0.04985928,1.809
2024_02_10_20_15_16_655,0.6,-0.3141992,108481.0,90802.0,-2.144257,-1.71154,0.1360195,6.280481,0.009192702,1.331391,1.71,0.006995346,0.002118524,-0.7603847,-0.006914138,-0.001490116,-0.02305209,1.809
2024_02_10_20_15_16_692,0.6,-0.3141992,108655.0,90948.0,-2.128279,-1.65037,0.1360194,6.280481,0.009192938,1.303254,1.71,0.007020041,0.001985269,-0.7603851,0.03838539,0.01120567,-0.05729682,1.809
2024_02_10_20_15_16_731,0.6,-0.3141992,108834.0,91097.0,-2.110084,-1.588039,0.1360194,6.280481,0.009192852,1.274359,1.71,0.007054555,0.002089611,-0.7603412,0.01978874,0.01138449,-0.04150718,1.809
2024_02_10_20_15_16_763,0.6,-0.3141992,108989.0,91227.0,-2.092828,-1.534356,0.1360195,6.280481,0.00919306,1.249263,1.71,0.00700217,0.002051644,-0.760381,0.005602836,0.0008940696,2.793968e-05,1.809
2024_02_10_20_15_16_800,0.6,-0.3141992,109163.0,91373.0,-2.071885,-1.474703,0.1360194,6.280481,0.0091931,1.221125,1.71,0.006939322,0.00202117,-0.7604151,0.01573563,0.002980232,0.007946044,1.809
2024_02_10_20_15_16_834,0.6,-0.3141992,109323.0,91507.0,-2.051168,-1.420426,0.1360195,6.280481,0.009192982,1.195269,1.71,0.006980958,0.00201889,-0.7603723,0.01227856,-0.0002384186,0.02299342,1.809
2024_02_10_20_15_16_872,0.6,-0.3141992,109497.0,91652.0,-2.027038,-1.36199,0.1360195,6.280481,0.009193125,1.167132,1.71,0.006987039,0.00202433,-0.7604073,0.007271766,0.004053116,-0.01137983,1.809
2024_02_10_20_15_16_905,0.6,-0.3141992,109657.0,91786.0,-2.003422,-1.308911,0.1360195,6.280481,0.009192959,1.141279,1.71,0.006959289,0.002041183,-0.7603999,0.0003576278,-0.002801418,0.03437512,1.809
2024_02_10_20_15_16_942,0.6,-0.3141992,109831.0,91932.0,-1.976174,-1.251863,0.1360195,6.280481,0.009192894,1.113142,1.71,0.007019922,0.002076311,-0.7603353,0.007152557,0.002741813,-0.0153631,1.809
2024_02_10_20_15_16_980,0.6,-0.3141992,110009.0,92081.0,-1.946529,-1.194095,0.1360196,6.280481,0.00919306,1.084243,1.71,0.006932977,0.002004203,-0.760425,-0.008583069,0.003397465,-0.03839098,1.809
2024_02_10_20_15_17_013,0.6,-0.3141992,110164.0,92211.0,-1.919439,-1.144641,0.1360195,6.280481,0.009192999,1.059148,1.71,0.007029755,0.002072856,-0.7603716,0.01180172,0.001847744,-0.01899712,1.809
2024_02_10_20_15_17_050,0.6,-0.3141992,110338.0,92357.0,-1.887601,-1.09002,0.1360195,6.280481,0.009193005,1.031011,1.71,0.006953167,0.002041214,-0.7604331,-0.007629394,0.0003576278,-0.01520663,1.809
2024_02_10_20_15_17_088,0.6,-0.3141992,110517.0,92506.0,-1.853316,-1.034879,0.1360195,6.280481,0.009193047,1.002116,1.71,0.006935582,0.002085864,-0.7604507,0.001430511,-0.006318092,0.03456883,1.809
2024_02_10_20_15_17_126,0.6,-0.3141992,110691.0,92652.0,-1.818417,-0.9821624,0.1360194,6.280481,0.009192801,0.9739803,1.71,0.007041369,0.002052393,-0.7603585,0.01382828,0.0116229,-0.05342811,1.809
2024_02_10_20_15_17_159,0.6,-0.3141992,110851.0,92786.0,-1.785051,-0.934603,0.1360194,6.280481,0.009192807,0.9481258,1.71,0.00700113,0.0021085,-0.7603955,0.01108646,0.0001192093,-0.0153305,1.809
2024_02_10_20_15_17_196,0.6,-0.3141992,111025.0,92932.0,-1.747356,-0.8838462,0.1360195,6.280481,0.0091929,0.9199895,1.71,0.006969673,0.002024419,-0.7604082,0.01013279,0.001907349,-0.004030764,1.809
2024_02_10_20_15_17_234,0.6,-0.3141992,111204.0,93081.0,-1.707173,-0.8328432,0.1360195,6.280481,0.009192849,0.8910942,1.71,0.006998043,0.002089181,-0.760374,-0.03051758,-0.007927418,0.01873448,1.809
2024_02_10_20_15_17_267,0.6,-0.3141992,111359.0,93211.0,-1.671093,-0.7895082,0.1360195,6.280481,0.009192742,0.8659998,1.71,0.007039379,0.00199316,-0.7603695,0.02837181,0.01358986,-0.0611348,1.809
2024_02_10_20_15_17_304,0.6,-0.3141992,111533.0,93357.0,-1.629364,-0.7420145,0.1360194,6.280481,0.009192745,0.837864,1.71,0.007015817,0.002099785,-0.7603742,-0.01454353,-0.00166893,0.02292078,1.809
2024_02_10_20_15_17_338,0.6,-0.3141992,111693.0,93491.0,-1.589853,-0.6994225,0.1360194,6.280481,0.009192876,0.8120079,1.71,0.006955184,0.002055889,-0.7604268,-0.01811981,-0.008225441,0.06864592,1.809
2024_02_10_20_15_17_376,0.6,-0.3141992,111867.0,93636.0,-1.545621,-0.6542506,0.1360195,6.280481,0.009193144,0.7838711,1.71,0.006911326,0.002051968,-0.7604958,-0.01227856,-0.005125999,0.01538079,1.809
2024_02_10_20_15_17_409,0.6,-0.3141992,112027.0,93770.0,-1.503869,-0.6138538,0.1360196,6.280481,0.009192959,0.7580166,1.71,0.006941825,0.00203654,-0.7603837,-0.01013279,-0.007271766,0.06116647,1.809
2024_02_10_20_15_17_446,0.6,-0.3141992,112201.0,93916.0,-1.457263,-0.5711346,0.1360195,6.280481,0.009192995,0.7298803,1.71,0.00697499,0.002031906,-0.7604375,0.005722045,-0.002980232,0.04203803,1.809
2024_02_10_20_15_17_480,0.6,-0.3141992,112356.0,94046.0,-1.414697,-0.5341535,0.1360194,6.280481,0.00919304,0.7047843,1.71,0.007004515,0.002011705,-0.7604003,0.02515316,-5.960464e-05,0.01537893,1.809
2024_02_10_20_15_17_513,0.6,-0.3141992,112516.0,94180.0,-1.369885,-0.4971809,0.1360195,6.280481,0.009192924,0.6789277,1.71,0.00702653,0.002042402,-0.7602974,-0.008940697,-0.00667572,0.04954636,1.809
2024_02_10_20_15_17_550,0.6,-0.3141992,112690.0,94325.0,-1.320049,-0.458278,0.1360195,6.280481,0.009192932,0.6507919,1.71,0.006982054,0.002076152,-0.7603725,-0.0005960464,0.001728535,-0.0229124,1.809
2024_02_10_20_15_17_589,0.6,-0.3141992,112868.0,94475.0,-1.267748,-0.419799,0.1360195,6.280481,0.009193198,0.6218944,1.71,0.006902722,0.002005972,-0.7606024,-0.003933907,-0.006318092,0.04612282,1.809
2024_02_10_20_15_17_626,0.6,-0.3141992,113042.0,94621.0,-1.215775,-0.3837996,0.1360195,6.280481,0.00919286,0.5937576,1.71,0.00703712,0.002044702,-0.7603849,-0.02110004,-0.004470348,0.03040302,1.809
2024_02_10_20_15_17_663,0.6,-0.3141992,113221.0,94770.0,-1.161366,-0.3483638,0.1360195,6.280481,0.009192873,0.5648592,1.71,0.006990274,0.002040406,-0.7603387,-0.02431869,-0.001132488,-0.007914379,1.809
2024_02_10_20_15_17_701,0.6,-0.3141992,113395.0,94916.0,-1.107426,-0.3153854,0.1360195,6.280481,0.009192769,0.5367202,1.71,0.006996478,0.002046433,-0.7603771,0.02026558,0.01144409,-0.07265806,1.809
2024_02_10_20_15_17_737,0.6,-0.3141992,113574.0,95066.0,-1.051086,-0.2831089,0.1360194,6.280481,0.009192983,0.5078195,1.71,0.006968181,0.002027276,-0.7604803,0.009179115,0.007212162,-0.0457298,1.809
2024_02_10_20_15_17_771,0.6,-0.3141992,113729.0,95195.0,-1.001419,-0.2564105,0.1360194,6.280481,0.009192864,0.4827246,1.71,0.007029455,0.002050407,-0.7604752,-0.009775162,-0.006854534,0.04981085,1.809
2024_02_10_20_15_17_804,0.6,-0.3141992,113884.0,95325.0,-0.951097,-0.2309667,0.1360194,6.280481,0.009192728,0.4576291,1.71,0.006969427,0.002051348,-0.7604933,0.009179115,-0.0007152557,0.02675876,1.809
2024_02_10_20_15_17_842,0.6,-0.3141992,114063.0,95475.0,-0.8923813,-0.2032427,0.1360195,6.280481,0.009192866,0.4287311,1.71,0.006942038,0.002080007,-0.760429,-0.03838539,-0.01174211,0.06468315,1.809
2024_02_10_20_15_17_879,0.6,-0.3141992,114237.0,95621.0,-0.8344644,-0.1778894,0.1360195,6.280481,0.009193144,0.4005927,1.71,0.006956633,0.002026364,-0.7605565,-0.02658367,-0.004917383,-0.01534354,1.809
2024_02_10_20_15_17_913,0.6,-0.3141992,114397.0,95754.0,-0.7806336,-0.1560367,0.1360196,6.280481,0.009192893,0.3747355,1.71,0.00695132,0.002017846,-0.7604201,0.003576278,0.002086163,-0.02319272,1.809
2024_02_10_20_15_17_950,0.6,-0.3141992,114571.0,95900.0,-0.7214324,-0.1338461,0.1360194,6.280481,0.009192964,0.3465971,1.71,0.006960566,0.002046362,-0.7604931,-0.001072884,-0.001639128,0.0001834705,1.809
2024_02_10_20_15_17_987,0.6,-0.3141992,114750.0,96050.0,-0.6600057,-0.1127987,0.1360195,6.280481,0.009192901,0.317697,1.71,0.00701669,0.001993733,-0.7604743,-0.02110004,-0.002682209,0.01126248,1.809
2024_02_10_20_15_18_022,0.6,-0.3141992,114905.0,96180.0,-0.6061875,-0.09596728,0.1360194,6.280481,0.00919279,0.292601,1.71,0.006979985,0.00202937,-0.7604501,-0.01084804,-0.007599592,0.07630605,1.809
2024_02_10_20_15_18_059,0.6,-0.3141992,115083.0,96329.0,-0.5437137,-0.07826572,0.1360194,6.280481,0.009192779,0.2637019,1.71,0.006975275,0.002013324,-0.7604247,0.01096725,-0.002771616,0.04193838,1.809
2024_02_10_20_15_18_097,0.6,-0.3141992,115257.0,96475.0,-0.4824174,-0.06277152,0.1360194,6.280481,0.009192497,0.2355641,1.71,0.007031401,0.00210332,-0.7603244,0.02360344,0.00873208,-0.0498332,1.809
2024_02_10_20_15_18_134,0.6,-0.3141992,115436.0,96625.0,-0.4190361,-0.04866014,0.1360195,6.280481,0.009192861,0.2066645,1.71,0.007022776,0.001975349,-0.7604577,0.05507469,0.01232326,-0.05336851,1.809
2024_02_10_20_15_18_171,0.6,-0.3141992,115610.0,96770.0,-0.356956,-0.0366854,0.1360195,6.280481,0.009192923,0.1785261,1.71,0.006960559,0.002065331,-0.7605585,-0.02789497,-0.009119511,0.04590209,1.809
2024_02_10_20_15_18_209,0.6,-0.3141992,115789.0,96920.0,-0.2928729,-0.02621017,0.1360195,6.280481,0.009192733,0.149627,1.71,0.007080253,0.002047171,-0.7603908,-0.03278255,-0.002115965,0.0187438,1.809
2024_02_10_20_15_18_247,0.6,-0.3141992,115963.0,97066.0,-0.2302109,-0.01779392,0.1360195,6.280481,0.00919281,0.1214891,1.71,0.0070613,0.00208895,-0.7604026,0.006914138,0.009939074,-0.07636473,1.809
2024_02_10_20_15_18_279,0.6,-0.3141992,116118.0,97196.0,-0.1741437,-0.01177768,0.1360196,6.280481,0.009193093,0.09639312,1.71,0.006923125,0.002050448,-0.7604849,-0.01955032,-0.00834465,0.03435649,1.809
2024_02_10_20_15_18_313,0.6,-0.3141992,116278.0,97330.0,-0.1162381,-0.007052678,0.1360195,6.280481,0.009193096,0.07053595,1.71,0.006924921,0.002023738,-0.7605107,-0.01788139,-0.006601214,0.04194211,1.809
2024_02_10_20_15_18_350,0.6,-0.3141992,116452.0,97475.0,-0.05310772,-0.003613677,0.1360195,6.280481,0.00919301,0.04239859,1.71,0.007030907,0.002028452,-0.760417,0.01454353,0.007003545,-0.05726795,1.809
2024_02_10_20_15_18_383,0.6,-0.3141992,116612.0,97609.0,0.004968107,-0.002020678,0.1360195,6.280481,0.009192787,0.01654249,1.71,0.007009155,0.0021121,-0.7603407,-0.01335144,-0.003963709,0.04181359,1.809
2024_02_10_20_15_18_423,0.6,-0.3141992,116786.0,97755.0,0.0681915,-0.001993768,0.1360194,6.280481,0.009192962,6.27159,1.71,0.007021496,0.002088509,-0.7604356,-0.004410744,-0.0003576278,0.007768161,1.809
2024_02_10_20_15_18_454,0.6,-0.3141992,116941.0,97885.0,0.1245614,-0.003470501,0.1360196,6.280481,0.009193164,6.246494,1.71,0.006983823,0.002014518,-0.7604617,-0.01776218,-0.009268522,0.06497931,1.809
2024_02_10_20_15_18_494,0.6,-0.3141992,117120.0,98034.0,0.189402,-0.00692251,0.1360196,6.280481,0.009193111,6.217596,1.71,0.007058662,0.00199765,-0.7604027,0.01823902,0.008791685,-0.04952587,1.809
2024_02_10_20_15_18_525,0.6,-0.3141992,117275.0,98164.0,0.2456097,-0.0114393,0.1360195,6.280481,0.009193087,6.1925,1.71,0.007058674,0.001986463,-0.7604116,0.03075599,0.006079673,-0.01504924,1.809
2024_02_10_20_15_18_563,0.6,-0.3141992,117454.0,98314.0,0.3101698,-0.01838557,0.1360195,6.280481,0.009193262,6.163602,1.71,0.00700303,0.00202297,-0.7604978,-0.01621246,-0.008299947,0.01520663,1.809
2024_02_10_20_15_18_600,0.6,-0.3141992,117628.0,98460.0,0.3728122,-0.02693873,0.1360194,6.280481,0.009192886,6.135465,1.71,0.0070244,0.002105196,-0.7603834,-0.02002716,-0.004023314,0.01898129,1.809
2024_02_10_20_15_18_637,0.6,-0.3141992,117806.0,98609.0,0.4368707,-0.03755395,0.1360195,6.280481,0.009193129,6.106567,1.71,0.007036303,0.002030263,-0.7604085,0.00655651,0.005960464,-0.04568137,1.809
2024_02_10_20_15_18_675,0.6,-0.3141992,117980.0,98755.0,0.498924,-0.04966415,0.1360195,6.280481,0.009192931,6.078429,1.71,0.006973745,0.00211549,-0.7604897,0.01323223,-0.001907349,0.003722496,1.809
2024_02_10_20_15_18_713,0.6,-0.3141992,118159.0,98904.0,0.5622737,-0.06391358,0.1360194,6.280481,0.009192893,6.049531,1.71,0.006989492,0.002135301,-0.7604927,-0.01585484,-0.004470348,0.01541339,1.809
2024_02_10_20_15_18_746,0.6,-0.3141992,118314.0,99034.0,0.6169341,-0.07776897,0.1360195,6.280481,0.009193149,6.024435,1.71,0.006953777,0.002012881,-0.76047,-0.01704693,-0.0003576278,0.003888272,1.809
2024_02_10_20_15_18_783,0.6,-0.3141992,118488.0,99180.0,0.6777844,-0.09492929,0.1360195,6.280481,0.009193134,5.996298,1.71,0.006950676,0.002041416,-0.7605353,-0.003218651,-0.008761883,0.04593748,1.809
2024_02_10_20_15_18_816,0.6,-0.3141992,118648.0,99314.0,0.7332541,-0.1122018,0.1360197,6.280481,0.009193187,5.970442,1.71,0.007046008,0.002012966,-0.7603983,0.00166893,0.005900859,-0.04598591,1.809
2024_02_10_20_15_18_850,0.6,-0.3141992,118803.0,99444.0,0.7866486,-0.1303324,0.1360195,6.280481,0.009193054,5.945348,1.71,0.006991213,0.00204065,-0.7604524,-0.007867813,0.001907349,-0.01154095,1.809
2024_02_10_20_15_18_887,0.6,-0.3141992,118982.0,99593.0,0.8475454,-0.152862,0.1360196,6.280481,0.009193173,5.916451,1.71,0.006981123,0.002048137,-0.7604226,-0.01430511,-0.005066394,0.007557682,1.809
2024_02_10_20_15_18_925,0.6,-0.3141992,119156.0,99739.0,0.9061904,-0.1764805,0.1360196,6.280481,0.00919305,5.888314,1.71,0.006988011,0.002028435,-0.7603974,0.02634525,0.0004768371,0.01533516,1.809
2024_02_10_20_15_18_963,0.6,-0.3141992,119335.0,99889.0,0.9657063,-0.2024448,0.1360196,6.280481,0.009193247,5.859416,1.71,0.006945995,0.002085397,-0.7604787,-0.04673004,-0.01239777,0.05347188,1.809
2024_02_10_20_15_18_996,0.6,-0.3141992,119490.0,100019.0,1.016763,-0.2263796,0.1360196,6.280481,0.009193095,5.834321,1.71,0.007001469,0.002008209,-0.7604187,0.02133846,0.008165836,-0.04217121,1.809
2024_02_10_20_15_19_033,0.6,-0.3141992,119664.0,100164.0,1.073273,-0.2547289,0.1360195,6.280481,0.00919304,5.806183,1.71,0.007000247,0.002056071,-0.7604153,0.006914138,0.001609325,-0.007325783,1.809
2024_02_10_20_15_19_066,0.6,-0.3141992,119824.0,100298.0,1.124482,-0.2821726,0.1360195,6.280481,0.009192915,5.780325,1.71,0.006957786,0.002043157,-0.7604311,0.01263618,0.005245208,-0.03439561,1.809
2024_02_10_20_15_19_104,0.6,-0.3141992,119998.0,100444.0,1.179381,-0.3135318,0.1360195,6.280481,0.009193091,5.75219,1.71,0.006958136,0.002055085,-0.7605132,0.003457069,-0.007688999,0.04612282,1.809
2024_02_10_20_15_19_142,0.6,-0.3141992,120176.0,100594.0,1.234822,-0.3473328,0.1360195,6.280481,0.009193116,5.723294,1.71,0.007019572,0.001979168,-0.7604465,-0.01168251,-0.003635883,0.03454369,1.809
2024_02_10_20_15_19_179,0.6,-0.3141992,120350.0,100739.0,1.287843,-0.3817701,0.1360195,6.280481,0.0091928,5.695158,1.71,0.00700297,0.002047299,-0.7604344,0.01645088,0.003457069,-0.0002011657,1.809
2024_02_10_20_15_19_217,0.6,-0.3141992,120529.0,100889.0,1.341267,-0.4186765,0.1360195,6.280481,0.009193071,5.666265,1.71,0.006988259,0.002062123,-0.7604304,-0.03349781,-0.01245737,0.0762362,1.809
2024_02_10_20_15_19_254,0.6,-0.3141992,120703.0,101035.0,1.39224,-0.4560799,0.1360195,6.280481,0.009193023,5.638128,1.71,0.007020887,0.002080379,-0.7604524,-0.01204014,-0.00333786,-0.0001462176,1.809
2024_02_10_20_15_19_292,0.6,-0.3141992,120882.0,101184.0,1.443473,-0.4959709,0.1360195,6.280481,0.009193134,5.60923,1.71,0.006934351,0.002032357,-0.7604822,-0.0218153,-0.001311302,-0.003937632,1.809
2024_02_10_20_15_19_329,0.6,-0.3141992,121056.0,101330.0,1.492229,-0.5362184,0.1360195,6.280481,0.009193087,5.581093,1.71,0.006997938,0.002078556,-0.7603967,-0.0371933,-0.006794929,0.03037602,1.809
2024_02_10_20_15_19_363,0.6,-0.3141992,121216.0,101464.0,1.536019,-0.5743988,0.1360195,6.280481,0.009193173,5.55524,1.71,0.007017783,0.001984371,-0.7603838,0.01513958,0.002026558,0.01910515,1.809
2024_02_10_20_15_19_400,0.6,-0.3141992,121390.0,101609.0,1.582532,-0.617219,0.1360195,6.280481,0.009193206,5.527103,1.71,0.006948744,0.00202342,-0.760452,0.0257492,0.005900859,-0.03420748,1.809
2024_02_10_20_15_19_438,0.6,-0.3141992,121568.0,101759.0,1.62903,-0.6625406,0.1360195,6.280481,0.009192821,5.498207,1.71,0.006975171,0.002098126,-0.7603967,0.001430511,-0.002741813,0.02670381,1.809
2024_02_10_20_15_19_475,0.6,-0.3141992,121742.0,101905.0,1.673026,-0.7079425,0.1360195,6.280481,0.009193142,5.47007,1.71,0.007025743,0.00204084,-0.7603943,-0.02372265,-0.005364418,0.03432855,1.809
2024_02_10_20_15_19_513,0.6,-0.3141992,121921.0,102054.0,1.716864,-0.7558405,0.1360195,6.280481,0.009193146,5.441173,1.71,0.0069867,0.001991177,-0.7604439,0.0193119,0.01072884,-0.07244665,1.809
2024_02_10_20_15_19_550,0.6,-0.3141992,122095.0,102200.0,1.758203,-0.8036764,0.1360195,6.280481,0.009192964,5.413037,1.71,0.006915686,0.002065459,-0.7604111,0.03516674,0.002741813,-0.003706664,1.809
2024_02_10_20_15_19_588,0.6,-0.3141992,122274.0,102350.0,1.799239,-0.8539954,0.1360195,6.280481,0.009193182,5.384141,1.71,0.006952803,0.00202811,-0.7605079,0.0244379,0.004053116,-0.03046635,1.809
2024_02_10_20_15_19_624,0.6,-0.3141992,122448.0,102495.0,1.837782,-0.9041095,0.1360195,6.280481,0.009193189,5.356005,1.71,0.006961188,0.002048977,-0.7604349,0.003218651,-0.002264977,0.007698312,1.809
2024_02_10_20_15_19_663,0.6,-0.3141992,122627.0,102645.0,1.875884,-0.9566855,0.1360196,6.280481,0.009193053,5.327109,1.71,0.006975773,0.002055605,-0.7603576,0.00166893,0.001907349,-0.003625639,1.809
2024_02_10_20_15_19_700,0.6,-0.3141992,122801.0,102790.0,1.911507,-1.008916,0.1360195,6.280481,0.009193142,5.298974,1.71,0.006963801,0.002027161,-0.7604226,-0.02205372,-0.009655952,0.07622223,1.809
2024_02_10_20_15_19_738,0.6,-0.3141992,122975.0,102936.0,1.945648,-1.062127,0.1360195,6.280481,0.009193162,5.270838,1.71,0.007050909,0.001995198,-0.7604229,0.0269413,0.009417534,-0.06864965,1.809
2024_02_10_20_15_19_775,0.6,-0.3141992,123153.0,103086.0,1.97914,-1.117756,0.1360195,6.280481,0.009193107,5.241941,1.71,0.006946036,0.002061534,-0.7604231,-0.002384186,-0.004887581,0.02303719,1.809
2024_02_10_20_15_19_808,0.6,-0.3141992,123308.0,103216.0,2.006912,-1.166831,0.1360195,6.280481,0.009192948,5.216846,1.71,0.007006936,0.002013112,-0.7604635,0.05066394,0.009953975,-0.01893658,1.809
2024_02_10_20_15_19_845,0.6,-0.3141992,123487.0,103365.0,2.037352,-1.224185,0.1360195,6.280481,0.009193227,5.18795,1.71,0.007041861,0.002054569,-0.7604177,-0.00834465,0.002324581,-0.04953146,1.809
2024_02_10_20_15_19_884,0.6,-0.3141992,123661.0,103511.0,2.065388,-1.280851,0.1360195,6.280481,0.009192973,5.159815,1.71,0.006933974,0.002066257,-0.7603766,0.004649162,0.002503395,-0.01903158,1.809
2024_02_10_20_15_19_917,0.6,-0.3141992,123821.0,103645.0,2.089734,-1.3336,0.1360195,6.280481,0.009193042,5.133965,1.71,0.006989494,0.002079784,-0.7604344,-0.01704693,0.0001192093,-0.01524761,1.809
2024_02_10_20_15_19_954,0.6,-0.3141992,123995.0,103790.0,2.114666,-1.391697,0.1360195,6.280481,0.009192867,5.10583,1.71,0.007032414,0.002098815,-0.7603332,0.002264977,-0.003695488,0.0113789,1.809
2024_02_10_20_15_19_992,0.6,-0.3141992,124174.0,103940.0,2.138565,-1.45207,0.1360195,6.280481,0.009192991,5.076938,1.71,0.007025497,0.002028439,-0.7603741,0.01621246,0.003308058,-0.03077276,1.809
2024_02_10_20_15_20_025,0.6,-0.3141992,124329.0,104070.0,2.157897,-1.505042,0.1360195,6.280481,0.009193036,5.051847,1.71,0.006937207,0.002018284,-0.7604414,-0.0002384186,-0.006079673,0.06494671,1.809
2024_02_10_20_15_20_062,0.6,-0.3141992,124503.0,104216.0,2.177981,-1.564989,0.1360195,6.280481,0.009193071,5.023712,1.71,0.007034828,0.001998838,-0.7604274,0.02598762,0.005990266,-0.01508184,1.809
2024_02_10_20_15_20_095,0.6,-0.3141992,124663.0,104349.0,2.194946,-1.620553,0.1360195,6.280481,0.00919308,4.997856,1.71,0.006979452,0.002074857,-0.7604583,-0.03111362,-0.007152557,0.02663117,1.809
2024_02_10_20_15_20_133,0.6,-0.3141992,124837.0,104495.0,2.211768,-1.681497,0.1360196,6.280481,0.009193243,4.969722,1.71,0.006948709,0.002019085,-0.7604176,0.002622604,-0.0003576278,0.0002561137,1.809
2024_02_10_20_15_20_167,0.6,-0.3141992,124996.0,104629.0,2.225709,-1.737896,0.1360196,6.280481,0.00919303,4.943868,1.71,0.007016845,0.002000617,-0.7603929,0.0269413,0.007763505,-0.02674106,1.809
2024_02_10_20_15_20_204,0.6,-0.3141992,125170.0,104775.0,2.239218,-1.799657,0.1360196,6.280481,0.009193134,4.915729,1.71,0.006996028,0.001996601,-0.7603639,0.0295639,0.01053512,-0.05323905,1.809
2024_02_10_20_15_20_241,0.6,-0.3141992,125349.0,104924.0,2.251277,-1.863459,0.1360196,6.280481,0.009193383,4.886833,1.71,0.006990543,0.002000692,-0.7605241,0.007867813,0.006079673,-0.05716364,1.809
2024_02_10_20_15_20_279,0.6,-0.3141992,125523.0,105070.0,2.261245,-1.925891,0.1360195,6.280482,0.009193121,4.858695,1.71,0.006927666,0.002021899,-0.7604636,0.03218651,0.01114607,-0.0610603,1.809
2024_02_10_20_15_20_312,0.6,-0.3141992,125678.0,105200.0,2.268649,-1.98179,0.1360196,6.280481,0.009193368,4.833603,1.71,0.007027442,0.002017347,-0.7604226,-0.005483627,-0.006631016,0.03466476,1.809
2024_02_10_20_15_20_350,0.6,-0.3141992,125857.0,105349.0,2.275434,-2.046367,0.1360195,6.280481,0.009193105,4.804705,1.71,0.006996494,0.002065513,-0.7603448,0.01096725,0.00205636,-0.01140218,1.809
2024_02_10_20_15_20_388,0.6,-0.3141992,126031.0,105495.0,2.280246,-2.109405,0.1360195,6.280481,0.009193169,4.776567,1.71,0.007028089,0.002072683,-0.7604064,-0.005602836,-0.003099441,-0.01512561,1.809
2024_02_10_20_15_20_420,0.6,-0.3141992,126191.0,105629.0,2.283103,-2.167431,0.1360195,6.280481,0.009193062,4.750712,1.71,0.007057693,0.002041561,-0.7603666,-0.002622604,-0.001013279,0.00385195,1.809
2024_02_10_20_15_20_458,0.6,-0.3141992,126365.0,105774.0,2.284504,-2.230638,0.1360195,6.280481,0.009193244,4.722578,1.71,0.007064769,0.002015675,-0.76043,-0.004529953,0.009447336,-0.04562456,1.809
2024_02_10_20_15_20_497,0.6,-0.3141992,126543.0,105924.0,2.284092,-2.295568,0.1360196,6.280481,0.009193018,4.693684,1.71,0.006937908,0.002059947,-0.7603673,0.0269413,0.000372529,-0.01144316,1.809
2024_02_10_20_15_20_533,0.6,-0.3141992,126717.0,106070.0,2.281891,-2.358751,0.1360195,6.280481,0.009193059,4.665549,1.71,0.007087646,0.002006347,-0.7602893,0.02646446,0.01122057,-0.06496999,1.809
2024_02_10_20_15_20_571,0.6,-0.3141992,126896.0,106219.0,2.27778,-2.42355,0.1360195,6.280481,0.009193018,4.636652,1.71,0.006942876,0.002035369,-0.7603881,0.01454353,0.00500679,0.01167506,1.809
2024_02_10_20_15_20_608,0.6,-0.3141992,127070.0,106365.0,2.271978,-2.486504,0.1360195,6.280481,0.009192965,4.608514,1.71,0.00696517,0.002050592,-0.760368,0.01430511,0.003993511,-0.01910236,1.809
2024_02_10_20_15_20_646,0.6,-0.3141992,127249.0,106514.0,2.264179,-2.550965,0.1360195,6.280481,0.009192814,4.579618,1.71,0.007012608,0.002105767,-0.7603433,-0.005125999,0.0005066395,-0.00775326,1.809
2024_02_10_20_15_20_679,0.6,-0.3141992,127404.0,106644.0,2.255898,-2.606742,0.1360195,6.280481,0.009192982,4.554524,1.71,0.006969844,0.002020004,-0.7604035,0.03278255,0.00166893,-0.00354182,1.809
2024_02_10_20_15_20_717,0.6,-0.3141992,127583.0,106794.0,2.244634,-2.67069,0.1360195,6.280481,0.00919279,4.525624,1.71,0.00692439,0.002041544,-0.760386,0.03123283,0.001221895,0.007509253,1.809
2024_02_10_20_15_20_753,0.6,-0.3141992,127757.0,106940.0,2.231894,-2.732616,0.1360195,6.280481,0.009193034,4.497489,1.71,0.006975193,0.001996011,-0.7604363,0.02646446,0.002384186,0.007782131,1.809
2024_02_10_20_15_20_787,0.6,-0.3141992,127912.0,107070.0,2.219065,-2.787527,0.1360194,6.280481,0.009192829,4.472397,1.71,0.007126017,0.002054122,-0.7603163,0.008940697,0.002086163,-0.01522433,1.809
2024_02_10_20_15_20_825,0.6,-0.3141992,128090.0,107219.0,2.202591,-2.850333,0.1360195,6.280481,0.009192907,4.443498,1.71,0.006969284,0.002042526,-0.7604537,-0.0141859,-0.002026558,0.01521781,1.809
2024_02_10_20_15_20_862,0.6,-0.3141992,128264.0,107365.0,2.184815,-2.911006,0.1360194,6.280481,0.00919282,4.415359,1.71,0.007039267,0.002073297,-0.7603959,-0.001192093,0.002980232,-0.003737397,1.809
2024_02_10_20_15_20_900,0.6,-0.3141992,128443.0,107514.0,2.164789,-2.972773,0.1360194,6.280481,0.009192884,4.386459,1.71,0.006866202,0.002044909,-0.7605067,-0.01573563,-0.01507997,0.1299791,1.809
2024_02_10_20_15_20_933,0.6,-0.3141992,128598.0,107644.0,2.145952,-3.025924,0.1360195,6.280481,0.009192873,4.361365,1.71,0.006998757,0.002067633,-0.7604191,0.03743172,0.01019239,-0.05711894,1.809
2024_02_10_20_15_20_966,0.6,-0.3141992,128758.0,107778.0,2.125159,-3.080173,0.1360195,6.280481,0.009193013,4.335507,1.71,0.006959196,0.002054124,-0.7603796,0.00166893,-0.006198883,0.06528758,1.809
2024_02_10_20_15_21_004,0.6,-0.3141992,128932.0,107924.0,2.100947,-3.138575,0.1360195,6.280481,0.00919308,4.30737,1.71,0.006957231,0.002046047,-0.7604412,0.03373623,0.01090765,-0.08393916,1.809
2024_02_10_20_15_21_041,0.6,-0.3141992,129106.0,108069.0,2.075101,-3.196275,0.1360195,6.280481,0.009192988,4.279233,1.71,0.007019787,0.001960615,-0.7603583,0.04696846,0.01460314,-0.05728751,1.809
2024_02_10_20_15_21_080,0.6,-0.3141992,129285.0,108219.0,2.046877,-3.254753,0.1360195,6.280481,0.009192991,4.250335,1.71,0.006951344,0.002105881,-0.7604144,-0.03290176,-0.006973743,0.03451668,1.809
2024_02_10_20_15_21_112,0.6,-0.3141992,129440.0,108349.0,2.021005,-3.304856,0.1360194,6.280481,0.00919282,4.225238,1.71,0.006975264,0.001985183,-0.7602846,0.04458427,0.01233816,-0.0343807,1.809
2024_02_10_20_15_21_150,0.6,-0.3141992,129619.0,108499.0,1.989667,-3.361723,0.1360194,6.280481,0.009192842,4.196341,1.71,0.006957245,0.002053682,-0.7603793,-0.02193451,-0.006854534,0.06490666,1.809
2024_02_10_20_15_21_183,0.6,-0.3141992,129774.0,108628.0,1.96113,-3.410358,0.1360195,6.280481,0.009193026,4.171245,1.71,0.006880349,0.002025572,-0.7604783,-0.03731251,-0.01525879,0.08766911,1.809
2024_02_10_20_15_21_221,0.6,-0.3141992,129953.0,108778.0,1.926767,-3.465453,0.1360194,6.280481,0.009193012,4.142347,1.71,0.006874593,0.002050189,-0.7605245,-0.008583069,-0.006616115,0.03061537,1.809
2024_02_10_20_15_21_254,0.6,-0.3141992,130108.0,108908.0,1.895644,-3.512476,0.1360195,6.280481,0.009192837,4.117255,1.71,0.007064695,0.002054792,-0.7603623,0.03433228,0.004351139,-0.003674999,1.809
2024_02_10_20_15_21_292,0.6,-0.3141992,130282.0,109054.0,1.85936,-3.564251,0.1360194,6.280481,0.009192868,4.08912,1.71,0.007036453,0.002067866,-0.7603089,-0.01883507,-0.005602836,0.02269726,1.809
2024_02_10_20_15_21_325,0.6,-0.3141992,130442.0,109188.0,1.824746,-3.61091,0.1360195,6.280481,0.009192851,4.063267,1.71,0.007026679,0.002063294,-0.760448,0.03945827,0.007987022,-0.0457745,1.809
2024_02_10_20_15_21_364,0.6,-0.3141992,130616.0,109333.0,1.785721,-3.660652,0.1360193,6.280481,0.009192868,4.03513,1.71,0.006989187,0.00208529,-0.7603918,-0.03457069,-0.005066394,0.02661347,1.809
2024_02_10_20_15_21_400,0.6,-0.3141992,130794.0,109483.0,1.7442,-3.710574,0.1360195,6.280481,0.009192828,4.006232,1.71,0.006979086,0.002078728,-0.7603747,0.0115633,-0.002562999,0.01893472,1.809
2024_02_10_20_15_21_433,0.6,-0.3141992,130949.0,109613.0,1.706985,-3.752938,0.1360195,6.280481,0.009192868,3.981138,1.71,0.006968621,0.002062251,-0.7604923,-0.01645088,-0.00745058,0.05341973,1.809
2024_02_10_20_15_21_472,0.6,-0.3141992,131128.0,109762.0,1.66283,-3.800549,0.1360195,6.280481,0.009192789,3.952243,1.71,0.006912046,0.002096241,-0.7604104,0.005602836,-0.002861023,0.007526949,1.809
2024_02_10_20_15_21_507,0.6,-0.3141992,131302.0,109908.0,1.618534,-3.84566,0.1360195,6.280481,0.009192931,3.924106,1.71,0.007029466,0.002029916,-0.7603677,0.04768371,0.009477139,-0.04956219,1.809
2024_02_10_20_15_21_545,0.6,-0.3141992,131481.0,110058.0,1.571738,-3.890674,0.1360195,6.280481,0.009193072,3.895209,1.71,0.007017442,0.002104551,-0.7604258,-0.02086162,-0.0005960464,-0.01898035,1.809
2024_02_10_20_15_21_579,0.6,-0.3141992,131636.0,110188.0,1.530058,-3.928656,0.1360194,6.280481,0.009192993,3.870114,1.71,0.007008776,0.002054974,-0.7603866,0.02515316,0.004470348,-0.01508091,1.809
2024_02_10_20_15_21_616,0.6,-0.3141992,131810.0,110333.0,1.48221,-3.969981,0.1360195,6.280481,0.009192993,3.841978,1.71,0.006980823,0.002053053,-0.7604292,0.005245208,0.006973743,-0.04951842,1.809
2024_02_10_20_15_21_650,0.6,-0.3141992,131970.0,110467.0,1.437232,-4.006758,0.1360196,6.280481,0.009193064,3.816122,1.71,0.006923172,0.002046585,-0.7604807,-0.03397465,-0.01204014,0.05330145,1.809
2024_02_10_20_15_21_688,0.6,-0.3141992,132144.0,110613.0,1.387223,-4.04544,0.1360195,6.280481,0.009193182,3.787984,1.71,0.006959985,0.002019463,-0.760435,0.0003576278,-0.0002384186,-0.01916848,1.809
2024_02_10_20_15_21_724,0.6,-0.3141992,132322.0,110762.0,1.334752,-4.083688,0.1360195,6.280481,0.009193031,3.759089,1.71,0.006906395,0.002043381,-0.7604184,-0.01049042,-0.01215935,0.08000246,1.809
2024_02_10_20_15_21_762,0.6,-0.3141992,132496.0,110908.0,1.282619,-4.11946,0.1360195,6.280481,0.00919287,3.730952,1.71,0.007079103,0.002038094,-0.7603318,0.02634525,0.006973743,-0.02278667,1.809
2024_02_10_20_15_21_799,0.6,-0.3141992,132675.0,111058.0,1.228052,-4.154655,0.1360196,6.280481,0.009193028,3.702055,1.71,0.006970008,0.002020204,-0.7604088,0.01633167,0.003397465,-0.02680812,1.809
2024_02_10_20_15_21_833,0.6,-0.3141992,132830.0,111187.0,1.179858,-4.18393,0.1360195,6.280481,0.009192961,3.67696,1.71,0.007007486,0.002115189,-0.7603683,0.02205372,0.004410744,-0.05330331,1.809
2024_02_10_20_15_21_866,0.6,-0.3141992,132985.0,111317.0,1.130944,-4.211986,0.1360196,6.280481,0.009193105,3.651865,1.71,0.006891805,0.00199502,-0.7604786,-0.009059906,-0.004649162,0.01890864,1.809
2024_02_10_20_15_21_904,0.6,-0.3141992,133164.0,111467.0,1.073767,-4.24276,0.1360194,6.280481,0.009192685,3.62297,1.71,0.007014249,0.002107481,-0.7603096,-0.005483627,-0.002026558,0.02656504,1.809
2024_02_10_20_15_21_942,0.6,-0.3141992,133338.0,111613.0,1.017263,-4.271125,0.1360195,6.280481,0.009193009,3.594833,1.71,0.007000851,0.002081335,-0.7603661,-0.0007152557,0.005722045,-0.03402401,1.809
2024_02_10_20_15_21_975,0.6,-0.3141992,133498.0,111746.0,0.9646552,-4.295782,0.1360194,6.280481,0.00919295,3.568979,1.71,0.006974876,0.002093271,-0.7604055,-0.02586841,-0.008583069,0.06123166,1.809
2024_02_10_20_15_22_013,0.6,-0.3141992,133672.0,111892.0,0.906702,-4.321055,0.1360195,6.280481,0.009192992,3.540842,1.71,0.00694405,0.001979714,-0.7604135,0.0282526,0.007092952,-0.01516007,1.809
2024_02_10_20_15_22_046,0.6,-0.3141992,133832.0,112026.0,0.8528414,-4.342835,0.1360195,6.280481,0.009193104,3.514987,1.71,0.006994712,0.002059111,-0.7604078,-0.01013279,-0.007390975,0.04606228,1.809
2024_02_10_20_15_22_083,0.6,-0.3141992,134006.0,112172.0,0.7936093,-4.364947,0.1360196,6.280481,0.009193121,3.486851,1.71,0.006978392,0.002045246,-0.7604383,0.01597404,-0.004321337,0.01935754,1.809
2024_02_10_20_15_22_120,0.6,-0.3141992,134184.0,112321.0,0.7321527,-4.385911,0.1360195,6.280481,0.009192966,3.457953,1.71,0.006939634,0.002110033,-0.7603977,-0.0218153,-0.006884336,0.02288259,1.809
2024_02_10_20_15_22_154,0.6,-0.3141992,134340.0,112451.0,0.6783108,-4.402671,0.1360194,6.280481,0.009192837,3.432859,1.71,0.007062592,0.002051676,-0.7603036,0.02706051,0.003904104,-0.007762573,1.809
2024_02_10_20_15_22_191,0.6,-0.3141992,134514.0,112597.0,0.6174647,-4.419847,0.1360196,6.280481,0.009193189,3.404721,1.71,0.006980405,0.001981222,-0.7604033,0.009655952,0.005573034,-0.03427919,1.809
2024_02_10_20_15_22_225,0.6,-0.3141992,134673.0,112731.0,0.5611455,-4.434117,0.1360195,6.280481,0.009192764,3.378866,1.71,0.007033647,0.002078038,-0.7603337,0.010252,0.004962086,-0.015378,1.809
2024_02_10_20_15_22_263,0.6,-0.3141992,134847.0,112876.0,0.4994608,-4.447985,0.1360195,6.280481,0.009193109,3.35073,1.71,0.006949821,0.002099146,-0.7604591,-0.01251697,-0.00423193,0.0003008172,1.809
2024_02_10_20_15_22_300,0.6,-0.3141992,135026.0,113026.0,0.4357287,-4.460416,0.1360194,6.280481,0.009193024,3.321833,1.71,0.006938976,0.002123157,-0.7604626,-0.06079673,-0.00989437,0.04596263,1.809
2024_02_10_20_15_22_332,0.6,-0.3141992,135181.0,113156.0,0.3801116,-4.469713,0.1360195,6.280481,0.009192794,3.296739,1.71,0.007117779,0.00203886,-0.7603875,0.04923343,0.01348555,-0.05718693,1.809
2024_02_10_20_15_22_371,0.6,-0.3141992,135355.0,113301.0,0.3174968,-4.478475,0.1360194,6.280481,0.009192969,3.268602,1.71,0.00698457,0.002107591,-0.7603904,-0.03135204,-0.006154179,0.01900271,1.809
2024_02_10_20_15_22_408,0.6,-0.3141992,135534.0,113451.0,0.2529597,-4.485636,0.1360195,6.280481,0.009192985,3.239705,1.71,0.007045529,0.002046046,-0.7604028,-0.01525879,-0.002235174,0.003685243,1.809
2024_02_10_20_15_22_441,0.6,-0.3141992,135689.0,113581.0,0.1967663,-4.49034,0.1360196,6.280481,0.009192992,3.214611,1.71,0.006987551,0.002005751,-0.7604162,-0.01716614,-0.0004470348,-0.003991649,1.809
2024_02_10_20_15_22_479,0.6,-0.3141992,135868.0,113730.0,0.1319368,-4.494008,0.1360195,6.280481,0.009192938,3.185714,1.71,0.007022204,0.002060861,-0.7604049,-0.04291534,-0.009387732,0.06887875,1.809
2024_02_10_20_15_22_512,0.6,-0.3141992,136023.0,113860.0,0.07557149,-4.495673,0.1360195,6.280481,0.009192957,3.160619,1.71,0.00701477,0.002034752,-0.7604134,0.03147125,0.01040101,-0.0496963,1.809
2024_02_10_20_15_22_550,0.6,-0.3141992,136202.0,114010.0,0.01063874,-4.495837,0.1360195,6.280481,0.009193046,3.131723,1.71,0.006933138,0.002064102,-0.7603903,-0.003457069,-0.007137656,0.06520841,1.809
2024_02_10_20_15_22_583,0.6,-0.3141992,136357.0,114140.0,-0.04573402,-4.494458,0.1360195,6.280481,0.009193049,3.106629,1.71,0.007091395,0.001985109,-0.7603382,0.01966953,0.008910894,-0.03064517,1.809
2024_02_10_20_15_22_621,0.6,-0.3141992,136531.0,114286.0,-0.1088761,-4.49123,0.1360193,6.280481,0.009192969,3.078493,1.71,0.007005306,0.002133149,-0.7604238,0.01180172,-0.003695488,0.01933146,1.809
2024_02_10_20_15_22_658,0.6,-0.3141992,136710.0,114435.0,-0.1736037,-4.486067,0.1360195,6.280481,0.009192973,3.049598,1.71,0.007076505,0.002098978,-0.7603021,-0.01692772,-0.004723668,0.04197657,1.809
2024_02_10_20_15_22_691,0.6,-0.3141992,136865.0,114565.0,-0.2296728,-4.480069,0.1360195,6.280481,0.009193078,3.024504,1.71,0.00702564,0.002040666,-0.7603524,0.01382828,0.003159046,-0.01524109,1.809
2024_02_10_20_15_22_729,0.6,-0.3141992,137043.0,114715.0,-0.2940263,-4.471423,0.1360196,6.280481,0.009193156,2.995607,1.71,0.006963141,0.001962054,-0.7604665,0.0007152557,-0.00180304,0.03432669,1.809
2024_02_10_20_15_22_763,0.6,-0.3141992,137199.0,114845.0,-0.3496905,-4.462407,0.1360195,6.280481,0.009193094,2.970514,1.71,0.006994792,0.002094639,-0.7603922,-0.01263618,0.00217557,-0.05341321,1.809
2024_02_10_20_15_22_800,0.6,-0.3141992,137377.0,114994.0,-0.4134832,-4.450298,0.1360195,6.280481,0.009193025,2.941617,1.71,0.006967757,0.002105935,-0.7603828,-0.01907349,-0.01075864,0.04977826,1.809
2024_02_10_20_15_22_837,0.6,-0.3141992,137551.0,115140.0,-0.4752367,-4.436743,0.1360195,6.280481,0.009192914,2.913481,1.71,0.007044441,0.002058204,-0.7603955,0.0005960464,0.01096725,-0.07246062,1.809
2024_02_10_20_15_22_875,0.6,-0.3141992,137730.0,115289.0,-0.538237,-4.421018,0.1360194,6.280481,0.009192866,2.884583,1.71,0.00702394,0.002037135,-0.7603972,0.009298325,0.00846386,-0.07265434,1.809
2024_02_10_20_15_22_912,0.6,-0.3141992,137904.0,115435.0,-0.5991188,-4.403964,0.1360195,6.280481,0.009192688,2.856447,1.71,0.007023794,0.002095455,-0.7603759,-0.009536743,-0.002741813,0.02270005,1.809
2024_02_10_20_15_22_945,0.6,-0.3141992,138059.0,115565.0,-0.6529942,-4.387314,0.1360194,6.280481,0.009192979,2.831354,1.71,0.006966054,0.002058419,-0.760383,-0.0001192093,-0.006973743,0.05351472,1.809
2024_02_10_20_15_22_982,0.6,-0.3141992,138238.0,115715.0,-0.7144918,-4.366474,0.1360194,6.280481,0.009192752,2.802458,1.71,0.006963149,0.002058258,-0.7603876,0.002503395,0.002861023,-0.01149624,1.809
2024_02_10_20_15_23_020,0.6,-0.3141992,138412.0,115860.0,-0.7737677,-4.344482,0.1360195,6.280481,0.009192956,2.774322,1.71,0.006983242,0.002052621,-0.7603759,-0.00500679,0.001311302,0.003792345,1.809
2024_02_10_20_15_23_058,0.6,-0.3141992,138590.0,116010.0,-0.833977,-4.32017,0.1360195,6.280481,0.009193094,2.745426,1.71,0.006953282,0.002049433,-0.7603897,-0.02205372,-0.005960464,0.01897942,1.809
2024_02_10_20_15_23_091,0.6,-0.3141992,138746.0,116140.0,-0.8856757,-4.297654,0.1360195,6.280481,0.009192757,2.720331,1.71,0.006987642,0.002076073,-0.7603087,-0.0005960464,0.001549721,0.003578141,1.809
2024_02_10_20_15_23_129,0.6,-0.3141992,138924.0,116289.0,-0.9444864,-4.270128,0.1360195,6.280481,0.009193039,2.691434,1.71,0.00697954,0.00204348,-0.7604885,-0.00989437,0.002682209,-0.02661161,1.809
2024_02_10_20_15_23_162,0.6,-0.3141992,139079.0,116419.0,-0.9948961,-4.244854,0.1360195,6.280481,0.009193093,2.666339,1.71,0.007059418,0.002015244,-0.7603492,0.01978874,0.005841255,-0.04178658,1.809
2024_02_10_20_15_23_200,0.6,-0.3141992,139258.0,116569.0,-1.052136,-4.214195,0.1360195,6.280481,0.009192958,2.63744,1.71,0.006936705,0.001996961,-0.7604668,0.02479553,0.003635883,-0.007534399,1.809
2024_02_10_20_15_23_237,0.6,-0.3141992,139432.0,116715.0,-1.106995,-4.182766,0.1360195,6.280481,0.009192873,2.609307,1.71,0.00708087,0.002042142,-0.7603127,0.01955032,0.01013279,-0.0534039,1.809
2024_02_10_20_15_23_274,0.6,-0.3141992,139611.0,116864.0,-1.162394,-4.148894,0.1360195,6.280481,0.009193222,2.580413,1.71,0.007038232,0.002067709,-0.7604974,0.008583069,0.002741813,-0.06100628,1.809
2024_02_10_20_15_23_312,0.6,-0.3141992,139785.0,117010.0,-1.215372,-4.114389,0.1360195,6.280481,0.009193094,2.552279,1.71,0.007059327,0.002126071,-0.7604545,-0.01657009,-0.005483627,0.01159962,1.809
2024_02_10_20_15_23_350,0.6,-0.3141992,139963.0,117159.0,-1.268751,-4.077415,0.1360194,6.280481,0.009192823,2.523384,1.71,0.006930706,0.002091458,-0.7603812,0.01633167,-0.002801418,0.02673641,1.809
2024_02_10_20_15_23_387,0.6,-0.3141992,140137.0,117305.0,-1.319676,-4.039946,0.1360196,6.280481,0.009192997,2.495251,1.71,0.00703577,0.002054288,-0.7603973,-0.02515316,-0.003516674,-0.0002514571,1.809
2024_02_10_20_15_23_420,0.6,-0.3141992,140293.0,117435.0,-1.364191,-4.005331,0.1360195,6.280481,0.009192844,2.470157,1.71,0.006980265,0.002100694,-0.7603859,-0.03838539,-0.01454353,0.0913646,1.809
2024_02_10_20_15_23_458,0.6,-0.3141992,140471.0,117584.0,-1.414357,-3.964103,0.1360195,6.280481,0.009192906,2.44126,1.71,0.006958831,0.002000457,-0.7603551,0.04410743,0.006735324,-0.003864988,1.809
2024_02_10_20_15_23_495,0.6,-0.3141992,140645.0,117730.0,-1.462036,-3.922583,0.1360195,6.280481,0.009192819,2.413126,1.71,0.007066377,0.002069528,-0.7603268,0.01680851,0.008761883,-0.04989188,1.809
2024_02_10_20_15_23_533,0.6,-0.3141992,140824.0,117880.0,-1.509771,-3.878563,0.1360195,6.280481,0.009193032,2.384229,1.71,0.007020269,0.002028327,-0.7603986,0.008106232,-0.004768372,0.04984438,1.809
2024_02_10_20_15_23_570,0.6,-0.3141992,140998.0,118025.0,-1.555006,-3.834393,0.1360194,6.280481,0.009192787,2.356094,1.71,0.006983324,0.002114259,-0.7604271,0.009298325,0.001907349,0.003900379,1.809
2024_02_10_20_15_23_603,0.6,-0.3141992,141158.0,118159.0,-1.595464,-3.792697,0.1360195,6.280481,0.00919289,2.330239,1.71,0.00704321,0.00200844,-0.7603253,0.03421307,0.01329183,-0.06492436,1.809
2024_02_10_20_15_23_641,0.6,-0.3141992,141332.0,118305.0,-1.638251,-3.746151,0.1360195,6.280481,0.009193082,2.302103,1.71,0.007001458,0.002054806,-0.7604055,-0.00500679,-0.001609325,-0.003834255,1.809
2024_02_10_20_15_23_679,0.6,-0.3141992,141510.0,118454.0,-1.680814,-3.697114,0.1360194,6.280481,0.009192844,2.273208,1.71,0.007075311,0.002047199,-0.7603025,0.03170967,0.01734495,-0.1031244,1.809
2024_02_10_20_15_23_716,0.6,-0.3141992,141684.0,118600.0,-1.720878,-3.648204,0.1360195,6.280481,0.009192953,2.245072,1.71,0.006991818,0.002041714,-0.7604297,0.004053116,0.003933907,-0.02298131,1.809
2024_02_10_20_15_23_754,0.6,-0.3141992,141863.0,118750.0,-1.760577,-3.596819,0.1360195,6.280481,0.009193142,2.216175,1.71,0.006928708,0.002007999,-0.7604694,0.02479553,0.00166893,-0.003497116,1.809
2024_02_10_20_15_23_787,0.6,-0.3141992,142018.0,118880.0,-1.793835,-3.551282,0.1360195,6.280481,0.00919311,2.19108,1.71,0.006978806,0.002023011,-0.7604364,-0.01239777,0.0005960464,-0.02292078,1.809
2024_02_10_20_15_23_824,0.6,-0.3141992,142192.0,119025.0,-1.829751,-3.499251,0.1360194,6.280481,0.009192976,2.162945,1.71,0.00703677,0.002075367,-0.7603563,-0.04196167,-0.004470348,0.01518614,1.809
2024_02_10_20_15_23_857,0.6,-0.3141992,142352.0,119159.0,-1.861452,-3.450564,0.1360195,6.280481,0.009192965,2.13709,1.71,0.006936323,0.002066896,-0.7604702,-0.03302097,-0.009179115,0.04182569,1.809
2024_02_10_20_15_23_896,0.6,-0.3141992,142526.0,119305.0,-1.894508,-3.39667,0.1360195,6.280481,0.009193152,2.108956,1.71,0.007156027,0.002034616,-0.7603565,-0.006198883,0.00846386,-0.07250439,1.809
2024_02_10_20_15_23_929,0.6,-0.3141992,142686.0,119439.0,-1.923535,-3.346344,0.1360195,6.280481,0.009192894,2.083101,1.71,0.007036723,0.002042245,-0.7603927,0.01943111,0.004589558,-0.02667028,1.809
2024_02_10_20_15_23_966,0.6,-0.3141992,142860.0,119584.0,-1.953635,-3.290745,0.1360195,6.280481,0.009193005,2.054965,1.71,0.007079866,0.002058501,-0.7603278,0.004053116,-0.001966953,0.007736496,1.809
2024_02_10_20_15_24_005,0.6,-0.3141992,143039.0,119734.0,-1.982906,-3.232786,0.1360195,6.280481,0.009193019,2.026074,1.71,0.006970526,0.002096421,-0.7604076,-0.01037121,-0.001788139,0.007755123,1.809
2024_02_10_20_15_24_041,0.6,-0.3141992,143213.0,119880.0,-2.009788,-3.175562,0.1360194,6.280481,0.009192749,1.997939,1.71,0.007030407,0.002128729,-0.7603683,0.001549721,0.005125999,-0.03444403,1.809
2024_02_10_20_15_24_074,0.6,-0.3141992,143368.0,120009.0,-2.032396,-3.123904,0.1360195,6.280481,0.009192795,1.972843,1.71,0.006943144,0.002120753,-0.7604089,-0.006198883,-0.003010034,0.01902133,1.809
2024_02_10_20_15_24_112,0.6,-0.3141992,143546.0,120159.0,-2.056815,-3.063737,0.1360195,6.280481,0.009193067,1.943946,1.71,0.006951417,0.002067154,-0.7605144,-0.03790855,-0.008970499,0.05342159,1.809
2024_02_10_20_15_24_149,0.6,-0.3141992,143720.0,120305.0,-2.078913,-3.0045,0.1360195,6.280481,0.009192901,1.915813,1.71,0.00703756,0.002054364,-0.7603453,-0.007629394,0.0002384186,0.007521361,1.809
2024_02_10_20_15_24_187,0.6,-0.3141992,143899.0,120454.0,-2.099862,-2.94304,0.1360195,6.280481,0.009192904,1.886917,1.71,0.006948099,0.002055913,-0.7604264,0.01430511,0.007092952,-0.01897663,1.809
2024_02_10_20_15_24_224,0.6,-0.3141992,144073.0,120600.0,-2.118548,-2.882642,0.1360194,6.280481,0.009193196,1.85878,1.71,0.006941956,0.002008214,-0.7604675,0.02586841,0.002980232,-0.01868326,1.809
2024_02_10_20_15_24_257,0.6,-0.3141992,144233.0,120734.0,-2.134213,-2.826696,0.1360195,6.280481,0.009193146,1.832927,1.71,0.007098663,0.002062598,-0.7603875,0.006198883,0.001251697,-0.02276059,1.809
2024_02_10_20_15_24_294,0.6,-0.3141992,144407.0,120879.0,-2.149611,-2.765376,0.1360196,6.280481,0.009192969,1.804791,1.71,0.007053705,0.002001111,-0.7603375,0.05316734,0.01019239,-0.06111059,1.809
2024_02_10_20_15_24_333,0.6,-0.3141992,144586.0,121029.0,-2.163623,-2.701975,0.1360195,6.280481,0.009193026,1.775895,1.71,0.006940146,0.002054424,-0.7604539,0.00667572,-0.001579523,0.0268463,1.809
2024_02_10_20_15_24_366,0.6,-0.3141992,144741.0,121159.0,-2.174302,-2.646607,0.1360194,6.280481,0.009192973,1.750798,1.71,0.006992286,0.002107265,-0.7603868,-0.01168251,0.009194016,-0.07621106,1.809
2024_02_10_20_15_24_404,0.6,-0.3141992,144919.0,121309.0,-2.184871,-2.582541,0.1360195,6.280481,0.009193142,1.721904,1.71,0.006989534,0.002104911,-0.760422,-0.03445148,-0.01241267,0.08039455,1.809
2024_02_10_20_15_24_441,0.6,-0.3141992,145093.0,121454.0,-2.193381,-2.519894,0.1360195,6.280481,0.00919297,1.693768,1.71,0.007056278,0.002075397,-0.7603347,-0.01192093,0.004783273,-0.01911074,1.809
2024_02_10_20_15_24_479,0.6,-0.3141992,145272.0,121604.0,-2.200281,-2.45533,0.1360195,6.280481,0.009193015,1.664871,1.71,0.006956632,0.00203154,-0.7603745,0.01132488,0.001043081,0.01149066,1.809
2024_02_10_20_15_24_517,0.6,-0.3141992,145446.0,121749.0,-2.205207,-2.392299,0.1360195,6.280482,0.009192897,1.636735,1.71,0.006851259,0.002142706,-0.7603948,-0.04923343,-0.008687377,0.00743661,1.809
2024_02_10_20_15_24_553,0.6,-0.3141992,145625.0,121899.0,-2.208416,-2.327447,0.1360195,6.280481,0.009192742,1.60784,1.71,0.00709145,0.002119725,-0.7603241,-0.02431869,-0.005096197,0.03032107,1.809
2024_02_10_20_15_24_591,0.6,-0.3141992,145799.0,122045.0,-2.209742,-2.264239,0.1360194,6.280481,0.009192989,1.579702,1.71,0.007053219,0.002035701,-0.7603826,-0.001192093,0.001460314,0.0001583248,1.809
2024_02_10_20_15_24_629,0.6,-0.3141992,145973.0,122190.0,-2.209288,-2.201017,0.1360194,6.280481,0.00919292,1.551565,1.71,0.007061483,0.002037008,-0.7603111,-0.01037121,-0.000834465,-5.215406e-05,1.809
2024_02_10_20_15_24_662,0.6,-0.3141992,146133.0,122324.0,-2.207301,-2.142953,0.1360195,6.280481,0.00919309,1.52571,1.71,0.007072068,0.001991371,-0.7603998,0.003099441,0.006631016,-0.06112363,1.809
2024_02_10_20_15_24_699,0.6,-0.3141992,146307.0,122470.0,-2.203434,-2.079848,0.1360195,6.280481,0.009193073,1.497578,1.71,0.006939805,0.0020777,-0.7604911,0.0009536743,-0.001102686,-0.007524155,1.809
2024_02_10_20_15_24_737,0.6,-0.3141992,146485.0,122620.0,-2.197618,-2.015177,0.1360194,6.280481,0.009192884,1.468678,1.71,0.006993291,0.002041913,-0.7603858,0.01907349,0.00578165,-0.03825501,1.809
2024_02_10_20_15_24_770,0.6,-0.3141992,146640.0,122749.0,-2.191053,-1.959173,0.1360195,6.280481,0.00919308,1.443586,1.71,0.006994943,0.002097168,-0.76039,0.0004768371,-0.005811452,0.003944151,1.809
2024_02_10_20_15_24_807,0.6,-0.3141992,146819.0,122899.0,-2.181754,-1.894911,0.1360196,6.280481,0.00919331,1.41469,1.71,0.00695596,0.002029941,-0.760456,-0.01394749,-0.001102686,-0.01902878,1.809
2024_02_10_20_15_24_845,0.6,-0.3141992,146993.0,123045.0,-2.170921,-1.832624,0.1360195,6.280481,0.009192782,1.386554,1.71,0.007115258,0.002029907,-0.7603084,0.04661083,0.01657009,-0.09184516,1.809
2024_02_10_20_15_24_878,0.6,-0.3141992,147148.0,123175.0,-2.159783,-1.777347,0.1360195,6.280481,0.009192884,1.36146,1.71,0.006959145,0.00211702,-0.7603869,-0.02408027,-0.01245737,0.06858818,1.809
2024_02_10_20_15_24_911,0.6,-0.3141992,147308.0,123309.0,-2.146863,-1.720706,0.1360195,6.280481,0.009192979,1.335605,1.71,0.007062342,0.00206069,-0.7603088,-0.004410744,0.004470348,-0.01919176,1.809
2024_02_10_20_15_24_949,0.6,-0.3141992,147482.0,123455.0,-2.131144,-1.659469,0.1360194,6.280481,0.009193029,1.307467,1.71,0.006897283,0.002088414,-0.7604806,0.01108646,0.002622604,-0.01892913,1.809
2024_02_10_20_15_24_987,0.6,-0.3141992,147661.0,123604.0,-2.113212,-1.597064,0.1360195,6.280481,0.009193053,1.278572,1.71,0.006921882,0.002041036,-0.760464,0.00333786,-0.01114607,0.06114319,1.809
2024_02_10_20_15_25_020,0.6,-0.3141992,147816.0,123734.0,-2.096183,-1.543308,0.1360195,6.280481,0.009193073,1.253476,1.71,0.006927187,0.002095372,-0.7604193,-0.05698204,-0.01519918,0.06872136,1.809
2024_02_10_20_15_25_058,0.6,-0.3141992,147995.0,123884.0,-2.07491,-1.481962,0.1360195,6.280481,0.009192922,1.224578,1.71,0.006979135,0.002068995,-0.7603548,-0.01549721,-0.002384186,0.007457099,1.809
2024_02_10_20_15_25_095,0.6,-0.3141992,148169.0,124030.0,-2.052502,-1.422845,0.1360195,6.280481,0.009192935,1.196441,1.71,0.007054346,0.002074993,-0.7603751,0.01168251,0.00244379,-0.02686307,1.809
2024_02_10_20_15_25_127,0.6,-0.3141992,148324.0,124160.0,-2.031121,-1.370668,0.1360196,6.280481,0.009193251,1.171347,1.71,0.00690831,0.002012032,-0.7604174,-0.001907349,-0.009775162,0.06504823,1.809
2024_02_10_20_15_25_166,0.6,-0.3141992,148502.0,124310.0,-2.004886,-1.311273,0.1360195,6.280481,0.009192965,1.142451,1.71,0.00704284,0.002060913,-0.7604277,0.000834465,0.007212162,-0.07657893,1.809
2024_02_10_20_15_25_203,0.6,-0.3141992,148676.0,124456.0,-1.977704,-1.254192,0.1360194,6.280481,0.009192923,1.114311,1.71,0.007075171,0.002086936,-0.7603405,-0.02646446,-0.01317263,0.09168404,1.809
2024_02_10_20_15_25_237,0.6,-0.3141992,148836.0,124590.0,-1.951319,-1.202434,0.1360196,6.280481,0.009193039,1.088455,1.71,0.007016255,0.002018858,-0.7604111,0.007748603,-0.003159046,0.02675038,1.809
2024_02_10_20_15_25_270,0.6,-0.3141992,148992.0,124720.0,-1.924438,-1.152866,0.1360195,6.280481,0.009193112,1.063359,1.71,0.00697165,0.002081552,-0.7604429,-0.035882,-0.01204014,0.07272791,1.809
2024_02_10_20_15_25_308,0.6,-0.3141992,149170.0,124869.0,-1.891954,-1.096645,0.1360194,6.280481,0.009192945,1.034463,1.71,0.006975418,0.002077273,-0.7604284,0.009536743,-0.0004172325,-0.01138821,1.809
2024_02_10_20_15_25_341,0.6,-0.3141992,149325.0,124999.0,-1.862438,-1.0486,0.1360195,6.280481,0.009192817,1.009367,1.71,0.00701148,0.002070012,-0.7603709,-0.03528595,-0.002562999,0.02279971,1.809
2024_02_10_20_15_25_378,0.6,-0.3141992,149499.0,125145.0,-1.827922,-0.9956313,0.1360195,6.280481,0.009192964,0.98123,1.71,0.007019124,0.002056645,-0.7604241,-0.01478195,0.00244379,-0.01144316,1.809
2024_02_10_20_15_25_416,0.6,-0.3141992,149678.0,125295.0,-1.790938,-0.9422643,0.1360195,6.280481,0.009192914,0.9523315,1.71,0.007002497,0.002022689,-0.7604043,0.02622604,0.003159046,0.003912486,1.809
2024_02_10_20_15_25_453,0.6,-0.3141992,149852.0,125441.0,-1.753457,-0.8913495,0.1360195,6.280481,0.009192897,0.9241962,1.71,0.006943004,0.002089426,-0.7604409,-0.02133846,-0.006139278,0.01514982,1.809
2024_02_10_20_15_25_487,0.6,-0.3141992,150012.0,125575.0,-1.717766,-0.8455094,0.1360195,6.280481,0.009192986,0.8983407,1.71,0.007046247,0.001995015,-0.7603548,0.001192093,0.003576278,-0.003825873,1.809
2024_02_10_20_15_25_524,0.6,-0.3141992,150186.0,125720.0,-1.677593,-0.7966918,0.1360195,6.280481,0.009192936,0.870206,1.71,0.006937445,0.002068342,-0.7604538,-0.004887581,-0.006318092,0.03437139,1.809
2024_02_10_20_15_25_562,0.6,-0.3141992,150365.0,125870.0,-1.634922,-0.7477516,0.1360195,6.280481,0.00919289,0.8413101,1.71,0.007018819,0.002029031,-0.7603446,-0.01037121,0.007510185,-0.07282943,1.809
2024_02_10_20_15_25_594,0.6,-0.3141992,150520.0,126000.0,-1.596731,-0.7062662,0.1360195,6.280481,0.009192783,0.8162158,1.71,0.007037506,0.002120486,-0.7604042,-0.02789497,-0.000655651,-0.02327841,1.809
2024_02_10_20_15_25_628,0.6,-0.3141992,150680.0,126134.0,-1.556307,-0.6645399,0.1360195,6.280481,0.009193028,0.7903612,1.71,0.006924584,0.002050937,-0.7605521,-0.02110004,-0.01496076,0.09943358,1.809
2024_02_10_20_15_25_666,0.6,-0.3141992,150854.0,126280.0,-1.511106,-0.6203359,0.1360195,6.280481,0.009192994,0.7622238,1.71,0.007011385,0.001982433,-0.7604806,-0.002026558,0.004827976,-0.02302602,1.809
2024_02_10_20_15_25_703,0.6,-0.3141992,151032.0,126430.0,-1.463408,-0.5762789,0.1360195,6.280481,0.009192853,0.7333248,1.71,0.006995781,0.002014667,-0.7604301,0.01442432,0.005483627,-0.04226155,1.809
2024_02_10_20_15_25_741,0.6,-0.3141992,151206.0,126575.0,-1.415763,-0.5347232,0.1360195,6.280481,0.009192982,0.7051885,1.71,0.00697986,0.002104928,-0.7603893,-0.02813339,-0.01204014,0.04577264,1.809
2024_02_10_20_15_25_779,0.6,-0.3141992,151380.0,126721.0,-1.366966,-0.4945246,0.1360195,6.280481,0.009192818,0.6770507,1.71,0.007015294,0.002040073,-0.7603894,0.01811981,0.007510185,-0.04197657,1.809
2024_02_10_20_15_25_812,0.6,-0.3141992,151540.0,126855.0,-1.321144,-0.4588091,0.1360194,6.280481,0.009192806,0.6511951,1.71,0.006952898,0.002091617,-0.7604643,-0.01204014,-0.006139278,0.04208646,1.809
2024_02_10_20_15_25_849,0.6,-0.3141992,151714.0,127001.0,-1.270247,-0.4213022,0.1360195,6.280481,0.009192828,0.6230572,1.71,0.007038556,0.002055455,-0.7604128,0.009298325,0.0001192093,4.377216e-05,1.809
2024_02_10_20_15_25_887,0.6,-0.3141992,151893.0,127151.0,-1.2169,-0.3842875,0.1360195,6.280481,0.009192903,0.5941582,1.71,0.006923615,0.002039664,-0.7604504,0.003099441,-0.002980232,0.02669543,1.809
2024_02_10_20_15_25_924,0.6,-0.3141992,152067.0,127297.0,-1.163949,-0.3497429,0.1360195,6.280481,0.009192806,0.5660197,1.71,0.006977797,0.002046814,-0.7604241,-0.02384186,-0.002682209,0.02282113,1.809
2024_02_10_20_15_25_957,0.6,-0.3141992,152222.0,127427.0,-1.115918,-0.3202002,0.1360194,6.280481,0.009192789,0.5409232,1.71,0.006975323,0.002072979,-0.760493,-0.00834465,-0.004351139,0.02291798,1.809
2024_02_10_20_15_25_995,0.6,-0.3141992,152401.0,127576.0,-1.059713,-0.2876873,0.1360196,6.280481,0.009192918,0.5120252,1.71,0.006952363,0.00203218,-0.760459,-0.0115633,-0.00578165,0.01891702,1.809
2024_02_10_20_15_26_027,0.6,-0.3141992,152556.0,127706.0,-1.010156,-0.2607802,0.1360195,6.280481,0.009192882,0.4869297,1.71,0.00701508,0.002023126,-0.7604038,-0.007510185,0.003814697,-0.03062282,1.809
2024_02_10_20_15_26_066,0.6,-0.3141992,152734.0,127856.0,-0.9522767,-0.231348,0.1360195,6.280481,0.009192707,0.4580328,1.71,0.007023611,0.002030082,-0.7603993,0.005364418,0.009775162,-0.06127543,1.809
2024_02_10_20_15_26_103,0.6,-0.3141992,152908.0,128002.0,-0.895126,-0.2043087,0.1360194,6.280481,0.009192791,0.429896,1.71,0.007009801,0.002117542,-0.7604558,-0.009298325,-0.003397465,0.0001098961,1.809
2024_02_10_20_15_26_137,0.6,-0.3141992,153068.0,128136.0,-0.841958,-0.180888,0.1360195,6.280481,0.009192827,0.4040388,1.71,0.006927472,0.002060922,-0.7604023,-0.02014637,-0.01174211,0.08391774,1.809
2024_02_10_20_15_26_174,0.6,-0.3141992,153242.0,128282.0,-0.7834321,-0.1569723,0.1360195,6.280481,0.009193075,0.3759009,1.71,0.006977973,0.002006132,-0.7605187,-0.00846386,-0.00295043,0.01152791,1.809
2024_02_10_20_15_26_212,0.6,-0.3141992,153421.0,128431.0,-0.7226492,-0.1341343,0.1360196,6.280481,0.009193183,0.3470014,1.71,0.006912083,0.00199459,-0.7605255,0.002741813,-0.004529953,0.02699066,1.809
2024_02_10_20_15_26_249,0.6,-0.3141992,153595.0,128577.0,-0.6628543,-0.1135938,0.1360194,6.280481,0.009192764,0.3188635,1.71,0.006942869,0.002048388,-0.7604744,0.01502037,-0.001400709,0.02662837,1.809
2024_02_10_20_15_26_287,0.6,-0.3141992,153774.0,128727.0,-0.6008668,-0.09425787,0.1360194,6.280481,0.009192844,0.289965,1.71,0.007027268,0.002090057,-0.7605116,-0.03623962,-0.004947185,0.003742985,1.809
2024_02_10_20_15_26_324,0.6,-0.3141992,153948.0,128873.0,-0.5399985,-0.07715935,0.1360194,6.280481,0.009192841,0.2618255,1.71,0.006980239,0.002033219,-0.7604988,0.001430511,0.005841255,-0.0381982,1.809
2024_02_10_20_15_26_362,0.6,-0.3141992,154126.0,129022.0,-0.4770097,-0.06138851,0.1360194,6.280481,0.00919254,0.232927,1.71,0.007037378,0.002090871,-0.7604069,0.05686283,0.01315772,-0.0534039,1.809
2024_02_10_20_15_26_395,0.6,-0.3141992,154281.0,129153.0,-0.4219584,-0.04917431,0.1360194,6.280481,0.00919308,0.207831,1.71,0.006960738,0.002071326,-0.7605242,-0.02765655,-0.009685755,0.04226528,1.809
2024_02_10_20_15_26_432,0.6,-0.3141992,154455.0,129298.0,-0.3598922,-0.03712714,0.1360194,6.280481,0.009192806,0.179692,1.71,0.006996902,0.002052155,-0.7603702,-0.004410744,0.004857779,-0.02310797,1.809
2024_02_10_20_15_26_470,0.6,-0.3141992,154634.0,129448.0,-0.295822,-0.02657726,0.1360194,6.280481,0.009192947,0.150793,1.71,0.006964343,0.002096053,-0.7605006,-0.02539158,-0.005215406,0.01143198,1.809
2024_02_10_20_15_26_503,0.6,-0.3141992,154789.0,129578.0,-0.239954,-0.01892059,0.1360194,6.280481,0.009192931,0.1256964,1.71,0.006954055,0.002081208,-0.7605118,-0.007629394,-0.006660819,0.02685003,1.809
2024_02_10_20_15_26_541,0.6,-0.3141992,154968.0,129728.0,-0.1754073,-0.01184391,0.1360194,6.280481,0.009192745,0.09679791,1.71,0.006930846,0.002110351,-0.7604975,-0.0005960464,-0.009104609,0.05728565,1.809
2024_02_10_20_15_26_574,0.6,-0.3141992,155123.0,129858.0,-0.1192071,-0.007213648,0.1360194,6.280481,0.009192811,0.07170028,1.71,0.006950887,0.002080708,-0.7604849,0.005602836,-0.003278255,0.01910701,1.809
2024_02_10_20_15_26_612,0.6,-0.3141992,155302.0,130008.0,-0.05437286,-0.003630889,0.1360195,6.280481,0.009192837,0.04280073,1.71,0.007056748,0.002033801,-0.7603517,0.01621246,0.007212162,-0.03454834,1.809
2024_02_10_20_15_26_651,0.6,-0.3141992,155476.0,130153.0,0.008829176,-0.001944005,0.1360195,6.280481,0.009192904,0.01466283,1.71,0.007035502,0.00197379,-0.7604128,0.04076957,0.004604459,0.0230046,1.809
2024_02_10_20_15_26_687,0.6,-0.3141992,155654.0,130303.0,0.07376239,-0.002063104,0.1360195,6.280481,0.009193014,6.268949,1.71,0.006988974,0.002041023,-0.7605179,0.005960464,-0.00308454,0.02673827,1.809
2024_02_10_20_15_26_724,0.6,-0.3141992,155828.0,130449.0,0.1369567,-0.003981894,0.1360195,6.280481,0.009193014,6.240811,1.71,0.006955622,0.002103088,-0.7604141,0.008106232,0.0064224,-0.06476138,1.809
2024_02_10_20_15_26_761,0.6,-0.3141992,156007.0,130599.0,0.2017765,-0.007802337,0.1360196,6.280481,0.009193166,6.211914,1.71,0.007011902,0.00200116,-0.7603827,0.007271766,0.005468726,-0.03056694,1.809
2024_02_10_20_15_26_795,0.6,-0.3141992,156162.0,130729.0,0.2579573,-0.01263836,0.1360195,6.280481,0.009193062,6.186818,1.71,0.006999843,0.002053033,-0.7604074,-0.009417534,-0.002816319,0.03831089,1.809
2024_02_10_20_15_26_832,0.6,-0.3141992,156336.0,130874.0,0.3207811,-0.01973499,0.1360195,6.280481,0.009193075,6.158681,1.71,0.007054349,0.002058663,-0.760413,0.01835823,-0.0007897615,0.007584691,1.809
2024_02_10_20_15_26_870,0.6,-0.3141992,156515.0,131024.0,0.3850682,-0.02886034,0.1360194,6.280481,0.009192998,6.129784,1.71,0.006968879,0.002095026,-0.7603914,-0.02217293,-0.008612871,0.06107892,1.809
2024_02_10_20_15_26_908,0.6,-0.3141992,156689.0,131170.0,0.447384,-0.03952676,0.1360195,6.280481,0.009193396,6.101647,1.71,0.006972432,0.00201357,-0.7604695,-0.005483627,-0.0009536743,0.01177844,1.809
2024_02_10_20_15_26_945,0.6,-0.3141992,156868.0,131320.0,0.5110455,-0.05230157,0.1360195,6.280481,0.00919319,6.072751,1.71,0.006957226,0.002043467,-0.7604197,0.01275539,0.003784895,-0.01527648,1.809
2024_02_10_20_15_26_978,0.6,-0.3141992,157023.0,131450.0,0.566011,-0.06488383,0.1360196,6.280481,0.009193243,6.047657,1.71,0.007004686,0.002121687,-0.7603825,-0.04732608,-0.008106232,0.00364799,1.809
2024_02_10_20_15_27_012,0.6,-0.3141992,157183.0,131584.0,0.6222926,-0.07928566,0.1360195,6.280481,0.009193313,6.021802,1.71,0.006943672,0.002049364,-0.7604491,-0.01645088,-0.009119511,0.07264875,1.809
2024_02_10_20_15_27_045,0.6,-0.3141992,157338.0,131714.0,0.6765453,-0.09465102,0.1360195,6.280481,0.009193107,5.996708,1.71,0.006940979,0.002147758,-0.7604121,-0.01382828,-0.004261732,0.01538265,1.809
2024_02_10_20_15_27_083,0.6,-0.3141992,157512.0,131860.0,0.7368945,-0.1134912,0.1360195,6.280481,0.009193089,5.968573,1.71,0.006995782,0.002120364,-0.760418,-0.0385046,-0.005364418,0.0113463,1.809
2024_02_10_20_15_27_119,0.6,-0.3141992,157690.0,132009.0,0.7982978,-0.1346002,0.1360195,6.280481,0.009193127,5.939677,1.71,0.006987543,0.002017074,-0.7604048,-0.01013279,-0.0007748603,0.01147389,1.809
2024_02_10_20_15_27_153,0.6,-0.3141992,157846.0,132139.0,0.8511089,-0.1543645,0.1360194,6.280481,0.009192869,5.914582,1.71,0.006964916,0.00204899,-0.7603435,0.03862381,0.002324581,0.03451388,1.809
2024_02_10_20_15_27_191,0.6,-0.3141992,158024.0,132289.0,0.9112843,-0.1787562,0.1360195,6.280481,0.00919303,5.885685,1.71,0.006993785,0.002058101,-0.7603965,-0.02884865,-0.006139278,0.04584062,1.809
2024_02_10_20_15_27_228,0.6,-0.3141992,158198.0,132435.0,0.969175,-0.2041674,0.1360194,6.280481,0.009193048,5.857548,1.71,0.006965449,0.002058742,-0.7604014,-0.002145767,0.001549721,-0.02666004,1.809
2024_02_10_20_15_27_265,0.6,-0.3141992,158377.0,132585.0,1.027863,-0.2319502,0.1360195,6.280481,0.009192885,5.828652,1.71,0.006984655,0.002124089,-0.7604245,-0.02348423,-0.002026558,-0.02708565,1.809
2024_02_10_20_15_27_299,0.6,-0.3141992,158532.0,132715.0,1.078159,-0.2574445,0.1360196,6.280481,0.009193197,5.803559,1.71,0.006979241,0.002068146,-0.76046,-0.05173683,-0.01758337,0.08377991,1.809
2024_02_10_20_15_27_336,0.6,-0.3141992,158706.0,132860.0,1.133769,-0.2875193,0.1360195,6.280481,0.009193122,5.775423,1.71,0.006983808,0.002058048,-0.7604346,0.005960464,-0.001788139,5.215406e-05,1.809
2024_02_10_20_15_27_370,0.6,-0.3141992,158866.0,132994.0,1.184107,-0.3165254,0.1360195,6.280481,0.009192795,5.749569,1.71,0.007025785,0.002060083,-0.7603973,-0.001430511,0.0002980232,0.01125317,1.809
2024_02_10_20_15_27_407,0.6,-0.3141992,159040.0,133140.0,1.238015,-0.3495583,0.1360196,6.280481,0.009192917,5.721435,1.71,0.006969668,0.002067147,-0.7603582,0.01692772,0.002920627,-0.01910608,1.809
2024_02_10_20_15_27_445,0.6,-0.3141992,159219.0,133290.0,1.292391,-0.3850478,0.1360195,6.280481,0.009192898,5.692538,1.71,0.006986996,0.002100298,-0.760424,0.008106232,0.005662441,-0.07275119,1.809
2024_02_10_20_15_27_478,0.6,-0.3141992,159374.0,133420.0,1.338762,-0.4171319,0.1360195,6.280481,0.00919324,5.667446,1.71,0.007062035,0.001981629,-0.7604409,0.01275539,0.001847744,-0.00359863,1.809
2024_02_10_20_15_27_516,0.6,-0.3141992,159553.0,133570.0,1.391142,-0.4555045,0.1360195,6.280481,0.009193053,5.638553,1.71,0.007039687,0.002019533,-0.7603987,0.02074241,0.003218651,-0.01532026,1.809
2024_02_10_20_15_27_549,0.6,-0.3141992,159708.0,133700.0,1.435715,-0.4900431,0.1360195,6.280481,0.009192914,5.613456,1.71,0.006944246,0.002106169,-0.7605073,-0.01144409,-0.006794929,0.04195422,1.809
2024_02_10_20_15_27_586,0.6,-0.3141992,159882.0,133846.0,1.484642,-0.530084,0.1360195,6.280481,0.009192957,5.585318,1.71,0.006997134,0.002004412,-0.7603614,0.007033348,0.005483627,-0.03067218,1.809
2024_02_10_20_15_27_620,0.6,-0.3141992,160042.0,133980.0,1.528592,-0.5680794,0.1360194,6.280481,0.009192846,5.559464,1.71,0.006956847,0.002151215,-0.7603719,-0.01096725,-0.006437301,0.03430154,1.809
2024_02_10_20_15_27_656,0.6,-0.3141992,160216.0,134125.0,1.575286,-0.6107026,0.1360195,6.280481,0.009193134,5.531327,1.71,0.006945216,0.002038242,-0.7604996,-0.002980232,-0.001132488,2.142042e-05,1.809
2024_02_10_20_15_27_694,0.6,-0.3141992,160394.0,134275.0,1.621976,-0.6558272,0.1360196,6.280481,0.009193124,5.50243,1.71,0.006981522,0.002050688,-0.7604626,-0.01692772,-0.007987022,0.04964601,1.809
2024_02_10_20_15_27_732,0.6,-0.3141992,160568.0,134421.0,1.666165,-0.7010435,0.1360196,6.280481,0.009193183,5.474294,1.71,0.007015435,0.002038979,-0.7604224,0.01549721,0.003576278,-0.06110873,1.809
2024_02_10_20_15_27_769,0.6,-0.3141992,160747.0,134571.0,1.710205,-0.7487563,0.1360195,6.280481,0.009193031,5.445398,1.71,0.006868099,0.002112755,-0.7604288,-0.03182888,-0.01609325,0.1030872,1.809
2024_02_10_20_15_27_807,0.6,-0.3141992,160921.0,134716.0,1.751745,-0.7964169,0.1360195,6.280481,0.009192957,5.417262,1.71,0.006943038,0.00204885,-0.760448,-0.0115633,-0.004649162,0.03424194,1.809
2024_02_10_20_15_27_845,0.6,-0.3141992,161100.0,134866.0,1.792994,-0.8465612,0.1360195,6.280481,0.009192974,5.388362,1.71,0.006996647,0.002083074,-0.7603407,-0.01478195,0.001847744,-0.03831647,1.809
2024_02_10_20_15_27_882,0.6,-0.3141992,161274.0,135012.0,1.831749,-0.8965122,0.1360195,6.280481,0.009193092,5.360225,1.71,0.006984233,0.002029287,-0.7604166,-0.009417534,-0.0001192093,0.01906697,1.809
2024_02_10_20_15_27_916,0.6,-0.3141992,161433.0,135146.0,1.866109,-0.9433578,0.1360195,6.280481,0.009193188,5.334372,1.71,0.007060175,0.002008554,-0.7603901,0.002622604,0.008225441,-0.05738716,1.809
2024_02_10_20_15_27_953,0.6,-0.3141992,161607.0,135292.0,1.902111,-0.9953266,0.1360195,6.280481,0.009193031,5.306234,1.71,0.007001884,0.002098325,-0.7603759,-0.03564358,-0.007987022,0.03827456,1.809
2024_02_10_20_15_27_990,0.6,-0.3141992,161786.0,135441.0,1.937551,-1.049734,0.1360195,6.280481,0.009193036,5.277336,1.71,0.006983911,0.002028008,-0.760415,0.02002716,0.007629394,-0.06114039,1.809
2024_02_10_20_15_28_024,0.6,-0.3141992,161941.0,135571.0,1.967041,-1.097796,0.1360195,6.280481,0.009193167,5.252241,1.71,0.007073748,0.002083825,-0.7604001,-0.01573563,0.002026558,-0.05347468,1.809
2024_02_10_20_15_28_062,0.6,-0.3141992,162115.0,135717.0,1.99866,-1.152544,0.1360195,6.280481,0.009192906,5.224107,1.71,0.00700646,0.002089571,-0.7603469,-0.03242493,-0.002920627,0.0148993,1.809
2024_02_10_20_15_28_099,0.6,-0.3141992,162294.0,135867.0,2.029516,-1.209674,0.1360195,6.280481,0.00919309,5.195208,1.71,0.007002526,0.002047582,-0.7603873,0.008106232,0.005364418,-0.04192814,1.809
2024_02_10_20_15_28_136,0.6,-0.3141992,162468.0,136013.0,2.057959,-1.266136,0.1360195,6.280481,0.009193113,5.167075,1.71,0.006962345,0.002082286,-0.7603689,-0.04851818,-0.004768372,0.01526344,1.809
2024_02_10_20_15_28_174,0.6,-0.3141992,162647.0,136163.0,2.085507,-1.324932,0.1360195,6.280481,0.009192838,5.138181,1.71,0.006991411,0.002090594,-0.7603778,-0.005245208,0.0001192093,-0.007842667,1.809
2024_02_10_20_15_28_211,0.6,-0.3141992,162821.0,136308.0,2.110688,-1.382924,0.1360195,6.280481,0.009193084,5.110044,1.71,0.007013704,0.002045982,-0.7604603,-0.007867813,-0.001907349,-0.01155678,1.809
2024_02_10_20_15_28_249,0.6,-0.3141992,162999.0,136458.0,2.13484,-1.443196,0.1360194,6.280481,0.009192773,5.081148,1.71,0.007026235,0.002145962,-0.7603373,-0.0295639,2.980232e-05,-0.02312753,1.809
2024_02_10_20_15_28_286,0.6,-0.3141992,163173.0,136604.0,2.156675,-1.502529,0.1360194,6.280481,0.009193016,5.053013,1.71,0.007069555,0.002086515,-0.7604339,-0.02324581,-0.005483627,0.03830437,1.809
2024_02_10_20_15_28_320,0.6,-0.3141992,163333.0,136738.0,2.175261,-1.557573,0.1360194,6.280481,0.009193143,5.027158,1.71,0.006921916,0.002073878,-0.7605123,-0.01561642,-0.0003874302,-0.00749249,1.809
2024_02_10_20_15_28_357,0.6,-0.3141992,163507.0,136884.0,2.193862,-1.617997,0.1360195,6.280481,0.009193161,4.999024,1.71,0.006969199,0.002061563,-0.7604904,-0.03576279,-0.009030104,0.03812462,1.809
2024_02_10_20_15_28_391,0.6,-0.3141992,163667.0,137018.0,2.20945,-1.673963,0.1360195,6.280481,0.009193048,4.973169,1.71,0.006948241,0.002064821,-0.7604454,-0.00667572,-0.003248453,0.03051106,1.809
2024_02_10_20_15_28_428,0.6,-0.3141992,163841.0,137163.0,2.224764,-1.735303,0.1360196,6.280481,0.009193183,4.945032,1.71,0.006981173,0.002022136,-0.7604304,-0.02002716,-0.005170702,0.03070663,1.809
2024_02_10_20_15_28_465,0.6,-0.3141992,164015.0,137309.0,2.238346,-1.797048,0.1360195,6.280481,0.009193075,4.916893,1.71,0.006952026,0.002076163,-0.7604654,-0.04041195,-0.01129508,0.0686897,1.809
2024_02_10_20_15_28_499,0.6,-0.3141992,164175.0,137443.0,2.249291,-1.854104,0.1360195,6.280481,0.009193096,4.891036,1.71,0.007015964,0.002043366,-0.7604326,-0.0141859,-0.003889203,0.02688821,1.809
2024_02_10_20_15_28_536,0.6,-0.3141992,164349.0,137589.0,2.25952,-1.916493,0.1360196,6.280481,0.009193219,4.862899,1.71,0.006838019,0.002026128,-0.7604603,0.0007152557,-0.00461936,0.02696272,1.809
2024_02_10_20_15_28_574,0.6,-0.3141992,164527.0,137739.0,2.268193,-1.980841,0.1360196,6.280481,0.009193138,4.834004,1.71,0.00694892,0.002074014,-0.7604026,-0.006794929,-0.0009387731,-0.003824942,1.809
2024_02_10_20_15_28_612,0.6,-0.3141992,164701.0,137884.0,2.274848,-2.043713,0.1360195,6.280481,0.009193237,4.805869,1.71,0.006959423,0.002019057,-0.7603901,0.004172325,-0.003457069,0.03445148,1.809
2024_02_10_20_15_28_649,0.6,-0.3141992,164880.0,138034.0,2.27984,-2.108451,0.1360196,6.280481,0.009193112,4.776975,1.71,0.00702364,0.00208727,-0.7604109,-0.02729893,-0.000834465,-0.03070012,1.809
2024_02_10_20_15_28_682,0.6,-0.3141992,165035.0,138164.0,2.282657,-2.16477,0.1360195,6.280481,0.009192958,4.751879,1.71,0.006986429,0.002054059,-0.7603433,0.004053116,0.0006407499,-0.02680812,1.809
2024_02_10_20_15_28_720,0.6,-0.3141992,165214.0,138314.0,2.28415,-2.229684,0.1360194,6.280481,0.009192894,4.72298,1.71,0.006945646,0.002076716,-0.7603779,-0.04553794,-0.004529953,0.01899805,1.809
2024_02_10_20_15_28_753,0.6,-0.3141992,165369.0,138444.0,2.283924,-2.286072,0.1360195,6.280481,0.00919296,4.697884,1.71,0.006951744,0.002063631,-0.7604103,-0.04529953,-0.01221895,0.06079673,1.809
2024_02_10_20_15_28_791,0.6,-0.3141992,165543.0,138590.0,2.281987,-2.349265,0.1360195,6.280481,0.009192982,4.669748,1.71,0.007042353,0.002042146,-0.7603825,0.01227856,-0.0009983778,0.0114562,1.809
2024_02_10_20_15_28_828,0.6,-0.3141992,165722.0,138740.0,2.278147,-2.414083,0.1360194,6.280481,0.009192733,4.640852,1.71,0.007006277,0.002039085,-0.7603685,0.03325939,0.0004768371,0.03824476,1.809
2024_02_10_20_15_28_865,0.6,-0.3141992,165896.0,138885.0,2.272611,-2.477063,0.1360195,6.280481,0.009192947,4.612713,1.71,0.006850153,0.002050151,-0.760429,0.001549721,-0.003963709,0.03819913,1.809
2024_02_10_20_15_28_903,0.6,-0.3141992,166074.0,139035.0,2.265083,-2.541557,0.1360195,6.280481,0.009193039,4.583817,1.71,0.006983995,0.002097801,-0.7604182,-0.02992153,-0.00500679,-0.003857538,1.809
2024_02_10_20_15_28_935,0.6,-0.3141992,166230.0,139165.0,2.257036,-2.597368,0.1360195,6.280481,0.009193138,4.558723,1.71,0.00692401,0.002043145,-0.7604559,0.01299381,0.005364418,-0.05705375,1.809
2024_02_10_20_15_28_974,0.6,-0.3141992,166408.0,139315.0,2.24604,-2.661363,0.1360195,6.280481,0.009192915,4.529826,1.71,0.00695085,0.002088049,-0.7604162,-0.00846386,0.007033348,-0.08414033,1.809
2024_02_10_20_15_29_011,0.6,-0.3141992,166582.0,139461.0,2.233561,-2.723343,0.1360195,6.280481,0.009192894,4.501692,1.71,0.006958105,0.002081431,-0.7604075,-0.01096725,-0.001549721,0.007617287,1.809
2024_02_10_20_15_29_045,0.6,-0.3141992,166742.0,139595.0,2.220558,-2.779966,0.1360195,6.280481,0.009192989,4.475837,1.71,0.006948385,0.002056384,-0.7603549,-0.0166893,-0.004291534,0.02678111,1.809
2024_02_10_20_15_29_082,0.6,-0.3141992,166916.0,139740.0,2.204751,-2.841183,0.1360195,6.280481,0.009192978,4.447698,1.71,0.006967471,0.002022371,-0.7603724,-0.02598762,-0.004529953,0.02653431,1.809
2024_02_10_20_15_29_120,0.6,-0.3141992,167095.0,139890.0,2.186734,-2.903563,0.1360195,6.280481,0.009192896,4.418801,1.71,0.006983161,0.002048618,-0.7604,-0.007390975,-0.01138449,0.07263478,1.809
2024_02_10_20_15_29_157,0.6,-0.3141992,167269.0,140036.0,2.167464,-2.963778,0.1360195,6.280481,0.009192831,4.390662,1.71,0.006990686,0.002068615,-0.7603711,-0.003457069,0.004172325,-0.0385521,1.809
2024_02_10_20_15_29_194,0.6,-0.3141992,167447.0,140186.0,2.145918,-3.025031,0.1360196,6.280481,0.009193023,4.361767,1.71,0.006948952,0.002037982,-0.7603888,0.02622604,0.01204014,-0.0687642,1.809
2024_02_10_20_15_29_231,0.6,-0.3141992,167621.0,140331.0,2.123246,-3.08405,0.1360195,6.280481,0.009192943,4.333632,1.71,0.006924494,0.002081336,-0.7604155,-0.03576279,-0.008165836,0.02647098,1.809
2024_02_10_20_15_29_266,0.6,-0.3141992,167777.0,140462.0,2.101632,-3.136132,0.1360194,6.280481,0.009193023,4.30854,1.71,0.006967069,0.002024048,-0.7604497,-0.01275539,0.0004172325,0.0347225,1.809
2024_02_10_20_15_29_300,0.6,-0.3141992,167936.0,140595.0,2.078004,-3.189207,0.1360195,6.280481,0.009192909,4.282685,1.71,0.006985941,0.002062173,-0.7603823,0.005483627,-0.003874302,0.02671219,1.809
2024_02_10_20_15_29_336,0.6,-0.3141992,168110.0,140741.0,2.050741,-3.246251,0.1360196,6.280481,0.009193004,4.254548,1.71,0.007051557,0.001977765,-0.7603948,0.05030632,0.01198053,-0.05719345,1.809
2024_02_10_20_15_29_374,0.6,-0.3141992,168289.0,140891.0,2.021082,-3.304014,0.1360195,6.280481,0.009192782,4.225653,1.71,0.00705386,0.002099796,-0.7602512,0.02598762,0.009834765,-0.06894581,1.809
2024_02_10_20_15_29_411,0.6,-0.3141992,168463.0,141037.0,1.990611,-3.35941,0.1360195,6.280481,0.009192997,4.197517,1.71,0.006913753,0.0020444,-0.7603931,-0.007271766,-0.003635883,0.01142453,1.809
2024_02_10_20_15_29_444,0.6,-0.3141992,168623.0,141171.0,1.961247,-3.409541,0.1360195,6.280481,0.009193077,4.171664,1.71,0.006949681,0.002015965,-0.7604383,0.02026558,0.003755092,-0.01521129,1.809
2024_02_10_20_15_29_482,0.6,-0.3141992,168797.0,141317.0,1.927832,-3.463213,0.1360195,6.280481,0.009193054,4.143528,1.71,0.00692151,0.002035819,-0.7604437,0.008702278,-0.008165836,0.06510783,1.809
2024_02_10_20_15_29_520,0.6,-0.3141992,168976.0,141466.0,1.891955,-3.517335,0.1360196,6.280481,0.009193071,4.11463,1.71,0.00692506,0.002055219,-0.7603781,-0.03099441,-0.001132488,-0.003872439,1.809
2024_02_10_20_15_29_557,0.6,-0.3141992,169150.0,141612.0,1.855535,-3.569014,0.1360195,6.280481,0.009192837,4.086495,1.71,0.006969621,0.002078556,-0.7604129,0.00846386,-0.004470348,0.04983227,1.809
2024_02_10_20_15_29_594,0.6,-0.3141992,169328.0,141762.0,1.816632,-3.621002,0.1360195,6.280481,0.009192938,4.057599,1.71,0.006988365,0.00203055,-0.760451,-0.001430511,-0.0001788139,-0.003783963,1.809
2024_02_10_20_15_29_628,0.6,-0.3141992,169483.0,141892.0,1.781642,-3.665224,0.1360194,6.280481,0.009192849,4.032504,1.71,0.006927445,0.002120357,-0.7604296,-0.02193451,-0.005185604,0.0076266,1.809
2024_02_10_20_15_29_662,0.6,-0.3141992,169639.0,142022.0,1.745552,-3.708553,0.1360195,6.280481,0.009192888,4.00741,1.71,0.006965082,0.002052336,-0.7603899,-0.01394749,0.0008940696,-0.01151767,1.809
2024_02_10_20_15_29_699,0.6,-0.3141992,169817.0,142172.0,1.702664,-3.757307,0.1360194,6.280481,0.009192907,3.978514,1.71,0.007005721,0.002047398,-0.7604461,0.00500679,0.002086163,-0.0152681,1.809
2024_02_10_20_15_29_733,0.6,-0.3141992,169972.0,142302.0,1.664289,-3.798625,0.1360195,6.280481,0.009192911,3.953418,1.71,0.006950759,0.00207103,-0.7603814,-0.008821487,-0.005900859,0.03425032,1.809
2024_02_10_20_15_29_769,0.6,-0.3141992,170146.0,142447.0,1.620045,-3.84379,0.1360194,6.280481,0.009192954,3.92528,1.71,0.006989949,0.002052521,-0.7604017,0.01215935,0.002503395,-0.01895986,1.809
2024_02_10_20_15_29_803,0.6,-0.3141992,170306.0,142581.0,1.578284,-3.88418,0.1360194,6.280481,0.009193003,3.899428,1.71,0.006967946,0.002049204,-0.7604433,-0.001907349,-0.00667572,0.06142817,1.809
2024_02_10_20_15_29_840,0.6,-0.3141992,170480.0,142727.0,1.531666,-3.926891,0.1360195,6.280481,0.009192894,3.87129,1.71,0.00690738,0.002024833,-0.7604762,-0.0128746,-0.009000301,0.08386466,1.809
2024_02_10_20_15_29_878,0.6,-0.3141992,170659.0,142877.0,1.48256,-3.969373,0.1360195,6.280481,0.009193095,3.842393,1.71,0.006842893,0.002069191,-0.7604492,-0.02944469,-0.009059906,0.04201941,1.809
2024_02_10_20_15_29_911,0.6,-0.3141992,170814.0,143007.0,1.438935,-4.005103,0.1360194,6.280481,0.009192863,3.817299,1.71,0.006994007,0.002096104,-0.7603438,-0.01168251,-5.960464e-05,-0.003924593,1.809
2024_02_10_20_15_29_949,0.6,-0.3141992,170993.0,143157.0,1.387605,-4.044873,0.1360194,6.280481,0.009193258,3.788401,1.71,0.00696099,0.002041669,-0.7605978,-0.03218651,-0.008285046,0.02691056,1.809
2024_02_10_20_15_29_982,0.6,-0.3141992,171148.0,143287.0,1.342115,-4.078194,0.1360195,6.280481,0.009192987,3.763307,1.71,0.007009685,0.002014841,-0.7603869,0.01859665,0.006735324,-0.03445335,1.809
2024_02_10_20_15_30_019,0.6,-0.3141992,171322.0,143433.0,1.290134,-4.114184,0.1360195,6.280481,0.009192959,3.735169,1.71,0.006948513,0.002005918,-0.760381,0.006914138,0.003039837,-0.0113938,1.809
2024_02_10_20_15_30_052,0.6,-0.3141992,171482.0,143567.0,1.241493,-4.145955,0.1360195,6.280481,0.009192772,3.709313,1.71,0.007047091,0.002033701,-0.7602925,0.0371933,0.01066923,-0.04609674,1.809
2024_02_10_20_15_30_090,0.6,-0.3141992,171656.0,143712.0,1.187646,-4.179088,0.1360194,6.280481,0.009192818,3.681175,1.71,0.006970096,0.002088714,-0.7604101,-0.005960464,-0.005185604,0.02280436,1.809
2024_02_10_20_15_30_127,0.6,-0.3141992,171835.0,143862.0,1.131396,-4.211524,0.1360195,6.280481,0.009192921,3.652279,1.71,0.006968023,0.00207002,-0.7604702,-0.03218651,-0.009179115,0.04177075,1.809
2024_02_10_20_15_30_165,0.6,-0.3141992,172009.0,144008.0,1.075745,-4.241533,0.1360194,6.280481,0.009193069,3.624143,1.71,0.007023221,0.00202527,-0.7604564,-0.01883507,-0.003874302,0.03452785,1.809
2024_02_10_20_15_30_203,0.6,-0.3141992,172187.0,144158.0,1.017737,-4.27071,0.1360195,6.280481,0.009192953,3.595247,1.71,0.006954262,0.002116052,-0.760492,-0.03492832,-0.008523464,0.02298318,1.809
2024_02_10_20_15_30_236,0.6,-0.3141992,172342.0,144288.0,0.9666957,-4.294681,0.1360195,6.280481,0.009193019,3.570152,1.71,0.00699193,0.002070512,-0.7604902,-0.01955032,-0.009298325,0.0534961,1.809
2024_02_10_20_15_30_274,0.6,-0.3141992,172521.0,144437.0,0.9071962,-4.320686,0.1360195,6.280481,0.009192916,3.541255,1.71,0.00695114,0.002116046,-0.7604488,-0.0009536743,-0.002205372,-0.01141336,1.809
2024_02_10_20_15_30_311,0.6,-0.3141992,172695.0,144583.0,0.8485646,-4.344345,0.1360194,6.280481,0.009192929,3.513119,1.71,0.00698971,0.002101613,-0.7604203,-0.005483627,-0.0012815,-0.03451668,1.809
2024_02_10_20_15_30_349,0.6,-0.3141992,172874.0,144733.0,0.7876816,-4.366918,0.1360195,6.280481,0.009193103,3.484221,1.71,0.007034871,0.002006273,-0.7604279,0.006318092,0.002354383,-0.01517776,1.809
2024_02_10_20_15_30_382,0.6,-0.3141992,173029.0,144863.0,0.7342987,-4.385085,0.1360194,6.280481,0.009193067,3.459127,1.71,0.007048617,0.002032974,-0.7603682,0.01204014,0.005602836,-0.01887884,1.809
2024_02_10_20_15_30_419,0.6,-0.3141992,173203.0,145009.0,0.6739244,-4.403854,0.1360195,6.280481,0.009192993,3.43099,1.71,0.00694561,0.002041728,-0.7604145,0.0180006,0.003069639,-0.007407739,1.809
2024_02_10_20_15_30_457,0.6,-0.3141992,173382.0,145159.0,0.6113945,-4.421355,0.1360195,6.280481,0.009192936,3.402094,1.71,0.006981771,0.002076621,-0.7603976,-0.02396107,-0.0103116,0.07617008,1.809
2024_02_10_20_15_30_495,0.6,-0.3141992,173556.0,145304.0,0.5500492,-4.436652,0.1360195,6.280481,0.009193148,3.373957,1.71,0.006933043,0.002053712,-0.7604646,-0.01275539,-0.00603497,0.02306234,1.809
2024_02_10_20_15_30_528,0.6,-0.3141992,173715.0,145438.0,0.4933181,-4.449181,0.1360195,6.280481,0.009192961,3.348102,1.71,0.00699822,0.002004459,-0.7603043,0.03266335,0.001579523,0.05752686,1.809
2024_02_10_20_15_30_565,0.6,-0.3141992,173889.0,145584.0,0.4312357,-4.461146,0.1360196,6.280481,0.009192804,3.319966,1.71,0.006966001,0.002131972,-0.7603385,0.002264977,-0.00217557,0.007427297,1.809
2024_02_10_20_15_30_603,0.6,-0.3141992,174068.0,145734.0,0.3671521,-4.471611,0.1360195,6.280481,0.009192947,3.291069,1.71,0.006959262,0.002046757,-0.7603915,0.04768371,0.01324713,-0.08789915,1.809
2024_02_10_20_15_30_640,0.6,-0.3141992,174242.0,145880.0,0.3044891,-4.480018,0.1360195,6.280481,0.009192973,3.262933,1.71,0.007035726,0.002115098,-0.7603625,-0.03170967,-0.002965331,-0.007710419,1.809
2024_02_10_20_15_30_678,0.6,-0.3141992,174421.0,146029.0,0.2399125,-4.486814,0.1360195,6.280481,0.009192947,3.234036,1.71,0.007010889,0.002079207,-0.7603899,-0.003576278,0.006824731,-0.04977546,1.809
2024_02_10_20_15_30_715,0.6,-0.3141992,174595.0,146175.0,0.1768723,-4.491634,0.1360195,6.280481,0.009192934,3.2059,1.71,0.006897643,0.002085739,-0.7604646,0.006914138,-0.006049871,0.04223548,1.809
2024_02_10_20_15_30_749,0.6,-0.3141992,174755.0,146309.0,0.1188446,-4.4945,0.1360194,6.280481,0.009192842,3.180045,1.71,0.007041111,0.002000094,-0.7603672,0.03182888,0.01381338,-0.04189275,1.809
2024_02_10_20_15_30_786,0.6,-0.3141992,174929.0,146455.0,0.05563593,-4.495912,0.1360195,6.280481,0.009193047,3.151909,1.71,0.006993153,0.002090113,-0.7604014,-0.04994869,-0.006273388,0.01520384,1.809
2024_02_10_20_15_30_824,0.6,-0.3141992,175107.0,146605.0,-0.009295732,-4.49551,0.1360196,6.280481,0.009192909,3.123013,1.71,0.00699715,0.002079481,-0.7603191,-0.04482269,-0.004515052,0.0302745,1.809
2024_02_10_20_15_30_861,0.6,-0.3141992,175281.0,146750.0,-0.07248172,-4.493318,0.1360194,6.280481,0.009192811,3.094877,1.71,0.007021873,0.002056052,-0.7603847,0.02288818,-0.0003278255,0.05356874,1.809
2024_02_10_20_15_30_899,0.6,-0.3141992,175455.0,146896.0,-0.1355816,-4.489348,0.1360195,6.280481,0.009193052,3.066741,1.71,0.007002162,0.002066721,-0.7604038,0.04327297,0.01239777,-0.09910296,1.809
2024_02_10_20_15_30_932,0.6,-0.3141992,175615.0,147030.0,-0.1934459,-4.484136,0.1360196,6.280481,0.009193084,3.040887,1.71,0.007035966,0.001991912,-0.7604751,0.003814697,0.002458691,-0.02290401,1.809
2024_02_10_20_15_30_969,0.6,-0.3141992,175789.0,147176.0,-0.2562399,-4.476767,0.1360195,6.280481,0.009192904,3.01275,1.71,0.00702315,0.002061591,-0.7602876,0.020504,0.006735324,-0.01124572,1.809
2024_02_10_20_15_31_007,0.6,-0.3141992,175968.0,147326.0,-0.320489,-4.467363,0.1360195,6.280481,0.009192921,2.983855,1.71,0.007009335,0.002092067,-0.760367,0.005722045,0.002324581,-0.015283,1.809
2024_02_10_20_15_31_045,0.6,-0.3141992,176142.0,147472.0,-0.3827597,-4.456427,0.1360195,6.280481,0.009192991,2.955719,1.71,0.006983892,0.002068729,-0.760361,0.003218651,0.0007748603,-0.01507345,1.809
2024_02_10_20_15_31_082,0.6,-0.3141992,176320.0,147621.0,-0.4463677,-4.443376,0.1360195,6.280481,0.009193032,2.926822,1.71,0.006983024,0.002024938,-0.7603918,-0.002741813,0.002384186,-0.02677832,1.809
2024_02_10_20_15_31_119,0.6,-0.3141992,176494.0,147767.0,-0.5079145,-4.428908,0.1360195,6.280481,0.009192821,2.898685,1.71,0.006983755,0.002091282,-0.7604035,0.05686283,0.01341104,-0.07618032,1.809
2024_02_10_20_15_31_157,0.6,-0.3141992,176673.0,147917.0,-0.5706761,-4.412252,0.1360195,6.280481,0.009192984,2.869789,1.71,0.006971379,0.002064028,-0.7603673,0.005602836,0.001549721,-0.01923926,1.809
2024_02_10_20_15_31_195,0.6,-0.3141992,176847.0,148063.0,-0.6312979,-4.3943,0.1360194,6.280481,0.009193202,2.841654,1.71,0.006991921,0.002048752,-0.7604139,0.003695488,0.002384186,-0.03035366,1.809
2024_02_10_20_15_31_232,0.6,-0.3141992,177026.0,148212.0,-0.6930063,-4.374096,0.1360196,6.280481,0.009193036,2.812759,1.71,0.007013588,0.002006384,-0.7604195,0.004172325,-0.0005364418,-0.0002449378,1.809
2024_02_10_20_15_31_270,0.6,-0.3141992,177200.0,148358.0,-0.7525061,-4.352716,0.1360195,6.280481,0.00919284,2.784623,1.71,0.006987264,0.002106493,-0.7603846,-0.03039837,-0.003755092,0.01109764,1.809
2024_02_10_20_15_31_303,0.6,-0.3141992,177360.0,148492.0,-0.8066308,-4.331602,0.1360196,6.280481,0.009193014,2.758769,1.71,0.006916877,0.002049224,-0.760434,-0.01311302,-0.006258487,0.007383525,1.809
2024_02_10_20_15_31_345,0.6,-0.3141992,177552.0,148654.0,-0.8711463,-4.304291,0.1360195,6.280481,0.009193113,2.727591,1.71,0.007002513,0.002064369,-0.7604755,-0.01728535,-0.005543231,0.01533609,1.809
2024_02_10_20_15_31_378,0.6,-0.3141992,177712.0,148788.0,-0.9239802,-4.280127,0.1360195,6.280481,0.009192959,2.701735,1.71,0.006971106,0.00206247,-0.760449,-0.02157688,-0.00923872,0.04952214,1.809
2024_02_10_20_15_31_415,0.6,-0.3141992,177886.0,148933.0,-0.980745,-4.252287,0.1360195,6.280481,0.009193131,2.673598,1.71,0.006963455,0.002046611,-0.7604425,-0.02086162,-0.00423193,-0.01524109,1.809
2024_02_10_20_15_31_452,0.6,-0.3141992,178065.0,149083.0,-1.038205,-4.222044,0.1360195,6.280481,0.009193101,2.644703,1.71,0.006910626,0.002089753,-0.760527,-0.01096725,-0.01037121,0.0420371,1.809
2024_02_10_20_15_31_486,0.6,-0.3141992,178220.0,149213.0,-1.087378,-4.194444,0.1360194,6.280481,0.009192846,2.619609,1.71,0.006967064,0.002083033,-0.7604163,0.015378,0.003278255,-0.03065355,1.809
2024_02_10_20_15_31_524,0.6,-0.3141992,178394.0,149359.0,-1.141669,-4.16204,0.1360195,6.280481,0.009192884,2.591475,1.71,0.007025649,0.002094799,-0.7604313,-0.009536743,-0.002682209,-3.539026e-05,1.809
2024_02_10_20_15_31_561,0.6,-0.3141992,178573.0,149509.0,-1.196454,-4.127185,0.1360195,6.280481,0.009193144,2.562581,1.71,0.007001228,0.002049552,-0.7604205,-0.01275539,-0.00578165,0.01156423,1.809
2024_02_10_20_15_31_599,0.6,-0.3141992,178747.0,149655.0,-1.248809,-4.091742,0.1360194,6.280481,0.009192873,2.534446,1.71,0.006932646,0.002050452,-0.7604181,-0.0004768371,-0.002861023,0.02271402,1.809
2024_02_10_20_15_31_636,0.6,-0.3141992,178925.0,149804.0,-1.301519,-4.053821,0.1360194,6.280481,0.009192972,2.505551,1.71,0.006998947,0.001997862,-0.7604343,0.0282526,0.005424022,-0.01898501,1.809
2024_02_10_20_15_31_673,0.6,-0.3141992,179099.0,149950.0,-1.351769,-4.015448,0.1360195,6.280481,0.009193105,2.477416,1.71,0.007054869,0.002021453,-0.7604281,-0.002980232,-0.00745058,0.05750358,1.809
2024_02_10_20_15_31_707,0.6,-0.3141992,179259.0,150084.0,-1.396976,-3.978955,0.1360195,6.280481,0.009192858,2.451558,1.71,0.006856979,0.002029208,-0.7604381,0.03147125,-0.002205372,0.04591699,1.809
2024_02_10_20_15_31_744,0.6,-0.3141992,179433.0,150230.0,-1.445081,-3.937928,0.1360195,6.280481,0.009193048,2.423424,1.71,0.007059689,0.002027331,-0.7603899,-0.01454353,-0.001490116,0.02295989,1.809
2024_02_10_20_15_31_778,0.6,-0.3141992,179593.0,150364.0,-1.488252,-3.899049,0.1360194,6.280481,0.009192828,2.39757,1.71,0.006914801,0.002097439,-0.7603785,-0.02288818,-0.006496906,0.0266172,1.809
2024_02_10_20_15_31_811,0.6,-0.3141992,179748.0,150494.0,-1.529179,-3.860258,0.1360195,6.280481,0.009193084,2.372476,1.71,0.007010658,0.00204144,-0.7603488,-0.02360344,-0.006735324,0.04191044,1.809
2024_02_10_20_15_31_849,0.6,-0.3141992,179922.0,150640.0,-1.573893,-3.815561,0.1360196,6.280481,0.009193032,2.344341,1.71,0.006954892,0.002066102,-0.7604017,-0.03111362,-0.008702278,0.03424659,1.809
2024_02_10_20_15_31_886,0.6,-0.3141992,180101.0,150789.0,-1.618488,-3.768364,0.1360194,6.280481,0.009192884,2.315445,1.71,0.006975799,0.002099849,-0.7603819,0.0005960464,0.0001192093,0.0115186,1.809
2024_02_10_20_15_31_923,0.6,-0.3141992,180275.0,150935.0,-1.660581,-3.72119,0.1360195,6.280481,0.009193104,2.287307,1.71,0.007011934,0.001989367,-0.7604817,0.03266335,0.006794929,-0.04175398,1.809
2024_02_10_20_15_31_956,0.6,-0.3141992,180435.0,151069.0,-1.69808,-3.676812,0.1360194,6.280481,0.009192802,2.26145,1.71,0.007025397,0.002087679,-0.7603441,0.01430511,0.007033348,-0.03809854,1.809
2024_02_10_20_15_31_994,0.6,-0.3141992,180609.0,151215.0,-1.737566,-3.627435,0.1360195,6.280481,0.009193039,2.233315,1.71,0.006902311,0.002086804,-0.7604832,-0.02551079,-0.007927418,0.02288259,1.809
2024_02_10_20_15_32_032,0.6,-0.3141992,180787.0,151365.0,-1.776657,-3.575588,0.1360195,6.280481,0.009192982,2.204417,1.71,0.006990032,0.002065372,-0.7603822,-0.01764297,-0.007748603,0.04208088,1.809
2024_02_10_20_15_32_069,0.6,-0.3141992,180961.0,151510.0,-1.813264,-3.52404,0.1360195,6.280481,0.009193102,2.176282,1.71,0.006930063,0.002037623,-0.7604156,-0.02551079,-0.008165836,0.05352776,1.809
2024_02_10_20_15_32_107,0.6,-0.3141992,181140.0,151660.0,-1.849336,-3.47005,0.1360195,6.280481,0.00919295,2.147386,1.71,0.006943767,0.002065568,-0.7604117,-0.004887581,-0.001490116,0.05359389,1.809
2024_02_10_20_15_32_140,0.6,-0.3141992,181295.0,151790.0,-1.879383,-3.422334,0.1360195,6.280481,0.009193009,2.122292,1.71,0.006913359,0.002107422,-0.7604318,-0.03314018,-0.01251697,0.08811242,1.809
2024_02_10_20_15_32_178,0.6,-0.3141992,181469.0,151936.0,-1.91164,-3.367958,0.1360195,6.280481,0.009193081,2.094155,1.71,0.007023124,0.002057626,-0.7603839,-0.01478195,0.0002980232,-0.01521408,1.809
2024_02_10_20_15_32_211,0.6,-0.3141992,181629.0,152070.0,-1.939923,-3.317209,0.1360195,6.280481,0.009193104,2.068299,1.71,0.006993206,0.002064525,-0.7603607,-0.03433228,-0.007569789,0.03829226,1.809
2024_02_10_20_15_32_249,0.6,-0.3141992,181803.0,152216.0,-1.969197,-3.261171,0.1360195,6.280481,0.009192886,2.040164,1.71,0.006996596,0.002118561,-0.7603379,0.004291534,0.0009536743,-9.49949e-05,1.809
2024_02_10_20_15_32_286,0.6,-0.3141992,181982.0,152366.0,-1.997609,-3.202785,0.1360195,6.280481,0.009193107,2.011269,1.71,0.00695926,0.002043887,-0.7604179,-0.01716614,-0.004947185,0.02677366,1.809
2024_02_10_20_15_32_323,0.6,-0.3141992,182156.0,152511.0,-2.023641,-3.145168,0.1360195,6.280481,0.009192821,1.983134,1.71,0.006931053,0.002054693,-0.7603831,-0.008106232,-0.001251697,0.01521781,1.809
2024_02_10_20_15_32_361,0.6,-0.3141992,182334.0,152661.0,-2.048677,-3.085258,0.1360195,6.280481,0.009192976,1.954241,1.71,0.006977898,0.002039442,-0.7604075,0.01454353,0.002622604,0.01528673,1.809
2024_02_10_20_15_32_399,0.6,-0.3141992,182508.0,152807.0,-2.071384,-3.026252,0.1360196,6.280481,0.009192969,1.926109,1.71,0.007084048,0.002061137,-0.7603229,-0.007867813,0.00461936,-0.05377642,1.809
2024_02_10_20_15_32_432,0.6,-0.3141992,182668.0,152941.0,-2.090779,-2.971488,0.1360195,6.280481,0.009192847,1.900257,1.71,0.006961645,0.002053718,-0.7604458,-0.01764297,-0.004559755,0.01502689,1.809
2024_02_10_20_15_32_469,0.6,-0.3141992,182842.0,153087.0,-2.110269,-2.911343,0.1360196,6.280481,0.009193074,1.87212,1.71,0.007022178,0.0020525,-0.7603193,0.003933907,-0.0009238719,-0.03450178,1.809
2024_02_10_20_15_32_507,0.6,-0.3141992,183021.0,153236.0,-2.128515,-2.849027,0.1360194,6.280481,0.009192922,1.843226,1.71,0.007019965,0.002041205,-0.7603723,0.005841255,-0.001609325,0.02293102,1.809
2024_02_10_20_15_32_540,0.6,-0.3141992,183176.0,153366.0,-2.142895,-2.794504,0.1360196,6.280481,0.009193059,1.818127,1.71,0.006856405,0.002058695,-0.7603806,-0.001311302,-0.0002831221,-8.754431e-05,1.809
2024_02_10_20_15_32_574,0.6,-0.3141992,183331.0,153496.0,-2.155903,-2.739636,0.1360195,6.280481,0.009193216,1.793033,1.71,0.00696058,0.002049192,-0.7604429,-0.007152557,-0.001728535,-0.02286769,1.809
2024_02_10_20_15_32_610,0.6,-0.3141992,183510.0,153646.0,-2.169169,-2.676075,0.1360195,6.280482,0.009193155,1.764136,1.71,0.006979173,0.001998652,-0.7603954,0.03731251,0.006347894,-0.02267025,1.809
2024_02_10_20_15_32_649,0.6,-0.3141992,183684.0,153792.0,-2.18032,-2.613844,0.1360195,6.280481,0.009193094,1.736001,1.71,0.007015144,0.0020143,-0.7603484,0.01049042,-0.002220273,0.04619732,1.809
2024_02_10_20_15_32_685,0.6,-0.3141992,183863.0,153942.0,-2.189939,-2.54963,0.1360195,6.280481,0.009192935,1.707105,1.71,0.006913022,0.002099259,-0.7604203,0.006079673,-0.005513429,0.01530535,1.809
2024_02_10_20_15_32_724,0.6,-0.3141992,184037.0,154088.0,-2.197521,-2.486863,0.1360194,6.280481,0.00919282,1.678969,1.71,0.00704158,0.00208773,-0.7604176,0.0009536743,-0.003099441,0.01150649,1.809
2024_02_10_20_15_32_761,0.6,-0.3141992,184215.0,154237.0,-2.203465,-2.422202,0.1360194,6.280481,0.009192821,1.650073,1.71,0.006985634,0.002099635,-0.7605031,0.003814697,-0.0007599592,0.003962778,1.809
2024_02_10_20_15_32_799,0.6,-0.3141992,184389.0,154383.0,-2.207457,-2.359104,0.1360195,6.280481,0.009192931,1.621934,1.71,0.006983866,0.002037324,-0.7604289,-0.002741813,0.005155801,-0.03428385,1.809
2024_02_10_20_15_32_836,0.6,-0.3141992,184568.0,154533.0,-2.209707,-2.294211,0.1360195,6.280481,0.009192831,1.593039,1.71,0.006987746,0.002049929,-0.7603495,0.01955032,0.001892447,-0.007770955,1.809
2024_02_10_20_15_32_869,0.6,-0.3141992,184723.0,154663.0,-2.21014,-2.237824,0.1360195,6.280481,0.009192911,1.567943,1.71,0.006931813,0.002052953,-0.7604397,-0.00989437,-0.006601214,0.03420655,1.809
2024_02_10_20_15_32_907,0.6,-0.3141992,184902.0,154813.0,-2.208885,-2.172905,0.1360195,6.280481,0.009192956,1.539045,1.71,0.006927279,0.002062839,-0.7604216,0.01442432,8.940696e-05,0.007838011,1.809
2024_02_10_20_15_32_940,0.6,-0.3141992,185057.0,154943.0,-2.206275,-2.116577,0.1360195,6.280481,0.00919308,1.51395,1.71,0.006996817,0.001980501,-0.7603369,0.003695488,0.008970499,-0.04589278,1.809
2024_02_10_20_15_32_974,0.6,-0.3141992,185212.0,155073.0,-2.202252,-2.060333,0.1360195,6.280481,0.009193283,1.488856,1.71,0.006947089,0.002038352,-0.7604768,-0.03492832,-0.01299381,0.07249136,1.809
2024_02_10_20_15_33_011,0.6,-0.3141992,185391.0,155222.0,-2.195872,-1.995716,0.1360195,6.280481,0.009192993,1.459959,1.71,0.006949854,0.002052661,-0.7603941,0.02479553,0.0007152557,0.000115484,1.809
2024_02_10_20_15_33_048,0.6,-0.3141992,185565.0,155368.0,-2.187871,-1.933002,0.1360195,6.280481,0.009193175,1.43182,1.71,0.00699922,0.001989285,-0.7604232,0.0371933,0.005871057,-0.03042351,1.809
2024_02_10_20_15_33_086,0.6,-0.3141992,185744.0,155518.0,-2.177817,-1.868854,0.1360195,6.280481,0.009193062,1.402922,1.71,0.006983718,0.002068566,-0.7603873,-0.01657009,-0.007182359,0.03440399,1.809
2024_02_10_20_15_33_119,0.6,-0.3141992,185899.0,155648.0,-2.167588,-1.813402,0.1360196,6.280481,0.00919312,1.37783,1.71,0.006924942,0.002028699,-0.7604576,-0.007987022,-0.002115965,0.01148786,1.809
2024_02_10_20_15_33_157,0.6,-0.3141992,186077.0,155798.0,-2.154087,-1.74989,0.1360194,6.280481,0.009192762,1.348934,1.71,0.006956112,0.002105769,-0.7603509,0.01358986,-0.002741813,0.02682674,1.809
2024_02_10_20_15_33_194,0.6,-0.3141992,186251.0,155943.0,-2.139184,-1.68845,0.1360196,6.280481,0.009192986,1.320798,1.71,0.006960427,0.002074222,-0.7603918,-0.01859665,-0.005483627,0.04969723,1.809
2024_02_10_20_15_33_227,0.6,-0.3141992,186407.0,156073.0,-2.124441,-1.634024,0.1360195,6.280481,0.009192788,1.295706,1.71,0.007022517,0.002084925,-0.760336,0.002503395,0.002682209,-0.007726252,1.809
2024_02_10_20_15_33_265,0.6,-0.3141992,186585.0,156223.0,-2.105776,-1.571833,0.1360195,6.280481,0.009192929,1.266806,1.71,0.006877532,0.002033535,-0.7604374,0.01049042,-0.007390975,0.06886665,1.809
2024_02_10_20_15_33_302,0.6,-0.3141992,186759.0,156369.0,-2.085882,-1.511821,0.1360195,6.280481,0.009193038,1.238669,1.71,0.006981332,0.002042299,-0.7604043,0.005483627,0.004053116,-0.03417023,1.809
2024_02_10_20_15_33_340,0.6,-0.3141992,186938.0,156519.0,-2.063703,-1.450796,0.1360195,6.280481,0.009192896,1.209771,1.71,0.006934125,0.002065013,-0.7604188,-0.0295639,-0.006139278,0.01874752,1.809
2024_02_10_20_15_33_377,0.6,-0.3141992,187112.0,156665.0,-2.040421,-1.392017,0.1360195,6.280481,0.009193027,1.181636,1.71,0.007011111,0.002004349,-0.7603548,-0.009059906,-0.004172325,0.05339738,1.809
2024_02_10_20_15_33_415,0.6,-0.3141992,187291.0,156814.0,-2.0148,-1.332355,0.1360195,6.280481,0.009193192,1.152742,1.71,0.007032959,0.002030027,-0.7603901,0.00500679,0.003814697,-0.04193652,1.809
2024_02_10_20_15_33_453,0.6,-0.3141992,187464.0,156960.0,-1.988206,-1.274999,0.1360196,6.280481,0.009193068,1.124607,1.71,0.007000789,0.002018177,-0.7603524,0.03910065,0.01251697,-0.09170733,1.809
2024_02_10_20_15_33_486,0.6,-0.3141992,187624.0,157094.0,-1.962354,-1.222972,0.1360195,6.280481,0.009192948,1.098752,1.71,0.006998384,0.00204436,-0.7603897,0.0128746,0.003278255,-0.007451511,1.809
2024_02_10_20_15_33_523,0.6,-0.3141992,187798.0,157240.0,-1.932705,-1.167135,0.1360195,6.280481,0.009193121,1.070617,1.71,0.006917438,0.00207126,-0.7604624,-0.04839897,-0.01865625,0.1107333,1.809
2024_02_10_20_15_33_561,0.6,-0.3141992,187977.0,157390.0,-1.90063,-1.11068,0.1360194,6.280481,0.009192941,1.041722,1.71,0.007060059,0.002036867,-0.7603425,0.001430511,0.002503395,0.0114264,1.809
2024_02_10_20_15_33_597,0.6,-0.3141992,188151.0,157535.0,-1.867846,-1.056623,0.1360194,6.280481,0.009193207,1.013586,1.71,0.006933145,0.002047029,-0.7604861,-0.008821487,-0.004947185,0.00778865,1.809
2024_02_10_20_15_33_636,0.6,-0.3141992,188330.0,157685.0,-1.832605,-1.002087,0.1360195,6.280481,0.009193034,0.9846894,1.71,0.00703215,0.002000395,-0.7604461,0.04100799,0.007927418,-0.0379784,1.809
2024_02_10_20_15_33_673,0.6,-0.3141992,188504.0,157831.0,-1.796792,-0.9499869,0.1360195,6.280481,0.009192946,0.9565536,1.71,0.007007972,0.002035787,-0.760374,-0.00667572,-0.002384186,0.01137983,1.809
2024_02_10_20_15_33_710,0.6,-0.3141992,188682.0,157981.0,-1.758501,-0.8975486,0.1360194,6.280481,0.009192991,0.9276568,1.71,0.007005284,0.002026381,-0.760411,0.0115633,0.004649162,-0.003605149,1.809
2024_02_10_20_15_33_747,0.6,-0.3141992,188856.0,158126.0,-1.719776,-0.8475743,0.1360195,6.280481,0.00919289,0.899521,1.71,0.006915112,0.002026652,-0.7604193,-0.008583069,-0.007629394,0.05702767,1.809
2024_02_10_20_15_33_785,0.6,-0.3141992,189035.0,158276.0,-1.678557,-0.7974042,0.1360195,6.280481,0.009193,0.8706241,1.71,0.006992889,0.002059973,-0.7604338,-0.003576278,-0.002086163,3.818423e-05,1.809
2024_02_10_20_15_33_823,0.6,-0.3141992,189209.0,158422.0,-1.637047,-0.7497183,0.1360194,6.280481,0.00919309,0.8424867,1.71,0.006932869,0.002024187,-0.7604467,-0.006198883,-0.002145767,0.01169089,1.809
2024_02_10_20_15_33_860,0.6,-0.3141992,189388.0,158572.0,-1.593036,-0.7019792,0.1360195,6.280481,0.009193137,0.8135893,1.71,0.00699014,0.002016742,-0.7604367,-0.003099441,-0.004291534,0.04216563,1.809
2024_02_10_20_15_33_893,0.6,-0.3141992,189543.0,158702.0,-1.55371,-0.6615684,0.1360195,6.280481,0.009193243,0.7884949,1.71,0.00704001,0.002008213,-0.7604584,-0.00655651,-0.002026558,7.636845e-05,1.809
2024_02_10_20_15_33_932,0.6,-0.3141992,189717.0,158848.0,-1.508427,-0.6174489,0.1360195,6.280481,0.009193092,0.7603575,1.71,0.007005217,0.001980134,-0.7604575,0.03254414,0.008881092,-0.03419071,1.809
2024_02_10_20_15_33_969,0.6,-0.3141992,189896.0,158997.0,-1.460648,-0.5734817,0.1360195,6.280481,0.00919296,0.7314606,1.71,0.007050246,0.002065042,-0.7604016,-0.001907349,0.006020069,-0.04190206,1.809
2024_02_10_20_15_34_002,0.6,-0.3141992,190051.0,159127.0,-1.41814,-0.5364334,0.1360195,6.280481,0.009193029,0.7063662,1.71,0.007044176,0.002034951,-0.7603517,-0.005960464,0.005841255,-0.04583038,1.809
2024_02_10_20_15_34_039,0.6,-0.3141992,190229.0,159277.0,-1.368058,-0.4951086,0.1360195,6.280481,0.00919295,0.6774688,1.71,0.006983214,0.002071277,-0.7603962,-0.0004768371,0.0,-0.003890134,1.809
2024_02_10_20_15_34_077,0.6,-0.3141992,190403.0,159423.0,-1.318167,-0.4562778,0.1360195,6.280481,0.009193058,0.6493303,1.71,0.007013486,0.002088543,-0.760428,-0.01621246,-0.006198883,0.01526717,1.809
2024_02_10_20_15_34_115,0.6,-0.3141992,190582.0,159573.0,-1.265811,-0.417875,0.1360194,6.280481,0.009192959,0.6204313,1.71,0.006932315,0.002032137,-0.7604275,-0.003695488,-0.003755092,0.0382755,1.809
2024_02_10_20_15_34_153,0.6,-0.3141992,190756.0,159718.0,-1.213786,-0.3819518,0.1360194,6.280481,0.009192832,0.5922955,1.71,0.007040518,0.002045775,-0.7603945,0.01978874,0.0115633,-0.068767,1.809
2024_02_10_20_15_34_189,0.6,-0.3141992,190935.0,159868.0,-1.159325,-0.3465961,0.1360194,6.280481,0.009192911,0.5633965,1.71,0.006975708,0.002026206,-0.7604449,0.004053116,-0.0003576278,0.00387337,1.809
2024_02_10_20_15_34_227,0.6,-0.3141992,191109.0,160014.0,-1.105335,-0.3136967,0.1360195,6.280481,0.009192918,0.5352607,1.71,0.006984115,0.002049782,-0.7604132,0.005125999,-0.0002384186,0.0001769513,1.809
2024_02_10_20_15_34_265,0.6,-0.3141992,191287.0,160164.0,-1.048946,-0.2815026,0.1360195,6.280481,0.009192622,0.5063633,1.71,0.007063782,0.002061706,-0.7603078,0.01883507,0.010252,-0.08060782,1.809
2024_02_10_20_15_34_302,0.6,-0.3141992,191461.0,160309.0,-0.9931691,-0.2517342,0.1360193,6.280481,0.009192718,0.478227,1.71,0.007024687,0.002062646,-0.7604493,0.01609325,0.007748603,-0.04958454,1.809
2024_02_10_20_15_34_340,0.6,-0.3141992,191640.0,160459.0,-0.9350365,-0.2228069,0.1360194,6.280481,0.009192905,0.4493307,1.71,0.006991476,0.002079206,-0.7604829,-0.03159046,-0.002861023,0.01538731,1.809
2024_02_10_20_15_34_377,0.6,-0.3141992,191814.0,160605.0,-0.8776534,-0.1962664,0.1360195,6.280481,0.009192893,0.4211938,1.71,0.00694959,0.002097535,-0.7604412,-0.05435943,-0.01645088,0.08761789,1.809
2024_02_10_20_15_34_415,0.6,-0.3141992,191993.0,160755.0,-0.8179657,-0.1706997,0.1360194,6.280481,0.009193151,0.3922948,1.71,0.00699471,0.002037174,-0.7606043,-0.01788139,-0.008940697,0.03841054,1.809
2024_02_10_20_15_34_452,0.6,-0.3141992,192167.0,160901.0,-0.7591639,-0.1474732,0.1360195,6.280481,0.009192961,0.3641574,1.71,0.006969291,0.001975369,-0.7605753,0.01180172,-0.0006854534,0.02288818,1.809
2024_02_10_20_15_34_489,0.6,-0.3141992,192345.0,161050.0,-0.6981167,-0.1253506,0.1360195,6.280481,0.009192866,0.335259,1.71,0.007033978,0.002069743,-0.760383,-0.007033348,0.004261732,-0.05745422,1.809
2024_02_10_20_15_34_523,0.6,-0.3141992,192500.0,161180.0,-0.6446013,-0.1075768,0.1360194,6.280481,0.009192893,0.3101629,1.71,0.006914245,0.002098053,-0.7605401,-0.01358986,-0.01186132,0.06139278,1.809
2024_02_10_20_15_34_561,0.6,-0.3141992,192679.0,161330.0,-0.5824492,-0.08878093,0.1360195,6.280481,0.009192851,0.2812644,1.71,0.007043812,0.001992291,-0.7603693,0.05471706,0.02005696,-0.1071505,1.809
2024_02_10_20_15_34_597,0.6,-0.3141992,192853.0,161476.0,-0.521435,-0.07221269,0.1360195,6.280481,0.009193016,0.253126,1.71,0.007049632,0.001951493,-0.7604109,0.01955032,0.00873208,-0.03441516,1.809
2024_02_10_20_15_34_636,0.6,-0.3141992,193032.0,161626.0,-0.4583112,-0.05699063,0.1360193,6.280481,0.009192694,0.2242275,1.71,0.006962141,0.002115085,-0.7605562,-0.001192093,-0.002875924,0.01912471,1.809
2024_02_10_20_15_34_673,0.6,-0.3141992,193206.0,161771.0,-0.3964506,-0.0439275,0.1360195,6.280481,0.009192791,0.1960891,1.71,0.006982126,0.002055692,-0.7604442,0.02741813,0.007644295,-0.06112828,1.809
2024_02_10_20_15_34_706,0.6,-0.3141992,193361.0,161901.0,-0.340987,-0.033749,0.1360195,6.280481,0.009192741,0.170993,1.71,0.006929952,0.002158345,-0.7604108,-0.01513958,-0.01317263,0.0687521,1.809
2024_02_10_20_15_34_744,0.6,-0.3141992,193540.0,162051.0,-0.2768275,-0.02375674,0.1360195,6.280481,0.009193164,0.142094,1.71,0.007000999,0.002011534,-0.7604883,0.00846386,0.00423193,-0.03778562,1.809
2024_02_10_20_15_34_777,0.6,-0.3141992,193695.0,162181.0,-0.2208951,-0.01658647,0.1360195,6.280481,0.009192729,0.116998,1.71,0.007000293,0.002074602,-0.7604697,-0.02157688,0.0003576278,-0.02320111,1.809
2024_02_10_20_15_34_815,0.6,-0.3141992,193874.0,162331.0,-0.1562895,-0.01007146,0.1360194,6.280481,0.009192761,0.08809897,1.71,0.007017856,0.002076149,-0.7603962,-0.01490116,0.003039837,-0.02305582,1.809
2024_02_10_20_15_34_852,0.6,-0.3141992,194047.0,162477.0,-0.0932298,-0.005524379,0.1360195,6.280481,0.00919294,0.05996107,1.71,0.006995317,0.002071351,-0.7603936,0.003814697,-0.0005215406,0.003732741,1.809
2024_02_10_20_15_34_885,0.6,-0.3141992,194203.0,162607.0,-0.03689858,-0.002967106,0.1360195,6.280481,0.009193087,0.03486504,1.71,0.00701073,0.002035768,-0.7604685,0.04076957,0.007718801,-0.05341507,1.809
2024_02_10_20_15_34_919,0.6,-0.3141992,194363.0,162741.0,0.02118754,-0.001811589,0.1360195,6.280481,0.009192917,0.009008409,1.71,0.007054921,0.002004228,-0.7603572,0.04673004,0.0154525,-0.08022133,1.809
2024_02_10_20_15_34_952,0.6,-0.3141992,194518.0,162871.0,0.07757518,-0.002126618,0.1360196,6.280481,0.009193241,6.267098,1.71,0.006979101,0.001945392,-0.7604586,0.02384186,0.009134412,-0.06482005,1.809
2024_02_10_20_15_34_990,0.6,-0.3141992,194696.0,163020.0,0.1424735,-0.004241914,0.1360196,6.280481,0.009193204,6.2382,1.71,0.006994224,0.001992106,-0.7604774,0.03123283,0.01011789,-0.07230323,1.809
2024_02_10_20_15_35_027,0.6,-0.3141992,194870.0,163166.0,0.2055787,-0.008102633,0.1360195,6.280481,0.009192638,6.210064,1.71,0.006979214,0.002194502,-0.7603172,-0.02646446,-0.01056492,0.07623248,1.809
2024_02_10_20_15_35_060,0.6,-0.3141992,195026.0,163296.0,0.261751,-0.01304264,0.1360195,6.280481,0.009193082,6.184968,1.71,0.007007276,0.002038619,-0.7604911,0.02360344,0.00680983,-0.06101466,1.809
2024_02_10_20_15_35_094,0.6,-0.3141992,195185.0,163430.0,0.3194765,-0.0196049,0.1360194,6.280481,0.009192929,6.159111,1.71,0.006997984,0.002122157,-0.7604072,-0.01299381,0.004559755,-0.04980061,1.809
2024_02_10_20_15_35_131,0.6,-0.3141992,195359.0,163576.0,0.3820796,-0.02843923,0.1360195,6.280481,0.00919331,6.130975,1.71,0.00699012,0.00196256,-0.7604979,0.02133846,0.0009834766,0.01172162,1.809
2024_02_10_20_15_35_169,0.6,-0.3141992,195538.0,163726.0,0.44609,-0.039342,0.1360195,6.280481,0.009192966,6.102077,1.71,0.007017193,0.002075023,-0.7604619,-0.015378,-0.001102686,0.01138542,1.809
2024_02_10_20_15_35_206,0.6,-0.3141992,195712.0,163872.0,0.5080875,-0.05173088,0.1360195,6.280481,0.009192792,6.073939,1.71,0.007037852,0.002027317,-0.7603834,-0.02598762,0.0001788139,0.01862366,1.809
2024_02_10_20_15_35_244,0.6,-0.3141992,195891.0,164021.0,0.5713719,-0.06626502,0.1360195,6.280481,0.009193151,6.045041,1.71,0.006954405,0.002041697,-0.7604713,0.02110004,0.002712011,-0.0229096,1.809
2024_02_10_20_15_35_277,0.6,-0.3141992,196046.0,164151.0,0.625969,-0.08036552,0.1360195,6.280481,0.009193085,6.019945,1.71,0.007013177,0.002012233,-0.7604039,0.01835823,0.008553267,-0.04586298,1.809
2024_02_10_20_15_35_315,0.6,-0.3141992,196225.0,164301.0,0.6883763,-0.09829365,0.1360195,6.280481,0.009192863,5.991048,1.71,0.007083444,0.002063318,-0.7603949,0.007152557,0.009000301,-0.04612561,1.809
2024_02_10_20_15_35_347,0.6,-0.3141992,196380.0,164431.0,0.7421336,-0.1153201,0.1360194,6.280481,0.009192954,5.965953,1.71,0.007009787,0.0020403,-0.7604284,0.001072884,0.004261732,-0.04218891,1.809
2024_02_10_20_15_35_385,0.6,-0.3141992,196554.0,164577.0,0.8018758,-0.1360076,0.1360194,6.280481,0.009193046,5.937817,1.71,0.006965766,0.002006009,-0.760527,0.0005960464,0.002682209,-0.01165736,1.809
2024_02_10_20_15_35_419,0.6,-0.3141992,196714.0,164711.0,0.8562422,-0.1564929,0.1360195,6.280481,0.009192828,5.911962,1.71,0.007028982,0.00210187,-0.7603233,0.01943111,0.005602836,-0.04961062,1.809
2024_02_10_20_15_35_456,0.6,-0.3141992,196888.0,164857.0,0.9147809,-0.1803742,0.1360195,6.280481,0.009193031,5.883825,1.71,0.006970763,0.002079067,-0.7604031,0.01621246,-0.001490116,0.007770024,1.809
2024_02_10_20_15_35_493,0.6,-0.3141992,197066.0,165006.0,0.9741788,-0.2066053,0.1360195,6.280481,0.00919294,5.854928,1.71,0.007073916,0.002042218,-0.7603653,-0.007271766,0.00423193,-7.171184e-05,1.809
2024_02_10_20_15_35_531,0.6,-0.3141992,197240.0,165152.0,1.031261,-0.2337849,0.1360195,6.280481,0.009193099,5.826792,1.71,0.006960995,0.002068347,-0.7604393,-0.007033348,-0.001013279,-0.01152977,1.809
2024_02_10_20_15_35_565,0.6,-0.3141992,197400.0,165286.0,1.083023,-0.2601675,0.1360195,6.280481,0.009193003,5.800936,1.71,0.006996693,0.002059696,-0.7604347,-0.002741813,-0.0002384186,-0.007608905,1.809
2024_02_10_20_15_35_597,0.6,-0.3141992,197555.0,165416.0,1.132593,-0.287046,0.1360195,6.280481,0.009193039,5.775842,1.71,0.006968423,0.002070372,-0.7603834,0.00667572,-0.002145767,0.01180638,1.809
2024_02_10_20_15_35_632,0.6,-0.3141992,197710.0,165546.0,1.181474,-0.3151598,0.1360195,6.280481,0.009193078,5.750748,1.71,0.006948427,0.002077521,-0.7604888,-0.05245208,-0.01257658,0.06503612,1.809
2024_02_10_20_15_35_669,0.6,-0.3141992,197889.0,165696.0,1.236866,-0.3490407,0.1360194,6.280481,0.009192858,5.721853,1.71,0.007008211,0.002079713,-0.7604267,0.0009536743,0.001609325,-0.01908839,1.809
2024_02_10_20_15_35_706,0.6,-0.3141992,198063.0,165842.0,1.289837,-0.3835545,0.1360195,6.280481,0.009193071,5.693717,1.71,0.007016221,0.002068406,-0.7605445,0.002264977,0.001311302,-0.04184153,1.809
2024_02_10_20_15_35_740,0.6,-0.3141992,198223.0,165976.0,1.337641,-0.4165723,0.1360196,6.280481,0.009192971,5.667861,1.71,0.006978799,0.002065568,-0.7604764,-0.02086162,-0.007092952,0.03429689,1.809
2024_02_10_20_15_35_778,0.6,-0.3141992,198397.0,166122.0,1.388673,-0.4538951,0.1360195,6.280481,0.009193027,5.639728,1.71,0.007051516,0.002021717,-0.760441,0.01716614,0.009000301,-0.06859843,1.809
2024_02_10_20_15_35_815,0.6,-0.3141992,198576.0,166271.0,1.43997,-0.4937036,0.1360195,6.280481,0.009193134,5.61083,1.71,0.007000064,0.002053017,-0.7604486,0.01502037,0.002741813,-0.03041699,1.809
2024_02_10_20_15_35_852,0.6,-0.3141992,198750.0,166417.0,1.488791,-0.5338732,0.1360195,6.280481,0.009193016,5.582693,1.71,0.007015419,0.002038376,-0.7604068,0.0257492,0.006318092,-0.03423356,1.809
2024_02_10_20_15_35_885,0.6,-0.3141992,198905.0,166547.0,1.531365,-0.5708472,0.1360195,6.280481,0.00919326,5.5576,1.71,0.007034718,0.002056194,-0.760372,-0.00166893,0.004768372,-0.06475672,1.809
2024_02_10_20_15_35_922,0.6,-0.3141992,199083.0,166697.0,1.579221,-0.6147298,0.1360194,6.280481,0.009193231,5.528704,1.71,0.007011884,0.002058815,-0.7603516,-0.01215935,-0.002264977,0.0154851,1.809
2024_02_10_20_15_35_956,0.6,-0.3141992,199239.0,166827.0,1.619738,-0.6539459,0.1360195,6.280481,0.009193065,5.503609,1.71,0.007006245,0.002062072,-0.7603645,-0.01001358,-0.004827976,0.01122616,1.809
2024_02_10_20_15_35_994,0.6,-0.3141992,199417.0,166977.0,1.665159,-0.7003472,0.1360195,6.280481,0.009193014,5.474712,1.71,0.006934048,0.002051449,-0.760413,-0.0411272,-0.01722574,0.1260638,1.809
2024_02_10_20_15_36_032,0.6,-0.3141992,199591.0,167122.0,1.708077,-0.7467704,0.1360195,6.280481,0.00919303,5.446576,1.71,0.006991882,0.002076955,-0.7604722,-0.004649162,-0.002264977,0.0001573935,1.809
2024_02_10_20_15_36_069,0.6,-0.3141992,199770.0,167272.0,1.750779,-0.7956855,0.1360195,6.280481,0.009193037,5.417678,1.71,0.00701171,0.002023303,-0.7603971,0.01239777,0.003576278,-0.01921877,1.809
2024_02_10_20_15_36_106,0.6,-0.3141992,199944.0,167418.0,1.790981,-0.8444795,0.1360195,6.280481,0.009193065,5.389543,1.71,0.007020171,0.002050265,-0.7604049,-0.001311302,0.00166893,-0.02695061,1.809
2024_02_10_20_15_36_144,0.6,-0.3141992,200123.0,167568.0,1.830823,-0.8957499,0.1360195,6.280481,0.00919298,5.360647,1.71,0.007064467,0.002056949,-0.7604193,0.01060963,0.004172325,-0.0227848,1.809
2024_02_10_20_15_36_177,0.6,-0.3141992,200278.0,167698.0,1.86421,-0.9411911,0.1360195,6.280481,0.009193151,5.335552,1.71,0.006944797,0.002028247,-0.7604842,-0.0004768371,-0.006973743,0.04202127,1.809
2024_02_10_20_15_36_210,0.6,-0.3141992,200433.0,167828.0,1.896446,-0.9874563,0.1360194,6.280481,0.009193048,5.310457,1.71,0.00699139,0.002039863,-0.7604309,-0.007390975,0.001370907,-0.01149531,1.809
2024_02_10_20_15_36_248,0.6,-0.3141992,200612.0,167977.0,1.932114,-1.041713,0.1360196,6.280481,0.009192982,5.28156,1.71,0.006935664,0.002048127,-0.760478,-0.01013279,-0.003814697,0.01517776,1.809
2024_02_10_20_15_36_285,0.6,-0.3141992,200786.0,168123.0,1.965324,-1.095511,0.1360195,6.280481,0.009192929,5.253423,1.71,0.007078318,0.002073929,-0.7603573,-0.02193451,0.004291534,-0.03451295,1.809
2024_02_10_20_15_36_322,0.6,-0.3141992,200964.0,168273.0,1.997838,-1.151712,0.1360195,6.280481,0.009192998,5.224526,1.71,0.007017018,0.001994979,-0.7603676,0.002622604,0.002741813,-0.000167638,1.809
2024_02_10_20_15_36_361,0.6,-0.3141992,201138.0,168419.0,2.027927,-1.207315,0.1360194,6.280481,0.009193085,5.196389,1.71,0.007023801,0.002061813,-0.7603689,-0.01323223,-0.007927418,0.06886758,1.809
2024_02_10_20_15_36_394,0.6,-0.3141992,201298.0,168553.0,2.054186,-1.259139,0.1360194,6.280481,0.00919314,5.170537,1.71,0.006968657,0.00213345,-0.7605127,-0.0180006,-0.006973743,0.03058091,1.809
2024_02_10_20_15_36_431,0.6,-0.3141992,201472.0,168699.0,2.081228,-1.316285,0.1360195,6.280481,0.009193275,5.142405,1.71,0.007028781,0.002078055,-0.7604116,-0.02121925,0.003516674,-0.05729403,1.809
2024_02_10_20_15_36_469,0.6,-0.3141992,201651.0,168848.0,2.107319,-1.375742,0.1360195,6.280481,0.009193039,5.113504,1.71,0.007118007,0.002051175,-0.7603456,0.005364418,0.01600385,-0.1032874,1.809
2024_02_10_20_15_36_506,0.6,-0.3141992,201825.0,168994.0,2.131062,-1.434337,0.1360195,6.280481,0.009193107,5.08537,1.71,0.00705796,0.002059349,-0.7603558,0.009179115,0.009268522,-0.06496627,1.809
2024_02_10_20_15_36_539,0.6,-0.3141992,201980.0,169124.0,2.15084,-1.487143,0.1360196,6.280481,0.009192956,5.060279,1.71,0.006902374,0.00203935,-0.7604569,0.01108646,0.003665685,0.003698282,1.809
2024_02_10_20_15_36_577,0.6,-0.3141992,202159.0,169274.0,2.171964,-1.548542,0.1360195,6.280481,0.009193208,5.031385,1.71,0.007003931,0.002040542,-0.760425,-0.00655651,-0.004947185,0.03457814,1.809
2024_02_10_20_15_36_615,0.6,-0.3141992,202333.0,169420.0,2.19082,-1.608887,0.1360195,6.280481,0.009192985,5.00325,1.71,0.007030257,0.002100144,-0.760326,-0.01442432,-0.007718801,0.04595611,1.809
2024_02_10_20_15_36_652,0.6,-0.3141992,202511.0,169569.0,2.208411,-1.671389,0.1360195,6.280481,0.009193034,4.974353,1.71,0.006993015,0.002038089,-0.7604377,-0.002026558,8.940696e-05,-0.007782131,1.809
2024_02_10_20_15_36_689,0.6,-0.3141992,202685.0,169715.0,2.223797,-1.73271,0.1360195,6.280481,0.009193077,4.946217,1.71,0.007025633,0.002070753,-0.7603616,-0.01060963,-0.0001043081,-0.01914054,1.809
2024_02_10_20_15_36_723,0.6,-0.3141992,202845.0,169849.0,2.23641,-1.78942,0.1360196,6.280481,0.009193114,4.920357,1.71,0.007015037,0.001977448,-0.7603794,0.03135204,0.003457069,-0.01510512,1.809
2024_02_10_20_15_36_761,0.6,-0.3141992,203019.0,169995.0,2.248464,-1.851482,0.1360196,6.280481,0.009193005,4.892224,1.71,0.007025786,0.002042105,-0.7603814,-0.0009536743,0.003442168,-0.01523085,1.809
2024_02_10_20_15_36_795,0.6,-0.3141992,203179.0,170129.0,2.257996,-1.908791,0.1360197,6.280481,0.009193019,4.866371,1.71,0.007044942,0.002076372,-0.7603511,0.01597404,-0.005543231,0.007494352,1.809
2024_02_10_20_15_36_830,0.6,-0.3141992,203353.0,170275.0,2.266682,-1.971415,0.1360195,6.280481,0.009193014,4.838236,1.71,0.006931446,0.002040718,-0.7603926,0.002861023,0.003769994,-0.02686865,1.809
2024_02_10_20_15_36_869,0.6,-0.3141992,203532.0,170424.0,2.273769,-2.035958,0.1360195,6.280481,0.00919311,4.809337,1.71,0.00700599,0.001987474,-0.7603768,0.03063679,0.009506941,-0.04184525,1.809
2024_02_10_20_15_36_906,0.6,-0.3141992,203706.0,170570.0,2.278872,-2.098973,0.1360195,6.280481,0.009193146,4.781201,1.71,0.00692888,0.002060662,-0.7604626,-0.03528595,-0.007480382,-0.0002244487,1.809
2024_02_10_20_15_36_940,0.6,-0.3141992,203861.0,170700.0,2.281928,-2.155278,0.1360195,6.280481,0.009192893,4.756105,1.71,0.006950255,0.002058051,-0.7603868,0.005245208,0.001177192,-0.003927387,1.809
2024_02_10_20_15_36_977,0.6,-0.3141992,204040.0,170850.0,2.283693,-2.220185,0.1360195,6.280481,0.009192954,4.727211,1.71,0.006978355,0.002035567,-0.7603825,0.01943111,0.007376074,-0.06114784,1.809
2024_02_10_20_15_37_014,0.6,-0.3141992,204214.0,170996.0,2.28361,-2.283408,0.1360195,6.280481,0.009192964,4.699074,1.71,0.00696443,0.00202016,-0.7603799,0.00667572,0.002846122,0.00374671,1.809
2024_02_10_20_15_37_052,0.6,-0.3141992,204392.0,171146.0,2.281672,-2.34831,0.1360195,6.280481,0.009192843,4.670178,1.71,0.007023308,0.002066064,-0.7603719,0.02133846,0.00873208,-0.04586111,1.809
2024_02_10_20_15_37_085,0.6,-0.3141992,204547.0,171276.0,2.27847,-2.404608,0.1360195,6.280481,0.009192936,4.645083,1.71,0.007027325,0.002018615,-0.7603844,0.01752377,0.008106232,-0.04204735,1.809
2024_02_10_20_15_37_123,0.6,-0.3141992,204726.0,171425.0,2.273034,-2.469311,0.1360195,6.280481,0.009193029,4.616187,1.71,0.006953592,0.002026612,-0.7604678,-0.001311302,-0.006377697,0.03440119,1.809
2024_02_10_20_15_37_160,0.6,-0.3141992,204900.0,171571.0,2.265947,-2.532137,0.1360195,6.280481,0.009192817,4.58805,1.71,0.007011072,0.002166071,-0.7604475,-0.01871586,-0.006645917,0.0306014,1.809
2024_02_10_20_15_37_193,0.6,-0.3141992,205055.0,171701.0,2.258137,-2.587982,0.1360195,6.280481,0.009193002,4.562956,1.71,0.007028736,0.002098286,-0.7603571,-0.003695488,0.002890825,-0.04225224,1.809
2024_02_10_20_15_37_228,0.6,-0.3141992,205215.0,171835.0,2.248627,-2.645295,0.1360194,6.280481,0.00919296,4.5371,1.71,0.00705574,0.002073903,-0.7603219,-0.01299381,-0.004529953,0.05346629,1.809
2024_02_10_20_15_37_264,0.6,-0.3141992,205389.0,171981.0,2.236597,-2.707364,0.1360196,6.280481,0.00919308,4.508965,1.71,0.007004723,0.00206358,-0.7603583,-0.002622604,-0.004410744,0.00766851,1.809
2024_02_10_20_15_37_302,0.6,-0.3141992,205568.0,172131.0,2.222432,-2.770731,0.1360194,6.280481,0.009192863,4.48007,1.71,0.0069662,0.002058387,-0.7604831,-0.02014637,-0.009119511,0.05334429,1.809
2024_02_10_20_15_37_339,0.6,-0.3141992,205742.0,172276.0,2.206884,-2.832013,0.1360194,6.280481,0.009192802,4.451934,1.71,0.007040673,0.002111867,-0.7604479,-0.0141859,-0.00244379,0.01520477,1.809
2024_02_10_20_15_37_376,0.6,-0.3141992,205920.0,172426.0,2.189128,-2.89447,0.1360194,6.280481,0.009192934,4.423035,1.71,0.006962811,0.002070062,-0.7604833,0.02813339,0.007688999,-0.03415346,1.809
2024_02_10_20_15_37_415,0.6,-0.3141992,206094.0,172572.0,2.170114,-2.954766,0.1360195,6.280481,0.009192996,4.394902,1.71,0.007026128,0.002050133,-0.7604073,-0.02813339,-0.00834465,0.04579406,1.809
2024_02_10_20_15_37_448,0.6,-0.3141992,206254.0,172706.0,2.151152,-3.009682,0.1360195,6.280481,0.009193032,4.369041,1.71,0.006945123,0.002013559,-0.7603846,0.02515316,0.004708767,-0.03424753,1.809
2024_02_10_20_15_37_485,0.6,-0.3141992,206428.0,172852.0,2.128911,-3.068864,0.1360194,6.280481,0.009193,4.340901,1.71,0.006982903,0.002030663,-0.7604183,0.02217293,0.001370907,0.01564436,1.809
2024_02_10_20_15_37_523,0.6,-0.3141992,206607.0,173002.0,2.104346,-3.12897,0.1360195,6.280481,0.009193107,4.312004,1.71,0.006976285,0.002014564,-0.7603754,0.02503395,0.00333786,-0.0072252,1.809
2024_02_10_20_15_37_556,0.6,-0.3141992,206762.0,173132.0,2.081613,-3.180573,0.1360195,6.280481,0.009193023,4.286905,1.71,0.006962199,0.002029904,-0.7604144,-0.008821487,0.0,-0.01893658,1.809
2024_02_10_20_15_37_594,0.6,-0.3141992,206936.0,173277.0,2.054591,-3.237731,0.1360194,6.280481,0.009193094,4.258769,1.71,0.00695936,0.002029205,-0.7604458,-0.007390975,-0.001549721,-0.01148879,1.809
2024_02_10_20_15_37_631,0.6,-0.3141992,207115.0,173427.0,2.025175,-3.295617,0.1360195,6.280481,0.009193069,4.229875,1.71,0.007044097,0.002032185,-0.7603741,0.002145767,0.002682209,-0.02670381,1.809
2024_02_10_20_15_37_668,0.6,-0.3141992,207289.0,173573.0,1.994938,-3.351141,0.1360195,6.280481,0.009193132,4.20174,1.71,0.0069803,0.00201309,-0.7603616,0.02849102,0.008225441,-0.04559848,1.809
2024_02_10_20_15_37_705,0.6,-0.3141992,207467.0,173723.0,1.962272,-3.407257,0.1360196,6.280481,0.009193083,4.172845,1.71,0.007027456,0.002023856,-0.7603978,0.0007152557,-0.001728535,0.02683326,1.809
2024_02_10_20_15_37_743,0.6,-0.3141992,207641.0,173868.0,1.928921,-3.460968,0.1360194,6.280481,0.009193013,4.144709,1.71,0.006995162,0.002019499,-0.7603828,0.05090236,0.01883507,-0.1181103,1.809
2024_02_10_20_15_37_777,0.6,-0.3141992,207801.0,174002.0,1.896952,-3.509479,0.1360195,6.280481,0.009192907,4.118853,1.71,0.006973049,0.00205761,-0.7603298,-0.001549721,-0.00834465,0.07253792,1.809
2024_02_10_20_15_37_814,0.6,-0.3141992,207975.0,174148.0,1.860751,-3.561313,0.1360194,6.280481,0.009192914,4.090717,1.71,0.007068652,0.002076994,-0.7603456,-0.01525879,0.003695488,-0.04210323,1.809
2024_02_10_20_15_37_847,0.6,-0.3141992,208135.0,174282.0,1.826211,-3.608029,0.1360196,6.280481,0.009193107,4.064863,1.71,0.00701503,0.002071263,-0.7603858,-0.01108646,-0.002086163,-0.02291798,1.809
2024_02_10_20_15_37_885,0.6,-0.3141992,208309.0,174428.0,1.787265,-3.657832,0.1360194,6.280481,0.00919289,4.036727,1.71,0.007041337,0.002023319,-0.7602981,0.03385544,0.01186132,-0.045727,1.809
2024_02_10_20_15_37_922,0.6,-0.3141992,208488.0,174578.0,1.745823,-3.70782,0.1360195,6.280481,0.009193007,4.007832,1.71,0.006937937,0.002068524,-0.7603467,0.004768372,-0.001847744,0.030661,1.809
2024_02_10_20_15_37_960,0.6,-0.3141992,208662.0,174723.0,1.704101,-3.755325,0.1360195,6.280481,0.009192972,3.979696,1.71,0.007052806,0.002077681,-0.7603515,0.007152557,0.002861023,-0.01503806,1.809
2024_02_10_20_15_37_997,0.6,-0.3141992,208840.0,174873.0,1.659877,-3.802869,0.1360195,6.280481,0.009192939,3.950799,1.71,0.006945177,0.002067776,-0.7603654,0.01728535,0.008165836,-0.05339272,1.809
2024_02_10_20_15_38_035,0.6,-0.3141992,209014.0,175019.0,1.615517,-3.847917,0.1360195,6.280481,0.009192991,3.922664,1.71,0.007006347,0.002071619,-0.7603882,-0.0371933,-0.0141263,0.06468408,1.809
2024_02_10_20_15_38_069,0.6,-0.3141992,209170.0,175149.0,1.574895,-3.88703,0.1360195,6.280481,0.009192774,3.897569,1.71,0.007115273,0.002061496,-0.7603253,-0.01525879,-0.002086163,0.03789738,1.809
2024_02_10_20_15_38_106,0.6,-0.3141992,209348.0,175299.0,1.526922,-3.930789,0.1360196,6.280481,0.00919308,3.868671,1.71,0.007015198,0.002060936,-0.7604024,-0.02813339,-0.003159046,-9.033828e-05,1.809
2024_02_10_20_15_38_139,0.6,-0.3141992,209503.0,175429.0,1.484248,-3.96765,0.1360194,6.280481,0.009192858,3.843577,1.71,0.007006781,0.002100264,-0.7603602,-0.0003576278,0.001311302,-0.0150362,1.809
2024_02_10_20_15_38_176,0.6,-0.3141992,209682.0,175579.0,1.433982,-4.008756,0.1360194,6.280481,0.009193022,3.814679,1.71,0.006925415,0.00205085,-0.7604984,-0.005364418,-0.009834765,0.08044577,1.809
2024_02_10_20_15_38_214,0.6,-0.3141992,209856.0,175724.0,1.383919,-4.047367,0.1360195,6.280481,0.009193067,3.786543,1.71,0.006966477,0.002020426,-0.7604272,-0.01907349,-0.008404255,0.06500073,1.809
2024_02_10_20_15_38_252,0.6,-0.3141992,210035.0,175874.0,1.331393,-4.08554,0.1360194,6.280481,0.009192844,3.757646,1.71,0.006976524,0.002109186,-0.7604498,-0.0009536743,-0.006794929,0.04212558,1.809
2024_02_10_20_15_38_286,0.6,-0.3141992,210190.0,176004.0,1.284898,-4.117446,0.1360195,6.280481,0.009192964,3.732551,1.71,0.006987982,0.00203385,-0.7604646,0.0180006,0.01180172,-0.08386466,1.809
2024_02_10_20_15_38_322,0.6,-0.3141992,210364.0,176150.0,1.231835,-4.151821,0.1360195,6.280481,0.009192918,3.704414,1.71,0.006941758,0.002093793,-0.7603965,-0.01943111,0.006437301,-0.06889366,1.809
2024_02_10_20_15_38_356,0.6,-0.3141992,210524.0,176284.0,1.18224,-4.182082,0.1360196,6.280481,0.009192984,3.678558,1.71,0.006957735,0.002076239,-0.76042,0.03302097,-0.000655651,0.004016794,1.809
2024_02_10_20_15_38_393,0.6,-0.3141992,210698.0,176430.0,1.1274,-4.213543,0.1360195,6.280481,0.009193064,3.65042,1.71,0.007007623,0.002015886,-0.760434,0.007629394,0.003397465,-0.01140498,1.809
2024_02_10_20_15_38_431,0.6,-0.3141992,210876.0,176579.0,1.070178,-4.244236,0.1360194,6.280481,0.009192821,3.621523,1.71,0.007097555,0.002035088,-0.7602781,0.02324581,0.01376867,-0.06091967,1.809
2024_02_10_20_15_38_467,0.6,-0.3141992,211050.0,176725.0,1.013632,-4.27252,0.1360194,6.280481,0.009192944,3.593389,1.71,0.006980648,0.002048678,-0.7603976,0.0166893,0.004053116,-0.02277456,1.809
2024_02_10_20_15_38_506,0.6,-0.3141992,211229.0,176875.0,0.9547551,-4.299899,0.1360194,6.280481,0.00919298,3.564491,1.71,0.006930207,0.002037683,-0.7604384,-0.001430511,-0.004470348,-9.592622e-05,1.809
2024_02_10_20_15_38_543,0.6,-0.3141992,211403.0,177021.0,0.8966906,-4.324912,0.1360195,6.280481,0.009192823,3.536355,1.71,0.007033219,0.002083356,-0.7602848,-0.02241134,0.0001192093,0.003756955,1.809
2024_02_10_20_15_38_581,0.6,-0.3141992,211582.0,177170.0,0.8363484,-4.348892,0.1360196,6.280481,0.009192866,3.507459,1.71,0.007095795,0.002036466,-0.760308,0.0257492,0.01001358,-0.0420697,1.809
2024_02_10_20_15_38_618,0.6,-0.3141992,211756.0,177316.0,0.7769506,-4.370556,0.1360195,6.280481,0.009192804,3.479323,1.71,0.006950065,0.00208549,-0.7603974,0.01347065,0.000655651,-0.02697203,1.809
2024_02_10_20_15_38_651,0.6,-0.3141992,211916.0,177450.0,0.7218527,-4.388984,0.1360194,6.280481,0.009193021,3.453467,1.71,0.006967804,0.002077455,-0.7604232,-0.05102157,-0.01254678,0.06869063,1.809
2024_02_10_20_15_38_690,0.6,-0.3141992,212090.0,177596.0,0.6613732,-4.407411,0.1360195,6.280481,0.009192938,3.425331,1.71,0.006990125,0.002079498,-0.7603667,-0.03409386,-0.004082918,-0.000228174,1.809
2024_02_10_20_15_38_727,0.6,-0.3141992,212268.0,177746.0,0.598745,-4.424558,0.1360195,6.280481,0.009192858,3.396434,1.71,0.006974981,0.002064703,-0.7603109,-0.01490116,-0.006645917,0.04566647,1.809
2024_02_10_20_15_38_764,0.6,-0.3141992,212442.0,177892.0,0.5373131,-4.439507,0.1360196,6.280481,0.009192802,3.368298,1.71,0.007015024,0.00200788,-0.76032,0.01502037,0.005230307,-0.01941901,1.809
2024_02_10_20_15_38_802,0.6,-0.3141992,212621.0,178041.0,0.4738102,-4.453056,0.1360195,6.280481,0.009192956,3.339401,1.71,0.007025283,0.002047695,-0.7603136,0.03933906,0.004380941,-0.01513306,1.809
2024_02_10_20_15_38_839,0.6,-0.3141992,212795.0,178187.0,0.4116266,-4.46448,0.1360193,6.280481,0.009192695,3.311265,1.71,0.007001029,0.002125991,-0.760392,-0.01764297,-0.01172721,0.08783861,1.809
2024_02_10_20_15_38_877,0.6,-0.3141992,212974.0,178337.0,0.3474536,-4.474387,0.1360195,6.280481,0.009192855,3.282368,1.71,0.006944023,0.002085665,-0.760392,-0.0191927,-0.003293156,0.01124013,1.809
2024_02_10_20_15_38_914,0.6,-0.3141992,213148.0,178483.0,0.2847196,-4.482248,0.1360195,6.280481,0.00919287,3.254231,1.71,0.007049168,0.002025183,-0.7603298,0.05018711,0.01513958,-0.07617287,1.809
2024_02_10_20_15_38_951,0.6,-0.3141992,213326.0,178632.0,0.2200862,-4.488482,0.1360195,6.280481,0.009192901,3.225335,1.71,0.006993571,0.002031813,-0.7604126,0.05066394,0.00859797,-0.04960503,1.809
2024_02_10_20_15_38_985,0.6,-0.3141992,213481.0,178762.0,0.1638309,-4.492377,0.1360195,6.280481,0.009193067,3.200239,1.71,0.006996295,0.002010989,-0.7604365,0.01859665,-0.002086163,0.0270158,1.809
2024_02_10_20_15_39_022,0.6,-0.3141992,213655.0,178908.0,0.1006633,-4.495065,0.1360196,6.280481,0.009193102,3.172103,1.71,0.006955672,0.00203134,-0.7604162,-0.04780292,-0.01184642,0.05337502,1.809
2024_02_10_20_15_39_060,0.6,-0.3141992,213834.0,179058.0,0.03573683,-4.495975,0.1360195,6.280481,0.009192844,3.143206,1.71,0.006996843,0.002059223,-0.7603561,0.01823902,0.001147389,0.01140311,1.809
2024_02_10_20_15_39_098,0.6,-0.3141992,214008.0,179204.0,-0.02748063,-4.495058,0.1360194,6.280481,0.009193071,3.115069,1.71,0.006962416,0.002032911,-0.7604849,-0.004291534,-0.00217557,0.01140311,1.809
2024_02_10_20_15_39_131,0.6,-0.3141992,214168.0,179338.0,-0.08552942,-4.492648,0.1360195,6.280481,0.009192871,3.089216,1.71,0.00706139,0.002052199,-0.7602808,0.03147125,0.00308454,0.0270186,1.809
2024_02_10_20_15_39_168,0.6,-0.3141992,214342.0,179484.0,-0.1486053,-4.488321,0.1360194,6.280481,0.009192907,3.06108,1.71,0.007017644,0.002059343,-0.760445,0.03218651,0.008359551,-0.03823359,1.809
2024_02_10_20_15_39_206,0.6,-0.3141992,214521.0,179633.0,-0.2132334,-4.482032,0.1360196,6.280481,0.009192978,3.032183,1.71,0.006946969,0.002033781,-0.7603604,0.005722045,-0.004440546,0.03813207,1.809
2024_02_10_20_15_39_243,0.6,-0.3141992,214695.0,179779.0,-0.2759604,-4.474116,0.1360195,6.280481,0.009192916,3.004048,1.71,0.006961124,0.002104382,-0.7603316,-0.01168251,-0.006064772,0.03418513,1.809
2024_02_10_20_15_39_280,0.6,-0.3141992,214873.0,179929.0,-0.3401244,-4.464154,0.1360195,6.280481,0.009192978,2.975151,1.71,0.006937699,0.002110656,-0.760483,-0.01835823,-0.009924172,0.06128382,1.809
2024_02_10_20_15_39_317,0.6,-0.3141992,215047.0,180075.0,-0.4022979,-4.452676,0.1360195,6.280481,0.009193126,2.947016,1.71,0.007011671,0.00203682,-0.7604064,-0.02515316,-0.004082918,0.003795139,1.809
2024_02_10_20_15_39_356,0.6,-0.3141992,215226.0,180224.0,-0.4657896,-4.439072,0.1360196,6.280481,0.009192953,2.918119,1.71,0.006896513,0.002074786,-0.7604198,-0.005125999,0.0005066395,-0.04995893,1.809
2024_02_10_20_15_39_389,0.6,-0.3141992,215381.0,180354.0,-0.5205894,-4.425774,0.1360195,6.280481,0.009192916,2.893024,1.71,0.007005348,0.002019676,-0.760394,0.03015995,0.008970499,-0.05356501,1.809
2024_02_10_20_15_39_427,0.6,-0.3141992,215560.0,180504.0,-0.5832561,-4.408762,0.1360195,6.280481,0.009192943,2.864128,1.71,0.007015392,0.002095574,-0.7603372,-0.03242493,-0.005722045,0.007370486,1.809
2024_02_10_20_15_39_460,0.6,-0.3141992,215715.0,180634.0,-0.6372579,-4.392526,0.1360195,6.280481,0.009192988,2.839033,1.71,0.007012452,0.002082866,-0.7603477,-0.005245208,0.005483627,-0.0764681,1.809
2024_02_10_20_15_39_493,0.6,-0.3141992,215870.0,180764.0,-0.6908348,-4.374939,0.1360193,6.280481,0.009192775,2.81394,1.71,0.006955592,0.002117765,-0.7604312,-0.01180172,-0.009715557,0.0726385,1.809
2024_02_10_20_15_39_531,0.6,-0.3141992,216049.0,180914.0,-0.7519602,-4.353032,0.1360195,6.280481,0.009193038,2.785045,1.71,0.00696524,0.002036932,-0.7604059,0.02503395,0.001072884,-0.007474795,1.809
2024_02_10_20_15_39_564,0.6,-0.3141992,216204.0,181044.0,-0.80451,-4.33258,0.1360195,6.280481,0.009193009,2.75995,1.71,0.006985303,0.002082093,-0.7604032,-0.01394749,-0.007212162,0.02685096,1.809
2024_02_10_20_15_39_597,0.6,-0.3141992,216359.0,181174.0,-0.856529,-4.310817,0.1360195,6.280481,0.00919293,2.734856,1.71,0.007011179,0.002023103,-0.7603251,0.002980232,0.001788139,-0.01166388,1.809
2024_02_10_20_15_39_635,0.6,-0.3141992,216538.0,181324.0,-0.9157326,-4.284149,0.1360196,6.280481,0.009193084,2.705959,1.71,0.006999004,0.002049984,-0.7604222,0.002622604,-0.0009536743,-0.01137797,1.809
2024_02_10_20_15_39_672,0.6,-0.3141992,216712.0,181469.0,-0.9726145,-4.25655,0.1360194,6.280481,0.009192972,2.677822,1.71,0.006944855,0.002095151,-0.7604561,0.002026558,0.001907349,-0.03821123,1.809
2024_02_10_20_15_39_709,0.6,-0.3141992,216891.0,181619.0,-1.030204,-4.226551,0.1360195,6.280481,0.009192861,2.648924,1.71,0.007064507,0.002060278,-0.7604133,-0.01847744,0.001788139,-0.01161359,1.809
2024_02_10_20_15_39_748,0.6,-0.3141992,217065.0,181765.0,-1.08542,-4.195754,0.1360196,6.280481,0.009192972,2.62079,1.71,0.007057698,0.001996993,-0.7603466,0.04220008,0.01382828,-0.09563937,1.809
2024_02_10_20_15_39_785,0.6,-0.3141992,217243.0,181915.0,-1.141202,-4.162519,0.1360195,6.280481,0.009193039,2.591896,1.71,0.007030593,0.002075057,-0.7603764,0.0009536743,5.960464e-05,-0.007336959,1.809
2024_02_10_20_15_39_822,0.6,-0.3141992,217417.0,182061.0,-1.194574,-4.128625,0.1360195,6.280481,0.009192872,2.563763,1.71,0.007118343,0.002070881,-0.7603228,0.01955032,0.006854534,-0.04211161,1.809
2024_02_10_20_15_39_856,0.6,-0.3141992,217577.0,182195.0,-1.24276,-4.096166,0.1360195,6.280481,0.009193062,2.53791,1.71,0.006954363,0.002041436,-0.7603925,0.002741813,-0.002324581,0.02693385,1.809
2024_02_10_20_15_39_893,0.6,-0.3141992,217751.0,182340.0,-1.294224,-4.059442,0.1360195,6.280481,0.009193107,2.509777,1.71,0.007011611,0.002038959,-0.760417,0.001907349,0.003755092,-0.04585553,1.809
2024_02_10_20_15_39_931,0.6,-0.3141992,217930.0,182490.0,-1.345982,-4.020232,0.1360195,6.280481,0.009193104,2.480883,1.71,0.007006098,0.002051878,-0.7604384,-0.0193119,-0.003576278,0.01897663,1.809
2024_02_10_20_15_39_968,0.6,-0.3141992,218104.0,182636.0,-1.39527,-3.980635,0.1360195,6.280481,0.009193193,2.452745,1.71,0.006924394,0.00202946,-0.7604133,-0.01692772,-0.00244379,0.01529977,1.809
2024_02_10_20_15_40_005,0.6,-0.3141992,218282.0,182786.0,-1.444708,-3.93854,0.1360196,6.280481,0.009193077,2.42385,1.71,0.006902336,0.002018434,-0.7604581,0.0003576278,-0.004589558,0.04201009,1.809
2024_02_10_20_15_40_043,0.6,-0.3141992,218456.0,182931.0,-1.491658,-3.896198,0.1360195,6.280481,0.009192975,2.395715,1.71,0.007000311,0.002083856,-0.7603939,-0.04029274,-0.005841255,0.03053993,1.809
2024_02_10_20_15_40_081,0.6,-0.3141992,218635.0,183081.0,-1.538616,-3.851354,0.1360195,6.280481,0.009192893,2.366817,1.71,0.006979518,0.002060118,-0.76033,-0.006914138,0.006914138,-0.04986766,1.809
2024_02_10_20_15_40_114,0.6,-0.3141992,218790.0,183211.0,-1.578332,-3.811322,0.1360196,6.280481,0.009193134,2.341725,1.71,0.007023115,0.002008401,-0.7604062,0.007748603,0.001966953,-0.007470138,1.809
2024_02_10_20_15_40_152,0.6,-0.3141992,218964.0,183357.0,-1.621649,-3.765271,0.1360195,6.280481,0.009192895,2.31359,1.71,0.00704627,0.002066701,-0.7603177,0.01764297,0.006914138,-0.03441982,1.809
2024_02_10_20_15_40_185,0.6,-0.3141992,219124.0,183491.0,-1.660299,-3.721895,0.1360194,6.280481,0.009192841,2.287734,1.71,0.006981918,0.002069873,-0.760433,-0.0191927,-0.00923872,0.08400529,1.809
2024_02_10_20_15_40_222,0.6,-0.3141992,219298.0,183637.0,-1.701069,-3.673573,0.1360196,6.280481,0.009192889,2.259599,1.71,0.00693443,0.002053929,-0.7604176,-0.01442432,-0.005662441,0.05728099,1.809
2024_02_10_20_15_40_255,0.6,-0.3141992,219458.0,183771.0,-1.737321,-3.628176,0.1360194,6.280481,0.009192885,2.233744,1.71,0.006997385,0.002023535,-0.760319,0.01597404,0.007331371,-0.01912192,1.809
2024_02_10_20_15_40_293,0.6,-0.3141992,219632.0,183916.0,-1.775424,-3.577724,0.1360195,6.280481,0.009193003,2.20561,1.71,0.006951005,0.002034204,-0.7603929,-0.007629394,-0.002026558,0.01155771,1.809
2024_02_10_20_15_40_331,0.6,-0.3141992,219811.0,184066.0,-1.813063,-3.524814,0.1360195,6.280481,0.009193101,2.176712,1.71,0.006957267,0.002058154,-0.7604952,-0.0308752,-0.01263618,0.07632375,1.809
2024_02_10_20_15_40_364,0.6,-0.3141992,219966.0,184196.0,-1.844498,-3.478,0.1360196,6.280481,0.00919298,2.151619,1.71,0.006974684,0.002034419,-0.7604142,-0.0140667,0.003099441,-0.04612933,1.809
2024_02_10_20_15_40_397,0.6,-0.3141992,220121.0,184326.0,-1.874749,-3.430412,0.1360195,6.280481,0.009192782,2.126523,1.71,0.006938166,0.002042082,-0.7604325,0.01239777,0.00333786,-0.0307532,1.809
2024_02_10_20_15_40_435,0.6,-0.3141992,220300.0,184476.0,-1.90809,-3.374694,0.1360195,6.280481,0.009193015,2.097625,1.71,0.007015169,0.001986358,-0.7604176,-0.01978874,-0.002384186,0.03053807,1.809
2024_02_10_20_15_40_472,0.6,-0.3141992,220474.0,184622.0,-1.938996,-3.319537,0.1360194,6.280481,0.009193124,2.069488,1.71,0.006962704,0.002080556,-0.7604123,-0.003457069,0.002622604,-0.01880154,1.809
2024_02_10_20_15_40_505,0.6,-0.3141992,220633.0,184756.0,-1.966016,-3.268105,0.1360195,6.280481,0.009192926,2.043636,1.71,0.007007725,0.002095298,-0.7604617,-0.04589557,-0.009834765,0.03046077,1.809
2024_02_10_20_15_40_543,0.6,-0.3141992,220807.0,184902.0,-1.993898,-3.211361,0.1360195,6.280481,0.009192927,2.015501,1.71,0.006976655,0.002098045,-0.7604423,-0.01788139,-0.0001192093,-0.01518335,1.809
2024_02_10_20_15_40_580,0.6,-0.3141992,220986.0,185051.0,-2.020862,-3.152292,0.1360194,6.280481,0.009192901,1.986607,1.71,0.007030928,0.002051551,-0.760393,-0.002861023,-0.00295043,0.04225317,1.809
2024_02_10_20_15_40_614,0.6,-0.3141992,221141.0,185181.0,-2.042884,-3.100381,0.1360195,6.280481,0.009192751,1.961512,1.71,0.006930656,0.002091721,-0.7604491,0.0001192093,-0.001102686,0.01141243,1.809
2024_02_10_20_15_40_647,0.6,-0.3141992,221296.0,185311.0,-2.063597,-3.047934,0.1360195,6.280481,0.009192898,1.93642,1.71,0.007110773,0.002040606,-0.7603908,0.01275539,0.004887581,-0.03434345,1.809
2024_02_10_20_15_40_685,0.6,-0.3141992,221475.0,185461.0,-2.085808,-2.98692,0.1360194,6.280481,0.009193063,1.907527,1.71,0.0070537,0.002067786,-0.7604161,-0.0180006,0.003367662,-0.03059581,1.809
2024_02_10_20_15_40_718,0.6,-0.3141992,221630.0,185591.0,-2.103662,-2.933433,0.1360195,6.280481,0.009193128,1.882432,1.71,0.006959806,0.001966945,-0.7604036,0.008702278,-0.001430511,0.02667494,1.809
2024_02_10_20_15_40_756,0.6,-0.3141992,221809.0,185741.0,-2.122549,-2.87131,0.1360194,6.280481,0.009192998,1.853536,1.71,0.006998142,0.002016884,-0.7603699,0.01978874,0.01084804,-0.05356129,1.809
2024_02_10_20_15_40_793,0.6,-0.3141992,221983.0,185887.0,-2.139207,-2.810322,0.1360195,6.280481,0.009193054,1.8254,1.71,0.006985197,0.001998878,-0.7604591,-0.0191927,-0.001966953,-0.0002952293,1.809
2024_02_10_20_15_40_831,0.6,-0.3141992,222157.0,186032.0,-2.154144,-2.748888,0.1360194,6.280481,0.009192946,1.797261,1.71,0.007070644,0.002003919,-0.7603753,0.03695488,0.01585484,-0.07628277,1.809
2024_02_10_20_15_40_864,0.6,-0.3141992,222317.0,186166.0,-2.166341,-2.692085,0.1360195,6.280482,0.009193042,1.771408,1.71,0.006940276,0.002064294,-0.7603866,-0.01180172,-0.005155801,0.04196167,1.809
2024_02_10_20_15_40_901,0.6,-0.3141992,222491.0,186312.0,-2.17794,-2.629936,0.1360195,6.280481,0.009193009,1.743272,1.71,0.007047394,0.00205242,-0.7603597,0.003457069,0.00552833,-0.04205387,1.809
2024_02_10_20_15_40_935,0.6,-0.3141992,222651.0,186446.0,-2.187057,-2.572557,0.1360195,6.280481,0.009192874,1.717417,1.71,0.006977665,0.0021281,-0.7603704,-0.03349781,-0.005468726,0.03810227,1.809
2024_02_10_20_15_40_972,0.6,-0.3141992,222825.0,186592.0,-2.195285,-2.509873,0.1360195,6.280481,0.009193238,1.689283,1.71,0.007067225,0.001981356,-0.7604453,0.01263618,0.004008412,-0.03447104,1.809
2024_02_10_20_15_41_010,0.6,-0.3141992,223003.0,186742.0,-2.201898,-2.445279,0.1360195,6.280482,0.009193016,1.660384,1.71,0.007001572,0.002070811,-0.7603324,-0.01502037,-0.003054738,0.03832951,1.809
2024_02_10_20_15_41_047,0.6,-0.3141992,223177.0,186888.0,-2.206539,-2.382228,0.1360196,6.280481,0.009192868,1.63225,1.71,0.007076979,0.00207165,-0.760327,0.01001358,0.0002682209,-0.0002142042,1.809
2024_02_10_20_15_41_086,0.6,-0.3141992,223356.0,187037.0,-2.209459,-2.317363,0.1360194,6.280481,0.009193101,1.603352,1.71,0.006981873,0.002018627,-0.7604462,0.01120567,0.005155801,-0.02270378,1.809
2024_02_10_20_15_41_118,0.6,-0.3141992,223511.0,187167.0,-2.210474,-2.260983,0.1360195,6.280481,0.009192901,1.578259,1.71,0.007005831,0.002078587,-0.7603677,-0.02336502,-0.0005066395,-0.003693625,1.809
2024_02_10_20_15_41_155,0.6,-0.3141992,223685.0,187313.0,-2.209928,-2.197763,0.1360195,6.280481,0.009193013,1.550124,1.71,0.007049152,0.002060641,-0.760339,0.002264977,0.004738569,-0.03071315,1.809
2024_02_10_20_15_41_189,0.6,-0.3141992,223845.0,187447.0,-2.207859,-2.139703,0.1360195,6.280481,0.009193049,1.524273,1.71,0.006998722,0.002018799,-0.760384,0.02014637,0.00923872,-0.0457447,1.809
2024_02_10_20_15_41_226,0.6,-0.3141992,224019.0,187593.0,-2.203901,-2.076605,0.1360195,6.280481,0.009193051,1.496138,1.71,0.006980207,0.002031153,-0.7604198,0.004172325,-0.001370907,0.02678577,1.809
2024_02_10_20_15_41_260,0.6,-0.3141992,224179.0,187727.0,-2.198703,-2.018742,0.1360195,6.280481,0.009192942,1.470282,1.71,0.006973083,0.002068318,-0.7602705,-0.003695488,-0.004947185,0.06869715,1.809
2024_02_10_20_15_41_297,0.6,-0.3141992,224353.0,187873.0,-2.191349,-1.95595,0.1360196,6.280481,0.00919301,1.442147,1.71,0.006962439,0.002075035,-0.7603555,0.010252,-0.003993511,-0.0001247972,1.809
2024_02_10_20_15_41_336,0.6,-0.3141992,224532.0,188022.0,-2.181959,-1.891702,0.1360195,6.280481,0.009193158,1.413249,1.71,0.006978475,0.001993432,-0.7603983,0.03218651,0.006854534,-0.03816001,1.809
2024_02_10_20_15_41_372,0.6,-0.3141992,224706.0,188168.0,-2.171035,-1.829431,0.1360195,6.280481,0.009192899,1.385115,1.71,0.007080864,0.002085098,-0.7603313,0.002861023,0.008910894,-0.0804495,1.809
2024_02_10_20_15_41_410,0.6,-0.3141992,224884.0,188318.0,-2.157999,-1.765822,0.1360195,6.280481,0.009193164,1.35622,1.71,0.007013832,0.002046786,-0.760402,-0.01502037,-0.006914138,0.02685096,1.809
2024_02_10_20_15_41_443,0.6,-0.3141992,225039.0,188448.0,-2.14519,-1.710909,0.1360195,6.280481,0.009192952,1.331127,1.71,0.007000221,0.002096803,-0.7603341,-0.03159046,-0.008404255,0.02667121,1.809
2024_02_10_20_15_41_480,0.6,-0.3141992,225213.0,188594.0,-2.129196,-1.649744,0.1360195,6.280481,0.00919272,1.302993,1.71,0.007066108,0.00209895,-0.7603225,0.01251697,0.002861023,0.0001061708,1.809
2024_02_10_20_15_41_514,0.6,-0.3141992,225373.0,188728.0,-2.112988,-1.593955,0.1360195,6.280481,0.009192861,1.277138,1.71,0.006929278,0.00209705,-0.7604077,-0.007629394,-0.001311302,-0.01531187,1.809
2024_02_10_20_15_41_552,0.6,-0.3141992,225547.0,188874.0,-2.093717,-1.533741,0.1360194,6.280481,0.009192967,1.249,1.71,0.006909403,0.002008256,-0.7604823,0.007390975,-0.005841255,0.04595983,1.809
2024_02_10_20_15_41_584,0.6,-0.3141992,225707.0,189007.0,-2.074519,-1.478907,0.1360194,6.280481,0.009192825,1.223145,1.71,0.00699814,0.0020846,-0.7604455,-0.0295639,-0.01186132,0.06887224,1.809
2024_02_10_20_15_41_623,0.6,-0.3141992,225881.0,189153.0,-2.052026,-1.419821,0.1360195,6.280481,0.009192956,1.195005,1.71,0.00693824,0.002073723,-0.7604406,-0.007748603,-0.003218651,0.01924299,1.809
2024_02_10_20_15_41_659,0.6,-0.3141992,226060.0,189303.0,-2.027205,-1.359822,0.1360195,6.280481,0.009193016,1.166111,1.71,0.006935613,0.001984685,-0.7603863,0.02431869,0.004649162,-0.01153257,1.809
2024_02_10_20_15_41_693,0.6,-0.3141992,226215.0,189433.0,-2.00425,-1.308317,0.1360195,6.280481,0.009193117,1.141019,1.71,0.006934217,0.002032562,-0.7604588,-0.01430511,-0.007569789,0.06138067,1.809
2024_02_10_20_15_41_726,0.6,-0.3141992,226370.0,189563.0,-1.980012,-1.257406,0.1360195,6.280481,0.00919304,1.115923,1.71,0.007001778,0.002033973,-0.7603858,0.0166893,0.000655651,0.007635913,1.809
2024_02_10_20_15_41_764,0.6,-0.3141992,226549.0,189713.0,-1.950529,-1.199556,0.1360194,6.280481,0.009193108,1.087025,1.71,0.007048744,0.002028543,-0.7603181,0.01370907,-0.0005960464,0.04233885,1.809
2024_02_10_20_15_41_803,0.6,-0.3141992,226723.0,189859.0,-1.920227,-1.14407,0.1360195,6.280481,0.009193355,1.058892,1.71,0.006933519,0.002006542,-0.7604179,-0.01573563,-0.0001788139,-0.02674572,1.809
2024_02_10_20_15_41_835,0.6,-0.3141992,226883.0,189993.0,-1.891016,-1.093854,0.1360196,6.280481,0.009193118,1.033037,1.71,0.006934058,0.002069313,-0.7603942,-0.01764297,-0.01090765,0.05720183,1.809
2024_02_10_20_15_41_872,0.6,-0.3141992,227057.0,190138.0,-1.857763,-1.040084,0.1360195,6.280481,0.009193136,1.004902,1.71,0.006939646,0.002082486,-0.7604339,-0.0231266,-0.01680851,0.09935721,1.809
2024_02_10_20_15_41_910,0.6,-0.3141992,227235.0,190288.0,-1.822052,-0.9858572,0.1360195,6.280481,0.009192976,0.9760064,1.71,0.006997159,0.002099493,-0.7603693,0.006437301,-0.006318092,0.02280716,1.809
2024_02_10_20_15_41_942,0.6,-0.3141992,227390.0,190418.0,-1.789778,-0.9396195,0.1360194,6.280481,0.00919301,0.9509115,1.71,0.006971975,0.002049951,-0.7603781,-0.0180006,-0.004410744,0.02666656,1.809
2024_02_10_20_15_41_980,0.6,-0.3141992,227564.0,190564.0,-1.752226,-0.8887587,0.1360194,6.280481,0.009192926,0.9227773,1.71,0.007064912,0.002091725,-0.7603666,-0.01966953,-0.006914138,0.04580989,1.809
2024_02_10_20_15_42_018,0.6,-0.3141992,227743.0,190714.0,-1.712186,-0.8376443,0.1360194,6.280481,0.009192958,0.8938815,1.71,0.007062187,0.002072523,-0.7604038,-0.01430511,-0.003099441,0.01531932,1.809
2024_02_10_20_15_42_055,0.6,-0.3141992,227917.0,190859.0,-1.671796,-0.7890065,0.1360194,6.280481,0.009192591,0.8657457,1.71,0.007085555,0.002043151,-0.7602961,0.03051758,0.01627207,-0.08046999,1.809
2024_02_10_20_15_42_093,0.6,-0.3141992,228096.0,191009.0,-1.628907,-0.7402572,0.1360195,6.280481,0.00919287,0.8368472,1.71,0.007080299,0.002028698,-0.7603624,0.005125999,0.0002384186,4.56348e-05,1.809
2024_02_10_20_15_42_131,0.6,-0.3141992,228270.0,191155.0,-1.585809,-0.6940004,0.1360193,6.280481,0.009192577,0.8087109,1.71,0.006991939,0.002102362,-0.7603841,-0.01382828,-0.003457069,0.02658553,1.809
2024_02_10_20_15_42_164,0.6,-0.3141992,228430.0,191289.0,-1.545073,-0.6525786,0.1360194,6.280481,0.009192576,0.7828559,1.71,0.007008099,0.002075573,-0.7603365,0.02121925,0.01323223,-0.1109373,1.809
2024_02_10_20_15_42_201,0.6,-0.3141992,228604.0,191435.0,-1.499544,-0.6087147,0.1360194,6.280481,0.009192696,0.7547191,1.71,0.007059847,0.002051071,-0.7602943,0.03755093,0.0115037,-0.03814045,1.809
2024_02_10_20_15_42_234,0.6,-0.3141992,228759.0,191565.0,-1.457908,-0.5706876,0.1360195,6.280481,0.009192836,0.7296241,1.71,0.007015374,0.002070247,-0.7603375,-0.01466274,-0.00655651,0.04950259,1.809
2024_02_10_20_15_42_267,0.6,-0.3141992,228919.0,191699.0,-1.414027,-0.5326137,0.1360195,6.280481,0.009192835,0.7037686,1.71,0.007075571,0.002036065,-0.7603854,0.02980232,0.004708767,-0.01538172,1.809
2024_02_10_20_15_42_306,0.6,-0.3141992,229093.0,191845.0,-1.365173,-0.4924843,0.1360195,6.280481,0.00919298,0.6756301,1.71,0.006937353,0.002042876,-0.7603369,0.002026558,-0.000655651,0.01542549,1.809
2024_02_10_20_15_42_343,0.6,-0.3141992,229271.0,191994.0,-1.313846,-0.4527182,0.1360195,6.280481,0.009193003,0.6467322,1.71,0.006955536,0.002054839,-0.7604095,-0.02467632,-0.005960464,0.02657529,1.809
2024_02_10_20_15_42_380,0.6,-0.3141992,229445.0,192140.0,-1.262785,-0.4154394,0.1360195,6.280481,0.00919308,0.6185964,1.71,0.006945429,0.001996633,-0.7605066,-0.01752377,-0.002682209,-5.029142e-05,1.809
2024_02_10_20_15_42_414,0.6,-0.3141992,229605.0,192274.0,-1.214955,-0.3824619,0.1360194,6.280481,0.009192861,0.5927408,1.71,0.00696883,0.002032347,-0.7604032,0.004291534,-0.003576278,0.04599057,1.809
2024_02_10_20_15_42_447,0.6,-0.3141992,229760.0,192404.0,-1.167732,-0.3516469,0.1360195,6.280481,0.009192918,0.5676442,1.71,0.006932224,0.002041365,-0.760386,0.01776218,0.001907349,0.007719732,1.809
2024_02_10_20_15_42_480,0.6,-0.3141992,229915.0,192534.0,-1.119752,-0.3220269,0.1360195,6.280481,0.009192924,0.5425482,1.71,0.006978557,0.002003425,-0.7603385,0.0500679,0.01621246,-0.0763461,1.809
2024_02_10_20_15_42_517,0.6,-0.3141992,230094.0,192684.0,-1.063602,-0.289423,0.1360195,6.280481,0.009192922,0.5136492,1.71,0.007021085,0.002034913,-0.7604226,0.01454353,0.004708767,-0.01908187,1.809
2024_02_10_20_15_42_555,0.6,-0.3141992,230268.0,192830.0,-1.008045,-0.2592492,0.1360195,6.280481,0.009192886,0.4855113,1.71,0.006984863,0.002020059,-0.7605092,0.008821487,0.001370907,-0.003993511,1.809
2024_02_10_20_15_42_589,0.6,-0.3141992,230428.0,192964.0,-0.956262,-0.2329101,0.1360194,6.280481,0.009192638,0.4596563,1.71,0.007022174,0.00212502,-0.7604035,-0.01060963,-0.007152557,0.06114039,1.809
2024_02_10_20_15_42_626,0.6,-0.3141992,230602.0,193109.0,-0.899156,-0.2057783,0.1360194,6.280481,0.00919263,0.4315189,1.71,0.007017358,0.002086473,-0.760425,-0.003576278,-0.00578165,0.026647,1.809
2024_02_10_20_15_42_664,0.6,-0.3141992,230781.0,193259.0,-0.8397353,-0.1795965,0.1360194,6.280481,0.009192698,0.4026199,1.71,0.007013856,0.002094601,-0.7604646,-0.00655651,-0.004678965,0.02276525,1.809
2024_02_10_20_15_42_697,0.6,-0.3141992,230936.0,193389.0,-0.7875388,-0.1582607,0.1360195,6.280481,0.009192698,0.3775244,1.71,0.006969475,0.002053919,-0.7603855,0.006794929,0.006258487,-0.03844779,1.809
2024_02_10_20_15_42_731,0.6,-0.3141992,231091.0,193519.0,-0.7348226,-0.1382418,0.1360194,6.280481,0.009192821,0.3524283,1.71,0.007049102,0.001978146,-0.7603712,0.0436306,0.01761317,-0.08399039,1.809
2024_02_10_20_15_42_767,0.6,-0.3141992,231270.0,193669.0,-0.6735206,-0.1168365,0.1360195,6.280481,0.009193047,0.3235299,1.71,0.00692845,0.00206309,-0.7605034,0.0002384186,-0.008225441,0.02312567,1.809
2024_02_10_20_15_42_806,0.6,-0.3141992,231444.0,193815.0,-0.613261,-0.09770516,0.1360194,6.280481,0.009192751,0.2953914,1.71,0.006986776,0.002021541,-0.7604342,0.02455711,0.005930662,-0.01522992,1.809
2024_02_10_20_15_42_839,0.6,-0.3141992,231604.0,193949.0,-0.5574327,-0.08162613,0.1360193,6.280481,0.009192703,0.2695337,1.71,0.007020609,0.002036363,-0.7604375,0.03373623,0.004857779,0.00772532,1.809
2024_02_10_20_15_42_876,0.6,-0.3141992,231778.0,194095.0,-0.4962283,-0.06577484,0.1360195,6.280481,0.009192931,0.2413969,1.71,0.007026384,0.002091029,-0.7604906,-0.008821487,-0.008136034,0.03438909,1.809
2024_02_10_20_15_42_909,0.6,-0.3141992,231933.0,194225.0,-0.4412823,-0.05309488,0.1360195,6.280481,0.009192673,0.2163003,1.71,0.007005549,0.002064985,-0.7604013,-0.02324581,-0.006973743,0.06496999,1.809
2024_02_10_20_15_42_947,0.6,-0.3141992,232111.0,194374.0,-0.3776402,-0.04020695,0.1360194,6.280481,0.009192691,0.1874008,1.71,0.006986056,0.002094178,-0.7605147,0.0,-0.007376074,0.04595052,1.809
2024_02_10_20_15_42_981,0.6,-0.3141992,232267.0,194504.0,-0.3220896,-0.03051075,0.1360194,6.280481,0.009192976,0.1623042,1.71,0.00696972,0.002051658,-0.7605036,0.0166893,-0.0002831221,0.004132278,1.809
2024_02_10_20_15_43_018,0.6,-0.3141992,232445.0,194654.0,-0.257845,-0.02107628,0.1360195,6.280481,0.009192469,0.1334047,1.71,0.006941276,0.002143476,-0.7603979,-0.04565715,-0.009983777,0.05305931,1.809
2024_02_10_20_15_43_055,0.6,-0.3141992,232619.0,194800.0,-0.1950545,-0.01367767,0.1360196,6.280481,0.009192789,0.1052657,1.71,0.006990031,0.002028729,-0.7605051,-0.005722045,0.002562999,-0.01549721,1.809
2024_02_10_20_15_43_093,0.6,-0.3141992,232798.0,194950.0,-0.1303767,-0.007921031,0.1360194,6.280481,0.009192876,0.07636561,1.71,0.006967526,0.002086037,-0.7604932,-0.02551079,-0.006124377,0.0189282,1.809
2024_02_10_20_15_43_130,0.6,-0.3141992,232972.0,195095.0,-0.06726664,-0.004113981,0.1360195,6.280481,0.009192831,0.04822665,1.71,0.007015303,0.002046257,-0.7603827,-0.0244379,-0.0003874302,-0.0002328306,1.809
2024_02_10_20_15_43_168,0.6,-0.3141992,233151.0,195245.0,-0.002366602,-0.002053961,0.1360195,6.280481,0.009193024,0.01932763,1.71,0.006989005,0.002027432,-0.7604416,-0.006794929,0.0002533197,-0.01144409,1.809
2024_02_10_20_15_43_205,0.6,-0.3141992,233325.0,195391.0,0.06085756,-0.001850869,0.1360195,6.280481,0.009192925,6.274375,1.71,0.007013812,0.002123209,-0.7604359,-0.04613399,-0.006273388,0.01509115,1.809
2024_02_10_20_15_43_243,0.6,-0.3141992,233503.0,195541.0,0.1257681,-0.003493981,0.1360195,6.280481,0.009192819,6.245477,1.71,0.007070175,0.002081087,-0.7603137,0.02360344,0.00782311,-0.01895893,1.809
2024_02_10_20_15_43_280,0.6,-0.3141992,233677.0,195686.0,0.1888991,-0.006895352,0.1360194,6.280481,0.009193134,6.21734,1.71,0.006898799,0.002080785,-0.7604699,-0.01060963,-0.003799796,-0.007669441,1.809
2024_02_10_20_15_43_319,0.6,-0.3141992,233856.0,195836.0,0.2536112,-0.01223594,0.1360195,6.280481,0.009193189,6.188443,1.71,0.006939037,0.002065131,-0.7605184,-0.04065036,-0.009939074,0.0380734,1.809
2024_02_10_20_15_43_351,0.6,-0.3141992,234011.0,195966.0,0.3096632,-0.01838917,0.1360195,6.280481,0.009192969,6.163347,1.71,0.00697267,0.002099833,-0.760388,-0.008702278,-0.008627772,0.06882939,1.809
2024_02_10_20_15_43_389,0.6,-0.3141992,234190.0,196116.0,0.3739921,-0.02721442,0.1360194,6.280481,0.009192954,6.134449,1.71,0.006974848,0.002116332,-0.7605191,0.0371933,0.00859797,-0.05717016,1.809
2024_02_10_20_15_43_426,0.6,-0.3141992,234364.0,196262.0,0.4363571,-0.03758981,0.1360195,6.280481,0.009193194,6.106312,1.71,0.006999993,0.001995316,-0.7604258,0.01621246,0.00578165,-0.03417302,1.809
2024_02_10_20_15_43_460,0.6,-0.3141992,234519.0,196392.0,0.4917153,-0.04832079,0.1360195,6.280481,0.009193002,6.081217,1.71,0.006950626,0.002096237,-0.76043,-0.002980232,0.0002682209,-0.01124944,1.809
2024_02_10_20_15_43_493,0.6,-0.3141992,234679.0,196526.0,0.5484502,-0.06082613,0.1360195,6.280481,0.009193258,6.055361,1.71,0.007012923,0.001955628,-0.7604124,-0.001311302,0.004738569,-0.03060698,1.809
2024_02_10_20_15_43_530,0.6,-0.3141992,234853.0,196672.0,0.6098012,-0.07609643,0.1360195,6.280481,0.009192959,6.027225,1.71,0.007007456,0.002064025,-0.7604097,0.01466274,-0.0004470348,0.003941357,1.809
2024_02_10_20_15_43_567,0.6,-0.3141992,235031.0,196821.0,0.6723382,-0.09356961,0.1360194,6.280481,0.009192861,5.998326,1.71,0.007018439,0.002048579,-0.7604317,0.01585484,0.004023314,-0.0115037,1.809
2024_02_10_20_15_43_601,0.6,-0.3141992,235187.0,196951.0,0.7262174,-0.1102045,0.1360194,6.280481,0.009192978,5.97323,1.71,0.006996276,0.002022362,-0.7604037,0.0007152557,0.001192093,0.02298597,1.809
2024_02_10_20_15_43_639,0.6,-0.3141992,235361.0,197097.0,0.7861091,-0.1304564,0.1360193,6.280481,0.009192832,5.945093,1.71,0.0069658,0.002141904,-0.7604339,-0.04184246,-0.007629394,0.02671219,1.809
2024_02_10_20_15_43_676,0.6,-0.3141992,235539.0,197247.0,0.8470014,-0.1530014,0.1360195,6.280481,0.009192975,5.916197,1.71,0.007053817,0.002048085,-0.7604181,0.02348423,0.008523464,-0.0535408,1.809
2024_02_10_20_15_43_714,0.6,-0.3141992,235713.0,197393.0,0.905641,-0.1766348,0.1360195,6.280481,0.009193038,5.888061,1.71,0.006960347,0.00205605,-0.7604489,0.01037121,0.0002980232,2.421439e-05,1.809
2024_02_10_20_15_43_746,0.6,-0.3141992,235873.0,197527.0,0.9589205,-0.1997989,0.1360196,6.280481,0.009192983,5.862205,1.71,0.006970023,0.002005385,-0.7603448,-0.002145767,0.0003576278,0.007381662,1.809
2024_02_10_20_15_43_784,0.6,-0.3141992,236047.0,197672.0,1.0162,-0.2265622,0.1360194,6.280481,0.009193094,5.834068,1.71,0.007018965,0.002013728,-0.7605128,0.02062321,0.002801418,-0.007508322,1.809
2024_02_10_20_15_43_822,0.6,-0.3141992,236226.0,197822.0,1.07422,-0.255715,0.1360195,6.280481,0.009192938,5.805169,1.71,0.007000064,0.002014301,-0.7603909,0.02777576,0.009596348,-0.06114412,1.809
2024_02_10_20_15_43_860,0.6,-0.3141992,236400.0,197968.0,1.129882,-0.2857,0.1360195,6.280481,0.009192943,5.77703,1.71,0.007042967,0.002069195,-0.7604212,-0.03886223,-0.002205372,-0.03083609,1.809
2024_02_10_20_15_43_897,0.6,-0.3141992,236578.0,198118.0,1.186145,-0.3181137,0.1360196,6.280481,0.009193012,5.748135,1.71,0.007020234,0.002015232,-0.7604378,0.01573563,0.001966953,-0.0001108274,1.809
2024_02_10_20_15_43_935,0.6,-0.3141992,236752.0,198264.0,1.240007,-0.3512238,0.1360195,6.280481,0.009193024,5.719998,1.71,0.006920192,0.002021642,-0.7605162,0.0004768371,-0.0007748603,-0.007669441,1.809
2024_02_10_20_15_43_972,0.6,-0.3141992,236931.0,198413.0,1.294331,-0.3867915,0.1360195,6.280481,0.009193036,5.691102,1.71,0.00693822,0.002060613,-0.7605172,-0.02729893,-0.004708767,-1.303852e-05,1.809
2024_02_10_20_15_44_009,0.6,-0.3141992,237105.0,198559.0,1.346218,-0.4229176,0.1360195,6.280481,0.009192956,5.662965,1.71,0.006950447,0.002072009,-0.7604366,-0.02276897,-0.004887581,0.007627531,1.809
2024_02_10_20_15_44_043,0.6,-0.3141992,237265.0,198693.0,1.392983,-0.4573897,0.1360195,6.280481,0.009192989,5.637114,1.71,0.007013781,0.001982083,-0.7603952,0.02002716,0.004470348,0.01899246,1.809
2024_02_10_20_15_44_080,0.6,-0.3141992,237439.0,198839.0,1.442842,-0.4962627,0.1360195,6.280481,0.009193076,5.608979,1.71,0.006974482,0.002065352,-0.7604461,-0.04637241,-0.00834465,0.03803521,1.809
2024_02_10_20_15_44_117,0.6,-0.3141992,237618.0,198989.0,1.492891,-0.5376299,0.1360195,6.280481,0.009193036,5.580081,1.71,0.007015976,0.002056988,-0.7604279,0.02002716,0.004887581,-0.03041327,1.809
2024_02_10_20_15_44_151,0.6,-0.3141992,237773.0,199119.0,1.535369,-0.5747145,0.1360195,6.280481,0.009193056,5.554988,1.71,0.007025858,0.002045296,-0.7603885,-0.001072884,-0.0007748603,0.007493421,1.809
2024_02_10_20_15_44_187,0.6,-0.3141992,237947.0,199264.0,1.581872,-0.6175463,0.1360195,6.280481,0.009193113,5.526852,1.71,0.007003946,0.002038066,-0.7603834,0.009059906,0.004410744,-0.02296455,1.809
2024_02_10_20_15_44_221,0.6,-0.3141992,238107.0,199398.0,1.623527,-0.658044,0.1360195,6.280481,0.009193154,5.500996,1.71,0.006960463,0.001974714,-0.7604161,0.02253055,0.004410744,-0.02672709,1.809
2024_02_10_20_15_44_260,0.6,-0.3141992,238281.0,199544.0,1.66765,-0.7033229,0.1360196,6.280481,0.009193189,5.47286,1.71,0.00697006,0.002008857,-0.760378,0.01347065,0.001549721,0.007606111,1.809
2024_02_10_20_15_44_293,0.6,-0.3141992,238440.0,199678.0,1.707059,-0.7460104,0.1360195,6.280481,0.009193057,5.447006,1.71,0.00697428,0.002102507,-0.7604073,-0.0166893,-0.01347065,0.08414126,1.809
2024_02_10_20_15_44_330,0.6,-0.3141992,238614.0,199824.0,1.748674,-0.7936041,0.1360196,6.280481,0.009193044,5.418869,1.71,0.006971917,0.002038474,-0.7603534,-0.003695488,0.002861023,-0.02305768,1.809
2024_02_10_20_15_44_367,0.6,-0.3141992,238793.0,199974.0,1.790002,-0.8436822,0.1360195,6.280481,0.009193134,5.389973,1.71,0.006967805,0.001997402,-0.7604146,0.003814697,-0.001847744,0.0306908,1.809
2024_02_10_20_15_44_401,0.6,-0.3141992,238948.0,200104.0,1.824707,-0.8881242,0.1360195,6.280481,0.009193089,5.364879,1.71,0.006937847,0.002040206,-0.7604234,0.00846386,-0.001609325,0.03061164,1.809
2024_02_10_20_15_44_438,0.6,-0.3141992,239122.0,200250.0,1.862279,-0.9389722,0.1360194,6.280481,0.009192943,5.336743,1.71,0.007033087,0.002040085,-0.7603045,0.03576279,0.01198053,-0.05715061,1.809
2024_02_10_20_15_44_471,0.6,-0.3141992,239282.0,200383.0,1.89553,-0.9866115,0.1360196,6.280481,0.009193204,5.310889,1.71,0.006985125,0.002009955,-0.7604437,-0.009179115,-0.002980232,0.007585622,1.809
2024_02_10_20_15_44_505,0.6,-0.3141992,239437.0,200514.0,1.926616,-1.033657,0.1360194,6.280481,0.009193082,5.285794,1.71,0.007001012,0.002043557,-0.7604699,0.009298325,0.006258487,-0.03804173,1.809
2024_02_10_20_15_44_543,0.6,-0.3141992,239616.0,200663.0,1.960933,-1.088778,0.1360195,6.280481,0.009192931,5.256899,1.71,0.007010393,0.002048125,-0.7603458,0.03528595,0.008165836,-0.03826339,1.809
2024_02_10_20_15_44_576,0.6,-0.3141992,239771.0,200793.0,1.989435,-1.137431,0.1360194,6.280481,0.00919284,5.231803,1.71,0.006999542,0.002112404,-0.7603325,0.007152557,0.001490116,-0.003701076,1.809
2024_02_10_20_15_44_613,0.6,-0.3141992,239945.0,200939.0,2.019927,-1.192814,0.1360195,6.280481,0.009193121,5.203666,1.71,0.007041606,0.002032885,-0.7604268,-0.01573563,-0.003933907,0.02673175,1.809
2024_02_10_20_15_44_646,0.6,-0.3141992,240105.0,201073.0,2.046561,-1.244446,0.1360194,6.280481,0.009193149,5.177816,1.71,0.007018616,0.002082045,-0.7604056,-0.009655952,-0.008761883,0.04620384,1.809
2024_02_10_20_15_44_685,0.6,-0.3141992,240279.0,201219.0,2.074021,-1.301394,0.1360195,6.280481,0.009192795,5.149681,1.71,0.006990201,0.002056654,-0.7603789,0.01442432,0.006139278,-0.04609208,1.809
2024_02_10_20_15_44_722,0.6,-0.3141992,240458.0,201369.0,2.100543,-1.360662,0.1360195,6.280481,0.00919301,5.120787,1.71,0.007066088,0.002060053,-0.760347,0.001430511,0.00295043,-0.03057439,1.809
2024_02_10_20_15_44_755,0.6,-0.3141992,240613.0,201499.0,2.122178,-1.412735,0.1360195,6.280481,0.009193034,5.095695,1.71,0.006939052,0.002046974,-0.7604874,0.01001358,0.002264977,-0.0305986,1.809
2024_02_10_20_15_44_794,0.6,-0.3141992,240787.0,201644.0,2.144872,-1.471744,0.1360195,6.280481,0.009192954,5.067559,1.71,0.006985022,0.00213023,-0.7603998,0.001907349,-0.005662441,0.01526438,1.809
2024_02_10_20_15_44_826,0.6,-0.3141992,240947.0,201778.0,2.164256,-1.526511,0.1360196,6.280481,0.009193018,5.041707,1.71,0.006987691,0.002114843,-0.7603685,-0.01859665,-0.01174211,0.04956126,1.809
2024_02_10_20_15_44_864,0.6,-0.3141992,241121.0,201924.0,2.183733,-1.586658,0.1360196,6.280481,0.009192964,5.01357,1.71,0.006995994,0.002051361,-0.7603168,-0.002145767,0.002115965,-9.965151e-05,1.809
2024_02_10_20_15_44_901,0.6,-0.3141992,241299.0,202074.0,2.201967,-1.648976,0.1360196,6.280481,0.009193189,4.984674,1.71,0.006959758,0.002052896,-0.7603738,-0.001788139,-0.002473593,-0.0001089647,1.809
2024_02_10_20_15_44_934,0.6,-0.3141992,241455.0,202204.0,2.216336,-1.703502,0.1360195,6.280481,0.009193247,4.959579,1.71,0.006992413,0.002033758,-0.760381,-0.003933907,0.00102818,-0.003658235,1.809
2024_02_10_20_15_44_972,0.6,-0.3141992,241633.0,202354.0,2.231181,-1.766713,0.1360195,6.280481,0.009193249,4.930685,1.71,0.006993765,0.002004014,-0.7604396,0.01323223,0.002533197,-0.02277642,1.809
2024_02_10_20_15_45_005,0.6,-0.3141992,241788.0,202484.0,2.242588,-1.821935,0.1360194,6.280481,0.009192889,4.905591,1.71,0.00699532,0.002037391,-0.7603749,0.01835823,0.01214445,-0.05348213,1.809
2024_02_10_20_15_45_043,0.6,-0.3141992,241962.0,202630.0,2.253723,-1.884169,0.1360196,6.280481,0.009193021,4.877458,1.71,0.006913852,0.002065589,-0.7604141,-0.00834465,-0.008031726,0.03809016,1.809
2024_02_10_20_15_45_080,0.6,-0.3141992,242141.0,202779.0,2.263333,-1.948385,0.1360194,6.280481,0.009192999,4.848561,1.71,0.007032203,0.002064702,-0.7603642,-0.003457069,0.0009536743,-0.01534074,1.809
2024_02_10_20_15_45_118,0.6,-0.3141992,242315.0,202925.0,2.270902,-2.011153,0.1360194,6.280481,0.009192831,4.820428,1.71,0.006990028,0.002066663,-0.760383,0.007152557,-0.001370907,0.02672151,1.809
2024_02_10_20_15_45_155,0.6,-0.3141992,242494.0,203075.0,2.276837,-2.075813,0.1360194,6.280481,0.009192753,4.791532,1.71,0.007070613,0.002096825,-0.7603769,0.007152557,0.001892447,8.009373e-05,1.809
2024_02_10_20_15_45_193,0.6,-0.3141992,242668.0,203221.0,2.280817,-2.138911,0.1360196,6.280482,0.009193064,4.763395,1.71,0.006995093,0.002041396,-0.7604235,-0.01120567,-0.0002533197,-0.007630325,1.809
2024_02_10_20_15_45_229,0.6,-0.3141992,242846.0,203370.0,2.283056,-2.203804,0.1360195,6.280481,0.009192996,4.734495,1.71,0.006919087,0.00206386,-0.760419,-0.02193451,-0.007405877,0.03802497,1.809
2024_02_10_20_15_45_268,0.6,-0.3141992,243020.0,203516.0,2.283433,-2.267025,0.1360195,6.280481,0.009193021,4.706361,1.71,0.007037626,0.002081716,-0.7603897,-0.03373623,-0.004410744,-0.003895722,1.809
2024_02_10_20_15_45_301,0.6,-0.3141992,243180.0,203650.0,2.282211,-2.325109,0.1360195,6.280481,0.009193014,4.680508,1.71,0.006997138,0.002076638,-0.7603677,0.001072884,-0.0005364418,0.007678754,1.809
2024_02_10_20_15_45_335,0.6,-0.3141992,243335.0,203780.0,2.27959,-2.381436,0.1360195,6.280481,0.009193244,4.655414,1.71,0.006970762,0.00198744,-0.7604387,0.03027916,0.001072884,-0.007461756,1.809
2024_02_10_20_15_45_372,0.6,-0.3141992,243514.0,203930.0,2.274823,-2.446191,0.1360195,6.280481,0.009192972,4.626518,1.71,0.006972962,0.002076364,-0.7603582,-0.001430511,0.002592802,-0.007476657,1.809
2024_02_10_20_15_45_410,0.6,-0.3141992,243688.0,204076.0,2.268386,-2.509085,0.1360195,6.280481,0.009193142,4.598382,1.71,0.006937228,0.002038109,-0.7604226,0.02324581,-0.0007748603,0.008100644,1.809
2024_02_10_20_15_45_442,0.6,-0.3141992,243843.0,204206.0,2.261153,-2.565008,0.1360195,6.280481,0.009193127,4.573286,1.71,0.007002773,0.002037717,-0.7604086,-0.002145767,-0.005036592,0.03445428,1.809
2024_02_10_20_15_45_479,0.6,-0.3141992,244022.0,204355.0,2.251091,-2.629153,0.1360195,6.280481,0.00919287,4.54439,1.71,0.007005584,0.00208178,-0.7603731,0.00333786,0.001698732,-0.01920015,1.809
2024_02_10_20_15_45_518,0.6,-0.3141992,244196.0,204501.0,2.239515,-2.691307,0.1360196,6.280481,0.009193012,4.516252,1.71,0.006929884,0.001967465,-0.7603948,0.01347065,-0.002473593,0.05342345,1.809
2024_02_10_20_15_45_555,0.6,-0.3141992,244375.0,204651.0,2.22581,-2.754778,0.1360194,6.280481,0.009192716,4.487357,1.71,0.007054803,0.002157728,-0.7603343,-0.007152557,0.005125999,-0.05364418,1.809
2024_02_10_20_15_45_592,0.6,-0.3141992,244549.0,204797.0,2.210711,-2.816171,0.1360195,6.280481,0.009192964,4.459221,1.71,0.006992655,0.00210127,-0.7603793,-0.002145767,-0.002026558,-0.007540918,1.809
2024_02_10_20_15_45_625,0.6,-0.3141992,244708.0,204931.0,2.195317,-2.872195,0.1360195,6.280481,0.009193026,4.433366,1.71,0.006973969,0.002035503,-0.7604318,-0.0007152557,-0.003576278,0.01927931,1.809
2024_02_10_20_15_45_663,0.6,-0.3141992,244882.0,205077.0,2.176926,-2.932684,0.1360195,6.280481,0.009192858,4.405231,1.71,0.007008581,0.00209748,-0.7603133,0.001549721,0.006794929,-0.05745142,1.809
2024_02_10_20_15_45_701,0.6,-0.3141992,245061.0,205226.0,2.156278,-2.994244,0.1360195,6.280481,0.009193172,4.376331,1.71,0.007010303,0.002037247,-0.7604281,0.006437301,0.004470348,-0.03031175,1.809
2024_02_10_20_15_45_737,0.6,-0.3141992,245235.0,205372.0,2.13447,-3.053587,0.1360195,6.280481,0.009192878,4.348195,1.71,0.006999769,0.002091978,-0.7603524,-0.02372265,-0.003874302,0.01897197,1.809
2024_02_10_20_15_45_776,0.6,-0.3141992,245414.0,205522.0,2.110344,-3.113872,0.1360195,6.280481,0.009192871,4.319294,1.71,0.007014484,0.002097746,-0.7603569,-0.01454353,-0.006020069,0.02261903,1.809
2024_02_10_20_15_45_813,0.6,-0.3141992,245588.0,205668.0,2.085188,-3.171875,0.1360194,6.280481,0.009192984,4.291156,1.71,0.006954099,0.002038375,-0.7603729,0.02264976,0.01060963,-0.05721021,1.809
2024_02_10_20_15_45_851,0.6,-0.3141992,245766.0,205817.0,2.057664,-3.230684,0.1360194,6.280481,0.009193084,4.26226,1.71,0.00697281,0.002022615,-0.7604319,-0.0003576278,-0.0003576278,0.03459398,1.809
2024_02_10_20_15_45_888,0.6,-0.3141992,245941.0,205963.0,2.029241,-3.287159,0.1360195,6.280481,0.009192932,4.234125,1.71,0.006975707,0.002083924,-0.7603934,0.01120567,0.007271766,-0.03417768,1.809
2024_02_10_20_15_45_921,0.6,-0.3141992,246097.0,206093.0,2.002561,-3.336837,0.1360195,6.280481,0.009192887,4.20903,1.71,0.00699226,0.002046935,-0.7604215,0.02288818,0.009298325,-0.08034333,1.809
2024_02_10_20_15_45_954,0.6,-0.3141992,246257.0,206227.0,1.973777,-3.387302,0.1360195,6.280481,0.009193064,4.183176,1.71,0.006931103,0.001986574,-0.7604806,-0.02360344,-0.007867813,0.06109103,1.809
2024_02_10_20_15_45_994,0.6,-0.3141992,246432.0,206373.0,1.940982,-3.441355,0.1360194,6.280481,0.00919287,4.15504,1.71,0.007009007,0.002049321,-0.7603297,-0.03409386,-0.003397465,0.04193931,1.809
2024_02_10_20_15_46_030,0.6,-0.3141992,246611.0,206523.0,1.905732,-3.495884,0.1360195,6.280481,0.00919288,4.126145,1.71,0.007062678,0.002047014,-0.760379,-0.0001192093,0.0007748603,0.01145806,1.809
2024_02_10_20_15_46_067,0.6,-0.3141992,246785.0,206668.0,1.86991,-3.54798,0.1360195,6.280481,0.009193038,4.098008,1.71,0.007026344,0.001997207,-0.7603623,0.05900859,0.01561642,-0.09152479,1.809
2024_02_10_20_15_46_100,0.6,-0.3141992,246946.0,206802.0,1.835712,-3.594947,0.1360194,6.280481,0.009192864,4.072154,1.71,0.006954606,0.002122364,-0.7604083,-0.0371933,-0.01043081,0.06500445,1.809
2024_02_10_20_15_46_138,0.6,-0.3141992,247120.0,206948.0,1.797131,-3.645033,0.1360195,6.280481,0.009193039,4.044018,1.71,0.007004893,0.002020875,-0.7604365,0.004768372,0.0,-0.003766268,1.809
2024_02_10_20_15_46_176,0.6,-0.3141992,247299.0,207098.0,1.756056,-3.695322,0.1360196,6.280481,0.009193015,4.015122,1.71,0.007076178,0.002047529,-0.760393,-0.01144409,0.003099441,-0.03047939,1.809
2024_02_10_20_15_46_213,0.6,-0.3141992,247474.0,207244.0,1.714681,-3.743126,0.1360194,6.280481,0.009192852,3.986986,1.71,0.007013683,0.00207724,-0.7604964,0.009179115,0.005602836,-0.0573527,1.809
2024_02_10_20_15_46_246,0.6,-0.3141992,247630.0,207374.0,1.676657,-3.784768,0.1360195,6.280481,0.009192936,3.961891,1.71,0.006894844,0.002105564,-0.7604293,-0.06556511,-0.0257492,0.1604389,1.809
2024_02_10_20_15_46_284,0.6,-0.3141992,247809.0,207524.0,1.631593,-3.831517,0.1360195,6.280481,0.009192965,3.932993,1.71,0.006859572,0.002082323,-0.760518,-0.02610683,-0.01084804,0.04583783,1.809
2024_02_10_20_15_46_317,0.6,-0.3141992,247964.0,207654.0,1.591379,-3.871047,0.1360195,6.280481,0.009192881,3.907896,1.71,0.006994274,0.002069489,-0.7604126,0.01883507,0.01138449,-0.06853789,1.809
2024_02_10_20_15_46_351,0.6,-0.3141992,248125.0,207788.0,1.548921,-3.910704,0.1360195,6.280481,0.009193005,3.882041,1.71,0.007003633,0.002063509,-0.7604006,0.01871586,0.006854534,-0.06862357,1.809
2024_02_10_20_15_46_388,0.6,-0.3141992,248299.0,207933.0,1.50157,-3.952597,0.1360195,6.280481,0.009193197,3.853904,1.71,0.006944372,0.002034991,-0.7604862,-0.01263618,-0.007092952,0.01916289,1.809
2024_02_10_20_15_46_426,0.6,-0.3141992,248479.0,208083.0,1.451731,-3.99422,0.1360196,6.280481,0.009193084,3.825008,1.71,0.00694658,0.002014601,-0.7603751,-0.007390975,-0.001788139,0.003742985,1.809
2024_02_10_20_15_46_463,0.6,-0.3141992,248653.0,208229.0,1.402068,-4.033347,0.1360195,6.280481,0.009192957,3.796871,1.71,0.006988256,0.002079466,-0.7603931,0.002145767,-0.000655651,-0.003892928,1.809
2024_02_10_20_15_46_502,0.6,-0.3141992,248832.0,208379.0,1.34994,-4.07206,0.1360195,6.280481,0.009192969,3.767973,1.71,0.00695223,0.002071913,-0.760343,-0.01907349,-0.003635883,-0.00406336,1.809
2024_02_10_20_15_46_537,0.6,-0.3141992,249007.0,208524.0,1.298128,-4.108293,0.1360196,6.280481,0.009193228,3.739836,1.71,0.006985721,0.002024756,-0.7603918,-0.04100799,-0.004649162,-0.011703,1.809
2024_02_10_20_15_46_576,0.6,-0.3141992,249186.0,208674.0,1.243876,-4.143972,0.1360194,6.280481,0.009192992,3.71094,1.71,0.007074963,0.002030138,-0.7603511,-0.0004768371,-0.001251697,0.04213303,1.809
2024_02_10_20_15_46_610,0.6,-0.3141992,249342.0,208804.0,1.195944,-4.173674,0.1360194,6.280481,0.009192958,3.685844,1.71,0.007021073,0.002082537,-0.7604132,-0.01990795,-0.005662441,0.05369447,1.809
2024_02_10_20_15_46_647,0.6,-0.3141992,249516.0,208950.0,1.141334,-4.205534,0.1360195,6.280481,0.009192767,3.657708,1.71,0.007055156,0.002092018,-0.760351,0.006914138,-0.001549721,0.03054831,1.809
2024_02_10_20_15_46_680,0.6,-0.3141992,249677.0,209084.0,1.09038,-4.233446,0.1360195,6.280481,0.009192876,3.631853,1.71,0.00701958,0.002084544,-0.7603649,-0.006437301,0.0002384186,0.01524947,1.809
2024_02_10_20_15_46_718,0.6,-0.3141992,249851.0,209230.0,1.034129,-4.262312,0.1360195,6.280481,0.009193001,3.603717,1.71,0.006957435,0.00201607,-0.7604227,0.01597404,-0.0004172325,0.00395067,1.809
2024_02_10_20_15_46_755,0.6,-0.3141992,250030.0,209379.0,0.9755374,-4.290299,0.1360195,6.280481,0.009192821,3.574821,1.71,0.006950959,0.002014741,-0.7603988,-0.007867813,-0.002741813,0.03796723,1.809
2024_02_10_20_15_46_787,0.6,-0.3141992,250186.0,209510.0,0.9240165,-4.313221,0.1360194,6.280481,0.009192808,3.549727,1.71,0.00700126,0.002130209,-0.7604279,-0.04827976,-0.01198053,0.05327072,1.809
2024_02_10_20_15_46_826,0.6,-0.3141992,250365.0,209659.0,0.8640003,-4.338006,0.1360195,6.280481,0.009192927,3.520829,1.71,0.007000752,0.002071427,-0.7603703,-0.01060963,-0.008940697,0.06874837,1.809
2024_02_10_20_15_46_863,0.6,-0.3141992,250540.0,209805.0,0.8048978,-4.360462,0.1360195,6.280481,0.009193033,3.492692,1.71,0.006956935,0.002029421,-0.7603555,0.008583069,-0.004887581,0.05329959,1.809
2024_02_10_20_15_46_896,0.6,-0.3141992,250695.0,209935.0,0.7516709,-4.379081,0.1360195,6.280481,0.009192876,3.467597,1.71,0.006959419,0.002073153,-0.7603561,0.002741813,-0.002145767,0.01895893,1.809
2024_02_10_20_15_46_934,0.6,-0.3141992,250875.0,210085.0,0.6898229,-4.398859,0.1360196,6.280481,0.009193225,3.4387,1.71,0.007017462,0.00199749,-0.7604042,0.01907349,0.004976987,-0.02278387,1.809
2024_02_10_20_15_46_971,0.6,-0.3141992,251049.0,210231.0,0.6290788,-4.416391,0.1360195,6.280481,0.009193134,3.410565,1.71,0.006888343,0.002078264,-0.7605302,-0.02741813,-0.009417534,0.02670288,1.809
2024_02_10_20_15_47_004,0.6,-0.3141992,251210.0,210365.0,0.5728445,-4.430989,0.1360195,6.280481,0.009193156,3.38471,1.71,0.007055306,0.002022831,-0.7604166,0.001549721,0.00667572,-0.04193745,1.809
2024_02_10_20_15_47_043,0.6,-0.3141992,251384.0,210510.0,0.5112426,-4.445217,0.1360195,6.280481,0.009193074,3.356574,1.71,0.007003515,0.002103094,-0.7604005,0.0,-0.001057982,-0.00378862,1.809
2024_02_10_20_15_47_080,0.6,-0.3141992,251563.0,210660.0,0.4475851,-4.45802,0.1360195,6.280481,0.009193034,3.327678,1.71,0.0069889,0.002005691,-0.7603879,0.001549721,-0.001221895,0.02295244,1.809
2024_02_10_20_15_47_117,0.6,-0.3141992,251738.0,210806.0,0.385272,-4.468714,0.1360195,6.280481,0.009192972,3.299541,1.71,0.006913275,0.002050841,-0.7604098,-0.0193119,-0.004425645,-0.0001909211,1.809
2024_02_10_20_15_47_155,0.6,-0.3141992,251917.0,210956.0,0.3209877,-4.477868,0.1360195,6.280481,0.009193081,3.270644,1.71,0.006995548,0.001944477,-0.7604,-0.0193119,-0.004410744,0.04953704,1.809
2024_02_10_20_15_47_188,0.6,-0.3141992,252073.0,211086.0,0.2649665,-4.484308,0.1360194,6.280481,0.009192849,3.245549,1.71,0.007004583,0.002033088,-0.7603992,0.03707409,0.004321337,-0.0152532,1.809
2024_02_10_20_15_47_226,0.6,-0.3141992,252247.0,211231.0,0.2019853,-4.489854,0.1360195,6.280481,0.009192905,3.217413,1.71,0.006971479,0.002086858,-0.760447,0.003576278,-0.0005960464,-0.0189906,1.809
2024_02_10_20_15_47_263,0.6,-0.3141992,252427.0,211381.0,0.1371663,-4.493704,0.1360194,6.280481,0.009192935,3.188516,1.71,0.006962602,0.002044159,-0.7604443,0.03063679,0.0001788139,0.01543946,1.809
2024_02_10_20_15_47_301,0.6,-0.3141992,252601.0,211527.0,0.07397167,-4.495651,0.1360195,6.280481,0.009193071,3.160379,1.71,0.007070808,0.002012344,-0.7603813,0.02098083,0.01215935,-0.08006859,1.809
2024_02_10_20_15_47_338,0.6,-0.3141992,252780.0,211677.0,0.009038419,-4.4958,0.1360195,6.280481,0.009193053,3.131483,1.71,0.007057554,0.002031413,-0.7602972,0.03027916,0.01293421,-0.08397269,1.809
2024_02_10_20_15_47_371,0.6,-0.3141992,252936.0,211807.0,-0.04733294,-4.494407,0.1360196,6.280481,0.009193129,3.106389,1.71,0.006910921,0.002043551,-0.7605045,0.00333786,-0.00873208,0.05749426,1.809
2024_02_10_20_15_47_409,0.6,-0.3141992,253115.0,211957.0,-0.1121788,-4.491052,0.1360194,6.280481,0.009193042,3.077492,1.71,0.007009442,0.002059884,-0.760404,0.0191927,0.008821487,-0.05687959,1.809
2024_02_10_20_15_47_446,0.6,-0.3141992,253290.0,212102.0,-0.1751998,-4.485985,0.1360195,6.280481,0.009192821,3.049356,1.71,0.00703624,0.002113319,-0.7603306,-0.0002384186,-0.002026558,0.02679974,1.809
2024_02_10_20_15_47_484,0.6,-0.3141992,253469.0,212252.0,-0.2397493,-4.478938,0.1360195,6.280481,0.009193066,3.020459,1.71,0.006961864,0.002048558,-0.7604542,-0.01704693,-0.006482005,0.04209391,1.809
2024_02_10_20_15_47_517,0.6,-0.3141992,253625.0,212382.0,-0.2956201,-4.471308,0.1360195,6.280481,0.009192841,2.995364,1.71,0.006918657,0.002068245,-0.76045,-0.02145767,-0.008493662,0.05715061,1.809
2024_02_10_20_15_47_555,0.6,-0.3141992,253804.0,212532.0,-0.359695,-4.460789,0.1360194,6.280481,0.009193231,2.966466,1.71,0.006958747,0.001992539,-0.7605249,0.0,-0.00295043,0.01571141,1.809
2024_02_10_20_15_47_593,0.6,-0.3141992,253978.0,212678.0,-0.4217671,-4.448771,0.1360194,6.280481,0.00919294,2.93833,1.71,0.006967972,0.002112535,-0.7604675,-0.02098083,-0.0005066395,-0.02265163,1.809
2024_02_10_20_15_47_625,0.6,-0.3141992,254134.0,212808.0,-0.4768254,-4.436584,0.1360195,6.280481,0.009192911,2.913235,1.71,0.006970418,0.002024285,-0.7604054,-0.02491474,-0.006347894,0.05345698,1.809
2024_02_10_20_15_47_663,0.6,-0.3141992,254313.0,212957.0,-0.539822,-4.420842,0.1360195,6.280481,0.009193032,2.884339,1.71,0.006967767,0.002007382,-0.7604225,0.001072884,-0.004976987,0.03810972,1.809
2024_02_10_20_15_47_696,0.6,-0.3141992,254469.0,213087.0,-0.5941405,-4.405701,0.1360194,6.280481,0.009193022,2.859244,1.71,0.006911778,0.00210608,-0.7605218,-0.0540018,-0.01382828,0.06100162,1.809
2024_02_10_20_15_47_733,0.6,-0.3141992,254648.0,213237.0,-0.6561959,-4.386584,0.1360195,6.280481,0.009192969,2.830348,1.71,0.007031405,0.002061622,-0.7603778,0.01871586,0.004440546,-0.03432017,1.809
2024_02_10_20_15_47_771,0.6,-0.3141992,254823.0,213383.0,-0.7160631,-4.366252,0.1360195,6.280481,0.009193151,2.802212,1.71,0.006986351,0.00201885,-0.7604306,-0.003814697,0.0001788139,-0.01154933,1.809
2024_02_10_20_15_47_804,0.6,-0.3141992,254983.0,213517.0,-0.7705517,-4.346094,0.1360195,6.280481,0.009192939,2.776357,1.71,0.007006414,0.002057841,-0.7603065,0.0141859,0.005424022,-0.0228472,1.809
2024_02_10_20_15_47_842,0.6,-0.3141992,255158.0,213663.0,-0.8292336,-4.322563,0.1360196,6.280481,0.009193142,2.748222,1.71,0.006931427,0.002039624,-0.760464,-0.01382828,-0.006914138,0.04196353,1.809
2024_02_10_20_15_47_880,0.6,-0.3141992,255337.0,213812.0,-0.8887886,-4.29669,0.1360196,6.280481,0.009192987,2.719326,1.71,0.006972708,0.002060141,-0.7603406,-0.000834465,-0.001549721,0.03075693,1.809
2024_02_10_20_15_47_917,0.6,-0.3141992,255511.0,213958.0,-0.9460347,-4.269854,0.1360195,6.280481,0.009192788,2.69119,1.71,0.006989925,0.002070996,-0.7604187,0.01049042,-0.003039837,0.04972051,1.809
2024_02_10_20_15_47_954,0.6,-0.3141992,255691.0,214108.0,-1.004016,-4.240627,0.1360196,6.280481,0.009192949,2.662292,1.71,0.007019386,0.002034502,-0.7603859,0.001549721,-0.0002384186,-0.0001424924,1.809
2024_02_10_20_15_47_992,0.6,-0.3141992,255865.0,214254.0,-1.059639,-4.21057,0.1360195,6.280481,0.009192985,2.634155,1.71,0.007064736,0.002051324,-0.7603875,0.008702278,-0.003755092,0.03082398,1.809
2024_02_10_20_15_48_030,0.6,-0.3141992,256044.0,214404.0,-1.115861,-4.178085,0.1360194,6.280481,0.009192945,2.605259,1.71,0.006975979,0.002083462,-0.7604899,0.000834465,0.002920627,-0.04203338,1.809
2024_02_10_20_15_48_067,0.6,-0.3141992,256219.0,214549.0,-1.169679,-4.144905,0.1360195,6.280481,0.009193002,2.577125,1.71,0.006989919,0.002036242,-0.760475,-0.01060963,-0.00500679,0.03826618,1.809
2024_02_10_20_15_48_105,0.6,-0.3141992,256398.0,214699.0,-1.223959,-4.109268,0.1360195,6.280481,0.009192965,2.548231,1.71,0.007043739,0.002036773,-0.7603899,0.02551079,0.007629394,-0.0380734,1.809
2024_02_10_20_15_48_143,0.6,-0.3141992,256573.0,214845.0,-1.2758,-4.073077,0.1360194,6.280481,0.009193093,2.520097,1.71,0.007029777,0.00204385,-0.7603668,0.01215935,0.008583069,-0.07247925,1.809
2024_02_10_20_15_48_180,0.6,-0.3141992,256752.0,214995.0,-1.32796,-4.034404,0.1360195,6.280481,0.009192782,2.491204,1.71,0.007024993,0.002091292,-0.760363,0.001549721,0.00244379,-0.01168717,1.809
2024_02_10_20_15_48_217,0.6,-0.3141992,256926.0,215140.0,-1.377654,-3.995318,0.1360194,6.280482,0.009193004,2.463066,1.71,0.007066689,0.002060509,-0.7603675,-0.01430511,0.0009536743,0.0001387671,1.809
2024_02_10_20_15_48_250,0.6,-0.3141992,257082.0,215270.0,-1.421031,-3.95929,0.1360195,6.280481,0.00919311,2.437973,1.71,0.007080102,0.002071202,-0.7603567,-0.035882,-0.006318092,0.007538124,1.809
2024_02_10_20_15_48_287,0.6,-0.3141992,257261.0,215420.0,-1.469843,-3.916468,0.1360195,6.280481,0.009192874,2.40908,1.71,0.007084854,0.002011141,-0.760361,0.01716614,0.01430511,-0.0917809,1.809
2024_02_10_20_15_48_325,0.6,-0.3141992,257436.0,215566.0,-1.516163,-3.873437,0.1360196,6.280481,0.009193107,2.380943,1.71,0.007020456,0.00198843,-0.760443,0.01275539,0.003099441,-0.0227727,1.809
2024_02_10_20_15_48_359,0.6,-0.3141992,257596.0,215700.0,-1.557644,-3.83276,0.1360194,6.280481,0.009192851,2.355091,1.71,0.006993243,0.002126912,-0.7603485,-0.03051758,-0.00500679,0.01133513,1.809
2024_02_10_20_15_48_396,0.6,-0.3141992,257771.0,215846.0,-1.601574,-3.787291,0.1360195,6.280481,0.009193006,2.326953,1.71,0.006947771,0.002060582,-0.7604311,-0.04565715,-0.01370907,0.09522959,1.809
2024_02_10_20_15_48_435,0.6,-0.3141992,257950.0,215995.0,-1.645341,-3.739326,0.1360195,6.280481,0.009193019,2.298057,1.71,0.007018025,0.002029062,-0.760407,-0.003099441,0.006139278,-0.06113201,1.809
2024_02_10_20_15_48_471,0.6,-0.3141992,258124.0,216141.0,-1.686608,-3.691427,0.1360194,6.280481,0.009192881,2.269922,1.71,0.007019232,0.002046813,-0.7604042,0.002980232,-0.0001788139,0.003801659,1.809
2024_02_10_20_15_48_509,0.6,-0.3141992,258304.0,216291.0,-1.727571,-3.641045,0.1360196,6.280481,0.009192947,2.241025,1.71,0.006944011,0.002089048,-0.7603817,-0.004768372,-0.008702278,0.06504357,1.809
2024_02_10_20_15_48_542,0.6,-0.3141992,258459.0,216421.0,-1.76195,-3.596349,0.1360195,6.280481,0.009193014,2.215929,1.71,0.006987435,0.002032317,-0.7604459,0.01466274,0.002264977,-0.01902319,1.809
2024_02_10_20_15_48_580,0.6,-0.3141992,258634.0,216567.0,-1.799149,-3.545227,0.1360195,6.280481,0.009193004,2.187795,1.71,0.007022891,0.002039651,-0.7602961,0.0004768371,-0.004053116,0.04575494,1.809
2024_02_10_20_15_48_613,0.6,-0.3141992,258794.0,216701.0,-1.83205,-3.497345,0.1360195,6.280481,0.009193125,2.161941,1.71,0.007034568,0.002020096,-0.7604915,-0.01049042,-0.004827976,0.00754185,1.809
2024_02_10_20_15_48_650,0.6,-0.3141992,258969.0,216847.0,-1.866437,-3.44429,0.1360195,6.280481,0.00919296,2.133806,1.71,0.007033863,0.002056473,-0.7603945,-0.01382828,-0.007390975,0.03436394,1.809
2024_02_10_20_15_48_687,0.6,-0.3141992,259148.0,216996.0,-1.900183,-3.388817,0.1360195,6.280481,0.009193067,2.104911,1.71,0.007019314,0.002038277,-0.7603605,0.004291534,0.006914138,-0.0612894,1.809
2024_02_10_20_15_48_721,0.6,-0.3141992,259304.0,217126.0,-1.92818,-3.33987,0.1360196,6.280481,0.009193137,2.079818,1.71,0.007021838,0.002019065,-0.7603895,0.003814697,-0.003695488,0.04212372,1.809
2024_02_10_20_15_48_754,0.6,-0.3141992,259459.0,217256.0,-1.954939,-3.290236,0.1360196,6.280481,0.009193056,2.054721,1.71,0.00699184,0.00201527,-0.7603354,0.01192093,-0.001251697,0.02281088,1.809
2024_02_10_20_15_48_792,0.6,-0.3141992,259639.0,217406.0,-1.984196,-3.232269,0.1360195,6.280481,0.009192941,2.025829,1.71,0.006985144,0.002071203,-0.7603735,-0.03480911,-0.005543231,0.02646446,1.809
2024_02_10_20_15_48_830,0.6,-0.3141992,259813.0,217552.0,-2.011063,-3.175039,0.1360194,6.280481,0.009192936,1.997697,1.71,0.007121345,0.002076882,-0.7603596,0.007152557,0.006914138,-0.05717668,1.809
2024_02_10_20_15_48_863,0.6,-0.3141992,259973.0,217686.0,-2.034325,-3.121801,0.1360194,6.280481,0.009192734,1.97184,1.71,0.00699959,0.002069973,-0.7603405,0.0231266,0.00539422,0.0002514571,1.809
2024_02_10_20_15_48_900,0.6,-0.3141992,260148.0,217832.0,-2.058064,-3.063203,0.1360195,6.280481,0.009192817,1.943704,1.71,0.006925136,0.002032354,-0.7604069,0.009536743,-0.004172325,0.0801878,1.809
2024_02_10_20_15_48_934,0.6,-0.3141992,260308.0,217966.0,-2.078419,-3.008788,0.1360195,6.280481,0.009192918,1.917853,1.71,0.006973328,0.002015358,-0.7604384,0.01549721,0.0004172325,0.01918338,1.809
2024_02_10_20_15_48_971,0.6,-0.3141992,260483.0,218111.0,-2.098962,-2.948995,0.1360195,6.280481,0.009193059,1.889723,1.71,0.007040109,0.001980082,-0.7604128,0.002145767,-0.001966953,0.01138355,1.809
2024_02_10_20_15_49_009,0.6,-0.3141992,260662.0,218261.0,-2.118303,-2.88701,0.1360195,6.280481,0.009193094,1.860825,1.71,0.006917628,0.002054669,-0.7604699,-0.03373623,-0.01332164,0.07249322,1.809
2024_02_10_20_15_49_046,0.6,-0.3141992,260837.0,218407.0,-2.135405,-2.826143,0.1360195,6.280481,0.009192925,1.832689,1.71,0.0071291,0.002056909,-0.7603105,-0.01263618,-0.001877546,0.01514051,1.809
2024_02_10_20_15_49_084,0.6,-0.3141992,261016.0,218557.0,-2.151181,-2.763158,0.1360194,6.280481,0.009193098,1.803793,1.71,0.00696726,0.002031258,-0.7604509,0.002980232,0.002726912,-0.0305511,1.809
2024_02_10_20_15_49_117,0.6,-0.3141992,261171.0,218687.0,-2.1634,-2.70811,0.1360194,6.280481,0.009192939,1.778697,1.71,0.007026311,0.002062839,-0.760358,0.006198883,0.005558133,-0.01889095,1.809
2024_02_10_20_15_49_154,0.6,-0.3141992,261346.0,218833.0,-2.175454,-2.646048,0.1360195,6.280481,0.009193031,1.750561,1.71,0.006996742,0.002139523,-0.7604182,-0.05185604,-0.00834465,0.01522899,1.809
2024_02_10_20_15_49_192,0.6,-0.3141992,261525.0,218982.0,-2.186008,-2.581981,0.1360196,6.280481,0.009193107,1.721667,1.71,0.00693784,0.002094406,-0.7604483,-0.04565715,-0.01682341,0.08776783,1.809
2024_02_10_20_15_49_230,0.6,-0.3141992,261700.0,219128.0,-2.194503,-2.519332,0.1360195,6.280481,0.009192987,1.693532,1.71,0.007010696,0.00202655,-0.7603762,0.005960464,0.000745058,0.007729046,1.809
2024_02_10_20_15_49_267,0.6,-0.3141992,261879.0,219278.0,-2.20139,-2.454766,0.1360195,6.280482,0.00919312,1.664634,1.71,0.006938358,0.002047358,-0.7603481,-0.02717972,-0.001445413,0.01913402,1.809
2024_02_10_20_15_49_304,0.6,-0.3141992,262054.0,219424.0,-2.206299,-2.391733,0.1360195,6.280481,0.00919293,1.636498,1.71,0.006960747,0.002032603,-0.7603288,0.00500679,0.001773238,-0.01154933,1.809
2024_02_10_20_15_49_342,0.6,-0.3141992,262233.0,219573.0,-2.209493,-2.32688,0.1360194,6.280481,0.009192783,1.607601,1.71,0.007022839,0.002095493,-0.7603838,-0.02288818,-0.002741813,0.01895428,1.809
2024_02_10_20_15_49_380,0.6,-0.3141992,262407.0,219719.0,-2.210802,-2.263672,0.1360195,6.280481,0.009192821,1.579464,1.71,0.006997672,0.002020013,-0.7603982,0.003218651,0.001698732,0.01133699,1.809
2024_02_10_20_15_49_413,0.6,-0.3141992,262568.0,219853.0,-2.210436,-2.205577,0.1360195,6.280481,0.009192924,1.553608,1.71,0.006905169,0.002004199,-0.7604278,0.01335144,0.003650784,0.007755123,1.809
2024_02_10_20_15_49_450,0.6,-0.3141992,262742.0,219999.0,-2.208334,-2.142389,0.1360195,6.280481,0.009193022,1.525475,1.71,0.007088478,0.002106874,-0.7603464,-0.02193451,-0.006526708,0.007355585,1.809
2024_02_10_20_15_49_488,0.6,-0.3141992,262921.0,220149.0,-2.204323,-2.077582,0.1360195,6.280481,0.009193037,1.496579,1.71,0.006953264,0.002072855,-0.7603986,-0.02276897,-0.003159046,0.003811903,1.809
2024_02_10_20_15_49_520,0.6,-0.3141992,263077.0,220279.0,-2.199322,-2.021415,0.1360194,6.280481,0.009192885,1.471484,1.71,0.006984442,0.002034522,-0.760354,-0.005483627,0.00283122,0.01135468,1.809
2024_02_10_20_15_49_559,0.6,-0.3141992,263252.0,220424.0,-2.192041,-1.958614,0.1360195,6.280481,0.009192924,1.443348,1.71,0.006949776,0.002086394,-0.7603499,0.005125999,-0.002771616,0.00766199,1.809
2024_02_10_20_15_49_592,0.6,-0.3141992,263412.0,220558.0,-2.183795,-1.901106,0.1360195,6.280481,0.009192948,1.417494,1.71,0.006922477,0.002141718,-0.7604227,-0.02813339,-0.01692772,0.107063,1.809
2024_02_10_20_15_49_625,0.6,-0.3141992,263568.0,220688.0,-2.174374,-1.845511,0.1360195,6.280481,0.009193226,1.392399,1.71,0.007062131,0.002020796,-0.7603986,0.02396107,0.01358986,-0.1026895,1.809
2024_02_10_20_15_49_663,0.6,-0.3141992,263747.0,220838.0,-2.1618,-1.78181,0.1360196,6.280481,0.009192856,1.363504,1.71,0.006975072,0.00204119,-0.7603706,0.0191927,0.003814697,-0.01554005,1.809
2024_02_10_20_15_49_700,0.6,-0.3141992,263921.0,220984.0,-2.147795,-1.720158,0.1360194,6.280481,0.009192997,1.335368,1.71,0.00698689,0.002049393,-0.7604327,-0.02217293,0.0007748603,3.352761e-05,1.809
2024_02_10_20_15_49_738,0.6,-0.3141992,264101.0,221134.0,-2.131611,-1.657277,0.1360194,6.280481,0.009193046,1.306472,1.71,0.006941239,0.002113288,-0.7604303,-0.01609325,-0.006496906,0.01541339,1.809
2024_02_10_20_15_49_775,0.6,-0.3141992,264275.0,221280.0,-2.114115,-1.596524,0.1360195,6.280481,0.009192989,1.278338,1.71,0.006929444,0.002084413,-0.7604235,-0.02253055,-0.008165836,0.01139007,1.809
2024_02_10_20_15_49_813,0.6,-0.3141992,264454.0,221429.0,-2.094373,-1.534668,0.1360194,6.280481,0.009192966,1.249441,1.71,0.00700742,0.002069157,-0.7603908,-0.01192093,-0.005722045,0.04197284,1.809
2024_02_10_20_15_49_846,0.6,-0.3141992,264610.0,221559.0,-2.075784,-1.481431,0.1360194,6.280481,0.009192956,1.224344,1.71,0.006983183,0.002062303,-0.7604262,0.01955032,0.004470348,-0.03416277,1.809
2024_02_10_20_15_49_883,0.6,-0.3141992,264785.0,221705.0,-2.053362,-1.422319,0.1360194,6.280481,0.009192969,1.196206,1.71,0.006977302,0.002068428,-0.7603646,-0.04553794,-0.006437301,0.02656784,1.809
2024_02_10_20_15_49_921,0.6,-0.3141992,264964.0,221855.0,-2.028613,-1.36229,0.1360195,6.280481,0.00919304,1.167307,1.71,0.007020326,0.002013132,-0.7603998,0.0002384186,0.0008940696,-0.01921318,1.809
2024_02_10_20_15_49_958,0.6,-0.3141992,265138.0,222001.0,-2.002855,-1.304552,0.1360195,6.280481,0.009193039,1.13917,1.71,0.006909276,0.001994695,-0.7604344,0.02086162,0.00423193,-0.007328577,1.809
2024_02_10_20_15_49_996,0.6,-0.3141992,265318.0,222150.0,-1.974723,-1.246031,0.1360195,6.280481,0.00919298,1.110272,1.71,0.006988719,0.002071977,-0.7604112,-0.009298325,-0.007033348,0.05361344,1.809
2024_02_10_20_15_50_033,0.6,-0.3141992,265492.0,222296.0,-1.945719,-1.189856,0.1360194,6.280481,0.009192711,1.082134,1.71,0.0070672,0.002085315,-0.7602616,0.01072884,0.010252,-0.05763396,1.809
2024_02_10_20_15_50_070,0.6,-0.3141992,265671.0,222446.0,-1.914298,-1.133035,0.1360195,6.280481,0.009192948,1.053239,1.71,0.006946262,0.002030683,-0.7603691,-0.006437301,0.0001788139,0.003639608,1.809
2024_02_10_20_15_50_104,0.6,-0.3141992,265827.0,222576.0,-1.885689,-1.084445,0.1360195,6.280481,0.009192997,1.028146,1.71,0.00703229,0.001992717,-0.7603422,0.02753734,0.003874302,-0.01152325,1.809
2024_02_10_20_15_50_142,0.6,-0.3141992,266006.0,222726.0,-1.851247,-1.029403,0.1360195,6.280481,0.009193046,0.9992489,1.71,0.006993838,0.001955593,-0.7604114,0.04231929,0.01013279,-0.03822427,1.809
2024_02_10_20_15_50_180,0.6,-0.3141992,266181.0,222871.0,-1.816197,-0.9767864,0.1360195,6.280481,0.009193212,0.9711121,1.71,0.007016276,0.001991296,-0.7604626,0.001907349,-0.002741813,0.03076903,1.809
2024_02_10_20_15_50_217,0.6,-0.3141992,266360.0,223021.0,-1.778674,-0.9237968,0.1360195,6.280481,0.00919309,0.9422157,1.71,0.006980072,0.002086296,-0.7604781,-0.04315376,-0.01055002,0.03437977,1.809
2024_02_10_20_15_50_254,0.6,-0.3141992,266534.0,223167.0,-1.740681,-0.873264,0.1360194,6.280481,0.009193066,0.9140789,1.71,0.00704797,0.002028444,-0.7603744,-0.002622604,0.0103116,-0.05721673,1.809
2024_02_10_20_15_50_288,0.6,-0.3141992,266695.0,223301.0,-1.704529,-0.8277878,0.1360194,6.280481,0.009192958,0.8882244,1.71,0.007102876,0.002063454,-0.7603242,-0.008702278,0.007092952,-0.03799424,1.809
2024_02_10_20_15_50_325,0.6,-0.3141992,266869.0,223447.0,-1.663865,-0.7793794,0.1360195,6.280481,0.009193067,0.8600881,1.71,0.00696399,0.002060531,-0.7603936,0.02121925,0.009655952,-0.06842148,1.809
2024_02_10_20_15_50_363,0.6,-0.3141992,267049.0,223596.0,-1.6207,-0.7308738,0.1360195,6.280481,0.009192954,0.8311928,1.71,0.006993459,0.002041734,-0.7604254,0.01895428,0.003993511,-0.03426615,1.809
2024_02_10_20_15_50_400,0.6,-0.3141992,267223.0,223742.0,-1.577341,-0.6848619,0.1360194,6.280481,0.009192885,0.8030571,1.71,0.007003288,0.002075983,-0.7604412,0.03111362,0.007629394,-0.06862544,1.809
2024_02_10_20_15_50_438,0.6,-0.3141992,267402.0,223892.0,-1.531483,-0.6388949,0.1360194,6.280481,0.00919294,0.7741575,1.71,0.006957599,0.00206339,-0.7603972,0.004529953,-0.007510185,0.04976149,1.809
2024_02_10_20_15_50_471,0.6,-0.3141992,267558.0,224022.0,-1.490594,-0.6000654,0.1360195,6.280481,0.009192936,0.7490615,1.71,0.006932405,0.002039081,-0.7604808,-0.00667572,-0.003933907,0.007659196,1.809
2024_02_10_20_15_50_507,0.6,-0.3141992,267733.0,224168.0,-1.443607,-0.5577649,0.1360195,6.280481,0.009193006,0.7209241,1.71,0.00696741,0.001992464,-0.7604304,-0.005841255,-0.003039837,0.05739461,1.809
2024_02_10_20_15_50_545,0.6,-0.3141992,267912.0,224318.0,-1.394132,-0.5157156,0.1360195,6.280481,0.009192901,0.6920261,1.71,0.00698253,0.002021135,-0.7604103,0.007152557,0.003814697,-0.003601424,1.809
2024_02_10_20_15_50_579,0.6,-0.3141992,268067.0,224448.0,-1.350198,-0.4803715,0.1360195,6.280481,0.009192993,0.6669306,1.71,0.007045764,0.002059918,-0.7604274,0.005602836,-0.001907349,0.01550838,1.809
2024_02_10_20_15_50_617,0.6,-0.3141992,268247.0,224597.0,-1.298525,-0.4410532,0.1360195,6.280481,0.009192917,0.6380321,1.71,0.006909297,0.002064218,-0.7605035,-0.001907349,-0.004589558,0.01509581,1.809
2024_02_10_20_15_50_654,0.6,-0.3141992,268421.0,224743.0,-1.247141,-0.4042192,0.1360195,6.280481,0.009192907,0.6098942,1.71,0.006949706,0.002029474,-0.7604626,-0.01382828,-0.007748603,0.06484054,1.809
2024_02_10_20_15_50_688,0.6,-0.3141992,268582.0,224877.0,-1.199027,-0.371659,0.1360194,6.280481,0.009192929,0.5840376,1.71,0.006947295,0.002025158,-0.7605336,-0.003576278,-0.004351139,0.03060791,1.809
2024_02_10_20_15_50_725,0.6,-0.3141992,268756.0,225023.0,-1.145728,-0.3376522,0.1360195,6.280481,0.009192689,0.5559008,1.71,0.006953862,0.002087824,-0.7604555,-0.01132488,-0.00578165,0.04977081,1.809
2024_02_10_20_15_50_762,0.6,-0.3141992,268935.0,225173.0,-1.090016,-0.304301,0.1360195,6.280481,0.009192723,0.5270023,1.71,0.006978021,0.002063971,-0.760435,0.02276897,0.007748603,-0.03046728,1.809
2024_02_10_20_15_50_800,0.6,-0.3141992,269110.0,225318.0,-1.034866,-0.2733878,0.1360194,6.280481,0.009192809,0.4988649,1.71,0.007098983,0.002023768,-0.7604337,0.02837181,0.00923872,-0.03801193,1.809
2024_02_10_20_15_50_835,0.6,-0.3141992,269265.0,225448.0,-0.9849609,-0.2471349,0.1360195,6.280481,0.009192814,0.4737694,1.71,0.006940925,0.002039699,-0.7604735,-0.002980232,-0.003218651,0.02275593,1.809
2024_02_10_20_15_50_867,0.6,-0.3141992,269426.0,225582.0,-0.9328713,-0.2214052,0.1360195,6.280481,0.009192898,0.4479133,1.71,0.006966056,0.002036985,-0.7604952,0.01323223,-0.001788139,0.003897585,1.809
2024_02_10_20_15_50_904,0.6,-0.3141992,269600.0,225728.0,-0.8754501,-0.1949457,0.1360194,6.280481,0.009192876,0.4197749,1.71,0.006926489,0.002066221,-0.7605189,-0.04053115,-0.008314848,0.03051106,1.809
2024_02_10_20_15_50_938,0.6,-0.3141992,269756.0,225858.0,-0.8236271,-0.1727175,0.1360195,6.280481,0.009192729,0.3946778,1.71,0.006981747,0.002063972,-0.7603847,-0.0191927,-0.001132488,0.003759749,1.809
2024_02_10_20_15_50_975,0.6,-0.3141992,269935.0,226008.0,-0.7632836,-0.148742,0.1360195,6.280481,0.009193002,0.3657782,1.71,0.006963607,0.002018077,-0.7604282,-0.004768372,0.001758337,-0.01914985,1.809
2024_02_10_20_15_51_013,0.6,-0.3141992,270110.0,226154.0,-0.7038852,-0.1270827,0.1360194,6.280481,0.009192687,0.3376409,1.71,0.006949313,0.002093317,-0.7604586,-0.01049042,-0.008761883,0.06484706,1.809
2024_02_10_20_15_51_050,0.6,-0.3141992,270289.0,226304.0,-0.6422721,-0.1065865,0.1360195,6.280481,0.009192845,0.3087424,1.71,0.00701989,0.002032227,-0.7604284,0.03492832,0.005543231,-0.02288166,1.809
2024_02_10_20_15_51_083,0.6,-0.3141992,270445.0,226434.0,-0.588305,-0.09023757,0.1360195,6.280481,0.00919288,0.2836458,1.71,0.00696569,0.002066638,-0.760437,-0.002741813,0.0002682209,-0.01913123,1.809
2024_02_10_20_15_51_121,0.6,-0.3141992,270624.0,226583.0,-0.5256758,-0.07309638,0.1360194,6.280481,0.009192859,0.2547484,1.71,0.006978517,0.002112772,-0.7604129,0.002026558,-0.001221895,-8.381903e-06,1.809
2024_02_10_20_15_51_159,0.6,-0.3141992,270798.0,226729.0,-0.4642435,-0.05815188,0.1360195,6.280481,0.009192786,0.226611,1.71,0.007040372,0.0020526,-0.760385,-0.01299381,-0.002935529,0.02261437,1.809
2024_02_10_20_15_51_196,0.6,-0.3141992,270978.0,226879.0,-0.4007386,-0.04460862,0.1360194,6.280481,0.009193044,0.197712,1.71,0.006963713,0.002107169,-0.760524,-0.02276897,-0.005587935,-0.01519173,1.809
2024_02_10_20_15_51_234,0.6,-0.3141992,271152.0,227025.0,-0.3385544,-0.03319014,0.1360195,6.280481,0.009192903,0.1695736,1.71,0.006973233,0.002034736,-0.7604233,-0.02026558,-0.001102686,-0.004107133,1.809
2024_02_10_20_15_51_267,0.6,-0.3141992,271313.0,227159.0,-0.281149,-0.02424387,0.1360194,6.280481,0.009192608,0.143717,1.71,0.007000468,0.002130454,-0.7604473,0.005125999,0.001519918,0.007652677,1.809
2024_02_10_20_15_51_304,0.6,-0.3141992,271487.0,227304.0,-0.2184386,-0.01619828,0.1360195,6.280481,0.009192974,0.115578,1.71,0.007044797,0.00198788,-0.7604274,0.02110004,0.01421571,-0.09927991,1.809
2024_02_10_20_15_51_337,0.6,-0.3141992,271643.0,227434.0,-0.1623362,-0.01051348,0.1360195,6.280481,0.009192768,0.09048196,1.71,0.006989059,0.002058076,-0.7603788,0.02837181,0.005200505,-0.0307085,1.809
2024_02_10_20_15_51_375,0.6,-0.3141992,271822.0,227584.0,-0.09758018,-0.005713676,0.1360194,6.280481,0.00919284,0.06158241,1.71,0.006916855,0.002084622,-0.7605357,-0.0166893,-0.00423193,-0.007634982,1.809
2024_02_10_20_15_51_407,0.6,-0.3141992,271978.0,227714.0,-0.04125257,-0.003064969,0.1360195,6.280481,0.009192827,0.03648584,1.71,0.007034453,0.002059666,-0.7604049,0.01370907,0.006407499,-0.05732011,1.809
2024_02_10_20_15_51_446,0.6,-0.3141992,272157.0,227864.0,0.02366734,-0.001767014,0.1360195,6.280481,0.009192991,0.007586813,1.71,0.006987703,0.002000164,-0.7604338,0.02634525,0.007912517,-0.03417581,1.809
2024_02_10_20_15_51_479,0.6,-0.3141992,272313.0,227994.0,0.08005533,-0.00216223,0.1360195,6.280481,0.009192823,6.265676,1.71,0.006964627,0.002051906,-0.7604569,0.003814697,-0.001534819,0.04192907,1.809
2024_02_10_20_15_51_517,0.6,-0.3141992,272492.0,228144.0,0.1449505,-0.004369831,0.1360194,6.280481,0.009193177,6.236778,1.71,0.006993742,0.002082864,-0.7604733,-0.01454353,-0.006347894,0.0384273,1.809
2024_02_10_20_15_51_550,0.6,-0.3141992,272647.0,228274.0,0.2012348,-0.00780753,0.1360195,6.280481,0.009193,6.211683,1.71,0.00707989,0.001981972,-0.7603592,0.06198883,0.02160668,-0.1108581,1.809
2024_02_10_20_15_51_587,0.6,-0.3141992,272822.0,228420.0,0.2642158,-0.01334009,0.1360196,6.280481,0.009193257,6.183546,1.71,0.007010087,0.001950193,-0.760427,0.02360344,0.004708767,-0.02684351,1.809
2024_02_10_20_15_51_625,0.6,-0.3141992,273001.0,228569.0,0.3287099,-0.02086429,0.1360195,6.280481,0.009193066,6.154648,1.71,0.007001454,0.00205098,-0.7604529,-0.0001192093,0.0006258487,-1.862645e-05,1.809
2024_02_10_20_15_51_662,0.6,-0.3141992,273176.0,228715.0,0.3912727,-0.02997814,0.1360194,6.280481,0.009192835,6.126511,1.71,0.007012152,0.002063009,-0.7603554,-0.006079673,0.00205636,0.01510326,1.809
2024_02_10_20_15_51_696,0.6,-0.3141992,273336.0,228849.0,0.4485164,-0.03990182,0.1360194,6.280481,0.009193055,6.100655,1.71,0.007019991,0.002139116,-0.7604605,-0.002980232,-0.003576278,0.0001285225,1.809
2024_02_10_20_15_51_733,0.6,-0.3141992,273511.0,228995.0,0.510496,-0.05237867,0.1360194,6.280481,0.009193022,6.072517,1.71,0.006960689,0.002114779,-0.7605265,0.001430511,-0.004082918,0.01922715,1.809
2024_02_10_20_15_51_771,0.6,-0.3141992,273690.0,229145.0,0.5737592,-0.06700245,0.1360195,6.280481,0.009193033,6.043619,1.71,0.007048316,0.002050397,-0.7604557,-0.01049042,-0.002652406,0.02657808,1.809
2024_02_10_20_15_51_809,0.6,-0.3141992,273864.0,229290.0,0.6349272,-0.08299228,0.1360195,6.280481,0.00919324,6.015482,1.71,0.006989123,0.001961977,-0.7604764,0.03600121,0.0012815,0.02722442,1.809
2024_02_10_20_15_51_845,0.6,-0.3141992,274044.0,229440.0,0.6972537,-0.1011988,0.1360195,6.280481,0.009193102,5.986586,1.71,0.006992878,0.002105357,-0.7604142,-0.03361702,-0.0005662441,-0.01914054,1.809
2024_02_10_20_15_51_883,0.6,-0.3141992,274218.0,229586.0,0.7574097,-0.1206491,0.1360195,6.280481,0.009193057,5.95845,1.71,0.007034392,0.002059517,-0.7603502,-0.02932548,-0.008136034,0.06111338,1.809
2024_02_10_20_15_51_917,0.6,-0.3141992,274379.0,229720.0,0.8121861,-0.1400083,0.1360195,6.280481,0.00919319,5.932595,1.71,0.006997991,0.002039938,-0.7604112,-0.01251697,-0.003755092,0.01917873,1.809
2024_02_10_20_15_51_954,0.6,-0.3141992,274553.0,229866.0,0.8712053,-0.162677,0.1360195,6.280481,0.00919286,5.904459,1.71,0.006927607,0.002088755,-0.7603841,-0.002861023,-0.003099441,0.01501571,1.809
2024_02_10_20_15_51_991,0.6,-0.3141992,274732.0,230015.0,0.9311307,-0.1876769,0.1360194,6.280481,0.009192891,5.875561,1.71,0.006980596,0.002081138,-0.7604021,0.01716614,0.008285046,-0.05346443,1.809
2024_02_10_20_15_52_028,0.6,-0.3141992,274907.0,230161.0,0.9887622,-0.2136725,0.1360195,6.280481,0.009193162,5.847422,1.71,0.007000355,0.002029991,-0.7605215,-0.006437301,-0.001311302,-0.01117028,1.809
2024_02_10_20_15_52_062,0.6,-0.3141992,275062.0,230291.0,1.039528,-0.2382181,0.1360196,6.280481,0.009193014,5.822328,1.71,0.006914742,0.002048315,-0.7604486,0.02372265,0.004768372,-0.03070477,1.809
2024_02_10_20_15_52_096,0.6,-0.3141992,275223.0,230425.0,1.091169,-0.2648317,0.1360196,6.280481,0.009193054,5.796474,1.71,0.007016573,0.00204282,-0.7604002,-0.01358986,-0.0003576278,-0.01537427,1.809
2024_02_10_20_15_52_133,0.6,-0.3141992,275397.0,230571.0,1.146567,-0.2952992,0.1360195,6.280481,0.009192947,5.768336,1.71,0.006989359,0.002036561,-0.7604071,0.03683567,0.007092952,-0.01115166,1.809
2024_02_10_20_15_52_171,0.6,-0.3141992,275577.0,230721.0,1.202544,-0.3282007,0.1360195,6.280481,0.009192866,5.739443,1.71,0.006919685,0.002047341,-0.7604514,0.02455711,0.001728535,0.01149811,1.809
2024_02_10_20_15_52_207,0.6,-0.3141992,275751.0,230867.0,1.256114,-0.3617767,0.1360195,6.280481,0.00919311,5.711308,1.71,0.007008603,0.002089208,-0.7604434,-0.04398822,-0.007808208,0.01902692,1.809
2024_02_10_20_15_52_246,0.6,-0.3141992,275930.0,231016.0,1.310124,-0.3978156,0.1360195,6.280481,0.009193272,5.682415,1.71,0.007007857,0.002028876,-0.7604097,0.003457069,0.002205372,-0.02654735,1.809
2024_02_10_20_15_52_283,0.6,-0.3141992,276105.0,231162.0,1.361694,-0.4343907,0.1360195,6.280481,0.009192891,5.654283,1.71,0.006967478,0.00206704,-0.7603979,0.01311302,0.0009536743,0.003756024,1.809
2024_02_10_20_15_52_321,0.6,-0.3141992,276284.0,231312.0,1.413564,-0.4734491,0.1360195,6.280481,0.009193032,5.625387,1.71,0.007004159,0.002004107,-0.7603994,0.0005960464,0.002264977,-0.01926534,1.809
2024_02_10_20_15_52_353,0.6,-0.3141992,276440.0,231442.0,1.457678,-0.5085712,0.1360195,6.280481,0.009193041,5.60029,1.71,0.006994082,0.002064339,-0.7603607,-0.03707409,-0.004291534,0.0113165,1.809
2024_02_10_20_15_52_391,0.6,-0.3141992,276614.0,231588.0,1.506072,-0.5492527,0.1360194,6.280481,0.009192945,5.572153,1.71,0.006935679,0.002073562,-0.7603852,-0.005483627,-0.005364418,0.06491691,1.809
2024_02_10_20_15_52_425,0.6,-0.3141992,276775.0,231722.0,1.549516,-0.5878235,0.1360196,6.280481,0.009193145,5.546302,1.71,0.006992941,0.002008968,-0.7604191,-0.001430511,-0.008940697,0.05342345,1.809
2024_02_10_20_15_52_462,0.6,-0.3141992,276949.0,231867.0,1.595647,-0.6310567,0.1360195,6.280481,0.009193034,5.518163,1.71,0.006961508,0.002072997,-0.7604249,-0.03015995,-0.004053116,-0.0001862645,1.809
2024_02_10_20_15_52_499,0.6,-0.3141992,277128.0,232017.0,1.641738,-0.6767921,0.1360194,6.280481,0.00919295,5.489268,1.71,0.006999451,0.002087772,-0.7604663,-0.01311302,0.002503395,-0.003844499,1.809
2024_02_10_20_15_52_538,0.6,-0.3141992,277303.0,232163.0,1.685328,-0.7225847,0.1360196,6.280481,0.009193073,5.46113,1.71,0.006958763,0.002059552,-0.7604198,-0.05280971,-0.01835823,0.09544379,1.809
2024_02_10_20_15_52_575,0.6,-0.3141992,277482.0,232313.0,1.728736,-0.7708731,0.1360195,6.280481,0.009193084,5.432232,1.71,0.006971489,0.002066885,-0.7604167,-0.01621246,-0.009655952,0.06125681,1.809
2024_02_10_20_15_52_609,0.6,-0.3141992,277638.0,232443.0,1.765287,-0.8138109,0.1360195,6.280481,0.009193071,5.407141,1.71,0.007051952,0.002039529,-0.7603747,0.00846386,0.007569789,-0.04954822,1.809
2024_02_10_20_15_52_646,0.6,-0.3141992,277817.0,232592.0,1.806027,-0.8643717,0.1360195,6.280481,0.009193059,5.378244,1.71,0.006986946,0.002047634,-0.7603922,-0.004291534,-0.007271766,0.04581175,1.809
2024_02_10_20_15_52_683,0.6,-0.3141992,277992.0,232738.0,1.844273,-0.9147131,0.1360195,6.280481,0.009193084,5.350108,1.71,0.006972881,0.002063497,-0.7604486,0.01430511,0.001847744,-0.03820751,1.809
2024_02_10_20_15_52_717,0.6,-0.3141992,278147.0,232868.0,1.877177,-0.960504,0.1360196,6.280481,0.009193191,5.325015,1.71,0.006965633,0.002004165,-0.7604501,-0.003457069,0.0004768371,-0.03070477,1.809
2024_02_10_20_15_52_755,0.6,-0.3141992,278326.0,233018.0,1.913631,-1.014236,0.1360195,6.280481,0.009192917,5.296118,1.71,0.006900532,0.002091502,-0.7604215,-0.02849102,-0.01621246,0.1145266,1.809
2024_02_10_20_15_52_792,0.6,-0.3141992,278501.0,233164.0,1.947621,-1.067545,0.1360195,6.280481,0.009192999,5.267982,1.71,0.007055307,0.002018559,-0.7602767,-0.01192093,0.005424022,0.003715977,1.809
2024_02_10_20_15_52_824,0.6,-0.3141992,278661.0,233298.0,1.977522,-1.117358,0.1360194,6.280481,0.009192921,5.242124,1.71,0.006987477,0.001991533,-0.7604132,0.01430511,0.00423193,0.003958121,1.809
2024_02_10_20_15_52_863,0.6,-0.3141992,278836.0,233444.0,2.008584,-1.172423,0.1360195,6.280481,0.009193086,5.213988,1.71,0.006981197,0.002019621,-0.7604241,-0.004291534,0.002145767,-0.03077183,1.809
2024_02_10_20_15_52_900,0.6,-0.3141992,279015.0,233593.0,2.03886,-1.229863,0.1360195,6.280481,0.009193196,5.185092,1.71,0.007009426,0.002006258,-0.7604019,-0.004172325,0.001370907,-0.02295058,1.809
2024_02_10_20_15_52_937,0.6,-0.3141992,279190.0,233739.0,2.066733,-1.286609,0.1360196,6.280481,0.009193007,5.156958,1.71,0.00698328,0.002055656,-0.7603592,-0.01049042,0.001609325,-0.01541898,1.809
2024_02_10_20_15_52_971,0.6,-0.3141992,279350.0,233873.0,2.090926,-1.339427,0.1360195,6.280481,0.009193232,5.131106,1.71,0.006984456,0.00203631,-0.7604527,-0.01192093,-0.001996756,0.02329703,1.809
2024_02_10_20_15_53_009,0.6,-0.3141992,279525.0,234019.0,2.115696,-1.397594,0.1360195,6.280481,0.009192942,5.102973,1.71,0.007061381,0.002109565,-0.7604357,-0.04160404,-0.006020069,0.01897849,1.809
2024_02_10_20_15_53_046,0.6,-0.3141992,279704.0,234169.0,2.139421,-1.458035,0.1360195,6.280481,0.009193136,5.074077,1.71,0.006974073,0.002028052,-0.760375,-0.01132488,-0.007033348,0.06888062,1.809
2024_02_10_20_15_53_083,0.6,-0.3141992,279878.0,234314.0,2.160835,-1.51752,0.1360196,6.280481,0.009193075,5.045942,1.71,0.007034282,0.002018427,-0.7603913,0.0371933,0.005304813,-0.01886953,1.809
2024_02_10_20_15_53_116,0.6,-0.3141992,280034.0,234444.0,2.178516,-1.571064,0.1360196,6.280481,0.009192901,5.020847,1.71,0.007026477,0.002022233,-0.7602873,0.003099441,-0.0004470348,0.03034435,1.809
2024_02_10_20_15_53_154,0.6,-0.3141992,280213.0,234594.0,2.197203,-1.633247,0.1360194,6.280481,0.00919319,4.99195,1.71,0.006863916,0.002096625,-0.7604889,-0.03457069,-0.01710653,0.09951088,1.809
2024_02_10_20_15_53_192,0.6,-0.3141992,280388.0,234740.0,2.213665,-1.694289,0.1360195,6.280481,0.009193031,4.963816,1.71,0.007070832,0.002039926,-0.7603383,0.01847744,0.01066923,-0.0612624,1.809
2024_02_10_20_15_53_230,0.6,-0.3141992,280567.0,234890.0,2.228778,-1.757436,0.1360195,6.280481,0.009193289,4.93492,1.71,0.007011333,0.002078583,-0.7603776,-0.02813339,-0.004932284,-0.003718771,1.809
2024_02_10_20_15_53_266,0.6,-0.3141992,280741.0,235036.0,2.241733,-1.819315,0.1360195,6.280481,0.009193021,4.906784,1.71,0.006912534,0.002016322,-0.7604256,0.01585484,-0.002935529,0.0459142,1.809
2024_02_10_20_15_53_304,0.6,-0.3141992,280921.0,235185.0,2.253223,-1.883222,0.1360195,6.280481,0.009193089,4.877888,1.71,0.006968695,0.002002598,-0.7604023,0.008583069,0.006228685,-0.0266945,1.809
2024_02_10_20_15_53_341,0.6,-0.3141992,281095.0,235331.0,2.262631,-1.945742,0.1360196,6.280481,0.009192849,4.849752,1.71,0.0068771,0.002072434,-0.7604094,-0.03123283,-0.01297891,0.09143352,1.809
2024_02_10_20_15_53_375,0.6,-0.3141992,281256.0,235465.0,2.269722,-2.003405,0.1360195,6.280481,0.009192866,4.823895,1.71,0.00694408,0.002059108,-0.7603446,-0.0141859,0.0009983778,-0.003864988,1.809
2024_02_10_20_15_53_413,0.6,-0.3141992,281430.0,235611.0,2.275744,-2.066342,0.1360195,6.280481,0.009192966,4.79576,1.71,0.006978206,0.002067925,-0.7603871,-0.009536743,-0.006899237,0.05365722,1.809
2024_02_10_20_15_53_450,0.6,-0.3141992,281609.0,235761.0,2.280082,-2.131129,0.1360195,6.280481,0.009192893,4.766863,1.71,0.006929614,0.002065435,-0.7603961,0.015378,0.006273388,-0.04196912,1.809
2024_02_10_20_15_53_487,0.6,-0.3141992,281784.0,235906.0,2.282505,-2.194306,0.1360194,6.280481,0.009193121,4.738726,1.71,0.006915702,0.001993344,-0.7604783,-0.008702278,-0.002741813,0.03070105,1.809
2024_02_10_20_15_53_525,0.6,-0.3141992,281963.0,236056.0,2.283143,-2.259234,0.1360195,6.280481,0.009192816,4.709827,1.71,0.006978803,0.0020946,-0.7603553,-0.02396107,-0.006839633,0.01892261,1.809
2024_02_10_20_15_53_562,0.6,-0.3141992,282138.0,236202.0,2.281958,-2.322446,0.1360195,6.280481,0.00919281,4.681696,1.71,0.006978265,0.002049172,-0.7603548,0.03409386,0.002980232,-0.003729947,1.809
2024_02_10_20_15_53_600,0.6,-0.3141992,282317.0,236352.0,2.278894,-2.387305,0.1360195,6.280481,0.009193142,4.652796,1.71,0.006926192,0.001994202,-0.7604359,-0.002741813,-0.008821487,0.07634237,1.809
2024_02_10_20_15_53_633,0.6,-0.3141992,282473.0,236482.0,2.274714,-2.443538,0.1360195,6.280481,0.009193134,4.627703,1.71,0.007050005,0.002043336,-0.7603861,0.02110004,0.003606081,-0.03433973,1.809
2024_02_10_20_15_53_670,0.6,-0.3141992,282647.0,236627.0,2.268351,-2.506439,0.1360195,6.280481,0.009192888,4.599569,1.71,0.006896176,0.00211044,-0.7604223,-0.0115633,-0.005722045,0.01884904,1.809
2024_02_10_20_15_53_704,0.6,-0.3141992,282807.0,236761.0,2.260944,-2.564062,0.1360194,6.280481,0.009192976,4.573714,1.71,0.006963715,0.002027225,-0.7603601,0.01788139,0.01069903,-0.0764858,1.809
2024_02_10_20_15_53_742,0.6,-0.3141992,282982.0,236907.0,2.251195,-2.626529,0.1360195,6.280481,0.009193085,4.545578,1.71,0.007043063,0.00203892,-0.7604164,0.01001358,0.0002682209,0.008003786,1.809
2024_02_10_20_15_53_779,0.6,-0.3141992,283161.0,237057.0,2.239358,-2.690375,0.1360195,6.280481,0.009193021,4.51668,1.71,0.007011828,0.002004005,-0.7604359,0.004649162,-0.001907349,0.02675969,1.809
2024_02_10_20_15_53_816,0.6,-0.3141992,283336.0,237203.0,2.226063,-2.752185,0.1360195,6.280481,0.009192615,4.488545,1.71,0.006984751,0.002141369,-0.7603478,-0.0141859,-0.005185604,0.04939828,1.809
2024_02_10_20_15_53_850,0.6,-0.3141992,283496.0,237337.0,2.212321,-2.808634,0.1360194,6.280481,0.00919308,4.462688,1.71,0.007025276,0.002037937,-0.760456,0.0166893,0.001251697,0.00405591,1.809
2024_02_10_20_15_53_889,0.6,-0.3141992,283671.0,237483.0,2.195711,-2.869637,0.1360195,6.280481,0.009192915,4.434552,1.71,0.006980831,0.00202583,-0.7603803,0.006914138,-0.001132488,0.03055017,1.809
2024_02_10_20_15_53_921,0.6,-0.3141992,283826.0,237613.0,2.179456,-2.923632,0.1360195,6.280481,0.009192798,4.409457,1.71,0.006992816,0.00208899,-0.7604044,-0.01847744,-0.003218651,0.0226656,1.809
2024_02_10_20_15_53_957,0.6,-0.3141992,284005.0,237762.0,2.159063,-2.985279,0.1360194,6.280481,0.009193023,4.380559,1.71,0.006950912,0.002070775,-0.7604226,-0.01966953,-0.003755092,0.003820285,1.809
2024_02_10_20_15_53_996,0.6,-0.3141992,284180.0,237908.0,2.137506,-3.044714,0.1360194,6.280481,0.009192877,4.352419,1.71,0.00695266,0.002067854,-0.7604512,0.006437301,-0.002801418,0.00782311,1.809
2024_02_10_20_15_54_029,0.6,-0.3141992,284340.0,238042.0,2.116229,-3.098776,0.1360195,6.280481,0.009192952,4.326562,1.71,0.006982182,0.002001079,-0.760387,0.01943111,-5.960464e-05,0.03072712,1.809
2024_02_10_20_15_54_066,0.6,-0.3141992,284515.0,238188.0,2.091495,-3.15696,0.1360195,6.280481,0.009192952,4.298424,1.71,0.006964878,0.002106001,-0.7603717,-0.02372265,-0.007271766,0.03822707,1.809
2024_02_10_20_15_54_104,0.6,-0.3141992,284694.0,238338.0,2.064399,-3.215969,0.1360195,6.280481,0.009192907,4.269525,1.71,0.006985916,0.002041927,-0.7604344,-0.0002384186,-0.005483627,0.03816281,1.809
2024_02_10_20_15_54_141,0.6,-0.3141992,284869.0,238483.0,2.036387,-3.27265,0.1360195,6.280481,0.00919301,4.241387,1.71,0.006966627,0.002000051,-0.7603619,0.01037121,0.001788139,0.02304558,1.809
2024_02_10_20_15_54_179,0.6,-0.3141992,285048.0,238633.0,2.005971,-3.330019,0.1360195,6.280481,0.009193012,4.21249,1.71,0.007051584,0.002029917,-0.7603682,-0.0004768371,0.01019239,-0.0533564,1.809
2024_02_10_20_15_54_216,0.6,-0.3141992,285222.0,238779.0,1.974775,-3.38501,0.1360194,6.280481,0.009193016,4.184354,1.71,0.007061995,0.002060992,-0.7603757,-0.0007152557,0.002562999,-0.03833696,1.809
2024_02_10_20_15_54_250,0.6,-0.3141992,285383.0,238913.0,1.944753,-3.43475,0.1360195,6.280481,0.009193121,4.1585,1.71,0.006955605,0.002054447,-0.760393,-0.0231266,-0.009059906,0.05355291,1.809
2024_02_10_20_15_54_283,0.6,-0.3141992,285538.0,239043.0,1.914395,-3.482269,0.1360195,6.280481,0.009192901,4.133406,1.71,0.006968196,0.002070177,-0.7603334,-0.03027916,-0.01245737,0.08006114,1.809
2024_02_10_20_15_54_321,0.6,-0.3141992,285713.0,239189.0,1.878952,-3.534623,0.1360196,6.280481,0.009192893,4.105268,1.71,0.006972591,0.002071104,-0.7603777,-0.02193451,-0.005722045,0.03803521,1.809
2024_02_10_20_15_54_358,0.6,-0.3141992,285892.0,239338.0,1.841033,-3.587332,0.1360196,6.280481,0.009192939,4.076372,1.71,0.006965714,0.002104466,-0.7604373,-0.03194809,-0.00667572,0.01134444,1.809
2024_02_10_20_15_54_395,0.6,-0.3141992,286067.0,239484.0,1.802664,-3.637581,0.1360194,6.280481,0.009192888,4.048235,1.71,0.006980021,0.002056688,-0.760367,0.0141859,-0.001907349,0.03436487,1.809
2024_02_10_20_15_54_433,0.6,-0.3141992,286246.0,239634.0,1.761802,-3.688043,0.1360194,6.280481,0.009192846,4.019338,1.71,0.007009757,0.002079997,-0.7603472,0.002264977,0.007390975,-0.04969164,1.809
2024_02_10_20_15_54_466,0.6,-0.3141992,286402.0,239764.0,1.725144,-3.730891,0.1360195,6.280481,0.009192922,3.994245,1.71,0.006983443,0.002017616,-0.7603932,0.01978874,0.002086163,0.01909118,1.809
2024_02_10_20_15_54_500,0.6,-0.3141992,286562.0,239898.0,1.686266,-3.774062,0.1360195,6.280481,0.00919293,3.96839,1.71,0.006989526,0.002064705,-0.7604291,-0.01585484,-0.006914138,0.0496041,1.809
2024_02_10_20_15_54_537,0.6,-0.3141992,286737.0,240044.0,1.642702,-3.819881,0.1360195,6.280481,0.009192979,3.940254,1.71,0.007052403,0.001986597,-0.7603589,0.02062321,0.009417534,-0.0228947,1.809
2024_02_10_20_15_54_575,0.6,-0.3141992,286911.0,240190.0,1.597869,-3.86446,0.1360195,6.280481,0.009192833,3.912115,1.71,0.006936644,0.002086906,-0.7604293,-0.02360344,0.0,-0.00771787,1.809
2024_02_10_20_15_54_607,0.6,-0.3141992,287071.0,240324.0,1.555579,-3.904296,0.1360195,6.280481,0.009192973,3.88626,1.71,0.006949713,0.002088543,-0.7604312,0.001430511,-0.01108646,0.07650908,1.809
2024_02_10_20_15_54_645,0.6,-0.3141992,287246.0,240469.0,1.508405,-3.94639,0.1360195,6.280481,0.009192863,3.858124,1.71,0.00707724,0.002075613,-0.7603554,0.005602836,0.007331371,-0.04595797,1.809
2024_02_10_20_15_54_683,0.6,-0.3141992,287425.0,240619.0,1.458743,-3.98822,0.1360195,6.280481,0.009192947,3.829229,1.71,0.007027527,0.002058408,-0.7603707,-0.006079673,0.002920627,-0.01900457,1.809
2024_02_10_20_15_54_720,0.6,-0.3141992,287600.0,240765.0,1.409245,-4.027556,0.1360195,6.280481,0.009193021,3.801093,1.71,0.007040188,0.002003499,-0.7603588,0.01311302,0.007390975,-0.03827084,1.809
2024_02_10_20_15_54_757,0.6,-0.3141992,287779.0,240915.0,1.35728,-4.06649,0.1360195,6.280481,0.009193007,3.772195,1.71,0.006969965,0.002050189,-0.7604408,0.003933907,-0.003755092,0.03823545,1.809
2024_02_10_20_15_54_797,0.6,-0.3141992,287953.0,241060.0,1.305621,-4.10294,0.1360194,6.280481,0.009192841,3.744057,1.71,0.006985915,0.002047525,-0.7603627,0.002145767,0.008225441,-0.04586205,1.809
2024_02_10_20_15_54_830,0.6,-0.3141992,288114.0,241194.0,1.257264,-4.135143,0.1360196,6.280481,0.009192885,3.718202,1.71,0.007051404,0.002062092,-0.7603097,0.0007152557,0.002205372,-0.007825904,1.809
2024_02_10_20_15_54_866,0.6,-0.3141992,288288.0,241340.0,1.203714,-4.168751,0.1360195,6.280481,0.009193003,3.690067,1.71,0.006967537,0.001998076,-0.7604059,0.01764297,0.00244379,6.332994e-05,1.809
2024_02_10_20_15_54_904,0.6,-0.3141992,288468.0,241490.0,1.147756,-4.201688,0.1360195,6.280481,0.009192846,3.66117,1.71,0.006975229,0.002055431,-0.7604094,-0.02133846,-0.008642673,0.06115157,1.809
2024_02_10_20_15_54_937,0.6,-0.3141992,288623.0,241620.0,1.098404,-4.228968,0.1360194,6.280481,0.009192784,3.636075,1.71,0.006991599,0.002080497,-0.7603958,0.01978874,0.002861023,-0.01528114,1.809
2024_02_10_20_15_54_974,0.6,-0.3141992,288798.0,241766.0,1.042276,-4.258071,0.1360195,6.280481,0.009192649,3.607938,1.71,0.007049927,0.002069424,-0.7603186,0.005841255,0.0009536743,0.01127832,1.809
2024_02_10_20_15_55_013,0.6,-0.3141992,288977.0,241916.0,0.9838024,-4.286306,0.1360196,6.280481,0.009193064,3.579041,1.71,0.006937122,0.002049444,-0.7603464,0.002026558,-0.006318092,0.03835093,1.809
2024_02_10_20_15_55_049,0.6,-0.3141992,289152.0,242061.0,0.9261066,-4.312163,0.1360195,6.280481,0.009193084,3.550905,1.71,0.007032377,0.00197868,-0.760351,-0.004768372,-5.960464e-05,0.02286117,1.809
2024_02_10_20_15_55_083,0.6,-0.3141992,289312.0,242195.0,0.8724674,-4.334484,0.1360195,6.280481,0.009192805,3.525051,1.71,0.007063957,0.002064797,-0.760359,0.03838539,0.007241964,-0.02661813,1.809
2024_02_10_20_15_55_121,0.6,-0.3141992,289486.0,242341.0,0.8134611,-4.35719,0.1360196,6.280481,0.009193305,3.496914,1.71,0.006891915,0.002053208,-0.7605445,-0.03421307,-0.009804963,0.02679042,1.809
2024_02_10_20_15_55_154,0.6,-0.3141992,289647.0,242475.0,0.758695,-4.376584,0.1360195,6.280481,0.009193044,3.471059,1.71,0.006909342,0.002016975,-0.7603098,0.02336502,-0.0009536743,0.02665911,1.809
2024_02_10_20_15_55_191,0.6,-0.3141992,289821.0,242621.0,0.6985496,-4.396073,0.1360195,6.280481,0.009193053,3.442924,1.71,0.006991791,0.002069235,-0.7603932,0.003695488,0.0004470348,-0.01130719,1.809
2024_02_10_20_15_55_229,0.6,-0.3141992,290001.0,242771.0,0.6362332,-4.414318,0.1360194,6.280481,0.009192956,3.414028,1.71,0.007043084,0.002022835,-0.7603769,0.009298325,0.004738569,-0.01148973,1.809
2024_02_10_20_15_55_266,0.6,-0.3141992,290175.0,242916.0,0.5750743,-4.430346,0.1360194,6.280481,0.009192872,3.385892,1.71,0.006991317,0.00209457,-0.7604068,-0.01323223,0.004261732,-0.04590302,1.809
2024_02_10_20_15_55_304,0.6,-0.3141992,290354.0,243066.0,0.5118188,-4.44501,0.1360196,6.280481,0.009193015,3.356995,1.71,0.00698828,0.001953816,-0.7603505,0.03671646,0.008329749,-0.01901854,1.809
2024_02_10_20_15_55_341,0.6,-0.3141992,290529.0,243212.0,0.449846,-4.457527,0.1360194,6.280481,0.009192983,3.328858,1.71,0.006985073,0.002089993,-0.7604141,-0.009775162,-0.001177192,-0.02278853,1.809
2024_02_10_20_15_55_379,0.6,-0.3141992,290708.0,243362.0,0.3858573,-4.468562,0.1360194,6.280481,0.009192998,3.299962,1.71,0.007021601,0.002067506,-0.7603912,0.005960464,0.004038215,-0.03809296,1.809
2024_02_10_20_15_55_412,0.6,-0.3141992,290864.0,243492.0,0.3300493,-4.476641,0.1360195,6.280481,0.009192866,3.274866,1.71,0.0070585,0.002031588,-0.7604352,0.03099441,0.001743436,0.02691615,1.809
2024_02_10_20_15_55_449,0.6,-0.3141992,291038.0,243637.0,0.2672583,-4.484031,0.1360195,6.280481,0.009192992,3.24673,1.71,0.006981142,0.00204638,-0.7604094,-0.02396107,-0.005185604,0.03046822,1.809
2024_02_10_20_15_55_487,0.6,-0.3141992,291217.0,243787.0,0.2025801,-4.489779,0.1360194,6.280481,0.009192832,3.217834,1.71,0.006920453,0.002068654,-0.7604059,-0.010252,-0.003069639,0.01535192,1.809
2024_02_10_20_15_55_524,0.6,-0.3141992,291392.0,243933.0,0.1394693,-4.493577,0.1360195,6.280481,0.009193052,3.189698,1.71,0.007003968,0.002072455,-0.760462,0.007271766,0.0003427267,-0.0268789,1.809
2024_02_10_20_15_55_557,0.6,-0.3141992,291552.0,244067.0,0.08140311,-4.495502,0.1360195,6.280481,0.009192906,3.163842,1.71,0.007007555,0.002051835,-0.7603609,-0.008821487,-0.001192093,-8.568167e-05,1.809
2024_02_10_20_15_55_595,0.6,-0.3141992,291727.0,244213.0,0.01817939,-4.49589,0.1360195,6.280481,0.009192992,3.135705,1.71,0.00699652,0.002024116,-0.7604604,0.03123283,0.006139278,-0.02286769,1.809
2024_02_10_20_15_55_633,0.6,-0.3141992,291906.0,244362.0,-0.0467374,-4.494436,0.1360195,6.280481,0.009193099,3.106809,1.71,0.006894676,0.002028062,-0.760429,0.001430511,-0.01204014,0.06874464,1.809
2024_02_10_20_15_55_670,0.6,-0.3141992,292081.0,244508.0,-0.1098798,-4.49122,0.1360195,6.280481,0.009192802,3.078673,1.71,0.006997181,0.002030693,-0.760332,0.07545948,0.02017617,-0.1106728,1.809
2024_02_10_20_15_55_704,0.6,-0.3141992,292241.0,244642.0,-0.1678016,-4.486699,0.1360195,6.280481,0.009192985,3.052818,1.71,0.007033632,0.002018773,-0.7604012,-0.009775162,-0.004321337,0.05712732,1.809
2024_02_10_20_15_55_741,0.6,-0.3141992,292416.0,244788.0,-0.230678,-4.48008,0.1360194,6.280481,0.009192879,3.024683,1.71,0.007049087,0.002133487,-0.760362,-0.001907349,0.001236796,-0.02262555,1.809
2024_02_10_20_15_55_779,0.6,-0.3141992,292595.0,244938.0,-0.295034,-4.471441,0.1360194,6.280481,0.009192891,2.995786,1.71,0.006973168,0.002077894,-0.7603984,-0.01716614,-0.001445413,-0.004042871,1.809
2024_02_10_20_15_55_816,0.6,-0.3141992,292769.0,245084.0,-0.3574319,-4.461249,0.1360196,6.280481,0.009192926,2.96765,1.71,0.006950063,0.002024489,-0.7603629,-0.01597404,-0.004082918,0.03794394,1.809
2024_02_10_20_15_55_854,0.6,-0.3141992,292944.0,245229.0,-0.4195172,-4.449305,0.1360195,6.280481,0.00919289,2.939514,1.71,0.007024526,0.002047091,-0.7603831,-0.003099441,0.003367662,-0.003826804,1.809
2024_02_10_20_15_55_891,0.6,-0.3141992,293123.0,245379.0,-0.4829052,-4.435224,0.1360196,6.280481,0.009192962,2.910618,1.71,0.006964976,0.0020244,-0.7604336,0.01513958,0.005841255,-0.0306433,1.809
2024_02_10_20_15_55_929,0.6,-0.3141992,293298.0,245525.0,-0.5442091,-4.419761,0.1360195,6.280481,0.009192938,2.882483,1.71,0.006964884,0.002060491,-0.7603803,-0.0140667,-0.01531839,0.1183906,1.809
2024_02_10_20_15_55_966,0.6,-0.3141992,293477.0,245675.0,-0.6066917,-4.402091,0.1360195,6.280481,0.009192906,2.853587,1.71,0.006964786,0.002116696,-0.7604308,-0.020504,-0.0007152557,-0.03448501,1.809
2024_02_10_20_15_55_999,0.6,-0.3141992,293632.0,245805.0,-0.6605198,-4.385285,0.1360195,6.280481,0.009192925,2.828492,1.71,0.006990813,0.002079608,-0.7604002,-0.01609325,-0.002294779,0.01520011,1.809
2024_02_10_20_15_56_037,0.6,-0.3141992,293812.0,245954.0,-0.7219579,-4.364268,0.1360196,6.280481,0.009193082,2.799597,1.71,0.00702808,0.002022733,-0.7604095,0.009536743,0.00578165,-0.03449433,1.809
2024_02_10_20_15_56_074,0.6,-0.3141992,293986.0,246099.0,-0.78117,-4.342108,0.1360195,6.280481,0.009192961,2.771461,1.71,0.006933769,0.002077605,-0.7604146,-0.01239777,-0.01060963,0.05342811,1.809
2024_02_10_20_15_56_112,0.6,-0.3141992,294165.0,246248.0,-0.8413094,-4.317625,0.1360195,6.280481,0.009192889,2.742563,1.71,0.006968563,0.002076411,-0.7604124,0.0,0.007331371,-0.04199613,1.809
2024_02_10_20_15_56_149,0.6,-0.3141992,294340.0,246393.0,-0.8991637,-4.292125,0.1360195,6.280481,0.009192971,2.714427,1.71,0.006951251,0.002054686,-0.7605104,-0.00989437,-0.00578165,0.02299249,1.809
2024_02_10_20_15_56_187,0.6,-0.3141992,294519.0,246543.0,-0.9578116,-4.264253,0.1360196,6.280481,0.009193045,2.685532,1.71,0.00693276,0.002095125,-0.7604373,-0.008225441,-0.01233816,0.05345698,1.809
2024_02_10_20_15_56_224,0.6,-0.3141992,294694.0,246688.0,-1.014118,-4.235498,0.1360195,6.280481,0.00919301,2.657397,1.71,0.006982706,0.00206007,-0.7604089,-0.0004768371,0.004529953,-0.03823545,1.809
2024_02_10_20_15_56_262,0.6,-0.3141992,294873.0,246837.0,-1.071081,-4.204329,0.1360195,6.280481,0.009193212,2.6285,1.71,0.007039653,0.001972813,-0.7603701,0.03576279,0.012815,-0.07226411,1.809
2024_02_10_20_15_56_299,0.6,-0.3141992,295048.0,246982.0,-1.125656,-4.17241,0.1360195,6.280481,0.009192916,2.600366,1.71,0.007006381,0.002048374,-0.7604393,-0.001192093,-0.00166893,-0.0001797452,1.809
2024_02_10_20_15_56_333,0.6,-0.3141992,295208.0,247116.0,-1.174997,-4.141738,0.1360195,6.280481,0.009192684,2.574512,1.71,0.007027473,0.002052229,-0.7603545,0.03814697,0.01311302,-0.06884336,1.809
2024_02_10_20_15_56_366,0.6,-0.3141992,295364.0,247245.0,-1.222113,-4.110756,0.1360195,6.280481,0.009192933,2.549418,1.71,0.006980399,0.002026747,-0.7603725,0.01084804,0.000834465,-0.007690861,1.809
2024_02_10_20_15_56_404,0.6,-0.3141992,295538.0,247391.0,-1.273998,-4.074625,0.1360194,6.280481,0.009192903,2.521284,1.71,0.007125813,0.00209183,-0.7603583,0.01239777,0.01001358,-0.07604621,1.809
2024_02_10_20_15_56_437,0.6,-0.3141992,295698.0,247524.0,-1.320761,-4.040149,0.1360194,6.280481,0.009193009,2.495432,1.71,0.007082537,0.002007107,-0.7604325,-0.01502037,0.001370907,0.007623806,1.809
2024_02_10_20_15_56_474,0.6,-0.3141992,295873.0,247669.0,-1.37062,-4.001273,0.1360195,6.280481,0.009193073,2.467295,1.71,0.007079805,0.001971731,-0.7603776,-0.01239777,0.002205372,-0.019297,1.809
2024_02_10_20_15_56_507,0.6,-0.3141992,296033.0,247803.0,-1.415455,-3.964325,0.1360194,6.280481,0.009192904,2.441439,1.71,0.006980072,0.002094402,-0.7604418,-0.01490116,-0.005125999,0.01898594,1.809
2024_02_10_20_15_56_545,0.6,-0.3141992,296208.0,247948.0,-1.463144,-3.922813,0.1360195,6.280481,0.009192998,2.413303,1.71,0.007057284,0.002014674,-0.7604156,0.02288818,0.008702278,-0.04556216,1.809
2024_02_10_20_15_56_578,0.6,-0.3141992,296363.0,248078.0,-1.504678,-3.88467,0.1360195,6.280481,0.009192948,2.388208,1.71,0.00695245,0.002063734,-0.7604278,-0.03898144,-0.01007318,0.0685975,1.809
2024_02_10_20_15_56_612,0.6,-0.3141992,296524.0,248211.0,-1.546453,-3.844295,0.1360196,6.280481,0.009193164,2.362352,1.71,0.007052184,0.001975317,-0.7604126,0.020504,0.01376867,-0.0993479,1.809
2024_02_10_20_15_56_649,0.6,-0.3141992,296698.0,248356.0,-1.590714,-3.799147,0.1360194,6.280481,0.009192976,2.334213,1.71,0.006951653,0.002105907,-0.7604454,-0.009298325,0.001609325,-0.02272241,1.809
2024_02_10_20_15_56_686,0.6,-0.3141992,296878.0,248505.0,-1.634828,-3.7515,0.1360195,6.280481,0.009192792,2.30532,1.71,0.006918465,0.002114313,-0.7604246,-0.02419948,-0.01060963,0.0839848,1.809
2024_02_10_20_15_56_724,0.6,-0.3141992,297052.0,248651.0,-1.676443,-3.703901,0.1360194,6.280481,0.009192946,2.277185,1.71,0.006959521,0.002086978,-0.7604048,0.0193119,5.960464e-05,0.01169741,1.809
2024_02_10_20_15_56_762,0.6,-0.3141992,297231.0,248800.0,-1.717771,-3.653818,0.1360194,6.280481,0.009192889,2.248288,1.71,0.007008726,0.002012146,-0.7603688,0.02551079,0.01108646,-0.05739461,1.809
2024_02_10_20_15_56_799,0.6,-0.3141992,297406.0,248945.0,-1.756603,-3.603925,0.1360195,6.280481,0.009192954,2.220151,1.71,0.00702988,0.002063021,-0.7604341,0.002264977,-0.002324581,0.01144409,1.809
2024_02_10_20_15_56_837,0.6,-0.3141992,297585.0,249094.0,-1.795008,-3.551568,0.1360195,6.280481,0.009192939,2.191256,1.71,0.006985583,0.002086004,-0.7604427,-0.03480911,-0.012815,0.09165517,1.809
2024_02_10_20_15_56_870,0.6,-0.3141992,297741.0,249224.0,-1.82712,-3.505215,0.1360195,6.280481,0.009192813,2.16616,1.71,0.007009615,0.002093719,-0.7603362,0.007152557,0.006616115,-0.03451109,1.809
2024_02_10_20_15_56_908,0.6,-0.3141992,297920.0,249373.0,-1.862643,-3.450862,0.1360195,6.280481,0.009193105,2.137264,1.71,0.00692831,0.002068129,-0.7604357,-0.00667572,-0.005245208,0.01923833,1.809
2024_02_10_20_15_56_941,0.6,-0.3141992,298076.0,249503.0,-1.892206,-3.402845,0.1360194,6.280481,0.009193107,2.112168,1.71,0.007056193,0.002083104,-0.7603805,-0.006437301,0.001728535,-0.05332287,1.809
2024_02_10_20_15_56_979,0.6,-0.3141992,298250.0,249648.0,-1.923909,-3.348144,0.1360195,6.280481,0.009193044,2.084033,1.71,0.006982309,0.002022356,-0.7604378,-0.01263618,-0.007748603,0.07657986,1.809
2024_02_10_20_15_57_012,0.6,-0.3141992,298411.0,249781.0,-1.951674,-3.297111,0.1360195,6.280481,0.009193078,2.058175,1.71,0.006975055,0.002051344,-0.7603776,-0.02908706,0.001788139,-0.0381954,1.809
2024_02_10_20_15_57_049,0.6,-0.3141992,298585.0,249927.0,-1.98038,-3.240777,0.1360194,6.280481,0.009192934,2.030044,1.71,0.006951565,0.002057579,-0.7604177,0.04029274,0.004887581,-0.01124199,1.809
2024_02_10_20_15_57_083,0.6,-0.3141992,298745.0,250060.0,-2.005353,-3.188321,0.1360195,6.280481,0.009192965,2.004188,1.71,0.007069597,0.00208813,-0.760354,0.009059906,0.0004172325,-0.007491558,1.809
2024_02_10_20_15_57_116,0.6,-0.3141992,298901.0,250190.0,-2.028284,-3.136805,0.1360194,6.280481,0.009193036,1.979097,1.71,0.006997313,0.002057144,-0.7604492,0.01597404,-0.00411272,0.03071222,1.809
2024_02_10_20_15_57_154,0.6,-0.3141992,299076.0,250335.0,-2.052448,-3.078382,0.1360195,6.280481,0.009192879,1.950961,1.71,0.007002764,0.002055524,-0.7603958,-0.01716614,0.004559755,-0.01937896,1.809
2024_02_10_20_15_57_187,0.6,-0.3141992,299236.0,250468.0,-2.073196,-3.024115,0.1360195,6.280481,0.009193019,1.925107,1.71,0.007065146,0.002035469,-0.7604116,0.05173683,0.01102686,-0.07247552,1.809
2024_02_10_20_15_57_224,0.6,-0.3141992,299411.0,250614.0,-2.094173,-2.964473,0.1360196,6.280481,0.009192858,1.896971,1.71,0.006956838,0.002017414,-0.7604114,0.04601478,0.004172325,0.01138262,1.809
2024_02_10_20_15_57_262,0.6,-0.3141992,299590.0,250763.0,-2.113963,-2.902631,0.1360195,6.280481,0.009193187,1.868074,1.71,0.007028574,0.002026849,-0.760368,0.02360344,0.0103116,-0.09922217,1.809
2024_02_10_20_15_57_299,0.6,-0.3141992,299764.0,250908.0,-2.131507,-2.841889,0.1360196,6.280481,0.009193071,1.839938,1.71,0.006954279,0.002049454,-0.7604358,-0.004053116,0.002413988,-0.01527462,1.809
2024_02_10_20_15_57_332,0.6,-0.3141992,299920.0,251038.0,-2.145707,-2.787319,0.1360195,6.280481,0.009193136,1.814844,1.71,0.007034083,0.002027944,-0.7603509,-0.01609325,-0.01057982,0.08026789,1.809
2024_02_10_20_15_57_370,0.6,-0.3141992,300099.0,251187.0,-2.160356,-2.724061,0.1360194,6.280481,0.009193002,1.785948,1.71,0.007027604,0.002127203,-0.7603887,-0.03767014,-0.005021691,-6.332994e-05,1.809
2024_02_10_20_15_57_403,0.6,-0.3141992,300255.0,251316.0,-2.171592,-2.668803,0.1360194,6.280481,0.009192946,1.760851,1.71,0.007071205,0.002067569,-0.7603092,-0.0166893,0.0001490116,0.003783032,1.809
2024_02_10_20_15_57_441,0.6,-0.3141992,300434.0,251466.0,-2.182805,-2.604848,0.1360195,6.280481,0.009193074,1.731958,1.71,0.007010602,0.002036575,-0.7603924,0.005364418,-0.0007152557,0.01164153,1.809
2024_02_10_20_15_57_474,0.6,-0.3141992,300590.0,251595.0,-2.191039,-2.549065,0.1360195,6.280481,0.009193002,1.706864,1.71,0.007060776,0.002040277,-0.7603965,0.03695488,0.01096725,-0.0688117,1.809
2024_02_10_20_15_57_512,0.6,-0.3141992,300769.0,251744.0,-2.198785,-2.484598,0.1360194,6.280481,0.009193031,1.67797,1.71,0.007096075,0.002034917,-0.7603654,0.02038479,0.006690621,-0.06118044,1.809
2024_02_10_20_15_57_549,0.6,-0.3141992,300944.0,251889.0,-2.204536,-2.421635,0.1360195,6.280481,0.009193185,1.649836,1.71,0.006983941,0.002069272,-0.7604471,-0.001430511,-0.003695488,0.01544226,1.809
2024_02_10_20_15_57_587,0.6,-0.3141992,301123.0,252039.0,-2.208595,-2.356832,0.1360195,6.280481,0.009193188,1.620939,1.71,0.006930298,0.002026503,-0.7604206,-0.03528595,-0.008881092,0.03815535,1.809
2024_02_10_20_15_57_624,0.6,-0.3141992,301297.0,252184.0,-2.210747,-2.293647,0.1360195,6.280481,0.009192876,1.592804,1.71,0.006981493,0.00208621,-0.7603543,-0.03397465,-0.0128895,0.0723945,1.809
2024_02_10_20_15_57_662,0.6,-0.3141992,301477.0,252333.0,-2.211106,-2.228717,0.1360195,6.280481,0.009192843,1.563907,1.71,0.00697255,0.002133443,-0.7604458,-0.03302097,-0.007122755,0.02269354,1.809
2024_02_10_20_15_57_699,0.6,-0.3141992,301651.0,252478.0,-2.209653,-2.16551,0.1360195,6.280481,0.009192948,1.53577,1.71,0.007017175,0.002026193,-0.7604002,-0.02753734,-0.005692243,0.0494197,1.809
2024_02_10_20_15_57_737,0.6,-0.3141992,301830.0,252628.0,-2.206311,-2.100665,0.1360195,6.280481,0.009192887,1.506873,1.71,0.006871434,0.002119919,-0.7604506,-0.001907349,-0.003993511,0.01517031,1.809
2024_02_10_20_15_57_770,0.6,-0.3141992,301986.0,252757.0,-2.201889,-2.04445,0.1360195,6.280481,0.009192771,1.481776,1.71,0.007042051,0.002049116,-0.7603128,0.00667572,0.008255243,-0.03441982,1.809
2024_02_10_20_15_57_807,0.6,-0.3141992,302160.0,252902.0,-2.195253,-1.981576,0.1360196,6.280481,0.009193083,1.453643,1.71,0.006964677,0.001984517,-0.7603679,0.02193451,0.003814697,-0.00766851,1.809
2024_02_10_20_15_57_841,0.6,-0.3141992,302321.0,253036.0,-2.1876,-1.923986,0.1360196,6.280481,0.009193054,1.42779,1.71,0.006953886,0.00199064,-0.7604322,0.03814697,0.002324581,-6.798655e-05,1.809
2024_02_10_20_15_57_877,0.6,-0.3141992,302495.0,253181.0,-2.177583,-1.861563,0.1360195,6.280481,0.009193013,1.399655,1.71,0.006995219,0.002077604,-0.7604744,-0.03159046,-0.005543231,0.02678856,1.809
2024_02_10_20_15_57_916,0.6,-0.3141992,302675.0,253330.0,-2.165474,-1.797771,0.1360195,6.280481,0.009192725,1.370756,1.71,0.006977215,0.002107235,-0.7603525,0.01645088,0.008553267,-0.06511249,1.809
2024_02_10_20_15_57_949,0.6,-0.3141992,302830.0,253460.0,-2.153465,-1.742677,0.1360194,6.280481,0.009192625,1.345663,1.71,0.006934607,0.002118291,-0.760361,0.01144409,-0.0004768371,-0.0002272427,1.809
2024_02_10_20_15_57_987,0.6,-0.3141992,303009.0,253609.0,-2.137928,-1.679631,0.1360195,6.280481,0.009193018,1.316766,1.71,0.006949325,0.002045036,-0.760411,-0.01645088,-0.01239777,0.07644016,1.809
2024_02_10_20_15_58_020,0.6,-0.3141992,303165.0,253739.0,-2.122964,-1.625265,0.1360195,6.280481,0.009193029,1.291672,1.71,0.007009064,0.002066886,-0.7604205,0.001072884,0.007808208,-0.07624831,1.809
2024_02_10_20_15_58_054,0.6,-0.3141992,303321.0,253868.0,-2.10664,-1.571291,0.1360195,6.280481,0.009193119,1.266574,1.71,0.006941922,0.002039487,-0.7604339,-0.01883507,-0.008106232,0.03072992,1.809
2024_02_10_20_15_58_091,0.6,-0.3141992,303500.0,254017.0,-2.086171,-1.50967,0.1360195,6.280481,0.009193018,1.237677,1.71,0.006958415,0.00208841,-0.7604321,-0.01239777,-0.004649162,0.007666647,1.809
2024_02_10_20_15_58_127,0.6,-0.3141992,303675.0,254163.0,-2.064538,-1.450263,0.1360195,6.280481,0.009192923,1.209536,1.71,0.006919013,0.002062223,-0.7604396,-0.008940697,-0.005424022,0.03424846,1.809
2024_02_10_20_15_58_166,0.6,-0.3141992,303854.0,254312.0,-2.040591,-1.38991,0.1360196,6.280481,0.009193039,1.180642,1.71,0.006939088,0.002026004,-0.7604123,0.006437301,0.002622604,-0.01910701,1.809
2024_02_10_20_15_58_199,0.6,-0.3141992,304009.0,254441.0,-2.018387,-1.338078,0.1360194,6.280481,0.009193107,1.155548,1.71,0.006973051,0.002013542,-0.7604143,0.003218651,5.960464e-05,8.940696e-05,1.809
2024_02_10_20_15_58_236,0.6,-0.3141992,304189.0,254590.0,-1.991218,-1.279106,0.1360194,6.280481,0.009192901,1.126652,1.71,0.007023991,0.002104012,-0.7603802,-0.02217293,-0.00667572,0.02277922,1.809
2024_02_10_20_15_58_274,0.6,-0.3141992,304363.0,254736.0,-1.963137,-1.222463,0.1360196,6.280481,0.009192989,1.098515,1.71,0.006974841,0.001986045,-0.7603457,0.0500679,0.01370907,-0.08803698,1.809
2024_02_10_20_15_58_311,0.6,-0.3141992,304538.0,254881.0,-1.933474,-1.166633,0.1360195,6.280481,0.009192991,1.070379,1.71,0.006964455,0.00205081,-0.7603754,-0.01430511,-0.002801418,0.003804452,1.809
2024_02_10_20_15_58_345,0.6,-0.3141992,304698.0,255014.0,-1.904841,-1.116083,0.1360195,6.280481,0.009193022,1.044524,1.71,0.006982728,0.002049238,-0.7603652,-0.008702278,-0.0007748603,0.02287607,1.809
2024_02_10_20_15_58_382,0.6,-0.3141992,304873.0,255160.0,-1.872207,-1.061935,0.1360195,6.280481,0.009192936,1.016386,1.71,0.006998821,0.002050234,-0.7604077,-0.0002384186,0.0007152557,-0.007688999,1.809
2024_02_10_20_15_58_415,0.6,-0.3141992,305033.0,255293.0,-1.840888,-1.013004,0.1360195,6.280481,0.00919298,0.9905319,1.71,0.006933927,0.002090337,-0.7604528,-0.01001358,-0.008404255,0.04588998,1.809
2024_02_10_20_15_58_453,0.6,-0.3141992,305207.0,255438.0,-1.805379,-0.9606953,0.1360195,6.280481,0.009192931,0.9623966,1.71,0.006964399,0.002041077,-0.7604347,-0.0007152557,0.001490116,-0.01538359,1.809
2024_02_10_20_15_58_491,0.6,-0.3141992,305387.0,255588.0,-1.767395,-0.9080341,0.1360196,6.280481,0.009192874,0.9335008,1.71,0.006970429,0.002119936,-0.7603987,-0.04267692,-0.01227856,0.05327072,1.809
2024_02_10_20_15_58_524,0.6,-0.3141992,305542.0,255717.0,-1.733186,-0.8632093,0.1360195,6.280481,0.009192898,0.9084069,1.71,0.006936837,0.002017644,-0.7603878,0.02920627,0.002264977,0.003797002,1.809
2024_02_10_20_15_58_562,0.6,-0.3141992,305717.0,255862.0,-1.693506,-0.8139898,0.1360195,6.280481,0.00919284,0.8802701,1.71,0.007015141,0.002051919,-0.7603382,0.02920627,0.01299381,-0.07664133,1.809
2024_02_10_20_15_58_595,0.6,-0.3141992,305877.0,255996.0,-1.655837,-0.7697612,0.1360194,6.280481,0.009192889,0.8544156,1.71,0.007014394,0.002076106,-0.7603632,-0.01096725,0.0004768371,-0.01931004,1.809
2024_02_10_20_15_58_632,0.6,-0.3141992,306052.0,256141.0,-1.613558,-0.7227541,0.1360194,6.280481,0.00919284,0.8262787,1.71,0.007031463,0.002049086,-0.760402,0.004053116,0.0005960464,0.01923181,1.809
2024_02_10_20_15_58_670,0.6,-0.3141992,306231.0,256290.0,-1.56878,-0.6757346,0.1360195,6.280481,0.009193077,0.7973803,1.71,0.00698571,0.002009831,-0.7603981,0.004410744,-0.000834465,-0.0001005828,1.809
2024_02_10_20_15_58_707,0.6,-0.3141992,306406.0,256436.0,-1.523892,-0.6312146,0.1360195,6.280481,0.009193083,0.7692423,1.71,0.006988211,0.002065717,-0.7604029,-0.002503395,0.001311302,-0.0306433,1.809
2024_02_10_20_15_58_745,0.6,-0.3141992,306585.0,256585.0,-1.476506,-0.5868244,0.1360196,6.280481,0.009193007,0.7403455,1.71,0.007037977,0.002031859,-0.7603462,0.0193119,0.01198053,-0.08015706,1.809
2024_02_10_20_15_58_782,0.6,-0.3141992,306759.0,256730.0,-1.429153,-0.5449359,0.1360195,6.280481,0.009192961,0.7122092,1.71,0.00693082,0.002096844,-0.7604736,-0.02300739,-0.004649162,-0.0001294538,1.809
2024_02_10_20_15_58_820,0.6,-0.3141992,306939.0,256879.0,-1.379312,-0.5033192,0.1360195,6.280481,0.009193013,0.6833118,1.71,0.006989682,0.002011294,-0.7604341,0.01120567,0.00834465,-0.05737226,1.809
2024_02_10_20_15_58_857,0.6,-0.3141992,307113.0,257024.0,-1.329648,-0.4641978,0.1360195,6.280481,0.009192872,0.6551749,1.71,0.006971227,0.002010693,-0.7603644,0.01084804,0.003457069,-0.004068017,1.809
2024_02_10_20_15_58_891,0.6,-0.3141992,307273.0,257158.0,-1.283056,-0.429493,0.1360195,6.280481,0.009193031,0.6293194,1.71,0.00691673,0.002044959,-0.7604792,-0.01645088,-0.003397465,0.02284348,1.809
2024_02_10_20_15_58_929,0.6,-0.3141992,307448.0,257303.0,-1.231353,-0.3931087,0.1360194,6.280481,0.009192951,0.6011809,1.71,0.006919893,0.002096772,-0.7605161,-0.03921985,-0.01138449,0.06109383,1.809
2024_02_10_20_15_58_966,0.6,-0.3141992,307627.0,257452.0,-1.177208,-0.3572696,0.1360195,6.280481,0.009193077,0.5722814,1.71,0.007000288,0.002083527,-0.7604259,-0.008225441,-0.001907349,-0.01132581,1.809
2024_02_10_20_15_58_999,0.6,-0.3141992,307783.0,257582.0,-1.129363,-0.3274272,0.1360194,6.280481,0.009192904,0.5471858,1.71,0.007023797,0.002091507,-0.7604374,-0.02193451,-0.00667572,0.02288539,1.809
2024_02_10_20_15_59_037,0.6,-0.3141992,307962.0,257731.0,-1.073361,-0.2945629,0.1360194,6.280481,0.009192743,0.5182879,1.71,0.006968843,0.002028942,-0.7604794,0.003695488,0.0005960464,-0.007554888,1.809
2024_02_10_20_15_59_074,0.6,-0.3141992,308137.0,257876.0,-1.017944,-0.2641309,0.1360194,6.280481,0.009192589,0.49015,1.71,0.00706971,0.002092768,-0.7603428,0.03027916,0.01674891,-0.09171571,1.809
2024_02_10_20_15_59_111,0.6,-0.3141992,308311.0,258022.0,-0.9616919,-0.2352706,0.1360194,6.280481,0.009192743,0.4620126,1.71,0.006972474,0.00205201,-0.7604018,-0.005364418,0.001132488,0.003685243,1.809
2024_02_10_20_15_59_149,0.6,-0.3141992,308490.0,258171.0,-0.9030978,-0.2072894,0.1360194,6.280481,0.009192588,0.4331136,1.71,0.007070707,0.002036551,-0.760325,0.01549721,0.009357929,-0.01929607,1.809
2024_02_10_20_15_59_186,0.6,-0.3141992,308665.0,258316.0,-0.8452913,-0.1816826,0.1360195,6.280481,0.009192944,0.4049757,1.71,0.006956551,0.00204971,-0.7604728,0.007152557,-0.002026558,-0.003551133,1.809
2024_02_10_20_15_59_220,0.6,-0.3141992,308825.0,258450.0,-0.791556,-0.1595939,0.1360194,6.280481,0.009193028,0.379118,1.71,0.006945918,0.002015855,-0.7605909,-0.00667572,-0.007659196,0.03453903,1.809
2024_02_10_20_15_59_257,0.6,-0.3141992,309000.0,258595.0,-0.7324519,-0.1371439,0.1360194,6.280481,0.009192824,0.3509796,1.71,0.007002302,0.00209157,-0.7605025,-0.03027916,-0.009268522,0.04582293,1.809
2024_02_10_20_15_59_295,0.6,-0.3141992,309179.0,258744.0,-0.6711177,-0.1158273,0.1360195,6.280481,0.009192813,0.3220795,1.71,0.006958706,0.002068667,-0.7604442,-0.01192093,-0.00423193,0.01894403,1.809
2024_02_10_20_15_59_332,0.6,-0.3141992,309354.0,258889.0,-0.6108292,-0.09678328,0.1360195,6.280481,0.009192863,0.2939405,1.71,0.006976949,0.002004079,-0.7605149,0.02253055,0.008761883,-0.06487593,1.809
2024_02_10_20_15_59_366,0.6,-0.3141992,309514.0,259023.0,-0.5549766,-0.08078501,0.1360194,6.280481,0.009192743,0.2680834,1.71,0.006996237,0.002088739,-0.7605001,-0.005364418,-0.005364418,0.02283882,1.809
2024_02_10_20_15_59_403,0.6,-0.3141992,309688.0,259168.0,-0.4937485,-0.06502226,0.1360193,6.280481,0.009192783,0.2399444,1.71,0.007004255,0.002097531,-0.76046,0.0115633,0.0007003545,-0.01138728,1.809
2024_02_10_20_15_59_441,0.6,-0.3141992,309868.0,259317.0,-0.4304296,-0.05063353,0.1360194,6.280481,0.009192769,0.2110454,1.71,0.007029633,0.002078863,-0.7604261,0.01633167,-0.001534819,0.03056414,1.809
2024_02_10_20_15_59_474,0.6,-0.3141992,310023.0,259447.0,-0.3751248,-0.03962673,0.1360194,6.280481,0.009193074,0.1859488,1.71,0.006987541,0.002035541,-0.7604756,0.0191927,-0.002637505,0.03082771,1.809
2024_02_10_20_15_59_511,0.6,-0.3141992,310198.0,259592.0,-0.3128101,-0.0289406,0.1360194,6.280481,0.009192735,0.1578109,1.71,0.007077004,0.002047944,-0.7603887,0.02896786,0.01168251,-0.06515905,1.809
2024_02_10_20_15_59_549,0.6,-0.3141992,310377.0,259741.0,-0.2485242,-0.01979503,0.1360194,6.280481,0.009192905,0.1289114,1.71,0.006979596,0.002046225,-0.7605596,0.01192093,-0.002965331,0.03060419,1.809
2024_02_10_20_15_59_582,0.6,-0.3141992,310533.0,259871.0,-0.192502,-0.0133627,0.1360193,6.280481,0.009192795,0.1038143,1.71,0.007057445,0.00209166,-0.7604858,0.002861023,0.004291534,-0.02653245,1.809
2024_02_10_20_15_59_620,0.6,-0.3141992,310712.0,260020.0,-0.1278167,-0.007699942,0.1360195,6.280481,0.00919284,0.07491579,1.71,0.006966608,0.002054199,-0.7604536,0.009179115,-0.001698732,0.02675969,1.809
2024_02_10_20_15_59_653,0.6,-0.3141992,310868.0,260149.0,-0.07152922,-0.004300481,0.1360194,6.280481,0.009193062,0.04981869,1.71,0.007023288,0.001966414,-0.7605413,0.02717972,0.0006705522,0.02317969,1.809
2024_02_10_20_15_59_690,0.6,-0.3141992,311042.0,260295.0,-0.008340657,-0.002170037,0.1360195,6.280481,0.009192888,0.02168079,1.71,0.006979744,0.002088589,-0.7604834,-0.02264976,-0.001743436,-0.01928583,1.809
2024_02_10_20_15_59_727,0.6,-0.3141992,311221.0,260444.0,0.05659157,-0.00183341,0.1360195,6.280481,0.009192949,6.275967,1.71,0.007021981,0.00200856,-0.7604503,0.0462532,0.01731515,-0.07994658,1.809
2024_02_10_20_15_59_766,0.6,-0.3141992,311396.0,260589.0,0.1197979,-0.003308555,0.1360195,6.280481,0.009193175,6.24783,1.71,0.006978056,0.002008609,-0.7604177,-0.01001358,-0.004351139,0.02285745,1.809
2024_02_10_20_15_59_799,0.6,-0.3141992,311556.0,260723.0,0.1778218,-0.006231416,0.1360195,6.280481,0.009192998,6.221974,1.71,0.006971632,0.00202388,-0.7604067,-0.008940697,-0.003874302,0.04578195,1.809
2024_02_10_20_15_59_836,0.6,-0.3141992,311731.0,260868.0,0.2408553,-0.0111156,0.1360195,6.280481,0.009193121,6.193838,1.71,0.007026879,0.002068071,-0.7603547,-0.0005960464,0.002816319,-0.01144037,1.809
2024_02_10_20_15_59_874,0.6,-0.3141992,311910.0,261017.0,0.3054236,-0.01797545,0.1360195,6.280481,0.009192939,6.16494,1.71,0.007030291,0.00209247,-0.7603353,0.02062321,0.004991889,-0.007730908,1.809
2024_02_10_20_15_59_907,0.6,-0.3141992,312066.0,261147.0,0.3613142,-0.02544419,0.1360196,6.280481,0.009193422,6.139845,1.71,0.006950095,0.001984541,-0.7604731,0.008821487,-0.002712011,0.02319086,1.809
2024_02_10_20_15_59_945,0.6,-0.3141992,312245.0,261296.0,0.4254181,-0.03577859,0.1360196,6.280481,0.009193053,6.110948,1.71,0.006979697,0.002010667,-0.760414,0.03659725,0.01007318,-0.06118789,1.809
2024_02_10_20_15_59_981,0.6,-0.3141992,312419.0,261441.0,0.4875231,-0.04761678,0.1360194,6.280481,0.009192753,6.082811,1.71,0.006957863,0.002185693,-0.7603468,-0.05125999,-0.01257658,0.08003785,1.809
2024_02_10_20_16_00_020,0.6,-0.3141992,312599.0,261590.0,0.5509337,-0.06158847,0.1360196,6.280481,0.009193066,6.053913,1.71,0.007029638,0.001970786,-0.7603396,0.01847744,0.008225441,-0.03445987,1.809
2024_02_10_20_16_00_053,0.6,-0.3141992,312754.0,261720.0,0.6056541,-0.07520401,0.1360195,6.280481,0.009192939,6.028818,1.71,0.007072409,0.002083624,-0.7603517,-0.01621246,-0.001847744,0.02279598,1.809
2024_02_10_20_16_00_090,0.6,-0.3141992,312929.0,261865.0,0.6665782,-0.09209752,0.1360195,6.280481,0.009193158,6.000681,1.71,0.007024419,0.002073378,-0.7604975,-0.02932548,-0.003635883,8.661299e-05,1.809
2024_02_10_20_16_00_128,0.6,-0.3141992,313108.0,262014.0,0.7286282,-0.1112246,0.1360195,6.280481,0.009193134,5.971785,1.71,0.006986609,0.001975344,-0.7604334,0.05245208,0.010252,-0.02657249,1.809
2024_02_10_20_16_00_161,0.6,-0.3141992,313264.0,262144.0,0.7820467,-0.1292833,0.1360195,6.280481,0.009192959,5.94669,1.71,0.006998483,0.002050425,-0.7603759,0.02479553,0.006020069,-0.01136586,1.809
2024_02_10_20_16_00_199,0.6,-0.3141992,313443.0,262293.0,0.8429751,-0.1517306,0.1360195,6.280481,0.009193016,5.917792,1.71,0.006953846,0.002070105,-0.760491,0.0004768371,0.001490116,-0.02273079,1.809
2024_02_10_20_16_00_232,0.6,-0.3141992,313599.0,262422.0,0.8953414,-0.1726458,0.1360195,6.280481,0.009192889,5.892697,1.71,0.007005691,0.002027066,-0.7603853,0.02634525,0.003099441,0.01163036,1.809
2024_02_10_20_16_00_270,0.6,-0.3141992,313778.0,262572.0,0.9549679,-0.1983488,0.1360195,6.280481,0.009193044,5.8638,1.71,0.007073292,0.001957152,-0.7604302,0.03671646,0.01937151,-0.1223199,1.809
2024_02_10_20_16_00_307,0.6,-0.3141992,313952.0,262717.0,1.012288,-0.225021,0.1360195,6.280481,0.009193138,5.835666,1.71,0.006912466,0.002082104,-0.7604677,-0.02717972,-0.009655952,0.04964228,1.809
2024_02_10_20_16_00_345,0.6,-0.3141992,314132.0,262866.0,1.070354,-0.2540806,0.1360195,6.280481,0.009193051,5.806767,1.71,0.006947156,0.002040401,-0.7604009,0.003695488,-0.005900859,0.03831182,1.809
2024_02_10_20_16_00_380,0.6,-0.3141992,314287.0,262996.0,1.120081,-0.2806688,0.1360195,6.280481,0.00919289,5.781671,1.71,0.006968413,0.001997456,-0.7604015,0.04053115,0.01007318,-0.04200637,1.809
2024_02_10_20_16_00_415,0.6,-0.3141992,314462.0,263141.0,1.175021,-0.3119539,0.1360195,6.280481,0.009192915,5.753535,1.71,0.006970768,0.002022854,-0.7604661,0.02467632,0.004827976,-0.02683885,1.809
2024_02_10_20_16_00_453,0.6,-0.3141992,314641.0,263290.0,1.230507,-0.3456804,0.1360195,6.280481,0.009192869,5.724638,1.71,0.00696895,0.002067587,-0.7604468,-0.007510185,-0.01013279,0.07261802,1.809
2024_02_10_20_16_00_490,0.6,-0.3141992,314816.0,263435.0,1.283576,-0.380046,0.1360195,6.280481,0.009193241,5.696502,1.71,0.006990236,0.002035459,-0.7605379,0.007390975,0.0,-0.01886208,1.809
2024_02_10_20_16_00_523,0.6,-0.3141992,314976.0,263569.0,1.331471,-0.4129302,0.1360194,6.280481,0.009193085,5.670648,1.71,0.00701468,0.002048762,-0.7604684,-0.02634525,-0.002384186,-0.01909398,1.809
2024_02_10_20_16_00_562,0.6,-0.3141992,315150.0,263714.0,1.382607,-0.45011,0.1360195,6.280481,0.009193101,5.642513,1.71,0.006979863,0.002034028,-0.7604388,-0.02360344,-0.007152557,0.03818609,1.809
2024_02_10_20_16_00_595,0.6,-0.3141992,315311.0,263847.0,1.428658,-0.4855308,0.1360195,6.280481,0.009193071,5.616657,1.71,0.007013791,0.002018578,-0.7604796,0.01049042,0.007092952,-0.03430806,1.809
2024_02_10_20_16_00_631,0.6,-0.3141992,315485.0,263993.0,1.477714,-0.5254145,0.1360195,6.280481,0.009193107,5.588517,1.71,0.006984703,0.002073331,-0.7604408,-0.02515316,-0.007808208,0.02308562,1.809
2024_02_10_20_16_00_670,0.6,-0.3141992,315665.0,264142.0,1.526906,-0.5677972,0.1360195,6.280481,0.009193048,5.559622,1.71,0.007009492,0.002101653,-0.7604429,-0.01692772,-0.00923872,0.04189461,1.809
2024_02_10_20_16_00_707,0.6,-0.3141992,315839.0,264287.0,1.573607,-0.6104132,0.1360196,6.280481,0.009192985,5.531487,1.71,0.006965458,0.002041693,-0.7603736,0.01502037,0.003814697,-0.007713213,1.809
2024_02_10_20_16_00_745,0.6,-0.3141992,316018.0,264436.0,1.620303,-0.6555306,0.1360196,6.280481,0.009193107,5.502591,1.71,0.006933505,0.00202101,-0.7604712,0.007629394,-0.006437301,0.04971027,1.809
2024_02_10_20_16_00_782,0.6,-0.3141992,316193.0,264582.0,1.6645,-0.7007397,0.1360195,6.280481,0.009193092,5.474455,1.71,0.007046187,0.002045671,-0.7604021,0.02264976,0.0001788139,0.0117477,1.809
2024_02_10_20_16_00_820,0.6,-0.3141992,316367.0,264727.0,1.707404,-0.7471749,0.1360195,6.280481,0.009193065,5.446322,1.71,0.006988559,0.002108934,-0.7603996,-0.006079673,0.002264977,-0.04591886,1.809
2024_02_10_20_16_00_857,0.6,-0.3141992,316547.0,264876.0,1.750094,-0.7961009,0.1360195,6.280481,0.009192835,5.417423,1.71,0.006935792,0.002092964,-0.7604032,0.03349781,0.003278255,-0.0229422,1.809
2024_02_10_20_16_00_895,0.6,-0.3141992,316721.0,265021.0,1.790285,-0.8449049,0.1360195,6.280481,0.009193118,5.389286,1.71,0.007014012,0.001994869,-0.7604759,0.01239777,0.0004768371,0.01537241,1.809
2024_02_10_20_16_00_932,0.6,-0.3141992,316900.0,265170.0,1.830115,-0.8961847,0.1360195,6.280481,0.009192994,5.360389,1.71,0.006974861,0.002091265,-0.7604032,-0.005722045,0.0005960464,-0.0152681,1.809
2024_02_10_20_16_00_965,0.6,-0.3141992,317056.0,265300.0,1.86349,-0.9416355,0.1360196,6.280481,0.009193121,5.335293,1.71,0.006946742,0.002033654,-0.7604951,-0.004768372,-0.002264977,-0.007569789,1.809
2024_02_10_20_16_01_003,0.6,-0.3141992,317235.0,265449.0,1.900495,-0.9949899,0.1360195,6.280481,0.009192987,5.306396,1.71,0.006964207,0.002080849,-0.7604641,0.01323223,0.001013279,-0.003752298,1.809
2024_02_10_20_16_01_040,0.6,-0.3141992,317410.0,265594.0,1.93503,-1.047947,0.1360196,6.280481,0.009193039,5.27826,1.71,0.007027856,0.002049786,-0.7603817,0.01764297,0.009417534,-0.05720649,1.809
2024_02_10_20_16_01_074,0.6,-0.3141992,317570.0,265728.0,1.965441,-1.097448,0.1360195,6.280481,0.009193127,5.252404,1.71,0.00706636,0.001999809,-0.7604335,0.04148483,0.0140667,-0.09168591,1.809
2024_02_10_20_16_01_111,0.6,-0.3141992,317745.0,265873.0,1.997069,-1.152192,0.1360195,6.280481,0.009192938,5.224268,1.71,0.007019749,0.002036177,-0.7604116,0.01049042,0.0005364418,0.01527835,1.809
2024_02_10_20_16_01_149,0.6,-0.3141992,317924.0,266022.0,2.027935,-1.209318,0.1360195,6.280481,0.009193057,5.195369,1.71,0.007041887,0.002076338,-0.7604001,-0.01096725,0.003278255,-0.02673641,1.809
2024_02_10_20_16_01_186,0.6,-0.3141992,318098.0,266168.0,2.05639,-1.265775,0.1360195,6.280481,0.009193341,5.167236,1.71,0.006994686,0.002016028,-0.7604468,0.01382828,0.002861023,-0.01500361,1.809
2024_02_10_20_16_01_224,0.6,-0.3141992,318278.0,266317.0,2.083946,-1.324568,0.1360195,6.280481,0.009192971,5.138344,1.71,0.007059721,0.002076883,-0.7602659,-0.006914138,0.007331371,-0.05729869,1.809
2024_02_10_20_16_01_261,0.6,-0.3141992,318452.0,266462.0,2.109136,-1.382555,0.1360195,6.280481,0.009193112,5.110208,1.71,0.007050736,0.002062442,-0.7604045,0.001907349,0.006020069,-0.04958268,1.809
2024_02_10_20_16_01_299,0.6,-0.3141992,318631.0,266611.0,2.133299,-1.442824,0.1360195,6.280481,0.009192997,5.081312,1.71,0.007034229,0.002087907,-0.7603365,-0.02169609,0.0007152557,-0.04208833,1.809
2024_02_10_20_16_01_336,0.6,-0.3141992,318806.0,266756.0,2.155143,-1.502153,0.1360195,6.280481,0.009193046,5.053178,1.71,0.007038618,0.002048079,-0.7603722,0.007987022,0.002652406,-0.0228025,1.809
2024_02_10_20_16_01_370,0.6,-0.3141992,318962.0,266886.0,2.173209,-1.555568,0.1360195,6.280481,0.009193204,5.028086,1.71,0.006969128,0.002007934,-0.7604476,-0.006318092,-0.005871057,0.05355198,1.809
2024_02_10_20_16_01_407,0.6,-0.3141992,319141.0,267035.0,2.192347,-1.617615,0.1360196,6.280481,0.009193338,4.999191,1.71,0.007035511,0.001977738,-0.7603459,0.01835823,0.004440546,-0.02655573,1.809
2024_02_10_20_16_01_439,0.6,-0.3141992,319297.0,267165.0,2.207506,-1.671926,0.1360196,6.280481,0.009193192,4.974098,1.71,0.007030814,0.002041247,-0.760367,-0.002145767,-0.004857779,0.01134258,1.809
2024_02_10_20_16_01_478,0.6,-0.3141992,319476.0,267314.0,2.223266,-1.734915,0.1360195,6.280481,0.009193128,4.945202,1.71,0.006988296,0.002039509,-0.7604129,0.007748603,0.00628829,-0.04573632,1.809
2024_02_10_20_16_01_515,0.6,-0.3141992,319650.0,267459.0,2.236856,-1.796657,0.1360196,6.280481,0.009192948,4.917067,1.71,0.006896117,0.002108234,-0.7603576,-0.0180006,-0.006988644,0.06471854,1.809
2024_02_10_20_16_01_553,0.6,-0.3141992,319830.0,267608.0,2.249003,-1.860442,0.1360196,6.280481,0.009193162,4.88817,1.71,0.007016363,0.002015968,-0.7603984,0.01263618,0.0007599592,0.01553818,1.809
2024_02_10_20_16_01_586,0.6,-0.3141992,319985.0,267738.0,2.25805,-1.916099,0.1360196,6.280481,0.009193296,4.863078,1.71,0.007006886,0.001974805,-0.7604194,0.02217293,0.007569789,-0.03049802,1.809
2024_02_10_20_16_01_624,0.6,-0.3141992,320164.0,267887.0,2.266735,-1.980447,0.1360195,6.280481,0.009193152,4.834181,1.71,0.006966672,0.002014531,-0.7604135,-0.02563,-0.003904104,0.0268016,1.809
2024_02_10_20_16_01_661,0.6,-0.3141992,320339.0,268032.0,2.2734,-2.043317,0.1360195,6.280481,0.009193086,4.806047,1.71,0.006990146,0.002021175,-0.7604445,-0.003933907,0.006586313,-0.04979781,1.809
2024_02_10_20_16_01_699,0.6,-0.3141992,320518.0,268182.0,2.278403,-2.108054,0.1360196,6.280481,0.009192742,4.77715,1.71,0.006943523,0.002070506,-0.7603113,-0.01335144,-0.0006854534,0.007319264,1.809
2024_02_10_20_16_01_736,0.6,-0.3141992,320693.0,268327.0,2.281477,-2.171201,0.1360194,6.280481,0.009192952,4.749014,1.71,0.007021964,0.002049892,-0.7604071,0.004529953,0.003069639,-0.02275407,1.809
2024_02_10_20_16_01_775,0.6,-0.3141992,320872.0,268476.0,2.282781,-2.236119,0.1360195,6.280481,0.009193074,4.720115,1.71,0.006943194,0.002028612,-0.7604365,0.01204014,0.003159046,-0.02287794,1.809
2024_02_10_20_16_01_811,0.6,-0.3141992,321046.0,268621.0,2.28225,-2.299339,0.1360196,6.280481,0.009192961,4.691978,1.71,0.006986991,0.002052018,-0.7602988,-0.006318092,0.001206994,-0.03074482,1.809
2024_02_10_20_16_01_847,0.6,-0.3141992,321226.0,268770.0,2.279854,-2.364225,0.1360195,6.280481,0.009192943,4.663083,1.71,0.007024759,0.002055463,-0.7603778,-0.01573563,-0.002771616,0.02293661,1.809
2024_02_10_20_16_01_886,0.6,-0.3141992,321400.0,268916.0,2.275719,-2.427314,0.1360195,6.280481,0.009193042,4.634946,1.71,0.006971573,0.00204819,-0.7603913,-0.02992153,-0.0007152557,-0.003811903,1.809
2024_02_10_20_16_01_924,0.6,-0.3141992,321579.0,269065.0,2.269628,-2.491958,0.1360195,6.280481,0.009192825,4.606049,1.71,0.007005149,0.002119518,-0.7602549,-0.02932548,-0.008255243,0.03802497,1.809
2024_02_10_20_16_01_961,0.6,-0.3141992,321754.0,269210.0,2.261903,-2.554708,0.1360196,6.280481,0.009192929,4.577913,1.71,0.007017147,0.001997815,-0.7603358,0.03302097,0.00745058,0.0001089647,1.809
2024_02_10_20_16_01_999,0.6,-0.3141992,321933.0,269359.0,2.252136,-2.6189,0.1360195,6.280481,0.009192886,4.549016,1.71,0.006995407,0.002107437,-0.7603718,-0.02968311,-0.01040101,0.06864499,1.809
2024_02_10_20_16_02_036,0.6,-0.3141992,322108.0,269505.0,2.240848,-2.681107,0.1360195,6.280481,0.009192985,4.520881,1.71,0.006972056,0.002081594,-0.7604237,0.00166893,0.001907349,-0.007500872,1.809
2024_02_10_20_16_02_074,0.6,-0.3141992,322287.0,269654.0,2.227437,-2.744638,0.1360195,6.280481,0.009192866,4.491984,1.71,0.007007251,0.00204853,-0.7603536,0.009059906,0.001013279,0.003717839,1.809
2024_02_10_20_16_02_111,0.6,-0.3141992,322462.0,269799.0,2.212623,-2.806101,0.1360194,6.280481,0.009192713,4.463848,1.71,0.007078704,0.002073279,-0.7603417,0.01358986,0.005483627,-0.01148321,1.809
2024_02_10_20_16_02_149,0.6,-0.3141992,322641.0,269948.0,2.195615,-2.868767,0.1360195,6.280481,0.009192814,4.43495,1.71,0.006959895,0.002121158,-0.7604183,-0.007748603,-0.004827976,-0.0002393499,1.809
2024_02_10_20_16_02_186,0.6,-0.3141992,322815.0,270093.0,2.17732,-2.929286,0.1360193,6.280481,0.009192782,4.406815,1.71,0.007030549,0.002114946,-0.7603796,-0.02336502,-0.007927418,0.03816374,1.809
2024_02_10_20_16_02_224,0.6,-0.3141992,322995.0,270243.0,2.156765,-2.990878,0.1360195,6.280481,0.009192967,4.377916,1.71,0.006957199,0.002023161,-0.7604318,0.01037121,0.0009536743,-0.02302881,1.809
2024_02_10_20_16_02_261,0.6,-0.3141992,323169.0,270388.0,2.135049,-3.050256,0.1360196,6.280481,0.009192879,4.349774,1.71,0.006958232,0.002041901,-0.7604134,-0.0009536743,-0.004649162,0.02265442,1.809
2024_02_10_20_16_02_299,0.6,-0.3141992,323348.0,270537.0,2.111017,-3.110578,0.1360194,6.280481,0.009192887,4.320875,1.71,0.007011807,0.002046703,-0.7603954,-0.0007152557,0.0003576278,0.01539942,1.809
2024_02_10_20_16_02_336,0.6,-0.3141992,323523.0,270682.0,2.085954,-3.168621,0.1360195,6.280481,0.009192925,4.292736,1.71,0.006976967,0.002053719,-0.7603869,-0.01704693,0.0009536743,-0.003868714,1.809
2024_02_10_20_16_02_374,0.6,-0.3141992,323697.0,270828.0,2.059267,-3.225937,0.1360194,6.280481,0.009193041,4.264599,1.71,0.006984361,0.00203795,-0.7603901,0.02884865,0.01084804,-0.0609206,1.809
2024_02_10_20_16_02_411,0.6,-0.3141992,323877.0,270977.0,2.030192,-3.283994,0.1360195,6.280481,0.009192894,4.235699,1.71,0.006970613,0.002071761,-0.7604486,-0.008940697,0.006198883,-0.0574449,1.809
2024_02_10_20_16_02_449,0.6,-0.3141992,324051.0,271122.0,2.000278,-3.339693,0.1360195,6.280481,0.009192863,4.207561,1.71,0.007023438,0.00206789,-0.7603597,0.002145767,5.960464e-05,-0.003937632,1.809
2024_02_10_20_16_02_482,0.6,-0.3141992,324211.0,271255.0,1.97142,-3.390116,0.1360194,6.280481,0.009192953,4.181709,1.71,0.006968027,0.002032426,-0.7604207,0.02217293,0.006258487,-0.03063679,1.809
2024_02_10_20_16_02_519,0.6,-0.3141992,324386.0,271401.0,1.938545,-3.444121,0.1360195,6.280481,0.00919298,4.153572,1.71,0.007080774,0.001969543,-0.7602979,0.0244379,0.01764297,-0.08787773,1.809
2024_02_10_20_16_02_553,0.6,-0.3141992,324546.0,271534.0,1.907009,-3.492913,0.1360194,6.280481,0.009193062,4.127717,1.71,0.007018163,0.001989419,-0.7604119,0.0500679,0.0166893,-0.102873,1.809
2024_02_10_20_16_02_590,0.6,-0.3141992,324721.0,271679.0,1.871269,-3.545065,0.1360195,6.280481,0.009193083,4.09958,1.71,0.006969707,0.002022671,-0.7604537,-0.007271766,-0.007331371,0.04200358,1.809
2024_02_10_20_16_02_628,0.6,-0.3141992,324900.0,271829.0,1.833051,-3.597557,0.1360195,6.280481,0.009193021,4.070683,1.71,0.006929222,0.002056093,-0.7604996,-0.02038479,-0.00655651,0.06105471,1.809
2024_02_10_20_16_02_665,0.6,-0.3141992,325075.0,271974.0,1.794396,-3.647587,0.1360195,6.280481,0.009193127,4.042548,1.71,0.006896034,0.002076741,-0.7604923,0.002503395,-0.01192093,0.06124284,1.809
2024_02_10_20_16_02_703,0.6,-0.3141992,325254.0,272123.0,1.753247,-3.697816,0.1360195,6.280481,0.009192967,4.013652,1.71,0.006915606,0.002081747,-0.7604416,-0.02503395,-0.009834765,0.05354266,1.809
2024_02_10_20_16_02_740,0.6,-0.3141992,325428.0,272268.0,1.711802,-3.745563,0.1360195,6.280481,0.009193049,3.985517,1.71,0.006978779,0.002026935,-0.7604803,-0.006794929,-0.002264977,0.01142174,1.809
2024_02_10_20_16_02_778,0.6,-0.3141992,325608.0,272417.0,1.667856,-3.793365,0.1360195,6.280481,0.00919289,3.956619,1.71,0.006952546,0.001991005,-0.7604196,0.0003576278,-0.006198883,0.0725165,1.809
2024_02_10_20_16_02_815,0.6,-0.3141992,325782.0,272563.0,1.623757,-3.838669,0.1360195,6.280481,0.009192934,3.928481,1.71,0.007048427,0.002021804,-0.7603538,0.0231266,0.006079673,-0.01131184,1.809
2024_02_10_20_16_02_853,0.6,-0.3141992,325961.0,272712.0,1.577157,-3.88389,0.1360194,6.280481,0.00919294,3.899582,1.71,0.006944416,0.00205759,-0.7605289,-0.03564358,-0.007927418,0.04597567,1.809
2024_02_10_20_16_02_885,0.6,-0.3141992,326117.0,272841.0,1.535645,-3.922054,0.1360194,6.280481,0.00919288,3.874488,1.71,0.00694579,0.002086733,-0.760415,-0.01788139,-0.01126528,0.05359389,1.809
2024_02_10_20_16_02_923,0.6,-0.3141992,326292.0,272987.0,1.487977,-3.963588,0.1360194,6.280481,0.009192908,3.846351,1.71,0.006985179,0.002043566,-0.7604021,0.03349781,0.008702278,-0.04961528,1.809
2024_02_10_20_16_02_957,0.6,-0.3141992,326452.0,273120.0,1.443161,-4.00056,0.1360195,6.280481,0.0091928,3.820496,1.71,0.007028413,0.0020842,-0.7603188,-0.004291534,-0.0001192093,-0.008054078,1.809
2024_02_10_20_16_02_994,0.6,-0.3141992,326626.0,273265.0,1.393322,-4.039462,0.1360193,6.280481,0.00919285,3.792358,1.71,0.007058457,0.002115313,-0.7603273,0.006437301,0.00834465,-0.06104912,1.809
2024_02_10_20_16_03_032,0.6,-0.3141992,326806.0,273415.0,1.341018,-4.07794,0.1360194,6.280481,0.009193072,3.76346,1.71,0.006961138,0.002024606,-0.7604539,-0.005364418,0.001966953,-0.03071874,1.809
2024_02_10_20_16_03_069,0.6,-0.3141992,326980.0,273560.0,1.289042,-4.113938,0.1360195,6.280481,0.009193009,3.735324,1.71,0.006994559,0.002048351,-0.7603952,0.01227856,-0.005424022,0.06143935,1.809
2024_02_10_20_16_03_107,0.6,-0.3141992,327159.0,273709.0,1.234629,-4.149373,0.1360196,6.280481,0.00919293,3.706428,1.71,0.007048833,0.002093471,-0.7603475,0.02431869,-0.005722045,0.06107334,1.809
2024_02_10_20_16_03_144,0.6,-0.3141992,327334.0,273854.0,1.180687,-4.18235,0.1360196,6.280481,0.009193226,3.678291,1.71,0.006891544,0.002093188,-0.7604641,-0.01478195,-0.0115037,0.04214234,1.809
2024_02_10_20_16_03_182,0.6,-0.3141992,327513.0,274003.0,1.124344,-4.214623,0.1360195,6.280481,0.009193144,3.649394,1.71,0.006957985,0.002053624,-0.7604525,0.007152557,-0.003933907,0.0269534,1.809
2024_02_10_20_16_03_215,0.6,-0.3141992,327669.0,274133.0,1.074674,-4.241319,0.1360195,6.280481,0.009192953,3.6243,1.71,0.007029285,0.002015207,-0.7603306,0.03111362,0.008583069,-0.01502316,1.809
2024_02_10_20_16_03_253,0.6,-0.3141992,327848.0,274282.0,1.016671,-4.270504,0.1360195,6.280481,0.009192886,3.595404,1.71,0.007060461,0.002073622,-0.7603376,0.01752377,0.008702278,-0.06120186,1.809
2024_02_10_20_16_03_290,0.6,-0.3141992,328023.0,274427.0,0.9594064,-4.297301,0.1360195,6.280481,0.009192956,3.567268,1.71,0.007032711,0.002067451,-0.7603396,-0.00655651,0.01007318,-0.09191781,1.809
2024_02_10_20_16_03_324,0.6,-0.3141992,328178.0,274557.0,0.907715,-4.319835,0.1360195,6.280481,0.009193163,3.542173,1.71,0.006925822,0.002032838,-0.7605084,0.001072884,-0.0004768371,-0.007460825,1.809
2024_02_10_20_16_03_361,0.6,-0.3141992,328358.0,274706.0,0.8475126,-4.344167,0.1360196,6.280481,0.009192958,3.513276,1.71,0.006989485,0.002047914,-0.7603869,0.01573563,-0.0003874302,-6.426126e-05,1.809
2024_02_10_20_16_03_399,0.6,-0.3141992,328532.0,274851.0,0.7882432,-4.366176,0.1360195,6.280481,0.009192899,3.48514,1.71,0.007038167,0.001969184,-0.7604153,0.05710125,0.01186132,-0.02645887,1.809
2024_02_10_20_16_03_431,0.6,-0.3141992,328692.0,274985.0,0.7332528,-4.384923,0.1360194,6.280481,0.009192889,3.459285,1.71,0.007034101,0.001994609,-0.7603575,0.001311302,0.006526708,-0.007840805,1.809
2024_02_10_20_16_03_469,0.6,-0.3141992,328867.0,275130.0,0.6728817,-4.403703,0.1360195,6.280481,0.009192868,3.431149,1.71,0.006966352,0.002095925,-0.7603355,0.006794929,0.003188848,-0.03433786,1.809
2024_02_10_20_16_03_507,0.6,-0.3141992,329046.0,275279.0,0.6103545,-4.421214,0.1360195,6.280481,0.009193021,3.402252,1.71,0.007027282,0.002038123,-0.7604691,0.0007152557,0.001728535,-0.03064703,1.809
2024_02_10_20_16_03_540,0.6,-0.3141992,329202.0,275409.0,0.555663,-4.434949,0.1360194,6.280481,0.009192884,3.377157,1.71,0.006919145,0.002087977,-0.760423,-0.0128746,-0.005573034,0.03048125,1.809
2024_02_10_20_16_03_577,0.6,-0.3141992,329376.0,275554.0,0.4939546,-4.448712,0.1360195,6.280481,0.009193028,3.349021,1.71,0.006958385,0.00212691,-0.7604395,-0.01955032,-0.008776784,0.02297014,1.809
2024_02_10_20_16_03_615,0.6,-0.3141992,329556.0,275703.0,0.4302018,-4.461034,0.1360194,6.280481,0.009192821,3.320124,1.71,0.007000343,0.002098607,-0.7604522,-0.01883507,-0.00655651,0.0304738,1.809
2024_02_10_20_16_03_653,0.6,-0.3141992,329730.0,275849.0,0.3678088,-4.471258,0.1360195,6.280481,0.009192984,3.291987,1.71,0.006992666,0.002034754,-0.7604198,-0.003814697,0.003963709,-0.03811065,1.809
2024_02_10_20_16_03_685,0.6,-0.3141992,329890.0,275982.0,0.3102416,-4.4791,0.1360194,6.280481,0.009192861,3.266132,1.71,0.006951203,0.002129659,-0.7604632,-0.0001192093,-0.006273388,0.02677738,1.809
2024_02_10_20_16_03_723,0.6,-0.3141992,330065.0,276127.0,0.247388,-4.485941,0.1360195,6.280481,0.00919301,3.237996,1.71,0.007027929,0.002045122,-0.7603502,0.004529953,0.003278255,-0.007512047,1.809
2024_02_10_20_16_03_761,0.6,-0.3141992,330244.0,276277.0,0.1826625,-4.491126,0.1360195,6.280481,0.009193032,3.2091,1.71,0.006968524,0.00203735,-0.7603944,-0.01192093,-0.001594424,0.003579072,1.809
2024_02_10_20_16_03_797,0.6,-0.3141992,330419.0,276422.0,0.1195217,-4.494373,0.1360195,6.280481,0.009192974,3.180964,1.71,0.007047604,0.002089702,-0.7604116,-0.005602836,0.001862645,-0.02672989,1.809
2024_02_10_20_16_03_836,0.6,-0.3141992,330598.0,276571.0,0.05460587,-4.495858,0.1360196,6.280481,0.009193146,3.152067,1.71,0.006902711,0.002025877,-0.7604708,-0.02062321,-0.007092952,0.02281274,1.809
2024_02_10_20_16_03_873,0.6,-0.3141992,330773.0,276716.0,-0.00861761,-4.495501,0.1360194,6.280481,0.009193099,3.123931,1.71,0.006971788,0.002086147,-0.7604463,0.02014637,8.940696e-05,-0.00725314,1.809
2024_02_10_20_16_03_911,0.6,-0.3141992,330952.0,276865.0,-0.07351273,-4.493284,0.1360195,6.280481,0.009193095,3.095035,1.71,0.006946851,0.002105628,-0.7604296,-0.0257492,-0.009909271,0.04596728,1.809
2024_02_10_20_16_03_948,0.6,-0.3141992,331126.0,277011.0,-0.1366129,-4.489325,0.1360195,6.280481,0.009193,3.066899,1.71,0.00707728,0.002074015,-0.7603444,-0.02431869,0.01166761,-0.1109913,1.809
2024_02_10_20_16_03_986,0.6,-0.3141992,331306.0,277160.0,-0.2012765,-4.483411,0.1360194,6.280481,0.00919294,3.038002,1.71,0.007039617,0.002088471,-0.7604672,0.005125999,-0.0003576278,0.00395719,1.809
2024_02_10_20_16_04_023,0.6,-0.3141992,331480.0,277305.0,-0.264049,-4.475862,0.1360196,6.280481,0.009193062,3.009866,1.71,0.006978444,0.0021041,-0.7604392,-0.01645088,-0.002816319,0.003797002,1.809
2024_02_10_20_16_04_062,0.6,-0.3141992,331659.0,277454.0,-0.3282695,-4.466274,0.1360195,6.280481,0.009193066,2.980968,1.71,0.007013724,0.001995739,-0.7603341,0.01370907,0.009089708,-0.0455575,1.809
2024_02_10_20_16_04_098,0.6,-0.3141992,331834.0,277600.0,-0.3905087,-4.455159,0.1360195,6.280481,0.00919294,2.952832,1.71,0.006975105,0.002042532,-0.7603947,-0.02753734,-0.001937151,-0.007877126,1.809
2024_02_10_20_16_04_136,0.6,-0.3141992,332013.0,277749.0,-0.4540795,-4.441924,0.1360195,6.280481,0.009193149,2.923935,1.71,0.006980503,0.002021902,-0.7604743,-0.02634525,-0.002562999,-6.426126e-05,1.809
2024_02_10_20_16_04_173,0.6,-0.3141992,332188.0,277894.0,-0.5155842,-4.427279,0.1360196,6.280481,0.00919302,2.895799,1.71,0.006975075,0.002020009,-0.760485,0.01382828,0.003129244,-0.04202872,1.809
2024_02_10_20_16_04_207,0.6,-0.3141992,332348.0,278027.0,-0.5717196,-4.4123,0.1360194,6.280481,0.009192877,2.869945,1.71,0.007015077,0.00208314,-0.7603545,-0.00500679,0.003784895,-0.04209205,1.809
2024_02_10_20_16_04_244,0.6,-0.3141992,332522.0,278173.0,-0.6323447,-4.394356,0.1360195,6.280481,0.009193026,2.841808,1.71,0.0070057,0.002013347,-0.7603622,0.02110004,0.009357929,-0.05334243,1.809
2024_02_10_20_16_04_282,0.6,-0.3141992,332702.0,278322.0,-0.6940562,-4.374163,0.1360194,6.280481,0.009192977,2.812912,1.71,0.006952357,0.002095767,-0.7604615,-0.01883507,-0.00500679,-0.00759121,1.809
2024_02_10_20_16_04_319,0.6,-0.3141992,332876.0,278467.0,-0.7535598,-4.352793,0.1360195,6.280481,0.009193016,2.784778,1.71,0.006996364,0.002054817,-0.7603959,-0.006079673,0.002741813,-0.03080256,1.809
2024_02_10_20_16_04_357,0.6,-0.3141992,333055.0,278616.0,-0.8140205,-4.329113,0.1360196,6.280481,0.009193016,2.75588,1.71,0.0069698,0.002031305,-0.7603995,0.02491474,0.002026558,-0.01115538,1.809
2024_02_10_20_16_04_394,0.6,-0.3141992,333230.0,278762.0,-0.8722098,-4.304387,0.1360195,6.280481,0.009193014,2.727744,1.71,0.006956071,0.002074645,-0.7604825,-0.003457069,-0.005185604,0.02298597,1.809
2024_02_10_20_16_04_431,0.6,-0.3141992,333409.0,278911.0,-0.931222,-4.277298,0.1360195,6.280481,0.009192805,2.698848,1.71,0.007104294,0.002056889,-0.7603564,0.0269413,0.01299381,-0.03437139,1.809
2024_02_10_20_16_04_469,0.6,-0.3141992,333584.0,279056.0,-0.9879057,-4.249295,0.1360194,6.280481,0.009192912,2.670711,1.71,0.007057446,0.002035733,-0.7603469,0.04148483,0.01209974,-0.06871577,1.809
2024_02_10_20_16_04_507,0.6,-0.3141992,333758.0,279201.0,-1.04378,-4.219707,0.1360195,6.280481,0.009193086,2.642576,1.71,0.007015969,0.002050535,-0.760409,0.01454353,0.005185604,-0.0456376,1.809
2024_02_10_20_16_04_540,0.6,-0.3141992,333919.0,279335.0,-1.094371,-4.191142,0.1360195,6.280481,0.009193011,2.616723,1.71,0.006986293,0.002083058,-0.7603754,-0.03302097,-0.006496906,0.04187971,1.809
2024_02_10_20_16_04_585,0.6,-0.3141992,334112.0,279496.0,-1.15437,-4.154971,0.1360195,6.280481,0.009192835,2.585546,1.71,0.006975879,0.002048377,-0.7603629,0.01728535,0.003695488,-0.01915917,1.809
2024_02_10_20_16_04_614,0.6,-0.3141992,334272.0,279629.0,-1.203251,-4.12357,0.1360195,6.280481,0.009193109,2.559693,1.71,0.007035304,0.001999089,-0.7603682,0.01621246,0.004053116,-0.01520477,1.809
2024_02_10_20_16_04_652,0.6,-0.3141992,334447.0,279774.0,-1.255503,-4.087975,0.1360195,6.280481,0.009192964,2.531559,1.71,0.006965689,0.002034384,-0.7604141,-0.0308752,-0.01037121,0.08394755,1.809
2024_02_10_20_16_04_686,0.6,-0.3141992,334607.0,279908.0,-1.302616,-4.053979,0.1360195,6.280481,0.009192942,2.505708,1.71,0.007071886,0.002020714,-0.7603922,0.004529953,0.004827976,0.007547438,1.809
2024_02_10_20_16_04_718,0.6,-0.3141992,334763.0,280037.0,-1.34749,-4.019832,0.1360195,6.280482,0.009192922,2.480614,1.71,0.007020807,0.002028523,-0.7604377,0.01525879,0.008106232,-0.03431737,1.809
2024_02_10_20_16_04_757,0.6,-0.3141992,334937.0,280183.0,-1.396769,-3.980221,0.1360196,6.280481,0.009193096,2.452477,1.71,0.006973247,0.002001634,-0.7604012,-0.006198883,-0.002801418,0.01139007,1.809
2024_02_10_20_16_04_794,0.6,-0.3141992,335117.0,280332.0,-1.446196,-3.938112,0.1360194,6.280481,0.009192876,2.42358,1.71,0.007015462,0.002043415,-0.7603692,0.001907349,-0.002562999,0.03805198,1.809
2024_02_10_20_16_04_832,0.6,-0.3141992,335291.0,280477.0,-1.493134,-3.895756,0.1360195,6.280481,0.009192901,2.395445,1.71,0.006983576,0.002108899,-0.7604095,-0.05054474,-0.007331371,0.007300637,1.809
2024_02_10_20_16_04_865,0.6,-0.3141992,335452.0,280611.0,-1.535201,-3.855684,0.1360195,6.280481,0.009193033,2.36959,1.71,0.006952551,0.002098312,-0.7604969,-0.06449223,-0.02104044,0.114386,1.809
2024_02_10_20_16_04_898,0.6,-0.3141992,335607.0,280740.0,-1.575027,-3.815763,0.1360195,6.280481,0.009192832,2.344495,1.71,0.007037028,0.002048745,-0.7603533,0.04029274,0.02199411,-0.1450796,1.809
2024_02_10_20_16_04_932,0.6,-0.3141992,335763.0,280870.0,-1.613838,-3.774855,0.1360196,6.280481,0.009193087,2.319402,1.71,0.006933642,0.00203301,-0.760448,-0.002503395,-0.00244379,0.007566064,1.809
2024_02_10_20_16_04_965,0.6,-0.3141992,335923.0,281003.0,-1.652739,-3.731703,0.1360195,6.280481,0.009192802,2.293544,1.71,0.00700914,0.002104818,-0.760383,0.0009536743,0.006914138,-0.06514508,1.809
2024_02_10_20_16_05_002,0.6,-0.3141992,336098.0,281148.0,-1.69379,-3.683618,0.1360196,6.280481,0.009193204,2.265408,1.71,0.006981165,0.001992944,-0.7603893,0.02765655,0.001132488,0.0003017485,1.809
2024_02_10_20_16_05_036,0.6,-0.3141992,336258.0,281282.0,-1.730306,-3.638431,0.1360195,6.280481,0.009193067,2.239553,1.71,0.006989999,0.002043449,-0.7604185,-0.01585484,-0.00578165,0.03443286,1.809
2024_02_10_20_16_05_073,0.6,-0.3141992,336433.0,281427.0,-1.768702,-3.5882,0.1360195,6.280481,0.009192932,2.211416,1.71,0.007097516,0.00206655,-0.7602726,0.005483627,0.0009536743,0.02296455,1.809
2024_02_10_20_16_05_111,0.6,-0.3141992,336612.0,281576.0,-1.80665,-3.53551,0.1360196,6.280481,0.009193219,2.182521,1.71,0.006940289,0.001996135,-0.760439,0.01239777,-0.004708767,0.01528114,1.809
2024_02_10_20_16_05_148,0.6,-0.3141992,336786.0,281722.0,-1.84212,-3.483174,0.1360195,6.280481,0.009193037,2.154383,1.71,0.006964576,0.002086279,-0.7604588,-0.03218651,-0.01502037,0.09926222,1.809
2024_02_10_20_16_05_186,0.6,-0.3141992,336966.0,281871.0,-1.877001,-3.428406,0.1360194,6.280481,0.00919304,2.125487,1.71,0.00699188,0.002037931,-0.7604059,-0.006794929,0.001072884,-0.0230819,1.809
2024_02_10_20_16_05_219,0.6,-0.3141992,337121.0,282000.0,-1.905999,-3.380044,0.1360195,6.280481,0.009193057,2.100393,1.71,0.006987248,0.002050196,-0.7603782,0.01096725,0.002801418,-0.01117214,1.809
2024_02_10_20_16_05_257,0.6,-0.3141992,337296.0,282146.0,-1.937055,-3.324975,0.1360195,6.280481,0.009193031,2.072256,1.71,0.006954005,0.002000111,-0.760442,0.04935264,0.008702278,-0.03053527,1.809
2024_02_10_20_16_05_294,0.6,-0.3141992,337475.0,282295.0,-1.967325,-3.267531,0.1360194,6.280481,0.009193119,2.043361,1.71,0.007062281,0.002029449,-0.7603607,0.0333786,0.005543231,-0.01487043,1.809
2024_02_10_20_16_05_332,0.6,-0.3141992,337650.0,282440.0,-1.995193,-3.210783,0.1360195,6.280481,0.009193053,2.015223,1.71,0.006952279,0.002093904,-0.760421,-0.007390975,-0.002503395,0.004014,1.809
2024_02_10_20_16_05_365,0.6,-0.3141992,337810.0,282574.0,-2.019383,-3.157961,0.1360194,6.280481,0.00919294,1.989371,1.71,0.006997732,0.002048171,-0.7604185,0.003933907,0.009208918,-0.04967674,1.809
2024_02_10_20_16_05_401,0.6,-0.3141992,337985.0,282719.0,-2.044147,-3.099789,0.1360194,6.280481,0.009192715,1.961235,1.71,0.007065481,0.002106669,-0.7603269,-0.002622604,0.004649162,-0.04603248,1.809
2024_02_10_20_16_05_436,0.6,-0.3141992,338145.0,282852.0,-2.065452,-3.045741,0.1360195,6.280481,0.009193081,1.93538,1.71,0.006935888,0.002020965,-0.7604004,-0.01788139,-0.002771616,-0.0001341105,1.809
2024_02_10_20_16_05_473,0.6,-0.3141992,338319.0,282997.0,-2.087039,-2.986318,0.1360195,6.280481,0.009192947,1.907245,1.71,0.00697735,0.002034667,-0.7604021,-0.005960464,-0.003308058,0.01493003,1.809
2024_02_10_20_16_05_511,0.6,-0.3141992,338499.0,283147.0,-2.107462,-2.924682,0.1360194,6.280481,0.009193098,1.878349,1.71,0.007026329,0.002066018,-0.7604018,-0.001430511,-0.001609325,-0.02284162,1.809
2024_02_10_20_16_05_548,0.6,-0.3141992,338673.0,283292.0,-2.125628,-2.864125,0.1360195,6.280481,0.009193038,1.850215,1.71,0.00705147,0.002084142,-0.7604179,-0.02074241,-0.00500679,0.03077462,1.809
2024_02_10_20_16_05_582,0.6,-0.3141992,338829.0,283421.0,-2.140388,-2.809701,0.1360194,6.280481,0.009192999,1.82512,1.71,0.007047763,0.00200586,-0.7603322,0.01680851,0.009477139,-0.03429409,1.809
2024_02_10_20_16_05_619,0.6,-0.3141992,339008.0,283571.0,-2.155687,-2.746599,0.1360195,6.280481,0.009193044,1.796223,1.71,0.007005145,0.002053898,-0.7603828,0.01370907,0.006660819,-0.03032293,1.809
2024_02_10_20_16_05_657,0.6,-0.3141992,339183.0,283716.0,-2.168825,-2.684756,0.1360195,6.280481,0.009192831,1.768086,1.71,0.006875542,0.002053252,-0.76038,0.04053115,0.005245208,-0.02688356,1.809
2024_02_10_20_16_05_694,0.6,-0.3141992,339362.0,283865.0,-2.180501,-2.620882,0.1360195,6.280481,0.009193119,1.739188,1.71,0.006987893,0.001972462,-0.7604725,0.01430511,0.002562999,-0.007572583,1.809
2024_02_10_20_16_05_731,0.6,-0.3141992,339536.0,284010.0,-2.190092,-2.558391,0.1360195,6.280481,0.009193146,1.711053,1.71,0.006936728,0.002002698,-0.7604135,-0.01120567,-0.007599592,0.05348771,1.809
2024_02_10_20_16_05_765,0.6,-0.3141992,339697.0,284144.0,-2.197351,-2.500749,0.1360195,6.280481,0.009192843,1.685201,1.71,0.007014733,0.002080286,-0.7603241,-0.01442432,0.001102686,-0.0002589077,1.809
2024_02_10_20_16_05_798,0.6,-0.3141992,339852.0,284273.0,-2.20297,-2.444642,0.1360195,6.280481,0.009193053,1.660107,1.71,0.007028952,0.002045098,-0.7604077,0.020504,0.002875924,-0.03417768,1.809
2024_02_10_20_16_05_835,0.6,-0.3141992,340027.0,284419.0,-2.207597,-2.381589,0.1360195,6.280481,0.009192924,1.631972,1.71,0.006977341,0.002034405,-0.7604002,0.02753734,0.000834465,0.01154467,1.809
2024_02_10_20_16_05_873,0.6,-0.3141992,340206.0,284568.0,-2.210499,-2.316724,0.1360195,6.280481,0.009193014,1.603077,1.71,0.006959862,0.002035094,-0.7604381,0.006079673,0.001937151,-0.003714114,1.809
2024_02_10_20_16_05_910,0.6,-0.3141992,340381.0,284713.0,-2.211523,-2.25351,0.1360196,6.280481,0.009193294,1.57494,1.71,0.007043005,0.001994241,-0.7603591,0.007867813,0.00539422,-0.03022607,1.809
2024_02_10_20_16_05_943,0.6,-0.3141992,340541.0,284847.0,-2.210895,-2.195417,0.1360195,6.280481,0.009193034,1.549086,1.71,0.007044705,0.002031511,-0.7603695,0.03862381,0.009939074,-0.04175305,1.809
2024_02_10_20_16_05_977,0.6,-0.3141992,340697.0,284976.0,-2.208849,-2.139067,0.1360195,6.280481,0.009193116,1.523996,1.71,0.007085729,0.002035529,-0.7603597,-0.0128746,-0.005438923,0.05362555,1.809
2024_02_10_20_16_06_015,0.6,-0.3141992,340876.0,285125.0,-2.204744,-2.074267,0.1360194,6.280481,0.009192867,1.495099,1.71,0.007063527,0.002054511,-0.7603906,0.02646446,0.0129044,-0.07644575,1.809
2024_02_10_20_16_06_052,0.6,-0.3141992,341050.0,285271.0,-2.19895,-2.011311,0.1360195,6.280481,0.00919312,1.466964,1.71,0.007038318,0.002047664,-0.7603907,0.0003576278,-0.007420778,0.02702698,1.809
2024_02_10_20_16_06_085,0.6,-0.3141992,341206.0,285400.0,-2.192288,-1.955318,0.1360195,6.280481,0.009193033,1.441871,1.71,0.00697,0.002126336,-0.7605017,-0.03218651,-0.01314282,0.04215352,1.809
2024_02_10_20_16_06_122,0.6,-0.3141992,341385.0,285549.0,-2.182881,-1.891073,0.1360195,6.280481,0.009192842,1.412971,1.71,0.006976092,0.00200491,-0.7603525,0.03778934,0.01457333,-0.06492902,1.809
2024_02_10_20_16_06_160,0.6,-0.3141992,341560.0,285695.0,-2.17194,-1.828804,0.1360195,6.280481,0.009192889,1.384835,1.71,0.007001631,0.002084485,-0.7604052,0.006198883,0.0004768371,-0.007629394,1.809
2024_02_10_20_16_06_197,0.6,-0.3141992,341739.0,285844.0,-2.158885,-1.765199,0.1360194,6.280481,0.009192838,1.355937,1.71,0.006987374,0.00210169,-0.7603864,-0.01692772,-0.006079673,0.01898129,1.809
2024_02_10_20_16_06_235,0.6,-0.3141992,341914.0,285989.0,-2.144412,-1.703655,0.1360194,6.280481,0.009192827,1.327803,1.71,0.007024854,0.002034086,-0.7603291,0.03421307,0.007927418,-0.03813487,1.809
2024_02_10_20_16_06_273,0.6,-0.3141992,342093.0,286138.0,-2.127753,-1.640898,0.1360195,6.280481,0.009192876,1.298905,1.71,0.00694529,0.002029387,-0.7604449,-0.002861023,-0.00500679,0.04583876,1.809
2024_02_10_20_16_06_306,0.6,-0.3141992,342248.0,286268.0,-2.11182,-1.586808,0.1360194,6.280481,0.009192801,1.273808,1.71,0.006991757,0.002151838,-0.7603786,-0.03433228,-0.009953975,0.03825687,1.809
2024_02_10_20_16_06_344,0.6,-0.3141992,342428.0,286417.0,-2.091799,-1.525041,0.1360195,6.280481,0.009192868,1.244911,1.71,0.006934134,0.002064652,-0.7603807,-0.02515316,-0.005066394,0.0380557,1.809
2024_02_10_20_16_06_381,0.6,-0.3141992,342602.0,286562.0,-2.070598,-1.465479,0.1360195,6.280482,0.009192818,1.216771,1.71,0.006927609,0.00208973,-0.7603471,-0.009298325,0.003695488,-0.01548324,1.809
2024_02_10_20_16_06_419,0.6,-0.3141992,342781.0,286711.0,-2.047087,-1.404954,0.1360195,6.280481,0.009193012,1.187873,1.71,0.006972332,0.002024636,-0.7604572,0.01692772,0.007390975,-0.05719997,1.809
2024_02_10_20_16_06_456,0.6,-0.3141992,342956.0,286857.0,-2.022524,-1.346698,0.1360195,6.280481,0.009192718,1.159737,1.71,0.007065049,0.002046564,-0.7602974,0.03111362,0.01519918,-0.06883871,1.809
2024_02_10_20_16_06_494,0.6,-0.3141992,343135.0,287006.0,-1.995603,-1.287612,0.1360195,6.280481,0.009193067,1.130838,1.71,0.006962707,0.00200173,-0.760406,0.03421307,0.005364418,-0.01891702,1.809
2024_02_10_20_16_06_526,0.6,-0.3141992,343291.0,287135.0,-1.970846,-1.23695,0.1360195,6.280481,0.009193156,1.105741,1.71,0.006951016,0.002013876,-0.7603722,0.003218651,0.0003576278,0.01549441,1.809
2024_02_10_20_16_06_565,0.6,-0.3141992,343470.0,287284.0,-1.940774,-1.179404,0.1360194,6.280481,0.009193139,1.076844,1.71,0.007053409,0.002036009,-0.7603782,-0.03123283,-0.004589558,0.03836583,1.809
2024_02_10_20_16_06_597,0.6,-0.3141992,343626.0,287414.0,-1.913318,-1.130152,0.1360195,6.280481,0.009192776,1.051751,1.71,0.006991472,0.002078262,-0.7603329,0.02849102,0.008940697,-0.07281732,1.809
2024_02_10_20_16_06_635,0.6,-0.3141992,343800.0,287559.0,-1.881078,-1.075768,0.1360195,6.280481,0.009192958,1.023613,1.71,0.007119974,0.002037271,-0.7603109,0.01192093,0.008583069,-0.04198495,1.809
2024_02_10_20_16_06_673,0.6,-0.3141992,343980.0,287708.0,-1.846388,-1.020883,0.1360195,6.280481,0.009193154,0.9947157,1.71,0.007005784,0.002024149,-0.7603775,0.01311302,0.005960464,-0.03817957,1.809
2024_02_10_20_16_06_710,0.6,-0.3141992,344154.0,287854.0,-1.811101,-0.9684268,0.1360196,6.280481,0.009193016,0.9665821,1.71,0.007006971,0.002006362,-0.7603052,0.03826618,0.00745058,0.0002831221,1.809
2024_02_10_20_16_06_744,0.6,-0.3141992,344314.0,287987.0,-1.777384,-0.9211161,0.1360194,6.280481,0.009193127,0.9407275,1.71,0.006902583,0.002051924,-0.760398,-0.02682209,-0.007748603,0.02671685,1.809
2024_02_10_20_16_06_781,0.6,-0.3141992,344489.0,288132.0,-1.739316,-0.8706404,0.1360195,6.280481,0.009193099,0.9125929,1.71,0.007010385,0.002025821,-0.7603461,0.02861023,0.01651049,-0.1338338,1.809
2024_02_10_20_16_06_815,0.6,-0.3141992,344649.0,288266.0,-1.703096,-0.8252181,0.1360195,6.280481,0.00919308,0.8867373,1.71,0.006885905,0.002099444,-0.7605078,-0.03027916,-0.01472235,0.07266458,1.809
2024_02_10_20_16_06_852,0.6,-0.3141992,344824.0,288411.0,-1.66236,-0.7768707,0.1360195,6.280481,0.009193071,0.858601,1.71,0.006947378,0.002019743,-0.7604275,0.0115633,0.003099441,-0.03448687,1.809
2024_02_10_20_16_06_889,0.6,-0.3141992,345003.0,288560.0,-1.619124,-0.728429,0.1360195,6.280481,0.009192784,0.8297057,1.71,0.006929372,0.002064297,-0.760408,0.007748603,-0.003576278,0.03815349,1.809
2024_02_10_20_16_06_927,0.6,-0.3141992,345178.0,288706.0,-1.575697,-0.6824815,0.1360194,6.280481,0.009192854,0.8015689,1.71,0.006995718,0.002049109,-0.7603278,-0.0128746,-0.005900859,0.04582479,1.809
2024_02_10_20_16_06_965,0.6,-0.3141992,345357.0,288855.0,-1.529769,-0.636583,0.1360194,6.280481,0.00919282,0.772672,1.71,0.006926507,0.00212261,-0.7604873,-0.03075599,-0.01770258,0.1183767,1.809
2024_02_10_20_16_07_002,0.6,-0.3141992,345531.0,289000.0,-1.483794,-0.5931847,0.1360195,6.280481,0.009192925,0.7445325,1.71,0.006888276,0.002072148,-0.7604469,-0.02372265,-0.01174211,0.06112642,1.809
2024_02_10_20_16_07_040,0.6,-0.3141992,345706.0,289145.0,-1.436616,-0.551098,0.1360194,6.280481,0.009192779,0.7163957,1.71,0.007002189,0.002075993,-0.7604239,-0.001430511,-0.000655651,9.313225e-05,1.809
2024_02_10_20_16_07_073,0.6,-0.3141992,345866.0,289279.0,-1.392235,-0.5136073,0.1360195,6.280481,0.009192819,0.6905395,1.71,0.006997479,0.002049125,-0.7604735,-0.02002716,-0.01120567,0.08771009,1.809
2024_02_10_20_16_07_106,0.6,-0.3141992,346022.0,289408.0,-1.348246,-0.4783281,0.1360194,6.280481,0.009192744,0.665443,1.71,0.006940973,0.002028863,-0.7604393,-0.002622604,-0.008702278,0.08398946,1.809
2024_02_10_20_16_07_144,0.6,-0.3141992,346201.0,289557.0,-1.296514,-0.4390862,0.1360194,6.280481,0.009192784,0.6365435,1.71,0.006992944,0.002034574,-0.76046,0.009417534,0.002324581,-0.01526344,1.809
2024_02_10_20_16_07_176,0.6,-0.3141992,346357.0,289687.0,-1.250686,-0.4062325,0.1360195,6.280481,0.009192738,0.6114474,1.71,0.006998395,0.00207628,-0.7604588,-0.002503395,0.002622604,-0.01535751,1.809
2024_02_10_20_16_07_216,0.6,-0.3141992,346531.0,289832.0,-1.198341,-0.3707773,0.1360195,6.280481,0.009193052,0.5833068,1.71,0.006953261,0.001934124,-0.7604543,0.002264977,0.001430511,0.01144782,1.809
2024_02_10_20_16_07_252,0.6,-0.3141992,346711.0,289981.0,-1.143564,-0.3359118,0.1360195,6.280481,0.009192866,0.5544073,1.71,0.006969241,0.002067226,-0.7603787,-0.004291534,-0.001430511,-0.00390783,1.809
2024_02_10_20_16_07_290,0.6,-0.3141992,346885.0,290127.0,-1.089283,-0.3034988,0.1360194,6.280481,0.009192801,0.5262694,1.71,0.007010536,0.002089114,-0.7603594,0.0140667,0.00423193,-0.02290495,1.809
2024_02_10_20_16_07_327,0.6,-0.3141992,347064.0,290276.0,-1.032608,-0.2718136,0.1360194,6.280481,0.009192926,0.4973714,1.71,0.006988216,0.002009369,-0.7604464,0.002145767,-0.001370907,0.01515821,1.809
2024_02_10_20_16_07_364,0.6,-0.3141992,347239.0,290421.0,-0.9765655,-0.2425475,0.1360194,6.280481,0.009192699,0.4692341,1.71,0.007031701,0.002086767,-0.760408,0.0180006,0.009000301,-0.05355849,1.809
2024_02_10_20_16_07_402,0.6,-0.3141992,347418.0,290570.0,-0.9181747,-0.2141442,0.1360195,6.280481,0.009192877,0.4403372,1.71,0.007003723,0.002035429,-0.7605116,0.04124641,0.008761883,-0.03400724,1.809
2024_02_10_20_16_07_439,0.6,-0.3141992,347593.0,290716.0,-0.8605559,-0.1881203,0.1360194,6.280481,0.009192944,0.4121982,1.71,0.006936602,0.002049985,-0.760459,-0.03290176,-0.005543231,0.02287514,1.809
2024_02_10_20_16_07_473,0.6,-0.3141992,347753.0,290849.0,-0.806982,-0.1656446,0.1360194,6.280481,0.009192884,0.3863426,1.71,0.007034926,0.002074346,-0.7604644,0.002145767,0.003695488,-0.0380706,1.809
2024_02_10_20_16_07_506,0.6,-0.3141992,347909.0,290979.0,-0.7544452,-0.1451613,0.1360194,6.280481,0.009192884,0.3612466,1.71,0.007038977,0.00208526,-0.7603955,0.01657009,0.0006854534,0.003987923,1.809
2024_02_10_20_16_07_544,0.6,-0.3141992,348088.0,291128.0,-0.6933342,-0.1232167,0.1360195,6.280481,0.009193124,0.3323486,1.71,0.006957028,0.002040248,-0.7605199,-0.00655651,0.001370907,-0.02649613,1.809
2024_02_10_20_16_07_581,0.6,-0.3141992,348262.0,291273.0,-0.6332461,-0.1035547,0.1360194,6.280481,0.009192867,0.3042108,1.71,0.007032583,0.002056886,-0.7604033,-0.008106232,-0.001013279,0.0188807,1.809
2024_02_10_20_16_07_619,0.6,-0.3141992,348442.0,291422.0,-0.5709834,-0.08512921,0.1360195,6.280481,0.009192935,0.2753128,1.71,0.007018744,0.002044387,-0.7604466,0.008940697,0.004798174,-0.04592817,1.809
2024_02_10_20_16_07_652,0.6,-0.3141992,348597.0,291552.0,-0.5164994,-0.07059341,0.1360194,6.280481,0.009192864,0.2502162,1.71,0.006902699,0.002087507,-0.7605047,-0.04148483,-0.01071393,0.03046356,1.809
2024_02_10_20_16_07_689,0.6,-0.3141992,348772.0,291697.0,-0.4550002,-0.05592737,0.1360195,6.280481,0.009192846,0.2220789,1.71,0.006960819,0.002081513,-0.7605273,0.02396107,0.006988644,-0.07255469,1.809
2024_02_10_20_16_07_727,0.6,-0.3141992,348951.0,291846.0,-0.3914354,-0.04267205,0.1360194,6.280481,0.009192954,0.1931798,1.71,0.00696959,0.002030575,-0.7604588,-0.002980232,0.001102686,0.00792928,1.809
2024_02_10_20_16_07_765,0.6,-0.3141992,349126.0,291991.0,-0.3291998,-0.03153551,0.1360195,6.280481,0.009192916,0.1650425,1.71,0.006958015,0.002082088,-0.7604553,-0.0180006,-0.009000301,0.05368702,1.809
2024_02_10_20_16_07_802,0.6,-0.3141992,349305.0,292141.0,-0.2649824,-0.02192533,0.1360195,6.280481,0.00919294,0.1361435,1.71,0.007001848,0.00203003,-0.7604359,0.01204014,-0.0001043081,0.01921318,1.809
2024_02_10_20_16_07_836,0.6,-0.3141992,349460.0,292270.0,-0.2090092,-0.01508813,0.1360195,6.280481,0.009192699,0.1110474,1.71,0.007055976,0.002090074,-0.7603759,0.0001192093,-0.0001639128,0.01500454,1.809
2024_02_10_20_16_07_869,0.6,-0.3141992,349621.0,292404.0,-0.1511785,-0.009515066,0.1360194,6.280481,0.009192948,0.08519026,1.71,0.006942583,0.002068034,-0.7605143,-0.01823902,-0.01323223,0.08433963,1.809
2024_02_10_20_16_07_906,0.6,-0.3141992,349795.0,292549.0,-0.08810499,-0.0051513,0.1360195,6.280481,0.009192942,0.05705183,1.71,0.006946162,0.00207401,-0.7605108,-0.004053116,-0.01007318,0.06871205,1.809
2024_02_10_20_16_07_943,0.6,-0.3141992,349975.0,292698.0,-0.02322635,-0.002518569,0.1360195,6.280481,0.009193006,0.02815334,1.71,0.006971134,0.002031146,-0.7604426,-0.008702278,-0.007227063,0.07272977,1.809
2024_02_10_20_16_07_981,0.6,-0.3141992,350149.0,292843.0,0.03999296,-0.00175751,0.1360195,6.280481,0.009192911,-0.0009439583,1.71,0.007117473,0.002118129,-0.7603285,0.01525879,0.009775162,-0.05705561,1.809
2024_02_10_20_16_08_015,0.6,-0.3141992,350305.0,292973.0,0.09637576,-0.002579667,0.1360195,6.280481,0.009192888,6.258106,1.71,0.007045959,0.002044322,-0.7604269,0.03445148,0.01223385,-0.05727168,1.809
2024_02_10_20_16_08_048,0.6,-0.3141992,350465.0,293106.0,0.1544268,-0.004906249,0.1360194,6.280481,0.009192926,6.23225,1.71,0.006945454,0.002080937,-0.7604373,-0.009298325,-0.007987022,0.05347468,1.809
2024_02_10_20_16_08_085,0.6,-0.3141992,350640.0,293252.0,0.2175084,-0.009142425,0.1360195,6.280481,0.009192926,6.204113,1.71,0.007037938,0.002079873,-0.7604429,0.01645088,0.006735324,-0.02285186,1.809
2024_02_10_20_16_08_123,0.6,-0.3141992,350819.0,293401.0,0.2821442,-0.01533856,0.1360196,6.280481,0.009193131,6.175214,1.71,0.007003288,0.001982984,-0.7604654,-0.01823902,0.002712011,-0.02299435,1.809
2024_02_10_20_16_08_160,0.6,-0.3141992,350993.0,293546.0,0.3448822,-0.02316378,0.1360195,6.280481,0.00919308,6.147076,1.71,0.006927186,0.002033678,-0.7605469,-0.01692772,-0.005826354,0.01901574,1.809
2024_02_10_20_16_08_194,0.6,-0.3141992,351154.0,293680.0,0.402318,-0.0319082,0.1360195,6.280481,0.009193091,6.121221,1.71,0.006976734,0.002112992,-0.7604505,-0.008702278,0.0005066395,-0.04190672,1.809
2024_02_10_20_16_08_230,0.6,-0.3141992,351328.0,293825.0,0.464541,-0.04310775,0.1360195,6.280481,0.009192841,6.093083,1.71,0.006976202,0.002051845,-0.7604188,0.04172325,0.003963709,0.0115633,1.809
2024_02_10_20_16_08_269,0.6,-0.3141992,351503.0,293970.0,0.5264249,-0.0560535,0.1360195,6.280481,0.009193031,6.064945,1.71,0.006968767,0.002058803,-0.7604175,-0.006794929,-0.003099441,0.02303626,1.809
2024_02_10_20_16_08_301,0.6,-0.3141992,351663.0,294104.0,0.5829495,-0.06948039,0.1360194,6.280481,0.009192893,6.039089,1.71,0.007029811,0.00207284,-0.7603912,-0.0004768371,-0.002294779,0.03054179,1.809
2024_02_10_20_16_08_339,0.6,-0.3141992,351838.0,294249.0,0.6440449,-0.08574709,0.1360196,6.280481,0.00919297,6.010952,1.71,0.006965879,0.002064944,-0.7603987,-0.0166893,-0.008046627,0.04565622,1.809
2024_02_10_20_16_08_376,0.6,-0.3141992,352017.0,294398.0,0.7062886,-0.1042358,0.1360195,6.280481,0.009193253,5.982055,1.71,0.007063335,0.002012284,-0.7603371,0.02813339,0.007987022,-0.03407616,1.809
2024_02_10_20_16_08_414,0.6,-0.3141992,352192.0,294543.0,0.7663559,-0.1239585,0.1360196,6.280481,0.009193164,5.953919,1.71,0.007055913,0.002007752,-0.7603536,0.05090236,0.01472235,-0.095319,1.809
2024_02_10_20_16_08_449,0.6,-0.3141992,352352.0,294677.0,0.821044,-0.1435654,0.1360194,6.280481,0.009193152,5.928063,1.71,0.006951312,0.00202453,-0.7604912,-0.01037121,0.00166893,-0.02290681,1.809
2024_02_10_20_16_08_485,0.6,-0.3141992,352526.0,294822.0,0.8799599,-0.1665009,0.1360195,6.280481,0.00919312,5.899928,1.71,0.007009982,0.002019822,-0.7604096,0.01573563,-0.001192093,0.02310611,1.809
2024_02_10_20_16_08_519,0.6,-0.3141992,352682.0,294952.0,0.9319443,-0.1883484,0.1360196,6.280481,0.009193026,5.874834,1.71,0.007077707,0.002018985,-0.7603784,0.04255771,0.01043081,-0.04194304,1.809
2024_02_10_20_16_08_552,0.6,-0.3141992,352842.0,295085.0,0.9849123,-0.2122146,0.1360195,6.280481,0.009193066,5.848978,1.71,0.007008788,0.002028876,-0.7605035,-0.009655952,-0.002264977,0.01544412,1.809
2024_02_10_20_16_08_589,0.6,-0.3141992,353017.0,295230.0,1.041833,-0.2397331,0.1360195,6.280481,0.009192993,5.820839,1.71,0.007004149,0.002121524,-0.7604722,-0.0004768371,0.0009536743,-0.04187505,1.809
2024_02_10_20_16_08_627,0.6,-0.3141992,353196.0,295379.0,1.09946,-0.2696515,0.1360196,6.280481,0.009193023,5.791944,1.71,0.006974766,0.002050478,-0.7604287,0.01490116,0.008702278,-0.04609115,1.809
2024_02_10_20_16_08_660,0.6,-0.3141992,353352.0,295509.0,1.148787,-0.2969742,0.1360194,6.280481,0.009192954,5.766847,1.71,0.00696604,0.002103809,-0.7604847,0.0004768371,-0.006258487,0.04600919,1.809
2024_02_10_20_16_08_697,0.6,-0.3141992,353531.0,295658.0,1.204717,-0.3299588,0.1360195,6.280481,0.009192841,5.737953,1.71,0.006992823,0.002091225,-0.7604693,0.02908706,0.003814697,-0.01891889,1.809
2024_02_10_20_16_08_731,0.6,-0.3141992,353687.0,295788.0,1.252497,-0.3599041,0.1360195,6.280481,0.009192969,5.71286,1.71,0.007054844,0.002033005,-0.7604027,0.03170967,0.009775162,-0.07258914,1.809
2024_02_10_20_16_08_769,0.6,-0.3141992,353861.0,295933.0,1.305157,-0.3948926,0.1360195,6.280481,0.009192737,5.684723,1.71,0.006977458,0.002039937,-0.7604484,0.0180006,0.009000301,-0.04985835,1.809
2024_02_10_20_16_08_806,0.6,-0.3141992,354040.0,296082.0,1.358191,-0.4323542,0.1360196,6.280481,0.009192753,5.655828,1.71,0.007022709,0.002079145,-0.7602979,-0.009059906,0.000834465,-0.0003250315,1.809
2024_02_10_20_16_08_839,0.6,-0.3141992,354196.0,296212.0,1.403354,-0.4661184,0.1360194,6.280481,0.009193076,5.630736,1.71,0.007002161,0.002066555,-0.7604477,0.002145767,-0.0005960464,0.004159287,1.809
2024_02_10_20_16_08_877,0.6,-0.3141992,354375.0,296361.0,1.454292,-0.5063862,0.1360194,6.280481,0.009192772,5.601836,1.71,0.006952156,0.002066156,-0.760438,-0.002264977,-0.003278255,0.03411807,1.809
2024_02_10_20_16_08_914,0.6,-0.3141992,354550.0,296506.0,1.502751,-0.5469936,0.1360196,6.280481,0.00919301,5.573699,1.71,0.006971027,0.002052952,-0.7603911,0.02121925,0.00423193,-0.03427267,1.809
2024_02_10_20_16_08_952,0.6,-0.3141992,354729.0,296655.0,1.551308,-0.5901002,0.1360195,6.280481,0.009192994,5.544805,1.71,0.007061177,0.002017472,-0.7604047,0.02646446,0.004410744,-0.01151767,1.809
2024_02_10_20_16_08_985,0.6,-0.3141992,354885.0,296785.0,1.592453,-0.6286597,0.1360195,6.280481,0.009193065,5.519707,1.71,0.006922119,0.002087686,-0.7604307,-0.03004074,-0.01037121,0.05733221,1.809
2024_02_10_20_16_09_023,0.6,-0.3141992,355064.0,296934.0,1.638614,-0.6743243,0.1360195,6.280481,0.009192956,5.490812,1.71,0.007084205,0.00203716,-0.7603802,0.01680851,0.00846386,-0.05736108,1.809
2024_02_10_20_16_09_056,0.6,-0.3141992,355220.0,297064.0,1.677617,-0.7150481,0.1360195,6.280481,0.009193131,5.465716,1.71,0.006932378,0.00199113,-0.7604542,0.01990795,0.002801418,-0.007520429,1.809
2024_02_10_20_16_09_093,0.6,-0.3141992,355394.0,297209.0,1.720116,-0.7618556,0.1360195,6.280481,0.009193303,5.43758,1.71,0.006935642,0.002048226,-0.7605077,-0.008225441,-0.006496906,0.01933333,1.809
2024_02_10_20_16_09_127,0.6,-0.3141992,355555.0,297342.0,1.757994,-0.8059065,0.1360194,6.280481,0.0091929,5.411725,1.71,0.007083781,0.002089724,-0.7603664,-0.004053116,-0.00244379,0.01141708,1.809
2024_02_10_20_16_09_164,0.6,-0.3141992,355729.0,297488.0,1.797905,-0.8549386,0.1360195,6.280481,0.00919282,5.383587,1.71,0.007013597,0.002087696,-0.7603246,0.008940697,0.006258487,-0.04222244,1.809
2024_02_10_20_16_09_201,0.6,-0.3141992,355908.0,297637.0,1.837443,-0.9064447,0.1360195,6.280481,0.009193134,5.354689,1.71,0.007106832,0.001980958,-0.7604253,0.0424385,0.01448393,-0.06472599,1.809
2024_02_10_20_16_09_240,0.6,-0.3141992,356083.0,297782.0,1.874493,-0.9576726,0.1360195,6.280481,0.009193044,5.326553,1.71,0.007013217,0.002036016,-0.7604001,0.0003576278,-0.005245208,0.06112828,1.809
2024_02_10_20_16_09_277,0.6,-0.3141992,356262.0,297931.0,1.91103,-1.011348,0.1360196,6.280481,0.009192957,5.297657,1.71,0.00695223,0.002079011,-0.7604393,-0.01275539,-0.008523464,0.07257424,1.809
2024_02_10_20_16_09_314,0.6,-0.3141992,356437.0,298077.0,1.945102,-1.064604,0.1360195,6.280481,0.009193121,5.269521,1.71,0.006901281,0.001992125,-0.7605237,-0.0003576278,-0.001192093,-0.007571652,1.809
2024_02_10_20_16_09_348,0.6,-0.3141992,356597.0,298210.0,1.97508,-1.11437,0.1360195,6.280481,0.00919288,5.243664,1.71,0.007022993,0.002064098,-0.7604141,0.005841255,0.005841255,-0.02677552,1.809
2024_02_10_20_16_09_385,0.6,-0.3141992,356772.0,298355.0,2.006227,-1.169388,0.1360195,6.280481,0.009192941,5.215526,1.71,0.007001561,0.002054185,-0.7603447,-0.02074241,-0.005364418,0.04574656,1.809
2024_02_10_20_16_09_423,0.6,-0.3141992,356951.0,298504.0,2.03659,-1.226782,0.1360195,6.280481,0.009193127,5.18663,1.71,0.007057758,0.002064775,-0.7604618,0.01108646,-0.004351139,0.01145527,1.809
2024_02_10_20_16_09_456,0.6,-0.3141992,357106.0,298634.0,2.061604,-1.277318,0.1360195,6.280481,0.009192947,5.161538,1.71,0.006989367,0.002053925,-0.7603684,0.009775162,0.000655651,0.007532537,1.809
2024_02_10_20_16_09_493,0.6,-0.3141992,357281.0,298779.0,2.088132,-1.334705,0.1360195,6.280481,0.009192901,5.133405,1.71,0.007002215,0.002027436,-0.7604189,0.01335144,0.004291534,0.003842637,1.809
2024_02_10_20_16_09_526,0.6,-0.3141992,357441.0,298913.0,2.111078,-1.388079,0.1360194,6.280481,0.009192991,5.107552,1.71,0.006966841,0.002075136,-0.7604442,0.004172325,0.003188848,-0.0190353,1.809
2024_02_10_20_16_09_560,0.6,-0.3141992,357597.0,299042.0,2.132022,-1.440433,0.1360195,6.280481,0.009192768,5.082458,1.71,0.007044936,0.002091706,-0.7603478,0.006198883,0.003010034,0.02282765,1.809
2024_02_10_20_16_09_598,0.6,-0.3141992,357771.0,299188.0,2.153933,-1.499738,0.1360195,6.280481,0.00919326,5.054323,1.71,0.007050791,0.001938852,-0.760395,0.02539158,0.006109476,-0.01906138,1.809
2024_02_10_20_16_09_631,0.6,-0.3141992,357932.0,299321.0,2.172591,-1.554756,0.1360195,6.280481,0.009193182,5.028467,1.71,0.006929284,0.002034877,-0.7604484,-0.004291534,0.003010034,-0.01541525,1.809
2024_02_10_20_16_09_669,0.6,-0.3141992,358106.0,299466.0,2.191271,-1.615157,0.1360195,6.280481,0.009192965,5.000332,1.71,0.006953284,0.002071219,-0.7604067,0.01263618,0.009953975,-0.04944764,1.809
2024_02_10_20_16_09_706,0.6,-0.3141992,358286.0,299615.0,2.20868,-1.677711,0.1360195,6.280481,0.009193021,4.971434,1.71,0.007023826,0.002106271,-0.7603388,-0.02360344,-0.001639128,-0.007811002,1.809
2024_02_10_20_16_09_744,0.6,-0.3141992,358460.0,299761.0,2.223887,-1.739078,0.1360194,6.280481,0.009193136,4.943298,1.71,0.006975517,0.002012037,-0.7603805,-0.003099441,-0.003367662,0.06123725,1.809
2024_02_10_20_16_09_780,0.6,-0.3141992,358639.0,299910.0,2.2377,-1.80252,0.1360195,6.280481,0.009192966,4.914406,1.71,0.007004682,0.00208058,-0.7603915,0.01001358,-0.0001639128,0.02303626,1.809
2024_02_10_20_16_09_818,0.6,-0.3141992,358814.0,300055.0,2.249384,-1.864651,0.1360195,6.280481,0.009193068,4.88627,1.71,0.007015906,0.001975961,-0.7603744,0.03373623,0.01522899,-0.07624924,1.809
2024_02_10_20_16_09_851,0.6,-0.3141992,358974.0,300189.0,2.258577,-1.922016,0.1360194,6.280481,0.009192824,4.860415,1.71,0.00705551,0.00206981,-0.7603427,0.01180172,0.005930662,-0.01141615,1.809
2024_02_10_20_16_09_885,0.6,-0.3141992,359130.0,300318.0,2.266075,-1.977903,0.1360195,6.280481,0.009193117,4.835322,1.71,0.006943005,0.002063131,-0.7604066,-0.004172325,-0.005483627,0.05768984,1.809
2024_02_10_20_16_09_923,0.6,-0.3141992,359304.0,300463.0,2.272816,-2.040766,0.1360195,6.280481,0.009193051,4.807185,1.71,0.007009332,0.002026757,-0.7603619,0.010252,0.007525086,-0.06494485,1.809
2024_02_10_20_16_09_959,0.6,-0.3141992,359484.0,300613.0,2.277894,-2.105498,0.1360195,6.280481,0.0091929,4.778288,1.71,0.006998896,0.002057161,-0.7603011,0.04148483,0.006616115,-0.0191452,1.809
2024_02_10_20_16_09_993,0.6,-0.3141992,359639.0,300742.0,2.280782,-2.161812,0.1360195,6.280481,0.00919314,4.753195,1.71,0.007037974,0.002068011,-0.7604077,-0.004649162,0.002220273,-0.02647284,1.809
2024_02_10_20_16_10_031,0.6,-0.3141992,359819.0,300891.0,2.282359,-2.226724,0.1360195,6.280481,0.009193033,4.724298,1.71,0.007029838,0.001977261,-0.7603934,0.0257492,0.009417534,-0.05740393,1.809
2024_02_10_20_16_10_064,0.6,-0.3141992,359974.0,301021.0,2.282206,-2.283112,0.1360195,6.280481,0.009193059,4.699205,1.71,0.006993365,0.002001114,-0.7603432,0.01633167,0.003278255,-0.01536682,1.809
2024_02_10_20_16_10_102,0.6,-0.3141992,360153.0,301170.0,2.280278,-2.348014,0.1360196,6.280481,0.0091932,4.670308,1.71,0.006884607,0.002036341,-0.7604179,0.004529953,-0.006407499,0.02671778,1.809
2024_02_10_20_16_10_138,0.6,-0.3141992,360328.0,301315.0,2.276599,-2.411128,0.1360195,6.280481,0.009193049,4.642172,1.71,0.00700277,0.002072125,-0.7603454,0.01716614,0.003069639,-0.03806036,1.809
2024_02_10_20_16_10_172,0.6,-0.3141992,360484.0,301445.0,2.271822,-2.467312,0.1360195,6.280481,0.009193101,4.617077,1.71,0.006899481,0.002026299,-0.7604757,-0.007748603,-0.00500679,0.0381805,1.809
2024_02_10_20_16_10_210,0.6,-0.3141992,360663.0,301594.0,2.264577,-2.531837,0.1360195,6.280481,0.009193013,4.588181,1.71,0.006947031,0.002078343,-0.760398,-0.02515316,-0.001966953,0.003895722,1.809
2024_02_10_20_16_10_248,0.6,-0.3141992,360837.0,301739.0,2.255733,-2.59444,0.1360195,6.280481,0.009193031,4.560044,1.71,0.006904518,0.002081113,-0.760457,-0.03671646,-0.01201033,0.07640664,1.809
2024_02_10_20_16_10_280,0.6,-0.3141992,360998.0,301873.0,2.246056,-2.651726,0.1360195,6.280481,0.009193116,4.534189,1.71,0.007078409,0.002025543,-0.7603254,-0.007510185,0.001817942,-0.01896545,1.809
2024_02_10_20_16_10_318,0.6,-0.3141992,361172.0,302018.0,2.233847,-2.713758,0.1360196,6.280481,0.009192905,4.506056,1.71,0.007014785,0.002042681,-0.7603466,-0.03540516,-0.01019239,0.06470736,1.809
2024_02_10_20_16_10_352,0.6,-0.3141992,361333.0,302151.0,2.221094,-2.770438,0.1360195,6.280481,0.009193021,4.480203,1.71,0.006983248,0.001984178,-0.7604457,0.03051758,0.01055002,-0.06478466,1.809
2024_02_10_20_16_10_389,0.6,-0.3141992,361507.0,302297.0,2.205556,-2.831721,0.1360194,6.280481,0.009192813,4.452067,1.71,0.007059584,0.002066226,-0.7603606,0.02241134,0.006258487,-0.03052223,1.809
2024_02_10_20_16_10_422,0.6,-0.3141992,361663.0,302426.0,2.190248,-2.885993,0.1360195,6.280481,0.009192998,4.426972,1.71,0.006951765,0.002046438,-0.7604525,0.003099441,0.002384186,-0.03052596,1.809
2024_02_10_20_16_10_460,0.6,-0.3141992,361842.0,302575.0,2.17094,-2.947989,0.1360194,6.280481,0.009192653,4.398075,1.71,0.006890848,0.002102227,-0.7604535,-0.02336502,-0.01055002,0.07224828,1.809
2024_02_10_20_16_10_498,0.6,-0.3141992,362017.0,302721.0,2.150429,-3.007793,0.1360194,6.280481,0.0091927,4.369935,1.71,0.006982437,0.002087025,-0.7602946,0.03182888,0.01060963,-0.08411984,1.809
2024_02_10_20_16_10_531,0.6,-0.3141992,362177.0,302854.0,2.130103,-3.062218,0.1360194,6.280481,0.009193071,4.34408,1.71,0.006940817,0.002035378,-0.7604154,0.01001358,0.001251697,0.0001136213,1.809
2024_02_10_20_16_10_568,0.6,-0.3141992,362351.0,302999.0,2.106391,-3.120826,0.1360196,6.280481,0.009192835,4.315947,1.71,0.006903282,0.002140513,-0.7604023,-0.03647804,-0.00923872,0.04170369,1.809
2024_02_10_20_16_10_606,0.6,-0.3141992,362531.0,303149.0,2.080334,-3.180301,0.1360195,6.280481,0.009193049,4.287045,1.71,0.007016386,0.002074964,-0.760406,-0.05531311,-0.01233816,0.01887605,1.809
2024_02_10_20_16_10_645,0.6,-0.3141992,362705.0,303294.0,2.05332,-3.237462,0.1360195,6.280481,0.009192904,4.258909,1.71,0.007039211,0.002029598,-0.7603185,0.02086162,0.01198053,-0.07663481,1.809
2024_02_10_20_16_10_680,0.6,-0.3141992,362884.0,303443.0,2.023914,-3.295355,0.1360195,6.280481,0.009193125,4.230011,1.71,0.00705309,0.002012724,-0.76036,0.01215935,0.004589558,-0.01120753,1.809
2024_02_10_20_16_10_717,0.6,-0.3141992,363059.0,303588.0,1.993685,-3.350883,0.1360195,6.280481,0.009192938,4.201878,1.71,0.006965412,0.002081603,-0.7603864,-0.0141859,-0.007033348,0.04962273,1.809
2024_02_10_20_16_10_752,0.6,-0.3141992,363219.0,303722.0,1.964539,-3.401141,0.1360195,6.280481,0.009192977,4.176023,1.71,0.006965062,0.002060297,-0.7603788,-0.006198883,-0.001549721,-0.007714144,1.809
2024_02_10_20_16_10_789,0.6,-0.3141992,363394.0,303867.0,1.931358,-3.454957,0.1360194,6.280481,0.009192856,4.147888,1.71,0.007023229,0.002076594,-0.7603269,0.01740456,0.007927418,-0.04570372,1.809
2024_02_10_20_16_10_826,0.6,-0.3141992,363568.0,304012.0,1.896677,-3.507819,0.1360194,6.280481,0.009192665,4.119751,1.71,0.007050646,0.002114561,-0.760392,-0.008821487,0.00166893,-0.01518708,1.809
2024_02_10_20_16_10_864,0.6,-0.3141992,363748.0,304161.0,1.859524,-3.561073,0.1360194,6.280481,0.009192791,4.090854,1.71,0.007023551,0.002134328,-0.7603858,-0.00166893,-0.002026558,-0.03433414,1.809
2024_02_10_20_16_10_897,0.6,-0.3141992,363903.0,304291.0,1.826023,-3.606431,0.1360195,6.280481,0.009192941,4.06576,1.71,0.006956696,0.00204119,-0.7604063,0.02491474,0.004589558,-0.02676714,1.809
2024_02_10_20_16_10_935,0.6,-0.3141992,364083.0,304440.0,1.786051,-3.657603,0.1360194,6.280481,0.009193054,4.036864,1.71,0.006933295,0.002044891,-0.7604665,-0.02622604,-0.008821487,0.04956964,1.809
2024_02_10_20_16_10_973,0.6,-0.3141992,364257.0,304585.0,1.745726,-3.706296,0.1360195,6.280481,0.009192853,4.008729,1.71,0.006945422,0.002072625,-0.7604249,-0.01227856,-0.003159046,0.01893379,1.809
2024_02_10_20_16_11_009,0.6,-0.3141992,364436.0,304735.0,1.702903,-3.755105,0.1360195,6.280481,0.009192727,3.979831,1.71,0.007044399,0.002015645,-0.760369,0.03027916,0.004649162,0.007466413,1.809
2024_02_10_20_16_11_048,0.6,-0.3141992,364611.0,304880.0,1.659867,-3.801423,0.1360194,6.280481,0.009192737,3.951692,1.71,0.006954948,0.002037402,-0.7603945,0.02634525,0.008404255,-0.06136391,1.809
2024_02_10_20_16_11_085,0.6,-0.3141992,364790.0,305029.0,1.614331,-3.847713,0.1360195,6.280481,0.009193026,3.922796,1.71,0.007014803,0.002029434,-0.7604012,-0.01084804,0.0007748603,-0.003973953,1.809
2024_02_10_20_16_11_118,0.6,-0.3141992,364946.0,305159.0,1.573713,-3.886828,0.1360194,6.280481,0.009193073,3.897701,1.71,0.006982159,0.002071241,-0.7604272,-0.03421307,-0.01102686,0.0842763,1.809
2024_02_10_20_16_11_156,0.6,-0.3141992,365125.0,305308.0,1.525745,-3.930591,0.1360195,6.280481,0.009192926,3.868805,1.71,0.006884093,0.002108428,-0.760444,-0.05412101,-0.0205636,0.1297062,1.809
2024_02_10_20_16_11_189,0.6,-0.3141992,365281.0,305437.0,1.483078,-3.967458,0.1360195,6.280481,0.009192966,3.84371,1.71,0.006933391,0.002038413,-0.7604263,0.04911422,0.003933907,-0.007525086,1.809
2024_02_10_20_16_11_226,0.6,-0.3141992,365455.0,305583.0,1.434157,-4.007507,0.1360195,6.280481,0.009193196,3.815573,1.71,0.00703416,0.002033677,-0.7604854,0.00989437,-0.004649162,0.04232209,1.809
2024_02_10_20_16_11_260,0.6,-0.3141992,365616.0,305716.0,1.388222,-4.04308,0.1360195,6.280481,0.00919317,3.789719,1.71,0.006905469,0.001973983,-0.7604359,0.04458427,0.01102686,-0.03757514,1.809
2024_02_10_20_16_11_297,0.6,-0.3141992,365790.0,305861.0,1.337209,-4.080428,0.1360195,6.280481,0.009192985,3.761582,1.71,0.006912102,0.002099427,-0.7604061,-0.0718832,-0.01811981,0.09903125,1.809
2024_02_10_20_16_11_335,0.6,-0.3141992,365969.0,306011.0,1.283746,-4.117278,0.1360194,6.280481,0.009192821,3.732685,1.71,0.006989252,0.002073551,-0.7602956,0.001907349,0.002562999,0.007580965,1.809
2024_02_10_20_16_11_372,0.6,-0.3141992,366144.0,306156.0,1.23069,-4.151659,0.1360194,6.280481,0.009192894,3.704547,1.71,0.006927555,0.002046591,-0.7604272,-0.01657009,0.0002980232,-0.003885478,1.809
2024_02_10_20_16_11_405,0.6,-0.3141992,366304.0,306289.0,1.181099,-4.181925,0.1360195,6.280481,0.009192958,3.678693,1.71,0.006955812,0.002085949,-0.7604819,-0.02813339,-0.01317263,0.09557045,1.809
2024_02_10_20_16_11_442,0.6,-0.3141992,366479.0,306435.0,1.126263,-4.213394,0.1360194,6.280481,0.009192932,3.650556,1.71,0.007046134,0.002026784,-0.7603793,0.003933907,0.003516674,-0.007504597,1.809
2024_02_10_20_16_11_481,0.6,-0.3141992,366658.0,306584.0,1.069046,-4.244095,0.1360194,6.280481,0.009192596,3.62166,1.71,0.007057603,0.002160689,-0.7603475,-0.0320673,-0.003457069,0.007448717,1.809
2024_02_10_20_16_11_518,0.6,-0.3141992,366832.0,306729.0,1.012504,-4.272387,0.1360194,6.280481,0.009192862,3.593523,1.71,0.007042234,0.002050943,-0.760386,0.01311302,0.006079673,-0.03816467,1.809
2024_02_10_20_16_11_555,0.6,-0.3141992,367012.0,306878.0,0.9536296,-4.299775,0.1360195,6.280481,0.009192956,3.564625,1.71,0.006986123,0.002050651,-0.760366,-0.009417534,0.001251697,-0.01140125,1.809
2024_02_10_20_16_11_589,0.6,-0.3141992,367167.0,307008.0,0.9018773,-4.322171,0.1360195,6.280481,0.00919287,3.539531,1.71,0.007016775,0.002034593,-0.7604166,0.04720687,0.01084804,-0.06109848,1.809
2024_02_10_20_16_11_626,0.6,-0.3141992,367342.0,307153.0,0.843205,-4.345728,0.1360194,6.280481,0.009192994,3.511395,1.71,0.006961894,0.002121827,-0.7603856,-0.01442432,-0.007867813,0.03070291,1.809
2024_02_10_20_16_11_660,0.6,-0.3141992,367502.0,307286.0,0.7887248,-4.365912,0.1360195,6.280481,0.009193145,3.485541,1.71,0.006956862,0.002050816,-0.7604656,-0.02110004,-0.008672476,0.04977174,1.809
2024_02_10_20_16_11_697,0.6,-0.3141992,367677.0,307432.0,0.7288679,-4.386268,0.1360195,6.280481,0.009192996,3.457406,1.71,0.006987272,0.002062677,-0.7604069,-0.02276897,0.001609325,-0.02693385,1.809
2024_02_10_20_16_11_735,0.6,-0.3141992,367856.0,307581.0,0.6668221,-4.405415,0.1360195,6.280481,0.009193036,3.428509,1.71,0.00700957,0.002038424,-0.7603596,-0.006318092,-0.002533197,0.01139659,1.809
2024_02_10_20_16_11_772,0.6,-0.3141992,368031.0,307726.0,0.6059015,-4.422328,0.1360195,6.280481,0.009192825,3.400372,1.71,0.0070494,0.00209938,-0.7602988,-0.02098083,0.003397465,-0.02708379,1.809
2024_02_10_20_16_11_805,0.6,-0.3141992,368191.0,307860.0,0.549521,-4.436352,0.1360194,6.280481,0.009192899,3.374517,1.71,0.006987859,0.002041016,-0.7603673,0.04172325,0.008955598,-0.04564318,1.809
2024_02_10_20_16_11_843,0.6,-0.3141992,368365.0,308005.0,0.4877765,-4.449951,0.1360195,6.280481,0.009193019,3.346381,1.71,0.007078034,0.002011138,-0.7603694,0.02646446,0.01139939,-0.05335267,1.809
2024_02_10_20_16_11_880,0.6,-0.3141992,368545.0,308154.0,0.423991,-4.462104,0.1360194,6.280481,0.009192952,3.317485,1.71,0.006951898,0.002117982,-0.7604102,-0.02813339,-0.002488494,-0.01933146,1.809
2024_02_10_20_16_11_914,0.6,-0.3141992,368700.0,308284.0,0.3683333,-4.47116,0.1360195,6.280481,0.009193044,3.292391,1.71,0.0068249,0.002089913,-0.760529,-0.006198883,-0.01302361,0.06892439,1.809
2024_02_10_20_16_11_952,0.6,-0.3141992,368875.0,308429.0,0.3056812,-4.47965,0.1360196,6.280481,0.009192654,3.264255,1.71,0.007049563,0.00205575,-0.7602834,0.03445148,0.005096197,0.003578141,1.809
2024_02_10_20_16_11_989,0.6,-0.3141992,369054.0,308578.0,0.2411127,-4.48653,0.1360195,6.280481,0.009192953,3.235358,1.71,0.006992349,0.00211184,-0.7604083,-0.02944469,-0.008165836,0.04206225,1.809
2024_02_10_20_16_12_026,0.6,-0.3141992,369229.0,308723.0,0.1780784,-4.491436,0.1360195,6.280481,0.009193007,3.207222,1.71,0.007009813,0.00205951,-0.760357,0.01728535,0.008821487,-0.06882008,1.809
2024_02_10_20_16_12_060,0.6,-0.3141992,369389.0,308857.0,0.1200541,-4.494377,0.1360195,6.280481,0.009193109,3.181367,1.71,0.006997353,0.002004355,-0.7603897,0.03194809,0.006109476,-0.03044028,1.809
2024_02_10_20_16_12_097,0.6,-0.3141992,369563.0,309002.0,0.05684744,-4.495872,0.1360194,6.280481,0.009193019,3.153231,1.71,0.007012432,0.002141432,-0.7603847,-0.03051758,-0.011608,0.06897282,1.809
2024_02_10_20_16_12_135,0.6,-0.3141992,369743.0,309151.0,-0.008084387,-4.495556,0.1360195,6.280481,0.009193121,3.124334,1.71,0.006988721,0.002040192,-0.7604032,0.02992153,0.006839633,-0.02626609,1.809
2024_02_10_20_16_12_172,0.6,-0.3141992,369917.0,309296.0,-0.07127315,-4.493447,0.1360195,6.280481,0.009193292,3.096199,1.71,0.006935816,0.002033154,-0.7604471,0.004529953,-0.0005066395,-0.01890585,1.809
2024_02_10_20_16_12_210,0.6,-0.3141992,370096.0,309446.0,-0.1360817,-4.489431,0.1360195,6.280481,0.009192912,3.067303,1.71,0.006962739,0.002091119,-0.7603714,-0.02634525,-0.009506941,0.07259753,1.809
2024_02_10_20_16_12_247,0.6,-0.3141992,370271.0,309591.0,-0.1990478,-4.483723,0.1360195,6.280481,0.009192958,3.039167,1.71,0.007051951,0.00206211,-0.7604029,-0.003218651,0.003606081,-0.01534074,1.809
2024_02_10_20_16_12_281,0.6,-0.3141992,370427.0,309720.0,-0.2550517,-4.477139,0.1360194,6.280481,0.009193098,3.014073,1.71,0.006941766,0.002079493,-0.7604181,-0.01835823,-0.008791685,0.05757156,1.809
2024_02_10_20_16_12_318,0.6,-0.3141992,370606.0,309870.0,-0.3193128,-4.467821,0.1360196,6.280481,0.009192973,2.985177,1.71,0.007031703,0.002005041,-0.7603254,0.02133846,0.01052022,-0.06904546,1.809
2024_02_10_20_16_12_351,0.6,-0.3141992,370762.0,309999.0,-0.3748795,-4.458225,0.1360195,6.280481,0.009192944,2.960082,1.71,0.006922173,0.002093492,-0.7604361,-0.02253055,-0.0154376,0.07266086,1.809
2024_02_10_20_16_12_389,0.6,-0.3141992,370941.0,310148.0,-0.4385441,-4.445452,0.1360194,6.280481,0.00919296,2.931185,1.71,0.006965081,0.002031862,-0.7603877,0.004172325,-0.005036592,0.05367864,1.809
2024_02_10_20_16_12_427,0.6,-0.3141992,371115.0,310294.0,-0.5001527,-4.431253,0.1360195,6.280481,0.009192808,2.903049,1.71,0.007032699,0.002053745,-0.760377,0.003933907,0.003218651,-0.007853843,1.809
2024_02_10_20_16_12_464,0.6,-0.3141992,371295.0,310443.0,-0.562986,-4.414873,0.1360194,6.280481,0.009193067,2.874153,1.71,0.00698891,0.002051168,-0.7604241,0.01132488,-0.003069639,0.03856607,1.809
2024_02_10_20_16_12_501,0.6,-0.3141992,371469.0,310588.0,-0.623685,-4.397184,0.1360195,6.280481,0.009192953,2.846017,1.71,0.006931441,0.002024426,-0.7603846,0.01561642,-0.0008940696,0.05743466,1.809
2024_02_10_20_16_12_539,0.6,-0.3141992,371648.0,310737.0,-0.6854821,-4.377248,0.1360194,6.280481,0.009192904,2.817122,1.71,0.007109798,0.002025937,-0.7603337,0.03492832,0.006616115,0.00790786,1.809
2024_02_10_20_16_12_576,0.6,-0.3141992,371823.0,310882.0,-0.7450747,-4.356129,0.1360195,6.280481,0.009193069,2.788987,1.71,0.007010228,0.002014125,-0.7604017,0.0295639,0.009179115,-0.05314499,1.809
2024_02_10_20_16_12_613,0.6,-0.3141992,372002.0,311032.0,-0.8056339,-4.332703,0.1360195,6.280481,0.009192733,2.760091,1.71,0.007020955,0.002108093,-0.7603402,-0.005960464,-0.0003576278,0.003729015,1.809
2024_02_10_20_16_12_651,0.6,-0.3141992,372177.0,311177.0,-0.8639265,-4.308221,0.1360194,6.280481,0.009192996,2.731955,1.71,0.007042515,0.001985197,-0.7603767,0.02920627,0.009834765,-0.03797282,1.809
2024_02_10_20_16_12_685,0.6,-0.3141992,372337.0,311310.0,-0.9168657,-4.284287,0.1360196,6.280481,0.009192888,2.706101,1.71,0.007027331,0.002052662,-0.7603983,-0.0141859,-0.009953975,0.0724541,1.809
2024_02_10_20_16_12_722,0.6,-0.3141992,372511.0,311456.0,-0.9737518,-4.256696,0.1360195,6.280481,0.009192887,2.677963,1.71,0.00695963,0.00204609,-0.7603884,0.03516674,0.007212162,-0.03820471,1.809
2024_02_10_20_16_12_760,0.6,-0.3141992,372691.0,311605.0,-1.031343,-4.226705,0.1360195,6.280481,0.009192904,2.649067,1.71,0.007032643,0.001996022,-0.7604074,0.04291534,0.01311302,-0.06474368,1.809
2024_02_10_20_16_12_792,0.6,-0.3141992,372846.0,311734.0,-1.080635,-4.199318,0.1360194,6.280481,0.009192998,2.623971,1.71,0.007031545,0.002029523,-0.7604635,0.02813339,0.004470348,-0.04938058,1.809
2024_02_10_20_16_12_830,0.6,-0.3141992,373021.0,311880.0,-1.135066,-4.167152,0.1360195,6.280481,0.009192819,2.595837,1.71,0.00696981,0.002073421,-0.7604268,-0.02968311,-0.0007748603,-0.004038215,1.809
2024_02_10_20_16_12_863,0.6,-0.3141992,373181.0,312013.0,-1.184266,-4.136255,0.1360194,6.280481,0.009192959,2.569984,1.71,0.007074056,0.00202767,-0.7604007,-0.01049042,-0.004291534,0.04572421,1.809
2024_02_10_20_16_12_902,0.6,-0.3141992,373356.0,312158.0,-1.236882,-4.1012,0.1360195,6.280481,0.009193105,2.54185,1.71,0.006971919,0.001994589,-0.7604063,0.01120567,0.004410744,-0.03071315,1.809
2024_02_10_20_16_12_938,0.6,-0.3141992,373535.0,312307.0,-1.289871,-4.063671,0.1360194,6.280481,0.009192845,2.512957,1.71,0.006975823,0.002086594,-0.7604479,-0.008821487,0.003755092,-0.01540035,1.809
2024_02_10_20_16_12_972,0.6,-0.3141992,373691.0,312437.0,-1.334991,-4.029849,0.1360195,6.280481,0.009193189,2.487866,1.71,0.007045765,0.002018103,-0.7604234,0.0128746,0.005066394,-0.01501851,1.809
2024_02_10_20_16_13_010,0.6,-0.3141992,373870.0,312586.0,-1.38588,-3.989516,0.1360195,6.280481,0.009193074,2.458967,1.71,0.006963563,0.002144758,-0.7604043,-0.03731251,-0.00333786,0.0001527369,1.809
2024_02_10_20_16_13_047,0.6,-0.3141992,374044.0,312731.0,-1.434288,-3.948848,0.1360194,6.280481,0.009193042,2.43083,1.71,0.006991541,0.002116073,-0.7603171,-0.03576279,-0.009715557,0.06506126,1.809
2024_02_10_20_16_13_080,0.6,-0.3141992,374200.0,312861.0,-1.476481,-3.91144,0.1360194,6.280481,0.009193148,2.405739,1.71,0.006989185,0.002043621,-0.7604659,0.005364418,0.004708767,-0.04966184,1.809
2024_02_10_20_16_13_117,0.6,-0.3141992,374379.0,313010.0,-1.523888,-3.867069,0.1360195,6.280481,0.009192824,2.376839,1.71,0.006942193,0.002089987,-0.7603638,0.007271766,-0.006139278,0.07263385,1.809
2024_02_10_20_16_13_155,0.6,-0.3141992,374554.0,313155.0,-1.568797,-3.822567,0.1360194,6.280481,0.009193024,2.348705,1.71,0.006972935,0.002048209,-0.7604052,0.01204014,-0.00166893,0.007636845,1.809
2024_02_10_20_16_13_189,0.6,-0.3141992,374714.0,313289.0,-1.608946,-3.780575,0.1360195,6.280481,0.009193074,2.32285,1.71,0.006942264,0.002017703,-0.7604513,0.007390975,-0.003397465,0.02673641,1.809
2024_02_10_20_16_13_226,0.6,-0.3141992,374889.0,313434.0,-1.651389,-3.733714,0.1360195,6.280481,0.009192951,2.294714,1.71,0.007035017,0.002072879,-0.7603914,-0.009059906,-0.0003576278,0.003844499,1.809
2024_02_10_20_16_13_264,0.6,-0.3141992,375068.0,313583.0,-1.693588,-3.684362,0.1360196,6.280481,0.009193029,2.265817,1.71,0.006959888,0.002041537,-0.7604364,-0.00333786,-0.002503395,0.01537707,1.809
2024_02_10_20_16_13_297,0.6,-0.3141992,375224.0,313713.0,-1.729066,-3.64053,0.1360194,6.280481,0.009192953,2.240721,1.71,0.007004646,0.002102327,-0.7603668,-0.02837181,-0.003814697,0.0229273,1.809
2024_02_10_20_16_13_334,0.6,-0.3141992,375398.0,313858.0,-1.76752,-3.590345,0.1360195,6.280481,0.009192846,2.212584,1.71,0.006943109,0.002120533,-0.7604189,-0.0411272,-0.01311302,0.06098672,1.809
2024_02_10_20_16_13_367,0.6,-0.3141992,375559.0,313992.0,-1.801598,-3.543292,0.1360194,6.280481,0.009192946,2.186729,1.71,0.007142584,0.002064855,-0.7603631,0.00333786,0.01108646,-0.0801254,1.809
2024_02_10_20_16_13_405,0.6,-0.3141992,375733.0,314137.0,-1.837289,-3.491106,0.1360195,6.280481,0.009193044,2.158594,1.71,0.006956005,0.002059813,-0.7603942,-0.01895428,-0.007033348,0.03429595,1.809
2024_02_10_20_16_13_443,0.6,-0.3141992,375912.0,314286.0,-1.872399,-3.436487,0.1360194,6.280481,0.009193126,2.129699,1.71,0.006995399,0.002033099,-0.7603502,-0.01680851,-0.006377697,0.03062002,1.809
2024_02_10_20_16_13_480,0.6,-0.3141992,376087.0,314431.0,-1.905055,-3.382351,0.1360196,6.280481,0.009192974,2.101564,1.71,0.007050776,0.002054366,-0.7603265,-0.00667572,0.008761883,-0.07650629,1.809
2024_02_10_20_16_13_514,0.6,-0.3141992,376247.0,314565.0,-1.933712,-3.331813,0.1360196,6.280481,0.009193199,2.075711,1.71,0.006929738,0.002005615,-0.7604593,0.005722045,0.001549721,-0.007770955,1.809
2024_02_10_20_16_13_551,0.6,-0.3141992,376422.0,314710.0,-1.9634,-3.275994,0.1360194,6.280481,0.009192982,2.047574,1.71,0.006910686,0.002093439,-0.7604029,-0.03540516,-0.01269579,0.06088335,1.809
2024_02_10_20_16_13_585,0.6,-0.3141992,376577.0,314840.0,-1.988544,-3.225522,0.1360195,6.280481,0.009193051,2.022483,1.71,0.006943875,0.002072233,-0.7604288,-0.007867813,-0.009417534,0.08041877,1.809
2024_02_10_20_16_13_622,0.6,-0.3141992,376757.0,314989.0,-2.015918,-3.166641,0.1360195,6.280481,0.009192804,1.993591,1.71,0.007064092,0.002095826,-0.7603187,-0.004887581,0.005185604,-0.05368981,1.809
2024_02_10_20_16_13_660,0.6,-0.3141992,376931.0,315134.0,-2.040926,-3.108575,0.1360194,6.280481,0.009192834,1.965456,1.71,0.007055538,0.002073377,-0.760401,-0.01561642,-0.004947185,0.02671405,1.809
2024_02_10_20_16_13_696,0.6,-0.3141992,377110.0,315283.0,-2.064901,-3.048231,0.1360195,6.280481,0.009192967,1.936561,1.71,0.007062347,0.002026984,-0.7603995,0.00500679,0.0006258487,-0.03826059,1.809
2024_02_10_20_16_13_734,0.6,-0.3141992,377285.0,315428.0,-2.086561,-2.988834,0.1360195,6.280481,0.009192838,1.908426,1.71,0.006975465,0.002045756,-0.7604001,-0.0128746,-0.003367662,0.04181359,1.809
2024_02_10_20_16_13_772,0.6,-0.3141992,377464.0,315578.0,-2.107059,-2.927221,0.1360194,6.280481,0.00919293,1.879527,1.71,0.007068853,0.002072318,-0.7603489,-0.004291534,0.002861023,-0.03073178,1.809
2024_02_10_20_16_13_811,0.6,-0.3141992,377639.0,315723.0,-2.125298,-2.866685,0.1360195,6.280481,0.009193059,1.851392,1.71,0.007005237,0.002045196,-0.7603456,-0.007271766,-0.0008046626,0.01153815,1.809
2024_02_10_20_16_13_846,0.6,-0.3141992,377818.0,315872.0,-2.142249,-2.804004,0.1360195,6.280481,0.009193158,1.822497,1.71,0.0069658,0.002049159,-0.7604094,-0.006079673,-0.005930662,0.03816839,1.809
2024_02_10_20_16_13_881,0.6,-0.3141992,377974.0,316002.0,-2.155494,-2.749194,0.1360195,6.280481,0.009193001,1.797402,1.71,0.006897711,0.002090772,-0.7603922,-0.0385046,-0.01057982,0.08013937,1.809
2024_02_10_20_16_13_918,0.6,-0.3141992,378153.0,316151.0,-2.16904,-2.685691,0.1360195,6.280481,0.009192978,1.768505,1.71,0.007016665,0.002008209,-0.7603924,0.01764297,0.006303191,-0.02290867,1.809
2024_02_10_20_16_13_955,0.6,-0.3141992,378327.0,316296.0,-2.180461,-2.623508,0.1360195,6.280481,0.009193033,1.740367,1.71,0.006931786,0.002032736,-0.7603834,0.01358986,0.0001490116,0.01533236,1.809
2024_02_10_20_16_13_989,0.6,-0.3141992,378488.0,316430.0,-2.189407,-2.566103,0.1360194,6.280481,0.009193011,1.714512,1.71,0.006955829,0.002097758,-0.7604527,-0.01597404,-0.006154179,0.0191154,1.809
2024_02_10_20_16_14_026,0.6,-0.3141992,378662.0,316575.0,-2.197453,-2.503394,0.1360195,6.280481,0.009192877,1.686379,1.71,0.006973075,0.002035082,-0.7603761,-0.01239777,0.004023314,-0.02323743,1.809
2024_02_10_20_16_14_064,0.6,-0.3141992,378841.0,316724.0,-2.203877,-2.43878,0.1360194,6.280481,0.009192958,1.657482,1.71,0.007058488,0.002021918,-0.7604062,0.0244379,0.001817942,-0.003729947,1.809
2024_02_10_20_16_14_101,0.6,-0.3141992,379016.0,316869.0,-2.208339,-2.375714,0.1360195,6.280481,0.009192896,1.629344,1.71,0.006998318,0.002104677,-0.7604123,-0.02932548,-0.003367662,0.01141336,1.809
2024_02_10_20_16_14_134,0.6,-0.3141992,379172.0,316999.0,-2.210817,-2.319381,0.1360196,6.280481,0.009193012,1.604248,1.71,0.006915584,0.00204501,-0.7604655,-0.00667572,-0.00552833,0.03054179,1.809
2024_02_10_20_16_14_172,0.6,-0.3141992,379351.0,317148.0,-2.211919,-2.254459,0.1360195,6.280481,0.009193044,1.575349,1.71,0.00698829,0.002089426,-0.7604298,-0.03254414,-0.007420778,0.01519453,1.809
2024_02_10_20_16_14_205,0.6,-0.3141992,379506.0,317278.0,-2.211354,-2.198074,0.1360195,6.280481,0.009193044,1.550254,1.71,0.006992721,0.002076259,-0.7603995,-0.03230572,-0.006869435,0.01148693,1.809
2024_02_10_20_16_14_243,0.6,-0.3141992,379686.0,317427.0,-2.208952,-2.133187,0.1360195,6.280481,0.009192861,1.521359,1.71,0.006980029,0.002119484,-0.7603196,-0.009536743,-0.0102818,0.07271208,1.809
2024_02_10_20_16_14_280,0.6,-0.3141992,379860.0,317572.0,-2.204811,-2.070101,0.1360195,6.280481,0.009193039,1.493223,1.71,0.006948969,0.002069078,-0.7603843,-0.002145767,-0.0009834766,0.003959984,1.809
2024_02_10_20_16_14_314,0.6,-0.3141992,380021.0,317705.0,-2.199444,-2.012253,0.1360195,6.280481,0.009193134,1.467369,1.71,0.006978088,0.002088914,-0.7604435,-0.0166893,-0.006616115,0.007840805,1.809
2024_02_10_20_16_14_347,0.6,-0.3141992,380176.0,317835.0,-2.192804,-1.956257,0.1360195,6.280481,0.009193038,1.442276,1.71,0.00708874,0.002019231,-0.760398,0.01716614,0.001758337,-0.03064051,1.809
2024_02_10_20_16_14_384,0.6,-0.3141992,380351.0,317980.0,-2.183691,-1.893696,0.1360195,6.280481,0.009193179,1.414144,1.71,0.006983827,0.001985729,-0.7604591,0.0191927,0.005483627,-0.03430247,1.809
2024_02_10_20_16_14_422,0.6,-0.3141992,380530.0,318129.0,-2.172507,-1.829736,0.1360195,6.280481,0.009192773,1.385246,1.71,0.006986741,0.002049719,-0.7603765,0.02753734,0.004559755,-0.01536775,1.809
2024_02_10_20_16_14_455,0.6,-0.3141992,380686.0,318259.0,-2.161297,-1.774474,0.1360195,6.280481,0.009193067,1.360153,1.71,0.006864096,0.002081878,-0.7604295,0.007867813,-0.003218651,0.01928024,1.809
2024_02_10_20_16_14_493,0.6,-0.3141992,380865.0,318408.0,-2.146678,-1.711211,0.1360195,6.280481,0.009192929,1.331256,1.71,0.006961904,0.002143084,-0.7603358,-0.0680685,-0.01055002,0.01889933,1.809
2024_02_10_20_16_14_530,0.6,-0.3141992,381039.0,318553.0,-2.130692,-1.650044,0.1360195,6.280481,0.009193038,1.30312,1.71,0.006997945,0.002007483,-0.7603943,-0.001192093,-0.002145767,0.01143385,1.809
2024_02_10_20_16_14_568,0.6,-0.3141992,381219.0,318703.0,-2.112491,-1.587717,0.1360194,6.280481,0.009192795,1.274224,1.71,0.006986365,0.002080222,-0.760321,-0.008940697,-0.002801418,0.0228649,1.809
2024_02_10_20_16_14_605,0.6,-0.3141992,381393.0,318848.0,-2.093043,-1.52756,0.1360194,6.280481,0.00919274,1.246087,1.71,0.007036686,0.002091022,-0.7603685,0.004887581,0.003874302,-0.0152681,1.809
2024_02_10_20_16_14_642,0.6,-0.3141992,381572.0,318997.0,-2.071316,-1.466372,0.1360195,6.280481,0.009192915,1.217187,1.71,0.006970277,0.002027113,-0.7603818,-0.005602836,0.0001788139,-0.01172908,1.809
2024_02_10_20_16_14_680,0.6,-0.3141992,381747.0,319142.0,-2.048472,-1.407421,0.1360195,6.280481,0.009193048,1.189049,1.71,0.006998093,0.00207596,-0.7604151,-0.005245208,-0.0003576278,-0.007625669,1.809
2024_02_10_20_16_14_714,0.6,-0.3141992,381903.0,319272.0,-2.026706,-1.355405,0.1360195,6.280481,0.009192831,1.163954,1.71,0.007060016,0.002092495,-0.7603668,0.02646446,0.00846386,-0.06513298,1.809
2024_02_10_20_16_14_751,0.6,-0.3141992,382082.0,319421.0,-2.000032,-1.296206,0.1360195,6.280481,0.009192879,1.135057,1.71,0.006961601,0.002052143,-0.7603896,0.02408027,0.001192093,-3.166497e-05,1.809
2024_02_10_20_16_14_789,0.6,-0.3141992,382256.0,319566.0,-1.97243,-1.239329,0.1360195,6.280481,0.009193158,1.10692,1.71,0.006889023,0.00206146,-0.7605016,-0.02038479,-0.01108646,0.05742441,1.809
2024_02_10_20_16_14_822,0.6,-0.3141992,382417.0,319700.0,-1.945662,-1.187767,0.1360195,6.280481,0.009192844,1.081064,1.71,0.006919746,0.002091414,-0.760366,-0.005722045,0.0,-0.003903173,1.809
2024_02_10_20_16_14_859,0.6,-0.3141992,382591.0,319845.0,-1.915029,-1.132462,0.1360195,6.280481,0.009193013,1.052926,1.71,0.006972527,0.002020573,-0.7604045,0.02062321,0.001549721,3.72529e-05,1.809
2024_02_10_20_16_14_897,0.6,-0.3141992,382770.0,319994.0,-1.881962,-1.076582,0.1360195,6.280481,0.009192849,1.024028,1.71,0.006970795,0.002057827,-0.7604118,-0.005364418,-0.002026558,0.01132302,1.809
2024_02_10_20_16_14_934,0.6,-0.3141992,382945.0,320139.0,-1.848227,-1.023113,0.1360195,6.280481,0.009192849,0.9958912,1.71,0.007024139,0.002031806,-0.7604051,0.02717972,0.01478195,-0.08410122,1.809
2024_02_10_20_16_14_968,0.6,-0.3141992,383105.0,320273.0,-1.815911,-0.9748337,0.1360195,6.280481,0.009193016,0.9700362,1.71,0.006960561,0.002071851,-0.7604191,-0.01251697,-0.006496906,0.01160055,1.809
2024_02_10_20_16_15_005,0.6,-0.3141992,383280.0,320418.0,-1.779338,-0.9232636,0.1360195,6.280481,0.009192973,0.941901,1.71,0.006960268,0.002058761,-0.7604368,-0.00834465,-0.00578165,0.03446639,1.809
2024_02_10_20_16_15_039,0.6,-0.3141992,383436.0,320548.0,-1.745506,-0.8781525,0.1360195,6.280481,0.00919281,0.916806,1.71,0.007019158,0.002073631,-0.7603285,-0.0141859,-0.004172325,0.03045332,1.809
2024_02_10_20_16_15_071,0.6,-0.3141992,383596.0,320681.0,-1.709477,-0.8325774,0.1360195,6.280481,0.009192909,0.8909499,1.71,0.006899087,0.002120359,-0.7604262,-0.05185604,-0.01609325,0.06082467,1.809
2024_02_10_20_16_15_109,0.6,-0.3141992,383770.0,320826.0,-1.668943,-0.7840586,0.1360195,6.280481,0.009192893,0.8628141,1.71,0.006962826,0.002070846,-0.7603862,-0.01609325,-0.008106232,0.04575867,1.809
2024_02_10_20_16_15_146,0.6,-0.3141992,383950.0,320976.0,-1.625911,-0.735435,0.1360194,6.280481,0.009192727,0.8339177,1.71,0.007063177,0.002093362,-0.7603533,-0.01239777,-0.0001788139,0.0152681,1.809
2024_02_10_20_16_15_185,0.6,-0.3141992,384124.0,321121.0,-1.582679,-0.6893045,0.1360195,6.280481,0.009192972,0.8057799,1.71,0.006927352,0.002070511,-0.7604452,-0.02324581,-0.01126528,0.07257238,1.809
2024_02_10_20_16_15_222,0.6,-0.3141992,384303.0,321270.0,-1.536945,-0.6432129,0.1360194,6.280481,0.009192953,0.7768829,1.71,0.007090579,0.002032645,-0.760395,0.01978874,0.004947185,-0.02290588,1.809
2024_02_10_20_16_15_255,0.6,-0.3141992,384459.0,321400.0,-1.496162,-0.6042717,0.1360195,6.280481,0.009192973,0.7517859,1.71,0.006865612,0.002011766,-0.7604597,0.003576278,-0.001311302,0.02290774,1.809
2024_02_10_20_16_15_293,0.6,-0.3141992,384638.0,321549.0,-1.448007,-0.560715,0.1360195,6.280481,0.009193156,0.7228885,1.71,0.006911614,0.002040907,-0.7604808,-0.01895428,-0.006973743,0.01916476,1.809
2024_02_10_20_16_15_326,0.6,-0.3141992,384794.0,321678.0,-1.405181,-0.5240319,0.1360195,6.280481,0.009192964,0.6977929,1.71,0.007024405,0.001980578,-0.7604229,0.002741813,0.002086163,-0.003898516,1.809
2024_02_10_20_16_15_363,0.6,-0.3141992,384969.0,321824.0,-1.356088,-0.4841951,0.1360195,6.280481,0.009192989,0.669655,1.71,0.007041816,0.0020455,-0.7603981,-0.02145767,-0.0009536743,-0.003878027,1.809
2024_02_10_20_16_15_397,0.6,-0.3141992,385129.0,321957.0,-1.310003,-0.4488191,0.1360194,6.280481,0.009192768,0.6438,1.71,0.006919797,0.002053408,-0.7604396,-0.02503395,-0.009357929,0.06853696,1.809
2024_02_10_20_16_15_434,0.6,-0.3141992,385303.0,322102.0,-1.258832,-0.4116895,0.1360195,6.280481,0.009192843,0.6156626,1.71,0.007005265,0.002076879,-0.7604009,0.01513958,0.00333786,-0.03850274,1.809
2024_02_10_20_16_15_472,0.6,-0.3141992,385483.0,322252.0,-1.205211,-0.3750707,0.1360195,6.280481,0.009192896,0.5867652,1.71,0.00698117,0.002087999,-0.7603639,-0.05590915,-0.01573563,0.1146095,1.809
2024_02_10_20_16_15_508,0.6,-0.3141992,385657.0,322397.0,-1.152005,-0.3409188,0.1360195,6.280481,0.009192987,0.5586278,1.71,0.0069651,0.00201809,-0.7604782,-0.005483627,0.00244379,-0.02669729,1.809
2024_02_10_20_16_15_547,0.6,-0.3141992,385836.0,322546.0,-1.096384,-0.3074158,0.1360195,6.280481,0.009192911,0.5297299,1.71,0.006979257,0.002055241,-0.7604538,0.004768372,-0.002801418,0.00394322,1.809
2024_02_10_20_16_15_584,0.6,-0.3141992,386011.0,322691.0,-1.041317,-0.2763522,0.1360194,6.280481,0.009192818,0.5015936,1.71,0.006905167,0.002066312,-0.7604538,-0.009298325,-0.00578165,0.02671405,1.809
2024_02_10_20_16_15_617,0.6,-0.3141992,386171.0,322825.0,-0.9899629,-0.2491834,0.1360194,6.280481,0.009193085,0.475738,1.71,0.006919038,0.002088789,-0.7605704,-0.003218651,-0.004053116,-0.01130812,1.809
2024_02_10_20_16_15_655,0.6,-0.3141992,386346.0,322970.0,-0.9333006,-0.2211366,0.1360195,6.280481,0.009192973,0.4476002,1.71,0.007022215,0.002020049,-0.7604229,0.002980232,0.004887581,-0.04220847,1.809
2024_02_10_20_16_15_693,0.6,-0.3141992,386525.0,323119.0,-0.8743088,-0.1940029,0.1360196,6.280481,0.009192737,0.4187027,1.71,0.006982332,0.002069688,-0.7603464,-0.0193119,-0.002235174,0.01490861,1.809
2024_02_10_20_16_15_730,0.6,-0.3141992,386700.0,323264.0,-0.8161401,-0.1692318,0.1360195,6.280481,0.009192993,0.3905643,1.71,0.00697316,0.001995858,-0.7605298,-0.02944469,-0.003159046,0.03420282,1.809
2024_02_10_20_16_15_763,0.6,-0.3141992,386855.0,323394.0,-0.7636904,-0.1485271,0.1360195,6.280481,0.00919316,0.3654677,1.71,0.006964925,0.002014442,-0.7605286,0.01263618,0.002920627,-0.007311813,1.809
2024_02_10_20_16_15_800,0.6,-0.3141992,387034.0,323543.0,-0.7026721,-0.1263245,0.1360194,6.280481,0.009192837,0.3365692,1.71,0.006950737,0.002081838,-0.7604211,-0.01573563,-0.005811452,0.04957802,1.809
2024_02_10_20_16_15_834,0.6,-0.3141992,387190.0,323673.0,-0.6491815,-0.1084806,0.1360194,6.280481,0.009193033,0.3114732,1.71,0.00697118,0.001992259,-0.7604221,0.02110004,0.001341104,0.01929514,1.809
2024_02_10_20_16_15_872,0.6,-0.3141992,387369.0,323822.0,-0.5870534,-0.08960343,0.1360195,6.280481,0.009192953,0.2825747,1.71,0.006931271,0.002075443,-0.7605202,-0.02968311,-0.01144409,0.04582945,1.809
2024_02_10_20_16_15_905,0.6,-0.3141992,387525.0,323951.0,-0.5326769,-0.07467243,0.1360195,6.280481,0.009192768,0.2574792,1.71,0.006956306,0.002083774,-0.7604123,-0.004053116,-0.006318092,0.02657994,1.809
2024_02_10_20_16_15_942,0.6,-0.3141992,387700.0,324097.0,-0.4712855,-0.05956002,0.1360195,6.280481,0.009192944,0.2293408,1.71,0.006969165,0.002013991,-0.7604394,0.03302097,0.00539422,-0.02660136,1.809
2024_02_10_20_16_15_980,0.6,-0.3141992,387879.0,324246.0,-0.4078182,-0.04584348,0.1360194,6.280481,0.009192862,0.2004423,1.71,0.006953442,0.002135593,-0.7604684,-0.01561642,-0.007048249,0.01171231,1.809
2024_02_10_20_16_16_014,0.6,-0.3141992,388034.0,324375.0,-0.3524,-0.03542374,0.1360195,6.280481,0.009193031,0.1753463,1.71,0.00691752,0.00211554,-0.7604855,-0.01227856,-0.006064772,-0.003517605,1.809
2024_02_10_20_16_16_051,0.6,-0.3141992,388214.0,324525.0,-0.2882851,-0.02515253,0.1360194,6.280481,0.009192843,0.1464478,1.71,0.007015223,0.002026692,-0.7603961,0.0001192093,0.003039837,-3.352761e-05,1.809
2024_02_10_20_16_16_089,0.6,-0.3141992,388388.0,324670.0,-0.2255971,-0.01693557,0.1360195,6.280481,0.009192843,0.1183099,1.71,0.006957234,0.002099286,-0.7604409,-0.01609325,-0.004827976,0.003650784,1.809
2024_02_10_20_16_16_125,0.6,-0.3141992,388567.0,324819.0,-0.1610002,-0.01033587,0.1360195,6.280481,0.009192799,0.08941084,1.71,0.006973798,0.002069298,-0.760443,-0.006079673,-0.001564622,0.003661029,1.809
2024_02_10_20_16_16_158,0.6,-0.3141992,388723.0,324949.0,-0.1047679,-0.006120868,0.1360194,6.280481,0.009192956,0.06431428,1.71,0.007012186,0.002023487,-0.760504,0.03874302,0.006735324,-0.02277363,1.809
2024_02_10_20_16_16_197,0.6,-0.3141992,388902.0,325098.0,-0.03990899,-0.00301702,0.1360194,6.280481,0.009192782,0.03541578,1.71,0.006986469,0.00212422,-0.7603915,-0.003218651,-0.00359118,0.01143105,1.809
2024_02_10_20_16_16_234,0.6,-0.3141992,389077.0,325243.0,0.02330273,-0.001796905,0.1360195,6.280481,0.009192999,0.007278419,1.71,0.007004786,0.002002268,-0.7604418,0.02646446,0.01002848,-0.045822,1.809
2024_02_10_20_16_16_272,0.6,-0.3141992,389256.0,325392.0,0.0882329,-0.002395393,0.1360194,6.280481,0.009192978,6.261565,1.71,0.006938708,0.002061365,-0.7604495,0.006794929,-0.00295043,0.03078859,1.809
2024_02_10_20_16_16_310,0.6,-0.3141992,389431.0,325537.0,0.151412,-0.004780683,0.1360195,6.280481,0.009192924,6.233427,1.71,0.007004546,0.00204428,-0.7604083,0.01013279,0.0003129244,0.01913868,1.809
2024_02_10_20_16_16_343,0.6,-0.3141992,389586.0,325667.0,0.2076846,-0.008406974,0.1360195,6.280481,0.009193031,6.208331,1.71,0.007004397,0.002012172,-0.7603923,-0.01978874,-0.001758337,0.01126993,1.809
2024_02_10_20_16_16_379,0.6,-0.3141992,389766.0,325816.0,0.2723469,-0.01433042,0.1360196,6.280481,0.009192954,6.179434,1.71,0.006960442,0.002062612,-0.7604151,0.01144409,-0.0006705522,0.0153007,1.809
2024_02_10_20_16_16_413,0.6,-0.3141992,389921.0,325946.0,0.328342,-0.02098833,0.1360196,6.280481,0.009192995,6.154337,1.71,0.006989366,0.002067037,-0.7604055,0.01108646,0.003919005,-0.03051571,1.809
2024_02_10_20_16_16_450,0.6,-0.3141992,390100.0,326095.0,0.3925897,-0.03039284,0.1360195,6.280481,0.009192907,6.125439,1.71,0.007012886,0.002072972,-0.7604402,-0.02145767,-0.002592802,0.007431954,1.809
2024_02_10_20_16_16_484,0.6,-0.3141992,390256.0,326224.0,0.4481439,-0.04006314,0.1360195,6.280481,0.009192938,6.100342,1.71,0.006954108,0.002064421,-0.7604147,-0.02717972,-0.007808208,0.02653431,1.809
2024_02_10_20_16_16_521,0.6,-0.3141992,390435.0,326374.0,0.5117912,-0.05292141,0.1360196,6.280481,0.009192858,6.071444,1.71,0.0069538,0.002063039,-0.7603694,-0.005364418,-0.004351139,0.03404357,1.809
2024_02_10_20_16_16_559,0.6,-0.3141992,390610.0,326519.0,0.5733809,-0.06720326,0.1360195,6.280481,0.009192832,6.043306,1.71,0.006969964,0.002068288,-0.7604608,0.005602836,0.0004172325,0.02289936,1.809
2024_02_10_20_16_16_597,0.6,-0.3141992,390789.0,326668.0,0.6361904,-0.08366874,0.1360196,6.280481,0.009193124,6.014407,1.71,0.007003738,0.002034733,-0.7604147,-0.02229214,-0.007897615,0.04179775,1.809
2024_02_10_20_16_16_630,0.6,-0.3141992,390945.0,326798.0,0.6903306,-0.09943514,0.1360194,6.280481,0.009193114,5.989312,1.71,0.00695898,0.00211012,-0.7604665,-0.03790855,-0.00923872,0.01899526,1.809
2024_02_10_20_16_16_667,0.6,-0.3141992,391119.0,326943.0,0.7505405,-0.1187216,0.1360195,6.280481,0.009193313,5.961174,1.71,0.006993564,0.002006637,-0.760506,-0.002026558,-0.001639128,-0.003678724,1.809
2024_02_10_20_16_16_701,0.6,-0.3141992,391280.0,327076.0,0.80537,-0.1379316,0.1360194,6.280481,0.0091931,5.935319,1.71,0.006958939,0.002070927,-0.7604017,-0.02110004,-0.003814697,0.01900736,1.809
2024_02_10_20_16_16_737,0.6,-0.3141992,391454.0,327222.0,0.8644507,-0.1604395,0.1360195,6.280481,0.009193083,5.907183,1.71,0.007077742,0.002062041,-0.7603033,0.004053116,0.008642673,-0.03822986,1.809
2024_02_10_20_16_16_776,0.6,-0.3141992,391633.0,327371.0,0.9244447,-0.185276,0.1360195,6.280481,0.009193275,5.878285,1.71,0.006994153,0.002049792,-0.760507,-0.005602836,-0.003755092,0.0193296,1.809
2024_02_10_20_16_16_808,0.6,-0.3141992,391789.0,327500.0,0.9759443,-0.2082433,0.1360195,6.280481,0.00919303,5.853189,1.71,0.006988748,0.002055076,-0.7603793,0.003695488,-0.008642673,0.08037406,1.809
2024_02_10_20_16_16_847,0.6,-0.3141992,391968.0,327650.0,1.03451,-0.2362813,0.1360195,6.280481,0.009193202,5.824292,1.71,0.006977541,0.001997052,-0.7604628,0.009179115,0.005602836,-0.03045052,1.809
2024_02_10_20_16_16_884,0.6,-0.3141992,392143.0,327795.0,1.090734,-0.2651967,0.1360196,6.280481,0.009193114,5.796156,1.71,0.006969624,0.002015674,-0.7604281,-0.004172325,-0.006437301,0.03822427,1.809
2024_02_10_20_16_16_917,0.6,-0.3141992,392298.0,327924.0,1.140175,-0.2923118,0.1360195,6.280481,0.009192872,5.771062,1.71,0.006953172,0.002072908,-0.7604333,0.04267692,0.0115633,-0.0575101,1.809
2024_02_10_20_16_16_955,0.6,-0.3141992,392478.0,328073.0,1.196243,-0.3250605,0.1360195,6.280481,0.009193037,5.742166,1.71,0.007021468,0.002034886,-0.7603807,-0.010252,0.001788139,-0.01524296,1.809
2024_02_10_20_16_16_992,0.6,-0.3141992,392652.0,328219.0,1.249905,-0.358491,0.1360195,6.280481,0.009193199,5.71403,1.71,0.007028921,0.002059322,-0.7604463,-0.002264977,-0.002861023,-0.003742054,1.809
2024_02_10_20_16_17_026,0.6,-0.3141992,392813.0,328352.0,1.298367,-0.3905308,0.1360195,6.280481,0.009193005,5.688176,1.71,0.007041759,0.001997588,-0.7603434,-0.005841255,0.002145767,0.01118705,1.809
2024_02_10_20_16_17_063,0.6,-0.3141992,392987.0,328498.0,1.350146,-0.4268089,0.1360195,6.280481,0.009193182,5.660043,1.71,0.006991955,0.002057849,-0.7604629,-0.02193451,-0.005602836,0.02308842,1.809
2024_02_10_20_16_17_100,0.6,-0.3141992,393166.0,328647.0,1.402241,-0.4655679,0.1360195,6.280481,0.009193084,5.63115,1.71,0.00702131,0.002109752,-0.760375,-0.02372265,-0.001370907,-0.01908559,1.809
2024_02_10_20_16_17_138,0.6,-0.3141992,393341.0,328792.0,1.451867,-0.5047363,0.1360195,6.280481,0.009192905,5.603013,1.71,0.006898075,0.002092514,-0.7604749,0.02205372,0.008821487,-0.06129592,1.809
2024_02_10_20_16_17_176,0.6,-0.3141992,393520.0,328941.0,1.501668,-0.5464005,0.1360194,6.280481,0.009193134,5.574115,1.71,0.007033098,0.002074723,-0.7604349,-0.001072884,0.002205372,-0.01895148,1.809
2024_02_10_20_16_17_212,0.6,-0.3141992,393695.0,329086.0,1.548982,-0.5883351,0.1360195,6.280481,0.009193171,5.545981,1.71,0.006938579,0.002045519,-0.760432,-0.003457069,-0.002503395,-0.01137983,1.809
2024_02_10_20_16_17_246,0.6,-0.3141992,393850.0,329216.0,1.590171,-0.6268458,0.1360195,6.280481,0.009193016,5.520885,1.71,0.007008975,0.002018826,-0.7604151,0.01454353,0.004470348,-0.01532212,1.809
2024_02_10_20_16_17_284,0.6,-0.3141992,394029.0,329365.0,1.636384,-0.6724565,0.1360195,6.280481,0.009192927,5.491992,1.71,0.007039056,0.002066921,-0.7603739,-0.01871586,0.000834465,0.003719702,1.809
2024_02_10_20_16_17_321,0.6,-0.3141992,394204.0,329510.0,1.680099,-0.7181308,0.1360195,6.280481,0.0091931,5.463853,1.71,0.007071147,0.002045349,-0.7604107,0.01621246,0.002801418,-0.03420096,1.809
2024_02_10_20_16_17_355,0.6,-0.3141992,394364.0,329644.0,1.719121,-0.7611713,0.1360195,6.280481,0.009193138,5.437998,1.71,0.006975882,0.001968569,-0.7604162,0.02431869,0.00244379,0.0154404,1.809
2024_02_10_20_16_17_392,0.6,-0.3141992,394539.0,329789.0,1.760307,-0.8091389,0.1360195,6.280481,0.009192889,5.409861,1.71,0.006953017,0.002035931,-0.7604851,0.01907349,0.00846386,-0.06496999,1.809
2024_02_10_20_16_17_429,0.6,-0.3141992,394718.0,329938.0,1.801183,-0.859589,0.1360196,6.280481,0.009193052,5.380964,1.71,0.006984831,0.002042029,-0.7604122,-0.0257492,-0.003814697,0.02666749,1.809
2024_02_10_20_16_17_467,0.6,-0.3141992,394893.0,330084.0,1.839568,-0.9098265,0.1360195,6.280481,0.009193162,5.352828,1.71,0.007021667,0.002055246,-0.7604225,0.01907349,0.007748603,-0.08400995,1.809
2024_02_10_20_16_17_500,0.6,-0.3141992,395053.0,330217.0,1.873582,-0.9569259,0.1360195,6.280481,0.009193116,5.326974,1.71,0.007027685,0.002060431,-0.7603933,-0.008702278,0.001013279,-0.03057997,1.809
2024_02_10_20_16_17_538,0.6,-0.3141992,395228.0,330362.0,1.9092,-1.009161,0.1360195,6.280481,0.009192938,5.298837,1.71,0.006952306,0.002077782,-0.7603807,-0.009417534,-0.007331371,0.07245596,1.809
2024_02_10_20_16_17_576,0.6,-0.3141992,395407.0,330511.0,1.944236,-1.063829,0.1360195,6.280481,0.009193044,5.269941,1.71,0.006942626,0.002068705,-0.7604439,-0.01645088,-0.006437301,0.04572328,1.809
2024_02_10_20_16_17_613,0.6,-0.3141992,395581.0,330657.0,1.976818,-1.118009,0.1360195,6.280481,0.009193069,5.241803,1.71,0.006977728,0.002041532,-0.7603996,0.02014637,0.006377697,-0.0189608,1.809
2024_02_10_20_16_17_651,0.6,-0.3141992,395761.0,330806.0,2.008679,-1.174585,0.1360196,6.280481,0.009193069,5.212906,1.71,0.006975412,0.002043264,-0.7604161,0.0005960464,0.003933907,-0.03077555,1.809
2024_02_10_20_16_17_687,0.6,-0.3141992,395935.0,330951.0,2.038119,-1.230534,0.1360195,6.280481,0.009192873,5.18477,1.71,0.007009524,0.002073602,-0.7603576,0.00655651,-0.004887581,0.03046728,1.809
2024_02_10_20_16_17_721,0.6,-0.3141992,396091.0,331081.0,2.06304,-1.281116,0.1360194,6.280481,0.00919293,5.159676,1.71,0.007012757,0.002071718,-0.7604297,-0.00846386,-0.001549721,0.01139287,1.809
2024_02_10_20_16_17_758,0.6,-0.3141992,396270.0,331230.0,2.090153,-1.340117,0.1360195,6.280481,0.009193192,5.130785,1.71,0.007044211,0.002011435,-0.7604406,0.01847744,0.00667572,-0.02649054,1.809
2024_02_10_20_16_17_796,0.6,-0.3141992,396444.0,331375.0,2.114904,-1.398295,0.1360194,6.280481,0.009192936,5.102652,1.71,0.007000491,0.002138264,-0.7604073,-0.02515316,0.0002682209,-0.03066286,1.809
2024_02_10_20_16_17_834,0.6,-0.3141992,396624.0,331524.0,2.13861,-1.458744,0.1360196,6.280481,0.009193059,5.073757,1.71,0.007054983,0.002027488,-0.7603905,-0.001311302,-0.004410744,0.0343686,1.809
2024_02_10_20_16_17_868,0.6,-0.3141992,396779.0,331654.0,2.157773,-1.511776,0.1360195,6.280481,0.009192931,5.048659,1.71,0.006938052,0.002061592,-0.7603726,-0.01347065,-0.001490116,0.02293661,1.809
2024_02_10_20_16_17_905,0.6,-0.3141992,396959.0,331803.0,2.178182,-1.573415,0.1360195,6.280481,0.009193188,5.019764,1.71,0.007017336,0.002016821,-0.76043,0.02932548,0.006377697,-0.0419002,1.809
2024_02_10_20_16_17_938,0.6,-0.3141992,397114.0,331933.0,2.194455,-1.627404,0.1360194,6.280481,0.009192964,4.994669,1.71,0.007021345,0.002090497,-0.7604011,-0.008106232,-0.0001192093,0.007597729,1.809
2024_02_10_20_16_17_976,0.6,-0.3141992,397294.0,332082.0,2.211507,-1.690056,0.1360196,6.280481,0.00919328,4.965774,1.71,0.006972306,0.001935157,-0.7604429,0.00989437,0.004708767,-0.02676528,1.809
2024_02_10_20_16_18_013,0.6,-0.3141992,397468.0,332227.0,2.226366,-1.751506,0.1360196,6.280481,0.009192975,4.937638,1.71,0.006976575,0.001973557,-0.7603621,0.06711483,0.01832843,-0.06489269,1.809
2024_02_10_20_16_18_050,0.6,-0.3141992,397647.0,332376.0,2.23982,-1.815027,0.1360196,6.280482,0.009192905,4.908744,1.71,0.006930314,0.002063662,-0.7603907,-0.004172325,0.000372529,0.00746455,1.809
2024_02_10_20_16_18_087,0.6,-0.3141992,397822.0,332521.0,2.251151,-1.877225,0.1360195,6.280481,0.009192989,4.880609,1.71,0.006994598,0.002047125,-0.7603712,-0.01883507,0.0012815,-0.02303626,1.809
2024_02_10_20_16_18_126,0.6,-0.3141992,398001.0,332671.0,2.260962,-1.941412,0.1360195,6.280481,0.00919295,4.851713,1.71,0.007019216,0.002047752,-0.7603561,0.01680851,0.001087785,-0.007809139,1.809
2024_02_10_20_16_18_163,0.6,-0.3141992,398176.0,332816.0,2.268732,-2.004156,0.1360195,6.280481,0.009192964,4.823575,1.71,0.006962598,0.002052769,-0.7603645,0.03218651,0.004976987,-0.01521036,1.809
2024_02_10_20_16_18_205,0.6,-0.3141992,398355.0,332965.0,2.274869,-2.068798,0.1360195,6.280481,0.009193025,4.794682,1.71,0.007054297,0.002033629,-0.760363,0.01764297,0.009045005,-0.0610305,1.809
2024_02_10_20_16_18_238,0.6,-0.3141992,398529.0,333110.0,2.279048,-2.131883,0.1360195,6.280481,0.009192952,4.766542,1.71,0.006912216,0.002127948,-0.7604427,-0.009775162,0.004515052,-0.03434997,1.809
2024_02_10_20_16_18_275,0.6,-0.3141992,398704.0,333256.0,2.281452,-2.195061,0.1360196,6.280481,0.009193044,4.738405,1.71,0.00699338,0.002022694,-0.7604156,-0.004053116,0.002101064,-0.04215724,1.809
2024_02_10_20_16_18_313,0.6,-0.3141992,398883.0,333405.0,2.28207,-2.259989,0.1360195,6.280481,0.009192783,4.709508,1.71,0.006956173,0.002042112,-0.7603714,0.01633167,0.002801418,-0.01548324,1.809
2024_02_10_20_16_18_347,0.6,-0.3141992,399039.0,333534.0,2.281084,-2.316369,0.1360194,6.280481,0.00919277,4.684412,1.71,0.007024456,0.002054455,-0.7603822,0.01227856,0.004410744,0.003646128,1.809
2024_02_10_20_16_18_384,0.6,-0.3141992,399218.0,333683.0,2.278195,-2.381236,0.1360195,6.280481,0.009193062,4.655517,1.71,0.007001446,0.002048525,-0.7604101,0.007987022,0.002086163,-0.01895893,1.809
2024_02_10_20_16_18_421,0.6,-0.3141992,399392.0,333829.0,2.273583,-2.444288,0.1360195,6.280481,0.009192994,4.627382,1.71,0.006926883,0.002049972,-0.7603669,-0.01120567,-0.001490116,0.01141522,1.809
2024_02_10_20_16_18_458,0.6,-0.3141992,399572.0,333978.0,2.267003,-2.508884,0.1360195,6.280481,0.009193028,4.598485,1.71,0.006946805,0.002093304,-0.7604319,-0.003814697,-0.007480382,0.04606694,1.809
2024_02_10_20_16_18_492,0.6,-0.3141992,399727.0,334107.0,2.259776,-2.564806,0.1360195,6.280481,0.009193093,4.573389,1.71,0.007006415,0.00199685,-0.760357,0.04589557,0.009089708,-0.03789645,1.809
2024_02_10_20_16_18_530,0.6,-0.3141992,399907.0,334257.0,2.249717,-2.628953,0.1360195,6.280481,0.009193038,4.544495,1.71,0.006974153,0.002058306,-0.7604331,-0.03218651,-0.01078844,0.05319807,1.809
2024_02_10_20_16_18_562,0.6,-0.3141992,400062.0,334386.0,2.239483,-2.684405,0.1360195,6.280481,0.009193187,4.519399,1.71,0.006950156,0.001994652,-0.7604817,0.02062321,5.960464e-05,0.007758848,1.809
2024_02_10_20_16_18_601,0.6,-0.3141992,400237.0,334531.0,2.226357,-2.74625,0.1360195,6.280481,0.009192856,4.491262,1.71,0.006999768,0.002088079,-0.7603472,0.005364418,0.005722045,-0.0345502,1.809
2024_02_10_20_16_18_634,0.6,-0.3141992,400397.0,334665.0,2.212767,-2.802735,0.1360195,6.280481,0.009192863,4.465408,1.71,0.007029256,0.002032665,-0.7603778,0.0371933,0.008940697,-0.04959944,1.809
2024_02_10_20_16_18_671,0.6,-0.3141992,400572.0,334810.0,2.196324,-2.863782,0.1360195,6.280481,0.009192861,4.437269,1.71,0.006884504,0.002067945,-0.760433,-0.01502037,-0.01496076,0.1183841,1.809
2024_02_10_20_16_18_709,0.6,-0.3141992,400751.0,334959.0,2.177653,-2.925972,0.1360196,6.280481,0.009192962,4.408375,1.71,0.006987418,0.002037938,-0.760433,-0.0007152557,0.001311302,-0.03832858,1.809
2024_02_10_20_16_18_746,0.6,-0.3141992,400925.0,335105.0,2.157754,-2.985984,0.1360194,6.280481,0.009192964,4.380237,1.71,0.007023963,0.002121564,-0.7604293,-0.01525879,-0.006854534,0.01173094,1.809
2024_02_10_20_16_18_780,0.6,-0.3141992,401086.0,335238.0,2.13799,-3.040618,0.1360195,6.280481,0.009192976,4.354378,1.71,0.006956099,0.002002212,-0.7604136,0.02753734,0.007808208,-0.05344022,1.809
2024_02_10_20_16_18_817,0.6,-0.3141992,401260.0,335383.0,2.114884,-3.099468,0.1360195,6.280481,0.009193154,4.326238,1.71,0.006911823,0.001976401,-0.7604464,0.003576278,-0.004470348,0.04994683,1.809
2024_02_10_20_16_18_855,0.6,-0.3141992,401440.0,335533.0,2.089441,-3.159206,0.1360195,6.280481,0.009193131,4.297344,1.71,0.00699234,0.002065533,-0.7604696,-0.03623962,-0.007867813,0.01916941,1.809
2024_02_10_20_16_18_892,0.6,-0.3141992,401614.0,335678.0,2.063018,-3.216642,0.1360195,6.280481,0.009192926,4.269208,1.71,0.006928314,0.00203565,-0.7603394,-0.01811981,-0.009655952,0.08772406,1.809
2024_02_10_20_16_18_931,0.6,-0.3141992,401793.0,335827.0,2.03421,-3.274832,0.1360195,6.280481,0.009192786,4.240309,1.71,0.007009452,0.002059023,-0.7603733,-0.002861023,0.0003576278,-0.0002868474,1.809
2024_02_10_20_16_18_967,0.6,-0.3141992,401968.0,335972.0,2.004556,-3.330668,0.1360195,6.280481,0.009192913,4.212171,1.71,0.006941306,0.002070805,-0.7603668,-0.009536743,-0.00333786,0.01896452,1.809
2024_02_10_20_16_19_005,0.6,-0.3141992,402147.0,336121.0,1.972476,-3.387123,0.1360196,6.280481,0.009192903,4.183273,1.71,0.007005609,0.002052566,-0.7603413,0.006437301,0.000655651,-0.0001667067,1.809
2024_02_10_20_16_19_038,0.6,-0.3141992,402303.0,336251.0,1.943304,-3.43538,0.1360196,6.280481,0.009193067,4.158178,1.71,0.007031688,0.002043148,-0.7604135,-0.002622604,-0.0002384186,-0.01528766,1.809
2024_02_10_20_16_19_075,0.6,-0.3141992,402477.0,336396.0,1.909168,-3.488596,0.1360195,6.280481,0.009192872,4.130044,1.71,0.006974425,0.002063327,-0.7603998,0.001192093,-0.004172325,0.03823359,1.809
2024_02_10_20_16_19_108,0.6,-0.3141992,402638.0,336530.0,1.87649,-3.536632,0.1360195,6.280481,0.009193011,4.10419,1.71,0.007053174,0.002070134,-0.7603365,0.02563,0.006377697,-0.06479584,1.809
2024_02_10_20_16_19_146,0.6,-0.3141992,402812.0,336675.0,1.839534,-3.587929,0.1360194,6.280481,0.009192906,4.076054,1.71,0.007042821,0.002126485,-0.7604316,-0.01716614,0.003695488,-0.06501563,1.809
2024_02_10_20_16_19_183,0.6,-0.3141992,402991.0,336824.0,1.80009,-3.639509,0.1360194,6.280481,0.009192852,4.047157,1.71,0.007033993,0.002043791,-0.7604243,0.04005432,0.002026558,0.02325512,1.809
2024_02_10_20_16_19_217,0.6,-0.3141992,403147.0,336954.0,1.76464,-3.683361,0.1360194,6.280481,0.009192846,4.022062,1.71,0.007002817,0.001994353,-0.7604212,0.02408027,0.004470348,0.00768993,1.809
2024_02_10_20_16_19_255,0.6,-0.3141992,403326.0,337103.0,1.722472,-3.732739,0.1360195,6.280481,0.009193036,3.993165,1.71,0.006967957,0.002019361,-0.7603666,0.004529953,0.001788139,-0.007776543,1.809
2024_02_10_20_16_19_287,0.6,-0.3141992,403482.0,337232.0,1.684707,-3.774614,0.1360196,6.280481,0.009193065,3.96807,1.71,0.006983099,0.002025254,-0.7604395,-0.001311302,-0.005483627,0.03822334,1.809
2024_02_10_20_16_19_325,0.6,-0.3141992,403656.0,337378.0,1.641129,-3.820421,0.1360195,6.280481,0.009193036,3.939933,1.71,0.006973657,0.002028592,-0.7603673,-0.02837181,-0.004768372,0.04581734,1.809
2024_02_10_20_16_19_363,0.6,-0.3141992,403836.0,337527.0,1.595053,-3.866171,0.1360195,6.280481,0.009193047,3.911035,1.71,0.006933738,0.002036503,-0.7603828,0.009536743,-0.004649162,0.04593748,1.809
2024_02_10_20_16_19_400,0.6,-0.3141992,404010.0,337672.0,1.548937,-3.90942,0.1360194,6.280481,0.009192765,3.882899,1.71,0.007142494,0.002048214,-0.7602651,0.02408027,0.01049042,-0.03439281,1.809
2024_02_10_20_16_19_434,0.6,-0.3141992,404171.0,337806.0,1.505503,-3.948004,0.1360195,6.280481,0.009192809,3.857044,1.71,0.006965717,0.002033917,-0.7603855,-0.003933907,-0.002145767,0.01495797,1.809
2024_02_10_20_16_19_470,0.6,-0.3141992,404345.0,337951.0,1.457118,-3.9887,0.1360195,6.280481,0.009192956,3.828907,1.71,0.00696976,0.002064199,-0.7604384,-0.0001192093,-0.004351139,0.01155585,1.809
2024_02_10_20_16_19_504,0.6,-0.3141992,404501.0,338080.0,1.413013,-4.023837,0.1360194,6.280481,0.009192944,3.803812,1.71,0.006960787,0.002139637,-0.7604645,-0.01049042,-0.0115037,0.0537578,1.809
2024_02_10_20_16_19_543,0.6,-0.3141992,404680.0,338230.0,1.361153,-4.062911,0.1360195,6.280481,0.009193231,3.774915,1.71,0.006891083,0.002023458,-0.7605138,-0.01215935,-0.002741813,-0.01131371,1.809
2024_02_10_20_16_19_579,0.6,-0.3141992,404855.0,338375.0,1.309593,-4.099501,0.1360194,6.280481,0.009193039,3.746778,1.71,0.00693351,0.002053772,-0.7603984,0.01680851,0.004649162,-0.03031269,1.809
2024_02_10_20_16_19_617,0.6,-0.3141992,405034.0,338524.0,1.255589,-4.135557,0.1360195,6.280481,0.009192734,3.717883,1.71,0.007021904,0.002069947,-0.7603586,0.03099441,0.007271766,-0.04229322,1.809
2024_02_10_20_16_19_654,0.6,-0.3141992,405208.0,338669.0,1.202029,-4.169148,0.1360196,6.280481,0.009193183,3.689745,1.71,0.00689252,0.002053458,-0.7605249,0.007748603,-0.005125999,0.02311077,1.809
2024_02_10_20_16_19_688,0.6,-0.3141992,405369.0,338803.0,1.151995,-4.198678,0.1360196,6.280481,0.009193089,3.663889,1.71,0.006885471,0.002029153,-0.7604485,-0.006914138,-0.005125999,0.01528207,1.809
2024_02_10_20_16_19_725,0.6,-0.3141992,405543.0,338948.0,1.096699,-4.229331,0.1360195,6.280481,0.009193109,3.635753,1.71,0.006983296,0.002029491,-0.7604064,-0.0005960464,-0.002682209,0.007534399,1.809
2024_02_10_20_16_19_763,0.6,-0.3141992,405722.0,339097.0,1.039033,-4.259181,0.1360194,6.280481,0.009193093,3.606857,1.71,0.007051295,0.002076713,-0.7604384,-0.01394749,0.002861023,-0.03035553,1.809
2024_02_10_20_16_19_796,0.6,-0.3141992,405878.0,339227.0,0.988274,-4.283741,0.1360195,6.280481,0.009193151,3.581763,1.71,0.006982207,0.001985545,-0.7604286,-0.002622604,-0.003695488,0.042052,1.809
2024_02_10_20_16_19_834,0.6,-0.3141992,406057.0,339376.0,0.9290813,-4.310436,0.1360194,6.280481,0.009192994,3.552866,1.71,0.007041816,0.002001404,-0.7604043,0.01180172,0.01132488,-0.05353056,1.809
2024_02_10_20_16_19_871,0.6,-0.3141992,406232.0,339521.0,0.8707291,-4.334775,0.1360195,6.280481,0.009192959,3.524729,1.71,0.007003531,0.002093053,-0.7604237,-0.001430511,0.006854534,-0.07671583,1.809
2024_02_10_20_16_19_904,0.6,-0.3141992,406387.0,339651.0,0.8181261,-4.355089,0.1360195,6.280481,0.009193044,3.499635,1.71,0.007037869,0.002066944,-0.7603443,0.02717972,0.006735324,-0.05328934,1.809
2024_02_10_20_16_19_942,0.6,-0.3141992,406567.0,339800.0,0.7569438,-4.376837,0.1360195,6.280481,0.009193003,3.470738,1.71,0.006949544,0.002078413,-0.7604786,-0.03421307,-0.009268522,0.02276897,1.809
2024_02_10_20_16_19_980,0.6,-0.3141992,406741.0,339945.0,0.6967921,-4.396305,0.1360195,6.280481,0.009192836,3.442602,1.71,0.006983967,0.002102606,-0.7603768,-0.01704693,-0.007122755,0.03044214,1.809
2024_02_10_20_16_20_012,0.6,-0.3141992,406902.0,340079.0,0.6410542,-4.412696,0.1360194,6.280481,0.009192755,3.416747,1.71,0.007029776,0.002029237,-0.7603843,0.01215935,0.006645917,-0.02317969,1.809
2024_02_10_20_16_20_050,0.6,-0.3141992,407076.0,340224.0,0.5799389,-4.42889,0.1360193,6.280481,0.009192958,3.38861,1.71,0.006960802,0.002140743,-0.760493,-0.01943111,-0.009477139,0.03073644,1.809
2024_02_10_20_16_20_088,0.6,-0.3141992,407255.0,340373.0,0.5167233,-4.443727,0.1360195,6.280481,0.009193109,3.359714,1.71,0.007004641,0.001963808,-0.7604235,0.03194809,0.007107853,-0.04199799,1.809
2024_02_10_20_16_20_126,0.6,-0.3141992,407430.0,340518.0,0.4547844,-4.45641,0.1360195,6.280481,0.00919289,3.331578,1.71,0.007057729,0.002089988,-0.7603069,-0.02503395,-0.005185604,0.03051385,1.809
2024_02_10_20_16_20_163,0.6,-0.3141992,407609.0,340667.0,0.3908257,-4.467618,0.1360195,6.280481,0.009193306,3.30268,1.71,0.006990875,0.001978371,-0.7604721,-0.006079673,-0.007167458,0.05378294,1.809
2024_02_10_20_16_20_196,0.6,-0.3141992,407765.0,340797.0,0.33504,-4.475849,0.1360194,6.280481,0.009193122,3.277586,1.71,0.006962921,0.002087407,-0.7604547,-0.03135204,-0.005885958,-0.01140963,1.809
2024_02_10_20_16_20_234,0.6,-0.3141992,407944.0,340946.0,0.2705694,-4.483591,0.1360195,6.280481,0.009193142,3.24869,1.71,0.007057138,0.002050398,-0.7603853,-0.0009536743,0.006347894,-0.04563853,1.809
2024_02_10_20_16_20_271,0.6,-0.3141992,408119.0,341091.0,0.2076068,-4.489335,0.1360195,6.280481,0.009192881,3.220554,1.71,0.006970955,0.002066687,-0.7604488,0.01204014,-0.002250075,0.01906231,1.809
2024_02_10_20_16_20_309,0.6,-0.3141992,408298.0,341241.0,0.1428008,-4.493388,0.1360194,6.280481,0.009193062,3.191657,1.71,0.006901817,0.002065773,-0.7605463,-0.01990795,-0.01096725,0.04568696,1.809
2024_02_10_20_16_20_346,0.6,-0.3141992,408472.0,341386.0,0.07961312,-4.495534,0.1360195,6.280481,0.009193081,3.163521,1.71,0.006994796,0.00207214,-0.7603962,-0.04911422,-0.008627772,0.007481314,1.809
2024_02_10_20_16_20_379,0.6,-0.3141992,408628.0,341515.0,0.0232248,-4.495947,0.1360195,6.280481,0.009193188,3.138427,1.71,0.007019564,0.001992129,-0.7604064,0.003576278,-0.003248453,0.03443751,1.809
2024_02_10_20_16_20_417,0.6,-0.3141992,408807.0,341665.0,-0.04169491,-4.494671,0.1360194,6.280481,0.00919308,3.10953,1.71,0.006965739,0.002076168,-0.760432,-0.0166893,-0.003427267,-0.00752788,1.809
2024_02_10_20_16_20_455,0.6,-0.3141992,408982.0,341810.0,-0.1048459,-4.491626,0.1360195,6.280481,0.009192964,3.081394,1.71,0.007027545,0.002084503,-0.7604293,0.0244379,0.000745058,0.003974885,1.809
2024_02_10_20_16_20_488,0.6,-0.3141992,409142.0,341943.0,-0.1627799,-4.487263,0.1360195,6.280481,0.009192925,3.05554,1.71,0.006991187,0.002041053,-0.7603476,0.001430511,0.0003427267,-0.003985129,1.809
2024_02_10_20_16_20_526,0.6,-0.3141992,409317.0,342089.0,-0.2256746,-4.480815,0.1360195,6.280481,0.009192878,3.027404,1.71,0.00697966,0.00208896,-0.7603486,-0.01430511,-0.006496906,0.03026798,1.809
2024_02_10_20_16_20_563,0.6,-0.3141992,409496.0,342238.0,-0.2900535,-4.472353,0.1360195,6.280481,0.009192975,2.998508,1.71,0.006991447,0.001997612,-0.7604259,0.0218153,0.008225441,-0.04577357,1.809
2024_02_10_20_16_20_596,0.6,-0.3141992,409651.0,342367.0,-0.3457439,-4.463499,0.1360195,6.280481,0.009192831,2.973413,1.71,0.006948575,0.002067016,-0.7603663,-0.01347065,-0.004529953,0.02270564,1.809
2024_02_10_20_16_20_634,0.6,-0.3141992,409831.0,342517.0,-0.4095729,-4.451575,0.1360195,6.280481,0.009192793,2.944516,1.71,0.006929511,0.002052444,-0.7604302,-0.005960464,-0.004202127,0.05340948,1.809
2024_02_10_20_16_20_671,0.6,-0.3141992,410005.0,342662.0,-0.4713658,-4.438199,0.1360195,6.280481,0.009192832,2.916379,1.71,0.006992531,0.002087683,-0.7604186,-0.01835823,-0.009208918,0.05328096,1.809
2024_02_10_20_16_20_704,0.6,-0.3141992,410161.0,342791.0,-0.5261424,-4.424806,0.1360195,6.280481,0.009192863,2.891285,1.71,0.006971089,0.002055111,-0.7604089,0.007987022,0.00628829,-0.04967488,1.809
2024_02_10_20_16_20_738,0.6,-0.3141992,410321.0,342925.0,-0.582209,-4.409572,0.1360195,6.280481,0.009193064,2.86543,1.71,0.006973404,0.002021902,-0.7604337,-0.01752377,-0.0102222,0.0804318,1.809
2024_02_10_20_16_20_774,0.6,-0.3141992,410496.0,343070.0,-0.6427524,-4.391356,0.1360195,6.280481,0.009192849,2.837294,1.71,0.006963062,0.00199581,-0.7603621,0.04827976,0.006705522,-0.007469207,1.809
2024_02_10_20_16_20_809,0.6,-0.3141992,410651.0,343200.0,-0.6962993,-4.373677,0.1360195,6.280481,0.009193103,2.812201,1.71,0.007009964,0.002038814,-0.7604241,-0.006437301,-0.001072884,-0.01141708,1.809
2024_02_10_20_16_20_846,0.6,-0.3141992,410831.0,343349.0,-0.7573864,-4.351663,0.1360194,6.280481,0.009192836,2.783304,1.71,0.007001059,0.00209862,-0.7604087,-0.02157688,-0.0001192093,-7.543713e-05,1.809
2024_02_10_20_16_20_884,0.6,-0.3141992,411005.0,343494.0,-0.8162299,-4.328542,0.1360194,6.280481,0.009193033,2.755168,1.71,0.006979337,0.002025108,-0.7604662,-0.01251697,-0.001132488,0.03836304,1.809
2024_02_10_20_16_20_921,0.6,-0.3141992,411184.0,343643.0,-0.8759623,-4.303082,0.1360194,6.280481,0.009193082,2.726272,1.71,0.007030159,0.002035488,-0.7604433,0.01132488,0.007033348,-0.04170928,1.809
2024_02_10_20_16_20_959,0.6,-0.3141992,411359.0,343788.0,-0.9333942,-4.276642,0.1360195,6.280481,0.009192967,2.698137,1.71,0.006975418,0.002057113,-0.7603694,-0.0001192093,-0.0004768371,0.003728084,1.809
2024_02_10_20_16_20_995,0.6,-0.3141992,411538.0,343938.0,-0.9915795,-4.247819,0.1360195,6.280481,0.009193026,2.66924,1.71,0.006989049,0.002058688,-0.7604353,-0.003099441,-0.00655651,0.04201382,1.809
2024_02_10_20_16_21_034,0.6,-0.3141992,411713.0,344083.0,-1.047409,-4.218148,0.1360194,6.280481,0.009193027,2.641106,1.71,0.006994637,0.002067777,-0.7603664,0.0180006,0.000834465,7.916241e-05,1.809
2024_02_10_20_16_21_067,0.6,-0.3141992,411873.0,344216.0,-1.097959,-4.189509,0.1360196,6.280481,0.009192844,2.615251,1.71,0.007003623,0.002077144,-0.7603476,0.002384186,0.007629394,-0.06124656,1.809
2024_02_10_20_16_21_104,0.6,-0.3141992,412048.0,344362.0,-1.152106,-4.156871,0.1360194,6.280481,0.009192838,2.587116,1.71,0.00699218,0.002003937,-0.7604036,0.02086162,0.006854534,-0.01519266,1.809
2024_02_10_20_16_21_141,0.6,-0.3141992,412227.0,344511.0,-1.20674,-4.121778,0.1360196,6.280481,0.00919308,2.558223,1.71,0.00707052,0.002074972,-0.7604083,-0.0141859,0.0005960464,-0.02682674,1.809
2024_02_10_20_16_21_179,0.6,-0.3141992,412401.0,344656.0,-1.25894,-4.086106,0.1360195,6.280481,0.009192945,2.53009,1.71,0.007044612,0.002079923,-0.7603857,0.01049042,-0.00500679,0.03827643,1.809
2024_02_10_20_16_21_213,0.6,-0.3141992,412562.0,344790.0,-1.306004,-4.052043,0.1360194,6.280481,0.009192881,2.504236,1.71,0.007059095,0.002016366,-0.7604642,-0.01716614,-0.005841255,0.04190113,1.809
2024_02_10_20_16_21_250,0.6,-0.3141992,412736.0,344935.0,-1.356203,-4.013604,0.1360194,6.280481,0.009192978,2.4761,1.71,0.006953368,0.001981867,-0.7604524,0.02086162,0.002920627,6.332994e-05,1.809
2024_02_10_20_16_21_287,0.6,-0.3141992,412916.0,345084.0,-1.406613,-3.972676,0.1360195,6.280481,0.009192971,2.447202,1.71,0.006974374,0.002070159,-0.7604545,0.00333786,0.001490116,-0.01899432,1.809
2024_02_10_20_16_21_321,0.6,-0.3141992,413071.0,345214.0,-1.449414,-3.935964,0.1360196,6.280481,0.009193211,2.422107,1.71,0.006977705,0.001994763,-0.7604823,0.01382828,-0.002562999,-0.01909584,1.809
2024_02_10_20_16_21_358,0.6,-0.3141992,413246.0,345359.0,-1.496291,-3.893538,0.1360194,6.280481,0.009193012,2.393972,1.71,0.006962603,0.002047411,-0.7604833,-0.003099441,-0.003278255,0.003912486,1.809
2024_02_10_20_16_21_396,0.6,-0.3141992,413425.0,345508.0,-1.543174,-3.848612,0.1360195,6.280481,0.00919287,2.365074,1.71,0.006983368,0.00208954,-0.76039,-0.00500679,-0.0005960464,-0.007641501,1.809
2024_02_10_20_16_21_430,0.6,-0.3141992,413581.0,345638.0,-1.58282,-3.808512,0.1360195,6.280481,0.009193076,2.339982,1.71,0.007097462,0.002035634,-0.7603983,0.03731251,0.01049042,-0.06474834,1.809
2024_02_10_20_16_21_463,0.6,-0.3141992,413741.0,345771.0,-1.622601,-3.76617,0.1360194,6.280481,0.009192929,2.314126,1.71,0.007023818,0.002062971,-0.7603807,0.0333786,0.001311302,0.004053116,1.809
2024_02_10_20_16_21_500,0.6,-0.3141992,413915.0,345916.0,-1.664633,-3.718941,0.1360195,6.280481,0.009192824,2.285991,1.71,0.006915891,0.002079294,-0.7604278,0.02121925,0.0004172325,0.003744848,1.809
2024_02_10_20_16_21_538,0.6,-0.3141992,414095.0,346065.0,-1.7064,-3.669224,0.1360195,6.280481,0.009192699,2.257092,1.71,0.00689457,0.0020909,-0.7604114,-0.003218651,-0.006496906,0.05724653,1.809
2024_02_10_20_16_21_575,0.6,-0.3141992,414269.0,346211.0,-1.745671,-3.619676,0.1360195,6.280481,0.009192895,2.228955,1.71,0.0069242,0.002037347,-0.7604167,-0.005960464,-0.003397465,0.04198122,1.809
2024_02_10_20_16_21_613,0.6,-0.3141992,414448.0,346360.0,-1.784536,-3.567659,0.1360194,6.280481,0.00919274,2.200058,1.71,0.006914345,0.002102952,-0.7604266,-0.00500679,0.002741813,0.007664784,1.809
2024_02_10_20_16_21_645,0.6,-0.3141992,414604.0,346489.0,-1.817055,-3.521591,0.1360195,6.280481,0.009192923,2.174964,1.71,0.007006909,0.002076034,-0.7603646,0.007629394,0.00667572,-0.08043739,1.809
2024_02_10_20_16_21_683,0.6,-0.3141992,414779.0,346635.0,-1.85213,-3.468986,0.1360195,6.280481,0.009192917,2.146826,1.71,0.006995249,0.00204612,-0.760455,-0.003576278,0.0003576278,0.01512375,1.809
2024_02_10_20_16_21_720,0.6,-0.3141992,414958.0,346784.0,-1.886595,-3.413956,0.1360196,6.280481,0.009192979,2.11793,1.71,0.006917969,0.002052658,-0.7603996,0.03182888,-0.003933907,0.04589557,1.809
2024_02_10_20_16_21_759,0.6,-0.3141992,415132.0,346929.0,-1.918614,-3.359439,0.1360196,6.280481,0.009192957,2.089793,1.71,0.007006845,0.00209087,-0.7603837,-0.02264976,-0.004410744,0.00381004,1.809
2024_02_10_20_16_21_791,0.6,-0.3141992,415293.0,347063.0,-1.946672,-3.308566,0.1360195,6.280481,0.009193067,2.063937,1.71,0.007002617,0.002067541,-0.7604387,-0.02658367,-0.002384186,-0.01552515,1.809
2024_02_10_20_16_21_829,0.6,-0.3141992,415467.0,347208.0,-1.975703,-3.252401,0.1360196,6.280481,0.009192984,2.035801,1.71,0.00703667,0.002094804,-0.760357,0.00500679,0.0004768371,-0.03828853,1.809
2024_02_10_20_16_21_863,0.6,-0.3141992,415628.0,347341.0,-2.000976,-3.200088,0.1360195,6.280481,0.009193019,2.009947,1.71,0.006957548,0.00207974,-0.7604386,-0.01597404,-0.008702278,0.04978664,1.809
2024_02_10_20_16_21_900,0.6,-0.3141992,415802.0,347487.0,-2.026931,-3.142438,0.1360195,6.280481,0.00919316,1.981809,1.71,0.007001782,0.002071486,-0.7604102,-0.03492832,-0.005304813,-6.239861e-05,1.809
2024_02_10_20_16_21_938,0.6,-0.3141992,415977.0,347632.0,-2.051255,-3.08408,0.1360196,6.280481,0.009192956,1.953673,1.71,0.007023124,0.001977384,-0.7603523,0.03623962,0.01201033,-0.03449246,1.809
2024_02_10_20_16_21_971,0.6,-0.3141992,416137.0,347765.0,-2.072153,-3.029871,0.1360195,6.280481,0.009193107,1.927821,1.71,0.007030831,0.002100961,-0.7604222,-0.02086162,-0.007927418,0.03071967,1.809
2024_02_10_20_16_22_009,0.6,-0.3141992,416312.0,347911.0,-2.09329,-2.970286,0.1360195,6.280481,0.00919317,1.899688,1.71,0.007089089,0.002019529,-0.7602674,0.01609325,0.006645917,-0.02676435,1.809
2024_02_10_20_16_22_046,0.6,-0.3141992,416491.0,348060.0,-2.113246,-2.908498,0.1360196,6.280481,0.009193243,1.870794,1.71,0.007010894,0.001984984,-0.7604263,0.0005960464,-0.001937151,0.01894962,1.809
2024_02_10_20_16_22_084,0.6,-0.3141992,416665.0,348205.0,-2.130956,-2.847806,0.1360195,6.280481,0.009193011,1.842659,1.71,0.007055784,0.002072923,-0.7603816,-0.003099441,0.002413988,-0.02320669,1.809
2024_02_10_20_16_22_121,0.6,-0.3141992,416845.0,348354.0,-2.147357,-2.78498,0.1360195,6.280481,0.009192993,1.813765,1.71,0.007039231,0.002026449,-0.7603372,-0.006437301,-0.00359118,0.03421772,1.809
2024_02_10_20_16_22_159,0.6,-0.3141992,417019.0,348499.0,-2.161578,-2.723378,0.1360196,6.280481,0.009193156,1.785629,1.71,0.006970419,0.002047497,-0.7604039,-0.003814697,0.00655651,-0.05350448,1.809
2024_02_10_20_16_22_192,0.6,-0.3141992,417180.0,348633.0,-2.173114,-2.666437,0.1360195,6.280481,0.009193191,1.759773,1.71,0.006912649,0.002103373,-0.760422,-0.02837181,-0.01521408,0.07649418,1.809
2024_02_10_20_16_22_229,0.6,-0.3141992,417354.0,348778.0,-2.183988,-2.604157,0.1360195,6.280481,0.009192996,1.731639,1.71,0.007015848,0.002049053,-0.7603444,0.006079673,-0.00795722,0.07252023,1.809
2024_02_10_20_16_22_266,0.6,-0.3141992,417533.0,348927.0,-2.193331,-2.539901,0.1360195,6.280481,0.009193136,1.702746,1.71,0.007139431,0.002024428,-0.760308,-0.008821487,-0.00180304,-0.007777474,1.809
2024_02_10_20_16_22_300,0.6,-0.3141992,417689.0,349057.0,-2.199935,-2.483902,0.1360195,6.280481,0.009193053,1.677651,1.71,0.007032041,0.002053365,-0.7603511,-0.004172325,-0.002458691,0.007678754,1.809
2024_02_10_20_16_22_338,0.6,-0.3141992,417863.0,349202.0,-2.205665,-2.420938,0.1360195,6.280481,0.00919324,1.649517,1.71,0.006886535,0.002104582,-0.7605831,-0.06842613,-0.01890957,0.06487221,1.809
2024_02_10_20_16_22_375,0.6,-0.3141992,418043.0,349351.0,-2.209705,-2.356131,0.1360195,6.280481,0.009193148,1.620618,1.71,0.006967941,0.002036871,-0.7604366,-0.001430511,0.004783273,-0.05332939,1.809
2024_02_10_20_16_22_413,0.6,-0.3141992,418217.0,349497.0,-2.211837,-2.292943,0.1360194,6.280481,0.009192968,1.592482,1.71,0.006955719,0.002087077,-0.7604424,-0.0141859,-0.007271766,0.05732663,1.809
2024_02_10_20_16_22_450,0.6,-0.3141992,418396.0,349646.0,-2.212177,-2.228014,0.1360194,6.280481,0.009192847,1.563588,1.71,0.00705068,0.002071751,-0.7602956,0.01704693,0.009953975,-0.06120838,1.809
2024_02_10_20_16_22_488,0.6,-0.3141992,418571.0,349791.0,-2.210706,-2.164808,0.1360196,6.280481,0.009193192,1.535454,1.71,0.006969605,0.0019852,-0.7604051,-0.01084804,0.0002384186,0.007678754,1.809
2024_02_10_20_16_22_521,0.6,-0.3141992,418731.0,349925.0,-2.207787,-2.106786,0.1360195,6.280481,0.009192909,1.509598,1.71,0.007026515,0.002074882,-0.7603365,-0.02515316,-0.002384186,0.01897383,1.809
2024_02_10_20_16_22_558,0.6,-0.3141992,418906.0,350070.0,-2.202905,-2.043752,0.1360195,6.280481,0.00919284,1.481461,1.71,0.007051443,0.002100101,-0.7603295,-0.01299381,0.001966953,-0.03843196,1.809
2024_02_10_20_16_22_596,0.6,-0.3141992,419085.0,350219.0,-2.196048,-1.979183,0.1360195,6.280481,0.009193255,1.452563,1.71,0.006995138,0.001998928,-0.7604373,-0.002145767,-0.004827976,0.02299342,1.809
2024_02_10_20_16_22_633,0.6,-0.3141992,419260.0,350364.0,-2.187582,-1.916531,0.1360195,6.280481,0.009192885,1.424426,1.71,0.007142362,0.00201157,-0.7603476,0.01740456,0.01272559,-0.08038431,1.809
2024_02_10_20_16_22_671,0.6,-0.3141992,419439.0,350513.0,-2.177055,-1.85246,0.1360196,6.280481,0.009193067,1.395528,1.71,0.006969337,0.002044295,-0.7604684,-0.002861023,0.002026558,-0.02295431,1.809
2024_02_10_20_16_22_708,0.6,-0.3141992,419613.0,350659.0,-2.16503,-1.790392,0.1360195,6.280481,0.009193118,1.367393,1.71,0.007019178,0.002033555,-0.7603838,-0.02038479,0.000655651,-0.01913588,1.809
2024_02_10_20_16_22_746,0.6,-0.3141992,419793.0,350808.0,-2.150868,-1.727024,0.1360195,6.280481,0.009192846,1.338499,1.71,0.00710524,0.002053625,-0.7603686,0.02157688,0.01114607,-0.06103422,1.809
2024_02_10_20_16_22_784,0.6,-0.3141992,419967.0,350953.0,-2.135324,-1.665742,0.1360194,6.280481,0.009192743,1.310366,1.71,0.007017354,0.002050727,-0.7603341,0.02932548,0.009179115,-0.03813766,1.809
2024_02_10_20_16_22_817,0.6,-0.3141992,420127.0,351087.0,-2.119526,-1.609835,0.1360195,6.280482,0.009192938,1.284509,1.71,0.006949573,0.002113535,-0.7604272,-0.03051758,-0.003278255,8.195638e-05,1.809
2024_02_10_20_16_22_854,0.6,-0.3141992,420302.0,351232.0,-2.100698,-1.549482,0.1360195,6.280481,0.009192872,1.256373,1.71,0.00695353,0.002113168,-0.7603515,-0.002145767,-0.001788139,0.0269888,1.809
2024_02_10_20_16_22_892,0.6,-0.3141992,420481.0,351381.0,-2.079603,-1.488073,0.1360195,6.280481,0.009192874,1.227476,1.71,0.00698815,0.002092916,-0.7603223,-0.007748603,-0.001311302,-0.0115186,1.809
2024_02_10_20_16_22_925,0.6,-0.3141992,420637.0,351511.0,-2.059851,-1.435258,0.1360195,6.280481,0.009192893,1.202379,1.71,0.00695508,0.002047488,-0.7604101,0.02706051,0.008702278,-0.03414415,1.809
2024_02_10_20_16_22_962,0.6,-0.3141992,420811.0,351656.0,-2.036136,-1.376652,0.1360195,6.280481,0.009192879,1.174243,1.71,0.006968518,0.002082162,-0.7603619,0.005364418,0.002503395,-0.007378868,1.809
2024_02_10_20_16_23_000,0.6,-0.3141992,420991.0,351805.0,-2.010074,-1.317182,0.1360195,6.280481,0.009192939,1.145347,1.71,0.006989102,0.002027015,-0.7603605,0.0141859,-0.002741813,0.04210323,1.809
2024_02_10_20_16_23_033,0.6,-0.3141992,421146.0,351935.0,-1.986056,-1.266165,0.1360196,6.280481,0.009193056,1.12025,1.71,0.006965093,0.002060924,-0.7604096,0.0257492,0.006914138,-0.03804825,1.809
2024_02_10_20_16_23_070,0.6,-0.3141992,421326.0,352084.0,-1.956822,-1.208187,0.1360195,6.280481,0.009193044,1.091353,1.71,0.0068755,0.00206888,-0.7604883,-0.03814697,-0.01555681,0.0878889,1.809
2024_02_10_20_16_23_109,0.6,-0.3141992,421500.0,352229.0,-1.926759,-1.152571,0.1360196,6.280481,0.009193136,1.063219,1.71,0.006948657,0.002041366,-0.7603722,-0.002026558,-0.003099441,0.01539849,1.809
2024_02_10_20_16_23_145,0.6,-0.3141992,421679.0,352378.0,-1.894269,-1.096355,0.1360196,6.280481,0.009193031,1.034324,1.71,0.006956752,0.00203391,-0.7604249,-0.002384186,-0.002324581,0.01908559,1.809
