0,1,2,3,4,5,6,7,8,9,10,11,12,13,14,15,16,17,0
2024_02_11_21_49_39_082,0.8,0.0,33.0,33.0,0.009855092,1.44447e-06,0.1351847,8.370569e-08,0.006106477,-7.33356e-06,0.61,2.067836e-05,-0.1054422,7.665756e-07,19.23394,-0.0001729214,0.135594,2.5
2024_02_11_21_49_39_116,0.8,0.0,114.0,114.0,0.04047117,1.414299e-06,0.1344014,-1.491449e-07,0.003269377,-1.179801e-05,1.16,1.487714e-05,-0.0654878,1.721715e-05,13.85736,0.0001496736,-0.03392738,2.5
2024_02_11_21_49_39_153,0.8,0.0,248.0,248.0,0.09176511,1.405387e-06,0.1338935,-2.846162e-07,0.001433254,4.500283e-07,1.59,8.779169e-06,-0.03709656,7.41198e-05,10.07342,0.0003557171,0.05256245,2.5
2024_02_11_21_49_39_191,0.8,0.0,420.0,420.0,0.1588438,1.321084e-06,0.1335987,-4.817026e-07,0.0003679401,-8.495307e-05,1.93,-4.952518e-06,-0.02003791,1.410338e-05,7.791757,7.443759e-06,-0.0008070492,2.5
2024_02_11_21_49_39_224,0.8,0.0,591.0,591.0,0.2262874,1.832822e-06,0.133467,3.176612e-06,6.283078,5.501403e-05,2.16,8.806712e-06,-0.009533709,-2.548665e-05,6.217241,-4.78717e-05,-0.01534139,2.5
2024_02_11_21_49_39_261,0.8,0.0,801.0,801.0,0.30989,1.665718e-06,0.1334179,8.935612e-07,6.282902,6.204353e-05,2.36,-1.498749e-05,-0.000260693,1.811279e-05,4.752874,8.614324e-05,0.02009136,2.5
2024_02_11_21_49_39_295,0.8,0.0,1008.0,1008.0,0.3923342,1.707346e-06,0.1334651,2.232311e-06,6.283078,0.0001137927,2.48,-6.299966e-06,0.01127942,7.726391e-06,2.603531,-5.246329e-05,0.07428397,2.5
2024_02_11_21_49_39_332,0.8,0.0,1242.0,1242.0,0.4853128,1.542651e-06,0.1336429,3.419854e-07,0.0005411201,0.000126873,2.53,1.820197e-05,0.02158602,6.10507e-06,0.5760193,-4.144113e-06,0.05315849,2.5
2024_02_11_21_49_39_370,0.8,0.0,1487.0,1487.0,0.5817472,1.339936e-06,0.133879,-1.494873e-06,0.001399457,0.0001308657,2.54,2.037765e-05,0.02256059,7.215644e-06,0.02288818,-4.712546e-05,0.05125394,2.5
2024_02_11_21_49_39_407,0.8,0.0,1725.0,1725.0,0.6756966,1.126166e-06,0.1341005,3.552693e-06,0.002203583,0.0001305596,2.54,-1.918561e-05,0.02078401,6.485282e-06,-0.05316734,-8.827919e-05,0.0110548,2.5
2024_02_11_21_49_39_444,0.8,0.0,1970.0,1970.0,0.7720595,9.236226e-07,0.1343062,4.754616e-07,0.002950341,0.0001314136,2.54,-1.669197e-05,0.0187022,-3.132786e-06,-0.1654625,-4.501089e-06,0.05054474,2.5
2024_02_11_21_49_39_482,0.8,0.0,2208.0,2208.0,0.8657397,6.985123e-07,0.1344848,2.082892e-06,0.00359905,0.0001286545,2.53,-1.393931e-05,0.01649103,-2.917261e-06,-0.08678436,0.0001608964,0.0940049,2.5
2024_02_11_21_49_39_516,0.8,0.0,2426.0,2426.0,0.9517118,5.012275e-07,0.1346307,-9.085079e-07,0.004129264,0.0001243217,2.53,2.947404e-05,0.01476873,5.350897e-05,-0.09179115,-0.0002127012,0.05439389,2.5
2024_02_11_21_49_39_553,0.8,0.0,2664.0,2664.0,1.045168,3.210308e-07,0.1347726,2.522663e-06,0.00464562,0.0001321377,2.53,-1.111466e-05,0.01319913,-6.867664e-06,-0.1173019,6.978689e-05,0.07294584,2.5
2024_02_11_21_49_39_591,0.8,0.0,2908.0,2908.0,1.141043,1.064574e-07,0.1349021,2.807129e-07,0.005116708,0.0001330256,2.52,3.323755e-05,0.0117256,3.743595e-06,-0.08106231,-2.296474e-06,0.01526065,2.5
2024_02_11_21_49_39_624,0.8,0.0,3119.0,3119.0,1.224222,-8.150568e-08,0.1350027,1.136307e-06,0.005482501,0.0001362189,2.52,1.090529e-05,0.01053052,-2.523895e-05,-0.0591278,0.0001062431,0.01160987,2.5
2024_02_11_21_49_39_661,0.8,0.0,3356.0,3356.0,1.317404,-2.941702e-07,0.1351036,7.052521e-07,0.005849638,0.0001359369,2.52,-9.009055e-06,0.009435749,-7.332259e-06,-0.07128716,7.755897e-05,0.07360987,2.5
2024_02_11_21_49_39_695,0.8,0.0,3574.0,3574.0,1.402962,-4.780391e-07,0.1351863,4.390772e-07,0.006150941,0.0001397849,2.52,1.407466e-05,0.008279712,-1.126507e-05,-0.01978874,-7.625067e-05,-0.02472848,2.5
2024_02_11_21_49_39_732,0.8,0.0,3811.0,3811.0,1.496012,-7.006385e-07,0.1352662,4.110594e-07,0.006441903,0.0001358387,2.51,1.569291e-05,0.007459519,3.217536e-05,-0.02980232,-7.868038e-05,-0.01560338,2.5
2024_02_11_21_49_39_770,0.8,0.0,4054.0,4054.0,1.591519,-9.131617e-07,0.1353392,2.843968e-07,0.00670777,0.0001337073,2.51,1.415612e-05,0.006566813,-1.945423e-05,-0.03123283,-8.699453e-05,0.05466677,2.5
2024_02_11_21_49_39_807,0.8,0.0,4291.0,4291.0,1.684459,-1.131617e-06,0.1354026,8.169205e-07,0.006939007,0.0001326629,2.51,1.407254e-05,0.005807376,3.180107e-05,-0.02837181,-0.0001249723,0.04103221,2.5
2024_02_11_21_49_39_845,0.8,0.0,4534.0,4534.0,1.77986,-1.323317e-06,0.1354606,6.59315e-07,0.007150129,0.0001430237,2.51,-6.209798e-06,0.005204981,1.570961e-06,-0.006914138,8.117149e-05,-0.02957508,2.5
2024_02_11_21_49_39_883,0.8,0.0,4770.0,4770.0,1.872705,-1.54743e-06,0.1355102,1.028068e-06,0.007331149,0.000146662,2.51,-6.465595e-06,0.004725288,-7.090637e-06,-0.04386901,6.69429e-05,0.02639554,2.5
2024_02_11_21_49_39_920,0.8,0.0,5013.0,5013.0,1.968019,-1.771802e-06,0.1355556,1.525969e-06,0.007496524,0.0001535852,2.51,-8.9979e-06,0.004095401,7.659096e-06,-0.01525879,-8.522374e-05,0.02109445,2.5
2024_02_11_21_49_39_952,0.8,0.0,5224.0,5224.0,2.050762,-1.995596e-06,0.1355909,9.873999e-07,0.007625331,0.0001535724,2.51,-7.492577e-06,0.003609927,-5.874658e-07,-0.02598762,0.0001083154,-0.002754852,2.5
2024_02_11_21_49_39_987,0.8,0.0,5435.0,5435.0,2.133489,-2.214187e-06,0.135622,2.43073e-07,0.007738669,0.0001546685,2.51,-6.235012e-06,0.003316492,-6.313941e-06,-0.05674362,-3.231253e-05,0.05755573,2.5
2024_02_11_21_49_40_024,0.8,0.0,5678.0,5678.0,2.228729,-2.451579e-06,0.1356547,1.599981e-06,0.007858088,0.0001583525,2.51,-6.481655e-06,0.002984215,-1.832357e-06,-0.01430511,-8.143616e-06,-0.06200745,2.5
2024_02_11_21_49_40_061,0.8,0.0,5914.0,5914.0,2.321438,-2.679917e-06,0.1356827,5.974258e-07,0.007960548,0.0001662778,2.51,1.524392e-05,0.002539624,2.977157e-05,0.007867813,-8.977258e-05,0.02511032,2.5
2024_02_11_21_49_40_095,0.8,0.0,6131.0,6131.0,2.406613,-2.958966e-06,0.1357058,2.972757e-06,0.008044682,0.0001590778,2.51,-8.549138e-06,0.002320313,-3.798034e-07,0.02431869,-3.605965e-05,-0.04038773,2.5
2024_02_11_21_49_40_132,0.8,0.0,6367.0,6367.0,2.499285,-3.209032e-06,0.1357283,2.39517e-06,0.008127175,0.000164646,2.5,-1.017704e-06,0.002143637,8.14164e-07,-0.02431869,9.061068e-05,-0.06035342,2.5
2024_02_11_21_49_40_170,0.8,0.0,6610.0,6610.0,2.594444,-3.468036e-06,0.1357486,2.758213e-07,0.008200936,0.00016329,2.5,1.919862e-05,0.001736462,-1.78463e-05,0.03600121,1.755097e-05,0.007791444,2.5
2024_02_11_21_49_40_206,0.8,0.0,6846.0,6846.0,2.687087,-3.73597e-06,0.1357664,1.918436e-06,0.008265905,0.0001585477,2.5,1.585261e-05,0.001757088,2.881285e-05,-0.02837181,-0.0003806708,0.02671219,2.5
2024_02_11_21_49_40_245,0.8,0.0,7088.0,7088.0,2.782214,-4.006487e-06,0.1357828,-8.889849e-07,0.008325988,0.0001599293,2.5,1.901314e-05,0.001467386,-1.410574e-05,-0.02813339,-2.267552e-05,0.01457706,2.5
2024_02_11_21_49_40_278,0.8,0.0,7299.0,7299.0,2.864812,-4.239189e-06,0.1357952,1.155859e-06,0.008371498,0.0001594635,2.5,-3.424376e-06,0.001351374,-1.335265e-06,-0.0140667,5.748916e-05,-0.01230463,2.5
2024_02_11_21_49_40_311,0.8,0.0,7509.0,7510.0,2.947397,-4.473356e-06,0.1358067,-1.646836e-07,0.008413311,0.0001554859,2.5,-7.616567e-07,0.001205426,-3.915518e-06,0.02598762,0.0001623694,-0.01280382,2.5
2024_02_11_21_49_40_348,0.8,0.0,7752.0,7752.0,3.042486,-4.729985e-06,0.1358179,1.00856e-06,0.008453989,0.0001574802,2.5,-2.81559e-06,0.001025454,1.5208e-06,0.002622604,4.305457e-05,-0.03624521,2.5
2024_02_11_21_49_40_386,0.8,0.0,7988.0,7988.0,3.135073,-4.963664e-06,0.1358277,2.648482e-07,0.008489932,0.0001629541,2.5,-1.750868e-06,0.0009887131,3.335515e-06,0.00834465,-7.193966e-05,-0.01343898,2.5
2024_02_11_21_49_40_420,0.8,0.0,8205.0,8205.0,3.220145,-5.216197e-06,0.1358361,1.347952e-06,0.008520719,0.0001590467,2.5,3.965136e-05,0.0007666884,-4.224153e-05,0.02193451,0.000201554,-0.02117455,2.5
2024_02_11_21_49_40_457,0.8,0.0,8441.0,8441.0,3.312716,-5.485497e-06,0.135844,1.099732e-06,0.00854936,0.000157108,2.5,1.756698e-05,0.0007922322,3.374524e-05,0.01049042,-0.0001260532,0.005433335,2.5
2024_02_11_21_49_40_491,0.8,0.0,8651.0,8651.0,3.39527,-5.704406e-06,0.1358504,7.445411e-08,0.008572695,0.0001599993,2.5,1.073243e-06,0.0006418158,-4.427648e-07,-0.01001358,-9.070208e-05,-0.01789071,2.5
2024_02_11_21_49_40_527,0.8,0.0,8894.0,8894.0,3.490333,-5.948875e-06,0.1358569,-7.377434e-07,0.008597073,0.0001668919,2.5,-2.210448e-06,0.000743597,8.058956e-07,-0.03123283,0.0002041015,-0.01397729,2.5
2024_02_11_21_49_40_565,0.8,0.0,9130.0,9130.0,3.582881,-6.220504e-06,0.1358627,1.239273e-06,0.008618025,0.0001700996,2.5,-2.353669e-06,0.0005526626,-2.281507e-06,-0.02098083,3.851073e-05,0.01624599,2.5
2024_02_11_21_49_40_603,0.8,0.0,9372.0,9372.0,3.677927,-6.484591e-06,0.1358679,-5.612575e-08,0.008636829,0.0001718216,2.5,-8.880771e-07,0.0004365465,5.352621e-06,0.0269413,3.841523e-05,-0.03718771,2.5
2024_02_11_21_49_40_636,0.8,0.0,9583.0,9583.0,3.760468,-6.723479e-06,0.1358719,8.438579e-07,0.008651999,0.0001703473,2.5,1.916937e-05,0.0005217922,-2.010334e-05,0.00500679,1.445596e-05,0.001033768,2.5
2024_02_11_21_49_40_673,0.8,0.0,9825.0,9825.0,3.855505,-7.010253e-06,0.1358756,1.29113e-06,0.008665499,0.0001666556,2.5,-9.043167e-07,0.0003561166,7.377504e-06,-0.006437301,2.714205e-05,0.00446476,2.5
2024_02_11_21_49_40_711,0.8,0.0,10061.0,10061.0,3.948041,-7.266255e-06,0.1358795,1.446001e-06,0.008679716,0.0001720016,2.5,-2.876858e-06,0.0004215957,2.067741e-06,0.02264976,-0.000139557,-0.04115514,2.5
2024_02_11_21_49_40_749,0.8,0.0,10303.0,10303.0,4.043078,-7.529065e-06,0.1358827,8.779807e-07,0.008690862,0.0001809397,2.5,1.903062e-05,0.0003828377,-1.742715e-05,-0.04863739,-4.676258e-05,0.02722256,2.5
2024_02_11_21_49_40_786,0.8,0.0,10539.0,10539.0,4.135609,-7.831458e-06,0.1358856,1.549681e-06,0.008701559,0.0001753738,2.5,-2.905515e-06,0.000329056,-1.132933e-06,-0.02622604,1.210628e-05,0.03861822,2.5
2024_02_11_21_49_40_823,0.8,0.0,10781.0,10781.0,4.230637,-8.10678e-06,0.1358874,2.139801e-06,0.008708742,0.000173989,2.5,-1.566639e-06,0.0002245171,2.253929e-06,0.007629394,-0.0001476665,0.008117408,2.5
2024_02_11_21_49_40_857,0.8,0.0,10992.0,10992.0,4.313169,-8.393627e-06,0.1358895,2.459029e-06,0.008716073,0.0001677438,2.5,-4.941682e-06,0.0002873661,2.291524e-06,0.006914138,-0.0001066728,0.0003241002,2.5
2024_02_11_21_49_40_894,0.8,0.0,11234.0,11234.0,4.408205,-8.661948e-06,0.1358921,5.368033e-07,0.008725433,0.000171585,2.5,2.161831e-05,0.0002244771,3.143816e-05,0.007867813,-0.0001619646,0.01937896,2.5
2024_02_11_21_49_40_932,0.8,0.0,11470.0,11470.0,4.500732,-8.930553e-06,0.1358933,1.747847e-06,0.00873011,0.0001735921,2.5,1.767533e-05,0.0001717429,-2.213252e-05,0.03767014,0.0001086123,-0.03802404,2.5
2024_02_11_21_49_40_970,0.8,0.0,11713.0,11713.0,4.595769,-9.19796e-06,0.1358949,1.257471e-06,0.008735803,0.0001788444,2.5,-1.93433e-05,0.0002660165,-1.966811e-05,0.01788139,-6.6761e-05,-0.01115724,2.5
2024_02_11_21_49_41_003,0.8,0.0,11923.0,11923.0,4.678295,-9.456679e-06,0.1358971,-4.447493e-07,0.008743583,0.0001724695,2.5,2.121239e-05,0.0002167176,2.772356e-05,0.06079673,-8.622009e-07,-0.01096353,2.5
2024_02_11_21_49_41_036,0.8,0.0,12133.0,12133.0,4.760805,-9.695127e-06,0.1358984,1.366107e-06,0.00874862,0.000179115,2.5,-2.305669e-06,0.0001875048,5.449515e-06,-0.0193119,-0.0001013959,2.235174e-05,2.5
2024_02_11_21_49_41_074,0.8,0.0,12376.0,12376.0,4.855812,-9.992052e-06,0.1358992,1.118492e-06,0.008751361,0.0001801578,2.5,-2.224435e-06,2.718388e-06,4.307074e-06,0.03671646,-2.224715e-05,-0.06102584,2.5
2024_02_11_21_49_41_111,0.8,0.0,12611.0,12612.0,4.948339,-1.029733e-05,0.1358993,8.174158e-07,0.00875163,0.000176227,2.5,3.618362e-07,0.0001086558,-6.940872e-06,0.0231266,4.366575e-05,-0.0226926,2.5
2024_02_11_21_49_41_150,0.8,0.0,12854.0,12854.0,5.043377,-1.060287e-05,0.1359002,1.636539e-06,0.008755057,0.000175145,2.5,1.889253e-05,0.0001587924,2.481421e-05,0.01168251,0.0001407052,-0.02628378,2.5
2024_02_11_21_49_41_182,0.8,0.0,13064.0,13064.0,5.125903,-1.083883e-05,0.1359002,-3.106847e-07,0.008755831,0.0001832824,2.5,2.102351e-05,0.0001976439,-2.143401e-05,-0.005245208,9.401446e-05,-0.01904927,2.5
2024_02_11_21_49_41_219,0.8,0.0,13300.0,13300.0,5.218441,-1.111916e-05,0.1359013,-2.160077e-06,0.008759556,0.0001849452,2.5,4.509179e-05,9.22435e-05,-4.425086e-05,0.01454353,0.0001628582,0.00395067,2.5
2024_02_11_21_49_41_252,0.8,0.0,13517.0,13517.0,5.303485,-1.137976e-05,0.1359017,1.148541e-06,0.008760956,0.0001837749,2.5,-1.957408e-05,0.0001920406,2.258529e-05,-0.009298325,-4.831463e-05,0.0268165,2.5
2024_02_11_21_49_41_290,0.8,0.0,13753.0,13753.0,5.396023,-1.167157e-05,0.1359029,4.862061e-07,0.008765398,0.0001777588,2.5,-9.860346e-07,0.0001552695,2.258807e-06,-0.004768372,3.717923e-05,-0.01541711,2.5
2024_02_11_21_49_41_328,0.8,0.0,13995.0,13995.0,5.491046,-1.195936e-05,0.135904,1.692325e-06,0.008769184,0.0001768895,2.5,3.924359e-07,9.917478e-05,-3.091978e-06,0.0,-0.00014744,-0.02287514,2.5
2024_02_11_21_49_41_365,0.8,0.0,14231.0,14231.0,5.583566,-1.221519e-05,0.1359043,1.012856e-06,0.00877002,0.0001799273,2.5,-2.215749e-05,-1.821084e-05,-2.568433e-05,-0.01525879,0.000121599,0.01117773,2.5
2024_02_11_21_49_41_403,0.8,0.0,14474.0,14474.0,5.678594,-1.249318e-05,0.1359047,9.154169e-07,0.008771538,0.0001809674,2.5,-1.519935e-06,0.0001403082,5.332045e-06,-0.01859665,-6.239316e-05,0.02295337,2.5
2024_02_11_21_49_41_441,0.8,0.0,14710.0,14710.0,5.771114,-1.279661e-05,0.1359054,1.787454e-06,0.00877437,0.0001787509,2.5,-1.769895e-06,0.0001178207,3.323838e-06,-0.006437301,-0.0001047483,0.01532212,2.5
2024_02_11_21_49_41_474,0.8,0.0,14926.0,14926.0,5.856124,-1.305581e-05,0.1359057,3.527316e-06,0.00877565,0.0001788652,2.5,-1.405594e-06,7.948845e-05,1.405715e-05,0.04124641,-0.0001358567,-0.04185736,2.5
2024_02_11_21_49_41_511,0.8,0.0,15162.0,15162.0,5.948644,-1.335765e-05,0.1359057,5.911539e-07,0.008775829,0.0001750053,2.5,-2.134354e-05,0.0001695278,2.561877e-05,-0.00667572,-0.000142667,0.06916374,2.5
2024_02_11_21_49_41_548,0.8,0.0,15405.0,15405.0,6.043664,-1.366795e-05,0.1359058,-8.180097e-07,0.00877574,0.0001634431,2.5,4.082104e-05,2.57091e-05,4.058764e-06,0.0257492,1.994385e-05,-0.007595866,2.5
2024_02_11_21_49_41_586,0.8,0.0,15640.0,15640.0,6.136183,-1.393459e-05,0.1359061,9.402763e-07,0.008776844,0.0001700409,2.5,-2.173868e-05,8.375104e-05,1.393779e-05,0.02288818,0.0001171979,-0.03407709,2.5
2024_02_11_21_49_41_619,0.8,-0.08267338,15850.0,15851.0,6.218691,-5.439228e-05,0.1359065,6.28306,0.008778663,6.282707,2.5,-0.01472866,0.0005106084,-0.07730025,-0.05078315,-2.391275,-0.04246272,2.5
2024_02_11_21_49_41_658,0.8,-0.2921127,16094.0,16103.0,6.313106,-0.00108334,0.1359792,6.282032,0.009051247,6.269722,2.44,-0.02942838,0.02153624,-0.6836398,-3.788948,-4.355997,0.01302734,2.5
2024_02_11_21_49_41_690,0.8,-0.4739937,16312.0,16348.0,6.390922,-0.00321914,0.1362541,6.280841,0.01006251,6.234301,2.26,-0.02136699,0.0428395,-1.429498,-7.173299,-3.303498,0.02798997,2.5
2024_02_11_21_49_41_727,0.8,-0.5206043,16562.0,16637.0,6.471548,-0.007629838,0.1366144,6.27996,0.01137254,6.168642,2.03,0.00971807,0.02248737,-1.816549,-3.218889,0.5253553,-0.04106387,2.5
2024_02_11_21_49_41_765,0.8,-0.5181243,16792.0,16884.0,6.544571,-0.01640983,0.1366776,6.279618,0.01159602,6.10541,1.97,0.01145134,0.001719778,-1.606063,0.07283688,0.4068017,-0.08967332,2.5
2024_02_11_21_49_41_798,0.8,-0.5155694,16997.0,17058.0,6.612089,-0.02975439,0.1364442,6.27945,0.0107352,6.055352,2.1,0.008845347,-0.01962162,-1.392397,3.412246,0.1435578,0.05099363,2.5
2024_02_11_21_49_41_836,0.8,-0.5126165,17227.0,17246.0,6.688876,-0.04954199,0.136286,6.279171,0.01016552,6.004433,2.17,0.005198973,-0.0002415751,-1.379534,0.3466606,-0.3225207,0.05078502,2.5
2024_02_11_21_49_41_869,0.8,-0.5092468,17439.0,17471.0,6.755143,-0.06933918,0.1364995,6.278745,0.01095642,5.952648,2.02,0.01283327,0.02416587,-1.726652,-2.817631,0.5016327,-0.01740269,2.5
2024_02_11_21_49_41_908,0.8,-0.5041954,17672.0,17699.0,6.827113,-0.09512506,0.1364204,6.278631,0.01064724,5.892297,2.07,0.0146174,-0.02922349,-1.423856,5.403995,0.6415843,-0.03124401,2.5
2024_02_11_21_49_41_940,0.8,-0.4998299,17876.0,17862.0,6.891457,-0.1231909,0.1362262,6.278517,0.009946062,5.846783,2.17,0.008792042,-0.007654699,-1.356611,2.236128,-0.007271766,0.05305931,2.5
2024_02_11_21_49_41_977,0.8,-0.495033,18118.0,18075.0,6.965856,-0.1601522,0.1362346,6.278231,0.009996884,5.794394,2.13,-0.00109208,0.04765408,-1.523488,-7.051467,-1.545727,0.1007616,2.5
2024_02_11_21_49_42_011,0.8,-0.4895272,18328.0,18307.0,7.025778,-0.1924355,0.1364134,6.278045,0.01063709,5.740208,2.03,0.01543883,0.008770366,-1.58522,-0.2634525,0.554204,-0.04106015,2.5
2024_02_11_21_49_42_048,0.8,-0.4821871,18562.0,18505.0,7.092976,-0.2348725,0.1362034,6.278041,0.009862135,5.685992,2.16,0.01154037,-0.01171649,-1.340072,2.987861,0.1651049,0.02056919,2.5
2024_02_11_21_49_42_086,0.8,-0.4758166,18796.0,18700.0,7.15911,-0.2822204,0.1360999,6.277925,0.009490838,5.636868,2.22,0.008359114,0.005457588,-1.333651,0.1161098,-0.2315044,0.0403095,2.5
2024_02_11_21_49_42_124,0.8,-0.4674823,19041.0,18956.0,7.223269,-0.3321032,0.1363191,6.277702,0.01029626,5.579735,2.07,0.01613534,0.01523875,-1.574496,-1.040936,0.6514787,-0.1066178,2.5
2024_02_11_21_49_42_157,0.8,-0.4599829,19246.0,19136.0,7.275656,-0.3778124,0.13618,6.277746,0.009777323,5.532703,2.17,0.01342577,-0.01329172,-1.32082,3.241539,0.2960563,0.04314258,2.5
2024_02_11_21_49_42_194,0.8,-0.4523154,19480.0,19328.0,7.334206,-0.4350049,0.136043,6.27771,0.009281409,5.485029,2.25,0.01000724,-0.001348495,-1.27372,1.486301,-0.06973743,0.004416332,2.5
2024_02_11_21_49_42_232,0.8,-0.4421947,19726.0,19550.0,7.392381,-0.4975381,0.1361115,6.277555,0.009548438,5.435359,2.19,0.00614075,0.04405889,-1.448516,-6.069183,-0.6250143,0.06325543,2.5
2024_02_11_21_49_42_269,0.8,-0.4335729,19963.0,19789.0,7.444142,-0.5576799,0.1361851,6.277565,0.009794574,5.38141,2.17,0.01628395,-0.02017585,-1.315756,4.872084,0.6379485,-0.09180977,2.5
2024_02_11_21_49_42_302,0.8,-0.4247504,20177.0,19964.0,7.489858,-0.6178467,0.1360283,6.277604,0.009227793,5.338778,2.26,0.01086485,-0.003091291,-1.222381,1.643419,-0.04208088,0.03321096,2.5
2024_02_11_21_49_42_340,0.8,-0.4129031,20416.0,20167.0,7.537841,-0.6875054,0.1359661,6.277581,0.009003916,5.293882,2.3,0.009834069,0.005288452,-1.212636,0.4329681,-0.05328655,0.01863763,2.5
2024_02_11_21_49_42_373,0.8,-0.4032154,20633.0,20371.0,7.578,-0.7509834,0.1360994,6.277494,0.009502291,5.252032,2.21,0.01157781,0.03511444,-1.394484,-4.099131,0.2135038,-0.01869723,2.5
2024_02_11_21_49_42_411,0.8,-0.3926951,20876.0,20594.0,7.620103,-0.8239185,0.1360479,6.2776,0.009296807,5.202806,2.27,0.01313073,-0.009050945,-1.179326,2.547025,0.2563,0.04120916,2.5
2024_02_11_21_49_42_444,0.8,-0.3824113,21089.0,20773.0,7.654578,-0.8914942,0.1359532,6.277639,0.008954241,5.164996,2.33,0.01059557,-0.0003459501,-1.127344,1.287937,0.010252,0.002808869,2.5
2024_02_11_21_49_42_481,0.8,-0.3686805,21337.0,20988.0,7.691636,-0.9722348,0.1359355,6.277652,0.008893272,5.122231,2.34,0.01071431,0.008062176,-1.126418,-0.08964538,0.06860495,0.02400204,2.5
2024_02_11_21_49_42_515,0.8,-0.3571555,21554.0,21175.0,7.721103,-1.043741,0.1359389,6.277696,0.008903775,5.085353,2.35,0.01180471,0.004376565,-1.102777,0.5607605,0.2522469,-0.0161659,2.5
2024_02_11_21_49_42_553,0.8,-0.3455648,21804.0,21391.0,7.751984,-1.127855,0.1359296,6.277762,0.008870529,5.044117,2.36,0.01102695,0.005885706,-1.069851,0.2002716,0.1409054,0.05692616,2.5
2024_02_11_21_49_42_590,0.8,-0.3305446,22047.0,21603.0,7.778869,-1.211264,0.1359282,6.277838,0.008865235,5.005185,2.37,0.01160851,0.005308601,-1.034665,0.2770424,0.2603531,-0.07233582,2.5
2024_02_11_21_49_42_628,0.8,-0.3184149,22297.0,21821.0,7.803255,-1.298322,0.135924,6.277929,0.00884945,4.966622,2.39,0.01114027,0.004933754,-0.9961044,0.2205372,0.1721978,0.01835264,2.5
2024_02_11_21_49_42_665,0.8,-0.3023665,22541.0,22035.0,7.823908,-1.384295,0.1359202,6.27803,0.008835446,4.930519,2.4,0.01145989,0.004593951,-0.9560711,0.2861023,0.2771914,-0.04573911,2.5
2024_02_11_21_49_42_703,0.8,-0.2894428,22792.0,22256.0,7.842019,-1.47367,0.1359161,6.278144,0.008820078,4.894992,2.41,0.01099863,0.004265253,-0.9143667,0.2169609,0.2018213,0.01439266,2.5
2024_02_11_21_49_42_736,0.8,-0.2763725,23009.0,22448.0,7.855273,-1.552055,0.1359127,6.278253,0.008807442,4.865474,2.41,0.01097587,0.003977009,-0.8761041,0.20051,0.207752,-0.02403743,2.5
2024_02_11_21_49_42_773,0.8,-0.2592372,23253.0,22665.0,7.867485,-1.640664,0.1359093,6.278386,0.008794667,4.833893,2.42,0.01124524,0.003578343,-0.8315755,0.254631,0.31434,-0.04610605,2.5
2024_02_11_21_49_42_807,0.8,-0.2455929,23477.0,22866.0,7.876332,-1.722667,0.1359056,6.278517,0.008780428,4.806343,2.43,0.01105414,0.003309502,-0.7897989,0.2229214,0.2991855,0.01841784,2.5
2024_02_11_21_49_42_844,0.8,-0.2318545,23720.0,23085.0,7.883485,-1.812441,0.1359015,6.278669,0.00876543,4.777996,2.44,0.01059566,0.002917211,-0.7434301,0.1969337,0.2308339,-0.004902482,2.5
2024_02_11_21_49_42_882,0.8,-0.2138298,23970.0,23311.0,7.888284,-1.905123,0.1358975,6.278837,0.008750043,4.750713,2.45,0.01071599,0.00260855,-0.6934403,0.2207756,0.3145784,-0.008568168,2.5
2024_02_11_21_49_42_919,0.8,-0.1994169,24214.0,23533.0,7.89062,-1.995743,0.135894,6.279009,0.008737101,4.725975,2.45,0.01031468,0.002261185,-0.6448867,0.182867,0.2567023,-0.05841814,2.5
2024_02_11_21_49_42_957,0.8,-0.1812494,24463.0,23762.0,7.890778,-2.089122,0.1358899,6.279196,0.00872209,4.702476,2.46,0.01037037,0.00196647,-0.5930511,0.2100468,0.3301948,-0.0239592,2.5
2024_02_11_21_49_42_994,0.8,-0.1658918,24706.0,23986.0,7.88891,-2.180281,0.1358866,6.279387,0.008709526,4.681496,2.47,0.009875547,0.001639273,-0.5419366,0.1714229,0.2686977,0.07890164,2.5
2024_02_11_21_49_43_032,0.8,-0.1475606,24954.0,24217.0,7.885089,-2.274091,0.1358835,6.279592,0.008697547,4.661946,2.47,0.00995837,0.00149694,-0.4884182,0.1425743,0.3400445,-0.01285039,2.5
2024_02_11_21_49_43_069,0.8,-0.1324417,25196.0,24444.0,7.879685,-2.365559,0.1358811,6.279799,0.008688652,4.644855,2.48,0.00929009,0.001254101,-0.4365993,0.1502037,0.2764761,-0.05112774,2.5
2024_02_11_21_49_43_106,0.8,-0.1134555,25444.0,24677.0,7.872596,-2.459588,0.135879,6.280019,0.008681055,4.629329,2.48,0.009375079,0.001014549,-0.3817684,0.1356602,0.3471076,-0.02068281,2.5
2024_02_11_21_49_43_139,0.8,-0.09822132,25659.0,24881.0,7.865314,-2.5413,0.1358778,6.280216,0.008675817,4.617529,2.49,0.00907743,0.0008379559,-0.3342021,0.1091957,0.3456771,0.04037097,2.5
2024_02_11_21_49_43_178,0.8,-0.08204927,25905.0,25117.0,7.855817,-2.635429,0.1358769,6.28045,0.008672547,4.605891,2.49,0.00854389,0.0007947373,-0.2793065,0.05817413,0.2774,-0.02865866,2.5
2024_02_11_21_49_43_215,0.8,-0.06301244,26145.0,25348.0,7.8456,-2.727102,0.1358766,6.280682,0.00867104,4.596576,2.49,0.008536195,0.0005420732,-0.2255136,0.05865097,0.3565848,0.001940876,2.5
2024_02_11_21_49_43_249,0.8,-0.04718254,26358.0,25555.0,7.835828,-2.808878,0.1358764,6.280893,0.00867021,4.589934,2.5,0.00822725,0.000434204,-0.177788,0.05030632,0.3656149,0.02084113,2.5
2024_02_11_21_49_43_281,0.8,-0.03178009,26577.0,25769.0,7.825262,-2.893146,0.1358771,6.281113,0.008672076,4.584744,2.5,0.007802445,0.0003172831,-0.1290676,0.07462502,0.3415644,0.047395,2.5
2024_02_11_21_49_43_320,0.8,-0.01610064,26815.0,26003.0,7.813346,-2.984867,0.1358777,6.281356,0.008674272,4.580956,2.5,0.007123521,0.0002842803,-0.07703671,0.02551079,0.2741814,0.03166869,2.5
2024_02_11_21_49_43_356,0.8,0.00354895,27059.0,26244.0,7.800832,-3.079086,0.1358797,6.281608,0.008681354,4.579078,2.5,0.007031338,0.0003293963,-0.02307674,0.01072884,0.3492534,-0.04431605,2.5
2024_02_11_21_49_43_390,0.8,0.01910078,27270.0,26454.0,7.789905,-3.160897,0.1358836,6.281832,0.008695491,4.579117,2.5,0.00674858,0.0005021966,0.02468246,-0.05888939,0.3502667,0.01281686,2.5
2024_02_11_21_49_43_428,0.8,0.03517344,27512.0,26696.0,7.77742,-3.255066,0.1358887,6.282093,0.008713708,4.581125,2.5,0.006072524,0.0002686107,0.07970773,-0.02431869,0.2689958,0.008624047,2.5
2024_02_11_21_49_43_465,0.8,0.05421982,27747.0,26933.0,7.765557,-3.346736,0.1358934,6.282349,0.008730615,4.585108,2.5,0.00597116,0.0004118822,0.1342007,-0.06198883,0.3507137,0.00461936,2.5
2024_02_11_21_49_43_502,0.8,0.07021695,27987.0,27177.0,7.753865,-3.440867,0.1358989,6.282617,0.008750791,4.591279,2.49,0.005216871,0.0004239524,0.1895564,-0.03814697,0.269711,-0.01061894,2.5
2024_02_11_21_49_43_535,0.8,0.08555864,28194.0,27390.0,7.744271,-3.522601,0.1359039,6.28285,0.008769051,4.598366,2.49,0.004831227,0.0005098825,0.2380972,-0.1022816,0.2753735,0.02735108,2.5
2024_02_11_21_49_43_573,0.8,0.1050911,28426.0,27629.0,7.734305,-3.614221,0.1359105,0.004007715,0.008793175,4.608229,2.49,0.004952264,0.0007739142,0.2936535,-0.1604557,0.3823787,0.06167963,2.5
2024_02_11_21_49_43_607,0.8,0.1203986,28639.0,27850.0,7.726037,-3.698376,0.1359172,0.000175236,0.00881807,4.61908,2.48,0.004419195,0.000869685,0.3440656,-0.1399517,0.3503114,0.04613027,2.5
2024_02_11_21_49_43_640,0.8,0.1352749,28844.0,28064.0,7.718969,-3.78001,0.1359241,0.0004111921,0.008842858,4.631229,2.48,0.003880013,0.0008952199,0.3914374,-0.1194477,0.3475174,0.007618218,2.5
2024_02_11_21_49_43_677,0.8,0.1527917,29073.0,28305.0,7.712319,-3.871472,0.1359321,0.0006764429,0.008872365,4.646726,2.48,0.003554984,0.00108817,0.4448211,-0.1614094,0.3904178,0.02628006,2.5
2024_02_11_21_49_43_710,0.8,0.1653196,29282.0,28526.0,7.707547,-3.955422,0.135941,0.0009214538,0.00890477,4.662693,2.47,0.002500454,0.001261839,0.4928383,-0.1101494,0.2471581,-0.02672709,2.5
2024_02_11_21_49_43_748,0.8,0.184018,29509.0,28768.0,7.703978,-4.046638,0.1359506,0.001186705,0.008939905,4.681948,2.46,0.002401661,0.001716047,0.546398,-0.2059936,0.3474056,0.01493655,2.5
2024_02_11_21_49_43_790,0.8,0.1984828,29765.0,29043.0,7.702178,-4.149931,0.1359621,0.001481783,0.00898245,4.706144,2.46,0.0009173187,0.001782372,0.6025258,-0.1633167,0.1803785,-0.03104284,2.5
2024_02_11_21_49_43_832,0.8,0.2168813,30020.0,29318.0,7.70299,-4.252903,0.135974,0.001772067,0.009026386,4.732639,2.45,0.0006173635,0.002252541,0.6575667,-0.2329349,0.2331436,0.04928,2.5
2024_02_11_21_49_43_865,0.8,0.2325834,30219.0,29534.0,7.705612,-4.333496,0.1359855,0.00200323,0.009068143,4.755139,2.44,0.0004765429,0.002643503,0.7038963,-0.2396107,0.2546608,0.02593361,2.5
2024_02_11_21_49_43_898,0.8,0.2465004,30418.0,29751.0,7.710091,-4.413741,0.1359966,0.002229066,0.009108628,4.779131,2.43,-0.0002361219,0.002820369,0.7477528,-0.2412796,0.2420842,-0.008666888,2.5
2024_02_11_21_49_43_935,0.8,0.263896,30645.0,30000.0,7.71768,-4.505638,0.1360092,0.002483131,0.009154872,4.808502,2.42,-0.0005129343,0.003148879,0.7963835,-0.2558231,0.3013015,-0.02833828,2.5
2024_02_11_21_49_43_974,0.8,0.277151,30865.0,30243.0,7.727698,-4.594499,0.1360226,0.002726012,0.009204721,4.838845,2.41,-0.00146486,0.003619686,0.8419415,-0.2408027,0.2132058,-0.04300102,2.5
2024_02_11_21_49_44_007,0.8,0.2903595,31067.0,30467.0,7.739284,-4.675508,0.1360351,0.002942793,0.009250638,4.868193,2.4,-0.002061568,0.003901779,0.8823886,-0.2374649,0.2018213,-0.01608022,2.5
2024_02_11_21_49_44_044,0.8,0.3065542,31285.0,30710.0,7.754584,-4.762856,0.1360489,0.003173423,0.009301431,4.901668,2.39,-0.002350741,0.004416013,0.9257256,-0.3113747,0.2796054,0.02514198,2.5
2024_02_11_21_49_44_082,0.8,0.3189023,31508.0,30960.0,7.773309,-4.851537,0.1360637,0.003401922,0.009355662,4.937663,2.38,-0.003371284,0.004698966,0.9672381,-0.305891,0.1932382,0.02921372,2.5
2024_02_11_21_49_44_119,0.8,0.3344861,31724.0,31203.0,7.794547,-4.936727,0.1360797,0.003618171,0.009414262,4.974237,2.37,-0.003670802,0.005205505,1.007966,-0.3306865,0.2410412,-0.01317076,2.5
2024_02_11_21_49_44_157,0.8,0.3463637,31946.0,31452.0,7.819504,-5.022857,0.1360963,0.003831224,0.009475375,5.013306,2.35,-0.004627132,0.0059599,1.047258,-0.4034042,0.1578331,-0.07001683,2.5
2024_02_11_21_49_44_190,0.8,0.3581607,32138.0,31668.0,7.843765,-5.096334,0.136116,0.004010188,0.009548406,5.048465,2.34,-0.005111898,0.007081661,1.082738,-0.620842,0.1898408,0.002814457,2.5
2024_02_11_21_49_44_228,0.8,0.3719339,32362.0,31910.0,7.873525,-5.176573,0.1362039,0.004236557,0.009875466,5.090029,2.27,-0.005338971,0.02340279,1.205398,-3.378629,0.2576709,0.0007096677,2.5
2024_02_11_21_49_44_265,0.8,0.383013,32594.0,32154.0,7.906107,-5.25516,0.1362262,0.004364921,0.009942893,5.136142,2.26,-0.009754241,-0.01448964,1.14111,2.825022,-0.1912117,0.00814721,2.5
2024_02_11_21_49_44_298,0.8,0.3934658,32774.0,32366.0,7.938469,-5.323552,0.136122,0.004493818,0.009568184,5.173244,2.31,-0.005511828,-6.093178e-06,1.128607,0.6382465,0.3627538,0.04782527,2.5
2024_02_11_21_49_44_336,0.8,0.4059868,33014.0,32615.0,7.978464,-5.400423,0.1362657,0.004784103,0.01010555,5.219801,2.2,-0.00833571,0.03132661,1.402999,-4.037142,-0.02038479,-0.03729202,2.5
2024_02_11_21_49_44_375,0.8,0.4159203,33244.0,32851.0,8.018596,-5.470499,0.1362682,0.004859736,0.01009613,5.269407,2.21,-0.01186292,-0.01693804,1.227462,3.406524,-0.2619624,0.01149997,2.5
2024_02_11_21_49_44_407,0.8,0.4253391,33425.0,33067.0,8.060271,-5.534591,0.1361454,0.004960404,0.0096539,5.31033,2.27,-0.007667194,-0.001460554,1.200274,1.139402,0.2409816,-0.04805252,2.5
2024_02_11_21_49_44_440,0.8,0.4342977,33628.0,33282.0,8.103251,-5.595312,0.136252,0.005205947,0.010059,5.352426,2.18,-0.006123006,0.03930768,1.45242,-5.423545,0.5048513,-0.003742054,2.5
2024_02_11_21_49_44_477,0.8,0.4448049,33876.0,33518.0,8.150989,-5.658141,0.1363672,0.005304484,0.0104661,5.406832,2.12,-0.01386438,0.001616962,1.383639,0.9243488,-0.303328,-0.08623488,2.5
2024_02_11_21_49_44_514,0.8,0.4527902,34074.0,33756.0,8.205298,-5.720582,0.1361845,0.005336442,0.009795737,5.455788,2.23,-0.00975058,-0.005154826,1.256877,1.811981,0.1797676,0.06805733,2.5
2024_02_11_21_49_44_552,0.8,0.4624244,34291.0,33994.0,8.262349,-5.779931,0.1362407,0.005563876,0.01001986,5.50413,2.16,-0.003961068,0.04353095,1.480498,-6.069183,1.004219,-0.006554648,2.5
2024_02_11_21_49_44_590,0.8,0.4696522,34553.0,34236.0,8.31948,-5.835285,0.1364048,0.005675196,0.01060698,5.56334,2.06,-0.01558377,0.008293258,1.490773,-0.1716614,-0.3346801,-0.06941706,2.5
2024_02_11_21_49_44_627,0.8,0.4779544,34748.0,34464.0,8.379242,-5.885632,0.1362254,0.005651228,0.009944538,5.614126,2.17,-0.01212289,-0.009616748,1.3098,2.600908,0.03701448,-0.01094118,2.5
2024_02_11_21_49_44_660,0.8,0.4841429,34935.0,34680.0,8.438711,-5.930597,0.136192,0.005779592,0.009839384,5.659145,2.16,-0.001349192,0.04167075,1.409769,-7.166624,1.902938,0.2404768,2.5
2024_02_11_21_49_44_694,0.8,0.4899506,35171.0,34891.0,8.494633,-5.970343,0.1364115,0.005955894,0.0106347,5.712079,2.03,-0.01671838,0.01646721,1.616109,-1.417875,-0.352621,0.04415959,2.5
2024_02_11_21_49_44_731,0.8,0.495392,35385.0,35124.0,8.560769,-6.011276,0.1362905,0.005903695,0.01017963,5.768467,2.11,-0.01563744,-0.01712264,1.369264,3.800392,-0.2637506,-0.009359792,2.5
2024_02_11_21_49_44_769,0.8,0.5012988,35575.0,35354.0,8.631113,-6.048856,0.1361441,0.005935654,0.009653455,5.818392,2.19,-0.01030216,0.003615815,1.352943,0.4320144,0.3455281,-0.0169035,2.5
2024_02_11_21_49_44_806,0.8,0.5055445,35834.0,35598.0,8.702923,-6.083595,0.136393,0.006184925,0.01057075,5.877832,2.02,-0.01782167,0.02428793,1.705855,-2.21777,-0.4805922,-0.05940348,2.5
2024_02_11_21_49_44_845,0.8,0.5103438,36063.0,35824.0,8.771358,-6.112002,0.136373,0.006137521,0.01048245,5.936643,2.04,-0.01865072,-0.01809761,1.452782,4.815578,-0.5051792,-0.0387188,2.5
2024_02_11_21_49_44_877,0.8,0.5136344,36223.0,36026.0,8.83705,-6.134215,0.1361681,0.006089051,0.009738203,5.982543,2.15,-0.01271713,-0.005212626,1.367721,2.085209,0.1399517,0.08358619,2.5
2024_02_11_21_49_44_916,0.8,0.5164707,36447.0,36267.0,8.915552,-6.156568,0.1362545,0.006298376,0.01007441,6.036839,2.07,-0.006061503,0.04878604,1.652886,-6.336689,1.041055,-0.02940371,2.5
2024_02_11_21_49_44_948,0.8,0.5187995,36680.0,36475.0,8.97981,-6.172514,0.1364181,0.006349509,0.01065846,6.093512,1.98,-0.01861607,0.01402288,1.654994,-0.7828473,-0.3887117,0.009167939,2.5
2024_02_11_21_49_44_986,0.8,0.5210539,36884.0,36705.0,9.0552,-6.185486,0.1362408,0.00623659,0.01000024,6.150929,2.09,-0.01599246,-0.01388064,1.407596,3.526449,-0.1977086,-0.01440011,2.5
2024_02_11_21_49_45_023,0.8,0.522392,37071.0,36935.0,9.133839,-6.193954,0.13609,0.006229667,0.009455245,6.202156,2.18,-0.0117343,0.001415267,1.379892,1.130342,0.221163,0.003252178,2.5
2024_02_11_21_49_45_061,0.8,0.523357,37327.0,37178.0,9.213278,-6.199152,0.1363499,0.006485863,0.01041699,6.262489,2.0,-0.01869301,0.03076306,1.775886,-2.986192,-0.5249679,-0.0620149,2.5
2024_02_11_21_49_45_098,0.8,0.5235987,37565.0,37405.0,9.286388,-6.199943,0.1363798,0.006417153,0.01051147,0.0408481,1.99,-0.0203678,-0.008510685,1.52704,3.6484,-0.6417333,-0.1291428,2.5
2024_02_11_21_49_45_136,0.8,0.5232377,37748.0,37636.0,9.365051,-6.194828,0.1361294,0.006309561,0.009597357,0.09501413,2.14,-0.01365683,-0.005493883,1.386531,2.317429,0.0628233,0.06588921,2.5
2024_02_11_21_49_45_169,0.8,0.522425,37932.0,37844.0,9.435549,-6.186553,0.1361423,0.006411294,0.009664257,0.1415119,2.1,-0.0003224295,0.05300138,1.537254,-7.651329,2.155453,0.2274308,2.5
2024_02_11_21_49_45_206,0.8,0.5211309,38195.0,38079.0,9.509268,-6.175453,0.136374,0.006519418,0.01049801,0.20482,1.97,-0.01948891,0.01412937,1.668146,-0.5897284,-0.480473,-0.04530325,2.5
2024_02_11_21_49_45_240,0.8,0.5193537,38377.0,38284.0,9.576027,-6.160467,0.1362072,0.006386793,0.009877026,0.2565668,2.09,-0.01695539,-0.01549229,1.416101,3.808737,-0.2664328,0.1072604,2.5
2024_02_11_21_49_45_278,0.8,0.5165358,38563.0,38514.0,9.651922,-6.138536,0.1360616,0.006358031,0.009353406,0.3079823,2.17,-0.01204258,0.003838432,1.385683,0.8366107,0.2028346,0.006057322,2.5
2024_02_11_21_49_45_314,0.8,0.5137215,38821.0,38757.0,9.727201,-6.113333,0.136312,0.006554572,0.0102768,0.3681107,2.0,-0.0190966,0.02579017,1.730952,-2.130985,-0.5728006,-0.1045093,2.5
2024_02_11_21_49_45_352,0.8,0.5095556,39039.0,38983.0,9.796092,-6.085668,0.1362386,0.006429404,0.009989958,0.426779,2.07,-0.01920876,-0.02235369,1.431187,5.032777,-0.5714893,0.02704747,2.5
2024_02_11_21_49_45_386,0.8,0.5057945,39206.0,39193.0,9.861165,-6.054357,0.1360604,0.006358031,0.009346767,0.473918,2.17,-0.01317642,-0.002392447,1.365187,1.909017,0.08028745,0.01085177,2.5
2024_02_11_21_49_45_419,0.8,0.50141,39406.0,39403.0,9.923678,-6.020814,0.1361828,0.006510363,0.009812376,0.5215087,2.07,-0.009615999,0.04571715,1.642114,-5.556583,0.5639195,-0.06528199,2.5
2024_02_11_21_49_45_457,0.8,0.496808,39653.0,39635.0,9.988365,-5.982816,0.1362793,0.006456568,0.01014484,0.5818986,2.04,-0.01998593,-0.00960421,1.491843,3.93033,-0.6738901,-0.1255739,2.5
2024_02_11_21_49_45_494,0.8,0.4900528,39839.0,39868.0,10.05458,-5.937012,0.1360496,0.00633566,0.009306586,0.6345184,2.18,-0.013484,-0.004479541,1.342091,2.310038,-0.01764297,0.03762543,2.5
2024_02_11_21_49_45_531,0.8,0.4843893,40041.0,40104.0,10.11894,-5.887141,0.1360193,0.00636602,0.009208946,0.684385,2.18,-0.006249787,0.03667019,1.404656,-6.155252,1.196682,0.235416,2.5
2024_02_11_21_49_45_569,0.8,0.4765175,40304.0,40347.0,10.17993,-5.836205,0.1362505,0.006434197,0.01004561,0.7446188,2.06,-0.01891195,0.00952038,1.538757,0.2980232,-0.6228089,-0.04233606,2.5
2024_02_11_21_49_45_607,0.8,0.4698469,40495.0,40576.0,10.23653,-5.781883,0.1360564,0.006292517,0.009329777,0.7960135,2.19,-0.01434896,-0.007380678,1.315692,2.776623,-0.1415014,-0.005790963,2.5
2024_02_11_21_49_45_640,0.8,0.4628785,40673.0,40792.0,10.28806,-5.726846,0.1359652,0.006264288,0.009001099,0.8402811,2.24,-0.01185773,0.002416651,1.296749,1.150131,0.1142025,0.02696365,2.5
2024_02_11_21_49_45_677,0.8,0.4532418,40906.0,41032.0,10.34144,-5.664883,0.136138,0.006376673,0.009644957,0.891801,2.13,-0.0151363,0.03579811,1.56839,-3.783226,-0.419259,-0.05414523,2.5
2024_02_11_21_49_45_715,0.8,0.4452271,41134.0,41271.0,10.39122,-5.601274,0.1360973,0.006235525,0.009476553,0.9468939,2.18,-0.01617641,-0.01291498,1.306956,3.349542,-0.3610849,0.05844235,2.5
2024_02_11_21_49_45_748,0.8,0.4367151,41305.0,41480.0,10.43286,-5.540959,0.1359747,0.006166283,0.009034228,0.9886911,2.25,-0.01222174,-0.0006828557,1.246395,1.671314,0.005185604,0.06425381,2.5
2024_02_11_21_49_45_786,0.8,0.4253928,41513.0,41726.0,10.47865,-5.467515,0.135928,0.006142315,0.008867682,1.035859,2.29,-0.01071542,0.01067497,1.249086,-0.4005432,0.170052,0.09069032,2.5
2024_02_11_21_49_45_819,0.8,0.4162478,41732.0,41942.0,10.51528,-5.403829,0.1361247,0.006185458,0.009590372,1.081058,2.17,-0.01727555,0.01914318,1.437997,-1.290798,-0.7187127,-0.06991439,2.5
2024_02_11_21_49_45_853,0.8,0.4064645,41915.0,42151.0,10.54854,-5.339242,0.1360158,0.006041647,0.009180862,1.123927,2.25,-0.01433052,-0.00797074,1.206336,2.590418,-0.2606511,-0.01074187,2.5
2024_02_11_21_49_45_889,0.8,0.3964012,42120.0,42396.0,10.58435,-5.259974,0.1359198,0.005970807,0.008834633,1.168619,2.32,-0.01119062,0.003071862,1.163762,0.8575916,0.05894899,-0.005815178,2.5
2024_02_11_21_49_45_927,0.8,0.3833314,42329.0,42638.0,10.61621,-5.180139,0.1359197,0.005931925,0.008836725,1.21174,2.32,-0.01178748,0.009916415,1.168289,-0.2217293,-0.08791684,-0.02764538,2.5
2024_02_11_21_49_45_964,0.8,0.3723952,42544.0,42886.0,10.64542,-5.096715,0.1359212,0.005846171,0.008839121,1.255662,2.34,-0.01262142,0.002942621,1.133654,0.9157657,-0.2242923,-0.03736466,2.5
2024_02_11_21_49_46_002,0.8,0.3583934,42753.0,43129.0,10.67058,-5.013559,0.135911,0.005765211,0.008803792,1.297041,2.35,-0.01199433,0.007460774,1.107215,0.09059905,-0.1648366,0.02068095,2.5
2024_02_11_21_49_46_036,0.8,0.3465306,42947.0,43353.0,10.69076,-4.936047,0.135915,0.005679457,0.008817717,1.33422,2.36,-0.01240545,0.005502546,1.076895,0.4005432,-0.2444386,-0.03026239,2.5
2024_02_11_21_49_46_073,0.8,0.3348188,43158.0,43596.0,10.70958,-4.850516,0.1359122,0.00557879,0.008807831,1.373399,2.37,-0.01193155,0.005890385,1.041948,0.2202988,-0.1700967,0.0270307,2.5
2024_02_11_21_49_46_111,0.8,0.3194703,43371.0,43840.0,10.72515,-4.763941,0.1359114,0.005469067,0.008804,1.411243,2.38,-0.01203393,0.005274993,1.004451,0.30303,-0.2673268,-0.03026612,2.5
2024_02_11_21_49_46_148,0.8,0.3068993,43590.0,44090.0,10.73785,-4.674106,0.1359091,0.005347095,0.008795169,1.448644,2.39,-0.01173037,0.004937054,0.9646879,0.2574921,-0.2055466,-0.01168065,2.5
2024_02_11_21_49_46_182,0.8,0.294152,43781.0,44308.0,10.74623,-4.595444,0.135907,0.005233644,0.00878692,1.479864,2.4,-0.01155687,0.004569947,0.9285471,0.2143383,-0.2025366,0.02223998,2.5
2024_02_11_21_49_46_215,0.8,0.2811555,43979.0,44532.0,10.75237,-4.513879,0.1359046,0.005108476,0.008777995,1.510761,2.41,-0.01141533,0.004179613,0.8898818,0.234127,-0.2016425,0.02228841,2.5
2024_02_11_21_49_46_252,0.8,0.2641827,44196.0,44776.0,10.75626,-4.424613,0.1359016,0.004964665,0.008767066,1.542856,2.42,-0.01156554,0.00394945,0.8459628,0.2324581,-0.3015399,0.007852912,2.5
2024_02_11_21_49_46_291,0.8,0.2507226,44420.0,45026.0,10.75737,-4.332515,0.1358986,0.004806473,0.008755869,1.574102,2.43,-0.01099621,0.003530303,0.799963,0.1852512,-0.2131015,0.00661984,2.5
2024_02_11_21_49_46_323,0.8,0.2369431,44615.0,45243.0,10.75605,-4.252265,0.1358959,0.00466213,0.00874531,1.599781,2.44,-0.01084722,0.00336057,0.7585313,0.1683235,-0.2137571,0.05270354,2.5
2024_02_11_21_49_46_360,0.8,0.2190074,44835.0,45487.0,10.75217,-4.16208,0.1358926,0.004491155,0.008732514,1.626929,2.44,-0.01119594,0.002787089,0.7099222,0.2439022,-0.3277063,-0.02750754,2.5
2024_02_11_21_49_46_398,0.8,0.2045652,45062.0,45736.0,10.74572,-4.069288,0.1358894,0.004307397,0.00872074,1.652961,2.45,-0.01050801,0.002490994,0.6606461,0.1792908,-0.2454519,0.01017377,2.5
2024_02_11_21_49_46_435,0.8,0.1863386,45284.0,45979.0,10.73719,-3.978848,0.1358864,0.00411991,0.008709095,1.676448,2.46,-0.01069202,0.002141684,0.6099916,0.1866817,-0.3400743,0.02596155,2.5
2024_02_11_21_49_46_468,0.8,0.1719164,45490.0,46202.0,10.72752,-3.895708,0.1358841,0.003940946,0.008700192,1.696392,2.46,-0.01036322,0.001908059,0.563697,0.1990795,-0.3277361,-0.01254491,2.5
2024_02_11_21_49_46_506,0.8,0.1569108,45715.0,46445.0,10.71518,-3.805232,0.1358812,0.003738546,0.008689718,1.716283,2.47,-0.009879947,0.001686354,0.512557,0.140667,-0.2574921,0.002657994,2.5
2024_02_11_21_49_46_544,0.8,0.1381299,45947.0,46693.0,10.70069,-3.712343,0.1358787,0.003522829,0.008680192,1.734711,2.48,-0.009892192,0.0013819,0.4586858,0.1573562,-0.3360808,0.05223415,2.5
2024_02_11_21_49_46_582,0.8,0.1225981,46174.0,46935.0,10.68499,-3.621951,0.1358767,0.003305516,0.008672594,1.750678,2.48,-0.009407688,0.00121749,0.4057062,0.09703635,-0.2692938,0.006191432,2.5
2024_02_11_21_49_46_614,0.8,0.1072171,46384.0,47156.0,10.66935,-3.53895,0.1358758,0.003100452,0.008668728,1.763607,2.49,-0.008932546,0.001097342,0.3568188,0.09179115,-0.2579689,0.04406832,2.5
2024_02_11_21_49_46_652,0.8,0.08801623,46613.0,47397.0,10.65117,-3.448708,0.1358751,0.002872485,0.008666139,1.775784,2.49,-0.009145938,0.0007917742,0.3031312,0.1330376,-0.3631115,-0.02431311,2.5
2024_02_11_21_49_46_685,0.8,0.07241748,46818.0,47611.0,10.63408,-3.368291,0.1358751,0.002663694,0.008665545,1.784987,2.49,-0.008810713,0.000631618,0.2551556,0.09560584,-0.3653168,0.00195764,2.5
2024_02_11_21_49_46_722,0.8,0.05701531,47056.0,47857.0,10.61355,-3.275767,0.1358752,0.002420281,0.008665516,1.793632,2.5,-0.007994587,0.0005897398,0.2011222,0.08559226,-0.2718568,-0.01350045,2.5
2024_02_11_21_49_46_757,0.8,0.04158168,47263.0,48070.0,10.59514,-3.195462,0.1358753,0.002204565,0.008665736,1.799447,2.5,-0.007675707,0.0004071399,0.153644,0.04220008,-0.2695322,0.01287646,2.5
2024_02_11_21_49_46_794,0.8,0.02156421,47503.0,48314.0,10.57343,-3.103018,0.1358755,0.001953162,0.00866642,1.804213,2.5,-0.007670301,0.0002588148,0.09854839,0.01645088,-0.3427863,-0.00234507,2.5
2024_02_11_21_49_46_831,0.8,0.005851404,47737.0,48552.0,10.55194,-3.01302,0.1358774,0.001706021,0.008673393,1.806874,2.5,-0.006986069,0.0003577216,0.04654487,-0.007629394,-0.2778172,0.02044067,2.5
2024_02_11_21_49_46_869,0.8,-0.01339286,47979.0,48795.0,10.52972,-2.92061,0.1358811,0.001449825,0.00868634,1.807581,2.5,-0.00689394,0.0003986792,-0.007777801,-0.06055832,-0.3432035,0.02038665,2.5
2024_02_11_21_49_46_907,0.8,-0.02935984,48215.0,49031.0,10.50811,-2.830655,0.1358858,0.001195227,0.00870348,1.806288,2.5,-0.006273778,0.0003229058,-0.0609137,-0.02551079,-0.2841353,-0.01819618,2.5
2024_02_11_21_49_46_940,0.8,-0.04473157,48432.0,49247.0,10.48845,-2.747995,0.13589,0.0009582054,0.008719056,1.803339,2.5,-0.005767513,0.0004016801,-0.1105151,-0.07939338,-0.2639294,0.04317611,2.5
2024_02_11_21_49_46_977,0.8,-0.06441513,48670.0,49481.0,10.46744,-2.658013,0.1358951,0.0006977482,0.008736867,1.798202,2.5,-0.005785687,0.0003931103,-0.1654569,-0.05793571,-0.3604889,-0.02601929,2.5
2024_02_11_21_49_47_015,0.8,-0.07977962,48914.0,49721.0,10.44646,-2.565553,0.135901,0.0004293016,0.00875894,1.790835,2.49,-0.004970366,0.0005058072,-0.2204644,-0.0860691,-0.2682805,0.03907271,2.5
2024_02_11_21_49_47_048,0.8,-0.09502629,49127.0,49928.0,10.4289,-2.485208,0.1359066,0.0001933455,0.008779097,1.782721,2.49,-0.004543693,0.000605489,-0.2689008,-0.09155273,-0.2627671,0.004375353,2.5
2024_02_11_21_49_47_085,0.8,-0.1148566,49367.0,50159.0,10.4101,-2.395058,0.1359137,0.004251797,0.008804876,1.771712,2.49,-0.004607134,0.0008028299,-0.3246988,-0.1039505,-0.3671944,-0.0493899,2.5
2024_02_11_21_49_47_123,0.8,-0.1299162,49613.0,50396.0,10.39195,-2.302408,0.1359218,6.282837,0.008834815,1.758305,2.48,-0.003620826,0.0008930913,-0.3793788,-0.09655952,-0.268966,-0.01081638,2.5
2024_02_11_21_49_47_156,0.8,-0.145217,49828.0,50600.0,10.37731,-2.221892,0.1359293,6.282598,0.008861897,1.744952,2.48,-0.003268062,0.001221091,-0.4278364,-0.1769066,-0.2723336,-0.01124665,2.5
2024_02_11_21_49_47_193,0.8,-0.1640859,50075.0,50835.0,10.36189,-2.129134,0.1359386,6.282324,0.008896207,1.727621,2.47,-0.003040496,0.001387353,-0.4829418,-0.1657009,-0.3498494,-0.01150183,2.5
2024_02_11_21_49_47_231,0.8,-0.1786724,50317.0,51062.0,10.34857,-2.038779,0.1359482,6.282059,0.008931511,1.708759,2.47,-0.002085173,0.001611746,-0.5348206,-0.1764297,-0.2580285,-0.03803149,2.5
2024_02_11_21_49_47_265,0.8,-0.1932746,50539.0,51270.0,10.33793,-1.955747,0.1359577,6.281817,0.008966429,1.689726,2.46,-0.001516961,0.001815982,-0.5823268,-0.1826286,-0.2339482,-0.0424534,2.5
2024_02_11_21_49_47_302,0.8,-0.2116674,50782.0,51495.0,10.32825,-1.865425,0.1359687,6.281556,0.009006552,1.667204,2.45,-0.00148347,0.00217463,-0.6337135,-0.2331734,-0.3332197,-0.03904663,2.5
2024_02_11_21_49_47_339,0.8,-0.2259852,51024.0,51719.0,10.32072,-1.775193,0.13598,6.281297,0.00904816,1.642806,2.44,-0.0007206798,0.002502005,-0.6836318,-0.2245903,-0.2491474,-0.01969002,2.5
2024_02_11_21_49_47_377,0.8,-0.2433404,51273.0,51947.0,10.31539,-1.682682,0.135993,6.281034,0.009095512,1.615836,2.43,-0.0001994804,0.002823622,-0.734479,-0.235796,-0.2930611,0.01021847,2.5
2024_02_11_21_49_47_414,0.8,-0.2569787,51516.0,52169.0,10.3127,-1.592834,0.1360051,6.280786,0.009139824,1.587779,2.43,0.0006264206,0.003025026,-0.780722,-0.2217293,-0.2254993,0.01416728,2.5
2024_02_11_21_49_47_447,0.8,-0.270461,51740.0,52372.0,10.3125,-1.51054,0.136017,6.280561,0.00918394,1.560478,2.42,0.001327699,0.003392238,-0.8228084,-0.2257824,-0.2012849,-0.03542006,2.5
2024_02_11_21_49_47_485,0.8,-0.2870743,51983.0,52591.0,10.3149,-1.421367,0.1360296,6.280323,0.009230503,1.529165,2.41,0.001543159,0.003787425,-0.8679528,-0.2985001,-0.2745092,-0.02839416,2.5
2024_02_11_21_49_47_522,0.8,-0.3003218,52233.0,52816.0,10.32033,-1.33031,0.1360443,6.280084,0.00928424,1.495315,2.39,0.002473091,0.004301095,-0.912287,-0.3011227,-0.2082884,-0.001002103,2.5
2024_02_11_21_49_47_560,0.8,-0.3161728,52476.0,53033.0,10.32859,-1.242305,0.1360584,6.279859,0.009336388,1.460755,2.38,0.002837173,0.004462363,-0.9539276,-0.2977848,-0.2695918,0.04022009,2.5
2024_02_11_21_49_47_598,0.8,-0.3286429,52725.0,53256.0,10.34024,-1.152732,0.1360745,6.279634,0.009395124,1.423681,2.37,0.003652368,0.005068572,-0.9956747,-0.3247261,-0.1939535,0.01775101,2.5
2024_02_11_21_49_47_635,0.8,-0.3435872,52968.0,53471.0,10.35474,-1.066473,0.1360903,6.279423,0.009453224,1.3861,2.36,0.004045592,0.005628232,-1.034647,-0.3979206,-0.2314448,-0.03252737,2.5
2024_02_11_21_49_47_673,0.8,-0.355313,53217.0,53692.0,10.37293,-0.9790635,0.1361095,6.279216,0.009523964,1.346025,2.34,0.005076256,0.00616745,-1.073147,-0.3905296,-0.1651049,0.0062678,2.5
2024_02_11_21_49_47_710,0.8,-0.3692834,53459.0,53909.0,10.39385,-0.8954143,0.1361464,6.279013,0.009661796,1.305479,2.31,0.004115978,0.01563542,-1.129429,-2.408981,-0.4746914,0.08391961,2.5
2024_02_11_21_49_47_748,0.8,-0.3806044,53706.0,54154.0,10.41751,-0.8131824,0.1362835,6.27881,0.0101597,1.258969,2.22,0.01005482,0.00406059,-1.227666,0.2777576,0.2868772,-0.0110548,2.5
2024_02_11_21_49_47_785,0.8,-0.3935422,53942.0,54356.0,10.44473,-0.7339141,0.1361455,6.278708,0.009653072,1.216473,2.3,0.006169234,-0.003113678,-1.127266,1.088858,-0.3298521,0.02969429,2.5
2024_02_11_21_49_47_822,0.8,-0.4038658,54189.0,54576.0,10.47689,-0.6525518,0.136168,6.278467,0.009748468,1.172364,2.26,0.001206931,0.03543931,-1.263327,-5.654811,-1.075983,0.1032781,2.5
2024_02_11_21_49_47_860,0.8,-0.4159477,54429.0,54828.0,10.50917,-0.5781301,0.1363297,6.278294,0.01032889,1.121395,2.17,0.01209436,0.003157528,-1.328211,0.5307198,0.2844334,-0.0318829,2.5
2024_02_11_21_49_47_894,0.8,-0.4254559,54643.0,55009.0,10.54306,-0.5108983,0.1361798,6.278239,0.009777691,1.079373,2.26,0.008510192,-0.006076192,-1.201051,1.693487,-0.2162456,-0.04154443,2.5
2024_02_11_21_49_47_927,0.8,-0.4344848,54856.0,55195.0,10.57963,-0.4457507,0.1361722,6.278063,0.009763068,1.038989,2.23,0.001285085,0.03444668,-1.298514,-6.137371,-1.479745,0.1634247,2.5
2024_02_11_21_49_47_964,0.8,-0.4429689,55095.0,55452.0,10.62073,-0.3775238,0.136373,6.277872,0.0104899,0.9848119,2.11,0.0138236,0.0101335,-1.446633,-0.5888939,0.344932,-0.09901262,2.5
2024_02_11_21_49_47_998,0.8,-0.4508365,55307.0,55637.0,10.66203,-0.3174201,0.1362349,6.277863,0.009977686,0.9394184,2.2,0.01120516,-0.01011183,-1.268025,2.481222,-0.03176928,0.04126131,2.5
2024_02_11_21_49_48_036,0.8,-0.4607864,55542.0,55835.0,10.71226,-0.2520154,0.1361343,6.277752,0.009617311,0.8926479,2.25,0.007602385,0.007201523,-1.282322,-0.4119873,-0.4663467,-0.06540492,2.5
2024_02_11_21_49_48_069,0.8,-0.4678905,55763.0,56070.0,10.75903,-0.1953183,0.1363662,6.277502,0.01047188,0.8422801,2.09,0.01517038,0.02397635,-1.603173,-2.506733,0.4134774,-0.009760261,2.5
2024_02_11_21_49_48_106,0.8,-0.4748598,55993.0,56300.0,10.81067,-0.1388017,0.1363712,6.277492,0.01047657,0.7865912,2.09,0.01640696,-0.01443779,-1.3853,4.057884,0.4321336,-0.07685646,2.5
2024_02_11_21_49_48_144,0.8,-0.4828333,56229.0,56492.0,10.86982,-0.08221456,0.1361705,6.277482,0.009746915,0.7362341,2.2,0.01041173,-0.002466732,-1.310633,1.513958,-0.2298355,0.01616776,2.5
2024_02_11_21_49_48_181,0.8,-0.4895236,56467.0,56724.0,10.9303,-0.0295237,0.1363221,6.277225,0.01031717,0.6836297,2.08,0.01105449,0.03925272,-1.645366,-4.981279,-0.2086162,0.0237897,2.5
2024_02_11_21_49_48_218,0.8,-0.4946869,56705.0,56978.0,10.9907,0.01875646,0.1364203,6.277198,0.01066221,0.6222955,2.02,0.01735803,0.003417435,-1.509438,0.8363723,0.3804564,-0.00834465,2.5
2024_02_11_21_49_48_251,0.8,-0.4995489,56906.0,57145.0,11.04728,0.05780312,0.136221,6.277258,0.009928943,0.5760391,2.14,0.01336288,-0.01004906,-1.35038,2.774238,0.006437301,-0.02575293,2.5
2024_02_11_21_49_48_289,0.8,-0.5051687,57139.0,57349.0,11.11554,0.0998463,0.1361991,6.277123,0.00986912,0.5254598,2.12,0.0003215726,0.04867443,-1.492388,-7.193565,-2.012849,0.152044,2.5
2024_02_11_21_49_48_327,0.8,-0.5090008,57380.0,57618.0,11.18282,0.1380627,0.1364246,6.276978,0.01068206,0.4621149,1.99,0.01810076,0.01380599,-1.634851,-0.8031129,0.3897547,-0.0365898,2.5
2024_02_11_21_49_48_360,0.8,-0.5124697,57580.0,57800.0,11.24285,0.1669051,0.1362875,6.27706,0.0101683,0.4123468,2.08,0.01692625,-0.01877843,-1.403061,4.102945,0.3060699,0.05899742,2.5
2024_02_11_21_49_48_397,0.8,-0.5161616,57816.0,57991.0,11.318,0.1975524,0.1361247,6.277058,0.009582564,0.3600322,2.17,0.01101701,0.003627857,-1.376719,0.5898476,-0.3244281,0.09897909,2.5
2024_02_11_21_49_48_431,0.8,-0.5185932,58027.0,58215.0,11.38302,0.2211072,0.1363564,6.276812,0.01044119,0.3082934,2.01,0.01696086,0.03401724,-1.754907,-3.714561,0.3710091,-0.0593625,2.5
2024_02_11_21_49_48_468,0.8,-0.5204949,58261.0,58460.0,11.45502,0.2432109,0.1363942,6.276863,0.01056381,0.2453368,1.99,0.01993621,-0.009117589,-1.51843,3.607392,0.615418,-0.1418218,2.5
2024_02_11_21_49_48_505,0.8,-0.5222427,58486.0,58640.0,11.52996,0.2601399,0.1361494,6.276956,0.009669534,0.1927793,2.14,0.01352869,-0.006285738,-1.382263,2.501011,-0.01299381,-0.018185,2.5
2024_02_11_21_49_48_543,0.8,-0.5231504,58727.0,58870.0,11.60942,0.2738829,0.1362787,6.276738,0.01016201,0.1368092,2.03,0.01024157,0.04531296,-1.713229,-5.652904,-0.544101,-0.05600601,2.5
2024_02_11_21_49_48_580,0.8,-0.5235943,58957.0,59122.0,11.68216,0.2833421,0.136397,6.276748,0.01057893,0.07368647,1.97,0.01970209,0.004577465,-1.593268,1.011014,0.5051792,-0.05087815,2.5
2024_02_11_21_49_48_618,0.8,-0.5234196,59180.0,59305.0,11.75784,0.2872601,0.1361559,6.276874,0.009692699,0.01978089,2.12,0.0145594,-0.00874358,-1.394327,2.855062,0.06064772,-0.000257045,2.5
2024_02_11_21_49_48_652,0.8,-0.5227901,59393.0,59482.0,11.83109,0.2870027,0.1360696,6.276853,0.009386264,6.255767,2.16,0.008953941,0.01851289,-1.414429,-2.50721,-0.7573366,0.1413561,2.5
2024_02_11_21_49_48_689,0.8,-0.5214701,59630.0,59745.0,11.90693,0.2841219,0.1363563,6.27665,0.010436,6.194052,1.98,0.01952057,0.02040314,-1.72701,-1.570821,0.5360544,-0.06511435,2.5
2024_02_11_21_49_48_724,0.8,-0.5196062,59836.0,59944.0,11.97421,0.2773087,0.1362794,6.27676,0.01013846,6.13995,2.05,0.01973832,-0.02443061,-1.449344,5.720853,0.6272495,-0.02200343,2.5
2024_02_11_21_49_48_760,0.8,-0.5171927,60064.0,60125.0,12.05122,0.264303,0.1360809,6.276831,0.009422147,6.088112,2.16,0.01289216,-0.0008293362,-1.382499,1.718283,-0.09024142,0.008730218,2.5
2024_02_11_21_49_48_794,0.8,-0.5152217,60274.0,60326.0,12.12011,0.24935,0.1362118,6.276656,0.009918567,6.039807,2.05,0.008791355,0.04778711,-1.6792,-6.016016,-0.7354915,0.01570582,2.5
2024_02_11_21_49_48_832,0.8,-0.5112988,60511.0,60583.0,12.19384,0.230295,0.136329,6.276692,0.01032872,5.976121,2.0,0.02015523,-0.001629199,-1.545367,2.447128,0.652194,-0.05488097,2.5
2024_02_11_21_49_48_868,0.8,-0.5072067,60737.0,60764.0,12.26677,0.2053564,0.1360937,6.276821,0.009466798,5.923481,2.15,0.01391598,-0.005409315,-1.3731,2.336979,-0.005245208,-0.01405179,2.5
2024_02_11_21_49_48_906,0.8,-0.5018933,60977.0,60971.0,12.34323,0.1743676,0.1360702,6.276769,0.009397804,5.871047,2.14,0.003003853,0.04755477,-1.464939,-7.921695,-1.892626,0.2303999,2.5
2024_02_11_21_49_48_943,0.8,-0.4972779,61212.0,61230.0,12.41256,0.143261,0.1362976,6.276688,0.01021838,5.810299,2.02,0.01922326,0.01183976,-1.598107,-0.1373291,0.5518794,-0.05863793,2.5
2024_02_11_21_49_48_981,0.8,-0.4906903,61445.0,61427.0,12.48212,0.1058327,0.1360978,6.276833,0.009481199,5.755578,2.15,0.01472895,-0.007900219,-1.357804,2.80118,0.1254678,-0.006645917,2.5
2024_02_11_21_49_49_018,0.8,-0.4851335,61678.0,61620.0,12.55102,0.06337991,0.1359992,6.27685,0.009127289,5.705917,2.21,0.01081444,0.009777897,-1.350003,-0.319004,-0.3147721,0.005163252,2.5
2024_02_11_21_49_49_051,0.8,-0.4789039,61897.0,61852.0,12.61117,0.02319682,0.1362329,6.276722,0.009985954,5.653881,2.06,0.01844808,0.0221693,-1.623808,-1.657009,0.6011128,-0.03910996,2.5
2024_02_11_21_49_49_089,0.8,-0.4706489,62126.0,62059.0,12.6728,-0.02323045,0.1361125,6.276868,0.009532753,5.599645,2.15,0.01612459,-0.01214938,-1.34234,3.395557,0.3128648,-0.008730218,2.5
2024_02_11_21_49_49_126,0.8,-0.4635679,62366.0,62255.0,12.73625,-0.07752717,0.1359767,6.276925,0.009042251,5.549888,2.24,0.012085,0.0004588314,-1.294732,1.419067,-0.1011491,-0.04053115,2.5
2024_02_11_21_49_49_160,0.8,-0.4559669,62579.0,62447.0,12.78997,-0.1279529,0.1360475,6.27685,0.009317522,5.506021,2.18,0.006589703,0.0464865,-1.460686,-6.150722,-0.8561611,0.1189355,2.5
2024_02_11_21_49_49_197,0.8,-0.446152,62822.0,62698.0,12.84677,-0.1852459,0.1361619,6.27691,0.009713754,5.449016,2.14,0.0184254,-0.0155718,-1.3639,4.858971,0.6700754,-0.1739524,2.5
2024_02_11_21_49_49_235,0.8,-0.4375139,63054.0,62886.0,12.90019,-0.2467691,0.1359815,6.277022,0.009058094,5.401567,2.25,0.01258331,-0.002665472,-1.245536,1.912355,0.001251697,0.008042902,2.5
2024_02_11_21_49_49_273,0.8,-0.4266952,63299.0,63094.0,12.95346,-0.31472,0.1359299,6.277045,0.008873541,5.354379,2.29,0.01138321,0.007061475,-1.244166,0.3275871,-0.06300211,-0.01756288,2.5
2024_02_11_21_49_49_310,0.8,-0.4172593,63542.0,63331.0,13.00195,-0.382013,0.1361139,6.276999,0.009552435,5.30489,2.17,0.01644007,0.02369792,-1.447677,-1.927376,0.6214976,-0.0398606,2.5
2024_02_11_21_49_49_344,0.8,-0.4076028,63751.0,63518.0,13.04159,-0.4426464,0.1360281,6.277143,0.009225486,5.261468,2.25,0.01447829,-0.008345947,-1.214494,2.706289,0.2869368,0.00500679,2.5
2024_02_11_21_49_49_377,0.8,-0.3974645,63969.0,63701.0,13.08075,-0.5095807,0.1359281,6.277217,0.008864006,5.221371,2.31,0.01170219,0.0003608007,-1.16121,1.349211,0.005543231,-0.01898035,2.5
2024_02_11_21_49_49_414,0.8,-0.3846312,64211.0,63908.0,13.12093,-0.5855521,0.1359117,6.277255,0.008807332,5.178414,2.33,0.01137307,0.00947006,-1.164669,-0.1227856,0.04100799,-0.02851337,2.5
2024_02_11_21_49_49_452,0.8,-0.3735422,64459.0,64126.0,13.15879,-0.6651582,0.135945,6.277325,0.008927511,5.134185,2.32,0.01341194,0.003735128,-1.146968,0.967741,0.3107786,-0.02973154,2.5
2024_02_11_21_49_49_489,0.8,-0.3595865,64701.0,64333.0,13.19256,-0.7449243,0.1359042,6.277425,0.008778736,5.092823,2.36,0.01169018,0.005888093,-1.101957,0.3306865,0.1270175,-0.0122115,2.5
2024_02_11_21_49_49_526,0.8,-0.3481084,64951.0,64550.0,13.22404,-0.8287689,0.1359141,6.277509,0.008814475,5.051322,2.36,0.01196599,0.006258579,-1.078434,0.2350807,0.159502,0.08088908,2.5
2024_02_11_21_49_49_565,0.8,-0.3331795,65195.0,64761.0,13.25148,-0.9119033,0.1359095,6.277613,0.008797332,5.012146,2.37,0.01212229,0.00548622,-1.040439,0.3166198,0.2349317,-0.01129135,2.5
2024_02_11_21_49_49_601,0.8,-0.3208796,65445.0,64979.0,13.27644,-0.9987411,0.1359088,6.277724,0.008794632,4.973314,2.38,0.01175713,0.005431788,-1.00351,0.2441406,0.1852214,0.007890165,2.5
2024_02_11_21_49_49_639,0.8,-0.3052919,65689.0,65193.0,13.29765,-1.084515,0.1359068,6.277843,0.008786755,4.93693,2.39,0.01187845,0.005001002,-0.963662,0.248909,0.2478361,0.0155922,2.5
2024_02_11_21_49_49_676,0.8,-0.2924294,65939.0,65413.0,13.3163,-1.173709,0.1359048,6.277974,0.008778993,4.901103,2.4,0.01138286,0.004571933,-0.9225708,0.2653599,0.201717,-0.02332032,2.5
2024_02_11_21_49_49_710,0.8,-0.2790081,66157.0,65605.0,13.33001,-1.251955,0.1359024,6.278096,0.008770002,4.871308,2.41,0.01140066,0.004223137,-0.8844604,0.2472401,0.2173781,-0.004293397,2.5
2024_02_11_21_49_49_747,0.8,-0.2622145,66407.0,65828.0,13.34302,-1.342839,0.1358998,6.278246,0.008760205,4.838579,2.42,0.01157123,0.003843966,-0.8387738,0.2503395,0.2804995,5.7742e-05,2.5
2024_02_11_21_49_49_785,0.8,-0.2485601,66651.0,66046.0,13.35294,-1.432013,0.1358972,6.278399,0.008750014,4.808384,2.43,0.01112214,0.003540022,-0.7943745,0.2145767,0.2346635,-0.008692965,2.5
2024_02_11_21_49_49_822,0.8,-0.2311653,66894.0,66265.0,13.36027,-1.521751,0.1358939,6.278564,0.008738061,4.779891,2.44,0.01126249,0.003076421,-0.7467359,0.2465248,0.3213137,-0.01955964,2.5
2024_02_11_21_49_49_860,0.8,-0.2169281,67144.0,66491.0,13.36522,-1.614403,0.1358907,6.278741,0.00872621,4.752462,2.45,0.0106184,0.002854154,-0.6980401,0.1966953,0.2324134,0.03752299,2.5
2024_02_11_21_49_49_897,0.8,-0.1991479,67388.0,66713.0,13.36771,-1.704999,0.135888,6.278921,0.008715217,4.727564,2.45,0.01083552,0.002433791,-0.6488263,0.20051,0.3274679,0.01069717,2.5
2024_02_11_21_49_49_931,0.8,-0.1845654,67611.0,66917.0,13.36807,-1.788515,0.1358853,6.279095,0.008705176,4.706292,2.46,0.01053733,0.002134507,-0.6029159,0.1895428,0.3193468,-0.000771135,2.5
2024_02_11_21_49_49_968,0.8,-0.1693788,67854.0,67141.0,13.36653,-1.879636,0.1358823,6.279292,0.008693803,4.684944,2.47,0.01008246,0.001857262,-0.5521432,0.166893,0.267297,-0.008901581,2.5
2024_02_11_21_49_50_005,0.8,-0.1506717,68102.0,67372.0,13.363,-1.973412,0.1358798,6.279501,0.008683932,4.665001,2.47,0.01017899,0.001573431,-0.4984757,0.1847744,0.3455281,-0.004852191,2.5
2024_02_11_21_49_50_043,0.8,-0.1358186,68344.0,67599.0,13.35786,-2.064855,0.1358779,6.279712,0.00867684,4.647538,2.48,0.009505983,0.001401546,-0.4469746,0.0925064,0.2682507,-0.005535781,2.5
2024_02_11_21_49_50_076,0.8,-0.1204521,68566.0,67808.0,13.3518,-2.148967,0.1358763,6.279913,0.008670649,4.633201,2.48,0.009173774,0.001130381,-0.398169,0.1173019,0.2591312,-0.01300312,2.5
2024_02_11_21_49_50_110,0.8,-0.1053567,68781.0,68011.0,13.34482,-2.230663,0.1358751,6.280112,0.008666363,4.62088,2.49,0.008847912,0.001038729,-0.3509735,0.09965896,0.2627969,0.05583278,2.5
2024_02_11_21_49_50_143,0.8,-0.08987067,68995.0,68216.0,13.33688,-2.312391,0.1358746,6.280317,0.00866368,4.610131,2.49,0.00867211,0.0007913489,-0.302754,0.1051426,0.2655983,0.02476387,2.5
2024_02_11_21_49_50_181,0.8,-0.07015016,69242.0,68452.0,13.32674,-2.406528,0.1358741,6.280557,0.008662083,4.599704,2.49,0.008668344,0.0006335258,-0.2472318,0.04673004,0.3503561,0.02873502,2.5
2024_02_11_21_49_50_218,0.8,-0.05517884,69481.0,68684.0,13.316,-2.498205,0.1358745,6.280794,0.008663004,4.591551,2.5,0.008008262,0.0004676454,-0.1950104,0.07820129,0.2664626,-0.02514943,2.5
2024_02_11_21_49_50_256,0.8,-0.03496019,69726.0,68923.0,13.30429,-2.592382,0.1358747,6.281044,0.008663474,4.585227,2.5,0.007993221,0.0003931748,-0.1393359,0.06055832,0.346601,-0.0288412,2.5
2024_02_11_21_49_50_293,0.8,-0.01952276,69964.0,69156.0,13.29239,-2.684098,0.1358755,6.281288,0.008666174,4.581065,2.5,0.007244918,0.0002723541,-0.08725781,0.05936622,0.2719462,0.05077943,2.5
2024_02_11_21_49_50_330,0.8,0.0001646754,70208.0,69397.0,13.27988,-2.778311,0.1358776,6.281543,0.00867379,4.57881,2.5,0.007098576,0.0003212179,-0.03282788,0.01788139,0.34222,-0.002494082,2.5
2024_02_11_21_49_50_364,0.8,0.01575079,70419.0,69607.0,13.26891,-2.860122,0.1358812,6.281767,0.008686583,4.578517,2.5,0.006844659,0.0004259945,0.01437485,0.01192093,0.3486871,0.005288049,2.5
2024_02_11_21_49_50_402,0.8,0.03178692,70661.0,69850.0,13.25635,-2.954296,0.1358862,6.282029,0.008704958,4.580122,2.5,0.006131298,0.000460776,0.06906188,-0.02336502,0.2695024,-0.04470907,2.5
2024_02_11_21_49_50_439,0.8,0.05109346,70896.0,70086.0,13.24437,-3.045968,0.1358914,6.282287,0.008723385,4.583719,2.5,0.006075601,0.0003548081,0.1236307,-0.05698204,0.3650486,0.0544209,2.5
2024_02_11_21_49_50_476,0.8,0.0665807,71136.0,70330.0,13.23253,-3.140096,0.1358968,6.282553,0.008743003,4.589479,2.5,0.005214276,0.0004331694,0.1781234,-0.05197525,0.271827,0.0006053597,2.5
2024_02_11_21_49_50_510,0.8,0.08192448,71344.0,70543.0,13.22277,-3.221825,0.1359021,6.282788,0.008762661,4.596204,2.49,0.004941724,0.0004884069,0.2268624,-0.07104874,0.2683103,-0.006832182,2.5
2024_02_11_21_49_50_547,0.8,0.1016513,71576.0,70782.0,13.21257,-3.313443,0.1359084,6.283054,0.008785944,4.605654,2.49,0.004987041,0.0007705526,0.2827973,-0.1087189,0.3651976,-0.02994761,2.5
2024_02_11_21_49_50_585,0.8,0.1168844,71814.0,71028.0,13.20313,-3.407498,0.135916,0.0001422128,0.008813384,4.617474,2.49,0.003992484,0.0007529826,0.3377577,-0.1103878,0.2684891,-0.03794394,2.5
2024_02_11_21_49_50_623,0.8,0.1357309,72044.0,71268.0,13.19512,-3.499026,0.1359236,0.0004095942,0.008840947,4.631017,2.48,0.003947933,0.0009038027,0.3925523,-0.1688003,0.354737,0.00359118,2.5
2024_02_11_21_49_50_660,0.8,0.1514106,72279.0,71515.0,13.18829,-3.592957,0.1359321,0.0006833671,0.008872511,4.646988,2.48,0.003126551,0.00124408,0.4471036,-0.1859665,0.2865791,0.0572782,2.5
2024_02_11_21_49_50_693,0.8,0.1659387,72482.0,71731.0,13.18366,-3.674433,0.1359405,0.0009203884,0.008902889,4.662549,2.47,0.002538841,0.001399387,0.4940765,-0.182867,0.2702028,0.01510791,2.5
2024_02_11_21_49_50_731,0.8,0.1846042,72715.0,71979.0,13.18,-3.768106,0.1359507,0.001193096,0.008940362,4.68239,2.46,0.0024639,0.001752225,0.548385,-0.2160072,0.3503859,0.02270005,2.5
2024_02_11_21_49_50_768,0.8,0.1990782,72941.0,72221.0,13.17832,-3.859108,0.1359609,0.001455684,0.008977868,4.70365,2.46,0.001554172,0.001896781,0.5991759,-0.2026558,0.2641976,0.02233684,2.5
2024_02_11_21_49_50_806,0.8,0.2168659,73172.0,72470.0,13.17871,-3.952301,0.1359725,0.001723065,0.009020602,4.727446,2.45,0.001189205,0.002194397,0.6513952,-0.2186298,0.3232509,0.03729202,2.5
2024_02_11_21_49_50_839,0.8,0.2315314,73371.0,72686.0,13.1809,-4.032946,0.1359832,0.00195263,0.009059625,4.749695,2.44,0.0008755587,0.002660423,0.696103,-0.2543926,0.3321916,0.02213195,2.5
2024_02_11_21_49_50_872,0.8,0.2451637,73570.0,72903.0,13.18493,-4.113266,0.1359935,0.002178466,0.009097281,4.773399,2.43,0.0002536094,0.002781412,0.7391149,-0.2739429,0.3214776,0.04445575,2.5
2024_02_11_21_49_50_909,0.8,0.2591691,73797.0,73152.0,13.19198,-4.205276,0.1360067,0.002433597,0.00914635,4.802423,2.42,-0.0006512292,0.003160339,0.7871336,-0.246048,0.2340972,0.01086853,2.5
2024_02_11_21_49_50_947,0.8,0.2759848,74018.0,73395.0,13.20145,-4.294267,0.13602,0.002678075,0.009194734,4.832436,2.41,-0.0009009447,0.003774635,0.8339787,-0.330925,0.2845526,-0.0548698,2.5
2024_02_11_21_49_50_984,0.8,0.2891696,74243.0,73645.0,13.21397,-4.384914,0.136034,0.002921488,0.009246266,4.865006,2.4,-0.002106382,0.003797313,0.8786305,-0.2510548,0.2000928,-0.03147312,2.5
2024_02_11_21_49_51_022,0.8,0.3050153,74461.0,73888.0,13.229,-4.472347,0.1360471,0.003152117,0.009294773,4.898342,2.39,-0.002320943,0.004413826,0.9217348,-0.3232956,0.2605915,-0.02441741,2.5
2024_02_11_21_49_51_055,0.8,0.3180172,74661.0,74112.0,13.24534,-4.551845,0.1360607,0.003358246,0.009344844,4.930336,2.38,-0.002900039,0.004761195,0.9599367,-0.3285408,0.2512336,-0.02822466,2.5
2024_02_11_21_49_51_093,0.8,0.3303551,74877.0,74354.0,13.26596,-4.637278,0.1360763,0.003576093,0.009401697,4.966622,2.37,-0.003766514,0.00511025,0.9999119,-0.3619194,0.205636,0.05565956,2.5
2024_02_11_21_49_51_126,0.8,0.3420398,75070.0,74571.0,13.28689,-4.712404,0.1360903,0.003761981,0.009453711,5.000211,2.36,-0.004441121,0.00556665,1.03414,-0.3926754,0.1893639,0.006256625,2.5
2024_02_11_21_49_51_159,0.8,0.3542174,75267.0,74794.0,13.31099,-4.788604,0.1361073,0.003948935,0.009516346,5.035997,2.34,-0.004879685,0.006472985,1.069805,-0.4923343,0.1882911,0.02186745,2.5
2024_02_11_21_49_51_198,0.8,0.3682826,75486.0,75036.0,13.34001,-4.869709,0.1361616,0.004163586,0.009719566,5.076595,2.3,-0.003539586,0.02049361,1.147588,-3.177881,0.5264878,0.007286667,2.5
2024_02_11_21_49_51_231,0.8,0.3793626,75705.0,75257.0,13.36813,-4.940844,0.136274,0.004333496,0.01012439,5.118087,2.23,-0.009684493,0.002596795,1.20943,0.5297661,-0.2399683,-0.03875419,2.5
2024_02_11_21_49_51_268,0.8,0.3902408,75907.0,75493.0,13.40278,-5.01744,0.1361388,0.004441088,0.009627698,5.160208,2.31,-0.006106323,-0.003163854,1.120644,1.194239,0.2542734,0.03052875,2.5
2024_02_11_21_49_51_306,0.8,0.4025755,76130.0,75740.0,13.44242,-5.09554,0.1361792,0.004697283,0.009790409,5.204319,2.26,-0.002046933,0.03668983,1.28526,-5.537509,0.8563399,0.02068654,2.5
2024_02_11_21_49_51_343,0.8,0.412675,76379.0,75980.0,13.48152,-5.166633,0.1363217,0.004853877,0.01029871,5.255038,2.18,-0.01219708,-0.0002747735,1.304953,1.257181,-0.3640055,-0.1348667,2.5
2024_02_11_21_49_51_381,0.8,0.4244556,76581.0,76220.0,13.52675,-5.238248,0.136158,0.004930576,0.009699059,5.301371,2.27,-0.007579162,-0.003404424,1.195627,1.292229,0.2912283,0.006310641,2.5
2024_02_11_21_49_51_418,0.8,0.4333528,76802.0,76460.0,13.57467,-5.306786,0.1362373,0.005187305,0.01000542,5.347776,2.19,-0.004849374,0.04087793,1.429166,-5.809783,0.6783008,-0.01561828,2.5
2024_02_11_21_49_51_451,0.8,0.4420341,77028.0,76672.0,13.61692,-5.363338,0.13637,0.005294364,0.01047856,5.396598,2.12,-0.01366921,0.007527408,1.418478,-0.1897812,-0.2980828,0.002913177,2.5
2024_02_11_21_49_51_489,0.8,0.4522237,77231.0,76910.0,13.67015,-5.425972,0.1362031,0.0053178,0.009863872,5.446295,2.21,-0.009677937,-0.005530376,1.259929,1.710176,0.2236366,0.04320778,2.5
2024_02_11_21_49_51_526,0.8,0.4598418,77436.0,77146.0,13.72692,-5.486007,0.1361685,0.005472796,0.009750624,5.493446,2.21,-0.002538372,0.03481399,1.344285,-6.332397,1.487672,0.1862775,2.5
2024_02_11_21_49_51_564,0.8,0.4690666,77703.0,77391.0,13.78419,-5.542554,0.1363998,0.005672533,0.0105903,5.552024,2.07,-0.01534905,0.01392452,1.538156,-1.17135,-0.3151893,-0.02595782,2.5
2024_02_11_21_49_51_601,0.8,0.4758283,77908.0,77619.0,13.84263,-5.593196,0.1362696,0.00564963,0.01010353,5.604423,2.15,-0.01362298,-0.01413396,1.322304,3.219366,-0.1274347,-0.03625453,2.5
2024_02_11_21_49_51_634,0.8,0.4819972,78086.0,77833.0,13.90148,-5.638594,0.1361536,0.005714078,0.0096875,5.649025,2.21,-0.009124091,0.005279809,1.322796,0.0257492,0.4088282,0.0411421,2.5
2024_02_11_21_49_51_668,0.8,0.4880475,78312.0,78045.0,13.95855,-5.679565,0.1363785,0.005958557,0.01051868,5.699051,2.05,-0.01623533,0.02745669,1.666131,-2.820968,-0.4273057,-0.01106784,2.5
2024_02_11_21_49_51_705,0.8,0.4947295,78550.0,78280.0,14.02349,-5.721369,0.1363782,0.005939914,0.01050184,5.758344,2.06,-0.01761755,-0.01663227,1.425327,4.529953,-0.4824996,-0.04577636,2.5
2024_02_11_21_49_51_739,0.8,0.4996822,78713.0,78483.0,14.08477,-5.755228,0.1361809,0.00591275,0.009784459,5.803367,2.17,-0.01196864,-0.005131617,1.343074,1.997709,0.1494288,0.01816824,2.5
2024_02_11_21_49_51_777,0.8,0.5040746,78936.0,78719.0,14.15623,-5.790502,0.1362924,0.006143913,0.01021085,5.85603,2.07,-0.00797538,0.04566733,1.650868,-5.979776,0.739336,0.01532398,2.5
2024_02_11_21_49_51_810,0.8,0.5081369,79172.0,78933.0,14.21877,-5.818626,0.1364269,0.006183327,0.01068888,5.913015,1.99,-0.01809327,0.01002754,1.596865,-0.2098083,-0.3908276,-0.0299029,2.5
2024_02_11_21_49_51_847,0.8,0.51252,79365.0,79157.0,14.28978,-5.844573,0.1362305,0.006093313,0.009963203,5.967108,2.12,-0.01461711,-0.01211487,1.380472,3.162861,-0.09432434,0.03926828,2.5
2024_02_11_21_49_51_881,0.8,0.515469,79541.0,79369.0,14.35983,-5.865735,0.1361257,0.006128466,0.009589162,6.013757,2.17,-0.009276051,0.01342759,1.392773,-1.524925,0.6138682,0.04871562,2.5
2024_02_11_21_49_51_914,0.8,0.5180666,79774.0,79581.0,14.42573,-5.883313,0.1363859,0.006359096,0.0105459,6.067543,2.0,-0.01855762,0.0250716,1.739419,-2.265215,-0.4966557,-0.1051072,2.5
2024_02_11_21_49_51_951,0.8,0.5201074,80003.0,79807.0,14.49758,-5.89817,0.136364,0.006289854,0.01044959,6.12744,2.02,-0.01971018,-0.02046096,1.473204,5.414247,-0.6043613,-0.07138029,2.5
2024_02_11_21_49_51_984,0.8,0.5216758,80167.0,80014.0,14.56803,-5.907688,0.1361465,0.006220612,0.009659501,6.175303,2.14,-0.01326281,-0.005264618,1.381891,2.274036,0.06043911,0.03563054,2.5
2024_02_11_21_49_52_022,0.8,0.5229808,80382.0,80248.0,14.64704,-5.914404,0.1362247,0.006408098,0.009966315,6.228431,2.07,-0.004892861,0.05086649,1.651508,-6.572484,1.243681,-0.01720898,2.5
2024_02_11_21_49_52_059,0.8,0.5235067,80648.0,80487.0,14.72282,-5.917957,0.1364036,0.006450709,0.01060493,0.01068567,1.97,-0.01934253,0.01125659,1.639448,-0.2057552,-0.4547536,-0.1084488,2.5
2024_02_11_21_49_52_093,0.8,0.523561,80821.0,80686.0,14.78919,-5.916164,0.1362219,0.006327671,0.0099307,0.0603435,2.09,-0.01673114,-0.01562822,1.412617,3.856182,-0.2637208,0.0426881,2.5
2024_02_11_21_49_52_130,0.8,0.5229778,81014.0,80922.0,14.8699,-5.909217,0.1360886,0.006322877,0.009453439,0.1133239,2.16,-0.01089586,0.009675279,1.403344,-0.544548,0.4380941,0.08883885,2.5
2024_02_11_21_49_52_168,0.8,0.5219356,81273.0,81157.0,14.94533,-5.899731,0.1363587,0.00652794,0.01044494,0.1739848,1.98,-0.01950726,0.02138086,1.733824,-1.642704,-0.5422831,-0.06772391,2.5
2024_02_11_21_49_52_206,0.8,0.5200636,81491.0,81388.0,15.01976,-5.885416,0.136243,0.006397978,0.01000652,0.233972,2.06,-0.01848811,-0.02036413,1.433009,4.54402,-0.4521012,0.08311494,2.5
2024_02_11_21_49_52_243,0.8,0.5179529,81674.0,81616.0,15.09566,-5.865355,0.1360706,0.006350041,0.009385142,0.2856283,2.16,-0.01249788,0.001032845,1.384098,1.297474,0.1527667,-0.03351271,2.5
2024_02_11_21_49_52_280,0.8,0.5147025,81923.0,81859.0,15.17203,-5.841467,0.136291,0.006554572,0.01020337,0.3442072,2.01,-0.01781874,0.03393704,1.746096,-3.38912,-0.4745125,-0.1003425,2.5
2024_02_11_21_49_52_318,0.8,0.5116293,82153.0,82086.0,15.24137,-5.815698,0.1362744,0.006447513,0.01012129,0.4042748,2.05,-0.02002636,-0.02384288,1.45782,6.099224,-0.6785988,-0.1502503,2.5
2024_02_11_21_49_52_355,0.8,0.5070584,82333.0,82314.0,15.31261,-5.783201,0.1360604,0.006356433,0.009346429,0.4558266,2.17,-0.01313062,-0.002684919,1.366589,1.895904,0.09709596,0.04456192,2.5
2024_02_11_21_49_52_389,0.8,0.5029418,82528.0,82530.0,15.37817,-5.749279,0.1361199,0.006473612,0.00958351,0.5035521,2.11,-0.004321793,0.05061968,1.567324,-6.67572,1.315772,0.04745088,2.5
2024_02_11_21_49_52_421,0.8,0.4983832,82760.0,82740.0,15.43704,-5.716457,0.1363013,0.006503972,0.01023214,0.5585427,2.02,-0.01935882,0.01201396,1.60338,-0.1757145,-0.5668402,-0.03167987,2.5
2024_02_11_21_49_52_460,0.8,0.493429,82957.0,82972.0,15.50305,-5.67328,0.1360992,0.0063559,0.009485805,0.6134282,2.15,-0.01484465,-0.008726662,1.358695,2.911329,-0.1317263,0.004315749,2.5
2024_02_11_21_49_52_497,0.8,0.4863853,83149.0,83206.0,15.56807,-5.625053,0.1359912,0.006334595,0.009097024,0.6630898,2.22,-0.01148142,0.0056561,1.342852,0.5874634,0.1968741,0.004637986,2.5
2024_02_11_21_49_52_535,0.8,0.4805047,83405.0,83451.0,15.63131,-5.574077,0.1362343,0.006474677,0.009992003,0.7209161,2.06,-0.01851602,0.02234123,1.632725,-1.758575,-0.6073117,-0.00122562,2.5
2024_02_11_21_49_52_568,0.8,0.4738658,83593.0,83655.0,15.68224,-5.528209,0.1361404,0.006342052,0.009633652,0.7700093,2.14,-0.01692431,-0.015141,1.360592,3.699541,-0.3554821,0.1373049,2.5
2024_02_11_21_49_52_605,0.8,0.465261,83782.0,83888.0,15.73899,-5.470559,0.1359936,0.006276538,0.009104153,0.8188251,2.23,-0.0125757,-0.0002350546,1.30102,1.571178,0.05036592,-0.02817623,2.5
2024_02_11_21_49_52_643,0.8,0.4577885,83994.0,84132.0,15.79559,-5.406908,0.1359954,0.006307963,0.009123917,0.868614,2.21,-0.004959777,0.04273414,1.38209,-6.979703,1.36745,0.2926588,2.5
2024_02_11_21_49_52_676,0.8,0.4499839,84222.0,84346.0,15.84071,-5.352695,0.1361966,0.006335128,0.009848768,0.9188923,2.11,-0.01817525,0.01038663,1.48009,0.1294613,-0.636816,-0.05587376,2.5
2024_02_11_21_49_52_713,0.8,0.4397944,84421.0,84584.0,15.88936,-5.286165,0.1360189,0.006190784,0.009193948,0.9694594,2.23,-0.01354233,-0.005002123,1.260932,2.223969,-0.1034141,-0.03561378,2.5
2024_02_11_21_49_52_747,0.8,0.4309723,84598.0,84795.0,15.93019,-5.223907,0.1359433,0.006155098,0.008920998,1.01059,2.28,-0.01158292,0.00386077,1.242061,0.9095668,0.04786253,-0.04711747,2.5
2024_02_11_21_49_52_785,0.8,0.4217977,84826.0,85043.0,15.9743,-5.150024,0.1360587,0.006206763,0.009356502,1.059452,2.2,-0.01058569,0.04130607,1.429266,-5.187988,0.2126694,0.04204362,2.5
2024_02_11_21_49_52_818,0.8,0.4122287,85031.0,85254.0,16.00881,-5.086968,0.1360797,0.006093845,0.009411986,1.105105,2.21,-0.01665672,-0.01483873,1.255552,3.590107,-0.5146861,-0.01125224,2.5
2024_02_11_21_49_52_856,0.8,0.3996928,85227.0,85490.0,16.04479,-5.01146,0.135945,0.005993178,0.008925496,1.149496,2.3,-0.01223684,-0.0009814622,1.169753,1.591921,-0.07253885,-0.02768449,2.5
2024_02_11_21_49_52_893,0.8,0.3897729,85438.0,85737.0,16.07893,-4.930287,0.1359098,0.005950567,0.008800523,1.193736,2.33,-0.01095925,0.008796096,1.167436,-0.05936622,0.0628829,0.03457628,2.5
2024_02_11_21_49_52_930,0.8,0.3763602,85661.0,85980.0,16.10871,-4.850427,0.1360239,0.005931392,0.009224162,1.237976,2.26,-0.01268882,0.0277436,1.261029,-3.190517,-0.1975596,0.04827231,2.5
2024_02_11_21_49_52_968,0.8,0.3650007,85881.0,86225.0,16.13534,-4.768789,0.1359783,0.005771603,0.009043922,1.283357,2.31,-0.01342654,-0.006459886,1.105018,2.191305,-0.2436638,-0.01336075,2.5
2024_02_11_21_49_53_001,0.8,0.3538677,86064.0,86439.0,16.15585,-4.694581,0.1359048,0.00569011,0.008778895,1.31891,2.35,-0.01098026,0.002208097,1.063006,0.8833408,-0.01442432,-0.005414709,2.5
2024_02_11_21_49_53_035,0.8,0.3422047,86258.0,86662.0,16.17439,-4.616442,0.1358969,0.005624064,0.008751732,1.354899,2.37,-0.01126652,0.006593203,1.053492,0.1718998,-0.0950694,0.01588836,2.5
2024_02_11_21_49_53_071,0.8,0.3269846,86470.0,86905.0,16.19147,-4.530388,0.1358981,0.005522331,0.008755879,1.393353,2.38,-0.01195199,0.005389162,1.022822,0.3230571,-0.226438,0.05810335,2.5
2024_02_11_21_49_53_109,0.8,0.3142869,86688.0,87156.0,16.20571,-4.440979,0.1358967,0.005405684,0.008750562,1.431495,2.39,-0.01167749,0.005267431,0.9850269,0.2593994,-0.198096,-0.01132302,2.5
2024_02_11_21_49_53_147,0.8,0.2982756,86902.0,87399.0,16.21639,-4.353091,0.1358959,0.005283179,0.008747048,1.467192,2.4,-0.01193959,0.004877434,0.9449956,0.2944469,-0.2864599,-0.01462176,2.5
2024_02_11_21_49_53_180,0.8,0.2854354,87094.0,87617.0,16.22335,-4.274131,0.1358953,0.005165467,0.008744124,1.497764,2.41,-0.01171565,0.00444111,0.9080703,0.2925396,-0.2847314,0.008005649,2.5
2024_02_11_21_49_53_214,0.8,0.2724612,87293.0,87841.0,16.22806,-4.19231,0.1358939,0.005037636,0.008739229,1.527961,2.42,-0.01159653,0.004217182,0.8689315,0.2586842,-0.2699941,0.03495812,2.5
2024_02_11_21_49_53_251,0.8,0.2585555,87510.0,88085.0,16.23046,-4.102832,0.1358919,0.004889031,0.008731483,1.559283,2.42,-0.01115016,0.003834172,0.8247655,0.2336502,-0.2297908,0.02673268,2.5
2024_02_11_21_49_53_285,0.8,0.2449306,87711.0,88309.0,16.23025,-4.020287,0.1358893,0.004744688,0.008721504,1.586582,2.43,-0.01091823,0.003554133,0.7826908,0.2064705,-0.2238005,-0.02729706,2.5
2024_02_11_21_49_53_322,0.8,0.227231,87930.0,88552.0,16.22753,-3.9302,0.1358877,0.004579572,0.008715273,1.614652,2.44,-0.01130296,0.003146492,0.7353196,0.2610683,-0.3309846,-0.0383798,2.5
2024_02_11_21_49_53_360,0.8,0.2133277,88157.0,88802.0,16.22218,-3.837492,0.1358852,0.004400607,0.008705063,1.641642,2.45,-0.0105528,0.002826844,0.6864824,0.1926422,-0.2307296,0.006336718,2.5
2024_02_11_21_49_53_397,0.8,0.1953666,88378.0,89046.0,16.21464,-3.747108,0.1358832,0.004217914,0.008697942,1.666104,2.45,-0.01073366,0.002561562,0.6367804,0.1590252,-0.32112,0.003481284,2.5
2024_02_11_21_49_53_430,0.8,0.1805871,88577.0,89262.0,16.2061,-3.666445,0.1358806,0.004046407,0.008688224,1.686355,2.46,-0.01053763,0.002063566,0.591,0.1945495,-0.3296137,-0.02759509,2.5
2024_02_11_21_49_53_464,0.8,0.1652017,88783.0,89485.0,16.19563,-3.58332,0.1358786,0.003865845,0.008680617,1.705657,2.47,-0.01050775,0.001876607,0.5445591,0.1766682,-0.349611,0.02242997,2.5
2024_02_11_21_49_53_501,0.8,0.1506817,89008.0,89727.0,16.18247,-3.492875,0.1358764,0.003661314,0.008671854,1.724835,2.47,-0.009781788,0.001681718,0.4934479,0.1475811,-0.2688169,-0.02437644,2.5
2024_02_11_21_49_53_539,0.8,0.1319005,89241.0,89976.0,16.1672,-3.400027,0.1358746,0.003442402,0.008664484,1.742523,2.48,-0.009789519,0.001356366,0.4389719,0.1490116,-0.3398657,-0.02023205,2.5
2024_02_11_21_49_53_576,0.8,0.1165042,89468.0,90217.0,16.15082,-3.309691,0.1358735,0.00322349,0.008660447,1.757772,2.48,-0.009177115,0.001150588,0.3865745,0.08368491,-0.2705455,0.005941838,2.5
2024_02_11_21_49_53_614,0.8,0.09745376,89703.0,90464.0,16.13263,-3.216997,0.1358727,0.00299073,0.008657204,1.771373,2.49,-0.009206681,0.0008496104,0.330391,0.1485348,-0.3225803,-0.01326762,2.5
2024_02_11_21_49_53_651,0.8,0.08159307,89933.0,90705.0,16.11378,-3.126822,0.1358725,0.002759567,0.008655816,1.7826,2.49,-0.008507838,0.0006194059,0.2775357,0.1199245,-0.2732277,0.0400301,2.5
2024_02_11_21_49_53_689,0.8,0.06204052,90170.0,90951.0,16.09345,-3.034294,0.1358727,0.00251722,0.008656975,1.792072,2.49,-0.00866622,0.0005898437,0.2219755,0.06890297,-0.3458857,-0.03263168,2.5
2024_02_11_21_49_53_726,0.8,0.04656415,90402.0,91190.0,16.07288,-2.944268,0.1358731,0.002277003,0.008658011,1.799285,2.5,-0.007863207,0.0004843655,0.169344,0.09298324,-0.2763271,-0.05205161,2.5
2024_02_11_21_49_53_759,0.8,0.03113854,90610.0,91402.0,16.05404,-2.864006,0.1358734,0.002060222,0.008658862,1.804061,2.5,-0.007560647,0.0003962858,0.1220967,0.06961823,-0.2699494,-0.06330386,2.5
2024_02_11_21_49_53_797,0.8,0.01160274,90850.0,91646.0,16.03195,-2.771606,0.1358751,0.001808286,0.00866491,1.80764,2.5,-0.007370939,0.0003111848,0.06798093,0.05698204,-0.3347993,0.001730397,2.5
2024_02_11_21_49_53_835,0.8,-0.006884114,91085.0,91884.0,16.0102,-2.681659,0.1358779,0.001561145,0.008674788,1.809174,2.5,-0.007268535,0.0003235765,0.01586875,-0.010252,-0.3974437,0.02058595,2.5
2024_02_11_21_49_53_868,0.8,-0.02172405,91301.0,92101.0,15.99018,-2.599018,0.1358819,0.001327319,0.008689259,1.808854,2.5,-0.006682815,0.0005069576,-0.03348627,-0.06604195,-0.3415942,-0.002687797,2.5
2024_02_11_21_49_53_905,0.8,-0.0377318,91538.0,92336.0,15.96851,-2.509101,0.1358871,0.001071656,0.008707972,1.806603,2.5,-0.006038107,0.0004422173,-0.08697452,-0.01263618,-0.279367,-0.05609355,2.5
2024_02_11_21_49_53_939,0.8,-0.0530584,91756.0,92552.0,15.94888,-2.426468,0.1358915,0.0008335694,0.008723775,1.802765,2.5,-0.005494804,0.0002849835,-0.1366361,-0.02789497,-0.2585649,0.02756528,2.5
2024_02_11_21_49_53_976,0.8,-0.07243362,91993.0,92786.0,15.92797,-2.3365,0.135897,0.000572047,0.00874438,1.796668,2.49,-0.005633056,0.0005754268,-0.1914271,-0.1227856,-0.356555,0.05064718,2.5
2024_02_11_21_49_54_009,0.8,-0.08810126,92206.0,92993.0,15.90988,-2.256218,0.1359024,0.0003366235,0.008763643,1.789532,2.49,-0.005207412,0.0005390224,-0.2401574,-0.1101494,-0.364244,-0.01496076,2.5
2024_02_11_21_49_54_046,0.8,-0.1037632,92452.0,93231.0,15.88988,-2.163706,0.1359094,-0.00365488,0.008789443,1.779319,2.49,-0.004406536,0.0007466264,-0.2959691,-0.1366138,-0.2663136,-0.06466359,2.5
2024_02_11_21_49_54_080,0.8,-0.1189756,92665.0,93437.0,15.87338,-2.083312,0.1359161,6.283011,0.008813981,1.768717,2.48,-0.003903852,0.0008703843,-0.3443143,-0.09870528,-0.2643168,-0.06830506,2.5
2024_02_11_21_49_54_117,0.8,-0.1380685,92912.0,93674.0,15.85556,-1.990669,0.1359242,6.282737,0.008843193,1.754541,2.48,-0.003885001,0.001066597,-0.4002461,-0.177145,-0.3542006,0.01533329,2.5
2024_02_11_21_49_54_155,0.8,-0.1532678,93153.0,93902.0,15.8396,-1.9004,0.1359331,6.28247,0.008875968,1.738722,2.47,-0.003037062,0.001300572,-0.4534028,-0.1544952,-0.2753437,0.004215166,2.5
2024_02_11_21_49_54_193,0.8,-0.1719296,93401.0,94136.0,15.82484,-1.807642,0.1359423,6.282197,0.00890983,1.720436,2.47,-0.002835972,0.001504533,-0.5078416,-0.1707077,-0.3520548,0.02651848,2.5
2024_02_11_21_49_54_231,0.8,-0.1867686,93643.0,94363.0,15.81221,-1.717302,0.1359527,6.281932,0.008947804,1.70066,2.46,-0.001991068,0.001761129,-0.5599486,-0.1749992,-0.2609938,-0.04233792,2.5
2024_02_11_21_49_54_267,0.8,-0.2046721,93891.0,94595.0,15.80124,-1.624545,0.1359639,6.281662,0.00898882,1.678322,2.45,-0.001635106,0.001910042,-0.6130927,-0.1599789,-0.315547,0.003209337,2.5
2024_02_11_21_49_54_301,0.8,-0.2193128,94108.0,94795.0,15.79348,-1.544038,0.135974,6.281431,0.009026123,1.657334,2.45,-0.00132866,0.002395426,-0.658078,-0.2551079,-0.3376901,0.02255849,2.5
2024_02_11_21_49_54_334,0.8,-0.2330572,94324.0,94994.0,15.78749,-1.46362,0.1359841,6.281203,0.009062946,1.634887,2.44,-0.0007139943,0.002575969,-0.7014794,-0.2377033,-0.315696,-0.02026371,2.5
2024_02_11_21_49_54_372,0.8,-0.2472443,94573.0,95222.0,15.78293,-1.371184,0.1359966,6.280943,0.009109019,1.607271,2.43,0.0002546078,0.002790967,-0.7504545,-0.20504,-0.2352893,0.00349991,2.5
2024_02_11_21_49_54_409,0.8,-0.2643061,94816.0,95444.0,15.78103,-1.28143,0.1360091,6.280695,0.009154984,1.57859,2.42,0.0004667668,0.003307465,-0.7982019,-0.2765656,-0.2981871,-0.01292117,2.5
2024_02_11_21_49_54_447,0.8,-0.2779033,95066.0,95670.0,15.78184,-1.18961,0.1360229,6.280447,0.009205572,1.547357,2.41,0.001513232,0.0035228,-0.8442513,-0.2498627,-0.2269894,0.03303215,2.5
2024_02_11_21_49_54_480,0.8,-0.2911089,95283.0,95865.0,15.78491,-1.110249,0.1360349,6.280236,0.00924969,1.518812,2.4,0.001831817,0.004035767,-0.883877,-0.2868176,-0.2125203,-0.0316985,2.5
2024_02_11_21_49_54_518,0.8,-0.3072126,95533.0,96089.0,15.79129,-1.019412,0.1360494,6.28,0.009303326,1.484363,2.39,0.002334052,0.004454624,-0.9280559,-0.3268718,-0.2765357,0.05201995,2.5
2024_02_11_21_49_54_555,0.8,-0.3195325,95776.0,96306.0,15.80052,-0.9316592,0.1360639,6.279778,0.009356304,1.449253,2.38,0.003219791,0.00481238,-0.9684518,-0.3194809,-0.2014935,0.006258487,2.5
2024_02_11_21_49_54_588,0.8,-0.3319048,95999.0,96505.0,15.81171,-0.8517518,0.1360784,6.279579,0.009409633,1.41567,2.37,0.003960336,0.005200785,-1.005225,-0.3461837,-0.1834035,-0.001151115,2.5
2024_02_11_21_49_54_626,0.8,-0.347127,96241.0,96721.0,15.82689,-0.7657465,0.1360952,6.27937,0.009471536,1.37772,2.35,0.004171979,0.005749698,-1.044636,-0.4079342,-0.233829,-0.009335577,2.5
2024_02_11_21_49_54_664,0.8,-0.3587135,96490.0,96941.0,15.8458,-0.6786267,0.1361124,6.279166,0.009534924,1.337294,2.34,0.005207764,0.006213431,-1.081905,-0.4196167,-0.169158,0.01373514,2.5
2024_02_11_21_49_54_701,0.8,-0.372656,96732.0,97163.0,15.86731,-0.5955064,0.1361843,6.278943,0.00980399,1.296014,2.28,0.004177365,0.0245243,-1.190195,-3.663778,-0.4189014,-0.00390783,2.5
2024_02_11_21_49_54_738,0.8,-0.3833123,96972.0,97397.0,15.89083,-0.516206,0.1362612,6.278793,0.01007218,1.250237,2.24,0.01093995,-0.01482045,-1.170977,3.749847,0.3846883,-0.1152102,2.5
2024_02_11_21_49_54_772,0.8,-0.3937893,97189.0,97581.0,15.91657,-0.4431385,0.1361383,6.278678,0.009627247,1.211594,2.3,0.006155744,-0.001855144,-1.131565,0.932455,-0.3073215,0.09264796,2.5
2024_02_11_21_49_54_809,0.8,-0.4065214,97430.0,97802.0,15.94807,-0.3642954,0.1362068,6.278419,0.009891897,1.167826,2.24,0.003377717,0.03795737,-1.32915,-5.603075,-0.7157325,0.08345022,2.5
2024_02_11_21_49_54_847,0.8,-0.4164068,97675.0,98053.0,15.9815,-0.2883921,0.1363161,6.278287,0.0102759,1.115636,2.18,0.01264026,-0.007818032,-1.282936,2.812624,0.3976822,-0.09013153,2.5
2024_02_11_21_49_54_881,0.8,-0.4258549,97883.0,98227.0,16.01499,-0.2229648,0.1361686,6.278221,0.0097375,1.075363,2.26,0.008204283,-0.003968533,-1.202648,1.532555,-0.1962781,-0.003756955,2.5
2024_02_11_21_49_54_918,0.8,-0.4369256,98129.0,98448.0,16.05759,-0.1482657,0.1362073,6.277986,0.00989532,1.02816,2.21,0.002134288,0.04163773,-1.386386,-6.1028,-1.08248,0.06555766,2.5
2024_02_11_21_49_54_950,0.8,-0.4453325,98342.0,98678.0,16.0945,-0.08792549,0.1363737,6.27785,0.01049267,0.978994,2.11,0.01378158,0.01063392,-1.452831,-0.7092952,0.2807975,4.097819e-05,2.5
2024_02_11_21_49_54_989,0.8,-0.4533104,98573.0,98879.0,16.13998,-0.0228609,0.1362273,6.277836,0.009950471,0.9295572,2.2,0.01101757,-0.009223172,-1.268779,2.431154,-0.03284216,-0.007256865,2.5
2024_02_11_21_49_55_026,0.8,-0.4628592,98814.0,99084.0,16.19227,0.04374781,0.1361413,6.277715,0.009644086,0.8812624,2.24,0.006905511,0.01202411,-1.298707,-1.538992,-0.6381869,0.07945485,2.5
2024_02_11_21_49_55_063,0.8,-0.4701685,99054.0,99342.0,16.24339,0.1042641,0.1363881,6.277474,0.01054949,0.8252396,2.07,0.01561378,0.01918549,-1.586424,-1.89662,0.3991723,-0.02199225,2.5
2024_02_11_21_49_55_096,0.8,-0.4766021,99265.0,99547.0,16.29158,0.1553427,0.1363571,6.277477,0.01042366,0.7747071,2.1,0.01616335,-0.01862744,-1.371294,4.543781,0.3964901,-0.0698287,2.5
2024_02_11_21_49_55_130,0.8,-0.4830078,99469.0,99713.0,16.34332,0.2039928,0.1361823,6.277469,0.009789513,0.7309099,2.19,0.01084948,-0.003926494,-1.313544,1.719475,-0.1844168,-0.000430271,2.5
2024_02_11_21_49_55_167,0.8,-0.4902439,99713.0,99942.0,16.40618,0.2578891,0.1362881,6.277228,0.01019394,0.6780813,2.1,0.007732179,0.04373788,-1.608623,-5.772352,-0.6857514,-0.02225488,2.5
2024_02_11_21_49_55_205,0.8,-0.4955762,99946.0,100196.0,16.46535,0.3048025,0.1364273,6.277173,0.01068912,0.6176217,2.02,0.01719634,0.008665897,-1.552228,-0.0925064,0.3676414,-0.1076087,2.5
2024_02_11_21_49_55_242,0.8,-0.5015,100178.0,100394.0,16.53043,0.3490021,0.1362248,6.27724,0.009942455,0.5635105,2.14,0.01341122,-0.0101878,-1.353931,2.799034,0.001728535,0.01614913,2.5
2024_02_11_21_49_55_276,0.8,-0.5058265,100385.0,100568.0,16.59179,0.3859116,0.1361372,6.277181,0.009631419,0.5188669,2.18,0.008217294,0.0158445,-1.380214,-2.18153,-0.7390379,0.08197128,2.5
2024_02_11_21_49_55_313,0.8,-0.5096259,100622.0,100830.0,16.65873,0.4231892,0.1364083,6.276951,0.01062491,0.4586778,2.0,0.0183104,0.02005395,-1.694567,-1.692533,0.4608035,-0.07112138,2.5
2024_02_11_21_49_55_351,0.8,-0.5138168,100853.0,101054.0,16.72742,0.4558521,0.1363349,6.277022,0.01034047,0.3992041,2.06,0.01887729,-0.02535964,-1.422742,5.668163,0.5767047,-0.09998492,2.5
2024_02_11_21_49_55_389,0.8,-0.5165473,101081.0,101236.0,16.80038,0.4845838,0.1361349,6.277053,0.009617965,0.3480347,2.16,0.01207502,-0.001680861,-1.369371,1.582861,-0.1886189,0.04389137,2.5
2024_02_11_21_49_55_422,0.8,-0.5188749,101298.0,101453.0,16.86868,0.5080467,0.1363114,6.276809,0.01027959,0.2970655,2.03,0.01265333,0.04202957,-1.732297,-4.988194,-0.1420975,-0.05409121,2.5
2024_02_11_21_49_55_459,0.8,-0.5211417,101528.0,101703.0,16.93913,0.5290377,0.1364152,6.276824,0.01064525,0.2343204,1.98,0.01909958,0.005306156,-1.584233,0.7208585,0.4459321,-0.03326498,2.5
2024_02_11_21_49_55_493,0.8,-0.5224445,101733.0,101873.0,17.00695,0.5438548,0.1361962,6.276935,0.00983874,0.1847328,2.11,0.01499729,-0.01090993,-1.394751,3.139734,0.1100898,-0.01264736,2.5
2024_02_11_21_49_55_530,0.8,-0.5232494,101964.0,102067.0,17.08537,0.5564834,0.1361081,6.276897,0.009529188,0.1332901,2.15,0.007597933,0.0264433,-1.430894,-4.354477,-1.006335,0.2002772,2.5
2024_02_11_21_49_55_567,0.8,-0.5235987,102206.0,102338.0,17.1621,0.5659645,0.1363885,6.276701,0.01055248,0.06929865,1.97,0.01942072,0.01831519,-1.711116,-1.316428,0.4908144,-0.09813718,2.5
2024_02_11_21_49_55_605,0.8,-0.5233552,102430.0,102547.0,17.23564,0.5698876,0.1362639,6.276822,0.01008242,0.01135465,2.06,0.01855,-0.02057256,-1.432634,4.624844,0.4695952,0.0036899,2.5
2024_02_11_21_49_55_643,0.8,-0.5224007,102665.0,102735.0,17.31623,0.568765,0.1360822,6.276864,0.009427943,6.241509,2.16,0.01178983,0.002859034,-1.388118,0.8482932,-0.2741814,0.1032278,2.5
2024_02_11_21_49_55_680,0.8,-0.5210638,102901.0,102984.0,17.39327,0.5644075,0.1363296,6.276641,0.01034261,6.182926,2.0,0.01867259,0.03013097,-1.760266,-2.806782,0.5209446,-0.1185182,2.5
2024_02_11_21_49_55_718,0.8,-0.5187597,103133.0,103217.0,17.46828,0.5558701,0.1362913,6.27675,0.01018297,6.121197,2.04,0.02005922,-0.02414448,-1.460441,6.036281,0.6689727,-0.1318157,2.5
2024_02_11_21_49_55_754,0.8,-0.5164031,103360.0,103397.0,17.54493,0.5414512,0.1360773,6.276834,0.009408032,6.069329,2.16,0.0132635,-0.003079739,-1.376831,2.013922,-0.07274747,0.01042895,2.5
2024_02_11_21_49_55_793,0.8,-0.5127977,103602.0,103622.0,17.62441,0.5222625,0.1361896,6.276659,0.009838026,6.014447,2.07,0.008139017,0.04871335,-1.667769,-6.191492,-0.7921457,-0.0140164,2.5
2024_02_11_21_49_55_830,0.8,-0.5094006,103834.0,103876.0,17.69604,0.5019071,0.1363297,6.27668,0.01033323,5.952136,2.0,0.01970181,0.004910174,-1.570284,1.073837,0.5578399,-0.02583861,2.5
2024_02_11_21_49_55_868,0.8,-0.5045282,104066.0,104065.0,17.77003,0.4746045,0.1361025,6.276816,0.009499024,5.897675,2.14,0.01447244,-0.006944482,-1.371746,2.654314,0.0539422,0.07020868,2.5
2024_02_11_21_49_55_905,0.8,-0.5000421,104299.0,104259.0,17.84385,0.4424628,0.1360166,6.276819,0.009190906,5.847174,2.19,0.01082994,0.01058394,-1.375389,-0.5426407,-0.369668,0.05385466,2.5
2024_02_11_21_49_55_942,0.8,-0.493858,104543.0,104522.0,17.91567,0.4078356,0.1362782,6.276674,0.01015032,5.786914,2.03,0.01913351,0.01907051,-1.65087,-1.254082,0.60606,-0.05824677,2.5
2024_02_11_21_49_55_981,0.8,-0.4884745,104770.0,104725.0,17.98207,0.3704118,0.1361394,6.276818,0.009631027,5.731773,2.13,0.01618506,-0.01215491,-1.371256,3.334522,0.2408624,0.08607096,2.5
2024_02_11_21_49_56_014,0.8,-0.4826338,104977.0,104893.0,18.04231,0.3315802,0.1360107,6.276866,0.009166201,5.687496,2.21,0.01253031,-0.0002317401,-1.328204,1.592398,-0.07557869,-0.005703419,2.5
2024_02_11_21_49_56_050,0.8,-0.4747099,105221.0,105116.0,18.11053,0.2829297,0.1360979,6.276759,0.009502365,5.635379,2.14,0.007447608,0.04811489,-1.544623,-6.2716,-0.7753968,-0.008938834,2.5
2024_02_11_21_49_56_084,0.8,-0.4677454,105432.0,105340.0,18.16514,0.2410292,0.1362334,6.276793,0.00998098,5.583238,2.08,0.01914044,0.003021567,-1.480226,1.588106,0.690639,-0.1339056,2.5
2024_02_11_21_49_56_117,0.8,-0.4604329,105636.0,105507.0,18.2184,0.1945188,0.1360472,6.276918,0.009296842,5.538484,2.2,0.01378278,-0.005581749,-1.301749,2.240181,0.02348423,0.1040921,2.5
2024_02_11_21_49_56_155,0.8,-0.4529641,105878.0,105709.0,18.27932,0.1354932,0.1359524,6.276951,0.008954631,5.489657,2.26,0.01141815,0.004355241,-1.281597,0.8068084,-0.1410842,0.001451,2.5
2024_02_11_21_49_56_188,0.8,-0.4447846,106094.0,105917.0,18.32994,0.08225706,0.136114,6.276851,0.009558384,5.444498,2.15,0.01347261,0.03847138,-1.533951,-4.293919,0.2233386,-0.1065023,2.5
2024_02_11_21_49_56_223,0.8,-0.4361326,106309.0,106126.0,18.37793,0.0276826,0.1361132,6.276974,0.009533882,5.395325,2.18,0.0171166,-0.01643702,-1.305831,3.81422,0.4862547,-0.008998439,2.5
2024_02_11_21_49_56_260,0.8,-0.4247787,106544.0,106319.0,18.42859,-0.03745066,0.1359642,6.277067,0.008996014,5.349093,2.27,0.01218413,-0.0006167868,-1.222982,1.538992,-0.01358986,0.07119961,2.5
2024_02_11_21_49_56_300,0.8,-0.4150003,106790.0,106528.0,18.47863,-0.1086449,0.1359277,6.277091,0.008866861,5.302735,2.3,0.01074885,0.01158239,-1.229737,-0.5850792,-0.1351833,-0.01877919,2.5
2024_02_11_21_49_56_336,0.8,-0.4039971,107032.0,106771.0,18.52355,-0.1779127,0.1361196,6.277084,0.009567902,5.253036,2.19,0.01739425,0.01044992,-1.360692,0.166893,0.7181763,-0.1059975,2.5
2024_02_11_21_49_56_373,0.8,-0.3917971,107273.0,106975.0,18.56595,-0.2517718,0.1359697,6.277235,0.009014391,5.20657,2.29,0.01286884,-0.00336633,-1.158904,1.941442,0.156343,-0.04813633,2.5
2024_02_11_21_49_56_414,0.8,-0.3793331,107540.0,107202.0,18.60897,-0.3364686,0.1359069,6.277301,0.008788708,5.159758,2.34,0.01132971,0.005890498,-1.136132,0.4208088,0.004351139,-0.03223121,2.5
2024_02_11_21_49_56_447,0.8,-0.3686644,107762.0,107395.0,18.6419,-0.4087861,0.135918,6.27735,0.008830029,5.121122,2.34,0.01205977,0.008137112,-1.133218,0.06651878,0.1469254,0.08675269,2.5
2024_02_11_21_49_56_490,0.8,-0.3579881,108031.0,107627.0,18.67805,-0.4979193,0.1359091,6.27745,0.008796659,5.07545,2.36,0.01142844,0.005809203,-1.096364,0.3113747,0.06443262,0.1251493,2.5
2024_02_11_21_49_56_527,0.8,-0.3443069,108281.0,107844.0,18.70813,-0.582417,0.1359126,6.277543,0.008808919,5.034347,2.37,0.01176039,0.006206237,-1.066484,0.2548695,0.1557171,-0.01092814,2.5
2024_02_11_21_49_56_564,0.8,-0.3308914,108525.0,108056.0,18.73423,-0.6661378,0.1359104,6.277647,0.008800613,4.9956,2.38,0.01162206,0.005600724,-1.0295,0.2191067,0.1546741,0.02251379,2.5
2024_02_11_21_49_56_596,0.8,-0.3159525,108749.0,108251.0,18.75548,-0.7442609,0.1359066,6.277758,0.008786486,4.961282,2.39,0.01172498,0.005142212,-0.9905552,0.2923012,0.1992285,0.003779307,2.5
2024_02_11_21_49_56_636,0.8,-0.2993246,108993.0,108465.0,18.7757,-0.8304145,0.1359053,6.27788,0.008781073,4.925398,2.4,0.01203541,0.004963401,-0.950062,0.2560616,0.2904236,0.08500925,2.5
2024_02_11_21_49_56_671,0.8,-0.2866983,109243.0,108686.0,18.79338,-0.9199533,0.1359022,6.278018,0.008768927,4.890162,2.41,0.01142608,0.00451713,-0.905902,0.2021789,0.180304,0.067899,2.5
2024_02_11_21_49_56_705,0.8,-0.2735434,109461.0,108879.0,18.80627,-0.9984549,0.1359009,6.278143,0.008764363,4.860906,2.42,0.01142103,0.004069422,-0.8681132,0.2923012,0.2290159,-0.04624016,2.5
2024_02_11_21_49_56_738,0.8,-0.2601095,109678.0,109072.0,18.81695,-1.077555,0.1358985,6.278275,0.008755568,4.832924,2.42,0.01114038,0.003891021,-0.8290746,0.1838207,0.2255589,0.0146348,2.5
2024_02_11_21_49_56_776,0.8,-0.2499072,109928.0,109297.0,18.82658,-1.16926,0.1358987,6.278417,0.008756049,4.80223,2.43,0.01045045,0.004482717,-0.7930513,0.05292892,0.1707971,-0.02294965,2.5
2024_02_11_21_49_56_810,0.8,-0.2288427,110146.0,109492.0,18.83275,-1.249321,0.1358938,6.278579,0.008736898,4.776877,2.44,0.01155047,0.002586504,-0.7429342,0.279665,0.3492981,0.01421757,2.5
2024_02_11_21_49_56_842,0.8,-0.2145839,110363.0,109688.0,18.83698,-1.329817,0.1358894,6.278738,0.008721193,4.753154,2.45,0.01105226,0.002766983,-0.6963385,0.194788,0.3038496,0.07617474,2.5
2024_02_11_21_49_56_880,0.8,-0.200488,110613.0,109916.0,18.83958,-1.422881,0.135887,6.278924,0.008711768,4.727651,2.45,0.01035067,0.002548059,-0.64698,0.1556873,0.2294183,0.04484877,2.5
2024_02_11_21_49_56_913,0.8,-0.1856729,110829.0,110114.0,18.83997,-1.503955,0.1358845,6.279093,0.008702136,4.707068,2.46,0.01026514,0.002146991,-0.6022316,0.1699924,0.2595037,-0.02458133,2.5
2024_02_11_21_49_56_951,0.8,-0.1674942,111078.0,110344.0,18.83843,-1.597551,0.1358816,6.279295,0.008691244,4.68521,2.47,0.01020291,0.00184197,-0.5496742,0.2143383,0.3235489,0.00673905,2.5
2024_02_11_21_49_56_988,0.8,-0.1521887,111321.0,110569.0,18.83506,-1.688867,0.1358796,6.2795,0.008683409,4.665842,2.47,0.009820608,0.001579819,-0.4984995,0.1204014,0.2686381,0.02124347,2.5
2024_02_11_21_49_57_026,0.8,-0.1336853,111569.0,110802.0,18.82984,-1.782789,0.1358773,6.279718,0.008674788,4.64796,2.48,0.009792706,0.001382655,-0.4441454,0.159502,0.3321767,-0.001169741,2.5
2024_02_11_21_49_57_063,0.8,-0.1181751,111810.0,111029.0,18.82323,-1.874333,0.1358762,6.279937,0.008670225,4.632518,2.48,0.009152269,0.001129869,-0.3916847,0.1444817,0.2726018,-0.02467446,2.5
2024_02_11_21_49_57_103,0.8,-0.09882702,112058.0,111264.0,18.81505,-1.968418,0.1358748,6.280169,0.008665065,4.618717,2.49,0.009185208,0.0009664839,-0.3362699,0.1351833,0.3505349,0.006293877,2.5
2024_02_11_21_49_57_134,0.8,-0.08354577,112272.0,111469.0,18.80696,-2.050163,0.1358742,6.280374,0.008662323,4.608424,2.49,0.008913271,0.0007259859,-0.2885025,0.1192093,0.3478229,0.0173375,2.5
2024_02_11_21_49_57_167,0.8,-0.06812728,112486.0,111675.0,18.79809,-2.131928,0.1358739,6.280583,0.008661153,4.599696,2.49,0.008684378,0.0006140082,-0.2409872,0.08130073,0.3502965,0.001763925,2.5
2024_02_11_21_49_57_205,0.8,-0.05244595,112732.0,111912.0,18.78706,-2.226097,0.1358742,6.280828,0.008662079,4.591585,2.5,0.007914526,0.0004813038,-0.1870279,0.03457069,0.2686977,0.03965385,2.5
2024_02_11_21_49_57_238,0.8,-0.03666592,112944.0,112120.0,18.77694,-2.307894,0.1358744,6.281044,0.008662603,4.586236,2.5,0.007708062,0.0004378647,-0.139401,0.02741813,0.2771914,0.03206544,2.5
2024_02_11_21_49_57_276,0.8,-0.01717788,113189.0,112360.0,18.76483,-2.402106,0.1358752,6.281296,0.008665236,4.581997,2.5,0.00752551,0.0001950105,-0.08506054,0.05221367,0.3388822,0.05470961,2.5
2024_02_11_21_49_57_313,0.8,-0.001483053,113426.0,112594.0,18.75273,-2.493856,0.1358775,6.281545,0.008673348,4.579848,2.5,0.006794244,0.0003293709,-0.03261739,-0.00667572,0.2675653,0.001139939,2.5
2024_02_11_21_49_57_351,0.8,0.01812109,113669.0,112836.0,18.7402,-2.588074,0.1358817,6.281804,0.008688947,4.579687,2.5,0.006770909,0.000533889,0.02263325,-0.0500679,0.3373027,0.0473056,2.5
2024_02_11_21_49_57_384,0.8,0.03404215,113879.0,113047.0,18.7294,-2.669866,0.1358864,6.282032,0.00870527,4.581242,2.5,0.006537259,0.0004816675,0.07100239,-0.04816055,0.3488064,0.005109235,2.5
2024_02_11_21_49_57_421,0.8,0.04951255,114114.0,113284.0,18.71752,-2.761546,0.1358913,6.28229,0.008723854,4.584888,2.5,0.005743578,0.0004122478,0.1246185,-0.07176399,0.2712309,0.001035631,2.5
2024_02_11_21_49_57_458,0.8,0.06908441,114355.0,113528.0,18.70579,-2.855686,0.1358969,6.282558,0.008743376,4.590711,2.5,0.00574785,0.0004155203,0.1804674,-0.06198883,0.3578961,-0.01071207,2.5
2024_02_11_21_49_57_492,0.8,0.08434656,114562.0,113740.0,18.69613,-2.937425,0.1359022,6.282794,0.008763028,4.597488,2.49,0.00522821,0.0005257576,0.229169,-0.06699562,0.3495812,0.01586415,2.5
2024_02_11_21_49_57_526,0.8,0.09984399,114776.0,113960.0,18.68685,-3.02162,0.1359082,6.283037,0.008784897,4.606146,2.49,0.004843406,0.0006311357,0.2792345,-0.1063347,0.3326684,-0.04167482,2.5
2024_02_11_21_49_57_562,0.8,0.1158395,115007.0,114199.0,18.67768,-3.11321,0.1359153,0.000118777,0.008810682,4.617509,2.49,0.004133797,0.0007071308,0.3336826,-0.08654594,0.2753437,-0.03052316,2.5
2024_02_11_21_49_57_596,0.8,0.1309422,115212.0,114414.0,18.67048,-3.194858,0.1359221,0.0003579289,0.008835757,4.629356,2.48,0.003651969,0.0009222226,0.3823581,-0.1194477,0.273928,0.004101545,2.5
2024_02_11_21_49_57_634,0.8,0.1496448,115448.0,114661.0,18.66347,-3.288803,0.1359307,0.0006311692,0.008867151,4.644956,2.48,0.003523121,0.001182025,0.4372363,-0.1869202,0.3518462,0.0035353,2.5
2024_02_11_21_49_57_672,0.8,0.1643472,115676.0,114902.0,18.65817,-3.380168,0.1359398,0.0008980179,0.008900703,4.662137,2.47,0.002500191,0.001357656,0.4898588,-0.14925,0.2531186,0.01132116,2.5
2024_02_11_21_49_57_709,0.8,0.1833706,115909.0,115150.0,18.65447,-3.473851,0.13595,0.001171258,0.008937924,4.68182,2.46,0.002467557,0.001702154,0.5445694,-0.2088547,0.3458783,0.01495518,2.5
2024_02_11_21_49_57_746,0.8,0.1975243,116135.0,115392.0,18.65273,-3.564865,0.1359603,0.001433846,0.008975382,4.702941,2.46,0.001577848,0.001828621,0.5952857,-0.2059936,0.2562255,0.06062537,2.5
2024_02_11_21_49_57_780,0.8,0.2119679,116341.0,115615.0,18.6529,-3.648281,0.1359705,0.001672998,0.009013279,4.724003,2.45,0.001051851,0.00223983,0.6414126,-0.2627373,0.2517998,0.07230602,2.5
2024_02_11_21_49_57_818,0.8,0.2301359,116565.0,115857.0,18.65517,-3.738745,0.135982,0.001930792,0.009055424,4.748694,2.44,0.0008737762,0.002509702,0.691752,-0.2317428,0.3244281,0.002903864,2.5
2024_02_11_21_49_57_854,0.8,0.2436321,116793.0,116107.0,18.65988,-3.831235,0.1359942,0.002190184,0.009100071,4.775948,2.43,-0.0002231337,0.002740834,0.7406214,-0.2355575,0.2236366,0.02218596,2.5
2024_02_11_21_49_57_888,0.8,0.2578605,116991.0,116323.0,18.66606,-3.911141,0.1360052,0.002412291,0.009140908,4.80112,2.42,-0.0006824816,0.003079469,0.7827692,-0.2622604,0.2525151,0.067899,2.5
2024_02_11_21_49_57_922,0.8,0.2713871,117188.0,116540.0,18.67427,-3.990582,0.1360171,0.002630671,0.009184422,4.827672,2.42,-0.00116395,0.00352598,0.8243513,-0.2577305,0.2273321,-0.01990795,2.5
2024_02_11_21_49_57_958,0.8,0.2880639,117413.0,116790.0,18.68636,-4.081364,0.1360315,0.002876747,0.009237266,4.859925,2.4,-0.001666543,0.003715728,0.8709967,-0.2779961,0.2752542,0.002287328,2.5
2024_02_11_21_49_57_996,0.8,0.300675,117632.0,117033.0,18.70093,-4.168946,0.1360447,0.003107909,0.009285928,4.892953,2.39,-0.002521704,0.004198214,0.9131631,-0.2522469,0.2044439,0.006604939,2.5
2024_02_11_21_49_58_033,0.8,0.3169711,117855.0,117283.0,18.71889,-4.25791,0.1360594,0.003339071,0.009339551,4.928495,2.38,-0.002806422,0.004564639,0.9561301,-0.3118515,0.269115,0.009711832,2.5
2024_02_11_21_49_58_071,0.8,0.3290936,118072.0,117525.0,18.73936,-4.343416,0.1360751,0.003557451,0.009397217,4.964657,2.37,-0.003756133,0.004942305,0.9966174,-0.2958775,0.1924038,0.02919324,2.5
2024_02_11_21_49_58_109,0.8,0.3442893,118293.0,117775.0,18.76352,-4.429926,0.1360905,0.003772634,0.009454074,5.003296,2.36,-0.004166575,0.005509691,1.036292,-0.3716945,0.2498031,0.05122646,2.5
2024_02_11_21_49_58_146,0.8,0.3559494,118508.0,118017.0,18.79011,-4.512664,0.1361126,0.0039761,0.009535846,5.042389,2.34,-0.004896338,0.007297351,1.077087,-0.6408691,0.1937151,0.00699982,2.5
2024_02_11_21_49_58_184,0.8,0.3701027,118740.0,118266.0,18.82016,-4.595202,0.1362116,0.004209925,0.009902926,5.085103,2.26,-0.005948203,0.02163469,1.207507,-3.028154,0.1897216,0.08816271,2.5
2024_02_11_21_49_58_217,0.8,0.3810417,118941.0,118478.0,18.84797,-4.663791,0.1362266,0.004318582,0.009944463,5.124787,2.26,-0.009985694,-0.01547459,1.136015,3.141641,-0.2566576,-0.03272481,2.5
2024_02_11_21_49_58_255,0.8,0.3916691,119150.0,118722.0,18.88466,-4.743052,0.1361133,0.00447198,0.009536429,5.167299,2.32,-0.005295339,0.001541881,1.12691,0.3640651,0.3678798,0.003095716,2.5
2024_02_11_21_49_58_292,0.8,0.4040867,119389.0,118965.0,18.92293,-4.818012,0.136279,0.004755873,0.01015243,5.213276,2.2,-0.009856732,0.02586798,1.40254,-3.073454,-0.2360344,-0.09261443,2.5
2024_02_11_21_49_58_326,0.8,0.4142345,119596.0,119182.0,18.95936,-4.882841,0.136261,0.004820322,0.01007009,5.258312,2.22,-0.01129932,-0.01591626,1.220319,3.223181,-0.2070069,0.03448874,2.5
2024_02_11_21_49_58_363,0.8,0.4235532,119794.0,119418.0,19.00422,-4.953233,0.1361362,0.004936968,0.009620941,5.302595,2.28,-0.00728432,-0.0003199282,1.196933,0.8852481,0.2861023,-0.03996491,2.5
2024_02_11_21_49_58_401,0.8,0.4348376,120037.0,119666.0,19.05297,-5.023147,0.1363004,0.005220861,0.01023374,5.352474,2.16,-0.01069818,0.03210825,1.504869,-4.024267,-0.1487732,-0.01553632,2.5
2024_02_11_21_49_58_434,0.8,0.4434086,120252.0,119875.0,19.09535,-5.079191,0.1363601,0.005279983,0.01043927,5.400456,2.13,-0.01388096,-0.002260576,1.361428,1.734495,-0.3347993,-0.07058121,2.5
2024_02_11_21_49_58_472,0.8,0.4515882,120444.0,120107.0,19.14801,-5.140567,0.1361801,0.005317267,0.009779905,5.447751,2.23,-0.0095099,-0.004547663,1.253487,1.738071,0.1929402,0.08011422,2.5
2024_02_11_21_49_58_510,0.8,0.4595603,120667.0,120351.0,19.20626,-5.202065,0.1362404,0.005551626,0.01001842,5.497334,2.16,-0.004853047,0.04247051,1.481801,-5.824804,0.8340477,-0.00863336,2.5
2024_02_11_21_49_58_547,0.8,0.4677818,120923.0,120588.0,19.26157,-5.256491,0.1364044,0.005661881,0.01060512,5.554987,2.07,-0.01544279,0.009284967,1.495844,-0.3633499,-0.3185868,0.03775582,2.5
2024_02_11_21_49_58_579,0.8,0.476059,121105.0,120797.0,19.31577,-5.303205,0.1362497,0.005638445,0.0100321,5.602023,2.16,-0.01249129,-0.01074178,1.315468,2.74229,-0.01198053,-0.01180172,2.5
2024_02_11_21_49_58_619,0.8,0.4818692,121301.0,121031.0,19.38007,-5.352817,0.1361507,0.005726862,0.009679622,5.650553,2.21,-0.007700064,0.01391482,1.338934,-1.861572,0.6815194,0.1323372,2.5
2024_02_11_21_49_58_651,0.8,0.488422,121534.0,121244.0,19.43666,-5.393519,0.1363932,0.005957491,0.01057003,5.701964,2.04,-0.01681987,0.02273865,1.654295,-2.170563,-0.4652738,-0.1258664,2.5
2024_02_11_21_49_58_688,0.8,0.4950073,121765.0,121478.0,19.50183,-5.435084,0.1363585,0.005929262,0.01042812,5.760441,2.07,-0.01746787,-0.02105797,1.40286,5.107164,-0.4783868,-0.1650695,2.5
2024_02_11_21_49_58_722,0.8,0.4997654,121929.0,121681.0,19.56344,-5.468925,0.1361773,0.005917544,0.009771499,5.805279,2.17,-0.01172509,-0.003659733,1.344327,1.785993,0.1590848,-0.03395416,2.5
2024_02_11_21_49_58_758,0.8,0.5043322,122157.0,121924.0,19.6371,-5.50502,0.1362885,0.006151369,0.01019681,5.859317,2.07,-0.008019149,0.04615903,1.653621,-6.041526,0.7163286,-0.08354335,2.5
2024_02_11_21_49_58_796,0.8,0.5091711,122413.0,122156.0,19.70533,-5.535214,0.1364291,0.006189719,0.01069721,5.921248,1.99,-0.01795538,0.00937604,1.586778,-0.1554489,-0.3543198,-0.003958121,2.5
2024_02_11_21_49_58_833,0.8,0.5126109,122610.0,122386.0,19.77864,-5.561218,0.1362241,0.006099171,0.00994023,5.976502,2.12,-0.01453575,-0.01149465,1.377693,3.18861,-0.09602308,0.07894262,2.5
2024_02_11_21_49_58_867,0.8,0.5156111,122781.0,122593.0,19.84684,-5.581169,0.1361261,0.006135391,0.009591166,6.021785,2.17,-0.009066277,0.01409801,1.394389,-1.686096,0.6713867,0.1705009,2.5
2024_02_11_21_49_58_905,0.8,0.5186672,123049.0,122835.0,19.92254,-5.600492,0.1364038,0.006362292,0.01060858,6.084297,1.99,-0.01889462,0.01996762,1.715722,-1.603603,-0.4744827,-0.07851794,2.5
2024_02_11_21_49_58_942,0.8,0.5205947,123266.0,123060.0,19.99491,-5.613998,0.1363176,0.006271744,0.01027742,6.142755,2.05,-0.01917885,-0.0244968,1.437366,5.35798,-0.5702376,-0.1019165,2.5
2024_02_11_21_49_58_975,0.8,0.5220419,123427.0,123262.0,20.06388,-5.622263,0.1361339,0.006226471,0.009613602,6.188941,2.15,-0.01337965,-0.004982568,1.379566,2.359629,0.009983777,-0.04709884,2.5
2024_02_11_21_49_59_013,0.8,0.5231829,123653.0,123504.0,20.14505,-5.628059,0.1362467,0.006440056,0.01004633,6.244214,2.05,-0.007556357,0.04902204,1.694458,-6.241083,0.8726119,-0.05083531,2.5
2024_02_11_21_49_59_050,0.8,0.5235711,123911.0,123736.0,20.21875,-5.630432,0.1364039,0.006456568,0.01060619,0.02485581,1.97,-0.0193304,0.01073672,1.633872,-0.1679659,-0.4376769,-0.03628246,2.5
2024_02_11_21_49_59_088,0.8,0.5233946,124106.0,123965.0,20.29564,-5.626885,0.136187,0.006321279,0.009804941,0.08137448,2.11,-0.01555638,-0.01193279,1.400187,3.291845,-0.144273,-0.009806826,2.5
2024_02_11_21_49_59_121,0.8,0.5227352,124275.0,124171.0,20.366,-5.619563,0.136078,0.006323942,0.009414554,0.1271638,2.16,-0.01086008,0.008903383,1.397755,-0.3535747,0.4211962,0.04683807,2.5
2024_02_11_21_49_59_155,0.8,0.521597,124513.0,124388.0,20.43571,-5.609896,0.136342,0.006541789,0.01038636,0.1824164,1.99,-0.01906962,0.02687576,1.757353,-2.331495,-0.5370975,-0.0213366,2.5
2024_02_11_21_49_59_192,0.8,0.5199578,124738.0,124614.0,20.50778,-5.595668,0.1362986,0.006434197,0.01020916,0.2423844,2.04,-0.02006317,-0.02432368,1.462023,5.982399,-0.6298422,-0.05615316,2.5
2024_02_11_21_49_59_229,0.8,0.5173115,124922.0,124847.0,20.58498,-5.574544,0.1360838,0.006353769,0.009432442,0.2957302,2.16,-0.01309758,-0.001774608,1.381531,1.884222,0.05882978,-0.01859851,2.5
2024_02_11_21_49_59_267,0.8,0.5146977,125147.0,125083.0,20.6602,-5.549856,0.1362179,0.00653806,0.009940661,0.349884,2.05,-0.01006159,0.04657246,1.693339,-5.856752,0.5324483,-0.09144656,2.5
2024_02_11_21_49_59_300,0.8,0.5114817,125373.0,125290.0,20.7223,-5.526901,0.1363394,0.006511962,0.01036943,0.405739,1.99,-0.01958224,0.007091232,1.591793,0.6577968,-0.5344748,0.0005047768,2.5
2024_02_11_21_49_59_339,0.8,0.5067302,125564.0,125521.0,20.79376,-5.494311,0.1361111,0.006370814,0.009529597,0.4606459,2.14,-0.01470315,-0.007987901,1.375607,2.865314,-0.09965896,0.04746392,2.5
2024_02_11_21_49_59_371,0.8,0.5027994,125737.0,125728.0,20.85714,-5.461085,0.1360349,0.00637401,0.009259076,0.5058589,2.18,-0.01032507,0.01447775,1.387727,-1.384735,0.4991889,0.1222901,2.5
2024_02_11_21_49_59_409,0.8,0.4982942,126001.0,125971.0,20.92576,-5.421957,0.1362937,0.006513027,0.0102061,0.5668048,2.02,-0.01916502,0.01685041,1.642993,-0.9477138,-0.5664229,-0.07574819,2.5
2024_02_11_21_49_59_446,0.8,0.4918992,126200.0,126198.0,20.9893,-5.379884,0.1361268,0.006364422,0.009584681,0.621527,2.13,-0.01603053,-0.01263609,1.367236,3.556251,-0.2706647,0.06390736,2.5
2024_02_11_21_49_59_479,0.8,0.4863058,126374.0,126411.0,21.04848,-5.335482,0.1360035,0.006327671,0.009140353,0.6672167,2.21,-0.0122454,0.00127979,1.335179,1.418114,0.1093149,0.04499592,2.5
2024_02_11_21_49_59_517,0.8,0.4801747,126605.0,126650.0,21.11077,-5.284379,0.1361734,0.006476808,0.009775893,0.7203047,2.09,-0.01400289,0.04007307,1.638513,-4.568577,-0.1667142,-0.0495743,2.5
2024_02_11_21_49_59_555,0.8,0.4720856,126842.0,126887.0,21.16927,-5.231662,0.1361753,0.006356965,0.009759383,0.7788995,2.12,-0.01867451,-0.0212464,1.377972,4.993677,-0.6184578,-0.02929382,2.5
2024_02_11_21_49_59_592,0.8,0.4649101,127029.0,127119.0,21.22527,-5.173814,0.1360035,0.006270679,0.009139222,0.827899,2.22,-0.01286395,-0.002143484,1.297585,2.009869,-0.01573563,0.005945563,2.5
2024_02_11_21_49_59_630,0.8,0.4557264,127236.0,127363.0,21.28131,-5.109612,0.1359665,0.00627494,0.009011927,0.8772681,2.24,-0.009066319,0.02283705,1.32946,-3.079176,0.5557537,0.1324825,2.5
2024_02_11_21_49_59_667,0.8,0.4478422,127489.0,127603.0,21.33141,-5.047797,0.1361924,0.006322344,0.009833656,0.9326283,2.11,-0.01812674,0.01037013,1.472942,0.1182556,-0.6278157,-0.04826113,2.5
2024_02_11_21_49_59_705,0.8,0.4373708,127688.0,127840.0,21.37921,-4.980523,0.1360182,0.006179599,0.009191693,0.9829994,2.23,-0.01353642,-0.004817154,1.256739,2.207756,-0.09280442,-0.0007301568,2.5
2024_02_11_21_49_59_742,0.8,0.4282998,127887.0,128078.0,21.42397,-4.90984,0.1359392,0.006140184,0.008907143,1.028901,2.28,-0.011337,0.005556811,1.239053,0.6072521,0.06914139,-0.09154155,2.5
2024_02_11_21_49_59_779,0.8,0.4169234,128123.0,128326.0,21.46666,-4.835563,0.1360928,0.006193447,0.009478979,1.078449,2.18,-0.01430201,0.03334875,1.4482,-3.427744,-0.3881454,-0.005863606,2.5
2024_02_11_21_49_59_817,0.8,0.4070214,128338.0,128562.0,21.50389,-4.763476,0.1360282,0.006040049,0.009225577,1.127669,2.25,-0.01467793,-0.009151381,1.211655,2.790928,-0.2958775,-0.05361065,2.5
2024_02_11_21_49_59_854,0.8,0.3946078,128538.0,128799.0,21.53846,-4.686392,0.135925,0.00596335,0.00885317,1.171214,2.31,-0.01168626,0.001445386,1.159472,1.157045,-0.01519918,-0.01416914,2.5
2024_02_11_21_49_59_892,0.8,0.3834581,128751.0,129047.0,21.57093,-4.604267,0.1359135,0.005921272,0.008813828,1.21529,2.33,-0.01156988,0.00888314,1.161621,-0.06842613,-0.05054474,-0.03668293,2.5
2024_02_11_21_49_59_925,0.8,0.3733087,128938.0,129263.0,21.59627,-4.531708,0.135922,0.005855759,0.008843319,1.253389,2.34,-0.01253904,0.00484475,1.140395,0.647068,-0.1971722,0.01860224,2.5
2024_02_11_21_49_59_958,0.8,0.3618318,129130.0,129486.0,21.61966,-4.455484,0.1359092,0.005775331,0.008797271,1.291582,2.35,-0.01176986,0.006586843,1.110588,0.1895428,-0.1150072,0.003926456,2.5
2024_02_11_21_49_59_992,0.8,0.3507155,129318.0,129703.0,21.63969,-4.380388,0.1359141,0.005698632,0.008814673,1.327822,2.36,-0.01194365,0.006454241,1.085259,0.2171993,-0.1533628,0.0541117,2.5
2024_02_11_21_50_00_030,0.8,0.3355908,129529.0,129947.0,21.65902,-4.295065,0.1359118,0.005596367,0.008806159,1.367276,2.37,-0.01216,0.005607477,1.047891,0.2758503,-0.2281517,0.03867969,2.5
2024_02_11_21_50_00_068,0.8,0.323588,129747.0,130197.0,21.6755,-4.206305,0.1359106,0.005486112,0.00880088,1.40638,2.38,-0.01178577,0.005436206,1.010815,0.3149509,-0.2070516,-0.09158812,2.5
2024_02_11_21_50_00_104,0.8,0.3079148,129960.0,130441.0,21.68831,-4.118956,0.1359085,0.0053684,0.008793267,1.443037,2.39,-0.01196626,0.004922069,0.9714035,0.2992153,-0.2629906,-0.01117028,2.5
2024_02_11_21_50_00_142,0.8,0.294699,130181.0,130691.0,21.69824,-4.028449,0.1359067,0.005238438,0.008785687,1.479157,2.4,-0.01160507,0.004576293,0.9301135,0.2496242,-0.2142936,-0.008307397,2.5
2024_02_11_21_50_00_179,0.8,0.2786604,130396.0,130935.0,21.70487,-3.939677,0.1359035,0.005102084,0.008774182,1.512764,2.41,-0.011661,0.004178854,0.8872121,0.2863407,-0.2800971,-0.01933984,2.5
2024_02_11_21_50_00_213,0.8,0.2653218,130595.0,131159.0,21.70839,-3.857652,0.1359017,0.004971056,0.008767518,1.542261,2.42,-0.01154339,0.003878513,0.8480739,0.2663136,-0.287056,-0.007648021,2.5
2024_02_11_21_50_00_250,0.8,0.2513383,130813.0,131403.0,21.70955,-3.767999,0.1358983,0.004817659,0.008754599,1.572795,2.43,-0.01116569,0.00351141,0.8032168,0.2207756,-0.2356171,0.02592243,2.5
2024_02_11_21_50_00_283,0.8,0.2376071,131014.0,131627.0,21.70827,-3.685325,0.1358952,0.004669054,0.008742243,1.599346,2.44,-0.01089153,0.003275011,0.7604291,0.2057552,-0.2194792,-0.004783273,2.5
2024_02_11_21_50_00_321,0.8,0.2199065,131234.0,131871.0,21.70444,-3.595144,0.1358927,0.004498612,0.008732985,1.626579,2.44,-0.01111033,0.002790252,0.712254,0.2512932,-0.3232658,-0.02326816,2.5
2024_02_11_21_50_00_354,0.8,0.2052925,131431.0,132088.0,21.69901,-3.51458,0.1358895,0.004339355,0.008721186,1.649361,2.45,-0.01097308,0.002536834,0.6683836,0.2267361,-0.3401339,-0.0272654,2.5
2024_02_11_21_50_00_392,0.8,0.1912596,131659.0,132337.0,21.69054,-3.421706,0.1358865,0.004148672,0.008709366,1.673781,2.46,-0.01018803,0.002387899,0.6182907,0.1926422,-0.2375543,-0.004936009,2.5
2024_02_11_21_50_00_430,0.8,0.1728103,131883.0,132580.0,21.68017,-3.331241,0.135884,0.003954262,0.008699993,1.695692,2.46,-0.01042535,0.001817682,0.5669778,0.2272129,-0.3368258,-0.02023578,2.5
2024_02_11_21_50_00_463,0.8,0.1574347,132089.0,132803.0,21.66895,-3.248106,0.1358811,0.003768373,0.008689408,1.714151,2.47,-0.01024759,0.001699262,0.5194283,0.1423359,-0.3427267,0.006780028,2.5
2024_02_11_21_50_00_500,0.8,0.1423617,132315.0,133045.0,21.65505,-3.157658,0.1358787,0.003560646,0.008680096,1.732403,2.48,-0.009646812,0.001406198,0.4681903,0.1311302,-0.2723634,0.05200505,2.5
2024_02_11_21_50_00_538,0.8,0.1235058,132548.0,133293.0,21.63912,-3.06482,0.135877,0.003339071,0.008673546,1.749135,2.48,-0.009714231,0.001223004,0.4135332,0.1392365,-0.3439188,0.03715605,2.5
2024_02_11_21_50_00_571,0.8,0.108203,132752.0,133508.0,21.62407,-2.984262,0.135876,0.003141465,0.008669733,1.761993,2.49,-0.009516583,0.001053273,0.3664325,0.1006126,-0.3610849,0.009965151,2.5
2024_02_11_21_50_00_609,0.8,0.09302546,132987.0,133755.0,21.60552,-2.891586,0.1358753,0.002907639,0.008666473,1.77485,2.49,-0.008653952,0.0008436692,0.3119465,0.1013279,-0.2567768,-0.009706244,2.5
2024_02_11_21_50_00_646,0.8,0.07337033,133217.0,133995.0,21.58638,-2.801429,0.1358747,0.002674346,0.008664357,1.785359,2.49,-0.008824725,0.0007060885,0.2575886,0.03886223,-0.3556013,0.06670132,2.5
2024_02_11_21_50_00_684,0.8,0.05801343,133455.0,134241.0,21.56581,-2.708914,0.1358751,0.002430934,0.008665258,1.79409,2.5,-0.007944942,0.0005787686,0.2034875,0.06103515,-0.2627969,-0.04823692,2.5
2024_02_11_21_50_00_721,0.8,0.037926,133687.0,134480.0,21.54509,-2.618892,0.1358754,0.00218752,0.008665605,1.800589,2.5,-0.008067489,0.0003049083,0.1489654,0.05674362,-0.3558993,0.03982521,2.5
2024_02_11_21_50_00_755,0.8,0.02228235,133895.0,134692.0,21.52617,-2.538625,0.1358754,0.001969674,0.008665961,1.804714,2.5,-0.007817917,0.0002391164,0.1016736,0.0705719,-0.3533363,-0.01396984,2.5
2024_02_11_21_50_00_791,0.8,0.006952875,134136.0,134936.0,21.50404,-2.446215,0.1358774,0.001716674,0.008673614,1.807542,2.5,-0.006923479,0.0003356666,0.04881703,0.01001358,-0.2653599,0.06281957,2.5
2024_02_11_21_50_00_825,0.8,-0.008978186,134345.0,135147.0,21.48469,-2.365978,0.1358802,0.001492968,0.008682764,1.808335,2.5,-0.006730924,0.0003732995,0.001373965,-0.006437301,-0.2752542,-0.006623566,2.5
2024_02_11_21_50_00_863,0.8,-0.02837307,134587.0,135390.0,21.46241,-2.273607,0.1358852,0.001232511,0.008701224,1.807316,2.5,-0.006504094,0.0003125742,-0.05370667,-0.0462532,-0.3489852,0.0585746,2.5
2024_02_11_21_50_00_900,0.8,-0.0440351,134824.0,135625.0,21.44093,-2.18367,0.1358899,0.000974717,0.008718318,1.804301,2.5,-0.005904527,0.0004090939,-0.1075331,-0.05459785,-0.2709031,0.004846603,2.5
2024_02_11_21_50_00_938,0.8,-0.06359172,135068.0,135865.0,21.41926,-2.091279,0.1358951,0.0007084009,0.008736741,1.799126,2.5,-0.005786384,0.0003705219,-0.1633365,-0.0898838,-0.357449,0.0005811453,2.5
2024_02_11_21_50_00_975,0.8,-0.0790396,135306.0,136099.0,21.39874,-2.001271,0.1359008,0.0004452805,0.008757832,1.792048,2.49,-0.004925815,0.000536205,-0.217475,-0.0603199,-0.2666712,-0.08309073,2.5
2024_02_11_21_50_01_013,0.8,-0.09812383,135551.0,136337.0,21.37846,-1.90877,0.1359072,0.0001725728,0.008781318,1.782683,2.49,-0.004808823,0.0005812302,-0.2739733,-0.05745887,-0.3271997,-0.06050989,2.5
2024_02_11_21_50_01_050,0.8,-0.113911,135791.0,136569.0,21.35966,-1.818631,0.1359141,6.283092,0.008806445,1.771521,2.49,-0.004164372,0.0008008319,-0.3278491,-0.1285076,-0.2764165,-0.02632849,2.5
2024_02_11_21_50_01_088,0.8,-0.1330402,136037.0,136805.0,21.34155,-1.725987,0.1359222,6.282818,0.008836063,1.757965,2.48,-0.003966678,0.0009862334,-0.3838929,-0.1645088,-0.3619492,0.04238821,2.5
2024_02_11_21_50_01_125,0.8,-0.1477703,136278.0,137034.0,21.32523,-1.635718,0.135931,6.282551,0.008868257,1.742749,2.48,-0.003027819,0.001166457,-0.4370498,-0.1325607,-0.2562106,-0.0227429,2.5
2024_02_11_21_50_01_162,0.8,-0.1667573,136526.0,137269.0,21.31006,-1.542964,0.1359405,6.282277,0.008903481,1.725063,2.47,-0.003012292,0.001478952,-0.4925275,-0.1862049,-0.3347695,0.007603317,2.5
2024_02_11_21_50_01_196,0.8,-0.1817353,136741.0,137471.0,21.29831,-1.462393,0.1359492,6.282041,0.008934774,1.708027,2.46,-0.00258319,0.00155304,-0.5389687,-0.177145,-0.3483593,0.0224337,2.5
2024_02_11_21_50_01_233,0.8,-0.1960696,136983.0,137697.0,21.28688,-1.372053,0.1359594,6.281777,0.008972317,1.687114,2.46,-0.001624434,0.001821088,-0.5900232,-0.1513958,-0.2468824,-0.02699159,2.5
2024_02_11_21_50_01_267,0.8,-0.2107873,137206.0,137904.0,21.27814,-1.289068,0.1359694,6.281537,0.009009263,1.666221,2.45,-0.001073137,0.002239104,-0.6369069,-0.2017021,-0.2406388,-0.02698041,2.5
2024_02_11_21_50_01_304,0.8,-0.2283972,137449.0,138127.0,21.27072,-1.198854,0.1359806,6.281279,0.009050463,1.641686,2.44,-0.0008372758,0.002385346,-0.6874302,-0.2624989,-0.3210753,0.02200343,2.5
2024_02_11_21_50_01_342,0.8,-0.2426955,137698.0,138356.0,21.2655,-1.106349,0.1359931,6.281018,0.009095888,1.614595,2.43,0.0001251474,0.002754254,-0.7368075,-0.2236366,-0.2368837,0.02251938,2.5
2024_02_11_21_50_01_379,0.8,-0.2596806,137941.0,138578.0,21.26292,-1.016517,0.1360058,6.280769,0.009142351,1.58642,2.42,0.0003294619,0.003014812,-0.7841248,-0.2405643,-0.3059059,0.02917461,2.5
2024_02_11_21_50_01_417,0.8,-0.2733376,138191.0,138804.0,21.26297,-0.9245794,0.1360189,6.280519,0.009191204,1.555703,2.41,0.001346842,0.003496731,-0.8308586,-0.2286434,-0.2164394,-0.01969002,2.5
2024_02_11_21_50_01_454,0.8,-0.2897017,138434.0,139023.0,21.26581,-0.8354878,0.1360324,6.280281,0.009240675,1.524099,2.4,0.001598342,0.003921625,-0.8758348,-0.3252029,-0.2757609,-0.01689047,2.5
2024_02_11_21_50_01_491,0.8,-0.3027198,138684.0,139248.0,21.27171,-0.7445353,0.1360465,6.280043,0.009292411,1.489964,2.39,0.002582084,0.004381316,-0.919516,-0.3397464,-0.2049506,-0.01672283,2.5
2024_02_11_21_50_01_525,0.8,-0.3155174,138901.0,139442.0,21.27934,-0.6661168,0.1360601,6.279843,0.009342534,1.458973,2.38,0.003134191,0.004656416,-0.9567918,-0.3435611,-0.2020597,-0.005055218,2.5
2024_02_11_21_50_01_563,0.8,-0.3306852,139150.0,139664.0,21.29116,-0.5765995,0.1360755,6.279619,0.009399556,1.421803,2.37,0.003529364,0.005315519,-0.9987488,-0.4043579,-0.2494454,0.05228445,2.5
2024_02_11_21_50_01_596,0.8,-0.3430656,139367.0,139856.0,21.30408,-0.4996671,0.1360891,6.279432,0.009449114,1.388277,2.36,0.004059658,0.005407528,-1.032584,-0.3535747,-0.2465844,0.02503581,2.5
2024_02_11_21_50_01_633,0.8,-0.3546263,139609.0,140071.0,21.32157,-0.4144621,0.1361078,6.27923,0.009518281,1.349342,2.34,0.004872114,0.00660014,-1.071288,-0.5269051,-0.1881718,0.002624467,2.5
2024_02_11_21_50_01_670,0.8,-0.3685204,139858.0,140296.0,21.34275,-0.3286221,0.1361663,6.279009,0.009736503,1.307552,2.29,0.00375393,0.02097217,-1.154006,-3.170967,-0.4891157,0.03513321,2.5
2024_02_11_21_50_01_704,0.8,-0.3796807,140072.0,140509.0,21.3629,-0.2572142,0.1362746,6.278846,0.01012705,1.267222,2.23,0.009714346,0.002911222,-1.211053,0.4549026,0.2356768,-0.08086487,2.5
2024_02_11_21_50_01_741,0.8,-0.3904395,140315.0,140716.0,21.39034,-0.175351,0.1361391,6.278733,0.009629758,1.223927,2.3,0.006072004,-0.002291563,-1.123181,1.016378,-0.2765656,-0.01458824,2.5
2024_02_11_21_50_01_780,0.8,-0.4031752,140555.0,140934.0,21.42098,-0.09589231,0.1361832,6.278484,0.00980495,1.180862,2.25,0.001838444,0.03689157,-1.285535,-5.659818,-0.9082555,0.05777552,2.5
2024_02_11_21_50_01_817,0.8,-0.4129739,140801.0,141188.0,21.45353,-0.01928063,0.1363189,6.278329,0.0102874,1.128893,2.18,0.01233321,-0.003837097,-1.292671,1.99151,0.3743171,-0.03191084,2.5
2024_02_11_21_50_01_850,0.8,-0.4225441,141010.0,141362.0,21.48611,0.04659274,0.1361703,6.278265,0.009743819,1.088671,2.26,0.007832147,-0.003874827,-1.1977,1.31011,-0.2729893,0.09007379,2.5
2024_02_11_21_50_01_887,0.8,-0.4336698,141255.0,141583.0,21.52775,0.121927,0.1362019,6.278033,0.009875768,1.0418,2.21,0.0018274,0.04088739,-1.367775,-6.067514,-1.119673,0.03831275,2.5
2024_02_11_21_50_01_921,0.8,-0.4425976,141469.0,141813.0,21.56393,0.1828956,0.13637,6.277891,0.01047945,0.9930257,2.12,0.01359299,0.01053517,-1.445391,-0.7166862,0.2858639,-0.03051199,2.5
2024_02_11_21_50_01_958,0.8,-0.450776,141699.0,142013.0,21.60861,0.2487579,0.1362219,6.277874,0.009931234,0.9438791,2.21,0.01058009,-0.008718394,-1.262529,2.340078,-0.07212162,0.03902428,2.5
2024_02_11_21_50_01_996,0.8,-0.4602801,141941.0,142220.0,21.66003,0.3162366,0.1361475,6.27774,0.009668924,0.8957409,2.23,0.005701249,0.01921133,-1.307343,-3.111362,-0.8426308,0.1064911,2.5
2024_02_11_21_50_02_029,0.8,-0.4675807,142155.0,142453.0,21.70465,0.3709905,0.1363818,6.277517,0.01052691,0.845657,2.08,0.01544197,0.01950952,-1.582261,-1.921177,0.4056096,-0.101747,2.5
2024_02_11_21_50_02_066,0.8,-0.4744463,142391.0,142678.0,21.75784,0.4292611,0.1363202,6.277525,0.01028698,0.7899351,2.12,0.01537703,-0.01994104,-1.343231,4.071236,0.3053546,0.05017034,2.5
2024_02_11_21_50_02_103,0.8,-0.4824387,142622.0,142867.0,21.81574,0.485035,0.1361567,6.277486,0.009696964,0.7412786,2.21,0.01015771,-0.0007404727,-1.31094,1.25885,-0.2456903,0.001782551,2.5
2024_02_11_21_50_02_137,0.8,-0.4882123,142841.0,143085.0,21.87089,0.533852,0.1363275,6.277229,0.01033652,0.6923335,2.08,0.01215258,0.03815329,-1.654483,-4.709244,-0.01245737,0.006278976,2.5
2024_02_11_21_50_02_175,0.8,-0.4937543,143073.0,143333.0,21.9293,0.5814705,0.1364222,6.277207,0.01066916,0.6326227,2.02,0.01718089,0.004793889,-1.514205,0.5512238,0.3546476,0.002555549,2.5
2024_02_11_21_50_02_213,0.8,-0.4998287,143299.0,143521.0,21.99257,0.6258151,0.1362074,6.277266,0.00987976,0.5808919,2.15,0.0126627,-0.008084644,-1.346532,2.429724,-0.09000301,0.05082413,2.5
2024_02_11_21_50_02_246,0.8,-0.5043168,143513.0,143705.0,22.0553,0.6650031,0.136164,6.277167,0.009736938,0.5347627,2.15,0.002656234,0.04112499,-1.431229,-7.518291,-1.827597,0.2312511,2.5
2024_02_11_21_50_02_283,0.8,-0.508364,143750.0,143970.0,22.12098,0.7031153,0.1364186,6.276975,0.01066113,0.473469,2.0,0.0180939,0.01710577,-1.662998,-1.361608,0.4132986,-0.07388368,2.5
2024_02_11_21_50_02_317,0.8,-0.5118507,143956.0,144167.0,22.18207,0.7334425,0.1363293,6.277045,0.01031993,0.4210149,2.06,0.01859248,-0.02460512,-1.416568,5.363941,0.5550385,-0.0714194,2.5
2024_02_11_21_50_02_355,0.8,-0.5156325,144184.0,144349.0,22.25453,0.7638224,0.1361353,6.277069,0.009620793,0.3699946,2.17,0.01149399,0.0004974846,-1.370191,1.19257,-0.2317428,-0.0203345,2.5
2024_02_11_21_50_02_387,0.8,-0.5181566,144395.0,144565.0,22.31985,0.7880533,0.1363353,6.276822,0.0103664,0.3196592,2.02,0.01470693,0.03879005,-1.742772,-4.522085,0.1224875,-0.06652623,2.5
2024_02_11_21_50_02_425,0.8,-0.5201719,144630.0,144817.0,22.39165,0.8110773,0.1364087,6.276854,0.01061901,0.2560251,1.98,0.01950031,-0.001180837,-1.548469,2.042294,0.5271137,0.01054816,2.5
2024_02_11_21_50_02_459,0.8,-0.5217271,144830.0,144978.0,22.45768,0.8269994,0.1361813,6.276955,0.009785124,0.2085937,2.12,0.01426676,-0.008851329,-1.389404,2.690553,-0.003576278,0.01719967,2.5
2024_02_11_21_50_02_496,0.8,-0.5230116,145069.0,145191.0,22.53755,0.8418809,0.1362021,6.276811,0.009883885,0.1547163,2.08,0.002265891,0.05154957,-1.593518,-6.947994,-1.694232,0.0479836,2.5
2024_02_11_21_50_02_533,0.8,-0.5235256,145302.0,145452.0,22.61077,0.8527531,0.1364021,6.276731,0.01059948,0.09120262,1.97,0.01934215,0.01241861,-1.655377,-0.4326105,0.4439056,-0.03573112,2.5
2024_02_11_21_50_02_567,0.8,-0.523551,145506.0,145631.0,22.67892,0.8578442,0.1362223,6.276855,0.009932527,0.03973916,2.08,0.01676645,-0.01532934,-1.415709,3.863096,0.2743304,0.06650761,2.5
2024_02_11_21_50_02_600,0.8,-0.5231015,145711.0,145797.0,22.74921,0.8590925,0.1360819,6.276875,0.009426938,6.277005,2.16,0.01184236,0.00261993,-1.387883,0.9670257,-0.2331734,0.04700385,2.5
2024_02_11_21_50_02_638,0.8,-0.5219119,145947.0,146045.0,22.82648,0.8574349,0.1363275,6.276647,0.01033537,6.218568,2.0,0.01837851,0.03149047,-1.765416,-3.082394,0.4854798,-0.01901947,2.5
2024_02_11_21_50_02_671,0.8,-0.5203986,146156.0,146261.0,22.89363,0.852571,0.1363412,6.276727,0.01036942,6.162283,2.0,0.0204773,-0.01337019,-1.513911,4.454017,0.6399154,-0.1085214,2.5
2024_02_11_21_50_02_708,0.8,-0.5184429,146381.0,146440.0,22.96996,0.8414839,0.1361036,6.276833,0.009503524,6.109727,2.14,0.013708,-0.004731254,-1.384157,2.320766,-0.02190471,0.04852935,2.5
2024_02_11_21_50_02_746,0.8,-0.515359,146622.0,146661.0,23.04986,0.8255259,0.1361834,6.27668,0.009815934,6.05523,2.07,0.006075573,0.0501418,-1.638986,-6.391763,-1.101971,0.01612306,2.5
2024_02_11_21_50_02_783,0.8,-0.5123034,146854.0,146916.0,23.12212,0.808148,0.1363377,6.276679,0.01036243,5.992733,1.99,0.01984182,0.005284347,-1.583137,1.018167,0.5773306,-0.1099911,2.5
2024_02_11_21_50_02_820,0.8,-0.5078437,147086.0,147105.0,23.19698,0.7839277,0.1361042,6.276818,0.009504721,5.938004,2.14,0.01447655,-0.007159583,-1.376301,2.582073,0.03767014,-0.01901947,2.5
2024_02_11_21_50_02_854,0.8,-0.503733,147293.0,147278.0,23.26384,0.7581903,0.1360284,6.276813,0.0092351,5.892782,2.18,0.01012229,0.01468055,-1.388184,-1.440287,-0.5053282,0.07218309,2.5
2024_02_11_21_50_02_892,0.8,-0.4993156,147537.0,147543.0,23.33654,0.7272158,0.1362921,6.276668,0.01020062,5.831643,2.02,0.01906773,0.01743897,-1.648745,-1.03879,0.5583167,-0.04512258,2.5
2024_02_11_21_50_02_930,0.8,-0.4931334,147763.0,147744.0,23.40432,0.6928529,0.1361388,6.276813,0.009628296,5.776564,2.13,0.01635136,-0.01268242,-1.374867,3.47805,0.280261,-0.03591739,2.5
2024_02_11_21_50_02_968,0.8,-0.4873107,148001.0,147938.0,23.47549,0.651002,0.1360055,6.276852,0.009148397,5.725354,2.21,0.01196131,0.003563799,-1.34193,0.9591579,-0.1572966,-0.02694875,2.5
2024_02_11_21_50_03_004,0.8,-0.4806912,148240.0,148182.0,23.54218,0.6078492,0.1362204,6.27671,0.009943187,5.67026,2.07,0.01784492,0.02813817,-1.644293,-2.48003,0.5821586,-0.1184121,2.5
2024_02_11_21_50_03_042,0.8,-0.4726105,148475.0,148401.0,23.60601,0.5614331,0.1361288,6.276855,0.00959124,5.613488,2.14,0.01678957,-0.0143301,-1.352958,3.698587,0.3820657,-0.01041964,2.5
2024_02_11_21_50_03_075,0.8,-0.4657393,148682.0,148570.0,23.66162,0.5155172,0.1359962,6.276914,0.009113012,5.569992,2.22,0.01248218,-0.0004855064,-1.301121,1.565218,-0.07289648,0.005142763,2.5
2024_02_11_21_50_03_112,0.8,-0.4582438,148920.0,148775.0,23.72289,0.4598591,0.1360001,6.276879,0.009140949,5.52149,2.21,0.00460019,0.04338572,-1.385344,-7.021427,-1.396596,0.2241712,2.5
2024_02_11_21_50_03_152,0.8,-0.4501528,149165.0,149033.0,23.78077,0.4032799,0.1361871,6.276878,0.009810434,5.464038,2.12,0.01850334,-0.001610478,-1.420937,2.477407,0.6784796,-0.115674,2.5
2024_02_11_21_50_03_189,0.8,-0.4398126,149396.0,149222.0,23.83473,0.3430616,0.1359984,6.277006,0.009119581,5.415776,2.24,0.01300877,-0.004007717,-1.254522,2.127647,0.0461936,0.07985159,2.5
2024_02_11_21_50_03_229,0.8,-0.4313759,149667.0,149451.0,23.89431,0.268861,0.1359376,6.277029,0.008902508,5.363372,2.28,0.01061392,0.01076003,-1.256448,-0.4646778,-0.2216697,-0.02494082,2.5
2024_02_11_21_50_03_263,0.8,-0.4198673,149883.0,149670.0,23.93789,0.2101156,0.1361321,6.276987,0.009616295,5.317876,2.16,0.01747573,0.01758056,-1.440473,-1.009703,0.7062554,-0.1328811,2.5
2024_02_11_21_50_03_300,0.8,-0.4095543,150123.0,149878.0,23.98428,0.1403672,0.1359978,6.277143,0.009116539,5.268917,2.26,0.01324611,-0.005198829,-1.201634,2.167463,0.112772,0.0368394,2.5
2024_02_11_21_50_03_334,0.8,-0.3994869,150335.0,150057.0,24.02288,0.07548237,0.1359217,6.277199,0.008841839,5.229952,2.31,0.01141526,0.002450582,-1.170411,1.014948,-0.04011392,0.03237464,2.5
2024_02_11_21_50_03_372,0.8,-0.3876518,150584.0,150271.0,24.06472,-0.002113014,0.1359233,6.27723,0.008851215,5.185367,2.32,0.0111928,0.01352674,-1.18343,-0.9651183,-0.01215935,0.07280707,2.5
2024_02_11_21_50_03_408,0.8,-0.3744736,150826.0,150505.0,24.10168,-0.0773716,0.136075,6.277277,0.009403629,5.139215,2.23,0.01688636,0.006331647,-1.245467,0.9074211,0.76586,-0.178393,2.5
2024_02_11_21_50_03_446,0.8,-0.3633849,151070.0,150711.0,24.13612,-0.1572233,0.1359334,6.277434,0.008882055,5.096108,2.33,0.01176763,-0.001836955,-1.085231,1.544475,0.06461143,0.017507,2.5
2024_02_11_21_50_03_483,0.8,-0.3489046,151311.0,150919.0,24.16698,-0.2384751,0.1358947,6.277505,0.008743438,5.05642,2.36,0.01126133,0.005590451,-1.066195,0.3838539,0.08803605,0.0107456,2.5
2024_02_11_21_50_03_516,0.8,-0.337079,151528.0,151108.0,24.19196,-0.3124069,0.1358981,6.277581,0.008756038,5.02146,2.37,0.01201421,0.006084008,-1.049159,0.2696514,0.2159476,0.01648255,2.5
2024_02_11_21_50_03_554,0.8,-0.3242541,151778.0,151326.0,24.21766,-0.3988868,0.1358967,6.277692,0.008750149,4.982257,2.38,0.01184775,0.005231884,-1.01304,0.3259182,0.1948476,0.02705678,2.5
2024_02_11_21_50_03_591,0.8,-0.3090687,152022.0,151539.0,24.23958,-0.4843829,0.1358967,6.277807,0.008750221,4.945471,2.39,0.01192743,0.005260956,-0.9754215,0.2644062,0.2631843,0.004585832,2.5
2024_02_11_21_50_03_629,0.8,-0.2965138,152273.0,151759.0,24.25896,-0.5733195,0.1358956,6.277936,0.008745907,4.909193,2.4,0.01146296,0.004939184,-0.9345798,0.2539158,0.2057552,-0.03418885,2.5
2024_02_11_21_50_03_667,0.8,-0.2797145,152516.0,151974.0,24.27484,-0.660877,0.1358946,6.27807,0.008741601,4.87541,2.41,0.01180906,0.004415678,-0.8919232,0.2269745,0.2862513,0.03841892,2.5
2024_02_11_21_50_03_704,0.8,-0.2664488,152767.0,152197.0,24.2882,-0.7516472,0.1358927,6.278218,0.008734186,4.842374,2.42,0.01129581,0.003911908,-0.8475626,0.2729893,0.2247393,0.02248026,2.5
2024_02_11_21_50_03_741,0.8,-0.2497775,153011.0,152415.0,24.29844,-0.8407335,0.1358907,6.278371,0.008726222,4.811874,2.43,0.01141627,0.003593842,-0.8020472,0.2236366,0.2991259,-0.04254467,2.5
2024_02_11_21_50_03_774,0.8,-0.2357299,153235.0,152616.0,24.30553,-0.9231074,0.1358888,6.278519,0.008719272,4.785326,2.44,0.01125061,0.003242571,-0.7596419,0.2484321,0.3029555,-0.01570582,2.5
2024_02_11_21_50_03_812,0.8,-0.2212796,153478.0,152836.0,24.31086,-1.013215,0.1358862,6.278689,0.00870948,4.758103,2.44,0.01076065,0.002854681,-0.7123402,0.2028942,0.2531558,-0.008676201,2.5
2024_02_11_21_50_03_850,0.8,-0.2037455,153728.0,153063.0,24.31388,-1.106177,0.1358837,6.278872,0.008699935,4.732017,2.45,0.01084952,0.002616401,-0.6618271,0.1788139,0.3061146,0.01090951,2.5
2024_02_11_21_50_03_887,0.8,-0.189065,153971.0,153285.0,24.31458,-1.197017,0.1358811,6.279059,0.008689903,4.70846,2.46,0.01017632,0.0023876,-0.6126506,0.1730919,0.2527535,0.002734363,2.5
2024_02_11_21_50_03_920,0.8,-0.1740885,154194.0,153491.0,24.31339,-1.28071,0.1358791,6.279238,0.008682472,4.688452,2.46,0.00999091,0.002019865,-0.5658779,0.1704693,0.2511144,-0.001261011,2.5
2024_02_11_21_50_03_958,0.8,-0.1554135,154437.0,153716.0,24.31029,-1.371971,0.1358771,6.27944,0.008674116,4.668493,2.47,0.0103203,0.001656901,-0.5139089,0.1933575,0.3553629,-0.005124136,2.5
2024_02_11_21_50_03_996,0.8,-0.1405857,154685.0,153948.0,24.30529,-1.465845,0.1358754,6.279655,0.00866839,4.650006,2.48,0.009462202,0.001489497,-0.4608745,0.1699924,0.2539456,-0.03580935,2.5
2024_02_11_21_50_04_033,0.8,-0.1216563,154927.0,154175.0,24.29882,-1.55735,0.135874,6.279873,0.008662706,4.633975,2.48,0.009570032,0.001261585,-0.4071199,0.1280308,0.336647,0.02567842,2.5
2024_02_11_21_50_04_071,0.8,-0.1062055,155174.0,154409.0,24.29076,-1.6514,0.135873,6.280101,0.008658277,4.619546,2.49,0.00894905,0.001022401,-0.3534877,0.1118183,0.2612174,-0.01748838,2.5
2024_02_11_21_50_04_108,0.8,-0.08668093,155415.0,154638.0,24.28168,-1.743019,0.1358723,6.280331,0.008655407,4.607498,2.49,0.009069785,0.0008085067,-0.2990366,0.1106262,0.3567934,0.009879469,2.5
2024_02_11_21_50_04_145,0.8,-0.07137023,155661.0,154875.0,24.27128,-1.837146,0.1358722,6.280571,0.008655005,4.5972,2.49,0.008263721,0.0006633071,-0.2446916,0.05936622,0.2603829,0.02056546,2.5
2024_02_11_21_50_04_178,0.8,-0.05585374,155874.0,155082.0,24.26154,-1.918895,0.1358728,6.280783,0.008656815,4.58994,2.5,0.007958495,0.0005605737,-0.1973577,0.04053115,0.2692044,0.02064928,2.5
2024_02_11_21_50_04_216,0.8,-0.0361473,156113.0,155314.0,24.24999,-2.010572,0.1358732,6.281025,0.008657974,4.583662,2.5,0.007998846,0.0003127182,-0.1434948,0.105381,0.3563165,-0.006061047,2.5
2024_02_11_21_50_04_253,0.8,-0.02062857,156358.0,155554.0,24.23765,-2.104752,0.1358739,6.281276,0.008660508,4.57926,2.5,0.007234328,0.0002928944,-0.08997746,0.02336502,0.2677739,0.009059906,2.5
2024_02_11_21_50_04_287,0.8,-0.005093954,156569.0,155763.0,24.22663,-2.186553,0.1358758,6.281497,0.008667512,4.577099,2.5,0.006888181,0.0004177844,-0.04319781,-0.002622604,0.2654493,0.01685321,2.5
2024_02_11_21_50_04_325,0.8,0.01484964,156812.0,156004.0,24.21382,-2.28074,0.1358799,6.281754,0.008681838,4.576528,2.5,0.006890198,0.0004429824,0.01193504,-0.002384186,0.3425479,-0.05607493,2.5
2024_02_11_21_50_04_363,0.8,0.03047585,157048.0,156241.0,24.2014,-2.372414,0.1358852,6.282009,0.00870112,4.577977,2.5,0.006178656,0.0004284337,0.06497651,-0.03671646,0.2757609,0.01642294,2.5
2024_02_11_21_50_04_400,0.8,0.05046897,157290.0,156484.0,24.18889,-2.466536,0.1358906,6.282275,0.008720568,4.581551,2.5,0.00619692,0.0003467837,0.1215622,-0.03051758,0.36183,0.0428874,2.5
2024_02_11_21_50_04_433,0.8,0.06538656,157498.0,156696.0,24.17838,-2.548259,0.1358952,6.282508,0.008737188,4.586379,2.5,0.005662771,0.0003787197,0.1699919,-0.0333786,0.3358125,-0.01855567,2.5
2024_02_11_21_50_04_471,0.8,0.08105633,157738.0,156940.0,24.16689,-2.642352,0.1359011,6.282777,0.008759053,4.593919,2.49,0.004860678,0.0005192329,0.225069,-0.0989437,0.2569407,0.004634261,2.5
2024_02_11_21_50_04_503,0.8,0.09676089,157945.0,157153.0,24.15757,-2.724048,0.1359068,6.283013,0.008779774,4.602174,2.49,0.004549891,0.0006335302,0.2734293,-0.09989738,0.2799183,0.03503636,2.5
2024_02_11_21_50_04_542,0.8,0.1158809,158176.0,157393.0,24.14802,-2.815614,0.1359143,6.28328,0.008807288,4.61335,2.49,0.004481564,0.0007669161,0.328852,-0.1151562,0.3581345,-0.01106411,2.5
2024_02_11_21_50_04_574,0.8,0.1310674,158388.0,157613.0,24.14025,-2.899715,0.1359211,0.0003398194,0.008831854,4.62539,2.48,0.003978348,0.0008972716,0.3782474,-0.1266003,0.3432631,-0.003665685,2.5
2024_02_11_21_50_04_612,0.8,0.1464756,158617.0,157854.0,24.13305,-2.99118,0.1359296,0.0006066681,0.008863064,4.640392,2.48,0.003293199,0.001102224,0.4315631,-0.1347065,0.279896,0.00780262,2.5
2024_02_11_21_50_04_646,0.8,0.1617163,158827.0,158076.0,24.12773,-3.075136,0.1359382,0.0008516789,0.008894508,4.655927,2.47,0.002777313,0.001301217,0.4805456,-0.1564026,0.268653,0.004060566,2.5
2024_02_11_21_50_04_683,0.8,0.179839,159054.0,158317.0,24.12351,-3.166369,0.1359476,0.00111693,0.008929118,4.674718,2.47,0.002585267,0.001542672,0.5335606,-0.1714229,0.3373846,0.007446855,2.5
2024_02_11_21_50_04_720,0.8,0.1947288,159286.0,158566.0,24.12108,-3.259888,0.1359579,0.00138804,0.008967181,4.696026,2.46,0.001646034,0.001817676,0.5862812,-0.1628399,0.2409369,-0.03441051,2.5
2024_02_11_21_50_04_758,0.8,0.2128486,159511.0,158808.0,24.12071,-3.3507,0.1359694,0.001649029,0.00900926,4.71869,2.45,0.001453122,0.002123049,0.6375437,-0.2036095,0.3336966,-0.0004284084,2.5
2024_02_11_21_50_04_795,0.8,0.2270081,159741.0,159057.0,24.12255,-3.44365,0.1359808,0.001913748,0.009050515,4.743908,2.44,0.0004842514,0.002480935,0.6880587,-0.2200603,0.2328306,-0.0159815,2.5
2024_02_11_21_50_04_833,0.8,0.2445182,159964.0,159300.0,24.12667,-3.533759,0.135993,0.002167281,0.009095669,4.770299,2.43,0.0002307938,0.002753922,0.7369226,-0.2427101,0.3145039,0.01017377,2.5
2024_02_11_21_50_04_866,0.8,0.2580862,160161.0,159516.0,24.13239,-3.613728,0.1360043,0.002390453,0.009136964,4.795335,2.43,-0.0003593061,0.00319818,0.7793993,-0.238657,0.2959967,-0.01248158,2.5
2024_02_11_21_50_04_903,0.8,0.2716979,160388.0,159766.0,24.14149,-3.705242,0.1360177,0.002641323,0.00918671,4.825879,2.42,-0.001245433,0.003365902,0.8261742,-0.2527237,0.2199113,0.03331155,2.5
2024_02_11_21_50_04_941,0.8,0.2882073,160608.0,160009.0,24.15306,-3.793664,0.1360308,0.00287941,0.009234628,4.857307,2.41,-0.001495172,0.003935293,0.8709604,-0.3376007,0.2979636,0.02924166,2.5
2024_02_11_21_50_04_980,0.8,0.3014772,160832.0,160259.0,24.16784,-3.883632,0.1360457,0.003118562,0.009288914,4.891284,2.39,-0.002621006,0.004099953,0.9153683,-0.2381801,0.1914501,-0.02426095,2.5
2024_02_11_21_50_05_012,0.8,0.3140598,161026.0,160476.0,24.18313,-3.96096,0.136058,0.003318831,0.009334927,4.922133,2.38,-0.003149116,0.00446827,0.9523098,-0.2672672,0.1938939,-0.005094334,2.5
2024_02_11_21_50_05_049,0.8,0.3295139,161248.0,160725.0,24.20364,-4.048948,0.1360732,0.00354307,0.009390511,4.959144,2.37,-0.003342409,0.005091665,0.9941254,-0.373125,0.2638102,0.06681122,2.5
2024_02_11_21_50_05_087,0.8,0.3416574,161464.0,160968.0,24.22666,-4.133352,0.1360899,0.003753992,0.009452038,4.996672,2.36,-0.004316222,0.005435595,1.032814,-0.352621,0.1851916,0.02531893,2.5
2024_02_11_21_50_05_120,0.8,0.3531432,161656.0,161184.0,24.24975,-4.207444,0.1361046,0.003934022,0.009506308,5.031326,2.35,-0.004858857,0.006111234,1.066185,-0.4501342,0.1846552,0.006305053,2.5
2024_02_11_21_50_05_158,0.8,0.3676765,161878.0,161433.0,24.27929,-4.291059,0.1361407,0.004142813,0.009640833,5.072717,2.31,-0.004266423,0.01413471,1.120775,-2.086878,0.4249811,0.01099519,2.5
2024_02_11_21_50_05_195,0.8,0.378431,162117.0,161674.0,24.30987,-4.368802,0.1362799,0.004348409,0.01014727,5.117706,2.22,-0.01003481,0.006409569,1.2327,-0.1113415,-0.3002882,-0.08615664,2.5
2024_02_11_21_50_05_233,0.8,0.3917689,162326.0,161917.0,24.34533,-4.447238,0.1361435,0.004452273,0.009644927,5.161362,2.3,-0.006339434,-0.00414022,1.121681,1.342535,0.2557039,-0.01205131,2.5
2024_02_11_21_50_05_270,0.8,0.4020733,162541.0,162157.0,24.384,-4.523289,0.1361659,0.004693022,0.009740862,5.204114,2.26,-0.001102336,0.03559322,1.26147,-5.469322,1.026869,0.06798655,2.5
2024_02_11_21_50_05_308,0.8,0.4145114,162797.0,162404.0,24.42423,-4.596346,0.136324,0.004866661,0.01030722,5.256207,2.17,-0.0120019,0.0008340243,1.312367,1.01018,-0.3058314,-0.100784,2.5
2024_02_11_21_50_05_342,0.8,0.4240745,162973.0,162612.0,24.46322,-4.658408,0.1361756,0.004923652,0.00976216,5.296696,2.26,-0.008217379,-0.00568816,1.196663,1.751423,0.1889467,0.01351721,2.5
2024_02_11_21_50_05_379,0.8,0.4331136,163192.0,162857.0,24.51237,-4.729158,0.1361948,0.005152151,0.009849932,5.343401,2.22,-0.001442883,0.04120442,1.359694,-6.117343,1.180828,0.03455393,2.5
2024_02_11_21_50_05_417,0.8,0.4440238,163447.0,163096.0,24.55985,-4.792832,0.1363723,0.00530768,0.01048686,5.39798,2.11,-0.01357943,0.008385329,1.428622,-0.3380775,-0.2838969,-0.09687244,2.5
2024_02_11_21_50_05_455,0.8,0.4528997,163650.0,163333.0,24.61305,-4.855284,0.136207,0.00532792,0.009877476,5.447922,2.21,-0.009988782,-0.006404858,1.26117,1.973867,0.1555681,0.02854317,2.5
2024_02_11_21_50_05_493,0.8,0.4607123,163855.0,163570.0,24.66991,-4.915222,0.1361717,0.005486112,0.009763288,5.49508,2.21,-0.001260489,0.038486,1.354108,-6.990432,1.725495,0.1937579,2.5
2024_02_11_21_50_05_525,0.8,0.4688565,164097.0,163789.0,24.72116,-4.965972,0.1363941,0.005676794,0.01057012,5.547618,2.07,-0.0154095,0.01612571,1.558726,-1.455545,-0.3370642,-0.001804903,2.5
2024_02_11_21_50_05_562,0.8,0.475345,164308.0,164018.0,24.77908,-5.016747,0.1362934,0.005658685,0.01018952,5.600874,2.14,-0.01448388,-0.0167951,1.331839,3.526449,-0.1937747,0.07284805,2.5
2024_02_11_21_50_05_595,0.8,0.4817037,164478.0,164224.0,24.83578,-5.060892,0.1361585,0.005703426,0.009704055,5.644202,2.21,-0.0100197,-0.0001737825,1.312623,0.9958743,0.3150701,0.04631094,2.5
2024_02_11_21_50_05_628,0.8,0.4876717,164699.0,164443.0,24.89528,-5.103682,0.1363446,0.005958557,0.01039754,5.69376,2.07,-0.0137395,0.03554648,1.660968,-4.281759,-0.1835823,-0.005846843,2.5
2024_02_11_21_50_05_667,0.8,0.4944543,164943.0,164674.0,24.95819,-5.14494,0.1364153,0.005969209,0.01064305,5.752966,2.03,-0.01734881,0.0005325135,1.490709,1.427173,-0.4062056,-0.0576619,2.5
2024_02_11_21_50_05_704,0.8,0.4993473,165134.0,164907.0,25.02795,-5.18373,0.1361925,0.005920207,0.009826031,5.805592,2.16,-0.01218754,-0.006128545,1.345259,2.091408,0.14925,0.0707712,2.5
2024_02_11_21_50_05_742,0.8,0.5049226,165349.0,165142.0,25.0998,-5.218869,0.1362559,0.006119944,0.01007875,5.857288,2.09,-0.00460139,0.04793737,1.595507,-6.451845,1.222908,0.01448579,2.5
2024_02_11_21_50_05_778,0.8,0.5088822,165614.0,165381.0,25.17001,-5.25002,0.1364278,0.00619398,0.01069211,5.920866,1.99,-0.01816602,0.01031866,1.598657,-0.2478361,-0.3858506,-0.04532747,2.5
2024_02_11_21_50_05_811,0.8,0.5123436,165789.0,165581.0,25.23312,-5.272783,0.1362567,0.006107694,0.01005765,5.969506,2.1,-0.01553416,-0.01443301,1.390297,3.648042,-0.2174973,0.03981031,2.5
2024_02_11_21_50_05_850,0.8,0.5160224,165984.0,165818.0,25.31131,-5.295976,0.1361247,0.006135391,0.009585716,6.021706,2.17,-0.009233784,0.01315967,1.392683,-1.516104,0.6489455,0.1514256,2.5
2024_02_11_21_50_05_883,0.8,0.5184656,166217.0,166029.0,25.37736,-5.313026,0.1363855,0.00636602,0.01054428,6.075451,1.99,-0.01854361,0.02531251,1.742616,-2.275825,-0.4972517,-0.08935108,2.5
2024_02_11_21_50_05_921,0.8,0.5204327,166451.0,166261.0,25.45131,-5.327621,0.1363552,0.006291452,0.01041694,6.136852,2.02,-0.01958273,-0.02134251,1.466659,5.485534,-0.602752,-0.1260564,2.5
2024_02_11_21_50_05_958,0.8,0.5222183,166630.0,166487.0,25.52839,-5.337106,0.1361273,0.006223275,0.009589927,6.188747,2.15,-0.01299309,-0.004112886,1.378221,2.003908,0.1020431,-0.08744187,2.5
2024_02_11_21_50_05_995,0.8,0.5231278,166859.0,166729.0,25.60941,-5.342959,0.1362591,0.006451241,0.01009167,6.244409,2.05,-0.008728405,0.04870941,1.714691,-6.258487,0.7344484,-0.005815178,2.5
2024_02_11_21_50_06_033,0.8,0.5235925,167115.0,166960.0,25.683,-5.345304,0.1364028,0.006453372,0.01060138,0.02492985,1.97,-0.01937161,0.009824898,1.624827,0.03635883,-0.4553497,-0.1011994,2.5
2024_02_11_21_50_06_071,0.8,0.523439,167304.0,167183.0,25.75793,-5.341884,0.1361852,0.006320214,0.009797876,0.07978138,2.11,-0.01557855,-0.0121807,1.39939,3.30925,-0.1289845,0.05496479,2.5
2024_02_11_21_50_06_108,0.8,0.5225734,167503.0,167421.0,25.83892,-5.333316,0.1360988,0.006351639,0.009497156,0.1327618,2.14,-0.007070092,0.03152815,1.441869,-5.399465,1.146048,0.1697764,2.5
2024_02_11_21_50_06_145,0.8,0.5213631,167767.0,167656.0,25.91332,-5.322665,0.136368,0.006524744,0.01047749,0.1950584,1.98,-0.01960482,0.01737164,1.698804,-1.098871,-0.5088747,-0.1013242,2.5
2024_02_11_21_50_06_183,0.8,0.5191982,167975.0,167886.0,25.98785,-5.306528,0.136208,0.006385195,0.009880531,0.2536016,2.08,-0.01716488,-0.01556899,1.417249,3.732443,-0.2700984,0.03784709,2.5
2024_02_11_21_50_06_220,0.8,0.5169618,168161.0,168115.0,26.06377,-5.284835,0.1360586,0.006353237,0.009341998,0.3050134,2.17,-0.01216176,0.002338698,1.382802,1.034498,0.2105832,0.06212294,2.5
2024_02_11_21_50_06_258,0.8,0.5134096,168415.0,168358.0,26.13947,-5.259644,0.1363001,0.006556703,0.01023473,0.3644664,2.01,-0.01870018,0.02955918,1.741359,-2.698421,-0.5609989,-0.07146038,2.5
2024_02_11_21_50_06_294,0.8,0.5100965,168639.0,168585.0,26.2084,-5.232344,0.1362562,0.006439523,0.01005437,0.4238277,2.06,-0.01975426,-0.02413556,1.442438,5.726814,-0.6288289,-0.06755255,2.5
2024_02_11_21_50_06_329,0.8,0.5063095,168805.0,168794.0,26.27337,-5.201333,0.1360667,0.006359096,0.009369468,0.4711276,2.16,-0.01334459,-0.003163422,1.366496,2.091169,0.03379583,-0.000314787,2.5
2024_02_11_21_50_06_366,0.8,0.5010916,169027.0,169030.0,26.34352,-5.163682,0.1361857,0.006513027,0.00982279,0.524329,2.07,-0.009854953,0.04589779,1.64973,-5.577325,0.5306602,-0.02268329,2.5
2024_02_11_21_50_06_399,0.8,0.4962647,169250.0,169237.0,26.40127,-5.129868,0.1362911,0.006470949,0.0101905,0.5786165,2.03,-0.01987103,-0.0004219525,1.528217,2.264738,-0.670135,-0.04682131,2.5
2024_02_11_21_50_06_437,0.8,0.4909385,169439.0,169471.0,26.46731,-5.08456,0.1360603,0.006338323,0.009345307,0.6317524,2.17,-0.01372128,-0.005466178,1.345077,2.368212,-0.006794929,0.02079457,2.5
2024_02_11_21_50_06_474,0.8,0.4839361,169639.0,169706.0,26.5317,-5.034964,0.1360263,0.006368683,0.009234935,0.681635,2.18,-0.005701641,0.03910015,1.40966,-6.639003,1.32662,0.2390258,2.5
2024_02_11_21_50_06_508,0.8,0.4774264,169878.0,169924.0,26.58655,-4.989707,0.1362496,0.006445382,0.01004357,0.7356833,2.05,-0.01899314,0.01279462,1.566448,-0.2472401,-0.6355047,-0.06763451,2.5
2024_02_11_21_50_06_541,0.8,0.4710238,170051.0,170127.0,26.63725,-4.942321,0.136086,0.006308496,0.009436863,0.7824665,2.17,-0.01533305,-0.01024176,1.330385,3.136873,-0.239253,-0.02303161,2.5
2024_02_11_21_50_06_578,0.8,0.4638963,170249.0,170368.0,26.69529,-4.881716,0.1359687,0.006266951,0.009014011,0.8321254,2.24,-0.0118128,0.00258791,1.298511,1.195908,0.09441375,-0.01845509,2.5
2024_02_11_21_50_06_612,0.8,0.4565244,170448.0,170582.0,26.74369,-4.826441,0.1360799,0.006362824,0.009436116,0.8767515,2.16,-0.008744024,0.0457297,1.514627,-5.861759,0.5476475,0.01279265,2.5
2024_02_11_21_50_06_645,0.8,0.4481438,170666.0,170792.0,26.78796,-4.772387,0.1361777,0.006294115,0.009773288,0.9267247,2.13,-0.01864359,-0.01005664,1.389559,4.187107,-0.7203221,-0.1713838,2.5
2024_02_11_21_50_06_683,0.8,0.4381135,170860.0,171031.0,26.83654,-4.704627,0.1359918,0.006175871,0.009095923,0.9758339,2.24,-0.0129767,-0.002827838,1.251399,1.985788,-0.05215406,0.01658686,2.5
2024_02_11_21_50_06_716,0.8,0.4293635,171038.0,171243.0,26.87716,-4.64178,0.1359289,0.00614551,0.008868587,1.016834,2.29,-0.0114185,0.004329047,1.239876,0.778675,0.07683039,0.07513911,2.5
2024_02_11_21_50_06_754,0.8,0.4201266,171277.0,171492.0,26.92077,-4.568027,0.1360955,0.006208361,0.009488333,1.066888,2.18,-0.01474505,0.03190508,1.463403,-3.226995,-0.4389882,-0.03043935,2.5
2024_02_11_21_50_06_791,0.8,0.4079631,171492.0,171727.0,26.95882,-4.49643,0.1360294,0.006054963,0.009229981,1.116348,2.24,-0.01479383,-0.008875223,1.217377,2.774238,-0.3327131,-0.01824647,2.5
2024_02_11_21_50_06_829,0.8,0.3981723,171696.0,171971.0,26.99513,-4.417692,0.1359257,0.005978264,0.00885593,1.161276,2.31,-0.01137179,0.002017709,1.166011,1.076698,0.03266335,-0.002438203,2.5
2024_02_11_21_50_06_862,0.8,0.3876974,171881.0,172187.0,27.0242,-4.346818,0.1359133,0.005943643,0.008813369,1.199738,2.33,-0.01124074,0.008766027,1.167736,-0.06699562,0.02515316,0.09601376,2.5
2024_02_11_21_50_06_899,0.8,0.3742541,172091.0,172429.0,27.05363,-4.266006,0.1359282,0.005873336,0.008865559,1.242767,2.33,-0.01298888,0.004057453,1.146405,0.822544,-0.2856851,-0.01571327,2.5
2024_02_11_21_50_06_936,0.8,0.362996,172305.0,172678.0,27.08045,-4.181091,0.1359093,0.005784386,0.00879766,1.285569,2.35,-0.01164611,0.00705478,1.113201,0.1542568,-0.1006424,0.02709962,2.5
2024_02_11_21_50_06_970,0.8,0.3515255,172493.0,172895.0,27.10092,-4.106165,0.1359161,0.005707687,0.008821915,1.321919,2.36,-0.01218188,0.006011427,1.087594,0.3230571,-0.1878738,0.004205853,2.5
2024_02_11_21_50_07_007,0.8,0.3367128,172710.0,173145.0,27.12123,-4.018667,0.1359126,0.005604356,0.008808706,1.362516,2.37,-0.01210468,0.005810866,1.050341,0.2701283,-0.2179146,0.03497116,2.5
2024_02_11_21_50_07_044,0.8,0.3245076,172922.0,173388.0,27.13771,-3.932366,0.135912,0.005497297,0.008806589,1.400713,2.38,-0.01196923,0.005394254,1.014245,0.2810955,-0.2160668,-0.08017755,2.5
2024_02_11_21_50_07_082,0.8,0.3088572,173141.0,173639.0,27.15132,-3.842764,0.1359096,0.005376922,0.008797197,1.438475,2.39,-0.01201368,0.00497883,0.9740282,0.2732277,-0.2552569,0.01554564,2.5
2024_02_11_21_50_07_120,0.8,0.2962771,173355.0,173883.0,27.16142,-3.754718,0.1359074,0.005251754,0.008788827,1.473769,2.4,-0.01164821,0.004699407,0.9344314,0.2403259,-0.2097487,-0.0118874,2.5
2024_02_11_21_50_07_153,0.8,0.2831253,173553.0,174107.0,27.16805,-3.673234,0.135905,0.005128183,0.00877984,1.504866,2.41,-0.01132229,0.004341653,0.8958791,0.2658367,-0.2097785,-0.01174956,2.5
2024_02_11_21_50_07_186,0.8,0.2697105,173746.0,174324.0,27.17212,-3.593704,0.135902,0.004999819,0.00876841,1.533758,2.42,-0.01129935,0.00408039,0.8567459,0.190258,-0.2047717,0.02994574,2.5
2024_02_11_21_50_07_224,0.8,0.2527354,173964.0,174568.0,27.17403,-3.504119,0.1358989,0.004848018,0.008756768,1.564598,2.43,-0.01149146,0.003521102,0.8110349,0.2682209,-0.299722,-0.02721138,2.5
2024_02_11_21_50_07_262,0.8,0.2385841,174188.0,174819.0,27.17319,-3.411761,0.1358962,0.004683968,0.008746129,1.594521,2.44,-0.01103123,0.003332942,0.7646416,0.159502,-0.2342462,0.006550923,2.5
2024_02_11_21_50_07_299,0.8,0.2206582,174408.0,175062.0,27.16979,-3.321585,0.1358927,0.004512993,0.008732826,1.621891,2.44,-0.01127799,0.002819523,0.7155887,0.2574921,-0.3331601,-0.0004209578,2.5
2024_02_11_21_50_07_334,0.8,0.2064879,174611.0,175286.0,27.16454,-3.238566,0.13589,0.004350008,0.008722307,1.645458,2.45,-0.01094615,0.002546801,0.6710922,0.2193451,-0.3117621,0.06818399,2.5
2024_02_11_21_50_07_371,0.8,0.192137,174834.0,175529.0,27.15667,-3.148127,0.1358873,0.004164652,0.00871243,1.669363,2.46,-0.01033702,0.002331884,0.6219602,0.1857281,-0.2522171,0.002527609,2.5
2024_02_11_21_50_07_404,0.8,0.1776302,175033.0,175745.0,27.14788,-3.067423,0.1358847,0.003991546,0.008702653,1.689114,2.46,-0.01012139,0.001993363,0.5767571,0.1451969,-0.2510548,-0.02056733,2.5
2024_02_11_21_50_07_441,0.8,0.1587993,175263.0,175994.0,27.13584,-2.974473,0.1358815,0.003784884,0.008690794,1.709992,2.47,-0.01021375,0.001749645,0.5232593,0.159502,-0.334084,-0.01239218,2.5
2024_02_11_21_50_07_479,0.8,0.1440651,175489.0,176236.0,27.12231,-2.883992,0.1358794,0.003577158,0.008682829,1.728386,2.48,-0.009620818,0.001506027,0.4721264,0.1344681,-0.2577901,0.006243586,2.5
2024_02_11_21_50_07_516,0.8,0.1247836,175722.0,176485.0,27.10675,-2.791114,0.1358771,0.003356116,0.008673862,1.745265,2.48,-0.00962049,0.001240306,0.4175671,0.1163483,-0.3495216,0.002458691,2.5
2024_02_11_21_50_07_554,0.8,0.1097696,175950.0,176726.0,27.09015,-2.700746,0.135876,0.003135073,0.008669133,1.759722,2.49,-0.009058239,0.001059803,0.3651757,0.09846687,-0.2707839,-0.02478994,2.5
2024_02_11_21_50_07_587,0.8,0.09411326,176161.0,176947.0,27.07381,-2.617773,0.135875,0.002925216,0.008665504,1.771259,2.49,-0.008780706,0.0007802638,0.3156778,0.1270771,-0.2627969,-0.02889521,2.5
2024_02_11_21_50_07_631,0.8,0.07466987,176416.0,177213.0,27.0529,-2.517802,0.1358747,0.002666889,0.008664282,1.782942,2.49,-0.008460745,0.0006674048,0.256225,0.07867812,-0.2768636,0.005727633,2.5
2024_02_11_21_50_07_666,0.8,0.05478113,176653.0,177459.0,27.03256,-2.425231,0.1358751,0.002422411,0.008665238,1.791631,2.5,-0.0084389,0.0004930343,0.2009055,0.06151199,-0.3618002,0.04366599,2.5
2024_02_11_21_50_07_705,0.8,0.03938841,176886.0,177697.0,27.01206,-2.335151,0.1358752,0.002180596,0.00866561,1.798046,2.5,-0.007687804,0.0003906853,0.1477142,0.03123283,-0.2782345,0.04738941,2.5
2024_02_11_21_50_07_743,0.8,0.02156887,177125.0,177942.0,26.99049,-2.24267,0.1358759,0.001929727,0.008667469,1.802613,2.5,-0.007313192,0.0002019133,0.09397955,0.0603199,-0.2803206,0.02404488,2.5
2024_02_11_21_50_07_776,0.8,0.004073376,177334.0,178154.0,26.97147,-2.162365,0.1358774,0.001708152,0.008673004,1.804898,2.5,-0.007283027,0.0003367838,0.04612814,0.0002384186,-0.3477931,0.02440065,2.5
2024_02_11_21_50_07_813,0.8,-0.01154261,177576.0,178397.0,26.94942,-2.069911,0.1358808,0.001453021,0.008685284,1.805652,2.5,-0.006638912,0.0004157595,-0.006381041,-0.04029274,-0.2767444,0.0009331852,2.5
2024_02_11_21_50_07_849,0.8,-0.02882134,177812.0,178633.0,26.928,-1.979913,0.1358856,0.001199488,0.008702748,1.804404,2.5,-0.006223887,0.0003786646,-0.05978027,-0.02193451,-0.274539,0.01649559,2.5
2024_02_11_21_50_07_883,0.8,-0.04446621,178029.0,178849.0,26.90849,-1.897215,0.1358901,0.0009624664,0.008718747,1.801491,2.5,-0.005769172,0.0004198662,-0.1095351,-0.06890297,-0.2613068,-0.01813099,2.5
2024_02_11_21_50_07_921,0.8,-0.06420733,178267.0,179083.0,26.88764,-1.807196,0.1358952,0.0007014766,0.008737442,1.796387,2.5,-0.005815768,0.0004360033,-0.1649095,-0.08440017,-0.3579259,-0.006955117,2.5
2024_02_11_21_50_07_958,0.8,-0.07944974,178511.0,179323.0,26.86684,-1.714699,0.1359011,0.0004324974,0.00875897,1.789042,2.49,-0.004859838,0.0004587414,-0.219942,-0.02622604,-0.2450943,-0.1103412,2.5
2024_02_11_21_50_07_991,0.8,-0.09482606,178724.0,179530.0,26.84942,-1.634321,0.1359064,0.0001965413,0.008778628,1.780951,2.49,-0.004481812,0.0005157875,-0.268208,-0.07843971,-0.2594292,-0.02665818,2.5
2024_02_11_21_50_08_028,0.8,-0.1141011,178964.0,179761.0,26.83077,-1.544139,0.1359136,0.004034156,0.008804489,1.76997,2.49,-0.004484836,0.0007843781,-0.3236973,-0.1451969,-0.3540516,0.007642433,2.5
2024_02_11_21_50_08_066,0.8,-0.1299335,179210.0,179998.0,26.81277,-1.451456,0.1359217,6.282841,0.008834293,1.756592,2.48,-0.003645934,0.0009003954,-0.3790007,-0.0989437,-0.2683103,-0.03413484,2.5
2024_02_11_21_50_08_103,0.8,-0.1473282,179451.0,180227.0,26.79659,-1.361151,0.1359301,6.282573,0.008865178,1.741525,2.48,-0.003315033,0.001186487,-0.4333016,-0.1711845,-0.2956688,-0.007357448,2.5
2024_02_11_21_50_08_137,0.8,-0.1618156,179673.0,180437.0,26.78302,-1.278125,0.1359384,6.282328,0.008895159,1.725931,2.47,-0.002633468,0.001411383,-0.4818946,-0.1957416,-0.2583563,-0.01569837,2.5
2024_02_11_21_50_08_174,0.8,-0.1801222,179914.0,180664.0,26.76983,-1.187747,0.135948,6.282063,0.00893078,1.707106,2.47,-0.002560288,0.001565039,-0.5343843,-0.1645088,-0.3467202,0.06067007,2.5
2024_02_11_21_50_08_209,0.8,-0.1945758,180136.0,180872.0,26.75933,-1.104698,0.1359577,6.281821,0.008965996,1.688109,2.46,-0.001964194,0.001854567,-0.5818682,-0.187397,-0.3036857,-0.0349246,2.5
2024_02_11_21_50_08_245,0.8,-0.2094676,180379.0,181097.0,26.7498,-1.014363,0.1359687,6.28156,0.009006022,1.665617,2.45,-0.001186101,0.002078675,-0.6323534,-0.1807213,-0.2495497,0.02224557,2.5
2024_02_11_21_50_08_283,0.8,-0.2270878,180628.0,181327.0,26.74224,-0.921685,0.1359805,6.281294,0.009049813,1.640563,2.44,-0.000761563,0.002423742,-0.6843037,-0.2233982,-0.2995729,0.01441128,2.5
2024_02_11_21_50_08_320,0.8,-0.2413768,180871.0,181549.0,26.73722,-0.8315948,0.1359922,6.281041,0.009092552,1.614333,2.43,-4.738849e-05,0.002717698,-0.7321277,-0.2362728,-0.2466142,0.02598762,2.5
2024_02_11_21_50_08_358,0.8,-0.258646,181120.0,181777.0,26.73462,-0.7393019,0.1360049,6.280783,0.009139677,1.585539,2.42,0.0003167614,0.003198901,-0.7817707,-0.2839565,-0.2934486,0.01805462,2.5
2024_02_11_21_50_08_391,0.8,-0.27253,181337.0,181974.0,26.73459,-0.6594232,0.1360168,6.280564,0.009183207,1.559039,2.42,0.0008199811,0.003431769,-0.8233221,-0.2803802,-0.3056526,0.0636708,2.5
2024_02_11_21_50_08_428,0.8,-0.2853628,181580.0,182193.0,26.73712,-0.5702512,0.1360301,6.280326,0.009231988,1.527736,2.41,0.001787303,0.003818239,-0.8673349,-0.2529621,-0.2113581,-0.008773059,2.5
2024_02_11_21_50_08_466,0.8,-0.3016545,181830.0,182418.0,26.74267,-0.4792041,0.1360441,6.280087,0.009283743,1.49391,2.39,0.00215471,0.004255007,-0.9116602,-0.360012,-0.2871156,0.06714649,2.5
2024_02_11_21_50_08_503,0.8,-0.3143784,182073.0,182635.0,26.75105,-0.3912012,0.1360582,6.279862,0.009335233,1.459386,2.38,0.002968702,0.004509182,-0.9528952,-0.2746582,-0.1995861,-0.01668371,2.5
2024_02_11_21_50_08_541,0.8,-0.3297306,182323.0,182858.0,26.76283,-0.3016315,0.136074,6.279638,0.00939378,1.422354,2.37,0.003478491,0.005184275,-0.9947873,-0.3857612,-0.2511144,-0.005185604,2.5
2024_02_11_21_50_08_574,0.8,-0.3420518,182539.0,183050.0,26.77571,-0.2246572,0.136088,6.27945,0.009445191,1.388938,2.36,0.003957646,0.005432837,-1.029182,-0.3476143,-0.2429485,0.01708977,2.5
2024_02_11_21_50_08_612,0.8,-0.3534655,182788.0,183271.0,26.79368,-0.1371105,0.1361059,6.279243,0.009510519,1.349075,2.34,0.005064003,0.006039068,-1.067524,-0.3738403,-0.1543164,-0.03956258,2.5
2024_02_11_21_50_08_651,0.8,-0.3683864,183030.0,183488.0,26.81436,-0.05328977,0.1361411,6.279039,0.009642327,1.308739,2.31,0.004132291,0.01439931,-1.121816,-2.137661,-0.4422068,-0.01187995,2.5
2024_02_11_21_50_08_683,0.8,-0.3787221,183246.0,183702.0,26.83455,0.01853555,0.1362775,6.278845,0.01014005,1.268612,2.22,0.009375766,0.01063598,-1.250022,-0.9069442,0.2093315,-0.01601502,2.5
2024_02_11_21_50_08_716,0.8,-0.3895919,183462.0,183891.0,26.85852,0.09132168,0.1361644,6.278764,0.009720303,1.229014,2.29,0.00676498,-0.006232239,-1.122954,1.533508,-0.2345443,-0.007122755,2.5
2024_02_11_21_50_08_754,0.8,-0.3997161,183702.0,184099.0,26.88887,0.1711108,0.1361219,6.27857,0.009572088,1.186947,2.3,0.004537745,0.01280522,-1.172287,-1.819849,-0.5708933,0.05694106,2.5
2024_02_11_21_50_08_787,0.8,-0.4096792,183925.0,184332.0,26.91798,0.2409858,0.1363198,6.278339,0.01029684,1.141452,2.17,0.01211775,0.01392498,-1.390023,-1.307249,0.3855228,-0.06800331,2.5
2024_02_11_21_50_08_824,0.8,-0.4215651,184158.0,184539.0,26.95305,0.3143058,0.136207,6.278283,0.009875691,1.094268,2.24,0.00915141,-0.008271484,-1.204353,2.147675,-0.09131431,0.06981194,2.5
2024_02_11_21_50_08_862,0.8,-0.4309146,184402.0,184749.0,26.9943,0.3898767,0.1361498,6.278114,0.009677151,1.048271,2.26,0.004331697,0.0214059,-1.256941,-3.633499,-0.8849501,0.1389533,2.5
2024_02_11_21_50_08_895,0.8,-0.4395061,184617.0,184980.0,27.03061,0.4516896,0.1363606,6.277901,0.01044684,1.000582,2.12,0.01391842,0.01523518,-1.480587,-1.396179,0.3936886,-0.07277168,2.5
2024_02_11_21_50_08_933,0.8,-0.4501211,184848.0,185189.0,27.07438,0.5175681,0.1362522,6.277884,0.01004016,0.9501839,2.19,0.01163705,-0.01201425,-1.271482,2.734661,0.02241134,0.01721643,2.5
2024_02_11_21_50_08_969,0.8,-0.4577633,185089.0,185392.0,27.12519,0.5851678,0.1361409,6.277776,0.009641107,0.9022135,2.24,0.007574131,0.00683673,-1.279047,-0.4086494,-0.4979372,0.1061354,2.5
2024_02_11_21_50_09_003,0.8,-0.465126,185303.0,185618.0,27.1701,0.6407171,0.1363625,6.27753,0.01045871,0.8537631,2.09,0.01495516,0.02499954,-1.597323,-2.646208,0.4231929,-0.01601502,2.5
2024_02_11_21_50_09_041,0.8,-0.4739192,185540.0,185854.0,27.22261,0.6994329,0.1363589,6.27752,0.01043017,0.7968407,2.1,0.01613606,-0.01789223,-1.370226,4.635096,0.4583001,-0.1858976,2.5
2024_02_11_21_50_09_074,0.8,-0.4803447,185745.0,186020.0,27.2733,0.7492882,0.1361835,6.27751,0.009793541,0.7531867,2.19,0.01075554,-0.003924367,-1.308164,1.728058,-0.1920462,-0.01164339,2.5
2024_02_11_21_50_09_108,0.8,-0.4863712,185956.0,186211.0,27.32718,0.7977535,0.1362293,6.277324,0.00997998,0.7086267,2.14,0.002337249,0.04702237,-1.511399,-6.476402,-1.399279,0.03076903,2.5
2024_02_11_21_50_09_144,0.8,-0.49199,186198.0,186478.0,27.38705,0.8481646,0.1364229,6.277206,0.01067417,0.6468025,2.02,0.01682806,0.01195824,-1.574064,-0.6737708,0.3336072,0.03072619,2.5
2024_02_11_21_50_09_183,0.8,-0.4983663,186423.0,186677.0,27.44868,0.8929291,0.1362557,6.277268,0.01005397,0.5933022,2.13,0.01444349,-0.01362673,-1.357617,3.299236,0.1120567,0.03368035,2.5
2024_02_11_21_50_09_219,0.8,-0.5029704,186661.0,186874.0,27.51813,0.9372562,0.1361332,6.277214,0.009615281,0.5420918,2.19,0.008830745,0.01171307,-1.367752,-1.268864,-0.6005764,0.04795752,2.5
2024_02_11_21_50_09_257,0.8,-0.507998,186899.0,187135.0,27.58457,0.9762441,0.1364032,6.276974,0.01060698,0.4825067,2.01,0.01807496,0.02126057,-1.698734,-1.924753,0.4512071,-0.0322219,2.5
2024_02_11_21_50_09_294,0.8,-0.5115722,187131.0,187363.0,27.65248,1.010609,0.1363506,6.277036,0.01039876,0.4227422,2.05,0.01881343,-0.02354973,-1.430833,5.622148,0.5576015,-0.1418702,2.5
2024_02_11_21_50_09_329,0.8,-0.5146977,187333.0,187524.0,27.71659,1.037853,0.1361558,6.277076,0.009692957,0.377028,2.16,0.01265015,-0.004828193,-1.366346,2.127171,-0.09769201,0.02758018,2.5
2024_02_11_21_50_09_366,0.8,-0.5180224,187575.0,187756.0,27.79272,1.066116,0.1362918,6.276838,0.01020922,0.3214776,2.05,0.01002395,0.04505642,-1.70711,-5.643606,-0.5232692,0.009402633,2.5
2024_02_11_21_50_09_403,0.8,-0.5199803,187806.0,188010.0,27.86286,1.088917,0.1364196,6.276832,0.01066174,0.2584779,1.97,0.01902265,0.007878395,-1.601378,0.2815723,0.4255771,-0.03326871,2.5
2024_02_11_21_50_09_437,0.8,-0.5216449,188011.0,188183.0,27.92999,1.105346,0.1362133,6.276943,0.009900093,0.2084456,2.1,0.01538128,-0.01227064,-1.397853,3.353357,0.148952,0.0173077,2.5
2024_02_11_21_50_09_474,0.8,-0.5229499,188242.0,188379.0,28.00775,1.119813,0.1361497,6.276882,0.00968708,0.156735,2.11,0.002803153,0.04517706,-1.477222,-7.932424,-1.996845,0.2629459,2.5
2024_02_11_21_50_09_507,0.8,-0.5235023,188452.0,188617.0,28.07373,1.129872,0.1363922,6.276717,0.01056628,0.100765,1.97,0.01924682,0.01865315,-1.714241,-1.360297,0.4656613,-0.0330694,2.5
2024_02_11_21_50_09_545,0.8,-0.5235708,188681.0,188830.0,28.14921,1.136202,0.1362517,6.276841,0.01003839,0.04142867,2.07,0.01785035,-0.01890568,-1.427952,4.338264,0.3871917,0.0571832,2.5
2024_02_11_21_50_09_582,0.8,-0.5230086,188910.0,189013.0,28.2278,1.137519,0.1360798,6.276877,0.009418889,6.273012,2.17,0.01203126,0.001614969,-1.385484,1.15633,-0.2153516,0.05414523,2.5
2024_02_11_21_50_09_620,0.8,-0.5219951,189153.0,189268.0,28.30724,1.135437,0.1363275,6.276645,0.01033532,6.213039,2.0,0.01851263,0.03107076,-1.765826,-3.003359,0.4989803,-0.0536777,2.5
2024_02_11_21_50_09_657,0.8,-0.5201399,189379.0,189499.0,28.38035,1.12948,0.1363209,6.276739,0.01029282,6.15227,2.02,0.0202884,-0.01962904,-1.486189,5.386114,0.6432533,-0.1472086,2.5
2024_02_11_21_50_09_695,0.8,-0.5180433,189612.0,189683.0,28.45905,1.117154,0.1360915,6.276833,0.009459684,6.098648,2.15,0.01334676,-0.003285227,-1.382383,2.088785,-0.05325675,0.0375323,2.5
2024_02_11_21_50_09_732,0.8,-0.5149014,189847.0,189905.0,28.53646,1.100958,0.1362129,6.276657,0.009922325,6.044742,2.05,0.008977853,0.04780032,-1.680948,-6.003141,-0.7179081,0.05403719,2.5
2024_02_11_21_50_09_770,0.8,-0.511757,190084.0,190162.0,28.61028,1.082275,0.136329,6.276694,0.01032855,5.981047,2.0,0.02019848,-0.002157087,-1.545049,2.566457,0.6614327,-0.1200661,2.5
2024_02_11_21_50_09_808,0.8,-0.5072018,190310.0,190343.0,28.68333,1.057698,0.1360939,6.276821,0.009467385,5.928396,2.15,0.01417642,-0.006324609,-1.37253,2.53129,0.03635883,0.00121817,2.5
2024_02_11_21_50_09_845,0.8,-0.5030794,190550.0,190551.0,28.75988,1.027126,0.1360849,6.276755,0.009453406,5.875806,2.13,0.002330111,0.04973029,-1.491845,-7.416963,-1.83934,0.1438074,2.5
2024_02_11_21_50_09_883,0.8,-0.4972617,190785.0,190811.0,28.82917,0.9964615,0.1362992,6.27669,0.01022388,5.814852,2.02,0.01934337,0.009980575,-1.587727,0.1897812,0.5771518,-0.02820417,2.5
2024_02_11_21_50_09_922,0.8,-0.4919599,191018.0,191005.0,28.89902,0.959238,0.1360899,6.276835,0.009452343,5.760413,2.15,0.01469113,-0.008092819,-1.355088,2.75135,0.1016259,-0.02304464,2.5
2024_02_11_21_50_09_955,0.8,-0.4856179,191226.0,191176.0,28.96077,0.9218268,0.135996,6.276853,0.009114196,5.716136,2.21,0.0116763,0.004828453,-1.341931,0.7197856,-0.174284,0.004408881,2.5
2024_02_11_21_50_09_996,0.8,-0.4787264,191496.0,191458.0,29.03543,0.8723845,0.1362413,6.276726,0.01001549,5.652253,2.06,0.0188004,0.01796786,-1.606205,-1.074076,0.621438,-0.04606135,2.5
2024_02_11_21_50_10_030,0.8,-0.4721847,191700.0,191639.0,29.09049,0.8309814,0.1361148,6.276862,0.009541315,5.604196,2.15,0.01609246,-0.01217987,-1.346234,3.2413,0.2619624,0.02008676,2.5
2024_02_11_21_50_10_067,0.8,-0.4652405,191939.0,191835.0,29.15416,0.7769964,0.1359795,6.276917,0.009052499,5.554336,2.23,0.01199345,0.0006543063,-1.297665,1.416206,-0.1155734,0.06348267,2.5
2024_02_11_21_50_10_103,0.8,-0.4576536,192179.0,192057.0,29.21431,0.7208811,0.136094,6.276814,0.009487009,5.504273,2.15,0.009429613,0.0451689,-1.532212,-5.553483,-0.4509687,0.01036189,2.5
2024_02_11_21_50_10_141,0.8,-0.4464093,192420.0,192296.0,29.2709,0.663498,0.1361265,6.276925,0.009582174,5.447832,2.16,0.01754748,-0.0174119,-1.331184,4.069567,0.5382895,-0.01224503,2.5
2024_02_11_21_50_10_174,0.8,-0.4377823,192628.0,192465.0,29.31875,0.6085115,0.1359839,6.277011,0.009066973,5.405629,2.25,0.01288696,-0.003057481,-1.249303,1.928806,0.03123283,0.01537427,2.5
2024_02_11_21_50_10_211,0.8,-0.4290199,192866.0,192667.0,29.37089,0.5426289,0.1359344,6.277032,0.008890456,5.359544,2.28,0.01094361,0.009005948,-1.251346,-0.04601478,-0.1376271,0.0362657,2.5
2024_02_11_21_50_10_249,0.8,-0.4175358,193115.0,192917.0,29.42066,0.4744948,0.1361352,6.276999,0.009626226,5.307505,2.16,0.01753203,0.01511242,-1.423166,-0.6270409,0.7104277,-0.03911741,2.5
2024_02_11_21_50_10_286,0.8,-0.4077917,193349.0,193116.0,29.46527,0.4059632,0.135995,6.277152,0.009105966,5.260305,2.26,0.01324401,-0.005017726,-1.196854,2.140284,0.115037,0.04871562,2.5
2024_02_11_21_50_10_320,0.8,-0.397709,193568.0,193301.0,29.5045,0.3386372,0.1359199,6.277208,0.008835034,5.220308,2.31,0.01142639,0.002712117,-1.166844,1.015663,-0.01353025,-0.008918345,2.5
2024_02_11_21_50_10_358,0.8,-0.384856,193810.0,193510.0,29.54459,0.2626291,0.13592,6.277246,0.008838719,5.17707,2.32,0.01156244,0.01125933,-1.173885,-0.4742145,0.05453825,0.003462657,2.5
2024_02_11_21_50_10_395,0.8,-0.3737929,194059.0,193737.0,29.58211,0.1837808,0.136025,6.277295,0.009225407,5.131859,2.26,0.01322926,0.02088027,-1.221614,-2.080202,0.2374053,0.00118278,2.5
2024_02_11_21_50_10_428,0.8,-0.3628959,194271.0,193924.0,29.61156,0.1148254,0.1359716,6.27744,0.009018902,5.093559,2.31,0.01355397,-0.006811809,-1.095652,2.287388,0.2717972,-0.009607524,2.5
2024_02_11_21_50_10_466,0.8,-0.3482317,194518.0,194136.0,29.64294,0.03158277,0.135899,6.27753,0.008758497,5.052913,2.36,0.01117558,0.003860421,-1.056857,0.6074905,0.04714727,0.04660152,2.5
2024_02_11_21_50_10_503,0.8,-0.3362837,194761.0,194348.0,29.6705,-0.05150551,0.1358986,6.27761,0.008757394,5.014015,2.37,0.01167877,0.006099719,-1.041779,0.2615452,0.1708865,-0.06461516,2.5
2024_02_11_21_50_10_536,0.8,-0.3241336,194978.0,194537.0,29.69247,-0.1267424,0.1358979,6.277705,0.008754904,4.980121,2.38,0.0117174,0.005266305,-1.011876,0.279665,0.1709461,0.09149685,2.5
2024_02_11_21_50_10_570,0.8,-0.3119395,195202.0,194733.0,29.71256,-0.2053072,0.1358972,6.277809,0.008752058,4.946308,2.39,0.01144808,0.005285377,-0.9779416,0.2405643,0.1671612,0.08784234,2.5
2024_02_11_21_50_10_608,0.8,-0.2959972,195446.0,194947.0,29.73153,-0.2918523,0.1358963,6.277933,0.008748382,4.910887,2.4,0.0118103,0.004846651,-0.9374812,0.2791882,0.2632737,0.004399568,2.5
2024_02_11_21_50_10_646,0.8,-0.2826357,195697.0,195168.0,29.74797,-0.38173,0.1358951,6.27807,0.008743433,4.876091,2.41,0.01136491,0.004387897,-0.8945486,0.2205372,0.2004206,0.01505762,2.5
2024_02_11_21_50_10_682,0.8,-0.2658498,195941.0,195385.0,29.76107,-0.4700814,0.1358932,6.278213,0.008736166,4.843834,2.42,0.01156086,0.00398057,-0.8504363,0.2708435,0.298366,-0.00731647,2.5
2024_02_11_21_50_10_720,0.8,-0.2525364,196191.0,195608.0,29.77166,-0.5615447,0.1358909,6.278368,0.008727296,4.812395,2.43,0.01093339,0.003709433,-0.8052797,0.2338886,0.2206862,-0.01998618,2.5
2024_02_11_21_50_10_757,0.8,-0.2347792,196435.0,195827.0,29.77933,-0.6511885,0.1358889,6.27853,0.008719767,4.783497,2.44,0.01131078,0.003249852,-0.7577671,0.2636909,0.3207028,-0.04210136,2.5
2024_02_11_21_50_10_794,0.8,-0.2210327,196685.0,196053.0,29.7846,-0.7437572,0.1358862,6.278703,0.008709264,4.755632,2.44,0.01056708,0.002921856,-0.7098569,0.2126694,0.2273321,-0.004997476,2.5
2024_02_11_21_50_10_828,0.8,-0.2065887,196902.0,196250.0,29.78716,-0.8244835,0.1358842,6.278862,0.008701487,4.732951,2.45,0.01048173,0.002613455,-0.6664773,0.2171993,0.2462715,-0.01652353,2.5
2024_02_11_21_50_10_866,0.8,-0.1883019,197151.0,196479.0,29.78792,-0.9177577,0.1358815,6.279053,0.008691095,4.708629,2.46,0.01065994,0.002162959,-0.6146834,0.2174377,0.3238469,-0.02767518,2.5
2024_02_11_21_50_10_903,0.8,-0.1733563,197394.0,196702.0,29.78658,-1.008832,0.1358794,6.279246,0.008683194,4.686826,2.47,0.01013141,0.001943538,-0.5645729,0.1966953,0.2691001,-0.005085021,2.5
2024_02_11_21_50_10_941,0.8,-0.1551565,197643.0,196933.0,29.78322,-1.102561,0.1358771,6.279455,0.008674417,4.666416,2.47,0.01013272,0.001614961,-0.5107105,0.2026558,0.3162175,-0.008514151,2.5
2024_02_11_21_50_10_977,0.8,-0.1399577,197885.0,197159.0,29.77819,-1.193966,0.1358754,6.279664,0.008667897,4.648492,2.48,0.009506908,0.001467897,-0.4593364,0.1242161,0.2555251,0.03668666,2.5
2024_02_11_21_50_11_011,0.8,-0.1248214,198100.0,197362.0,29.77238,-1.275575,0.135874,6.279856,0.008662806,4.634137,2.48,0.009259861,0.001334919,-0.4124005,0.1165867,0.269115,-0.001601875,2.5
2024_02_11_21_50_11_049,0.8,-0.1057939,198348.0,197596.0,29.76433,-1.369612,0.135873,6.280084,0.008658596,4.619541,2.49,0.009281071,0.001005745,-0.3575765,0.1227856,0.3457665,-0.00523217,2.5
2024_02_11_21_50_11_086,0.8,-0.09013874,198588.0,197825.0,29.75524,-1.461217,0.1358726,6.280313,0.008656457,4.607316,2.49,0.00864307,0.0008231715,-0.3044874,0.1077652,0.2773702,0.03246963,2.5
2024_02_11_21_50_11_119,0.8,-0.07452118,198809.0,198037.0,29.74597,-1.545418,0.1358725,6.280527,0.008655799,4.597843,2.49,0.00832558,0.000680125,-0.254833,0.1103878,0.267297,-0.03291108,2.5
2024_02_11_21_50_11_157,0.8,-0.05535599,199048.0,198268.0,29.73505,-1.637064,0.1358727,6.280765,0.008656124,4.589428,2.5,0.008314921,0.0005446372,-0.2010985,0.0603199,0.3440976,-0.04424899,2.5
2024_02_11_21_50_11_190,0.8,-0.0397916,199261.0,198475.0,29.72473,-1.718816,0.1358731,6.280979,0.008657635,4.58358,2.5,0.008039869,0.00036182,-0.1539634,0.07152557,0.3508031,-0.00983104,2.5
2024_02_11_21_50_11_228,0.8,-0.02394399,199506.0,198715.0,29.71232,-1.812969,0.1358739,6.28123,0.008660421,4.578786,2.5,0.007322956,0.0001786634,-0.1000667,0.07081032,0.2653599,0.04358962,2.5
2024_02_11_21_50_11_265,0.8,-0.004487966,199744.0,198949.0,29.69991,-1.904669,0.1358758,6.281476,0.008667133,4.57608,2.5,0.007253848,0.0003311354,-0.04729605,-0.00166893,0.3472566,-0.02529472,2.5
2024_02_11_21_50_11_299,0.8,0.01160294,199961.0,199165.0,29.68835,-1.988929,0.135879,6.281705,0.008678763,4.5753,2.5,0.007011238,0.0004332786,0.0009888114,-0.05316734,0.3589093,0.01291558,2.5
2024_02_11_21_50_11_336,0.8,0.02718956,200197.0,199401.0,29.67579,-2.080596,0.1358843,6.28196,0.008697638,4.576351,2.5,0.006326008,0.0003021252,0.0544141,-0.03600121,0.2805889,0.03197975,2.5
2024_02_11_21_50_11_374,0.8,0.04681283,200439.0,199644.0,29.66312,-2.17471,0.1358894,6.282223,0.008716379,4.579494,2.5,0.006233847,0.0004166709,0.1100567,-0.05364418,0.365287,0.02776272,2.5
2024_02_11_21_50_11_407,0.8,0.06227357,200648.0,199856.0,29.65243,-2.256421,0.1358943,6.282456,0.008734125,4.583951,2.5,0.005877884,0.0003447108,0.1589489,-0.04005432,0.3553629,0.0161808,2.5
2024_02_11_21_50_11_445,0.8,0.07819417,200887.0,200101.0,29.64068,-2.350504,0.1359,6.282726,0.008755082,4.591074,2.49,0.005016248,0.0005056714,0.2147215,-0.04577636,0.2703667,-0.006575137,2.5
2024_02_11_21_50_11_483,0.8,0.09679995,201120.0,200339.0,29.63,-2.442093,0.1359063,6.28299,0.008777979,4.600065,2.49,0.004923309,0.0006855034,0.2694483,-0.09298324,0.3415495,0.0006426125,2.5
2024_02_11_21_50_11_519,0.8,0.1128933,201357.0,200585.0,29.62,-2.536128,0.1359136,-0.004488089,0.008804753,4.611381,2.49,0.004169664,0.0007911343,0.324793,-0.1449585,0.2746284,0.0003706664,2.5
2024_02_11_21_50_11_557,0.8,0.1318161,201587.0,200825.0,29.6114,-2.627644,0.135921,0.000344613,0.008831832,4.624434,2.48,0.004092978,0.0009021701,0.3792373,-0.146389,0.3734827,0.04961714,2.5
2024_02_11_21_50_11_590,0.8,0.1468519,201792.0,201040.0,29.60484,-2.709216,0.1359287,0.0005832323,0.008860081,4.637758,2.48,0.00372703,0.001117076,0.4274916,-0.172615,0.369437,0.07991865,2.5
2024_02_11_21_50_11_623,0.8,0.161995,202002.0,201261.0,29.59929,-2.793179,0.135937,0.0008282431,0.008890294,4.653141,2.47,0.00311728,0.001330557,0.476433,-0.1659393,0.3459006,-0.01936406,2.5
2024_02_11_21_50_11_661,0.8,0.1768427,202229.0,201503.0,29.59481,-2.884432,0.1359465,0.001093494,0.008925035,4.671749,2.47,0.00235443,0.001578007,0.5282552,-0.1735687,0.2775937,0.03810227,2.5
2024_02_11_21_50_11_695,0.8,0.1913212,202437.0,201725.0,29.59228,-2.968134,0.1359556,0.001335842,0.008959145,4.69055,2.46,0.001717505,0.001828914,0.5755847,-0.2253055,0.2617985,0.06114132,2.5
2024_02_11_21_50_11_731,0.8,0.2094522,202662.0,201967.0,29.59138,-3.059005,0.1359669,0.001597897,0.008999971,4.712834,2.45,0.001542053,0.00218535,0.6274627,-0.2129078,0.3274232,0.0224486,2.5
2024_02_11_21_50_11_770,0.8,0.2236952,202892.0,202216.0,29.59268,-3.152024,0.1359785,0.001862615,0.009042397,4.737671,2.44,0.0005653189,0.002389036,0.6779184,-0.20504,0.2354085,0.026213,2.5
2024_02_11_21_50_11_803,0.8,0.2377668,203091.0,202433.0,29.59573,-3.23249,0.1359892,0.002089516,0.009081912,4.760808,2.44,3.139488e-05,0.002566144,0.7213699,-0.1955032,0.225991,-0.03897026,2.5
2024_02_11_21_50_11_840,0.8,0.2553375,203313.0,202676.0,29.60141,-3.322289,0.1360019,0.002341451,0.009128603,4.78843,2.43,-8.298457e-05,0.00318743,0.7703009,-0.2868176,0.3124177,-0.0048168,2.5
2024_02_11_21_50_11_878,0.8,0.2690055,203540.0,202925.0,29.60988,-3.413941,0.136015,0.002592854,0.009176421,4.818612,2.42,-0.001025758,0.003420881,0.8171217,-0.2989769,0.2521276,0.07152371,2.5
2024_02_11_21_50_11_915,0.8,0.2853301,203760.0,203169.0,29.6208,-3.502512,0.1360286,0.002833071,0.009226578,4.849719,2.41,-0.001518195,0.003739673,0.8626161,-0.2818108,0.2750158,-0.0245031,2.5
2024_02_11_21_50_11_952,0.8,0.2986714,203984.0,203419.0,29.6349,-3.592681,0.1360422,0.00307169,0.009276549,4.883353,2.4,-0.002281696,0.004200441,0.9063964,-0.3089905,0.2159476,-0.03191829,2.5
2024_02_11_21_50_11_986,0.8,0.3109594,204178.0,203636.0,29.64958,-3.670208,0.136055,0.003273025,0.009323549,4.91391,2.39,-0.002898753,0.004367945,0.9433567,-0.2744198,0.2130866,0.03689155,2.5
2024_02_11_21_50_12_020,0.8,0.3241162,204378.0,203859.0,29.66715,-3.749225,0.1360689,0.003477023,0.00937478,4.946656,2.37,-0.003409714,0.005220438,0.981901,-0.3666877,0.1975298,-0.02790801,2.5
2024_02_11_21_50_12_058,0.8,0.3394509,204594.0,204101.0,29.68913,-3.834051,0.1360842,0.003689011,0.009430744,4.983734,2.36,-0.003852506,0.005097469,1.020754,-0.3168583,0.2490878,0.001456588,2.5
2024_02_11_21_50_12_095,0.8,0.3512043,204815.0,204351.0,29.71486,-3.919751,0.1361038,0.003901531,0.00950294,5.023318,2.35,-0.004728058,0.006410378,1.061476,-0.4594326,0.1749992,-0.02020038,2.5
2024_02_11_21_50_12_132,0.8,0.3649686,205030.0,204593.0,29.74298,-4.001507,0.1361274,0.004096474,0.009590192,5.063328,2.33,-0.005281924,0.006981922,1.099472,-0.5865097,0.216186,0.04448928,2.5
2024_02_11_21_50_12_165,0.8,0.376158,205227.0,204808.0,29.77044,-4.072641,0.136187,0.004288222,0.009813172,5.100516,2.28,-0.004115177,0.02298568,1.185982,-3.494024,0.4845857,0.05095824,2.5
2024_02_11_21_50_12_203,0.8,0.3872417,205468.0,205053.0,29.80363,-4.15059,0.1362744,0.004445881,0.0101215,5.147806,2.23,-0.01121056,-0.01282041,1.187219,3.573179,-0.4030466,-0.1772009,2.5
2024_02_11_21_50_12_237,0.8,0.3988692,205646.0,205264.0,29.83643,-4.217973,0.1361425,0.004546016,0.00964213,5.185571,2.3,-0.005987339,-0.002054285,1.137725,0.916481,0.3745556,0.003330409,2.5
2024_02_11_21_50_12_275,0.8,0.4104565,205873.0,205511.0,29.87771,-4.294523,0.1362155,0.004814463,0.009923648,5.230865,2.23,-0.003707096,0.03799363,1.345879,-5.578517,0.6903409,0.02540089,2.5
2024_02_11_21_50_12_313,0.8,0.4200537,206119.0,205749.0,29.91834,-4.363984,0.1363257,0.004941761,0.0103118,5.282254,2.17,-0.01279671,-0.005988352,1.300558,2.40016,-0.3873706,-0.1319721,2.5
2024_02_11_21_50_12_354,0.8,0.431349,206341.0,206015.0,29.97071,-4.441545,0.1361532,0.005036037,0.009683033,5.333748,2.26,-0.007723736,-0.0004670273,1.21475,0.9009838,0.3048778,-0.03296696,2.5
2024_02_11_21_50_12_386,0.8,0.4406598,206541.0,206229.0,30.01502,-4.501058,0.1362458,0.005271461,0.01003682,5.375956,2.18,-0.005121358,0.04062784,1.44955,-5.657672,0.7021427,0.02206303,2.5
2024_02_11_21_50_12_424,0.8,0.4491056,206798.0,206472.0,30.0654,-4.564144,0.1363753,0.005376922,0.01049633,5.432481,2.11,-0.0143088,0.002710485,1.402728,0.7512569,-0.3424883,-0.09323283,2.5
2024_02_11_21_50_12_461,0.8,0.4587545,206990.0,206703.0,30.11946,-4.623259,0.1361939,0.005397162,0.009830427,5.480737,2.21,-0.009882638,-0.005061165,1.269817,1.756668,0.2011061,0.03298745,2.5
2024_02_11_21_50_12_498,0.8,0.4661681,207211.0,206946.0,30.17939,-4.682458,0.1362372,0.005615009,0.01000713,5.530597,2.16,-0.003607422,0.04388206,1.477052,-6.13594,1.07491,0.05816109,2.5
2024_02_11_21_50_12_532,0.8,0.4730602,207443.0,207157.0,30.23,-4.729368,0.1364064,0.005729525,0.01061377,5.582659,2.06,-0.01585693,0.01232888,1.537868,-0.7870197,-0.3486871,-0.01828,2.5
2024_02_11_21_50_12_569,0.8,0.4810341,207644.0,207385.0,30.28996,-4.778109,0.1362587,0.005701295,0.01006539,5.634943,2.15,-0.01304234,-0.01099412,1.330646,2.785682,-0.03045797,-0.0036899,2.5
2024_02_11_21_50_12_602,0.8,0.4871126,207822.0,207599.0,30.3501,-4.821612,0.1361494,0.005763613,0.009672361,5.679847,2.2,-0.009508343,0.004748126,1.330634,0.1716614,0.387311,0.04503503,2.5
2024_02_11_21_50_12_640,0.8,0.492697,208076.0,207837.0,30.41525,-4.865213,0.1363913,0.006012353,0.01056407,5.736719,2.04,-0.01696939,0.02353661,1.670038,-2.27356,-0.4538297,0.008683652,2.5
2024_02_11_21_50_12_678,0.8,0.4988579,208309.0,208071.0,30.48153,-4.904348,0.1363657,0.005980927,0.01045485,5.795814,2.06,-0.01782895,-0.02006142,1.418321,4.989386,-0.4885792,-0.1331661,2.5
2024_02_11_21_50_12_711,0.8,0.5034261,208472.0,208274.0,30.54407,-4.935876,0.1361728,0.005955894,0.009754915,5.840918,2.17,-0.01215584,-0.005175628,1.347487,2.117872,0.1176,0.02704933,2.5
2024_02_11_21_50_12_748,0.8,0.5075461,208704.0,208516.0,30.61855,-4.969219,0.1363042,0.006199306,0.01025353,5.895739,2.06,-0.01004078,0.04373854,1.680576,-5.526542,0.4472732,-0.09047053,2.5
2024_02_11_21_50_12_786,0.8,0.5120401,208956.0,208747.0,30.68752,-4.996763,0.1364252,0.006217949,0.01068184,5.957695,1.99,-0.01820934,0.007035349,1.575357,0.2759695,-0.3917217,-0.05734339,2.5
2024_02_11_21_50_12_820,0.8,0.5150526,209125.0,208947.0,30.75182,-5.017212,0.1362275,0.006125803,0.009951545,6.005655,2.11,-0.01507341,-0.01283299,1.383835,3.251791,-0.1102984,-0.02305768,2.5
2024_02_11_21_50_12_857,0.8,0.5176893,209326.0,209185.0,30.83086,-5.037592,0.1361561,0.006199839,0.009709381,6.058233,2.13,-0.002531841,0.04412466,1.46143,-8.003712,1.991629,0.2874974,2.5
2024_02_11_21_50_12_895,0.8,0.5202286,209591.0,209420.0,30.90412,-5.053696,0.1364108,0.006377206,0.01063324,6.120677,1.98,-0.0188311,0.01649761,1.68691,-1.164436,-0.413686,0.01837313,2.5
2024_02_11_21_50_12_928,0.8,0.5218478,209782.0,209625.0,30.97118,-5.063744,0.1362888,0.006276538,0.01017258,6.173463,2.06,-0.01850794,-0.02191497,1.428905,4.713535,-0.4731416,-0.04365481,2.5
2024_02_11_21_50_12_965,0.8,0.5228516,209966.0,209853.0,31.04929,-5.070421,0.136108,0.006245113,0.009521198,6.225038,2.16,-0.01227098,9.85479e-05,1.383762,1.422405,0.1673698,0.01917779,2.5
2024_02_11_21_50_12_999,0.8,0.5234685,210185.0,210070.0,31.121,-5.07343,0.1363061,0.006484265,0.01026045,6.276998,2.02,-0.01451566,0.04092296,1.759251,-4.724264,-0.0860989,-0.06780773,2.5
2024_02_11_21_50_13_036,0.8,0.5235445,210432.0,210299.0,31.19423,-5.073284,0.136388,0.006438991,0.01054471,0.05652612,1.98,-0.01989611,0.000628707,1.567794,1.846552,-0.5631745,-0.06857514,2.5
2024_02_11_21_50_13_074,0.8,0.5230833,210618.0,210530.0,31.27229,-5.067032,0.1361351,0.00631329,0.009616825,0.1113089,2.13,-0.01439519,-0.008519855,1.386,2.912044,-0.07331371,-0.03404915,2.5
2024_02_11_21_50_13_107,0.8,0.5221414,210801.0,210737.0,31.3425,-5.05765,0.1361471,0.006418218,0.009682037,0.157845,2.1,-0.0005819732,0.05278734,1.544302,-7.585048,2.093822,0.1891721,2.5
2024_02_11_21_50_13_145,0.8,0.5203488,211064.0,210971.0,31.41592,-5.045361,0.1363704,0.006516755,0.01048473,0.2210051,1.97,-0.01956924,0.01346431,1.660371,-0.5108118,-0.4890561,-0.05320459,2.5
2024_02_11_21_50_13_181,0.8,0.5183611,211263.0,211201.0,31.49064,-5.026977,0.1361708,0.00637401,0.009746253,0.2780761,2.1,-0.01573171,-0.0114342,1.403633,3.357649,-0.1839399,0.08759274,2.5
2024_02_11_21_50_13_219,0.8,0.5151346,211452.0,211432.0,31.56642,-5.003284,0.1360487,0.006360161,0.009306952,0.3293579,2.17,-0.01161166,0.006092626,1.387649,0.3962516,0.2666116,0.05227886,2.5
2024_02_11_21_50_13_257,0.8,0.512127,211713.0,211675.0,31.64097,-4.976629,0.1363122,0.006549778,0.01027621,0.3901914,2.0,-0.01930937,0.02325296,1.719047,-1.848459,-0.5769134,-0.05293637,2.5
2024_02_11_21_50_13_290,0.8,0.5087119,211908.0,211877.0,31.70197,-4.950801,0.1362476,0.006436327,0.01002298,0.4424384,2.06,-0.01956304,-0.02390828,1.437509,5.580902,-0.6155372,-0.0003054738,2.5
2024_02_11_21_50_13_327,0.8,0.5037045,212095.0,212111.0,31.77411,-4.91443,0.1360497,0.0063559,0.009307744,0.4950801,2.17,-0.01298731,-0.001709934,1.362064,1.819134,0.07557869,0.004038215,2.5
2024_02_11_21_50_13_365,0.8,0.4991124,212321.0,212348.0,31.84343,-4.875113,0.1361936,0.006521549,0.009851325,0.5486932,2.07,-0.01167826,0.04378556,1.668824,-5.082607,0.2378225,-0.02449192,2.5
2024_02_11_21_50_13_403,0.8,0.492808,212569.0,212585.0,31.90888,-4.834083,0.1362551,0.006437393,0.01005397,0.610029,2.06,-0.01969446,-0.01606845,1.457384,4.90427,-0.6554126,-0.13051,2.5
2024_02_11_21_50_13_440,0.8,0.4872686,212751.0,212814.0,31.97247,-4.78742,0.1360401,0.006329269,0.009271763,0.6607527,2.19,-0.01322131,-0.003449074,1.336516,2.185822,-0.007927418,-0.01880899,2.5
2024_02_11_21_50_13_478,0.8,0.4798609,212958.0,213056.0,32.03737,-4.734272,0.1360168,0.00636389,0.009200786,0.7117799,2.18,-0.005046856,0.0409424,1.406162,-7.09486,1.446128,0.2266876,2.5
2024_02_11_21_50_13_511,0.8,0.4731874,213190.0,213268.0,32.08956,-4.688562,0.1362391,0.006435263,0.01000607,0.7640125,2.06,-0.01872991,0.01419133,1.56389,-0.5149841,-0.6148219,0.009257346,2.5
2024_02_11_21_50_13_544,0.8,0.4661818,213365.0,213472.0,32.13903,-4.639675,0.1360876,0.006298908,0.009442728,0.810752,2.17,-0.01532335,-0.009950344,1.325638,3.04532,-0.2266168,0.02284162,2.5
2024_02_11_21_50_13_582,0.8,0.4591622,213563.0,213713.0,32.19544,-4.577349,0.1359671,0.006251504,0.009008016,0.8601025,2.25,-0.01163357,0.002875638,1.28976,1.101732,0.112474,-0.02211332,2.5
2024_02_11_21_50_13_619,0.8,0.449276,213794.0,213953.0,32.2477,-4.514151,0.1361275,0.006356965,0.009607151,0.9109204,2.14,-0.01417593,0.03733689,1.549337,-4.130602,-0.2998114,-0.02724118,2.5
2024_02_11_21_50_13_653,0.8,0.4410277,214002.0,214168.0,32.29139,-4.456547,0.1361181,0.006233927,0.009551612,0.960443,2.17,-0.01728169,-0.01667489,1.315818,3.955841,-0.5257726,-0.004028901,2.5
2024_02_11_21_50_13_690,0.8,0.4322756,214194.0,214402.0,32.33699,-4.38821,0.13597,0.006144445,0.009016241,1.007163,2.26,-0.01233173,-0.001179707,1.23582,1.740217,-0.01734495,-0.01658872,2.5
2024_02_11_21_50_13_728,0.8,0.4208712,214403.0,214647.0,32.38151,-4.313826,0.135929,0.00612101,0.008870969,1.054024,2.29,-0.01104494,0.01008593,1.24042,-0.2455711,0.1077652,0.02993643,2.5
2024_02_11_21_50_13_765,0.8,0.4114312,214645.0,214890.0,32.42113,-4.241502,0.136125,0.006143913,0.009588984,1.104094,2.17,-0.01721361,0.01450598,1.399743,-0.5998611,-0.6790757,-0.08165277,2.5
2024_02_11_21_50_13_803,0.8,0.3988991,214851.0,215131.0,32.45771,-4.165303,0.1359803,0.005987319,0.009052127,1.151682,2.28,-0.0132352,-0.005271011,1.175109,2.224922,-0.1702309,-0.004477799,2.5
2024_02_11_21_50_13_840,0.8,0.3884788,215054.0,215370.0,32.4907,-4.086648,0.1359118,0.005929262,0.008806158,1.194531,2.33,-0.01144389,0.003640835,1.150113,0.8006095,-0.004410744,-0.0229273,2.5
2024_02_11_21_50_13_877,0.8,0.3750127,215269.0,215619.0,32.52135,-4.003592,0.1359189,0.005878129,0.008833626,1.238304,2.33,-0.01232908,0.008071024,1.148966,0.1516342,-0.1857281,-0.06995723,2.5
2024_02_11_21_50_13_915,0.8,0.3641237,215478.0,215861.0,32.54783,-3.921189,0.1359095,0.005790245,0.008797984,1.280169,2.35,-0.0120244,0.005514263,1.114882,0.3998279,-0.1429617,0.007070601,2.5
2024_02_11_21_50_13_949,0.8,0.3527367,215665.0,216078.0,32.56869,-3.846361,0.1359105,0.005714078,0.008801719,1.316545,2.36,-0.01196257,0.006558998,1.090062,0.2622604,-0.1579523,0.02370216,2.5
2024_02_11_21_50_13_986,0.8,0.3375086,215882.0,216328.0,32.58946,-3.758997,0.1359105,0.005612878,0.008801441,1.35727,2.37,-0.0120894,0.005894022,1.053899,0.2741814,-0.2352893,0.04279799,2.5
2024_02_11_21_50_14_019,0.8,0.3256752,216071.0,216545.0,32.60472,-3.682176,0.1359092,0.005516472,0.00879607,1.391494,2.38,-0.01201489,0.005394535,1.020523,0.2686977,-0.2236217,0.06122142,2.5
2024_02_11_21_50_14_056,0.8,0.3131216,216290.0,216796.0,32.61914,-3.592766,0.135908,0.00539876,0.008791409,1.429526,2.39,-0.01170885,0.005010238,0.9817832,0.2706051,-0.1923293,0.01867674,2.5
2024_02_11_21_50_14_095,0.8,0.2971659,216504.0,217040.0,32.63,-3.50487,0.135905,0.005274124,0.008780135,1.465078,2.4,-0.01183626,0.004611116,0.9407712,0.3063679,-0.2550781,0.0766553,2.5
2024_02_11_21_50_14_131,0.8,0.2844401,216725.0,217290.0,32.63801,-3.413883,0.1359034,0.005138303,0.008773862,1.500022,2.41,-0.01136681,0.004503616,0.8992702,0.2424717,-0.199303,-0.00022538,2.5
2024_02_11_21_50_14_169,0.8,0.2674628,216942.0,217534.0,32.64285,-3.324742,0.1359009,0.004995557,0.008764416,1.532468,2.42,-0.01163497,0.00395136,0.8552202,0.2381801,-0.2940148,0.003861263,2.5
2024_02_11_21_50_14_207,0.8,0.2538731,217165.0,217785.0,32.64487,-3.232736,0.1358981,0.004840029,0.008753708,1.564092,2.43,-0.01113568,0.003601797,0.8098078,0.2057552,-0.219807,0.01818687,2.5
2024_02_11_21_50_14_244,0.8,0.2367966,217384.0,218028.0,32.64415,-3.142803,0.135895,0.004678641,0.008741518,1.593156,2.44,-0.01130851,0.003247923,0.7626718,0.2410412,-0.2947003,0.01101568,2.5
2024_02_11_21_50_14_281,0.8,0.2227346,217610.0,218278.0,32.64075,-3.050181,0.1358917,0.004506068,0.008729219,1.621212,2.44,-0.01064595,0.002856962,0.714951,0.2102852,-0.2249479,-0.004725531,2.5
2024_02_11_21_50_14_319,0.8,0.2045903,217831.0,218522.0,32.63501,-2.959821,0.1358888,0.004327104,0.008718615,1.646732,2.45,-0.01084787,0.002533852,0.6654762,0.2002716,-0.3218054,0.01830421,2.5
2024_02_11_21_50_14_356,0.8,0.1894969,218059.0,218771.0,32.62679,-2.86691,0.1358857,0.004134291,0.008706538,1.671026,2.46,-0.01036293,0.002190534,0.6140168,0.1852512,-0.2465844,0.04047714,2.5
2024_02_11_21_50_14_390,0.8,0.1750815,218259.0,218988.0,32.61786,-2.786179,0.1358832,0.003961186,0.008696862,1.690521,2.46,-0.01016172,0.001937231,0.5691037,0.1699924,-0.2528429,0.0288859,2.5
2024_02_11_21_50_14_424,0.8,0.1602466,218459.0,219204.0,32.60741,-2.70544,0.135881,0.003781156,0.008689158,1.708515,2.47,-0.009851968,0.001804913,0.5232388,0.130415,-0.2616644,0.002395362,2.5
2024_02_11_21_50_14_462,0.8,0.1412663,218691.0,219452.0,32.59361,-2.612488,0.1358786,0.003566505,0.00867954,1.727337,2.48,-0.009960959,0.001466435,0.4688028,0.1630783,-0.3424585,-0.02034567,2.5
2024_02_11_21_50_14_494,0.8,0.1263858,218893.0,219668.0,32.58027,-2.531802,0.1358766,0.003374225,0.008672201,1.74202,2.48,-0.009652159,0.001274197,0.4218881,0.1552105,-0.342071,-0.0279434,2.5
2024_02_11_21_50_14_533,0.8,0.1108262,219127.0,219916.0,32.5635,-2.438952,0.1358756,0.003147856,0.008667604,1.757011,2.49,-0.009006618,0.001081801,0.3682802,0.09584426,-0.2636313,0.009493902,2.5
2024_02_11_21_50_14_566,0.8,0.09666931,219331.0,220130.0,32.54786,-2.358386,0.1358748,0.002947054,0.008664696,1.768349,2.49,-0.008569298,0.0009465942,0.321683,0.0743866,-0.2288818,0.08236802,2.5
2024_02_11_21_50_14_604,0.8,0.07631589,219568.0,220377.0,32.52879,-2.265693,0.1358746,0.002706304,0.008663597,1.779473,2.49,-0.008695844,0.0007101244,0.2649441,0.06246566,-0.3252625,0.04003383,2.5
2024_02_11_21_50_14_636,0.8,0.05994993,219774.0,220590.0,32.51144,-2.185256,0.1358744,0.002494317,0.008662945,1.787398,2.49,-0.008556951,0.0005275825,0.2163908,0.06484985,-0.3591776,0.03637932,2.5
2024_02_11_21_50_14_673,0.8,0.04492119,220006.0,220829.0,32.4913,-2.095121,0.1358748,0.002255165,0.008664194,1.794412,2.5,-0.007824599,0.0004352569,0.1644082,0.06461143,-0.2785325,0.001508742,2.5
2024_02_11_21_50_14_711,0.8,0.02585378,220245.0,221074.0,32.47001,-2.002593,0.1358753,0.00200536,0.008665655,1.79961,2.5,-0.007632423,0.0002163934,0.1104393,0.07557869,-0.3311634,-0.08664093,2.5
2024_02_11_21_50_14_748,0.8,0.009996523,220479.0,221312.0,32.4489,-1.912515,0.1358769,0.001759284,0.008671393,1.802703,2.5,-0.007046965,0.0003115518,0.05818626,0.003576278,-0.2662539,-0.01005083,2.5
2024_02_11_21_50_14_786,0.8,-0.009758447,220721.0,221555.0,32.42704,-1.820018,0.1358797,0.001504153,0.00868111,1.803867,2.5,-0.007035786,0.0003269324,0.004176491,-0.01144409,-0.3519654,0.02802163,2.5
2024_02_11_21_50_14_824,0.8,-0.0253229,220956.0,221791.0,32.40575,-1.729975,0.1358844,0.001250088,0.008698888,1.803011,2.5,-0.006303274,0.0003754915,-0.04906067,-0.02717972,-0.2750158,-0.006305053,2.5
2024_02_11_21_50_14_857,0.8,-0.04302764,221174.0,222007.0,32.38635,-1.647242,0.1358889,0.001016795,0.008714338,1.800506,2.5,-0.006476711,0.0004812871,-0.09792589,-0.07987022,-0.3650784,-0.002825632,2.5
2024_02_11_21_50_14_894,0.8,-0.05877701,221411.0,222242.0,32.36557,-1.557194,0.1358943,0.0007552725,0.008733624,1.795836,2.5,-0.005540145,0.0004458023,-0.1529025,-0.0834465,-0.2865195,0.05802326,2.5
2024_02_11_21_50_14_932,0.8,-0.07646593,221656.0,222482.0,32.34479,-1.464677,0.1358999,0.0004873585,0.008754544,1.788935,2.49,-0.005228713,0.0004107724,-0.2082771,-0.03957748,-0.2881587,-0.00311248,2.5
2024_02_11_21_50_14_969,0.8,-0.09554511,221894.0,222714.0,32.32528,-1.374534,0.1359059,0.0002221076,0.008776378,1.780172,2.49,-0.005187528,0.0006225709,-0.2639104,-0.1087189,-0.3721416,0.03904849,2.5
2024_02_11_21_50_15_007,0.8,-0.1108138,222140.0,222952.0,32.30621,-1.281889,0.135913,0.002940217,0.008802559,1.769062,2.49,-0.004084758,0.0007292869,-0.3192637,-0.08749961,-0.2547204,-0.03053434,2.5
2024_02_11_21_50_15_044,0.8,-0.1303592,222380.0,223182.0,32.28875,-1.191621,0.1359209,6.282867,0.008830974,1.756209,2.48,-0.004258649,0.0009147971,-0.3742699,-0.1018047,-0.3673732,-0.007286667,2.5
2024_02_11_21_50_15_082,0.8,-0.1453431,222627.0,223418.0,32.27214,-1.098852,0.1359296,6.282592,0.008862989,1.740909,2.48,-0.003123811,0.001111303,-0.4291243,-0.1225471,-0.2437234,-0.1413189,2.5
2024_02_11_21_50_15_120,0.8,-0.1639091,222868.0,223646.0,32.25749,-1.008478,0.1359383,6.282326,0.008894771,1.724021,2.47,-0.003048335,0.00126397,-0.4822329,-0.1308918,-0.3530681,0.007446855,2.5
2024_02_11_21_50_15_152,0.8,-0.1784525,223084.0,223849.0,32.24579,-0.9278454,0.1359468,6.282089,0.008926359,1.707313,2.47,-0.002686928,0.001626113,-0.5293114,-0.2086162,-0.3402382,-0.003801659,2.5
2024_02_11_21_50_15_191,0.8,-0.1932272,223332.0,224081.0,32.23412,-0.8349949,0.1359575,6.281819,0.008965407,1.686184,2.46,-0.001651417,0.001858595,-0.5815027,-0.2114773,-0.2511144,-0.02334639,2.5
2024_02_11_21_50_15_223,0.8,-0.2080749,223548.0,224282.0,32.22566,-0.7544042,0.1359673,6.281585,0.00900123,1.66619,2.45,-0.001287701,0.002068922,-0.6275952,-0.1966953,-0.2589077,0.01855381,2.5
2024_02_11_21_50_15_260,0.8,-0.2256113,223797.0,224512.0,32.21804,-0.6616921,0.1359789,6.28132,0.00904419,1.641334,2.44,-0.0009136191,0.002415686,-0.6790286,-0.238657,-0.3159046,0.04113651,2.5
2024_02_11_21_50_15_294,0.8,-0.2399456,224014.0,224711.0,32.21338,-0.5813067,0.1359897,6.281093,0.009083741,1.618194,2.44,-0.0004281229,0.002687453,-0.7224239,-0.2236366,-0.3110021,-0.06598234,2.5
2024_02_11_21_50_15_332,0.8,-0.253741,224263.0,224939.0,32.2104,-0.4889498,0.1360021,6.280836,0.009128916,1.589789,2.43,0.0005018162,0.003080077,-0.7711343,-0.2441406,-0.2405792,0.0680685,2.5
2024_02_11_21_50_15_369,0.8,-0.2707764,224506.0,225159.0,32.21011,-0.3993314,0.1360154,6.28059,0.00917738,1.560365,2.42,0.0008343467,0.003382513,-0.8178599,-0.2889633,-0.3044605,0.02872199,2.5
2024_02_11_21_50_15_402,0.8,-0.2839833,224723.0,225355.0,32.21212,-0.3197362,0.1360268,6.280376,0.009219953,1.532695,2.41,0.001269991,0.003820788,-0.8579897,-0.2908707,-0.28795,-0.01280755,2.5
2024_02_11_21_50_15_440,0.8,-0.2972454,224973.0,225580.0,32.21721,-0.2285753,0.1360411,6.280136,0.00927245,1.499216,2.4,0.002223401,0.004070905,-0.9024847,-0.2613068,-0.2046227,-0.02033263,2.5
2024_02_11_21_50_15_477,0.8,-0.3131942,225217.0,225798.0,32.22513,-0.1404393,0.1360554,6.279909,0.009325195,1.465013,2.39,0.002530706,0.004685001,-0.9450613,-0.3471374,-0.2944171,0.0519976,2.5
2024_02_11_21_50_15_511,0.8,-0.3252882,225440.0,225997.0,32.23506,-0.06012917,0.1360697,6.279706,0.009377662,1.432221,2.37,0.003303126,0.004730518,-0.9822515,-0.3147125,-0.2413392,0.01728348,2.5
2024_02_11_21_50_15_548,0.8,-0.3377087,225683.0,226213.0,32.24884,0.02643713,0.1360832,6.279494,0.009427597,1.395157,2.36,0.004012014,0.005506032,-1.020759,-0.4189014,-0.2025962,-0.01699105,2.5
2024_02_11_21_50_15_582,0.8,-0.3497484,225906.0,226411.0,32.26427,0.1050055,0.1361034,6.279303,0.009501969,1.35978,2.35,0.004831321,0.006330307,-1.058234,-0.449419,-0.1635551,-0.02370775,2.5
2024_02_11_21_50_15_619,0.8,-0.3639327,226148.0,226625.0,32.28412,0.1892926,0.1361154,6.279113,0.009545446,1.320013,2.34,0.005175597,0.004669852,-1.088592,-0.1776218,-0.2126098,0.042703,2.5
2024_02_11_21_50_15_657,0.8,-0.3749232,226396.0,226848.0,32.30787,0.274457,0.1361585,6.278896,0.009708863,1.277705,2.29,0.003185648,0.02369406,-1.169271,-3.811598,-0.6309747,0.06478094,2.5
2024_02_11_21_50_15_694,0.8,-0.3884169,226637.0,227091.0,32.33277,0.3533142,0.1362905,6.278715,0.0101835,1.230866,2.22,0.01077826,-0.00326322,-1.228756,1.774073,0.338912,-0.07009134,2.5
2024_02_11_21_50_15_731,0.8,-0.398634,226879.0,227296.0,32.36312,0.4339122,0.1361424,6.278605,0.009641878,1.186914,2.3,0.006660755,-0.003016867,-1.140478,1.206875,-0.2453327,0.01944974,2.5
2024_02_11_21_50_15_769,0.8,-0.4113219,227120.0,227515.0,32.39658,0.5119468,0.1362022,6.278347,0.009875516,1.142916,2.24,0.003022179,0.03859097,-1.337429,-5.716085,-0.7705688,0.02578646,2.5
2024_02_11_21_50_15_807,0.8,-0.4206389,227365.0,227770.0,32.43177,0.5868496,0.1363345,6.278208,0.01034556,1.089856,2.16,0.01252087,-0.0002439157,-1.319625,1.13368,0.2993345,-0.01765043,2.5
2024_02_11_21_50_15_840,0.8,-0.4300133,227573.0,227944.0,32.46666,0.6509362,0.1361846,6.278156,0.009795645,1.048936,2.25,0.008837188,-0.005146889,-1.213412,1.66893,-0.1844168,-0.06650388,2.5
2024_02_11_21_50_15_873,0.8,-0.4387241,227785.0,228127.0,32.50527,0.7149503,0.1361417,6.27801,0.009647271,1.008487,2.26,0.004774155,0.01949266,-1.267253,-3.213405,-0.8277296,0.1268853,2.5
2024_02_11_21_50_15_911,0.8,-0.4491405,228032.0,228392.0,32.54987,0.7839311,0.1363762,6.277781,0.01050376,0.9526127,2.11,0.01413683,0.01424692,-1.493362,-1.292229,0.3221035,-0.05934015,2.5
2024_02_11_21_50_15_945,0.8,-0.4569972,228237.0,228579.0,32.59116,0.8403815,0.1362821,6.277776,0.01014855,0.9068916,2.17,0.01305038,-0.01471395,-1.294947,3.131628,0.1417994,-0.04930421,2.5
2024_02_11_21_50_15_982,0.8,-0.4644913,228477.0,228778.0,32.64439,0.9051803,0.1361508,6.277692,0.009675717,0.8582894,2.23,0.009137965,0.001210559,-1.283166,0.7681846,-0.3125072,0.04053488,2.5
2024_02_11_21_50_16_019,0.8,-0.4733104,228716.0,229024.0,32.69793,0.9651558,0.1363597,6.277426,0.01044974,0.8047764,2.08,0.01472145,0.02943533,-1.627136,-3.303528,0.3618002,-0.0718236,2.5
2024_02_11_21_50_16_052,0.8,-0.4797919,228923.0,229238.0,32.74537,1.013829,0.1364073,6.277408,0.01061304,0.7535563,2.06,0.01623154,0.000858644,-1.455281,1.262903,0.3582239,-0.08158012,2.5
2024_02_11_21_50_16_090,0.8,-0.4858433,229157.0,229431.0,32.80545,1.067725,0.136198,6.277429,0.009846597,0.7020476,2.18,0.01121813,-0.004479873,-1.322306,1.811743,-0.1748204,0.02254546,2.5
2024_02_11_21_50_16_127,0.8,-0.4927027,229393.0,229643.0,32.86836,1.118469,0.1362371,6.277238,0.01000894,0.6516755,2.12,0.002794288,0.0473388,-1.530589,-6.67572,-1.40357,0.01260824,2.5
2024_02_11_21_50_16_164,0.8,-0.4978657,229634.0,229910.0,32.93064,1.165129,0.136429,6.277129,0.01069671,0.5892186,2.01,0.01724784,0.01192077,-1.587992,-0.6318092,0.3509521,-0.007331371,2.5
2024_02_11_21_50_16_202,0.8,-0.5036156,229859.0,230108.0,32.99448,1.206088,0.1362543,6.277203,0.01004906,0.5353247,2.12,0.01456547,-0.01326714,-1.36746,3.311872,0.1199841,0.01162477,2.5
2024_02_11_21_50_16_240,0.8,-0.5076937,230097.0,230308.0,33.06602,1.246126,0.1361533,6.277141,0.009692052,0.4835619,2.16,0.007731212,0.02174994,-1.398977,-3.486395,-0.8817911,0.1614578,2.5
2024_02_11_21_50_16_277,0.8,-0.512126,230333.0,230571.0,33.13368,1.280797,0.1364158,6.276929,0.01065161,0.4228328,1.99,0.0183217,0.01802525,-1.683198,-1.445293,0.4182756,-0.02716295,2.5
2024_02_11_21_50_16_314,0.8,-0.5151501,230563.0,230788.0,33.20373,1.310935,0.1362954,6.277019,0.01019663,0.3641873,2.07,0.01749303,-0.02030847,-1.412369,4.308462,0.3665983,0.02784468,2.5
2024_02_11_21_50_16_352,0.8,-0.5183176,230792.0,230972.0,33.27801,1.33719,0.1361223,6.27703,0.009573326,0.3130567,2.17,0.01163818,0.001046596,-1.37521,1.081467,-0.2517402,0.006480142,2.5
2024_02_11_21_50_16_390,0.8,-0.5202562,231035.0,231226.0,33.35416,1.360493,0.1363633,6.276777,0.01046558,0.2534903,2.0,0.01788179,0.03104255,-1.759547,-3.172636,0.4429519,-0.01387484,2.5
2024_02_11_21_50_16_427,0.8,-0.522118,231262.0,231464.0,33.4252,1.378148,0.1363922,6.276834,0.01055692,0.1922376,1.99,0.02000686,-0.00902993,-1.52066,3.663301,0.6114841,-0.07234327,2.5
2024_02_11_21_50_16_464,0.8,-0.5230715,231493.0,231648.0,33.50303,1.391364,0.1361416,6.27693,0.009641978,0.1382628,2.14,0.01326399,-0.004575459,-1.385174,2.111197,-0.09015202,-0.02213009,2.5
2024_02_11_21_50_16_498,0.8,-0.5235415,231702.0,231838.0,33.57316,1.39964,0.1362011,6.276778,0.009880603,0.091111,2.08,0.002887355,0.05153387,-1.606478,-6.781578,-1.575708,0.01947582,2.5
2024_02_11_21_50_16_536,0.8,-0.523461,231941.0,232105.0,33.64883,1.405921,0.1363953,6.276713,0.01057474,0.02587634,1.97,0.01946121,0.01089046,-1.641702,-0.1196861,0.4636049,-0.0584945,2.5
2024_02_11_21_50_16_569,0.8,-0.5228702,232145.0,232281.0,33.71743,1.406502,0.1362038,6.276842,0.009865335,6.258038,2.09,0.01636228,-0.01382386,-1.411329,3.467798,0.1930296,-0.0114236,2.5
2024_02_11_21_50_16_607,0.8,-0.5218198,232375.0,232469.0,33.79649,1.402532,0.1360655,6.276855,0.009368045,6.206629,2.17,0.01126177,0.006255332,-1.39183,0.2436638,-0.3400147,0.08143484,2.5
2024_02_11_21_50_16_645,0.8,-0.5198351,232612.0,232724.0,33.87298,1.395651,0.1363352,6.276638,0.0103609,6.146823,1.99,0.0193547,0.02533429,-1.748326,-2.124429,0.5736053,-0.09466707,2.5
2024_02_11_21_50_16_680,0.8,-0.5177498,232844.0,232951.0,33.94782,1.384296,0.1362692,6.276757,0.01010105,6.085872,2.05,0.01979015,-0.0245337,-1.444801,5.578994,0.6317794,-0.06238184,2.5
2024_02_11_21_50_16_719,0.8,-0.5144117,233072.0,233132.0,34.02422,1.367097,0.1360664,6.276833,0.00936879,6.034251,2.17,0.01297672,-0.002097192,-1.373593,1.834154,-0.1087785,0.04131905,2.5
2024_02_11_21_50_16_756,0.8,-0.5112024,233314.0,233365.0,34.10267,1.345364,0.1362222,6.276638,0.009955445,5.978342,2.05,0.0121919,0.04402446,-1.706011,-5.157947,-0.2066493,-0.06857142,2.5
2024_02_11_21_50_16_795,0.8,-0.5065768,233545.0,233611.0,34.17341,1.322404,0.1363123,6.276701,0.010267,5.916866,2.02,0.02030093,-0.005206428,-1.523071,3.174305,0.6985068,-0.1694374,2.5
2024_02_11_21_50_16_833,0.8,-0.5022626,233778.0,233798.0,34.2471,1.292134,0.1360784,6.276824,0.009411625,5.863337,2.16,0.01388822,-0.005219206,-1.363007,2.440691,0.03308058,-0.01245178,2.5
2024_02_11_21_50_16_870,0.8,-0.4963927,234012.0,234001.0,34.31988,1.257488,0.1360721,6.276765,0.009406149,5.812466,2.14,0.002604469,0.04944534,-1.473888,-7.656097,-1.842499,0.1496375,2.5
2024_02_11_21_50_16_906,0.8,-0.4911584,234254.0,234265.0,34.38924,1.221273,0.1362839,6.276711,0.01016692,5.750644,2.03,0.01920806,0.007775626,-1.558216,0.6127357,0.5934238,-0.08555315,2.5
2024_02_11_21_50_16_944,0.8,-0.4843,234481.0,234453.0,34.4553,1.180472,0.136079,6.276849,0.009412809,5.698387,2.16,0.01450151,-0.007146928,-1.343367,2.623796,0.08964538,0.01597218,2.5
2024_02_11_21_50_16_981,0.8,-0.4780576,234721.0,234652.0,34.52383,1.132552,0.1359776,6.276873,0.009046976,5.647878,2.23,0.01153797,0.0046304,-1.327343,0.8051395,-0.1735687,0.04677102,2.5
2024_02_11_21_50_17_019,0.8,-0.4697004,234961.0,234897.0,34.58757,1.083934,0.1362006,6.276741,0.009870365,5.593215,2.09,0.01805625,0.02662738,-1.618451,-2.237082,0.6538629,-0.01057796,2.5
2024_02_11_21_50_17_056,0.8,-0.4624661,235198.0,235115.0,34.64828,1.032173,0.1361088,6.276889,0.009519237,5.53751,2.16,0.01602143,-0.01220384,-1.33113,3.322839,0.2981424,0.06684847,2.5
2024_02_11_21_50_17_094,0.8,-0.4531057,235432.0,235307.0,34.70695,0.9754008,0.135976,6.276952,0.009039895,5.489594,2.24,0.01222158,0.0003750408,-1.277887,1.521587,-0.03600121,0.02275221,2.5
2024_02_11_21_50_17_131,0.8,-0.4449595,235671.0,235515.0,34.76397,0.9146057,0.1360009,6.276918,0.009144264,5.441741,2.22,0.005767431,0.04247412,-1.372082,-6.487607,-1.114786,0.1344793,2.5
2024_02_11_21_50_17_171,0.8,-0.4343036,235915.0,235768.0,34.8176,0.8530095,0.1361547,6.276951,0.009688891,5.385953,2.15,0.01846608,-0.01136216,-1.35536,4.336119,0.7355809,-0.2224967,2.5
2024_02_11_21_50_17_206,0.8,-0.4254458,236149.0,235959.0,34.86736,0.7878888,0.1359796,6.27707,0.009051221,5.339203,2.26,0.0124492,-0.002211303,-1.224143,1.72472,-0.004172325,-0.03030151,2.5
2024_02_11_21_50_17_244,0.8,-0.4136416,236394.0,236167.0,34.91659,0.7163721,0.1359224,6.277106,0.008845883,5.293013,2.3,0.01129839,0.006445298,-1.214793,0.4177093,-0.0628233,0.07768534,2.5
2024_02_11_21_50_17_281,0.8,-0.4040227,236637.0,236397.0,34.96133,0.6452199,0.1360774,6.277071,0.009421804,5.245758,2.2,0.0141308,0.03119215,-1.40387,-3.143787,0.4065036,-0.08348189,2.5
2024_02_11_21_50_17_319,0.8,-0.391086,236880.0,236616.0,35.00301,0.5718359,0.1360003,6.277233,0.0091243,5.197138,2.27,0.01401928,-0.00730139,-1.170828,2.44379,0.2468228,0.04355237,2.5
2024_02_11_21_50_17_352,0.8,-0.38039,237093.0,236796.0,35.03714,0.5039335,0.1359201,6.277302,0.008835615,5.159387,2.33,0.01172241,0.00191545,-1.129783,1.126528,0.06580353,-0.05480647,2.5
2024_02_11_21_50_17_386,0.8,-0.3699588,237308.0,236982.0,35.0691,0.433748,0.1359049,6.277349,0.008782105,5.122211,2.34,0.01144774,0.007673697,-1.125632,0.07486343,0.05716085,0.004542992,2.5
2024_02_11_21_50_17_423,0.8,-0.3580917,237558.0,237198.0,35.10281,0.3512635,0.1359119,6.277431,0.008806548,5.079756,2.35,0.01229862,0.005332882,-1.102166,0.4687309,0.2018213,-0.0382401,2.5
2024_02_11_21_50_17_466,0.8,-0.3432836,237834.0,237437.0,35.13624,0.2579662,0.1359065,6.27754,0.008786694,5.034305,2.37,0.01182385,0.006268186,-1.064485,0.2241134,0.1657307,-0.01110509,2.5
2024_02_11_21_50_17_498,0.8,-0.3298618,238051.0,237626.0,35.15966,0.1833527,0.135908,6.277632,0.008791649,4.999677,2.38,0.01226889,0.005536661,-1.033004,0.3023148,0.2636015,-0.04893355,2.5
2024_02_11_21_50_17_531,0.8,-0.3176995,238268.0,237815.0,35.18061,0.107683,0.1359063,6.277732,0.00878511,4.966157,2.38,0.0120299,0.005301407,-0.9991112,0.2741814,0.2554357,0.0005718321,2.5
2024_02_11_21_50_17_568,0.8,-0.3053538,238519.0,238035.0,35.20173,0.01938292,0.1359046,6.277855,0.008778769,4.928968,2.39,0.01144594,0.005053663,-0.9592099,0.2498627,0.1929402,-0.03429316,2.5
2024_02_11_21_50_17_607,0.8,-0.2887433,238763.0,238249.0,35.21925,-0.06763485,0.1359025,6.277985,0.008770635,4.894262,2.4,0.01180649,0.004494159,-0.9172319,0.2713203,0.2725869,0.02693012,2.5
2024_02_11_21_50_17_643,0.8,-0.2760064,239013.0,238471.0,35.23423,-0.1579306,0.1359006,6.278127,0.008763346,4.860238,2.41,0.01125434,0.004216997,-0.8745732,0.2195835,0.1984536,0.0109449,2.5
2024_02_11_21_50_17_681,0.8,-0.2588633,239257.0,238688.0,35.24598,-0.2466189,0.1358978,6.278275,0.008752867,4.828728,2.42,0.0115931,0.003742453,-0.8296633,0.276804,0.3007352,-0.01526996,2.5
2024_02_11_21_50_17_719,0.8,-0.2453363,239508.0,238912.0,35.25525,-0.3383756,0.1358952,6.278435,0.008742807,4.798095,2.43,0.01099569,0.003429217,-0.7837487,0.2114773,0.215888,0.01423806,2.5
2024_02_11_21_50_17_752,0.8,-0.2309392,239725.0,239108.0,35.26111,-0.4185206,0.1358924,6.278583,0.008732523,4.772954,2.44,0.01090944,0.003198266,-0.7415422,0.221014,0.2390146,0.03403425,2.5
2024_02_11_21_50_17_789,0.8,-0.2136496,239975.0,239334.0,35.26545,-0.5112414,0.1358895,6.278761,0.008721755,4.745746,2.45,0.01098625,0.002777467,-0.6916275,0.1749992,0.2880991,0.03393926,2.5
2024_02_11_21_50_17_827,0.8,-0.1985375,240218.0,239556.0,35.26733,-0.6018883,0.1358863,6.278944,0.008709242,4.721079,2.45,0.01042516,0.002334411,-0.6424245,0.1690388,0.2488941,0.0445079,2.5
2024_02_11_21_50_17_865,0.8,-0.1805228,240467.0,239785.0,35.26704,-0.6952904,0.1358837,6.27914,0.008699094,4.697673,2.46,0.01060834,0.002129237,-0.5903715,0.1814365,0.3149658,0.02237782,2.5
2024_02_11_21_50_17_902,0.8,-0.1656623,240710.0,240009.0,35.26474,-0.7864496,0.1358811,6.279337,0.008689509,4.676777,2.47,0.01007094,0.001731646,-0.5401501,0.1699924,0.2584457,0.04451908,2.5
2024_02_11_21_50_17_940,0.8,-0.1472917,240958.0,240240.0,35.26048,-0.8802501,0.1358788,6.279549,0.00868084,4.657292,2.47,0.009997769,0.001561758,-0.4865582,0.1430511,0.3184378,0.0293795,2.5
2024_02_11_21_50_17_977,0.8,-0.1319003,241200.0,240467.0,35.25465,-0.9717003,0.1358768,6.279763,0.008672564,4.640285,2.48,0.009333594,0.001285375,-0.4341657,0.1311302,0.2599657,0.005953013,2.5
2024_02_11_21_50_18_014,0.8,-0.1126286,241448.0,240701.0,35.24714,-1.065707,0.1358754,6.27999,0.008667251,4.624857,2.48,0.009508235,0.001016646,-0.3788303,0.15378,0.3403425,-0.02444349,2.5
2024_02_11_21_50_18_052,0.8,-0.09730162,241689.0,240930.0,35.23851,-1.157292,0.1358746,6.280215,0.008664281,4.611829,2.49,0.008814579,0.0008977217,-0.3263936,0.09822845,0.2728999,0.009641051,2.5
2024_02_11_21_50_18_084,0.8,-0.08215827,241903.0,241135.0,35.22986,-1.239004,0.1358738,6.280421,0.008660978,4.601876,2.49,0.008446013,0.0007883773,-0.2789503,0.07224083,0.2703965,0.001827255,2.5
2024_02_11_21_50_18_123,0.8,-0.06243202,242149.0,241372.0,35.21898,-1.333115,0.1358741,6.280663,0.008662127,4.592356,2.49,0.008593472,0.0006669514,-0.2234973,0.05364418,0.354141,-0.009141862,2.5
2024_02_11_21_50_18_161,0.8,-0.04713229,242388.0,241604.0,35.20761,-1.42476,0.1358741,6.280903,0.008662063,4.585091,2.5,0.007819211,0.0003828784,-0.1707531,0.08440017,0.2697408,0.02480857,2.5
2024_02_11_21_50_18_198,0.8,-0.02719195,242633.0,241843.0,35.19534,-1.518903,0.1358749,6.281154,0.008664459,4.579683,2.5,0.007859387,0.0003094499,-0.1154126,0.05698204,0.3415942,-0.009432435,2.5
2024_02_11_21_50_18_235,0.8,-0.01145313,242871.0,242077.0,35.18297,-1.610591,0.1358758,6.2814,0.008667345,4.576407,2.5,0.007107433,0.0004067115,-0.0630819,0.02336502,0.2721548,-0.02159551,2.5
2024_02_11_21_50_18_273,0.8,0.008025168,243114.0,242318.0,35.17006,-1.704763,0.1358789,6.281656,0.008678203,4.575063,2.5,0.006979043,0.0003656272,-0.008692889,-0.01621246,0.3390014,-0.01002662,2.5
2024_02_11_21_50_18_310,0.8,0.02349413,243350.0,242554.0,35.15747,-1.796435,0.1358836,6.281909,0.00869545,4.575744,2.5,0.006309379,0.0003399092,0.04408294,-0.03480911,0.2672672,0.03174134,2.5
2024_02_11_21_50_18_348,0.8,0.04371991,243592.0,242797.0,35.14471,-1.890555,0.1358891,6.282174,0.008715347,4.578508,2.5,0.00633974,0.0004447206,0.1003374,-0.07271767,0.3655553,0.05466118,2.5
2024_02_11_21_50_18_385,0.8,0.05880916,243826.0,243034.0,35.13264,-1.982173,0.1358941,6.282432,0.008733354,4.583234,2.5,0.005490727,0.0003729781,0.1535019,-0.03600121,0.2742708,0.01586415,2.5
2024_02_11_21_50_18_423,0.8,0.07848193,244066.0,243279.0,35.12082,-2.076254,0.1359,6.282701,0.008754913,4.590168,2.49,0.005501934,0.0005201773,0.2099214,-0.0989437,0.3685355,0.05825236,2.5
2024_02_11_21_50_18_460,0.8,0.09408109,244299.0,243517.0,35.11005,-2.167843,0.1359062,6.282967,0.008777156,4.598973,2.49,0.004710571,0.0005934816,0.2645658,-0.09536742,0.2820194,0.0005941838,2.5
2024_02_11_21_50_18_498,0.8,0.1128439,244536.0,243763.0,35.09994,-2.261881,0.1359134,-0.003072583,0.008803718,4.610103,2.49,0.004485035,0.0007197277,0.3199136,-0.1225471,0.353679,0.0002514571,2.5
2024_02_11_21_50_18_536,0.8,0.128444,244767.0,244003.0,35.09122,-2.3534,0.1359209,0.0003211772,0.008831426,4.62297,2.48,0.003777835,0.0008961507,0.3741417,-0.1294613,0.2766401,-0.003442168,2.5
2024_02_11_21_50_18_569,0.8,0.1433045,244977.0,244224.0,35.08434,-2.437447,0.1359283,0.0005656554,0.008858535,4.636558,2.48,0.003146447,0.001041559,0.4230167,-0.1189709,0.2537519,0.008001924,2.5
2024_02_11_21_50_18_606,0.8,0.1621004,245206.0,244465.0,35.07825,-2.528824,0.1359374,0.0008325041,0.008891725,4.653246,2.47,0.003105043,0.001334214,0.4770233,-0.1673698,0.347048,0.01875684,2.5
2024_02_11_21_50_18_640,0.8,0.1770917,245408.0,244681.0,35.07418,-2.610215,0.1359459,0.001070058,0.008922973,4.669782,2.47,0.00266949,0.001507568,0.5241314,-0.1506805,0.3380924,-0.03848597,2.5
2024_02_11_21_50_18_677,0.8,0.1918904,245641.0,244929.0,35.07124,-2.70377,0.1359562,0.001340635,0.00896087,4.690732,2.46,0.001832192,0.001792927,0.5767308,-0.1807213,0.2557188,-0.01158379,2.5
2024_02_11_21_50_18_714,0.8,0.2101438,245866.0,245171.0,35.07038,-2.794632,0.1359675,0.001603223,0.009002247,4.713065,2.45,0.001554404,0.002207142,0.6289136,-0.2133846,0.3312081,-0.02372451,2.5
2024_02_11_21_50_18_748,0.8,0.2244722,246072.0,245394.0,35.07144,-2.877866,0.1359779,0.001840244,0.009039881,4.735238,2.44,0.001038994,0.002277058,0.6743445,-0.2336502,0.3253072,-0.01642294,2.5
2024_02_11_21_50_18_785,0.8,0.2382379,246295.0,245637.0,35.07477,-2.968104,0.1359896,0.00209431,0.009083116,4.761104,2.44,0.000116419,0.002713535,0.7224191,-0.2338886,0.2482533,0.03748387,2.5
2024_02_11_21_50_18_822,0.8,0.2556949,246523.0,245886.0,35.08067,-3.060313,0.1360024,0.002351571,0.009130371,4.789527,2.43,-0.0001997547,0.003119676,0.771834,-0.30756,0.3098249,-0.00517629,2.5
2024_02_11_21_50_18_856,0.8,0.2690571,246720.0,246103.0,35.08795,-3.13992,0.1360139,0.002570483,0.00917243,4.815697,2.42,-0.0006880248,0.003429972,0.8129773,-0.3070831,0.2955794,-0.01673587,2.5
2024_02_11_21_50_18_889,0.8,0.2827086,246916.0,246320.0,35.09734,-3.219016,0.136026,0.002785134,0.009216836,4.843211,2.41,-0.001116989,0.003756063,0.8536559,-0.2779961,0.3016591,0.02149865,2.5
2024_02_11_21_50_18_927,0.8,0.2962286,247140.0,246569.0,35.11084,-3.309345,0.13604,0.003027481,0.009268478,4.876528,2.4,-0.002109784,0.004154428,0.8986877,-0.275135,0.2156496,-0.01627766,2.5
2024_02_11_21_50_18_960,0.8,0.3084648,247335.0,246785.0,35.12499,-3.387041,0.1360523,0.003230414,0.009313426,4.906833,2.39,-0.002798622,0.004423655,0.9360392,-0.2715588,0.190556,-0.05864724,2.5
2024_02_11_21_50_18_999,0.8,0.3240238,247558.0,247035.0,35.14417,-3.475505,0.136068,0.003458381,0.00937126,4.943251,2.38,-0.003319034,0.004887179,0.9787198,-0.3168583,0.2406239,0.00986643,2.5
2024_02_11_21_50_19_036,0.8,0.3369695,247774.0,247278.0,35.16586,-3.560448,0.1360839,0.003673032,0.009429864,4.980215,2.36,-0.004010341,0.005496927,1.01861,-0.3864765,0.2074838,0.02912059,2.5
2024_02_11_21_50_19_069,0.8,0.3484659,247971.0,247501.0,35.18847,-3.637311,0.1360984,0.003861051,0.009483471,5.015453,2.35,-0.004702151,0.005597593,1.052393,-0.3354549,0.169456,0.002251938,2.5
2024_02_11_21_50_19_106,0.8,0.3627844,248186.0,247743.0,35.21601,-3.719518,0.1361174,0.00405919,0.009553507,5.055104,2.33,-0.004927834,0.007503985,1.091544,-0.6833076,0.2402067,-0.02041831,2.5
2024_02_11_21_50_19_144,0.8,0.3755962,248425.0,247992.0,35.24674,-3.801089,0.1362513,0.004299407,0.01004778,5.099343,2.24,-0.007462355,0.0201305,1.259271,-2.604723,-0.02133846,-0.02237223,2.5
2024_02_11_21_50_19_181,0.8,0.3877008,248640.0,248228.0,35.27924,-3.877362,0.1361897,0.004396346,0.009811592,5.143619,2.28,-0.007778412,-0.009209773,1.128754,2.046108,0.1032352,0.1369193,2.5
2024_02_11_21_50_19_218,0.8,0.3978672,248851.0,248473.0,35.31757,-3.956072,0.1361151,0.004578507,0.009545773,5.186555,2.31,-0.004855203,0.007132051,1.154006,-0.6310939,0.4752874,0.07879733,2.5
2024_02_11_21_50_19_256,0.8,0.4102015,249101.0,248716.0,35.35642,-4.029261,0.136315,0.004835768,0.01027979,5.235115,2.18,-0.01156127,0.01568048,1.395574,-1.622915,-0.3159642,-0.03706291,2.5
2024_02_11_21_50_19_293,0.8,0.4198067,249315.0,248956.0,35.39929,-4.100812,0.1362076,0.004893292,0.009877977,5.283771,2.24,-0.009306004,-0.008810899,1.202428,2.209663,0.05620718,0.03884174,2.5
2024_02_11_21_50_19_326,0.8,0.4290768,249495.0,249167.0,35.44098,-4.162889,0.1361347,0.005025918,0.009618062,5.32347,2.28,-0.006298273,0.006951762,1.222481,-0.5733967,0.5068779,0.0842642,2.5
2024_02_11_21_50_19_364,0.8,0.4398521,249748.0,249409.0,35.48845,-4.228771,0.136353,0.005277853,0.01042036,5.375426,2.13,-0.0135669,0.01804376,1.494932,-1.869678,-0.3566146,-0.06745942,2.5
2024_02_11_21_50_19_402,0.8,0.4483151,249967.0,249646.0,35.53935,-4.291855,0.1362635,0.005298625,0.01008082,5.42778,2.18,-0.01204801,-0.01318375,1.275457,2.812862,-0.04959106,0.09605101,2.5
2024_02_11_21_50_19_440,0.8,0.4581193,250163.0,249880.0,35.5946,-4.35256,0.1361505,0.005399293,0.009675276,5.474574,2.24,-0.00806342,0.004380282,1.275851,0.112772,0.4112124,0.04867278,2.5
2024_02_11_21_50_19_473,0.8,0.4653344,250394.0,250101.0,35.64619,-4.405234,0.136361,0.005646967,0.01045361,5.523844,2.09,-0.01464511,0.02607346,1.595945,-2.817631,-0.3763437,-0.05035661,2.5
2024_02_11_21_50_19_510,0.8,0.4724037,250624.0,250332.0,35.70247,-4.457398,0.1363598,0.005657087,0.01043377,5.5793,2.1,-0.01616806,-0.01721109,1.372829,4.55308,-0.4738569,-0.1314674,2.5
2024_02_11_21_50_19_547,0.8,0.4806455,250816.0,250568.0,35.76629,-4.509051,0.1361682,0.005676794,0.009738444,5.629489,2.2,-0.01048704,-0.002709779,1.307306,1.586676,0.192225,-0.02568215,2.5
2024_02_11_21_50_19_585,0.8,0.4866414,251049.0,250806.0,35.83097,-4.556642,0.1363229,0.005935654,0.01031953,5.68204,2.08,-0.01140883,0.03930851,1.643649,-4.827023,0.1090765,-0.03889762,2.5
2024_02_11_21_50_19_622,0.8,0.4935544,251302.0,251044.0,35.89527,-4.599844,0.1364157,0.005960154,0.0106455,5.743085,2.03,-0.01710467,0.002668277,1.499547,0.9877681,-0.3604889,-0.004865229,2.5
2024_02_11_21_50_19_660,0.8,0.4985249,251490.0,251270.0,35.96262,-4.638268,0.1362032,0.005911152,0.009865242,5.794535,2.16,-0.01245019,-0.006661476,1.346988,2.334595,0.07289648,0.06877072,2.5
2024_02_11_21_50_19_697,0.8,0.5041149,251705.0,251511.0,36.03624,-4.675153,0.1362273,0.006083725,0.009973649,5.846969,2.11,-0.001922976,0.04963294,1.547495,-6.99234,1.627207,0.04993379,2.5
2024_02_11_21_50_19_735,0.8,0.5082457,251966.0,251745.0,36.10458,-4.706382,0.1364263,0.006192382,0.01068754,5.908904,1.99,-0.01795812,0.0131566,1.623158,-0.7542371,-0.3741383,-0.01440011,2.5
2024_02_11_21_50_19_768,0.8,0.5117058,252146.0,251945.0,36.167,-4.729857,0.1362838,0.006110357,0.01015543,5.95837,2.09,-0.01652097,-0.01753734,1.399513,3.866434,-0.2608597,0.09365752,2.5
2024_02_11_21_50_19_811,0.8,0.5157236,252360.0,252206.0,36.25306,-4.756172,0.1361208,0.006128999,0.009571167,6.016071,2.17,-0.009242218,0.01250095,1.389675,-1.395464,0.6275474,0.08271075,2.5
2024_02_11_21_50_19_847,0.8,0.5182872,252628.0,252449.0,36.32881,-4.775942,0.1363994,0.006362292,0.01059317,6.078383,1.99,-0.01892357,0.02079142,1.720136,-1.765251,-0.4834234,-0.04753284,2.5
2024_02_11_21_50_19_881,0.8,0.5203018,252828.0,252650.0,36.39296,-4.788651,0.1363642,0.006294648,0.01045037,6.131344,2.02,-0.01962445,-0.01942304,1.474751,5.097389,-0.5666614,-0.1145489,2.5
2024_02_11_21_50_19_914,0.8,0.5218398,252987.0,252851.0,36.46126,-4.797664,0.1361518,0.006224873,0.009678597,6.177854,2.14,-0.01368121,-0.006509903,1.381905,2.595424,0.001490116,0.04779547,2.5
2024_02_11_21_50_19_952,0.8,0.5230899,253200.0,253091.0,36.54289,-4.804229,0.136177,0.006372944,0.009792623,6.231476,2.09,-0.0005059624,0.05443591,1.586148,-7.443189,1.932055,0.07562526,2.5
2024_02_11_21_50_19_989,0.8,0.5235416,253464.0,253325.0,36.61721,-4.807541,0.1363984,0.006468286,0.01058762,0.01221379,1.97,-0.01920013,0.01506684,1.674937,-0.901103,-0.4290044,0.002965331,2.5
2024_02_11_21_50_20_026,0.8,0.5234609,253669.0,253555.0,36.69336,-4.80516,0.1362267,0.006337258,0.009947984,0.07026803,2.08,-0.01693289,-0.01618559,1.41425,3.919601,-0.2693534,0.09967013,2.5
2024_02_11_21_50_20_064,0.8,0.5228682,253856.0,253784.0,36.77193,-4.797664,0.1360819,0.006322877,0.009428221,0.1217358,2.16,-0.01106798,0.007581467,1.395906,-0.07390976,0.3912151,0.08508004,2.5
2024_02_11_21_50_20_102,0.8,0.5214369,254120.0,254027.0,36.84961,-4.78713,0.1363547,0.00653593,0.01043096,0.1836463,1.98,-0.01950793,0.02241478,1.738625,-1.755714,-0.5441606,-0.03991648,2.5
2024_02_11_21_50_20_135,0.8,0.5197631,254318.0,254227.0,36.91388,-4.77454,0.1362998,0.00643473,0.01021381,0.2367263,2.03,-0.02015484,-0.0241323,1.464005,5.956888,-0.6409585,-0.1209266,2.5
2024_02_11_21_50_20_173,0.8,0.517698,254502.0,254460.0,36.99111,-4.753881,0.1360858,0.006353237,0.009439657,0.2901525,2.15,-0.01318449,-0.002396881,1.381981,1.881599,0.09173154,0.0451859,2.5
2024_02_11_21_50_20_210,0.8,0.5144394,254730.0,254696.0,37.06618,-4.729774,0.1362365,0.006544452,0.01000775,0.3448096,2.04,-0.01179988,0.04480196,1.710999,-5.20277,0.2688766,-0.09929761,2.5
2024_02_11_21_50_20_247,0.8,0.5113103,254981.0,254932.0,37.1375,-4.70334,0.1363154,0.006478938,0.01027616,0.4080229,2.01,-0.02035523,-0.0100733,1.514219,4.102468,-0.6957054,-0.1974124,2.5
2024_02_11_21_50_20_285,0.8,0.5066402,255161.0,255158.0,37.20794,-4.670957,0.1360827,0.006362824,0.009427232,0.4602352,2.15,-0.01384297,-0.004956304,1.369922,2.382755,-0.02646446,-0.00857003,2.5
2024_02_11_21_50_20_322,0.8,0.5023517,255378.0,255399.0,37.28069,-4.632685,0.1361362,0.006479471,0.009642879,0.5136124,2.1,-0.00557272,0.0490053,1.578744,-6.270408,1.137376,-0.005135312,2.5
2024_02_11_21_50_20_361,0.8,0.4966231,255632.0,255633.0,37.34597,-4.595086,0.1362948,0.006477873,0.01020506,0.5745546,2.02,-0.01966279,0.002694116,1.541716,1.615047,-0.6387233,-0.06272271,2.5
2024_02_11_21_50_20_397,0.8,0.4914699,255821.0,255866.0,37.41204,-4.550183,0.1360682,0.006342584,0.009373871,0.627951,2.17,-0.01408175,-0.006440778,1.347138,2.611398,-0.04976987,0.09752809,2.5
2024_02_11_21_50_20_434,0.8,0.4841897,256017.0,256100.0,37.47668,-4.500756,0.135992,0.006342052,0.00910298,0.6775662,2.21,-0.009921692,0.01518745,1.359365,-1.507044,0.4824996,0.1013149,2.5
2024_02_11_21_50_20_473,0.8,0.4778912,256280.0,256345.0,37.5386,-4.4496,0.136245,0.006451241,0.01002777,0.7368482,2.06,-0.01862819,0.01538096,1.583559,-0.6799697,-0.5856156,-0.009864568,2.5
2024_02_11_21_50_20_510,0.8,0.469691,256477.0,256574.0,37.59526,-4.396231,0.1360817,0.006305833,0.009421591,0.7895021,2.17,-0.01487809,-0.00836343,1.327926,2.866506,-0.1897216,0.01276471,2.5
2024_02_11_21_50_20_548,0.8,0.4624065,256675.0,256815.0,37.65293,-4.335164,0.1359699,0.00626482,0.009017966,0.8391082,2.24,-0.0120196,0.001855423,1.296263,1.300096,0.0603795,-0.03378466,2.5
2024_02_11_21_50_20_580,0.8,0.4550447,256868.0,257028.0,37.70114,-4.279181,0.1360439,0.006337791,0.009304423,0.8829924,2.18,-0.006499601,0.04725944,1.462577,-6.164312,0.8409619,0.01721829,2.5
2024_02_11_21_50_20_618,0.8,0.4450235,257114.0,257265.0,37.7504,-4.217809,0.1361719,0.00628293,0.009751801,0.938687,2.14,-0.01866553,-0.01150735,1.377365,4.395723,-0.7295608,-0.1800023,2.5
2024_02_11_21_50_20_652,0.8,0.4361966,257287.0,257479.0,37.79332,-4.156778,0.1360015,0.006171609,0.009130944,0.9825573,2.24,-0.01313261,-0.003686704,1.250114,2.096653,-0.07891654,0.05032122,2.5
2024_02_11_21_50_20_689,0.8,0.427538,257487.0,257716.0,37.83821,-4.08591,0.1359341,0.006139119,0.008888079,1.02842,2.29,-0.01121971,0.006320002,1.239904,0.465393,0.09155273,-0.04151463,2.5
2024_02_11_21_50_20_727,0.8,0.4160234,257730.0,257965.0,37.88086,-4.012095,0.1361155,0.006188121,0.009558846,1.078977,2.17,-0.01658405,0.02431901,1.448109,-1.93429,-0.6690025,-0.06084889,2.5
2024_02_11_21_50_20_764,0.8,0.4061021,257938.0,258200.0,37.91812,-3.939705,0.1360144,0.00603206,0.009176304,1.127257,2.25,-0.01401032,-0.007000396,1.202682,2.418041,-0.1885891,0.07772818,2.5
2024_02_11_21_50_20_798,0.8,0.396354,258122.0,258419.0,37.95008,-3.868787,0.1359232,0.005964416,0.008846824,1.16714,2.31,-0.01107241,0.00252158,1.160937,0.9241104,0.09351968,0.1005344,2.5
2024_02_11_21_50_20_830,0.8,0.3856721,258307.0,258634.0,37.97875,-3.797721,0.1359151,0.005931392,0.008819543,1.205486,2.33,-0.01144327,0.008452197,1.163783,-0.00333786,-0.006735324,0.04307367,2.5
2024_02_11_21_50_20_868,0.8,0.3721463,258516.0,258877.0,38.00777,-3.716574,0.1359181,0.005856824,0.008829052,1.248214,2.34,-0.01265293,0.00479314,1.139047,0.6449222,-0.231415,0.007025897,2.5
2024_02_11_21_50_20_906,0.8,0.3607759,258731.0,259126.0,38.03416,-3.63142,0.1359117,0.005772668,0.008806574,1.290901,2.35,-0.01182999,0.007205661,1.11068,0.1275539,-0.1245737,0.05066022,2.5
2024_02_11_21_50_20_939,0.8,0.3490338,258919.0,259343.0,38.05425,-3.556342,0.1359144,0.005690643,0.008815151,1.327081,2.36,-0.01211489,0.005845633,1.081174,0.3247261,-0.1930594,0.003695488,2.5
2024_02_11_21_50_20_977,0.8,0.3346345,259136.0,259593.0,38.07413,-3.468665,0.1359122,0.005586246,0.008807516,1.367449,2.37,-0.01211867,0.005795827,1.044317,0.2434254,-0.2135038,0.01596659,2.5
2024_02_11_21_50_21_010,0.8,0.3219436,259325.0,259810.0,38.08863,-3.391609,0.1359109,0.005489307,0.008802458,1.401366,2.38,-0.01211789,0.005430173,1.011205,0.2601147,-0.2526343,0.008285046,2.5
2024_02_11_21_50_21_047,0.8,0.3095203,259539.0,260054.0,38.10188,-3.304335,0.1359086,0.005371063,0.008793662,1.438044,2.39,-0.01172079,0.004931566,0.9720953,0.2744198,-0.196442,0.02263486,2.5
2024_02_11_21_50_21_081,0.8,0.2969822,259736.0,260278.0,38.11132,-3.223435,0.1359069,0.005256015,0.008786912,1.470453,2.4,-0.01151953,0.004786081,0.935723,0.2291202,-0.1949072,-0.007700175,2.5
2024_02_11_21_50_21_118,0.8,0.2807227,259951.0,260522.0,38.11869,-3.134774,0.1359046,0.005121791,0.008778009,1.504279,2.41,-0.01182281,0.004403969,0.893535,0.2300739,-0.2763569,0.007987022,2.5
2024_02_11_21_50_21_152,0.8,0.2673122,260150.0,260746.0,38.1229,-3.052821,0.1359016,0.004989166,0.00876685,1.533961,2.42,-0.01158454,0.003846759,0.8530383,0.2450943,-0.2615005,0.03400445,2.5
2024_02_11_21_50_21_189,0.8,0.2531742,260367.0,260990.0,38.12479,-2.963224,0.1358991,0.004837899,0.00875729,1.564704,2.43,-0.01120009,0.003522542,0.8088647,0.2253055,-0.2330988,0.03742799,2.5
2024_02_11_21_50_21_227,0.8,0.2359743,260592.0,261241.0,38.12394,-2.870845,0.1358953,0.004670119,0.00874288,1.594487,2.44,-0.01121224,0.003081915,0.7596565,0.2241134,-0.2843142,0.01054443,2.5
2024_02_11_21_50_21_261,0.8,0.2216634,260788.0,261458.0,38.12104,-2.790404,0.1358926,0.004519917,0.008732804,1.618856,2.44,-0.01114678,0.002890945,0.7176063,0.3013611,-0.323981,-0.007828698,2.5
2024_02_11_21_50_21_298,0.8,0.2075013,261009.0,261701.0,38.1155,-2.700057,0.1358897,0.00434255,0.008721723,1.644505,2.45,-0.01057338,0.002643281,0.6698288,0.187397,-0.251472,-0.00115484,2.5
2024_02_11_21_50_21_335,0.8,0.1892205,261238.0,261951.0,38.10749,-2.607152,0.1358866,0.004151335,0.008710116,1.668959,2.46,-0.01074787,0.002338616,0.6182564,0.1752376,-0.3311932,0.0257343,2.5
2024_02_11_21_50_21_373,0.8,0.1744667,261461.0,262194.0,38.09756,-2.516642,0.1358837,0.003956392,0.008698977,1.690879,2.46,-0.01004967,0.001864173,0.5677463,0.1876354,-0.2574027,0.05572661,2.5
2024_02_11_21_50_21_406,0.8,0.1592825,261667.0,262417.0,38.08672,-2.433448,0.1358808,0.003768906,0.008688379,1.709319,2.47,-0.009727103,0.001779241,0.5194261,0.1161098,-0.2455711,0.009875744,2.5
2024_02_11_21_50_21_444,0.8,0.1439141,261893.0,262658.0,38.07324,-2.342935,0.1358788,0.003562777,0.00868072,1.72756,2.48,-0.009349879,0.001509767,0.4688955,0.1518726,-0.2213418,-0.01303106,2.5
2024_02_11_21_50_21_476,0.8,0.1279875,262102.0,262880.0,38.05946,-2.259804,0.1358771,0.00336517,0.008674245,1.742636,2.48,-0.009262398,0.001260076,0.420628,0.1139641,-0.2446771,0.01729652,2.5
2024_02_11_21_50_21_514,0.8,0.1087072,262330.0,263122.0,38.04309,-2.169402,0.135876,0.003143595,0.008669312,1.757187,2.49,-0.009400872,0.001026952,0.3671433,0.08654594,-0.3505945,-0.07425435,2.5
2024_02_11_21_50_21_547,0.8,0.09311031,262534.0,263336.0,38.02744,-2.088839,0.1358752,0.002941728,0.008666579,1.768508,2.49,-0.009221491,0.000798204,0.3196362,0.08678436,-0.3685951,-0.05131028,2.5
2024_02_11_21_50_21_584,0.8,0.07812924,262770.0,263583.0,38.00834,-1.996142,0.1358748,0.002704174,0.008664552,1.779597,2.49,-0.008391017,0.0007070435,0.2655546,0.07748604,-0.2579689,0.009197742,2.5
2024_02_11_21_50_21_622,0.8,0.05816829,263001.0,263822.0,37.98883,-1.905963,0.1358752,0.002467152,0.008665564,1.7884,2.49,-0.008595446,0.0004748809,0.2114848,0.07843971,-0.3681779,-0.002073124,2.5
2024_02_11_21_50_21_659,0.8,0.0425672,263240.0,264068.0,37.96807,-1.813406,0.1358752,0.002220011,0.008665128,1.79538,2.5,-0.007762693,0.0003509809,0.1571315,0.0860691,-0.274539,-0.02913177,2.5
2024_02_11_21_50_21_693,0.8,0.02693194,263448.0,264280.0,37.94952,-1.733054,0.1358754,0.002002164,0.008665962,1.799755,2.5,-0.007404354,0.0002373946,0.1098747,0.08296966,-0.2772808,-0.04814937,2.5
2024_02_11_21_50_21_731,0.8,0.007666818,263688.0,264524.0,37.92784,-1.640539,0.1358771,0.001749697,0.008671974,1.802869,2.5,-0.007304464,0.0003872117,0.05588148,0.001907349,-0.3322959,-0.02899021,2.5
2024_02_11_21_50_21_768,0.8,-0.008435672,263923.0,264761.0,37.90654,-1.55048,0.1358802,0.001499892,0.0086826,1.803949,2.5,-0.006751321,0.0003063905,0.003420929,0.02717972,-0.2788901,0.008968636,2.5
2024_02_11_21_50_21_802,0.8,-0.02383064,264140.0,264978.0,37.88696,-1.467742,0.1358844,0.001266599,0.008698601,1.803205,2.5,-0.006200834,0.0003868785,-0.04567084,-0.03647804,-0.2571344,0.0009313225,2.5
2024_02_11_21_50_21_835,0.8,-0.03941393,264351.0,265188.0,37.8681,-1.387447,0.135889,0.001039165,0.008714798,1.800876,2.5,-0.005878875,0.0003342901,-0.09354943,-0.03075599,-0.2655387,0.005161389,2.5
2024_02_11_21_50_21_872,0.8,-0.0588557,264588.0,265422.0,37.84727,-1.297402,0.1358934,0.0007792409,0.008731234,1.796373,2.5,-0.005847552,0.0004267745,-0.1483802,-0.05459785,-0.351727,-0.03355369,2.5
2024_02_11_21_50_21_910,0.8,-0.07445602,264833.0,265662.0,37.82643,-1.204885,0.1358994,0.0005107943,0.008752861,1.789656,2.49,-0.005031778,0.0004073031,-0.2034279,-0.06580353,-0.2669096,-0.003185123,2.5
2024_02_11_21_50_21_947,0.8,-0.09435689,265071.0,265895.0,37.80685,-1.114748,0.1359054,0.0002444782,0.008774781,1.781066,2.49,-0.00511053,0.0006794001,-0.2595448,-0.07510185,-0.3628134,-0.1024883,2.5
2024_02_11_21_50_21_980,0.8,-0.1092424,265291.0,266108.0,37.78965,-1.031864,0.1359118,-4.645242e-05,0.008797687,1.771383,2.49,-0.004591222,0.0007049179,-0.3092181,-0.1013279,-0.3418326,0.05008094,2.5
2024_02_11_21_50_22_018,0.8,-0.1248401,265531.0,266338.0,37.77196,-0.9416061,0.1359191,6.28292,0.008824836,1.758931,2.48,-0.003885269,0.0008134756,-0.3625678,-0.1058578,-0.2743006,-0.03020651,2.5
2024_02_11_21_50_22_056,0.8,-0.1441401,265778.0,266574.0,37.75509,-0.8488363,0.1359274,6.282645,0.008855277,1.744058,2.48,-0.003748968,0.0011884,-0.4188206,-0.1347065,-0.3579855,-0.01107156,2.5
2024_02_11_21_50_22_093,0.8,-0.159126,266019.0,266803.0,37.74013,-0.7584671,0.1359368,6.282377,0.008889726,1.727531,2.47,-0.00277132,0.001322489,-0.4725719,-0.1647472,-0.2647638,-0.007726252,2.5
2024_02_11_21_50_22_131,0.8,-0.1774942,266267.0,267036.0,37.72644,-0.6656294,0.1359467,6.282105,0.008925957,1.708525,2.47,-0.002577996,0.001589001,-0.526446,-0.2176761,-0.3455281,0.05686655,2.5
2024_02_11_21_50_22_168,0.8,-0.1921612,266509.0,267262.0,37.71494,-0.5752319,0.1359567,6.281842,0.008962453,1.688078,2.46,-0.001854199,0.001783583,-0.5775008,-0.2000332,-0.2668649,0.0529997,2.5
2024_02_11_21_50_22_206,0.8,-0.2102935,266758.0,267494.0,37.70518,-0.4824338,0.1359681,6.281571,0.00900427,1.66508,2.45,-0.001542381,0.002226174,-0.6310148,-0.2112388,-0.309363,0.003166497,2.5
2024_02_11_21_50_22_243,0.8,-0.2244291,267000.0,267717.0,37.69785,-0.3921717,0.1359794,6.281314,0.009045842,1.640804,2.44,-0.000540874,0.002382016,-0.6798327,-0.1816749,-0.2287179,-0.05767308,2.5
2024_02_11_21_50_22_277,0.8,-0.2383996,267217.0,267916.0,37.69323,-0.3117924,0.1359899,6.281087,0.009084367,1.617615,2.44,1.470326e-05,0.002622292,-0.7230949,-0.1814365,-0.2272278,-0.03529713,2.5
2024_02_11_21_50_22_314,0.8,-0.2562515,267466.0,268144.0,37.69031,-0.2194528,0.136003,6.28083,0.009132295,1.589164,2.43,0.0001804177,0.003087813,-0.7726946,-0.2861023,-0.3205388,-0.001134351,2.5
2024_02_11_21_50_22_351,0.8,-0.2697463,267709.0,268365.0,37.69006,-0.1298276,0.1360139,6.280589,0.00917322,1.559764,2.42,0.0006893091,0.003739674,-0.8167748,-0.3590584,-0.2965927,0.06029009,2.5
2024_02_11_21_50_22_385,0.8,-0.2827832,267932.0,268567.0,37.69222,-0.04783428,0.1360281,6.280365,0.009224435,1.531217,2.41,0.001688684,0.003729413,-0.8597871,-0.2467632,-0.2038181,-0.001048669,2.5
2024_02_11_21_50_22_423,0.8,-0.2990623,268175.0,268785.0,37.69727,0.04090488,0.1360413,6.280131,0.009273486,1.498561,2.4,0.00202362,0.004029584,-0.9036098,-0.2832413,-0.2707541,0.01731887,2.5
2024_02_11_21_50_22_460,0.8,-0.3118708,268424.0,269009.0,37.7055,0.1314027,0.1360563,6.279898,0.009328623,1.463375,2.39,0.003068392,0.004633741,-0.9468603,-0.276804,-0.1806617,-0.03903732,2.5
2024_02_11_21_50_22_497,0.8,-0.3275338,268667.0,269226.0,37.71658,0.2187286,0.1360716,6.279677,0.009384682,1.427547,2.37,0.003305953,0.005049201,-0.9880452,-0.3793239,-0.2681613,0.06714649,2.5
2024_02_11_21_50_22_535,0.8,-0.3395503,268917.0,269447.0,37.73118,0.3074634,0.1360868,6.279461,0.0094405,1.389235,2.36,0.004372188,0.005289956,-1.026912,-0.3175735,-0.1822114,0.01369789,2.5
2024_02_11_21_50_22_568,0.8,-0.3513086,269133.0,269640.0,37.74657,0.383602,0.1361032,6.279278,0.009500805,1.354752,2.35,0.004796717,0.006425186,-1.061971,-0.4665851,-0.1685023,-0.04684738,2.5
2024_02_11_21_50_22_606,0.8,-0.3657721,269382.0,269864.0,37.76734,0.469762,0.1361524,6.27906,0.009685033,1.313388,2.3,0.003628211,0.01841184,-1.131449,-2.864361,-0.5040169,0.001816079,2.5
2024_02_11_21_50_22_644,0.8,-0.3767539,269622.0,270100.0,37.78975,0.5501492,0.1362651,6.278877,0.01009122,1.268776,2.24,0.009746864,0.0001143969,-1.191049,1.013517,0.2765059,-0.01978501,2.5
2024_02_11_21_50_22_681,0.8,-0.3902594,269865.0,270307.0,37.81717,0.6323048,0.1361335,6.278755,0.009609859,1.225809,2.31,0.005698693,-0.001286797,-1.121113,0.844717,-0.326097,-0.0141412,2.5
2024_02_11_21_50_22_714,0.8,-0.4004203,270080.0,270499.0,37.8443,0.7034464,0.1361612,6.278541,0.009722519,1.187739,2.27,0.0008781403,0.033803,-1.242286,-5.583763,-1.145363,0.1159459,2.5
2024_02_11_21_50_22_752,0.8,-0.4103308,270320.0,270749.0,37.87556,0.7786022,0.1363208,6.278362,0.01029551,1.1374,2.18,0.01207933,0.001582913,-1.31031,0.8895397,0.3590584,-0.1117755,2.5
2024_02_11_21_50_22_785,0.8,-0.4200215,270535.0,270930.0,37.90852,0.8466676,0.1361722,6.2783,0.009749674,1.095834,2.26,0.008191774,-0.005612393,-1.191054,1.696586,-0.1837015,0.02085976,2.5
2024_02_11_21_50_22_822,0.8,-0.4314424,270774.0,271142.0,37.94864,0.9205558,0.1361783,6.278088,0.009788454,1.050743,2.23,0.0003743172,0.03942887,-1.326102,-6.277084,-1.435995,0.09740516,2.5
2024_02_11_21_50_22_859,0.8,-0.4401617,271020.0,271404.0,37.99009,0.9911615,0.1363697,6.277912,0.01047782,0.9951578,2.12,0.01360674,0.009030375,-1.427476,-0.4537105,0.3189444,-0.05365535,2.5
2024_02_11_21_50_22_897,0.8,-0.4492305,271250.0,271603.0,38.03481,1.057313,0.1362149,6.277892,0.00990556,0.9465173,2.21,0.01058352,-0.00814785,-1.25666,2.234936,-0.08517503,-0.0450667,2.5
2024_02_11_21_50_22_935,0.8,-0.4591789,271493.0,271811.0,38.08612,1.125024,0.1361507,6.277749,0.009682306,0.898451,2.23,0.004743898,0.02392329,-1.31391,-4.158497,-1.022995,0.1634508,2.5
2024_02_11_21_50_22_968,0.8,-0.4664759,271707.0,272045.0,38.13047,1.179843,0.1363834,6.277533,0.01053191,0.8481672,2.08,0.01527782,0.01867883,-1.572475,-1.868486,0.3789663,-0.06473064,2.5
2024_02_11_21_50_23_006,0.8,-0.4732904,271942.0,272268.0,38.18366,1.238326,0.1363103,6.277543,0.01025065,0.7928331,2.13,0.0151175,-0.01908001,-1.336371,3.913641,0.3017187,-0.04585832,2.5
2024_02_11_21_50_23_038,0.8,-0.4797739,272148.0,272437.0,38.23502,1.28835,0.1361651,6.277506,0.009726979,0.7494865,2.21,0.01031034,-0.002005198,-1.307575,1.466751,-0.2087951,0.02798997,2.5
2024_02_11_21_50_23_077,0.8,-0.4875264,272386.0,272671.0,38.29477,1.341888,0.1363314,6.277243,0.01035057,0.6965562,2.08,0.01225144,0.03788035,-1.652601,-4.577398,-0.01084804,-0.023745,2.5
2024_02_11_21_50_23_114,0.8,-0.4930091,272624.0,272924.0,38.35462,1.390987,0.1364189,6.277223,0.01065658,0.6355719,2.03,0.01724489,0.002570884,-1.498912,1.018286,0.3971457,-0.08091702,2.5
2024_02_11_21_50_23_151,0.8,-0.4992705,272851.0,273111.0,38.41797,1.435642,0.1362024,6.277275,0.009861888,0.5841569,2.16,0.01260023,-0.007560509,-1.34422,2.364635,-0.07915496,-0.05181878,2.5
2024_02_11_21_50_23_184,0.8,-0.5037315,273065.0,273295.0,38.48069,1.475097,0.1361569,6.277179,0.009710491,0.5381114,2.16,0.003349077,0.03883948,-1.423521,-7.129669,-1.679301,0.2735741,2.5
2024_02_11_21_50_23_222,0.8,-0.5077735,273302.0,273559.0,38.54641,1.513509,0.1364163,6.276981,0.01065352,0.4769509,2.0,0.01799455,0.01787022,-1.667716,-1.457691,0.4156232,-0.05793012,2.5
2024_02_11_21_50_23_256,0.8,-0.5113785,273509.0,273759.0,38.60727,1.544051,0.1363478,6.277042,0.01038805,0.4241505,2.05,0.01881661,-0.02440302,-1.425423,5.792617,0.5693436,-0.04633888,2.5
2024_02_11_21_50_23_289,0.8,-0.5144709,273711.0,273920.0,38.67141,1.571412,0.1361524,6.277081,0.009681324,0.3785406,2.16,0.01249506,-0.004171535,-1.364702,2.076626,-0.1052022,-0.006081536,2.5
2024_02_11_21_50_23_326,0.8,-0.5178343,273947.0,274146.0,38.74554,1.599103,0.1362866,6.276845,0.01019019,0.3245834,2.05,0.009409911,0.04578272,-1.700354,-5.797624,-0.6040037,-0.03698468,2.5
2024_02_11_21_50_23_364,0.8,-0.5198604,274184.0,274407.0,38.81754,1.622686,0.1364196,6.276835,0.01066183,0.2599235,1.97,0.01905018,0.007638013,-1.598513,0.2849102,0.421822,-0.01833402,2.5
2024_02_11_21_50_23_401,0.8,-0.5218611,274408.0,274594.0,38.89088,1.640534,0.1361966,6.276949,0.009840493,0.2057713,2.11,0.01475528,-0.01037846,-1.392979,3.022194,0.08064508,-0.005334615,2.5
2024_02_11_21_50_23_439,0.8,-0.5228921,274646.0,274798.0,38.97098,1.655144,0.1361503,6.276872,0.00969078,0.1526146,2.11,0.001505493,0.04873157,-1.491874,-8.351088,-2.234012,0.2918579,2.5
2024_02_11_21_50_23_473,0.8,-0.5234834,274855.0,275036.0,39.037,1.664953,0.1363921,6.276715,0.01056529,0.0963798,1.97,0.01935719,0.0183346,-1.714172,-1.305342,0.477463,-0.02166629,2.5
2024_02_11_21_50_23_512,0.8,-0.5235266,275085.0,275250.0,39.11253,1.670954,0.1362546,6.276838,0.01004895,0.03702167,2.07,0.01784693,-0.01841589,-1.429795,4.232883,0.3781914,0.02298504,2.5
2024_02_11_21_50_23_543,0.8,-0.5231249,275289.0,275412.0,39.18242,1.672027,0.1360934,6.276877,0.009467205,6.274096,2.16,0.01265532,-0.001276187,-1.384353,1.597166,-0.1667738,0.05611218,2.5
2024_02_11_21_50_23_581,0.8,-0.5218947,275525.0,275650.0,39.26049,1.669898,0.1362953,6.276647,0.01022047,6.217541,2.01,0.01568842,0.03914155,-1.758743,-4.447222,0.2177954,-0.02591498,2.5
2024_02_11_21_50_23_618,0.8,-0.5204337,275759.0,275898.0,39.33565,1.664186,0.1363479,6.27672,0.0103949,6.153949,2.0,0.02053081,-0.01064151,-1.52384,4.093409,0.6745457,-0.1671705,2.5
2024_02_11_21_50_23_652,0.8,-0.5184335,275960.0,276057.0,39.40333,1.654011,0.1361249,6.276828,0.009580538,6.106801,2.13,0.01421599,-0.006585121,-1.388793,2.544641,0.0217855,0.02405979,2.5
2024_02_11_21_50_23_686,0.8,-0.5159097,276173.0,276239.0,39.47516,1.639502,0.1360799,6.276793,0.00942893,6.059459,2.14,0.006626484,0.03486123,-1.445029,-6.032228,-1.252979,0.2935324,2.5
2024_02_11_21_50_23_724,0.8,-0.5122002,276408.0,276502.0,39.54859,1.622057,0.1363374,6.276653,0.01036534,5.997729,1.99,0.01950214,0.01546469,-1.665128,-0.7554292,0.5322695,-0.03178231,2.5
2024_02_11_21_50_23_755,0.8,-0.5089677,276609.0,276680.0,39.61243,1.602307,0.1361859,6.276785,0.009799466,5.947686,2.09,0.01716191,-0.0152565,-1.407422,3.809452,0.3275275,0.001098961,2.5
2024_02_11_21_50_23_793,0.8,-0.5050021,276845.0,276871.0,39.68881,1.573496,0.1360296,6.27683,0.009235797,5.895477,2.19,0.01226647,0.001456695,-1.363504,1.353741,-0.1298785,0.00588037,2.5
2024_02_11_21_50_23_830,0.8,-0.4995464,277083.0,277113.0,39.76129,1.542448,0.1362478,6.276647,0.01004536,5.839376,2.04,0.01767977,0.03277364,-1.707183,-3.182888,0.5258322,-0.03685057,2.5
2024_02_11_21_50_23_868,0.8,-0.4946592,277318.0,277344.0,39.8306,1.508333,0.1362111,6.276772,0.00988976,5.779502,2.09,0.01910439,-0.02242105,-1.411619,5.056142,0.575304,0.01534447,2.5
2024_02_11_21_50_23_905,0.8,-0.487837,277547.0,277528.0,39.89931,1.468346,0.1360251,6.276855,0.009218041,5.729187,2.2,0.01271753,-0.001602686,-1.336253,1.841783,-0.06490946,0.05057081,2.5
2024_02_11_21_50_23_943,0.8,-0.4818015,277791.0,277756.0,39.96888,1.423121,0.1361439,6.27672,0.009670092,5.675922,2.11,0.01005908,0.04506237,-1.603682,-5.453825,-0.4196763,-0.04255399,2.5
2024_02_11_21_50_23_980,0.8,-0.4739083,278024.0,277997.0,40.03123,1.378779,0.1362126,6.276803,0.009898354,5.617843,2.09,0.01917256,-0.01720413,-1.417067,5.06854,0.6542801,-0.1283586,2.5
2024_02_11_21_50_24_014,0.8,-0.4668791,278236.0,278166.0,40.08797,1.332377,0.1360283,6.276904,0.009229123,5.572248,2.2,0.01333964,-0.003784149,-1.306808,2.218723,0.04190206,0.06927922,2.5
2024_02_11_21_50_24_051,0.8,-0.4596706,278472.0,278365.0,40.14914,1.277046,0.1359735,6.276908,0.009036036,5.524044,2.23,0.009828739,0.01700076,-1.323845,-1.851559,-0.4302263,0.06952696,2.5
2024_02_11_21_50_24_085,0.8,-0.4518047,278692.0,278599.0,40.20165,1.226136,0.1361943,6.27684,0.009842277,5.473341,2.1,0.01803646,0.01488126,-1.513815,-0.5993843,0.6296634,-0.04231929,2.5
2024_02_11_21_50_24_122,0.8,-0.4416417,278924.0,278796.0,40.25548,1.167439,0.1360356,6.276987,0.009253887,5.423135,2.21,0.01426596,-0.007344493,-1.26974,2.742767,0.2096295,-0.01669489,2.5
2024_02_11_21_50_24_160,0.8,-0.4330395,279166.0,278998.0,40.30972,1.101292,0.1359364,6.277036,0.008895974,5.375701,2.28,0.01144831,0.003002654,-1.240266,0.9951591,-0.1106262,0.04302524,2.5
2024_02_11_21_50_24_193,0.8,-0.4239448,279382.0,279194.0,40.35469,1.041345,0.1360226,6.276986,0.009225389,5.333636,2.22,0.008408648,0.04377313,-1.393446,-5.810737,-0.5230308,0.0603944,2.5
2024_02_11_21_50_24_230,0.8,-0.4123511,279619.0,279427.0,40.40074,0.9751452,0.1360766,6.277089,0.009400468,5.282166,2.21,0.01664279,-0.01474907,-1.257577,3.574133,0.5298257,0.01925044,2.5
2024_02_11_21_50_24_268,0.8,-0.4022655,279862.0,279628.0,40.4455,0.901822,0.1359417,6.277188,0.00891358,5.236495,2.3,0.01192116,-0.0005941093,-1.173015,1.483202,0.008523464,-0.0393968,2.5
2024_02_11_21_50_24_305,0.8,-0.3894215,280102.0,279834.0,40.48669,0.826721,0.13591,6.27723,0.00880041,5.193248,2.33,0.01148731,0.007522189,-1.169256,0.2439022,0.05233287,-0.06473809,2.5
2024_02_11_21_50_24_342,0.8,-0.3787747,280351.0,280051.0,40.52571,0.7475935,0.135936,6.277287,0.008895395,5.148782,2.32,0.0126835,0.00721448,-1.161947,0.3156662,0.2062321,-0.005327165,2.5
2024_02_11_21_50_24_380,0.8,-0.3648534,280594.0,280258.0,40.56055,0.6684765,0.1359072,6.277383,0.008789549,5.106779,2.35,0.01187992,0.005618505,-1.117592,0.4127025,0.1475811,0.03346056,2.5
2024_02_11_21_50_24_417,0.8,-0.3534973,280843.0,280475.0,40.59311,0.5852162,0.1359152,6.277465,0.008818977,5.064735,2.36,0.01216786,0.006693805,-1.093135,0.2150535,0.1790523,-0.03716722,2.5
2024_02_11_21_50_24_455,0.8,-0.3388442,281086.0,280685.0,40.6216,0.5026052,0.1359121,6.277565,0.008807192,5.02499,2.37,0.01234802,0.005712711,-1.056454,0.2925396,0.2371371,-0.02244487,2.5
2024_02_11_21_50_24_492,0.8,-0.3268474,281337.0,280903.0,40.6476,0.4162506,0.1359107,6.277674,0.008801892,4.985549,2.38,0.01172887,0.005625807,-1.019751,0.1971722,0.1553297,0.07639267,2.5
2024_02_11_21_50_24_531,0.8,-0.311143,281581.0,281116.0,40.66978,0.3308935,0.1359091,6.27779,0.008795284,4.948549,2.39,0.01205682,0.00497784,-0.9805122,0.3361702,0.2693236,-0.0381209,2.5
2024_02_11_21_50_24_568,0.8,-0.2981795,281831.0,281336.0,40.68942,0.2420771,0.135907,6.277917,0.008787108,4.912066,2.4,0.01153745,0.004736125,-0.9396568,0.2470016,0.2063215,-0.0003501773,2.5
2024_02_11_21_50_24_605,0.8,-0.2820784,282075.0,281551.0,40.70552,0.1546186,0.1359044,6.278051,0.008777468,4.878095,2.41,0.0117259,0.004346864,-0.8973978,0.2269745,0.2587438,0.0839997,2.5
2024_02_11_21_50_24_643,0.8,-0.2684818,282326.0,281774.0,40.7191,0.06393752,0.1359017,6.278197,0.008767074,4.844838,2.42,0.01123431,0.003931533,-0.8532991,0.2207756,0.2154708,0.003024935,2.5
2024_02_11_21_50_24_681,0.8,-0.2515025,282570.0,281991.0,40.72953,-0.02507511,0.1358988,6.278349,0.008756448,4.81412,2.43,0.01150503,0.00355532,-0.8079274,0.2596378,0.3083646,-0.003794208,2.5
2024_02_11_21_50_24_718,0.8,-0.237564,282820.0,282216.0,40.73752,-0.1171065,0.1358953,6.278515,0.008742943,4.784344,2.44,0.0108863,0.003140675,-0.7604413,0.2586842,0.2308339,-0.004805624,2.5
2024_02_11_21_50_24_756,0.8,-0.2201168,283064.0,282436.0,40.74276,-0.2072149,0.1358925,6.278686,0.008732346,4.757117,2.44,0.01110962,0.002835118,-0.7124528,0.2229214,0.3061891,0.01110136,2.5
2024_02_11_21_50_24_792,0.8,-0.205642,283314.0,282663.0,40.74569,-0.3001644,0.1358892,6.278869,0.008719883,4.731007,2.45,0.01043934,0.00256133,-0.6628817,0.1752376,0.2250373,0.04854239,2.5
2024_02_11_21_50_24_830,0.8,-0.1876861,283556.0,282885.0,40.74631,-0.390988,0.1358862,6.279056,0.008708592,4.707425,2.46,0.01058292,0.002224509,-0.6128546,0.2348423,0.3268867,0.01825392,2.5
2024_02_11_21_50_24_868,0.8,-0.1729674,283806.0,283115.0,40.74479,-0.4845211,0.1358832,6.279255,0.008697428,4.685142,2.47,0.01000156,0.001914465,-0.5614104,0.1368523,0.2351552,0.02148188,2.5
2024_02_11_21_50_24_901,0.8,-0.1576438,284022.0,283315.0,40.74183,-0.5659168,0.1358804,6.279437,0.008686723,4.667418,2.47,0.009855716,0.001659229,-0.514973,0.1797676,0.2608746,0.002156943,2.5
2024_02_11_21_50_24_939,0.8,-0.1393236,284270.0,283547.0,40.73674,-0.6597794,0.1358788,6.279652,0.008680322,4.648896,2.48,0.00981972,0.00132928,-0.4610613,0.1718998,0.3179013,-0.01258217,2.5
2024_02_11_21_50_24_973,0.8,-0.1237029,284486.0,283750.0,40.73096,-0.7413769,0.1358769,6.279844,0.008673198,4.634466,2.48,0.009712025,0.001231053,-0.4142678,0.1280308,0.3521144,0.03322214,2.5
2024_02_11_21_50_25_009,0.8,-0.1087403,284727.0,283978.0,40.72316,-0.8329322,0.1358756,6.280066,0.008668123,4.620152,2.49,0.008958002,0.001020973,-0.3614531,0.1084804,0.2625287,-0.03241375,2.5
2024_02_11_21_50_25_047,0.8,-0.08902458,284974.0,284213.0,40.71387,-0.9270126,0.1358747,6.280302,0.008664226,4.607501,2.49,0.009034956,0.0006968827,-0.305664,0.1714229,0.3522038,-0.05536154,2.5
2024_02_11_21_50_25_080,0.8,-0.07345113,285188.0,284419.0,40.70491,-1.008735,0.1358744,6.28051,0.008663079,4.598222,2.49,0.008862996,0.000618601,-0.2576478,0.1220703,0.3553331,-0.005155801,2.5
2024_02_11_21_50_25_117,0.8,-0.05870343,285434.0,284656.0,40.69372,-1.102853,0.1358747,6.280753,0.008663851,4.589487,2.5,0.00791243,0.0004798744,-0.2041032,0.08749961,0.2425909,-0.01766905,2.5
2024_02_11_21_50_25_155,0.8,-0.03875225,285673.0,284889.0,40.68211,-1.194507,0.1358749,6.280994,0.008664131,4.582958,2.5,0.00802297,0.0003899279,-0.1502317,0.05078315,0.339657,-0.02530031,2.5
2024_02_11_21_50_25_188,0.8,-0.02278596,285892.0,285103.0,40.67101,-1.278742,0.1358757,6.281219,0.008666929,4.578691,2.5,0.007722182,0.0001538155,-0.1015702,0.07510185,0.3323555,-0.03661588,2.5
2024_02_11_21_50_25_226,0.8,-0.007329405,286129.0,285337.0,40.65857,-1.370435,0.1358771,6.281466,0.008671838,4.575919,2.5,0.006908544,0.0003476299,-0.04977199,-0.01454353,0.2630353,0.02041831,2.5
2024_02_11_21_50_25_261,0.8,0.008513741,286340.0,285547.0,40.64734,-1.45221,0.1358799,6.281688,0.008682175,4.575079,2.5,0.006730833,0.0004149802,-0.002822798,-0.04196167,0.2797842,0.1083389,2.5
2024_02_11_21_50_25_293,0.8,0.024127,286558.0,285764.0,40.63577,-1.536444,0.1358842,6.281921,0.008697746,4.57586,2.5,0.00621481,0.0003868332,0.04656157,-0.0193119,0.2603233,0.02047233,2.5
2024_02_11_21_50_25_330,0.8,0.04367404,286793.0,286000.0,40.62336,-1.628081,0.1358894,6.282178,0.008716763,4.578611,2.5,0.006276572,0.0004288405,0.1008414,-0.06127357,0.3551244,-0.01784973,2.5
2024_02_11_21_50_25_364,0.8,0.05912723,287008.0,286218.0,40.61227,-1.712273,0.1358941,6.282417,0.008733512,4.582907,2.5,0.005852127,0.00043085,0.1508834,-0.08440017,0.333935,0.08116475,2.5
2024_02_11_21_50_25_401,0.8,0.07511263,287242.0,286456.0,40.60072,-1.803881,0.1358994,6.282679,0.008752894,4.58951,2.49,0.005208652,0.000497743,0.2047158,-0.09489059,0.2818108,0.05044415,2.5
2024_02_11_21_50_25_434,0.8,0.09047474,287449.0,286669.0,40.59101,-1.885576,0.1359048,6.282915,0.008772691,4.597099,2.49,0.004749112,0.0006069096,0.2533711,-0.1170635,0.2785921,-0.02620369,2.5
2024_02_11_21_50_25_472,0.8,0.1101323,287687.0,286915.0,40.5807,-1.979625,0.1359118,-0.0001269504,0.008797783,4.607829,2.49,0.004709338,0.0007686278,0.3098451,-0.1132488,0.3675818,-0.02656132,2.5
2024_02_11_21_50_25_505,0.8,0.124964,287893.0,287129.0,40.57266,-2.061261,0.1359188,0.0002407498,0.00882372,4.618881,2.48,0.004187778,0.0009305312,0.3585678,-0.1575947,0.3531128,0.03856234,2.5
2024_02_11_21_50_25_542,0.8,0.1404915,288129.0,287376.0,40.56462,-2.155208,0.1359272,0.000515588,0.00885422,4.633574,2.48,0.003275447,0.001122918,0.413487,-0.1645088,0.2689138,0.04980526,2.5
2024_02_11_21_50_25_580,0.8,0.1578237,288357.0,287616.0,40.55823,-2.2466,0.1359358,0.0007813714,0.008886224,4.649893,2.47,0.003092957,0.001333023,0.4666826,-0.1490116,0.2991557,0.01964718,2.5
2024_02_11_21_50_25_618,0.8,0.1756126,288591.0,287865.0,40.55334,-2.340337,0.1359456,0.001054079,0.008921763,4.668679,2.47,0.002635074,0.001537557,0.5207126,-0.194788,0.3377273,0.04192255,2.5
2024_02_11_21_50_25_655,0.8,0.1906579,288817.0,288106.0,40.55034,-2.431439,0.1359555,0.001318265,0.008958403,4.688926,2.46,0.001806025,0.001819046,0.5723013,-0.1993179,0.2643019,-0.01169555,2.5
2024_02_11_21_50_25_692,0.8,0.208575,289048.0,288355.0,40.5493,-2.524777,0.1359667,0.001586711,0.008999238,4.711704,2.45,0.001482947,0.002153873,0.6251221,-0.2214908,0.3183037,-0.0157319,2.5
2024_02_11_21_50_25_726,0.8,0.2228823,289248.0,288571.0,40.55018,-2.605591,0.1359763,0.001816808,0.009034779,4.73308,2.45,0.001067914,0.002423494,0.6693946,-0.2193451,0.3150552,-0.050392,2.5
2024_02_11_21_50_25_764,0.8,0.2371622,289477.0,288821.0,40.55341,-2.698294,0.1359891,0.002078864,0.009081331,4.759498,2.44,8.433219e-05,0.002609229,0.7193751,-0.1964569,0.2264082,-0.05773268,2.5
2024_02_11_21_50_25_797,0.8,0.2511317,289676.0,289037.0,40.55825,-2.77843,0.1359998,0.002303102,0.009120919,4.783979,2.43,-0.0004041214,0.003107303,0.7623236,-0.2319813,0.2274811,-0.03867596,2.5
2024_02_11_21_50_25_830,0.8,0.2647627,289873.0,289254.0,40.56508,-2.858141,0.1360113,0.002523612,0.009162887,4.809862,2.42,-0.0009507779,0.003224592,0.8041315,-0.2291202,0.22614,-0.008568168,2.5
2024_02_11_21_50_25_869,0.8,0.2819987,290099.0,289503.0,40.57554,-2.949307,0.1360255,0.002773416,0.009215122,4.841363,2.41,-0.001172322,0.003833715,0.8522568,-0.3349781,0.2959371,0.01393258,2.5
2024_02_11_21_50_25_904,0.8,0.2948822,290318.0,289746.0,40.58849,-3.037315,0.1360386,0.003007242,0.009263412,4.873709,2.4,-0.002000263,0.00409318,0.8948399,-0.310421,0.2328753,0.02535805,2.5
2024_02_11_21_50_25_943,0.8,0.3106234,290541.0,289996.0,40.60474,-3.126795,0.1360538,0.003243197,0.009319417,4.908583,2.39,-0.002606423,0.004650586,0.9393555,-0.3390312,0.2403855,-0.04722736,2.5
2024_02_11_21_50_25_981,0.8,0.3231372,290758.0,290238.0,40.62352,-3.212887,0.1360679,0.003463175,0.009371017,4.944093,2.38,-0.003493319,0.004912525,0.9791603,-0.3008842,0.175178,-0.06226822,2.5
2024_02_11_21_50_26_013,0.8,0.3354314,290951.0,290455.0,40.64278,-3.28868,0.1360824,0.00365439,0.009424483,4.977024,2.36,-0.003994741,0.005361384,1.014831,-0.3609657,0.1884103,-0.008897856,2.5
2024_02_11_21_50_26_051,0.8,0.3501955,291172.0,290704.0,40.66797,-3.374655,0.1360978,0.003864779,0.009480845,5.016329,2.35,-0.004411599,0.00584259,1.053183,-0.3900528,0.2269149,-0.03254414,2.5
2024_02_11_21_50_26_084,0.8,0.3617815,291365.0,290920.0,40.69243,-3.447979,0.1361215,0.004045342,0.009569262,5.051711,2.33,-0.00482038,0.008855094,1.092683,-0.948429,0.2767444,0.007042661,2.5
2024_02_11_21_50_26_121,0.8,0.3726901,291605.0,291169.0,40.72271,-3.529369,0.1362578,0.004275439,0.01006976,5.096228,2.24,-0.008621427,0.01501231,1.240117,-1.701355,-0.1859665,-0.07416308,2.5
2024_02_11_21_50_26_159,0.8,0.3864451,291814.0,291405.0,40.75529,-3.606185,0.1361626,0.00437078,0.00971336,5.139341,2.3,-0.006801799,-0.007375068,1.114729,1.732588,0.1962185,0.08803046,2.5
2024_02_11_21_50_26_196,0.8,0.3965895,292029.0,291651.0,40.79341,-3.685293,0.1361238,0.004577441,0.00958,5.182288,2.3,-0.003752903,0.0165697,1.173192,-2.635956,0.6701946,0.06165728,2.5
2024_02_11_21_50_26_234,0.8,0.4092971,292281.0,291893.0,40.8315,-3.758084,0.1363207,0.004806473,0.01029822,5.231829,2.18,-0.01158736,0.009316672,1.35177,-0.6096363,-0.297606,-0.08297338,2.5
2024_02_11_21_50_26_272,0.8,0.4188392,292488.0,292133.0,40.87466,-3.830323,0.1361802,0.00487465,0.009779389,5.278987,2.26,-0.008340631,-0.005496838,1.192374,1.682758,0.1863837,0.05583651,2.5
2024_02_11_21_50_26_306,0.8,0.4280464,292678.0,292352.0,40.91753,-3.89468,0.1361403,0.005032842,0.00964128,5.319973,2.27,-0.004884553,0.01826823,1.245584,-2.964496,0.7507204,0.09749084,2.5
2024_02_11_21_50_26_342,0.8,0.4390317,292934.0,292593.0,40.96425,-3.960259,0.1363614,0.005258678,0.01044904,5.373132,2.12,-0.013503,0.01339283,1.460847,-1.181841,-0.3073215,0.005606561,2.5
2024_02_11_21_50_26_380,0.8,0.447512,293145.0,292830.0,41.01552,-4.023828,0.1362294,0.005277853,0.009958372,5.42402,2.2,-0.01057668,-0.009032495,1.260988,2.134562,0.1263022,0.09370781,2.5
2024_02_11_21_50_26_418,0.8,0.4577216,293346.0,293066.0,41.07084,-4.085049,0.1361538,0.005406749,0.009691103,5.470754,2.23,-0.006202167,0.01603854,1.297411,-2.475739,0.7656812,0.1366157,2.5
2024_02_11_21_50_26_455,0.8,0.4648667,293604.0,293305.0,41.12585,-4.141819,0.1363902,0.005634716,0.01055635,5.52652,2.08,-0.01530989,0.01660489,1.553155,-1.555204,-0.3732443,-0.02012588,2.5
2024_02_11_21_50_26_493,0.8,0.4736703,293820.0,293540.0,41.18445,-4.195334,0.1362828,0.005619803,0.01015128,5.580884,2.14,-0.01376303,-0.01522836,1.324335,3.349304,-0.1397133,0.08164532,2.5
2024_02_11_21_50_26_530,0.8,0.4801186,294012.0,293772.0,41.24746,-4.246147,0.1361461,0.005682653,0.009659521,5.629249,2.22,-0.009278427,0.002967727,1.313093,0.4925728,0.362873,0.05205348,2.5
2024_02_11_21_50_26_568,0.8,0.487563,294271.0,294017.0,41.31259,-4.29454,0.1363838,0.00594311,0.01053681,5.686687,2.05,-0.01648802,0.02445647,1.657742,-2.453566,-0.4431009,-0.08251517,2.5
2024_02_11_21_50_26_605,0.8,0.4930306,294501.0,294246.0,41.37535,-4.336093,0.1363806,0.005926066,0.01051072,5.744113,2.06,-0.01768134,-0.01582269,1.423741,4.453659,-0.5089045,-0.129031,2.5
2024_02_11_21_50_26_642,0.8,0.499262,294690.0,294480.0,41.44571,-4.375942,0.1361726,0.005911685,0.009755211,5.795815,2.17,-0.01144982,-0.002161559,1.344833,1.554012,0.180006,-0.02906285,2.5
2024_02_11_21_50_26_680,0.8,0.5036762,294924.0,294717.0,41.51631,-4.411652,0.136336,0.006158826,0.01036827,5.84999,2.05,-0.01287511,0.03905268,1.692903,-4.691601,0.02515316,-0.07059611,2.5
2024_02_11_21_50_26_718,0.8,0.5087298,295177.0,294953.0,41.58583,-4.443016,0.1364182,0.006156696,0.01065411,5.912456,2.0,-0.01845875,0.0004257658,1.527021,1.615763,-0.4736185,-0.09840912,2.5
2024_02_11_21_50_26_755,0.8,0.5122603,295360.0,295178.0,41.65807,-4.469262,0.1361884,0.006081062,0.009810747,5.964802,2.14,-0.01345259,-0.007680537,1.36921,2.550602,0.02279877,-0.0006724148,2.5
2024_02_11_21_50_26_793,0.8,0.515995,295579.0,295418.0,41.73609,-4.492932,0.1362404,0.006261624,0.01002279,6.01854,2.08,-0.003820478,0.04979694,1.609298,-6.569385,1.377225,0.03437139,2.5
2024_02_11_21_50_26_830,0.8,0.5184335,295839.0,295651.0,41.80787,-4.511827,0.1364202,0.006331399,0.01066547,6.081512,1.98,-0.01884908,0.01116711,1.630762,-0.300169,-0.4176497,-0.04054233,2.5
2024_02_11_21_50_26_868,0.8,0.5208158,296037.0,295880.0,41.88366,-4.525699,0.1362127,0.006215818,0.009898101,6.137949,2.11,-0.01520932,-0.01227492,1.39566,3.275156,-0.1197457,0.02789125,2.5
2024_02_11_21_50_26_905,0.8,0.5221984,296228.0,296111.0,41.96254,-4.535224,0.1360995,0.006240852,0.009494891,6.189168,2.16,-0.009277184,0.01554272,1.406577,-1.874208,0.6669461,0.09111128,2.5
2024_02_11_21_50_26_938,0.8,0.5230947,296463.0,296323.0,42.03027,-4.541034,0.1363711,0.00646722,0.01049184,6.243684,1.99,-0.01913479,0.02513513,1.757682,-2.163649,-0.5313158,-0.03520586,2.5
2024_02_11_21_50_26_976,0.8,0.523591,296695.0,296554.0,42.10542,-4.543012,0.1363325,0.006374542,0.01033331,0.02219798,2.03,-0.02013338,-0.02396181,1.467831,6.006956,-0.6580054,-0.1649279,2.5
2024_02_11_21_50_27_009,0.8,0.5234482,296853.0,296756.0,42.17439,-4.540036,0.1361241,0.006299441,0.009578129,0.06875536,2.14,-0.01336082,-0.004478543,1.386912,2.216101,0.05072355,0.009462237,2.5
2024_02_11_21_50_27_046,0.8,0.522841,297083.0,296997.0,42.25486,-4.532715,0.1362532,0.006503972,0.01006952,0.1246514,2.04,-0.009572612,0.0473863,1.711458,-5.931139,0.639677,-0.04342012,2.5
2024_02_11_21_50_27_080,0.8,0.5217239,297311.0,297203.0,42.31995,-4.524329,0.1363785,0.00649545,0.01051275,0.1813208,1.97,-0.01966039,0.008788872,1.622514,0.2727509,-0.4993379,-0.06949715,2.5
2024_02_11_21_50_27_113,0.8,0.5202254,297479.0,297402.0,42.38564,-4.511103,0.1361778,0.006365488,0.009771411,0.2302958,2.1,-0.01609193,-0.01256637,1.404623,3.506422,-0.2173781,0.002909451,2.5
2024_02_11_21_50_27_151,0.8,0.5176013,297674.0,297639.0,42.46449,-4.490462,0.1360563,0.006358031,0.009335246,0.2830493,2.17,-0.01101751,0.009451387,1.396221,-0.3712177,0.3787279,0.006113201,2.5
2024_02_11_21_50_27_188,0.8,0.5149977,297931.0,297875.0,42.53778,-4.46817,0.136326,0.006548713,0.010326,0.3431478,2.0,-0.01946124,0.0217628,1.719683,-1.658201,-0.5534291,0.01397356,2.5
2024_02_11_21_50_27_226,0.8,0.5110504,298148.0,298107.0,42.60932,-4.441292,0.1362099,0.006410761,0.009885938,0.4024851,2.08,-0.01821178,-0.01895655,1.417436,4.370689,-0.4377365,0.0608135,2.5
2024_02_11_21_50_27_259,0.8,0.5074817,298311.0,298311.0,42.67348,-4.412344,0.136052,0.006356433,0.009316118,0.4480965,2.17,-0.01304045,-0.001996206,1.365182,1.96147,0.04577636,0.008461997,2.5
2024_02_11_21_50_27_297,0.8,0.5033538,298543.0,298554.0,42.74647,-4.375289,0.1361979,0.006534332,0.009867034,0.5033449,2.07,-0.0115307,0.04463757,1.682365,-5.421638,0.2832413,0.03453344,2.5
2024_02_11_21_50_27_330,0.8,0.4988296,298766.0,298761.0,42.80486,-4.342734,0.1362971,0.006481601,0.01021306,0.5579035,2.02,-0.01963709,0.001479045,1.535793,1.849651,-0.6262064,-0.0592824,2.5
2024_02_11_21_50_27_367,0.8,0.4925335,298949.0,298988.0,42.86989,-4.300144,0.1360715,0.006347911,0.009385757,0.6099043,2.17,-0.01425498,-0.006687371,1.348989,2.695799,-0.107646,-0.06233528,2.5
2024_02_11_21_50_27_401,0.8,0.4869193,299128.0,299203.0,42.93014,-4.25595,0.1359887,0.006340987,0.00908856,0.6555004,2.22,-0.01090796,0.008656532,1.348687,-0.06437302,0.2836585,-0.006496906,2.5
2024_02_11_21_50_27_438,0.8,0.4809807,299381.0,299442.0,42.99192,-4.207083,0.1362402,0.00647734,0.01001256,0.7125671,2.06,-0.01864673,0.02076233,1.626475,-1.482725,-0.615418,-0.06734394,2.5
2024_02_11_21_50_27_476,0.8,0.4729135,299592.0,299677.0,43.05099,-4.154212,0.1361098,0.006327138,0.009523218,0.7681931,2.15,-0.01569962,-0.01106157,1.342857,3.187179,-0.2521873,0.03704242,2.5
2024_02_11_21_50_27_513,0.8,0.4658092,299783.0,299910.0,43.10808,-4.096367,0.1359853,0.006277603,0.009073654,0.8168224,2.23,-0.01248342,0.0003486737,1.300701,1.608133,0.01192093,-0.04971586,2.5
2024_02_11_21_50_27_546,0.8,0.458566,299979.0,300130.0,43.15884,-4.039916,0.136043,0.006344182,0.009301106,0.8620216,2.18,-0.00594976,0.04665644,1.451897,-6.223917,0.962615,0.07557869,2.5
2024_02_11_21_50_27_583,0.8,0.4486644,300226.0,300367.0,43.20925,-3.979764,0.1361838,0.00630317,0.009795898,0.9180811,2.12,-0.01883377,-0.009270277,1.394864,3.981828,-0.7079839,-0.07212162,2.5
2024_02_11_21_50_27_617,0.8,0.4404736,300394.0,300573.0,43.252,-3.92166,0.1360104,0.006190784,0.009163531,0.9610161,2.23,-0.01326551,-0.00406621,1.259614,2.155066,-0.06759167,0.06112456,2.5
2024_02_11_21_50_27_655,0.8,0.4316318,300599.0,300817.0,43.2995,-3.850032,0.1359337,0.006154565,0.008886551,1.008402,2.29,-0.01146598,0.004634789,1.243533,0.7634162,0.07474422,-0.04666485,2.5
2024_02_11_21_50_27_688,0.8,0.4225134,300800.0,301033.0,43.33817,-3.78608,0.1360576,0.006214753,0.009352836,1.051167,2.2,-0.01066938,0.04180107,1.438326,-5.219936,0.1726746,0.01250394,2.5
2024_02_11_21_50_27_726,0.8,0.4107596,301031.0,301276.0,43.37826,-3.713478,0.1360568,0.006080529,0.009328979,1.103285,2.23,-0.01574322,-0.01177855,1.237356,3.212452,-0.4302859,0.02166815,2.5
2024_02_11_21_50_27_762,0.8,0.4009591,301229.0,301513.0,43.41451,-3.637693,0.1359378,0.00599371,0.008899593,1.147399,2.3,-0.01186231,0.0004052829,1.170354,1.325607,-0.010252,-0.1146793,2.5
2024_02_11_21_50_27_800,0.8,0.3878344,301441.0,301761.0,43.44884,-3.556563,0.1359143,0.005952698,0.008816934,1.191782,2.33,-0.01140073,0.008794558,1.170267,-0.08702277,-0.009298325,0.05441904,2.5
2024_02_11_21_50_27_838,0.8,0.3773007,301653.0,302003.0,43.47882,-3.476211,0.135952,0.005893575,0.00895428,1.235145,2.31,-0.01306317,0.007818545,1.163602,0.2462864,-0.2414584,-0.01214258,2.5
2024_02_11_21_50_27_876,0.8,0.363194,301866.0,302251.0,43.5062,-3.391844,0.1359085,0.005784386,0.00879393,1.278049,2.35,-0.01172549,0.004875408,1.108534,0.5004406,-0.1235902,0.02867542,2.5
2024_02_11_21_50_27_913,0.8,0.3519368,302077.0,302495.0,43.52959,-3.307934,0.135917,0.005709285,0.008825604,1.318758,2.36,-0.01201664,0.006828137,1.089196,0.1935959,-0.159502,0.0584945,2.5
2024_02_11_21_50_27_951,0.8,0.3369561,302293.0,302744.0,43.55016,-3.220542,0.1359126,0.005604356,0.008808707,1.359397,2.37,-0.01215687,0.005476945,1.050527,0.3452301,-0.2307296,0.003937632,2.5
2024_02_11_21_50_27_988,0.8,0.324959,302505.0,302988.0,43.56691,-3.134288,0.1359116,0.005498362,0.008804904,1.397608,2.38,-0.01189575,0.005459667,1.01514,0.2851486,-0.188902,0.0001639128,2.5
2024_02_11_21_50_28_022,0.8,0.3125351,302701.0,303212.0,43.57949,-3.054209,0.1359104,0.005391836,0.008799635,1.431505,2.39,-0.01170352,0.004957689,0.9797574,0.2753735,-0.1875907,0.03783219,2.5
2024_02_11_21_50_28_060,0.8,0.2965472,302915.0,303456.0,43.59019,-2.966277,0.1359068,0.005266135,0.008786819,1.466971,2.4,-0.01190664,0.004694902,0.9385184,0.2408027,-0.2576709,-0.01125783,2.5
2024_02_11_21_50_28_098,0.8,0.2830036,303136.0,303707.0,43.59804,-2.87526,0.1359047,0.005128183,0.00877814,1.501819,2.41,-0.01144858,0.004316141,0.8959752,0.1971722,-0.198394,0.0450164,2.5
2024_02_11_21_50_28_135,0.8,0.267868,303353.0,303951.0,43.60271,-2.786098,0.1359025,0.004987035,0.008770539,1.534179,2.42,-0.01150102,0.003870599,0.8533335,0.2574921,-0.2464652,0.01494773,2.5
2024_02_11_21_50_28_173,0.8,0.2544148,303570.0,304195.0,43.60458,-2.696498,0.1358991,0.004835235,0.00875737,1.564908,2.43,-0.01087336,0.003681555,0.80909,0.231266,-0.1906156,-0.004630536,2.5
2024_02_11_21_50_28_206,0.8,0.2385155,303771.0,304419.0,43.60394,-2.613859,0.1358964,0.004687164,0.008747088,1.591647,2.43,-0.01107752,0.003208963,0.7657383,0.2303123,-0.2584457,0.0224486,2.5
2024_02_11_21_50_28_244,0.8,0.2207944,303991.0,304663.0,43.60081,-2.523682,0.1358926,0.004516189,0.008732617,1.619066,2.44,-0.01125227,0.002823654,0.7164016,0.1993179,-0.3237128,0.0681337,2.5
2024_02_11_21_50_28_277,0.8,0.2080171,304194.0,304886.0,43.5958,-2.440649,0.1358896,0.004352138,0.008721405,1.642635,2.45,-0.01060444,0.002645981,0.6716771,0.1695156,-0.2492368,0.01789443,2.5
2024_02_11_21_50_28_309,0.8,0.1942947,304392.0,305102.0,43.58912,-2.359967,0.135887,0.004188087,0.008711377,1.664061,2.46,-0.01030781,0.002376862,0.6283801,0.1790523,-0.2503991,-0.03195368,2.5
2024_02_11_21_50_28_347,0.8,0.176412,304622.0,305352.0,43.57933,-2.267014,0.1358851,0.003992078,0.008704156,1.686958,2.46,-0.01044889,0.001934578,0.5774244,0.2202988,-0.3221631,-0.0008568167,2.5
2024_02_11_21_50_28_384,0.8,0.1612952,304846.0,305595.0,43.56783,-2.176497,0.1358818,0.003791809,0.008692005,1.707354,2.47,-0.009886094,0.001700623,0.5263131,0.1642704,-0.26232,0.002209097,2.5
2024_02_11_21_50_28_417,0.8,0.1466768,305047.0,305810.0,43.55605,-2.09577,0.1358795,0.003606985,0.00868306,1.723926,2.47,-0.009559302,0.001501596,0.4800287,0.1266003,-0.2480149,0.05545839,2.5
2024_02_11_21_50_28_451,0.8,0.1309851,305255.0,306032.0,43.54256,-2.012628,0.1358775,0.003409379,0.008675619,1.739386,2.48,-0.009366385,0.001291246,0.4312813,0.1249313,-0.2593398,-0.005377456,2.5
2024_02_11_21_50_28_488,0.8,0.1115387,305483.0,306274.0,43.52648,-1.92221,0.1358764,0.003190467,0.008670446,1.754342,2.48,-0.009619059,0.0010564,0.3778977,0.1180172,-0.3746748,0.03661215,2.5
2024_02_11_21_50_28_521,0.8,0.09684882,305687.0,306488.0,43.51105,-1.841637,0.1358756,0.002989132,0.008668189,1.766016,2.49,-0.00931349,0.0008507193,0.3305714,0.1378059,-0.3585219,-0.03974884,2.5
2024_02_11_21_50_28_559,0.8,0.08131204,305923.0,306735.0,43.49218,-1.748926,0.135875,0.002752111,0.008665448,1.777525,2.49,-0.008447644,0.0007354566,0.2763591,0.05030632,-0.2692342,0.0515487,2.5
2024_02_11_21_50_28_592,0.8,0.06559023,306129.0,306949.0,43.47498,-1.668477,0.135875,0.002541188,0.008664947,1.785818,2.49,-0.008246658,0.0005678106,0.2282111,0.0834465,-0.2783537,0.01708977,2.5
2024_02_11_21_50_28_630,0.8,0.04604802,306367.0,307194.0,43.4544,-1.575902,0.1358752,0.002295112,0.00866528,1.793416,2.5,-0.008184114,0.0004418916,0.173148,0.07200241,-0.3510713,-0.04404783,2.5
2024_02_11_21_50_28_668,0.8,0.03050133,306600.0,307433.0,43.43377,-1.485807,0.1358755,0.002051699,0.008666651,1.798818,2.5,-0.007489938,0.0001832319,0.1203556,0.07772446,-0.2740622,-0.006234273,2.5
2024_02_11_21_50_28_700,0.8,0.01486057,306815.0,307651.0,43.41444,-1.403026,0.1358763,0.001825863,0.008669221,1.80205,2.5,-0.007072825,0.0004149142,0.07195102,-0.007390975,-0.2561212,0.02438947,2.5
2024_02_11_21_50_28_738,0.8,-0.004816908,307050.0,307889.0,43.39318,-1.312958,0.1358789,0.001577124,0.008678709,1.80371,2.5,-0.007125857,0.0004046484,0.01911452,-0.01835823,-0.348866,-0.02905726,2.5
2024_02_11_21_50_28_771,0.8,-0.02026963,307260.0,308099.0,43.37418,-1.232644,0.1358828,0.001352886,0.008692289,1.803546,2.5,-0.006799613,0.0004811091,-0.02809546,-0.0538826,-0.3558993,0.05854852,2.5
2024_02_11_21_50_28_809,0.8,-0.03645592,307503.0,308341.0,43.35242,-1.14018,0.1358878,0.001089765,0.008710566,1.80141,2.5,-0.006155462,0.000408152,-0.08329092,-0.09417533,-0.2813935,0.01242757,2.5
2024_02_11_21_50_28_847,0.8,-0.05557513,307740.0,308576.0,43.33154,-1.050141,0.1358927,0.0008303736,0.008728234,1.79729,2.5,-0.0060378,0.000226679,-0.1381226,-0.01454353,-0.3458857,-0.02610311,2.5
2024_02_11_21_50_28_879,0.8,-0.07126319,307958.0,308791.0,43.31276,-0.9673672,0.1358973,0.0005912217,0.008745224,1.791741,2.5,-0.00562926,0.0004635794,-0.1874749,-0.06818771,-0.3536343,-0.006724149,2.5
2024_02_11_21_50_28_918,0.8,-0.0864843,308197.0,309024.0,43.29296,-0.8772426,0.1359033,0.0003275688,0.00876709,1.783771,2.49,-0.004792861,0.0004868889,-0.2414111,-0.08153915,-0.2701879,0.01566112,2.5
2024_02_11_21_50_28_955,0.8,-0.1060799,308442.0,309262.0,43.27349,-0.7846191,0.1359102,-0.003137286,0.008792114,1.773491,2.49,-0.004778277,0.0007055601,-0.2980914,-0.1020431,-0.3576874,0.03877841,2.5
2024_02_11_21_50_28_992,0.8,-0.1212671,308682.0,309493.0,43.25558,-0.6943722,0.1359178,6.282973,0.008820018,1.761437,2.48,-0.003848536,0.0007259652,-0.35192,-0.05483627,-0.2622306,-0.03414974,2.5
2024_02_11_21_50_29_030,0.8,-0.1403435,308929.0,309729.0,43.23846,-0.6016173,0.1359258,6.282699,0.008849462,1.746964,2.48,-0.003783369,0.0011423,-0.4081426,-0.1900196,-0.3428459,0.01132861,2.5
2024_02_11_21_50_29_068,0.8,-0.1552536,309170.0,309957.0,43.22321,-0.5112604,0.1359351,6.282432,0.008883208,1.73086,2.47,-0.002857608,0.001207938,-0.4606975,-0.1654625,-0.264883,0.02280995,2.5
2024_02_11_21_50_29_104,0.8,-0.1744887,309418.0,310191.0,43.20919,-0.4184253,0.1359446,6.282156,0.008918175,1.71225,2.47,-0.002722973,0.001554973,-0.5167084,-0.1945495,-0.3348589,-0.0003278255,2.5
2024_02_11_21_50_29_138,0.8,-0.1890245,309633.0,310393.0,43.19852,-0.3377948,0.1359532,6.281922,0.008949952,1.694437,2.46,-0.002268236,0.00173273,-0.5621606,-0.1957416,-0.3441721,-0.01215935,2.5
2024_02_11_21_50_29_176,0.8,-0.203377,309882.0,310625.0,43.18812,-0.2449693,0.1359642,6.281654,0.008989894,1.672061,2.45,-0.001245998,0.001965653,-0.6138009,-0.1966953,-0.2445578,0.003376975,2.5
2024_02_11_21_50_29_209,0.8,-0.2179597,310098.0,310825.0,43.18087,-0.1644233,0.1359745,6.281422,0.009027908,1.651023,2.45,-0.0008176309,0.002255545,-0.6588308,-0.1666546,-0.2424419,-0.01939945,2.5
2024_02_11_21_50_29_242,0.8,-0.2317856,310315.0,311024.0,43.1754,-0.08397771,0.135985,6.281194,0.009066141,1.628522,2.44,-0.0003765719,0.002469036,-0.7027164,-0.203371,-0.2403557,0.01466088,2.5
2024_02_11_21_50_29_279,0.8,-0.2491465,310564.0,311252.0,43.17142,0.008474916,0.1359972,6.280935,0.009111192,1.600846,2.43,5.710218e-05,0.00293819,-0.7524108,-0.2524853,-0.2899915,-0.0506211,2.5
2024_02_11_21_50_29_317,0.8,-0.2631071,310807.0,311473.0,43.1701,0.09822297,0.1360101,6.280687,0.009158254,1.57211,2.42,0.0008704346,0.003189317,-0.7990441,-0.2114773,-0.2163201,-0.04711002,2.5
2024_02_11_21_50_29_351,0.8,-0.2767671,311030.0,311676.0,43.17122,0.1803775,0.1360221,6.280464,0.009203169,1.544193,2.41,0.001433075,0.003662502,-0.8411877,-0.2629757,-0.2097934,-0.04643947,2.5
2024_02_11_21_50_29_383,0.8,-0.289825,311247.0,311871.0,43.17454,0.2597515,0.1360341,6.280253,0.009246966,1.515754,2.4,0.002039237,0.003999406,-0.8806059,-0.2913475,-0.2131164,-0.01993216,2.5
2024_02_11_21_50_29_421,0.8,-0.3060617,311489.0,312089.0,43.18098,0.3482133,0.1360482,6.280022,0.009298852,1.482341,2.39,0.002288819,0.004388978,-0.9240419,-0.323534,-0.2710223,-0.02830289,2.5
2024_02_11_21_50_29_454,0.8,-0.3187929,311713.0,312289.0,43.18952,0.4289008,0.1360613,6.279817,0.009347104,1.450266,2.38,0.002896034,0.004774246,-0.9618643,-0.3459453,-0.2685785,0.02523884,2.5
2024_02_11_21_50_29_492,0.8,-0.3309305,311955.0,312505.0,43.20171,0.5159163,0.1360764,6.279601,0.009402541,1.41392,2.37,0.003807309,0.004985627,-1.001056,-0.3170967,-0.2040863,0.02159551,2.5
2024_02_11_21_50_29_525,0.8,-0.3427579,312179.0,312704.0,43.21569,0.595028,0.136091,6.279408,0.009456525,1.379244,2.36,0.004480865,0.005600192,-1.036689,-0.364542,-0.172019,-0.01647882,2.5
2024_02_11_21_50_29_563,0.8,-0.357345,312421.0,312919.0,43.23394,0.679999,0.1361107,6.279206,0.009528648,1.340143,2.34,0.004930569,0.006625613,-1.075929,-0.5064011,-0.2133846,-0.05109608,2.5
2024_02_11_21_50_29_601,0.8,-0.3688004,312670.0,313145.0,43.25588,0.7655379,0.136173,6.278984,0.009761227,1.298146,2.29,0.004239896,0.02206406,-1.165298,-3.29709,-0.3913641,-0.03997236,2.5
2024_02_11_21_50_29_634,0.8,-0.3800013,312884.0,313357.0,43.27662,0.8366072,0.1362779,6.278826,0.0101385,1.25755,2.22,0.009951169,0.001376106,-1.21093,0.7808208,0.2773404,0.02624467,2.5
2024_02_11_21_50_29_671,0.8,-0.3928902,313120.0,313559.0,43.30404,0.9160281,0.1361396,6.278719,0.009631086,1.215342,2.3,0.005961037,-0.002756552,-1.124684,1.054525,-0.3352761,0.06839447,2.5
2024_02_11_21_50_29_709,0.8,-0.4031093,313367.0,313786.0,43.33609,0.9971034,0.1362136,6.278449,0.009916754,1.17051,2.23,0.004268982,0.03728638,-1.332546,-5.463361,-0.5654097,0.05739182,2.5
2024_02_11_21_50_29_746,0.8,-0.4153471,313606.0,314030.0,43.3684,1.071167,0.1363087,6.278325,0.0102478,1.119991,2.19,0.0124211,-0.01092727,-1.269788,3.369331,0.3913641,-0.167992,2.5
2024_02_11_21_50_29_780,0.8,-0.4249273,313821.0,314209.0,43.40274,1.138901,0.1361609,6.278248,0.00970981,1.078763,2.27,0.007812761,-0.003528561,-1.197629,1.418829,-0.2438426,0.01519732,2.5
2024_02_11_21_50_29_817,0.8,-0.4337346,314060.0,314429.0,43.44384,1.211787,0.1362282,6.277999,0.009972678,1.032503,2.2,0.004334789,0.04085971,-1.417987,-5.835056,-0.7612705,0.0910554,2.5
2024_02_11_21_50_29_851,0.8,-0.4424099,314273.0,314656.0,43.48042,1.272201,0.1363709,6.277884,0.01048171,0.983557,2.12,0.01375405,0.008263499,-1.427883,-0.2963543,0.3149509,-0.02747029,2.5
2024_02_11_21_50_29_888,0.8,-0.4526129,314510.0,314859.0,43.52724,1.339597,0.1362075,6.277862,0.00987924,0.9336239,2.21,0.0101326,-0.006566889,-1.26136,2.011061,-0.1388788,0.01328997,2.5
2024_02_11_21_50_29_924,0.8,-0.4604426,314746.0,315062.0,43.578,1.404864,0.1361528,6.277721,0.009690297,0.8865972,2.22,0.004625332,0.02574576,-1.322476,-4.542112,-1.06442,0.1708791,2.5
2024_02_11_21_50_29_963,0.8,-0.4692712,314992.0,315330.0,43.62973,1.466872,0.1363969,6.277503,0.01058009,0.8282207,2.07,0.01544883,0.01529137,-1.553278,-1.328707,0.3331899,-0.01372024,2.5
2024_02_11_21_50_30_001,0.8,-0.4760251,315220.0,315538.0,43.68282,1.522836,0.1362827,6.277524,0.01015116,0.7752579,2.14,0.01398413,-0.01487766,-1.329959,3.279924,0.1450777,0.02786703,2.5
2024_02_11_21_50_30_034,0.8,-0.4824664,315433.0,315714.0,43.73691,1.573588,0.1361503,6.277474,0.009673807,0.7306191,2.21,0.01014251,-0.0002393182,-1.312405,1.082897,-0.2684593,-0.03687851,2.5
2024_02_11_21_50_30_071,0.8,-0.4897099,315672.0,315956.0,43.79725,1.625809,0.1363536,6.277206,0.01042982,0.6762714,2.06,0.01478277,0.03399935,-1.675434,-3.94845,0.2906919,-0.07818453,2.5
2024_02_11_21_50_30_109,0.8,-0.495116,315908.0,316204.0,43.85793,1.673509,0.1364142,6.277203,0.01063865,0.6155716,2.03,0.01752862,-0.001190962,-1.482611,1.787901,0.4331469,-0.03791787,2.5
2024_02_11_21_50_30_146,0.8,-0.5010664,316135.0,316389.0,43.92237,1.71698,0.1361918,6.277253,0.009823305,0.5644069,2.16,0.01244541,-0.007061038,-1.344418,2.346754,-0.1027584,0.06358139,2.5
2024_02_11_21_50_30_184,0.8,-0.5054507,316376.0,316610.0,43.99285,1.759324,0.1362551,6.277046,0.0100754,0.5112998,2.09,0.004982289,0.04762133,-1.603346,-6.30927,-1.128733,-0.01135655,2.5
2024_02_11_21_50_30_222,0.8,-0.5101815,316610.0,316869.0,44.05836,1.795467,0.1364291,6.276973,0.01069788,0.449108,1.99,0.01804285,0.01171353,-1.612795,-0.5117655,0.3635287,-0.02597645,2.5
2024_02_11_21_50_30_258,0.8,-0.5134461,316840.0,317070.0,44.12872,1.827639,0.1362362,6.27707,0.009983288,0.3930932,2.11,0.01499351,-0.01313009,-1.383226,3.307581,0.1161992,0.03427267,2.5
2024_02_11_21_50_30_296,0.8,-0.5169862,317071.0,317263.0,44.20296,1.856297,0.1361329,6.277023,0.009619029,0.342213,2.15,0.00742674,0.02468582,-1.414784,-4.039526,-0.981152,0.1346823,2.5
2024_02_11_21_50_30_334,0.8,-0.5192456,317313.0,317534.0,44.27634,1.881574,0.1364087,6.276812,0.01062587,0.2788729,1.98,0.01895723,0.01824726,-1.701338,-1.394987,0.4555583,-0.06470457,2.5
2024_02_11_21_50_30_372,0.8,-0.5214113,317537.0,317745.0,44.34753,1.900768,0.1362946,6.276913,0.01019354,0.2210674,2.06,0.01845495,-0.02199991,-1.428472,4.739285,0.470221,0.006316229,2.5
2024_02_11_21_50_30_409,0.8,-0.5226426,317771.0,317934.0,44.42652,1.916446,0.1361136,6.27694,0.009543207,0.1681046,2.16,0.01129137,0.004466204,-1.390888,0.4212856,-0.34976,0.09871646,2.5
2024_02_11_21_50_30_446,0.8,-0.5234452,318007.0,318187.0,44.50217,1.928237,0.136369,6.276708,0.01048458,0.108715,1.98,0.01898852,0.02637685,-1.756012,-2.334714,0.5117059,-0.06865151,2.5
2024_02_11_21_50_30_485,0.8,-0.5235847,318238.0,318417.0,44.57706,1.935386,0.1363136,6.276809,0.01026333,0.04717843,2.03,0.02003708,-0.02623954,-1.45808,6.065845,0.6322264,-0.0553485,2.5
2024_02_11_21_50_30_518,0.8,-0.5232288,318440.0,318576.0,44.64628,1.937193,0.1361121,6.276879,0.009534613,0.0007137271,2.15,0.01322804,-0.003863047,-1.385396,2.122879,-0.08085369,0.05210377,2.5
2024_02_11_21_50_30_557,0.8,-0.5221439,318681.0,318802.0,44.7275,1.935392,0.1362247,6.276683,0.009966549,6.228549,2.05,0.008044217,0.04855331,-1.688993,-6.117582,-0.8310079,-0.05768984,2.5
2024_02_11_21_50_30_588,0.8,-0.5207974,318889.0,319033.0,44.79329,1.93158,0.1363738,6.276674,0.01049637,6.171634,1.97,0.01946951,0.01166661,-1.642858,-0.2282858,0.4771948,-0.02699159,2.5
2024_02_11_21_50_30_624,0.8,-0.5189822,319112.0,319224.0,44.86771,1.921729,0.1361685,6.276814,0.009737808,6.116452,2.11,0.01540772,-0.01061137,-1.402707,3.066063,0.1060367,0.1014173,2.5
2024_02_11_21_50_30_663,0.8,-0.5159911,319349.0,319420.0,44.9478,1.906122,0.1360539,6.27682,0.009326979,6.063745,2.17,0.01098729,0.009918149,-1.395985,-0.4827976,-0.4002452,0.07871165,2.5
2024_02_11_21_50_30_700,0.8,-0.5130822,319586.0,319678.0,45.02238,1.888527,0.1363215,6.276637,0.01030966,6.003721,2.0,0.01935484,0.02142883,-1.710922,-1.626491,0.5651116,-0.06244517,2.5
2024_02_11_21_50_30_733,0.8,-0.5097736,319793.0,319874.0,45.0878,1.868881,0.1362303,6.27676,0.009959536,5.950399,2.07,0.01906546,-0.02198964,-1.427344,4.857063,0.5433559,-0.01654029,2.5
2024_02_11_21_50_30_772,0.8,-0.504927,320022.0,320057.0,45.16165,1.841352,0.1360503,6.276827,0.009310356,5.899208,2.17,0.01287185,-0.0006823381,-1.365272,1.666069,-0.0821948,-0.04106387,2.5
2024_02_11_21_50_30_809,0.8,-0.5004508,320265.0,320292.0,45.2367,1.809191,0.1362094,6.276655,0.009908029,5.843657,2.06,0.01308538,0.04207134,-1.683664,-4.871607,-0.04571676,-0.01029856,2.5
2024_02_11_21_50_30_846,0.8,-0.4942876,320496.0,320532.0,45.30431,1.776532,0.1362569,6.276745,0.01005982,5.783915,2.06,0.01982498,-0.01749711,-1.456672,5.24187,0.6805658,-0.1185872,2.5
2024_02_11_21_50_30_883,0.8,-0.4890473,320731.0,320719.0,45.37449,1.736077,0.1360415,6.276851,0.009277428,5.731733,2.18,0.01315275,-0.002845526,-1.340534,2.011299,-0.03975629,0.007448717,2.5
2024_02_11_21_50_30_917,0.8,-0.4832764,320941.0,320900.0,45.43548,1.696697,0.1360331,6.276812,0.009260823,5.687164,2.17,0.004846353,0.04206586,-1.417838,-7.153272,-1.496017,0.1892075,2.5
2024_02_11_21_50_30_954,0.8,-0.4753323,321177.0,321157.0,45.49898,1.652644,0.1362493,6.276758,0.0100413,5.628605,2.06,0.01889409,0.008425876,-1.529661,0.4694462,0.6223917,-0.0196211,2.5
2024_02_11_21_50_30_992,0.8,-0.4683715,321413.0,321352.0,45.56198,1.602119,0.1360494,6.276899,0.009305254,5.576129,2.19,0.01395875,-0.006046332,-1.312585,2.397537,0.05429983,-0.006498768,2.5
2024_02_11_21_50_31_029,0.8,-0.4593496,321648.0,321547.0,45.6232,1.547193,0.1359614,6.276925,0.008987787,5.528042,2.25,0.01176575,0.004556839,-1.297971,0.8792877,-0.07092953,-0.05856715,2.5
2024_02_11_21_50_31_067,0.8,-0.4515145,321895.0,321793.0,45.68301,1.488778,0.13616,6.276823,0.009722899,5.474326,2.12,0.0168832,0.02839764,-1.563424,-2.521038,0.5937219,-0.07300079,2.5
2024_02_11_21_50_31_100,0.8,-0.4434925,322102.0,321986.0,45.73091,1.437402,0.1360976,6.276957,0.009477234,5.427027,2.18,0.01633725,-0.01374171,-1.305004,3.549576,0.4088282,0.1005735,2.5
2024_02_11_21_50_31_137,0.8,-0.4326918,322343.0,322184.0,45.78492,1.372164,0.1359589,6.277035,0.00897685,5.379177,2.27,0.01224239,-2.620113e-05,-1.237932,1.550674,0.005483627,-0.0306759,2.5
2024_02_11_21_50_31_174,0.8,-0.4237176,322583.0,322389.0,45.83556,1.30458,0.1359359,6.277048,0.008897885,5.333282,2.28,0.01046371,0.01471534,-1.255243,-1.240253,-0.2010465,-0.0489112,2.5
2024_02_11_21_50_31_213,0.8,-0.4120267,322831.0,322640.0,45.88337,1.235603,0.1361317,6.277047,0.009610084,5.280807,2.17,0.01777167,0.004590717,-1.357654,1.266956,0.7347464,-0.02443045,2.5
2024_02_11_21_50_31_250,0.8,-0.4017938,323065.0,322836.0,45.92651,1.16504,0.1359701,6.277187,0.009015832,5.235225,2.28,0.01265692,-0.003386363,-1.176866,1.85442,0.06049871,0.03466196,2.5
2024_02_11_21_50_31_288,0.8,-0.3892312,323312.0,323045.0,45.96857,1.088044,0.1359086,6.277242,0.008794669,5.191051,2.33,0.01126209,0.005358512,-1.157655,0.4897117,-0.0282526,0.07762574,2.5
2024_02_11_21_50_31_321,0.8,-0.3783106,323528.0,323233.0,46.00259,1.019183,0.135927,6.27728,0.008863763,5.15271,2.32,0.01195895,0.01090662,-1.163969,-0.3669262,0.1165271,0.09211525,2.5
2024_02_11_21_50_31_358,0.8,-0.3674977,323776.0,323447.0,46.03854,0.938298,0.1359156,6.277378,0.008818886,5.109272,2.35,0.01216133,0.00320549,-1.118878,0.7719993,0.1403689,0.1149848,2.5
2024_02_11_21_50_31_391,0.8,-0.3561931,323993.0,323634.0,46.0672,0.8661455,0.1359095,6.277449,0.008798781,5.072759,2.36,0.0117576,0.00751274,-1.097428,0.04482269,0.1158714,-0.04074722,2.5
2024_02_11_21_50_31_430,0.8,-0.3413702,324237.0,323846.0,46.09631,0.7838289,0.1359128,6.277544,0.008809383,5.032753,2.37,0.01233971,0.005513957,-1.063452,0.3695488,0.2545714,-0.04934519,2.5
2024_02_11_21_50_31_467,0.8,-0.3295656,324487.0,324063.0,46.12293,0.6977521,0.1359112,6.277652,0.008803118,4.993047,2.38,0.01179428,0.005695043,-1.027176,0.2677441,0.1825094,-0.03054924,2.5
2024_02_11_21_50_31_504,0.8,-0.3140468,324731.0,324276.0,46.14572,0.6126368,0.1359093,6.277766,0.008796579,4.955776,2.39,0.01199408,0.005064907,-0.9882775,0.3180504,0.2579689,-0.02631731,2.5
2024_02_11_21_50_31_542,0.8,-0.3012752,324982.0,324496.0,46.16596,0.5240302,0.135907,6.277891,0.008787415,4.918993,2.4,0.0115016,0.004860144,-0.9480313,0.223875,0.1899004,-0.004170462,2.5
2024_02_11_21_50_31_575,0.8,-0.288315,325199.0,324687.0,46.18101,0.4462345,0.1359053,6.278008,0.00878078,4.888326,2.41,0.01152479,0.004311257,-0.9113351,0.2622604,0.2164095,-0.01221895,2.5
2024_02_11_21_50_31_612,0.8,-0.2715212,325450.0,324909.0,46.19549,0.3557973,0.1359022,6.278152,0.008769031,4.854559,2.42,0.01167915,0.003913349,-0.8664875,0.3111362,0.2839118,0.01149624,2.5
2024_02_11_21_50_31_646,0.8,-0.2580057,325667.0,325103.0,46.20567,0.2766152,0.1358995,6.278285,0.008759145,4.826631,2.42,0.01151405,0.003658345,-0.8268752,0.276804,0.2987683,-0.02293475,2.5
2024_02_11_21_50_31_679,0.8,-0.2444929,325885.0,325298.0,46.21372,0.1969296,0.1358974,6.278424,0.008750819,4.800016,2.43,0.01134607,0.003481502,-0.7866558,0.2229214,0.3031939,-0.008158386,2.5
2024_02_11_21_50_31_717,0.8,-0.2305102,326135.0,325523.0,46.22043,0.10465,0.1358941,6.278593,0.008738699,4.771045,2.44,0.01082588,0.003072786,-0.7393775,0.1978874,0.2296418,0.006828457,2.5
2024_02_11_21_50_31_755,0.8,-0.2122584,326379.0,325743.0,46.22452,0.01435032,0.1358909,6.278768,0.008726343,4.744622,2.45,0.01107747,0.002549516,-0.6897627,0.2419948,0.3328323,0.007020309,2.5
2024_02_11_21_50_31_792,0.8,-0.1978442,326628.0,325971.0,46.22633,-0.07877365,0.1358873,6.278955,0.008712983,4.719381,2.46,0.01043083,0.002398284,-0.6399342,0.2036095,0.2562255,-0.02397969,2.5
2024_02_11_21_50_31_825,0.8,-0.1835493,326845.0,326170.0,46.22606,-0.1598866,0.1358849,6.279124,0.008703787,4.699023,2.46,0.01023171,0.002196223,-0.5953698,0.1306534,0.2482384,0.0140667,2.5
2024_02_11_21_50_31_863,0.8,-0.1648714,327094.0,326400.0,46.22379,-0.2534984,0.1358822,6.279328,0.008693662,4.677424,2.47,0.01033132,0.001755594,-0.5421495,0.1940727,0.3375262,-0.0429172,2.5
2024_02_11_21_50_31_900,0.8,-0.1500889,327336.0,326625.0,46.21972,-0.3448218,0.13588,6.279533,0.008684938,4.658338,2.47,0.009595378,0.001649876,-0.4909327,0.120163,0.2537221,0.03296323,2.5
2024_02_11_21_50_31_938,0.8,-0.1312817,327585.0,326858.0,46.21381,-0.4387294,0.1358781,6.279751,0.008677357,4.640736,2.48,0.009771116,0.001290564,-0.4368944,0.1637935,0.336498,-0.02814829,2.5
2024_02_11_21_50_31_975,0.8,-0.1158898,327826.0,327085.0,46.20655,-0.530252,0.1358764,6.279971,0.008670987,4.625568,2.48,0.009126909,0.001039294,-0.3841795,0.1599789,0.268966,-0.020748,2.5
2024_02_11_21_50_32_012,0.8,-0.09669147,328073.0,327320.0,46.19772,-0.624306,0.1358752,6.280202,0.008666492,4.612038,2.49,0.009187599,0.0009461262,-0.3291581,0.0925064,0.3425181,0.006200745,2.5
2024_02_11_21_50_32_050,0.8,-0.08079417,328314.0,327550.0,46.188,-0.7159175,0.1358746,6.280434,0.008664079,4.600872,2.49,0.008584788,0.0007137602,-0.2754358,0.07343292,0.2776384,0.01705997,2.5
2024_02_11_21_50_32_087,0.8,-0.0618603,328560.0,327787.0,46.17702,-0.810025,0.1358746,6.280678,0.008663699,4.591493,2.49,0.008356289,0.0005969818,-0.2199326,0.0898838,0.3289878,-0.02462789,2.5
2024_02_11_21_50_32_121,0.8,-0.04557342,328773.0,327994.0,46.16684,-0.8917591,0.1358747,6.280891,0.008663662,4.585031,2.5,0.00825955,0.0003881548,-0.1724512,0.06937981,0.362277,0.02840906,2.5
2024_02_11_21_50_32_158,0.8,-0.03003848,329011.0,328227.0,46.15491,-0.9834198,0.1358752,6.281136,0.008665105,4.579666,2.5,0.007535331,0.0003977319,-0.1191173,0.02431869,0.2730787,0.005066394,2.5
2024_02_11_21_50_32_191,0.8,-0.01439289,329230.0,328442.0,46.14357,-1.067664,0.1358763,6.281363,0.0086689,4.57647,2.5,0.006990345,0.0003576761,-0.07072743,0.02503395,0.2582073,-0.01038611,2.5
2024_02_11_21_50_32_229,0.8,0.00493069,329467.0,328677.0,46.13099,-1.159351,0.1358788,6.281611,0.008677964,4.574853,2.5,0.007057353,0.0003774118,-0.01799842,0.01716614,0.3361404,-0.0292696,2.5
2024_02_11_21_50_32_262,0.8,0.02090577,329684.0,328893.0,46.11937,-1.243588,0.1358829,6.281844,0.008693093,4.575091,2.5,0.006692192,0.0004053425,0.03133147,0.01263618,0.3316402,0.01304038,2.5
2024_02_11_21_50_32_300,0.8,0.03680349,329919.0,329130.0,46.10686,-1.335229,0.1358879,6.282099,0.008711228,4.577254,2.5,0.006083332,0.0003143995,0.08446985,-0.009536743,0.2766252,-0.04469603,2.5
2024_02_11_21_50_32_337,0.8,0.0560739,330160.0,329373.0,46.09433,-1.429324,0.1358933,6.282366,0.008730317,4.581555,2.5,0.005973181,0.0004386881,0.1406817,-0.06914139,0.3348887,-0.02574175,2.5
2024_02_11_21_50_32_371,0.8,0.07178163,330369.0,329585.0,46.08385,-1.511027,0.1358977,6.282598,0.008746439,4.587003,2.49,0.005678761,0.0004736549,0.1889248,-0.09751319,0.3583133,-0.01473538,2.5
2024_02_11_21_50_32_404,0.8,0.08738047,330577.0,329798.0,46.0739,-1.592721,0.135903,6.282834,0.008765799,4.594049,2.49,0.005372872,0.0004872819,0.2373409,-0.08559226,0.3745407,-0.006813555,2.5
2024_02_11_21_50_32_441,0.8,0.1024137,330815.0,330043.0,46.06327,-1.68678,0.1359096,0.004532833,0.008789733,4.604155,2.49,0.004376453,0.0006856318,0.2926315,-0.09417533,0.2593249,0.01204386,2.5
2024_02_11_21_50_32_479,0.8,0.1216924,331046.0,330283.0,46.05395,-1.778324,0.1359173,0.0001880192,0.008818028,4.616036,2.48,0.004270175,0.0008824803,0.3478799,-0.1313686,0.3568232,-0.003341585,2.5
2024_02_11_21_50_32_517,0.8,0.1368098,331282.0,330530.0,46.04563,-1.872282,0.1359255,0.0004612595,0.008848424,4.630316,2.48,0.0033669,0.0009729995,0.4021797,-0.1306534,0.2572611,0.007923692,2.5
2024_02_11_21_50_32_554,0.8,0.1556225,331511.0,330771.0,46.03892,-1.963688,0.135934,0.0007297061,0.008879358,4.646238,2.47,0.003312783,0.001258487,0.4567102,-0.1535416,0.3460198,0.04214979,2.5
2024_02_11_21_50_32_591,0.8,0.1708523,331744.0,331019.0,46.03366,-2.057449,0.1359437,0.001002414,0.008914837,4.664647,2.47,0.002386702,0.001517184,0.5105207,-0.1692772,0.2496838,-0.01931749,2.5
2024_02_11_21_50_32_626,0.8,0.1857848,331947.0,331234.0,46.03057,-2.138733,0.1359531,0.001239968,0.008949083,4.68232,2.46,0.001899145,0.00153548,0.5576757,-0.1380444,0.2490729,-0.008089468,2.5
2024_02_11_21_50_32_663,0.8,0.2036919,332178.0,331483.0,46.02889,-2.232142,0.1359634,0.00150948,0.008986855,4.704539,2.45,0.001650324,0.002100369,0.6106628,-0.1871586,0.2969205,-0.06154552,2.5
2024_02_11_21_50_32_700,0.8,0.2185345,332402.0,331725.0,46.02932,-2.322819,0.135975,0.001769404,0.009029593,4.728087,2.45,0.0007871157,0.002212303,0.6607099,-0.1869202,0.2505779,0.0186041,2.5
2024_02_11_21_50_32_738,0.8,0.2359934,332632.0,331975.0,46.03208,-2.415592,0.1359867,0.002032524,0.009073026,4.754189,2.44,0.0004702676,0.002629832,0.7114632,-0.2300739,0.2965331,-0.02390146,2.5
2024_02_11_21_50_32_775,0.8,0.2499391,332854.0,332217.0,46.03716,-2.505502,0.1359988,0.002283394,0.009116965,4.781408,2.43,-0.0002885005,0.002999436,0.7586742,-0.2551079,0.2358854,-0.01995824,2.5
2024_02_11_21_50_32_814,0.8,0.2668277,333081.0,332467.0,46.04496,-2.597302,0.1360119,0.00253746,0.009165093,4.811191,2.42,-0.0006789481,0.003445035,0.807103,-0.2794266,0.2807081,-0.004783273,2.5
2024_02_11_21_50_32_855,0.8,0.2793489,333324.0,332736.0,46.0565,-2.695612,0.1360257,0.00279845,0.009216011,4.845296,2.41,-0.002070222,0.003258778,0.8533771,-0.1628399,0.1571178,0.01825579,2.5
2024_02_11_21_50_32_888,0.8,0.2950702,333526.0,332959.0,46.0686,-2.776467,0.1360382,0.003013633,0.009262311,4.87503,2.4,-0.002068887,0.004214376,0.8941011,-0.2996922,0.2412796,-0.016395,2.5
2024_02_11_21_50_32_925,0.8,0.3109464,333743.0,333202.0,46.08449,-2.863586,0.1360532,0.003243197,0.009317092,4.90894,2.39,-0.002520517,0.004550386,0.9377785,-0.3113747,0.2646446,-0.06268173,2.5
2024_02_11_21_50_32_962,0.8,0.3231946,333966.0,333451.0,46.10384,-2.951985,0.1360686,0.003470632,0.009373548,4.945407,2.38,-0.00349634,0.004950079,0.9799035,-0.3507137,0.2001524,0.02546049,2.5
2024_02_11_21_50_33_000,0.8,0.3385743,334182.0,333694.0,46.12572,-3.036867,0.1360835,0.003683152,0.009428281,4.982419,2.36,-0.003714657,0.005358391,1.019491,-0.4076957,0.2639294,0.05134381,2.5
2024_02_11_21_50_33_038,0.8,0.3503143,334404.0,333943.0,46.15134,-3.12261,0.136103,0.003894607,0.009500307,5.021953,2.35,-0.004899573,0.005975927,1.059232,-0.4098415,0.1685023,0.01011975,2.5
2024_02_11_21_50_33_071,0.8,0.3617506,334595.0,334159.0,46.17621,-3.195746,0.1361167,0.004066647,0.009550309,5.057435,2.34,-0.005408146,0.005788622,1.089419,-0.3466606,0.1567602,-0.02115778,2.5
2024_02_11_21_50_33_108,0.8,0.3758507,334815.0,334401.0,46.20685,-3.275909,0.1361814,0.004287157,0.009793865,5.098898,2.28,-0.00373598,0.02539207,1.19336,-3.883123,0.5371571,0.1025181,2.5
2024_02_11_21_50_33_141,0.8,0.3867394,335036.0,334621.0,46.23622,-3.34586,0.1362864,0.004438957,0.01016757,5.141711,2.22,-0.01073259,-0.004573663,1.215863,2.028942,-0.3443956,-0.09717605,2.5
2024_02_11_21_50_33_179,0.8,0.3970613,335236.0,334857.0,46.27266,-3.421513,0.1361388,0.004547081,0.009628847,5.184213,2.3,-0.006063138,-0.001907314,1.13609,0.9744167,0.3086329,0.02733804,2.5
2024_02_11_21_50_33_213,0.8,0.4075522,335436.0,335078.0,46.30951,-3.490367,0.1361847,0.004780374,0.009810672,5.224247,2.25,-0.0019529,0.03772375,1.297297,-5.754232,0.9300112,0.08062831,2.5
2024_02_11_21_50_33_250,0.8,0.4191488,335686.0,335318.0,46.34984,-3.560391,0.1363341,0.004937501,0.01034465,5.275666,2.16,-0.01225559,0.001693622,1.328018,0.8521079,-0.2922416,-0.03968924,2.5
2024_02_11_21_50_33_287,0.8,0.4283117,335883.0,335551.0,46.395,-3.628844,0.1361712,0.005001949,0.009747562,5.32139,2.26,-0.008059097,-0.003439837,1.208702,1.241684,0.3036261,0.07089786,2.5
2024_02_11_21_50_33_320,0.8,0.4370983,336078.0,335771.0,46.44031,-3.690993,0.1361866,0.005197425,0.009818822,5.363475,2.22,-0.0007731188,0.04017407,1.343805,-6.30927,1.418173,0.1704618,2.5
2024_02_11_21_50_33_358,0.8,0.4477175,336335.0,336009.0,46.48899,-3.753605,0.1363792,0.005367868,0.01051251,5.418408,2.11,-0.01394167,0.01012901,1.453534,-0.6175041,-0.2858639,-0.03852695,2.5
2024_02_11_21_50_33_392,0.8,0.4557512,336519.0,336221.0,46.53708,-3.808181,0.1362379,0.005372128,0.009989469,5.464029,2.19,-0.01123005,-0.009952137,1.2751,2.495289,0.04351139,0.02259388,2.5
2024_02_11_21_50_33_429,0.8,0.4632266,336717.0,336456.0,46.59459,-3.866884,0.1361473,0.005484514,0.009665819,5.511187,2.23,-0.00751922,0.01011554,1.297906,-1.076221,0.5533099,0.07218495,2.5
2024_02_11_21_50_33_463,0.8,0.4702882,336947.0,336670.0,46.64585,-3.915779,0.1363768,0.00572047,0.01050993,5.560689,2.08,-0.01567337,0.02246381,1.604633,-2.27046,-0.4457831,-0.0376422,2.5
2024_02_11_21_50_33_499,0.8,0.478654,337179.0,336905.0,46.70541,-3.96688,0.1363493,0.005716742,0.01039402,5.617565,2.1,-0.01626008,-0.02056678,1.366961,4.925251,-0.4305243,-0.08600763,2.5
2024_02_11_21_50_33_537,0.8,0.4846469,337366.0,337135.0,46.76934,-4.014729,0.1361662,0.005735916,0.009731349,5.666647,2.2,-0.01070906,-0.002369242,1.316043,1.548767,0.1922846,0.001244247,2.5
2024_02_11_21_50_33_571,0.8,0.490474,337579.0,337354.0,46.83021,-4.05625,0.1363128,0.005982525,0.01028384,5.715063,2.08,-0.01021184,0.04134569,1.642779,-5.167007,0.3093481,-0.02025813,2.5
2024_02_11_21_50_33_608,0.8,0.4969999,337830.0,337586.0,46.89396,-4.096232,0.1364246,0.006015016,0.01067923,5.77529,2.02,-0.01719254,0.006266711,1.53286,0.2889633,-0.3476143,-0.05064532,2.5
2024_02_11_21_50_33_646,0.8,0.5017433,338024.0,337818.0,46.9638,-4.133143,0.1362118,0.005951632,0.009895979,5.828905,2.15,-0.01294368,-0.008203066,1.353976,2.48003,0.05990266,0.06669387,2.5
2024_02_11_21_50_33_683,0.8,0.5070401,338230.0,338051.0,47.03653,-4.166528,0.1362111,0.006098639,0.009913906,5.879858,2.11,-0.0006956011,0.04978423,1.518581,-7.110357,1.87546,0.05156546,2.5
2024_02_11_21_50_33_720,0.8,0.5107394,338499.0,338292.0,47.10771,-4.196174,0.1364256,0.006225938,0.0106848,5.94348,1.99,-0.0182041,0.01288788,1.62964,-0.6798505,-0.3952384,-0.04484132,2.5
2024_02_11_21_50_33_754,0.8,0.5139662,338678.0,338492.0,47.17088,-4.217449,0.1362748,0.006136988,0.01012266,5.99303,2.09,-0.01666512,-0.01783938,1.400687,3.901958,-0.2664328,0.005172565,2.5
2024_02_11_21_50_33_787,0.8,0.5168114,338843.0,338696.0,47.23879,-4.236135,0.1361272,0.006135391,0.009591318,6.038466,2.17,-0.01139782,0.001763945,1.374406,0.9782314,0.2632737,0.03377348,2.5
2024_02_11_21_50_33_825,0.8,0.5195705,339099.0,338939.0,47.31615,-4.254184,0.1363723,0.00638626,0.01049777,6.098247,2.0,-0.01811933,0.02937125,1.754563,-2.890587,-0.4569888,-0.04120171,2.5
2024_02_11_21_50_33_862,0.8,0.5212228,339333.0,339165.0,47.3883,-4.266887,0.1363777,0.006322877,0.01050172,6.158941,2.01,-0.01990129,-0.01464629,1.498056,4.475355,-0.5868077,-0.0874754,2.5
2024_02_11_21_50_33_896,0.8,0.5225015,339497.0,339372.0,47.45868,-4.274165,0.1361497,0.006239254,0.009670785,6.207092,2.14,-0.01384271,-0.007096519,1.382987,2.632618,-0.004917383,0.035353,2.5
2024_02_11_21_50_33_933,0.8,0.5233977,339708.0,339606.0,47.53795,-4.278324,0.1361998,0.006402239,0.009875693,6.259782,2.08,-0.002810249,0.05226109,1.616543,-6.936073,1.574129,-0.003574416,2.5
2024_02_11_21_50_33_970,0.8,0.5235968,339976.0,339845.0,47.61397,-4.279493,0.1363976,0.006467753,0.01058358,0.04205824,1.97,-0.01932749,0.01201661,1.648476,-0.3451109,-0.4351437,0.002577901,2.5
2024_02_11_21_50_34_004,0.8,0.5233214,340149.0,340044.0,47.68019,-4.275645,0.1362222,0.006343117,0.009931657,0.0919499,2.08,-0.01707603,-0.01628416,1.415266,3.95441,-0.2952814,0.03111549,2.5
2024_02_11_21_50_34_042,0.8,0.5223359,340340.0,340280.0,47.76078,-4.266121,0.1360662,0.006320747,0.009369489,0.144763,2.17,-0.01168667,0.003450185,1.38607,0.8003711,0.2650321,0.05444325,2.5
2024_02_11_21_50_34_079,0.8,0.5209593,340592.0,340517.0,47.83705,-4.253879,0.1363282,0.006550844,0.01033683,0.2038469,2.0,-0.01899875,0.0288625,1.763595,-2.616644,-0.5578399,-0.08067488,2.5
2024_02_11_21_50_34_117,0.8,0.5186911,340826.0,340749.0,47.91079,-4.237652,0.1363027,0.00644485,0.01022498,0.2657552,2.03,-0.02016686,-0.02299675,1.467885,5.927324,-0.6666481,-0.09168125,2.5
2024_02_11_21_50_34_153,0.8,0.5162116,341006.0,340976.0,47.98538,-4.215434,0.1360887,0.006360161,0.009450103,0.3177588,2.15,-0.01321279,-0.001748385,1.382386,1.847505,0.06759167,-0.01114793,2.5
2024_02_11_21_50_34_192,0.8,0.5126125,341229.0,341218.0,48.06234,-4.188093,0.1361837,0.006518353,0.009816475,0.3723605,2.07,-0.007213421,0.04923941,1.64853,-6.224632,0.9264945,-0.02885237,2.5
2024_02_11_21_50_34_225,0.8,0.5091903,341459.0,341425.0,48.1242,-4.163636,0.136333,0.006517288,0.01034704,0.4282667,2.0,-0.01965944,0.009338811,1.605811,0.2616644,-0.5536675,-0.05999952,2.5
2024_02_11_21_50_34_262,0.8,0.5053877,341647.0,341651.0,48.19293,-4.130521,0.1361196,0.006374542,0.009560336,0.4821056,2.13,-0.0148891,-0.008912411,1.377438,2.871036,-0.08648633,0.09121931,2.5
2024_02_11_21_50_34_300,0.8,0.4998864,341848.0,341890.0,48.26491,-4.090499,0.1360395,0.006378803,0.009277292,0.5341955,2.18,-0.009941278,0.01843726,1.394004,-2.259016,0.5634427,0.08828378,2.5
2024_02_11_21_50_34_333,0.8,0.4950671,342079.0,342101.0,48.32375,-4.054997,0.1362818,0.006511429,0.01016388,0.5870161,2.03,-0.01920839,0.01946567,1.654182,-1.293898,-0.6109476,-0.08466094,2.5
2024_02_11_21_50_34_370,0.8,0.4896905,342287.0,342334.0,48.38812,-4.010489,0.136131,0.006361759,0.009600155,0.643572,2.13,-0.01605632,-0.01225993,1.367882,3.507137,-0.2885461,-0.02741441,2.5
2024_02_11_21_50_34_404,0.8,0.4835467,342456.0,342541.0,48.44457,-3.96623,0.1360067,0.006318616,0.009151229,0.687845,2.21,-0.01265228,-0.0009992253,1.328306,1.787662,0.04380941,0.001864508,2.5
2024_02_11_21_50_34_442,0.8,0.4758671,342687.0,342786.0,48.50773,-3.911983,0.1361451,0.00645497,0.009673369,0.7412408,2.11,-0.01190465,0.04256869,1.608389,-4.956961,0.09799003,-0.05576945,2.5
2024_02_11_21_50_34_478,0.8,0.4692031,342924.0,343019.0,48.56385,-3.859424,0.1361928,0.006356965,0.009824922,0.7985867,2.11,-0.01887602,-0.01977358,1.392764,5.487442,-0.6567835,-0.1575611,2.5
2024_02_11_21_50_34_512,0.8,0.4620403,343089.0,343224.0,48.61274,-3.807231,0.1360198,0.006261092,0.009197703,0.8423941,2.21,-0.01322815,-0.003958011,1.295026,2.153397,-0.02795458,-0.02748146,2.5
2024_02_11_21_50_34_550,0.8,0.4524158,343293.0,343467.0,48.66782,-3.742292,0.135954,0.006248308,0.008963587,0.8913547,2.25,-0.01034492,0.01246676,1.300939,-0.8449554,0.3157258,0.09265355,2.5
2024_02_11_21_50_34_587,0.8,0.4443571,343544.0,343708.0,48.71743,-3.679132,0.1361814,0.006312757,0.009794734,0.9455085,2.12,-0.0180626,0.01409329,1.490853,-0.4675388,-0.6592869,-0.1108888,2.5
2024_02_11_21_50_34_625,0.8,0.4336613,343747.0,343946.0,48.76439,-3.611356,0.1360219,0.006165218,0.009204438,0.996215,2.23,-0.01382277,-0.005692174,1.252949,2.387047,-0.1613498,-0.02742931,2.5
2024_02_11_21_50_34_662,0.8,0.4243793,343945.0,344183.0,48.80824,-3.540062,0.135934,0.006117281,0.008886896,1.041838,2.29,-0.01152739,0.002995096,1.22553,0.9477138,0.07194281,0.06285869,2.5
2024_02_11_21_50_34_700,0.8,0.4129499,344167.0,344431.0,48.8503,-3.464099,0.1360071,0.006144978,0.009167556,1.089309,2.23,-0.008642862,0.04220454,1.352628,-5.768775,0.4419088,0.06265938,2.5
2024_02_11_21_50_34_737,0.8,0.4031782,344399.0,344670.0,48.88697,-3.391505,0.1360599,0.006038984,0.00933922,1.13956,2.23,-0.01617173,-0.01358388,1.230895,3.343343,-0.4885196,-0.07263757,2.5
2024_02_11_21_50_34_771,0.8,0.3929266,344580.0,344887.0,48.91795,-3.320669,0.1359412,0.005945773,0.008911286,1.179662,2.31,-0.01196962,-0.0009896485,1.152508,1.579523,-0.03802776,0.02601929,2.5
2024_02_11_21_50_34_809,0.8,0.3796304,344787.0,345128.0,48.94898,-3.240413,0.1359046,0.005896771,0.008780695,1.222022,2.34,-0.01115087,0.007797288,1.145108,0.0860691,-0.003755092,0.04985369,2.5
2024_02_11_21_50_34_846,0.8,0.368705,345003.0,345378.0,48.97741,-3.156432,0.1359244,0.005828594,0.008852296,1.265481,2.34,-0.01262429,0.005035382,1.130573,0.645399,-0.2250373,0.0002868474,2.5
2024_02_11_21_50_34_888,0.8,0.3541787,345235.0,345647.0,49.00422,-3.063914,0.1359068,0.005724198,0.008788517,1.310899,2.36,-0.01174597,0.006542391,1.091239,0.2241134,-0.1192987,0.0613518,2.5
2024_02_11_21_50_34_926,0.8,0.340665,345452.0,345897.0,49.02547,-2.976722,0.1359118,0.005628325,0.00880585,1.351806,2.37,-0.01208717,0.005734665,1.059302,0.3025532,-0.2062619,-0.01474656,2.5
2024_02_11_21_50_34_964,0.8,0.3269208,345664.0,346141.0,49.04284,-2.89069,0.1359091,0.005521265,0.008795507,1.390297,2.38,-0.01199194,0.005394584,1.021815,0.3240108,-0.2091378,0.01944043,2.5
2024_02_11_21_50_35_002,0.8,0.3131415,345882.0,346391.0,49.05735,-2.80131,0.1359076,0.005403021,0.00878981,1.428382,2.39,-0.01180838,0.005069233,0.9825961,0.2613068,-0.1985729,0.02653338,2.5
2024_02_11_21_50_35_034,0.8,0.2985881,346073.0,346609.0,49.06728,-2.722978,0.1359056,0.005294364,0.008782447,1.460219,2.4,-0.01204173,0.004777072,0.9471115,0.2727509,-0.2956539,0.01580827,2.5
2024_02_11_21_50_35_071,0.8,0.2858648,346294.0,346859.0,49.07572,-2.632078,0.1359028,0.005156412,0.008771669,1.495365,2.41,-0.01146028,0.00440451,0.9040028,0.2355575,-0.2057403,0.003261491,2.5
2024_02_11_21_50_35_108,0.8,0.2726703,346510.0,347103.0,49.08095,-2.542999,0.135901,0.005017928,0.008765234,1.528017,2.42,-0.01101394,0.004270477,0.8627545,0.1754761,-0.1683831,0.007180497,2.5
2024_02_11_21_50_35_142,0.8,0.2561369,346704.0,347321.0,49.08322,-2.463243,0.135903,0.004896488,0.008771533,1.556045,2.42,-0.01240622,0.002991717,0.8285933,0.390768,-0.4200786,-0.019053,2.5
2024_02_11_21_50_35_179,0.8,0.242269,346928.0,347571.0,49.08316,-2.370976,0.1358949,0.004723915,0.008741093,1.58647,2.43,-0.0109978,0.003369085,0.7757642,0.2183914,-0.2267659,0.02195686,2.5
2024_02_11_21_50_35_217,0.8,0.2246362,347148.0,347815.0,49.08046,-2.280838,0.1358923,0.004556136,0.008731797,1.614259,2.44,-0.01117495,0.003053552,0.7274709,0.2276897,-0.3241002,0.01876056,2.5
2024_02_11_21_50_35_250,0.8,0.2105865,347351.0,348039.0,49.07584,-2.197852,0.1358899,0.004395281,0.008722962,1.638232,2.45,-0.01092632,0.002763592,0.6834543,0.1914501,-0.318706,-0.03099628,2.5
2024_02_11_21_50_35_287,0.8,0.1959759,347573.0,348282.0,49.06861,-2.107429,0.1358872,0.00421099,0.008712281,1.662584,2.46,-0.01044449,0.002410868,0.6339707,0.1940727,-0.2505183,-0.0126455,2.5
2024_02_11_21_50_35_325,0.8,0.1786953,347802.0,348531.0,49.05896,-2.014492,0.1358837,0.004011786,0.008698992,1.685644,2.46,-0.01028685,0.001976039,0.5812825,0.1962185,-0.2700388,-0.03187172,2.5
2024_02_11_21_50_35_357,0.8,0.1641723,348002.0,348748.0,49.04889,-1.933757,0.1358815,0.003833887,0.00869066,1.704054,2.47,-0.01006924,0.001745595,0.5357862,0.1471043,-0.2675056,-0.03211945,2.5
2024_02_11_21_50_35_392,0.8,0.1495296,348209.0,348970.0,49.03699,-1.850586,0.1358792,0.003645335,0.008682089,1.721445,2.47,-0.009617889,0.001689926,0.4887547,0.1199245,-0.2456605,0.03310665,2.5
2024_02_11_21_50_35_429,0.8,0.1305639,348435.0,349212.0,49.02247,-1.760114,0.1358772,0.003432282,0.008674276,1.738529,2.48,-0.009856591,0.001248947,0.4357687,0.1728535,-0.352621,-0.02057478,2.5
2024_02_11_21_50_35_466,0.8,0.115634,348669.0,349460.0,49.00601,-1.66726,0.1358758,0.003208044,0.008668748,1.754054,2.48,-0.008968893,0.001186192,0.3827065,0.08034705,-0.2589822,-0.02482347,2.5
2024_02_11_21_50_35_504,0.8,0.09625498,348898.0,349700.0,48.98866,-1.576928,0.135875,0.002981675,0.008665487,1.767191,2.49,-0.009205558,0.0008763571,0.3286777,0.1058578,-0.3527403,0.03662333,2.5
2024_02_11_21_50_35_541,0.8,0.08057887,349134.0,349947.0,48.96968,-1.484235,0.1358746,0.002744121,0.008663387,1.778624,2.49,-0.008464135,0.0007866331,0.2741961,0.03075599,-0.2708435,0.001706183,2.5
2024_02_11_21_50_35_579,0.8,0.06122437,349365.0,350187.0,48.95026,-1.394059,0.1358747,0.0025071,0.008663857,1.787732,2.49,-0.008611077,0.0004707749,0.2197649,0.1163483,-0.3530979,-0.04362128,2.5
2024_02_11_21_50_35_616,0.8,0.0457878,349603.0,350432.0,48.92954,-1.301507,0.1358746,0.002259426,0.008663517,1.795013,2.5,-0.007718505,0.0003685898,0.165305,0.0860691,-0.2499223,-0.002430752,2.5
2024_02_11_21_50_35_654,0.8,0.02572927,349836.0,350670.0,48.90878,-1.211421,0.1358749,0.00201548,0.008664308,1.800113,2.5,-0.007722215,0.0003277193,0.1117514,0.0,-0.3536343,0.02440624,2.5
2024_02_11_21_50_35_691,0.8,0.01064286,350076.0,350914.0,48.88706,-1.11892,0.1358767,0.001763013,0.008670649,1.803319,2.5,-0.006883806,0.0004002175,0.05879777,-0.003814697,-0.2501607,0.005235895,2.5
2024_02_11_21_50_35_729,0.8,-0.0091285,350311.0,351151.0,48.86573,-1.028872,0.1358795,0.001513208,0.008680656,1.804477,2.5,-0.006972905,0.0003591762,0.005308745,-0.02527237,-0.3376603,-0.02161227,2.5
2024_02_11_21_50_35_767,0.8,-0.02495169,350554.0,351394.0,48.8438,-0.9364101,0.1358844,0.001253284,0.008698668,1.803631,2.5,-0.006227883,0.0003489977,-0.04864941,-0.03361702,-0.2678633,0.06285124,2.5
2024_02_11_21_50_35_804,0.8,-0.0445847,350790.0,351629.0,48.82264,-0.8463905,0.1358894,0.0009970875,0.008716094,1.800807,2.5,-0.006300322,0.0003795265,-0.102925,-0.04005432,-0.3620982,-0.05626306,2.5
2024_02_11_21_50_35_842,0.8,-0.06001974,351034.0,351870.0,48.80127,-0.7539176,0.1358945,0.0007297061,0.008734803,1.795813,2.5,-0.005358799,0.0003778345,-0.1582174,-0.004529953,-0.2536774,-0.102466,2.5
2024_02_11_21_50_35_879,0.8,-0.07941597,351272.0,352103.0,48.78104,-0.6638361,0.1359001,0.0004665858,0.008754946,1.788903,2.49,-0.00542393,0.0004648033,-0.2135892,-0.05435943,-0.3460943,-0.01887232,2.5
2024_02_11_21_50_35_916,0.8,-0.09502202,351511.0,352336.0,48.76155,-0.5736984,0.1359063,0.000201335,0.008778182,1.779959,2.49,-0.004604214,0.0005340124,-0.2681111,-0.08654594,-0.2752244,0.004496425,2.5
2024_02_11_21_50_35_954,0.8,-0.1144461,351757.0,352573.0,48.74252,-0.4810576,0.1359136,0.00415529,0.008804448,1.768664,2.49,-0.004580375,0.0007983671,-0.3246248,-0.1511574,-0.3598928,0.02313405,2.5
2024_02_11_21_50_35_991,0.8,-0.1296329,351997.0,352804.0,48.72511,-0.3907959,0.1359214,6.282846,0.008833398,1.755636,2.48,-0.003757209,0.0009308172,-0.378148,-0.1530647,-0.279665,0.04241801,2.5
2024_02_11_21_50_36_028,0.8,-0.1485194,352244.0,353039.0,48.70859,-0.298031,0.1359302,6.282571,0.008865273,1.74017,2.48,-0.003591808,0.001184058,-0.4338932,-0.2043247,-0.3556311,0.07632934,2.5
2024_02_11_21_50_36_066,0.8,-0.1634394,352485.0,353267.0,48.69401,-0.2076655,0.1359394,6.282304,0.00889931,1.723111,2.47,-0.002607718,0.001331134,-0.4864922,-0.1773834,-0.2678037,0.03084913,2.5
2024_02_11_21_50_36_103,0.8,-0.1822118,352733.0,353501.0,48.68077,-0.1148293,0.1359492,6.282032,0.008935247,1.703562,2.46,-0.002451972,0.001626125,-0.5408174,-0.2074241,-0.3452003,-0.0003967434,2.5
2024_02_11_21_50_36_141,0.8,-0.1967421,352975.0,353726.0,48.66975,-0.02444549,0.1359597,6.281769,0.008973415,1.682578,2.46,-0.001592905,0.001863594,-0.5918404,-0.1823902,-0.2594292,-0.004103407,2.5
2024_02_11_21_50_36_175,0.8,-0.211026,353198.0,353933.0,48.66139,0.05856737,0.13597,6.281529,0.0090109,1.661628,2.45,-0.0009923643,0.00214636,-0.63836,-0.2195835,-0.2412796,0.01103245,2.5
2024_02_11_21_50_36_212,0.8,-0.2289964,353441.0,354157.0,48.65437,0.1488038,0.1359814,6.28127,0.009052857,1.637025,2.44,-0.0008488758,0.002455118,-0.6893197,-0.2191067,-0.3123432,0.01433492,2.5
2024_02_11_21_50_36_249,0.8,-0.2427908,353690.0,354386.0,48.64958,0.2413174,0.1359933,6.281011,0.009096883,1.609882,2.43,0.0002619596,0.002649282,-0.7376336,-0.1959801,-0.223279,0.02229214,2.5
2024_02_11_21_50_36_287,0.8,-0.2603256,353933.0,354607.0,48.64742,0.3311601,0.1360059,6.280761,0.009142887,1.581672,2.42,0.0002733124,0.003262938,-0.7857087,-0.2787113,-0.3144294,0.01416169,2.5
2024_02_11_21_50_36_320,0.8,-0.2735335,354149.0,354804.0,48.6477,0.4110069,0.1360178,6.280543,0.00918716,1.555043,2.42,0.0008747168,0.003456503,-0.8267124,-0.3023148,-0.2960265,0.02174452,2.5
2024_02_11_21_50_36_358,0.8,-0.2871023,354399.0,355029.0,48.6507,0.5025407,0.1360315,6.280299,0.00923745,1.52274,2.4,0.001785289,0.003900565,-0.8721518,-0.289917,-0.2275109,0.0450015,2.5
2024_02_11_21_50_36_395,0.8,-0.3030801,354642.0,355248.0,48.65651,0.5911248,0.1360451,6.280067,0.009287269,1.489642,2.39,0.002131319,0.004262565,-0.9154826,-0.3051758,-0.2660751,-0.01696497,2.5
2024_02_11_21_50_36_429,0.8,-0.3159029,354865.0,355448.0,48.66444,0.6719475,0.1360589,6.27986,0.009338059,1.45784,2.38,0.002812487,0.004583353,-0.9540422,-0.3175735,-0.2622902,0.03650598,2.5
2024_02_11_21_50_36_467,0.8,-0.328258,355108.0,355664.0,48.676,0.759138,0.1360735,6.279643,0.009391706,1.421786,2.37,0.003628081,0.004923415,-0.9932858,-0.3182888,-0.1992583,-0.005155801,2.5
2024_02_11_21_50_36_503,0.8,-0.3434494,355357.0,355886.0,48.69111,0.8477081,0.13609,6.279426,0.009452695,1.383237,2.36,0.004076492,0.00563451,-1.034023,-0.3695488,-0.2294183,-0.03999658,2.5
2024_02_11_21_50_36_537,0.8,-0.3547752,355573.0,356078.0,48.70693,0.9236546,0.1361064,6.279246,0.009512564,1.34854,2.34,0.00480384,0.006016711,-1.067534,-0.3793239,-0.2083182,-0.01677498,2.5
2024_02_11_21_50_36_575,0.8,-0.3666801,355822.0,356299.0,48.72828,1.009745,0.1361357,6.279041,0.00962209,1.307165,2.32,0.004927503,0.01138408,-1.115178,-1.468181,-0.284791,0.02671778,2.5
2024_02_11_21_50_36_612,0.8,-0.3801084,356063.0,356538.0,48.75129,1.090265,0.1362809,6.278825,0.01015246,1.262365,2.22,0.00941678,0.01036391,-1.252238,-0.9028911,0.2062917,-0.02023764,2.5
2024_02_11_21_50_36_646,0.8,-0.3905746,356273.0,356721.0,48.77491,1.160675,0.1361699,6.278748,0.009740543,1.223807,2.29,0.007019288,-0.006716667,-1.126644,1.710415,-0.171721,-0.01808628,2.5
2024_02_11_21_50_36_683,0.8,-0.4010978,356519.0,356934.0,48.80651,1.242338,0.1361247,6.278551,0.009582528,1.180476,2.3,0.004524809,0.01303792,-1.176367,-1.83773,-0.5638599,0.04960037,2.5
2024_02_11_21_50_36_716,0.8,-0.4110166,356735.0,357161.0,48.83514,1.309953,0.1363203,6.278324,0.01029901,1.136243,2.17,0.0119447,0.01508455,-1.398864,-1.499176,0.37539,-0.07137284,2.5
2024_02_11_21_50_36_754,0.8,-0.4228729,356975.0,357375.0,48.87153,1.384917,0.1362079,6.278268,0.009878555,1.087514,2.24,0.009462243,-0.009402396,-1.204991,2.315998,-0.0538826,-0.03091804,2.5
2024_02_11_21_50_36_787,0.8,-0.431932,357186.0,357555.0,48.90755,1.450343,0.1361397,6.278133,0.009636963,1.047647,2.27,0.00619357,0.008943239,-1.231282,-0.925064,-0.5313754,0.01603737,2.5
2024_02_11_21_50_36_824,0.8,-0.4404801,357433.0,357816.0,48.94994,1.521641,0.1363622,6.277887,0.01045277,0.9936563,2.12,0.01397164,0.01532095,-1.485035,-1.391172,0.3915429,-0.01517869,2.5
2024_02_11_21_50_36_858,0.8,-0.4489043,357639.0,358005.0,48.98904,1.580064,0.1362746,6.277874,0.01012135,0.9482526,2.18,0.01265765,-0.01455509,-1.282426,3.034353,0.1288652,0.0001899898,2.5
2024_02_11_21_50_36_895,0.8,-0.4586433,357873.0,358199.0,49.03838,1.645582,0.1361423,6.277788,0.009643999,0.9014907,2.25,0.008694642,0.0003439444,-1.265941,0.9207725,-0.3219843,0.03997981,2.5
2024_02_11_21_50_36_933,0.8,-0.4660924,358120.0,358448.0,49.09118,1.709958,0.1363423,6.277512,0.01038729,0.8476453,2.1,0.01405523,0.03102925,-1.609642,-3.556728,0.3643632,-0.08494034,2.5
2024_02_11_21_50_36_970,0.8,-0.4745347,358352.0,358687.0,49.14246,1.766902,0.1363934,6.277485,0.0105612,0.7909349,2.07,0.01605053,-0.003748835,-1.423208,2.194881,0.3948211,-0.04272535,2.5
2024_02_11_21_50_37_004,0.8,-0.4811367,358562.0,358859.0,49.1945,1.817495,0.1362008,6.277498,0.009856085,0.745382,2.18,0.01127712,-0.005990922,-1.310863,2.08354,-0.1374483,0.002618879,2.5
2024_02_11_21_50_37_041,0.8,-0.4869779,358797.0,359070.0,49.25536,1.871099,0.1362302,6.277308,0.009982751,0.6955293,2.14,0.002399307,0.04685266,-1.509169,-6.570339,-1.416921,0.1170449,2.5
2024_02_11_21_50_37_079,0.8,-0.4938627,359039.0,359337.0,49.31583,1.92066,0.136425,6.277189,0.01068247,0.6336097,2.02,0.01690086,0.01198321,-1.578469,-0.6709098,0.3301501,-0.02666376,2.5
2024_02_11_21_50_37_116,0.8,-0.4988431,359265.0,359536.0,49.37801,1.96457,0.1362554,6.277253,0.01005336,0.580021,2.13,0.01425777,-0.01266696,-1.361157,3.160238,0.09608268,0.05357153,2.5
2024_02_11_21_50_37_150,0.8,-0.5034432,359477.0,359711.0,49.44045,2.003506,0.1361322,6.277216,0.009610141,0.5341859,2.19,0.01023941,0.004021887,-1.354542,0.4262924,-0.3446936,0.006712973,2.5
2024_02_11_21_50_37_188,0.8,-0.5086437,359715.0,359965.0,49.50796,2.042192,0.1363875,6.276959,0.01055134,0.4760496,2.02,0.01777582,0.02641488,-1.72269,-2.602339,0.4658699,-0.02807192,2.5
2024_02_11_21_50_37_220,0.8,-0.5120005,359918.0,360177.0,49.56671,2.072003,0.1364148,6.276988,0.01064075,0.4223747,2.0,0.01887906,-0.00260348,-1.516596,2.232313,0.5099475,-0.09394623,2.5
2024_02_11_21_50_37_254,0.8,-0.5150813,360125.0,360343.0,49.63163,2.099613,0.1361893,6.277069,0.009814559,0.3742791,2.14,0.01364974,-0.008399571,-1.372048,2.628803,-0.0231564,-0.005289912,2.5
2024_02_11_21_50_37_287,0.8,-0.5177636,360332.0,360523.0,49.6984,2.124169,0.1361621,6.276978,0.009732558,0.3285473,2.12,0.001233432,0.04744,-1.474679,-8.33869,-2.215296,0.2476312,2.5
2024_02_11_21_50_37_324,0.8,-0.5197913,360567.0,360787.0,49.7696,2.147774,0.1364135,6.276809,0.01064272,0.2659694,1.98,0.01884888,0.01673935,-1.686446,-1.166344,0.4173517,0.00318326,2.5
2024_02_11_21_50_37_360,0.8,-0.5215003,360772.0,360980.0,49.83522,2.164694,0.1362971,6.276907,0.01020279,0.213087,2.06,0.01888232,-0.02317358,-1.429181,4.950762,0.5229414,-0.04325062,2.5
2024_02_11_21_50_37_401,0.8,-0.522779,361026.0,361184.0,49.92068,2.180755,0.1361069,6.276934,0.009518216,0.1559483,2.16,0.01151999,0.004182801,-1.389944,0.5831718,-0.2892613,0.03852881,2.5
2024_02_11_21_50_37_432,0.8,-0.5234604,361243.0,361415.0,49.99076,2.190865,0.1363485,6.2767,0.01041262,0.1019538,1.99,0.01801796,0.0327039,-1.768667,-3.33333,0.4456043,-0.07338636,2.5
2024_02_11_21_50_37_467,0.8,-0.523586,361446.0,361629.0,50.0556,2.197119,0.1363821,6.276759,0.01052167,0.0467747,1.98,0.02027411,-0.005090267,-1.545853,2.884745,0.6103218,-0.0761766,2.5
2024_02_11_21_50_37_503,0.8,-0.523107,361676.0,361813.0,50.13425,2.198925,0.1361279,6.276874,0.009591873,6.275545,2.14,0.01380498,-0.006062784,-1.3873,2.28548,-0.05865097,-0.04659965,2.5
2024_02_11_21_50_37_537,0.8,-0.5221437,361884.0,361998.0,50.20507,2.19686,0.1361522,6.276762,0.009701038,6.228874,2.1,0.001082563,0.05261278,-1.554509,-7.260561,-1.949072,0.1124907,2.5
2024_02_11_21_50_37_574,0.8,-0.5207623,362118.0,362260.0,50.27934,2.192238,0.1363722,6.27667,0.01049083,6.165618,1.97,0.01944643,0.01321839,-1.658826,-0.4739761,0.4710555,-0.01504272,2.5
2024_02_11_21_50_37_607,0.8,-0.5188723,362323.0,362440.0,50.34731,2.183068,0.1361946,6.276803,0.009831623,6.114222,2.09,0.01688653,-0.01491987,-1.411024,3.907203,0.3125966,-0.01675822,2.5
2024_02_11_21_50_37_644,0.8,-0.5159093,362553.0,362627.0,50.425,2.167824,0.1360528,6.276829,0.009321416,6.062902,2.17,0.01191071,0.003755607,-1.383307,0.8311271,-0.2298057,0.08982792,2.5
2024_02_11_21_50_37_683,0.8,-0.5130345,362797.0,362883.0,50.50242,2.149227,0.1363036,6.27663,0.0102465,6.002992,2.01,0.01886854,0.02748203,-1.734738,-2.408266,0.5490184,-0.03494322,2.5
2024_02_11_21_50_37_720,0.8,-0.5087661,363023.0,363104.0,50.57349,2.127747,0.1362432,6.276752,0.0100066,5.944078,2.06,0.01949577,-0.02324728,-1.434061,5.343198,0.6244183,-0.02424605,2.5
2024_02_11_21_50_37_754,0.8,-0.504726,363233.0,363271.0,50.64101,2.102273,0.1360602,6.276827,0.00934621,5.896929,2.17,0.01301449,-0.001846218,-1.365083,1.787901,-0.09465217,-0.004338101,2.5
2024_02_11_21_50_37_791,0.8,-0.5002943,363469.0,363490.0,50.71438,2.070514,0.1361645,6.276682,0.009745845,5.844243,2.08,0.008071236,0.04785424,-1.627212,-5.990266,-0.7767677,-0.008093193,2.5
2024_02_11_21_50_37_824,0.8,-0.4954242,363677.0,363716.0,50.77501,2.041661,0.1362928,6.276708,0.01019857,5.789829,2.02,0.01951932,0.004746683,-1.547716,1.179218,0.6162524,-0.124203,2.5
2024_02_11_21_50_37_861,0.8,-0.4888658,363910.0,363906.0,50.84446,2.002301,0.1360705,6.276845,0.009382299,5.736373,2.17,0.01398583,-0.005930136,-1.346618,2.380848,0.010252,0.05823187,2.5
2024_02_11_21_50_37_899,0.8,-0.4829335,364144.0,364104.0,50.91275,1.958394,0.136008,6.276841,0.009162314,5.686659,2.2,0.009872692,0.0182286,-1.366741,-2.173662,-0.5199909,0.08269399,2.5
2024_02_11_21_50_37_932,0.8,-0.4765974,364363.0,364340.0,50.97171,1.917495,0.1362416,6.276741,0.01001564,5.633759,2.06,0.01867017,0.01704005,-1.58989,-0.9176731,0.6033182,-0.0773035,2.5
2024_02_11_21_50_37_970,0.8,-0.468199,364592.0,364539.0,51.03278,1.869372,0.1360835,6.276889,0.009427712,5.580924,2.17,0.01511262,-0.009652281,-1.32542,3.063917,0.2303719,-0.01490302,2.5
2024_02_11_21_50_38_008,0.8,-0.4608938,364832.0,364737.0,51.09555,1.813553,0.1359673,6.276931,0.009008004,5.53147,2.24,0.01199937,0.00163954,-1.291903,1.394749,-0.0513792,-0.02624839,2.5
2024_02_11_21_50_38_045,0.8,-0.4514447,365072.0,364961.0,51.15456,1.755931,0.1360904,6.276834,0.009473837,5.481505,2.16,0.01045585,0.04389812,-1.525557,-5.470514,-0.2721548,0.06759539,2.5
2024_02_11_21_50_38_083,0.8,-0.4433209,365314.0,365199.0,51.20998,1.697099,0.1361224,6.276946,0.009566941,5.425521,2.17,0.0173935,-0.01768,-1.320904,4.089594,0.5069375,0.05224347,2.5
2024_02_11_21_50_38_120,0.8,-0.4326068,365547.0,365391.0,51.26233,1.633819,0.1359694,6.277037,0.009014384,5.378716,2.26,0.0123663,-0.001386433,-1.237599,1.773596,0.02157688,0.03690273,2.5
2024_02_11_21_50_38_153,0.8,-0.4233105,365767.0,365577.0,51.30891,1.571816,0.135923,6.277061,0.008848716,5.33678,2.29,0.01108305,0.007687118,-1.236648,0.174284,-0.1054406,0.009287149,2.5
2024_02_11_21_50_38_190,0.8,-0.4137933,366010.0,365817.0,51.35623,1.503763,0.1361175,6.277019,0.009563389,5.287091,2.18,0.01693453,0.01957742,-1.429554,-1.326084,0.6719827,-0.06617792,2.5
2024_02_11_21_50_38_230,0.8,-0.4016868,366251.0,366027.0,51.40068,1.4323,0.135993,6.277178,0.009098512,5.238525,2.27,0.01359876,-0.005919804,-1.186485,2.411604,0.2218485,-0.03466569,2.5
2024_02_11_21_50_38_266,0.8,-0.3912301,366490.0,366229.0,51.4418,1.357784,0.1359152,6.27724,0.008818259,5.195454,2.32,0.01134922,0.003867512,-1.155396,0.7941722,-0.008881092,-0.06135739,2.5
2024_02_11_21_50_38_303,0.8,-0.3779693,366739.0,366444.0,51.48111,1.278504,0.1359185,6.277287,0.008832091,5.151525,2.33,0.01184368,0.009175789,-1.156063,-0.09202956,0.1065135,0.02581626,2.5
2024_02_11_21_50_38_337,0.8,-0.3668229,366955.0,366630.0,51.5125,1.208176,0.1359161,6.277365,0.008821591,5.113821,2.34,0.0125291,0.004375958,-1.125244,0.6456375,0.2142787,0.07506087,2.5
2024_02_11_21_50_38_374,0.8,-0.3555562,367198.0,366840.0,51.5448,1.127411,0.1359119,6.277448,0.008807376,5.072739,2.36,0.01195408,0.006956069,-1.097778,0.1530647,0.1568198,-0.01437589,2.5
2024_02_11_21_50_38_407,0.8,-0.3441437,367422.0,367034.0,51.57167,1.051817,0.1359129,6.277537,0.00880977,5.03595,2.37,0.01190648,0.005777328,-1.066369,0.3216266,0.1863837,-0.08403882,2.5
2024_02_11_21_50_38_444,0.8,-0.3288318,367666.0,367246.0,51.59789,0.9681301,0.1359111,6.277641,0.008803691,4.997182,2.38,0.01210661,0.00566423,-1.029824,0.2756119,0.2418458,0.01989864,2.5
2024_02_11_21_50_38_482,0.8,-0.3165228,367916.0,367465.0,51.6216,0.8808228,0.1359098,6.277757,0.008798076,4.958785,2.39,0.01180501,0.005193053,-0.9914296,0.2777576,0.2005994,-0.03051944,2.5
2024_02_11_21_50_38_521,0.8,-0.3007663,368160.0,367678.0,51.64158,0.7946433,0.1359078,6.277878,0.008790373,4.922851,2.4,0.01189701,0.004887945,-0.9516363,0.2555847,0.2579987,0.06533973,2.5
2024_02_11_21_50_38_554,0.8,-0.2879376,368378.0,367870.0,51.65691,0.7169331,0.1359055,6.277996,0.00878164,4.892074,2.41,0.01181156,0.004520242,-0.9141851,0.2644062,0.2745986,-0.01923554,2.5
2024_02_11_21_50_38_591,0.8,-0.2745918,368628.0,368092.0,51.67171,0.626582,0.1359027,6.278138,0.008771223,4.858171,2.41,0.01136855,0.004150962,-0.8708993,0.2536774,0.2139956,-0.01568906,2.5
2024_02_11_21_50_38_628,0.8,-0.2574318,368872.0,368309.0,51.68329,0.5378448,0.1358999,6.278287,0.008760288,4.826786,2.42,0.01161986,0.003588063,-0.8261181,0.3092289,0.3216862,-0.06489456,2.5
2024_02_11_21_50_38_662,0.8,-0.2436476,369096.0,368510.0,51.69156,0.4557369,0.1358974,6.27843,0.008750849,4.799415,2.43,0.01137283,0.003331068,-0.7844669,0.2729893,0.3156066,-7.264316e-05,2.5
2024_02_11_21_50_38_694,0.8,-0.2299045,369314.0,368705.0,51.69752,0.3756077,0.1358941,6.278577,0.008738791,4.77423,2.44,0.01124501,0.003129478,-0.7425917,0.2176761,0.3132373,-0.01546927,2.5
2024_02_11_21_50_38_732,0.8,-0.2155209,369564.0,368932.0,51.70197,0.2828969,0.1358911,6.278756,0.008727023,4.746965,2.45,0.01060175,0.002751638,-0.6935048,0.1893043,0.2305657,-0.001046807,2.5
2024_02_11_21_50_38_770,0.8,-0.1975401,369807.0,369153.0,51.70397,0.1922512,0.1358876,6.278938,0.008714227,4.72225,2.45,0.01071704,0.002334447,-0.6437541,0.2155304,0.329569,0.01448207,2.5
2024_02_11_21_50_38_807,0.8,-0.1827035,370056.0,369382.0,51.70378,0.0988504,0.1358846,6.279134,0.008702728,4.698778,2.46,0.01020018,0.002195525,-0.592591,0.1511574,0.2507269,-0.04322268,2.5
2024_02_11_21_50_38_844,0.8,-0.164304,370299.0,369606.0,51.70157,0.007690549,0.1358824,6.279332,0.00869411,4.677824,2.47,0.0103073,0.001807629,-0.54103,0.1385212,0.3391057,-0.001236796,2.5
2024_02_11_21_50_38_883,0.8,-0.1494121,370547.0,369838.0,51.69741,-0.08610502,0.13588,6.279542,0.008685279,4.65828,2.47,0.009718896,0.001576152,-0.4888146,0.1683235,0.2570301,-0.02430007,2.5
2024_02_11_21_50_38_916,0.8,-0.1345595,370763.0,370040.0,51.69237,-0.16766,0.1358781,6.279731,0.008677846,4.642956,2.48,0.009387426,0.001351877,-0.4423217,0.09155273,0.2538562,0.04797987,2.5
2024_02_11_21_50_38_954,0.8,-0.1149786,371004.0,370267.0,51.6853,-0.2591857,0.1358764,6.279952,0.008671184,4.627623,2.48,0.009575393,0.001074719,-0.3879122,0.1180172,0.3640949,0.0137724,2.5
2024_02_11_21_50_38_987,0.8,-0.09976695,371226.0,370477.0,51.67764,-0.3433436,0.1358753,6.280159,0.008666915,4.61528,2.49,0.009307655,0.0009100635,-0.3391389,0.123024,0.3513097,-0.03581122,2.5
2024_02_11_21_50_39_024,0.8,-0.0843871,371466.0,370707.0,51.66819,-0.4349594,0.1358747,6.280388,0.008664731,4.603732,2.49,0.008624628,0.0008578534,-0.2863984,0.04291534,0.2759695,0.001931563,2.5
2024_02_11_21_50_39_061,0.8,-0.06479177,371712.0,370944.0,51.65748,-0.5290722,0.1358745,6.280631,0.00866338,4.59394,2.49,0.008634239,0.0006047224,-0.2305575,0.05340576,0.350058,0.01717731,2.5
2024_02_11_21_50_39_099,0.8,-0.04931107,371951.0,371176.0,51.64625,-0.6207218,0.1358747,6.280869,0.008663758,4.586408,2.5,0.007858151,0.0004798753,-0.1779157,0.04124641,0.2785027,0.05521997,2.5
2024_02_11_21_50_39_137,0.8,-0.02961688,372196.0,371415.0,51.63406,-0.7148682,0.1358754,6.28112,0.008665781,4.580729,2.5,0.007817445,0.0003566272,-0.1223887,0.02145767,0.3371238,0.05131028,2.5
2024_02_11_21_50_39_170,0.8,-0.01399621,372408.0,371623.0,51.6231,-0.7966392,0.1358763,6.281338,0.008668556,4.577463,2.5,0.007541229,0.000288358,-0.07623991,0.0128746,0.3516674,-0.01402199,2.5
2024_02_11_21_50_39_207,0.8,0.00185565,372652.0,371864.0,51.61028,-0.8908114,0.1358786,6.281594,0.008677677,4.575616,2.5,0.006748174,0.0003985325,-0.02241024,-0.02717972,0.2667308,0.009195879,2.5
2024_02_11_21_50_39_245,0.8,0.02120331,372888.0,372100.0,51.59771,-0.9824919,0.1358829,6.281846,0.00869314,4.575804,2.5,0.006747263,0.0004257176,0.03102583,-0.02288818,0.352174,-0.0444632,2.5
2024_02_11_21_50_39_278,0.8,0.03677815,373098.0,372311.0,51.5866,-1.064237,0.1358873,6.282074,0.008708854,4.577635,2.5,0.00651113,0.0004412518,0.07934715,-0.03957748,0.3470182,-0.06739236,2.5
2024_02_11_21_50_39_316,0.8,0.05287799,373340.0,372554.0,51.57409,-1.158345,0.1358926,6.28234,0.008727715,4.581718,2.5,0.005695228,0.0004772597,0.1345204,-0.08821487,0.282526,0.02382509,2.5
2024_02_11_21_50_39_353,0.8,0.07239346,373573.0,372792.0,51.56239,-1.24996,0.1358977,6.282601,0.008746697,4.587729,2.49,0.005778519,0.0004608427,0.1894969,-0.09369849,0.3816485,0.06167218,2.5
2024_02_11_21_50_39_390,0.8,0.08757856,373812.0,373037.0,51.55106,-1.344036,0.1359041,6.282872,0.008769779,4.596011,2.49,0.004762733,0.0004128898,0.2446537,-0.09274482,0.2739131,-0.007243827,2.5
2024_02_11_21_50_39_429,0.8,0.1059148,374044.0,373276.0,51.54089,-1.435619,0.1359106,0.002679859,0.008793481,4.606124,2.49,0.004605672,0.0006619706,0.2999986,-0.09655952,0.3126264,-0.0377316,2.5
2024_02_11_21_50_39_462,0.8,0.1228688,374256.0,373496.0,51.53245,-1.519747,0.1359173,0.0001970739,0.008818072,4.617171,2.48,0.00453105,0.0009094226,0.3496115,-0.1096725,0.3820806,0.007987022,2.5
2024_02_11_21_50_39_499,0.8,0.137556,374486.0,373736.0,51.52443,-1.611239,0.1359254,0.0004649879,0.008847535,4.631138,2.48,0.00343972,0.0009770673,0.4033719,-0.1397133,0.2779961,0.01142919,2.5
2024_02_11_21_50_39_537,0.8,0.1564372,374721.0,373984.0,51.51764,-1.705118,0.1359346,0.0007403588,0.008881253,4.647565,2.47,0.003258733,0.001333077,0.459243,-0.1795292,0.3394112,-0.01919642,2.5
2024_02_11_21_50_39_575,0.8,0.1714902,374949.0,374225.0,51.51263,-1.796407,0.1359439,0.001007208,0.008915764,4.665559,2.47,0.002405731,0.001483453,0.5118926,-0.1487732,0.2651215,0.03066659,2.5
2024_02_11_21_50_39_613,0.8,0.1882682,375182.0,374474.0,51.50928,-1.890005,0.1359533,0.00127086,0.008950278,4.686006,2.46,0.002163762,0.00164562,0.5617169,-0.2002716,0.3210082,-0.031095,2.5
2024_02_11_21_50_39_650,0.8,0.204527,375407.0,374715.0,51.50795,-1.980936,0.1359649,0.001539307,0.008992641,4.707823,2.45,0.001398152,0.00211792,0.6157493,-0.2193451,0.265792,-0.008080155,2.5
2024_02_11_21_50_39_683,0.8,0.2187744,375607.0,374932.0,51.50852,-2.061791,0.1359749,0.001771535,0.009028915,4.72893,2.45,0.0008329879,0.002237914,0.6611885,-0.2131462,0.2503991,-0.004632398,2.5
2024_02_11_21_50_39_720,0.8,0.2370392,375836.0,375181.0,51.51136,-2.154559,0.135987,0.002034655,0.009073833,4.75506,2.44,0.0006195595,0.002562595,0.7124101,-0.2300739,0.3342628,-0.004777685,2.5
2024_02_11_21_50_39_753,0.8,0.2500042,376034.0,375398.0,51.51584,-2.234765,0.1359975,0.002259426,0.009111919,4.779287,2.43,-3.118068e-06,0.002956719,0.7547786,-0.2861023,0.3136992,0.05206279,2.5
2024_02_11_21_50_39_791,0.8,0.2637055,376261.0,375647.0,51.52345,-2.326619,0.1360109,0.002512959,0.009161172,4.808898,2.42,-0.001065272,0.003239572,0.8020555,-0.2014637,0.2004206,-0.03885664,2.5
2024_02_11_21_50_39_824,0.8,0.277397,376458.0,375864.0,51.53229,-2.405856,0.1360229,0.002728675,0.009205597,4.836069,2.41,-0.00141909,0.003673356,0.8428001,-0.2667904,0.225842,-0.0006239861,2.5
2024_02_11_21_50_39_857,0.8,0.2904835,376653.0,376080.0,51.54329,-2.48451,0.1360351,0.00294013,0.009250462,4.86457,2.4,-0.00203127,0.003961156,0.8823841,-0.2954006,0.2123117,-0.0202842,2.5
2024_02_11_21_50_39_895,0.8,0.3068909,376877.0,376330.0,51.55872,-2.57426,0.1360489,0.003177151,0.009300946,4.898969,2.39,-0.002375402,0.004393156,0.9265261,-0.3170967,0.2734065,0.01757592,2.5
2024_02_11_21_50_39_928,0.8,0.3190167,377071.0,376546.0,51.57459,-2.651373,0.1360618,0.003376356,0.009348799,4.930172,2.38,-0.003044755,0.004683691,0.9634258,-0.2918243,0.2399683,-0.02439134,2.5
2024_02_11_21_50_39_966,0.8,0.3313314,377294.0,376796.0,51.59579,-2.739073,0.1360779,0.003598463,0.009408277,4.967577,2.37,-0.003860462,0.005389122,1.004409,-0.3798008,0.1764297,-0.02382137,2.5
2024_02_11_21_50_40_004,0.8,0.3463646,377509.0,377039.0,51.61951,-2.823151,0.1360938,0.00380619,0.009466393,5.005469,2.35,-0.0042336,0.005629077,1.042544,-0.3728866,0.2198815,-0.02867542,2.5
2024_02_11_21_50_40_041,0.8,0.3581155,377730.0,377288.0,51.64701,-2.907946,0.1361162,0.004013916,0.009549282,5.045874,2.34,-0.00521311,0.007333313,1.083821,-0.6170273,0.1770258,0.003326684,2.5
2024_02_11_21_50_40_078,0.8,0.3722349,377957.0,377530.0,51.67646,-2.988116,0.1362167,0.004242416,0.009921738,5.087756,2.26,-0.005973581,0.02260865,1.218935,-3.190517,0.1850724,0.008301809,2.5
2024_02_11_21_50_40_116,0.8,0.3830432,378185.0,377774.0,51.70892,-3.066834,0.1362091,0.004360127,0.009881384,5.133516,2.27,-0.009053063,-0.01229928,1.132222,2.550602,-0.1250505,-0.04385784,2.5
2024_02_11_21_50_40_154,0.8,0.396258,378389.0,378012.0,51.74533,-3.143748,0.1361146,0.00452258,0.009542433,5.175106,2.32,-0.004826526,0.003897329,1.139053,-0.0603199,0.4627704,0.0306312,2.5
2024_02_11_21_50_40_187,0.8,0.4063115,378613.0,378235.0,51.78066,-3.212101,0.1362875,0.004786766,0.01018283,5.218121,2.19,-0.0101398,0.02472,1.408308,-2.948522,-0.231266,0.02048537,2.5
2024_02_11_21_50_40_225,0.8,0.4160256,378833.0,378470.0,51.82084,-3.28234,0.1362407,0.004849084,0.009996741,5.266793,2.23,-0.01080379,-0.01384723,1.211424,2.982616,-0.1481771,0.03583916,2.5
2024_02_11_21_50_40_261,0.8,0.4273913,379038.0,378713.0,51.86773,-3.354363,0.1361276,0.004981709,0.009590659,5.312326,2.28,-0.00669878,0.002440138,1.206776,0.2815723,0.4264116,-0.01330301,2.5
2024_02_11_21_50_40_300,0.8,0.4366759,379286.0,378954.0,51.91509,-3.421381,0.1363332,0.005253884,0.01035008,5.362924,2.14,-0.01319923,0.0233134,1.509727,-2.547025,-0.3963113,-0.04657171,2.5
2024_02_11_21_50_40_332,0.8,0.4447935,379490.0,379162.0,51.95806,-3.476787,0.1363314,0.005290103,0.01032929,5.409911,2.15,-0.01441371,-0.01698694,1.312362,4.321814,-0.3959536,-0.1187604,2.5
2024_02_11_21_50_40_370,0.8,0.4550359,379687.0,379401.0,52.01325,-3.539703,0.1361594,0.005350823,0.009705682,5.458025,2.24,-0.008904001,-0.00182312,1.257917,1.202822,0.313282,0.1109503,2.5
2024_02_11_21_50_40_408,0.8,0.4623503,379920.0,379640.0,52.06974,-3.598584,0.1363133,0.005619803,0.01028299,5.508706,2.12,-0.01109635,0.03621894,1.579007,-4.424572,-0.02932548,-0.0643786,2.5
2024_02_11_21_50_40_445,0.8,0.4713812,380171.0,379880.0,52.12676,-3.653257,0.1363964,0.005666141,0.0105726,5.56714,2.07,-0.01573015,-0.0003632857,1.433415,1.495361,-0.3632307,-0.08145905,2.5
2024_02_11_21_50_40_481,0.8,0.47797,380360.0,380109.0,52.18753,-3.703868,0.1361949,0.005657087,0.009834708,5.616658,2.19,-0.01104124,-0.005368198,1.305936,1.906395,0.162363,0.00266172,2.5
2024_02_11_21_50_40_516,0.8,0.4842606,380553.0,380326.0,52.24722,-3.748773,0.1362177,0.00582966,0.009936552,5.662187,2.15,-0.001479851,0.0464634,1.479669,-6.654739,1.560628,0.08479505,2.5
2024_02_11_21_50_40_554,0.8,0.4913188,380814.0,380562.0,52.30974,-3.792725,0.1364206,0.005964948,0.01066601,5.722156,2.03,-0.01678407,0.0127149,1.581764,-0.7662773,-0.3507137,-0.07973797,2.5
2024_02_11_21_50_40_587,0.8,0.4965104,381000.0,380769.0,52.3694,-3.828948,0.1362803,0.005909022,0.0101429,5.771775,2.11,-0.0150883,-0.01544964,1.366103,3.498077,-0.1715422,0.07477775,2.5
2024_02_11_21_50_40_624,0.8,0.5013526,381191.0,381000.0,52.43998,-3.866346,0.136144,0.005948436,0.009653565,5.821699,2.18,-0.01002654,0.005715596,1.357294,0.05578994,0.3868341,0.03378093,2.5
2024_02_11_21_50_40_661,0.8,0.5065516,381453.0,381244.0,52.51163,-3.900777,0.1363998,0.006192382,0.01059492,5.881714,2.01,-0.01786262,0.02257041,1.700572,-2.068758,-0.4469156,0.01502596,2.5
2024_02_11_21_50_40_699,0.8,0.5103467,381678.0,381470.0,52.58023,-3.928879,0.136361,0.006137521,0.01043751,5.940149,2.04,-0.01876627,-0.02187963,1.439193,5.371093,-0.5308688,-0.07934681,2.5
2024_02_11_21_50_40_737,0.8,0.5143631,381865.0,381703.0,52.65651,-3.95404,0.136145,0.006099171,0.009654715,5.992754,2.16,-0.01209903,-0.002636343,1.366442,1.727581,0.1820624,0.08537806,2.5
2024_02_11_21_50_40_774,0.8,0.5170875,382098.0,381939.0,52.73238,-3.975119,0.1363173,0.006349509,0.01030133,6.04787,2.03,-0.01303529,0.04086605,1.731983,-4.811525,0.07712841,0.02662092,2.5
2024_02_11_21_50_40_812,0.8,0.5197797,382348.0,382169.0,52.80409,-3.991735,0.1364182,0.006335128,0.01065614,6.110413,1.98,-0.01901443,0.005442051,1.581022,0.6918907,-0.441283,-0.05256384,2.5
2024_02_11_21_50_40_845,0.8,0.5214654,382518.0,382375.0,52.8727,-4.002361,0.1362009,0.006227536,0.009855974,6.159925,2.11,-0.01484476,-0.01080828,1.392959,3.044605,-0.06818771,0.04764273,2.5
2024_02_11_21_50_40_882,0.8,0.5226472,382710.0,382606.0,52.95193,-4.010148,0.1360935,0.006255233,0.009473029,6.211112,2.16,-0.008783321,0.01751686,1.409317,-2.347469,0.7567405,0.1171362,2.5
2024_02_11_21_50_40_920,0.8,0.5234653,382980.0,382849.0,53.02962,-4.014893,0.1363849,0.006476275,0.0105402,6.274622,1.98,-0.01944654,0.02009622,1.729228,-1.569629,-0.5121529,-0.08936039,2.5
2024_02_11_21_50_40_953,0.8,0.5235884,383178.0,383049.0,53.09489,-4.014802,0.1363358,0.006388391,0.01034607,0.04448118,2.02,-0.02008318,-0.02240892,1.472196,5.783796,-0.6523132,-0.1370925,2.5
2024_02_11_21_50_40_991,0.8,0.5232412,383362.0,383282.0,53.17442,-4.009287,0.1361077,0.006309561,0.009519293,0.09798142,2.15,-0.01298366,-0.002516083,1.3852,1.786232,0.1392365,0.03231689,2.5
2024_02_11_21_50_41_028,0.8,0.5221303,383589.0,383517.0,53.25262,-3.999949,0.1362559,0.006522614,0.01007916,0.1527818,2.04,-0.0107349,0.04625325,1.724165,-5.738496,0.4666149,-0.01575612,2.5
2024_02_11_21_50_41_062,0.8,0.5207475,383816.0,383723.0,53.3175,-3.989726,0.1363759,0.006503972,0.01050337,0.2094289,1.97,-0.01976952,0.008816435,1.619047,0.254631,-0.5101264,-0.09628012,2.5
2024_02_11_21_50_41_099,0.8,0.5188541,384008.0,383953.0,53.39304,-3.971936,0.1361498,0.006364422,0.009669863,0.2653227,2.12,-0.01517604,-0.009579559,1.394211,3.051281,-0.1232624,-0.003602355,2.5
2024_02_11_21_50_41_133,0.8,0.5165293,384180.0,384159.0,53.46105,-3.951822,0.136066,0.006371879,0.009372467,0.3111323,2.16,-0.01031626,0.01434829,1.405992,-1.447916,0.5339384,0.0974778,2.5
2024_02_11_21_50_41_170,0.8,0.5129395,384446.0,384401.0,53.53511,-3.927031,0.1363342,0.006540191,0.01035433,0.3734146,1.99,-0.01949304,0.01780605,1.687305,-1.066566,-0.5537271,-0.0762213,2.5
2024_02_11_21_50_41_207,0.8,0.5095923,384648.0,384626.0,53.60437,-3.898501,0.1361779,0.006396913,0.009770928,0.4298646,2.1,-0.01663536,-0.0137483,1.405186,3.470182,-0.2245903,0.06480701,2.5
2024_02_11_21_50_41_245,0.8,0.5051447,384841.0,384863.0,53.67766,-3.862637,0.1360381,0.006362824,0.009267193,0.4821967,2.18,-0.01221248,0.003241742,1.370895,1.034498,0.1408458,-0.01972355,2.5
2024_02_11_21_50_41_283,0.8,0.4997104,385088.0,385100.0,53.74635,-3.825325,0.1362695,0.006532202,0.01012249,0.5392646,2.03,-0.01859424,0.02764766,1.699059,-2.387285,-0.5850196,-0.02848171,2.5
2024_02_11_21_50_41_319,0.8,0.4948496,385309.0,385334.0,53.81218,-3.784547,0.1361768,0.006391587,0.009765324,0.598,2.1,-0.01783386,-0.01806262,1.394703,4.168749,-0.4245043,0.01007318,2.5
2024_02_11_21_50_41_357,0.8,0.4879005,385495.0,385565.0,53.87712,-3.737996,0.1360127,0.006328736,0.009173345,0.6480824,2.2,-0.01265386,-0.0006738338,1.335702,1.773596,0.03904104,-0.06658211,2.5
2024_02_11_21_50_41_394,0.8,0.4821877,385723.0,385809.0,53.94235,-3.686246,0.1361348,0.006467753,0.009636737,0.701328,2.11,-0.009540876,0.04647718,1.605912,-5.770921,0.4963875,-0.004477799,2.5
2024_02_11_21_50_41_432,0.8,0.4741711,385966.0,386043.0,54.00035,-3.636215,0.1362196,0.006390521,0.009925378,0.759737,2.09,-0.01926205,-0.01364163,1.430241,4.497051,-0.6495714,-0.1415163,2.5
2024_02_11_21_50_41_469,0.8,0.467131,386156.0,386279.0,54.05851,-3.578357,0.1360179,0.006279201,0.009191095,0.8106716,2.21,-0.01291698,-0.002725534,1.304124,1.875639,0.05787611,0.0642091,2.5
2024_02_11_21_50_41_507,0.8,0.457862,386356.0,386516.0,54.11399,-3.51705,0.1359617,0.006271212,0.008991092,0.8588103,2.25,-0.01085046,0.01172417,1.312257,-0.6494521,0.2452135,-0.02202391,2.5
2024_02_11_21_50_41_545,0.8,0.4501175,386613.0,386762.0,54.16678,-3.454081,0.1361925,0.006339921,0.009835673,0.9149812,2.11,-0.01808791,0.01426656,1.504754,-0.5562305,-0.6250739,-0.04283525,2.5
2024_02_11_21_50_41_582,0.8,0.4397498,386810.0,386994.0,54.21426,-3.389915,0.1360354,0.00619398,0.00925325,0.9649581,2.22,-0.01413655,-0.006554789,1.266888,2.553701,-0.1733899,0.04106573,2.5
2024_02_11_21_50_41_619,0.8,0.4311695,387013.0,387237.0,54.26132,-3.31838,0.1359389,0.00614551,0.008904896,1.012282,2.28,-0.01132903,0.003704185,1.238424,0.8928775,0.1026988,0.04411116,2.5
2024_02_11_21_50_41_658,0.8,0.4198775,387234.0,387478.0,54.30424,-3.246243,0.1360474,0.006197709,0.009315297,1.059625,2.2,-0.01024025,0.04219534,1.417857,-5.454301,0.2321005,-0.0001825392,2.5
2024_02_11_21_50_41_694,0.8,0.4102972,387467.0,387722.0,54.34378,-3.173212,0.1360543,0.006067746,0.009319953,1.111561,2.23,-0.0155771,-0.01163758,1.234379,3.020525,-0.369966,-0.06422773,2.5
2024_02_11_21_50_41_728,0.8,0.3999258,387642.0,387932.0,54.37571,-3.105475,0.1359416,0.005985721,0.008913117,1.150839,2.3,-0.01186306,-0.0004083037,1.167776,1.394272,0.01358986,-0.04723481,2.5
2024_02_11_21_50_41_762,0.8,0.3897142,387826.0,388147.0,54.40546,-3.035065,0.1359099,0.005947371,0.008799863,1.189231,2.33,-0.0110981,0.006790873,1.163311,0.234127,0.04166364,0.04812143,2.5
2024_02_11_21_50_41_805,0.8,0.3755305,388065.0,388422.0,54.43954,-2.943582,0.1359359,0.005883988,0.008895088,1.23814,2.32,-0.01293567,0.006668312,1.155213,0.4389286,-0.2528131,0.009855255,2.5
2024_02_11_21_50_41_837,0.8,0.3638082,388250.0,388638.0,54.46333,-2.8702,0.1359089,0.005794506,0.008795369,1.275469,2.35,-0.01208267,0.004915062,1.114051,0.4897117,-0.1588762,0.02514757,2.5
2024_02_11_21_50_41_874,0.8,0.3523854,388466.0,388888.0,54.48753,-2.784085,0.1359154,0.005713013,0.008819865,1.317387,2.36,-0.01211661,0.006727013,1.090287,0.2250671,-0.1845062,-0.04832446,2.5
2024_02_11_21_50_41_913,0.8,0.337696,388677.0,389131.0,54.50772,-2.699038,0.1359124,0.00561128,0.008808089,1.357025,2.37,-0.0121202,0.005496946,1.052958,0.3371238,-0.2186298,0.07664599,2.5
2024_02_11_21_50_41_949,0.8,0.3253758,388895.0,389382.0,54.52509,-2.610493,0.1359104,0.005500493,0.008800589,1.396304,2.38,-0.01167097,0.005540418,1.015274,0.2524853,-0.1652241,0.03462285,2.5
2024_02_11_21_50_41_982,0.8,0.3125425,389085.0,389600.0,54.53743,-2.532791,0.1359091,0.005397162,0.00879586,1.429227,2.39,-0.01168128,0.005007623,0.9807742,0.2586842,-0.1934022,0.02700649,2.5
2024_02_11_21_50_42_016,0.8,0.300338,389282.0,389824.0,54.54757,-2.452056,0.1359078,0.005285842,0.008790336,1.46196,2.4,-0.01160679,0.004701726,0.9454395,0.2658367,-0.1968741,0.003827736,2.5
2024_02_11_21_50_42_053,0.8,0.2841776,389497.0,390068.0,54.55567,-2.363538,0.1359051,0.005153217,0.008779871,1.49615,2.41,-0.01171068,0.004445289,0.9036195,0.2465248,-0.275895,-0.003742054,2.5
2024_02_11_21_50_42_091,0.8,0.2710211,389719.0,390318.0,54.56093,-2.272043,0.1359029,0.005009406,0.008771208,1.529648,2.42,-0.01125132,0.003890746,0.8603259,0.2343654,-0.2133995,-0.0275746,2.5
2024_02_11_21_50_42_128,0.8,0.2536048,389937.0,390562.0,54.56319,-2.182495,0.1358994,0.004857073,0.008758723,1.560606,2.43,-0.01151267,0.003562976,0.8143439,0.2584457,-0.3035963,0.02269633,2.5
2024_02_11_21_50_42_165,0.8,0.2398731,390156.0,390806.0,54.56277,-2.092592,0.1358964,0.004698349,0.008746957,1.589876,2.43,-0.01107553,0.003375558,0.7689808,0.1688003,-0.2454966,-0.01249462,2.5
2024_02_11_21_50_42_199,0.8,0.2258366,390357.0,391030.0,54.5601,-2.009754,0.1358936,0.004543886,0.008736198,1.615258,2.44,-0.01078947,0.002907319,0.7255767,0.1895428,-0.2350807,0.02174638,2.5
2024_02_11_21_50_42_236,0.8,0.2080274,390584.0,391280.0,54.5547,-1.916985,0.1358904,0.004363323,0.008724379,1.641861,2.45,-0.01083469,0.002640388,0.6757433,0.203371,-0.318259,-0.0007636845,2.5
2024_02_11_21_50_42_273,0.8,0.1933972,390806.0,391522.0,54.54715,-1.82654,0.1358874,0.004179033,0.008712805,1.665939,2.46,-0.01039668,0.002318184,0.6265699,0.1690388,-0.2488494,0.06358325,2.5
2024_02_11_21_50_42_311,0.8,0.1750079,391036.0,391772.0,54.53718,-1.73359,0.1358844,0.003980893,0.008702159,1.688733,2.46,-0.01054183,0.002023381,0.5741107,0.2074241,-0.3395378,-0.0120122,2.5
2024_02_11_21_50_42_349,0.8,0.160311,391260.0,392015.0,54.52551,-1.643077,0.1358818,0.003780091,0.008691744,1.70902,2.47,-0.00992379,0.001606993,0.523299,0.1769066,-0.2611279,0.03269874,2.5
2024_02_11_21_50_42_386,0.8,0.1417322,391492.0,392263.0,54.51168,-1.550134,0.1358791,0.003566505,0.008681838,1.727857,2.48,-0.009910011,0.001390327,0.4695208,0.1699924,-0.3310442,0.01016632,2.5
2024_02_11_21_50_42_424,0.8,0.1263821,391719.0,392505.0,54.4966,-1.459681,0.1358771,0.003350789,0.008673922,1.744235,2.48,-0.009279395,0.001211161,0.4170705,0.1220703,-0.2627373,0.01358054,2.5
2024_02_11_21_50_42_461,0.8,0.1071802,391953.0,392752.0,54.47964,-1.366848,0.1358759,0.00312229,0.008669202,1.759001,2.49,-0.009410203,0.001102316,0.361534,0.09512901,-0.330925,0.01387112,2.5
2024_02_11_21_50_42_499,0.8,0.09163974,392182.0,392993.0,54.46187,-1.276542,0.1358751,0.002894324,0.008665763,1.771371,2.49,-0.008740337,0.000939832,0.3085935,0.0462532,-0.2707839,-0.02121366,2.5
2024_02_11_21_50_42_537,0.8,0.07247835,392419.0,393239.0,54.44253,-1.183872,0.1358749,0.002654639,0.008664761,1.782022,2.49,-0.00873673,0.0006766419,0.2531815,0.1094341,-0.3341436,-0.0974182,2.5
2024_02_11_21_50_42_574,0.8,0.05671316,392650.0,393479.0,54.42282,-1.09372,0.1358753,0.002417618,0.008665821,1.790394,2.5,-0.008000592,0.0006033692,0.2006253,0.06842613,-0.2772808,0.001659617,2.5
2024_02_11_21_50_42_611,0.8,0.03756399,392882.0,393717.0,54.40243,-1.003617,0.1358753,0.002174737,0.008665417,1.796785,2.5,-0.007977463,0.0003772511,0.1465428,0.06151199,-0.3377795,-0.01390837,2.5
2024_02_11_21_50_42_649,0.8,0.02152148,393122.0,393962.0,54.38096,-0.9111003,0.1358756,0.001923868,0.008666771,1.801305,2.5,-0.007246589,0.0003123282,0.09283821,0.04386901,-0.2685189,-0.05980581,2.5
2024_02_11_21_50_42_686,0.8,0.002060317,393356.0,394199.0,54.35974,-0.8210372,0.1358777,0.001676726,0.00867409,1.803739,2.5,-0.007259785,0.0003180101,0.04005919,0.02360344,-0.3479123,-0.02905726,2.5
2024_02_11_21_50_42_724,0.8,-0.01379933,393598.0,394442.0,54.33782,-0.7285541,0.1358815,0.001419465,0.008687475,1.804221,2.5,-0.00652909,0.0003087953,-0.01360233,-0.001192093,-0.2728701,0.008840114,2.5
2024_02_11_21_50_42_761,0.8,-0.03339216,393834.0,394678.0,54.31653,-0.6385275,0.1358861,0.001164334,0.008704692,1.802685,2.5,-0.006571556,0.0004606296,-0.06803224,-0.05483627,-0.3640055,0.005220994,2.5
2024_02_11_21_50_42_799,0.8,-0.04908689,394078.0,394919.0,54.29494,-0.546068,0.1358912,0.0008990832,0.008723564,1.799027,2.5,-0.005697124,0.0004209592,-0.1232319,-0.06008148,-0.2740026,0.05856901,2.5
2024_02_11_21_50_42_836,0.8,-0.06852937,394315.0,395153.0,54.27435,-0.4560133,0.1358965,0.0006370281,0.008742702,1.793412,2.5,-0.005654432,0.0004870651,-0.1785596,-0.06175041,-0.3568232,-0.03360957,2.5
2024_02_11_21_50_42_873,0.8,-0.08399125,394560.0,395393.0,54.25385,-0.3634738,0.1359024,0.000366451,0.00876346,1.785547,2.49,-0.004807097,0.0005153641,-0.2338126,-0.07557869,-0.2628267,0.007918105,2.5
2024_02_11_21_50_42_911,0.8,-0.1032382,394799.0,395625.0,54.23468,-0.2733104,0.135909,0.0001006675,0.008787991,1.77584,2.49,-0.004777971,0.0006085262,-0.2892709,-0.09918212,-0.3463328,-0.02644583,2.5
2024_02_11_21_50_42_948,0.8,-0.1188564,395045.0,395862.0,54.21606,-0.1806428,0.1359167,6.283012,0.008815896,1.763764,2.48,-0.003963584,0.0008744315,-0.3446223,-0.1306534,-0.2603531,-0.03016926,2.5
2024_02_11_21_50_42_986,0.8,-0.1377126,395286.0,396092.0,54.19913,-0.09035276,0.1359245,6.282745,0.008844404,1.749979,2.48,-0.003826076,0.0008949183,-0.3989804,-0.08940696,-0.3403425,-0.07645786,2.5
2024_02_11_21_50_43_024,0.8,-0.1529167,395533.0,396327.0,54.18319,0.002436936,0.1359337,6.28247,0.008878109,1.733742,2.47,-0.002894789,0.001185588,-0.4536451,-0.1673698,-0.2586544,0.0308454,2.5
2024_02_11_21_50_43_057,0.8,-0.1678406,395748.0,396530.0,54.17066,0.08305082,0.1359417,6.282233,0.008907367,1.717966,2.47,-0.002620779,0.001414955,-0.500474,-0.1664162,-0.2594292,-0.03818236,2.5
2024_02_11_21_50_43_090,0.8,-0.1823028,395964.0,396732.0,54.1595,0.1636834,0.1359502,6.281998,0.008938638,1.700658,2.46,-0.002022786,0.001575582,-0.5465735,-0.1587868,-0.2619624,0.03398582,2.5
2024_02_11_21_50_43_128,0.8,-0.2009794,396212.0,396964.0,54.14849,0.2565112,0.1359617,6.281727,0.008980508,1.67883,2.46,-0.001850527,0.001922103,-0.600401,-0.2028942,-0.3303736,-0.03112852,2.5
2024_02_11_21_50_43_165,0.8,-0.2155084,396454.0,397189.0,54.13984,0.3468313,0.1359727,6.281466,0.009021089,1.65566,2.45,-0.001051861,0.002302396,-0.6506188,-0.1957416,-0.2553165,0.003326684,2.5
2024_02_11_21_50_43_204,0.8,-0.2332487,396704.0,397419.0,54.13325,0.4394714,0.1359848,6.281203,0.009065643,1.629941,2.44,-0.0006611901,0.002490954,-0.7017273,-0.1995563,-0.3172755,-0.001113862,2.5
2024_02_11_21_50_43_236,0.8,-0.2470842,396920.0,397617.0,54.12954,0.5197709,0.1359953,6.280977,0.009103713,1.606054,2.43,-0.0001343484,0.002739936,-0.7448167,-0.2307892,-0.3156066,0.02185255,2.5
2024_02_11_21_50_43_273,0.8,-0.2607214,397170.0,397844.0,54.12774,0.6119922,0.1360081,6.280722,0.009151251,1.576807,2.42,0.0007222784,0.003229935,-0.7926984,-0.2610683,-0.2315193,0.03337115,2.5
2024_02_11_21_50_43_307,0.8,-0.2748967,397386.0,398041.0,54.12841,0.6917864,0.1360199,6.280505,0.009194479,1.549942,2.41,0.001188311,0.003570005,-0.8338681,-0.2615452,-0.2423525,-0.001138076,2.5
2024_02_11_21_50_43_345,0.8,-0.2907845,397629.0,398260.0,54.13176,0.780831,0.1360334,6.280268,0.009243968,1.518235,2.4,0.001626443,0.003802114,-0.8782522,-0.289917,-0.2818704,-0.03230572,2.5
2024_02_11_21_50_43_382,0.8,-0.3037057,397879.0,398484.0,54.13819,0.8717279,0.1360472,6.280031,0.009295176,1.484015,2.39,0.002519525,0.004456906,-0.9216433,-0.305891,-0.2156794,0.006839633,2.5
2024_02_11_21_50_43_415,0.8,-0.3162777,398095.0,398678.0,54.1463,0.9500795,0.1360607,6.27983,0.00934476,1.452957,2.38,0.003132724,0.004727569,-0.958936,-0.2887249,-0.2003312,0.01404248,2.5
2024_02_11_21_50_43_452,0.8,-0.3316615,398344.0,398900.0,54.15865,1.0395,0.1360755,6.279608,0.009399173,1.415703,2.37,0.003526445,0.005038313,-0.9999947,-0.3466606,-0.2447367,0.01749769,2.5
2024_02_11_21_50_43_490,0.8,-0.3436397,398587.0,399116.0,54.17383,1.125594,0.136092,6.279398,0.00945973,1.377961,2.36,0.004387585,0.005668133,-1.038813,-0.4072189,-0.192821,0.0252407,2.5
2024_02_11_21_50_43_528,0.8,-0.35838,398836.0,399337.0,54.19273,1.212797,0.1361117,6.279193,0.009532263,1.337732,2.34,0.004843734,0.006613789,-1.078092,-0.4799366,-0.2180934,-0.04324689,2.5
2024_02_11_21_50_43_565,0.8,-0.3695922,399078.0,399558.0,54.21422,1.295974,0.1361798,6.278972,0.00978708,1.296672,2.28,0.004397625,0.02316927,-1.177144,-3.437519,-0.3641247,-0.00420399,2.5
2024_02_11_21_50_43_603,0.8,-0.3832729,399324.0,399798.0,54.23846,1.37755,0.1362569,6.278815,0.01005653,1.250077,2.24,0.01058751,-0.01437593,-1.164929,3.622055,0.3443956,-0.1618787,2.5
2024_02_11_21_50_43_636,0.8,-0.3936967,399535.0,399976.0,54.26344,1.448568,0.1361334,6.278707,0.009609343,1.212764,2.31,0.005736311,-0.0017114,-1.12589,0.9136199,-0.3424883,0.03501214,2.5
2024_02_11_21_50_43_673,0.8,-0.4040712,399783.0,400204.0,54.29576,1.52967,0.1362081,6.278436,0.009897155,1.167911,2.24,0.004192665,0.03749033,-1.333677,-5.541324,-0.5719662,0.01506507,2.5
2024_02_11_21_50_43_711,0.8,-0.4160157,400021.0,400449.0,54.32827,1.603669,0.1363145,6.278308,0.01026995,1.117119,2.18,0.01247976,-0.007834654,-1.281873,2.785921,0.374794,-0.1440141,2.5
2024_02_11_21_50_43_744,0.8,-0.4255974,400230.0,400623.0,54.36168,1.669236,0.136166,6.27824,0.00972855,1.076955,2.26,0.007685408,-0.002953807,-1.200615,1.33419,-0.2455115,-0.06100908,2.5
2024_02_11_21_50_43_782,0.8,-0.4345125,400476.0,400849.0,54.40396,1.743825,0.1362398,6.277986,0.01001479,1.029253,2.19,0.004693097,0.0409022,-1.428026,-5.898237,-0.7258057,0.01718663,2.5
2024_02_11_21_50_43_815,0.8,-0.4429625,400688.0,401075.0,54.44067,1.804001,0.1363719,6.277878,0.01048495,0.9803693,2.11,0.01393568,0.006757288,-1.419005,-0.03933906,0.338912,-0.1041982,2.5
2024_02_11_21_50_43_852,0.8,-0.4531808,400925.0,401277.0,54.48782,1.871359,0.1362,6.277856,0.009851789,0.9306805,2.22,0.01004393,-0.006815638,-1.258994,2.024889,-0.153482,0.07026084,2.5
2024_02_11_21_50_43_890,0.8,-0.4609456,401162.0,401483.0,54.53872,1.936464,0.1361751,6.27769,0.009776329,0.8834222,2.2,0.0008438919,0.04019738,-1.364525,-7.150888,-1.781404,0.2267267,2.5
2024_02_11_21_50_43_923,0.8,-0.4681342,401381.0,401724.0,54.58486,1.991814,0.1363943,6.277506,0.01057115,0.830739,2.07,0.01540136,0.01627833,-1.557136,-1.50013,0.3484487,0.04084035,2.5
2024_02_11_21_50_43_961,0.8,-0.4764982,401610.0,401936.0,54.63763,2.047817,0.1362965,6.277524,0.0102008,0.7774225,2.13,0.01467728,-0.01757229,-1.332412,3.758192,0.2529621,-0.00655651,2.5
2024_02_11_21_50_43_999,0.8,-0.4829484,401848.0,402133.0,54.69804,2.104453,0.136153,6.277465,0.009684861,0.7274616,2.21,0.009808424,0.002521198,-1.319419,0.6184578,-0.3151297,0.01807511,2.5
2024_02_11_21_50_44_036,0.8,-0.4901084,402086.0,402382.0,54.75779,2.156085,0.1363798,6.277209,0.0105232,0.6717526,2.05,0.01627885,0.02706417,-1.669104,-2.825022,0.4066229,-0.06209686,2.5
2024_02_11_21_50_44_074,0.8,-0.4953267,402321.0,402621.0,54.81873,2.203351,0.1363833,6.277228,0.01052075,0.6123002,2.05,0.0179918,-0.01594047,-1.431037,4.537106,0.518322,-0.07100403,2.5
2024_02_11_21_50_44_117,0.8,-0.5015731,402574.0,402824.0,54.89144,2.251642,0.1361542,6.277249,0.009687558,0.5564579,2.18,0.01145926,-0.002911365,-1.342768,1.703501,-0.1710057,-0.03355742,2.5
2024_02_11_21_50_44_149,0.8,-0.5062984,402791.0,403036.0,54.95429,2.289147,0.1362991,6.277006,0.01023527,0.5072368,2.07,0.009552274,0.04386783,-1.676661,-5.467653,-0.4992485,-0.01654774,2.5
2024_02_11_21_50_44_188,0.8,-0.5101843,403023.0,403290.0,55.01965,2.324844,0.136429,6.276981,0.01069613,0.4452411,1.99,0.01805738,0.008857145,-1.583967,-0.05090236,0.3575086,0.02285838,2.5
2024_02_11_21_50_44_230,0.8,-0.5134621,403278.0,403505.0,55.09848,2.360096,0.1361925,6.27708,0.0098256,0.3846462,2.14,0.0138888,-0.009383896,-1.370006,2.821207,0.01555681,0.01764111,2.5
2024_02_11_21_50_44_261,0.8,-0.5171353,403486.0,403682.0,55.16516,2.385384,0.1361399,6.277008,0.009647912,0.3392026,2.14,0.004545851,0.03750435,-1.440586,-6.780385,-1.53467,0.2854131,2.5
2024_02_11_21_50_44_294,0.8,-0.5193918,403697.0,403920.0,55.2289,2.407437,0.1363994,6.276808,0.0105931,0.2837705,1.99,0.01892119,0.02088581,-1.721971,-1.759171,0.4741549,-0.0783056,2.5
2024_02_11_21_50_44_327,0.8,-0.5211256,403903.0,404126.0,55.29377,2.425633,0.1363585,6.276881,0.01042884,0.2292417,2.02,0.01977347,-0.02117403,-1.469131,5.410432,0.5816519,-0.1114439,2.5
2024_02_11_21_50_44_365,0.8,-0.522414,404130.0,404305.0,55.3697,2.441451,0.1361335,6.276948,0.009613247,0.177252,2.15,0.01283666,-0.003136153,-1.382686,1.907349,-0.117898,0.01331046,2.5
2024_02_11_21_50_44_398,0.8,-0.5232293,404345.0,404511.0,55.44118,2.452824,0.1362587,6.276743,0.01008972,0.1273726,2.04,0.008100443,0.04816657,-1.692013,-6.260871,-0.8570551,0.007465481,2.5
2024_02_11_21_50_44_436,0.8,-0.5235987,404576.0,404766.0,55.51419,2.461639,0.1364,6.276736,0.01059078,0.06393291,1.97,0.01944364,0.007597619,-1.613114,0.4154443,0.4580915,0.02510659,2.5
2024_02_11_21_50_44_473,0.8,-0.5233535,404806.0,404957.0,55.59163,2.464875,0.1361641,6.276869,0.009721919,0.008121576,2.12,0.01504605,-0.01032082,-1.394477,3.207683,0.1415014,-0.003583729,2.5
2024_02_11_21_50_44_511,0.8,-0.5223859,405038.0,405154.0,55.67113,2.463538,0.1361069,6.276815,0.009530747,6.239662,2.13,0.003474306,0.04435593,-1.471575,-7.82442,-1.855552,0.272369,2.5
2024_02_11_21_50_44_549,0.8,-0.521137,405279.0,405425.0,55.74798,2.459455,0.1363694,6.276662,0.010482,6.175189,1.98,0.01950341,0.01577776,-1.682719,-0.8503198,0.4932284,-0.08273496,2.5
2024_02_11_21_50_44_586,0.8,-0.5188631,405503.0,405625.0,55.8218,2.450101,0.1362004,6.276802,0.009852208,6.118652,2.09,0.01709214,-0.01592061,-1.411985,3.966331,0.3177523,0.004582107,2.5
2024_02_11_21_50_44_619,0.8,-0.5165201,405707.0,405791.0,55.89098,2.43706,0.136065,6.276831,0.009364762,6.072819,2.17,0.01262888,0.0007418543,-1.380968,1.44434,-0.1214743,0.009292737,2.5
2024_02_11_21_50_44_657,0.8,-0.5136313,405950.0,406037.0,55.96923,2.418855,0.1362782,6.276628,0.01015695,6.014667,2.02,0.01714061,0.03583445,-1.740968,-3.811359,0.4048347,-0.1084916,2.5
2024_02_11_21_50_44_694,0.8,-0.5095628,406178.0,406271.0,56.04041,2.398428,0.1362863,6.276727,0.01016661,5.954321,2.04,0.02004682,-0.01936108,-1.471328,5.439043,0.673294,-0.193011,2.5
2024_02_11_21_50_44_732,0.8,-0.5056981,406412.0,406456.0,56.11567,2.370698,0.1360668,6.276826,0.009369466,5.901252,2.16,0.0134784,-0.003686287,-1.365153,2.194405,-0.009953975,-0.007934868,2.5
2024_02_11_21_50_44_769,0.8,-0.5001547,406647.0,406670.0,56.18935,2.339098,0.1361383,6.276701,0.009650808,5.849156,2.1,0.006062543,0.04953496,-1.589123,-6.237745,-1.031041,-0.06060302,2.5
2024_02_11_21_50_44_806,0.8,-0.495281,406887.0,406929.0,56.25929,2.305818,0.1362857,6.276719,0.01017063,5.786849,2.03,0.01971935,-0.001335223,-1.519695,2.453327,0.6600022,-0.05090236,2.5
2024_02_11_21_50_44_840,0.8,-0.4900521,407089.0,407092.0,56.31969,2.271626,0.1360802,6.276841,0.009417251,5.740598,2.16,0.01428484,-0.006644029,-1.350319,2.573967,0.06389618,0.02074614,2.5
2024_02_11_21_50_44_877,0.8,-0.4826665,407330.0,407294.0,56.38989,2.226846,0.1360141,6.276837,0.00918507,5.689486,2.19,0.009513831,0.0212778,-1.372893,-2.813816,-0.5838275,0.09804963,2.5
2024_02_11_21_50_44_915,0.8,-0.4764769,407567.0,407550.0,56.4538,2.182627,0.1362491,6.27675,0.01004127,5.631645,2.06,0.01872719,0.01278291,-1.559529,-0.2577305,0.6022453,-0.1063682,2.5
2024_02_11_21_50_44_953,0.8,-0.4678937,407802.0,407749.0,56.51667,2.132636,0.1360628,6.276897,0.009353358,5.578447,2.18,0.01438582,-0.007278086,-1.316995,2.592087,0.1150966,-0.01078658,2.5
2024_02_11_21_50_44_990,0.8,-0.4605402,408037.0,407943.0,56.57787,2.077991,0.135962,6.27693,0.008989467,5.530366,2.25,0.01184195,0.002595117,-1.293513,1.198769,-0.0796318,0.02408773,2.5
2024_02_11_21_50_45_028,0.8,-0.4512399,408284.0,408177.0,56.63828,2.018929,0.1361156,6.276823,0.009564541,5.478331,2.14,0.01337399,0.03989916,-1.554146,-4.50778,0.2007484,-0.07552467,2.5
2024_02_11_21_50_45_065,0.8,-0.4427226,408518.0,408404.0,56.6921,1.961456,0.1361098,6.276952,0.009521002,5.424252,2.17,0.01704505,-0.01611465,-1.3123,3.844261,0.477314,0.04912912,2.5
2024_02_11_21_50_45_103,0.8,-0.4321974,408758.0,408602.0,56.74587,1.896186,0.1359633,6.277038,0.008993,5.376316,2.26,0.0121764,-0.000139361,-1.237538,1.53327,-0.01913309,0.06440841,2.5
2024_02_11_21_50_45_136,0.8,-0.4229284,408972.0,408783.0,56.79099,1.835907,0.135927,6.277058,0.008863347,5.335537,2.29,0.01123466,0.008497107,-1.240113,0.06461143,-0.0783205,-0.005498528,2.5
2024_02_11_21_50_45_173,0.8,-0.4135056,409214.0,409024.0,56.83816,1.767956,0.1361219,6.277023,0.009578738,5.285661,2.17,0.01707496,0.01787496,-1.421891,-1.068115,0.6773471,-0.04839152,2.5
2024_02_11_21_50_45_212,0.8,-0.4012751,409455.0,409232.0,56.88254,1.696351,0.1359908,6.277181,0.009090515,5.237359,2.27,0.01345148,-0.005728799,-1.184492,2.317905,0.1930594,0.01475029,2.5
2024_02_11_21_50_45_248,0.8,-0.3910627,409694.0,409435.0,56.92357,1.621752,0.1359155,6.277241,0.008819578,5.194307,2.32,0.01113255,0.00431327,-1.156146,0.7119178,-0.03796816,0.02299622,2.5
2024_02_11_21_50_45_286,0.8,-0.3775447,409943.0,409650.0,56.96276,1.542464,0.1359193,6.27729,0.008834566,5.150353,2.33,0.01207567,0.00796755,-1.153955,0.1404285,0.1618266,-0.02474151,2.5
2024_02_11_21_50_45_319,0.8,-0.3667443,410160.0,409836.0,56.9941,1.472024,0.1359131,6.277367,0.008811006,5.112739,2.35,0.01229367,0.005215964,-1.124821,0.5180836,0.2011657,-0.008365139,2.5
2024_02_11_21_50_45_356,0.8,-0.355388,410409.0,410051.0,57.02712,1.389021,0.1359132,6.277452,0.008811489,5.070538,2.36,0.01196004,0.006593591,-1.096602,0.2396107,0.1530647,0.01588464,2.5
2024_02_11_21_50_45_395,0.8,-0.3407457,410652.0,410262.0,57.05605,1.306604,0.1359122,6.27755,0.008807325,5.030627,2.37,0.01219038,0.005856726,-1.061224,0.2622604,0.2099573,0.04283152,2.5
2024_02_11_21_50_45_431,0.8,-0.3287123,410903.0,410480.0,57.08251,1.220447,0.1359112,6.277658,0.008803393,4.991004,2.38,0.01176773,0.005474778,-1.024582,0.2565384,0.179559,-0.01529418,2.5
2024_02_11_21_50_45_465,0.8,-0.3163452,411120.0,410670.0,57.10284,1.144519,0.1359096,6.277759,0.008797673,4.957772,2.39,0.01160999,0.005317183,-0.9908183,0.2343654,0.1646578,0.08808076,2.5
2024_02_11_21_50_45_503,0.8,-0.3001631,411371.0,410889.0,57.12325,1.055964,0.1359075,6.277885,0.00878934,4.920922,2.4,0.01185885,0.004738154,-0.9493062,0.259161,0.2474785,0.0649672,2.5
2024_02_11_21_50_45_540,0.8,-0.2871041,411615.0,411104.0,57.14013,0.9687275,0.1359053,6.278017,0.008780382,4.886569,2.41,0.0114366,0.004531716,-0.9081905,0.25177,0.2114922,0.03020465,2.5
2024_02_11_21_50_45_578,0.8,-0.2704594,411865.0,411326.0,57.15444,0.8782414,0.1359025,6.278162,0.008770251,4.85292,2.42,0.01164312,0.004022839,-0.8634395,0.2822876,0.2934486,-0.05356967,2.5
2024_02_11_21_50_45_615,0.8,-0.2571332,412109.0,411544.0,57.16557,0.7893908,0.1358996,6.278311,0.0087594,4.821805,2.42,0.01109245,0.003860548,-0.8196219,0.1757145,0.2093762,0.06442703,2.5
2024_02_11_21_50_45_648,0.8,-0.2433614,412327.0,411738.0,57.17326,0.7096256,0.1358969,6.278452,0.008749054,4.795468,2.43,0.0110476,0.003350802,-0.7783882,0.1950264,0.2286434,-0.01639873,2.5
2024_02_11_21_50_45_686,0.8,-0.2256109,412577.0,411964.0,57.17959,0.6172607,0.1358937,6.278624,0.008736825,4.766828,2.44,0.01119613,0.00293713,-0.7295989,0.2536774,0.3167689,-0.008272007,2.5
2024_02_11_21_50_45_719,0.8,-0.2116594,412794.0,412161.0,57.18302,0.5366744,0.1358907,6.27878,0.008725501,4.743471,2.45,0.01090581,0.002653441,-0.6867638,0.2183914,0.3123581,0.04907697,2.5
2024_02_11_21_50_45_757,0.8,-0.196917,413044.0,412388.0,57.18472,0.4435322,0.1358873,6.278967,0.008713172,4.718347,2.46,0.01040696,0.002433782,-0.6366947,0.1840591,0.2459287,-0.01637265,2.5
2024_02_11_21_50_45_794,0.8,-0.1784052,413287.0,412612.0,57.18422,0.3525599,0.1358847,6.279159,0.008702775,4.695757,2.46,0.01060959,0.001938256,-0.5856284,0.1842975,0.3480017,0.01436286,2.5
2024_02_11_21_50_45_828,0.8,-0.1638674,413510.0,412817.0,57.18201,0.268773,0.1358822,6.279342,0.00869349,4.676664,2.47,0.01037824,0.001690491,-0.5383197,0.2031326,0.3195703,0.01807697,2.5
2024_02_11_21_50_45_865,0.8,-0.1486666,413752.0,413043.0,57.17787,0.1774371,0.1358798,6.279548,0.008684351,4.657715,2.47,0.009713808,0.001665252,-0.4870029,0.1313686,0.2643764,-0.009071082,2.5
2024_02_11_21_50_45_902,0.8,-0.1298181,413993.0,413269.0,57.17208,0.0859865,0.1358779,6.279762,0.008677091,4.640708,2.48,0.009804975,0.001353224,-0.4338483,0.1325607,0.3552437,0.03345124,2.5
2024_02_11_21_50_45_936,0.8,-0.1146578,414215.0,413478.0,57.16545,0.001879811,0.1358765,6.279963,0.00867159,4.626789,2.48,0.009514095,0.0009478134,-0.3853115,0.1666546,0.3429055,0.002212822,2.5
2024_02_11_21_50_45_974,0.8,-0.09935769,414456.0,413707.0,57.157,-0.08970645,0.1358752,6.280188,0.008666243,4.613527,2.49,0.008938097,0.0009071595,-0.3328346,0.07843971,0.2713501,0.02855994,2.5
2024_02_11_21_50_46_007,0.8,-0.08412451,414677.0,413918.0,57.14821,-0.1738953,0.1358749,6.280401,0.008665166,4.60309,2.49,0.008408469,0.0008243038,-0.2835274,0.01740456,0.2455115,0.03261678,2.5
2024_02_11_21_50_46_044,0.8,-0.064522,414917.0,414149.0,57.13773,-0.2655323,0.1358743,6.280636,0.008662709,4.593628,2.49,0.008536201,0.0005428294,-0.2294902,0.08082389,0.3478229,0.03601611,2.5
2024_02_11_21_50_46_082,0.8,-0.04875636,415162.0,414387.0,57.12616,-0.3596599,0.1358745,6.280882,0.008663194,4.585959,2.5,0.007811929,0.0004235777,-0.1755054,0.0500679,0.2652109,-0.05602836,2.5
2024_02_11_21_50_46_115,0.8,-0.03316741,415375.0,414595.0,57.11557,-0.4414213,0.135875,6.281098,0.008664129,4.580977,2.5,0.007469248,0.0003604315,-0.1282509,0.04935264,0.2713203,-0.02955273,2.5
2024_02_11_21_50_46_148,0.8,-0.01768162,415587.0,414803.0,57.10464,-0.5231934,0.1358758,6.281317,0.008667765,4.577549,2.5,0.007172448,0.0002555687,-0.08127718,0.0731945,0.2667904,-0.02163276,2.5
2024_02_11_21_50_46_186,0.8,0.001962225,415831.0,415044.0,57.0918,-0.6173708,0.1358781,6.281572,0.008675277,4.575525,2.5,0.007128924,0.0003064611,-0.02694872,0.02455711,0.336498,-0.05966238,2.5
2024_02_11_21_50_46_223,0.8,0.01778604,416067.0,415280.0,57.07921,-0.7090604,0.1358825,6.281824,0.008691572,4.575531,2.5,0.006482949,0.0004579551,0.02597878,-0.01502037,0.2703369,-0.0594221,2.5
2024_02_11_21_50_46_263,0.8,0.03747325,416309.0,415522.0,57.06639,-0.8031936,0.1358875,6.282087,0.008709727,4.577611,2.5,0.006361408,0.0004662182,0.0820156,-0.05888939,0.3468394,0.00115484,2.5
2024_02_11_21_50_46_294,0.8,0.05387244,416518.0,415734.0,57.05551,-0.8849155,0.1358923,6.28232,0.008726988,4.581155,2.5,0.006200424,0.0005136302,0.1314972,-0.07820129,0.3705322,-0.02946704,2.5
2024_02_11_21_50_46_328,0.8,0.06883699,416727.0,415946.0,57.045,-0.9666229,0.1358972,6.282552,0.008744527,4.586301,2.5,0.00563795,0.0005217479,0.1796773,-0.1022816,0.3590285,-0.0183247,2.5
2024_02_11_21_50_46_366,0.8,0.08433062,416966.0,416191.0,57.03352,-1.060695,0.1359031,6.282822,0.008766725,4.594192,2.49,0.004827642,0.0004693177,0.2343683,-0.05865097,0.2728254,0.02381205,2.5
2024_02_11_21_50_46_398,0.8,0.09957446,417173.0,416404.0,57.02423,-1.142376,0.1359085,6.283058,0.008786063,4.602765,2.49,0.004452004,0.0005433463,0.2828942,-0.08893012,0.2679676,-0.01893193,2.5
2024_02_11_21_50_46_437,0.8,0.1191832,417411.0,416650.0,57.0145,-1.236401,0.1359162,0.0001470065,0.008814287,4.614622,2.49,0.004347018,0.0007952467,0.3393651,-0.1044273,0.3645271,0.05749985,2.5
2024_02_11_21_50_46_479,0.8,0.1347588,417666.0,416916.0,57.00541,-1.337783,0.135925,0.00044315,0.008845939,4.62981,2.48,0.003145617,0.0007901066,0.3985149,-0.07081032,0.2093837,-0.01535565,2.5
2024_02_11_21_50_46_511,0.8,0.1515505,417876.0,417137.0,56.99914,-1.421798,0.1359324,0.0006897587,0.008873556,4.644233,2.48,0.00293529,0.001224115,0.4483808,-0.1599789,0.2624243,-0.01533702,2.5
2024_02_11_21_50_46_544,0.8,0.1664657,418079.0,417352.0,56.9943,-1.503255,0.1359406,0.00092678,0.008903412,4.65985,2.47,0.002597223,0.001345147,0.4958479,-0.1373291,0.2651438,0.02638995,2.5
2024_02_11_21_50_46_582,0.8,0.1845954,418312.0,417601.0,56.99038,-1.596912,0.1359511,0.00120002,0.008942191,4.679749,2.46,0.00236014,0.001807834,0.5502514,-0.2026558,0.3155842,0.02677552,2.5
2024_02_11_21_50_46_620,0.8,0.199326,418538.0,417842.0,56.98845,-1.687908,0.1359612,0.001461543,0.008979201,4.701062,2.46,0.001448751,0.001916549,0.6005406,-0.1859665,0.2449453,-0.03842637,2.5
2024_02_11_21_50_46_653,0.8,0.2154745,418738.0,418059.0,56.98844,-1.768856,0.1359713,0.00169377,0.009016183,4.72164,2.45,0.001464888,0.00223416,0.6460495,-0.213623,0.3277808,-0.01567043,2.5
2024_02_11_21_50_46_690,0.8,0.2298262,418968.0,418308.0,56.99059,-1.86175,0.1359831,0.001957423,0.009059608,4.747169,2.44,0.0004289052,0.002639075,0.6962667,-0.2393722,0.2484768,0.003449619,2.5
2024_02_11_21_50_46_727,0.8,0.2473055,419190.0,418551.0,56.99501,-1.951789,0.1359952,0.002209891,0.009103587,4.773857,2.43,0.0002076579,0.002842423,0.7447455,-0.2775192,0.3288984,-0.008879229,2.5
2024_02_11_21_50_46_761,0.8,0.2608047,419394.0,418774.0,57.00124,-2.034102,0.1360065,0.002437858,0.009145676,4.799932,2.42,-0.0003646417,0.003151583,0.7877038,-0.2558231,0.2985597,-0.001076609,2.5
2024_02_11_21_50_46_798,0.8,0.2742531,419614.0,419017.0,57.01049,-2.123114,0.1360201,0.002681803,0.009195556,4.82996,2.41,-0.001354424,0.003586191,0.8336791,-0.2677441,0.223279,0.01459569,2.5
2024_02_11_21_50_46_832,0.8,0.2873472,419816.0,419240.0,57.02134,-2.204285,0.1360326,0.00289965,0.009241105,4.859032,2.4,-0.002023048,0.003770032,0.8739917,-0.2346039,0.2044439,0.04107691,2.5
2024_02_11_21_50_46_869,0.8,0.3038827,420034.0,419483.0,57.03585,-2.291842,0.1360459,0.003130279,0.009290444,4.892203,2.39,-0.002129896,0.004265354,0.917247,-0.3225803,0.272274,-0.0247769,2.5
2024_02_11_21_50_46_907,0.8,0.3164117,420257.0,419732.0,57.05373,-2.38078,0.1360614,0.003361442,0.009347362,4.927906,2.38,-0.003252893,0.004750287,0.9601318,-0.3056526,0.1727939,-0.06596185,2.5
2024_02_11_21_50_46_944,0.8,0.3319207,420474.0,419975.0,57.07415,-2.466257,0.1360762,0.003578756,0.00940163,4.964201,2.37,-0.003593121,0.005243844,1.000664,-0.3275871,0.2412796,-0.001588836,2.5
2024_02_11_21_50_46_982,0.8,0.3440104,420695.0,420225.0,57.09825,-2.55273,0.1360916,0.003792341,0.009458072,5.002986,2.36,-0.004504244,0.005461784,1.038979,-0.3385544,0.1705289,-0.04751607,2.5
2024_02_11_21_50_47_015,0.8,0.3554658,420888.0,420441.0,57.12178,-2.626575,0.1361115,0.003973969,0.009531956,5.0379,2.34,-0.005003875,0.007337399,1.076084,-0.6511211,0.187993,-0.0006575137,2.5
2024_02_11_21_50_47_052,0.8,0.3696087,421114.0,420683.0,57.15063,-2.707083,0.1362135,0.004204599,0.009910051,5.079554,2.26,-0.006039631,0.02173776,1.210602,-3.024578,0.1539588,0.01594238,2.5
2024_02_11_21_50_47_090,0.8,0.380836,421341.0,420927.0,57.18258,-2.786285,0.136198,0.004321778,0.009840372,5.124806,2.28,-0.008498223,-0.01161217,1.122649,2.391815,-0.06937981,0.03625825,2.5
2024_02_11_21_50_47_127,0.8,0.3936889,421546.0,421166.0,57.21839,-2.863703,0.1361101,0.00449009,0.009526238,5.166169,2.32,-0.004861203,0.003762144,1.133516,-0.04839897,0.4606247,0.0310447,2.5
2024_02_11_21_50_47_162,0.8,0.4041011,421770.0,421389.0,57.25317,-2.932483,0.1362847,0.004755341,0.01017229,5.209042,2.2,-0.01028765,0.02403276,1.402357,-2.797365,-0.2821684,-0.07115677,2.5
2024_02_11_21_50_47_198,0.8,0.4140542,421990.0,421624.0,57.29279,-3.003228,0.1362362,0.004819256,0.009980189,5.257447,2.23,-0.01053719,-0.01328635,1.206225,2.771854,-0.1035929,-0.00713393,2.5
2024_02_11_21_50_47_236,0.8,0.4256627,422196.0,421867.0,57.33905,-3.075785,0.1361295,0.004958273,0.009596901,5.302839,2.28,-0.006586104,0.002777195,1.204661,0.2934933,0.4048347,0.03342144,2.5
2024_02_11_21_50_47_273,0.8,0.4345821,422442.0,422109.0,57.3859,-3.143379,0.1363291,0.005228318,0.01033561,5.353056,2.14,-0.01302823,0.02377394,1.504951,-2.578258,-0.4006624,-0.03406033,2.5
2024_02_11_21_50_47_307,0.8,0.4432271,422646.0,422317.0,57.42838,-3.199291,0.1363327,0.005267733,0.01033444,5.399988,2.15,-0.01435055,-0.01618184,1.311851,4.308462,-0.4302263,-0.1207068,2.5
2024_02_11_21_50_47_344,0.8,0.4531859,422844.0,422556.0,57.483,-3.2628,0.1361619,0.005331116,0.009715195,5.448005,2.24,-0.008740641,-0.0009351186,1.256753,1.128674,0.2841949,0.005275011,2.5
2024_02_11_21_50_47_382,0.8,0.4608112,423074.0,422795.0,57.53913,-3.322398,0.1362994,0.005594769,0.0102328,5.49806,2.13,-0.009471552,0.03861468,1.562965,-4.950047,0.1804828,-0.08015334,2.5
2024_02_11_21_50_47_415,0.8,0.4682865,423304.0,423011.0,57.5896,-3.372215,0.136403,0.00565176,0.01059898,5.550804,2.07,-0.01537055,0.00641746,1.469306,0.1027584,-0.3237724,-0.06249919,2.5
2024_02_11_21_50_47_452,0.8,0.4765671,423497.0,423239.0,57.64903,-3.42351,0.1362176,0.005635249,0.009916483,5.601042,2.18,-0.01137529,-0.007140687,1.307538,2.129316,0.1366138,0.001197681,2.5
2024_02_11_21_50_47_490,0.8,0.4829331,423705.0,423481.0,57.71524,-3.474623,0.1361794,0.005773733,0.009793141,5.651237,2.17,-0.001523418,0.04168634,1.407057,-7.369518,1.859546,0.2510287,2.5
2024_02_11_21_50_47_527,0.8,0.4901747,423968.0,423718.0,57.77779,-3.519537,0.1364158,0.005958024,0.01064956,5.710721,2.03,-0.016726,0.01541946,1.603494,-1.260996,-0.3504157,-0.03322773,2.5
2024_02_11_21_50_47_565,0.8,0.4955057,424181.0,423950.0,57.84392,-3.560549,0.1362911,0.005906359,0.01018164,5.766809,2.11,-0.01539658,-0.01622791,1.368018,3.61824,-0.2270937,-0.03216043,2.5
2024_02_11_21_50_47_598,0.8,0.5002971,424349.0,424156.0,57.9064,-3.594293,0.1361554,0.005931392,0.009693538,5.811337,2.18,-0.0108765,0.001088339,1.349108,0.9925365,0.254631,0.03710762,2.5
2024_02_11_21_50_47_636,0.8,0.5057966,424603.0,424399.0,57.97849,-3.62963,0.1363812,0.006184925,0.01052971,5.869533,2.02,-0.0171751,0.02899247,1.713925,-3.010988,-0.4371404,-0.1262445,2.5
2024_02_11_21_50_47_673,0.8,0.509602,424838.0,424627.0,58.04662,-3.65868,0.1363957,0.006148706,0.01056816,5.929127,2.02,-0.01900037,-0.01229085,1.477995,4.014254,-0.559628,-0.1177043,2.5
2024_02_11_21_50_47_706,0.8,0.5129203,424999.0,424828.0,58.1118,-3.681295,0.1361813,0.006087986,0.009785447,5.975309,2.14,-0.01296524,-0.006432775,1.369395,2.178192,0.1147389,0.03252923,2.5
2024_02_11_21_50_47_744,0.8,0.5165549,425215.0,425068.0,58.19036,-3.704188,0.1362201,0.006260026,0.009948993,6.028764,2.09,-0.00265473,0.05030703,1.590515,-6.868124,1.572251,0.1050029,2.5
2024_02_11_21_50_47_781,0.8,0.5188473,425477.0,425302.0,58.26254,-3.722408,0.1364199,0.006348976,0.01066509,6.091954,1.98,-0.0188528,0.01340655,1.650235,-0.6598234,-0.4239976,-0.0971537,2.5
2024_02_11_21_50_47_818,0.8,0.5211447,425679.0,425531.0,58.33803,-3.735488,0.1362351,0.006233927,0.00997872,6.149157,2.09,-0.0160287,-0.01469054,1.403016,3.707409,-0.221014,0.00468269,2.5
2024_02_11_21_50_47_852,0.8,0.5224266,425846.0,425736.0,58.4081,-3.743364,0.136101,0.006230199,0.009495734,6.194839,2.17,-0.01172419,0.002035789,1.38259,1.003742,0.2500117,0.05705095,2.5
2024_02_11_21_50_47_889,0.8,0.5232506,426104.0,425979.0,58.48719,-3.749153,0.1363587,0.006478938,0.01044831,6.255291,1.99,-0.01871535,0.02932049,1.770263,-2.741933,-0.516504,-0.03984198,2.5
2024_02_11_21_50_47_922,0.8,0.5235865,426315.0,426182.0,58.55233,-3.750565,0.1363851,0.006418218,0.01053226,0.02705718,1.98,-0.02029656,-0.005107266,1.541498,2.932548,-0.6100237,-0.05280785,2.5
2024_02_11_21_50_47_961,0.8,0.5233595,426500.0,426412.0,58.63092,-3.746559,0.1361328,0.006305833,0.009608965,0.08141763,2.14,-0.01385822,-0.006415796,1.386684,2.573251,-0.006198883,0.01680851,2.5
2024_02_11_21_50_47_994,0.8,0.5226406,426683.0,426620.0,58.7015,-3.739252,0.1361459,0.006411294,0.009677391,0.1279377,2.1,-0.0003387807,0.05307375,1.542215,-7.579565,2.10318,0.1132246,2.5
2024_02_11_21_50_48_031,0.8,0.5214475,426946.0,426854.0,58.77533,-3.729163,0.1363751,0.006516222,0.01050213,0.1912874,1.97,-0.01941233,0.01394835,1.66688,-0.6206036,-0.4747212,-0.01898408,2.5
2024_02_11_21_50_48_068,0.8,0.5192695,427147.0,427084.0,58.8504,-3.713068,0.1361843,0.00637614,0.009794906,0.2486647,2.1,-0.01602339,-0.01194377,1.408395,3.382683,-0.2028644,0.04889629,2.5
2024_02_11_21_50_48_102,0.8,0.5170948,427314.0,427289.0,58.91841,-3.694194,0.1360622,0.006355368,0.009355146,0.294486,2.17,-0.01224485,0.002965386,1.38511,0.9174346,0.2011657,-0.03309175,2.5
2024_02_11_21_50_48_139,0.8,0.5143244,427569.0,427532.0,58.99419,-3.669906,0.1363085,0.006557235,0.01026469,0.3542963,2.01,-0.01893868,0.02787417,1.740232,-2.431154,-0.5740523,-0.1070239,2.5
2024_02_11_21_50_48_173,0.8,0.5111651,427772.0,427735.0,59.05587,-3.646488,0.1362824,0.00645497,0.01015134,0.4075824,2.04,-0.02007056,-0.02188027,1.465099,5.791664,-0.657618,-0.08761696,2.5
2024_02_11_21_50_48_211,0.8,0.5066583,427957.0,427968.0,59.12886,-3.612848,0.1360621,0.006359628,0.00935284,0.4605767,2.17,-0.01309599,-0.002370302,1.366629,1.853943,0.1012087,0.05643814,2.5
2024_02_11_21_50_48_248,0.8,0.5023775,428175.0,428204.0,59.19973,-3.575669,0.1361585,0.00650344,0.009724133,0.513197,2.09,-0.007505688,0.0483948,1.621156,-6.202697,0.8699893,-0.02427213,2.5
2024_02_11_21_50_48_281,0.8,0.4978057,428403.0,428412.0,59.25805,-3.542423,0.1363001,0.006490123,0.01022598,0.5679526,2.02,-0.01940926,0.007363017,1.566311,0.6544589,-0.5736947,-0.07098168,2.5
2024_02_11_21_50_48_319,0.8,0.4912439,428595.0,428645.0,59.32409,-3.498221,0.1360806,0.006347378,0.009418706,0.6218726,2.16,-0.01450968,-0.007640565,1.349837,2.805948,-0.1244545,-0.04415772,2.5
2024_02_11_21_50_48_356,0.8,0.4857409,428790.0,428879.0,59.38895,-3.44924,0.1359932,0.006342052,0.009106661,0.6714335,2.21,-0.009889108,0.01448924,1.35692,-1.349687,0.4871487,0.0626836,2.5
2024_02_11_21_50_48_393,0.8,0.4779141,429052.0,429124.0,59.45118,-3.398465,0.1362479,0.0064571,0.01003843,0.730708,2.06,-0.018803,0.01597386,1.589408,-0.7569789,-0.6288885,-0.06623007,2.5
2024_02_11_21_50_48_427,0.8,0.4713023,429230.0,429328.0,59.50192,-3.351622,0.1361068,0.006320214,0.009512081,0.77823,2.16,-0.01592458,-0.01192986,1.338653,3.334999,-0.2686381,0.113491,2.5
2024_02_11_21_50_48_465,0.8,0.4644179,429427.0,429568.0,59.56004,-3.291475,0.1359801,0.006271744,0.009055305,0.8280018,2.23,-0.01211814,0.001609545,1.299115,1.379013,0.07617474,0.035014,2.5
2024_02_11_21_50_48_498,0.8,0.4568584,429612.0,429780.0,59.60894,-3.235832,0.1359926,0.006301572,0.009112871,0.8712611,2.22,-0.005724916,0.04032275,1.373894,-6.474494,1.218081,0.2550185,2.5
2024_02_11_21_50_48_536,0.8,0.4468732,429865.0,430019.0,59.65914,-3.174754,0.1361918,0.006312757,0.00982894,0.9271668,2.12,-0.01857849,0.003549246,1.437757,1.509189,-0.7203221,-0.1295414,2.5
2024_02_11_21_50_48_569,0.8,0.4383976,430040.0,430232.0,59.70247,-3.114757,0.1360211,0.006185991,0.009201862,0.9718764,2.23,-0.01362947,-0.005080514,1.259633,2.321243,-0.1323819,-0.000404194,2.5
2024_02_11_21_50_48_607,0.8,0.4296633,430238.0,430469.0,59.74796,-3.044618,0.135934,0.00614125,0.008887554,1.01784,2.29,-0.01121022,0.004114303,1.236475,0.6752014,0.1465678,0.0008679926,2.5
2024_02_11_21_50_48_645,0.8,0.4182266,430478.0,430718.0,59.79144,-2.971046,0.1361065,0.006203568,0.009527339,1.068054,2.18,-0.01576944,0.02864973,1.458319,-2.610206,-0.5911589,-0.1268797,2.5
2024_02_11_21_50_48_687,0.8,0.406969,430711.0,430978.0,59.83333,-2.891211,0.1360082,0.006037386,0.009154161,1.121868,2.26,-0.01362847,-0.006076655,1.201754,2.297878,-0.1689792,0.0406187,2.5
2024_02_11_21_50_48_723,0.8,0.3960773,430917.0,431223.0,59.86934,-2.811923,0.1359179,0.005969742,0.008827792,1.166485,2.32,-0.01118585,0.003415206,1.163512,0.8215904,0.06490946,0.01373887,2.5
2024_02_11_21_50_48_757,0.8,0.3854703,431103.0,431439.0,59.89809,-2.740816,0.1359176,0.005936186,0.008829685,1.204934,2.33,-0.01132102,0.0102913,1.169275,-0.326395,-0.003576278,0.02535246,2.5
2024_02_11_21_50_48_790,0.8,0.374765,431298.0,431661.0,59.92482,-2.666654,0.1359425,0.005868009,0.008917709,1.244561,2.32,-0.01333883,0.002918238,1.146932,1.052856,-0.2929866,0.03331341,2.5
2024_02_11_21_50_48_827,0.8,0.3609599,431505.0,431903.0,59.95084,-2.58399,0.135906,0.005772668,0.008785442,1.286017,2.35,-0.01155672,0.006652378,1.106713,0.2248287,-0.1210868,-0.01519546,2.5
2024_02_11_21_50_48_864,0.8,0.3491254,431722.0,432153.0,59.97414,-2.497576,0.1359161,0.005687447,0.008821803,1.32767,2.36,-0.01203553,0.006046735,1.081143,0.2756119,-0.1736581,0.06530061,2.5
2024_02_11_21_50_48_898,0.8,0.3373872,431910.0,432370.0,59.99156,-2.421507,0.1359117,0.005596367,0.008805374,1.362772,2.37,-0.01188068,0.005721241,1.048167,0.2763271,-0.1844764,-0.03815815,2.5
2024_02_11_21_50_48_935,0.8,0.3223251,432122.0,432614.0,60.00803,-2.335172,0.1359104,0.005488242,0.008800244,1.400875,2.38,-0.01202398,0.005267978,1.011176,0.3037453,-0.2400875,0.03081187,2.5
2024_02_11_21_50_48_969,0.8,0.3096433,432318.0,432838.0,60.02037,-2.255014,0.1359092,0.005381716,0.008795324,1.434655,2.39,-0.01196464,0.005068234,0.9760725,0.2841949,-0.2475828,0.01955032,2.5
2024_02_11_21_50_49_006,0.8,0.2969434,432532.0,433082.0,60.03081,-2.167021,0.1359066,0.005256547,0.008785534,1.470016,2.4,-0.0115827,0.004583298,0.9360647,0.2455711,-0.2020746,0.01861528,2.5
2024_02_11_21_50_49_043,0.8,0.2804414,432754.0,433333.0,60.03838,-2.075955,0.1359041,0.005118595,0.008776232,1.504755,2.41,-0.01175426,0.00426208,0.892775,0.3068447,-0.2880245,-0.03044307,2.5
2024_02_11_21_50_49_077,0.8,0.2673497,432947.0,433550.0,60.04247,-1.996405,0.1359015,0.004990231,0.008766662,1.533563,2.42,-0.011501,0.003937036,0.8538745,0.2295971,-0.2704859,0.02268515,2.5
2024_02_11_21_50_49_115,0.8,0.2534151,433170.0,433801.0,60.04441,-1.904382,0.1358989,0.004835235,0.008756622,1.565134,2.43,-0.01115062,0.003554925,0.8084697,0.2112388,-0.2166927,0.003358349,2.5
2024_02_11_21_50_49_147,0.8,0.2396239,433365.0,434018.0,60.04379,-1.824178,0.1358961,0.004691957,0.008745612,1.591112,2.43,-0.0109471,0.003303265,0.7671334,0.2441406,-0.2408624,-0.04307925,2.5
2024_02_11_21_50_49_184,0.8,0.2220049,433585.0,434262.0,60.0407,-1.734011,0.1358927,0.00452258,0.008732671,1.618589,2.44,-0.01109475,0.002755322,0.7188249,0.287056,-0.3254413,-0.01612119,2.5
2024_02_11_21_50_49_223,0.8,0.2074673,433812.0,434512.0,60.035,-1.641218,0.1358897,0.004341485,0.008721625,1.644957,2.45,-0.01055989,0.002689692,0.669972,0.1864433,-0.2530515,-0.004608184,2.5
2024_02_11_21_50_49_261,0.8,0.189343,434034.0,434755.0,60.02718,-1.550762,0.1358869,0.004154531,0.008710949,1.66879,2.46,-0.01079015,0.002298379,0.6193267,0.193119,-0.3464818,-0.05786121,2.5
2024_02_11_21_50_49_299,0.8,0.1747631,434264.0,435004.0,60.01696,-1.457806,0.1358836,0.003955859,0.008698839,1.691325,2.46,-0.01003269,0.00194426,0.5680246,0.2095699,-0.2604723,-0.05858391,2.5
2024_02_11_21_50_49_331,0.8,0.1600247,434464.0,435221.0,60.00644,-1.377066,0.1358814,0.003775297,0.008690544,1.709265,2.47,-0.009782651,0.001842899,0.5218384,0.09608268,-0.2470612,0.02173148,2.5
2024_02_11_21_50_49_369,0.8,0.1410246,434696.0,435469.0,59.99259,-1.284124,0.1358792,0.003561712,0.008682563,1.72805,2.48,-0.009917452,0.00144309,0.4680756,0.1471043,-0.3471374,-0.0239592,2.5
2024_02_11_21_50_49_406,0.8,0.1259697,434923.0,435711.0,59.97749,-1.193671,0.1358772,0.003345996,0.008674053,1.744377,2.48,-0.00925917,0.00124424,0.415846,0.1482964,-0.270009,-0.0361111,2.5
2024_02_11_21_50_49_444,0.8,0.1067227,435157.0,435958.0,59.9605,-1.100838,0.1358758,0.003117496,0.008668475,1.759105,2.49,-0.009301736,0.00109398,0.360614,0.1058578,-0.3427267,-0.009011477,2.5
2024_02_11_21_50_49_481,0.8,0.0912357,435387.0,436199.0,59.94272,-1.010531,0.135875,0.002890062,0.008665699,1.771446,2.49,-0.008738603,0.0008466121,0.3077494,0.06532669,-0.2729893,0.07833913,2.5
2024_02_11_21_50_49_515,0.8,0.07616991,435598.0,436419.0,59.92545,-0.9276097,0.1358747,0.002675944,0.008664062,1.781039,2.49,-0.008347338,0.0007412232,0.2588499,0.06985664,-0.2483725,0.0247471,2.5
2024_02_11_21_50_49_552,0.8,0.05640249,435829.0,436659.0,59.90582,-0.8374428,0.1358748,0.002437325,0.008664232,1.789577,2.5,-0.008383082,0.0004616893,0.2042815,0.09393691,-0.3427267,-0.09394064,2.5
2024_02_11_21_50_49_591,0.8,0.04081718,436062.0,436897.0,59.88549,-0.747327,0.1358752,0.002196575,0.008665338,1.796138,2.5,-0.007729479,0.0003585233,0.1516462,0.06461143,-0.2729297,0.02049468,2.5
2024_02_11_21_50_49_622,0.8,0.02478447,436276.0,437116.0,59.86633,-0.6645456,0.1358754,0.001971805,0.008665862,1.800424,2.5,-0.007386513,0.000286918,0.1030836,0.06008148,-0.2723336,-0.009942799,2.5
2024_02_11_21_50_49_660,0.8,0.005229079,436510.0,437354.0,59.84518,-0.5744749,0.1358773,0.001724663,0.008673188,1.803233,2.5,-0.00738267,0.0003341542,0.05000778,0.01692772,-0.3526807,0.08976831,2.5
2024_02_11_21_50_49_698,0.8,-0.01037373,436752.0,437597.0,59.82328,-0.4819874,0.1358807,0.001466869,0.008684621,1.804081,2.5,-0.006567685,0.0003558764,-0.004035152,-0.03695488,-0.258863,0.001018867,2.5
2024_02_11_21_50_49_731,0.8,-0.0258696,436962.0,437807.0,59.80426,-0.4016879,0.1358849,0.0012405,0.008700269,1.803126,2.5,-0.006246363,0.0004208431,-0.05165941,-0.05578994,-0.2648234,-0.006357207,2.5
2024_02_11_21_50_49_769,0.8,-0.04527278,437205.0,438049.0,59.78259,-0.3092308,0.13589,0.0009768475,0.008718781,1.800073,2.5,-0.006122108,0.0003992677,-0.1073611,-0.0488758,-0.3318786,-0.01399405,2.5
2024_02_11_21_50_49_802,0.8,-0.0612199,437417.0,438258.0,59.76408,-0.2289177,0.1358942,0.0007456851,0.0087338,1.795725,2.5,-0.005884229,0.0004215285,-0.1553368,-0.05531311,-0.3606677,-0.04535354,2.5
2024_02_11_21_50_49_839,0.8,-0.07644423,437655.0,438491.0,59.74385,-0.1388323,0.1358999,0.0004830974,0.008754271,1.788941,2.49,-0.005059991,0.0003594682,-0.2095685,-0.02002716,-0.2611279,-0.03394485,2.5
2024_02_11_21_50_49_877,0.8,-0.09639805,437900.0,438730.0,59.72385,-0.04625198,0.1359062,0.0002098571,0.008777489,1.779854,2.49,-0.005067436,0.0006198153,-0.2668648,-0.07843971,-0.3613829,0.03863871,2.5
2024_02_11_21_50_49_914,0.8,-0.1112488,438139.0,438961.0,59.70529,0.04395184,0.1359133,0.00319748,0.008803218,1.76895,2.49,-0.004080668,0.0006001621,-0.3203998,-0.07009506,-0.256449,-0.04973262,2.5
2024_02_11_21_50_49_952,0.8,-0.1307113,438386.0,439198.0,59.6874,0.1366612,0.1359213,6.282855,0.0088328,1.755675,2.48,-0.00398187,0.0008502576,-0.3766406,-0.1075268,-0.352323,0.007953495,2.5
2024_02_11_21_50_49_989,0.8,-0.1456043,438627.0,439427.0,59.67128,0.2269936,0.1359295,6.282588,0.00886272,1.740723,2.48,-0.003092706,0.001176909,-0.4298375,-0.120163,-0.2480149,-0.1026746,2.5
2024_02_11_21_50_50_027,0.8,-0.1645341,438874.0,439662.0,59.65628,0.3198133,0.1359388,6.282314,0.00889685,1.723313,2.47,-0.003054942,0.001407181,-0.4849564,-0.1740455,-0.341177,-0.01163408,2.5
2024_02_11_21_50_50_065,0.8,-0.1790641,439116.0,439889.0,59.64333,0.4102202,0.1359482,6.28205,0.008931451,1.704388,2.47,-0.002132177,0.001532268,-0.5363563,-0.1354218,-0.2478063,-0.0459291,2.5
2024_02_11_21_50_50_102,0.8,-0.1976958,439364.0,440121.0,59.63195,0.5030572,0.1359595,6.281778,0.008972934,1.682938,2.46,-0.001871938,0.001802363,-0.5904564,-0.1773834,-0.3311932,0.0301227,2.5
2024_02_11_21_50_50_135,0.8,-0.2123279,439580.0,440322.0,59.62379,0.5836362,0.1359691,6.281545,0.009008146,1.662688,2.45,-0.001491138,0.002181204,-0.6358794,-0.2362728,-0.3362298,-0.004634261,2.5
2024_02_11_21_50_50_173,0.8,-0.2265236,439830.0,440552.0,59.61654,0.6763228,0.1359809,6.28128,0.009051293,1.637534,2.44,-0.0004715524,0.002471769,-0.6862757,-0.2198219,-0.2461672,0.02638809,2.5
2024_02_11_21_50_50_210,0.8,-0.243701,440072.0,440774.0,59.61177,0.7664136,0.1359924,6.281028,0.009093621,1.611218,2.43,-0.0003297143,0.00279793,-0.7346604,-0.2520084,-0.3175735,0.04080496,2.5
2024_02_11_21_50_50_244,0.8,-0.2576964,440296.0,440978.0,59.60958,0.8489956,0.1360043,6.280798,0.009137307,1.585479,2.43,0.000244108,0.003195153,-0.7785431,-0.2911091,-0.2956241,-0.004854053,2.5
2024_02_11_21_50_50_281,0.8,-0.27157,440538.0,441199.0,59.60968,0.9385581,0.1360175,6.280553,0.00918563,1.555801,2.42,0.00118625,0.003461705,-0.8247077,-0.2353191,-0.2270192,-0.01227856,2.5
2024_02_11_21_50_50_319,0.8,-0.2879355,440788.0,441424.0,59.61261,1.030103,0.1360309,6.280307,0.009235175,1.523552,2.41,0.001539209,0.003845278,-0.8711216,-0.3013611,-0.2703667,0.002382323,2.5
2024_02_11_21_50_50_356,0.8,-0.3009533,441031.0,441642.0,59.61835,1.118717,0.1360442,6.280076,0.009284393,1.490513,2.39,0.002345959,0.00428456,-0.9135517,-0.3328323,-0.2273023,0.04841946,2.5
2024_02_11_21_50_50_393,0.8,-0.3164389,441280.0,441866.0,59.62732,1.209032,0.1360601,6.279844,0.009342421,1.454934,2.38,0.002875667,0.004575251,-0.956858,-0.3361702,-0.2550781,0.07469207,2.5
2024_02_11_21_50_50_427,0.8,-0.3290936,441496.0,442059.0,59.6377,1.28679,0.1360729,6.27965,0.009389678,1.422758,2.37,0.003410086,0.005106372,-0.9925927,-0.3445148,-0.243783,-0.01312047,2.5
2024_02_11_21_50_50_464,0.8,-0.3409811,441739.0,442275.0,59.65229,1.373072,0.1360893,6.279439,0.00944974,1.385289,2.36,0.004279661,0.005489191,-1.031058,-0.3626346,-0.187099,0.01768582,2.5
2024_02_11_21_50_50_497,0.8,-0.3529465,441962.0,442472.0,59.66848,1.451389,0.1361042,6.279253,0.009504732,1.349633,2.35,0.004882814,0.006128351,-1.065469,-0.4482269,-0.1855492,0.006131827,2.5
2024_02_11_21_50_50_534,0.8,-0.3671107,442204.0,442690.0,59.68911,1.535216,0.1361463,6.279046,0.009661808,1.30931,2.31,0.003845057,0.01692954,-1.126813,-2.638101,-0.5012751,-0.0223536,2.5
2024_02_11_21_50_50_572,0.8,-0.3782566,442452.0,442934.0,59.71248,1.617628,0.1362749,6.278847,0.01012752,1.263137,2.23,0.009901724,0.002030011,-1.209105,0.6706714,0.292778,-0.03064796,2.5
2024_02_11_21_50_50_610,0.8,-0.3914114,442688.0,443135.0,59.73948,1.697274,0.1361372,6.27874,0.009622363,1.221039,2.31,0.005839739,-0.00276732,-1.120757,1.049757,-0.32866,0.02246164,2.5
2024_02_11_21_50_50_643,0.8,-0.4015581,442909.0,443333.0,59.76781,1.770415,0.1361593,6.27852,0.009715647,1.181833,2.27,0.0008504353,0.03393211,-1.243569,-5.471944,-1.14572,0.07511117,2.5
2024_02_11_21_50_50_681,0.8,-0.411494,443149.0,443584.0,59.7995,1.845351,0.1363244,6.278338,0.01030947,1.131296,2.17,0.0121232,0.00304986,-1.320325,0.5910397,0.344634,-0.08095241,2.5
2024_02_11_21_50_50_714,0.8,-0.42113,443357.0,443760.0,59.83178,1.911081,0.1361787,6.278284,0.009773315,1.090728,2.26,0.008554852,-0.006474361,-1.193711,1.853466,-0.1683235,0.06658025,2.5
2024_02_11_21_50_50_752,0.8,-0.4324793,443603.0,443977.0,59.87334,1.986643,0.1361813,6.278067,0.009799151,1.044348,2.23,0.0002627708,0.04021816,-1.331457,-6.503582,-1.485646,0.1460128,2.5
2024_02_11_21_50_50_789,0.8,-0.4413621,443842.0,444233.0,59.91405,2.055102,0.1363699,6.277896,0.01047829,0.9900429,2.12,0.01363647,0.009171449,-1.432216,-0.4644394,0.3063679,0.007217749,2.5
2024_02_11_21_50_50_835,0.8,-0.4501845,444104.0,444458.0,59.96561,2.129902,0.1361981,6.277865,0.009845468,0.9349533,2.22,0.01007316,-0.005928718,-1.257807,1.831293,-0.1603365,0.01685508,2.5
2024_02_11_21_50_50_866,0.8,-0.4596913,444315.0,444639.0,60.01074,2.18839,0.1361423,6.277743,0.00964951,0.8931614,2.24,0.005848372,0.01819602,-1.304124,-2.879858,-0.8049011,0.08724815,2.5
2024_02_11_21_50_50_903,0.8,-0.4676976,444561.0,444905.0,60.06236,2.251005,0.1363929,6.277509,0.01056661,0.8352547,2.07,0.01564385,0.01678122,-1.56456,-1.52874,0.4099607,-0.1266226,2.5
2024_02_11_21_50_50_936,0.8,-0.4744368,444765.0,445099.0,60.10889,2.301248,0.136329,6.27752,0.01031884,0.7871244,2.12,0.01575187,-0.02085945,-1.347202,4.452229,0.3751516,-0.02012215,2.5
2024_02_11_21_50_50_969,0.8,-0.4806603,444971.0,445266.0,60.16031,2.35082,0.1361741,6.277493,0.009759717,0.7436041,2.2,0.01078331,-0.003094109,-1.309689,1.643419,-0.1679063,-0.04096329,2.5
2024_02_11_21_50_51_006,0.8,-0.4882972,445215.0,445500.0,60.22243,2.405567,0.1363066,6.277238,0.01026085,0.69022,2.09,0.009810354,0.0410752,-1.63435,-5.132913,-0.3373027,-0.07707439,2.5
2024_02_11_21_50_51_044,0.8,-0.4936715,445447.0,445752.0,60.28102,2.453191,0.1364262,6.277198,0.01068506,0.6300879,2.02,0.01699707,0.007482587,-1.535188,0.08773803,0.3462434,-0.04273653,2.5
2024_02_11_21_50_51_077,0.8,-0.4986504,445655.0,445928.0,60.33867,2.493661,0.1362383,6.277261,0.009991736,0.5818597,2.14,0.01356662,-0.01084746,-1.354163,2.783298,-0.01084804,0.06454811,2.5
2024_02_11_21_50_51_114,0.8,-0.5044024,445887.0,446123.0,60.40682,2.536134,0.1361452,6.27719,0.00966302,0.5318626,2.17,0.007076964,0.02270223,-1.390869,-3.744602,-0.961244,0.1651756,2.5
2024_02_11_21_50_51_152,0.8,-0.5081978,446130.0,446393.0,60.47483,2.575168,0.1364152,6.27697,0.01064932,0.4696591,2.0,0.01809558,0.01826663,-1.674344,-1.534939,0.4124045,0.03018603,2.5
2024_02_11_21_50_51_189,0.8,-0.5126705,446355.0,446608.0,60.54153,2.607776,0.1363219,6.277045,0.01029305,0.4124363,2.07,0.01827557,-0.02345427,-1.413795,4.988194,0.5070567,-0.06183795,2.5
2024_02_11_21_50_51_227,0.8,-0.5156049,446590.0,446797.0,60.61636,2.638322,0.1361305,6.277063,0.009603236,0.360078,2.17,0.01126561,0.001393886,-1.371459,0.885725,-0.310719,0.03972277,2.5
2024_02_11_21_50_51_260,0.8,-0.5181248,446801.0,447016.0,60.68168,2.661897,0.1363458,6.276814,0.01040323,0.3091259,2.02,0.01597868,0.0366582,-1.749656,-4.184723,0.2653301,-0.03224611,2.5
2024_02_11_21_50_51_298,0.8,-0.5205445,447035.0,447265.0,60.75368,2.684117,0.1364031,6.276855,0.010598,0.2457767,1.99,0.01971274,-0.00441417,-1.535079,2.714038,0.574857,-0.0616312,2.5
2024_02_11_21_50_51_335,0.8,-0.5220233,447260.0,447445.0,60.8284,2.701047,0.1361592,6.276952,0.009705432,0.1929833,2.13,0.01348011,-0.005950071,-1.386024,2.269268,-0.07230043,0.04582479,2.5
2024_02_11_21_50_51_372,0.8,-0.5231808,447500.0,447670.0,60.9081,2.714756,0.1362582,6.276753,0.01008791,0.1377398,2.04,0.007601723,0.04856409,-1.685442,-6.301164,-0.9124874,-0.0804793,2.5
2024_02_11_21_50_51_410,0.8,-0.5235763,447731.0,447925.0,60.98099,2.724321,0.1364001,6.276742,0.01059046,0.07436504,1.97,0.01952801,0.007172955,-1.61109,0.4901886,0.4772842,-0.04356913,2.5
2024_02_11_21_50_51_443,0.8,-0.523499,447930.0,448092.0,61.0479,2.728107,0.1361918,6.276863,0.009822551,0.02559351,2.1,0.01558198,-0.01138422,-1.406251,3.316641,0.1729727,0.003511086,2.5
2024_02_11_21_50_51_477,0.8,-0.5229369,448141.0,448264.0,61.12075,2.72829,0.1360676,6.27687,0.009375423,6.261591,2.17,0.01133283,0.005370487,-1.390301,0.4258156,-0.300765,-0.0064224,2.5
2024_02_11_21_50_51_514,0.8,-0.5216187,448378.0,448519.0,61.19762,2.725596,0.1363384,6.276643,0.01037339,6.20186,1.99,0.01924207,0.02673676,-1.75924,-2.324224,0.5729198,-0.1052916,2.5
2024_02_11_21_50_51_548,0.8,-0.5199771,448586.0,448731.0,61.26471,2.719538,0.1363305,6.276731,0.01032865,6.146152,2.01,0.02027085,-0.01659753,-1.49672,4.923582,0.6335973,-0.1223124,2.5
2024_02_11_21_50_51_585,0.8,-0.517942,448812.0,448909.0,61.34108,2.70717,0.1360996,6.27683,0.009489207,6.093825,2.15,0.01342986,-0.003205712,-1.384204,1.991987,-0.07292628,-0.00523962,2.5
2024_02_11_21_50_51_623,0.8,-0.5146132,449053.0,449135.0,61.42049,2.690074,0.1362094,6.276661,0.00990986,6.038708,2.06,0.008805381,0.04731418,-1.670907,-5.859851,-0.7065832,-0.1018811,2.5
2024_02_11_21_50_51_656,0.8,-0.511484,449260.0,449363.0,61.48464,2.67378,0.1363402,6.276674,0.01037258,5.982881,1.99,0.01964775,0.007621373,-1.597411,0.5903244,0.5659461,-0.09842961,2.5
2024_02_11_21_50_51_693,0.8,-0.5079024,449485.0,449549.0,61.55704,2.649674,0.1361172,6.276814,0.009551358,5.929229,2.13,0.01474208,-0.007914542,-1.379821,2.761841,0.08916854,-0.05305931,2.5
2024_02_11_21_50_51_731,0.8,-0.5028658,449724.0,449752.0,61.63346,2.61921,0.1360606,6.276787,0.009360083,5.87691,2.15,0.005617844,0.03891585,-1.436213,-6.776332,-1.418471,0.2490971,2.5
2024_02_11_21_50_51_764,0.8,-0.4982947,449935.0,449986.0,61.69574,2.591913,0.1362948,6.276674,0.01021,5.822877,2.02,0.01931438,0.01628816,-1.639926,-0.8287429,0.5744696,-0.02953224,2.5
2024_02_11_21_50_51_797,0.8,-0.4931575,450143.0,450169.0,61.75781,2.559942,0.1361436,6.276812,0.009645986,5.772346,2.12,0.01658526,-0.0133961,-1.378257,3.63779,0.3128648,0.01401082,2.5
2024_02_11_21_50_51_835,0.8,-0.4876795,450375.0,450358.0,61.82684,2.519033,0.1360085,6.276854,0.009159031,5.722408,2.2,0.01204213,0.002878853,-1.341775,1.021385,-0.1712441,-0.004986301,2.5
2024_02_11_21_50_51_873,0.8,-0.4802822,450619.0,450603.0,61.89541,2.474191,0.1362083,6.27671,0.009900309,5.66661,2.07,0.0171624,0.03163745,-1.647139,-2.99406,0.5216599,-0.03593788,2.5
2024_02_11_21_50_51_906,0.8,-0.4737987,450825.0,450803.0,61.95065,2.434228,0.136178,6.276827,0.009769634,5.616106,2.11,0.01871328,-0.02097303,-1.383199,4.938841,0.6210208,-0.1514982,2.5
2024_02_11_21_50_51_943,0.8,-0.4669819,451056.0,450990.0,62.01262,2.383101,0.1360053,6.276913,0.00914623,5.566952,2.22,0.01261616,-0.001135874,-1.303246,1.738548,-0.05412101,0.01309812,2.5
2024_02_11_21_50_51_976,0.8,-0.4594712,451273.0,451175.0,62.06878,2.331936,0.1359682,6.276911,0.009016437,5.522606,2.24,0.009749027,0.01726943,-1.325109,-1.895904,-0.4347562,0.09268149,2.5
2024_02_11_21_50_52_014,0.8,-0.4497577,451513.0,451427.0,62.1257,2.276393,0.1361946,6.276853,0.009842015,5.467355,2.1,0.01838789,0.01167604,-1.490099,-0.04768371,0.6753802,-0.07016212,2.5
2024_02_11_21_50_52_048,0.8,-0.4414931,451725.0,451606.0,62.17503,2.222136,0.1360362,6.27699,0.009256188,5.421588,2.21,0.01405583,-0.006475677,-1.271437,2.43187,0.1394749,0.001437962,2.5
2024_02_11_21_50_52_085,0.8,-0.4328725,451962.0,451803.0,62.22773,2.157746,0.1359416,6.277036,0.00891471,5.375357,2.28,0.0116655,0.002838141,-1.241706,1.127481,-0.04303455,-0.009261072,2.5
2024_02_11_21_50_52_122,0.8,-0.4215392,452202.0,452015.0,62.27808,2.090095,0.1359885,6.277013,0.00909858,5.328801,2.24,0.007345198,0.04138615,-1.338668,-6.06513,-0.7227659,0.1064092,2.5
2024_02_11_21_50_52_160,0.8,-0.4120176,452448.0,452259.0,62.32514,2.021652,0.1360863,6.277091,0.009435777,5.275918,2.21,0.01720931,-0.01699699,-1.263427,4.15349,0.6082058,0.0011269,2.5
2024_02_11_21_50_52_198,0.8,-0.3998185,452683.0,452455.0,62.3683,1.950084,0.1359464,6.277196,0.00893023,5.231418,2.3,0.01220657,-0.001449981,-1.1702,1.62363,0.05096197,0.04079938,2.5
2024_02_11_21_50_52_235,0.8,-0.3893885,452930.0,452666.0,62.41017,1.872674,0.1359064,6.277242,0.00878736,5.187188,2.33,0.01108741,0.007531887,-1.16363,0.1630783,-0.03385544,-0.0163354,2.5
2024_02_11_21_50_52_272,0.8,-0.37592,453173.0,452880.0,62.44775,1.795514,0.1359622,6.277283,0.008995136,5.14383,2.3,0.01170686,0.01978491,-1.18531,-2.189875,0.03194809,0.05807913,2.5
2024_02_11_21_50_52_306,0.8,-0.364885,453394.0,453086.0,62.47888,1.725056,0.1360321,6.27738,0.009239878,5.102939,2.28,0.01667853,-0.01205836,-1.140521,3.689766,0.7346868,-0.1769941,2.5
2024_02_11_21_50_52_343,0.8,-0.3521599,453633.0,453288.0,62.50995,1.645111,0.1359152,6.277506,0.008816298,5.062643,2.35,0.01168578,0.0002579396,-1.061767,1.174927,0.09101629,0.0543911,2.5
2024_02_11_21_50_52_377,0.8,-0.3402261,453856.0,453481.0,62.53607,1.569197,0.1358951,6.277575,0.00874531,5.026804,2.37,0.01143035,0.006288073,-1.048675,0.2160072,0.1097619,0.05003064,2.5
2024_02_11_21_50_52_414,0.8,-0.3281932,454099.0,453694.0,62.56156,1.485229,0.1358987,6.277671,0.008757577,4.988421,2.38,0.01171093,0.005482742,-1.022327,0.3054142,0.1882613,0.0004060566,2.5
2024_02_11_21_50_52_452,0.8,-0.3126059,454350.0,453913.0,62.58452,1.397659,0.1358969,6.277788,0.008751092,4.950313,2.39,0.01191,0.00504995,-0.9834815,0.3516674,0.2485216,0.01973286,2.5
2024_02_11_21_50_52_485,0.8,-0.2999147,454567.0,454103.0,62.60187,1.320633,0.1358959,6.277896,0.008746834,4.918437,2.4,0.01178245,0.004945615,-0.9486351,0.3137588,0.2687573,-0.01075864,2.5
2024_02_11_21_50_52_522,0.8,-0.2871481,454811.0,454318.0,62.61853,1.233344,0.135895,6.278027,0.008743173,4.884105,2.41,0.01142296,0.004658798,-0.907753,0.2279281,0.2104193,-0.05358643,2.5
2024_02_11_21_50_52_560,0.8,-0.2700815,455062.0,454540.0,62.63265,1.142813,0.1358933,6.278171,0.008736739,4.850473,2.42,0.01160081,0.004033903,-0.862911,0.2732277,0.2839714,0.06889738,2.5
2024_02_11_21_50_52_598,0.8,-0.2563915,455306.0,454758.0,62.64356,1.053924,0.1358912,6.278321,0.008728729,4.819388,2.43,0.01115805,0.003752618,-0.8180288,0.2095699,0.2276301,0.01095794,2.5
2024_02_11_21_50_52_635,0.8,-0.2392446,455556.0,454982.0,62.652,0.9619944,0.1358891,6.278483,0.008720516,4.789214,2.43,0.01123543,0.003400697,-0.7706938,0.2315044,0.3036112,-0.0002123415,2.5
2024_02_11_21_50_52_672,0.8,-0.225044,455800.0,455202.0,62.65766,0.8719753,0.1358867,6.278651,0.008711075,4.76159,2.44,0.0107879,0.003049662,-0.7235133,0.1866817,0.2368092,0.04885532,2.5
2024_02_11_21_50_52_710,0.8,-0.2074814,456050.0,455429.0,62.66097,0.7790928,0.1358843,6.278831,0.008702266,4.735054,2.45,0.01096966,0.002726732,-0.6741638,0.235796,0.3300905,-0.0536181,2.5
2024_02_11_21_50_52_748,0.8,-0.1930747,456293.0,455651.0,62.66192,0.6883237,0.1358818,6.279016,0.00869233,4.711046,2.46,0.01026663,0.002325666,-0.6248544,0.1740455,0.248,-0.02042204,2.5
2024_02_11_21_50_52_785,0.8,-0.1744621,456542.0,455880.0,62.66071,0.5948315,0.1358796,6.279213,0.008684207,4.68831,2.46,0.01048471,0.002079573,-0.5726737,0.2028942,0.3475994,-0.03495254,2.5
2024_02_11_21_50_52_822,0.8,-0.1598584,456785.0,456105.0,62.65759,0.5036052,0.1358773,6.279414,0.00867522,4.668092,2.47,0.009852745,0.001751383,-0.5216604,0.1733303,0.2597868,-0.008864328,2.5
2024_02_11_21_50_52_860,0.8,-0.1407282,457033.0,456337.0,62.65255,0.4097636,0.1358757,6.279629,0.008669131,4.649327,2.48,0.009959059,0.001491459,-0.4673141,0.1516342,0.3442764,0.006489455,2.5
2024_02_11_21_50_52_897,0.8,-0.1253622,457275.0,456563.0,62.64603,0.3182908,0.1358741,6.279846,0.008663094,4.633039,2.48,0.009255492,0.001378431,-0.4142806,0.09870528,0.2689064,-0.02038665,2.5
2024_02_11_21_50_52_935,0.8,-0.105999,457522.0,456798.0,62.63786,0.2242713,0.1358728,6.280074,0.008657858,4.618361,2.49,0.00943576,0.0009407944,-0.3592184,0.1416206,0.3581345,0.02153404,2.5
2024_02_11_21_50_52_972,0.8,-0.09134104,457763.0,457027.0,62.62867,0.1326804,0.1358723,6.2803,0.008655529,4.606066,2.49,0.008715665,0.0008155776,-0.3069928,0.1058578,0.26232,-0.02115033,2.5
2024_02_11_21_50_53_006,0.8,-0.07580274,457983.0,457239.0,62.61929,0.04849246,0.1358721,6.280514,0.008654823,4.596488,2.49,0.00827897,0.0007001989,-0.2582303,0.08940696,0.2582073,-0.02852082,2.5
2024_02_11_21_50_53_043,0.8,-0.05660143,458223.0,457470.0,62.60824,-0.04313701,0.1358725,6.280751,0.008655709,4.587969,2.5,0.008304131,0.0005486196,-0.2041601,0.07295609,0.3318488,-0.0133235,2.5
2024_02_11_21_50_53_080,0.8,-0.04052212,458468.0,457708.0,62.59618,-0.1372542,0.1358732,6.280999,0.008657918,4.581276,2.5,0.007718881,0.0004588866,-0.1499208,0.05507469,0.2595186,-0.002428889,2.5
2024_02_11_21_50_53_114,0.8,-0.02450729,458681.0,457916.0,62.58527,-0.2190018,0.1358737,6.281217,0.008659823,4.577137,2.5,0.007302861,0.0002702959,-0.1025736,0.08130073,0.277251,-0.03689714,2.5
2024_02_11_21_50_53_152,0.8,-0.004908415,458925.0,458157.0,62.57235,-0.3131556,0.1358755,6.281472,0.008666423,4.574307,2.5,0.007261954,0.0003736437,-0.04771657,-0.009298325,0.3325939,0.07438287,2.5
2024_02_11_21_50_53_189,0.8,0.01097175,459161.0,458392.0,62.55961,-0.4048302,0.1358791,6.281722,0.008679095,4.573531,2.5,0.00665179,0.0003828381,0.004601553,-0.01430511,0.2768338,0.008864328,2.5
2024_02_11_21_50_53_227,0.8,0.0302763,459404.0,458635.0,62.54654,-0.4989556,0.1358842,6.281983,0.008697728,4.574785,2.5,0.006600717,0.0004407931,0.06021725,-0.06866455,0.3355741,-0.03709272,2.5
2024_02_11_21_50_53_265,0.8,0.04616572,459639.0,458871.0,62.53406,-0.5905721,0.1358898,6.28224,0.008717547,4.578021,2.5,0.005815646,0.0004577393,0.1135633,-0.08845329,0.2796054,-0.03354251,2.5
2024_02_11_21_50_53_298,0.8,0.06109712,459848.0,459083.0,62.52326,-0.6722648,0.1358946,6.282472,0.008735226,4.5826,2.5,0.005413169,0.0003474187,0.1615739,-0.06699562,0.2661347,-0.01825579,2.5
2024_02_11_21_50_53_336,0.8,0.08135298,460087.0,459328.0,62.51138,-0.766323,0.1359004,6.282743,0.008756653,4.589853,2.49,0.005431649,0.0004468593,0.2186603,-0.0667572,0.3644228,-0.02609193,2.5
2024_02_11_21_50_53_373,0.8,0.09657072,460320.0,459567.0,62.5006,-0.8578904,0.1359068,6.283008,0.008779866,4.598979,2.49,0.004534774,0.0006047843,0.2728873,-0.1044273,0.2782494,0.01979805,2.5
2024_02_11_21_50_53_406,0.8,0.1119929,460532.0,459787.0,62.49152,-0.9420102,0.1359134,-0.003900295,0.008803684,4.609155,2.49,0.004026433,0.0005975002,0.3231335,-0.01335144,0.2441704,-0.06060674,2.5
2024_02_11_21_50_53_439,0.8,0.1271739,460738.0,460001.0,62.4836,-1.023622,0.1359202,0.0003046656,0.008828579,4.620636,2.48,0.003759474,0.0009083828,0.370785,-0.1235008,0.2679974,-0.003794208,2.5
2024_02_11_21_50_53_472,0.8,0.1421095,460942.0,460215.0,62.4767,-1.105191,0.1359273,0.0005422196,0.008854721,4.633687,2.48,0.003351602,0.001092518,0.4183975,-0.1568794,0.276655,0.06531179,2.5
2024_02_11_21_50_53_510,0.8,0.1613093,461177.0,460463.0,62.47018,-1.199027,0.1359368,0.0008170578,0.00888965,4.650672,2.47,0.003213849,0.001293282,0.4739574,-0.1370907,0.3497302,0.007407739,2.5
2024_02_11_21_50_53_547,0.8,0.1757186,461404.0,460704.0,62.46547,-1.290272,0.1359461,0.001081776,0.008923715,4.669201,2.47,0.002346216,0.001564795,0.5257046,-0.2002716,0.2639815,0.04564784,2.5
2024_02_11_21_50_53_585,0.8,0.1942893,461637.0,460953.0,62.46251,-1.383812,0.1359564,0.001352353,0.008961393,4.690215,2.46,0.002078561,0.001817371,0.5791172,-0.1866817,0.3342479,-0.03097951,2.5
2024_02_11_21_50_53_619,0.8,0.2087345,461844.0,461175.0,62.4616,-1.467307,0.1359666,0.00159257,0.008998774,4.710721,2.45,0.001508375,0.002194454,0.6260374,-0.2205372,0.3101081,-0.01958199,2.5
2024_02_11_21_50_53_656,0.8,0.2231796,462068.0,461418.0,62.46262,-1.557894,0.1359778,0.001849832,0.009040044,4.734823,2.44,0.0006914996,0.002475029,0.6752515,-0.2439022,0.2569705,0.003397465,2.5
2024_02_11_21_50_53_693,0.8,0.2405394,462290.0,461661.0,62.4659,-1.648118,0.1359898,0.002104962,0.009084375,4.760753,2.44,0.0004411861,0.002752814,0.7247613,-0.2815723,0.3215968,0.03343076,2.5
2024_02_11_21_50_53_731,0.8,0.2543296,462518.0,461910.0,62.47176,-1.740322,0.1360021,0.002361159,0.009129344,4.789232,2.43,-0.0006121844,0.003099654,0.7727175,-0.2343654,0.213325,-0.05417503,2.5
2024_02_11_21_50_53_768,0.8,0.271351,462739.0,462153.0,62.48003,-1.829547,0.1360154,0.002605637,0.009178042,4.818719,2.42,-0.0007654456,0.003543694,0.819531,-0.3299713,0.3071725,-0.001354143,2.5
2024_02_11_21_50_53_806,0.8,0.2845823,462965.0,462402.0,62.4913,-1.92049,0.1360295,0.002851713,0.009230069,4.850756,2.41,-0.001869322,0.003778684,0.8650007,-0.2834797,0.2170801,0.02561882,2.5
2024_02_11_21_50_53_843,0.8,0.3008765,463183.0,462645.0,62.50507,-2.008241,0.1360433,0.003085006,0.009280985,4.883624,2.4,-0.002110901,0.004170486,0.9092872,-0.3159046,0.2705455,0.01012534,2.5
2024_02_11_21_50_53_880,0.8,0.3139051,463407.0,462894.0,62.5222,-2.097422,0.1360577,0.003317233,0.009333931,4.919004,2.38,-0.003052987,0.004735683,0.9519565,-0.3197193,0.1848936,-0.07747486,2.5
2024_02_11_21_50_53_918,0.8,0.3293646,463624.0,463137.0,62.54186,-2.183163,0.1360735,0.003535613,0.009391105,4.955014,2.37,-0.003414141,0.004887903,0.9926556,-0.3118515,0.2511144,-0.00214763,2.5
2024_02_11_21_50_53_956,0.8,0.3412414,463845.0,463387.0,62.56519,-2.269951,0.136089,0.003751329,0.009448774,4.993503,2.36,-0.004371047,0.005551446,1.032047,-0.3294944,0.1711249,-0.01240149,2.5
2024_02_11_21_50_53_993,0.8,0.3558479,464061.0,463629.0,62.59099,-2.353009,0.1361081,0.003954262,0.009519257,5.032427,2.34,-0.004783808,0.006385187,1.071017,-0.4820823,0.2138018,-0.05135685,2.5
2024_02_11_21_50_54_030,0.8,0.3672946,464283.0,463878.0,62.6206,-2.436498,0.1361422,0.004159325,0.009645288,5.073962,2.31,-0.004981596,0.01240542,1.120614,-1.676082,0.3018379,0.02263672,2.5
2024_02_11_21_50_54_068,0.8,0.3809305,464521.0,464119.0,62.65133,-2.514234,0.1362812,0.004367052,0.01015313,5.118842,2.22,-0.009415906,0.008786313,1.243475,-0.6320476,-0.1881122,0.01709163,2.5
2024_02_11_21_50_54_106,0.8,0.3916443,464730.0,464361.0,62.68675,-2.592405,0.1361506,0.004466654,0.009670394,5.162836,2.3,-0.006847157,-0.005228399,1.12418,1.579046,0.1811981,-0.02748333,2.5
2024_02_11_21_50_54_138,0.8,0.4019159,464918.0,464575.0,62.7212,-2.660257,0.1361372,0.004656803,0.009631474,5.200685,2.29,-0.002349027,0.02382997,1.200014,-4.243851,1.008987,0.194814,2.5
2024_02_11_21_50_54_177,0.8,0.4142601,465171.0,464816.0,62.76033,-2.731886,0.1363287,0.004871987,0.01032668,5.251089,2.17,-0.01184156,0.00761328,1.352128,-0.2863407,-0.2744198,-0.01907721,2.5
2024_02_11_21_50_54_214,0.8,0.4234508,465377.0,465056.0,62.80484,-2.803145,0.1361794,0.004935903,0.009776649,5.298381,2.26,-0.008409062,-0.00515675,1.201005,1.586676,0.1922846,-0.04012696,2.5
2024_02_11_21_50_54_252,0.8,0.4349411,465588.0,465294.0,62.85273,-2.871909,0.1361838,0.005143629,0.009808204,5.343781,2.23,-0.0004232787,0.03973976,1.333515,-6.305217,1.484334,0.1696311,2.5
2024_02_11_21_50_54_289,0.8,0.443475,465850.0,465539.0,62.9016,-2.937257,0.1363731,0.005316202,0.01049004,5.399696,2.11,-0.01391828,0.008431387,1.431576,-0.320673,-0.3294348,-0.08061714,2.5
2024_02_11_21_50_54_322,0.8,0.4514823,466028.0,465745.0,62.9475,-2.991373,0.1362286,0.005325257,0.009955282,5.443417,2.2,-0.01088352,-0.009269982,1.266703,2.261877,0.0886917,0.03340468,2.5
2024_02_11_21_50_54_360,0.8,0.4612004,466234.0,465987.0,63.00547,-3.052975,0.1361579,0.005458948,0.009707257,5.491745,2.22,-0.005639831,0.02108257,1.314685,-3.484726,0.8850693,0.1136772,2.5
2024_02_11_21_50_54_397,0.8,0.4681956,466494.0,466225.0,63.06136,-3.10833,0.1363952,0.005677859,0.01057399,5.548223,2.07,-0.01565755,0.01562913,1.556155,-1.334906,-0.3938675,-0.08547678,2.5
2024_02_11_21_50_54_431,0.8,0.475388,466689.0,466435.0,63.11444,-3.155032,0.136303,0.005659217,0.01022435,5.59728,2.13,-0.01504762,-0.0187782,1.336638,3.896951,-0.279367,0.0691507,2.5
2024_02_11_21_50_54_463,0.8,0.48162,466858.0,466641.0,63.17085,-3.199309,0.1361613,0.005698632,0.009713572,5.64068,2.2,-0.01013534,-0.0004929914,1.31271,1.161098,0.2534389,-0.02177059,2.5
2024_02_11_21_50_54_501,0.8,0.4888572,467098.0,466880.0,63.23547,-3.245946,0.1363533,0.00596122,0.01042921,5.69467,2.06,-0.01439577,0.03408753,1.667519,-3.987074,-0.2425909,-0.04035607,2.5
2024_02_11_21_50_54_539,0.8,0.4943319,467345.0,467116.0,63.30014,-3.288136,0.1364052,0.005962285,0.0106043,5.75507,2.04,-0.01779569,-0.00537813,1.468112,2.706051,-0.5111098,-0.1361836,2.5
2024_02_11_21_50_54_576,0.8,0.5003905,467529.0,467343.0,63.36843,-3.325944,0.1361834,0.00592074,0.009792972,5.805984,2.17,-0.01199919,-0.005534404,1.344547,2.040625,0.1357794,-0.01272932,2.5
2024_02_11_21_50_54_610,0.8,0.5047966,467727.0,467559.0,63.43446,-3.358361,0.1362461,0.006110357,0.01004283,5.853431,2.1,-0.003771909,0.04838683,1.580681,-6.66356,1.342416,0.02827868,2.5
2024_02_11_21_50_54_647,0.8,0.5088571,467987.0,467792.0,63.50278,-3.389067,0.1364269,0.006195045,0.01068925,5.915433,1.99,-0.01800862,0.01168168,1.611434,-0.5102158,-0.3649294,0.02360716,2.5
2024_02_11_21_50_54_685,0.8,0.5130806,468188.0,468023.0,63.57554,-3.415433,0.1362367,0.006101835,0.009985058,5.971416,2.11,-0.0151327,-0.01310943,1.382886,3.368377,-0.141263,-0.01826882,2.5
2024_02_11_21_50_54_722,0.8,0.5159494,468380.0,468254.0,63.65188,-3.437959,0.1361206,0.006137521,0.00957072,6.02222,2.17,-0.009175856,0.0137601,1.394129,-1.615524,0.6498098,0.1095552,2.5
2024_02_11_21_50_54_756,0.8,0.5184331,468613.0,468465.0,63.71798,-3.454986,0.136384,0.006369749,0.01053881,6.076089,2.0,-0.01870979,0.02533515,1.744074,-2.292395,-0.513047,-0.07377192,2.5
2024_02_11_21_50_54_793,0.8,0.5208462,468848.0,468697.0,63.79189,-3.469541,0.1363609,0.006296778,0.01043843,6.137629,2.02,-0.01963503,-0.02036898,1.47185,5.275487,-0.5655289,-0.03060885,2.5
2024_02_11_21_50_54_830,0.8,0.5221868,469027.0,468923.0,63.86886,-3.478958,0.1361309,0.006225938,0.009602522,6.189601,2.15,-0.01313453,-0.004870389,1.378513,2.151012,0.08663534,-0.01109391,2.5
2024_02_11_21_50_54_868,0.8,0.5232739,469257.0,469165.0,63.94974,-3.484758,0.1362663,0.006453904,0.01011726,6.245457,2.04,-0.009608069,0.0469461,1.718588,-5.858421,0.5901158,-0.0736732,2.5
2024_02_11_21_50_54_906,0.8,0.5235971,469511.0,469396.0,64.02324,-3.487013,0.1364012,0.006450176,0.01059525,0.02582148,1.97,-0.01938566,0.008549984,1.615318,0.2170801,-0.4395544,0.01726486,2.5
2024_02_11_21_50_54_939,0.8,0.5234339,469684.0,469601.0,64.0921,-3.483964,0.136194,0.006324475,0.009830586,0.07618292,2.1,-0.01562134,-0.0119413,1.404918,3.256082,-0.1273155,0.07405132,2.5
2024_02_11_21_50_54_976,0.8,0.5227203,469875.0,469831.0,64.17092,-3.47596,0.136084,0.006335128,0.009438566,0.1276847,2.15,-0.009363424,0.01743641,1.415226,-2.255678,0.6966292,0.1108088,2.5
2024_02_11_21_50_55_014,0.8,0.5212203,470144.0,470073.0,64.24782,-3.465205,0.1363636,0.006528473,0.01046212,0.1909114,1.98,-0.01958174,0.01884208,1.713242,-1.345754,-0.5092621,-0.01637638,2.5
2024_02_11_21_50_55_048,0.8,0.5194971,470332.0,470273.0,64.31222,-3.451952,0.1362604,0.006412892,0.01006915,0.2428691,2.06,-0.01925343,-0.0226647,1.440663,4.928112,-0.536412,0.04892051,2.5
2024_02_11_21_50_55_084,0.8,0.5172766,470519.0,470507.0,64.38982,-3.430653,0.1360711,0.006352704,0.009386807,0.2959747,2.16,-0.01247485,0.0003603036,1.382073,1.42765,0.1592636,0.08093379,2.5
2024_02_11_21_50_55_121,0.8,0.5139251,470760.0,470744.0,64.46408,-3.406587,0.136281,0.006556703,0.01016747,0.3526345,2.02,-0.01720188,0.03551172,1.741479,-3.700733,-0.4214644,-0.1003891,2.5
2024_02_11_21_50_55_160,0.8,0.5106483,470998.0,470978.0,64.53509,-3.379456,0.1362757,0.006450176,0.01012691,0.4144108,2.04,-0.01987866,-0.02194304,1.460393,5.745887,-0.6510615,-0.1191944,2.5
2024_02_11_21_50_55_197,0.8,0.5059163,471178.0,471205.0,64.6059,-3.346294,0.1360635,0.006356965,0.009357391,0.4660143,2.17,-0.01358018,-0.00426574,1.364282,2.248526,0.028193,0.05993619,2.5
2024_02_11_21_50_55_235,0.8,0.5016802,471403.0,471447.0,64.67838,-3.307743,0.1361674,0.0065077,0.009756412,0.5202251,2.08,-0.008472856,0.04751289,1.635546,-6.072759,0.7368326,-0.009631738,2.5
2024_02_11_21_50_55_272,0.8,0.4956336,471651.0,471680.0,64.74326,-3.269777,0.1362839,0.006464025,0.01016319,0.5809041,2.03,-0.0200953,-0.004542484,1.508264,3.06344,-0.7053613,-0.1234729,2.5
2024_02_11_21_50_55_304,0.8,0.4903617,471814.0,471882.0,64.80064,-3.230527,0.1360744,0.006344715,0.009395964,0.6270061,2.16,-0.01421325,-0.006766794,1.349033,2.610922,-0.06091594,0.07811561,2.5
2024_02_11_21_50_55_343,0.8,0.4847171,472016.0,472122.0,64.86696,-3.17987,0.1360021,0.006347911,0.009141021,0.6780419,2.2,-0.0092635,0.01989586,1.369215,-2.527952,0.6090403,0.1089312,2.5
2024_02_11_21_50_55_380,0.8,0.476871,472272.0,472360.0,64.92705,-3.130297,0.1362467,0.006445915,0.01003374,0.7360029,2.06,-0.01889392,0.01405576,1.572733,-0.4515648,-0.6206632,-0.04406459,2.5
2024_02_11_21_50_55_414,0.8,0.4702396,472452.0,472570.0,64.97922,-3.081466,0.1360889,0.006308496,0.009448074,0.7843499,2.16,-0.01499028,-0.008843401,1.33236,2.814293,-0.1753569,-0.02711639,2.5
2024_02_11_21_50_55_451,0.8,0.463161,472645.0,472804.0,65.0356,-3.022458,0.1359717,0.006263222,0.009024139,0.8326975,2.24,-0.01199352,0.0011931,1.295305,1.405954,0.06717443,-0.007869676,2.5
2024_02_11_21_50_55_488,0.8,0.453606,472872.0,473051.0,65.0912,-2.958506,0.1360882,0.00636389,0.009465903,0.8839724,2.16,-0.00988079,0.04504802,1.528401,-5.664825,0.3482699,0.03322028,2.5
2024_02_11_21_50_55_526,0.8,0.4456166,473108.0,473286.0,65.14027,-2.897145,0.1361382,0.006261092,0.009624775,0.9390125,2.16,-0.01793991,-0.01880861,1.335806,4.634857,-0.590086,-0.03160909,2.5
2024_02_11_21_50_55_560,0.8,0.4368021,473282.0,473500.0,65.1834,-2.83572,0.1359873,0.006167881,0.009079132,0.9824694,2.25,-0.01288408,-0.002983375,1.246475,2.041101,-0.07236004,-0.04436448,2.5
2024_02_11_21_50_55_598,0.8,0.4259779,473489.0,473745.0,65.2296,-2.762676,0.1359262,0.006138054,0.008860097,1.029538,2.29,-0.01107392,0.00772387,1.24145,0.2381801,0.0950694,-0.006016343,2.5
2024_02_11_21_50_55_636,0.8,0.4165744,473730.0,473987.0,65.27105,-2.691094,0.1361233,0.006183327,0.009585033,1.079566,2.17,-0.01703093,0.01948676,1.437777,-1.368761,-0.670731,-0.06648712,2.5
2024_02_11_21_50_55_677,0.8,0.4064241,473955.0,474247.0,65.31223,-2.610179,0.1359872,0.006019809,0.009077965,1.131977,2.27,-0.01300063,-0.00485623,1.188819,2.143145,-0.1103878,-0.06225705,2.5
2024_02_11_21_50_55_710,0.8,0.3942487,474141.0,474467.0,65.34396,-2.538769,0.1359169,0.00596335,0.008824388,1.171755,2.32,-0.01128395,0.003354991,1.161527,0.7793903,0.06228685,0.04418566,2.5
2024_02_11_21_50_55_744,0.8,0.383787,474328.0,474683.0,65.37238,-2.46748,0.1359195,0.005928196,0.008836723,1.210149,2.33,-0.01144343,0.01029953,1.166949,-0.3604889,-0.007688999,0.09069777,2.5
2024_02_11_21_50_55_780,0.8,0.3705074,474537.0,474925.0,65.40099,-2.386348,0.135924,0.005843508,0.008849745,1.252894,2.34,-0.01301713,0.002408696,1.132262,1.019478,-0.2855659,-0.0560414,2.5
2024_02_11_21_50_55_818,0.8,0.3588789,474752.0,475174.0,65.42703,-2.300978,0.1359095,0.005758287,0.008798254,1.295277,2.36,-0.01150949,0.007531755,1.104381,0.02765655,-0.09265541,0.04682131,2.5
2024_02_11_21_50_55_855,0.8,0.3446609,474963.0,475418.0,65.44904,-2.216585,0.1359153,0.005666674,0.0088191,1.335596,2.36,-0.01239364,0.00561636,1.072327,0.380516,-0.2485812,-0.02618693,2.5
2024_02_11_21_50_55_893,0.8,0.332622,475180.0,475668.0,65.46819,-2.128645,0.1359113,0.005559615,0.008803923,1.375608,2.38,-0.0117179,0.005677789,1.034966,0.2753735,-0.1689643,-0.00375323,2.5
2024_02_11_21_50_55_926,0.8,0.3201805,475369.0,475886.0,65.48209,-2.051383,0.1359104,0.005460545,0.008800422,1.409202,2.38,-0.01182117,0.005294731,1.001758,0.2558231,-0.1839399,0.03043562,2.5
2024_02_11_21_50_55_966,0.8,0.3043837,475589.0,476136.0,65.49496,-1.961542,0.1359085,0.005337507,0.008793227,1.446483,2.39,-0.01193913,0.004787819,0.9609399,0.289917,-0.2356768,0.08796714,2.5
2024_02_11_21_50_56_001,0.8,0.2914318,475803.0,476380.0,65.5044,-1.873288,0.1359056,0.005208078,0.008781948,1.481251,2.4,-0.01150885,0.004656327,0.9199232,0.2381801,-0.1979768,0.01473725,2.5
2024_02_11_21_50_56_039,0.8,0.274988,476025.0,476630.0,65.51099,-1.782015,0.1359036,0.005065865,0.008774178,1.515368,2.41,-0.01177943,0.0041132,0.8761318,0.2551079,-0.2743453,-0.01933426,2.5
2024_02_11_21_50_56_072,0.8,0.2613869,476219.0,476848.0,65.51426,-1.702321,0.1359009,0.00493537,0.008764314,1.54363,2.42,-0.01158064,0.003815266,0.8369864,0.2419948,-0.2826154,0.053633,2.5
2024_02_11_21_50_56_109,0.8,0.2480358,476436.0,477092.0,65.51532,-1.612592,0.135898,0.004780907,0.008753279,1.57376,2.43,-0.01098517,0.003437898,0.7924453,0.2360344,-0.2212822,0.0300426,2.5
2024_02_11_21_50_56_143,0.8,0.2338515,476638.0,477316.0,65.51395,-1.529863,0.1358951,0.004630704,0.00874193,1.599948,2.44,-0.01093732,0.003128126,0.7495372,0.2119541,-0.2242774,0.06389618,2.5
2024_02_11_21_50_56_176,0.8,0.2196639,476834.0,477533.0,65.51063,-1.449386,0.1358927,0.004477839,0.008733098,1.623956,2.44,-0.0108075,0.002904171,0.7070206,0.1840591,-0.2410412,0.02213195,2.5
2024_02_11_21_50_56_213,0.8,0.201687,477061.0,477783.0,65.50444,-1.35656,0.1358891,0.004292483,0.008719462,1.649834,2.45,-0.01085754,0.002373737,0.655964,0.2245903,-0.3131032,0.01836568,2.5
2024_02_11_21_50_56_251,0.8,0.1868541,477284.0,478026.0,65.49622,-1.266065,0.1358857,0.004103931,0.008706701,1.673161,2.46,-0.01034842,0.002174113,0.606102,0.1707077,-0.254035,0.02544373,2.5
2024_02_11_21_50_56_290,0.8,0.1689655,477514.0,478275.0,65.4856,-1.173077,0.1358831,0.003902064,0.008696791,1.695169,2.47,-0.01037598,0.001871637,0.5533777,0.1459122,-0.3068745,-0.03163703,2.5
2024_02_11_21_50_56_326,0.8,0.1539184,477739.0,478517.0,65.47337,-1.082534,0.1358803,0.003699131,0.008686376,1.714685,2.47,-0.009740265,0.001690635,0.5027505,0.1375675,-0.2497136,0.03685802,2.5
2024_02_11_21_50_56_363,0.8,0.1348381,477971.0,478765.0,65.45903,-0.9895746,0.1358783,0.003481284,0.008678163,1.732723,2.48,-0.009861814,0.001326656,0.4481089,0.1294613,-0.3310144,0.006241723,2.5
2024_02_11_21_50_56_401,0.8,0.1196121,478198.0,479007.0,65.44353,-0.8991122,0.1358765,0.00326397,0.00867107,1.748315,2.48,-0.009272026,0.00111821,0.395984,0.1327991,-0.2682805,-0.02103858,2.5
2024_02_11_21_50_56_439,0.8,0.1004335,478433.0,479254.0,65.42622,-0.806278,0.1358756,0.003032808,0.008667794,1.76228,2.49,-0.009292179,0.0008669366,0.3405175,0.1399517,-0.3365278,0.006027519,2.5
2024_02_11_21_50_56_476,0.8,0.08489436,478663.0,479495.0,65.40817,-0.715963,0.1358747,0.002802711,0.008664441,1.773872,2.49,-0.008537491,0.0007563188,0.2874772,0.08893012,-0.2686977,0.02489611,2.5
2024_02_11_21_50_56_514,0.8,0.06553102,478900.0,479741.0,65.38865,-0.6232853,0.1358749,0.002560363,0.008664709,1.78372,2.49,-0.008533364,0.0006250318,0.231891,0.06270409,-0.3336668,-0.01317821,2.5
2024_02_11_21_50_56_547,0.8,0.04987478,479107.0,479954.0,65.37102,-0.5428585,0.135875,0.002347843,0.008665204,1.790576,2.5,-0.008235565,0.0004198058,0.1844811,0.09179115,-0.3480911,-0.06696768,2.5
2024_02_11_21_50_56_584,0.8,0.03431557,479339.0,480193.0,65.35057,-0.452723,0.1358755,0.002104962,0.008666508,1.796401,2.5,-0.007524187,0.0003064368,0.1318414,0.07247925,-0.271678,-0.01746975,2.5
2024_02_11_21_50_56_621,0.8,0.01480042,479579.0,480437.0,65.32912,-0.360171,0.1358762,0.001853027,0.008668599,1.800347,2.5,-0.00748806,0.0003531165,0.07737691,-0.003576278,-0.3324151,0.03215298,2.5
2024_02_11_21_50_56_656,0.8,-0.0009114379,479789.0,480649.0,65.31032,-0.2798101,0.1358782,0.001632518,0.008676232,1.802119,2.5,-0.007183141,0.0003234692,0.03089093,0.01978874,-0.3459453,-0.02514943,2.5
2024_02_11_21_50_56_688,0.8,-0.01683553,480005.0,480866.0,65.29083,-0.1970296,0.1358818,0.00140029,0.008689358,1.80232,2.5,-0.006834594,0.0004992799,-0.01834971,-0.0257492,-0.3378391,-0.01374632,2.5
2024_02_11_21_50_56_726,0.8,-0.03239706,480241.0,481102.0,65.26974,-0.1069676,0.1358867,0.001146225,0.008706609,1.800634,2.5,-0.006102343,0.0003374858,-0.07153297,0.003576278,-0.2653003,-0.04866533,2.5
2024_02_11_21_50_56_764,0.8,-0.05171007,480484.0,481343.0,65.24832,-0.01446438,0.1358916,0.0008809737,0.008724219,1.796828,2.5,-0.006082203,0.0003447545,-0.1274429,-0.01716614,-0.3281831,-0.02952851,2.5
2024_02_11_21_50_56_801,0.8,-0.0674649,480722.0,481577.0,65.22795,0.07563782,0.1358969,0.0006194513,0.008743953,1.791088,2.5,-0.005265734,0.0005336055,-0.181344,-0.0963211,-0.2711415,0.03918074,2.5
2024_02_11_21_50_56_839,0.8,-0.08703557,480967.0,481816.0,65.20768,0.1682197,0.1359029,0.0003478088,0.008765377,1.78309,2.49,-0.005234646,0.0005403432,-0.2383899,-0.08201598,-0.3364384,-0.03765523,2.5
2024_02_11_21_50_56_877,0.8,-0.1036991,481206.0,482048.0,65.18877,0.2584257,0.1359092,-0.004823286,0.008788749,1.773241,2.49,-0.004639627,0.0005849019,-0.29194,-0.1115799,-0.337094,-0.003792345,2.5
2024_02_11_21_50_56_909,0.8,-0.1180082,481420.0,482254.0,65.17274,0.3389367,0.1359158,6.283032,0.008812696,1.762832,2.49,-0.004225689,0.0009010189,-0.3395832,-0.1285076,-0.2872646,-0.06436929,2.5
2024_02_11_21_50_56_943,0.8,-0.1329501,481640.0,482466.0,65.15721,0.4219343,0.1359233,6.282786,0.008840028,1.750391,2.48,-0.003493398,0.0009282524,-0.3898976,-0.1268387,-0.2603233,0.06135925,2.5
2024_02_11_21_50_56_982,0.8,-0.1528968,481881.0,482695.0,65.14161,0.5123029,0.1359323,6.282516,0.008872874,1.734901,2.48,-0.003516319,0.001301452,-0.4460757,-0.180006,-0.3617108,-0.03448874,2.5
2024_02_11_21_50_57_018,0.8,-0.1669602,482129.0,482929.0,65.12717,0.6051427,0.1359418,6.282242,0.008907598,1.716892,2.47,-0.002368038,0.001354373,-0.4994336,-0.1261234,-0.2242327,-0.07654727,2.5
2024_02_11_21_50_57_055,0.8,-0.1852495,482371.0,483156.0,65.11485,0.6955605,0.1359515,6.281978,0.008943714,1.697421,2.46,-0.002330793,0.001661065,-0.5514544,-0.2026558,-0.3306716,-0.01155585,2.5
2024_02_11_21_50_57_089,0.8,-0.2000817,482586.0,483357.0,65.10545,0.7761885,0.1359607,6.281744,0.008977312,1.678452,2.46,-0.001944588,0.001958685,-0.5972276,-0.235796,-0.3484636,0.0376422,2.5
2024_02_11_21_50_57_126,0.8,-0.2146007,482835.0,483588.0,65.09663,0.868974,0.1359723,6.281476,0.009019752,1.654755,2.45,-0.0009458889,0.002222278,-0.6486405,-0.2191067,-0.2494752,0.003451481,2.5
2024_02_11_21_50_57_164,0.8,-0.2323546,483078.0,483811.0,65.09025,0.9591976,0.1359836,6.281219,0.009061355,1.629807,2.44,-0.0007630726,0.002595722,-0.6983898,-0.2577305,-0.3286302,-0.01637265,2.5
2024_02_11_21_50_57_207,0.8,-0.2483929,483354.0,484064.0,65.08588,1.061391,0.1359977,6.280932,0.009112811,1.599285,2.43,0.0001614466,0.002971873,-0.7531494,-0.2582073,-0.2463162,-0.01981482,2.5
2024_02_11_21_50_57_243,0.8,-0.2638152,483603.0,484291.0,65.08468,1.153563,0.13601,6.28068,0.009158098,1.56975,2.42,0.0007594507,0.003351316,-0.800243,-0.2646446,-0.2479702,0.002756715,2.5
2024_02_11_21_50_57_280,0.8,-0.2802977,483846.0,484511.0,65.08623,1.242931,0.1360237,6.280437,0.009208479,1.53925,2.41,0.001154723,0.003559842,-0.846586,-0.2942085,-0.298202,0.009818002,2.5
2024_02_11_21_50_57_318,0.8,-0.2933633,484095.0,484736.0,65.09071,1.334228,0.1360376,6.280195,0.009259767,1.506199,2.4,0.00204841,0.004032326,-0.8914187,-0.3080368,-0.2210736,0.04855543,2.5
2024_02_11_21_50_57_355,0.8,-0.3091435,484338.0,484954.0,65.098,1.422532,0.1360511,6.279967,0.009309543,1.472411,2.39,0.002451641,0.004495985,-0.9339377,-0.3452301,-0.2589822,-0.02468563,2.5
2024_02_11_21_50_57_392,0.8,-0.3218277,484587.0,485177.0,65.10861,1.512457,0.1360671,6.279738,0.009367936,1.436089,2.38,0.003505614,0.004840189,-0.9759582,-0.2806187,-0.1779795,-0.0202991,2.5
2024_02_11_21_50_57_426,0.8,-0.3340071,484804.0,485370.0,65.12045,1.589805,0.1360803,6.279548,0.009416603,1.403277,2.37,0.003960925,0.005032344,-1.010659,-0.3149509,-0.1833439,-0.01306273,2.5
2024_02_11_21_50_57_463,0.8,-0.3489993,485047.0,485585.0,65.13669,1.67556,0.1360976,6.27934,0.009480211,1.365133,2.35,0.004340875,0.00603064,-1.050358,-0.4103183,-0.218749,-0.07414259,2.5
2024_02_11_21_50_57_501,0.8,-0.3602896,485295.0,485806.0,65.15666,1.762309,0.1361192,6.279137,0.009559667,1.324466,2.33,0.005358198,0.00683428,-1.089072,-0.5605221,-0.1814961,0.02950243,2.5
2024_02_11_21_50_57_538,0.8,-0.3742708,485537.0,486029.0,65.17914,1.844882,0.1361986,6.278915,0.009856484,1.282832,2.27,0.004878871,0.02410422,-1.203598,-3.554582,-0.3517866,0.05745515,2.5
2024_02_11_21_50_57_576,0.8,-0.3849725,485782.0,486265.0,65.20443,1.92587,0.1362462,6.278779,0.01001543,1.236065,2.25,0.01068593,-0.0165334,-1.1566,3.382444,0.3236532,-0.1166854,2.5
2024_02_11_21_50_57_613,0.8,-0.3983386,486019.0,486467.0,65.23384,2.005151,0.1361271,6.278637,0.00958701,1.194091,2.31,0.005477235,0.0008163285,-1.139297,0.5245209,-0.3995895,0.07855146,2.5
2024_02_11_21_50_57_647,0.8,-0.4083627,486241.0,486679.0,65.26361,2.076715,0.1362503,6.278376,0.01005057,1.15256,2.21,0.006162986,0.03603805,-1.3913,-4.997492,-0.3322363,0.0006649643,2.5
2024_02_11_21_50_57_684,0.8,-0.4179998,486478.0,486915.0,65.29719,2.149908,0.1362925,6.278285,0.01018596,1.102127,2.2,0.01252625,-0.01700464,-1.250012,3.960132,0.3452301,-0.1463145,2.5
2024_02_11_21_50_57_717,0.8,-0.4273131,486694.0,487095.0,65.33288,2.217133,0.1361548,6.278198,0.009688705,1.060894,2.27,0.00766376,-0.001204057,-1.206512,1.062155,-0.2598166,-0.07112138,2.5
2024_02_11_21_50_57_754,0.8,-0.4381896,486934.0,487320.0,65.37502,2.288945,0.1362592,6.277937,0.01008572,1.013609,2.18,0.00610229,0.03997513,-1.465954,-5.55849,-0.551939,-0.06608292,2.5
2024_02_11_21_50_57_793,0.8,-0.4470712,487176.0,487574.0,65.4185,2.35707,0.1363678,6.277844,0.01046799,0.957563,2.12,0.01419925,-0.0004817534,-1.380076,1.363039,0.333786,-0.00936538,2.5
2024_02_11_21_50_57_826,0.8,-0.4546845,487382.0,487745.0,65.46078,2.414897,0.1361986,6.277826,0.009847391,0.9148422,2.21,0.01021736,-0.006514784,-1.263429,1.948595,-0.1615286,0.01272932,2.5
2024_02_11_21_50_57_864,0.8,-0.4641127,487619.0,487951.0,65.51268,2.479132,0.1361751,6.27766,0.009776667,0.8674054,2.2,0.0003811363,0.04157775,-1.372723,-7.30133,-1.875818,0.19636,2.5
2024_02_11_21_50_57_898,0.8,-0.4713608,487838.0,488192.0,65.55961,2.533673,0.1363968,6.277476,0.01058002,0.8144565,2.07,0.01542467,0.01661637,-1.567688,-1.564026,0.3331899,-0.0172779,2.5
2024_02_11_21_50_57_936,0.8,-0.4773495,488066.0,488405.0,65.61315,2.588691,0.1363017,6.277495,0.01021998,0.7608124,2.13,0.01484442,-0.01729827,-1.339722,3.633737,0.2425313,0.004347414,2.5
2024_02_11_21_50_57_971,0.8,-0.4849769,488304.0,488600.0,65.67439,2.644226,0.1361506,6.277444,0.009676287,0.7107178,2.21,0.009752183,0.002424635,-1.321337,0.6661415,-0.3296733,0.04865415,2.5
2024_02_11_21_50_58_004,0.8,-0.4904959,488517.0,488821.0,65.7286,2.689634,0.1363577,6.277192,0.01044539,0.661575,2.06,0.01504021,0.03328466,-1.675914,-3.779649,0.3130436,-0.02428703,2.5
2024_02_11_21_50_58_043,0.8,-0.4969862,488753.0,489068.0,65.78989,2.736337,0.1364087,6.277194,0.01061669,0.6009732,2.03,0.01784797,-0.004865783,-1.474014,2.596617,0.5066991,-0.1900401,2.5
2024_02_11_21_50_58_076,0.8,-0.5017607,488955.0,489231.0,65.8478,2.77441,0.1361986,6.277245,0.009848214,0.5553303,2.15,0.01251952,-0.007282157,-1.348606,2.29907,-0.1124144,0.05125254,2.5
2024_02_11_21_50_58_113,0.8,-0.5059381,489189.0,489444.0,65.91663,2.814958,0.1362483,6.277056,0.01005063,0.5037524,2.09,0.003923724,0.04821236,-1.581305,-6.576299,-1.315474,0.005632638,2.5
2024_02_11_21_50_58_151,0.8,-0.5106565,489429.0,489710.0,65.98416,2.851455,0.1364279,6.276973,0.01069293,0.4400826,1.99,0.01813689,0.01060467,-1.605998,-0.3215074,0.3674626,-0.01110136,2.5
2024_02_11_21_50_58_188,0.8,-0.5139335,489653.0,489904.0,66.05304,2.882239,0.1362291,6.27707,0.009957367,0.3857637,2.11,0.01507769,-0.01294898,-1.382482,3.357887,0.140965,-0.01807883,2.5
2024_02_11_21_50_58_226,0.8,-0.5173746,489891.0,490105.0,66.12941,2.911027,0.1361496,6.277005,0.009682793,0.3332382,2.13,0.005197798,0.03591818,-1.441026,-6.565809,-1.468241,0.2149772,2.5
2024_02_11_21_50_58_263,0.8,-0.5194551,490126.0,490369.0,66.20065,2.934976,0.1364101,6.276817,0.01063104,0.2711045,1.98,0.01892623,0.01689621,-1.689785,-1.184702,0.4573464,-0.09179301,2.5
2024_02_11_21_50_58_301,0.8,-0.5215964,490355.0,490581.0,66.27424,2.954044,0.1362641,6.276927,0.01008337,0.2124659,2.07,0.01730495,-0.01840363,-1.418014,4.115582,0.3072619,0.1055505,2.5
2024_02_11_21_50_58_338,0.8,-0.5227333,490584.0,490766.0,66.3515,2.968733,0.1361062,6.276941,0.009515428,0.1609641,2.16,0.0118671,0.0026704,-1.388209,0.9598731,-0.2125501,-0.01444481,2.5
2024_02_11_21_50_58_371,0.8,-0.5233878,490802.0,490994.0,66.42181,2.979166,0.1363367,6.276704,0.01037005,0.1075102,2.0,0.01732962,0.03477325,-1.767012,-3.746032,0.3874302,-0.06208382,2.5
2024_02_11_21_50_58_409,0.8,-0.5235704,491029.0,491233.0,66.49454,2.986312,0.1363726,6.276771,0.01048489,0.04576856,1.99,0.020343,-0.01009325,-1.526617,3.837943,0.6260276,-0.1341999,2.5
2024_02_11_21_50_58_442,0.8,-0.5231845,491229.0,491392.0,66.56276,2.988065,0.1361437,6.276874,0.009648125,6.281722,2.13,0.01434732,-0.008105386,-1.390229,2.748489,0.01686811,0.08394568,2.5
2024_02_11_21_50_58_476,0.8,-0.5223235,491443.0,491573.0,66.63597,2.986271,0.1360973,6.276822,0.009494506,6.234297,2.13,0.004273297,0.04187052,-1.462905,-7.471561,-1.660406,0.268627,2.5
2024_02_11_21_50_58_514,0.8,-0.5209834,491678.0,491838.0,66.71098,2.981928,0.136365,6.276659,0.01046636,6.171599,1.98,0.01944062,0.01723947,-1.696298,-1.119137,0.4889369,-0.04819408,2.5
2024_02_11_21_50_58_551,0.8,-0.5186633,491908.0,492046.0,66.78665,2.97205,0.1362054,6.276799,0.00987085,6.113123,2.09,0.0170686,-0.01543905,-1.416124,3.765583,0.2751648,0.06891415,2.5
2024_02_11_21_50_58_588,0.8,-0.5162616,492137.0,492232.0,66.86419,2.956758,0.1360573,6.276829,0.009337517,6.061755,2.17,0.01188457,0.003919082,-1.384192,0.7717609,-0.2391338,0.07064641,2.5
2024_02_11_21_50_58_626,0.8,-0.5127437,492380.0,492489.0,66.94139,2.938148,0.1363086,6.276632,0.01026441,6.001679,2.0,0.01909906,0.02604843,-1.730435,-2.161503,0.5813837,-0.07721968,2.5
2024_02_11_21_50_58_663,0.8,-0.5092524,492607.0,492708.0,67.01248,2.916528,0.1362332,6.276759,0.009970422,5.943073,2.07,0.01908675,-0.02180769,-1.42977,4.787683,0.5387664,-0.0661388,2.5
2024_02_11_21_50_58_701,0.8,-0.5043669,492842.0,492896.0,67.08806,2.887667,0.1360482,6.276829,0.0093026,5.890476,2.18,0.01285853,-0.001291776,-1.363635,1.724481,-0.08815526,0.04627369,2.5
2024_02_11_21_50_58_738,0.8,-0.4999692,493078.0,493118.0,67.16124,2.855456,0.1361728,6.276673,0.009775986,5.837356,2.08,0.009717088,0.04616569,-1.647122,-5.806922,-0.5633235,0.03330223,2.5
2024_02_11_21_50_58_776,0.8,-0.4936847,493317.0,493371.0,67.23064,2.821391,0.1362724,6.276733,0.01011955,5.775446,2.04,0.01999236,-0.009495172,-1.485127,3.981352,0.7008314,-0.1518354,2.5
2024_02_11_21_50_58_813,0.8,-0.4883157,493544.0,493553.0,67.29839,2.781687,0.1360518,6.276851,0.009314751,5.724328,2.18,0.01323791,-0.003403351,-1.341637,2.096653,-0.01722574,0.01863018,2.5
2024_02_11_21_50_58_847,0.8,-0.4823335,493760.0,493737.0,67.36086,2.740611,0.1360114,6.276836,0.009176157,5.678647,2.2,0.009011666,0.02336967,-1.375305,-3.288746,-0.6739497,0.1593027,2.5
2024_02_11_21_50_58_885,0.8,-0.4742756,493998.0,493993.0,67.42432,2.69569,0.1362467,6.276754,0.0100323,5.620734,2.06,0.01887783,0.01185428,-1.552055,-0.1251698,0.6245375,-0.0148192,2.5
2024_02_11_21_50_58_922,0.8,-0.4676735,494233.0,494191.0,67.48675,2.644895,0.1360599,6.276899,0.009342721,5.56774,2.18,0.01446531,-0.007605551,-1.313857,2.799034,0.1662969,-0.06313808,2.5
2024_02_11_21_50_58_959,0.8,-0.4583577,494468.0,494386.0,67.54744,2.589539,0.1359652,6.276929,0.009001848,5.519708,2.25,0.01171224,0.004288669,-1.295757,0.8265972,-0.1233816,0.06295927,2.5
2024_02_11_21_50_58_992,0.8,-0.4507188,494682.0,494590.0,67.59947,2.537906,0.1361053,6.276831,0.009527771,5.474653,2.15,0.01144587,0.0427443,-1.536104,-5.100488,-0.0810027,-0.003600493,2.5
2024_02_11_21_50_59_030,0.8,-0.442147,494923.0,494824.0,67.65451,2.478618,0.1361062,6.276958,0.009508035,5.419134,2.18,0.01688032,-0.01571958,-1.309948,3.781795,0.4578829,0.06420724,2.5
2024_02_11_21_50_59_067,0.8,-0.4314589,495157.0,495017.0,67.70655,2.414845,0.1359649,6.27704,0.008998645,5.372469,2.26,0.01217088,-0.0001632501,-1.237754,1.420736,-0.0461936,0.04417263,2.5
2024_02_11_21_50_59_105,0.8,-0.4225054,495403.0,495226.0,67.75806,2.345027,0.1359311,6.277057,0.008880692,5.325527,2.29,0.01026788,0.01448348,-1.2499,-1.230717,-0.2587438,0.07690117,2.5
2024_02_11_21_50_59_143,0.8,-0.4106678,495645.0,495472.0,67.80423,2.277395,0.1361292,6.27705,0.00960205,5.274595,2.18,0.01772512,0.007283453,-1.366385,0.7352828,0.7488131,-0.111226,2.5
2024_02_11_21_50_59_180,0.8,-0.4005686,495885.0,495674.0,67.84802,2.204648,0.1359697,6.277194,0.009014552,5.227725,2.28,0.01262223,-0.00331414,-1.174466,1.953363,0.1059771,0.001195818,2.5
2024_02_11_21_50_59_217,0.8,-0.3876544,496125.0,495877.0,67.88846,2.129374,0.1359072,6.27725,0.008789566,5.184832,2.33,0.01131523,0.005157949,-1.153799,0.525713,0.00423193,-0.04079938,2.5
2024_02_11_21_50_59_251,0.8,-0.3772055,496348.0,496071.0,67.92303,2.058146,0.1359248,6.27729,0.00885573,5.145469,2.33,0.01201112,0.01026708,-1.158869,-0.2877712,0.127852,0.007700175,2.5
2024_02_11_21_50_59_288,0.8,-0.3659825,496591.0,496280.0,67.95756,1.979049,0.1359132,6.277385,0.008810585,5.103337,2.35,0.01230962,0.003692712,-1.11648,0.7300376,0.18543,-0.04836544,2.5
2024_02_11_21_50_59_322,0.8,-0.3547153,496814.0,496472.0,67.98662,1.904499,0.1359102,6.27746,0.008800864,5.06579,2.36,0.01176211,0.007237268,-1.094048,0.1049042,0.1361966,-0.05245953,2.5
2024_02_11_21_50_59_359,0.8,-0.3399428,497057.0,496683.0,68.01518,1.821938,0.1359117,6.277557,0.008805536,5.025943,2.37,0.01215351,0.005611467,-1.05905,0.3399849,0.2392232,-0.0226479,2.5
2024_02_11_21_50_59_397,0.8,-0.3276161,497306.0,496901.0,68.04124,1.735635,0.1359098,6.277666,0.008798334,4.986413,2.38,0.01185923,0.005536864,-1.022089,0.269413,0.1867711,-0.02682209,2.5
2024_02_11_21_50_59_434,0.8,-0.3119427,497549.0,497113.0,68.06348,1.650316,0.1359086,6.27778,0.008793473,4.949316,2.39,0.0120084,0.005148491,-0.9837122,0.2524853,0.2563596,0.03880449,2.5
2024_02_11_21_50_59_471,0.8,-0.2992217,497799.0,497334.0,68.08316,1.561536,0.1359063,6.277908,0.008784691,4.912726,2.4,0.01155999,0.004747825,-0.9425234,0.2434254,0.2020299,-0.01156703,2.5
2024_02_11_21_50_59_509,0.8,-0.2832415,498042.0,497548.0,68.09936,1.47411,0.1359045,6.278039,0.008777933,4.878632,2.41,0.01172464,0.004437333,-0.9012276,0.25177,0.2849847,-0.00725314,2.5
2024_02_11_21_50_59_547,0.8,-0.2696844,498291.0,497771.0,68.11298,1.383466,0.1359014,6.278186,0.008766209,4.845245,2.42,0.01134175,0.003956397,-0.8566626,0.2102852,0.2203733,-0.04291907,2.5
2024_02_11_21_50_59_579,0.8,-0.2560925,498508.0,497964.0,68.12243,1.30413,0.1358987,6.278321,0.00875557,4.81766,2.43,0.0111654,0.003637621,-0.8164412,0.2543926,0.2266168,-0.01229532,2.5
2024_02_11_21_50_59_617,0.8,-0.2390654,498751.0,498183.0,68.13054,1.21461,0.1358961,6.27848,0.008745911,4.788325,2.43,0.01134598,0.003305975,-0.7703556,0.2303123,0.3079623,-0.01526065,2.5
2024_02_11_21_50_59_654,0.8,-0.2232539,499000.0,498409.0,68.13624,1.122152,0.1358927,6.278653,0.008733319,4.76,2.44,0.0111355,0.002904276,-0.7213787,0.2372265,0.2985299,0.01846626,2.5
2024_02_11_21_50_59_693,0.8,-0.2085628,499243.0,498630.0,68.13936,1.031714,0.1358893,6.27883,0.00872021,4.734204,2.45,0.01061864,0.002559434,-0.6734577,0.2059936,0.2568662,0.01787953,2.5
2024_02_11_21_50_59_730,0.8,-0.1905016,499492.0,498858.0,68.14022,0.9384813,0.1358861,6.27902,0.00870866,4.709606,2.46,0.01076694,0.002356798,-0.6221123,0.1821518,0.328809,0.01450814,2.5
2024_02_11_21_50_59_767,0.8,-0.1761386,499735.0,499081.0,68.13895,0.8474447,0.1358833,6.279213,0.008697949,4.687544,2.46,0.01007995,0.002059002,-0.5720251,0.1418591,0.2464801,-0.0012815,2.5
2024_02_11_21_50_59_805,0.8,-0.1573806,499984.0,499312.0,68.13564,0.7537485,0.1358808,6.27942,0.008688315,4.666847,2.47,0.01018362,0.001735613,-0.518894,0.1685619,0.329867,0.0640545,2.5
2024_02_11_21_50_59_838,0.8,-0.1423493,500201.0,499513.0,68.13123,0.6722646,0.1358791,6.279606,0.0086819,4.650494,2.48,0.01001558,0.001439256,-0.4726283,0.1413822,0.3473758,0.03330782,2.5
2024_02_11_21_50_59_876,0.8,-0.1269696,500449.0,499746.0,68.12461,0.578333,0.1358772,6.279827,0.008674386,4.633579,2.48,0.009341732,0.001240403,-0.4188367,0.1268387,0.2633631,-0.005375593,2.5
2024_02_11_21_50_59_914,0.8,-0.1084365,500689.0,499974.0,68.11671,0.4868022,0.1358757,6.280048,0.008668257,4.619093,2.49,0.009349782,0.0009742284,-0.3653951,0.1277924,0.3390312,-0.02084113,2.5
2024_02_11_21_50_59_951,0.8,-0.09244728,500936.0,500210.0,68.10732,0.3927484,0.1358746,6.280284,0.008663773,4.606282,2.49,0.008596747,0.0008238781,-0.3102055,0.07581711,0.2545118,0.005360692,2.5
2024_02_11_21_50_59_988,0.8,-0.07289267,501177.0,500440.0,68.09709,0.3011431,0.1358743,6.280516,0.008662837,4.595823,2.49,0.008762023,0.0006234791,-0.2562737,0.1206398,0.3596544,0.01743808,2.5
2024_02_11_21_51_00_027,0.8,-0.05709918,501423.0,500678.0,68.0857,0.2070484,0.1358744,6.280761,0.008662816,4.587148,2.5,0.008061334,0.0005393212,-0.2015628,0.06341934,0.2723038,-0.04054606,2.5
2024_02_11_21_51_00_059,0.8,-0.04151968,501635.0,500884.0,68.07516,0.1253192,0.1358744,6.280978,0.00866271,4.581325,2.5,0.007737976,0.0004165402,-0.1535023,0.04339218,0.2679527,0.009160489,2.5
2024_02_11_21_51_00_098,0.8,-0.02185016,501874.0,501118.0,68.06293,0.03367047,0.1358754,6.281222,0.008665873,4.57665,2.5,0.007815056,0.000228778,-0.100298,0.06723404,0.3542602,0.005550682,2.5
2024_02_11_21_51_00_131,0.8,-0.008046372,502092.0,501333.0,68.05134,-0.05056292,0.1358767,6.281447,0.008670471,4.574052,2.5,0.007109165,0.0002655722,-0.05345349,0.05722046,0.2812743,0.008786097,2.5
2024_02_11_21_51_00_168,0.8,0.01145665,502329.0,501568.0,68.03857,-0.1422319,0.1358799,6.281699,0.008682156,4.573094,2.5,0.007019923,0.0004826562,0.0005881743,-0.01311302,0.3547072,0.009402633,2.5
2024_02_11_21_51_00_207,0.8,0.02942784,502571.0,501811.0,68.02547,-0.2363462,0.135885,6.281959,0.008700849,4.574188,2.5,0.006647846,0.0003690405,0.05572049,-0.004768372,0.3642142,-0.0293348,2.5
2024_02_11_21_51_00_239,0.8,0.04466121,502781.0,502022.0,68.01424,-0.318052,0.1358897,6.28219,0.008717439,4.576848,2.5,0.00626832,0.0003912079,0.1041246,-0.0462532,0.3494918,-0.006666407,2.5
2024_02_11_21_51_00_272,0.8,0.06029734,502990.0,502233.0,68.00335,-0.3997429,0.1358941,6.282423,0.008733339,4.5811,2.5,0.005853783,0.0003905439,0.1530759,-0.06556511,0.352323,0.01978129,2.5
2024_02_11_21_51_00_309,0.8,0.07559675,503230.0,502478.0,67.99132,-0.4938037,0.1358997,6.28269,0.008754039,4.58796,2.49,0.005013504,0.0005054367,0.2068646,-0.08726119,0.2704859,-0.02602674,2.5
2024_02_11_21_51_00_346,0.8,0.09469154,503462.0,502716.0,67.98034,-0.5853751,0.1359058,6.282954,0.008775788,4.596663,2.49,0.005027672,0.0005487212,0.2618638,-0.1072884,0.3524422,-0.03796071,2.5
2024_02_11_21_51_00_380,0.8,0.1099948,503675.0,502935.0,67.97105,-0.6695039,0.1359123,-0.0007336067,0.008799353,4.606429,2.49,0.004522837,0.0007886812,0.3116117,-0.1504421,0.3372281,-0.01508556,2.5
2024_02_11_21_51_00_417,0.8,0.1251715,503906.0,503176.0,67.96198,-0.7610095,0.1359202,0.0002790993,0.008828324,4.61898,2.48,0.003692472,0.000769357,0.3649767,-0.0860691,0.2555847,0.0002160668,2.5
2024_02_11_21_51_00_451,0.8,0.140984,504117.0,503397.0,67.95475,-0.845048,0.1359274,0.0005246427,0.008855514,4.632276,2.48,0.003318686,0.001096475,0.4148915,-0.1404285,0.2679303,0.0538174,2.5
2024_02_11_21_51_00_484,0.8,0.156057,504321.0,503612.0,67.94888,-0.9265515,0.135935,0.0007627293,0.008883067,4.646783,2.47,0.002888562,0.001265102,0.4625169,-0.1602173,0.2735257,0.01513772,2.5
2024_02_11_21_51_00_521,0.8,0.1746044,504548.0,503853.0,67.94378,-1.017823,0.1359446,0.001029045,0.008918011,4.664913,2.47,0.00287893,0.001567957,0.5163156,-0.1988411,0.3578514,0.06453507,2.5
2024_02_11_21_51_00_556,0.8,0.189215,504756.0,504075.0,67.94065,-1.101554,0.1359537,0.00127086,0.008951395,4.683288,2.46,0.002134075,0.001636584,0.5633648,-0.1397133,0.3235787,-0.05019828,2.5
2024_02_11_21_51_00_592,0.8,0.2038039,504982.0,504318.0,67.93909,-1.19248,0.1359645,0.001533448,0.00899078,4.705116,2.45,0.001349567,0.002024977,0.6144413,-0.1788139,0.2405792,-0.07667206,2.5
2024_02_11_21_51_00_626,0.8,0.2182623,505188.0,504541.0,67.93946,-1.275796,0.1359748,0.001771535,0.009028812,4.726828,2.45,0.0008054175,0.002259005,0.6604217,-0.2040863,0.2462715,0.011269,2.5
2024_02_11_21_51_00_664,0.8,0.235814,505411.0,504784.0,67.942,-1.366139,0.1359864,0.002027731,0.009072174,4.752212,2.44,0.0005121632,0.002668101,0.7099625,-0.2362728,0.3074706,-0.05033612,2.5
2024_02_11_21_51_00_701,0.8,0.250032,505639.0,505033.0,67.94706,-1.45849,0.135999,0.00228659,0.009117879,4.780152,2.43,-0.0002825893,0.003139114,0.7591425,-0.2734661,0.2435744,0.026213,2.5
2024_02_11_21_51_00_738,0.8,0.2668331,505860.0,505276.0,67.95452,-1.547883,0.1360117,0.002533199,0.009164443,4.809144,2.42,-0.000699088,0.00333263,0.8061814,-0.2799034,0.2961755,-0.008836389,2.5
2024_02_11_21_51_00_771,0.8,0.2800307,506056.0,505492.0,67.96338,-1.627097,0.1360236,0.002748382,0.009208092,4.836429,2.41,-0.001143078,0.003705107,0.8465744,-0.2837181,0.2863407,-0.005019828,2.5
2024_02_11_21_51_00_809,0.8,0.2931246,506281.0,505742.0,67.97626,-1.717593,0.1360374,0.002989665,0.00925912,4.86947,2.4,-0.00213223,0.004117411,0.8910976,-0.3032684,0.2142191,0.03313832,2.5
2024_02_11_21_51_00_842,0.8,0.3061249,506476.0,505958.0,67.98988,-1.795435,0.1360507,0.003194728,0.009307595,4.899551,2.39,-0.002707574,0.004045694,0.9292426,-0.2121925,0.1789927,-0.04338286,2.5
2024_02_11_21_51_00_879,0.8,0.3220482,506699.0,506208.0,68.00841,-1.884116,0.1360653,0.003424825,0.009361709,4.935703,2.38,-0.00310398,0.005117235,0.9728161,-0.380516,0.2331138,-0.06632321,2.5
2024_02_11_21_51_00_916,0.8,0.3338719,506915.0,506451.0,68.02948,-1.969301,0.1360802,0.003637878,0.009415617,4.972428,2.37,-0.004089346,0.005011527,1.010803,-0.3004074,0.1820922,0.02120994,2.5
2024_02_11_21_51_00_955,0.8,0.3490752,507136.0,506700.0,68.05428,-2.055435,0.1360984,0.003851464,0.009483178,5.011641,2.35,-0.004263282,0.00626426,1.052067,-0.521183,0.2436638,0.03280863,2.5
2024_02_11_21_51_00_988,0.8,0.3608693,507327.0,506917.0,68.0784,-2.128881,0.1361187,0.004029363,0.009558007,5.046942,2.33,-0.005001143,0.006721417,1.086345,-0.4765987,0.2066493,-0.02426654,2.5
2024_02_11_21_51_01_025,0.8,0.3717714,507544.0,507158.0,68.10823,-2.209436,0.1361594,0.0042291,0.009710082,5.08796,2.3,-0.004353477,0.01677174,1.143581,-2.587557,0.4473924,0.0802651,2.5
2024_02_11_21_51_01_063,0.8,0.385399,507789.0,507405.0,68.14065,-2.288241,0.1362897,0.004422978,0.01018192,5.134892,2.21,-0.01019192,0.001986904,1.229243,0.680685,-0.2633333,-0.03512017,2.5
2024_02_11_21_51_01_101,0.8,0.3958341,507990.0,507641.0,68.17643,-2.363912,0.1361465,0.004524711,0.009656568,5.177557,2.3,-0.006329874,-0.002990228,1.134202,1.151323,0.2818108,0.07274374,2.5
2024_02_11_21_51_01_134,0.8,0.4057898,508185.0,507861.0,68.21294,-2.433125,0.1361529,0.004731372,0.009691506,5.217053,2.27,-0.001021169,0.03223727,1.237604,-5.61881,1.240551,0.1340806,2.5
2024_02_11_21_51_01_172,0.8,0.4179454,508438.0,508102.0,68.25297,-2.503755,0.1363344,0.004925783,0.01034758,5.268205,2.16,-0.01216755,0.006231742,1.352531,-0.01358986,-0.2998114,-0.1035929,2.5
2024_02_11_21_51_01_208,0.8,0.4273351,508642.0,508341.0,68.29868,-2.574156,0.1361789,0.004988633,0.009775213,5.315617,2.25,-0.008311233,-0.00412214,1.209719,1.356363,0.2822876,0.08590519,2.5
2024_02_11_21_51_01_246,0.8,0.4383543,508852.0,508580.0,68.34772,-2.641991,0.136181,0.005191034,0.009797934,5.361293,2.22,-0.0004841238,0.0393398,1.336624,-6.230354,1.500428,0.2264883,2.5
2024_02_11_21_51_01_284,0.8,0.4468915,509116.0,508825.0,68.39764,-2.706384,0.1363791,0.005367868,0.01051268,5.417649,2.11,-0.01408817,0.01002825,1.452605,-0.5791187,-0.3237128,-0.04565902,2.5
2024_02_11_21_51_01_317,0.8,0.4545526,509295.0,509030.0,68.44417,-2.759368,0.136244,0.005371063,0.01001082,5.462008,2.19,-0.01169628,-0.01125724,1.276239,2.741575,-0.01424551,0.09122863,2.5
2024_02_11_21_51_01_355,0.8,0.4642302,509498.0,509271.0,68.50311,-2.819697,0.1361453,0.005482384,0.009658077,5.510448,2.23,-0.0076681,0.008377047,1.294985,-0.7321834,0.5384684,0.1100544,2.5
2024_02_11_21_51_01_392,0.8,0.4713577,509755.0,509511.0,68.56054,-2.874324,0.1363867,0.005726862,0.01054457,5.566108,2.07,-0.0157613,0.01980064,1.595106,-1.941442,-0.4137754,-0.002171844,2.5
2024_02_11_21_51_01_425,0.8,0.4778298,509956.0,509715.0,68.61225,-2.918562,0.1363633,0.005723666,0.01044624,5.615477,2.09,-0.01659607,-0.01786316,1.381153,4.667997,-0.4788637,-0.1586731,2.5
2024_02_11_21_51_01_459,0.8,0.4841063,510126.0,509926.0,68.67056,-2.962627,0.1361808,0.005729525,0.009784158,5.660727,2.19,-0.01084336,-0.003262101,1.317013,1.658916,0.1911521,0.02729893,2.5
2024_02_11_21_51_01_497,0.8,0.4903678,510351.0,510163.0,68.73689,-3.008133,0.1362957,0.005970275,0.01022204,5.712504,2.09,-0.008386374,0.04340462,1.6198,-5.706787,0.5915165,0.01624599,2.5
2024_02_11_21_51_01_529,0.8,0.4957028,510586.0,510377.0,68.79543,-3.045297,0.1364257,0.006019809,0.01068389,5.768263,2.02,-0.01719217,0.009836763,1.564512,-0.3230571,-0.3485679,0.03037229,2.5
2024_02_11_21_51_01_567,0.8,0.5017449,510780.0,510603.0,68.86262,-3.08158,0.1362361,0.0059511,0.00998314,5.821377,2.13,-0.01383846,-0.01118582,1.359324,2.919197,-0.03135204,-0.01154095,2.5
2024_02_11_21_51_01_601,0.8,0.5059853,510952.0,510810.0,68.92728,-3.112013,0.1361387,0.0060017,0.009635993,5.866053,2.18,-0.0089277,0.0124709,1.3751,-1.417875,0.6324052,0.1016594,2.5
2024_02_11_21_51_01_637,0.8,0.5098287,511220.0,511052.0,68.9996,-3.143048,0.1364086,0.006234993,0.0106256,5.927606,2.0,-0.01825379,0.01970579,1.691913,-1.680612,-0.4608333,-0.07159263,2.5
2024_02_11_21_51_01_670,0.8,0.5131755,511420.0,511254.0,69.06158,-3.165382,0.1363702,0.006180132,0.01047235,5.979754,2.03,-0.01907628,-0.0194344,1.454991,5.140781,-0.5738437,-0.1639221,2.5
2024_02_11_21_51_01_709,0.8,0.5167034,511605.0,511487.0,69.13852,-3.187423,0.1361434,0.006128466,0.009648858,6.032613,2.16,-0.01222344,-0.003119201,1.369424,1.840353,0.1622438,0.0929255,2.5
2024_02_11_21_51_01_742,0.8,0.5189933,511804.0,511696.0,69.20737,-3.203635,0.1362548,0.006337258,0.01007557,6.080327,2.06,-0.006311407,0.04911056,1.664145,-6.42538,1.044154,-0.01860783,2.5
2024_02_11_21_51_01_780,0.8,0.5208502,512068.0,511935.0,69.28187,-3.218348,0.136418,0.006374542,0.01065684,6.145363,1.97,-0.01895886,0.01022484,1.623388,-0.1353025,-0.4090368,-0.01403689,2.5
2024_02_11_21_51_01_812,0.8,0.5222319,512240.0,512133.0,69.34801,-3.226403,0.1362335,0.006263222,0.009973072,6.194625,2.09,-0.01617952,-0.01442088,1.407876,3.674507,-0.2336204,-0.01388416,2.5
2024_02_11_21_51_01_850,0.8,0.5232692,512428.0,512363.0,69.42682,-3.231429,0.1361009,0.006266418,0.009497802,6.246071,2.16,-0.01091936,0.007837132,1.397677,-0.1652241,0.3936886,0.06555207,2.5
2024_02_11_21_51_01_883,0.8,0.5235927,512664.0,512581.0,69.49716,-3.233274,0.1363599,0.006492787,0.01045202,0.01798326,1.99,-0.01893095,0.02801942,1.763351,-2.570748,-0.5224943,-0.1056865,2.5
2024_02_11_21_51_01_921,0.8,0.5234306,512893.0,512806.0,69.57028,-3.231103,0.1363355,0.006402772,0.01034534,0.07849401,2.02,-0.02013744,-0.0214203,1.480978,5.633592,-0.6382167,-0.09464844,2.5
2024_02_11_21_51_01_959,0.8,0.5225645,513076.0,513039.0,69.6495,-3.222899,0.1361009,0.00631542,0.009494262,0.1320901,2.15,-0.01319444,-0.003596123,1.382759,2.124548,0.06204843,-0.008702278,2.5
2024_02_11_21_51_01_996,0.8,0.5213518,513299.0,513274.0,69.72765,-3.210784,0.1362301,0.006518885,0.009985534,0.186303,2.05,-0.008818523,0.04869556,1.702965,-6.318569,0.7361173,-0.02885237,2.5
2024_02_11_21_51_02_034,0.8,0.5191756,513559.0,513511.0,69.80199,-3.196112,0.1363643,0.006499178,0.01045908,0.25111,1.98,-0.01982674,0.004653745,1.586951,1.084328,-0.5384684,-0.01929887,2.5
2024_02_11_21_51_02_071,0.8,0.5168989,513742.0,513735.0,69.87535,-3.175564,0.1361278,0.006364955,0.009590784,0.3047434,2.13,-0.01438597,-0.007123305,1.388851,2.554893,-0.01227856,0.007454305,2.5
2024_02_11_21_51_02_109,0.8,0.5134205,513947.0,513974.0,69.95293,-3.148972,0.1360849,0.006411827,0.009450464,0.3576173,2.13,-0.003825935,0.04464667,1.465377,-7.771968,1.813888,0.3284979,2.5
2024_02_11_21_51_02_146,0.8,0.5101358,514209.0,514210.0,70.02332,-3.121919,0.1363314,0.006530071,0.01034306,0.4194729,2.0,-0.0194108,0.01424784,1.646909,-0.5913973,-0.512898,-0.001721084,2.5
2024_02_11_21_51_02_184,0.8,0.5051858,514409.0,514441.0,70.09365,-3.088858,0.1361409,0.006381999,0.009636918,0.4759015,2.12,-0.01582377,-0.01147831,1.384237,3.324032,-0.1952052,0.08337013,2.5
2024_02_11_21_51_02_218,0.8,0.5009471,514577.0,514647.0,70.15629,-3.054828,0.1360278,0.006356965,0.009229258,0.5210049,2.19,-0.01237865,0.001737719,1.36095,1.318931,0.1184344,0.04493445,2.5
2024_02_11_21_51_02_254,0.8,0.4961066,514817.0,514885.0,70.22421,-3.01423,0.1362351,0.006529006,0.00999906,0.5765371,2.05,-0.01705099,0.0340468,1.694006,-3.479242,-0.4625916,-0.05659461,2.5
2024_02_11_21_51_02_289,0.8,0.4908997,515030.0,515096.0,70.2819,-2.975976,0.1362376,0.006423545,0.009988287,0.6304693,2.07,-0.01949685,-0.02042135,1.433714,5.560159,-0.6505846,-0.145629,2.5
2024_02_11_21_51_02_326,0.8,0.4834737,515213.0,515325.0,70.34475,-2.92783,0.1360362,0.006325007,0.009258375,0.6808973,2.19,-0.01323941,-0.002940193,1.332234,2.111673,0.002861023,0.05037151,2.5
2024_02_11_21_51_02_364,0.8,0.4772657,515424.0,515568.0,70.40859,-2.873403,0.1360392,0.006376673,0.009285701,0.7319965,2.17,-0.003593887,0.04738842,1.439789,-7.241487,1.578331,0.1616478,2.5
2024_02_11_21_51_02_401,0.8,0.4694746,515679.0,515805.0,70.46568,-2.821011,0.1362364,0.006400642,0.009992856,0.7901961,2.07,-0.01899474,0.005069493,1.496655,1.144886,-0.6472468,-0.0578165,2.5
2024_02_11_21_51_02_436,0.8,0.4627235,515851.0,516015.0,70.51582,-2.768443,0.1360485,0.006270146,0.009301036,0.8365782,2.19,-0.01397427,-0.006816727,1.302992,2.640009,-0.1040101,0.1012701,2.5
2024_02_11_21_51_02_472,0.8,0.454892,516047.0,516251.0,70.56962,-2.7059,0.1359552,0.006239254,0.008964831,0.8842393,2.26,-0.01142236,0.00388342,1.284486,0.7829666,0.1772642,0.07679686,2.5
2024_02_11_21_51_02_507,0.8,0.4459453,516252.0,516466.0,70.61523,-2.648189,0.1361024,0.006336725,0.009516552,0.9291119,2.16,-0.0122949,0.04070655,1.527549,-4.803419,-0.04953146,-0.061322,2.5
2024_02_11_21_51_02_538,0.8,0.4365535,516465.0,516682.0,70.65805,-2.589604,0.1361234,0.006224873,0.009571118,0.9787474,2.17,-0.01764964,-0.01766508,1.317069,4.167318,-0.5562305,0.01931749,2.5
2024_02_11_21_51_02_580,0.8,0.4264764,516678.0,516941.0,70.70714,-2.512588,0.1359607,0.00612314,0.008983376,1.030183,2.27,-0.01207472,-0.0001364148,1.225751,1.500845,0.033319,0.1024008,2.5
2024_02_11_21_51_02_612,0.8,0.4164479,516866.0,517162.0,70.74573,-2.445024,0.1359253,0.006099704,0.008857514,1.071775,2.3,-0.01107429,0.00905652,1.228243,-0.08487701,0.09512901,0.03366545,2.5
2024_02_11_21_51_02_651,0.8,0.4067766,517113.0,517411.0,70.78521,-2.369592,0.1361173,0.006118879,0.009561267,1.122384,2.18,-0.0169359,0.01525136,1.388835,-0.693798,-0.6670355,-0.05805306,2.5
2024_02_11_21_51_02_688,0.8,0.394012,517314.0,517646.0,70.81964,-2.294595,0.1359812,0.005964416,0.009055978,1.168421,2.28,-0.0130585,-0.004407984,1.16787,2.075672,-0.1689195,0.004053116,2.5
2024_02_11_21_51_02_724,0.8,0.3836909,517517.0,517885.0,70.8514,-2.215236,0.1359093,0.005899967,0.008796124,1.210857,2.33,-0.01128281,0.003741323,1.137936,0.7514953,0.02557039,0.02257526,2.5
2024_02_11_21_51_02_763,0.8,0.3699149,517733.0,518134.0,70.88075,-2.131511,0.1359187,0.005847237,0.008832534,1.254167,2.34,-0.01220665,0.008060031,1.136849,0.09751319,-0.1663565,0.03306754,2.5
2024_02_11_21_51_02_800,0.8,0.3586759,517941.0,518377.0,70.90599,-2.048533,0.135908,0.005754026,0.008792346,1.295534,2.35,-0.01198806,0.005593368,1.101011,0.3800392,-0.1543164,-0.0428278,2.5
2024_02_11_21_51_02_839,0.8,0.3439866,518157.0,518626.0,70.92853,-1.961771,0.13591,0.005661881,0.008799542,1.336812,2.36,-0.01219055,0.006230784,1.070679,0.2732277,-0.2233684,0.02771057,2.5
2024_02_11_21_51_02_875,0.8,0.3321535,518369.0,518869.0,70.94715,-1.876129,0.1359091,0.00555855,0.008795888,1.37575,2.37,-0.01187841,0.005692285,1.03479,0.2541542,-0.1760572,0.03447384,2.5
2024_02_11_21_51_02_913,0.8,0.3164957,518588.0,519119.0,70.96291,-1.787097,0.1359077,0.005442969,0.008790203,1.41432,2.39,-0.01193535,0.005296162,0.9956027,0.2822876,-0.2441108,0.0236351,2.5
2024_02_11_21_51_02_950,0.8,0.3040525,518801.0,519361.0,70.97508,-1.699513,0.1359059,0.005322061,0.008783291,1.450418,2.4,-0.01165182,0.004856139,0.956535,0.246048,-0.1978725,0.02660043,2.5
2024_02_11_21_51_02_988,0.8,0.2877554,519022.0,519611.0,70.98438,-1.608796,0.1359036,0.005189436,0.008774791,1.485945,2.41,-0.01181822,0.004503058,0.9142602,0.2510548,-0.2683103,0.04594028,2.5
2024_02_11_21_51_03_026,0.8,0.2742367,519238.0,519854.0,70.99041,-1.519851,0.1359012,0.005049353,0.008765348,1.518966,2.41,-0.01154042,0.00395202,0.8712862,0.2644062,-0.2219081,0.06089173,2.5
2024_02_11_21_51_03_063,0.8,0.257766,519461.0,520103.0,70.99367,-1.42799,0.1358984,0.004896488,0.008754738,1.551193,2.42,-0.01147519,0.003823585,0.8257644,0.2441406,-0.2948791,-0.04600733,2.5
2024_02_11_21_51_03_096,0.8,0.2438302,519656.0,520320.0,70.99414,-1.347891,0.1358957,0.004756405,0.008744447,1.577755,2.43,-0.01139586,0.0034843,0.7847418,0.2303123,-0.3142208,-0.03843382,2.5
2024_02_11_21_51_03_134,0.8,0.2301359,519881.0,520569.0,70.9921,-1.255377,0.1358933,0.004587561,0.008735147,1.606654,2.44,-0.01083821,0.003122061,0.7376699,0.1959801,-0.2320707,-0.05104579,2.5
2024_02_11_21_51_03_167,0.8,0.2155679,520078.0,520786.0,70.98826,-1.174855,0.1358903,0.0044315,0.008724039,1.630248,2.45,-0.01060907,0.002724085,0.6940926,0.2014637,-0.2360344,0.03324263,2.5
2024_02_11_21_51_03_205,0.8,0.1975599,520299.0,521029.0,70.98174,-1.08443,0.135887,0.00424934,0.008711627,1.654992,2.45,-0.01083658,0.002356696,0.6443739,0.2150535,-0.3366172,-0.02015941,2.5
2024_02_11_21_51_03_241,0.8,0.1832201,520528.0,521278.0,70.97277,-0.9914719,0.1358843,0.004054929,0.008701247,1.678489,2.46,-0.01010673,0.002202042,0.5937316,0.09036063,-0.230968,0.05578436,2.5
2024_02_11_21_51_03_280,0.8,0.1647934,520752.0,521521.0,70.96201,-0.9009297,0.1358819,0.003856257,0.008692108,1.69947,2.47,-0.01033839,0.001795355,0.5417762,0.2110004,-0.3346502,-0.03903918,2.5
2024_02_11_21_51_03_313,0.8,0.1496767,520959.0,521744.0,70.95051,-0.8177299,0.1358792,0.003665575,0.008682425,1.717056,2.47,-0.01007424,0.001606436,0.4932939,0.1521111,-0.3114045,-0.01255982,2.5
2024_02_11_21_51_03_346,0.8,0.1340843,521161.0,521960.0,70.93797,-0.7370024,0.1358775,0.003478088,0.008675606,1.732567,2.48,-0.009898862,0.001328789,0.4471745,0.1485348,-0.3580451,-0.001326203,2.5
2024_02_11_21_51_03_383,0.8,0.1189289,521388.0,522201.0,70.9225,-0.6465343,0.1358756,0.003259177,0.008668198,1.748111,2.48,-0.00929938,0.001056244,0.3944147,0.1564026,-0.2740026,0.04404038,2.5
2024_02_11_21_51_03_417,0.8,0.1038411,521598.0,522422.0,70.90707,-0.5634621,0.1358751,0.003053048,0.008666133,1.760659,2.49,-0.008818322,0.0009723365,0.3456945,0.09489059,-0.2546906,0.02092495,2.5
2024_02_11_21_51_03_455,0.8,0.08432036,521828.0,522662.0,70.88918,-0.4731353,0.1358743,0.002823483,0.008662842,1.772432,2.49,-0.009070678,0.0006946215,0.291753,0.1249313,-0.3601312,-0.02481043,2.5
2024_02_11_21_51_03_488,0.8,0.06878112,522039.0,522883.0,70.87185,-0.3901955,0.1358745,0.002607767,0.008662926,1.7815,2.49,-0.008641221,0.0005699131,0.2425496,0.07724762,-0.3427863,0.0439845,2.5
2024_02_11_21_51_03_525,0.8,0.05355705,522271.0,523122.0,70.85221,-0.3000013,0.1358746,0.002369681,0.008663585,1.789465,2.5,-0.007921034,0.0004982156,0.1897458,0.09107589,-0.2616644,-0.002082437,2.5
2024_02_11_21_51_03_563,0.8,0.03385193,522510.0,523367.0,70.83134,-0.2074186,0.1358749,0.002119876,0.008664597,1.795599,2.5,-0.00785445,0.0003065721,0.1346145,0.02598762,-0.3277063,0.06639771,2.5
2024_02_11_21_51_03_600,0.8,0.01790586,522744.0,523605.0,70.81049,-0.1172924,0.1358756,0.001875398,0.008666329,1.799586,2.5,-0.007269814,0.0003360682,0.08237656,0.03385544,-0.2736449,0.05836598,2.5
2024_02_11_21_51_03_638,0.8,-0.001565583,522984.0,523849.0,70.78889,-0.02474888,0.1358782,0.001620267,0.008675913,1.801666,2.5,-0.007156554,0.0003232483,0.02813192,0.03504753,-0.3314614,-0.08253007,2.5
2024_02_11_21_51_03_676,0.8,-0.01375885,523220.0,524085.0,70.76773,0.06534296,0.135882,0.001375789,0.008689319,1.801745,2.5,-0.005972601,0.0004743708,-0.02044649,-0.005960464,-0.1894235,-0.06000511,2.5
2024_02_11_21_51_03_713,0.8,-0.03683959,523463.0,524328.0,70.74612,0.1578479,0.1358872,0.001107875,0.008708335,1.799819,2.5,-0.006454483,0.0004061642,-0.07942092,-0.01907349,-0.3445148,-0.02569519,2.5
2024_02_11_21_51_03_750,0.8,-0.05230324,523699.0,524562.0,70.72538,0.2479238,0.1358921,0.0008495484,0.008726463,1.795847,2.5,-0.005654103,0.0003408464,-0.1334853,-0.05197525,-0.2658963,0.0008810311,2.5
2024_02_11_21_51_03_783,0.8,-0.06820803,523912.0,524771.0,70.70724,0.3282912,0.1358967,0.0006151902,0.008743269,1.790597,2.5,-0.005459758,0.0004420616,-0.1826107,-0.05865097,-0.2830029,0.05063787,2.5
2024_02_11_21_51_03_821,0.8,-0.08731624,524157.0,525010.0,70.68701,0.4208809,0.1359029,0.000344613,0.008765414,1.782556,2.49,-0.005173621,0.0005806418,-0.2390288,-0.1096725,-0.3487765,0.01965463,2.5
2024_02_11_21_51_03_854,0.8,-0.102727,524369.0,525217.0,70.67014,0.5013375,0.1359085,0.0001075917,0.008786014,1.773845,2.49,-0.004801007,0.0005433536,-0.2877372,-0.07200241,-0.3430843,-0.03014318,2.5
2024_02_11_21_51_03_892,0.8,-0.1183261,524616.0,525454.0,70.6517,0.594049,0.1359162,6.283019,0.008814326,1.761829,2.49,-0.003869936,0.0008556669,-0.3430972,-0.1027584,-0.2539754,-0.07212535,2.5
2024_02_11_21_51_03_929,0.8,-0.1370493,524856.0,525684.0,70.63494,0.6843775,0.1359243,6.282752,0.008843446,1.748094,2.48,-0.003787426,0.00100364,-0.3976369,-0.1583099,-0.3436207,0.03404357,2.5
2024_02_11_21_51_03_968,0.8,-0.1525294,525104.0,525919.0,70.61918,0.7771991,0.1359335,6.282477,0.008877278,1.731922,2.47,-0.00302424,0.001237769,-0.4520567,-0.1485348,-0.2637804,0.05002506,2.5
2024_02_11_21_51_04_004,0.8,-0.1710462,525344.0,526147.0,70.60538,0.8676094,0.1359426,6.28221,0.008910266,1.71417,2.47,-0.002889591,0.001427532,-0.5057886,-0.1940727,-0.3436953,0.06042793,2.5
2024_02_11_21_51_04_038,0.8,-0.1859132,525566.0,526355.0,70.59423,0.9507058,0.1359517,6.281967,0.008943783,1.696149,2.46,-0.002386624,0.001706876,-0.5537653,-0.1986027,-0.3285557,0.06056577,2.5
2024_02_11_21_51_04_075,0.8,-0.2006706,525809.0,526581.0,70.58392,1.041107,0.1359623,6.281704,0.008983424,1.674688,2.46,-0.001497043,0.002020752,-0.6046412,-0.1852512,-0.2445131,-0.03445894,2.5
2024_02_11_21_51_04_109,0.8,-0.2149552,526026.0,526781.0,70.57645,1.121678,0.1359722,6.281473,0.009019324,1.653971,2.45,-0.000898445,0.002230209,-0.6492649,-0.2052784,-0.2563447,0.003505498,2.5
2024_02_11_21_51_04_146,0.8,-0.2327678,526275.0,527011.0,70.57002,1.214341,0.1359843,6.281209,0.009063593,1.628288,2.44,-0.0007171761,0.002580714,-0.7008022,-0.2470016,-0.3109127,-0.03911182,2.5
2024_02_11_21_51_04_183,0.8,-0.246699,526518.0,527233.0,70.56615,1.304383,0.135996,6.280956,0.009106573,1.601458,2.43,0.0002020891,0.002889616,-0.7483141,-0.1814365,-0.2386123,0.03001094,2.5
2024_02_11_21_51_04_217,0.8,-0.2600676,526741.0,527436.0,70.56478,1.386894,0.1360078,6.280729,0.00914957,1.575249,2.42,0.0008905013,0.003133549,-0.7909718,-0.2398491,-0.2111494,-0.02784841,2.5
2024_02_11_21_51_04_254,0.8,-0.2773194,526984.0,527657.0,70.56581,1.476343,0.1360213,6.280485,0.009199155,1.545079,2.41,0.001025101,0.003534999,-0.8377336,-0.2574921,-0.2889782,-0.03206357,2.5
2024_02_11_21_51_04_292,0.8,-0.290354,527233.0,527881.0,70.56976,1.567739,0.136035,6.280241,0.009250049,1.512353,2.4,0.002140561,0.00381902,-0.8828471,-0.2374649,-0.1927316,-0.01272187,2.5
2024_02_11_21_51_04_329,0.8,-0.3066374,527476.0,528100.0,70.5765,1.656161,0.1360485,6.280011,0.00929936,1.478862,2.39,0.002277514,0.004288398,-0.9258482,-0.3106594,-0.2734363,0.009531155,2.5
2024_02_11_21_51_04_363,0.8,-0.3191822,527699.0,528299.0,70.58531,1.7368,0.1360624,6.279806,0.009350804,1.446709,2.38,0.002961844,0.004748208,-0.9641253,-0.3483295,-0.2498031,0.002264977,2.5
2024_02_11_21_51_04_400,0.8,-0.3313475,527942.0,528516.0,70.59784,1.823753,0.1360769,6.279591,0.009404234,1.410293,2.37,0.003816565,0.005013599,-1.00281,-0.3137588,-0.1897216,0.00985898,2.5
2024_02_11_21_51_04_438,0.8,-0.3464666,528191.0,528737.0,70.61395,1.912017,0.1360949,6.279375,0.009470382,1.371374,2.35,0.004258978,0.005895921,-1.044079,-0.4217624,-0.2140403,-0.0396464,2.5
2024_02_11_21_51_04_475,0.8,-0.3582156,528434.0,528952.0,70.63287,1.996733,0.1361133,6.279176,0.009538,1.332043,2.34,0.005125441,0.006153403,-1.080586,-0.421524,-0.1869202,0.07096492,2.5
2024_02_11_21_51_04_508,0.8,-0.3691318,528651.0,529144.0,70.6524,2.071092,0.1361376,6.279002,0.009628357,1.295789,2.32,0.005265373,0.01059917,-1.120133,-1.311064,-0.2618432,0.02992898,2.5
2024_02_11_21_51_04_551,0.8,-0.3832493,528924.0,529415.0,70.67972,2.161797,0.136292,6.278769,0.01019136,1.244393,2.21,0.01031648,0.005650175,-1.247555,-0.0004768371,0.3204941,-0.121355,2.5
2024_02_11_21_51_04_588,0.8,-0.3951413,529160.0,529616.0,70.70796,2.240393,0.136154,6.278673,0.009683184,1.201453,2.29,0.00661121,-0.00417414,-1.132836,1.314402,-0.2544522,-0.008659437,2.5
2024_02_11_21_51_04_622,0.8,-0.4064055,529380.0,529809.0,70.7377,2.312846,0.1361326,6.278487,0.009613108,1.16227,2.29,0.003275406,0.01963623,-1.198562,-3.334522,-0.8422136,0.08334405,2.5
2024_02_11_21_51_04_660,0.8,-0.4161597,529622.0,530063.0,70.77099,2.387365,0.1363341,6.278263,0.01034743,1.111577,2.16,0.01219705,0.009646739,-1.375545,-0.5893707,0.3310442,-0.02916902,2.5
2024_02_11_21_51_04_692,0.8,-0.4254647,529836.0,530249.0,70.80511,2.4537,0.1362066,6.278218,0.009874789,1.068417,2.24,0.009333988,-0.007907553,-1.212504,2.009392,-0.0963211,-0.04181079,2.5
2024_02_11_21_51_04_731,0.8,-0.4346426,530073.0,530452.0,70.84705,2.52611,0.1361387,6.278066,0.009634351,1.023361,2.27,0.005830287,0.01307448,-1.248954,-1.816511,-0.6161928,0.1005754,2.5
2024_02_11_21_51_04_763,0.8,-0.4453639,530288.0,530681.0,70.88508,2.587195,0.1363574,6.277836,0.01043739,0.9758973,2.12,0.01367463,0.01970484,-1.516939,-2.108335,0.3438592,-0.08976272,2.5
2024_02_11_21_51_04_796,0.8,-0.4531273,530500.0,530884.0,70.92604,2.646273,0.1363128,6.277815,0.01025964,0.9277127,2.15,0.01414498,-0.01926861,-1.304473,3.918648,0.2643466,0.01161173,2.5
2024_02_11_21_51_04_829,0.8,-0.4604977,530707.0,531055.0,70.97066,2.703404,0.1361669,6.277763,0.009732862,0.8856129,2.23,0.009430572,-0.002459738,-1.268827,1.416683,-0.2387762,-0.01849234,2.5
2024_02_11_21_51_04_867,0.8,-0.4679125,530953.0,531290.0,71.02499,2.767158,0.1363019,6.277497,0.0102422,0.8337207,2.12,0.009667023,0.03936744,-1.58175,-5.157947,-0.2220869,-0.04369206,2.5
2024_02_11_21_51_04_904,0.8,-0.4762709,531187.0,531539.0,71.077,2.823491,0.136407,6.277444,0.01061316,0.7758092,2.06,0.01575491,0.004514719,-1.470772,0.4649162,0.3015995,-0.001845881,2.5
2024_02_11_21_51_04_942,0.8,-0.4827161,531421.0,531734.0,71.13568,2.878602,0.1362068,6.277468,0.009877678,0.7240501,2.18,0.01171686,-0.006692776,-1.317279,2.129316,-0.1136661,-0.03268942,2.5
2024_02_11_21_51_04_979,0.8,-0.4898821,531656.0,531946.0,71.19743,2.930725,0.1362401,6.277277,0.01001898,0.6738889,2.13,0.003050921,0.04629833,-1.522774,-6.337881,-1.333713,0.03341585,2.5
2024_02_11_21_51_05_012,0.8,-0.4952843,531866.0,532180.0,71.25063,2.972814,0.1364215,6.277168,0.01066999,0.6198038,2.02,0.01695441,0.01426076,-1.60458,-1.03879,0.3379583,-0.02221763,2.5
2024_02_11_21_51_05_050,0.8,-0.5001133,532098.0,532388.0,71.3148,3.016838,0.1362645,6.277236,0.01008489,0.5639734,2.12,0.01509583,-0.01536157,-1.3657,3.606319,0.2006888,-0.01609698,2.5
2024_02_11_21_51_05_087,0.8,-0.5055248,532329.0,532579.0,71.38337,3.057912,0.1361339,6.277193,0.00961775,0.5139283,2.18,0.009645145,0.008020229,-1.365197,-0.4498958,-0.4947781,0.08660554,2.5
2024_02_11_21_51_05_126,0.8,-0.5094828,532572.0,532845.0,71.45277,3.095936,0.136402,6.276949,0.01060244,0.4530154,2.01,0.01833235,0.02131795,-1.704323,-1.880646,0.4800558,-0.04339032,2.5
2024_02_11_21_51_05_162,0.8,-0.5135494,532798.0,533068.0,71.51966,3.127438,0.1363561,6.277011,0.0104192,0.3945217,2.04,0.01907583,-0.02332483,-1.440049,5.76663,0.5943775,-0.1125503,2.5
2024_02_11_21_51_05_200,0.8,-0.5164654,533032.0,533254.0,71.59455,3.156476,0.1361387,6.277053,0.009631879,0.3418386,2.16,0.01229389,-0.002305461,-1.36943,1.815796,-0.1201332,-0.02757832,2.5
2024_02_11_21_51_05_238,0.8,-0.5193984,533268.0,533490.0,71.669,3.181395,0.1363219,6.276803,0.0103177,0.2862232,2.03,0.01403872,0.03983548,-1.742662,-4.545212,0.0449717,-0.09137578,2.5
2024_02_11_21_51_05_271,0.8,-0.5210484,533479.0,533720.0,71.73386,3.20016,0.1364166,6.276819,0.01065077,0.2284513,1.97,0.01907247,0.007200297,-1.597683,0.3845691,0.4271269,-0.03347918,2.5
2024_02_11_21_51_05_308,0.8,-0.5224074,533703.0,533906.0,71.80773,3.215684,0.1361909,6.276935,0.009819836,0.1743236,2.11,0.01477116,-0.009880069,-1.394337,2.983093,0.09134411,-0.05435012,2.5
2024_02_11_21_51_05_346,0.8,-0.5233567,533940.0,534109.0,71.88831,3.227764,0.1361347,6.27687,0.009632268,0.1212314,2.12,0.002819124,0.04531832,-1.476258,-8.061409,-1.98102,0.2706386,2.5
2024_02_11_21_51_05_383,0.8,-0.5235985,534175.0,534374.0,71.96262,3.236174,0.1363927,6.276706,0.01056707,0.05829127,1.97,0.01931095,0.01660757,-1.695762,-1.104593,0.4497766,-0.01146272,2.5
2024_02_11_21_51_05_421,0.8,-0.5232473,534405.0,534582.0,72.03859,3.239216,0.1362311,6.276837,0.009963609,6.282871,2.08,0.01721615,-0.01679805,-1.420188,4.077911,0.3295242,0.05051307,2.5
2024_02_11_21_51_05_455,0.8,-0.5224441,534609.0,534746.0,72.10874,3.237662,0.1360842,6.276865,0.009434732,6.236887,2.16,0.01216369,0.001493184,-1.38717,1.222849,-0.1952052,0.057986,2.5
2024_02_11_21_51_05_491,0.8,-0.521136,534851.0,534998.0,72.18815,3.232664,0.1363209,6.27664,0.0103117,6.17736,2.0,0.018305,0.03234247,-1.762188,-3.187895,0.4880428,-0.133371,2.5
2024_02_11_21_51_05_524,0.8,-0.5193906,535054.0,535209.0,72.25313,3.225331,0.1363426,6.276717,0.01037527,6.122633,2.0,0.02044597,-0.01090302,-1.521923,4.148364,0.660032,-0.0986494,2.5
2024_02_11_21_51_05_563,0.8,-0.5165753,535280.0,535388.0,72.32896,3.211232,0.1360983,6.276832,0.00948377,6.070101,2.15,0.01373853,-0.005172091,-1.380163,2.333879,-0.03257394,0.03229082,2.5
2024_02_11_21_51_05_601,0.8,-0.5137958,535520.0,535604.0,72.40866,3.191926,0.136143,6.276703,0.009668326,6.016418,2.1,0.003349879,0.05180895,-1.588007,-6.858348,-1.493335,0.0491403,2.5
2024_02_11_21_51_05_637,0.8,-0.5096256,535754.0,535862.0,72.48065,3.171623,0.1363329,6.276668,0.01034637,5.953911,2.0,0.01954765,0.009534443,-1.605904,0.2070665,0.5355477,-0.02190471,2.5
2024_02_11_21_51_05_674,0.8,-0.5058198,535985.0,536056.0,72.55427,3.144691,0.1361177,6.27681,0.009553755,5.898651,2.13,0.0146591,-0.007482724,-1.379246,2.663374,0.06258488,0.02715178,2.5
2024_02_11_21_51_05_713,0.8,-0.5002518,536218.0,536248.0,72.62799,3.112695,0.1360166,6.276821,0.009190667,5.848134,2.19,0.01108542,0.008875934,-1.371973,-0.1547337,-0.3235936,0.06902777,2.5
2024_02_11_21_51_05_750,0.8,-0.4954417,536462.0,536509.0,72.6999,3.078064,0.1362765,6.276669,0.01014445,5.788087,2.03,0.01901855,0.02024185,-1.65863,-1.443863,0.5660653,0.01843646,2.5
2024_02_11_21_51_05_787,0.8,-0.488683,536689.0,536715.0,72.7662,3.040833,0.1361469,6.276813,0.009658229,5.732577,2.12,0.01643502,-0.0127627,-1.376283,3.450632,0.2885461,0.04789792,2.5
2024_02_11_21_51_05_825,0.8,-0.4828636,536927.0,536909.0,72.83546,2.995922,0.1360048,6.276864,0.009144525,5.681536,2.21,0.01244704,-1.005456e-05,-1.329113,1.637459,-0.07605553,0.1057144,2.5
2024_02_11_21_51_05_862,0.8,-0.4750946,537166.0,537132.0,72.90147,2.948452,0.1361282,6.276738,0.009612807,5.629963,2.12,0.009935987,0.04568596,-1.588825,-5.718231,-0.4217624,0.03027916,2.5
2024_02_11_21_51_05_900,0.8,-0.4681132,537406.0,537378.0,72.96372,2.899627,0.1361959,6.276827,0.009836548,5.57096,2.11,0.01885185,-0.01873979,-1.395959,5.295276,0.6276965,-0.05408376,2.5
2024_02_11_21_51_05_937,0.8,-0.458975,537637.0,537564.0,73.02341,2.845725,0.1360081,6.27693,0.009155235,5.522035,2.22,0.01300718,-0.002982898,-1.289091,2.011299,0.02294779,-0.01855008,2.5
2024_02_11_21_51_05_975,0.8,-0.4512533,537881.0,537770.0,73.08372,2.785341,0.1359574,6.276938,0.008976339,5.473109,2.25,0.01032602,0.01445455,-1.303746,-1.234055,-0.3134608,-0.04418008,2.5
2024_02_11_21_51_06_008,0.8,-0.4431262,538095.0,537995.0,73.13264,2.73282,0.136175,6.276871,0.009772698,5.424879,2.12,0.01778958,0.01739232,-1.504557,-1.034737,0.6425976,-0.04777684,2.5
2024_02_11_21_51_06_046,0.8,-0.4323652,538334.0,538201.0,73.18522,2.669564,0.1360311,6.277024,0.009236952,5.37372,2.23,0.01413082,-0.006901382,-1.252903,2.511978,0.1707673,-0.006118789,2.5
2024_02_11_21_51_06_083,0.8,-0.4231052,538571.0,538399.0,73.23508,2.602375,0.1359359,6.277076,0.008894251,5.328225,2.29,0.01138906,0.003523336,-1.221921,0.895977,-0.09196996,0.04804693,2.5
2024_02_11_21_51_06_120,0.8,-0.4113743,538818.0,538618.0,73.28364,2.530244,0.1359913,6.27706,0.009108667,5.281122,2.25,0.00818486,0.03955487,-1.317837,-5.707025,-0.5728006,0.1035593,2.5
2024_02_11_21_51_06_158,0.8,-0.4013874,539058.0,538853.0,73.32656,2.461017,0.1360688,6.277152,0.009371689,5.231007,2.23,0.01666016,-0.01508413,-1.233456,3.638983,0.5534887,-0.04187785,2.5
2024_02_11_21_51_06_192,0.8,-0.3911999,539268.0,539028.0,73.36253,2.395273,0.135947,6.277249,0.008932222,5.19208,2.3,0.01214297,-0.001623805,-1.149601,1.654148,0.05686283,-0.004982575,2.5
2024_02_11_21_51_06_228,0.8,-0.3780222,539516.0,539240.0,73.4015,2.316009,0.1359053,6.277302,0.008783543,5.148737,2.34,0.01129245,0.007175381,-1.139152,0.1823902,0.01513958,0.01104176,2.5
2024_02_11_21_51_06_266,0.8,-0.3670891,539759.0,539450.0,73.43634,2.236874,0.1359177,6.277369,0.00882816,5.106688,2.34,0.01225368,0.005769636,-1.125358,0.4506111,0.1816749,0.008076429,2.5
2024_02_11_21_51_06_300,0.8,-0.3556951,539982.0,539642.0,73.46561,2.162535,0.1359076,6.277453,0.00879067,5.069008,2.36,0.01184443,0.006129067,-1.094333,0.2882481,0.1385212,-0.01543015,2.5
2024_02_11_21_51_06_338,0.8,-0.3406595,540225.0,539853.0,73.49443,2.080056,0.1359102,6.277547,0.008800148,5.029095,2.37,0.01223446,0.005968524,-1.062392,0.3273487,0.2488792,-0.02553314,2.5
2024_02_11_21_51_06_375,0.8,-0.3288828,540474.0,540071.0,73.52075,1.99387,0.1359086,6.277656,0.008794172,4.989451,2.38,0.01185862,0.005610834,-1.025081,0.2651215,0.1879036,-0.05709938,2.5
2024_02_11_21_51_06_412,0.8,-0.3135959,540717.0,540283.0,73.54325,1.908652,0.1359074,6.27777,0.008789779,4.952235,2.39,0.0119634,0.005236455,-0.9870662,0.2896786,0.2514124,0.01216121,2.5
2024_02_11_21_51_06_450,0.8,-0.3007819,540966.0,540503.0,73.56318,1.819957,0.1359054,6.277896,0.008781161,4.915524,2.4,0.01151268,0.004971744,-0.9461528,0.2145767,0.190556,-0.01941994,2.5
2024_02_11_21_51_06_488,0.8,-0.2856749,541209.0,540718.0,73.57957,1.732611,0.1359038,6.278027,0.008775774,4.881288,2.41,0.01170528,0.004402256,-0.9051808,0.2856255,0.2471208,-0.03443472,2.5
2024_02_11_21_51_06_526,0.8,-0.270815,541459.0,540940.0,73.59342,1.642035,0.135901,6.278172,0.008764377,4.847742,2.42,0.01143436,0.003973968,-0.8610431,0.2520084,0.2317428,-0.0005289912,2.5
2024_02_11_21_51_06_562,0.8,-0.2558155,541701.0,541157.0,73.60411,1.553104,0.1358976,6.278323,0.008752055,4.816732,2.43,0.01124723,0.003712144,-0.8160815,0.1795292,0.2163648,0.03768131,2.5
2024_02_11_21_51_06_600,0.8,-0.2383495,541951.0,541382.0,73.61232,1.461143,0.1358951,6.278487,0.008742279,4.786644,2.43,0.01134877,0.003293969,-0.7684112,0.2367496,0.3131479,-0.01193024,2.5
2024_02_11_21_51_06_637,0.8,-0.2244422,542194.0,541602.0,73.61773,1.371101,0.1358921,6.278655,0.008731066,4.759103,2.44,0.01080691,0.002994077,-0.7213092,0.1699924,0.2337992,0.02594478,2.5
2024_02_11_21_51_06_675,0.8,-0.2065172,542443.0,541829.0,73.62082,1.278206,0.1358891,6.278837,0.008719347,4.732672,2.45,0.01087234,0.002534512,-0.6710456,0.2310276,0.3210306,-0.008251518,2.5
2024_02_11_21_51_06_708,0.8,-0.1919855,542660.0,542027.0,73.6216,1.197257,0.1358864,6.279003,0.008709344,4.711267,2.46,0.01074428,0.002281996,-0.6268096,0.2069473,0.3361404,-0.04287995,2.5
2024_02_11_21_51_06_746,0.8,-0.1772445,542909.0,542256.0,73.62041,1.103784,0.1358831,6.279201,0.008697264,4.688447,2.46,0.01007786,0.002124474,-0.5754098,0.1387596,0.2433359,0.01016445,2.5
2024_02_11_21_51_06_783,0.8,-0.1588123,543152.0,542481.0,73.6173,1.012569,0.1358804,6.279402,0.008686573,4.668145,2.47,0.01014437,0.001654081,-0.523143,0.1580715,0.3225356,0.05614198,2.5
2024_02_11_21_51_06_821,0.8,-0.1433364,543395.0,542706.0,73.6124,0.921207,0.1358785,6.279612,0.008679483,4.649769,2.48,0.009745121,0.001471015,-0.4708678,0.1645088,0.2748072,-0.02836808,2.5
2024_02_11_21_51_06_855,0.8,-0.1278294,543616.0,542915.0,73.60651,0.8371643,0.1358769,6.279809,0.008673291,4.634623,2.48,0.009399639,0.001273285,-0.4221943,0.120163,0.2767742,-0.03235787,2.5
2024_02_11_21_51_06_888,0.8,-0.1135585,543831.0,543118.0,73.59962,0.7555327,0.1358755,6.280005,0.008667718,4.621502,2.48,0.009018777,0.001083657,-0.3756255,0.1137257,0.2529025,-0.04039518,2.5
2024_02_11_21_51_06_922,0.8,-0.09767154,544052.0,543329.0,73.59146,0.6713918,0.1358746,6.280213,0.008664596,4.60959,2.49,0.008735552,0.0008963145,-0.3268231,0.07867812,0.2608299,0.02877973,2.5
2024_02_11_21_51_06_958,0.8,-0.07812925,544293.0,543558.0,73.58151,0.5797951,0.1358741,6.280446,0.008662447,4.598542,2.49,0.008945405,0.0007184191,-0.2721205,0.118494,0.3556609,-0.04757009,2.5
2024_02_11_21_51_06_996,0.8,-0.06229846,544539.0,543796.0,73.57033,0.4857069,0.1358741,6.28069,0.0086621,4.589267,2.49,0.008159069,0.0005454232,-0.217445,0.06890297,0.2711117,-0.01350045,2.5
2024_02_11_21_51_07_034,0.8,-0.04451645,544777.0,544028.0,73.55868,0.3940861,0.135875,6.280924,0.008664802,4.582205,2.5,0.007981768,0.0005880264,-0.1669725,0.01430511,0.3454089,-0.01722015,2.5
2024_02_11_21_51_07_067,0.8,-0.02741036,544990.0,544235.0,73.54789,0.3123637,0.1358752,6.281146,0.008665156,4.577535,2.5,0.007840578,0.0003212182,-0.1173138,0.06985664,0.3533661,-0.01361035,2.5
2024_02_11_21_51_07_104,0.8,-0.01186885,545235.0,544476.0,73.53503,0.2182275,0.135876,6.2814,0.008668131,4.574148,2.5,0.006915421,0.0003392413,-0.06311923,0.04982948,0.2568364,0.009315088,2.5
2024_02_11_21_51_07_142,0.8,0.007534961,545471.0,544710.0,73.52223,0.1265637,0.1358788,6.281649,0.00867869,4.57282,2.5,0.006956382,0.0003969509,-0.01005017,-0.02479553,0.3396868,0.03612041,2.5
2024_02_11_21_51_07_179,0.8,0.02339327,545714.0,544953.0,73.50909,0.03244255,0.1358836,6.281909,0.008695643,4.573488,2.5,0.006215926,0.0003535017,0.04399331,-0.02670288,0.2646148,0.03561936,2.5
2024_02_11_21_51_07_216,0.8,0.04321511,545949.0,545189.0,73.49644,-0.05917341,0.1358889,6.282166,0.008714693,4.576153,2.5,0.006307516,0.0004475457,0.09878477,-0.06937981,0.3620982,-0.01420267,2.5
2024_02_11_21_51_07_254,0.8,0.05866376,546190.0,545433.0,73.48384,-0.1532404,0.1358943,6.282432,0.008734071,4.580983,2.5,0.005480363,0.0003557539,0.1536748,-0.01192093,0.2596974,-0.07971748,2.5
2024_02_11_21_51_07_292,0.8,0.07839355,546424.0,545671.0,73.4721,-0.2448177,0.1359,6.282696,0.008754942,4.587718,2.49,0.005546453,0.0004994213,0.2090853,-0.09107589,0.3651082,-0.02607703,2.5
2024_02_11_21_51_07_329,0.8,0.0935723,546662.0,545916.0,73.46082,-0.3388568,0.135906,6.282967,0.008776789,4.596743,2.49,0.004559685,0.0006167825,0.264209,-0.09512901,0.2606064,-0.02636574,2.5
2024_02_11_21_51_07_362,0.8,0.1091803,546869.0,546129.0,73.45177,-0.4205016,0.1359124,-0.001073075,0.008800501,4.606292,2.49,0.004246552,0.0008046974,0.3128429,-0.1430511,0.2826899,0.02716481,2.5
2024_02_11_21_51_07_400,0.8,0.1277339,547105.0,546376.0,73.44244,-0.514476,0.1359202,0.0002924151,0.008828914,4.619278,2.48,0.003991789,0.0008353841,0.36878,-0.08130073,0.3143102,-0.07616729,2.5
2024_02_11_21_51_07_439,0.8,0.1431649,547335.0,546617.0,73.43465,-0.605926,0.1359282,0.0005592638,0.008858276,4.633934,2.48,0.003191194,0.001108713,0.4220097,-0.1363754,0.2696142,0.03481843,2.5
2024_02_11_21_51_07_471,0.8,0.1581714,547538.0,546832.0,73.42892,-0.6874174,0.1359361,0.0007968178,0.008887202,4.648676,2.47,0.002794934,0.001367584,0.4695511,-0.2045631,0.2741888,0.0345055,2.5
2024_02_11_21_51_07_508,0.8,0.1766978,547772.0,547079.0,73.42393,-0.7811369,0.1359459,0.001070058,0.008923085,4.667583,2.47,0.002534693,0.001527257,0.5240348,-0.1823902,0.338234,0.03392994,2.5
2024_02_11_21_51_07_545,0.8,0.1916706,547998.0,547321.0,73.42087,-0.8722246,0.1359562,0.001334776,0.008960814,4.687962,2.46,0.001712392,0.001759631,0.575914,-0.1645088,0.2548695,-0.02300367,2.5
2024_02_11_21_51_07_579,0.8,0.2057658,548205.0,547544.0,73.41975,-0.9557325,0.1359663,0.001574993,0.008997501,4.708375,2.45,0.001014129,0.002044852,0.6224529,-0.1368523,0.2094209,-0.08059106,2.5
2024_02_11_21_51_07_617,0.8,0.2239107,548429.0,547787.0,73.42059,-1.046338,0.1359774,0.00183332,0.009038045,4.732369,2.45,0.001055599,0.002333822,0.6728042,-0.2212524,0.3289431,0.02223626,2.5
2024_02_11_21_51_07_653,0.8,0.2382437,548659.0,548037.0,73.42374,-1.139026,0.1359896,0.002094842,0.009082986,4.758915,2.44,0.0001202226,0.002673881,0.7226561,-0.2195835,0.2369881,0.01058727,2.5
2024_02_11_21_51_07_691,0.8,0.2552894,548880.0,548279.0,73.42926,-1.228828,0.1360022,0.002346245,0.009129697,4.786577,2.43,-0.0001255823,0.003125915,0.7709963,-0.2663136,0.3080368,0.04095398,2.5
2024_02_11_21_51_07_725,0.8,0.2691314,549083.0,548503.0,73.43655,-1.310872,0.1360139,0.002572081,0.00917261,4.813528,2.42,-0.0006625634,0.003535522,0.8137456,-0.2977848,0.2883673,-0.004945322,2.5
2024_02_11_21_51_07_759,0.8,0.2833936,549279.0,548719.0,73.44577,-1.389986,0.1360261,0.002786732,0.009216948,4.841058,2.41,-0.0009994684,0.003810546,0.8543524,-0.3519058,0.334531,0.04035607,2.5
2024_02_11_21_51_07_796,0.8,0.2953826,549498.0,548962.0,73.45869,-1.477969,0.1360394,0.00302109,0.009266333,4.873508,2.4,-0.002320853,0.003820084,0.8971587,-0.2317428,0.1991391,-0.02782978,2.5
2024_02_11_21_51_07_829,0.8,0.3083272,549698.0,549185.0,73.47307,-1.558077,0.1360521,0.00323148,0.009313492,4.904695,2.39,-0.002915558,0.004729496,0.9362077,-0.3404617,0.2072453,0.00696443,2.5
2024_02_11_21_51_07_866,0.8,0.3239759,549915.0,549428.0,73.49149,-1.644264,0.1360675,0.003452522,0.00936934,4.940126,2.38,-0.003172685,0.004816821,0.9773983,-0.3807544,0.2510548,-0.04035607,2.5
2024_02_11_21_51_07_900,0.8,0.3360922,550114.0,549651.0,73.51109,-1.722453,0.1360811,0.003649063,0.009419651,4.973984,2.37,-0.003794963,0.005363718,1.013534,-0.3707409,0.2303719,-0.02079829,2.5
2024_02_11_21_51_07_933,0.8,0.3479055,550306.0,549868.0,73.53255,-1.797273,0.1360966,0.003833887,0.009476678,5.008013,2.35,-0.004286456,0.005897567,1.04803,-0.442028,0.2574325,0.09764916,2.5
2024_02_11_21_51_07_970,0.8,0.3595631,550521.0,550110.0,73.55949,-1.879719,0.1361156,0.004031493,0.009546543,5.047493,2.34,-0.005130956,0.006304744,1.084527,-0.4651546,0.1833439,0.03672019,2.5
2024_02_11_21_51_08_008,0.8,0.3736385,550745.0,550360.0,73.59019,-1.962419,0.1361723,0.004250405,0.00975935,5.089761,2.29,-0.0036931,0.02283679,1.171428,-3.534078,0.5455613,0.01244247,2.5
2024_02_11_21_51_08_041,0.8,0.3845097,550960.0,550574.0,73.61813,-2.030778,0.1362884,0.00441126,0.01017707,5.130953,2.22,-0.01018603,0.002161311,1.230896,0.6413459,-0.2832413,-0.1036581,2.5
2024_02_11_21_51_08_079,0.8,0.3949292,551166.0,550816.0,73.65467,-2.108713,0.1361426,0.004517787,0.009642269,5.174716,2.3,-0.006304895,-0.002736988,1.132389,1.09911,0.2791882,-0.01533702,2.5
2024_02_11_21_51_08_116,0.8,0.4075071,551382.0,551057.0,73.69426,-2.184047,0.1361766,0.004761199,0.009780661,5.218,2.25,-0.001158766,0.03723395,1.285476,-5.878686,1.086831,0.1542401,2.5
2024_02_11_21_51_08_153,0.8,0.4172735,551639.0,551303.0,73.73537,-2.256279,0.1363307,0.004925783,0.01033214,5.27063,2.17,-0.01239314,0.001237941,1.322102,0.9391307,-0.3402233,-0.08914619,2.5
2024_02_11_21_51_08_191,0.8,0.4287044,551835.0,551537.0,73.78024,-2.325014,0.1361685,0.004990764,0.009737248,5.316256,2.26,-0.008258424,-0.004359614,1.205064,1.567602,0.2166629,-0.03894977,2.5
2024_02_11_21_51_08_224,0.8,0.4374517,552030.0,551756.0,73.82529,-2.38748,0.1361809,0.00518624,0.009797744,5.358227,2.23,-0.0005125254,0.03964192,1.337566,-6.264925,1.48195,0.1848563,2.5
2024_02_11_21_51_08_262,0.8,0.4459437,552288.0,551995.0,73.87374,-2.450435,0.1363784,0.005360943,0.01051022,5.413104,2.11,-0.01408032,0.01057832,1.457238,-0.6554126,-0.342071,-0.07982179,2.5
2024_02_11_21_51_08_299,0.8,0.4560454,552488.0,552225.0,73.92596,-2.510086,0.1362289,0.005372128,0.00995664,5.462648,2.2,-0.01097448,-0.008864631,1.272422,2.364159,0.06115436,-0.01458079,2.5
2024_02_11_21_51_08_337,0.8,0.4633347,552696.0,552467.0,73.98501,-2.570449,0.136174,0.005516472,0.009770351,5.511312,2.2,-0.003178038,0.03329184,1.346131,-6.104469,1.418412,0.1466069,2.5
2024_02_11_21_51_08_376,0.8,0.4725493,552957.0,552705.0,74.04157,-2.624391,0.1364039,0.005718339,0.01060587,5.56854,2.06,-0.01545657,0.01509552,1.555791,-1.293659,-0.3150701,-0.03309175,2.5
2024_02_11_21_51_08_412,0.8,0.4788966,553169.0,552939.0,74.10225,-2.67519,0.1362695,0.005689044,0.01010332,5.622825,2.14,-0.01373036,-0.01395058,1.32891,3.178119,-0.1089573,-0.001978129,2.5
2024_02_11_21_51_08_449,0.8,0.486548,553362.0,553171.0,74.16724,-2.723213,0.1361462,0.005757221,0.009661113,5.671589,2.21,-0.00877702,0.006735327,1.331014,-0.2915859,0.4901886,0.1205392,2.5
2024_02_11_21_51_08_487,0.8,0.4919232,553625.0,553416.0,74.23354,-2.768419,0.1363982,0.006004363,0.01058795,5.730523,2.04,-0.01721239,0.02093052,1.656228,-1.904726,-0.4621744,-0.06986223,2.5
2024_02_11_21_51_08_525,0.8,0.498432,553849.0,553643.0,74.29792,-2.806967,0.136358,0.005970275,0.0104262,5.787549,2.07,-0.01784866,-0.0222051,1.407366,5.484342,-0.5326867,-0.07539056,2.5
2024_02_11_21_51_08_562,0.8,0.5030195,554038.0,553878.0,74.37005,-2.843739,0.1361618,0.005962285,0.009716351,5.839345,2.17,-0.0116386,-0.001750265,1.351182,1.565456,0.1692176,0.03307685,2.5
2024_02_11_21_51_08_599,0.8,0.5081475,554274.0,554114.0,74.44189,-2.87629,0.1363396,0.00621422,0.01038136,5.894198,2.04,-0.01380271,0.03858559,1.712718,-4.615545,-0.07051229,-0.07079542,2.5
2024_02_11_21_51_08_637,0.8,0.5116424,554526.0,554350.0,74.51257,-2.904462,0.1364172,0.006201437,0.01065068,5.956986,2.0,-0.01866456,0.0004705619,1.53336,1.562834,-0.4661679,0.001037493,2.5
2024_02_11_21_51_08_674,0.8,0.5156273,554709.0,554575.0,74.58577,-2.927419,0.1361814,0.006117814,0.009785902,6.009498,2.14,-0.01329873,-0.006846315,1.373797,2.383947,0.06523728,-0.03168546,2.5
2024_02_11_21_51_08_711,0.8,0.5180332,554926.0,554815.0,74.66484,-2.947572,0.1362263,0.006291452,0.009971564,6.063215,2.08,-0.003209524,0.05076214,1.604735,-6.851911,1.500487,0.02121553,2.5
2024_02_11_21_51_08_750,0.8,0.5204938,555187.0,555048.0,74.7374,-2.963251,0.1364177,0.006369216,0.01065635,6.126491,1.97,-0.01885001,0.01259839,1.646272,-0.5364418,-0.401318,-0.01763925,2.5
2024_02_11_21_51_08_782,0.8,0.5219831,555368.0,555253.0,74.80508,-2.972814,0.1362473,0.006257896,0.01002241,6.177854,2.08,-0.01677746,-0.01655391,1.411307,3.935814,-0.2778471,0.03814697,2.5
2024_02_11_21_51_08_820,0.8,0.5229805,555555.0,555483.0,74.88377,-2.979162,0.1360962,0.006250439,0.009479024,6.229194,2.17,-0.01148085,0.00395831,1.387607,0.5924702,0.3074706,0.05742535,2.5
2024_02_11_21_51_08_858,0.8,0.5235655,555816.0,555725.0,74.96259,-2.982297,0.1363634,0.006489591,0.01046446,0.007201187,1.99,-0.01913147,0.02617878,1.7617,-2.291679,-0.5432665,-0.08756108,2.5
2024_02_11_21_51_08_895,0.8,0.5235046,556044.0,555951.0,75.03577,-2.980895,0.136336,0.006398511,0.01034688,0.06755907,2.02,-0.0200971,-0.02143117,1.478958,5.617141,-0.6360411,-0.1060367,2.5
2024_02_11_21_51_08_932,0.8,0.522771,556227.0,556183.0,75.11506,-2.97356,0.1361042,0.006314355,0.009506252,0.1211594,2.15,-0.01310027,-0.003122441,1.384642,1.947164,0.09843706,-0.001719221,2.5
2024_02_11_21_51_08_970,0.8,0.5215977,556451.0,556419.0,75.19324,-2.962323,0.136236,0.006518353,0.01000712,0.1754767,2.05,-0.009168853,0.04795378,1.707094,-6.017684,0.6750523,-0.007983297,2.5
2024_02_11_21_51_09_004,0.8,0.520099,556686.0,556631.0,75.25996,-2.950189,0.1363701,0.006508233,0.01048182,0.2338522,1.98,-0.01955103,0.009148492,1.619871,0.2062321,-0.488162,-0.02750009,2.5
2024_02_11_21_51_09_037,0.8,0.518002,556854.0,556831.0,75.32494,-2.93351,0.1361732,0.006377738,0.009754481,0.2827611,2.1,-0.01605383,-0.01221727,1.402788,3.403663,-0.1893043,0.05614385,2.5
2024_02_11_21_51_09_075,0.8,0.5147896,557045.0,557061.0,75.40054,-2.909485,0.136062,0.006371347,0.009357575,0.3341165,2.16,-0.01076442,0.01243629,1.400893,-0.9789466,0.4281997,-0.01260266,2.5
2024_02_11_21_51_09_113,0.8,0.5117075,557310.0,557304.0,75.47417,-2.882912,0.1363279,0.006539125,0.0103314,0.3960429,2.0,-0.01952075,0.01813288,1.686567,-1.174212,-0.5509853,-0.06489083,2.5
2024_02_11_21_51_09_145,0.8,0.5080874,557493.0,557504.0,75.53531,-2.856398,0.136201,0.006409696,0.009853688,0.4467985,2.09,-0.01777725,-0.01774102,1.414562,4.101515,-0.3831386,0.05250238,2.5
2024_02_11_21_51_09_178,0.8,0.5040524,557663.0,557715.0,75.60012,-2.823578,0.1360481,0.006357498,0.009302915,0.4936968,2.17,-0.01236771,0.001121702,1.366942,1.205444,0.1751184,-0.01514517,2.5
2024_02_11_21_51_09_218,0.8,0.4983374,557900.0,557952.0,75.66879,-2.785015,0.136242,0.006526343,0.01002461,0.5490288,2.04,-0.01656786,0.03530665,1.693353,-3.672838,-0.4016161,-0.0911653,2.5
2024_02_11_21_51_09_259,0.8,0.4926099,558150.0,558211.0,75.74108,-2.738978,0.1361694,0.00638413,0.009738738,0.6142554,2.11,-0.0176089,-0.01690515,1.390638,4.11272,-0.4227161,-0.003263354,2.5
2024_02_11_21_51_09_296,0.8,0.4862871,558337.0,558442.0,75.80534,-2.691333,0.1360099,0.006322877,0.009163092,0.6642222,2.2,-0.01247677,-0.0001129424,1.333773,1.64175,0.07218122,-0.009194016,2.5
2024_02_11_21_51_09_329,0.8,0.4805018,558535.0,558660.0,75.86326,-2.643953,0.1360869,0.006427273,0.00946259,0.7109516,2.14,-0.006010529,0.04882249,1.534097,-6.386518,0.9979009,-0.005805864,2.5
2024_02_11_21_51_09_366,0.8,0.4724416,558785.0,558895.0,75.92104,-2.593175,0.1362329,0.006397446,0.009977278,0.7695928,2.07,-0.01928496,-0.002914883,1.466651,2.825737,-0.7158517,-0.1152921,2.5
2024_02_11_21_51_09_404,0.8,0.4652449,558976.0,559131.0,75.97835,-2.535053,0.1360261,0.006271212,0.00922069,0.8208821,2.21,-0.01335386,-0.00459074,1.301594,2.242565,-0.02002716,0.07157773,2.5
2024_02_11_21_51_09_441,0.8,0.4560934,559174.0,559367.0,76.03322,-2.473183,0.1359552,0.006256298,0.008966723,0.8687578,2.25,-0.01096693,0.009434332,1.301581,-0.1630783,0.2118945,0.003954396,2.5
2024_02_11_21_51_09_475,0.8,0.4480658,559396.0,559582.0,76.07905,-2.417644,0.1361712,0.006347911,0.009761348,0.9166718,2.12,-0.01800034,0.02216084,1.543889,-1.638889,-0.701785,-0.03884174,2.5
2024_02_11_21_51_09_512,0.8,0.4397809,559608.0,559820.0,76.12749,-2.352082,0.1360536,0.006194513,0.009318651,0.9693555,2.21,-0.01490204,-0.009322894,1.27344,2.978325,-0.259161,-0.01073256,2.5
2024_02_11_21_51_09_545,0.8,0.4310858,559782.0,560031.0,76.16813,-2.29021,0.1359506,0.006139119,0.00894674,1.010481,2.27,-0.01186097,0.0006793635,1.233084,1.393795,0.05197525,0.02248958,2.5
2024_02_11_21_51_09_584,0.8,0.4196663,559995.0,560277.0,76.21249,-2.215543,0.1359469,0.006132727,0.00894019,1.057559,2.27,-0.009616813,0.02329815,1.267579,-3.09062,0.3925562,0.1602378,2.5
2024_02_11_21_51_09_620,0.8,0.4100156,560240.0,560518.0,76.25149,-2.144068,0.1361201,0.006109292,0.009565032,1.108734,2.19,-0.017664,-0.004984955,1.315629,3.223657,-0.7292628,-0.1076087,2.5
2024_02_11_21_51_09_658,0.8,0.397787,560439.0,560759.0,76.28798,-2.066821,0.1359571,0.005977198,0.00896902,1.154781,2.29,-0.01239102,-0.002265971,1.166979,1.725435,-0.05990266,0.06273575,2.5
2024_02_11_21_51_09_691,0.8,0.3869808,560622.0,560973.0,76.31741,-1.996439,0.1359102,0.005931392,0.008800277,1.192985,2.33,-0.01164069,0.004431528,1.152744,0.7288455,-0.06324053,-0.0790581,2.5
2024_02_11_21_51_09_729,0.8,0.3764297,560831.0,561216.0,76.34744,-1.915582,0.1359192,0.005881325,0.008834574,1.235659,2.33,-0.01196745,0.009009539,1.151858,-0.0538826,-0.1057982,0.01807325,2.5
2024_02_11_21_51_09_766,0.8,0.3624008,561046.0,561465.0,76.3748,-1.831049,0.1359111,0.005787582,0.008803013,1.278714,2.35,-0.01234288,0.004838228,1.11339,0.5502701,-0.2135038,-0.02765097,2.5
2024_02_11_21_51_09_803,0.8,0.3509464,561256.0,561708.0,76.39816,-1.747099,0.1359115,0.005702893,0.008805572,1.319397,2.36,-0.01191894,0.006769004,1.086303,0.1628399,-0.1629293,0.01603924,2.5
2024_02_11_21_51_09_841,0.8,0.3362481,561472.0,561958.0,76.41869,-1.659654,0.1359115,0.005600095,0.008804751,1.359983,2.37,-0.01220925,0.005506976,1.04929,0.3633499,-0.2529919,-0.03791414,2.5
2024_02_11_21_51_09_874,0.8,0.324178,561661.0,562174.0,76.43374,-1.582751,0.1359098,0.005504221,0.00879803,1.394066,2.38,-0.01201184,0.005470347,1.016494,0.2732277,-0.2296865,0.03873371,2.5
2024_02_11_21_51_09_912,0.8,0.3112337,561880.0,562424.0,76.44794,-1.493264,0.135908,0.005383846,0.008791669,1.431927,2.39,-0.01168301,0.004889367,0.9764938,0.241518,-0.1963675,-0.03097392,2.5
2024_02_11_21_51_09_949,0.8,0.2957684,562094.0,562666.0,76.45863,-1.405298,0.1359056,0.005258678,0.008782069,1.46729,2.4,-0.01175679,0.004647504,0.9360068,0.2815723,-0.257194,-0.00745058,2.5
2024_02_11_21_51_09_987,0.8,0.282435,562315.0,562916.0,76.46642,-1.31426,0.1359038,0.005121791,0.008775546,1.502047,2.41,-0.01140847,0.004431061,0.8942502,0.2090931,-0.2004653,0.02642907,2.5
2024_02_11_21_51_10_025,0.8,0.2659736,562532.0,563159.0,76.47108,-1.225076,0.1359011,0.004977981,0.008764816,1.534298,2.42,-0.01157253,0.003917129,0.850096,0.2372265,-0.2870113,-0.0307709,2.5
2024_02_11_21_51_10_058,0.8,0.2521332,562732.0,563382.0,76.4729,-1.142729,0.1358981,0.004837366,0.008753874,1.562485,2.43,-0.01136805,0.003583656,0.8084317,0.2577305,-0.2834499,-0.01169741,2.5
2024_02_11_21_51_10_095,0.8,0.2380959,562951.0,563625.0,76.47231,-1.052788,0.1358951,0.004677576,0.008741804,1.591541,2.44,-0.0109107,0.003203395,0.7629015,0.2176761,-0.23669,0.002777204,2.5
2024_02_11_21_51_10_133,0.8,0.2205268,563176.0,563874.0,76.46906,-0.9601527,0.1358922,0.004502873,0.008731291,1.619578,2.44,-0.01113212,0.002936413,0.7136964,0.1552105,-0.2992451,0.03002584,2.5
2024_02_11_21_51_10_170,0.8,0.2062437,563398.0,564117.0,76.46348,-0.8697839,0.1358889,0.004324974,0.008718791,1.64507,2.45,-0.01045997,0.002595033,0.6654462,0.1912117,-0.2467632,-0.02416037,2.5
2024_02_11_21_51_10_208,0.8,0.1876874,563626.0,564366.0,76.45541,-0.7768581,0.135886,0.004132693,0.008708093,1.669349,2.46,-0.01073367,0.002214574,0.6133317,0.1702309,-0.3274083,0.003153458,2.5
2024_02_11_21_51_10_245,0.8,0.1730127,563849.0,564609.0,76.44545,-0.6863231,0.1358832,0.00393775,0.008697451,1.691095,2.47,-0.01010003,0.001930098,0.5631372,0.1888275,-0.2624094,-0.005261972,2.5
2024_02_11_21_51_10_283,0.8,0.1546728,564081.0,564859.0,76.43324,-0.5933305,0.1358805,0.003730023,0.008687246,1.711461,2.47,-0.01015864,0.001617071,0.5099674,0.1657009,-0.3304481,-0.01676567,2.5
2024_02_11_21_51_10_320,0.8,0.1395952,564306.0,565101.0,76.41959,-0.5028082,0.1358782,0.003520166,0.008678334,1.729358,2.48,-0.009539403,0.001341961,0.4583658,0.1335144,-0.2588332,0.0251662,2.5
2024_02_11_21_51_10_353,0.8,0.1241952,564509.0,565316.0,76.4061,-0.4221096,0.1358766,0.003326821,0.00867206,1.743673,2.48,-0.009380281,0.001182667,0.4110534,0.1659393,-0.2803206,-0.0436455,2.5
2024_02_11_21_51_10_391,0.8,0.1090747,564743.0,565563.0,76.38919,-0.3292481,0.1358757,0.00309992,0.008668418,1.758211,2.49,-0.008537499,0.00120397,0.3578207,0.08392333,-0.1984238,-0.06673858,2.5
2024_02_11_21_51_10_428,0.8,0.0896124,564973.0,565804.0,76.3715,-0.238952,0.1358763,0.002883671,0.00867028,1.770716,2.49,-0.009438462,0.0005304368,0.3104558,0.09989738,-0.37539,0.04769116,2.5
2024_02_11_21_51_10_466,0.8,0.07027257,565209.0,566051.0,76.35223,-0.14626,0.1358746,0.002634399,0.008663557,1.781285,2.49,-0.008762073,0.0006975463,0.2487414,0.05722046,-0.3570318,0.005932524,2.5
2024_02_11_21_51_10_504,0.8,0.05489607,565441.0,566290.0,76.33261,-0.05607417,0.1358749,0.002395247,0.0086644,1.789447,2.5,-0.008011336,0.0004745227,0.1946469,0.04100799,-0.2680421,0.07035583,2.5
2024_02_11_21_51_10_541,0.8,0.03531466,565679.0,566535.0,76.31171,0.03650051,0.1358749,0.002145443,0.00866461,1.795756,2.5,-0.007904951,0.0002939131,0.1391765,0.07271767,-0.3316998,-0.009682029,2.5
2024_02_11_21_51_10_578,0.8,0.01981835,565913.0,566773.0,76.2909,0.1266175,0.1358755,0.001901497,0.008666134,1.799924,2.5,-0.007291257,0.0002924302,0.08752894,0.0641346,-0.2646446,0.001305714,2.5
2024_02_11_21_51_10_616,0.8,-0.0002145024,566154.0,567017.0,76.26923,0.2191537,0.1358779,0.001645833,0.008674968,1.802185,2.5,-0.007181759,0.0003230788,0.03294397,0.01072884,-0.3452897,0.06625801,2.5
2024_02_11_21_51_10_653,0.8,-0.01567832,566390.0,567253.0,76.24801,0.3092372,0.1358816,0.001394964,0.008688117,1.802416,2.5,-0.006539262,0.0004888962,-0.01935372,-0.02551079,-0.2741814,-0.00639446,2.5
2024_02_11_21_51_10_691,0.8,-0.03529217,566632.0,567496.0,76.22633,0.4017311,0.1358869,0.001131843,0.008707035,1.800587,2.5,-0.006396667,0.0003228283,-0.07537387,-0.04935264,-0.3458857,0.03163889,2.5
2024_02_11_21_51_10_728,0.8,-0.05087926,566869.0,567730.0,76.2055,0.4917964,0.1358917,0.0008735168,0.008724767,1.796784,2.5,-0.005685177,0.0002894892,-0.1287933,-0.03528595,-0.2754927,0.07726438,2.5
2024_02_11_21_51_10_762,0.8,-0.06669115,567088.0,567945.0,76.18674,0.574587,0.1358964,0.000632767,0.008741991,1.791519,2.5,-0.00529692,0.0004870549,-0.1788744,-0.05435943,-0.2603531,-0.07187948,2.5
2024_02_11_21_51_10_799,0.8,-0.08632375,567326.0,568178.0,76.16695,0.6647248,0.1359025,0.0003685815,0.008764002,1.783843,2.49,-0.005383475,0.000452608,-0.2343987,-0.05817413,-0.3650486,0.01966581,2.5
2024_02_11_21_51_10_832,0.8,-0.1022184,567539.0,568385.0,76.14998,0.7451638,0.1359085,0.0001320928,0.008785971,1.77529,2.49,-0.005041274,0.0005453672,-0.2832023,-0.0526905,-0.3890693,-0.03385171,2.5
2024_02_11_21_51_10_870,0.8,-0.1168426,567785.0,568623.0,76.13139,0.837853,0.1359156,6.283044,0.008811834,1.763455,2.49,-0.003987152,0.000732659,-0.3379128,-0.07510185,-0.2663434,0.03087148,2.5
2024_02_11_21_51_10_907,0.8,-0.1359927,568026.0,568852.0,76.11448,0.9281661,0.1359236,6.282777,0.008841095,1.749911,2.48,-0.004040559,0.0009670331,-0.3924178,-0.1702309,-0.3648102,-0.04984624,2.5
2024_02_11_21_51_10_941,0.8,-0.1511558,568247.0,569063.0,76.10013,1.011207,0.1359314,6.282531,0.008869764,1.735713,2.48,-0.003421491,0.001134315,-0.4419404,-0.1182556,-0.3424287,-0.02670474,2.5
2024_02_11_21_51_10_974,0.8,-0.1658013,568461.0,569266.0,76.08744,1.091836,0.1359397,6.282294,0.008900116,1.720337,2.47,-0.002972149,0.001343686,-0.4888694,-0.1649856,-0.3474354,0.02679787,2.5
2024_02_11_21_51_11_012,0.8,-0.1810526,568709.0,569500.0,76.07446,1.184698,0.13595,6.282021,0.008937632,1.70071,2.46,-0.002111105,0.00161856,-0.5425974,-0.1626015,-0.261575,0.02678856,2.5
2024_02_11_21_51_11_049,0.8,-0.1993113,568952.0,569725.0,76.06371,1.275102,0.1359603,6.281757,0.008975938,1.679646,2.46,-0.001855532,0.001904782,-0.5947766,-0.1695156,-0.3278553,-0.08044019,2.5
2024_02_11_21_51_11_087,0.8,-0.2133403,569201.0,569957.0,76.05476,1.367888,0.1359716,6.28149,0.009017359,1.65604,2.45,-0.0008483785,0.002232283,-0.6457538,-0.2040863,-0.2321005,-0.00815466,2.5
2024_02_11_21_51_11_124,0.8,-0.2312056,569444.0,570180.0,76.04826,1.458121,0.135983,6.281233,0.00905902,1.631203,2.44,-0.0007732753,0.002613722,-0.6956765,-0.2701283,-0.3175735,-0.02744794,2.5
2024_02_11_21_51_11_161,0.8,-0.2450187,569693.0,570409.0,76.04403,1.55061,0.1359952,6.280974,0.009103803,1.603805,2.43,0.0004050843,0.002727505,-0.7444189,-0.20051,-0.2166629,-0.02004392,2.5
2024_02_11_21_51_11_199,0.8,-0.2622367,569936.0,570630.0,76.04243,1.640404,0.136008,6.280725,0.009150774,1.57534,2.42,0.0004935609,0.003257253,-0.7923844,-0.2727509,-0.2881736,-0.0544507,2.5
2024_02_11_21_51_11_237,0.8,-0.2757583,570185.0,570856.0,76.04353,1.73226,0.1360214,6.280477,0.009200078,1.544316,2.41,0.001382166,0.003454089,-0.8385474,-0.2584457,-0.2230853,0.06769598,2.5
2024_02_11_21_51_11_274,0.8,-0.2923282,570428.0,571075.0,76.04738,1.821246,0.1360348,6.280239,0.009249574,1.512426,2.4,0.001793467,0.003940669,-0.8835201,-0.295639,-0.287503,0.0290703,2.5
2024_02_11_21_51_11_311,0.8,-0.3054394,570678.0,571300.0,76.05434,1.912049,0.1360494,6.280002,0.00930316,1.477997,2.39,0.002726418,0.004607143,-0.9275385,-0.319004,-0.2014935,-0.03520213,2.5
2024_02_11_21_51_11_349,0.8,-0.321193,570920.0,571517.0,76.06413,1.999734,0.1360643,6.27978,0.009357641,1.442886,2.38,0.003031304,0.004726059,-0.9686594,-0.3151893,-0.2474189,-0.05161948,2.5
2024_02_11_21_51_11_387,0.8,-0.3331548,571170.0,571739.0,76.07738,2.0889,0.1360806,6.279558,0.009417889,1.405257,2.37,0.003968116,0.00512763,-1.009776,-0.3280639,-0.1767874,0.02934411,2.5
2024_02_11_21_51_11_420,0.8,-0.3454978,571386.0,571931.0,76.09158,2.165482,0.1360935,6.279374,0.009465346,1.371365,2.35,0.004461315,0.005555894,-1.043067,-0.3540516,-0.2026558,0.06361492,2.5
2024_02_11_21_51_11_460,0.8,-0.356056,571629.0,572145.0,76.11052,2.250283,0.1361076,6.279179,0.009517299,1.332125,2.34,0.005306955,0.005993505,-1.076846,-0.4115104,-0.1511574,0.04079565,2.5
2024_02_11_21_51_11_497,0.8,-0.3690147,571879.0,572376.0,76.13304,2.33548,0.1361995,6.278943,0.009860117,1.28954,2.27,0.005811689,0.02470624,-1.21101,-3.527879,-0.1732707,0.05644932,2.5
2024_02_11_21_51_11_534,0.8,-0.3811895,572117.0,572604.0,76.15718,2.414756,0.1362288,6.278818,0.009952748,1.244388,2.26,0.009941199,-0.01415974,-1.144524,2.809524,0.2145171,0.03156252,2.5
2024_02_11_21_51_11_571,0.8,-0.3926927,572361.0,572812.0,76.18687,2.49675,0.1361191,6.278665,0.009558354,1.201638,2.31,0.005627777,0.002054797,-1.133438,0.3318786,-0.3408193,-0.0001713633,2.5
2024_02_11_21_51_11_609,0.8,-0.4049695,572603.0,573050.0,76.21854,2.574579,0.136282,6.278385,0.01016417,1.155536,2.19,0.01026135,0.02648916,-1.407935,-3.10111,0.2799034,-0.06840006,2.5
