0,1,2,3,4,5,6,7,8,9,10,11,12,13,14,15,16,17,0
2024_02_12_21_04_51_310,0.7,0.0,32.0,32.0,0.01114339,1.618133e-06,0.1351877,-8.663507e-08,0.006124447,1.445559e-05,0.6,1.426808e-05,-0.08668721,-3.279401e-05,15.98638,-0.0002154798,0.02301764,2.109
2024_02_12_21_04_51_346,0.7,0.0,116.0,116.0,0.04312795,1.559131e-06,0.1345025,-2.344149e-08,0.00364295,-3.600239e-06,1.1,-1.659614e-05,-0.05095344,2.114791e-05,11.35671,-8.551955e-05,-0.04279776,2.109
2024_02_12_21_04_51_383,0.7,0.0,238.0,238.0,0.09046403,1.712344e-06,0.1341157,3.512872e-06,0.00224483,4.049902e-05,1.44,-2.241586e-06,-0.0271527,-3.626909e-06,8.054137,9.881204e-05,0.05764921,2.109
2024_02_12_21_04_51_415,0.7,0.0,374.0,374.0,0.1436931,1.39785e-06,0.1339311,7.086027e-07,0.001578063,-3.393611e-05,1.68,-4.515229e-05,-0.01365005,-2.389196e-05,6.0606,0.0002517918,0.002731103,2.109
2024_02_12_21_04_51_449,0.7,0.0,522.0,522.0,0.2020831,1.718242e-06,0.1338503,8.585777e-07,0.001287282,6.28413e-05,1.86,5.258327e-07,-0.004060294,7.764664e-05,4.631162,0.000123485,0.008248724,2.109
2024_02_12_21_04_51_482,0.7,0.0,686.0,686.0,0.2673597,1.440079e-06,0.1338654,5.144361e-07,0.001346231,-6.497173e-06,1.98,1.057915e-05,0.008323608,1.259904e-05,2.442479,8.943697e-05,-0.01100986,2.109
2024_02_12_21_04_51_521,0.7,0.0,874.0,874.0,0.3416022,1.405174e-06,0.1339907,-4.996915e-07,0.001803995,-2.224944e-05,2.04,5.746827e-06,0.01427341,-2.927939e-07,1.250267,-6.6344e-05,0.05095405,2.109
2024_02_12_21_04_51_553,0.7,0.0,1045.0,1045.0,0.4092941,1.433716e-06,0.1341279,-3.691032e-07,0.002302558,-2.078116e-05,2.07,4.888759e-06,0.01559076,2.347402e-06,0.7719993,-2.246458e-05,0.007834751,2.109
2024_02_12_21_04_51_591,0.7,0.0,1244.0,1244.0,0.4882559,1.462156e-06,0.1342927,2.850802e-07,0.002901943,-2.030174e-05,2.09,-1.797989e-05,0.01583007,1.510065e-05,0.4210472,-1.5012e-05,0.003535766,2.109
2024_02_12_21_04_51_629,0.7,0.0,1441.0,1441.0,0.5657552,1.494554e-06,0.1344501,-7.689322e-07,0.003473881,-1.631644e-05,2.1,2.324027e-05,0.01515031,-1.965728e-05,0.2627373,-0.0001028052,-0.005975365,2.109
2024_02_12_21_04_51_667,0.7,0.0,1643.0,1643.0,0.6457085,1.5019e-06,0.1346027,-8.002331e-07,0.004028353,-1.615748e-05,2.11,3.017201e-06,0.01397446,-3.595818e-07,0.184536,6.067898e-05,-0.02081133,2.109
2024_02_12_21_04_51_701,0.7,0.0,1819.0,1819.0,0.7153106,1.516343e-06,0.1347257,1.284481e-06,0.00447539,-1.683085e-05,2.11,2.889205e-06,0.0129916,2.282473e-06,0.1175404,-0.0001420185,-0.01587346,2.109
2024_02_12_21_04_51_733,0.7,0.0,1995.0,1995.0,0.7850006,1.529133e-06,0.1348391,-1.795166e-06,0.004887945,-1.947365e-05,2.11,2.462019e-05,0.01191706,-2.098006e-05,0.07891654,0.0001789811,0.008098781,2.109
2024_02_12_21_04_51_775,0.7,0.0,2220.0,2220.0,0.8737656,1.564429e-06,0.1349697,7.92181e-07,0.005363205,-1.721765e-05,2.11,4.652783e-06,0.01066994,6.431461e-06,0.04506111,-1.531208e-05,-0.006600283,2.109
2024_02_12_21_04_51_809,0.7,0.0,2397.0,2397.0,0.9435326,1.569144e-06,0.135062,-1.345705e-06,0.005699197,-2.340933e-05,2.12,2.42489e-06,0.00976672,9.778262e-07,-0.0166893,-3.160673e-05,0.002654269,2.109
2024_02_12_21_04_51_846,0.7,0.0,2600.0,2600.0,1.023875,1.616299e-06,0.135158,1.513968e-07,0.006048749,-2.065362e-05,2.11,6.832169e-06,0.008682251,-4.562357e-07,0.01311302,-7.997073e-05,-0.02271123,2.109
2024_02_12_21_04_51_878,0.7,0.0,2777.0,2777.0,1.093641,1.65746e-06,0.135233,6.720919e-07,0.006321562,-2.101299e-05,2.11,-1.728544e-05,0.00781114,-2.295836e-05,0.01311302,7.047742e-05,0.005615875,2.109
2024_02_12_21_04_51_918,0.7,0.0,2980.0,2980.0,1.173968,1.681677e-06,0.1353104,-9.114258e-07,0.006603672,-2.421396e-05,2.11,-1.838656e-05,0.007050345,1.826922e-05,-0.02741813,5.225308e-05,0.02666935,2.109
2024_02_12_21_04_51_958,0.7,0.0,3200.0,3200.0,1.260621,1.712866e-06,0.1353844,1.180138e-08,0.006873652,-2.5314e-05,2.11,1.252466e-06,0.006210787,-3.233218e-06,-0.04076957,0.0001146943,0.04761573,2.109
2024_02_12_21_04_51_995,0.7,0.0,3403.0,3403.0,1.340918,1.746583e-06,0.1354453,-4.175086e-07,0.007094878,-2.373804e-05,2.11,1.805072e-06,0.005545684,3.403528e-06,-0.02479553,4.140054e-05,-0.02702046,2.109
2024_02_12_21_04_52_032,0.7,0.0,3601.0,3601.0,1.41909,1.760988e-06,0.1354979,1.004172e-06,0.007286952,-2.834698e-05,2.11,-1.821363e-05,0.004970403,2.065631e-05,-0.03480911,-0.0001029891,0.03696606,2.109
2024_02_12_21_04_52_070,0.7,0.0,3805.0,3805.0,1.49936,1.820997e-06,0.1355462,-3.155362e-08,0.007462698,-2.677911e-05,2.11,2.495531e-05,0.004339741,3.37475e-05,0.01621246,-0.0002684959,-0.0638403,2.109
2024_02_12_21_04_52_107,0.7,0.0,4003.0,4003.0,1.577504,1.857009e-06,0.1355879,2.244513e-07,0.007614991,-2.590519e-05,2.11,3.50961e-08,0.00381545,-8.949726e-07,0.01382828,-1.005588e-05,-0.007305294,2.109
2024_02_12_21_04_52_145,0.7,0.0,4206.0,4206.0,1.657749,1.871255e-06,0.1356262,-1.065632e-06,0.007754109,-2.980389e-05,2.11,1.217261e-06,0.003451568,-6.704091e-06,-0.01049042,0.0001942227,0.006893649,2.109
2024_02_12_21_04_52_183,0.7,0.0,4404.0,4404.0,1.735871,1.923694e-06,0.1356591,-3.616699e-07,0.007874658,-2.462265e-05,2.11,9.969574e-07,0.003062988,-4.969833e-06,-0.01335144,5.402586e-05,0.01408905,2.109
2024_02_12_21_04_52_220,0.7,0.0,4608.0,4608.0,1.816096,1.9634e-06,0.1356893,-1.49449e-06,0.007984602,-2.296215e-05,2.11,5.031206e-07,0.002783108,2.670168e-06,-0.02121925,0.0001147155,-0.0099577,2.109
2024_02_12_21_04_52_258,0.7,0.0,4806.0,4806.0,1.8942,2.002052e-06,0.1357153,2.995022e-07,0.008079879,-2.28124e-05,2.11,-6.564476e-08,0.002497939,1.116573e-06,-0.04029274,-3.423321e-05,0.05060061,2.109
2024_02_12_21_04_52_300,0.7,0.0,5030.0,5030.0,1.982852,2.040597e-06,0.1357416,3.223851e-07,0.008175487,-2.138405e-05,2.11,-1.122669e-06,0.00214157,-4.788365e-06,-0.01907349,-5.667775e-05,0.01921691,2.109
2024_02_12_21_04_52_337,0.7,0.0,5234.0,5234.0,2.063053,2.071446e-06,0.1357626,-1.173627e-06,0.00825202,-2.098834e-05,2.11,1.174158e-06,0.001833368,-6.274376e-06,0.0231266,0.0002793352,-0.03866851,2.109
2024_02_12_21_04_52_375,0.7,0.0,5432.0,5432.0,2.141139,2.098287e-06,0.1357806,-1.079101e-06,0.008318212,-2.310243e-05,2.11,2.119735e-05,0.001733428,2.897646e-05,-0.02074241,-5.338813e-05,0.03774837,2.109
2024_02_12_21_04_52_412,0.7,0.0,5635.0,5635.0,2.22133,2.148233e-06,0.1357971,-1.349091e-06,0.008378622,-2.140688e-05,2.11,4.585476e-06,0.001446669,3.972632e-06,0.003814697,-0.0001719416,0.01811795,2.109
2024_02_12_21_04_52_450,0.7,0.0,5833.0,5833.0,2.299406,2.171465e-06,0.1358114,3.620619e-07,0.008430745,-2.635646e-05,2.11,4.819607e-07,0.001358617,2.470179e-06,-0.002861023,3.715848e-05,-0.01657568,2.109
2024_02_12_21_04_52_488,0.7,0.0,6036.0,6036.0,2.37959,2.211188e-06,0.1358247,7.241513e-07,0.008478698,-2.477577e-05,2.11,6.144276e-07,0.001215432,5.920652e-07,-0.0007152557,-3.879222e-06,-0.001782551,2.109
2024_02_12_21_04_52_525,0.7,0.0,6234.0,6234.0,2.457657,2.24563e-06,0.1358359,-3.070986e-07,0.008520034,-2.501777e-05,2.11,6.266484e-07,0.001086022,-8.745883e-08,0.0007152557,0.000146655,0.01725927,2.109
2024_02_12_21_04_52_562,0.7,0.0,6432.0,6432.0,2.535722,2.28716e-06,0.135846,-1.525253e-06,0.008557108,-2.739757e-05,2.11,2.321609e-05,0.0009428697,3.150151e-05,-0.01120567,-0.0002639791,0.0324212,2.109
2024_02_12_21_04_52_600,0.7,0.0,6635.0,6635.0,2.615895,2.360742e-06,0.1358552,-5.509235e-07,0.008590665,-2.091751e-05,2.11,1.991041e-06,0.0008510015,8.712749e-06,0.02431869,-0.0001237179,-0.01364574,2.109
2024_02_12_21_04_52_637,0.7,0.0,6833.0,6833.0,2.693954,2.392724e-06,0.1358632,-2.882294e-08,0.008620022,-2.400106e-05,2.11,1.938232e-05,0.0008437011,-2.329925e-05,-0.02837181,-8.244273e-05,0.05501322,2.109
2024_02_12_21_04_52_675,0.7,0.0,7036.0,7036.0,2.774123,2.412026e-06,0.1358705,1.078132e-06,0.008646487,-2.42364e-05,2.11,-3.223856e-06,0.0007253019,3.131704e-07,-0.02503395,-4.727104e-05,0.01627393,2.109
2024_02_12_21_04_52_712,0.7,0.0,7234.0,7234.0,2.852183,2.421722e-06,0.1358767,-8.576766e-07,0.008669524,-2.724969e-05,2.11,1.716252e-05,0.0006559044,2.09562e-05,-0.01764297,-0.0001099767,0.008711591,2.109
2024_02_12_21_04_52_749,0.7,0.0,7438.0,7438.0,2.932351,2.455469e-06,0.1358825,-3.580816e-07,0.008690475,-2.508306e-05,2.11,-1.073519e-06,0.000518737,5.110307e-06,0.01573563,-4.680061e-05,0.01251697,2.109
2024_02_12_21_04_52_787,0.7,0.0,7636.0,7636.0,3.010405,2.51327e-06,0.1358875,4.244036e-07,0.008708984,-2.077156e-05,2.11,2.155709e-05,0.0004984438,-4.490817e-06,0.007390975,-0.0001637481,-0.002797693,2.109
2024_02_12_21_04_52_820,0.7,0.0,7817.0,7817.0,3.082127,2.518358e-06,0.1358917,1.496524e-06,0.008723913,-2.458388e-05,2.11,-4.842239e-06,0.0004441584,-3.274947e-06,-0.005245208,0.0001114372,0.0005532056,2.109
2024_02_12_21_04_52_862,0.7,0.0,8037.0,8037.0,3.168614,2.559453e-06,0.1358962,9.933021e-07,0.008740245,-1.653434e-05,2.11,-2.321285e-05,0.0003982868,-1.683958e-05,-0.01358986,-9.071812e-05,0.01186877,2.109
2024_02_12_21_04_52_899,0.7,0.0,8240.0,8240.0,3.248774,2.567329e-06,0.1358998,-2.860952e-07,0.008753418,-1.821832e-05,2.11,1.791404e-06,0.0004152422,4.007884e-06,0.001907349,5.439915e-05,-0.006988644,2.109
2024_02_12_21_04_52_932,0.7,0.0,8417.0,8417.0,3.318383,2.593748e-06,0.1359026,-4.414966e-07,0.00876385,-1.941129e-05,2.11,2.127741e-05,0.0003432714,-1.533029e-05,-0.00834465,7.74304e-05,0.02702325,2.109
2024_02_12_21_04_52_975,0.7,0.0,8641.0,8641.0,3.406977,2.624965e-06,0.1359057,-2.364348e-07,0.008775532,-1.868335e-05,2.11,-1.574148e-07,0.0002435314,8.270395e-07,-0.03480911,1.200306e-05,0.0003091991,2.109
2024_02_12_21_04_53_012,0.7,0.0,8839.0,8839.0,3.485019,2.644032e-06,0.1359082,1.094186e-07,0.008784323,-2.078961e-05,2.11,-2.081296e-05,0.0002912854,-2.852746e-05,0.01144409,-1.536944e-05,-0.0072252,2.109
2024_02_12_21_04_53_044,0.7,0.0,9021.0,9021.0,3.556734,2.623353e-06,0.1359102,1.795265e-06,0.008791598,-2.860547e-05,2.11,-4.322565e-06,0.000266926,2.425588e-06,0.008106232,-0.000110836,-0.007310882,2.109
2024_02_12_21_04_53_078,0.7,0.0,9197.0,9197.0,3.626341,2.626526e-06,0.135912,1.138772e-09,0.008797945,-2.85033e-05,2.11,3.350707e-06,0.000248215,8.537628e-06,-0.01573563,3.162324e-05,0.003825873,2.109
2024_02_12_21_04_53_116,0.7,0.0,9401.0,9401.0,3.706492,2.682033e-06,0.1359137,-1.38755e-06,0.008804649,-2.361435e-05,2.11,1.63618e-06,0.0003358309,3.480944e-06,-0.0166893,2.48707e-05,0.000340864,2.109
2024_02_12_21_04_53_150,0.7,0.0,9577.0,9577.0,3.776094,2.699506e-06,0.1359152,-5.80974e-07,0.008810132,-2.655568e-05,2.11,-1.837184e-05,0.000215358,-2.880666e-05,-0.004768372,0.000112494,-0.003421679,2.109
2024_02_12_21_04_53_186,0.7,0.0,9775.0,9775.0,3.85414,2.74367e-06,0.1359166,-2.657053e-06,0.008815526,-2.743528e-05,2.11,3.144759e-06,0.0001186532,-4.143918e-06,0.03123283,6.743141e-05,-0.04155188,2.109
2024_02_12_21_04_53_220,0.7,0.0,9957.0,9957.0,3.925858,2.782029e-06,0.1359178,-9.339576e-07,0.00881952,-2.725677e-05,2.11,3.634038e-06,0.0001650695,-6.345672e-06,-0.02002716,-0.0001045669,0.01908094,2.109
2024_02_12_21_04_53_259,0.7,0.0,10155.0,10155.0,4.003904,2.807398e-06,0.135919,-1.03998e-06,0.008823991,-3.195054e-05,2.11,2.569462e-05,0.0001386595,1.957349e-05,0.01883507,-8.507322e-05,-0.02254918,2.109
2024_02_12_21_04_53_290,0.7,0.0,10337.0,10337.0,4.075614,2.84705e-06,0.1359199,2.202601e-07,0.008827418,-3.274206e-05,2.11,1.28492e-06,0.0001801808,-3.976489e-06,-0.03051758,-7.52749e-05,-3.72529e-05,2.109
2024_02_12_21_04_53_328,0.7,0.0,10535.0,10535.0,4.153645,2.900139e-06,0.1359209,-8.466499e-07,0.008830935,-3.086328e-05,2.11,3.337066e-06,0.0001035057,-6.796852e-06,-0.001430511,0.0001432639,0.01140684,2.109
2024_02_12_21_04_53_366,0.7,0.0,10738.0,10738.0,4.233789,2.96021e-06,0.1359217,-3.80674e-07,0.008833798,-2.70067e-05,2.11,1.45185e-07,0.0001412106,-3.424555e-06,0.01215935,6.158558e-05,-0.0458993,2.109
2024_02_12_21_04_53_403,0.7,0.0,10936.0,10936.0,4.311824,3.005337e-06,0.1359225,2.189516e-07,0.008836508,-2.630536e-05,2.11,2.433297e-08,6.947429e-05,5.17943e-06,0.003099441,-0.0001516529,0.007651746,2.109
2024_02_12_21_04_53_437,0.7,0.0,11112.0,11112.0,4.381423,3.058451e-06,0.135923,6.173047e-07,0.008838833,-1.785166e-05,2.11,6.374448e-07,-1.065163e-05,4.681147e-06,0.00667572,7.309068e-05,0.01918525,2.109
2024_02_12_21_04_53_475,0.7,0.0,11315.0,11315.0,4.461569,3.08107e-06,0.1359235,-1.652606e-07,0.008840829,-1.85238e-05,2.11,-2.218035e-06,0.0001029607,5.018529e-06,-0.05125999,-6.527938e-05,0.04209764,2.109
2024_02_12_21_04_53_512,0.7,0.0,11513.0,11513.0,4.539604,3.108895e-06,0.1359242,-1.268406e-06,0.008842887,-1.636587e-05,2.11,2.16654e-05,-4.622133e-06,-1.815948e-05,-0.00834465,3.741974e-05,-0.003695488,2.109
2024_02_12_21_04_53_549,0.7,0.0,11717.0,11717.0,4.619748,3.1246e-06,0.1359246,-1.766537e-07,0.008844467,-1.925423e-05,2.11,-8.535965e-07,8.95339e-06,-6.601577e-06,-0.01788139,3.019408e-06,0.03815815,2.109
2024_02_12_21_04_53_587,0.7,0.0,11915.0,11915.0,4.697782,3.163138e-06,0.1359249,-1.077247e-07,0.008845688,-1.639159e-05,2.11,1.674354e-06,8.334924e-05,5.453085e-06,0.00333786,-6.520366e-05,4.097819e-05,2.109
2024_02_12_21_04_53_620,0.7,0.0,12096.0,12096.0,4.769489,3.203119e-06,0.1359252,-8.71686e-07,0.008847089,-1.403706e-05,2.11,-2.167678e-07,3.657031e-05,4.104013e-06,0.03433228,-9.905022e-06,-0.05703792,2.109
2024_02_12_21_04_53_657,0.7,0.0,12294.0,12294.0,4.847524,3.248151e-06,0.1359255,2.542107e-07,0.008848341,-8.689275e-06,2.11,-6.234751e-07,0.0001001943,-1.372132e-06,-0.001907349,-3.731736e-05,0.0001266599,2.109
2024_02_12_21_04_53_695,0.7,0.0,12498.0,12498.0,4.927668,3.238214e-06,0.135926,-7.872527e-07,0.00884956,-1.054402e-05,2.11,-1.903461e-06,4.909335e-05,-1.145638e-05,0.00667572,9.183386e-05,-0.003691762,2.109
2024_02_12_21_04_53_731,0.7,0.0,12695.0,12695.0,5.005698,3.237142e-06,0.1359264,-2.699099e-07,0.008850784,-1.242939e-05,2.11,-1.233527e-07,6.611104e-05,-1.692884e-06,-0.03099441,8.867602e-06,0.05343184,2.109
2024_02_12_21_04_53_770,0.7,0.0,12899.0,12899.0,5.085833,3.263062e-06,0.1359265,-2.633971e-06,0.008851438,-9.533327e-06,2.11,-1.010658e-07,0.0001273633,1.328344e-06,-0.002384186,9.545996e-05,-0.003844499,2.109
2024_02_12_21_04_53_803,0.7,0.0,13075.0,13075.0,5.155431,3.285371e-06,0.1359268,-1.100191e-08,0.008852303,-1.077404e-05,2.11,1.810333e-06,3.982951e-06,1.082913e-06,0.03004074,-9.496227e-05,-0.03814325,2.109
2024_02_12_21_04_53_841,0.7,0.0,13273.0,13273.0,5.233466,3.319481e-06,0.1359269,-2.224339e-07,0.008852811,-9.376745e-06,2.11,-2.121157e-07,0.0001269858,1.574128e-06,0.01621246,-7.517684e-06,-0.03798865,2.109
2024_02_12_21_04_53_879,0.7,0.0,13476.0,13476.0,5.31361,3.319261e-06,0.1359271,-5.230503e-07,0.008853614,-1.508274e-05,2.11,-1.58699e-06,4.491637e-05,-2.080138e-06,0.02765655,5.174948e-05,-0.01513213,2.109
2024_02_12_21_04_53_912,0.7,0.0,13653.0,13653.0,5.383209,3.350471e-06,0.1359272,-1.861254e-07,0.008853972,-1.186206e-05,2.11,2.000203e-07,0.0001009144,1.903751e-06,-0.0269413,-1.298935e-05,0.0150837,2.109
2024_02_12_21_04_53_945,0.7,0.0,13835.0,13835.0,5.454916,3.384273e-06,0.1359274,-4.512383e-07,0.008854538,-8.983384e-06,2.11,2.293297e-06,9.241008e-06,-2.087163e-06,-0.002384186,4.030437e-05,-0.003894791,2.109
2024_02_12_21_04_53_982,0.7,0.0,14033.0,14033.0,5.532951,3.41465e-06,0.1359275,6.00409e-07,0.008855046,-7.087734e-06,2.11,-2.172347e-05,-1.166589e-05,1.463126e-05,0.02026558,5.728586e-05,-0.02666749,2.109
2024_02_12_21_04_54_016,0.7,0.0,14209.0,14209.0,5.602551,3.449394e-06,0.1359275,-3.632246e-07,0.008855194,-4.31054e-06,2.11,-2.300254e-05,0.000100371,-3.265974e-05,-0.01144409,0.0001409262,0.02682209,2.109
2024_02_12_21_04_54_057,0.7,0.0,14434.0,14434.0,5.691123,3.462089e-06,0.1359277,8.717117e-08,0.008855524,-5.592553e-06,2.11,-1.743216e-06,2.117214e-05,8.740195e-07,-0.0231266,2.165811e-05,0.0457447,2.109
2024_02_12_21_04_54_090,0.7,0.0,14610.0,14610.0,5.760712,3.48527e-06,0.1359278,1.534116e-06,0.008856059,-5.701767e-07,2.11,2.659365e-07,2.737642e-05,-3.605433e-05,-0.01978874,0.0001101403,-0.01134537,2.109
2024_02_12_21_04_54_128,0.7,0.0,14813.0,14813.0,5.840846,3.504724e-06,0.1359278,9.441219e-07,0.00885609,-1.39322e-06,2.11,1.83694e-05,-1.609178e-05,-1.436162e-05,-0.002861023,-0.0001648532,-0.01931004,2.109
2024_02_12_21_04_54_165,0.7,0.0,15011.0,15011.0,5.918875,3.513534e-06,0.1359279,9.997106e-07,0.008856297,-1.407982e-06,2.11,-1.646951e-06,4.442284e-05,-2.196273e-06,-0.0269413,6.802065e-05,0.01517497,2.109
2024_02_12_21_04_54_203,0.7,0.0,15215.0,15215.0,5.999013,3.500337e-06,0.1359279,1.145163e-06,0.008856355,-3.911987e-06,2.11,-1.143088e-06,3.271625e-05,-2.863394e-06,-0.01168251,-3.423433e-05,-0.0154674,2.109
2024_02_12_21_04_54_241,0.7,0.0,15412.0,15412.0,6.077044,3.488007e-06,0.1359279,4.142106e-08,0.008856355,-4.014426e-06,2.11,-2.008265e-06,9.478648e-05,-2.704563e-06,-0.0257492,5.648661e-05,-0.0001396984,2.109
2024_02_12_21_04_54_273,0.7,0.0,15594.0,15594.0,6.148748,3.497505e-06,0.1359278,-7.667726e-08,0.008856417,-3.241209e-06,2.11,2.0193e-05,9.22656e-05,-1.727309e-05,0.0257492,-1.685578e-06,-0.0190977,2.109
2024_02_12_21_04_54_307,0.7,0.0,15771.0,15771.0,6.218344,3.496208e-06,0.135928,9.659705e-07,0.008856803,-3.14321e-06,2.11,-1.784429e-06,-1.559964e-05,-9.369445e-07,0.003814697,-0.0001884969,0.01131743,2.109
2024_02_12_21_04_54_340,0.7,0.0,15947.0,15947.0,6.287942,3.496864e-06,0.135928,1.132113e-06,0.008856981,-1.680872e-06,2.11,-8.022613e-07,-1.700391e-05,-1.158001e-06,0.008106232,-5.649099e-07,-0.04978664,2.109
2024_02_12_21_04_54_378,0.7,0.0,16150.0,16150.0,6.368086,3.516119e-06,0.1359281,-1.84839e-07,0.008857251,1.423263e-06,2.11,6.465778e-07,-5.399306e-05,2.13145e-07,-0.002384186,2.001479e-05,0.007590279,2.109
2024_02_12_21_04_54_420,0.7,0.0,16375.0,16375.0,6.456666,3.536206e-06,0.1359281,4.760537e-07,0.008857429,4.55867e-06,2.11,4.870407e-07,-3.057829e-05,6.763601e-06,-0.002145767,-0.0001547253,0.06501004,2.109
2024_02_12_21_04_54_459,0.7,0.0,16573.0,16573.0,6.534701,3.513681e-06,0.1359281,1.36436e-07,0.008857459,3.038034e-06,2.11,-1.112482e-06,3.533635e-05,9.427563e-07,-0.06747246,2.248674e-05,0.04559569,2.109
2024_02_12_21_04_54_496,0.7,0.0,16776.0,16776.0,6.614845,3.497047e-06,0.1359282,-3.577275e-07,0.008857548,1.544228e-06,2.11,9.325124e-09,-3.18351e-05,-1.939377e-06,0.0371933,7.323952e-05,-0.0611078,2.109
2024_02_12_21_04_54_533,0.7,0.0,16974.0,16974.0,6.69288,3.523838e-06,0.1359282,1.132592e-06,0.008857548,8.216831e-06,2.11,-7.471571e-07,-2.462634e-05,9.982913e-07,0.0166893,-0.0001520686,-0.01535006,2.109
2024_02_12_21_04_54_565,0.7,0.0,17150.0,17150.0,6.762479,3.506257e-06,0.1359282,-2.983541e-07,0.008857577,4.078322e-06,2.11,-1.09944e-06,-2.72478e-05,4.544315e-07,0.01239777,6.600167e-05,-0.06127357,2.109
2024_02_12_21_04_54_602,0.7,0.0,17354.0,17354.0,6.842623,3.515373e-06,0.1359282,5.960732e-07,0.008857756,2.619015e-06,2.11,2.798427e-06,4.136329e-05,1.310451e-06,0.00333786,-2.377345e-05,-0.05720928,2.109
2024_02_12_21_04_54_639,0.7,0.0,17552.0,17552.0,6.920658,3.508486e-06,0.1359282,-3.542858e-09,0.008857577,1.5533e-06,2.11,2.124023e-05,7.060673e-06,-2.136466e-05,0.02551079,-1.513979e-05,-0.04966184,2.109
2024_02_12_21_04_54_675,0.7,0.0,17733.0,17733.0,6.992365,3.500468e-06,0.1359281,1.757592e-07,0.008857727,8.095367e-07,2.11,-1.070751e-06,1.010574e-05,-1.252522e-06,0.01740456,3.239128e-05,-0.03035553,2.109
2024_02_12_21_04_54_711,0.7,0.0,17931.0,17931.0,7.0704,3.484468e-06,0.1359282,3.583282e-07,0.008857727,-3.260852e-07,2.11,-1.517007e-06,3.953734e-05,1.142162e-06,-0.03290176,4.725785e-05,0.09177997,2.109
2024_02_12_21_04_54_749,0.7,0.0,18134.0,18134.0,7.150544,3.485502e-06,0.1359282,6.651006e-08,0.008857696,1.980502e-06,2.11,1.071847e-06,-1.075403e-05,4.916354e-06,-0.003099441,-3.140934e-05,0.03050081,2.109
2024_02_12_21_04_54_782,0.7,0.0,18311.0,18311.0,7.220143,3.468774e-06,0.1359282,4.910945e-07,0.008857726,-2.346161e-07,2.11,-9.361644e-07,3.55865e-05,4.826928e-06,0.03361702,-5.75242e-05,-0.06867573,2.109
2024_02_12_21_04_54_820,0.7,0.0,18514.0,18514.0,7.300287,3.440947e-06,0.1359282,-1.028851e-07,0.008857787,-3.322201e-06,2.11,1.079994e-06,6.367413e-05,1.48302e-06,-0.001192093,-1.792102e-06,0.02293102,2.109
2024_02_12_21_04_54_852,0.7,0.0,18691.0,18691.0,7.369885,3.454444e-06,0.1359283,-3.718411e-07,0.008857877,-2.489621e-06,2.11,3.855011e-06,1.468247e-05,2.851409e-06,-0.005483627,-3.934531e-05,0.007530674,2.109
2024_02_12_21_04_54_890,0.7,0.0,18889.0,18889.0,7.44792,3.480935e-06,0.1359283,-2.407987e-07,0.008857817,-1.328431e-06,2.11,1.612851e-06,4.466523e-05,4.244439e-07,-0.03004074,-3.269514e-05,0.01500361,2.109
2024_02_12_21_04_54_924,0.7,0.0,19070.0,19070.0,7.519628,3.488211e-06,0.1359283,-8.408089e-08,0.008857877,1.705508e-07,2.11,4.530164e-09,6.159757e-05,8.918046e-07,0.002861023,5.263772e-06,-7.078052e-05,2.109
2024_02_12_21_04_54_960,0.7,0.0,19268.0,19268.0,7.597663,3.49022e-06,0.1359282,-5.757003e-07,0.008857877,6.161087e-07,2.11,6.316852e-07,5.373849e-05,-8.133026e-06,0.02336502,0.000169362,-0.05731359,2.109
2024_02_12_21_04_54_995,0.7,0.0,19450.0,19450.0,7.669371,3.474646e-06,0.1359282,-1.369551e-07,0.008858055,-3.437412e-06,2.11,1.971775e-05,7.712316e-05,2.64627e-05,-0.01168251,-0.0001367905,-0.003727153,2.109
2024_02_12_21_04_55_032,0.7,0.0,19648.0,19648.0,7.747405,3.490446e-06,0.1359283,-1.864631e-07,0.008858025,-1.061383e-06,2.11,-1.74928e-05,-1.039276e-05,-2.345753e-05,0.009536743,0.000114877,-0.01914799,2.109
2024_02_12_21_04_55_069,0.7,0.0,19851.0,19851.0,7.827565,3.481355e-06,0.1359282,-1.13082e-06,0.008857995,-7.11041e-06,2.11,8.669538e-07,1.960692e-05,6.392165e-06,0.0462532,-6.512843e-05,-0.05316175,2.109
2024_02_12_21_04_55_106,0.7,0.0,20049.0,20049.0,7.905622,3.505526e-06,0.1359283,-2.298767e-06,0.008857967,-6.696195e-06,2.11,2.433392e-05,0.0001003107,1.935217e-05,-0.01502037,-8.461466e-05,-0.01138821,2.109
2024_02_12_21_04_55_139,0.7,0.0,20225.0,20225.0,7.97524,3.527007e-06,0.1359282,-3.434529e-07,0.008857965,-6.245635e-06,2.11,1.145747e-06,1.163309e-06,2.948235e-06,0.0166893,7.227455e-05,-0.02290308,2.109
2024_02_12_21_04_55_177,0.7,0.0,20429.0,20429.0,8.055411,3.534352e-06,0.1359282,-1.897289e-08,0.008857996,-6.636905e-06,2.11,-1.972845e-06,6.614427e-05,-2.283015e-06,-0.03552437,6.062578e-05,0.01534261,2.109
2024_02_12_21_04_55_211,0.7,0.0,20605.0,20605.0,8.125038,3.535208e-06,0.1359282,-9.022158e-07,0.008857996,-8.300022e-06,2.11,-8.496998e-08,-7.54207e-06,3.122953e-07,-0.002145767,7.630807e-05,0.03067776,2.109
2024_02_12_21_04_55_248,0.7,0.0,20808.0,20808.0,8.205207,3.552602e-06,0.1359282,-2.200145e-07,0.008858024,-9.01321e-06,2.11,6.56084e-07,-2.878656e-05,1.587795e-06,0.01621246,5.843412e-05,-0.04580058,2.109
2024_02_12_21_04_55_290,0.7,0.0,21028.0,21028.0,8.291706,3.57846e-06,0.1359282,-3.250993e-07,0.008857757,-9.255469e-06,2.11,2.053238e-06,-3.071289e-05,-2.702436e-07,0.009298325,-5.419042e-05,-0.03064237,2.109
2024_02_12_21_04_55_328,0.7,0.0,21231.0,21231.0,8.371874,3.591636e-06,0.1359282,-9.547734e-07,0.008857816,-9.248253e-06,2.11,-6.851455e-07,6.200913e-05,-9.103748e-07,0.03290176,-6.451851e-05,-0.06852858,2.109
2024_02_12_21_04_55_360,0.7,0.0,21407.0,21407.0,8.441497,3.609836e-06,0.1359282,1.199352e-06,0.008857816,-8.101449e-06,2.11,-1.129722e-06,0.0001085912,-7.923489e-07,-0.01788139,-8.746969e-05,0.01537427,2.109
2024_02_12_21_04_55_398,0.7,0.0,21611.0,21611.0,8.521664,3.606658e-06,0.1359282,-2.283487e-07,0.008857817,-1.056573e-05,2.11,2.225025e-07,3.899855e-05,-4.717539e-06,0.003814697,5.637861e-05,0.00780262,2.109
2024_02_12_21_04_55_435,0.7,0.0,21809.0,21809.0,8.599727,3.61055e-06,0.1359283,-9.393335e-07,0.008857997,-1.465686e-05,2.11,-6.699287e-07,-7.84504e-06,-2.809476e-06,-0.01835823,0.0001128186,0.0152383,2.109
2024_02_12_21_04_55_478,0.7,0.0,22033.0,22033.0,8.688334,3.635617e-06,0.1359282,-2.329119e-07,0.008858026,-1.40901e-05,2.11,1.38938e-06,-2.731911e-05,1.63023e-06,0.01788139,-2.930113e-05,-0.03035366,2.109
2024_02_12_21_04_55_510,0.7,0.0,22210.0,22210.0,8.757958,3.655074e-06,0.1359283,-3.560453e-08,0.008857817,-1.302784e-05,2.11,5.307671e-07,1.749141e-05,-3.443342e-06,-0.01454353,3.654321e-06,0.01519546,2.109
2024_02_12_21_04_55_544,0.7,0.0,22386.0,22386.0,8.827578,3.680556e-06,0.1359282,-9.259535e-07,0.008857877,-1.342449e-05,2.11,-1.792065e-05,-3.136846e-05,-3.415741e-05,0.02837181,0.0003209854,-0.04968047,2.109
2024_02_12_21_04_55_581,0.7,0.0,22589.0,22589.0,8.907744,3.682749e-06,0.1359282,-3.580274e-07,0.008857906,-2.073748e-05,2.11,8.395949e-07,7.603305e-05,5.519755e-07,-0.02527237,-6.216907e-06,0.02300367,2.109
2024_02_12_21_04_55_615,0.7,0.0,22766.0,22766.0,8.977366,3.69127e-06,0.1359282,6.185365e-07,0.008857907,-2.2665e-05,2.11,2.815469e-07,5.906854e-05,3.232598e-07,0.03314018,1.604855e-05,-0.06098859,2.109
2024_02_12_21_04_55_648,0.7,0.0,22948.0,22948.0,9.049097,3.703367e-06,0.1359282,-2.137258e-06,0.008857847,-2.458821e-05,2.11,1.539488e-06,8.469212e-06,4.546472e-06,0.01835823,0.00018711,-0.04599429,2.109
2024_02_12_21_04_55_686,0.7,0.0,23146.0,23146.0,9.127154,3.735333e-06,0.1359284,-1.386799e-06,0.008857937,-2.687943e-05,2.11,3.572445e-06,4.019953e-05,2.407353e-06,0.003099441,-7.487062e-05,-0.03070757,2.109
2024_02_12_21_04_55_719,0.7,0.0,23322.0,23322.0,9.196781,3.759995e-06,0.1359283,-1.65675e-06,0.008857996,-2.918934e-05,2.11,2.541347e-06,-2.443479e-05,-5.204081e-07,0.006914138,7.989399e-05,-0.007795169,2.109
2024_02_12_21_04_55_756,0.7,0.0,23525.0,23525.0,9.276954,3.821488e-06,0.1359283,8.573576e-07,0.008858026,-2.714797e-05,2.11,-1.913915e-05,5.644223e-05,2.029756e-05,-0.0231266,2.601359e-05,-0.004090369,2.109
2024_02_12_21_04_55_794,0.7,0.0,23723.0,23723.0,9.355012,3.866247e-06,0.1359282,5.82333e-07,0.008858087,-2.439108e-05,2.11,-2.215069e-05,2.318799e-05,-2.222632e-05,0.002384186,5.14259e-05,0.00773184,2.109
2024_02_12_21_04_55_832,0.7,0.0,23927.0,23926.0,9.435178,3.91479e-06,0.1359283,5.870763e-07,0.008857847,-2.18147e-05,2.11,-5.125991e-07,7.135321e-07,7.935698e-06,-0.02479553,-0.0001452354,0.03808737,2.109
2024_02_12_21_04_55_865,0.7,0.0,24103.0,24103.0,9.5048,3.921481e-06,0.1359282,8.598965e-07,0.008857966,-2.502184e-05,2.11,-2.285615e-06,-1.386174e-06,-7.799911e-06,0.001430511,1.113483e-05,0.05369447,2.109
2024_02_12_21_04_55_903,0.7,0.0,24306.0,24306.0,9.58497,3.946094e-06,0.1359283,-5.32274e-07,0.008858145,-2.219319e-05,2.11,2.087666e-05,-5.153005e-06,2.913983e-05,-0.01215935,-4.108801e-05,0.01162849,2.109
2024_02_12_21_04_55_940,0.7,0.0,24504.0,24504.0,9.663029,3.96661e-06,0.1359283,-6.980773e-07,0.008858087,-2.263749e-05,2.11,2.837984e-06,5.783416e-05,-8.290274e-06,-0.009059906,0.0001879325,-0.08415616,2.109
2024_02_12_21_04_55_973,0.7,0.0,24686.0,24686.0,9.734756,4.001015e-06,0.1359283,5.673418e-07,0.008858026,-2.231672e-05,2.11,-9.095089e-07,6.159915e-05,1.098094e-05,0.003099441,-0.000295285,-0.05336105,2.109
2024_02_12_21_04_56_010,0.7,0.0,24884.0,24884.0,9.812816,4.01421e-06,0.1359283,-4.653641e-07,0.008858115,-2.351108e-05,2.11,-2.269877e-08,6.806034e-05,-4.610497e-06,-0.02527237,3.1892e-05,0.02288818,2.109
2024_02_12_21_04_56_044,0.7,0.0,25060.0,25060.0,9.882437,4.048551e-06,0.1359283,5.009293e-07,0.008858056,-2.201602e-05,2.11,1.488006e-06,6.208444e-05,2.275582e-07,0.005245208,2.92971e-07,-0.034431,2.109
2024_02_12_21_04_56_081,0.7,0.0,25264.0,25264.0,9.962605,4.072527e-06,0.1359283,-6.453597e-08,0.008858236,-2.24771e-05,2.11,2.921632e-07,5.454705e-05,-8.640142e-07,-0.03075599,9.871598e-06,0.0459589,2.109
2024_02_12_21_04_56_115,0.7,0.0,25440.0,25440.0,10.03223,4.096124e-06,0.1359283,1.808564e-06,0.008858206,-2.392874e-05,2.11,-2.020161e-05,7.09357e-05,-3.773218e-05,-0.007390975,-6.842885e-05,-0.01525693,2.109
2024_02_12_21_04_56_152,0.7,0.0,25643.0,25643.0,10.1124,4.119779e-06,0.1359284,1.750366e-07,0.008858086,-2.359079e-05,2.11,-2.049027e-05,6.411144e-09,-2.759301e-05,-0.007390975,0.0002455457,0.00369735,2.109
2024_02_12_21_04_56_190,0.7,0.0,25841.0,25841.0,10.19046,4.159378e-06,0.1359283,1.6165e-07,0.008857907,-2.011902e-05,2.11,-4.219958e-05,1.178415e-05,-1.00424e-05,0.007390975,0.0001385205,-0.0002458692,2.109
2024_02_12_21_04_56_223,0.7,0.0,26023.0,26023.0,10.2622,4.205761e-06,0.1359283,4.459937e-07,0.008858086,-1.540612e-05,2.11,1.90347e-06,3.858028e-05,5.192107e-06,-0.001192093,3.100314e-05,0.02693943,2.109
2024_02_12_21_04_56_260,0.7,0.0,26221.0,26221.0,10.34026,4.225146e-06,0.1359283,-3.27079e-07,0.008857937,-1.878549e-05,2.11,8.349587e-07,4.657902e-05,-4.330134e-07,0.008821487,-1.624704e-05,-0.03808364,2.109
2024_02_12_21_04_56_298,0.7,0.0,26424.0,26424.0,10.42043,4.271427e-06,0.1359283,-6.594079e-07,0.008858056,-1.635401e-05,2.11,-1.876335e-05,6.071626e-05,-3.544407e-05,0.007629394,0.0001955832,0.03453903,2.109
2024_02_12_21_04_56_338,0.7,0.0,26622.0,26622.0,10.49849,4.296082e-06,0.1359283,-7.86915e-07,0.008858056,-1.85524e-05,2.11,1.988322e-05,-2.958246e-05,-1.716733e-05,0.05936622,-5.331665e-05,-0.06477721,2.109
2024_02_12_21_04_56_373,0.7,0.0,26825.0,26825.0,10.57866,4.306385e-06,0.1359283,-7.315936e-07,0.008858145,-2.178052e-05,2.11,-3.659332e-08,3.355479e-05,-3.684607e-06,-0.004768372,1.783263e-05,0.01548044,2.109
2024_02_12_21_04_56_406,0.7,0.0,27002.0,27002.0,10.64828,4.325694e-06,0.1359283,6.281155e-07,0.008858028,-2.200795e-05,2.11,5.875094e-07,3.250916e-05,-1.609529e-06,0.02193451,-3.491539e-05,-0.05329959,2.109
2024_02_12_21_04_56_445,0.7,0.0,27200.0,27200.0,10.72635,4.33895e-06,0.1359283,1.051806e-08,0.008858026,-2.341559e-05,2.11,-2.23714e-05,4.680616e-05,1.799145e-05,-0.01978874,-0.0001099121,0.05340948,2.109
2024_02_12_21_04_56_482,0.7,0.0,27403.0,27403.0,10.80652,4.370052e-06,0.1359283,-1.528779e-06,0.008858057,-2.359167e-05,2.11,1.469865e-06,3.728516e-05,-2.985521e-06,-0.007629394,8.249179e-05,-0.0613071,2.109
2024_02_12_21_04_56_515,0.7,0.0,27579.0,27579.0,10.87614,4.395187e-06,0.1359283,1.054395e-07,0.008857938,-2.264477e-05,2.11,-2.239931e-05,6.707227e-05,-2.897877e-05,-0.04577636,-8.582413e-05,0.0609979,2.109
2024_02_12_21_04_56_552,0.7,0.0,27783.0,27783.0,10.95631,4.42564e-06,0.1359284,-1.129806e-06,0.008858115,-2.250599e-05,2.11,2.2364e-05,-2.422302e-05,-1.638925e-05,-0.009536743,-1.000529e-05,-0.01185201,2.109
2024_02_12_21_04_56_589,0.7,0.0,27981.0,27980.0,11.03437,4.440973e-06,0.1359284,-1.420359e-06,0.008858144,-2.631428e-05,2.11,-5.961284e-07,1.747826e-05,7.843741e-06,0.010252,-1.867659e-05,-0.01147762,2.109
2024_02_12_21_04_56_624,0.7,0.0,28157.0,28157.0,11.104,4.459778e-06,0.1359283,-3.24066e-07,0.008858235,-2.770516e-05,2.11,7.068634e-07,2.460047e-05,8.123647e-07,-0.009298325,4.64189e-06,0.007634982,2.109
2024_02_12_21_04_56_661,0.7,0.0,28360.0,28360.0,11.18417,4.508585e-06,0.1359283,1.384905e-07,0.008858175,-2.835929e-05,2.11,1.946433e-06,1.284209e-05,5.445206e-07,0.002861023,-0.0001223742,0.0001005828,2.109
2024_02_12_21_04_56_693,0.7,0.0,28537.0,28537.0,11.25379,4.53583e-06,0.1359283,-1.053464e-06,0.008858206,-2.818864e-05,2.11,2.150031e-05,5.363891e-06,-2.078839e-05,-0.00333786,0.0001355637,0.01532771,2.109
2024_02_12_21_04_56_731,0.7,0.0,28740.0,28740.0,11.33396,4.566038e-06,0.1359283,-2.661911e-07,0.008858086,-2.894556e-05,2.11,1.228449e-07,-1.23295e-05,1.30153e-06,0.02789497,-2.019737e-05,-0.01510046,2.109
2024_02_12_21_04_56_764,0.7,0.0,28916.0,28916.0,11.40358,4.622345e-06,0.1359283,2.339242e-07,0.008858086,-2.521388e-05,2.11,2.438846e-06,4.297075e-05,2.939507e-06,-0.02551079,4.156419e-05,0.04201755,2.109
2024_02_12_21_04_56_803,0.7,0.0,29120.0,29120.0,11.48376,4.663884e-06,0.1359283,9.86199e-07,0.008857996,-2.267171e-05,2.11,-6.126529e-07,-2.371267e-05,-1.109337e-06,0.03266335,-5.235591e-05,-0.03048591,2.109
2024_02_12_21_04_56_839,0.7,0.0,29318.0,29318.0,11.56182,4.696126e-06,0.1359283,-1.26685e-06,0.008857997,-2.11634e-05,2.11,-3.944597e-07,4.889851e-05,4.350874e-06,-0.01597404,-4.947481e-05,-0.02693385,2.109
2024_02_12_21_04_56_873,0.7,0.0,29494.0,29494.0,11.63144,4.707133e-06,0.1359283,-1.971783e-06,0.008858026,-2.435903e-05,2.11,4.152433e-05,2.473735e-05,9.777804e-06,-0.01192093,-0.0001164914,0.022972,2.109
2024_02_12_21_04_56_916,0.7,0.0,29719.0,29719.0,11.72005,4.72016e-06,0.1359282,2.658379e-06,0.008858085,-2.32246e-05,2.11,-3.798905e-06,-9.069957e-06,3.028101e-06,0.02026558,-0.0001233889,0.01557358,2.109
2024_02_12_21_04_56_948,0.7,0.0,29895.0,29895.0,11.78967,4.744742e-06,0.1359284,-4.988887e-07,0.008858115,-1.827932e-05,2.11,-9.393011e-08,-3.926638e-07,-3.566651e-06,-0.01335144,-0.000125667,0.03423169,2.109
2024_02_12_21_04_56_985,0.7,0.0,30098.0,30098.0,11.86982,4.771692e-06,0.1359284,5.883614e-07,0.008858622,-1.526375e-05,2.11,-4.315452e-05,-2.010202e-05,-8.84336e-06,-0.004768372,-4.650945e-05,-0.03062933,2.109
2024_02_12_21_04_57_023,0.7,0.0,30296.0,30296.0,11.94787,4.805171e-06,0.1359285,6.687931e-07,0.008858652,-1.465807e-05,2.11,1.10724e-06,-0.0001179818,-7.670558e-07,0.003099441,1.352663e-05,0.01516566,2.109
2024_02_12_21_04_57_056,0.7,0.0,30478.0,30478.0,12.01958,4.812591e-06,0.1359286,-1.578543e-08,0.008858653,-1.706987e-05,2.11,2.517126e-08,-5.466941e-05,7.15878e-07,0.0009536743,-3.972295e-05,0.08407421,2.109
2024_02_12_21_04_57_090,0.7,0.0,30655.0,30655.0,12.08918,4.837637e-06,0.1359285,3.281657e-07,0.008858622,-1.574766e-05,2.11,-4.034797e-07,1.126944e-05,8.491169e-07,-0.004529953,-0.0002335747,0.007720664,2.109
2024_02_12_21_04_57_127,0.7,0.0,30858.0,30858.0,12.16934,4.859589e-06,0.1359285,-5.21479e-07,0.008858503,-1.476673e-05,2.11,-6.355958e-07,-7.863645e-05,3.330453e-06,0.04553794,1.724567e-05,-0.05346723,2.109
2024_02_12_21_04_57_163,0.7,0.0,31056.0,31056.0,12.24737,4.856457e-06,0.1359284,-9.689915e-07,0.008858442,-2.210507e-05,2.11,2.251228e-05,-2.557542e-05,3.074229e-05,-0.01049042,-0.0001163339,0.00372529,2.109
2024_02_12_21_04_57_198,0.7,0.0,31232.0,31232.0,12.31697,4.869325e-06,0.1359285,1.874728e-06,0.008858711,-2.263692e-05,2.11,-2.175009e-05,-0.0001025141,-3.090784e-05,0.02813339,0.0001105068,-0.05738809,2.109
2024_02_12_21_04_57_235,0.7,0.0,31435.0,31435.0,12.39712,4.891925e-06,0.1359285,1.48816e-07,0.008858502,-2.46623e-05,2.11,2.400818e-05,-1.165218e-05,-1.788751e-05,-0.01192093,-0.0001462093,0.01138076,2.109
2024_02_12_21_04_57_273,0.7,0.0,31633.0,31633.0,12.47516,4.921625e-06,0.1359285,-7.466204e-07,0.008858503,-2.220747e-05,2.11,-1.530732e-06,-2.645962e-05,3.905561e-07,-0.02098083,9.31351e-06,0.02657249,2.109
2024_02_12_21_04_57_310,0.7,0.0,31836.0,31836.0,12.55531,4.92063e-06,0.1359284,1.107151e-06,0.008858235,-2.510579e-05,2.11,-2.073137e-05,2.630559e-05,2.125363e-05,-0.009298325,-7.186034e-05,0.01895241,2.109
2024_02_12_21_04_57_347,0.7,0.0,32034.0,32034.0,12.63335,4.957394e-06,0.1359284,-9.732235e-07,0.008858533,-2.437795e-05,2.11,4.509718e-06,-3.750417e-05,6.614551e-06,0.003099441,1.589853e-06,-0.05331635,2.109
2024_02_12_21_04_57_386,0.7,0.0,32238.0,32238.0,12.71351,5.024814e-06,0.1359282,-3.235479e-07,0.008858115,-2.387064e-05,2.11,2.863676e-06,2.038288e-05,7.621973e-06,0.03623962,4.156504e-05,-0.01884997,2.109
2024_02_12_21_04_57_423,0.7,0.0,32435.0,32435.0,12.79157,5.053845e-06,0.1359283,8.48901e-08,0.008857966,-2.775504e-05,2.11,-1.681179e-05,-3.766637e-07,-3.098742e-05,-0.03099441,0.000155187,0.06486103,2.109
2024_02_12_21_04_57_459,0.7,0.0,32639.0,32639.0,12.87174,5.096822e-06,0.1359283,-8.661089e-07,0.008857937,-2.993873e-05,2.11,2.200769e-06,5.685514e-05,4.673938e-06,-0.01311302,-4.932451e-05,-5.587935e-06,2.109
2024_02_12_21_04_57_494,0.7,0.0,32815.0,32815.0,12.94136,5.129452e-06,0.1359282,6.255344e-07,0.008857877,-3.129784e-05,2.11,-2.004598e-05,1.538689e-05,1.88572e-05,0.04005432,0.0001139703,-0.05717948,2.109
2024_02_12_21_04_57_531,0.7,0.0,33018.0,33018.0,13.02154,5.190241e-06,0.1359282,3.34062e-07,0.008858056,-2.524178e-05,2.11,-1.951555e-05,-2.672576e-05,-2.531567e-05,0.01716614,0.0001281996,0.004040077,2.109
2024_02_12_21_04_57_568,0.7,0.0,33216.0,33216.0,13.0996,5.202345e-06,0.1359282,-7.433402e-07,0.008857787,-3.158739e-05,2.11,1.85356e-05,2.663265e-06,2.629298e-05,0.02408027,-0.0001051853,-0.06474741,2.109
2024_02_12_21_04_57_606,0.7,0.0,33420.0,33420.0,13.17976,5.244363e-06,0.1359283,3.960214e-07,0.008857847,-2.786622e-05,2.11,2.700221e-08,-1.758707e-05,6.48527e-06,-0.01192093,0.0001483328,0.03426336,2.109
2024_02_12_21_04_57_640,0.7,0.0,33596.0,33596.0,13.24937,5.272097e-06,0.1359283,-3.050972e-07,0.008857907,-3.095345e-05,2.11,1.002952e-06,1.508756e-05,1.607283e-06,0.010252,-1.108617e-05,-0.03059581,2.109
2024_02_12_21_04_57_678,0.7,0.0,33799.0,33799.0,13.32955,5.343003e-06,0.1359282,9.096582e-07,0.008857847,-2.399942e-05,2.11,-1.890356e-05,4.692663e-06,2.60556e-05,0.00333786,-0.0001364565,0.003900379,2.109
2024_02_12_21_04_57_713,0.7,0.0,33997.0,33997.0,13.40761,5.372855e-06,0.1359282,-1.991981e-06,0.008857907,-2.915497e-05,2.11,4.270378e-05,1.995098e-05,5.217725e-06,-0.009059906,-0.0001118103,0.007573515,2.109
2024_02_12_21_04_57_751,0.7,0.0,34195.0,34195.0,13.48566,5.398724e-06,0.1359282,-1.252097e-06,0.008858026,-2.766842e-05,2.11,-2.255769e-05,4.723809e-05,2.395947e-05,-0.03314018,0.0001774532,0.0001192093,2.109
2024_02_12_21_04_57_785,0.7,0.0,34377.0,34377.0,13.55739,5.422582e-06,0.1359282,1.331485e-07,0.008858056,-2.829511e-05,2.11,-5.380361e-07,2.065557e-05,5.680662e-07,-0.02384186,2.660994e-05,0.03823638,2.109
2024_02_12_21_04_57_823,0.7,0.0,34575.0,34575.0,13.63546,5.466138e-06,0.1359283,-3.149079e-07,0.008858115,-2.695556e-05,2.11,3.991331e-07,1.876862e-05,3.166183e-06,0.006437301,-9.210509e-06,0.0003054738,2.109
2024_02_12_21_04_57_857,0.7,0.0,34757.0,34757.0,13.70719,5.477747e-06,0.1359283,7.869289e-07,0.008858175,-2.996559e-05,2.11,-1.781303e-06,1.521811e-05,3.953166e-06,0.008821487,-1.884518e-05,0.01164526,2.109
2024_02_12_21_04_57_894,0.7,0.0,34955.0,34955.0,13.78525,5.519111e-06,0.1359283,-5.066668e-07,0.008858056,-2.728324e-05,2.11,7.189345e-07,1.377005e-05,3.648894e-06,-0.03862381,5.440159e-05,0.04563667,2.109
2024_02_12_21_04_57_932,0.7,0.0,35158.0,35158.0,13.86543,5.542435e-06,0.1359283,-9.087066e-07,0.008857996,-2.943783e-05,2.11,1.674284e-06,4.658976e-05,-1.056044e-06,0.0128746,2.816239e-05,-0.007636845,2.109
2024_02_12_21_04_57_965,0.7,0.0,35334.0,35334.0,13.93505,5.58518e-06,0.1359283,6.232598e-07,0.008858145,-2.781019e-05,2.11,1.870042e-06,2.974391e-05,3.48342e-06,-0.02765655,0.0001848789,0.01896545,2.109
2024_02_12_21_04_58_001,0.7,0.0,35532.0,35532.0,14.01311,5.624333e-06,0.1359284,-1.296026e-06,0.008858028,-2.831562e-05,2.11,9.785388e-07,3.62816e-05,1.574458e-06,-0.02479553,5.523395e-05,0.0534039,2.109
2024_02_12_21_04_58_040,0.7,0.0,35735.0,35735.0,14.09328,5.649082e-06,0.1359283,-1.966296e-06,0.008858146,-3.234404e-05,2.11,2.641366e-06,1.285583e-05,-3.239019e-06,-0.0128746,0.000122342,-0.00789389,2.109
2024_02_12_21_04_58_072,0.7,0.0,35912.0,35912.0,14.16289,5.665641e-06,0.1359283,1.32522e-06,0.008858115,-3.709863e-05,2.11,-3.251389e-08,6.473652e-05,-2.654879e-06,0.007629394,-0.0001440971,-0.01534261,2.109
2024_02_12_21_04_58_110,0.7,0.0,36115.0,36115.0,14.24306,5.697424e-06,0.1359283,-1.629971e-07,0.008858175,-3.633065e-05,2.11,4.240121e-07,4.459354e-07,-4.046384e-06,0.01740456,-6.515279e-06,-0.007573515,2.109
2024_02_12_21_04_58_147,0.7,0.0,36313.0,36313.0,14.32112,5.751614e-06,0.1359283,-4.527813e-07,0.008858086,-3.210637e-05,2.11,3.687664e-06,-7.340247e-06,-2.188036e-06,0.03528595,4.337482e-05,-0.04178844,2.109
2024_02_12_21_04_58_185,0.7,0.0,36516.0,36516.0,14.40129,5.808567e-06,0.1359283,2.52314e-07,0.008858206,-3.15563e-05,2.11,-1.180859e-06,5.630393e-06,9.669682e-06,0.0002384186,-7.32495e-05,-0.06886199,2.109
2024_02_12_21_04_58_223,0.7,0.0,36714.0,36714.0,14.47934,5.83918e-06,0.1359284,4.240671e-07,0.008858175,-3.37692e-05,2.11,2.368472e-05,-6.334553e-05,-2.153745e-05,0.0295639,-0.000121108,0.007646158,2.109
2024_02_12_21_04_58_260,0.7,0.0,36917.0,36917.0,14.55952,5.871474e-06,0.1359283,-4.350105e-07,0.008858056,-3.581242e-05,2.11,3.856734e-07,-5.681628e-06,-1.85204e-06,0.001907349,-1.618503e-05,0.03069266,2.109
2024_02_12_21_04_58_293,0.7,0.0,37094.0,37094.0,14.62914,5.918441e-06,0.1359284,-5.979717e-07,0.008858056,-3.580313e-05,2.11,3.114563e-06,-3.434597e-05,1.809319e-06,0.01597404,-6.004995e-05,-0.03840961,2.109
2024_02_12_21_04_58_331,0.7,0.0,37297.0,37297.0,14.70931,5.978763e-06,0.1359282,-6.066741e-07,0.008858086,-3.550885e-05,2.11,-1.956082e-05,9.721703e-06,-2.419698e-05,-0.01502037,0.0001102927,-0.003784895,2.109
2024_02_12_21_04_58_364,0.7,0.0,37474.0,37474.0,14.77894,6.019355e-06,0.1359283,-5.586339e-07,0.008858056,-4.005185e-05,2.11,1.621086e-06,2.347256e-05,-2.474365e-06,-0.005960464,-1.322337e-05,0.007519498,2.109
2024_02_12_21_04_58_401,0.7,0.0,37672.0,37671.0,14.857,6.079739e-06,0.1359283,-1.130607e-07,0.008858145,-3.828061e-05,2.11,7.47611e-07,-5.001054e-06,-2.841253e-06,0.008821487,4.374783e-06,-0.02288259,2.109
2024_02_12_21_04_58_439,0.7,0.0,37875.0,37875.0,14.93717,6.135221e-06,0.1359284,-7.508739e-07,0.008858293,-3.987511e-05,2.11,2.898427e-06,-7.391661e-05,-4.024227e-06,0.01788139,0.0001337274,-0.03825314,2.109
2024_02_12_21_04_58_477,0.7,0.0,38073.0,38073.0,15.01522,6.226011e-06,0.1359285,-1.234273e-06,0.008858622,-3.827808e-05,2.11,3.086819e-06,1.906675e-05,5.300254e-06,0.006198883,-5.404217e-05,-0.06103515,2.109
2024_02_12_21_04_58_515,0.7,0.0,38276.0,38276.0,15.09536,6.273374e-06,0.1359284,-1.612934e-06,0.008858443,-4.343746e-05,2.11,2.037819e-05,-2.902719e-05,2.420379e-05,-0.0257492,-0.0001733527,0.06106495,2.109
2024_02_12_21_04_58_553,0.7,0.0,38474.0,38474.0,15.17341,6.354392e-06,0.1359285,-8.805861e-07,0.008858503,-4.120555e-05,2.11,2.083201e-06,-1.926029e-05,3.625336e-06,-0.02408027,-6.79214e-05,0.06107986,2.109
2024_02_12_21_04_58_589,0.7,0.0,38677.0,38677.0,15.25355,6.416898e-06,0.1359286,-9.820396e-07,0.008858535,-4.283936e-05,2.11,4.033922e-07,1.701354e-06,-5.156393e-07,-0.0007152557,-1.017054e-05,0.02278946,2.109
2024_02_12_21_04_58_627,0.7,0.0,38875.0,38875.0,15.33159,6.462954e-06,0.1359285,-8.749225e-07,0.008858682,-4.510257e-05,2.11,2.041955e-05,-1.012894e-05,2.743705e-05,-0.01907349,-0.0001288076,0.06503239,2.109
2024_02_12_21_04_58_664,0.7,0.0,39078.0,39078.0,15.41174,6.541413e-06,0.1359285,1.52586e-07,0.008858682,-4.197555e-05,2.11,1.722235e-07,-4.238161e-05,5.044644e-06,0.005245208,0.0001013451,0.04227459,2.109
2024_02_12_21_04_58_698,0.7,0.0,39254.0,39254.0,15.48134,6.56683e-06,0.1359284,8.438704e-08,0.008858681,-4.678421e-05,2.11,-2.462736e-07,-4.49702e-05,-1.155924e-07,-0.01525879,-2.659419e-05,0.06880425,2.109
2024_02_12_21_04_58_735,0.7,0.0,39458.0,39458.0,15.56149,6.63286e-06,0.1359285,7.417125e-08,0.008858413,-4.612724e-05,2.11,1.126301e-06,-5.518737e-05,6.997363e-06,0.01978874,-0.0001293815,-0.04574842,2.109
2024_02_12_21_04_58_768,0.7,0.0,39634.0,39634.0,15.6311,6.686405e-06,0.1359283,-1.114799e-06,0.008858324,-4.584819e-05,2.11,2.174445e-05,-9.643081e-05,-2.342191e-05,0.009298325,0.0001805753,0.01537241,2.109
2024_02_12_21_04_58_807,0.7,0.0,39837.0,39837.0,15.71127,6.725565e-06,0.1359283,1.403117e-07,0.008858026,-5.124464e-05,2.11,-2.048516e-05,1.92445e-05,1.787615e-05,-0.01645088,8.734901e-05,0.01130812,2.109
2024_02_12_21_04_58_844,0.7,0.0,40035.0,40035.0,15.78932,6.808722e-06,0.1359283,-6.840905e-07,0.008857907,-4.804744e-05,2.11,3.205364e-06,3.340942e-05,-4.429689e-06,0.01049042,3.707998e-05,0.01520477,2.109
2024_02_12_21_04_58_881,0.7,0.0,40238.0,40238.0,15.86948,6.876755e-06,0.1359284,-3.74357e-07,0.008858086,-4.964941e-05,2.11,1.091163e-06,4.666836e-05,4.562775e-06,-0.01001358,-5.87537e-05,0.0380706,2.109
2024_02_12_21_04_58_915,0.7,0.0,40415.0,40415.0,15.9391,6.922926e-06,0.1359283,-5.557395e-07,0.008858085,-5.450526e-05,2.11,2.386283e-06,9.181139e-05,-4.621288e-06,-0.01883507,0.0001935959,0.01506321,2.109
2024_02_12_21_04_58_953,0.7,0.0,40613.0,40613.0,16.01715,7.001232e-06,0.1359283,-7.787149e-07,0.008858085,-5.576274e-05,2.11,1.919935e-06,9.65063e-05,9.010287e-07,-0.007152557,-2.816637e-05,0.0382103,2.109
2024_02_12_21_04_58_990,0.7,0.0,40816.0,40816.0,16.09731,7.073664e-06,0.1359285,-3.253173e-07,0.008858413,-5.834125e-05,2.11,3.609359e-06,-7.796428e-05,-1.580276e-06,0.0424385,-3.239165e-06,-0.08033774,2.109
2024_02_12_21_04_59_027,0.7,0.0,41014.0,41014.0,16.17536,7.155722e-06,0.1359285,1.02966e-07,0.008858533,-5.990852e-05,2.11,1.632926e-06,-9.796747e-05,5.151217e-06,0.02408027,-0.0001192752,-0.0227876,2.109
2024_02_12_21_04_59_063,0.7,0.0,41217.0,41217.0,16.25553,7.248193e-06,0.1359284,-5.466043e-07,0.008858146,-6.081939e-05,2.11,1.432822e-06,0.0001032618,1.771839e-08,-0.02121925,-1.692365e-05,0.03040395,2.109
2024_02_12_21_04_59_098,0.7,0.0,41393.0,41393.0,16.32514,7.340853e-06,0.1359284,-3.810209e-07,0.008858295,-5.750608e-05,2.11,2.707982e-06,7.699335e-05,1.877165e-06,-0.0166893,-6.622486e-05,0.02296641,2.109
2024_02_12_21_04_59_135,0.7,0.0,41597.0,41597.0,16.4053,7.425144e-06,0.1359284,1.152222e-06,0.008858206,-5.606186e-05,2.11,-4.295476e-05,5.944214e-05,-5.103066e-06,0.001430511,6.931918e-05,-0.0345055,2.109
2024_02_12_21_04_59_172,0.7,0.0,41794.0,41794.0,16.48335,7.482087e-06,0.1359283,1.951267e-07,0.008858026,-6.056429e-05,2.11,2.400982e-06,1.779389e-06,-4.92345e-06,0.03433228,1.642297e-05,-0.03820844,2.109
2024_02_12_21_04_59_206,0.7,0.0,41971.0,41971.0,16.55297,7.556212e-06,0.1359282,-8.154617e-07,0.008857907,-5.982505e-05,2.11,2.319306e-07,9.433493e-05,1.412164e-06,0.01263618,1.198361e-05,-0.03824569,2.109
2024_02_12_21_04_59_244,0.7,0.0,42174.0,42174.0,16.63313,7.620949e-06,0.1359283,-9.90225e-08,0.008857938,-6.669132e-05,2.11,6.752563e-07,3.856151e-05,-5.29149e-06,0.00500679,2.599722e-05,0.0459291,2.109
2024_02_12_21_04_59_281,0.7,0.0,42372.0,42372.0,16.71118,7.720772e-06,0.1359284,5.545605e-07,0.008858115,-6.266381e-05,2.11,3.384945e-06,2.197037e-06,1.728477e-06,0.005483627,0.0001859066,-0.007741153,2.109
2024_02_12_21_04_59_315,0.7,0.0,42554.0,42554.0,16.78291,7.818182e-06,0.1359283,-1.201465e-06,0.008857996,-5.915808e-05,2.11,-2.240796e-05,8.068293e-05,-3.083769e-05,0.010252,-9.801613e-05,-0.04199333,2.109
2024_02_12_21_04_59_352,0.7,0.0,42752.0,42752.0,16.86096,7.910729e-06,0.1359283,-1.719467e-06,0.008858117,-5.935047e-05,2.11,3.423926e-06,3.168625e-05,2.274164e-07,0.01263618,4.806679e-05,-0.007666647,2.109
2024_02_12_21_04_59_389,0.7,0.0,42955.0,42955.0,16.94112,8.002268e-06,0.1359284,1.087431e-06,0.008858146,-6.358443e-05,2.11,-1.037269e-06,5.631628e-05,4.413762e-06,0.0007152557,-0.0001047567,-0.03833324,2.109
2024_02_12_21_04_59_422,0.7,0.0,43131.0,43131.0,17.01074,8.068871e-06,0.1359284,5.510298e-08,0.008858354,-6.309208e-05,2.11,-9.478936e-07,-6.760054e-05,5.424258e-06,-0.0231266,-1.89317e-05,0.03809296,2.109
2024_02_12_21_04_59_461,0.7,0.0,43334.0,43334.0,17.0909,8.143137e-06,0.1359284,-9.668846e-07,0.008858028,-6.633998e-05,2.11,2.989725e-06,1.424098e-05,3.568359e-06,-0.004529953,1.139574e-05,0.03794581,2.109
2024_02_12_21_04_59_499,0.7,0.0,43532.0,43532.0,17.16895,8.225928e-06,0.1359283,7.616499e-07,0.008858026,-7.064125e-05,2.11,1.586626e-06,4.999748e-05,5.362192e-06,-0.008583069,1.387752e-05,0.01153909,2.109
2024_02_12_21_04_59_531,0.7,0.0,43709.0,43709.0,17.23857,8.301127e-06,0.1359284,-3.64566e-07,0.008858176,-7.00751e-05,2.11,-1.472808e-07,5.108552e-05,1.908551e-06,0.02264976,-1.254239e-05,-0.03813766,2.109
2024_02_12_21_04_59_568,0.7,0.0,43912.0,43912.0,17.31873,8.386344e-06,0.1359283,-8.065541e-07,0.008857997,-7.183799e-05,2.11,2.371667e-05,7.400721e-05,3.120228e-05,0.009775162,-9.970403e-05,-0.019053,2.109
2024_02_12_21_04_59_606,0.7,0.0,44110.0,44110.0,17.39678,8.492573e-06,0.1359283,-1.574311e-06,0.008858117,-7.095676e-05,2.11,5.120473e-06,1.07913e-05,-6.82982e-06,0.0295639,0.0002815873,-0.02670288,2.109
2024_02_12_21_04_59_639,0.7,0.0,44292.0,44292.0,17.4685,8.598925e-06,0.1359282,-4.696193e-07,0.008858056,-7.059333e-05,2.11,2.302317e-05,0.0001136735,-2.624496e-05,-0.03695488,-1.144326e-05,0.03061257,2.109
2024_02_12_21_04_59_676,0.7,0.0,44489.0,44489.0,17.54656,8.704322e-06,0.1359284,1.443948e-06,0.008858265,-6.511866e-05,2.11,-2.052e-05,6.216091e-05,-2.785052e-05,-0.03528595,1.152125e-05,0.0496637,2.109
2024_02_12_21_04_59_711,0.7,0.0,44671.0,44671.0,17.61828,8.774493e-06,0.1359284,-4.390621e-07,0.008858414,-7.013881e-05,2.11,-8.595998e-07,-1.568026e-05,-3.251266e-06,0.009775162,1.604985e-05,-0.007582828,2.109
2024_02_12_21_04_59_748,0.7,0.0,44869.0,44869.0,17.69633,8.876832e-06,0.1359284,1.036526e-07,0.008858385,-6.704894e-05,2.11,-1.879334e-05,-2.399496e-05,-2.015048e-05,-0.01072884,6.036134e-05,0.03441609,2.109
2024_02_12_21_04_59_780,0.7,0.0,45046.0,45045.0,17.76595,8.968128e-06,0.1359285,-2.236631e-07,0.008858564,-6.90848e-05,2.11,1.850248e-06,-9.687367e-06,1.478784e-06,-0.008583069,-0.00014846,0.007705763,2.109
2024_02_12_21_04_59_818,0.7,0.0,45249.0,45249.0,17.84611,9.059479e-06,0.1359285,-1.095177e-06,0.008858504,-7.059444e-05,2.11,-1.619136e-07,-3.966529e-05,-6.307233e-06,-0.01049042,0.0001981659,0.04584156,2.109
2024_02_12_21_04_59_856,0.7,0.0,45447.0,45446.0,17.92416,9.160985e-06,0.1359284,-1.189714e-06,0.008858503,-6.85963e-05,2.11,-2.026429e-07,-6.745872e-05,-2.038909e-06,0.0269413,-8.77942e-05,-0.0265073,2.109
2024_02_12_21_04_59_893,0.7,0.0,45650.0,45650.0,18.00432,9.262057e-06,0.1359285,8.528534e-08,0.008858474,-6.39007e-05,2.11,-9.955824e-07,-3.464828e-05,-1.918456e-06,-0.02503395,-2.837328e-05,0.05334615,2.109
2024_02_12_21_04_59_926,0.7,0.0,45826.0,45826.0,18.07394,9.345371e-06,0.1359284,3.678908e-07,0.008858384,-6.136978e-05,2.11,-1.97813e-05,-8.232381e-05,1.439757e-05,0.0398159,1.152921e-05,-0.0571087,2.109
2024_02_12_21_04_59_965,0.7,0.0,46029.0,46029.0,18.1541,9.435901e-06,0.1359283,3.069417e-07,0.008857937,-6.233306e-05,2.11,-1.102328e-06,9.363367e-05,-2.262256e-06,-0.02336502,-0.0002030124,0.03802404,2.109
2024_02_12_21_04_59_998,0.7,0.0,46206.0,46206.0,18.22371,9.50401e-06,0.1359283,-1.975501e-07,0.008858206,-6.09329e-05,2.11,3.060456e-07,1.652823e-05,3.580914e-06,0.02336502,-9.502127e-05,-0.01509115,2.109
2024_02_12_21_05_00_037,0.7,0.0,46409.0,46409.0,18.30388,9.59882e-06,0.1359282,3.002877e-07,0.008857877,-5.757642e-05,2.11,-1.598881e-06,9.385154e-05,3.879883e-06,0.0257492,-4.351466e-05,-0.01502223,2.109
2024_02_12_21_05_00_072,0.7,0.0,46607.0,46607.0,18.38193,9.67399e-06,0.1359283,-1.489615e-06,0.008857906,-5.861238e-05,2.11,2.764118e-07,5.951261e-06,-5.183127e-07,0.02932548,3.485183e-06,-0.0381656,2.109
2024_02_12_21_05_00_111,0.7,0.0,46810.0,46810.0,18.46209,9.740694e-06,0.1359283,6.374549e-07,0.008858057,-6.164374e-05,2.11,2.072177e-05,5.789208e-05,2.475543e-05,-0.02527237,-8.627682e-05,0.03815629,2.109
2024_02_12_21_05_00_148,0.7,0.0,47008.0,47008.0,18.54014,9.834105e-06,0.1359283,-1.878439e-06,0.008857997,-6.248865e-05,2.11,4.009441e-06,7.764569e-05,-7.672146e-06,-0.005960464,2.598176e-05,0.007690861,2.109
2024_02_12_21_05_00_185,0.7,0.0,47206.0,47206.0,18.6182,9.927111e-06,0.1359284,5.80824e-07,0.008858206,-6.092195e-05,2.11,-1.261982e-07,3.49943e-06,2.755833e-06,-0.008583069,3.780246e-05,0.007623806,2.109
2024_02_12_21_05_00_218,0.7,0.0,47388.0,47387.0,18.68992,9.996555e-06,0.1359283,-1.561254e-06,0.008857996,-6.193863e-05,2.11,-6.426912e-07,7.913257e-05,-1.180527e-06,0.01454353,6.435573e-05,-0.007515773,2.109
2024_02_12_21_05_00_256,0.7,0.0,47585.0,47585.0,18.76797,1.007168e-05,0.1359283,1.754091e-07,0.008858206,-6.059106e-05,2.11,-1.129704e-06,2.648586e-05,-3.310653e-06,0.02241134,0.0001210118,-0.003566965,2.109
2024_02_12_21_05_00_289,0.7,0.0,47767.0,47767.0,18.8397,1.014175e-05,0.1359284,7.832048e-07,0.008858324,-6.073679e-05,2.11,2.486574e-06,8.145957e-05,-1.239372e-06,-0.006914138,-0.0001740741,-0.007592141,2.109
2024_02_12_21_05_00_323,0.7,0.0,47944.0,47944.0,18.90931,1.020779e-05,0.1359284,2.296401e-07,0.008858324,-6.317052e-05,2.11,4.179753e-07,-6.655872e-05,-1.444986e-05,0.02098083,-0.0001103037,-0.03052875,2.109
2024_02_12_21_05_00_360,0.7,0.0,48142.0,48141.0,18.98736,1.031193e-05,0.1359284,-9.510013e-07,0.008858652,-5.724345e-05,2.11,2.847602e-06,-8.471694e-05,6.362974e-06,-0.03790855,-1.327294e-05,0.1107808,2.109
2024_02_12_21_05_00_399,0.7,0.0,48345.0,48345.0,19.06753,1.04179e-05,0.1359282,-4.175602e-07,0.008857937,-5.780473e-05,2.11,3.398495e-06,4.356037e-05,3.038527e-06,0.01478195,-0.0001003866,6.519258e-05,2.109
2024_02_12_21_05_00_431,0.7,0.0,48521.0,48521.0,19.13714,1.050656e-05,0.1359283,-4.406631e-07,0.008858056,-5.709028e-05,2.11,1.707931e-06,3.673599e-05,9.197312e-06,-0.003814697,-0.000183077,-0.04222989,2.109
2024_02_12_21_05_00_469,0.7,0.0,48724.0,48724.0,19.2173,1.058804e-05,0.1359283,-8.877027e-07,0.008857937,-5.575739e-05,2.11,-2.990985e-06,7.321596e-05,1.642344e-06,-0.01740456,-3.910168e-05,0.04192069,2.109
2024_02_12_21_05_00_506,0.7,0.0,48922.0,48922.0,19.29535,1.063221e-05,0.1359283,-6.435974e-07,0.008858175,-5.739885e-05,2.11,1.62764e-05,4.38147e-05,-2.363544e-05,-0.003099441,-2.088211e-05,-7.45058e-06,2.109
2024_02_12_21_05_00_540,0.7,0.0,49104.0,49104.0,19.36708,1.06762e-05,0.1359284,2.390035e-07,0.008858056,-6.08701e-05,2.11,-2.177783e-05,7.508271e-05,1.656538e-05,-0.02217293,-0.0001036037,0.01126155,2.109
2024_02_12_21_05_00_576,0.7,0.0,49302.0,49302.0,19.44513,1.074937e-05,0.1359284,7.108258e-07,0.008858176,-5.924298e-05,2.11,-1.705493e-06,-1.476992e-05,-3.7081e-07,0.0140667,7.153573e-05,-0.007688999,2.109
2024_02_12_21_05_00_610,0.7,0.0,49478.0,49478.0,19.51475,1.080505e-05,0.1359283,-1.502428e-06,0.008858028,-5.962215e-05,2.11,3.182525e-07,6.774021e-05,-1.314844e-07,0.01001358,0.0001045411,-0.01535937,2.109
2024_02_12_21_05_00_648,0.7,0.0,49681.0,49681.0,19.59491,1.089653e-05,0.1359283,6.951733e-08,0.008858144,-5.861549e-05,2.11,3.12376e-06,3.668353e-05,2.725839e-06,0.01549721,0.0001520652,-0.05353428,2.109
2024_02_12_21_05_00_685,0.7,0.0,49879.0,49879.0,19.67296,1.101061e-05,0.1359283,-8.216041e-07,0.008858026,-5.5893e-05,2.11,2.515543e-06,5.868376e-05,-3.362988e-06,-0.01478195,-0.000195927,0.05727075,2.109
2024_02_12_21_05_00_718,0.7,0.0,50061.0,50061.0,19.74468,1.109728e-05,0.1359283,-9.145508e-08,0.008858114,-5.533365e-05,2.11,-6.179047e-07,-4.683514e-05,-3.529686e-06,0.01978874,-7.917265e-06,-0.01554564,2.109
2024_02_12_21_05_00_751,0.7,0.0,50238.0,50237.0,19.8143,1.115642e-05,0.1359283,7.446696e-07,0.008857996,-5.659144e-05,2.11,-1.862216e-06,0.0001002456,6.124885e-08,-0.01120567,-7.534857e-05,-0.007694587,2.109
2024_02_12_21_05_00_785,0.7,0.0,50414.0,50414.0,19.88391,1.122827e-05,0.1359283,2.239885e-06,0.008858293,-5.436532e-05,2.11,-4.274933e-05,2.894295e-05,-1.129322e-05,0.02002716,5.522338e-05,-0.05325488,2.109
2024_02_12_21_05_00_823,0.7,0.0,50617.0,50617.0,19.96408,1.131991e-05,0.1359284,-2.237968e-07,0.008858145,-5.556436e-05,2.11,2.069334e-06,7.069627e-05,-4.140662e-06,-0.002622604,-7.896347e-05,-0.007648021,2.109
2024_02_12_21_05_00_860,0.7,0.0,50815.0,50815.0,20.04213,1.140111e-05,0.1359283,-1.912292e-06,0.008857996,-5.606042e-05,2.11,-3.352253e-07,7.986133e-05,-6.540162e-06,-0.03957748,0.0001632779,0.04577823,2.109
2024_02_12_21_05_00_898,0.7,0.0,51018.0,51018.0,20.12229,1.146703e-05,0.1359284,1.249465e-08,0.008858206,-5.407669e-05,2.11,-3.131733e-06,1.434007e-05,-5.501e-06,0.001907349,1.321848e-05,-0.0001788139,2.109
2024_02_12_21_05_00_935,0.7,0.0,51216.0,51216.0,20.20034,1.152587e-05,0.1359284,1.827052e-06,0.008858086,-5.199256e-05,2.11,-2.207214e-05,4.426752e-05,2.43897e-05,0.02217293,1.113551e-05,-0.003743917,2.109
2024_02_12_21_05_00_973,0.7,0.0,51419.0,51419.0,20.2805,1.160072e-05,0.1359283,-2.660722e-06,0.008857965,-4.841638e-05,2.11,2.324652e-05,3.488331e-05,-2.724394e-05,-0.00333786,0.0001075476,0.007694587,2.109
2024_02_12_21_05_01_010,0.7,0.0,51617.0,51617.0,20.35856,1.168204e-05,0.1359284,-3.093631e-07,0.008858384,-4.697439e-05,2.11,6.64402e-07,-2.663414e-05,3.432352e-06,0.02288818,-2.229137e-05,-0.03794581,2.109
2024_02_12_21_05_01_047,0.7,0.0,51820.0,51820.0,20.43872,1.176927e-05,0.1359284,6.672703e-07,0.008858533,-4.32381e-05,2.11,-4.932195e-07,3.065441e-05,7.513758e-07,-0.02217293,5.73383e-05,-0.01526996,2.109
2024_02_12_21_05_01_080,0.7,0.0,51997.0,51997.0,20.50833,1.181224e-05,0.1359284,2.606587e-07,0.008858503,-4.538936e-05,2.11,-2.418233e-06,-2.914098e-05,5.427751e-06,-0.02813339,-7.278925e-05,0.03048591,2.109
2024_02_12_21_05_01_115,0.7,0.0,52179.0,52179.0,20.58006,1.187504e-05,0.1359285,-7.499357e-07,0.008858473,-4.455673e-05,2.11,-5.679065e-07,6.865644e-06,4.684572e-06,-0.002622604,3.200057e-06,-4.284083e-05,2.109
2024_02_12_21_05_01_152,0.7,0.0,52376.0,52376.0,20.65811,1.194831e-05,0.1359284,-9.107089e-07,0.008858532,-4.508855e-05,2.11,1.749688e-06,-1.112697e-05,-5.600255e-06,-0.007867813,0.0001953338,0.007763505,2.109
2024_02_12_21_05_01_185,0.7,0.0,52553.0,52553.0,20.72772,1.202587e-05,0.1359285,-1.345228e-06,0.008858503,-4.539898e-05,2.11,7.063305e-07,-4.003381e-05,2.503175e-06,0.009775162,8.920528e-05,-0.007741153,2.109
2024_02_12_21_05_01_218,0.7,0.0,52735.0,52735.0,20.79945,1.209994e-05,0.1359285,-2.66152e-06,0.008858533,-4.515801e-05,2.11,2.323296e-05,-5.784173e-05,-1.554575e-05,-0.02026558,1.394142e-06,0.04190951,2.109
2024_02_12_21_05_01_256,0.7,0.0,52933.0,52932.0,20.8775,1.21715e-05,0.1359284,-1.425514e-06,0.008858562,-4.808908e-05,2.11,2.289987e-05,-5.188267e-05,3.325208e-05,0.01358986,-0.0001320989,-0.07272325,2.109
2024_02_12_21_05_01_293,0.7,0.0,53136.0,53136.0,20.95766,1.226358e-05,0.1359285,-1.719715e-06,0.008858443,-4.542732e-05,2.11,3.257516e-07,-6.793907e-05,-6.108795e-07,0.02717972,5.636479e-06,-0.05348399,2.109
2024_02_12_21_05_01_331,0.7,0.0,53334.0,53333.0,21.03572,1.236058e-05,0.1359283,-1.557763e-06,0.008858026,-4.241919e-05,2.11,-8.551925e-07,8.881968e-05,-1.439593e-06,0.008106232,-5.994627e-05,-0.0266321,2.109
2024_02_12_21_05_01_368,0.7,0.0,53537.0,53537.0,21.11588,1.242561e-05,0.1359283,1.928713e-06,0.008857996,-4.44765e-05,2.11,-4.338002e-05,7.76434e-05,-1.092336e-05,-0.02861023,0.0001234717,0.06108172,2.109
2024_02_12_21_05_01_406,0.7,0.0,53735.0,53734.0,21.19393,1.253048e-05,0.1359283,-1.64151e-07,0.008857907,-3.861602e-05,2.11,-1.865911e-06,1.377038e-06,-1.122002e-06,-0.004053116,2.781917e-06,0.01507625,2.109
2024_02_12_21_05_01_439,0.7,0.0,53911.0,53911.0,21.26354,1.258067e-05,0.1359282,1.368296e-06,0.008857936,-4.130398e-05,2.11,-2.470315e-06,6.734036e-05,7.876466e-07,0.003099441,-2.638137e-05,-0.007512047,2.109
2024_02_12_21_05_01_482,0.7,0.0,54136.0,54136.0,21.35214,1.263621e-05,0.1359282,5.397447e-07,0.008857937,-4.200802e-05,2.11,-4.22582e-06,6.073883e-05,4.102876e-06,-0.00166893,-6.202265e-05,0.02321228,2.109
2024_02_12_21_05_01_519,0.7,0.0,54339.0,54339.0,21.43231,1.26852e-05,0.1359284,2.156789e-06,0.008858206,-4.456054e-05,2.11,-1.629129e-06,3.993648e-05,5.020517e-06,-0.002622604,6.390167e-05,-0.01909398,2.109
2024_02_12_21_05_01_551,0.7,0.0,54515.0,54515.0,21.50192,1.274091e-05,0.1359283,3.630527e-07,0.008857936,-4.571074e-05,2.11,3.140386e-07,4.369842e-05,6.891628e-07,0.02455711,-7.441497e-05,-0.05343742,2.109
2024_02_12_21_05_01_588,0.7,0.0,54713.0,54713.0,21.57997,1.283093e-05,0.1359284,-1.010152e-06,0.008858175,-4.321134e-05,2.11,9.873637e-07,3.978003e-06,-4.708226e-06,0.02431869,0.000159891,-0.03056787,2.109
2024_02_12_21_05_01_622,0.7,0.0,54895.0,54895.0,21.6517,1.29131e-05,0.1359283,1.837474e-07,0.008858026,-4.228473e-05,2.11,-2.156515e-05,9.581244e-05,-3.311169e-05,0.02217293,0.0001353428,-0.06479397,2.109
2024_02_12_21_05_01_660,0.7,0.0,55093.0,55093.0,21.72975,1.297024e-05,0.1359284,2.477604e-06,0.008858056,-4.319173e-05,2.11,-2.386326e-05,5.224246e-05,-2.852963e-05,0.01049042,1.064143e-05,-0.05734339,2.109
2024_02_12_21_05_01_694,0.7,0.0,55275.0,55274.0,21.80147,1.301506e-05,0.1359282,1.120931e-06,0.008857877,-4.340951e-05,2.11,-2.297685e-06,9.943684e-05,-1.944721e-07,-0.02193451,-0.0001429697,0.03805943,2.109
2024_02_12_21_05_01_731,0.7,0.0,55472.0,55472.0,21.87953,1.307557e-05,0.1359283,1.965479e-08,0.008858145,-3.970661e-05,2.11,-2.390679e-05,-1.5032e-05,-3.199124e-05,0.01382828,7.926587e-05,-0.0115335,2.109
2024_02_12_21_05_01_763,0.7,0.0,55649.0,55649.0,21.94914,1.311325e-05,0.1359283,-4.136647e-07,0.008858056,-4.158201e-05,2.11,-2.410481e-05,6.15328e-05,2.310548e-05,0.02455711,0.0001222003,-0.02665445,2.109
2024_02_12_21_05_01_801,0.7,0.0,55852.0,55852.0,22.0293,1.318548e-05,0.1359282,-2.892263e-07,0.008857907,-4.073602e-05,2.11,-2.041318e-06,4.319687e-05,6.379858e-06,-0.0009536743,-0.0001162548,0.00385195,2.109
2024_02_12_21_05_01_839,0.7,0.0,56050.0,56050.0,22.10736,1.326282e-05,0.1359283,-1.645913e-06,0.008857848,-3.526165e-05,2.11,1.796038e-05,6.288711e-05,-1.881351e-05,-0.007390975,1.085016e-05,0.05349516,2.109
2024_02_12_21_05_01_877,0.7,0.0,56253.0,56253.0,22.18752,1.332509e-05,0.1359283,5.257994e-07,0.008858056,-3.230798e-05,2.11,-8.506406e-07,6.575801e-05,2.103878e-06,-0.01859665,-7.259518e-05,0.01525693,2.109
2024_02_12_21_05_01_915,0.7,0.0,56451.0,56451.0,22.26557,1.338112e-05,0.1359284,-4.846909e-07,0.008858384,-3.366233e-05,2.11,4.286201e-07,-2.634855e-05,2.477142e-06,-0.01502037,-4.307912e-05,0.05363114,2.109
2024_02_12_21_05_01_947,0.7,0.0,56633.0,56633.0,22.33729,1.344181e-05,0.1359283,-5.400083e-07,0.008857936,-3.142307e-05,2.11,-1.503429e-06,7.26781e-05,-3.64824e-06,0.01215935,0.0001715425,-0.007631257,2.109
2024_02_12_21_05_01_985,0.7,0.0,56831.0,56830.0,22.41535,1.348804e-05,0.1359284,9.817278e-07,0.008858175,-2.937526e-05,2.11,-5.885459e-06,1.482711e-05,-1.034807e-05,-0.01764297,7.705636e-05,0.04191696,2.109
2024_02_12_21_05_02_023,0.7,0.0,57034.0,57034.0,22.49551,1.354737e-05,0.1359283,-9.689352e-07,0.008857907,-2.543516e-05,2.11,-1.698605e-06,0.0001224027,7.615597e-06,-0.004529953,-1.423052e-05,0.02302415,2.109
2024_02_12_21_05_02_061,0.7,0.0,57232.0,57231.0,22.57356,1.358011e-05,0.1359284,-9.251961e-08,0.008858026,-2.738397e-05,2.11,-1.994892e-06,7.045615e-05,-2.487742e-07,0.02026558,6.570712e-05,-0.06117858,2.109
2024_02_12_21_05_02_093,0.7,0.0,57413.0,57413.0,22.64528,1.363916e-05,0.1359283,1.050339e-07,0.008858086,-2.60774e-05,2.11,3.654233e-08,9.282184e-05,-2.436605e-06,-0.0488758,-7.506002e-05,0.05328841,2.109
2024_02_12_21_05_02_131,0.7,0.0,57611.0,57611.0,22.72334,1.370305e-05,0.1359283,-1.655971e-07,0.008857996,-2.383492e-05,2.11,1.826059e-05,0.0001016106,-2.069756e-05,-0.02026558,9.85492e-05,0.03426336,2.109
2024_02_12_21_05_02_169,0.7,0.0,57814.0,57814.0,22.8035,1.373261e-05,0.1359284,-1.30494e-07,0.008858056,-2.518048e-05,2.11,1.919831e-05,-9.626303e-06,-2.296478e-05,0.02217293,8.850866e-05,-0.01914985,2.109
2024_02_12_21_05_02_201,0.7,0.0,57991.0,57991.0,22.87311,1.377259e-05,0.1359283,6.369741e-07,0.008858115,-2.636103e-05,2.11,-1.075847e-06,0.0001213023,3.332315e-06,-0.02646446,-6.24102e-05,0.02282113,2.109
2024_02_12_21_05_02_239,0.7,0.0,58189.0,58189.0,22.95117,1.380087e-05,0.1359283,4.861653e-07,0.008858055,-2.831439e-05,2.11,-3.84484e-06,5.320746e-05,-7.087908e-06,-0.006198883,-9.627126e-05,0.01147203,2.109
2024_02_12_21_05_02_272,0.7,0.0,58371.0,58370.0,23.02289,1.383669e-05,0.1359283,-7.530095e-07,0.008858145,-2.807476e-05,2.11,4.165727e-05,6.412395e-05,-3.042165e-06,-0.01716614,-5.097138e-05,-0.08809007,2.109
2024_02_12_21_05_02_310,0.7,0.0,58568.0,58568.0,23.10094,1.387504e-05,0.1359283,1.320753e-06,0.008857996,-2.817729e-05,2.11,-1.945906e-06,3.60948e-05,1.557839e-06,-0.01072884,-6.613095e-05,-0.0001490116,2.109
2024_02_12_21_05_02_347,0.7,0.0,58772.0,58772.0,23.1811,1.39275e-05,0.1359283,3.879103e-07,0.008858085,-2.710836e-05,2.11,-2.226977e-05,6.017758e-05,2.175566e-05,0.0002384186,0.0002515501,0.007659196,2.109
2024_02_12_21_05_02_385,0.7,0.0,58969.0,58969.0,23.25916,1.398799e-05,0.1359283,3.493255e-07,0.008858144,-2.480732e-05,2.11,-2.154909e-05,0.0001030615,1.658281e-05,-0.02479553,3.558364e-05,-0.003987923,2.109
2024_02_12_21_05_02_422,0.7,0.0,59173.0,59173.0,23.33932,1.403404e-05,0.1359283,5.666806e-07,0.008858143,-2.472465e-05,2.11,-5.905143e-07,-2.30911e-05,9.557036e-06,0.0295639,-0.0001963192,-0.0457894,2.109
2024_02_12_21_05_02_460,0.7,0.0,59371.0,59370.0,23.41737,1.405611e-05,0.1359283,-4.812902e-07,0.008858055,-2.997788e-05,2.11,1.907177e-05,8.129733e-05,1.914945e-05,0.02193451,-7.122559e-05,-0.04959851,2.109
2024_02_12_21_05_02_497,0.7,0.0,59574.0,59574.0,23.49753,1.409417e-05,0.1359282,-1.558217e-07,0.008857996,-2.8499e-05,2.11,2.035376e-05,9.468189e-05,3.100238e-05,-0.01144409,-0.0001409555,0.003926456,2.109
2024_02_12_21_05_02_535,0.7,0.0,59772.0,59771.0,23.57559,1.414102e-05,0.1359283,1.30048e-06,0.008858115,-2.616549e-05,2.11,-2.384509e-06,3.282332e-05,-3.27296e-06,0.006914138,-0.0001419455,-0.003818422,2.109
2024_02_12_21_05_02_572,0.7,0.0,59975.0,59975.0,23.65575,1.418623e-05,0.1359283,3.826902e-08,0.008857965,-2.449186e-05,2.11,-1.366387e-06,5.504785e-05,-5.997983e-07,0.02431869,-2.817075e-05,-0.02291426,2.109
2024_02_12_21_05_02_609,0.7,0.0,60173.0,60173.0,23.7338,1.424603e-05,0.1359283,4.900388e-08,0.008857965,-1.995027e-05,2.11,9.688569e-07,2.658152e-06,4.793731e-06,0.03051758,-0.0001773329,-0.02666004,2.109
2024_02_12_21_05_02_643,0.7,0.0,60354.0,60354.0,23.80552,1.428602e-05,0.1359283,-5.335552e-07,0.008857937,-1.862382e-05,2.11,-1.149135e-06,0.0001152296,-2.003311e-06,-0.02336502,-1.728756e-05,0.03435649,2.109
2024_02_12_21_05_02_680,0.7,0.0,60552.0,60552.0,23.88358,1.43287e-05,0.1359284,-7.662683e-07,0.008857996,-1.798534e-05,2.11,2.163107e-05,7.625353e-05,-2.412136e-05,-0.01525879,-1.08509e-05,-0.01142919,2.109
2024_02_12_21_05_02_718,0.7,0.0,60756.0,60755.0,23.96374,1.435923e-05,0.1359283,2.83911e-06,0.008858114,-1.795103e-05,2.11,-4.51285e-06,3.117573e-05,4.904203e-06,-0.002384186,-0.0001511881,-0.02302043,2.109
2024_02_12_21_05_02_755,0.7,0.0,60953.0,60953.0,24.04179,1.438063e-05,0.1359283,-5.394853e-08,0.008858174,-1.434528e-05,2.11,-1.891925e-06,6.816774e-05,2.306439e-06,-0.01168251,1.356506e-05,0.007623806,2.109
2024_02_12_21_05_02_793,0.7,0.0,61151.0,61151.0,24.11984,1.441551e-05,0.1359283,-7.998334e-07,0.008857877,-1.285696e-05,2.11,-2.404178e-06,1.550304e-05,-3.051354e-06,-0.01382828,8.656917e-05,0.0227429,2.109
2024_02_12_21_05_02_830,0.7,0.0,61355.0,61354.0,24.20001,1.443081e-05,0.1359284,5.160044e-07,0.008858503,-1.098766e-05,2.11,-3.7273e-06,-1.527055e-05,-4.245518e-06,-0.01263618,3.386475e-05,0.01533702,2.109
2024_02_12_21_05_02_868,0.7,0.0,61552.0,61552.0,24.27806,1.447388e-05,0.1359284,-1.199611e-07,0.008857877,-5.906968e-06,2.11,2.11211e-05,8.242649e-05,-1.822413e-05,-0.02980232,5.30008e-07,0.01135468,2.109
2024_02_12_21_05_02_905,0.7,0.0,61756.0,61755.0,24.35822,1.451242e-05,0.1359284,-3.383282e-07,0.008858144,-4.758999e-06,2.11,-1.622964e-06,-8.804705e-06,1.707901e-06,-0.0002384186,-1.138693e-05,-0.0001359731,2.109
2024_02_12_21_05_02_938,0.7,0.0,61932.0,61932.0,24.42784,1.453797e-05,0.1359283,5.507219e-07,0.008858085,-2.67897e-06,2.11,1.619136e-05,9.168722e-05,-1.964563e-05,-0.004053116,8.004349e-06,-0.04199706,2.109
2024_02_12_21_05_02_977,0.7,0.0,62135.0,62135.0,24.508,1.455051e-05,0.1359283,-3.883373e-08,0.008857877,1.350538e-06,2.11,-4.653117e-06,-1.955645e-05,-2.47913e-06,0.006437301,0.000104811,-0.02693012,2.109
2024_02_12_21_05_03_009,0.7,0.0,62312.0,62311.0,24.57761,1.454223e-05,0.1359283,4.010942e-07,0.008858114,-3.574324e-08,2.11,-2.692645e-06,5.489144e-05,2.728426e-06,0.02646446,-2.451772e-05,-0.06091967,2.109
2024_02_12_21_05_03_047,0.7,0.0,62515.0,62515.0,24.65777,1.453871e-05,0.1359283,-1.383904e-06,0.008857846,-2.364869e-06,2.11,3.81083e-05,-1.163151e-05,7.819992e-06,-0.004291534,-0.0001986172,0.0455603,2.109
2024_02_12_21_05_03_081,0.7,0.0,62691.0,62691.0,24.72739,1.454368e-05,0.1359283,-2.097238e-06,0.008858026,-2.939162e-06,2.11,1.983815e-05,5.149598e-05,2.839333e-05,-0.01525879,-0.0001009786,0.04973821,2.109
2024_02_12_21_05_03_118,0.7,0.0,62889.0,62889.0,24.80544,1.456208e-05,0.1359283,-3.821311e-07,0.008857905,-8.596433e-07,2.11,-1.923205e-06,2.46763e-05,7.212049e-07,-0.01454353,4.340186e-05,0.01535565,2.109
2024_02_12_21_05_03_156,0.7,0.0,63092.0,63092.0,24.8856,1.458447e-05,0.1359283,-7.154897e-08,0.008858264,1.682234e-06,2.11,2.014885e-05,1.895791e-05,2.949959e-05,-0.0004768371,6.265807e-05,0.01547672,2.109
2024_02_12_21_05_03_188,0.7,0.0,63269.0,63269.0,24.95522,1.460359e-05,0.1359283,-8.6595e-07,0.008857936,4.688631e-06,2.11,-3.1729e-06,6.066144e-05,-9.371481e-07,-0.03552437,0.0001626079,0.0227727,2.109
2024_02_12_21_05_03_226,0.7,0.0,63472.0,63472.0,25.03538,1.459911e-05,0.1359282,-1.833509e-06,0.008858206,3.660474e-06,2.11,3.895485e-05,-2.69725e-05,1.074391e-05,0.0,-8.103836e-05,0.03074482,2.109
2024_02_12_21_05_03_259,0.7,0.0,63648.0,63648.0,25.10499,1.459269e-05,0.1359283,-5.690036e-07,0.008857875,2.928186e-06,2.11,-2.76693e-06,6.647231e-05,4.371086e-07,0.003576278,-4.058851e-05,-0.04976429,2.109
2024_02_12_21_05_03_297,0.7,0.0,63852.0,63851.0,25.18516,1.46226e-05,0.1359284,2.906646e-08,0.008858085,6.468528e-06,2.11,5.697023e-07,-2.714335e-06,7.173677e-07,-0.004529953,-6.267828e-05,-0.0002160668,2.109
2024_02_12_21_05_03_334,0.7,0.0,64049.0,64049.0,25.26321,1.462886e-05,0.1359283,9.22258e-08,0.008858323,5.856819e-06,2.11,-3.980006e-06,8.466103e-05,-6.686865e-06,0.01311302,8.074864e-05,-0.007363036,2.109
2024_02_12_21_05_03_372,0.7,0.0,64253.0,64252.0,25.34337,1.463431e-05,0.1359284,1.30361e-06,0.008857965,7.24958e-06,2.11,-2.330776e-05,1.266689e-05,-3.175935e-05,-0.006914138,8.247659e-05,-0.02721883,2.109
2024_02_12_21_05_03_406,0.7,0.0,64429.0,64429.0,25.41298,1.462781e-05,0.1359284,-1.9892e-07,0.008858621,7.938292e-06,2.11,-1.263414e-06,-8.273892e-06,2.338711e-06,0.00500679,7.487708e-05,-0.007277354,2.109
2024_02_12_21_05_03_443,0.7,0.0,64627.0,64627.0,25.49104,1.46256e-05,0.1359284,6.515147e-07,0.008857965,8.265562e-06,2.11,-2.081565e-06,9.180631e-05,9.666736e-07,0.01573563,-1.087449e-05,-0.0610277,2.109
2024_02_12_21_05_03_476,0.7,0.0,64809.0,64808.0,25.56276,1.462077e-05,0.1359284,7.167557e-08,0.008858591,9.593692e-06,2.11,-2.539891e-06,-0.0001607658,-6.472335e-07,0.04196167,7.127337e-05,0.03087148,2.109
2024_02_12_21_05_03_514,0.7,0.0,65006.0,65006.0,25.64081,1.462274e-05,0.1359283,9.818064e-08,0.008857996,1.091951e-05,2.11,-1.195237e-06,8.697307e-05,1.859688e-06,-0.04911422,-8.410325e-06,0.09911507,2.109
2024_02_12_21_05_03_551,0.7,0.0,65210.0,65209.0,25.72098,1.460038e-05,0.1359282,-2.928855e-07,0.008858264,4.418526e-06,2.11,2.069096e-05,3.953209e-05,3.283031e-05,-0.00333786,-0.0001287616,0.02706423,2.109
2024_02_12_21_05_03_588,0.7,0.0,65407.0,65407.0,25.79903,1.460192e-05,0.1359283,-2.109427e-07,0.008858145,3.435872e-06,2.11,-2.224513e-07,4.073459e-06,-7.400249e-07,0.04458427,1.413673e-05,-0.07636845,2.109
2024_02_12_21_05_03_626,0.7,0.0,65611.0,65610.0,25.87919,1.460824e-05,0.1359284,1.55857e-07,0.008857877,3.422489e-06,2.11,-6.073793e-07,5.7992e-05,-1.744602e-06,-0.002622604,-4.771323e-06,-0.02312288,2.109
2024_02_12_21_05_03_659,0.7,0.0,65787.0,65787.0,25.9488,1.463837e-05,0.1359283,-5.21792e-08,0.008858174,9.114559e-06,2.11,-2.061164e-06,3.150153e-05,-1.615142e-06,-0.00500679,1.860286e-05,0.05368143,2.109
2024_02_12_21_05_03_697,0.7,0.0,65990.0,65990.0,26.02897,1.464137e-05,0.1359283,-1.623475e-06,0.008857906,1.004392e-05,2.11,4.091451e-05,8.17309e-05,1.498207e-05,-0.03385544,-0.0001234135,0.07623807,2.109
2024_02_12_21_05_03_730,0.7,0.0,66167.0,66167.0,26.09858,1.462532e-05,0.1359284,2.678651e-07,0.008858502,6.497934e-06,2.11,-1.451401e-06,-5.794438e-05,1.344987e-06,0.006437301,3.259629e-06,-0.02283417,2.109
2024_02_12_21_05_03_768,0.7,0.0,66364.0,66364.0,26.17663,1.460129e-05,0.1359283,7.814399e-07,0.008858024,1.314983e-06,2.11,-2.385702e-05,0.0001336267,1.23887e-05,-0.03433228,-9.925276e-05,0.04587136,2.109
2024_02_12_21_05_03_805,0.7,0.0,66568.0,66568.0,26.2568,1.461468e-05,0.1359284,-7.876142e-07,0.008858471,3.644262e-06,2.11,2.10618e-05,-7.049069e-05,-1.480771e-05,0.009536743,-6.135982e-05,-0.03437884,2.109
2024_02_12_21_05_03_842,0.7,0.0,66766.0,66765.0,26.33485,1.46232e-05,0.1359284,-6.18909e-07,0.00885877,4.272838e-06,2.11,5.618861e-07,-3.982866e-05,4.039993e-06,0.006914138,-1.717285e-05,0.0615064,2.109
2024_02_12_21_05_03_876,0.7,0.0,66947.0,66947.0,26.40657,1.462294e-05,0.1359284,-9.062832e-07,0.008857936,8.531031e-07,2.11,-6.970428e-07,-4.97607e-06,-6.642767e-06,0.00500679,0.0001292435,-0.007787719,2.109
2024_02_12_21_05_03_914,0.7,0.0,67145.0,67145.0,26.48462,1.464392e-05,0.1359284,2.295755e-06,0.008858174,3.333581e-06,2.11,-2.233947e-05,-1.836556e-05,1.471183e-05,0.01955032,-5.533593e-06,-0.02678297,2.109
2024_02_12_21_05_03_948,0.7,0.0,67327.0,67327.0,26.55635,1.464881e-05,0.1359283,2.911334e-07,0.008857877,2.951173e-06,2.11,-1.316136e-06,3.726511e-05,2.4626e-07,-0.02789497,-3.87673e-05,0.03034249,2.109
2024_02_12_21_05_03_985,0.7,0.0,67525.0,67525.0,26.6344,1.465591e-05,0.1359282,-1.838306e-07,0.008857936,6.404218e-06,2.11,1.636094e-05,-2.68021e-06,-2.235686e-05,0.02002716,-3.035382e-05,-0.01132861,2.109
2024_02_12_21_05_04_018,0.7,0.0,67701.0,67701.0,26.70402,1.464479e-05,0.1359283,8.386229e-07,0.008857816,4.954649e-06,2.11,1.979695e-05,1.404268e-05,2.912817e-05,-0.01764297,-0.0001279056,0.03415346,2.109
2024_02_12_21_05_04_055,0.7,0.0,67904.0,67904.0,26.78418,1.461591e-05,0.1359283,1.540836e-06,0.008858114,5.418001e-06,2.11,-5.392476e-06,-1.244803e-05,3.099394e-06,0.008583069,-9.785731e-05,0.003805384,2.109
2024_02_12_21_05_04_093,0.7,0.0,68102.0,68102.0,26.86223,1.458893e-05,0.1359283,-2.10482e-06,0.008858055,1.796627e-06,2.11,2.122003e-05,0.0001156154,-2.081249e-05,0.002145767,1.642823e-05,-0.03432482,2.109
2024_02_12_21_05_04_126,0.7,0.0,68284.0,68284.0,26.93395,1.460366e-05,0.1359284,9.918928e-07,0.008858384,6.757109e-06,2.11,1.00398e-06,-5.804141e-05,2.989304e-06,-0.01168251,9.841926e-06,-0.01527928,2.109
2024_02_12_21_05_04_163,0.7,0.0,68482.0,68482.0,27.01201,1.461078e-05,0.1359283,3.817867e-07,0.008858234,6.429235e-06,2.11,-1.842116e-05,5.895448e-05,-3.291369e-05,-0.01478195,0.0001913343,0.06506406,2.109
2024_02_12_21_05_04_201,0.7,0.0,68685.0,68685.0,27.09217,1.462854e-05,0.1359283,1.778646e-07,0.008857965,4.861676e-06,2.11,1.850494e-06,2.042323e-05,8.923056e-06,-0.008583069,-0.0001339518,-0.03096461,2.109
2024_02_12_21_05_04_233,0.7,0.0,68861.0,68861.0,27.16178,1.463845e-05,0.1359284,-4.659372e-07,0.008858591,4.643711e-06,2.11,9.169569e-08,5.885199e-06,-1.983879e-06,0.01907349,-0.0001233025,-0.06464869,2.109
2024_02_12_21_05_04_272,0.7,0.0,69059.0,69059.0,27.23984,1.463019e-05,0.1359283,6.115906e-07,0.008857846,3.063484e-06,2.11,-2.276926e-05,5.193089e-05,-2.497147e-05,-0.03218651,0.000189498,0.04176795,2.109
2024_02_12_21_05_04_305,0.7,0.0,69241.0,69241.0,27.31156,1.46131e-05,0.1359283,2.374336e-06,0.008858501,7.917604e-07,2.11,-2.339067e-05,-6.878448e-05,1.879143e-05,-0.00333786,-7.847341e-05,0.01168623,2.109
2024_02_12_21_05_04_342,0.7,0.0,69439.0,69439.0,27.38961,1.461185e-05,0.1359283,-1.635382e-07,0.008857875,3.173443e-06,2.11,-5.717407e-07,7.101215e-05,5.595504e-07,0.005483627,7.354444e-06,-0.01522154,2.109
2024_02_12_21_05_04_376,0.7,0.0,69621.0,69621.0,27.46134,1.460602e-05,0.1359283,-1.547123e-06,0.008858025,4.645593e-06,2.11,4.140495e-05,-5.920841e-07,1.185279e-05,-0.0002384186,-0.000109319,0.01524575,2.109
2024_02_12_21_05_04_413,0.7,0.0,69819.0,69818.0,27.53939,1.459478e-05,0.1359284,-2.095206e-06,0.008857937,2.555402e-06,2.11,-7.036279e-07,7.856182e-05,1.652346e-06,-0.02479553,-2.776075e-05,0.007480382,2.109
2024_02_12_21_05_04_449,0.7,0.0,69995.0,69995.0,27.609,1.45829e-05,0.1359283,-7.301351e-07,0.008858085,-6.027155e-07,2.11,8.97601e-07,-1.867793e-05,1.332858e-06,0.001907349,2.004039e-05,-0.000141561,2.109
2024_02_12_21_05_04_483,0.7,0.0,70198.0,70198.0,27.68917,1.461285e-05,0.1359283,-1.250812e-06,0.008858174,2.223965e-06,2.11,1.877814e-06,9.003262e-05,-4.05014e-06,-0.01955032,0.0001439075,0.01914985,2.109
2024_02_12_21_05_04_518,0.7,0.0,70375.0,70374.0,27.75878,1.461563e-05,0.1359284,4.683604e-07,0.008858353,1.738821e-06,2.11,-8.611045e-07,-8.513757e-05,6.875295e-07,0.009536743,1.282991e-05,-0.007702037,2.109
2024_02_12_21_05_04_555,0.7,0.0,70578.0,70578.0,27.83894,1.461238e-05,0.1359284,-6.65501e-07,0.008858264,2.977786e-06,2.11,-1.423394e-06,7.955677e-05,-7.894038e-07,-0.01740456,7.133337e-05,0.01530349,2.109
2024_02_12_21_05_04_592,0.7,0.0,70776.0,70775.0,27.91699,1.462911e-05,0.1359283,1.506316e-06,0.008857906,7.272156e-06,2.11,1.269514e-08,5.186285e-05,-5.460443e-08,-0.02861023,6.330938e-05,0.04931166,2.109
2024_02_12_21_05_04_626,0.7,0.0,70957.0,70957.0,27.98872,1.461233e-05,0.1359285,-1.998862e-08,0.008858503,3.722702e-06,2.11,2.101993e-05,1.074186e-05,2.855341e-05,0.009775162,-7.831147e-06,-0.04564598,2.109
2024_02_12_21_05_04_663,0.7,0.0,71155.0,71155.0,28.06677,1.462491e-05,0.1359284,1.139477e-06,0.008857936,7.982572e-06,2.11,-2.381149e-05,1.647228e-05,-2.604763e-05,-0.01358986,0.0001730615,0.0493098,2.109
2024_02_12_21_05_04_701,0.7,0.0,71358.0,71358.0,28.14693,1.461678e-05,0.1359284,-3.328702e-07,0.008858384,8.991586e-06,2.11,-9.335935e-07,-6.458444e-05,2.369606e-06,-0.01811981,-6.295314e-05,0.06483309,2.109
2024_02_12_21_05_04_734,0.7,0.0,71535.0,71535.0,28.21655,1.460839e-05,0.1359284,7.499243e-07,0.008857906,8.459431e-06,2.11,-9.934456e-07,0.0001061315,-2.275671e-07,-0.02908706,-0.0001429375,0.05316548,2.109
2024_02_12_21_05_04_771,0.7,0.0,71733.0,71733.0,28.2946,1.46124e-05,0.1359284,1.968278e-07,0.008858293,1.182542e-05,2.11,-6.01153e-07,-2.860922e-05,2.012281e-06,0.01168251,-6.553648e-06,-0.02290681,2.109
2024_02_12_21_05_04_809,0.7,0.0,71936.0,71936.0,28.37476,1.458021e-05,0.1359285,7.828085e-07,0.008858503,1.018882e-05,2.11,-2.394737e-05,-3.126959e-05,1.337922e-05,-0.0140667,0.0001954077,0.04967115,2.109
2024_02_12_21_05_04_847,0.7,0.0,72134.0,72134.0,28.45281,1.458964e-05,0.1359283,3.9328e-08,0.008857787,1.330383e-05,2.11,2.343983e-05,-2.485178e-05,-1.198713e-05,0.02479553,-0.0001301751,-0.05765073,2.109
2024_02_12_21_05_04_883,0.7,0.0,72337.0,72337.0,28.53298,1.458172e-05,0.1359284,1.845974e-06,0.008858085,1.393133e-05,2.11,-6.168722e-07,-4.486524e-05,1.978392e-06,0.01811981,7.245372e-05,-0.01539104,2.109
2024_02_12_21_05_04_922,0.7,0.0,72535.0,72535.0,28.61103,1.458399e-05,0.1359282,-1.41222e-06,0.008858144,1.712608e-05,2.11,2.356487e-06,0.000106619,7.812733e-06,-0.008821487,4.782976e-05,-0.06105005,2.109
2024_02_12_21_05_04_959,0.7,0.0,72738.0,72738.0,28.69119,1.457579e-05,0.1359284,-6.78528e-07,0.008857965,1.697925e-05,2.11,1.927735e-05,-3.672523e-05,-1.47464e-05,0.04386901,-9.650421e-05,-0.07265806,2.109
2024_02_12_21_05_04_993,0.7,0.0,72914.0,72914.0,28.76081,1.454799e-05,0.1359283,4.004173e-07,0.008858174,1.317703e-05,2.11,-2.312895e-06,6.939057e-05,1.642431e-06,-0.007629394,-0.0001513835,-0.04220567,2.109
2024_02_12_21_05_05_030,0.7,0.0,73118.0,73117.0,28.84097,1.451111e-05,0.1359283,-9.221179e-07,0.008857875,9.608467e-06,2.11,2.021007e-05,1.962782e-05,-2.433714e-05,0.01358986,9.188201e-05,-0.05737133,2.109
2024_02_12_21_05_05_063,0.7,0.0,73294.0,73294.0,28.91058,1.449115e-05,0.1359283,-1.712536e-06,0.008858174,6.313237e-06,2.11,4.260062e-05,4.305361e-05,1.205813e-05,-0.02837181,-0.0001400744,0.05346164,2.109
2024_02_12_21_05_05_101,0.7,0.0,73497.0,73497.0,28.99074,1.447778e-05,0.1359282,6.630557e-07,0.008857845,7.247576e-06,2.11,-2.248131e-05,7.179239e-05,1.185699e-05,-0.03647804,-2.419503e-05,0.007493421,2.109
2024_02_12_21_05_05_138,0.7,0.0,73695.0,73695.0,29.0688,1.447463e-05,0.1359284,-5.653769e-07,0.008858502,1.217056e-05,2.11,2.203922e-05,-7.0222e-05,-2.28207e-05,-0.01645088,5.029776e-05,0.007620081,2.109
2024_02_12_21_05_05_176,0.7,0.0,73893.0,73893.0,29.14685,1.448044e-05,0.1359283,-2.458773e-07,0.008858144,1.827935e-05,2.11,-2.00508e-06,0.0001079763,3.683453e-07,-0.0424385,-2.726278e-05,0.05733594,2.109
2024_02_12_21_05_05_213,0.7,0.0,74096.0,74096.0,29.22701,1.446676e-05,0.1359284,-1.429981e-07,0.008858293,1.515233e-05,2.11,1.212758e-06,-0.0001048935,-2.263621e-06,0.03957748,3.183174e-06,-0.01518428,2.109
2024_02_12_21_05_05_250,0.7,0.0,74294.0,74294.0,29.30506,1.445075e-05,0.1359283,-5.763656e-07,0.008858353,1.32194e-05,2.11,4.010346e-05,4.972933e-05,1.156435e-05,-0.04196167,-5.68973e-05,0.08415058,2.109
2024_02_12_21_05_05_288,0.7,0.0,74497.0,74497.0,29.38523,1.443369e-05,0.1359283,1.850974e-06,0.008857936,1.543714e-05,2.11,-2.594196e-06,9.644411e-05,1.272229e-07,-0.005960464,-6.490211e-05,0.02288259,2.109
2024_02_12_21_05_05_325,0.7,0.0,74695.0,74695.0,29.46328,1.44165e-05,0.1359283,2.130839e-07,0.008858442,1.638956e-05,2.11,-9.426029e-07,-7.296078e-05,1.466259e-06,-0.01883507,7.105143e-06,-0.01528859,2.109
2024_02_12_21_05_05_359,0.7,0.0,74877.0,74876.0,29.535,1.437937e-05,0.1359284,5.965674e-07,0.008857996,1.247253e-05,2.11,-2.067021e-05,0.0001013361,1.240542e-05,-0.020504,0.0001250526,0.003639608,2.109
2024_02_12_21_05_05_396,0.7,0.0,75074.0,75074.0,29.61305,1.437091e-05,0.1359283,2.636722e-07,0.008858323,1.33165e-05,2.11,-4.073407e-07,-0.0001321746,-9.066491e-07,0.03457069,5.914359e-06,-0.06850436,2.109
2024_02_12_21_05_05_434,0.7,0.0,75278.0,75277.0,29.69322,1.435094e-05,0.1359283,-1.213475e-06,0.008857995,1.027753e-05,2.11,2.198419e-05,4.088177e-05,2.784169e-05,0.01859665,-8.372327e-05,-0.02666749,2.109
2024_02_12_21_05_05_472,0.7,0.0,75475.0,75475.0,29.77127,1.432633e-05,0.1359283,-4.466579e-07,0.008857905,7.820465e-06,2.11,4.366247e-07,6.121511e-05,-6.422152e-06,-0.0140667,0.0001491365,-0.01162663,2.109
2024_02_12_21_05_05_510,0.7,0.0,75679.0,75678.0,29.85143,1.435055e-05,0.1359282,-8.601489e-08,0.008857757,1.338248e-05,2.11,1.201754e-06,-3.472379e-06,1.068683e-06,0.03194809,0.0001458757,-0.06510131,2.109
2024_02_12_21_05_05_542,0.7,0.0,75855.0,75855.0,29.92105,1.43315e-05,0.1359284,3.864415e-06,0.008858055,1.38102e-05,2.11,-2.744756e-06,8.211414e-05,6.98352e-07,-0.01454353,5.409453e-05,0.05356781,2.109
2024_02_12_21_05_05_581,0.7,0.0,76058.0,76058.0,30.00121,1.432662e-05,0.1359284,4.665233e-07,0.008858234,1.916047e-05,2.11,-1.116071e-06,-8.762642e-05,1.345455e-06,0.0128746,-3.504374e-05,-0.03845058,2.109
2024_02_12_21_05_05_613,0.7,0.0,76235.0,76235.0,30.07082,1.430558e-05,0.1359283,6.454412e-07,0.008858114,1.776552e-05,2.11,-6.552679e-07,8.761951e-05,1.188967e-06,-0.009536743,-8.0049e-05,0.04604272,2.109
2024_02_12_21_05_05_651,0.7,0.0,76433.0,76432.0,30.14887,1.429007e-05,0.1359284,7.560194e-09,0.008858293,1.695478e-05,2.11,1.185883e-07,-9.243035e-05,1.674659e-06,-0.005245208,8.69548e-06,0.01521781,2.109
2024_02_12_21_05_05_688,0.7,0.0,76636.0,76636.0,30.22904,1.427742e-05,0.1359283,1.167593e-07,0.008858293,1.624322e-05,2.11,-9.425029e-07,8.925611e-06,-2.031072e-06,-0.02765655,1.129524e-05,0.06870739,2.109
2024_02_12_21_05_05_726,0.7,0.0,76834.0,76833.0,30.30709,1.426618e-05,0.1359284,1.252245e-06,0.008858055,1.955999e-05,2.11,-3.666733e-06,9.631773e-05,5.441796e-06,-0.010252,9.463525e-05,0.007618218,2.109
2024_02_12_21_05_05_764,0.7,0.0,77037.0,77037.0,30.38725,1.423156e-05,0.1359283,-1.299455e-06,0.008857936,1.656128e-05,2.11,1.625293e-06,2.444016e-05,1.381584e-06,-0.004291534,-5.910328e-05,0.02297573,2.109
2024_02_12_21_05_05_801,0.7,0.0,77235.0,77234.0,30.4653,1.418558e-05,0.1359283,9.999995e-07,0.008858114,1.117613e-05,2.11,-2.20971e-05,6.152729e-05,-2.627917e-05,-0.003576278,8.54425e-05,-0.01914799,2.109
2024_02_12_21_05_05_833,0.7,0.0,77416.0,77416.0,30.53703,1.416368e-05,0.1359282,5.119391e-08,0.008857965,9.346804e-06,2.11,4.871147e-07,2.808322e-05,8.075852e-07,0.0231266,-6.266845e-06,-0.03793091,2.109
2024_02_12_21_05_05_872,0.7,0.0,77614.0,77614.0,30.61508,1.411563e-05,0.1359283,9.871187e-07,0.008858085,6.573657e-06,2.11,-7.156966e-07,1.622805e-05,2.427171e-06,0.009536743,6.882146e-06,0.007867813,2.109
2024_02_12_21_05_05_909,0.7,0.0,77817.0,77817.0,30.69524,1.409909e-05,0.1359283,-9.280843e-07,0.008857787,6.002379e-06,2.11,7.621338e-07,4.436701e-05,-1.556103e-06,0.003576278,-0.0001405937,-0.003941357,2.109
2024_02_12_21_05_05_947,0.7,0.0,78015.0,78015.0,30.77329,1.408435e-05,0.1359283,-1.018818e-06,0.008858443,6.035329e-06,2.11,1.415726e-06,-4.999622e-05,-3.726179e-06,-0.00166893,-4.308837e-05,-0.06108731,2.109
2024_02_12_21_05_05_983,0.7,0.0,78218.0,78218.0,30.85346,1.40884e-05,0.1359283,4.216214e-07,0.008858234,8.787319e-06,2.11,-1.946251e-05,6.214908e-05,-3.46862e-05,0.009059906,0.0001040974,0.0002086162,2.109
2024_02_12_21_05_06_022,0.7,0.0,78416.0,78416.0,30.93151,1.409638e-05,0.1359283,9.123809e-07,0.008857877,1.304256e-05,2.11,9.304615e-07,-1.390293e-05,3.890344e-06,0.001430511,1.399604e-05,-0.0001899898,2.109
2024_02_12_21_05_06_059,0.7,0.0,78619.0,78619.0,31.01167,1.406664e-05,0.1359285,-4.720805e-07,0.008858473,1.403362e-05,2.11,-6.591052e-07,-0.0001101381,-1.469003e-06,0.0257492,0.0001230926,-0.01907349,2.109
2024_02_12_21_05_06_096,0.7,0.0,78817.0,78817.0,31.08972,1.406449e-05,0.1359283,3.218298e-07,0.008858025,1.830604e-05,2.11,1.827535e-06,0.0001047594,9.315851e-06,-0.03075599,3.097275e-05,0.03417023,2.109
2024_02_12_21_05_06_133,0.7,0.0,79020.0,79020.0,31.16989,1.403694e-05,0.1359283,-7.681277e-08,0.008858055,1.141232e-05,2.11,3.474527e-06,-9.67018e-06,-5.689275e-06,0.01955032,8.273088e-05,-0.02678297,2.109
2024_02_12_21_05_06_172,0.7,0.0,79218.0,79218.0,31.24794,1.403897e-05,0.1359283,6.406947e-07,0.008858413,1.466971e-05,2.11,1.12124e-06,1.79093e-05,1.615103e-06,0.005960464,-9.149331e-05,-0.003516674,2.109
2024_02_12_21_05_06_205,0.7,0.0,79400.0,79400.0,31.31966,1.401104e-05,0.1359284,-5.00415e-07,0.008857936,1.088434e-05,2.11,-1.355761e-07,-3.329283e-06,-6.193427e-06,0.004768372,0.0001956442,-0.03084354,2.109
2024_02_12_21_05_06_243,0.7,0.0,79598.0,79598.0,31.39771,1.397554e-05,0.1359283,4.118677e-07,0.008858471,8.749755e-06,2.11,-1.962517e-06,-3.630449e-06,1.793457e-06,-0.00834465,-7.949575e-05,-0.01897104,2.109
2024_02_12_21_05_06_280,0.7,0.0,79801.0,79801.0,31.47788,1.395933e-05,0.1359283,-9.394145e-07,0.008858384,1.092658e-05,2.11,9.873453e-07,-7.146865e-05,-4.850207e-07,-0.005960464,-1.136669e-05,0.007811933,2.109
2024_02_12_21_05_06_313,0.7,0.0,79977.0,79977.0,31.54749,1.395458e-05,0.1359283,-1.085032e-06,0.008858026,1.221662e-05,2.11,2.136129e-05,-1.049223e-05,2.794135e-05,-0.004053116,-9.443229e-05,-0.06513484,2.109
2024_02_12_21_05_06_351,0.7,0.0,80175.0,80175.0,31.62554,1.395586e-05,0.1359283,-3.076476e-07,0.008858056,1.506322e-05,2.11,2.66951e-06,-2.878173e-05,2.234392e-06,0.01525879,3.394575e-06,-0.07651001,2.109
2024_02_12_21_05_06_384,0.7,0.0,80357.0,80357.0,31.69727,1.393318e-05,0.1359283,8.77821e-07,0.008857877,1.258133e-05,2.11,-2.727294e-07,1.137481e-06,-1.675105e-08,-0.01525879,9.084459e-06,0.00745058,2.109
2024_02_12_21_05_06_422,0.7,0.0,80555.0,80555.0,31.77532,1.392511e-05,0.1359282,-1.901152e-07,0.008857817,1.496285e-05,2.11,3.395439e-07,-3.821331e-06,-6.037555e-06,-0.02503395,9.446804e-05,0.02280064,2.109
2024_02_12_21_05_06_455,0.7,0.0,80737.0,80737.0,31.84704,1.391644e-05,0.1359282,1.454051e-06,0.008857817,1.476753e-05,2.11,-7.711339e-07,6.480798e-05,6.50328e-06,-0.010252,-0.0001375018,0.0461284,2.109
2024_02_12_21_05_06_492,0.7,0.0,80935.0,80935.0,31.92509,1.388481e-05,0.1359283,-1.973048e-07,0.008858413,1.291508e-05,2.11,-2.18585e-07,-0.0001103034,-6.980782e-06,-0.003576278,0.0001767177,-0.003794208,2.109
2024_02_12_21_05_06_529,0.7,0.0,81132.0,81132.0,32.00314,1.386519e-05,0.1359283,8.778471e-08,0.008858621,1.11129e-05,2.11,2.59131e-07,-6.005546e-05,1.211135e-06,-0.01335144,-4.745232e-06,-0.01528487,2.109
2024_02_12_21_05_06_564,0.7,0.0,81314.0,81314.0,32.07487,1.385521e-05,0.1359283,-7.509136e-08,0.008857965,9.871522e-06,2.11,9.353608e-07,-0.000130384,-2.474824e-07,0.0269413,-2.089446e-05,-0.03844127,2.109
2024_02_12_21_05_06_600,0.7,0.0,81512.0,81512.0,32.15292,1.381407e-05,0.1359284,8.747494e-07,0.008858384,5.580972e-06,2.11,-3.122607e-06,-0.000142682,-1.738389e-06,0.004529953,-8.567667e-05,-0.02683326,2.109
2024_02_12_21_05_06_639,0.7,0.0,81715.0,81715.0,32.23308,1.379346e-05,0.1359283,-2.815599e-07,0.008858324,5.093097e-06,2.11,1.445455e-06,-0.0001296612,1.627328e-06,0.0007152557,1.673847e-05,0.02302602,2.109
2024_02_12_21_05_06_676,0.7,0.0,81913.0,81913.0,32.31113,1.37892e-05,0.1359283,-1.432762e-06,0.008857937,6.370339e-06,2.11,1.195953e-06,8.559998e-06,6.151106e-06,-0.002384186,-3.555046e-05,-0.0383798,2.109
2024_02_12_21_05_06_713,0.7,0.0,82116.0,82116.0,32.3913,1.380301e-05,0.1359283,4.346952e-07,0.008858114,8.633127e-06,2.11,-1.934301e-05,-2.597307e-05,-2.590418e-05,0.03504753,0.0001629476,-0.01903437,2.109
2024_02_12_21_05_06_750,0.7,0.0,82314.0,82314.0,32.46935,1.378362e-05,0.1359283,2.042715e-06,0.008857787,6.065563e-06,2.11,-1.931038e-05,8.704662e-05,-2.415312e-05,-0.03170967,1.348097e-05,0.02656132,2.109
2024_02_12_21_05_06_784,0.7,0.0,82496.0,82496.0,32.54107,1.376808e-05,0.1359283,1.25846e-06,0.008857906,5.856148e-06,2.11,-1.641603e-06,-8.144212e-06,7.743187e-07,0.0140667,-2.693173e-05,-0.06107799,2.109
2024_02_12_21_05_06_821,0.7,0.0,82694.0,82694.0,32.61913,1.375826e-05,0.1359282,5.012128e-07,0.008857877,8.168179e-06,2.11,1.297478e-06,2.274498e-07,-1.102237e-06,0.0007152557,-1.839359e-05,1.117587e-05,2.109
2024_02_12_21_05_06_859,0.7,0.0,82897.0,82897.0,32.69929,1.375059e-05,0.1359282,-1.970209e-06,0.008857816,8.893452e-06,2.11,2.34512e-06,6.34474e-06,-5.556068e-06,-0.004768372,0.0001084274,0.06123259,2.109
2024_02_12_21_05_06_892,0.7,0.0,83074.0,83073.0,32.7689,1.375062e-05,0.1359283,-1.504297e-06,0.008857995,1.125592e-05,2.11,4.195017e-05,7.885394e-05,1.937778e-05,-0.01692772,-0.0002895498,0.02672896,2.109
2024_02_12_21_05_06_930,0.7,0.0,83271.0,83271.0,32.84695,1.372089e-05,0.1359282,9.471644e-07,0.008857816,6.636013e-06,2.11,9.590652e-07,-4.65395e-05,5.736812e-07,0.0009536743,-4.397911e-05,0.01542643,2.109
2024_02_12_21_05_06_973,0.7,0.0,83496.0,83496.0,32.93555,1.372506e-05,0.1359281,-2.781543e-07,0.008857995,6.662269e-06,2.11,2.713126e-06,1.902932e-06,2.709308e-06,-0.0128746,3.743224e-05,0.05391053,2.109
2024_02_12_21_05_07_005,0.7,0.0,83673.0,83672.0,33.00517,1.371394e-05,0.1359282,1.063551e-06,0.008857937,5.852784e-06,2.11,-5.492682e-07,-2.069211e-05,-1.761612e-06,0.02145767,-1.152989e-05,-0.02280064,2.109
2024_02_12_21_05_07_042,0.7,0.0,83876.0,83876.0,33.08533,1.370747e-05,0.1359283,1.972124e-07,0.008858055,7.629882e-06,2.11,2.765759e-07,-8.232101e-06,-3.843137e-08,-0.0004768371,1.133173e-07,-8.754431e-05,2.109
2024_02_12_21_05_07_079,0.7,0.0,84074.0,84073.0,33.16338,1.369694e-05,0.1359283,1.050072e-07,0.008858204,8.41322e-06,2.11,-1.115959e-06,1.069367e-05,1.690872e-06,0.01263618,3.349027e-05,0.03834255,2.109
2024_02_12_21_05_07_117,0.7,0.0,84277.0,84277.0,33.24355,1.367818e-05,0.1359283,-1.489878e-07,0.008857786,7.588328e-06,2.11,4.862086e-07,-2.72983e-05,-1.976266e-06,0.006914138,5.195767e-05,-0.0002533197,2.109
2024_02_12_21_05_07_155,0.7,0.0,84475.0,84475.0,33.3216,1.366995e-05,0.1359282,6.463872e-09,0.008858473,9.083135e-06,2.11,5.582595e-07,-7.542195e-05,2.363807e-06,-0.0166893,-5.478796e-06,0.02321787,2.109
2024_02_12_21_05_07_192,0.7,0.0,84678.0,84678.0,33.40176,1.366536e-05,0.1359283,7.743318e-07,0.008858384,1.062818e-05,2.11,-1.473633e-06,-0.0001074562,1.294403e-06,0.0140667,-5.099357e-05,-0.06879307,2.109
2024_02_12_21_05_07_230,0.7,0.0,84876.0,84876.0,33.47981,1.36317e-05,0.1359282,-9.486691e-08,0.008857847,7.618584e-06,2.11,-3.20633e-07,2.734836e-05,8.169843e-07,-0.01001358,5.750234e-05,0.01521036,2.109
2024_02_12_21_05_07_263,0.7,0.0,85058.0,85057.0,33.55154,1.363847e-05,0.1359283,-9.607649e-07,0.008858026,8.318453e-06,2.11,-1.70205e-05,6.262437e-05,-3.354945e-05,0.008821487,0.0001402191,0.003958121,2.109
2024_02_12_21_05_07_300,0.7,0.0,85255.0,85255.0,33.62959,1.364101e-05,0.1359282,1.242709e-07,0.008857845,6.974214e-06,2.11,-1.936354e-08,3.244841e-05,6.16236e-07,-0.01454353,-2.085386e-06,0.01541525,2.109
2024_02_12_21_05_07_338,0.7,0.0,85459.0,85458.0,33.70975,1.36233e-05,0.1359284,5.824111e-07,0.008858384,5.228659e-06,2.11,-1.054183e-06,-0.0001330486,1.166098e-07,0.01597404,-8.444033e-06,-0.007573515,2.109
2024_02_12_21_05_07_375,0.7,0.0,85657.0,85656.0,33.7878,1.361716e-05,0.1359283,-1.423887e-07,0.008858353,9.360122e-06,2.11,7.591711e-07,-0.000112412,-3.686604e-06,-0.0004768371,3.799047e-05,5.401671e-05,2.109
2024_02_12_21_05_07_409,0.7,0.0,85838.0,85838.0,33.85953,1.360392e-05,0.1359283,-4.717095e-07,0.008858443,1.24703e-05,2.11,-3.367818e-07,-0.0001414187,-2.603781e-06,0.01049042,0.00011278,-0.04590302,2.109
2024_02_12_21_05_07_446,0.7,0.0,86036.0,86036.0,33.93758,1.362462e-05,0.1359283,-2.735308e-07,0.008858204,1.55653e-05,2.11,-1.897461e-05,7.807303e-05,2.658632e-05,-0.01144409,-6.476199e-05,-0.01920201,2.109
2024_02_12_21_05_07_480,0.7,0.0,86213.0,86212.0,34.00719,1.360422e-05,0.1359282,3.116802e-07,0.008858055,1.173171e-05,2.11,-5.862484e-06,-4.04169e-05,-2.573593e-06,0.0009536743,-9.663404e-05,0.06885082,2.109
2024_02_12_21_05_07_517,0.7,0.0,86416.0,86416.0,34.08736,1.35764e-05,0.1359284,1.683771e-06,0.008858443,1.138177e-05,2.11,-2.247515e-06,-0.0001189747,2.957642e-07,-0.0002384186,-7.875312e-05,0.05366467,2.109
2024_02_12_21_05_07_555,0.7,0.0,86614.0,86614.0,34.16541,1.354314e-05,0.1359283,1.037932e-06,0.008858025,1.277547e-05,2.11,-3.39805e-06,-1.017818e-05,-1.632229e-06,0.007152557,-0.0001155736,-0.03060326,2.109
2024_02_12_21_05_07_592,0.7,0.0,86817.0,86817.0,34.24557,1.351806e-05,0.1359283,-6.883393e-07,0.008857936,1.368164e-05,2.11,-6.550968e-07,-2.849296e-05,-4.279956e-06,0.008106232,3.011433e-05,-0.03067776,2.109
2024_02_12_21_05_07_625,0.7,0.0,86993.0,86993.0,34.31519,1.35191e-05,0.1359283,-5.771317e-07,0.008857845,1.827121e-05,2.11,-3.930908e-07,1.621207e-05,1.87284e-06,0.02026558,0.0001065288,-0.05343184,2.109
2024_02_12_21_05_07_663,0.7,0.0,87197.0,87196.0,34.39535,1.348357e-05,0.1359282,-4.838706e-08,0.008857846,1.510105e-05,2.11,-3.796538e-09,-2.517903e-05,2.147174e-06,0.01168251,3.354188e-05,0.03067218,2.109
2024_02_12_21_05_07_696,0.7,0.0,87373.0,87373.0,34.46496,1.346106e-05,0.1359283,5.77392e-07,0.008857965,1.294352e-05,2.11,-2.132497e-05,-1.085768e-05,-2.27633e-05,0.004053116,9.764147e-05,-0.0077039,2.109
2024_02_12_21_05_07_733,0.7,0.0,87571.0,87571.0,34.54301,1.344734e-05,0.1359283,6.82566e-07,0.008858442,1.278141e-05,2.11,2.821826e-07,-0.0001342873,7.309479e-06,0.01573563,-0.0001306198,-0.02662837,2.109
2024_02_12_21_05_07_771,0.7,0.0,87774.0,87774.0,34.62318,1.3398e-05,0.1359283,1.944334e-06,0.008858235,1.60904e-05,2.11,-4.166426e-06,8.233821e-05,-9.250016e-06,-0.01263618,4.179026e-05,7.45058e-06,2.109
2024_02_12_21_05_07_809,0.7,0.0,87972.0,87972.0,34.70123,1.336783e-05,0.1359283,-3.655645e-07,0.008857846,1.940024e-05,2.11,-1.885478e-06,2.704453e-05,3.082093e-06,-0.00166893,3.581959e-05,0.02680346,2.109
2024_02_12_21_05_07_846,0.7,0.0,88175.0,88175.0,34.78139,1.333708e-05,0.1359282,-4.051045e-07,0.008857965,2.181467e-05,2.11,-2.360214e-05,8.767081e-06,-3.374122e-05,0.03004074,5.108143e-05,-0.0723172,2.109
2024_02_12_21_05_07_884,0.7,0.0,88373.0,88373.0,34.85944,1.328716e-05,0.1359283,2.288166e-07,0.008857995,1.801298e-05,2.11,1.418274e-06,-3.378509e-06,4.874024e-05,0.01621246,-0.0002160391,0.03832392,2.109
2024_02_12_21_05_07_916,0.7,0.0,88555.0,88555.0,34.93117,1.326422e-05,0.1359283,-1.553077e-06,0.008858354,1.84078e-05,2.11,3.39325e-06,-0.0001495371,-3.340129e-06,-0.002145767,0.000113943,-0.0001005828,2.109
2024_02_12_21_05_07_955,0.7,0.0,88753.0,88753.0,35.00922,1.327166e-05,0.1359284,-8.048277e-07,0.008858175,2.018288e-05,2.11,2.371408e-05,4.206822e-05,-1.535183e-05,0.004291534,0.00012988,-0.01531653,2.109
2024_02_12_21_05_07_992,0.7,0.0,88956.0,88956.0,35.08938,1.323532e-05,0.1359283,-1.363756e-07,0.008857727,1.711923e-05,2.11,6.698562e-07,-8.647277e-05,7.158542e-07,0.00500679,2.159618e-05,0.02270564,2.109
2024_02_12_21_05_08_025,0.7,0.0,89132.0,89132.0,35.159,1.318718e-05,0.1359283,4.101997e-07,0.008858413,1.491465e-05,2.11,-2.028137e-06,-0.0001320954,-7.673855e-07,0.0002384186,8.049016e-05,7.078052e-05,2.109
2024_02_12_21_05_08_063,0.7,0.0,89336.0,89335.0,35.23916,1.317032e-05,0.1359283,1.239564e-07,0.008857936,1.673935e-05,2.11,4.356473e-06,1.205984e-05,8.040338e-06,0.005245208,-2.052502e-05,-0.02680905,2.109
2024_02_12_21_05_08_100,0.7,0.0,89533.0,89533.0,35.31721,1.312121e-05,0.1359282,-7.639982e-08,0.008857965,9.293713e-06,2.11,-2.531193e-08,-3.545281e-05,-4.462991e-06,0.004291534,0.0001248998,0.007528811,2.109
2024_02_12_21_05_08_133,0.7,0.0,89710.0,89710.0,35.38683,1.310846e-05,0.1359283,-1.304027e-06,0.008857816,1.035217e-05,2.11,5.535396e-07,6.675824e-05,7.400317e-07,-0.01215935,-0.0001512252,-0.0001341105,2.109
2024_02_12_21_05_08_167,0.7,0.0,89892.0,89892.0,35.45855,1.310094e-05,0.1359282,6.496105e-07,0.008857965,1.117708e-05,2.11,-1.520663e-05,4.301265e-05,-2.684246e-05,-0.005483627,8.904214e-05,0.02675131,2.109
2024_02_12_21_05_08_205,0.7,0.0,90089.0,90089.0,35.5366,1.30909e-05,0.1359283,-1.105404e-06,0.008857996,7.758351e-06,2.11,1.386907e-06,3.466282e-06,2.081987e-06,-0.004053116,-1.950786e-05,-0.02307445,2.109
2024_02_12_21_05_08_242,0.7,0.0,90293.0,90293.0,35.61676,1.31072e-05,0.1359282,-1.948964e-07,0.008858114,1.0212e-05,2.11,1.64552e-06,-1.929293e-05,9.681089e-07,0.01049042,-4.034516e-05,0.007873401,2.109
2024_02_12_21_05_08_276,0.7,0.0,90469.0,90469.0,35.68638,1.309398e-05,0.1359283,5.395213e-07,0.008858025,1.032281e-05,2.11,3.373827e-07,9.441809e-05,-1.663691e-06,-0.04220008,5.700536e-05,-0.01955405,2.109
2024_02_12_21_05_08_308,0.7,0.0,90646.0,90645.0,35.75599,1.305828e-05,0.1359282,2.163273e-06,0.008858503,7.682782e-06,2.11,-2.076749e-05,-9.33112e-05,1.390329e-05,0.002145767,0.0001118373,0.0003781169,2.109
2024_02_12_21_05_08_346,0.7,0.0,90849.0,90849.0,35.83615,1.305526e-05,0.1359283,2.512404e-07,0.008858384,6.838874e-06,2.11,2.303664e-06,-0.0001106395,-3.769431e-08,0.01215935,-9.858376e-05,-0.06113387,2.109
2024_02_12_21_05_08_384,0.7,0.0,91047.0,91047.0,35.91421,1.305043e-05,0.1359283,-7.815767e-07,0.008858443,8.631076e-06,2.11,-2.068674e-05,-0.0001176436,1.808886e-05,-0.007867813,0.0003013879,-0.03836676,2.109
2024_02_12_21_05_08_421,0.7,0.0,91250.0,91250.0,35.99437,1.306379e-05,0.1359283,1.664733e-07,0.008858144,9.77254e-06,2.11,-2.01527e-05,1.054395e-05,-2.070079e-05,-0.005722045,-0.000104214,0.007567927,2.109
2024_02_12_21_05_08_456,0.7,0.0,91426.0,91426.0,36.06398,1.305349e-05,0.1359283,-6.43295e-07,0.008857846,5.732665e-06,2.11,2.489813e-06,3.525341e-05,2.51781e-06,-0.02241134,-2.813698e-05,-0.01551583,2.109
2024_02_12_21_05_08_491,0.7,0.0,91630.0,91629.0,36.14415,1.303814e-05,0.1359283,3.515654e-07,0.008858114,2.617932e-06,2.11,1.899284e-05,-9.682009e-05,2.70234e-05,0.01716614,-3.36546e-05,0.003749504,2.109
2024_02_12_21_05_08_525,0.7,0.0,91806.0,91806.0,36.21376,1.301749e-05,0.1359284,9.026494e-09,0.008858384,9.555422e-07,2.11,-2.928303e-07,-0.0001127225,-7.570031e-07,0.002861023,2.449303e-05,0.03835931,2.109
2024_02_12_21_05_08_559,0.7,0.0,91982.0,91982.0,36.28337,1.302254e-05,0.1359283,-4.670101e-07,0.008858502,3.601492e-06,2.11,-1.526374e-06,-1.230737e-05,2.565314e-06,0.007152557,-2.635832e-05,-0.01104362,2.109
2024_02_12_21_05_08_597,0.7,0.0,92186.0,92186.0,36.36354,1.30172e-05,0.1359283,1.141102e-06,0.008857697,4.537435e-06,2.11,-2.260757e-05,9.475517e-05,1.873411e-05,-0.0371933,8.121793e-05,0.01110509,2.109
2024_02_12_21_05_08_634,0.7,0.0,92384.0,92383.0,36.44159,1.300048e-05,0.1359282,-1.707727e-06,0.008857995,4.29303e-06,2.11,-1.334948e-06,-3.788934e-05,2.573167e-06,-0.01478195,-0.0001218207,0.06883033,2.109
2024_02_12_21_05_08_672,0.7,0.0,92587.0,92587.0,36.52175,1.299927e-05,0.1359283,7.738915e-07,0.008857906,4.364053e-06,2.11,2.569363e-06,1.638659e-05,4.652293e-07,-0.001430511,7.799235e-05,-0.01535565,2.109
2024_02_12_21_05_08_709,0.7,0.0,92785.0,92784.0,36.5998,1.299472e-05,0.1359284,7.385415e-07,0.008858384,4.383074e-06,2.11,-1.205182e-06,-0.0001311201,-3.829323e-06,-0.0009536743,-7.016055e-05,-0.03843009,2.109
2024_02_12_21_05_08_746,0.7,0.0,92988.0,92988.0,36.67997,1.298386e-05,0.1359284,-1.773286e-07,0.008858471,5.518782e-06,2.11,4.149587e-07,-0.0001253074,4.110977e-06,-0.00834465,0.0001731407,0.003742054,2.109
2024_02_12_21_05_08_784,0.7,0.0,93186.0,93186.0,36.75802,1.301913e-05,0.1359283,8.354908e-08,0.008858025,8.79249e-06,2.11,3.11997e-06,0.0001237098,1.312025e-07,-0.02121925,-9.625898e-05,0.01529604,2.109
2024_02_12_21_05_08_821,0.7,0.0,93389.0,93389.0,36.83818,1.302959e-05,0.1359283,-2.857234e-07,0.008857877,7.541865e-06,2.11,7.88491e-07,1.332735e-05,-2.881251e-06,-0.006437301,1.554531e-05,0.05349703,2.109
2024_02_12_21_05_08_859,0.7,0.0,93587.0,93587.0,36.91623,1.300783e-05,0.1359283,-2.562912e-07,0.008858413,1.009396e-06,2.11,-1.855598e-06,-0.0001335348,-7.401786e-06,0.009775162,-8.369287e-05,0.03468059,2.109
2024_02_12_21_05_08_896,0.7,0.0,93790.0,93790.0,36.9964,1.301453e-05,0.1359283,6.35702e-07,0.008858384,3.236182e-06,2.11,-1.226354e-06,-0.0001175053,-4.728325e-07,-0.00166893,-2.979293e-05,-1.303852e-05,2.109
2024_02_12_21_05_08_929,0.7,0.0,93966.0,93966.0,37.06601,1.302026e-05,0.1359283,2.852612e-07,0.008858443,5.907701e-06,2.11,-1.600459e-06,-0.0001162149,3.909407e-06,-0.00333786,-2.608145e-05,-0.02299063,2.109
2024_02_12_21_05_08_967,0.7,0.0,94169.0,94169.0,37.14617,1.301558e-05,0.1359283,1.169139e-06,0.008857995,7.996879e-06,2.11,-1.009025e-06,0.0001507993,6.807271e-06,-0.03790855,4.713932e-05,0.08804723,2.109
2024_02_12_21_05_09_001,0.7,0.0,94346.0,94346.0,37.21579,1.300203e-05,0.1359282,3.918486e-07,0.008858443,6.112447e-06,2.11,-2.21783e-05,-0.0001110384,-2.550206e-05,-0.001192093,9.829804e-05,0.004166737,2.109
2024_02_12_21_05_09_038,0.7,0.0,94544.0,94544.0,37.29384,1.300231e-05,0.1359283,1.871585e-07,0.008857877,5.924775e-06,2.11,-2.023794e-05,8.894615e-06,-2.730557e-05,0.005245208,6.382362e-05,-0.003922731,2.109
2024_02_12_21_05_09_071,0.7,0.0,94726.0,94726.0,37.36556,1.300533e-05,0.1359283,-1.901006e-06,0.008857937,4.704892e-06,2.11,4.191839e-05,-4.325336e-05,1.61471e-05,-0.0007152557,-0.000242797,-0.01529977,2.109
2024_02_12_21_05_09_105,0.7,0.0,94907.0,94907.0,37.43729,1.301724e-05,0.1359282,9.251218e-07,0.008857697,7.448009e-06,2.11,-6.816866e-07,0.0001314724,-2.760349e-06,-0.01120567,-0.0001977078,-0.0001806766,2.109
2024_02_12_21_05_09_142,0.7,0.0,95105.0,95105.0,37.51534,1.299817e-05,0.1359283,3.208928e-07,0.008857877,6.328913e-06,2.11,-1.369043e-06,-4.590696e-06,-2.06782e-06,-0.02026558,2.969055e-05,0.03053807,2.109
2024_02_12_21_05_09_180,0.7,0.0,95303.0,95303.0,37.59339,1.299933e-05,0.1359282,6.221188e-07,0.008857907,9.77039e-06,2.11,-1.753137e-06,9.428064e-06,5.285702e-06,0.01168251,-8.292047e-05,-0.03048032,2.109
2024_02_12_21_05_09_217,0.7,0.0,95506.0,95506.0,37.67355,1.298805e-05,0.1359283,4.916199e-07,0.008857907,6.708202e-06,2.11,-2.235983e-05,1.97834e-05,1.664117e-05,-0.00333786,7.674714e-06,-0.01915544,2.109
2024_02_12_21_05_09_255,0.7,0.0,95704.0,95704.0,37.75161,1.298935e-05,0.1359283,9.921697e-07,0.008858025,1.01614e-05,2.11,-2.090783e-05,7.078699e-06,-2.767943e-05,-0.007629394,0.0001130161,0.01130439,2.109
2024_02_12_21_05_09_291,0.7,0.0,95907.0,95907.0,37.83177,1.299041e-05,0.1359283,5.136866e-08,0.008858144,1.159799e-05,2.11,-1.342121e-06,2.443937e-05,2.115642e-06,0.010252,7.104148e-06,0.02304837,2.109
2024_02_12_21_05_09_329,0.7,0.0,96105.0,96105.0,37.90982,1.297793e-05,0.1359283,3.174476e-07,0.008857846,8.704314e-06,2.11,-1.850109e-07,9.61167e-06,-5.393723e-06,-0.01430511,-3.419984e-05,-0.03074296,2.109
2024_02_12_21_05_09_366,0.7,0.0,96309.0,96309.0,37.98998,1.298449e-05,0.1359284,4.801347e-07,0.008858323,1.009159e-05,2.11,-2.106384e-05,-0.0001015415,-3.838543e-05,-0.00500679,0.0003191142,-0.0268314,2.109
2024_02_12_21_05_09_403,0.7,0.0,96506.0,96506.0,38.06804,1.298456e-05,0.1359283,3.805137e-07,0.008858442,9.953583e-06,2.11,-8.674001e-07,-0.0001194947,2.121749e-07,-0.0002384186,-5.124178e-06,6.332994e-05,2.109
2024_02_12_21_05_09_442,0.7,0.0,96710.0,96710.0,38.1482,1.298982e-05,0.1359283,-1.903619e-06,0.008858413,1.027947e-05,2.11,-1.520744e-06,-0.0001182901,-4.310991e-06,0.00667572,-8.912735e-06,-0.0459738,2.109
2024_02_12_21_05_09_479,0.7,0.0,96907.0,96908.0,38.22625,1.300634e-05,0.1359283,-2.315915e-07,0.008858384,1.505689e-05,2.11,1.997302e-05,2.212011e-05,-2.06805e-05,-0.02884865,-9.082787e-05,0.000147149,2.109
2024_02_12_21_05_09_517,0.7,0.0,97111.0,97111.0,38.30641,1.296156e-05,0.1359284,-2.117739e-08,0.008857877,6.890193e-06,2.11,-9.491561e-07,4.807021e-05,-1.751587e-07,-0.03504753,3.352141e-06,0.04570558,2.109
2024_02_12_21_05_09_555,0.7,0.0,97309.0,97309.0,38.38446,1.295473e-05,0.1359282,-4.842425e-08,0.008858384,7.891434e-06,2.11,-8.571087e-07,-9.708941e-05,1.779653e-06,0.009775162,-3.290907e-06,0.007953495,2.109
2024_02_12_21_05_09_588,0.7,0.0,97485.0,97485.0,38.45408,1.293961e-05,0.1359283,6.941941e-08,0.008858354,5.649109e-06,2.11,1.926018e-05,-0.000109018,3.142356e-05,-0.006198883,-0.0001213902,0.003825873,2.109
2024_02_12_21_05_09_625,0.7,0.0,97688.0,97688.0,38.53424,1.294005e-05,0.1359282,8.338031e-07,0.008858144,7.395911e-06,2.11,-2.244364e-06,-8.670165e-06,1.792534e-06,0.008583069,-1.018051e-05,0.02314523,2.109
2024_02_12_21_05_09_662,0.7,0.0,97886.0,97886.0,38.61229,1.292838e-05,0.1359283,7.227476e-07,0.008858114,8.817833e-06,2.11,-3.741073e-07,1.828799e-05,-3.447373e-06,0.0002384186,-0.0001109994,-0.02298131,2.109
2024_02_12_21_05_09_696,0.7,0.0,98068.0,98068.0,38.68402,1.293175e-05,0.1359283,4.136003e-07,0.008857787,9.141634e-06,2.11,-1.394555e-06,-1.912007e-05,-1.474287e-06,0.00333786,1.953555e-05,0.02279132,2.109
2024_02_12_21_05_09_733,0.7,0.0,98266.0,98266.0,38.76207,1.293466e-05,0.1359282,-1.632232e-07,0.008857877,1.101006e-05,2.11,-9.900424e-07,-2.703e-06,-1.239991e-06,0.003814697,5.021769e-05,0.0383351,2.109
2024_02_12_21_05_09_771,0.7,0.0,98469.0,98469.0,38.84223,1.289643e-05,0.1359282,7.491707e-07,0.008857966,6.83024e-06,2.11,1.698267e-05,2.297711e-05,-1.028242e-05,0.003814697,-0.0002095082,0.02310052,2.109
2024_02_12_21_05_09_808,0.7,0.0,98667.0,98667.0,38.92028,1.287967e-05,0.1359282,-8.111243e-07,0.008858026,6.054591e-06,2.11,6.686977e-07,-9.989609e-06,-1.403547e-06,0.007629394,-7.177327e-05,-0.00375323,2.109
2024_02_12_21_05_09_846,0.7,0.0,98870.0,98870.0,39.00045,1.289927e-05,0.1359283,9.126267e-08,0.008858174,9.310296e-06,2.11,8.546504e-09,1.427293e-05,-1.417126e-06,0.01072884,-1.547571e-05,0.06134621,2.109
2024_02_12_21_05_09_883,0.7,0.0,99068.0,99068.0,39.0785,1.289293e-05,0.1359283,4.800494e-07,0.008857906,9.602171e-06,2.11,-1.185986e-06,2.339879e-05,-1.034403e-06,-0.005722045,1.403353e-05,-0.0229869,2.109
2024_02_12_21_05_09_921,0.7,0.0,99271.0,99271.0,39.15866,1.286398e-05,0.1359284,2.416452e-07,0.008858384,7.025595e-06,2.11,-1.260781e-06,-0.0001289777,-1.728039e-06,0.005483627,2.868094e-05,-0.01532026,2.109
2024_02_12_21_05_09_959,0.7,0.0,99469.0,99469.0,39.23671,1.282257e-05,0.1359284,7.253459e-07,0.008858413,4.603964e-06,2.11,-2.419682e-06,-0.0001141701,-1.076192e-06,0.008821487,-5.205515e-05,0.00777468,2.109
2024_02_12_21_05_09_996,0.7,0.0,99672.0,99672.0,39.31688,1.284046e-05,0.1359283,3.441031e-07,0.008858353,9.074624e-06,2.11,-1.853122e-05,-6.412474e-05,-2.873496e-05,-0.0140667,0.0002256379,0.003894791,2.109
2024_02_12_21_05_10_033,0.7,0.0,99870.0,99870.0,39.39493,1.282909e-05,0.1359283,7.632522e-07,0.008858503,7.091273e-06,2.11,1.960994e-05,-2.668075e-06,3.302491e-05,-0.0004768371,2.988889e-05,-0.0341814,2.109
2024_02_12_21_05_10_072,0.7,0.0,100073.0,100073.0,39.47509,1.279751e-05,0.1359283,1.21997e-06,0.008857726,7.237536e-06,2.11,-1.741823e-06,-1.328599e-05,-6.829422e-07,-0.003576278,-2.366556e-05,-0.04630535,2.109
2024_02_12_21_05_10_108,0.7,0.0,100271.0,100271.0,39.55314,1.277362e-05,0.1359283,-7.625856e-07,0.008857965,7.41302e-06,2.11,9.039746e-08,-2.222576e-05,-5.154418e-06,-0.00834465,0.0003001219,-0.007783994,2.109
2024_02_12_21_05_10_146,0.7,0.0,100474.0,100474.0,39.6333,1.276923e-05,0.1359283,7.468518e-08,0.008857995,7.450079e-06,2.11,8.1989e-07,2.716168e-06,-4.17352e-07,0.0004768371,-1.27323e-05,-0.000115484,2.109
2024_02_12_21_05_10_183,0.7,0.0,100672.0,100672.0,39.71136,1.275443e-05,0.1359283,3.048806e-08,0.008858384,7.354001e-06,2.11,2.109894e-07,-0.0001159564,-2.612069e-08,-0.01072884,5.359936e-06,-0.007763505,2.109
2024_02_12_21_05_10_222,0.7,0.0,100875.0,100875.0,39.79152,1.276943e-05,0.1359283,-1.148348e-06,0.008858056,1.105156e-05,2.11,1.641668e-06,-5.272851e-05,-2.022566e-06,-0.003814697,9.590715e-05,0.06879494,2.109
2024_02_12_21_05_10_258,0.7,0.0,101073.0,101073.0,39.86957,1.276325e-05,0.1359283,5.489674e-09,0.008857995,8.675416e-06,2.11,2.632902e-07,9.316452e-05,-4.075207e-07,-0.03433228,-1.127513e-05,0.03032014,2.109
2024_02_12_21_05_10_296,0.7,0.0,101276.0,101276.0,39.94973,1.274239e-05,0.1359283,-5.17391e-07,0.008857877,8.416299e-06,2.11,1.889822e-05,2.730053e-06,2.964006e-05,-0.01716614,-0.000154507,0.01916662,2.109
2024_02_12_21_05_10_329,0.7,0.0,101453.0,101453.0,40.01935,1.273772e-05,0.1359283,-2.692297e-08,0.008858354,1.039284e-05,2.11,1.530781e-07,-0.0001168768,8.015799e-07,0.0002384186,-9.949047e-06,6.519258e-05,2.109
2024_02_12_21_05_10_367,0.7,0.0,101651.0,101651.0,40.0974,1.27251e-05,0.1359282,4.310781e-07,0.008858204,1.031066e-05,2.11,9.262979e-08,-4.224036e-05,7.347566e-06,-0.01454353,7.695121e-06,0.03059953,2.109
2024_02_12_21_05_10_400,0.7,0.0,101833.0,101833.0,40.16912,1.268195e-05,0.1359283,8.723889e-07,0.008858443,4.859749e-06,2.11,-3.761184e-06,3.49146e-05,2.321583e-07,-0.02551079,-0.0002865417,-0.01136027,2.109
2024_02_12_21_05_10_438,0.7,0.0,102030.0,102030.0,40.24718,1.265685e-05,0.1359284,4.800606e-07,0.008857995,4.757125e-06,2.11,6.323223e-07,-8.051928e-05,5.043431e-06,0.03409386,-5.439297e-05,-0.05375221,2.109
2024_02_12_21_05_10_475,0.7,0.0,102234.0,102234.0,40.32734,1.265565e-05,0.1359283,-1.551826e-06,0.008857995,3.725088e-06,2.11,-1.885976e-05,-1.068303e-05,1.626165e-05,-0.007629394,0.0001071263,0.01904182,2.109
2024_02_12_21_05_10_513,0.7,0.0,102431.0,102431.0,40.40539,1.268023e-05,0.1359283,-1.086425e-06,0.008857936,4.936952e-06,2.11,1.854176e-06,7.321154e-06,1.113132e-06,-0.001192093,-8.45641e-05,-0.0001080334,2.109
2024_02_12_21_05_10_547,0.7,0.0,102613.0,102613.0,40.47712,1.267411e-05,0.1359282,3.443374e-07,0.008858085,2.068445e-06,2.11,-1.895483e-05,-1.147911e-05,-2.573051e-05,-0.01072884,7.492454e-05,-0.03449805,2.109
2024_02_12_21_05_10_584,0.7,0.0,102811.0,102811.0,40.55517,1.267041e-05,0.1359284,-4.679142e-08,0.008858145,7.149711e-08,2.11,1.245019e-07,4.832415e-05,-3.921548e-07,-0.02884865,4.894247e-06,0.09942799,2.109
2024_02_12_21_05_10_617,0.7,0.0,102988.0,102988.0,40.62478,1.265878e-05,0.1359282,1.935849e-07,0.008857936,-3.426564e-07,2.11,-3.770145e-06,2.623483e-05,-2.594066e-06,0.01263618,-2.862873e-05,0.003935769,2.109
2024_02_12_21_05_10_655,0.7,0.0,103191.0,103191.0,40.70494,1.265949e-05,0.1359283,-6.937676e-07,0.008858384,1.913768e-06,2.11,2.512355e-06,-0.0001082972,1.034814e-06,-0.0004768371,-8.440793e-06,-3.72529e-06,2.109
2024_02_12_21_05_10_692,0.7,0.0,103389.0,103389.0,40.783,1.266543e-05,0.1359283,4.27441e-07,0.008858114,2.653649e-07,2.11,1.075559e-06,-2.93145e-05,1.028731e-05,0.02837181,-0.0001722297,-0.007634982,2.109
2024_02_12_21_05_10_729,0.7,0.0,103592.0,103592.0,40.86316,1.265964e-05,0.1359283,5.154332e-07,0.008858114,-1.98656e-07,2.11,-5.225319e-07,2.149603e-06,2.212418e-06,-0.004529953,-6.91147e-05,0.01514889,2.109
2024_02_12_21_05_10_767,0.7,0.0,103790.0,103790.0,40.94121,1.264325e-05,0.1359283,1.505666e-06,0.008858144,2.277862e-06,2.11,-5.531801e-07,9.814611e-05,2.825922e-06,-0.02169609,8.224256e-05,0.003764406,2.109
2024_02_12_21_05_10_804,0.7,0.0,103993.0,103993.0,41.02137,1.262248e-05,0.1359283,-2.359173e-07,0.008857965,5.267325e-07,2.11,2.789618e-06,-0.0001300107,-2.863284e-06,0.02837181,6.116076e-05,-0.04210323,2.109
2024_02_12_21_05_10_842,0.7,0.0,104191.0,104191.0,41.09943,1.263694e-05,0.1359283,-2.301415e-06,0.008858413,4.565545e-06,2.11,1.719189e-06,-9.569977e-05,2.772417e-06,-0.02193451,5.875441e-05,0.03449805,2.109
2024_02_12_21_05_10_880,0.7,0.0,104394.0,104394.0,41.17959,1.264413e-05,0.1359283,-1.220738e-06,0.008858384,5.766793e-06,2.11,1.674393e-06,-0.000109183,-6.5605e-07,0.0166893,1.41865e-05,-0.06878003,2.109
2024_02_12_21_05_10_916,0.7,0.0,104592.0,104592.0,41.25764,1.265708e-05,0.1359282,6.049924e-07,0.008857937,6.091713e-06,2.11,2.261265e-05,5.096542e-06,-1.688417e-05,0.0002384186,3.167128e-05,-0.06510876,2.109
2024_02_12_21_05_10_955,0.7,0.0,104795.0,104795.0,41.3378,1.264589e-05,0.1359283,5.162965e-08,0.008858114,7.562536e-06,2.11,-1.209998e-06,-3.614407e-05,-5.091187e-07,0.0269413,3.100993e-05,0.01539849,2.109
2024_02_12_21_05_10_987,0.7,0.0,104971.0,104971.0,41.40742,1.264107e-05,0.1359282,-7.868881e-07,0.008857845,6.867625e-06,2.11,-2.082755e-05,-7.256494e-05,9.59616e-06,0.01645088,0.0001764807,-0.01144223,2.109
2024_02_12_21_05_11_025,0.7,0.0,105175.0,105175.0,41.48758,1.267481e-05,0.1359283,-2.368421e-07,0.008857906,1.354273e-05,2.11,2.058308e-05,-8.794238e-06,-1.475273e-05,-0.0009536743,-6.032877e-05,-0.007765367,2.109
2024_02_12_21_05_11_063,0.7,0.0,105372.0,105372.0,41.56563,1.265114e-05,0.1359282,9.222823e-07,0.008857965,1.18895e-05,2.11,-4.193424e-06,8.413233e-06,5.695188e-06,0.001430511,-0.000196263,0.05361065,2.109
2024_02_12_21_05_11_100,0.7,0.0,105576.0,105576.0,41.64579,1.262707e-05,0.1359283,-9.95562e-07,0.008858354,1.189768e-05,2.11,3.469438e-07,-0.0001496536,3.597527e-06,-0.001430511,-3.080666e-05,-7.636845e-05,2.109
2024_02_12_21_05_11_133,0.7,0.0,105752.0,105752.0,41.71541,1.260937e-05,0.1359283,5.547001e-08,0.008858056,8.853232e-06,2.11,-1.735884e-06,0.0001206616,-8.724088e-06,-0.05340576,-4.474682e-05,0.08010118,2.109
2024_02_12_21_05_11_170,0.7,0.0,105955.0,105955.0,41.79557,1.261138e-05,0.1359282,-5.449699e-07,0.008858384,1.306028e-05,2.11,-8.007742e-07,-0.0001619383,-1.386148e-06,0.04792213,2.289201e-05,-0.01876056,2.109
2024_02_12_21_05_11_204,0.7,0.0,106132.0,106132.0,41.86518,1.260593e-05,0.1359283,2.193529e-07,0.008858442,1.286356e-05,2.11,-1.991515e-07,-0.0001200647,7.546792e-07,0.0004768371,-1.452099e-05,6.891787e-05,2.109
2024_02_12_21_05_11_242,0.7,0.0,106330.0,106330.0,41.94324,1.258627e-05,0.1359284,1.019403e-06,0.008858413,1.14622e-05,2.11,-3.019008e-07,-9.925566e-05,-4.370069e-07,-0.01215935,-6.321528e-06,-0.00767596,2.109
2024_02_12_21_05_11_275,0.7,0.0,106511.0,106511.0,42.01496,1.25643e-05,0.1359283,5.960144e-08,0.008858206,1.11036e-05,2.11,-3.035427e-06,6.582752e-05,1.28147e-07,-0.02121925,7.255676e-05,-0.0002346933,2.109
2024_02_12_21_05_11_312,0.7,0.0,106709.0,106709.0,42.09301,1.255167e-05,0.1359285,8.90257e-07,0.008858026,1.218868e-05,2.11,-2.106761e-05,-0.0001878689,2.193036e-05,0.06270409,-3.894987e-05,-0.03461912,2.109
2024_02_12_21_05_11_349,0.7,0.0,106913.0,106913.0,42.17318,1.254653e-05,0.1359282,6.405417e-07,0.008857965,1.195328e-05,2.11,-1.828864e-05,2.311336e-06,1.854175e-05,-0.008821487,0.0001119769,0.08045695,2.109
2024_02_12_21_05_11_382,0.7,0.0,107089.0,107089.0,42.24279,1.256424e-05,0.1359282,1.630955e-06,0.008857937,1.437644e-05,2.11,-3.986236e-05,-1.36581e-05,-2.202839e-05,0.00500679,0.0002128059,0.01144968,2.109
2024_02_12_21_05_11_422,0.7,0.0,107287.0,107287.0,42.32084,1.256834e-05,0.1359282,8.297163e-07,0.008858055,1.414444e-05,2.11,-2.0551e-06,-4.13064e-05,-3.597121e-06,0.01168251,-0.0001704142,0.04598498,2.109
2024_02_12_21_05_11_458,0.7,0.0,107490.0,107490.0,42.401,1.256199e-05,0.1359283,-1.538824e-06,0.008858055,1.494354e-05,2.11,-2.508494e-05,7.971185e-05,-3.181006e-05,-0.008821487,2.195992e-05,-0.03442355,2.109
2024_02_12_21_05_11_491,0.7,0.0,107666.0,107666.0,42.47062,1.254885e-05,0.1359283,4.386377e-07,0.008857965,1.672407e-05,2.11,-2.506412e-06,-1.461078e-05,-1.539841e-06,0.006437301,3.761829e-05,-0.01525879,2.109
2024_02_12_21_05_11_530,0.7,0.0,107870.0,107870.0,42.55078,1.249699e-05,0.1359282,9.046623e-07,0.008857966,1.059374e-05,2.11,3.831457e-05,1.256947e-05,1.559779e-05,-0.01096725,-0.0001881473,-0.01546368,2.109
2024_02_12_21_05_11_566,0.7,0.0,108068.0,108068.0,42.62883,1.24722e-05,0.1359282,6.38405e-07,0.008857937,1.227094e-05,2.11,-2.128506e-06,-3.10707e-05,3.151692e-06,0.009775162,-0.0001425024,-0.007638707,2.109
2024_02_12_21_05_11_604,0.7,0.0,108271.0,108271.0,42.709,1.246252e-05,0.1359283,4.14024e-07,0.008858085,1.342556e-05,2.11,-6.194844e-07,-8.285213e-06,2.880701e-06,0.0,-4.799693e-05,-6.705523e-05,2.109
2024_02_12_21_05_11_641,0.7,0.0,108469.0,108469.0,42.78705,1.243549e-05,0.1359283,5.306661e-07,0.008858025,1.317094e-05,2.11,-2.814246e-06,9.692079e-05,-1.696025e-06,-0.04005432,-0.0001096864,0.03408641,2.109
2024_02_12_21_05_11_675,0.7,0.0,108650.0,108650.0,42.85877,1.242196e-05,0.1359282,3.096657e-07,0.008857936,1.447731e-05,2.11,-6.24271e-07,1.700415e-05,2.960937e-06,-0.007152557,-4.332008e-05,0.01535006,2.109
2024_02_12_21_05_11_712,0.7,0.0,108848.0,108848.0,42.93682,1.238846e-05,0.1359284,-3.304444e-07,0.008858443,1.264518e-05,2.11,-1.146534e-06,-0.0001154698,1.724231e-06,-0.007152557,2.896854e-05,0.01533329,2.109
2024_02_12_21_05_11_750,0.7,0.0,109051.0,109051.0,43.01699,1.237707e-05,0.1359284,1.875481e-07,0.008858471,1.547146e-05,2.11,2.042749e-05,-0.0001023856,-1.85186e-05,-0.005722045,7.653847e-05,0.02681836,2.109
2024_02_12_21_05_11_787,0.7,0.0,109249.0,109249.0,43.09504,1.235959e-05,0.1359284,3.302846e-07,0.008858532,1.786085e-05,2.11,3.53402e-07,-0.0001068846,-4.848112e-07,0.01573563,-5.107205e-05,0.03842078,2.109
2024_02_12_21_05_11_825,0.7,0.0,109453.0,109453.0,43.1752,1.233672e-05,0.1359283,-4.247959e-07,0.008857906,1.812181e-05,2.11,1.812935e-06,5.798481e-05,-4.068609e-06,-0.002384186,4.240368e-05,0.01884624,2.109
2024_02_12_21_05_11_858,0.7,0.0,109629.0,109629.0,43.24482,1.230108e-05,0.1359282,-2.860843e-07,0.008857995,1.409614e-05,2.11,1.962179e-05,1.881946e-05,3.27467e-05,0.009298325,-7.03468e-05,0.05740486,2.109
2024_02_12_21_05_11_896,0.7,0.0,109827.0,109827.0,43.32287,1.228414e-05,0.1359284,-5.109175e-07,0.008858443,1.378331e-05,2.11,2.256471e-05,-0.0001040596,2.47272e-05,-0.0007152557,-0.0001679351,0.02685375,2.109
2024_02_12_21_05_11_933,0.7,0.0,110030.0,110030.0,43.40303,1.226826e-05,0.1359284,-9.671867e-07,0.008858384,1.326853e-05,2.11,2.548131e-06,-0.0001174599,-1.520952e-06,-0.0007152557,-2.363583e-05,0.06117113,2.109
2024_02_12_21_05_11_971,0.7,0.0,110228.0,110228.0,43.48108,1.227534e-05,0.1359284,-2.07363e-06,0.008858562,1.542643e-05,2.11,-9.636118e-08,-8.581042e-05,6.192068e-06,-0.01168251,-7.389417e-06,0.03444776,2.109
2024_02_12_21_05_12_005,0.7,0.0,110410.0,110410.0,43.55281,1.226789e-05,0.1359283,-1.755811e-06,0.008857877,1.367358e-05,2.11,2.691969e-06,2.190692e-05,-2.494757e-06,0.01358986,8.119929e-05,-0.03808364,2.109
2024_02_12_21_05_12_042,0.7,0.0,110608.0,110608.0,43.63086,1.227353e-05,0.1359283,2.203664e-07,0.008858503,1.539824e-05,2.11,2.627597e-07,-0.0001051719,-4.050866e-07,-0.01001358,-2.717132e-05,0.007817522,2.109
2024_02_12_21_05_12_080,0.7,0.0,110811.0,110811.0,43.71102,1.228299e-05,0.1359283,2.102223e-06,0.008858353,2.095949e-05,2.11,-2.917749e-06,-0.000110779,-4.865719e-06,0.0004768371,-6.680346e-05,5.587935e-05,2.109
2024_02_12_21_05_12_117,0.7,0.0,111009.0,111009.0,43.78907,1.225646e-05,0.1359284,-3.854214e-07,0.008858384,2.258683e-05,2.11,-4.78665e-07,-0.0001480203,4.260051e-06,0.003814697,8.324093e-06,-9.685754e-05,2.109
2024_02_12_21_05_12_150,0.7,0.0,111190.0,111190.0,43.8608,1.22161e-05,0.1359283,4.613656e-07,0.008858145,1.804319e-05,2.11,-2.637531e-06,7.684145e-05,7.632631e-07,-0.01072884,4.953568e-05,-0.05361065,2.109
2024_02_12_21_05_12_187,0.7,0.0,111388.0,111388.0,43.93885,1.217052e-05,0.1359283,-4.669451e-07,0.008857816,1.331159e-05,2.11,1.798473e-05,-2.299511e-05,2.833697e-05,0.001907349,-0.0002366161,-0.04593469,2.109
2024_02_12_21_05_12_225,0.7,0.0,111591.0,111591.0,44.01901,1.215316e-05,0.1359283,-4.425003e-08,0.008857846,1.452911e-05,2.11,4.306532e-08,1.164639e-05,4.569279e-07,-0.02717972,-9.148494e-06,0.03030151,2.109
2024_02_12_21_05_12_263,0.7,0.0,111789.0,111789.0,44.09706,1.214013e-05,0.1359282,-3.654519e-07,0.008858086,1.288349e-05,2.11,2.192915e-05,2.197412e-05,2.656326e-05,-0.01621246,-0.0001388793,0.0115633,2.109
2024_02_12_21_05_12_295,0.7,0.0,111966.0,111966.0,44.16668,1.215388e-05,0.1359282,-6.014871e-07,0.008858056,1.865464e-05,2.11,-2.448262e-07,-5.235488e-06,1.230419e-06,-0.01001358,3.486235e-05,0.01537986,2.109
2024_02_12_21_05_12_333,0.7,0.0,112169.0,112169.0,44.24684,1.214073e-05,0.1359283,1.564552e-07,0.008857965,1.875888e-05,2.11,-8.501614e-07,9.957467e-05,1.591442e-06,-0.004529953,-6.038902e-06,-0.01532771,2.109
2024_02_12_21_05_12_370,0.7,0.0,112367.0,112367.0,44.32489,1.211744e-05,0.1359282,7.974511e-07,0.008857905,2.140227e-05,2.11,1.756615e-05,-4.321265e-05,-1.460688e-05,0.003099441,-4.61402e-05,-0.01141429,2.109
2024_02_12_21_05_12_408,0.7,0.0,112570.0,112570.0,44.40506,1.207562e-05,0.1359282,1.841858e-06,0.008857907,1.945004e-05,2.11,-2.565904e-05,1.134519e-05,-1.637119e-05,-0.001430511,-0.0001581326,0.04601106,2.109
2024_02_12_21_05_12_442,0.7,0.0,112747.0,112747.0,44.47467,1.20322e-05,0.1359283,-2.185248e-06,0.008858353,1.267449e-05,2.11,3.689986e-06,-0.0001122045,3.198082e-06,-0.0004768371,6.885255e-05,5.029142e-05,2.109
2024_02_12_21_05_12_479,0.7,0.0,112950.0,112950.0,44.55483,1.201369e-05,0.1359284,-8.213528e-07,0.008858503,3.321443e-06,2.11,-2.16329e-08,-0.0001228713,-7.725977e-06,0.001192093,-0.0001662773,0.01914427,2.109
2024_02_12_21_05_12_512,0.7,0.0,113126.0,113126.0,44.62445,1.201902e-05,0.1359283,3.845296e-07,0.008857877,7.566511e-06,2.11,-4.700321e-07,5.601996e-05,-1.776437e-06,-0.00166893,-2.173078e-05,-0.01532026,2.109
2024_02_12_21_05_12_550,0.7,0.0,113329.0,113329.0,44.70461,1.201091e-05,0.1359284,4.43954e-07,0.008858324,9.782107e-06,2.11,-5.802656e-07,-0.000133641,1.357354e-06,0.01597404,1.019345e-05,-0.02309866,2.109
2024_02_12_21_05_12_588,0.7,0.0,113527.0,113527.0,44.78266,1.200483e-05,0.1359283,7.581577e-07,0.008858443,1.012951e-05,2.11,-2.089637e-05,-0.0001144405,2.196742e-05,0.003099441,-7.888227e-05,0.04224665,2.109
2024_02_12_21_05_12_620,0.7,0.0,113704.0,113704.0,44.85228,1.200761e-05,0.1359284,1.033015e-06,0.008858413,1.486489e-05,2.11,3.865912e-07,-0.0001334938,5.487108e-06,0.007152557,3.100098e-05,0.03457069,2.109
2024_02_12_21_05_12_658,0.7,0.0,113907.0,113907.0,44.93244,1.196414e-05,0.1359283,-1.416013e-06,0.008858175,9.822227e-06,2.11,4.363628e-05,3.404369e-05,1.393603e-05,-0.005483627,9.857526e-05,0.04969723,2.109
2024_02_12_21_05_12_691,0.7,0.0,114083.0,114083.0,45.00205,1.193539e-05,0.1359282,-3.287245e-07,0.008858056,9.504373e-06,2.11,1.978368e-07,-2.174515e-06,-4.706963e-06,-0.003814697,0.0001605369,-0.0190679,2.109
2024_02_12_21_05_12_729,0.7,0.0,114287.0,114287.0,45.08221,1.192113e-05,0.1359282,-5.815463e-07,0.008857906,1.195621e-05,2.11,1.1608e-06,1.617264e-05,1.831183e-06,-0.001907349,2.559238e-05,0.03833883,2.109
2024_02_12_21_05_12_766,0.7,0.0,114484.0,114484.0,45.16027,1.191672e-05,0.1359282,1.287662e-07,0.008857787,9.21291e-06,2.11,2.923341e-06,-2.37774e-05,4.870088e-06,0.01430511,-0.0001058042,-0.02294034,2.109
2024_02_12_21_05_12_803,0.7,0.0,114688.0,114688.0,45.24043,1.189826e-05,0.1359283,1.197686e-07,0.008857906,6.616507e-06,2.11,-1.364332e-06,1.476308e-05,5.338323e-06,0.01072884,-7.286945e-05,-0.02676062,2.109
2024_02_12_21_05_12_837,0.7,0.0,114864.0,114864.0,45.31004,1.187901e-05,0.1359283,-8.616688e-07,0.008857757,4.761188e-06,2.11,-2.632548e-07,4.024386e-05,-1.539336e-06,0.004529953,-0.0002161503,-0.02701953,2.109
2024_02_12_21_05_12_875,0.7,0.0,115062.0,115062.0,45.3881,1.188091e-05,0.1359283,-1.329803e-07,0.008857906,6.496158e-06,2.11,1.166475e-06,-1.274262e-05,3.891582e-07,0.004768372,-2.220597e-05,0.007590279,2.109
2024_02_12_21_05_12_909,0.7,0.0,115244.0,115244.0,45.45982,1.188684e-05,0.1359283,-1.27271e-06,0.008857906,8.104459e-06,2.11,1.847966e-06,-1.504462e-05,5.19435e-07,0.005960464,9.155209e-05,0.007608905,2.109
2024_02_12_21_05_12_945,0.7,0.0,115442.0,115442.0,45.53787,1.187958e-05,0.1359283,4.77853e-07,0.008858055,7.8354e-06,2.11,8.855034e-07,7.854949e-06,2.863974e-06,-0.01311302,-7.04428e-05,-0.007836148,2.109
2024_02_12_21_05_12_979,0.7,0.0,115623.0,115623.0,45.6096,1.187706e-05,0.1359283,1.937115e-07,0.008858085,9.380787e-06,2.11,4.141274e-08,8.954571e-05,3.475225e-06,-0.00166893,-1.043026e-05,-0.05357526,2.109
2024_02_12_21_05_13_016,0.7,0.0,115821.0,115821.0,45.68765,1.184723e-05,0.1359283,2.749285e-07,0.008857877,4.798739e-06,2.11,1.748745e-06,-3.774942e-06,-1.855863e-06,-0.0007152557,-3.149436e-05,0.03830157,2.109
2024_02_12_21_05_13_055,0.7,0.0,116025.0,116025.0,45.76781,1.184804e-05,0.1359282,-8.721329e-07,0.008857965,5.222217e-06,2.11,4.367287e-05,-2.45547e-07,2.126568e-05,-0.00500679,-0.0001004561,-0.00366196,2.109
2024_02_12_21_05_13_087,0.7,0.0,116201.0,116201.0,45.83743,1.182488e-05,0.1359283,1.660616e-07,0.008858413,3.184909e-06,2.11,5.511488e-09,-0.0001301723,3.337465e-07,-0.004529953,1.256856e-05,-0.02299063,2.109
2024_02_12_21_05_13_125,0.7,0.0,116399.0,116399.0,45.91548,1.182889e-05,0.1359284,-5.457643e-07,0.008858562,3.986345e-06,2.11,-1.812053e-05,-9.707209e-05,2.250507e-05,0.007152557,-6.674309e-05,-0.04200078,2.109
2024_02_12_21_05_13_162,0.7,0.0,116602.0,116602.0,45.99564,1.185677e-05,0.1359284,1.577615e-07,0.008858055,5.264298e-06,2.11,2.872673e-06,0.0001157598,-4.902036e-06,-0.03385544,3.30678e-05,0.01125038,2.109
2024_02_12_21_05_13_195,0.7,0.0,116778.0,116779.0,46.06525,1.18633e-05,0.1359284,1.97803e-07,0.008858353,4.939304e-06,2.11,-1.313093e-07,-0.0001099193,-1.44923e-06,-0.001192093,-3.512142e-06,-8.381902e-05,2.109
2024_02_12_21_05_13_233,0.7,0.0,116982.0,116982.0,46.14542,1.187581e-05,0.1359284,-1.974305e-07,0.008858384,8.745388e-06,2.11,-4.768264e-08,-9.776333e-05,-7.937774e-07,0.007152557,-1.657005e-05,0.007672235,2.109
2024_02_12_21_05_13_271,0.7,0.0,117180.0,117180.0,46.22347,1.185071e-05,0.1359283,-4.907922e-07,0.008858354,3.926558e-06,2.11,1.960645e-05,-0.0001104961,1.776741e-05,-0.008106232,-1.392328e-05,0.02295337,2.109
2024_02_12_21_05_13_308,0.7,0.0,117383.0,117383.0,46.30363,1.18423e-05,0.1359284,6.093758e-07,0.008858533,4.586775e-06,2.11,-2.088942e-05,-6.732471e-05,1.974053e-05,-0.0009536743,0.0001010988,0.01161173,2.109
2024_02_12_21_05_13_341,0.7,0.0,117559.0,117559.0,46.37325,1.183381e-05,0.1359283,-5.015971e-07,0.008857608,3.652199e-06,2.11,-7.7634e-07,-4.93248e-05,-5.813847e-06,0.02884865,0.0001098824,-0.06907992,2.109
2024_02_12_21_05_13_379,0.7,0.0,117762.0,117763.0,46.45341,1.184656e-05,0.1359283,8.005145e-07,0.008858056,4.021491e-06,2.11,1.947973e-06,-7.617867e-06,-1.475176e-06,0.02288818,-2.059147e-05,-0.03044121,2.109
2024_02_12_21_05_13_412,0.7,0.0,117939.0,117939.0,46.52302,1.186203e-05,0.1359282,4.994726e-07,0.008857966,6.645704e-06,2.11,-1.991947e-06,1.643573e-05,-4.706607e-07,-0.003576278,-4.670343e-05,-1.862645e-06,2.109
2024_02_12_21_05_13_450,0.7,0.0,118137.0,118137.0,46.60107,1.181746e-05,0.1359284,1.650172e-07,0.008858145,7.043599e-06,2.11,-2.188911e-06,-1.594628e-05,-1.954079e-06,0.008821487,6.176336e-05,-0.01530163,2.109
2024_02_12_21_05_13_483,0.7,0.0,118319.0,118319.0,46.6728,1.181067e-05,0.1359283,3.734567e-07,0.008857935,7.231286e-06,2.11,-1.694275e-06,4.10381e-05,-1.831065e-06,0.02360344,2.001121e-05,-0.0764057,2.109
2024_02_12_21_05_13_520,0.7,0.0,118516.0,118516.0,46.75085,1.179474e-05,0.1359284,-1.997251e-06,0.008858145,5.846731e-06,2.11,-5.613914e-08,-0.0001117941,-9.29971e-06,0.03480911,0.0001584714,-0.02308562,2.109
2024_02_12_21_05_13_553,0.7,0.0,118698.0,118698.0,46.82257,1.179264e-05,0.1359284,-8.025656e-07,0.008858502,8.080694e-06,2.11,5.581549e-07,-0.0001056241,1.511231e-06,-0.0004768371,-0.000139069,4.842877e-05,2.109
2024_02_12_21_05_13_591,0.7,0.0,118896.0,118896.0,46.90063,1.179841e-05,0.1359283,-7.580451e-07,0.008858413,9.708413e-06,2.11,1.522679e-06,-0.0001299155,3.775823e-06,0.01049042,-2.036157e-05,0.03063679,2.109
2024_02_12_21_05_13_629,0.7,0.0,119099.0,119099.0,46.98079,1.179574e-05,0.1359283,-5.17888e-09,0.008858384,8.101735e-06,2.11,1.210372e-07,2.350481e-05,1.677107e-06,-0.02765655,-1.712684e-05,0.007860363,2.109
2024_02_12_21_05_13_662,0.7,0.0,119276.0,119276.0,47.0504,1.178678e-05,0.1359283,-3.512455e-07,0.008857994,4.890181e-06,2.11,1.670053e-06,-6.881795e-05,-2.082755e-07,0.02408027,-3.68837e-06,0.007534399,2.109
2024_02_12_21_05_13_700,0.7,0.0,119474.0,119474.0,47.12846,1.180968e-05,0.1359283,-6.557612e-07,0.008858384,7.906252e-06,2.11,5.832777e-07,-0.0001241914,-5.916309e-07,0.002861023,1.100733e-05,0.02304464,2.109
2024_02_12_21_05_13_737,0.7,0.0,119677.0,119677.0,47.20862,1.180458e-05,0.1359283,-7.830966e-09,0.008858384,6.561747e-06,2.11,-2.345985e-07,-0.000112891,-9.427058e-07,-0.006914138,3.388342e-05,0.01530163,2.109
2024_02_12_21_05_13_773,0.7,0.0,119875.0,119875.0,47.28667,1.179939e-05,0.1359282,-7.38462e-07,0.008857996,4.576636e-06,2.11,-1.977333e-06,-5.02816e-05,5.592185e-07,-0.007390975,-0.0002333056,0.003688037,2.109
2024_02_12_21_05_13_812,0.7,0.0,120078.0,120078.0,47.36683,1.180689e-05,0.1359282,1.76242e-07,0.008858026,8.024998e-06,2.11,4.041922e-05,2.833383e-05,1.42404e-05,0.01621246,-0.0003341535,-0.02276338,2.109
2024_02_12_21_05_13_845,0.7,0.0,120254.0,120254.0,47.43645,1.177672e-05,0.1359282,7.845612e-07,0.008857846,5.784846e-06,2.11,1.80045e-05,-7.05943e-05,2.404577e-05,0.0538826,-8.513092e-05,-0.1028124,2.109
2024_02_12_21_05_13_879,0.7,0.0,120436.0,120436.0,47.50817,1.174966e-05,0.1359282,-7.461326e-08,0.008857996,6.873283e-06,2.11,-5.232385e-06,1.866318e-05,2.983983e-06,-0.01716614,0.0001115362,0.01911633,2.109
2024_02_12_21_05_13_913,0.7,0.0,120613.0,120613.0,47.57779,1.172597e-05,0.1359282,-5.016527e-07,0.008858056,4.721928e-06,2.11,9.656058e-07,-5.474238e-05,-2.23437e-06,0.02074241,3.139463e-05,-0.02274848,2.109
2024_02_12_21_05_13_950,0.7,0.0,120810.0,120810.0,47.65584,1.173886e-05,0.1359283,-3.149405e-07,0.008858175,6.968935e-06,2.11,9.454113e-07,3.211734e-05,3.004094e-06,-0.01120567,3.4685e-06,-0.007772818,2.109
2024_02_12_21_05_13_988,0.7,0.0,121014.0,121014.0,47.736,1.172639e-05,0.1359283,9.933402e-07,0.008857965,4.825266e-06,2.11,-1.075187e-06,2.162874e-05,-4.646577e-07,0.001192093,-1.551797e-05,6.332994e-05,2.109
2024_02_12_21_05_14_025,0.7,0.0,121211.0,121212.0,47.81405,1.173504e-05,0.1359284,-9.031864e-07,0.008857937,8.658886e-06,2.11,-5.10128e-08,-1.408814e-05,2.939077e-06,0.009059906,-1.219294e-05,-0.01537613,2.109
2024_02_12_21_05_14_061,0.7,0.0,121415.0,121415.0,47.89421,1.172585e-05,0.1359283,-3.850859e-07,0.008858442,8.779576e-06,2.11,3.378401e-07,-9.194201e-05,8.702126e-08,-0.02121925,-1.588459e-05,-0.03835373,2.109
2024_02_12_21_05_14_100,0.7,0.0,121613.0,121613.0,47.97227,1.171667e-05,0.1359282,4.908234e-07,0.008858056,9.681428e-06,2.11,1.739861e-06,-5.43407e-05,-2.875511e-06,0.02002716,0.0001490417,0.007798895,2.109
2024_02_12_21_05_14_134,0.7,0.0,121794.0,121794.0,48.04399,1.170853e-05,0.1359284,-3.350889e-08,0.008858055,8.059087e-06,2.11,-2.029812e-07,5.529883e-05,1.083387e-06,0.002861023,-6.116195e-06,0.0152979,2.109
2024_02_12_21_05_14_166,0.7,0.0,121971.0,121971.0,48.11361,1.172727e-05,0.1359282,-3.044018e-07,0.008858055,9.677905e-06,2.11,2.370408e-05,-6.705183e-06,-1.942701e-05,-0.002384186,3.143214e-05,0.0001024455,2.109
2024_02_12_21_05_14_204,0.7,0.0,122169.0,122169.0,48.19166,1.171637e-05,0.1359284,-9.241505e-07,0.008858413,6.607715e-06,2.11,-4.531897e-08,-0.0001011979,-1.183943e-06,-0.003099441,7.026187e-05,-5.587935e-06,2.109
2024_02_12_21_05_14_240,0.7,0.0,122372.0,122372.0,48.27182,1.174649e-05,0.1359284,1.514064e-07,0.008858384,9.994256e-06,2.11,3.287842e-06,-0.0001254339,4.234019e-06,0.01120567,-2.88328e-05,-0.02682581,2.109
2024_02_12_21_05_14_275,0.7,0.0,122548.0,122548.0,48.34143,1.174362e-05,0.1359283,1.250698e-06,0.008858353,9.939094e-06,2.11,-1.735622e-06,4.212352e-05,-5.601057e-06,-0.020504,-2.511214e-05,0.06906688,2.109
2024_02_12_21_05_14_312,0.7,0.0,122752.0,122752.0,48.4216,1.175056e-05,0.1359283,3.599322e-07,0.008857757,1.062551e-05,2.11,-1.066198e-06,1.114831e-05,2.998749e-08,-0.02145767,-9.557112e-06,0.03031827,2.109
2024_02_12_21_05_14_349,0.7,0.0,122949.0,122950.0,48.49965,1.173355e-05,0.1359283,9.970556e-07,0.008857936,8.393825e-06,2.11,-4.902491e-07,-8.447939e-06,-3.533994e-06,0.005483627,8.521292e-05,-0.01535006,2.109
2024_02_12_21_05_14_383,0.7,0.0,123131.0,123131.0,48.57137,1.174018e-05,0.1359283,-5.689344e-07,0.008858413,1.042629e-05,2.11,2.043213e-05,-0.0001290656,-1.854782e-05,0.004768372,4.19549e-05,0.003941357,2.109
2024_02_12_21_05_14_420,0.7,0.0,123329.0,123329.0,48.64943,1.174278e-05,0.1359283,-2.080208e-06,0.008858443,1.125921e-05,2.11,1.785612e-05,-0.0001456841,3.026857e-05,0.01335144,-0.0001655067,0.0001434237,2.109
2024_02_12_21_05_14_453,0.7,0.0,123505.0,123506.0,48.71904,1.173277e-05,0.1359283,-8.134893e-07,0.008857877,9.238755e-06,2.11,-2.260943e-06,0.0001690622,-5.9189e-06,-0.05769729,-0.0001373221,0.003581866,2.109
2024_02_12_21_05_14_491,0.7,0.0,123709.0,123709.0,48.7992,1.172718e-05,0.1359284,8.005781e-07,0.008858324,9.965448e-06,2.11,-2.215002e-06,-0.0001704725,-2.488391e-06,0.007629394,-4.009109e-06,0.02298504,2.109
2024_02_12_21_05_14_525,0.7,0.0,123885.0,123885.0,48.86882,1.173771e-05,0.1359283,2.028731e-08,0.008857995,1.295773e-05,2.11,-2.266283e-06,-2.156717e-05,7.957996e-07,0.0007152557,1.429319e-05,0.05354173,2.109
2024_02_12_21_05_14_562,0.7,0.0,124088.0,124088.0,48.94898,1.173941e-05,0.1359283,-5.671412e-07,0.008857995,1.619683e-05,2.11,-2.18806e-06,2.679226e-05,1.039098e-06,-0.01382828,0.0001761545,0.0650268,2.109
2024_02_12_21_05_14_596,0.7,0.0,124265.0,124265.0,49.01859,1.171484e-05,0.1359283,-1.944917e-07,0.008858085,1.340952e-05,2.11,1.858955e-05,4.065372e-05,2.948321e-05,0.004053116,-8.4053e-05,0.003820285,2.109
2024_02_12_21_05_14_629,0.7,0.0,124441.0,124441.0,49.08821,1.170709e-05,0.1359282,3.595741e-07,0.008857936,1.605086e-05,2.11,-1.873688e-06,-9.985753e-06,1.373766e-06,0.01120567,7.14715e-06,-0.0227876,2.109
2024_02_12_21_05_14_666,0.7,0.0,124644.0,124644.0,49.16837,1.168957e-05,0.1359282,-1.115973e-06,0.008857966,1.445516e-05,2.11,-1.309915e-06,1.677822e-05,1.049274e-06,-0.003814697,-4.675354e-05,0.0153128,2.109
2024_02_12_21_05_14_706,0.7,0.0,124842.0,124842.0,49.24642,1.167488e-05,0.1359282,7.37511e-07,0.008857817,1.634019e-05,2.11,-2.366803e-05,6.049331e-05,-2.932586e-05,-0.01311302,-7.367504e-06,-0.04607066,2.109
2024_02_12_21_05_14_741,0.7,0.0,125045.0,125045.0,49.32658,1.165484e-05,0.1359282,4.742421e-07,0.008858144,1.56795e-05,2.11,-2.162501e-06,-8.155273e-06,1.583608e-06,-0.01239777,2.349827e-05,0.007761642,2.109
2024_02_12_21_05_14_778,0.7,0.0,125243.0,125243.0,49.40464,1.162046e-05,0.1359282,6.617394e-07,0.008858144,1.400946e-05,2.11,-3.417764e-06,6.446444e-05,-2.028519e-06,0.0007152557,4.577987e-05,-0.01519546,2.109
2024_02_12_21_05_14_813,0.7,0.0,125425.0,125425.0,49.47636,1.159403e-05,0.1359282,6.230329e-07,0.008858026,1.289453e-05,2.11,2.068192e-05,3.770091e-05,2.551282e-05,-0.01096725,-4.976212e-05,0.02696551,2.109
2024_02_12_21_05_14_849,0.7,0.0,125623.0,125623.0,49.55441,1.158243e-05,0.1359282,1.467262e-07,0.008857995,1.515028e-05,2.11,-1.571897e-06,3.131455e-05,-1.79477e-06,-0.01788139,2.947507e-05,-0.01541525,2.109
2024_02_12_21_05_14_887,0.7,0.0,125826.0,125826.0,49.63457,1.156395e-05,0.1359283,1.188205e-06,0.008858384,1.823067e-05,2.11,-4.135015e-06,-8.65889e-05,4.066485e-06,-0.02455711,-0.0001871248,0.02289191,2.109
2024_02_12_21_05_14_925,0.7,0.0,126024.0,126024.0,49.71263,1.152108e-05,0.1359284,7.556901e-08,0.008858502,1.692006e-05,2.11,-6.043222e-07,-0.0001541055,-2.4156e-07,0.02813339,9.753534e-06,-0.02277456,2.109
2024_02_12_21_05_14_958,0.7,0.0,126206.0,126206.0,49.78435,1.147687e-05,0.1359284,3.831743e-07,0.008857906,1.116673e-05,2.11,-1.299336e-06,6.003046e-05,-2.718961e-06,-0.005960464,4.896338e-05,-5.587935e-06,2.109
2024_02_12_21_05_14_996,0.7,0.0,126403.0,126403.0,49.8624,1.14544e-05,0.1359282,-7.766532e-07,0.008858115,1.284915e-05,2.11,-2.112205e-05,2.827016e-05,1.620124e-05,-0.02288818,0.0002008037,0.02685189,2.109
2024_02_12_21_05_15_029,0.7,0.0,126580.0,126580.0,49.93202,1.143177e-05,0.1359283,-2.979359e-07,0.008858413,1.269035e-05,2.11,-2.018282e-07,-0.0001245497,-5.428458e-06,0.0002384186,7.807378e-05,1.303852e-05,2.109
2024_02_12_21_05_15_066,0.7,0.0,126783.0,126783.0,50.01218,1.140755e-05,0.1359284,9.469911e-07,0.008858354,1.163197e-05,2.11,7.135735e-07,-0.0001591123,-7.824366e-07,0.03957748,1.379143e-05,-0.09554996,2.109
2024_02_12_21_05_15_104,0.7,0.0,126981.0,126981.0,50.09023,1.139538e-05,0.1359283,-8.041189e-07,0.008858384,1.064787e-05,2.11,2.31493e-05,3.385822e-05,-2.531591e-05,-0.02765655,-0.0001228289,0.003976747,2.109
2024_02_12_21_05_15_141,0.7,0.0,127184.0,127184.0,50.17039,1.140643e-05,0.1359283,-7.100573e-07,0.008857667,1.390833e-05,2.11,3.000405e-06,-2.240478e-05,3.288469e-06,-0.009536743,-1.960097e-05,-0.008057803,2.109
2024_02_12_21_05_15_179,0.7,0.0,127382.0,127382.0,50.24845,1.137419e-05,0.1359283,-9.766645e-07,0.008857906,9.623233e-06,2.11,2.100496e-05,-8.480225e-06,2.862191e-05,0.008106232,-4.99347e-05,-0.01920201,2.109
2024_02_12_21_05_15_216,0.7,0.0,127585.0,127585.0,50.32861,1.13723e-05,0.1359282,-4.169047e-06,0.008857937,9.040464e-06,2.11,-1.359194e-05,-8.655181e-06,-1.665734e-05,0.006437301,0.0001979156,-0.003784895,2.109
2024_02_12_21_05_15_249,0.7,0.0,127761.0,127762.0,50.39822,1.143052e-05,0.1359283,-9.00005e-08,0.008858413,1.379935e-05,2.11,-1.862048e-05,-0.0001323067,-2.964395e-05,0.01049042,8.839458e-05,-0.003667548,2.109
2024_02_12_21_05_15_287,0.7,0.0,127965.0,127965.0,50.47839,1.141575e-05,0.1359283,1.425215e-07,0.008858206,1.631837e-05,2.11,-2.755423e-06,2.905182e-05,-6.264055e-06,-0.0002384186,0.0001067733,0.01528673,2.109
2024_02_12_21_05_15_325,0.7,0.0,128162.0,128163.0,50.55644,1.14043e-05,0.1359283,5.950755e-07,0.008857846,1.990143e-05,2.11,-3.348789e-06,2.094502e-05,5.69621e-07,-0.004053116,5.521377e-05,-6.705523e-05,2.109
2024_02_12_21_05_15_362,0.7,0.0,128366.0,128366.0,50.6366,1.138482e-05,0.1359282,-3.488135e-07,0.008857816,1.894675e-05,2.11,-1.094459e-06,1.133155e-05,4.377058e-06,0.02074241,3.582377e-05,-0.05325861,2.109
2024_02_12_21_05_15_395,0.7,0.0,128542.0,128542.0,50.70621,1.136044e-05,0.1359282,7.491057e-07,0.008858056,1.787521e-05,2.11,-2.516742e-05,-4.537548e-06,-3.279661e-05,-0.009298325,1.177199e-05,0.03059208,2.109
2024_02_12_21_05_15_432,0.7,0.0,128740.0,128740.0,50.78427,1.12769e-05,0.1359283,2.116996e-06,0.008858085,1.224747e-05,2.11,-2.677601e-05,-1.749088e-06,1.354879e-05,-0.00834465,-0.0002023091,0.02282671,2.109
2024_02_12_21_05_15_466,0.7,0.0,128922.0,128922.0,50.85599,1.126564e-05,0.1359284,4.292572e-08,0.008857875,1.463371e-05,2.11,1.496253e-06,4.397866e-05,1.570411e-06,0.01502037,-4.23995e-05,-0.03062933,2.109
2024_02_12_21_05_15_500,0.7,0.0,129098.0,129098.0,50.92561,1.126217e-05,0.1359284,-2.550039e-07,0.008858442,1.537112e-05,2.11,1.919645e-06,-0.0001259788,-1.113856e-06,0.007629394,-1.086846e-07,-0.01532957,2.109
2024_02_12_21_05_15_537,0.7,0.0,129301.0,129301.0,51.00577,1.123024e-05,0.1359283,-2.455305e-06,0.008858234,8.270144e-06,2.11,2.204401e-05,-7.652795e-05,1.418016e-05,0.02527237,5.298739e-05,-0.01124479,2.109
2024_02_12_21_05_15_575,0.7,0.0,129499.0,129499.0,51.08382,1.124156e-05,0.1359285,1.993799e-07,0.008858384,1.357802e-05,2.11,1.331706e-06,-0.0001337792,1.350407e-06,0.01311302,-4.653401e-05,-0.007644295,2.109
2024_02_12_21_05_15_612,0.7,0.0,129702.0,129702.0,51.16398,1.120987e-05,0.1359284,2.681137e-07,0.008858473,1.25778e-05,2.11,-1.556235e-06,-9.810889e-05,-4.772662e-08,0.02646446,4.197747e-05,0.05383789,2.109
2024_02_12_21_05_15_650,0.7,0.0,129900.0,129900.0,51.24203,1.119392e-05,0.1359283,7.009872e-08,0.008857846,1.22976e-05,2.11,-2.730918e-07,6.900738e-05,2.435265e-06,-0.02861023,2.633385e-06,-0.0002030283,2.109
2024_02_12_21_05_15_687,0.7,0.0,130103.0,130103.0,51.3222,1.117987e-05,0.1359284,9.828136e-07,0.008858413,1.346059e-05,2.11,-1.997808e-05,-0.0001429459,-2.589258e-05,0.01311302,7.371352e-05,-0.0190977,2.109
2024_02_12_21_05_15_725,0.7,0.0,130301.0,130301.0,51.40025,1.114431e-05,0.1359283,-6.402403e-07,0.008858293,1.004578e-05,2.11,1.941337e-05,-0.0001129855,2.541821e-05,0.01144409,-7.41735e-05,0.04214234,2.109
2024_02_12_21_05_15_760,0.7,0.0,130478.0,130478.0,51.46986,1.111955e-05,0.1359283,-8.80091e-07,0.008857966,1.217917e-05,2.11,3.220173e-07,-5.504158e-05,7.470328e-06,0.006198883,0.0001638579,0.01143478,2.109
2024_02_12_21_05_15_796,0.7,0.0,130681.0,130681.0,51.55003,1.111249e-05,0.1359284,1.820868e-07,0.008858114,1.329779e-05,2.11,2.03163e-06,-1.160993e-05,8.860162e-07,0.01716614,-8.839183e-05,-0.007631257,2.109
2024_02_12_21_05_15_833,0.7,0.0,130879.0,130879.0,51.62808,1.111934e-05,0.1359283,6.170237e-07,0.008857877,1.85975e-05,2.11,9.550655e-08,2.147899e-05,3.069011e-06,-0.02074241,9.375816e-05,0.02655946,2.109
2024_02_12_21_05_15_870,0.7,0.0,131082.0,131082.0,51.70824,1.108722e-05,0.1359283,1.077116e-07,0.008857877,1.758972e-05,2.11,-1.859937e-06,-2.143067e-05,8.410198e-07,0.02431869,7.862644e-05,-0.02293289,2.109
2024_02_12_21_05_15_908,0.7,0.0,131280.0,131280.0,51.78629,1.107043e-05,0.1359283,2.530575e-08,0.008858295,1.860823e-05,2.11,1.969234e-07,-0.0001012951,1.187109e-06,-0.005960464,-1.311565e-05,8.195638e-05,2.109
2024_02_12_21_05_15_945,0.7,0.0,131483.0,131483.0,51.86646,1.104348e-05,0.1359283,9.774752e-08,0.008858384,1.717446e-05,2.11,-8.075794e-07,-0.0001346191,-1.020122e-06,0.02861023,2.123102e-05,-0.05345605,2.109
2024_02_12_21_05_15_982,0.7,0.0,131681.0,131681.0,51.94451,1.099412e-05,0.1359283,7.017089e-07,0.008858533,1.324423e-05,2.11,-2.93765e-06,-7.390551e-05,-2.832076e-06,-0.004053116,4.815604e-05,0.03073178,2.109
2024_02_12_21_05_16_019,0.7,0.0,131884.0,131884.0,52.02467,1.09667e-05,0.1359283,-4.795498e-07,0.008857787,1.512499e-05,2.11,-7.800104e-07,5.456362e-05,2.306238e-06,0.01239777,7.233836e-06,-0.01174025,2.109
2024_02_12_21_05_16_059,0.7,0.0,132082.0,132082.0,52.10272,1.095394e-05,0.1359283,7.283359e-07,0.008858354,1.709137e-05,2.11,7.415522e-07,-0.0001379851,6.384061e-06,-0.007629394,1.611528e-05,-0.0498034,2.109
2024_02_12_21_05_16_091,0.7,0.0,132263.0,132263.0,52.17445,1.093786e-05,0.1359282,-1.683719e-06,0.008857906,1.442012e-05,2.11,3.306471e-06,9.654394e-06,-4.365329e-07,0.003814697,9.352856e-05,-0.01529232,2.109
2024_02_12_21_05_16_129,0.7,0.0,132461.0,132461.0,52.2525,1.090921e-05,0.1359283,-1.314664e-07,0.008857966,9.379347e-06,2.11,-2.196439e-06,1.990684e-05,3.767354e-06,-0.01811981,4.1377e-05,-0.01172721,2.109
2024_02_12_21_05_16_166,0.7,0.0,132664.0,132664.0,52.33266,1.085761e-05,0.1359283,-1.817879e-06,0.008858056,4.695254e-06,2.11,2.746791e-08,9.611452e-06,-9.77613e-06,-0.0004768371,4.25108e-05,-0.05362182,2.109
2024_02_12_21_05_16_200,0.7,0.0,132841.0,132841.0,52.40228,1.081959e-05,0.1359283,-3.148589e-07,0.008857816,7.281554e-07,2.11,-8.934788e-07,2.698059e-05,-3.133264e-06,0.006914138,7.618848e-05,-0.06121397,2.109
2024_02_12_21_05_16_237,0.7,0.0,133044.0,133044.0,52.48244,1.081451e-05,0.1359283,-2.179553e-08,0.008857937,3.738535e-06,2.11,-3.97875e-05,-1.215014e-05,-1.012899e-05,-0.004768372,0.0001941029,0.02668053,2.109
2024_02_12_21_05_16_270,0.7,0.0,133220.0,133221.0,52.55205,1.081337e-05,0.1359282,-1.250358e-07,0.008858025,4.571849e-06,2.11,2.160399e-06,-8.033885e-06,-1.382258e-06,-0.003814697,-2.130029e-05,0.0536032,2.109
2024_02_12_21_05_16_307,0.7,0.0,133418.0,133418.0,52.6301,1.08111e-05,0.1359283,-2.046894e-07,0.008858055,2.588788e-06,2.11,4.330939e-06,-2.250204e-05,-7.160506e-06,-0.0009536743,8.244385e-05,-0.01930445,2.109
2024_02_12_21_05_16_345,0.7,0.0,133621.0,133622.0,52.71027,1.080089e-05,0.1359283,-5.14814e-07,0.008858144,9.031957e-07,2.11,3.685403e-08,9.685053e-05,-7.407253e-06,-0.01788139,-5.133313e-05,-0.01154654,2.109
2024_02_12_21_05_16_383,0.7,0.0,133825.0,133825.0,52.79043,1.080294e-05,0.1359283,-1.553944e-06,0.008858085,4.282038e-06,2.11,2.695042e-06,-0.0001784639,1.489997e-06,0.05292892,6.107292e-05,-0.02297386,2.109
2024_02_12_21_05_16_420,0.7,0.0,134022.0,134023.0,52.86848,1.078835e-05,0.1359283,3.010454e-07,0.008858413,1.217243e-08,2.11,-2.681655e-07,-7.626083e-05,2.610827e-06,-0.03480911,-2.461377e-05,0.05351938,2.109
2024_02_12_21_05_16_457,0.7,0.0,134226.0,134226.0,52.94864,1.077087e-05,0.1359283,-6.20575e-07,0.008858384,-3.868114e-06,2.11,4.166072e-06,-0.0001099795,-3.708063e-07,-0.001907349,-2.265216e-05,-1.490116e-05,2.109
2024_02_12_21_05_16_496,0.7,0.0,134423.0,134424.0,53.0267,1.079072e-05,0.1359283,-4.918143e-07,0.008858384,-1.104424e-06,2.11,1.150183e-06,-0.0001064198,4.014603e-06,-0.01835823,2.039954e-05,0.02293102,2.109
2024_02_12_21_05_16_533,0.7,0.0,134627.0,134627.0,53.10686,1.079455e-05,0.1359283,5.233856e-07,0.008858442,-5.679815e-07,2.11,-3.964351e-05,4.958288e-05,-6.911111e-06,-0.03361702,0.0001143377,0.007856637,2.109
2024_02_12_21_05_16_570,0.7,0.0,134824.0,134825.0,53.18491,1.080511e-05,0.1359284,-6.570949e-07,0.008857846,-8.658637e-07,2.11,2.385361e-05,1.966089e-05,-9.879064e-06,0.01740456,-6.848608e-06,-0.01532771,2.109
2024_02_12_21_05_16_608,0.7,0.0,135028.0,135028.0,53.26507,1.078928e-05,0.1359284,1.146008e-06,0.008858413,-2.63798e-06,2.11,-1.563468e-06,-0.0001160484,7.426927e-06,-0.0009536743,-8.922564e-05,-9.126961e-05,2.109
2024_02_12_21_05_16_645,0.7,0.0,135225.0,135226.0,53.34312,1.0758e-05,0.1359283,3.08402e-07,0.008858413,-6.609608e-06,2.11,3.148279e-07,-0.0001233463,9.659872e-07,0.0,2.758611e-05,8.381902e-05,2.109
2024_02_12_21_05_16_683,0.7,0.0,135423.0,135423.0,53.42118,1.076303e-05,0.1359282,8.866623e-07,0.008858203,-7.400797e-06,2.11,1.603384e-06,-0.00012105,1.49671e-06,0.05125999,7.251865e-05,-0.06080977,2.109
2024_02_12_21_05_16_719,0.7,0.0,135626.0,135627.0,53.50134,1.076631e-05,0.1359284,7.988378e-08,0.008858503,-7.235949e-06,2.11,-1.701379e-05,-7.264924e-05,-3.062865e-05,-0.005483627,0.000189788,0.03456324,2.109
2024_02_12_21_05_16_757,0.7,0.0,135824.0,135824.0,53.57939,1.078512e-05,0.1359284,-1.336232e-08,0.008857877,-1.00295e-05,2.11,-1.504328e-05,4.107319e-05,2.216471e-05,0.002622604,-6.889638e-05,-0.03449246,2.109
2024_02_12_21_05_16_795,0.7,0.0,136027.0,136028.0,53.65955,1.081064e-05,0.1359282,1.878368e-06,0.008857965,-8.545342e-06,2.11,-4.057899e-05,1.178449e-05,-7.595387e-06,-0.01764297,9.070271e-05,0.01148321,2.109
2024_02_12_21_05_16_833,0.7,0.0,136225.0,136225.0,53.73761,1.08242e-05,0.1359282,-9.293354e-07,0.008857847,-7.363818e-06,2.11,-1.689777e-05,7.572716e-06,-3.107528e-05,-0.006198883,0.0002459192,0.007631257,2.109
2024_02_12_21_05_16_875,0.7,0.0,136450.0,136450.0,53.82621,1.086483e-05,0.1359282,-1.91921e-06,0.008858293,-1.065326e-05,2.11,4.510083e-05,-6.659146e-05,1.301245e-05,-0.00667572,-9.137053e-05,-0.02653152,2.109
2024_02_12_21_05_16_908,0.7,0.0,136626.0,136626.0,53.89582,1.087186e-05,0.1359283,-5.239561e-07,0.008858353,-1.287909e-05,2.11,2.582789e-06,-0.0001223523,1.881296e-06,0.01072884,-5.988636e-05,0.0306163,2.109
2024_02_12_21_05_16_945,0.7,0.0,136829.0,136830.0,53.97598,1.089775e-05,0.1359283,1.412181e-07,0.008858174,-1.193064e-05,2.11,2.392093e-06,9.170074e-05,3.873036e-08,-0.01502037,-5.646896e-05,0.01538545,2.109
2024_02_12_21_05_16_979,0.7,0.0,137006.0,137006.0,54.0456,1.091556e-05,0.1359282,5.772005e-07,0.008858056,-1.213716e-05,2.11,-1.265437e-06,5.685368e-06,-2.189026e-06,-0.002145767,-2.784975e-05,0.01545623,2.109
2024_02_12_21_05_17_016,0.7,0.0,137209.0,137209.0,54.12576,1.092194e-05,0.1359283,-2.152297e-08,0.008857847,-1.356639e-05,2.11,-1.322377e-06,-1.187375e-05,-7.951833e-06,-0.0007152557,-7.395891e-05,-0.02690404,2.109
2024_02_12_21_05_17_053,0.7,0.0,137407.0,137407.0,54.20381,1.094927e-05,0.1359282,1.602625e-06,0.008857877,-9.668821e-06,2.11,1.952909e-06,5.876104e-06,-5.199516e-07,0.01096725,8.907005e-05,2.607703e-05,2.109
2024_02_12_21_05_17_091,0.7,0.0,137610.0,137610.0,54.28397,1.09485e-05,0.1359283,-2.384988e-07,0.008858114,-1.29512e-05,2.11,-5.635869e-07,3.188315e-05,-2.046137e-06,-0.02074241,-0.0001055905,0.03433414,2.109
2024_02_12_21_05_17_130,0.7,0.0,137808.0,137808.0,54.36203,1.097179e-05,0.1359283,-6.548069e-07,0.008858055,-1.150311e-05,2.11,2.065837e-05,7.915908e-05,-1.404387e-05,0.0009536743,-0.0001028673,-0.003801659,2.109
2024_02_12_21_05_17_161,0.7,0.0,137984.0,137984.0,54.43164,1.098017e-05,0.1359281,-8.918747e-07,0.008858056,-1.297744e-05,2.11,4.213094e-06,2.072549e-05,1.152103e-06,0.003576278,0.0002931269,0.01190044,2.109
2024_02_12_21_05_17_199,0.7,0.0,138187.0,138188.0,54.5118,1.101099e-05,0.1359282,-1.488694e-06,0.008857936,-1.322354e-05,2.11,-7.290515e-07,1.862059e-05,1.397678e-06,0.001430511,-8.185648e-05,0.04606694,2.109
2024_02_12_21_05_17_237,0.7,0.0,138385.0,138385.0,54.58986,1.102584e-05,0.1359283,6.799226e-07,0.008858442,-1.567523e-05,2.11,-1.744399e-06,-0.0001063323,-1.114187e-06,-0.00333786,-1.95044e-05,-0.007554888,2.109
2024_02_12_21_05_17_273,0.7,0.0,138588.0,138589.0,54.67002,1.105446e-05,0.1359284,3.386281e-07,0.008858442,-1.164462e-05,2.11,1.000791e-08,-0.000132764,1.591533e-05,0.03385544,-0.0001394343,-0.01907907,2.109
2024_02_12_21_05_17_312,0.7,0.0,138786.0,138786.0,54.74807,1.105447e-05,0.1359284,8.712332e-07,0.008858055,-1.582613e-05,2.11,-2.1159e-05,0.0001140801,1.797903e-05,-0.01430511,2.892705e-06,0.01133792,2.109
2024_02_12_21_05_17_349,0.7,0.0,138989.0,138990.0,54.82823,1.107468e-05,0.1359284,1.938576e-06,0.008858263,-1.495261e-05,2.11,-2.193079e-05,-0.00010764,-2.834693e-05,0.01883507,0.000133731,-0.01155771,2.109
2024_02_12_21_05_17_387,0.7,0.0,139187.0,139187.0,54.90628,1.106845e-05,0.1359283,-5.596216e-07,0.008858323,-1.810782e-05,2.11,7.365328e-08,-9.963127e-05,-4.098541e-06,0.01382828,0.0001597506,-0.03040768,2.109
2024_02_12_21_05_17_420,0.7,0.0,139369.0,139369.0,54.97801,1.108063e-05,0.1359282,-5.883506e-07,0.008857936,-1.810045e-05,2.11,2.099163e-05,-1.872255e-05,2.809403e-05,-0.01621246,-0.0001912091,0.0840947,2.109
2024_02_12_21_05_17_454,0.7,0.0,139546.0,139546.0,55.04762,1.109635e-05,0.1359283,-2.007244e-07,0.008858086,-1.614104e-05,2.11,1.672999e-06,1.395009e-05,-3.652826e-07,0.01049042,-1.629411e-05,-0.03830902,2.109
2024_02_12_21_05_17_491,0.7,0.0,139749.0,139749.0,55.12778,1.112895e-05,0.1359283,6.663034e-07,0.008857845,-1.282129e-05,2.11,2.388555e-06,6.733489e-06,1.579084e-06,-0.0193119,-7.243457e-05,-0.01543946,2.109
2024_02_12_21_05_17_529,0.7,0.0,139947.0,139947.0,55.20584,1.114465e-05,0.1359282,3.414343e-07,0.008857906,-1.755355e-05,2.11,-3.836306e-05,-2.855e-05,-1.00534e-05,0.02741813,0.0001653597,-0.03819168,2.109
2024_02_12_21_05_17_566,0.7,0.0,140150.0,140150.0,55.286,1.117456e-05,0.1359282,6.349633e-07,0.008857877,-1.792077e-05,2.11,1.692819e-06,8.493265e-06,-7.970233e-07,-0.00166893,-0.0001068928,-0.0001490116,2.109
2024_02_12_21_05_17_604,0.7,0.0,140348.0,140348.0,55.36405,1.119035e-05,0.1359282,-6.077325e-07,0.008857936,-2.073526e-05,2.11,-1.389441e-07,1.230672e-05,-1.851648e-06,0.002861023,7.4637e-05,0.02301112,2.109
2024_02_12_21_05_17_640,0.7,0.0,140545.0,140545.0,55.4421,1.12307e-05,0.1359283,5.006014e-07,0.008858114,-1.790136e-05,2.11,3.578762e-07,1.897663e-05,-8.715894e-07,0.005722045,-0.0001222948,-0.03826246,2.109
2024_02_12_21_05_17_678,0.7,0.0,140749.0,140749.0,55.52227,1.126945e-05,0.1359283,2.572011e-07,0.008857757,-1.525271e-05,2.11,1.793875e-06,8.099881e-05,4.422099e-06,-0.006198883,-5.30328e-05,-3.352761e-05,2.109
2024_02_12_21_05_17_716,0.7,0.0,140946.0,140946.0,55.60032,1.128848e-05,0.1359283,-1.311441e-07,0.008857906,-1.789165e-05,2.11,2.044723e-06,-2.531009e-05,-1.00897e-06,0.0,-4.306127e-05,-0.03082491,2.109
2024_02_12_21_05_17_753,0.7,0.0,141150.0,141150.0,55.68048,1.131093e-05,0.1359283,1.899246e-06,0.008858384,-1.856135e-05,2.11,-1.170737e-07,-0.0001498826,-2.030352e-06,0.01263618,4.402693e-06,0.00388734,2.109
2024_02_12_21_05_17_790,0.7,0.0,141347.0,141347.0,55.75853,1.132675e-05,0.1359283,2.832171e-07,0.008858204,-2.067294e-05,2.11,1.675091e-06,-7.355827e-05,-2.058386e-06,-0.01049042,3.210988e-05,0.003656372,2.109
2024_02_12_21_05_17_823,0.7,0.0,141529.0,141529.0,55.83026,1.135034e-05,0.1359283,-1.097799e-06,0.008858384,-2.445604e-05,2.11,2.128726e-06,4.284341e-05,-1.795834e-06,-0.03242493,-9.275993e-06,0.011608,2.109
2024_02_12_21_05_17_861,0.7,0.0,141727.0,141727.0,55.90831,1.141305e-05,0.1359283,-7.966987e-07,0.008857697,-2.198591e-05,2.11,-1.8532e-05,2.945052e-05,2.499674e-05,-0.00333786,4.841649e-05,-0.01175702,2.109
2024_02_12_21_05_17_899,0.7,0.0,141930.0,141930.0,55.98847,1.146253e-05,0.1359282,4.109248e-07,0.008858413,-2.106425e-05,2.11,-1.255307e-06,-0.0001234382,-2.160604e-06,0.03027916,-5.192794e-05,-0.015039,2.109
2024_02_12_21_05_17_936,0.7,0.0,142128.0,142128.0,56.06652,1.149384e-05,0.1359283,-2.994066e-08,0.008858354,-1.998397e-05,2.11,-5.330038e-07,-0.0001121995,1.069273e-06,0.00500679,4.203457e-06,0.007700175,2.109
2024_02_12_21_05_17_970,0.7,0.0,142310.0,142310.0,56.13825,1.15168e-05,0.1359283,-5.109171e-07,0.008858384,-1.84061e-05,2.11,-3.87703e-07,-0.0001276044,1.420888e-06,-0.001907349,5.394912e-05,-1.676381e-05,2.109
2024_02_12_21_05_18_007,0.7,0.0,142508.0,142508.0,56.2163,1.153309e-05,0.1359284,-1.486636e-06,0.008858144,-2.339471e-05,2.11,5.194605e-07,3.703306e-05,-1.613885e-06,0.00333786,2.929232e-05,-0.00767596,2.109
2024_02_12_21_05_18_045,0.7,0.0,142711.0,142711.0,56.29646,1.155242e-05,0.1359282,6.765507e-07,0.008857726,-2.730969e-05,2.11,-2.061257e-05,5.275889e-05,1.38496e-05,0.003576278,8.064216e-05,-0.01927279,2.109
2024_02_12_21_05_18_079,0.7,0.0,142887.0,142887.0,56.36608,1.160654e-05,0.1359282,1.868981e-07,0.008857937,-2.392508e-05,2.11,9.287366e-07,1.603497e-05,6.474595e-07,0.007390975,-6.702811e-05,-0.01518056,2.109
2024_02_12_21_05_18_116,0.7,0.0,143085.0,143085.0,56.44413,1.166466e-05,0.1359282,-1.027608e-06,0.008857877,-1.830417e-05,2.11,6.816331e-07,1.349592e-05,1.212041e-06,0.00166893,-9.484347e-05,-0.02685189,2.109
2024_02_12_21_05_18_149,0.7,0.0,143267.0,143267.0,56.51585,1.169476e-05,0.1359283,-2.200564e-07,0.008858114,-1.777615e-05,2.11,-4.411481e-07,-2.598716e-05,1.358371e-07,0.01645088,-4.563901e-06,-0.03059581,2.109
2024_02_12_21_05_18_187,0.7,0.0,143465.0,143465.0,56.59391,1.170658e-05,0.1359283,5.664447e-07,0.008857757,-2.13904e-05,2.11,2.195352e-05,8.993872e-05,3.350665e-05,-0.02551079,-7.159684e-05,0.03046915,2.109
2024_02_12_21_05_18_223,0.7,0.0,143668.0,143668.0,56.67407,1.173194e-05,0.1359283,1.417874e-06,0.008857965,-2.36153e-05,2.11,-4.178134e-05,9.19081e-06,-1.159572e-05,-0.007629394,0.0001228807,0.02287514,2.109
2024_02_12_21_05_18_257,0.7,0.0,143844.0,143844.0,56.74368,1.174184e-05,0.1359282,-3.261981e-07,0.008857967,-2.762263e-05,2.11,-8.002522e-07,1.180276e-05,-1.336923e-05,-0.01788139,0.0003719418,0.02667866,2.109
2024_02_12_21_05_18_296,0.7,0.0,144047.0,144048.0,56.82384,1.178523e-05,0.1359282,-7.792561e-08,0.008857996,-2.597149e-05,2.11,-1.616316e-07,-1.318234e-05,-1.202537e-06,0.01692772,1.419272e-05,0.0001918524,2.109
2024_02_12_21_05_18_332,0.7,0.0,144245.0,144245.0,56.9019,1.183251e-05,0.1359282,-6.318015e-07,0.008858235,-2.546284e-05,2.11,1.305828e-06,2.055755e-05,3.08006e-06,-0.006198883,-2.195748e-06,0.03067218,2.109
2024_02_12_21_05_18_370,0.7,0.0,144448.0,144449.0,56.98206,1.188504e-05,0.1359283,-5.346196e-07,0.008857845,-2.460613e-05,2.11,9.731622e-07,-1.03024e-05,-4.84003e-06,-0.01358986,7.476688e-05,0.007359311,2.109
2024_02_12_21_05_18_407,0.7,0.0,144646.0,144646.0,57.06011,1.191509e-05,0.1359284,-1.476636e-06,0.008858353,-2.490129e-05,2.11,2.180182e-05,-0.0001112842,-1.954464e-05,-0.006437301,4.39914e-05,-0.003989786,2.109
2024_02_12_21_05_18_440,0.7,0.0,144823.0,144823.0,57.12973,1.196455e-05,0.1359282,9.135085e-07,0.008858174,-2.468226e-05,2.11,-2.029533e-05,2.993072e-06,-2.878439e-05,-0.004053116,-4.643255e-06,-0.003768131,2.109
2024_02_12_21_05_18_481,0.7,0.0,145026.0,145026.0,57.20989,1.199877e-05,0.1359283,2.419201e-07,0.008858353,-2.585502e-05,2.11,-6.08095e-07,-0.0001120993,-2.903919e-06,-0.01621246,-2.044788e-05,0.007543712,2.109
2024_02_12_21_05_18_516,0.7,0.0,145224.0,145224.0,57.28794,1.203951e-05,0.1359283,-4.209828e-07,0.008858235,-2.47382e-05,2.11,-4.284308e-07,4.92135e-05,-3.641952e-06,-0.01335144,3.216957e-05,-0.01536868,2.109
2024_02_12_21_05_18_549,0.7,0.0,145405.0,145406.0,57.35966,1.205626e-05,0.1359283,-1.025e-07,0.008858234,-2.733065e-05,2.11,-1.455749e-06,-0.0001459256,-7.764433e-06,0.01096725,0.0001270419,-0.003993511,2.109
2024_02_12_21_05_18_587,0.7,0.0,145603.0,145603.0,57.43772,1.207128e-05,0.1359284,3.904707e-07,0.008858444,-2.935287e-05,2.11,-2.101587e-06,-0.0001050384,1.317777e-06,0.005960464,-2.143736e-05,0.007852912,2.109
2024_02_12_21_05_18_624,0.7,0.0,145806.0,145807.0,57.51788,1.211183e-05,0.1359283,-5.872455e-07,0.008858384,-2.712102e-05,2.11,1.782261e-06,-0.0001154691,4.087644e-06,-0.00166893,-4.600531e-05,-1.490116e-05,2.109
2024_02_12_21_05_18_661,0.7,0.0,146004.0,146004.0,57.59593,1.217046e-05,0.1359284,-8.030543e-07,0.008858413,-2.407788e-05,2.11,3.089747e-07,-0.0001471336,9.052229e-07,0.01692772,0.0001781365,-0.003769994,2.109
2024_02_12_21_05_18_699,0.7,0.0,146207.0,146208.0,57.67609,1.21804e-05,0.1359284,3.207846e-07,0.008858562,-2.574377e-05,2.11,-2.241871e-05,-1.616623e-05,-2.815038e-05,0.002861023,0.0001823433,-0.01125224,2.109
2024_02_12_21_05_18_732,0.7,0.0,146384.0,146384.0,57.74571,1.220014e-05,0.1359284,-7.229827e-07,0.008858087,-2.70841e-05,2.11,2.104726e-05,-0.0001245165,-2.136368e-05,0.01049042,8.543782e-05,0.003516674,2.109
2024_02_12_21_05_18_765,0.7,0.0,146560.0,146560.0,57.81532,1.223795e-05,0.1359282,4.265069e-07,0.008857907,-2.314778e-05,2.11,-2.147487e-05,1.108361e-05,-3.068172e-05,-0.0007152557,0.0001823714,0.007579103,2.109
2024_02_12_21_05_18_803,0.7,0.0,146764.0,146764.0,57.89548,1.224934e-05,0.1359282,5.429782e-07,0.008857816,-2.800648e-05,2.11,-1.971057e-05,-4.817953e-05,1.999258e-05,0.03242493,9.93142e-05,-0.04199892,2.109
2024_02_12_21_05_18_840,0.7,0.0,146961.0,146961.0,57.97354,1.232431e-05,0.1359283,4.921552e-07,0.008857966,-2.333842e-05,2.11,-1.645711e-05,-2.003721e-06,-3.45453e-05,0.01263618,0.0001618858,-0.05738064,2.109
2024_02_12_21_05_18_875,0.7,0.0,147143.0,147143.0,58.04526,1.235603e-05,0.1359283,1.113841e-07,0.008857756,-2.332676e-05,2.11,-2.306239e-06,1.043787e-05,-3.898622e-06,-0.0257492,4.038435e-05,0.007281079,2.109
2024_02_12_21_05_18_911,0.7,0.0,147341.0,147341.0,58.12331,1.237691e-05,0.1359283,-1.318934e-06,0.008857906,-2.412268e-05,2.11,2.08203e-06,-1.360204e-05,-7.746585e-07,-0.0004768371,8.165875e-05,-0.0001341105,2.109
2024_02_12_21_05_18_945,0.7,0.0,147517.0,147518.0,58.19293,1.243857e-05,0.1359282,-1.239597e-06,0.008857877,-2.05638e-05,2.11,1.326014e-06,2.163177e-05,-6.992489e-06,0.00166893,0.0001075301,4.470348e-05,2.109
2024_02_12_21_05_18_982,0.7,0.0,147721.0,147721.0,58.27309,1.246504e-05,0.1359283,-2.121765e-06,0.008857966,-2.612562e-05,2.11,4.256011e-05,-3.020759e-06,4.17821e-06,-0.0140667,-0.0001269921,-0.03086403,2.109
2024_02_12_21_05_19_021,0.7,0.0,147918.0,147919.0,58.35114,1.249707e-05,0.1359283,2.265389e-07,0.008858144,-2.829303e-05,2.11,2.099304e-05,6.221071e-05,1.955168e-05,-0.02169609,3.020216e-05,0.02294406,2.109
2024_02_12_21_05_19_053,0.7,0.0,148100.0,148100.0,58.42287,1.254012e-05,0.1359283,8.656245e-07,0.008857936,-2.542286e-05,2.11,1.150359e-06,5.732727e-07,-2.36615e-06,0.007152557,5.648712e-05,-0.01531094,2.109
2024_02_12_21_05_19_091,0.7,0.0,148298.0,148298.0,58.50092,1.258529e-05,0.1359283,5.431626e-07,0.008858354,-2.593956e-05,2.11,-6.576787e-07,-0.0001150698,-8.504575e-07,0.007152557,-8.511784e-05,0.007716938,2.109
2024_02_12_21_05_19_128,0.7,0.0,148501.0,148501.0,58.58108,1.263746e-05,0.1359283,-7.114017e-07,0.008858384,-2.531562e-05,2.11,9.387164e-07,-0.0001122361,-2.222227e-06,0.0257492,1.281921e-05,0.03836304,2.109
2024_02_12_21_05_19_166,0.7,0.0,148699.0,148699.0,58.65913,1.271268e-05,0.1359284,1.859798e-07,0.008858503,-1.989547e-05,2.11,-2.139742e-05,-0.0001143909,-2.442534e-05,0.007629394,5.604749e-05,0.01138635,2.109
2024_02_12_21_05_19_203,0.7,0.0,148902.0,148902.0,58.7393,1.27378e-05,0.1359283,5.395873e-07,0.008858025,-2.43946e-05,2.11,-3.073018e-06,6.61775e-05,6.139785e-06,-0.02670288,-0.0001267855,0.06862171,2.109
2024_02_12_21_05_19_241,0.7,0.0,149100.0,149100.0,58.81735,1.277604e-05,0.1359283,-1.039865e-06,0.008857878,-2.907239e-05,2.11,5.01276e-06,-1.818333e-05,6.155412e-06,0.01239777,-0.0001360031,-0.007582828,2.109
2024_02_12_21_05_19_278,0.7,0.0,149303.0,149303.0,58.89751,1.286371e-05,0.1359282,-2.622038e-07,0.008858026,-3.021037e-05,2.11,2.064089e-06,-6.791608e-06,6.309042e-06,0.005483627,-0.0001555948,0.04615076,2.109
2024_02_12_21_05_19_311,0.7,0.0,149480.0,149480.0,58.96712,1.290246e-05,0.1359282,-1.633404e-07,0.008857908,-3.490323e-05,2.11,1.944671e-05,3.708169e-06,-1.374444e-05,-0.006198883,-6.299194e-05,-0.003889203,2.109
2024_02_12_21_05_19_349,0.7,0.0,149683.0,149683.0,59.04729,1.294383e-05,0.1359284,6.475811e-07,0.008858087,-3.930863e-05,2.11,-3.780148e-06,-4.761702e-05,-7.388707e-07,0.005960464,-1.932221e-06,0.01517869,2.109
2024_02_12_21_05_19_386,0.7,0.0,149881.0,149881.0,59.12534,1.298574e-05,0.1359283,-4.967657e-07,0.008858057,-3.784876e-05,2.11,-2.288514e-06,8.231986e-05,2.634644e-06,-0.03504753,9.89421e-05,0.01126528,2.109
2024_02_12_21_05_19_420,0.7,0.0,150057.0,150057.0,59.19495,1.300679e-05,0.1359283,3.589267e-07,0.008857966,-4.325364e-05,2.11,-2.375058e-05,-8.565786e-06,-3.90538e-05,-0.0004768371,0.0001355438,-9.49949e-05,2.109
2024_02_12_21_05_19_457,0.7,0.0,150260.0,150260.0,59.27512,1.306021e-05,0.1359282,7.970802e-08,0.008857937,-3.932615e-05,2.11,-8.71354e-07,2.230687e-05,2.091725e-06,-0.01120567,2.202967e-05,0.05351938,2.109
2024_02_12_21_05_19_491,0.7,0.0,150437.0,150437.0,59.34473,1.311621e-05,0.1359283,7.295692e-08,0.008858385,-3.684821e-05,2.11,-7.989228e-07,-0.0001538512,4.853832e-06,0.01120567,-3.403193e-05,0.007666647,2.109
2024_02_12_21_05_19_528,0.7,0.0,150640.0,150640.0,59.42489,1.315108e-05,0.1359284,-5.481119e-07,0.008858176,-3.9464e-05,2.11,4.17686e-05,3.314567e-05,1.422936e-05,0.01525879,-0.0001353925,-0.02289749,2.109
2024_02_12_21_05_19_561,0.7,0.0,150816.0,150816.0,59.49451,1.319196e-05,0.1359283,6.332957e-07,0.008857847,-4.225273e-05,2.11,-2.010624e-05,-7.601759e-06,6.511591e-06,-0.01811981,2.938236e-06,0.03426895,2.109
2024_02_12_21_05_19_599,0.7,0.0,151020.0,151020.0,59.57467,1.325024e-05,0.1359282,3.97634e-07,0.008857966,-4.133829e-05,2.11,-8.755545e-07,-4.545805e-06,1.710594e-06,0.002384186,-5.400864e-05,0.03825873,2.109
2024_02_12_21_05_19_637,0.7,0.0,151217.0,151217.0,59.65272,1.329372e-05,0.1359283,3.351169e-07,0.008858355,-4.194473e-05,2.11,1.566442e-06,-0.0001205464,-9.021845e-06,-0.005722045,2.96078e-05,-0.003878027,2.109
2024_02_12_21_05_19_674,0.7,0.0,151421.0,151421.0,59.73288,1.336804e-05,0.1359283,-1.709819e-06,0.008858384,-3.698117e-05,2.11,2.806823e-06,-0.0001102452,7.869117e-08,-0.00500679,1.067974e-05,0.03822334,2.109
2024_02_12_21_05_19_712,0.7,0.0,151618.0,151618.0,59.81094,1.342851e-05,0.1359284,3.786576e-07,0.008858206,-3.903301e-05,2.11,-6.726135e-07,7.04033e-05,-3.656914e-06,0.0,7.030394e-06,-0.02677925,2.109
2024_02_12_21_05_19_745,0.7,0.0,151795.0,151795.0,59.88055,1.346664e-05,0.1359282,9.805207e-07,0.008858563,-3.887025e-05,2.11,-1.553399e-06,-0.0001063662,-5.530403e-07,-0.001430511,7.679671e-05,0.01573376,2.109
2024_02_12_21_05_19_782,0.7,0.0,151998.0,151998.0,59.96071,1.354877e-05,0.1359282,-1.042466e-06,0.008857938,-3.111847e-05,2.11,1.135587e-06,-1.362003e-05,3.59345e-06,0.01382828,-2.060722e-05,-0.01520105,2.109
2024_02_12_21_05_19_819,0.7,0.0,152196.0,152196.0,60.03876,1.361438e-05,0.1359282,-3.092775e-07,0.008857817,-2.912084e-05,2.11,-1.121764e-06,1.950357e-05,5.238646e-07,0.00834465,7.921585e-06,0.05359389,2.109
2024_02_12_21_05_19_857,0.7,0.0,152399.0,152399.0,60.11893,1.36441e-05,0.1359283,6.700782e-07,0.008858056,-3.178207e-05,2.11,-1.58717e-06,-4.890286e-05,1.147157e-06,0.02503395,2.801016e-05,0.03828295,2.109
2024_02_12_21_05_19_895,0.7,0.0,152597.0,152597.0,60.19698,1.368704e-05,0.1359283,4.643532e-07,0.008858115,-3.173295e-05,2.11,-1.026918e-06,7.430268e-05,9.32379e-07,-0.01120567,-7.050755e-05,0.02287514,2.109
2024_02_12_21_05_19_928,0.7,0.0,152779.0,152779.0,60.2687,1.372508e-05,0.1359283,-6.982711e-07,0.008857937,-3.270611e-05,2.11,1.827793e-05,-3.411815e-05,3.259054e-05,0.006198883,-0.0002196708,-0.00397861,2.109
2024_02_12_21_05_19_966,0.7,0.0,152976.0,152976.0,60.34676,1.377557e-05,0.1359283,-3.550567e-07,0.008858414,-2.928946e-05,2.11,1.971421e-05,-0.0001244953,2.195835e-05,0.00667572,-2.931875e-05,-0.05735457,2.109
2024_02_12_21_05_20_003,0.7,0.0,153180.0,153180.0,60.42692,1.382068e-05,0.1359284,-1.900888e-06,0.008858443,-2.835248e-05,2.11,4.07497e-05,-9.71191e-05,6.244011e-06,-0.009059906,3.223761e-06,1.490116e-05,2.109
2024_02_12_21_05_20_041,0.7,0.0,153377.0,153377.0,60.50497,1.388138e-05,0.1359284,-2.8847e-08,0.008858502,-2.298387e-05,2.11,-1.454725e-06,-0.0001170004,2.572858e-06,0.03266335,4.041811e-05,-0.05348958,2.109
2024_02_12_21_05_20_078,0.7,0.0,153581.0,153581.0,60.58513,1.39306e-05,0.1359283,3.205412e-07,0.008858114,-2.321161e-05,2.11,-4.252026e-05,0.0001031688,-1.51271e-05,-0.020504,0.0001289863,0.007476657,2.109
2024_02_12_21_05_20_115,0.7,0.0,153778.0,153778.0,60.66319,1.396712e-05,0.1359283,8.278199e-07,0.008858114,-2.407482e-05,2.11,-2.934768e-06,-7.509864e-05,-2.126606e-06,0.006437301,6.04175e-05,0.007368624,2.109
2024_02_12_21_05_20_149,0.7,0.0,153955.0,153955.0,60.7328,1.400712e-05,0.1359284,2.049394e-07,0.008858413,-2.046234e-05,2.11,-1.628765e-06,-0.000118522,4.682919e-06,-0.0004768371,-4.261761e-05,0.01536496,2.109
2024_02_12_21_05_20_186,0.7,0.0,154158.0,154158.0,60.81296,1.402027e-05,0.1359284,4.257676e-07,0.008858413,-2.505461e-05,2.11,-3.474804e-06,-0.0001207705,1.817972e-06,-0.006198883,2.638154e-05,0.007659196,2.109
2024_02_12_21_05_20_220,0.7,0.0,154334.0,154335.0,60.88258,1.403976e-05,0.1359283,6.5923e-07,0.008858086,-2.688955e-05,2.11,-1.779743e-07,7.329506e-05,5.517909e-06,-0.004529953,-0.0001074927,-0.03831647,2.109
2024_02_12_21_05_20_257,0.7,0.0,154538.0,154538.0,60.96274,1.408495e-05,0.1359283,-2.814547e-07,0.008857727,-2.189775e-05,2.11,-4.79909e-07,-2.721183e-05,-1.64557e-07,0.02336502,2.26413e-06,-0.01535006,2.109
2024_02_12_21_05_20_290,0.7,0.0,154714.0,154714.0,61.03235,1.411874e-05,0.1359282,9.287768e-07,0.008857906,-2.151803e-05,2.11,-4.577085e-07,9.20562e-06,-1.59029e-06,-0.009298325,-9.067565e-05,-0.007757917,2.109
2024_02_12_21_05_20_328,0.7,0.0,154917.0,154917.0,61.11251,1.414701e-05,0.1359282,2.680422e-08,0.008857937,-2.331547e-05,2.11,-4.891261e-07,-1.704546e-05,1.457798e-07,0.02360344,3.250989e-06,-0.007515773,2.109
2024_02_12_21_05_20_365,0.7,0.0,155115.0,155115.0,61.19057,1.419178e-05,0.1359283,6.411212e-07,0.008858026,-2.095401e-05,2.11,-1.661322e-06,-2.767138e-05,-1.268833e-07,-0.0004768371,-2.266495e-05,-9.313225e-05,2.109
2024_02_12_21_05_20_403,0.7,0.0,155318.0,155318.0,61.27073,1.423474e-05,0.1359283,-5.500873e-07,0.008858055,-1.797938e-05,2.11,1.988407e-05,4.631549e-05,3.112012e-05,0.03099441,-0.0002082452,0.02686307,2.109
2024_02_12_21_05_20_441,0.7,0.0,155516.0,155516.0,61.34878,1.425775e-05,0.1359283,-3.993213e-07,0.008857877,-2.149556e-05,2.11,1.083101e-06,2.721218e-05,-4.586574e-06,0.004291534,1.214209e-05,-0.02299808,2.109
2024_02_12_21_05_20_478,0.7,0.0,155719.0,155719.0,61.42894,1.428661e-05,0.1359283,6.739665e-07,0.008857906,-2.186851e-05,2.11,-1.349652e-06,-1.016633e-05,3.882035e-06,0.01883507,-8.042957e-05,-0.007463619,2.109
2024_02_12_21_05_20_515,0.7,0.0,155917.0,155917.0,61.507,1.434525e-05,0.1359283,6.372987e-07,0.008858025,-1.452231e-05,2.11,-2.662875e-06,-1.00129e-05,-4.637746e-06,0.004053116,-2.579949e-05,0.007674098,2.109
2024_02_12_21_05_20_549,0.7,0.0,156093.0,156094.0,61.57661,1.433934e-05,0.1359284,1.300415e-07,0.008858413,-1.487725e-05,2.11,-3.717671e-06,-0.00011228,-2.11531e-06,0.001907349,6.100833e-05,-0.06125122,2.109
2024_02_12_21_05_20_586,0.7,0.0,156297.0,156297.0,61.65677,1.436942e-05,0.1359283,-5.797377e-07,0.008858144,-1.337876e-05,2.11,2.220684e-05,9.404579e-05,-1.963912e-05,-0.01311302,-2.50493e-05,0.0191424,2.109
2024_02_12_21_05_20_620,0.7,0.0,156473.0,156473.0,61.72639,1.439096e-05,0.1359282,-4.18711e-09,0.008858115,-1.492286e-05,2.11,2.25772e-08,5.543056e-06,2.386153e-07,-0.01740456,-1.584885e-05,0.04596635,2.109
2024_02_12_21_05_20_659,0.7,0.0,156676.0,156676.0,61.80655,1.442737e-05,0.1359284,-9.740144e-07,0.008858384,-1.387411e-05,2.11,2.332195e-06,-0.0001149198,-5.659362e-06,0.006198883,0.0001677594,-0.01531653,2.109
2024_02_12_21_05_20_694,0.7,0.0,156874.0,156874.0,61.8846,1.446484e-05,0.1359284,8.842343e-07,0.008858354,-1.533748e-05,2.11,-1.749884e-07,-0.0001484066,-2.884821e-08,0.01382828,7.264992e-05,0.007657334,2.109
2024_02_12_21_05_20_729,0.7,0.0,157056.0,157056.0,61.95633,1.449397e-05,0.1359283,9.142601e-08,0.008858533,-1.615976e-05,2.11,8.36593e-08,-4.576902e-06,-3.476522e-06,-0.01239777,-4.650297e-05,0.007906929,2.109
2024_02_12_21_05_20_766,0.7,0.0,157254.0,157254.0,62.03438,1.448414e-05,0.1359283,8.151934e-07,0.008857787,-1.920815e-05,2.11,-2.641995e-06,-1.852552e-05,1.924775e-06,-0.01525879,0.0001308032,0.03801845,2.109
2024_02_12_21_05_20_799,0.7,0.0,157430.0,157430.0,62.10399,1.447725e-05,0.1359282,3.359553e-07,0.008857937,-2.020247e-05,2.11,1.209228e-07,1.482657e-05,9.508492e-06,0.002861023,-0.000212694,-0.01907535,2.109
2024_02_12_21_05_20_836,0.7,0.0,157633.0,157633.0,62.18415,1.450502e-05,0.1359283,1.971933e-06,0.008857995,-1.791652e-05,2.11,-2.078804e-05,-2.852084e-06,-2.283082e-05,-0.006198883,4.481899e-05,0.06493926,2.109
2024_02_12_21_05_20_874,0.7,0.0,157831.0,157831.0,62.26221,1.450138e-05,0.1359283,-1.112242e-06,0.008858354,-2.498722e-05,2.11,3.072939e-07,-0.0001157124,-6.71877e-06,-0.009298325,0.0001309773,0.01518801,2.109
2024_02_12_21_05_20_907,0.7,0.0,158013.0,158013.0,62.33393,1.454266e-05,0.1359283,-9.034492e-07,0.008857937,-1.954427e-05,2.11,2.164213e-05,0.0001063739,-9.304394e-06,-0.04553794,2.837564e-05,0.08761882,2.109
2024_02_12_21_05_20_944,0.7,0.0,158211.0,158211.0,62.41198,1.457235e-05,0.1359283,1.284365e-07,0.008858443,-1.815731e-05,2.11,-1.843256e-05,-0.0001085575,-3.258311e-05,-0.0128746,0.0001542967,0.01925603,2.109
2024_02_12_21_05_20_978,0.7,0.0,158393.0,158393.0,62.48371,1.459592e-05,0.1359283,-4.903237e-07,0.008858384,-2.14276e-05,2.11,8.193219e-07,-0.0001237788,2.859665e-06,0.009059906,-1.794422e-05,0.007720664,2.109
2024_02_12_21_05_21_016,0.7,0.0,158590.0,158591.0,62.56176,1.4641e-05,0.1359283,1.054333e-06,0.008857965,-1.848922e-05,2.11,-2.12321e-05,-2.346748e-05,1.755651e-05,0.00834465,0.000101178,0.02672337,2.109
2024_02_12_21_05_21_049,0.7,0.0,158767.0,158767.0,62.63137,1.465537e-05,0.1359283,2.227804e-06,0.008858025,-2.019742e-05,2.11,-2.185013e-05,9.958431e-05,2.429241e-05,-0.007629394,-4.765565e-05,0.00387989,2.109
2024_02_12_21_05_21_086,0.7,0.0,158970.0,158970.0,62.71154,1.46332e-05,0.1359283,1.016714e-07,0.008857817,-2.815518e-05,2.11,1.655838e-06,1.430523e-05,7.276074e-06,0.00500679,-0.00013871,0.01155585,2.109
2024_02_12_21_05_21_119,0.7,0.0,159146.0,159147.0,62.78115,1.466813e-05,0.1359283,-7.62285e-07,0.008857937,-2.842831e-05,2.11,3.329723e-06,-1.205188e-05,2.296033e-06,0.005245208,-6.19159e-05,-0.01536123,2.109
2024_02_12_21_05_21_153,0.7,0.0,159328.0,159328.0,62.85287,1.471996e-05,0.1359283,5.194263e-08,0.008857936,-2.653455e-05,2.11,-1.950635e-05,-2.26106e-05,-2.474492e-05,0.005245208,-3.16179e-05,-0.0231266,2.109
2024_02_12_21_05_21_191,0.7,0.0,159526.0,159526.0,62.93093,1.47231e-05,0.1359283,-1.870053e-06,0.008858175,-3.216851e-05,2.11,-2.52886e-07,3.076258e-05,-4.696798e-06,-0.01478195,0.0002399738,0.007571652,2.109
2024_02_12_21_05_21_228,0.7,0.0,159729.0,159729.0,63.01109,1.476585e-05,0.1359283,-9.506693e-07,0.008857847,-3.048857e-05,2.11,4.36442e-05,1.446409e-06,1.437672e-05,0.02288818,-0.0001579273,-0.007536262,2.109
2024_02_12_21_05_21_266,0.7,0.0,159927.0,159927.0,63.08914,1.478687e-05,0.1359282,-4.489259e-07,0.008857907,-3.189542e-05,2.11,1.878542e-06,-2.091231e-05,-1.052631e-06,0.03457069,-8.246957e-06,-0.03809668,2.109
2024_02_12_21_05_21_303,0.7,0.0,160130.0,160130.0,63.1693,1.484758e-05,0.1359283,3.513448e-07,0.008858354,-2.811572e-05,2.11,-1.729865e-05,-0.0001078042,-2.292658e-05,-0.01549721,5.135337e-05,0.019053,2.109
2024_02_12_21_05_21_341,0.7,0.0,160328.0,160328.0,63.24736,1.490253e-05,0.1359283,-1.335993e-06,0.008858384,-2.769047e-05,2.11,3.136607e-06,-0.0001097792,-3.064784e-06,0.004529953,6.875052e-05,0.02293475,2.109
2024_02_12_21_05_21_378,0.7,0.0,160531.0,160531.0,63.32752,1.493494e-05,0.1359283,-8.038361e-07,0.008858145,-3.117327e-05,2.11,-1.098086e-06,-1.15798e-05,-1.547274e-06,0.008106232,-8.406556e-05,-0.05747936,2.109
2024_02_12_21_05_21_415,0.7,0.0,160729.0,160729.0,63.40557,1.496063e-05,0.1359284,3.882566e-07,0.008858056,-3.037174e-05,2.11,-7.724255e-07,8.728611e-05,5.004864e-06,-0.03647804,-0.0002365037,0.03024936,2.109
2024_02_12_21_05_21_454,0.7,0.0,160932.0,160932.0,63.48573,1.496962e-05,0.1359284,-2.00406e-06,0.008857997,-3.159965e-05,2.11,4.144683e-05,-1.341805e-05,3.656483e-06,-0.02431869,-6.123173e-06,0.02255291,2.109
2024_02_12_21_05_21_490,0.7,0.0,161130.0,161130.0,63.56379,1.499636e-05,0.1359284,-7.269161e-07,0.008858264,-3.088945e-05,2.11,-2.210317e-05,-3.095786e-05,-3.228801e-05,0.009298325,8.043628e-06,0.01896359,2.109
2024_02_12_21_05_21_527,0.7,0.0,161328.0,161328.0,63.64184,1.503884e-05,0.1359284,-2.712791e-06,0.008858264,-3.311024e-05,2.11,2.365056e-05,-3.25283e-05,2.299816e-05,0.0009536743,-4.783339e-05,0.02659857,2.109
2024_02_12_21_05_21_566,0.7,0.0,161531.0,161531.0,63.722,1.510685e-05,0.1359285,3.01116e-07,0.008858385,-3.267918e-05,2.11,4.510278e-06,-0.0001053876,3.131869e-06,-0.001192093,-0.0001377219,-2.607703e-05,2.109
2024_02_12_21_05_21_603,0.7,0.0,161729.0,161729.0,63.80011,1.514407e-05,0.1359284,-9.628276e-08,0.008858324,-3.524478e-05,2.11,3.95432e-07,-5.982052e-06,2.639418e-06,-0.005722045,-3.363072e-05,-0.01536123,2.109
2024_02_12_21_05_21_641,0.7,0.0,161932.0,161932.0,63.88013,1.51963e-05,0.1359282,9.093001e-08,0.008858474,-3.471951e-05,2.11,1.320129e-06,-0.0001350527,1.911715e-06,0.01072884,-1.62928e-05,0.01559406,2.109
2024_02_12_21_05_21_678,0.7,0.0,162130.0,162130.0,63.95804,1.526572e-05,0.1359283,-1.902686e-07,0.008857847,-3.157077e-05,2.11,-1.600148e-05,-5.572365e-05,-2.437954e-05,0.04577636,-2.828551e-05,-0.0573527,2.109
2024_02_12_21_05_21_715,0.7,0.0,162333.0,162333.0,64.03806,1.531366e-05,0.1359283,-2.729117e-07,0.008858473,-3.479116e-05,2.11,7.028025e-07,-0.0001000926,5.99915e-07,-0.00834465,-6.55234e-06,0.03068521,2.109
2024_02_12_21_05_21_752,0.7,0.0,162531.0,162531.0,64.11597,1.534679e-05,0.1359284,-2.192097e-06,0.008857996,-3.795798e-05,2.11,4.155459e-05,-1.523068e-05,1.045926e-05,-0.009298325,-0.0001292733,-0.0002514571,2.109
2024_02_12_21_05_21_786,0.7,0.0,162713.0,162713.0,64.18756,1.538957e-05,0.1359285,-1.523113e-08,0.008858384,-3.939327e-05,2.11,9.690815e-07,-7.005989e-05,1.326612e-06,0.001192093,-5.020206e-05,-0.007713213,2.109
2024_02_12_21_05_21_824,0.7,0.0,162911.0,162911.0,64.26547,1.543454e-05,0.1359282,-1.424877e-06,0.008858295,-4.145226e-05,2.11,2.907576e-06,-0.0001234723,-2.170641e-06,0.001192093,2.949139e-05,0.0001247972,2.109
2024_02_12_21_05_21_861,0.7,0.0,163114.0,163114.0,64.34549,1.55108e-05,0.1359284,-3.43406e-07,0.008858206,-4.063705e-05,2.11,3.177906e-07,-5.393673e-05,1.5442e-06,0.01120567,3.936179e-06,-0.08417665,2.109
2024_02_12_21_05_21_899,0.7,0.0,163312.0,163312.0,64.4234,1.555887e-05,0.1359283,1.07989e-06,0.008858474,-4.06249e-05,2.11,-2.058035e-05,-0.0001390552,1.001814e-05,0.002145767,0.0001641196,-1.862645e-06,2.109
2024_02_12_21_05_21_936,0.7,0.0,163515.0,163515.0,64.50342,1.563574e-05,0.1359283,-6.084504e-07,0.008857848,-3.736983e-05,2.11,3.590031e-06,4.739494e-05,5.288964e-06,-0.04506111,-0.0001025447,0.06119534,2.109
2024_02_12_21_05_21_973,0.7,0.0,163713.0,163713.0,64.58133,1.568335e-05,0.1359284,-1.308398e-06,0.008858295,-4.127331e-05,2.11,8.469783e-07,-5.349056e-05,-2.531672e-06,0.02479553,0.0001341402,-0.0306908,2.109
2024_02_12_21_05_22_011,0.7,0.0,163916.0,163916.0,64.66135,1.575258e-05,0.1359282,5.443306e-07,0.008857967,-4.139602e-05,2.11,-1.928702e-05,-3.672851e-06,-2.746672e-05,0.010252,0.0001995962,-0.06503798,2.109
2024_02_12_21_05_22_048,0.7,0.0,164114.0,164114.0,64.73926,1.581943e-05,0.1359284,-1.066368e-06,0.008857966,-4.300982e-05,2.11,9.602744e-07,-3.377354e-05,6.893734e-06,0.00333786,9.647021e-05,-0.0002011657,2.109
2024_02_12_21_05_22_086,0.7,0.0,164317.0,164317.0,64.81927,1.586571e-05,0.1359282,3.037948e-07,0.008857877,-4.779544e-05,2.11,-2.165032e-07,-3.359062e-05,6.210068e-06,0.01239777,-0.0001332154,0.01542084,2.109
2024_02_12_21_05_22_120,0.7,0.0,164493.0,164493.0,64.88876,1.587062e-05,0.1359283,5.909148e-07,0.008857817,-5.078657e-05,2.11,-3.426317e-06,-2.032027e-06,2.41369e-06,0.006914138,0.0001612116,0.02294779,2.109
2024_02_12_21_05_22_157,0.7,0.0,164696.0,164696.0,64.96878,1.592509e-05,0.1359285,-7.126544e-07,0.008858324,-5.312941e-05,2.11,2.795128e-06,-8.044895e-05,-8.505954e-07,-0.002622604,6.135531e-05,-0.03844313,2.109
2024_02_12_21_05_22_194,0.7,0.0,164894.0,164894.0,65.04669,1.596884e-05,0.1359282,1.51429e-06,0.008857847,-5.785203e-05,2.11,-1.917307e-05,5.138354e-05,1.452802e-05,-0.002145767,5.897368e-05,0.06130337,2.109
2024_02_12_21_05_22_232,0.7,0.0,165097.0,165097.0,65.12671,1.605307e-05,0.1359283,-7.886215e-07,0.008857907,-5.578863e-05,2.11,2.484495e-06,5.846914e-05,1.370199e-06,-0.01502037,-2.351794e-05,0.03799982,2.109
2024_02_12_21_05_22_265,0.7,0.0,165274.0,165274.0,65.1962,1.612587e-05,0.1359285,-1.142041e-06,0.008858593,-5.491476e-05,2.11,3.781173e-06,-9.433568e-05,-2.310772e-06,-0.00834465,0.0001553706,0.02297759,2.109
2024_02_12_21_05_22_302,0.7,0.0,165472.0,165472.0,65.27411,1.617316e-05,0.1359283,-5.308454e-07,0.008858056,-5.975625e-05,2.11,2.294121e-05,-0.0001311844,-1.321891e-05,-0.004768372,5.493427e-05,0.01500361,2.109
2024_02_12_21_05_22_340,0.7,0.0,165675.0,165675.0,65.35413,1.623395e-05,0.1359285,1.321834e-07,0.008858206,-6.178521e-05,2.11,1.892771e-06,-9.292967e-05,5.556385e-06,0.04315376,-8.526421e-05,-0.07259846,2.109
2024_02_12_21_05_22_374,0.7,0.0,165851.0,165851.0,65.42361,1.630188e-05,0.1359283,-6.84447e-07,0.008858385,-6.422012e-05,2.11,5.64276e-06,-0.000148971,6.625536e-07,0.005245208,-9.54842e-05,5.401671e-05,2.109
2024_02_12_21_05_22_411,0.7,0.0,166054.0,166054.0,65.50363,1.64177e-05,0.1359282,-1.431028e-06,0.008857965,-6.260922e-05,2.11,5.662171e-06,1.912558e-06,-2.850518e-06,-0.004291534,4.915978e-05,-0.003673136,2.109
2024_02_12_21_05_22_448,0.7,0.0,166252.0,166252.0,65.58154,1.652029e-05,0.1359284,-1.474215e-06,0.008858444,-6.026154e-05,2.11,1.338935e-06,-6.481252e-05,2.262836e-06,0.002384186,7.53821e-05,-2.235174e-05,2.109
2024_02_12_21_05_22_482,0.7,0.0,166434.0,166434.0,65.65314,1.658678e-05,0.1359281,-7.773748e-07,0.008857907,-6.110888e-05,2.11,-1.033468e-06,-5.052826e-06,-5.514177e-07,0.01001358,6.013442e-05,0.007877126,2.109
2024_02_12_21_05_22_520,0.7,0.0,166632.0,166632.0,65.73105,1.665927e-05,0.1359284,-3.80988e-07,0.008858206,-6.112297e-05,2.11,1.661775e-06,-8.898922e-05,1.497044e-06,-0.009059906,-6.122923e-05,0.06098859,2.109
2024_02_12_21_05_22_552,0.7,0.0,166808.0,166808.0,65.80054,1.672319e-05,0.1359282,-1.716924e-07,0.008858028,-6.022575e-05,2.11,-2.036914e-05,4.879194e-06,-2.964535e-05,-0.001430511,0.0002119358,-0.03439188,2.109
2024_02_12_21_05_22_590,0.7,0.0,167011.0,167012.0,65.88055,1.679696e-05,0.1359283,-2.048055e-08,0.008857789,-6.124228e-05,2.11,3.499882e-06,3.690875e-05,3.538981e-06,0.004291534,-0.0001482967,-0.04595518,2.109
2024_02_12_21_05_22_623,0.7,0.0,167188.0,167188.0,65.95004,1.68767e-05,0.1359283,-1.233316e-06,0.008858174,-5.943002e-05,2.11,2.714163e-06,-0.0001111121,5.461746e-06,0.02980232,-5.458423e-05,-0.06123446,2.109
2024_02_12_21_05_22_661,0.7,0.0,167391.0,167391.0,66.03006,1.692325e-05,0.1359282,-1.432953e-06,0.008858145,-6.920771e-05,2.11,-1.677101e-05,-8.942287e-05,1.889714e-05,0.001907349,-2.632782e-05,0.01147948,2.109
2024_02_12_21_05_22_698,0.7,0.0,167589.0,167589.0,66.10797,1.702781e-05,0.1359283,-1.352319e-06,0.008857995,-6.827519e-05,2.11,1.333986e-06,4.301187e-05,-4.868605e-06,-0.02169609,4.824528e-05,0.03816932,2.109
2024_02_12_21_05_22_732,0.7,0.0,167765.0,167765.0,66.17746,1.711168e-05,0.1359283,-7.414399e-07,0.008858443,-6.508665e-05,2.11,3.695702e-06,-0.0001109732,2.987729e-06,-0.0128746,0.000180612,-0.01529604,2.109
2024_02_12_21_05_22_764,0.7,0.0,167947.0,167947.0,66.24905,1.718872e-05,0.1359283,-2.149117e-06,0.008857996,-6.981037e-05,2.11,3.501151e-06,-8.296275e-05,2.38595e-07,-0.02479553,2.584238e-05,0.04552491,2.109
2024_02_12_21_05_22_803,0.7,0.0,168145.0,168145.0,66.32697,1.727599e-05,0.1359284,-1.483328e-06,0.008858293,-7.290904e-05,2.11,3.270597e-06,-6.73216e-05,5.192251e-06,-0.01549721,1.304147e-05,0.007638707,2.109
2024_02_12_21_05_22_840,0.7,0.0,168348.0,168348.0,66.40698,1.739713e-05,0.1359282,-3.041411e-08,0.008858325,-7.383477e-05,2.11,4.664445e-06,-0.0001195332,-8.547509e-06,-0.002622604,0.0001280193,0.01911819,2.109
2024_02_12_21_05_22_878,0.7,0.0,168546.0,168546.0,66.48489,1.751055e-05,0.1359284,2.468838e-07,0.008858206,-6.661975e-05,2.11,-1.94236e-05,-8.063678e-05,-2.548507e-05,0.01263618,2.568959e-05,0.003730878,2.109
2024_02_12_21_05_22_915,0.7,0.0,168749.0,168749.0,66.56491,1.760641e-05,0.1359282,1.318235e-06,0.008857877,-7.213874e-05,2.11,-1.893926e-05,-2.689099e-05,2.082306e-05,0.007390975,-5.889705e-05,-0.02675131,2.109
2024_02_12_21_05_22_952,0.7,0.0,168947.0,168947.0,66.64282,1.771909e-05,0.1359283,-3.022174e-07,0.008857699,-7.035582e-05,2.11,3.00904e-06,-5.955289e-05,8.043822e-06,0.01859665,5.328115e-05,-0.01162104,2.109
2024_02_12_21_05_22_986,0.7,0.0,169129.0,169129.0,66.71442,1.780879e-05,0.1359283,8.931373e-08,0.008857966,-7.391345e-05,2.11,-1.928903e-05,5.654559e-05,-2.333831e-05,-0.01692772,4.546632e-05,0.03445148,2.109
2024_02_12_21_05_23_019,0.7,0.0,169305.0,169305.0,66.78391,1.78751e-05,0.1359282,-2.75096e-07,0.008858265,-8.154658e-05,2.11,-3.839269e-05,-9.249003e-05,-1.290776e-05,-0.01573563,0.0002162301,0.03841892,2.109
2024_02_12_21_05_23_057,0.7,0.0,169503.0,169503.0,66.86182,1.802113e-05,0.1359283,-3.27806e-07,0.008857966,-7.933148e-05,2.11,-1.750336e-05,4.982831e-06,-2.438413e-05,0.01215935,9.595441e-05,-0.003863126,2.109
2024_02_12_21_05_23_094,0.7,0.0,169706.0,169706.0,66.94183,1.813176e-05,0.1359284,-1.055503e-07,0.008858355,-8.218617e-05,2.11,-4.987062e-07,-6.284555e-05,-2.143867e-06,-0.02336502,-2.073057e-05,0.07646345,2.109
2024_02_12_21_05_23_127,0.7,0.0,169883.0,169883.0,67.01132,1.820769e-05,0.1359281,-2.717734e-07,0.008857908,-8.668259e-05,2.11,-2.024213e-05,-7.003936e-06,1.720484e-05,0.01168251,0.0001132282,-0.0112839,2.109
2024_02_12_21_05_23_165,0.7,0.0,170086.0,170086.0,67.09134,1.833592e-05,0.1359283,-1.135313e-06,0.008857937,-8.568505e-05,2.11,1.040817e-07,4.236261e-05,8.939758e-07,0.001192093,1.558283e-05,0.02296269,2.109
2024_02_12_21_05_23_202,0.7,0.0,170284.0,170284.0,67.16925,1.846837e-05,0.1359282,-1.71838e-06,0.008857996,-8.353151e-05,2.11,2.23069e-06,2.616367e-05,2.329969e-06,-0.01358986,3.256582e-05,0.03056787,2.109
2024_02_12_21_05_23_236,0.7,0.0,170465.0,170465.0,67.24084,1.859428e-05,0.1359283,-1.618681e-06,0.008857937,-8.615327e-05,2.11,4.385534e-06,-4.991428e-06,-5.323517e-06,-0.02741813,0.0002194995,0.03424473,2.109
2024_02_12_21_05_23_274,0.7,0.0,170663.0,170663.0,67.31876,1.871632e-05,0.1359284,-2.902758e-07,0.008858235,-8.986851e-05,2.11,-2.045364e-06,-8.654875e-05,3.767715e-06,-0.02431869,-7.753192e-05,0.02267398,2.109
2024_02_12_21_05_23_307,0.7,0.0,170840.0,170840.0,67.38824,1.880345e-05,0.1359282,6.8373e-07,0.008857847,-9.327182e-05,2.11,-6.650999e-07,-3.716392e-05,-5.311416e-07,0.01955032,3.426885e-05,-0.02278946,2.109
2024_02_12_21_05_23_345,0.7,0.0,171043.0,171043.0,67.46826,1.891386e-05,0.1359283,2.647249e-07,0.008857996,-9.704315e-05,2.11,7.701883e-07,8.226724e-05,7.180329e-06,-0.02741813,-0.0001510646,0.03818609,2.109
2024_02_12_21_05_23_381,0.7,0.0,171241.0,171241.0,67.54617,1.906184e-05,0.1359283,-8.65229e-07,0.008858443,-9.341125e-05,2.11,1.829546e-06,-9.254201e-05,4.943188e-06,-0.01835823,-0.0001857925,0.003853813,2.109
2024_02_12_21_05_23_415,0.7,0.0,171422.0,171423.0,67.61777,1.916639e-05,0.1359283,1.299759e-06,0.008857877,-9.377102e-05,2.11,-2.14854e-05,3.021087e-05,1.81984e-05,-0.00500679,-2.973138e-05,-0.04215166,2.109
2024_02_12_21_05_23_452,0.7,0.0,171620.0,171620.0,67.69568,1.92981e-05,0.1359284,-1.907688e-06,0.008858324,-9.078532e-05,2.11,2.364922e-06,-1.005674e-05,5.920228e-07,-0.01978874,-4.627645e-05,0.007474795,2.109
2024_02_12_21_05_23_490,0.7,0.0,171823.0,171824.0,67.7757,1.942095e-05,0.1359283,-1.268453e-06,0.008858385,-9.126859e-05,2.11,2.090621e-05,-0.0001077901,-1.866884e-05,-0.007152557,-3.508944e-05,-0.04217215,2.109
2024_02_12_21_05_23_528,0.7,0.0,172021.0,172021.0,67.85361,1.952067e-05,0.1359283,7.677342e-07,0.008858324,-9.613712e-05,2.11,-2.116577e-05,-3.061186e-05,-1.863716e-05,0.01001358,4.556409e-05,0.01922622,2.109
2024_02_12_21_05_23_561,0.7,0.0,172203.0,172203.0,67.9252,1.96199e-05,0.1359283,-1.045173e-06,0.008858473,-9.860061e-05,2.11,1.780701e-06,-9.188004e-05,-2.115854e-06,0.03027916,0.0002079091,-0.007431954,2.109
2024_02_12_21_05_23_598,0.7,0.0,172401.0,172401.0,68.00311,1.972073e-05,0.1359283,-1.414069e-06,0.008858087,-0.0001053241,2.11,2.01298e-05,-5.725362e-06,-2.155839e-05,-0.005960464,-6.322352e-06,0.0,2.109
2024_02_12_21_05_23_636,0.7,0.0,172604.0,172604.0,68.08313,1.987088e-05,0.1359284,-9.768653e-07,0.008858265,-0.0001013934,2.11,2.6467e-06,-9.218414e-05,6.056974e-06,0.002145767,6.766459e-05,-5.7742e-05,2.109
2024_02_12_21_05_23_673,0.7,0.0,172802.0,172802.0,68.16104,2.001733e-05,0.1359282,-6.606127e-07,0.008858266,-0.0001005833,2.11,1.322473e-06,-0.0001216599,1.935735e-07,0.0,-2.779825e-05,0.0002328306,2.109
2024_02_12_21_05_23_707,0.7,0.0,172978.0,172978.0,68.23053,2.013957e-05,0.1359284,-2.536417e-06,0.008857817,-0.0001019123,2.11,6.100618e-06,-5.644693e-06,3.638771e-06,0.0193119,6.536993e-07,-0.03072992,2.109
2024_02_12_21_05_23_743,0.7,0.0,173181.0,173182.0,68.31055,2.028323e-05,0.1359283,-4.121981e-07,0.008858504,-0.0001038389,2.11,-1.884655e-05,-0.0001208497,-2.916046e-05,0.010252,1.692388e-05,0.007716938,2.109
2024_02_12_21_05_23_777,0.7,0.0,173358.0,173358.0,68.38004,2.040725e-05,0.1359282,-7.85809e-07,0.008858295,-0.0001034362,2.11,3.404242e-06,-0.0001174257,-1.248868e-06,-0.007152557,8.902884e-05,0.03462844,2.109
2024_02_12_21_05_23_815,0.7,0.0,173561.0,173561.0,68.46005,2.053132e-05,0.1359285,-2.023585e-06,0.008858414,-0.0001097033,2.11,2.271733e-05,-7.546151e-05,-1.681093e-05,0.01311302,1.271178e-05,-0.01147576,2.109
2024_02_12_21_05_23_852,0.7,0.0,173759.0,173759.0,68.53796,2.068403e-05,0.1359282,-1.465134e-06,0.00885785,-0.0001043847,2.11,-2.147828e-05,1.377082e-05,-3.191419e-05,0.001192093,6.739651e-05,-0.01907162,2.109
2024_02_12_21_05_23_891,0.7,0.0,173962.0,173962.0,68.61798,2.083983e-05,0.1359283,-8.483262e-07,0.008857789,-0.0001033914,2.11,-2.03096e-05,5.201411e-05,-2.600202e-05,0.007867813,6.201275e-05,-0.003641471,2.109
2024_02_12_21_05_23_923,0.7,0.0,174139.0,174139.0,68.68747,2.094739e-05,0.1359283,3.200279e-07,0.008857848,-0.0001076193,2.11,1.967595e-06,9.080287e-06,7.953835e-07,0.01645088,-6.482127e-05,-2.421439e-05,2.109
2024_02_12_21_05_23_961,0.7,0.0,174336.0,174336.0,68.76538,2.11182e-05,0.1359281,-2.450399e-06,0.008857789,-0.0001032459,2.11,5.328046e-06,-2.090331e-05,1.187317e-05,0.02002716,-0.0001283552,-0.003477558,2.109
2024_02_12_21_05_23_999,0.7,0.0,174540.0,174540.0,68.8454,2.129901e-05,0.1359283,-2.435529e-07,0.008857908,-0.0001040307,2.11,1.401786e-06,-1.245244e-05,3.369726e-06,0.006437301,-9.134191e-05,-0.003928319,2.109
2024_02_12_21_05_24_037,0.7,0.0,174737.0,174737.0,68.92331,2.140515e-05,0.1359283,1.242493e-07,0.008858296,-0.0001089901,2.11,-2.458513e-08,-6.175705e-05,4.584906e-06,0.00333786,1.225931e-05,0.0004172325,2.109
2024_02_12_21_05_24_069,0.7,0.0,174919.0,174919.0,68.9949,2.152748e-05,0.1359284,-1.929733e-07,0.008857967,-0.0001092232,2.11,-4.130774e-07,-1.271945e-05,3.892036e-06,-0.01382828,-0.0001239273,-0.00789389,2.109
2024_02_12_21_05_24_106,0.7,0.0,175117.0,175117.0,69.07281,2.167408e-05,0.1359285,-3.784721e-07,0.008858504,-0.0001070955,2.11,3.562128e-07,-8.080599e-05,2.853644e-06,0.01788139,-6.269851e-05,-0.04588067,2.109
2024_02_12_21_05_24_139,0.7,0.0,175299.0,175299.0,69.14441,2.180771e-05,0.1359283,-1.567785e-06,0.008858385,-0.0001083064,2.11,-1.392208e-05,-0.0001368516,-2.686192e-05,0.00667572,0.0001580138,-0.003717839,2.109
2024_02_12_21_05_24_173,0.7,0.0,175475.0,175475.0,69.2139,2.19345e-05,0.1359284,-2.312769e-07,0.008858325,-0.0001146196,2.11,3.568026e-06,-3.88829e-05,-3.844395e-06,-0.04172325,-4.02315e-06,0.0225883,2.109
2024_02_12_21_05_24_211,0.7,0.0,175673.0,175673.0,69.29181,2.20749e-05,0.1359283,1.10371e-07,0.008858385,-0.0001168284,2.11,6.363485e-07,-0.0001340155,-1.10058e-06,-0.002622604,2.538559e-05,0.02298504,2.109
2024_02_12_21_05_24_244,0.7,0.0,175855.0,175855.0,69.3634,2.219159e-05,0.1359283,-1.462283e-06,0.008857938,-0.000119365,2.11,2.08597e-05,-1.838062e-06,2.722872e-05,-0.006437301,-0.0001262144,0.003807246,2.109
2024_02_12_21_05_24_281,0.7,0.0,176053.0,176053.0,69.44131,2.232123e-05,0.1359283,-7.35961e-07,0.008857967,-0.0001214112,2.11,5.569124e-07,2.191783e-05,-3.344738e-06,0.03075599,5.609081e-05,-0.02269819,2.109
2024_02_12_21_05_24_319,0.7,0.0,176256.0,176256.0,69.52133,2.248419e-05,0.1359282,-1.151191e-06,0.008857819,-0.0001212747,2.11,-1.552117e-05,1.451379e-05,2.069703e-05,-0.008821487,7.838025e-05,0.0228621,2.109
2024_02_12_21_05_24_352,0.7,0.0,176432.0,176432.0,69.59082,2.263286e-05,0.1359283,-7.265674e-07,0.008857997,-0.0001225843,2.11,2.532709e-06,-6.646959e-06,4.363083e-06,-0.006437301,-2.497154e-05,0.06112828,2.109
2024_02_12_21_05_24_390,0.7,0.0,176635.0,176636.0,69.67084,2.27919e-05,0.1359283,-8.191747e-07,0.008858355,-0.0001238162,2.11,2.974764e-06,1.351912e-05,2.759237e-06,-0.01764297,4.678531e-05,-0.007349997,2.109
2024_02_12_21_05_24_427,0.7,0.0,176833.0,176833.0,69.74875,2.296866e-05,0.1359283,-8.94062e-07,0.008857878,-0.0001272241,2.11,8.992984e-06,-6.38848e-05,-1.588462e-07,0.04029274,-0.0001437083,-0.0305064,2.109
2024_02_12_21_05_24_460,0.7,0.0,177010.0,177010.0,69.81824,2.310997e-05,0.1359284,-8.607718e-07,0.008858028,-0.000131989,2.11,5.813579e-07,-9.670909e-06,1.317087e-07,0.01788139,-6.488335e-06,-0.04587881,2.109
2024_02_12_21_05_24_498,0.7,0.0,177213.0,177213.0,69.89825,2.330756e-05,0.1359282,-8.448384e-07,0.008857997,-0.0001274507,2.11,4.774509e-06,1.995587e-05,-2.167966e-06,-0.008106232,0.0001307758,0.0001862645,2.109
2024_02_12_21_05_24_536,0.7,0.0,177411.0,177411.0,69.97617,2.347288e-05,0.1359283,-4.645242e-07,0.008857878,-0.0001297327,2.11,-2.206535e-05,3.171627e-06,1.12595e-05,0.02908706,4.48208e-05,-0.06119534,2.109
2024_02_12_21_05_24_573,0.7,0.0,177614.0,177614.0,70.05618,2.36572e-05,0.1359283,-2.385955e-06,0.008858505,-0.0001280304,2.11,2.940645e-06,-7.072169e-05,-4.67239e-06,0.007629394,7.523431e-05,-0.00359863,2.109
2024_02_12_21_05_24_607,0.7,0.0,177790.0,177790.0,70.12567,2.379624e-05,0.1359282,-4.419106e-07,0.008858326,-0.0001294208,2.11,1.051662e-06,-0.0001368117,-1.679287e-07,0.01478195,-3.888089e-05,0.01556426,2.109
2024_02_12_21_05_24_644,0.7,0.0,177993.0,177994.0,70.20569,2.394769e-05,0.1359285,4.627079e-07,0.008858414,-0.0001337074,2.11,-2.113658e-05,-9.087787e-05,-2.457416e-05,-0.00834465,1.30558e-05,0.08790381,2.109
2024_02_12_21_05_24_677,0.7,0.0,178170.0,178170.0,70.27518,2.411309e-05,0.1359282,-2.74079e-06,0.008857909,-0.0001339367,2.11,2.686831e-05,-1.771531e-05,-1.85654e-05,-0.001907349,-4.48972e-05,0.003805384,2.109
2024_02_12_21_05_24_716,0.7,0.0,178373.0,178373.0,70.35519,2.430802e-05,0.1359283,-1.552847e-06,0.008857848,-0.0001384496,2.11,2.68052e-05,-2.807571e-06,2.428729e-05,0.0002384186,-5.265519e-05,-0.007856637,2.109
2024_02_12_21_05_24_752,0.7,0.0,178571.0,178571.0,70.43311,2.451463e-05,0.1359284,-9.810414e-07,0.008858385,-0.0001373482,2.11,3.718339e-06,-6.601959e-05,-1.343248e-06,0.009536743,-0.0001914195,-0.06893091,2.109
2024_02_12_21_05_24_786,0.7,0.0,178747.0,178747.0,70.50259,2.471642e-05,0.1359283,-1.12283e-06,0.008858356,-0.0001303001,2.11,4.661928e-06,-0.0001308907,1.009346e-05,0.005722045,0.0001182057,-0.003641471,2.109
2024_02_12_21_05_24_823,0.7,0.0,178951.0,178951.0,70.58261,2.48955e-05,0.1359283,-1.712953e-06,0.008858087,-0.0001378859,2.11,2.73004e-07,7.013915e-05,4.417419e-05,-0.03576279,-0.0002044026,0.04202127,2.109
2024_02_12_21_05_24_861,0.7,0.0,179148.0,179148.0,70.66052,2.512268e-05,0.1359283,-6.26574e-08,0.008858415,-0.0001335863,2.11,-1.784235e-05,-0.0001185066,-3.030009e-05,0.01859665,9.278665e-06,0.02704933,2.109
2024_02_12_21_05_24_898,0.7,0.0,179352.0,179352.0,70.74054,2.532194e-05,0.1359284,-2.603781e-07,0.008858026,-0.0001346069,2.11,-5.48823e-07,4.014697e-05,3.750552e-06,-0.01907349,-1.143644e-05,-2.048909e-05,2.109
2024_02_12_21_05_24_936,0.7,0.0,179549.0,179549.0,70.81845,2.550574e-05,0.1359285,-2.448398e-07,0.008858444,-0.0001359867,2.11,1.594316e-06,-4.540994e-05,-8.256659e-07,-0.03075599,-4.07872e-05,0.007376074,2.109
2024_02_12_21_05_24_973,0.7,0.0,179753.0,179753.0,70.89847,2.569586e-05,0.1359282,-3.302704e-07,0.008858117,-0.0001365966,2.11,-3.417338e-07,-1.030653e-05,5.783033e-07,0.00500679,0.0001114754,0.01933053,2.109
2024_02_12_21_05_25_006,0.7,0.0,179929.0,179929.0,70.96796,2.586577e-05,0.1359283,-1.085283e-06,0.008857878,-0.0001358545,2.11,3.630389e-07,3.538619e-05,-4.176465e-06,-0.02145767,0.0001311505,0.03812462,2.109
2024_02_12_21_05_25_043,0.7,0.0,180132.0,180132.0,71.04797,2.604205e-05,0.1359283,-3.828062e-08,0.008858385,-0.0001382954,2.11,-1.409994e-06,-0.0001222237,-3.85265e-06,0.0009536743,5.556239e-05,7.078052e-05,2.109
2024_02_12_21_05_25_081,0.7,0.0,180330.0,180330.0,71.12589,2.623824e-05,0.1359283,7.897698e-07,0.008858026,-0.0001351217,2.11,5.48726e-07,-3.300985e-05,3.729828e-06,0.03695488,-6.526807e-05,-0.06877445,2.109
2024_02_12_21_05_25_115,0.7,0.0,180506.0,180507.0,71.19537,2.639646e-05,0.1359285,-3.317563e-07,0.008858296,-0.0001373528,2.11,-6.881972e-07,-7.669894e-05,4.250302e-07,-0.020504,2.615297e-05,0.007357448,2.109
2024_02_12_21_05_25_153,0.7,0.0,180710.0,180710.0,71.27539,2.658632e-05,0.1359282,-5.112512e-07,0.008857967,-0.0001366107,2.11,7.058989e-07,-1.785456e-05,-3.334441e-06,0.003814697,0.0001031258,-0.01908466,2.109
2024_02_12_21_05_25_190,0.7,0.0,180907.0,180908.0,71.3533,2.678455e-05,0.1359283,-1.835675e-06,0.008858028,-0.0001398049,2.11,3.521303e-06,5.214976e-05,-3.220101e-06,-0.02503395,4.080084e-05,0.01136772,2.109
2024_02_12_21_05_25_227,0.7,0.0,181111.0,181111.0,71.43332,2.699051e-05,0.1359283,-2.904656e-07,0.008858414,-0.0001413939,2.11,4.270895e-07,-0.0001179551,3.333766e-06,-0.004053116,-2.460956e-05,-0.01533143,2.109
2024_02_12_21_05_25_265,0.7,0.0,181308.0,181309.0,71.51123,2.718602e-05,0.1359283,-1.66657e-07,0.008857967,-0.0001426732,2.11,2.360792e-06,3.385741e-05,-3.005439e-06,-0.02789497,5.560559e-05,0.05710683,2.109
2024_02_12_21_05_25_302,0.7,0.0,181512.0,181512.0,71.59125,2.740759e-05,0.1359284,-2.371184e-06,0.008858295,-0.0001414523,2.11,7.792389e-07,-8.028447e-05,1.24256e-06,-0.009059906,-2.512661e-05,0.04572235,2.109
2024_02_12_21_05_25_336,0.7,0.0,181688.0,181688.0,71.66074,2.758122e-05,0.1359283,4.350659e-07,0.008858385,-0.0001440429,2.11,-1.1034e-06,-0.0001148157,2.137937e-06,0.007390975,-7.518793e-05,0.03845245,2.109
2024_02_12_21_05_25_369,0.7,0.0,181870.0,181870.0,71.73233,2.774839e-05,0.1359284,1.507303e-07,0.008858355,-0.0001443302,2.11,-9.385741e-07,-1.206654e-05,2.493995e-06,-0.01907349,2.496608e-05,0.01535192,2.109
2024_02_12_21_05_25_402,0.7,0.0,182046.0,182046.0,71.80182,2.791512e-05,0.1359285,-1.831328e-07,0.008858446,-0.0001452088,2.11,1.29367e-06,-2.593732e-05,1.156753e-06,-0.02884865,-2.544175e-05,0.06868131,2.109
2024_02_12_21_05_25_440,0.7,0.0,182244.0,182244.0,71.87973,2.810909e-05,0.1359283,3.740585e-07,0.008858265,-0.0001474183,2.11,-3.91512e-05,-0.0001123271,-8.118247e-06,0.001430511,0.0001369572,0.01540221,2.109
2024_02_12_21_05_25_474,0.7,0.0,182426.0,182426.0,71.95132,2.82952e-05,0.1359285,-2.87612e-06,0.008858266,-0.0001514965,2.11,1.951026e-06,-7.956802e-05,-2.858335e-06,-0.01144409,6.193704e-05,-0.01551025,2.109
2024_02_12_21_05_25_511,0.7,0.0,182624.0,182624.0,72.02924,2.851613e-05,0.1359282,1.688848e-07,0.008858296,-0.0001496446,2.11,4.34301e-08,-0.000143187,4.820615e-06,0.01072884,-8.553979e-05,-0.007491558,2.109
2024_02_12_21_05_25_544,0.7,0.0,182806.0,182806.0,72.10083,2.868472e-05,0.1359284,-2.29492e-07,0.008858028,-0.000152106,2.11,2.650943e-07,-6.192109e-05,4.497829e-06,0.010252,-4.749563e-05,-0.01541898,2.109
2024_02_12_21_05_25_580,0.7,0.0,183003.0,183003.0,72.17874,2.88921e-05,0.1359284,-1.206546e-07,0.008858295,-0.0001532711,2.11,3.44872e-06,-8.720708e-05,-2.067946e-07,0.009298325,0.0001344633,-0.02308935,2.109
2024_02_12_21_05_25_615,0.7,0.0,183180.0,183180.0,72.24823,2.908693e-05,0.1359282,-3.117169e-06,0.008857909,-0.0001569821,2.11,6.424825e-06,-1.215556e-05,-4.002046e-06,-0.003099441,3.048899e-05,0.01540035,2.109
2024_02_12_21_05_25_652,0.7,0.0,183383.0,183383.0,72.32825,2.933206e-05,0.1359283,-2.079738e-06,0.008857848,-0.0001604635,2.11,2.381886e-05,5.856597e-06,2.550076e-05,0.02264976,-5.251831e-05,-0.03436953,2.109
2024_02_12_21_05_25_690,0.7,0.0,183581.0,183581.0,72.40616,2.960401e-05,0.1359283,4.48567e-07,0.008858385,-0.0001531835,2.11,-2.050351e-05,-9.313502e-05,-2.52059e-05,-0.00834465,-1.309672e-07,0.003932044,2.109
2024_02_12_21_05_25_723,0.7,0.0,183763.0,183763.0,72.47775,2.979814e-05,0.1359283,-1.663377e-07,0.008857938,-0.000154085,2.11,-1.469481e-06,1.200975e-05,-4.815066e-06,0.0004768371,0.0001286203,-0.01528673,2.109
2024_02_12_21_05_25_756,0.7,0.0,183939.0,183939.0,72.54724,2.999261e-05,0.1359284,-5.189336e-07,0.008858295,-0.0001518938,2.11,-9.521104e-07,-2.977082e-05,2.33352e-07,0.02026558,-3.015066e-05,-0.01517124,2.109
2024_02_12_21_05_25_790,0.7,0.0,184115.0,184116.0,72.61673,3.017188e-05,0.1359284,-5.024555e-07,0.008858414,-0.0001549011,2.11,-1.84564e-07,-8.651942e-05,-8.47733e-07,0.009298325,-3.675723e-06,-0.03810227,2.109
2024_02_12_21_05_25_828,0.7,0.0,184319.0,184319.0,72.69675,3.039928e-05,0.1359284,-7.429615e-07,0.008858295,-0.0001546596,2.11,-2.106889e-05,-2.999481e-06,1.689757e-05,0.0128746,1.646822e-05,-0.03412738,2.109
2024_02_12_21_05_25_865,0.7,0.0,184516.0,184517.0,72.77466,3.063334e-05,0.1359285,5.559476e-07,0.008858356,-0.0001538826,2.11,-1.862879e-05,-6.030745e-05,1.514253e-05,-0.008583069,0.0001110998,0.01906045,2.109
2024_02_12_21_05_25_902,0.7,0.0,184720.0,184720.0,72.85468,3.084393e-05,0.1359283,-1.025515e-07,0.008858264,-0.000154314,2.11,-2.296804e-06,-0.0001489247,-1.204116e-06,-0.009059906,5.183665e-05,0.06871484,2.109
2024_02_12_21_05_25_936,0.7,0.0,184896.0,184896.0,72.92416,3.10204e-05,0.1359284,-1.350667e-07,0.008858236,-0.0001554906,2.11,2.107818e-05,-6.603872e-05,3.117704e-05,-0.02646446,-0.0001175881,0.003639608,2.109
2024_02_12_21_05_25_973,0.7,0.0,185099.0,185099.0,73.00418,3.123243e-05,0.1359282,1.717489e-07,0.008857967,-0.0001560629,2.11,1.614385e-06,2.112159e-06,-8.968382e-07,-0.0007152557,6.435766e-05,0.007789582,2.109
2024_02_12_21_05_26_006,0.7,0.0,185276.0,185276.0,73.07367,3.140335e-05,0.1359283,-1.770044e-07,0.008857938,-0.0001590819,2.11,-2.03668e-06,-1.907176e-05,-4.731623e-06,-0.001907349,7.765083e-05,-0.03820844,2.109
2024_02_12_21_05_26_045,0.7,0.0,185479.0,185479.0,73.15369,3.161804e-05,0.1359284,-2.120433e-06,0.008858355,-0.0001600418,2.11,2.242205e-05,-3.269924e-05,2.457031e-05,0.008821487,-3.88527e-05,-0.06883219,2.109
2024_02_12_21_05_26_081,0.7,0.0,185677.0,185677.0,73.2316,3.181509e-05,0.1359282,-3.168171e-07,0.008858325,-0.0001625927,2.11,-2.116588e-05,-0.0001235447,1.511282e-05,-0.008821487,6.501022e-05,-0.003742054,2.109
2024_02_12_21_05_26_119,0.7,0.0,185880.0,185880.0,73.31161,3.204201e-05,0.1359284,5.55565e-07,0.008857967,-0.0001628706,2.11,3.169475e-06,2.468409e-05,-1.868061e-07,-0.01430511,-7.758626e-05,-0.01164898,2.109
2024_02_12_21_05_26_152,0.7,0.0,186056.0,186056.0,73.3811,3.224255e-05,0.1359282,-7.601258e-07,0.008857997,-0.0001647524,2.11,4.271034e-06,-1.045281e-05,2.878961e-06,0.0009536743,-9.802715e-05,6.332994e-05,2.109
2024_02_12_21_05_26_186,0.7,0.0,186233.0,186233.0,73.45059,3.246801e-05,0.1359283,-2.33281e-06,0.008857818,-0.0001625399,2.11,2.553967e-05,-3.371507e-05,-9.817637e-06,0.003576278,7.363542e-05,0.01527555,2.109
2024_02_12_21_05_26_223,0.7,0.0,186436.0,186436.0,73.53061,3.271456e-05,0.1359284,2.044712e-07,0.008858176,-0.0001608603,2.11,-4.044469e-07,-2.223952e-05,4.356943e-06,-0.05578994,0.0001121889,0.0340566,2.109
2024_02_12_21_05_26_261,0.7,0.0,186634.0,186634.0,73.60852,3.291715e-05,0.1359282,-1.01998e-06,0.008857968,-0.0001652539,2.11,2.704222e-06,-7.493156e-06,9.353195e-07,0.02098083,-5.98161e-05,-0.007428228,2.109
2024_02_12_21_05_26_298,0.7,0.0,186837.0,186837.0,73.68854,3.316888e-05,0.1359282,-1.854623e-07,0.008857967,-0.0001637677,2.11,1.136398e-06,3.909968e-05,5.820029e-06,0.01525879,-4.014282e-05,-0.02300553,2.109
2024_02_12_21_05_26_335,0.7,0.0,187035.0,187035.0,73.76645,3.340292e-05,0.1359282,-1.088079e-06,0.008857909,-0.0001645822,2.11,1.67313e-06,1.429032e-05,-4.683102e-06,0.0128746,4.120966e-05,-0.06114877,2.109
2024_02_12_21_05_26_369,0.7,0.0,187217.0,187217.0,73.83804,3.358915e-05,0.1359283,-6.656102e-07,0.008857907,-0.0001690634,2.11,-1.022638e-06,-3.759859e-05,6.454293e-07,0.02479553,-5.476567e-05,-0.03797933,2.109
2024_02_12_21_05_26_406,0.7,0.0,187414.0,187414.0,73.91595,3.382222e-05,0.1359282,-1.810009e-06,0.008858026,-0.0001683189,2.11,-1.768393e-05,3.983505e-05,2.019353e-05,-0.004053116,-1.371336e-05,0.01149252,2.109
2024_02_12_21_05_26_444,0.7,0.0,187612.0,187612.0,73.99387,3.40609e-05,0.1359282,3.731442e-07,0.008857968,-0.0001689963,2.11,2.692162e-06,4.115169e-06,1.598044e-05,-0.0004768371,-0.0002172919,-0.04970654,2.109
2024_02_12_21_05_26_483,0.7,0.0,187815.0,187815.0,74.07388,3.426635e-05,0.1359283,-6.273702e-07,0.008857908,-0.000172054,2.11,-2.284665e-05,1.01255e-05,1.173017e-05,-0.00333786,8.210463e-06,0.03049336,2.109
2024_02_12_21_05_26_519,0.7,0.0,188013.0,188013.0,74.15179,3.447563e-05,0.1359283,-7.986584e-07,0.008858474,-0.0001710901,2.11,-2.996678e-06,-0.0001113265,5.109903e-06,-0.01335144,-0.0001300132,0.003786757,2.109
2024_02_12_21_05_26_556,0.7,0.0,188216.0,188216.0,74.23181,3.468112e-05,0.1359283,-1.079236e-06,0.008857997,-0.0001729848,2.11,-2.987526e-07,-2.151205e-05,-1.963131e-06,0.02241134,5.853553e-05,-0.05356408,2.109
2024_02_12_21_05_26_595,0.7,0.0,188414.0,188414.0,74.30972,3.490821e-05,0.1359284,-7.59204e-07,0.008858206,-0.000177906,2.11,7.649603e-06,-0.0001068681,3.466372e-06,0.01502037,8.763799e-05,0.01499616,2.109
2024_02_12_21_05_26_633,0.7,0.0,188617.0,188617.0,74.38974,3.516085e-05,0.1359282,-2.010042e-06,0.008857939,-0.0001829409,2.11,4.081988e-06,2.085871e-06,1.726974e-06,-0.001907349,6.506616e-05,-0.05352497,2.109
2024_02_12_21_05_26_666,0.7,0.0,188794.0,188794.0,74.45923,3.540435e-05,0.1359283,-1.919256e-06,0.008857938,-0.0001814563,2.11,5.199859e-06,5.406149e-05,-1.411078e-06,-0.00166893,0.0001447875,-0.0114236,2.109
2024_02_12_21_05_26_699,0.7,0.0,188976.0,188976.0,74.53082,3.564676e-05,0.1359283,-1.817074e-06,0.008858087,-0.0001795607,2.11,2.047747e-06,2.973047e-05,-1.511397e-06,-0.01382828,0.0001121953,0.06887875,2.109
2024_02_12_21_05_26_737,0.7,0.0,189173.0,189174.0,74.60873,3.586702e-05,0.1359283,-1.024124e-06,0.008857967,-0.0001816733,2.11,2.798016e-07,-1.220101e-05,7.272152e-06,-0.03314018,-9.800305e-05,0.04206411,2.109
2024_02_12_21_05_26_774,0.7,0.0,189377.0,189377.0,74.68875,3.610347e-05,0.1359283,1.556972e-07,0.008857937,-0.0001858078,2.11,-2.027033e-05,4.787237e-05,2.309389e-05,-0.02288818,-5.401898e-05,0.03428385,2.109
2024_02_12_21_05_26_808,0.7,0.0,189553.0,189553.0,74.75824,3.632224e-05,0.1359283,-1.083465e-06,0.008858324,-0.000186075,2.11,5.279232e-06,-0.0001021341,2.780599e-06,0.02408027,0.0002251736,-0.03799424,2.109
2024_02_12_21_05_26_846,0.7,0.0,189751.0,189751.0,74.83615,3.659141e-05,0.1359284,8.757177e-07,0.008858414,-0.0001889846,2.11,2.916907e-06,-3.623381e-05,1.930373e-06,-0.002145767,1.776698e-05,-0.01529232,2.109
2024_02_12_21_05_26_883,0.7,0.0,189954.0,189954.0,74.91617,3.684377e-05,0.1359283,1.58511e-06,0.008858146,-0.0001899178,2.11,-4.117847e-05,-2.165865e-05,-2.02434e-05,-0.02002716,0.0001134417,0.03420562,2.109
2024_02_12_21_05_26_917,0.7,0.0,190130.0,190131.0,74.98566,3.708959e-05,0.1359282,2.507684e-07,0.008857909,-0.0001883921,2.11,2.529858e-05,-3.062453e-06,-1.524054e-05,0.009536743,-0.0002299071,0.003868714,2.109
2024_02_12_21_05_26_957,0.7,0.0,190355.0,190355.0,75.0741,3.738752e-05,0.1359283,-2.618366e-07,0.008857967,-0.0001876948,2.11,3.14718e-06,4.221114e-05,8.788871e-06,0.0231266,0.0001805338,-0.04190206,2.109
2024_02_12_21_05_26_993,0.7,0.0,190553.0,190553.0,75.15201,3.763753e-05,0.1359283,2.352189e-06,0.008858444,-0.0001894858,2.11,-1.867042e-06,-0.000119734,1.05717e-06,-0.005483627,-3.128116e-05,-0.02287142,2.109
2024_02_12_21_05_27_031,0.7,0.0,190756.0,190756.0,75.23203,3.789948e-05,0.1359285,1.02281e-06,0.008858385,-0.0001903655,2.11,-1.850223e-05,-7.044536e-05,-3.577849e-05,-0.008821487,7.701782e-05,-0.003905967,2.109
2024_02_12_21_05_27_069,0.7,0.0,190954.0,190954.0,75.30994,3.817603e-05,0.1359283,-4.973168e-07,0.008858504,-0.0001907758,2.11,2.653591e-06,-6.235637e-05,3.528777e-06,-0.004529953,-2.808747e-05,0.00771135,2.109
2024_02_12_21_05_27_102,0.7,0.0,191136.0,191136.0,75.38153,3.840628e-05,0.1359283,4.737715e-07,0.008858385,-0.0001936597,2.11,2.157516e-06,-0.0001123155,-2.120402e-06,0.0009536743,6.859409e-05,0.03460795,2.109
2024_02_12_21_05_27_139,0.7,0.0,191333.0,191334.0,75.45944,3.867377e-05,0.1359284,9.687551e-07,0.008858326,-0.0001967825,2.11,1.921672e-06,-4.748569e-06,1.996751e-06,-0.03862381,-8.843699e-05,0.0457596,2.109
2024_02_12_21_05_27_177,0.7,0.0,191537.0,191537.0,75.53946,3.896014e-05,0.1359282,5.132862e-07,0.008858236,-0.0001965068,2.11,1.670134e-06,-4.625116e-05,2.005642e-06,0.006437301,-3.869217e-05,0.0002831221,2.109
2024_02_12_21_05_27_215,0.7,0.0,191734.0,191735.0,75.61737,3.924047e-05,0.1359283,-4.638155e-07,0.008858324,-0.0001962518,2.11,4.334755e-07,-8.230168e-06,-5.044001e-06,-0.004291534,0.0001690596,-0.01503341,2.109
2024_02_12_21_05_27_252,0.7,0.0,191938.0,191938.0,75.69739,3.953238e-05,0.1359283,1.208147e-06,0.008858564,-0.0001943076,2.11,1.179854e-06,-3.843765e-05,2.002276e-06,-0.01478195,6.559912e-05,-0.04965067,2.109
2024_02_12_21_05_27_286,0.7,0.0,192114.0,192114.0,75.76688,3.973629e-05,0.1359283,2.617383e-06,0.008858028,-0.0001997893,2.11,-1.45373e-06,-9.213929e-05,-7.070411e-06,0.03838539,5.524043e-05,-0.09563937,2.109
2024_02_12_21_05_27_319,0.7,0.0,192291.0,192291.0,75.83636,3.99702e-05,0.1359285,1.921554e-06,0.008858296,-0.0001968758,2.11,2.328023e-07,-0.0001246265,3.902549e-06,-0.01978874,-9.702125e-05,0.03794022,2.109
2024_02_12_21_05_27_356,0.7,0.0,192494.0,192494.0,75.91638,4.023543e-05,0.1359282,-7.280975e-07,0.008857879,-0.0001954092,2.11,4.07397e-05,-2.10105e-05,1.384451e-05,0.01239777,-7.777088e-05,7.450581e-05,2.109
2024_02_12_21_05_27_393,0.7,0.0,192692.0,192692.0,75.99429,4.04921e-05,0.1359283,2.676537e-07,0.008857848,-0.0001974292,2.11,1.265664e-06,-1.963606e-05,-1.925776e-06,-0.01358986,-6.507889e-06,0.007484108,2.109
2024_02_12_21_05_27_431,0.7,0.0,192895.0,192895.0,76.07431,4.076893e-05,0.1359284,1.70816e-06,0.008858296,-0.0001963465,2.11,-7.348599e-07,-6.805341e-05,5.624163e-06,-0.02241134,-6.791379e-05,0.03805012,2.109
2024_02_12_21_05_27_469,0.7,0.0,193093.0,193093.0,76.15222,4.104108e-05,0.1359281,5.809022e-07,0.008857819,-0.0001948507,2.11,1.891039e-06,2.541306e-05,2.614797e-06,-0.01049042,-9.355835e-05,-0.02281368,2.109
2024_02_12_21_05_27_511,0.7,0.0,193317.0,193317.0,76.24066,4.132249e-05,0.1359283,8.743404e-07,0.008857939,-0.0001973065,2.11,6.604739e-07,3.292249e-05,3.797839e-06,0.01835823,-4.526964e-05,-0.03821775,2.109
2024_02_12_21_05_27_544,0.7,0.0,193494.0,193494.0,76.31015,4.155511e-05,0.1359282,1.930825e-06,0.008857938,-0.0001955434,2.11,-2.103476e-05,-4.803909e-05,-3.125493e-05,0.01645088,0.00023349,-0.03059208,2.109
2024_02_12_21_05_27_577,0.7,0.0,193675.0,193675.0,76.38174,4.180415e-05,0.1359283,1.245273e-06,0.008857877,-0.0001933761,2.11,2.553108e-06,-1.079245e-05,4.544271e-06,0.02789497,-0.0001278513,-0.06868131,2.109
2024_02_12_21_05_27_615,0.7,0.0,193873.0,193873.0,76.45966,4.206366e-05,0.1359285,-1.064397e-06,0.008858355,-0.0001980996,2.11,1.390862e-06,-6.446333e-05,-1.781398e-07,0.01883507,-1.485023e-05,-0.01910515,2.109
2024_02_12_21_05_27_652,0.7,0.0,194076.0,194076.0,76.53967,4.236443e-05,0.1359282,5.451877e-07,0.008857908,-0.0001932175,2.11,2.695631e-05,1.031909e-05,-1.020644e-05,-0.002622604,4.30382e-05,-0.01153909,2.109
2024_02_12_21_05_27_686,0.7,0.0,194253.0,194253.0,76.60916,4.258974e-05,0.1359285,7.202869e-07,0.008858385,-0.0002002646,2.11,9.115653e-07,-9.145531e-05,4.093074e-07,-0.02288818,-6.348727e-06,0.1069959,2.109
2024_02_12_21_05_27_723,0.7,0.0,194451.0,194451.0,76.68707,4.28659e-05,0.1359284,1.098508e-07,0.008858446,-0.0001989716,2.11,6.55605e-07,-0.0001564992,9.124184e-07,0.04291534,8.170536e-05,-0.09929947,2.109
2024_02_12_21_05_27_761,0.7,0.0,194654.0,194654.0,76.76709,4.314731e-05,0.1359283,7.844094e-07,0.008857997,-0.0001972318,2.11,1.618114e-06,4.56066e-05,3.636625e-06,-0.02360344,-3.914465e-05,0.01525506,2.109
2024_02_12_21_05_27_798,0.7,0.0,194852.0,194852.0,76.845,4.343252e-05,0.1359284,-1.941331e-06,0.008858265,-0.0001966461,2.11,4.097436e-06,-0.0001146297,-3.381341e-06,0.0462532,0.0001984381,-0.03068521,2.109
2024_02_12_21_05_27_835,0.7,0.0,195055.0,195055.0,76.92502,4.37188e-05,0.1359283,1.740528e-07,0.008858356,-0.0001992556,2.11,2.352568e-06,-0.0001375187,3.133805e-08,-0.002145767,-4.762114e-06,-0.06129779,2.109
2024_02_12_21_05_27_873,0.7,0.0,195253.0,195253.0,77.00293,4.400927e-05,0.1359284,8.63897e-07,0.008858325,-0.0001984321,2.11,2.344093e-05,-0.0001385153,-1.369649e-05,0.01430511,-0.00015359,-0.01161359,2.109
2024_02_12_21_05_27_910,0.7,0.0,195456.0,195456.0,77.08295,4.428373e-05,0.1359282,2.406658e-06,0.008857879,-0.0002004489,2.11,-2.089536e-05,-1.734817e-05,2.546965e-05,-0.001430511,9.748418e-06,0.003714114,2.109
2024_02_12_21_05_27_944,0.7,0.0,195632.0,195632.0,77.15244,4.452061e-05,0.1359284,-1.821746e-07,0.008857938,-0.0002035944,2.11,4.037684e-05,-4.514238e-05,1.354006e-05,-0.002622604,-0.0001389812,-0.01530163,2.109
2024_02_12_21_05_27_980,0.7,0.0,195835.0,195835.0,77.23245,4.478054e-05,0.1359283,1.651186e-07,0.008858115,-0.0002036313,2.11,1.861038e-05,-4.917785e-06,-2.348856e-05,-0.005960464,8.0081e-05,0.003958121,2.109
2024_02_12_21_05_28_013,0.7,0.0,196012.0,196012.0,77.30194,4.502171e-05,0.1359283,7.70644e-07,0.008858355,-0.0002056497,2.11,2.401957e-05,-0.0001420855,2.918499e-05,0.003576278,8.742063e-06,0.003963709,2.109
2024_02_12_21_05_28_053,0.7,0.0,196215.0,196215.0,77.38196,4.533063e-05,0.1359284,1.797367e-06,0.008857938,-0.0002008267,2.11,-1.815998e-05,5.748478e-05,-3.496175e-05,-0.01764297,0.0002396955,0.01494959,2.109
2024_02_12_21_05_28_089,0.7,0.0,196413.0,196413.0,77.45987,4.560677e-05,0.1359283,-1.878894e-07,0.008858356,-0.0002023338,2.11,1.552221e-06,-0.0001435541,4.127752e-06,0.005722045,3.223522e-05,-0.01526065,2.109
2024_02_12_21_05_28_127,0.7,0.0,196616.0,196616.0,77.53989,4.587794e-05,0.1359283,8.326267e-07,0.008857878,-0.0002054084,2.11,-1.922902e-06,5.504925e-06,1.925963e-06,-0.03671646,1.621629e-05,0.06847084,2.109
2024_02_12_21_05_28_164,0.7,0.0,196814.0,196814.0,77.6178,4.615453e-05,0.1359284,2.076206e-06,0.008858176,-0.0002035169,2.11,-4.142897e-05,-8.529121e-05,-8.887544e-06,0.009059906,3.547893e-05,3.539026e-05,2.109
2024_02_12_21_05_28_203,0.7,0.0,197017.0,197017.0,77.69781,4.638886e-05,0.1359282,1.400948e-06,0.00885785,-0.0002129624,2.11,-2.605984e-06,-2.079069e-05,3.971339e-05,0.01049042,5.397805e-05,8.568167e-05,2.109
2024_02_12_21_05_28_239,0.7,0.0,197215.0,197215.0,77.77573,4.667297e-05,0.1359284,2.195784e-07,0.008858325,-0.0002126024,2.11,2.363108e-05,-3.907656e-05,-2.075926e-05,-0.004529953,-2.000434e-06,0.003840774,2.109
2024_02_12_21_05_28_273,0.7,0.0,197391.0,197391.0,77.84521,4.692292e-05,0.1359282,1.559004e-06,0.008857997,-0.0002123814,2.11,5.715456e-07,-2.829655e-06,4.241745e-06,0.01311302,1.349235e-06,0.0307858,2.109
2024_02_12_21_05_28_311,0.7,0.0,197594.0,197595.0,77.92523,4.720623e-05,0.1359283,2.944701e-06,0.008857848,-0.000213851,2.11,-3.940399e-05,-2.911009e-05,-1.180206e-05,-0.002622604,1.814624e-05,-0.02286956,2.109
2024_02_12_21_05_28_344,0.7,0.0,197771.0,197771.0,77.99472,4.745393e-05,0.1359283,3.155336e-07,0.008858056,-0.0002155577,2.11,-2.068918e-05,4.027161e-05,-2.565853e-05,0.0128746,0.0001964836,-0.03428757,2.109
2024_02_12_21_05_28_381,0.7,0.0,197974.0,197974.0,78.07474,4.773831e-05,0.1359281,-3.201925e-07,0.008857879,-0.0002187097,2.11,3.411182e-06,3.592297e-05,2.818347e-06,-0.01215935,0.0001943508,-0.03446825,2.109
2024_02_12_21_05_28_419,0.7,0.0,198172.0,198172.0,78.15265,4.803429e-05,0.1359282,-4.467159e-07,0.008857847,-0.000220828,2.11,4.948241e-06,6.705437e-05,6.226159e-06,0.0009536743,-6.711707e-05,0.0001881271,2.109
2024_02_12_21_05_28_453,0.7,0.0,198354.0,198354.0,78.22424,4.832454e-05,0.1359283,1.54699e-06,0.008858414,-0.0002172957,2.11,3.14182e-06,2.904272e-05,-4.342389e-06,-0.03075599,-0.0001858407,0.007772818,2.109
2024_02_12_21_05_28_489,0.7,0.0,198551.0,198552.0,78.30215,4.86281e-05,0.1359283,8.716266e-07,0.008858325,-0.0002171586,2.11,1.041066e-06,-0.0001396135,6.298681e-06,-0.01549721,-2.156867e-05,-0.0001359731,2.109
2024_02_12_21_05_28_522,0.7,0.0,198728.0,198728.0,78.37164,4.887237e-05,0.1359284,4.290326e-07,0.008858325,-0.0002205156,2.11,1.255009e-06,-6.608178e-05,-1.533176e-06,0.0128746,-0.0001330827,-0.06132386,2.109
2024_02_12_21_05_28_561,0.7,0.0,198931.0,198931.0,78.45166,4.916588e-05,0.1359282,7.491678e-07,0.008858564,-0.0002205643,2.11,2.341944e-05,-0.0001038633,3.089169e-05,-0.00500679,-5.711172e-05,0.01561083,2.109
2024_02_12_21_05_28_598,0.7,0.0,199129.0,199129.0,78.52957,4.944978e-05,0.1359283,2.116328e-06,0.008857937,-0.0002235014,2.11,3.459172e-07,4.768056e-05,-2.859191e-06,-0.02264976,4.470121e-05,0.07639639,2.109
2024_02_12_21_05_28_636,0.7,0.0,199332.0,199332.0,78.60959,4.97304e-05,0.1359284,1.526612e-07,0.008858385,-0.0002278032,2.11,1.987931e-06,6.765478e-07,4.8407e-05,-0.02503395,-0.0001936833,0.0457894,2.109
2024_02_12_21_05_28_672,0.7,0.0,199530.0,199530.0,78.6875,5.003573e-05,0.1359282,1.476772e-06,0.008857968,-0.0002266659,2.11,-1.824206e-05,4.828107e-05,-2.305097e-05,-0.0002384186,-2.301294e-05,-0.06492995,2.109
2024_02_12_21_05_28_706,0.7,0.0,199712.0,199712.0,78.75909,5.032072e-05,0.1359284,-1.100471e-06,0.008858295,-0.0002291645,2.11,4.264798e-06,-4.443357e-05,1.432502e-07,-0.02479553,-0.0001301614,0.003695488,2.109
2024_02_12_21_05_28_743,0.7,0.0,199910.0,199910.0,78.83701,5.06205e-05,0.1359282,-2.116271e-07,0.008857967,-0.0002295866,2.11,3.066776e-06,2.323036e-05,2.007445e-06,0.005722045,-3.649529e-05,0.06133876,2.109
2024_02_12_21_05_28_781,0.7,0.0,200113.0,200113.0,78.91702,5.094134e-05,0.1359284,3.141949e-07,0.008858028,-0.0002312501,2.11,5.136376e-06,-8.557612e-05,7.811964e-06,0.0004768371,-7.886137e-05,0.06871112,2.109
2024_02_12_21_05_28_814,0.7,0.0,200289.0,200289.0,78.98651,5.122392e-05,0.1359284,1.724737e-06,0.008858058,-0.0002321886,2.11,-1.799841e-05,6.10812e-05,-3.230119e-05,-0.0231266,0.0001231356,0.04196912,2.109
2024_02_12_21_05_28_852,0.7,0.0,200487.0,200487.0,79.06442,5.151541e-05,0.1359283,1.430004e-06,0.008858356,-0.0002384857,2.11,2.560615e-05,-0.0001523465,-2.376663e-05,0.01692772,0.0001019789,0.004023314,2.109
2024_02_12_21_05_28_890,0.7,0.0,200690.0,200690.0,79.14444,5.185717e-05,0.1359283,3.55399e-07,0.008857998,-0.000238608,2.11,7.075419e-06,4.690291e-05,5.655455e-06,0.01192093,-0.0001557055,-0.02292916,2.109
2024_02_12_21_05_28_922,0.7,0.0,200867.0,200867.0,79.21393,5.215493e-05,0.1359283,7.945241e-07,0.008858474,-0.0002376214,2.11,2.52785e-06,-8.257798e-05,6.54413e-06,0.002622604,5.372931e-05,-0.01898222,2.109
2024_02_12_21_05_28_960,0.7,0.0,201070.0,201070.0,79.29395,5.246126e-05,0.1359283,8.748871e-07,0.008857968,-0.0002404333,2.11,2.032448e-05,-1.732658e-05,-1.741303e-05,0.02765655,8.167898e-05,-0.04973262,2.109
2024_02_12_21_05_28_998,0.7,0.0,201268.0,201268.0,79.37186,5.276443e-05,0.1359285,-1.101585e-06,0.008858268,-0.0002432527,2.11,2.329675e-05,-2.200807e-05,2.77264e-05,-0.03695488,-9.412997e-05,0.09526312,2.109
2024_02_12_21_05_29_032,0.7,0.0,201449.0,201449.0,79.44345,5.306332e-05,0.1359282,2.226712e-07,0.008858028,-0.0002444316,2.11,4.747065e-06,-1.010102e-05,-3.927472e-07,0.01502037,4.265166e-05,0.01548044,2.109
2024_02_12_21_05_29_069,0.7,0.0,201647.0,201647.0,79.52136,5.337536e-05,0.1359284,4.624498e-07,0.008858266,-0.0002474213,2.11,3.141439e-06,-8.587755e-05,-1.429819e-06,0.01001358,0.000176633,-0.01155399,2.109
2024_02_12_21_05_29_107,0.7,0.0,201850.0,201850.0,79.60138,5.370119e-05,0.1359284,2.816457e-07,0.008858416,-0.0002555306,2.11,2.505998e-05,-8.908978e-05,3.569247e-05,-0.00500679,-0.0002362176,0.003736466,2.109
2024_02_12_21_05_29_139,0.7,0.0,202027.0,202027.0,79.67087,5.400896e-05,0.1359283,9.620734e-07,0.008857968,-0.0002556217,2.11,4.8765e-06,-3.565522e-05,-2.263217e-06,0.01645088,-9.122686e-05,-0.03437884,2.109
2024_02_12_21_05_29_177,0.7,0.0,202225.0,202225.0,79.74878,5.437583e-05,0.1359285,9.543943e-07,0.008858356,-0.0002498145,2.11,4.796515e-06,-0.0001323659,1.047374e-05,-0.00834465,-2.340312e-05,0.03426149,2.109
2024_02_12_21_05_29_210,0.7,0.0,202406.0,202407.0,79.82037,5.46903e-05,0.1359282,-6.660963e-07,0.00885785,-0.0002516769,2.11,3.029257e-06,-4.456413e-05,1.553573e-06,0.0002384186,-4.127105e-05,-0.06127916,2.109
2024_02_12_21_05_29_247,0.7,0.0,202604.0,202604.0,79.89828,5.50469e-05,0.1359282,-8.690842e-07,0.008857818,-0.0002538347,2.11,4.583382e-06,2.416313e-07,-2.455271e-06,0.01382828,0.0001022854,-0.007642433,2.109
2024_02_12_21_05_29_286,0.7,0.0,202807.0,202808.0,79.9783,5.540174e-05,0.1359283,-4.723654e-07,0.008858117,-0.0002561675,2.11,2.732444e-06,-2.898896e-05,-2.266002e-06,0.02884865,-0.000173387,-0.04206597,2.109
2024_02_12_21_05_29_319,0.7,0.0,202984.0,202984.0,80.04779,5.572853e-05,0.1359282,9.529279e-07,0.008857909,-0.000252982,2.11,2.453668e-06,1.960223e-06,3.0107e-06,0.001907349,-0.0001346853,-0.02283603,2.109
2024_02_12_21_05_29_357,0.7,0.0,203187.0,203187.0,80.12781,5.609605e-05,0.1359283,-7.95761e-07,0.008857998,-0.0002563349,2.11,1.066255e-06,5.024826e-05,4.858517e-06,-0.02765655,-0.0001318904,0.01906231,2.109
2024_02_12_21_05_29_394,0.7,0.0,203385.0,203385.0,80.20572,5.644209e-05,0.1359282,1.627305e-06,0.008857969,-0.0002561191,2.11,-8.323531e-07,2.109843e-05,1.083746e-06,-0.01215935,-3.791683e-05,-0.03065355,2.109
2024_02_12_21_05_29_428,0.7,0.0,203561.0,203561.0,80.27521,5.67369e-05,0.1359283,-2.638972e-07,0.008857818,-0.0002593708,2.11,8.010684e-07,-4.490853e-05,3.087481e-06,0.04291534,3.045625e-05,-0.06877445,2.109
2024_02_12_21_05_29_465,0.7,0.0,203764.0,203765.0,80.35522,5.706802e-05,0.1359283,-2.464566e-07,0.008858236,-0.0002661509,2.11,1.067379e-06,-6.622027e-05,-3.308425e-06,0.02813339,0.00011473,-0.05334429,2.109
2024_02_12_21_05_29_502,0.7,0.0,203962.0,203962.0,80.43314,5.74214e-05,0.1359282,6.970228e-07,0.008857939,-0.0002679802,2.11,2.486939e-05,-6.350618e-06,-1.079925e-05,0.002861023,-0.0002728802,-0.01900084,2.109
2024_02_12_21_05_29_539,0.7,0.0,204165.0,204166.0,80.51315,5.780131e-05,0.1359283,-1.353658e-06,0.008857998,-0.0002686889,2.11,2.926042e-06,2.120942e-05,-2.166286e-06,-0.01215935,5.420042e-05,0.007530674,2.109
2024_02_12_21_05_29_576,0.7,0.0,204363.0,204363.0,80.59106,5.817065e-05,0.1359282,3.280223e-07,0.008857939,-0.0002660634,2.11,1.116982e-06,8.543317e-06,1.394206e-06,-0.02264976,-9.971063e-05,-0.04616007,2.109
2024_02_12_21_05_29_615,0.7,0.0,204566.0,204567.0,80.67108,5.853864e-05,0.1359283,-4.594675e-07,0.008857879,-0.0002686991,2.11,1.091554e-06,1.0684e-05,-5.845011e-06,0.03266335,-2.165507e-05,-0.05353987,2.109
2024_02_12_21_05_29_654,0.7,0.0,204764.0,204764.0,80.74899,5.893498e-05,0.1359284,5.706138e-08,0.008858208,-0.0002617223,2.11,2.593589e-06,-2.513892e-05,3.96276e-06,-0.01907349,-5.094352e-05,0.03411435,2.109
2024_02_12_21_05_29_689,0.7,0.0,204967.0,204968.0,80.82901,5.930413e-05,0.1359283,-5.301965e-07,0.008858414,-0.0002635683,2.11,2.343e-06,-0.0001246003,1.963707e-06,0.01263618,-5.286438e-05,0.02319738,2.109
2024_02_12_21_05_29_727,0.7,0.0,205165.0,205165.0,80.90692,5.967397e-05,0.1359285,1.389216e-06,0.008858505,-0.0002655734,2.11,-1.992903e-05,-0.0001006562,1.268492e-05,-0.0140667,7.019571e-05,-0.03470108,2.109
2024_02_12_21_05_29_764,0.7,0.0,205368.0,205369.0,80.98694,6.004022e-05,0.1359284,1.176453e-07,0.008858386,-0.000264416,2.11,-1.2092e-06,-0.0001258402,4.370359e-06,-0.002384186,-6.431947e-05,0.03829785,2.109
2024_02_12_21_05_29_798,0.7,0.0,205545.0,205545.0,81.05643,6.036524e-05,0.1359284,1.418001e-06,0.008857968,-0.0002637965,2.11,-4.073911e-05,5.118059e-06,-7.324761e-06,-0.004768372,0.0001048047,0.003607943,2.109
2024_02_12_21_05_29_835,0.7,0.0,205748.0,205748.0,81.13644,6.072139e-05,0.1359285,1.43045e-06,0.008858415,-0.0002685023,2.11,-1.949036e-05,-0.0001171544,1.901737e-05,-0.004529953,-6.420123e-06,-0.004088506,2.109
2024_02_12_21_05_29_868,0.7,0.0,205925.0,205925.0,81.20593,6.105484e-05,0.1359283,4.895894e-07,0.008858386,-0.0002691977,2.11,-1.931242e-05,-0.0001319781,1.479874e-05,0.02002716,6.239497e-05,-0.0265222,2.109
2024_02_12_21_05_29_906,0.7,0.0,206128.0,206128.0,81.28595,6.144522e-05,0.1359284,8.397527e-07,0.008858178,-0.0002671851,2.11,-3.213155e-08,-5.125651e-05,-1.623303e-06,-0.020504,1.497938e-05,0.03800169,2.109
2024_02_12_21_05_29_940,0.7,0.0,206304.0,206304.0,81.35544,6.175837e-05,0.1359283,-4.265696e-07,0.008858356,-0.0002695869,2.11,1.006457e-06,-0.0001281672,3.291975e-06,0.01502037,-1.850731e-05,-0.08404813,2.109
2024_02_12_21_05_29_978,0.7,0.0,206502.0,206502.0,81.43335,6.213172e-05,0.1359283,-2.059024e-08,0.008857878,-0.000269099,2.11,-6.120092e-07,-1.53976e-05,2.197745e-06,0.03600121,2.281467e-05,-0.06104633,2.109
2024_02_12_21_05_30_010,0.7,0.0,206684.0,206684.0,81.50494,6.24642e-05,0.1359284,-3.356521e-07,0.008858296,-0.0002682158,2.11,9.410245e-07,-2.355223e-05,-4.050191e-08,0.00834465,-1.202716e-05,-0.02294034,2.109
2024_02_12_21_05_30_048,0.7,0.0,206882.0,206882.0,81.58286,6.284936e-05,0.1359284,2.274754e-07,0.008858476,-0.0002632882,2.11,5.838049e-07,-9.852908e-05,8.725651e-06,0.0,0.0001393764,0.04229694,2.109
2024_02_12_21_05_30_086,0.7,0.0,207085.0,207085.0,81.66287,6.323238e-05,0.1359284,-2.855589e-07,0.008858385,-0.0002648096,2.11,1.507673e-06,-8.430955e-05,8.790053e-07,0.0004768371,-4.367029e-05,0.05352869,2.109
2024_02_12_21_05_30_118,0.7,0.0,207261.0,207261.0,81.73236,6.355277e-05,0.1359284,1.380454e-07,0.008858446,-0.0002676676,2.11,-1.837025e-08,-7.903839e-05,-3.793661e-06,-0.0166893,0.0001778208,-0.0002384186,2.109
2024_02_12_21_05_30_156,0.7,0.0,207459.0,207459.0,81.81027,6.391213e-05,0.1359283,-1.643821e-07,0.008857968,-0.0002693239,2.11,6.291759e-07,-5.646839e-06,2.095195e-06,-0.02360344,-1.724584e-05,0.03045611,2.109
2024_02_12_21_05_30_193,0.7,0.0,207662.0,207662.0,81.89029,6.429985e-05,0.1359285,2.008382e-06,0.008858386,-0.0002671565,2.11,1.557404e-07,-3.239464e-05,1.092547e-06,-0.01740456,-7.387825e-06,-0.007750466,2.109
2024_02_12_21_05_30_237,0.7,0.0,207887.0,207887.0,81.97873,6.4718e-05,0.1359282,-1.098022e-07,0.008857939,-0.0002663671,2.11,1.468631e-06,-1.639169e-05,-1.661173e-06,0.0007152557,-7.664857e-05,-2.235174e-05,2.109
2024_02_12_21_05_30_268,0.7,0.0,208063.0,208063.0,82.04822,6.505546e-05,0.1359283,-7.955245e-07,0.008857879,-0.0002660742,2.11,1.235726e-06,3.439679e-05,-7.993506e-06,-0.01788139,0.0002353563,0.03810041,2.109
2024_02_12_21_05_30_306,0.7,0.0,208261.0,208261.0,82.12613,6.54371e-05,0.1359283,1.131147e-06,0.008858506,-0.0002628006,2.11,-4.319237e-05,-0.0001196521,-9.914995e-06,0.01597404,0.0001563258,-0.003632158,2.109
2024_02_12_21_05_30_340,0.7,0.0,208443.0,208443.0,82.19772,6.5771e-05,0.1359282,9.491246e-07,0.008857789,-0.0002654219,2.11,1.943155e-05,-8.648013e-05,2.996725e-05,0.04148483,-0.0001918952,-0.07259659,2.109
2024_02_12_21_05_30_372,0.7,0.0,208619.0,208619.0,82.26721,6.609239e-05,0.1359283,-5.442412e-07,0.008858296,-0.0002632132,2.11,-5.370236e-06,-4.108314e-05,-1.869039e-06,-0.02717972,8.016558e-05,-0.003937632,2.109
2024_02_12_21_05_30_410,0.7,0.0,208822.0,208823.0,82.34723,6.643778e-05,0.1359283,-2.897422e-07,0.008857939,-0.0002633672,2.11,-1.086378e-06,-6.838993e-05,-1.45209e-06,0.01549721,3.573678e-05,0.03831461,2.109
2024_02_12_21_05_30_447,0.7,0.0,209020.0,209020.0,82.42514,6.67974e-05,0.1359284,3.065675e-07,0.008857968,-0.0002646002,2.11,1.680321e-06,-3.740953e-05,4.528723e-06,0.01811981,-1.658009e-05,-0.03084354,2.109
2024_02_12_21_05_30_485,0.7,0.0,209223.0,209224.0,82.50516,6.717401e-05,0.1359282,-5.524365e-07,0.008858117,-0.0002651159,2.11,1.868874e-06,4.188364e-05,3.090822e-06,-0.03004074,-5.370839e-05,-0.02305582,2.109
2024_02_12_21_05_30_523,0.7,0.0,209421.0,209421.0,82.58307,6.754703e-05,0.1359281,-2.161976e-08,0.008857789,-0.0002635453,2.11,-2.202589e-05,-6.609772e-05,-3.218124e-05,0.01788139,0.000234686,-0.01505949,2.109
2024_02_12_21_05_30_556,0.7,0.0,209598.0,209598.0,82.65256,6.789389e-05,0.1359283,-3.32668e-07,0.008857909,-0.0002631297,2.11,1.930888e-06,4.612262e-05,4.112005e-06,-0.03123283,-7.209019e-05,0.03819726,2.109
2024_02_12_21_05_30_589,0.7,0.0,209780.0,209780.0,82.72415,6.823508e-05,0.1359283,1.15623e-06,0.008858415,-0.0002654227,2.11,1.638443e-06,-0.0001203351,2.335169e-06,0.005245208,-4.187313e-05,0.004002824,2.109
2024_02_12_21_05_30_626,0.7,0.0,209977.0,209977.0,82.80206,6.861499e-05,0.1359283,4.719302e-07,0.008858028,-0.0002611476,2.11,2.066289e-05,-5.890761e-05,-1.788314e-05,0.03957748,-8.274218e-05,-0.0573229,2.109
2024_02_12_21_05_30_664,0.7,0.0,210181.0,210181.0,82.88208,6.899273e-05,0.1359284,5.760655e-07,0.008858326,-0.0002593229,2.11,-1.486908e-06,-7.032492e-05,2.611963e-07,-0.02813339,-1.5757e-05,0.01502223,2.109
2024_02_12_21_05_30_701,0.7,0.0,210378.0,210378.0,82.95999,6.935442e-05,0.1359282,6.954543e-09,0.008858296,-0.0002604201,2.11,-3.886251e-07,-0.0001437919,2.587815e-06,-0.002861023,-1.65137e-05,0.06119161,2.109
2024_02_12_21_05_30_735,0.7,0.0,210560.0,210560.0,83.03159,6.967135e-05,0.1359284,-2.229997e-08,0.008858177,-0.0002610048,2.11,1.88536e-05,-1.444538e-05,-1.629497e-05,-0.05197525,7.564904e-05,0.03425963,2.109
2024_02_12_21_05_30_773,0.7,0.0,210758.0,210758.0,83.1095,7.00163e-05,0.1359282,-9.692808e-08,0.008858029,-0.0002643519,2.11,6.564791e-07,1.437111e-05,4.424381e-06,-0.02932548,-8.420374e-05,0.01521408,2.109
2024_02_12_21_05_30_806,0.7,0.0,210934.0,210934.0,83.17899,7.033948e-05,0.1359283,-1.012667e-08,0.008857968,-0.0002664984,2.11,2.815689e-06,7.870534e-06,2.578519e-06,-0.01740456,-4.433877e-05,-0.01531467,2.109
2024_02_12_21_05_30_842,0.7,0.0,211138.0,211138.0,83.259,7.072252e-05,0.1359284,3.391079e-07,0.008858296,-0.000266797,2.11,1.151395e-06,-4.254481e-05,5.852366e-07,-0.02622604,4.452613e-05,-0.000147149,2.109
2024_02_12_21_05_30_881,0.7,0.0,211335.0,211335.0,83.33691,7.111861e-05,0.1359282,2.429355e-07,0.008857909,-0.0002643795,2.11,-1.776582e-05,-6.490576e-06,-3.189334e-05,0.0009536743,0.0001825792,-0.02674572,2.109
2024_02_12_21_05_30_918,0.7,0.0,211539.0,211539.0,83.41693,7.147006e-05,0.1359282,1.623602e-06,0.008857878,-0.0002691942,2.11,1.798319e-05,5.16695e-05,-2.013521e-05,0.0004768371,2.317574e-05,0.03439188,2.109
2024_02_12_21_05_30_956,0.7,0.0,211736.0,211736.0,83.49484,7.183426e-05,0.1359283,4.186969e-07,0.008858386,-0.0002651083,2.11,-4.006347e-05,-0.0001115822,-1.275368e-05,0.003099441,4.199319e-05,0.03079511,2.109
2024_02_12_21_05_30_993,0.7,0.0,211940.0,211940.0,83.57486,7.219333e-05,0.1359283,-6.273594e-07,0.008858058,-0.0002729979,2.11,2.276111e-05,1.82483e-05,2.740776e-05,-0.01859665,-5.987749e-05,-0.0077039,2.109
2024_02_12_21_05_31_031,0.7,0.0,212137.0,212137.0,83.65277,7.25853e-05,0.1359284,1.238691e-06,0.008858296,-0.0002713746,2.11,-1.750842e-05,-8.168679e-05,-2.85758e-05,-0.01192093,5.464153e-05,-0.004068017,2.109
2024_02_12_21_05_31_069,0.7,0.0,212341.0,212341.0,83.73279,7.295995e-05,0.1359281,1.562046e-07,0.00885791,-0.0002753966,2.11,-2.190038e-05,1.758078e-05,1.603684e-05,-0.02074241,-8.537881e-05,0.02686679,2.109
2024_02_12_21_05_31_106,0.7,0.0,212538.0,212538.0,83.8107,7.332187e-05,0.1359284,-1.436163e-06,0.008858296,-0.0002760598,2.11,2.356553e-05,-9.568543e-05,2.710506e-05,0.01978874,1.633452e-06,-0.01521967,2.109
2024_02_12_21_05_31_143,0.7,0.0,212742.0,212742.0,83.89072,7.370795e-05,0.1359283,-3.273985e-07,0.008858356,-0.0002803747,2.11,1.387964e-06,-0.0001349883,3.504572e-06,-0.0004768371,-7.680773e-05,7.450581e-05,2.109
2024_02_12_21_05_31_180,0.7,0.0,212939.0,212940.0,83.96863,7.409626e-05,0.1359284,-7.174438e-07,0.008857879,-0.0002819539,2.11,3.233705e-06,-3.809951e-07,7.972448e-07,-0.0007152557,-2.619163e-05,-0.0002104789,2.109
2024_02_12_21_05_31_218,0.7,0.0,213143.0,213143.0,84.04865,7.453554e-05,0.1359285,-9.570429e-07,0.008858326,-0.0002780087,2.11,5.766557e-06,-0.0001329385,8.067169e-06,0.002145767,1.129229e-05,-0.004125759,2.109
2024_02_12_21_05_31_260,0.7,0.0,213367.0,213367.0,84.13708,7.497171e-05,0.1359282,-1.317972e-06,0.008858236,-0.0002834965,2.11,2.126866e-06,-0.0001427581,8.53419e-06,-0.00333786,-2.981323e-06,0.0690762,2.109
2024_02_12_21_05_31_297,0.7,0.0,213565.0,213565.0,84.215,7.538645e-05,0.1359284,7.146969e-07,0.008858207,-0.0002833241,2.11,2.886325e-06,-5.013785e-05,3.22034e-06,-0.007629394,-0.0001302442,0.03807992,2.109
2024_02_12_21_05_31_335,0.7,0.0,213763.0,213763.0,84.29291,7.575802e-05,0.1359283,-4.885582e-07,0.008858386,-0.0002883345,2.11,2.028779e-05,-0.0001146517,-1.453279e-05,-0.00333786,5.694255e-05,-0.00376068,2.109
2024_02_12_21_05_31_372,0.7,0.0,213966.0,213966.0,84.37292,7.614893e-05,0.1359284,-1.034859e-07,0.008857968,-0.0002906365,2.11,6.754336e-08,3.78172e-05,1.069585e-06,0.010252,0.0001227836,-0.04602037,2.109
2024_02_12_21_05_31_406,0.7,0.0,214142.0,214143.0,84.44241,7.648757e-05,0.1359283,3.422071e-07,0.008858325,-0.0002926389,2.11,-3.130757e-07,-8.49167e-05,-3.712197e-06,0.01859665,8.28495e-05,-0.06108731,2.109
2024_02_12_21_05_31_443,0.7,0.0,214346.0,214346.0,84.52243,7.689768e-05,0.1359282,6.966716e-07,0.008857968,-0.0002915901,2.11,-1.898109e-05,1.321739e-05,-1.972364e-05,0.003099441,0.0003035429,-0.02288632,2.109
2024_02_12_21_05_31_477,0.7,0.0,214522.0,214522.0,84.59192,7.724067e-05,0.1359284,6.077856e-07,0.008858236,-0.0002967783,2.11,1.423036e-06,-8.713026e-05,2.202263e-06,-0.01692772,-1.855187e-05,0.03797561,2.109
2024_02_12_21_05_31_514,0.7,0.0,214725.0,214725.0,84.67194,7.76693e-05,0.1359283,-7.02903e-07,0.008858385,-0.0002963497,2.11,2.386777e-05,-0.0001057625,2.949217e-05,-0.005722045,-0.0001895951,0.003857538,2.109
2024_02_12_21_05_31_551,0.7,0.0,214923.0,214923.0,84.74985,7.805793e-05,0.1359284,2.664967e-06,0.00885791,-0.0002972936,2.11,-2.027119e-05,-1.813789e-05,-2.864691e-05,0.007390975,9.83864e-05,-0.004049391,2.109
2024_02_12_21_05_31_589,0.7,0.0,215126.0,215126.0,84.82986,7.844489e-05,0.1359285,7.334991e-07,0.008858297,-0.0003011009,2.11,1.75032e-06,-6.942122e-05,3.508527e-06,-0.0004768371,-0.000153902,0.01532212,2.109
2024_02_12_21_05_31_622,0.7,0.0,215303.0,215303.0,84.89935,7.879711e-05,0.1359282,-1.046157e-06,0.008858326,-0.0003040111,2.11,1.780696e-06,-0.0001148938,9.874657e-08,-0.007867813,-2.883098e-06,-0.007480382,2.109
2024_02_12_21_05_31_661,0.7,0.0,215500.0,215501.0,84.97726,7.919162e-05,0.1359283,6.952632e-07,0.008857939,-0.0003076753,2.11,2.121021e-05,4.333758e-05,2.881404e-05,-0.001192093,-0.0002565121,-0.01149438,2.109
2024_02_12_21_05_31_693,0.7,0.0,215682.0,215682.0,85.04886,7.954938e-05,0.1359282,8.139788e-07,0.008858059,-0.000308446,2.11,-2.07621e-05,-3.939682e-05,1.625112e-05,0.002145767,-7.630297e-05,-0.01146272,2.109
2024_02_12_21_05_31_731,0.7,0.0,215880.0,215880.0,85.12677,7.997745e-05,0.1359283,-3.105872e-07,0.00885785,-0.000304739,2.11,6.321579e-06,-3.43094e-05,6.918049e-06,0.002622604,9.104314e-05,-0.004068017,2.109
2024_02_12_21_05_31_768,0.7,0.0,216083.0,216083.0,85.20679,8.040497e-05,0.1359283,1.603741e-07,0.008858028,-0.0003030185,2.11,1.908424e-06,4.900146e-05,-8.325443e-06,-0.01788139,-0.0001099434,0.01150928,2.109
2024_02_12_21_05_31_806,0.7,0.0,216281.0,216281.0,85.2847,8.081071e-05,0.1359282,3.92442e-07,0.008857909,-0.0003038538,2.11,2.485182e-06,-1.799897e-05,3.280748e-06,0.006914138,-2.952947e-05,-0.01535751,2.109
2024_02_12_21_05_31_842,0.7,0.0,216484.0,216484.0,85.36472,8.124297e-05,0.1359283,-1.149171e-06,0.00885785,-0.0003039431,2.11,5.629243e-06,5.720891e-05,-3.910243e-07,-0.03242493,8.089955e-06,0.03036111,2.109
2024_02_12_21_05_31_881,0.7,0.0,216682.0,216682.0,85.44263,8.165887e-05,0.1359281,-1.180081e-06,0.00885788,-0.0003108269,2.11,4.466667e-06,-2.016382e-05,1.551471e-06,-0.004768372,4.014055e-05,-3.72529e-06,2.109
2024_02_12_21_05_31_919,0.7,0.0,216885.0,216885.0,85.52264,8.216142e-05,0.1359283,-2.955751e-07,0.00885785,-0.0003015848,2.11,-1.491217e-05,-3.257131e-06,-3.093124e-05,0.02169609,0.00018848,-0.0190679,2.109
2024_02_12_21_05_31_956,0.7,0.0,217083.0,217083.0,85.60056,8.256426e-05,0.1359284,1.075664e-06,0.008858266,-0.0003075243,2.11,-2.295271e-05,-2.147921e-05,1.583151e-05,-0.03838539,5.187757e-05,0.003587454,2.109
2024_02_12_21_05_31_993,0.7,0.0,217286.0,217286.0,85.68057,8.296729e-05,0.1359282,6.003964e-07,0.008857968,-0.0003108332,2.11,-6.121898e-07,-3.665192e-05,-7.45789e-07,-0.009298325,-2.271918e-05,-0.0191927,2.109
2024_02_12_21_05_32_026,0.7,0.0,217463.0,217463.0,85.75006,8.334569e-05,0.1359284,9.404692e-07,0.008857998,-0.0003097736,2.11,2.237353e-07,2.40409e-05,1.798257e-06,-0.02026558,-0.0001728003,-0.0001080334,2.109
2024_02_12_21_05_32_065,0.7,0.0,217666.0,217666.0,85.83008,8.37951e-05,0.1359283,-9.503017e-07,0.008858356,-0.0003101814,2.11,-1.430335e-05,-0.0001424283,-2.319806e-05,-0.008583069,0.0001288554,0.003794208,2.109
2024_02_12_21_05_32_098,0.7,0.0,217842.0,217842.0,85.89957,8.41802e-05,0.1359283,-2.850991e-07,0.008857879,-0.0003132434,2.11,8.927406e-07,-2.922654e-05,-3.990568e-06,0.007867813,4.66016e-05,-0.007819384,2.109
2024_02_12_21_05_32_135,0.7,0.0,218040.0,218040.0,85.97748,8.462142e-05,0.1359285,-8.22485e-07,0.008858535,-0.0003114365,2.11,2.728805e-06,-9.085845e-05,1.241772e-06,0.00333786,0.0001176431,0.0305511,2.109
2024_02_12_21_05_32_173,0.7,0.0,218243.0,218243.0,86.0575,8.506473e-05,0.1359283,3.943146e-07,0.008858326,-0.0003148996,2.11,1.810144e-06,-0.0001098608,-4.40694e-06,0.01001358,7.372273e-05,0.0498332,2.109
2024_02_12_21_05_32_209,0.7,0.0,218441.0,218441.0,86.13541,8.549947e-05,0.1359285,6.981245e-07,0.008858296,-0.0003152526,2.11,2.490527e-06,-7.836047e-05,4.068974e-06,0.01788139,-7.305789e-05,-0.03824756,2.109
2024_02_12_21_05_32_252,0.7,0.0,218666.0,218666.0,86.22385,8.600571e-05,0.1359283,9.755423e-08,0.008858446,-0.0003139871,2.11,2.298211e-06,-0.0001161492,2.341548e-06,0.01692772,-2.443448e-05,-0.08396059,2.109
2024_02_12_21_05_32_290,0.7,0.0,218869.0,218869.0,86.30386,8.643432e-05,0.1359283,1.08511e-06,0.008857939,-0.000317357,2.11,-2.182477e-05,1.696574e-05,1.772655e-05,0.004529953,8.046208e-05,0.007752329,2.109
2024_02_12_21_05_32_326,0.7,0.0,219067.0,219067.0,86.38177,8.685741e-05,0.1359284,1.844583e-06,0.008858296,-0.0003168475,2.11,-1.639594e-06,-1.864793e-05,2.318547e-06,-0.02288818,-2.84499e-05,0.01518428,2.109
2024_02_12_21_05_32_364,0.7,0.0,219270.0,219270.0,86.46179,8.726523e-05,0.1359282,5.318943e-07,0.008857968,-0.0003231466,2.11,-5.690713e-07,-2.877065e-05,-9.45969e-07,0.04816055,4.959292e-05,-0.06846897,2.109
2024_02_12_21_05_32_397,0.7,0.0,219446.0,219446.0,86.53128,8.764776e-05,0.1359285,-2.276199e-07,0.008858296,-0.0003224171,2.11,8.91474e-07,-0.000133124,-8.531014e-08,-0.0007152557,5.72827e-05,-0.0002551824,2.109
2024_02_12_21_05_32_435,0.7,0.0,219644.0,219644.0,86.60919,8.807215e-05,0.1359283,-1.81096e-06,0.008858326,-0.000325665,2.11,2.324698e-05,-0.0001562547,-1.450638e-05,0.007152557,2.620891e-05,0.04223548,2.109
2024_02_12_21_05_32_472,0.7,0.0,219847.0,219847.0,86.68921,8.849602e-05,0.1359283,6.320931e-08,0.00885785,-0.0003309403,2.11,2.959071e-06,-1.060954e-05,2.651704e-06,-0.0009536743,2.704837e-06,-0.0002160668,2.109
2024_02_12_21_05_32_510,0.7,0.0,220045.0,220045.0,86.76712,8.892318e-05,0.1359282,4.144518e-07,0.008857968,-0.0003367209,2.11,-1.60566e-05,4.691381e-05,-2.82295e-05,0.02646446,0.0001279004,-0.05720928,2.109
2024_02_12_21_05_32_547,0.7,0.0,220248.0,220248.0,86.84714,8.941016e-05,0.1359281,9.316398e-07,0.00885791,-0.0003334194,2.11,-1.743012e-05,9.711696e-06,-2.638879e-05,-0.0166893,5.237507e-05,0.03446266,2.109
2024_02_12_21_05_32_581,0.7,0.0,220425.0,220425.0,86.91663,8.980642e-05,0.1359284,1.101274e-07,0.008858326,-0.0003370833,2.11,3.294344e-06,-1.112356e-05,3.308996e-06,-0.02217293,-8.588722e-05,0.01530163,2.109
2024_02_12_21_05_32_619,0.7,0.0,220628.0,220628.0,86.99664,9.025839e-05,0.1359283,-7.820394e-07,0.008858386,-0.000341653,2.11,2.739784e-06,-0.0001307721,1.939534e-06,0.005960464,-6.562004e-06,-0.0114385,2.109
2024_02_12_21_05_32_651,0.7,0.0,220804.0,220804.0,87.06613,9.070682e-05,0.1359283,7.047144e-07,0.008857939,-0.0003341558,2.11,-1.614948e-05,-1.92096e-05,-2.089933e-05,-0.02646446,-5.691981e-05,0.02650171,2.109
2024_02_12_21_05_32_688,0.7,0.0,221002.0,221002.0,87.14404,9.115601e-05,0.1359285,4.863803e-08,0.008858268,-0.0003387795,2.11,2.480733e-06,-3.097655e-05,8.844412e-06,-0.0140667,3.446985e-07,-0.01528859,2.109
2024_02_12_21_05_32_726,0.7,0.0,221205.0,221205.0,87.22406,9.160532e-05,0.1359283,-8.398511e-07,0.008858266,-0.0003425212,2.11,2.272988e-05,-0.0001244335,2.881901e-05,0.02288818,-8.911228e-05,0.04985742,2.109
2024_02_12_21_05_32_763,0.7,0.0,221403.0,221403.0,87.30197,9.20711e-05,0.1359284,-2.849243e-07,0.008858207,-0.0003409588,2.11,8.301726e-07,-8.502067e-05,-4.108726e-05,0.02527237,0.0002747229,-0.01537241,2.109
2024_02_12_21_05_32_800,0.7,0.0,221606.0,221606.0,87.38199,9.25137e-05,0.1359283,1.643813e-06,0.008858356,-0.0003449498,2.11,1.776282e-06,-0.0001189209,2.590492e-07,0.01955032,-7.60092e-05,-0.02282485,2.109
2024_02_12_21_05_32_835,0.7,0.0,221783.0,221783.0,87.45148,9.290695e-05,0.1359283,-2.14492e-06,0.008857939,-0.0003489362,2.11,2.420576e-05,-6.677009e-05,2.753666e-05,0.04291534,-7.320159e-05,-0.07245503,2.109
2024_02_12_21_05_32_872,0.7,0.0,221986.0,221986.0,87.53149,9.339589e-05,0.1359285,-6.125467e-07,0.008858356,-0.0003479539,2.11,4.150659e-06,-0.0001255892,-2.134339e-06,0.03695488,8.366441e-05,-0.03064237,2.109
2024_02_12_21_05_32_910,0.7,0.0,222184.0,222184.0,87.60941,9.384045e-05,0.1359283,4.682598e-07,0.008857999,-0.0003513026,2.11,3.25188e-06,-3.863871e-08,-1.206449e-06,0.005960464,-0.0001230792,-0.0343509,2.109
2024_02_12_21_05_32_943,0.7,0.0,222366.0,222366.0,87.681,9.428058e-05,0.1359282,1.015076e-06,0.008857848,-0.0003469628,2.11,-1.697327e-05,8.294143e-05,-2.843927e-05,-0.02074241,7.349626e-06,0.03456511,2.109
2024_02_12_21_05_32_980,0.7,0.0,222563.0,222564.0,87.75891,9.472841e-05,0.1359282,2.093659e-06,0.008858178,-0.0003510219,2.11,1.16732e-06,1.438729e-05,2.320431e-06,0.01978874,-0.0001526478,0.01169741,2.109
2024_02_12_21_05_33_013,0.7,0.0,222740.0,222740.0,87.8284,9.512043e-05,0.1359281,3.572615e-07,0.00885785,-0.0003521327,2.11,8.618824e-07,6.154884e-06,9.788177e-06,0.003099441,-0.0001673334,-0.03817491,2.109
2024_02_12_21_05_33_052,0.7,0.0,222943.0,222943.0,87.90842,9.562905e-05,0.1359284,3.281765e-07,0.008858028,-0.0003461738,2.11,6.878669e-06,1.601453e-05,1.322513e-05,0.0002384186,-0.0001783746,-0.01151115,2.109
2024_02_12_21_05_33_085,0.7,0.0,223119.0,223120.0,87.97791,9.602959e-05,0.1359283,2.614703e-07,0.008858356,-0.0003511034,2.11,1.86299e-06,-0.0001325818,-4.530943e-06,-0.00166893,0.0001336339,0.003866851,2.109
2024_02_12_21_05_33_122,0.7,0.0,223323.0,223323.0,88.05792,9.652622e-05,0.1359284,-1.313203e-06,0.008858087,-0.0003489708,2.11,3.682899e-06,-1.204649e-05,-2.914331e-06,0.006437301,0.0002048618,-0.01911819,2.109
2024_02_12_21_05_33_160,0.7,0.0,223520.0,223521.0,88.13583,9.70081e-05,0.1359284,-1.359267e-06,0.008858326,-0.000349714,2.11,2.557626e-05,-3.915043e-05,2.796904e-05,-0.03123283,-0.0002001388,0.02652034,2.109
2024_02_12_21_05_33_193,0.7,0.0,223702.0,223702.0,88.20743,9.745563e-05,0.1359282,-1.607984e-06,0.00885785,-0.0003494133,2.11,-1.549686e-05,-1.70789e-05,-2.835057e-05,0.02741813,0.0002515553,-0.09554438,2.109
2024_02_12_21_05_33_226,0.7,0.0,223879.0,223879.0,88.27692,9.790072e-05,0.1359283,-1.294682e-06,0.008857819,-0.0003515296,2.11,5.011559e-06,3.089636e-05,-4.89965e-07,0.001907349,2.721481e-05,3.72529e-06,2.109
2024_02_12_21_05_33_264,0.7,0.0,224077.0,224077.0,88.35483,9.837102e-05,0.1359283,1.820034e-07,0.008858385,-0.0003579373,2.11,2.214294e-06,-7.11464e-05,5.440127e-09,-0.02789497,-3.612877e-05,0.02294592,2.109
2024_02_12_21_05_33_303,0.7,0.0,224280.0,224280.0,88.43484,9.886889e-05,0.1359283,4.305786e-07,0.008857939,-0.0003578361,2.11,1.928408e-06,4.639342e-05,-1.697428e-06,0.03695488,-5.824858e-05,-0.06089173,2.109
2024_02_12_21_05_33_339,0.7,0.0,224478.0,224478.0,88.51276,9.933995e-05,0.1359283,-6.040087e-07,0.008858265,-0.0003597717,2.11,1.96636e-05,-7.469502e-05,3.223482e-05,0.02741813,-0.0001942262,-0.04194118,2.109
2024_02_12_21_05_33_372,0.7,0.0,224659.0,224659.0,88.58435,9.976886e-05,0.1359283,2.990643e-07,0.008858415,-0.0003616729,2.11,2.515652e-06,-0.0001076285,-1.093732e-05,0.0007152557,7.330436e-05,-0.04196167,2.109
2024_02_12_21_05_33_410,0.7,0.0,224857.0,224857.0,88.66226,0.0001002448,0.1359285,2.734529e-08,0.008858446,-0.0003616983,2.11,2.576342e-06,-0.0001064184,-7.610083e-08,-0.01382828,-2.045362e-05,0.01501851,2.109
2024_02_12_21_05_33_443,0.7,0.0,225039.0,225039.0,88.73386,0.0001006867,0.1359282,-1.258768e-07,0.008858087,-0.000362752,2.11,4.709601e-06,-1.509862e-05,-2.448627e-06,0.002622604,3.560035e-05,0.003870576,2.109
2024_02_12_21_05_33_480,0.7,0.0,225237.0,225237.0,88.81177,0.000101159,0.1359283,5.100126e-07,0.008857762,-0.0003662169,2.11,2.736805e-06,-8.100482e-05,-2.621964e-06,0.00500679,1.610806e-05,0.003730878,2.109
2024_02_12_21_05_33_514,0.7,0.0,225413.0,225413.0,88.88126,0.0001015945,0.1359283,6.120361e-07,0.008857997,-0.0003679739,2.11,2.727344e-06,3.810518e-05,4.289978e-08,0.0231266,-0.0001212629,-0.00365451,2.109
2024_02_12_21_05_33_552,0.7,0.0,225616.0,225616.0,88.96127,0.0001020957,0.1359284,1.106082e-06,0.008858447,-0.000370865,2.11,-1.582586e-05,-0.0001302272,2.073088e-05,0.005960464,-0.0001507306,0.04225783,2.109
2024_02_12_21_05_33_589,0.7,0.0,225814.0,225814.0,89.03918,0.0001026256,0.1359284,-1.184335e-06,0.008858177,-0.0003669806,2.11,3.786121e-06,-1.783475e-05,1.433157e-05,-0.009298325,-0.0002489923,-0.02686307,2.109
2024_02_12_21_05_33_622,0.7,0.0,225996.0,225996.0,89.11078,0.0001030631,0.1359285,-2.957904e-07,0.008858268,-0.0003737644,2.11,3.888858e-06,-6.615407e-05,3.509245e-07,-0.0009536743,-5.702531e-06,-0.000147149,2.109
2024_02_12_21_05_33_659,0.7,0.0,226194.0,226194.0,89.18869,0.0001035959,0.1359282,-1.219458e-06,0.008857879,-0.0003686166,2.11,3.342267e-06,2.75358e-05,3.61179e-06,-0.005722045,4.788398e-05,-0.02292171,2.109
2024_02_12_21_05_33_697,0.7,0.0,226397.0,226397.0,89.26871,0.0001041409,0.1359283,-1.005622e-06,0.008858295,-0.0003694994,2.11,2.665217e-05,-3.186133e-05,-1.498783e-05,0.01597404,-0.0002364004,-0.04175119,2.109
2024_02_12_21_05_33_731,0.7,0.0,226573.0,226574.0,89.3382,0.0001045904,0.1359283,4.657071e-07,0.008858446,-0.0003744972,2.11,4.985661e-07,-9.996691e-05,9.857618e-06,0.0009536743,-0.0001074632,6.332994e-05,2.109
2024_02_12_21_05_33_768,0.7,0.0,226777.0,226777.0,89.41821,0.0001050955,0.1359284,-3.275317e-07,0.008858088,-0.0003773147,2.11,6.418664e-07,6.184949e-06,-1.492795e-06,0.010252,1.604894e-05,-0.02281368,2.109
2024_02_12_21_05_33_805,0.7,0.0,226974.0,226975.0,89.49612,0.0001055863,0.1359284,8.425127e-07,0.008858297,-0.0003820937,2.11,-1.897353e-05,-8.61382e-05,2.054352e-05,0.01263618,-8.320421e-05,-0.02672709,2.109
2024_02_12_21_05_33_843,0.7,0.0,227172.0,227172.0,89.57404,0.0001060953,0.1359282,-2.34792e-07,0.00885788,-0.0003829281,2.11,1.862819e-06,3.300764e-06,3.754173e-06,0.005722045,1.365061e-05,-0.01518801,2.109
2024_02_12_21_05_33_880,0.7,0.0,227375.0,227376.0,89.65405,0.0001065931,0.1359282,-7.37529e-07,0.008857939,-0.0003885199,2.11,-2.175032e-05,2.407624e-05,1.862472e-05,0.0004768371,-0.0001627377,0.01147017,2.109
2024_02_12_21_05_33_917,0.7,0.0,227573.0,227573.0,89.73196,0.0001071391,0.1359283,-7.013348e-07,0.008858387,-0.0003858818,2.11,4.901772e-06,-0.0001173432,1.033458e-05,-0.001192093,-8.718234e-05,8.940696e-05,2.109
2024_02_12_21_05_33_955,0.7,0.0,227776.0,227777.0,89.81198,0.0001076755,0.1359283,-3.700624e-07,0.008858029,-0.0003890377,2.11,-1.857572e-05,1.767116e-05,1.731286e-05,-0.01645088,4.624053e-05,-0.01161732,2.109
2024_02_12_21_05_33_988,0.7,0.0,227953.0,227953.0,89.88147,0.0001081391,0.1359284,-2.976709e-08,0.008858327,-0.0003932809,2.11,-1.985246e-05,-4.484652e-05,1.014591e-05,-0.01525879,-8.575534e-05,0.04574284,2.109
2024_02_12_21_05_34_026,0.7,0.0,228156.0,228156.0,89.96149,0.0001086741,0.1359282,-8.613287e-07,0.008857939,-0.0003965172,2.11,4.132065e-06,2.099102e-05,-9.978728e-07,-0.01502037,6.079517e-05,0.02294779,2.109
2024_02_12_21_05_34_063,0.7,0.0,228354.0,228354.0,90.0394,0.0001092338,0.1359283,-8.509395e-07,0.008858208,-0.0003935947,2.11,4.85569e-06,2.719301e-05,2.470329e-06,-0.01335144,-0.0001026337,-0.02271496,2.109
2024_02_12_21_05_34_097,0.7,0.0,228536.0,228536.0,90.11099,0.0001097323,0.1359283,-7.83472e-07,0.008858386,-0.0003942139,2.11,2.103855e-05,-0.0001329147,3.62464e-05,0.009298325,-0.0001449098,-0.003714114,2.109
2024_02_12_21_05_34_135,0.7,0.0,228733.0,228734.0,90.1889,0.000110268,0.1359283,-5.239262e-07,0.00885797,-0.0003935658,2.11,4.531967e-06,1.964544e-05,7.344351e-06,-0.06222725,-7.958715e-05,0.06846525,2.109
2024_02_12_21_05_34_172,0.7,0.0,228937.0,228937.0,90.26892,0.0001108079,0.1359285,-6.093209e-07,0.008858328,-0.0003993234,2.11,-1.572464e-05,-7.279854e-05,-3.118274e-05,-0.03170967,0.0001258277,0.0303071,2.109
2024_02_12_21_05_34_209,0.7,0.0,229134.0,229135.0,90.34683,0.0001113769,0.1359281,1.421258e-06,0.008857881,-0.0003970065,2.11,-4.031706e-05,1.738541e-05,-7.762141e-06,0.01049042,3.402511e-05,-0.0609681,2.109
2024_02_12_21_05_34_247,0.7,0.0,229338.0,229338.0,90.42685,0.0001119385,0.1359283,-4.807541e-07,0.008857939,-0.0004003858,2.11,2.73693e-06,1.656137e-05,-1.78682e-07,0.02527237,1.829994e-05,-0.05346909,2.109
2024_02_12_21_05_34_280,0.7,0.0,229514.0,229514.0,90.49634,0.0001124258,0.1359283,1.568841e-07,0.008858417,-0.0004014911,2.11,1.061963e-06,-7.466506e-05,3.928929e-06,-0.01096725,-0.000107264,-0.03052503,2.109
2024_02_12_21_05_34_318,0.7,0.0,229712.0,229712.0,90.57425,0.0001129484,0.1359284,-1.908102e-08,0.00885791,-0.0004058058,2.11,-1.893253e-05,-2.187631e-05,-3.203786e-05,0.01430511,0.0001759026,0.003932044,2.109
2024_02_12_21_05_34_355,0.7,0.0,229915.0,229915.0,90.65427,0.0001135068,0.1359285,-3.992725e-07,0.008858297,-0.0004090334,2.11,1.793581e-07,-0.0001371402,-3.079782e-06,0.01883507,3.163495e-05,-0.007783994,2.109
2024_02_12_21_05_34_393,0.7,0.0,230113.0,230113.0,90.73218,0.0001140564,0.1359281,-1.987452e-06,0.008857881,-0.0004112766,2.11,4.703294e-06,-1.46643e-05,3.733009e-06,0.01215935,0.0001219405,-0.05716458,2.109
2024_02_12_21_05_34_431,0.7,0.0,230316.0,230316.0,90.81219,0.0001146427,0.1359283,-1.001853e-06,0.00885791,-0.0004104568,2.11,2.431288e-06,3.189636e-05,4.296313e-06,0.03290176,0.0001512189,-0.01514703,2.109
2024_02_12_21_05_34_468,0.7,0.0,230514.0,230514.0,90.89011,0.0001152184,0.1359283,-4.538703e-07,0.008858387,-0.000408932,2.11,1.135753e-06,-0.0001470029,-2.25921e-07,0.02408027,-1.775152e-05,0.000257045,2.109
2024_02_12_21_05_34_505,0.7,0.0,230717.0,230717.0,90.97012,0.0001158053,0.1359284,1.02043e-06,0.00885791,-0.0004037335,2.11,-3.411269e-07,-4.598711e-06,-3.266073e-06,-0.005245208,9.126233e-05,-0.00411272,2.109
2024_02_12_21_05_34_538,0.7,0.0,230894.0,230894.0,91.03961,0.0001162728,0.1359283,-3.720226e-07,0.008858088,-0.0004064202,2.11,-1.195119e-06,-2.955563e-05,1.852488e-06,-0.03743172,-4.324647e-06,0.04587695,2.109
2024_02_12_21_05_34_575,0.7,0.0,231097.0,231097.0,91.11963,0.000116832,0.1359282,-9.670529e-07,0.008857881,-0.0004060835,2.11,6.420884e-07,-6.515037e-06,-1.934097e-06,0.01001358,4.896355e-05,-0.06874837,2.109
2024_02_12_21_05_34_609,0.7,0.0,231273.0,231273.0,91.18912,0.0001173149,0.1359283,-9.444429e-08,0.008858059,-0.0004110489,2.11,1.434847e-06,-6.266245e-05,1.693601e-06,0.0333786,7.258041e-05,-0.02673082,2.109
2024_02_12_21_05_34_647,0.7,0.0,231476.0,231476.0,91.26913,0.0001178785,0.1359285,-8.25361e-07,0.008858417,-0.0004119526,2.11,4.302185e-05,-0.0001190897,1.132865e-05,0.02336502,-0.0001426197,-0.04586018,2.109
2024_02_12_21_05_34_685,0.7,0.0,231674.0,231674.0,91.34705,0.0001183999,0.1359282,-1.082933e-07,0.008857909,-0.0004169596,2.11,-2.204571e-07,3.677941e-05,-6.372806e-06,0.002861023,2.652177e-05,-0.007526949,2.109
2024_02_12_21_05_34_722,0.7,0.0,231877.0,231877.0,91.42706,0.0001189633,0.1359284,-2.126966e-07,0.008858416,-0.0004194238,2.11,-1.808652e-05,-9.152581e-06,2.030783e-05,-0.01096725,2.002707e-05,0.003909692,2.109
2024_02_12_21_05_34_759,0.7,0.0,232075.0,232075.0,91.50497,0.0001195351,0.1359281,-9.411424e-07,0.008858,-0.0004194296,2.11,2.797858e-06,1.639477e-05,8.684276e-07,-0.02217293,-3.288369e-05,-0.03065355,2.109
2024_02_12_21_05_34_797,0.7,0.0,232278.0,232278.0,91.58499,0.000120107,0.1359284,2.018045e-07,0.008858237,-0.0004243004,2.11,3.316779e-06,-7.71603e-05,6.304582e-07,0.01263618,-8.723873e-06,-0.007690861,2.109
2024_02_12_21_05_34_833,0.7,0.0,232476.0,232476.0,91.6629,0.000120725,0.1359282,-7.667822e-07,0.00885797,-0.0004185609,2.11,6.796553e-06,2.838945e-05,2.839254e-06,-0.007390975,0.0001052813,0.02686679,2.109
2024_02_12_21_05_34_872,0.7,0.0,232679.0,232679.0,91.74292,0.0001213422,0.1359283,-7.128073e-07,0.008857939,-0.0004166354,2.11,3.134016e-06,-8.482066e-05,5.720983e-06,0.04696846,-9.384711e-05,-0.05354732,2.109
2024_02_12_21_05_34_905,0.7,0.0,232856.0,232856.0,91.81241,0.000121857,0.1359283,-6.192177e-08,0.008857969,-0.0004151934,2.11,-1.490944e-07,3.212467e-05,1.369341e-06,-0.03576279,-7.777088e-05,0.06877258,2.109
2024_02_12_21_05_34_943,0.7,0.0,233054.0,233054.0,91.89032,0.0001224086,0.1359282,-2.12336e-07,0.008858328,-0.0004167583,2.11,-7.324828e-07,-0.000113118,5.427789e-06,0.01096725,-3.062814e-05,-0.007424503,2.109
2024_02_12_21_05_34_976,0.7,0.0,233235.0,233235.0,91.96191,0.0001229427,0.1359283,-2.862594e-07,0.008857939,-0.0004141714,2.11,-1.95799e-05,7.239068e-06,-2.714593e-05,0.03075599,0.0001295102,-0.05735643,2.109
2024_02_12_21_05_35_013,0.7,0.0,233433.0,233433.0,92.03983,0.0001235218,0.1359283,-2.4415e-07,0.008858566,-0.0004137177,2.11,-2.648806e-07,-4.193885e-05,3.972727e-06,-0.0166893,-5.334277e-05,0.02307445,2.109
2024_02_12_21_05_35_051,0.7,0.0,233636.0,233636.0,92.11984,0.000124096,0.1359283,-6.999693e-08,0.008857939,-0.0004156062,2.11,-8.856713e-07,-6.80959e-05,-1.919706e-06,0.05316734,-7.48605e-06,-0.06856583,2.109
2024_02_12_21_05_35_088,0.7,0.0,233834.0,233834.0,92.19775,0.0001246245,0.1359283,-1.06489e-06,0.008857969,-0.0004221924,2.11,2.056127e-05,2.895041e-06,-2.876913e-05,0.009536743,0.0002300903,-0.01526438,2.109
2024_02_12_21_05_35_126,0.7,0.0,234037.0,234037.0,92.27777,0.0001252156,0.1359282,-6.785075e-07,0.00885788,-0.0004181652,2.11,3.836573e-07,7.224635e-07,2.425752e-06,-0.0009536743,3.742662e-05,-4.097819e-05,2.109
2024_02_12_21_05_35_159,0.7,0.0,234214.0,234214.0,92.34726,0.0001257208,0.1359284,8.84809e-09,0.008858358,-0.0004191511,2.11,2.058197e-05,-6.330891e-06,-1.842594e-05,-0.04029274,4.897811e-05,0.08028186,2.109
2024_02_12_21_05_35_197,0.7,0.0,234412.0,234412.0,92.42517,0.0001262879,0.1359284,-9.016102e-07,0.008858417,-0.0004190026,2.11,2.660916e-06,-8.964598e-05,1.552723e-06,-0.01430511,0.0001315402,0.07258728,2.109
2024_02_12_21_05_35_235,0.7,0.0,234615.0,234615.0,92.50519,0.0001268735,0.1359283,2.500564e-07,0.008858058,-0.0004217447,2.11,3.150852e-06,-0.0001309961,8.412295e-07,0.02431869,4.056346e-06,-0.04196353,2.109
2024_02_12_21_05_35_272,0.7,0.0,234813.0,234813.0,92.5831,0.0001274575,0.1359284,1.170019e-06,0.008858237,-0.0004213362,2.11,-4.606485e-07,-7.891364e-05,1.97843e-06,-0.0007152557,-2.871547e-05,-0.0001359731,2.109
2024_02_12_21_05_35_309,0.7,0.0,235016.0,235016.0,92.66312,0.0001280318,0.1359282,-7.94726e-07,0.008858298,-0.0004236778,2.11,1.705829e-07,-0.0001100313,-5.076262e-06,0.0009536743,0.0001085445,0.0002365559,2.109
2024_02_12_21_05_35_347,0.7,0.0,235214.0,235214.0,92.74103,0.0001286253,0.1359283,5.784785e-08,0.008857968,-0.0004227427,2.11,2.040564e-06,3.390678e-05,-4.210886e-06,-0.00333786,-4.257162e-05,-0.01905859,2.109
2024_02_12_21_05_35_381,0.7,0.0,235395.0,235396.0,92.81262,0.0001291684,0.1359283,2.400913e-07,0.008858268,-0.0004213962,2.11,-4.748888e-07,-4.063432e-05,-4.475402e-06,-0.009059906,-0.0001106237,0.03814884,2.109
2024_02_12_21_05_35_417,0.7,0.0,235593.0,235593.0,92.89053,0.0001297568,0.1359282,3.835645e-07,0.008857969,-0.000417772,2.11,1.536471e-06,1.147377e-05,-1.345873e-06,-0.007390975,8.966162e-05,0.01166202,2.109
2024_02_12_21_05_35_454,0.7,0.0,235796.0,235797.0,92.97055,0.0001303431,0.1359284,-1.112215e-06,0.008858268,-0.0004222743,2.11,6.51738e-07,-6.575189e-05,-5.578134e-06,-0.02813339,4.806861e-05,0.01889654,2.109
2024_02_12_21_05_35_492,0.7,0.0,235994.0,235994.0,93.04846,0.0001309303,0.1359282,-1.214925e-06,0.008858326,-0.0004208949,2.11,-2.282336e-06,-0.0001124896,7.296084e-06,0.02837181,-4.439244e-06,-0.01878291,2.109
2024_02_12_21_05_35_526,0.7,0.0,236176.0,236176.0,93.12006,0.0001314749,0.1359283,-1.232052e-06,0.008858209,-0.0004226025,2.11,3.491123e-06,1.69265e-05,6.432635e-07,-0.02408027,9.968607e-05,-0.03059022,2.109
2024_02_12_21_05_35_564,0.7,0.0,236374.0,236374.0,93.19797,0.0001320717,0.1359283,5.069121e-07,0.008858237,-0.0004250653,2.11,9.512537e-07,-2.616636e-05,8.129731e-06,-0.007390975,-2.803608e-05,-6.705523e-05,2.109
2024_02_12_21_05_35_597,0.7,0.0,236550.0,236550.0,93.26746,0.0001325767,0.1359283,-5.307551e-08,0.008858268,-0.0004311126,2.11,-2.40978e-06,-0.0001035519,1.546853e-06,0.01549721,9.742506e-06,0.03843941,2.109
2024_02_12_21_05_35_635,0.7,0.0,236754.0,236754.0,93.34747,0.0001331757,0.1359284,1.074483e-06,0.008858208,-0.0004287889,2.11,-1.904261e-06,-9.545982e-05,9.296098e-06,0.03147125,-9.771428e-05,-0.0306163,2.109
2024_02_12_21_05_35_667,0.7,0.0,236930.0,236930.0,93.41696,0.000133674,0.1359282,1.676537e-07,0.00885797,-0.0004334829,2.11,-3.484095e-06,8.24569e-06,-3.847745e-06,0.0004768371,7.03003e-05,-0.04593655,2.109
2024_02_12_21_05_35_705,0.7,0.0,237133.0,237133.0,93.49698,0.0001342631,0.1359284,8.136014e-07,0.00885788,-0.0004332557,2.11,1.77358e-05,-3.963194e-05,2.9423e-05,-0.008821487,-0.0002540282,0.003617257,2.109
2024_02_12_21_05_35_742,0.7,0.0,237331.0,237331.0,93.57489,0.0001348354,0.1359285,5.264278e-07,0.008858446,-0.0004331203,2.11,-2.178725e-05,-0.0001113814,1.518123e-05,0.0009536743,0.0001166081,-0.004017726,2.109
2024_02_12_21_05_35_777,0.7,0.0,237513.0,237513.0,93.64648,0.0001353979,0.1359283,1.216255e-07,0.008858327,-0.0004297862,2.11,3.955204e-06,-0.0001456972,2.575021e-06,-0.00166893,-2.426532e-05,8.381902e-05,2.109
2024_02_12_21_05_35_814,0.7,0.0,237711.0,237711.0,93.7244,0.0001359788,0.1359282,1.292651e-06,0.008857939,-0.0004319712,2.11,-1.50363e-06,4.128996e-05,3.027139e-06,-0.0002384186,3.855893e-05,8.195638e-05,2.109
2024_02_12_21_05_35_851,0.7,0.0,237914.0,237914.0,93.80441,0.0001365579,0.1359283,-1.541471e-06,0.008858446,-0.0004368239,2.11,4.268526e-05,-0.0001066541,6.385002e-06,-0.008583069,-0.0001507142,3.72529e-06,2.109
2024_02_12_21_05_35_889,0.7,0.0,238112.0,238112.0,93.88232,0.0001371376,0.1359283,-9.887675e-07,0.00885791,-0.0004379053,2.11,1.255252e-06,3.642209e-07,5.064571e-06,-0.009298325,-1.956869e-05,-0.0001601875,2.109
2024_02_12_21_05_35_922,0.7,0.0,238288.0,238288.0,93.95181,0.00013765,0.1359283,-2.383588e-07,0.008858177,-0.0004431597,2.11,-1.993164e-05,1.678093e-05,9.280091e-06,-0.005245208,5.813126e-05,-0.03437884,2.109
2024_02_12_21_05_35_959,0.7,0.0,238491.0,238491.0,94.03183,0.000138274,0.1359282,7.399709e-07,0.008857911,-0.000443243,2.11,-1.964171e-05,5.97302e-05,2.078529e-05,-0.02908706,-7.751805e-05,-0.02683513,2.109
2024_02_12_21_05_35_992,0.7,0.0,238668.0,238668.0,94.10132,0.0001388219,0.1359283,-9.562169e-07,0.00885809,-0.000442501,2.11,2.705363e-06,-5.715413e-05,4.091094e-06,-0.02384186,-6.098525e-05,0.06093829,2.109
2024_02_12_21_05_36_030,0.7,0.0,238871.0,238871.0,94.18134,0.0001394589,0.1359282,-1.612143e-06,0.008858178,-0.0004398042,2.11,2.359086e-05,5.370185e-07,2.719976e-05,0.008583069,-6.950177e-05,0.0155326,2.109
2024_02_12_21_05_36_067,0.7,0.0,239069.0,239069.0,94.25925,0.0001400675,0.1359283,-2.64093e-06,0.008857821,-0.0004387198,2.11,2.1207e-06,-4.192546e-05,-3.513175e-06,0.01072884,0.0002912984,-0.03059953,2.109
2024_02_12_21_05_36_105,0.7,0.0,239272.0,239272.0,94.33926,0.0001406902,0.1359283,-9.617276e-07,0.008858087,-0.0004385214,2.11,1.443605e-06,6.158987e-05,4.37298e-06,-0.0004768371,0.0001065637,-0.03816374,2.109
2024_02_12_21_05_36_138,0.7,0.0,239448.0,239448.0,94.40875,0.0001412419,0.1359283,-1.475147e-06,0.00885806,-0.0004363634,2.11,-1.362358e-07,-7.140256e-05,4.13286e-06,0.02169609,-9.663017e-05,-0.00767596,2.109
2024_02_12_21_05_36_176,0.7,0.0,239651.0,239652.0,94.48877,0.000141865,0.1359283,2.690488e-07,0.008858148,-0.0004366066,2.11,6.608572e-07,1.80875e-05,-1.043317e-06,-0.03457069,1.934495e-05,0.0382103,2.109
2024_02_12_21_05_36_213,0.7,0.0,239849.0,239849.0,94.56668,0.0001424393,0.1359283,5.225669e-07,0.008858119,-0.0004417732,2.11,-2.257505e-06,-2.083488e-05,-5.25075e-06,-0.004768372,0.0001145527,0.08415244,2.109
2024_02_12_21_05_36_251,0.7,0.0,240052.0,240053.0,94.6467,0.0001430601,0.1359282,3.343958e-07,0.008857939,-0.0004400289,2.11,4.577876e-07,-2.27727e-05,-8.491546e-07,0.01597404,6.74936e-05,-0.04566088,2.109
2024_02_12_21_05_36_288,0.7,0.0,240250.0,240250.0,94.72461,0.0001436603,0.1359284,-9.120561e-07,0.00885788,-0.0004475067,2.11,2.359837e-06,1.051326e-05,-2.27371e-08,0.02717972,-6.053051e-05,-0.04595704,2.109
2024_02_12_21_05_36_327,0.7,0.0,240448.0,240448.0,94.80252,0.0001442907,0.1359283,2.611208e-07,0.008858268,-0.0004431909,2.11,-2.785966e-07,-0.0001016809,-1.68097e-06,0.01144409,2.517481e-06,-0.02297386,2.109
2024_02_12_21_05_36_364,0.7,0.0,240651.0,240651.0,94.88254,0.0001449139,0.1359285,3.400106e-07,0.008858298,-0.0004443438,2.11,-1.642506e-06,-8.493379e-05,-1.602421e-06,0.01573563,4.115281e-05,0.07642806,2.109
2024_02_12_21_05_36_401,0.7,0.0,240849.0,240849.0,94.96045,0.0001455135,0.1359283,1.274059e-07,0.008858386,-0.0004444789,2.11,1.376658e-06,-0.0001141532,3.144139e-06,0.02741813,4.806133e-05,-0.01514703,2.109
2024_02_12_21_05_36_438,0.7,0.0,241052.0,241052.0,95.04047,0.0001461544,0.1359283,-2.071938e-06,0.008857939,-0.0004465864,2.11,2.377351e-06,-2.119769e-05,-6.117535e-06,0.004053116,0.0001683947,-0.03043003,2.109
2024_02_12_21_05_36_472,0.7,0.0,241229.0,241229.0,95.10995,0.0001467106,0.1359284,-6.787085e-07,0.008858208,-0.0004485971,2.11,7.429462e-07,-6.364986e-05,6.357575e-06,0.006198883,7.025665e-05,0.03051199,2.109
2024_02_12_21_05_36_509,0.7,0.0,241432.0,241432.0,95.18997,0.0001473415,0.1359282,1.533309e-07,0.008857791,-0.0004492447,2.11,-2.821334e-06,2.584137e-05,2.02203e-06,0.0007152557,-0.0001280205,0.07276423,2.109
2024_02_12_21_05_36_542,0.7,0.0,241608.0,241608.0,95.25946,0.0001478946,0.1359283,-2.593893e-07,0.008857999,-0.0004475405,2.11,-1.228476e-06,2.687618e-05,4.087396e-07,-0.02193451,-6.00703e-05,-0.0002067536,2.109
2024_02_12_21_05_36_580,0.7,0.0,241811.0,241812.0,95.33948,0.0001485311,0.1359283,-1.131676e-06,0.008858297,-0.0004479855,2.11,-1.962156e-05,-4.806105e-05,-3.239257e-05,0.004529953,0.0002434881,0.03445707,2.109
2024_02_12_21_05_36_619,0.7,0.0,242009.0,242009.0,95.41739,0.0001491494,0.1359282,9.939909e-07,0.00885788,-0.0004474024,2.11,-4.817915e-06,7.989746e-06,-4.486935e-06,0.006914138,3.626337e-05,0.007648021,2.109
2024_02_12_21_05_36_650,0.7,0.0,242186.0,242186.0,95.48688,0.0001496643,0.1359283,8.990267e-07,0.008858118,-0.0004515124,2.11,-4.907481e-06,-8.898955e-05,-4.916084e-07,0.002145767,-0.0001982807,0.04963576,2.109
2024_02_12_21_05_36_688,0.7,0.0,242389.0,242389.0,95.56689,0.0001502704,0.1359283,5.166644e-09,0.008858298,-0.0004503867,2.11,-2.654772e-06,-0.0001310691,9.13205e-08,0.007629394,-8.178176e-06,0.02313591,2.109
2024_02_12_21_05_36_725,0.7,0.0,242587.0,242587.0,95.64481,0.0001508712,0.1359284,-1.554411e-06,0.008858029,-0.0004534143,2.11,2.187847e-05,-3.186873e-05,2.779989e-05,0.01335144,-0.0001400003,-0.05738437,2.109
2024_02_12_21_05_36_764,0.7,0.0,242790.0,242790.0,95.72482,0.0001514991,0.1359285,-6.530481e-07,0.008858446,-0.0004561568,2.11,1.41652e-06,-0.0001013569,4.664618e-07,-0.0002384186,-2.065098e-05,-0.007787719,2.109
2024_02_12_21_05_36_801,0.7,0.0,242988.0,242988.0,95.80273,0.0001521202,0.1359283,-5.593003e-07,0.008858386,-0.0004571127,2.11,4.290551e-06,-0.000133469,1.085879e-06,0.003814697,4.753019e-06,0.003971159,2.109
2024_02_12_21_05_36_838,0.7,0.0,243191.0,243191.0,95.88275,0.0001527759,0.1359284,-1.855685e-08,0.008858237,-0.0004567342,2.11,1.34818e-06,-8.856035e-05,5.070533e-06,0.02789497,-0.00020878,0.04596449,2.109
2024_02_12_21_05_36_875,0.7,0.0,243389.0,243389.0,95.96066,0.0001533861,0.1359283,-3.305501e-07,0.008858358,-0.000459212,2.11,3.762572e-07,-9.956496e-05,1.363787e-06,-0.00333786,-7.565723e-05,0.05375035,2.109
2024_02_12_21_05_36_913,0.7,0.0,243592.0,243592.0,96.04068,0.0001540263,0.1359285,-4.521878e-08,0.008858328,-0.0004623257,2.11,2.082279e-06,1.182814e-05,1.507609e-07,-0.03433228,-7.822745e-05,0.04581362,2.109
2024_02_12_21_05_36_946,0.7,0.0,243768.0,243768.0,96.11017,0.000154612,0.1359284,-1.40026e-06,0.008858238,-0.0004613787,2.11,2.896843e-06,-2.213602e-05,1.337745e-06,-0.03123283,-7.152084e-05,0.0302922,2.109
2024_02_12_21_05_36_984,0.7,0.0,243972.0,243972.0,96.19019,0.000155247,0.1359282,-4.984461e-07,0.00885782,-0.0004627921,2.11,2.025359e-05,-1.639648e-05,-2.090478e-05,0.003099441,-0.0002593278,0.03831089,2.109
2024_02_12_21_05_37_021,0.7,0.0,244169.0,244169.0,96.2681,0.0001558693,0.1359284,-1.35407e-06,0.008858327,-0.0004619579,2.11,-3.36392e-07,-3.601513e-05,-4.045958e-06,-0.005960464,0.0001974404,-0.02293475,2.109
2024_02_12_21_05_37_055,0.7,0.0,244351.0,244351.0,96.33969,0.0001564342,0.1359282,-9.250424e-07,0.008858328,-0.0004636403,2.11,7.069145e-07,-9.537303e-05,-6.843876e-06,-0.007867813,0.0001163753,0.01548976,2.109
2024_02_12_21_05_37_092,0.7,0.0,244549.0,244549.0,96.4176,0.0001570668,0.1359283,-1.405089e-07,0.008857968,-0.0004602808,2.11,1.692655e-06,-2.99251e-05,2.03092e-06,0.02837181,-7.374911e-05,-0.06880797,2.109
2024_02_12_21_05_37_131,0.7,0.0,244752.0,244752.0,96.49762,0.0001577069,0.1359285,-1.005366e-06,0.008858268,-0.000465966,2.11,3.653113e-06,-9.255606e-05,2.237134e-07,-0.02598762,2.616252e-05,0.003473833,2.109
2024_02_12_21_05_37_168,0.7,0.0,244950.0,244950.0,96.57553,0.0001583492,0.1359282,-1.024028e-06,0.008857762,-0.0004705827,2.11,-1.974601e-05,1.319329e-05,9.523771e-06,-0.01549721,0.0001253702,0.0573527,2.109
2024_02_12_21_05_37_205,0.7,0.0,245153.0,245153.0,96.65555,0.0001590305,0.1359283,1.07944e-06,0.008857879,-0.0004662777,2.11,3.953238e-07,2.946951e-05,-2.599677e-06,0.01382828,-8.797178e-05,-0.03813393,2.109
2024_02_12_21_05_37_242,0.7,0.0,245351.0,245351.0,96.73346,0.000159653,0.1359283,8.60874e-08,0.008858387,-0.0004668433,2.11,9.500611e-07,-0.0001505166,2.751375e-06,0.003099441,-2.234265e-05,-5.587935e-06,2.109
2024_02_12_21_05_37_280,0.7,0.0,245554.0,245554.0,96.81348,0.0001603014,0.1359283,2.872372e-07,0.008857998,-0.0004664397,2.11,1.501501e-07,-4.051449e-05,-2.140316e-06,0.04577636,1.122134e-05,-0.05341135,2.109
2024_02_12_21_05_37_317,0.7,0.0,245752.0,245752.0,96.89139,0.0001609336,0.1359285,1.439314e-07,0.008858268,-0.0004675318,2.11,1.179964e-06,-9.114555e-05,1.248369e-06,-0.007390975,-2.286288e-05,0.0685025,2.109
2024_02_12_21_05_37_350,0.7,0.0,245929.0,245929.0,96.96088,0.0001614926,0.1359281,1.985204e-07,0.008858059,-0.0004682068,2.11,2.6422e-07,-1.082991e-05,1.759566e-06,0.0009536743,3.339664e-06,0.03849901,2.109
2024_02_12_21_05_37_388,0.7,0.0,246132.0,246133.0,97.04089,0.0001621384,0.1359284,-1.008178e-06,0.008858297,-0.0004720584,2.11,1.416579e-06,-4.755342e-05,2.490917e-06,-0.004291534,-7.028029e-05,-0.0001937151,2.109
2024_02_12_21_05_37_426,0.7,0.0,246331.0,246331.0,97.1188,0.0001627443,0.1359283,-1.826131e-06,0.008858386,-0.0004812827,2.11,5.131567e-08,-0.0001160363,-5.239214e-06,0.002384186,0.0001005374,-0.01527369,2.109
2024_02_12_21_05_37_463,0.7,0.0,246534.0,246534.0,97.19882,0.0001634217,0.1359284,-6.736658e-07,0.008857999,-0.0004810249,2.11,-1.949976e-05,-4.159665e-05,-2.803928e-05,0.02670288,-3.482091e-05,-0.03069453,2.109
2024_02_12_21_05_37_501,0.7,0.0,246733.0,246733.0,97.27673,0.0001640653,0.1359284,-4.32206e-07,0.008858356,-0.000483481,2.11,2.40599e-06,-4.135846e-05,-4.515535e-06,-0.01883507,-8.327151e-05,-7.636845e-05,2.109
2024_02_12_21_05_37_538,0.7,0.0,246936.0,246936.0,97.35675,0.0001647204,0.1359281,-2.598309e-07,0.008857821,-0.0004900537,2.11,-1.582912e-05,2.858152e-05,1.476761e-05,-0.0002384186,-1.002263e-06,-0.06106309,2.109
2024_02_12_21_05_37_575,0.7,0.0,247135.0,247135.0,97.43466,0.0001653811,0.1359284,8.667e-08,0.008858029,-0.0004926152,2.11,2.165532e-06,4.815959e-06,-2.07389e-06,0.0166893,-4.588582e-05,-0.03068894,2.109
2024_02_12_21_05_37_612,0.7,0.0,247338.0,247338.0,97.51468,0.000166055,0.1359283,4.733144e-07,0.00885809,-0.0004948747,2.11,-3.986934e-05,-0.0001165325,-1.139268e-05,0.01811981,-6.436676e-05,-0.003889203,2.109
2024_02_12_21_05_37_651,0.7,0.0,247537.0,247537.0,97.59259,0.000166695,0.1359283,-1.392544e-06,0.008857998,-0.0005013938,2.11,7.609714e-07,-2.71254e-05,4.535923e-05,0.0004768371,-2.590059e-05,-0.01544505,2.109
2024_02_12_21_05_37_689,0.7,0.0,247740.0,247740.0,97.67261,0.0001673962,0.1359284,-2.355783e-06,0.00885809,-0.0004988059,2.11,2.927182e-06,-5.05489e-05,-4.313447e-06,-0.004768372,-0.000114831,0.04187785,2.109
2024_02_12_21_05_37_722,0.7,0.0,247917.0,247917.0,97.7421,0.0001679978,0.1359282,-2.648055e-06,0.008857881,-0.0005026376,2.11,5.219557e-05,-3.22282e-05,4.137883e-06,0.01120567,-0.0002157194,-0.05732849,2.109
2024_02_12_21_05_37_759,0.7,0.0,248121.0,248121.0,97.82211,0.0001687403,0.1359284,-2.272703e-06,0.008857969,-0.000496997,2.11,4.913888e-06,2.880517e-05,-1.756864e-06,-0.007390975,-2.262823e-06,-0.007705763,2.109
2024_02_12_21_05_37_796,0.7,0.0,248319.0,248319.0,97.90002,0.0001694277,0.1359283,-4.642776e-07,0.008858386,-0.0004993794,2.11,-3.702116e-05,-0.0001200246,-4.75731e-06,0.004768372,8.239294e-05,0.01548044,2.109
2024_02_12_21_05_37_834,0.7,0.0,248523.0,248523.0,97.98004,0.0001701426,0.1359283,-9.703652e-07,0.008857999,-0.0005018931,2.11,3.299758e-06,4.90987e-05,1.365373e-06,-0.02431869,-0.0001583539,-2.793968e-05,2.109
2024_02_12_21_05_37_871,0.7,0.0,248721.0,248721.0,98.05795,0.0001708332,0.1359284,-1.898575e-06,0.008858268,-0.0005007515,2.11,2.055058e-05,-5.443574e-05,3.050205e-05,-0.02002716,-0.0001231201,0.0112541,2.109
2024_02_12_21_05_37_909,0.7,0.0,248925.0,248925.0,98.13797,0.0001715323,0.1359282,-5.522001e-07,0.008857881,-0.0005022698,2.11,1.084832e-06,-8.558276e-06,2.404623e-06,0.0,-6.785194e-05,-2.235174e-05,2.109
2024_02_12_21_05_37_947,0.7,0.0,249123.0,249123.0,98.21588,0.0001722187,0.1359283,-2.844433e-08,0.008858,-0.0005024651,2.11,-2.357928e-05,1.569328e-05,1.564315e-05,-0.01001358,0.0001131739,0.01145527,2.109
2024_02_12_21_05_37_985,0.7,0.0,249327.0,249327.0,98.2959,0.0001729271,0.1359282,-1.889814e-07,0.00885791,-0.0004995133,2.11,4.131554e-07,2.097987e-05,4.787779e-07,-0.006198883,-6.588379e-06,-0.00766851,2.109
2024_02_12_21_05_38_022,0.7,0.0,249525.0,249525.0,98.37381,0.0001736017,0.1359283,3.12952e-07,0.00885788,-0.0004998438,2.11,-1.167846e-06,-1.672815e-05,1.201292e-06,0.02551079,-8.925781e-06,-0.03822148,2.109
2024_02_12_21_05_38_059,0.7,0.0,249729.0,249729.0,98.45383,0.0001742924,0.1359283,-1.651021e-06,0.008858178,-0.000502609,2.11,2.288707e-05,-3.774626e-05,2.50072e-05,-0.01120567,-8.435017e-05,-0.01940317,2.109
2024_02_12_21_05_38_097,0.7,0.0,249927.0,249927.0,98.53174,0.0001749821,0.1359282,-5.331989e-07,0.00885785,-0.0005025464,2.11,2.21153e-05,-4.070215e-05,-1.892937e-05,0.003814697,-0.0002032066,-0.003693625,2.109
2024_02_12_21_05_38_134,0.7,0.0,250131.0,250131.0,98.61176,0.0001757054,0.1359284,-1.587884e-06,0.008858535,-0.0005021701,2.11,1.903578e-06,-5.985973e-05,-1.109392e-06,0.004053116,2.755587e-05,-0.03057904,2.109
2024_02_12_21_05_38_172,0.7,0.0,250329.0,250329.0,98.68967,0.0001763786,0.1359283,1.621451e-06,0.008858358,-0.0005056761,2.11,-4.329162e-06,-0.0001177,3.79897e-06,-0.005960464,-8.829738e-05,-0.003783032,2.109
2024_02_12_21_05_38_209,0.7,0.0,250533.0,250533.0,98.76968,0.0001770594,0.1359284,-1.165535e-06,0.008858237,-0.0005061303,2.11,-8.525664e-08,-6.654321e-05,7.28944e-06,0.009775162,6.76664e-07,-0.007627531,2.109
2024_02_12_21_05_38_242,0.7,0.0,250709.0,250710.0,98.83917,0.0001776652,0.1359284,-1.776896e-06,0.008858178,-0.000508345,2.11,3.206864e-06,-3.71077e-05,-5.101021e-06,-0.01978874,0.0001256576,0.03796071,2.109
2024_02_12_21_05_38_279,0.7,0.0,250908.0,250908.0,98.91708,0.000178371,0.1359282,-1.060275e-07,0.00885794,-0.0005057254,2.11,3.61883e-07,-1.353283e-05,1.891758e-07,0.0007152557,1.462467e-06,9.313225e-05,2.109
2024_02_12_21_05_38_313,0.7,0.0,251090.0,251090.0,98.98868,0.0001790225,0.1359283,-1.054658e-06,0.008858088,-0.0005054361,2.11,2.225052e-06,8.321102e-05,4.437588e-06,-0.03647804,-0.0001571134,-0.007702037,2.109
2024_02_12_21_05_38_350,0.7,0.0,251288.0,251288.0,99.06659,0.0001797184,0.1359282,-1.196574e-06,0.008857969,-0.0005091062,2.11,2.157529e-05,-2.10349e-05,2.991825e-05,0.01978874,-7.218841e-05,0.02698973,2.109
2024_02_12_21_05_38_387,0.7,0.0,251492.0,251492.0,99.14661,0.0001804334,0.1359283,-4.77631e-07,0.008857939,-0.0005113616,2.11,-1.652981e-06,3.608709e-06,-4.870381e-06,-0.005722045,-4.430694e-05,0.04194863,2.109
2024_02_12_21_05_38_425,0.7,0.0,251690.0,251690.0,99.22452,0.0001811367,0.1359285,-2.230327e-07,0.008858178,-0.0005105277,2.11,-1.964316e-05,-1.427914e-05,1.860358e-05,-0.009298325,-1.517037e-06,0.003846362,2.109
2024_02_12_21_05_38_463,0.7,0.0,251894.0,251894.0,99.30453,0.0001818706,0.1359282,-7.804205e-07,0.008857911,-0.0005076277,2.11,2.306807e-05,-3.111029e-06,-9.398623e-06,0.0007152557,-0.0003019377,5.587935e-05,2.109
2024_02_12_21_05_38_501,0.7,0.0,252092.0,252092.0,99.38245,0.0001825751,0.1359283,-5.612429e-07,0.00885809,-0.0005077352,2.11,-2.506533e-07,3.730293e-05,1.04127e-05,-0.002145767,-0.0001391472,-0.01902692,2.109
2024_02_12_21_05_38_537,0.7,0.0,252296.0,252296.0,99.46246,0.0001832799,0.1359282,6.135998e-07,0.008858,-0.0005081978,2.11,-4.369886e-05,-1.496872e-06,2.836953e-06,0.00500679,-2.0882e-05,-0.01135468,2.109
2024_02_12_21_05_38_571,0.7,0.0,252473.0,252473.0,99.53195,0.0001838796,0.1359283,-3.350268e-07,0.00885806,-0.0005130895,2.11,2.196269e-05,-8.886314e-06,-1.586374e-05,-0.03361702,4.936555e-05,0.04574284,2.109
2024_02_12_21_05_38_609,0.7,0.0,252676.0,252677.0,99.61197,0.0001846095,0.1359284,-1.583841e-06,0.008858297,-0.0005120478,2.11,-1.001014e-06,-8.055707e-05,3.08361e-06,0.01239777,-9.71704e-06,0.04219263,2.109
2024_02_12_21_05_38_646,0.7,0.0,252875.0,252875.0,99.68988,0.0001853048,0.1359283,8.386725e-07,0.008858387,-0.0005105388,2.11,-2.450412e-05,-0.0001200033,2.079267e-05,0.0002384186,-0.0001505778,0.0001024455,2.109
2024_02_12_21_05_38_685,0.7,0.0,253078.0,253079.0,99.7699,0.0001860235,0.1359284,-7.541517e-08,0.008858327,-0.0005065099,2.11,-2.137021e-06,-9.13359e-05,3.430004e-06,0.001430511,-6.72153e-05,0.07257052,2.109
2024_02_12_21_05_38_721,0.7,0.0,253277.0,253277.0,99.84781,0.0001867038,0.1359283,-6.23215e-07,0.008858387,-0.0005070267,2.11,-7.008511e-08,-0.0001324874,1.072946e-07,0.01096725,-2.813976e-05,-0.007458031,2.109
2024_02_12_21_05_38_754,0.7,0.0,253454.0,253454.0,99.9173,0.0001873243,0.1359284,-4.592756e-07,0.00885791,-0.0005046305,2.11,4.131031e-07,2.096351e-07,2.874117e-06,0.02551079,1.158878e-05,-0.01524202,2.109
2024_02_12_21_05_38_788,0.7,0.0,253636.0,253636.0,99.98889,0.0001879556,0.1359284,-3.990447e-07,0.008858297,-0.0005073401,2.11,-3.813503e-07,-4.050649e-05,2.924516e-06,-0.02217293,-0.0001027347,0.01516566,2.109
2024_02_12_21_05_38_821,0.7,0.0,253813.0,253813.0,100.0584,0.0001885627,0.1359282,-4.839286e-07,0.008858088,-0.0005102336,2.11,1.797386e-06,4.237466e-05,2.351285e-06,-0.03075599,-1.406079e-05,0.03824942,2.109
2024_02_12_21_05_38_858,0.7,0.0,254016.0,254017.0,100.1384,0.0001892695,0.1359284,1.597032e-06,0.008857912,-0.0005127683,2.11,-2.053628e-06,5.204029e-05,2.07425e-06,-0.009298325,-0.0001565277,0.04575401,2.109
2024_02_12_21_05_38_896,0.7,0.0,254215.0,254215.0,100.2163,0.0001899296,0.1359283,-2.475662e-06,0.008858537,-0.0005209514,2.11,2.140314e-05,-9.085233e-05,2.532336e-05,-0.007152557,-2.926572e-05,0.01928583,2.109
2024_02_12_21_05_38_933,0.7,0.0,254418.0,254419.0,100.2963,0.0001906714,0.1359283,9.05661e-07,0.00885794,-0.0005153943,2.11,-2.06584e-05,-2.336235e-05,-2.844607e-05,0.01716614,6.4907e-05,-0.01128577,2.109
2024_02_12_21_05_38_971,0.7,0.0,254617.0,254617.0,100.3742,0.0001913492,0.1359284,-1.952921e-06,0.008858238,-0.0005213059,2.11,1.943135e-05,-8.171868e-05,2.976294e-05,0.00667572,-0.0002946344,0.06885827,2.109
2024_02_12_21_05_39_008,0.7,0.0,254815.0,254815.0,100.4521,0.0001921024,0.1359282,-1.591895e-06,0.008858029,-0.0005108697,2.11,5.532278e-06,5.04767e-06,7.29712e-06,0.008106232,-0.0001090975,-0.01513772,2.109
2024_02_12_21_05_39_046,0.7,0.0,255019.0,255019.0,100.5322,0.0001928358,0.1359283,-1.126166e-06,0.008857911,-0.0005165089,2.11,6.641462e-06,4.009491e-05,1.368253e-05,-0.0257492,-6.010123e-05,0.04190951,2.109
2024_02_12_21_05_39_084,0.7,0.0,255217.0,255217.0,100.6101,0.000193554,0.1359283,4.543128e-07,0.008858448,-0.0005195219,2.11,-2.08232e-05,-0.0001319475,2.143879e-05,0.009775162,-7.720518e-05,0.003948808,2.109
2024_02_12_21_05_39_122,0.7,0.0,255421.0,255421.0,100.6901,0.0001942583,0.1359283,-8.087557e-07,0.00885809,-0.0005252629,2.11,-1.56083e-06,-2.270148e-05,-1.717843e-08,-0.01311302,0.0001007338,0.03809482,2.109
2024_02_12_21_05_39_155,0.7,0.0,255597.0,255598.0,100.7596,0.0001948911,0.1359284,-7.908052e-07,0.008858268,-0.0005267528,2.11,-2.179315e-05,-5.994656e-05,-3.075482e-05,0.002384186,-1.592525e-05,0.0536479,2.109
2024_02_12_21_05_39_192,0.7,0.0,255801.0,255801.0,100.8396,0.0001956272,0.1359282,-6.508834e-07,0.008857881,-0.000526763,2.11,2.162784e-05,-3.174848e-05,3.785879e-05,0.00834465,-0.0002989091,0.003797933,2.109
2024_02_12_21_05_39_229,0.7,0.0,255999.0,256000.0,100.9175,0.0001963515,0.1359283,7.503256e-07,0.00885791,-0.0005251485,2.11,-1.923828e-05,1.97652e-05,2.071503e-05,-0.007629394,-0.0001086191,-0.003889203,2.109
2024_02_12_21_05_39_266,0.7,0.0,256203.0,256203.0,100.9975,0.0001970698,0.1359282,-2.451564e-06,0.00885809,-0.000525467,2.11,-1.136065e-06,-2.489938e-05,-1.440788e-07,0.02980232,9.301947e-05,0.000398606,2.109
2024_02_12_21_05_39_305,0.7,0.0,256401.0,256401.0,101.0754,0.0001977857,0.1359283,4.203459e-07,0.00885788,-0.0005268008,2.11,-4.154436e-05,-7.347537e-05,-1.582884e-05,0.02980232,0.0001756562,-0.07654727,2.109
2024_02_12_21_05_39_342,0.7,0.0,256605.0,256605.0,101.1555,0.0001985289,0.1359283,-1.291296e-06,0.00885794,-0.0005249883,2.11,2.130664e-05,1.222014e-05,-1.641094e-05,-0.03743172,5.842957e-05,0.02646446,2.109
2024_02_12_21_05_39_375,0.7,0.0,256782.0,256782.0,101.2249,0.0001991648,0.1359281,1.280188e-06,0.008857851,-0.0005272697,2.11,2.707266e-06,1.049704e-05,6.849658e-06,0.005722045,-1.716762e-05,0.05382113,2.109
2024_02_12_21_05_39_414,0.7,0.0,256986.0,256986.0,101.305,0.0001999111,0.1359283,-1.849557e-06,0.008857732,-0.0005300951,2.11,3.030214e-06,4.531906e-05,8.666735e-06,-0.01955032,-0.0001233657,0.04195794,2.109
2024_02_12_21_05_39_450,0.7,0.0,257184.0,257184.0,101.3829,0.0002006254,0.1359283,-1.360629e-07,0.008858447,-0.0005328548,2.11,-1.255493e-08,-0.0001011975,2.630371e-06,-0.004291534,9.651557e-06,-8.754431e-05,2.109
2024_02_12_21_05_39_484,0.7,0.0,257361.0,257361.0,101.4524,0.0002012622,0.1359283,3.429648e-07,0.008858209,-0.0005338515,2.11,1.329391e-06,-0.0001381958,8.769257e-06,0.01263618,6.193113e-05,-0.003784895,2.109
2024_02_12_21_05_39_521,0.7,0.0,257564.0,257564.0,101.5324,0.0002019698,0.1359284,-1.208427e-06,0.008858268,-0.0005396256,2.11,6.119487e-07,-0.0001143522,-5.091964e-08,0.01215935,7.292147e-05,0.06874837,2.109
2024_02_12_21_05_39_555,0.7,0.0,257741.0,257741.0,101.6019,0.0002026169,0.1359282,-1.300416e-06,0.008858329,-0.0005399662,2.11,3.260634e-06,-0.0001302517,8.37366e-06,-0.0009536743,-2.93403e-06,0.0001229346,2.109
2024_02_12_21_05_39_592,0.7,0.0,257945.0,257945.0,101.6819,0.0002034281,0.1359284,-1.378863e-06,0.008858328,-0.0005352766,2.11,4.624692e-06,-6.432828e-05,9.781048e-06,-0.01335144,-0.0002355082,-0.0001303852,2.109
2024_02_12_21_05_39_625,0.7,0.0,258122.0,258122.0,101.7514,0.0002040836,0.1359285,4.442148e-07,0.008858329,-0.0005382802,2.11,2.400056e-05,-9.022232e-05,-1.416348e-05,-0.007867813,-4.036701e-05,0.01904927,2.109
2024_02_12_21_05_39_663,0.7,0.0,258326.0,258326.0,101.8314,0.0002048387,0.1359282,-9.171881e-07,0.00885797,-0.0005394926,2.11,-1.659052e-05,-5.666046e-06,-2.676296e-05,0.002145767,0.0001543903,-0.01510605,2.109
2024_02_12_21_05_39_700,0.7,0.0,258524.0,258524.0,101.9093,0.0002055829,0.1359283,-2.917007e-06,0.00885788,-0.0005424671,2.11,8.0425e-07,-6.700553e-06,2.263466e-06,0.006914138,2.293927e-05,0.007625669,2.109
2024_02_12_21_05_39_738,0.7,0.0,258727.0,258728.0,101.9893,0.0002063709,0.1359282,-7.715271e-07,0.008857882,-0.0005405425,2.11,2.256012e-06,-8.373988e-07,4.768423e-06,0.009536743,-4.990579e-05,-0.03051571,2.109
2024_02_12_21_05_39_771,0.7,0.0,258904.0,258905.0,102.0588,0.0002070179,0.1359283,1.157281e-06,0.008857939,-0.0005458375,2.11,-1.197734e-06,-5.080389e-05,-6.551209e-07,0.05054474,-0.0001332319,-0.05345419,2.109
2024_02_12_21_05_39_808,0.7,0.0,259103.0,259103.0,102.1367,0.0002077526,0.1359284,-2.688746e-07,0.008858268,-0.0005470386,2.11,1.781596e-07,-4.422906e-05,4.058018e-07,-0.00667572,-4.483627e-05,0.007633119,2.109
2024_02_12_21_05_39_842,0.7,0.0,259285.0,259285.0,102.2083,0.0002084517,0.1359283,-6.093384e-07,0.00885803,-0.0005444821,2.11,1.08513e-06,-3.93615e-06,1.686812e-07,0.001192093,-3.110836e-05,0.03834628,2.109
2024_02_12_21_05_39_880,0.7,0.0,259483.0,259483.0,102.2862,0.0002091559,0.1359284,6.048608e-07,0.008858238,-0.00055063,2.11,-2.561912e-06,-6.527268e-07,-3.120093e-06,-0.01549721,2.805973e-05,0.03845617,2.109
2024_02_12_21_05_39_917,0.7,0.0,259687.0,259687.0,102.3662,0.0002099094,0.1359282,4.530938e-07,0.008857941,-0.0005488648,2.11,-1.851164e-05,3.224558e-05,1.932337e-05,-0.02098083,-0.0001077042,0.02673827,2.109
2024_02_12_21_05_39_950,0.7,0.0,259864.0,259864.0,102.4357,0.0002105757,0.1359283,4.422483e-07,0.008857911,-0.0005470797,2.11,1.110215e-06,-6.559136e-05,2.233445e-06,0.002861023,5.70435e-06,0.0190977,2.109
2024_02_12_21_05_39_988,0.7,0.0,260067.0,260067.0,102.5157,0.0002113341,0.1359284,-1.634815e-06,0.008858238,-0.0005506675,2.11,1.3052e-06,-9.028942e-05,-2.168868e-06,0.00333786,4.446519e-05,0.03038533,2.109
2024_02_12_21_05_40_026,0.7,0.0,260266.0,260266.0,102.5937,0.0002120719,0.1359281,-9.039261e-07,0.008857882,-0.0005537759,2.11,2.335749e-06,3.015724e-05,-5.061549e-06,0.002622604,0.0001421595,-0.03801659,2.109
2024_02_12_21_05_40_063,0.7,0.0,260464.0,260464.0,102.6716,0.0002128428,0.1359283,-6.937923e-07,0.008857911,-0.0005530629,2.11,3.266113e-06,1.116193e-07,6.372138e-06,0.008583069,2.630077e-05,0.007528811,2.109
2024_02_12_21_05_40_100,0.7,0.0,260668.0,260668.0,102.7516,0.0002136159,0.1359283,-2.629703e-06,0.008858478,-0.0005560623,2.11,4.4966e-05,-0.0001179054,1.052331e-05,-0.00500679,-0.000104048,-0.03829226,2.109
2024_02_12_21_05_40_138,0.7,0.0,260866.0,260866.0,102.8295,0.000214385,0.1359283,-1.653165e-07,0.008858,-0.0005568058,2.11,3.093012e-06,2.716974e-05,1.022189e-06,-0.0004768371,0.0001266981,0.01149438,2.109
2024_02_12_21_05_40_176,0.7,0.0,261070.0,261070.0,102.9095,0.0002151491,0.1359284,1.087794e-06,0.008858387,-0.0005571688,2.11,-2.264585e-05,-6.109576e-05,1.325048e-05,0.0004768371,0.0001940752,0.01121871,2.109
2024_02_12_21_05_40_212,0.7,0.0,261268.0,261268.0,102.9874,0.0002159218,0.1359282,-7.868986e-07,0.008858297,-0.0005506704,2.11,8.941334e-07,-8.086561e-05,1.319037e-06,-0.009536743,-1.81808e-05,-0.03045983,2.109
2024_02_12_21_05_40_246,0.7,0.0,261450.0,261450.0,103.059,0.0002166063,0.1359284,-3.244543e-07,0.008858328,-0.0005521007,2.11,-6.917518e-07,-5.11982e-05,4.686036e-06,0.00834465,-2.779416e-05,0.007729977,2.109
2024_02_12_21_05_40_283,0.7,0.0,261648.0,261648.0,103.1369,0.0002173508,0.1359283,-3.91042e-07,0.008858477,-0.0005542305,2.11,9.536106e-07,-7.61956e-05,2.917202e-06,0.01788139,5.341462e-05,-0.06094575,2.109
2024_02_12_21_05_40_317,0.7,0.0,261831.0,261831.0,103.2085,0.0002180467,0.1359282,-1.739498e-06,0.00885791,-0.0005547925,2.11,2.256345e-06,-3.754489e-05,3.908857e-08,0.01549721,-1.258377e-05,-0.04595518,2.109
2024_02_12_21_05_40_355,0.7,0.0,262029.0,262029.0,103.2864,0.0002188127,0.1359285,-1.386315e-06,0.008858417,-0.0005524364,2.11,-1.439649e-06,-0.000106192,2.281887e-06,-0.005722045,-0.0001286153,-0.0002067536,2.109
2024_02_12_21_05_40_392,0.7,0.0,262233.0,262233.0,103.3665,0.0002195668,0.1359283,7.845526e-07,0.008858002,-0.0005523359,2.11,-3.270786e-06,-5.520521e-05,4.971808e-06,0.02026558,-0.0002452052,-0.03806874,2.109
2024_02_12_21_05_40_429,0.7,0.0,262431.0,262431.0,103.4444,0.0002203,0.1359283,-9.476522e-07,0.008857822,-0.0005546632,2.11,-1.99912e-05,4.425558e-05,-2.963822e-05,0.03027916,0.0001441367,-0.06878562,2.109
2024_02_12_21_05_40_462,0.7,0.0,262608.0,262608.0,103.5139,0.000220972,0.1359285,1.527868e-06,0.008858627,-0.0005591188,2.11,6.60458e-06,-3.468404e-05,-1.680137e-07,0.00166893,-0.000206177,0.004062429,2.109
2024_02_12_21_05_40_501,0.7,0.0,262811.0,262812.0,103.5939,0.0002217724,0.1359283,-1.755053e-07,0.008858,-0.0005582591,2.11,1.75987e-06,-0.0001372992,6.861723e-06,0.05578994,-4.765752e-05,-0.05343556,2.109
2024_02_12_21_05_40_537,0.7,0.0,263010.0,263010.0,103.6718,0.0002225248,0.1359284,1.066924e-06,0.008858327,-0.0005605197,2.11,-4.081905e-05,1.35555e-05,-8.804125e-06,-0.0371933,7.115341e-05,0.0381656,2.109
2024_02_12_21_05_40_571,0.7,0.0,263192.0,263192.0,103.7434,0.0002232102,0.1359283,1.347524e-06,0.008858358,-0.0005641805,2.11,1.152187e-06,-0.0001372014,3.031269e-06,0.005722045,-5.661058e-05,-0.01529045,2.109
2024_02_12_21_05_40_610,0.7,0.0,263390.0,263390.0,103.8213,0.0002239685,0.1359283,4.279883e-07,0.008858298,-0.0005667467,2.11,2.869255e-06,-1.807777e-05,-6.340222e-07,0.0007152557,-0.0001310509,0.0231266,2.109
2024_02_12_21_05_40_647,0.7,0.0,263594.0,263594.0,103.9013,0.0002247752,0.1359283,5.209963e-07,0.008858358,-0.0005683805,2.11,2.72635e-06,1.680179e-05,2.612671e-06,-0.02169609,-5.487891e-05,0.04583411,2.109
2024_02_12_21_05_40_680,0.7,0.0,263771.0,263771.0,103.9708,0.0002254763,0.1359284,3.633665e-07,0.008858329,-0.0005680636,2.11,1.85463e-06,-0.0001563478,1.658551e-06,0.02121925,7.010385e-06,-0.0765305,2.109
2024_02_12_21_05_40_717,0.7,0.0,263975.0,263975.0,104.0508,0.0002262812,0.1359284,-1.043715e-07,0.008858299,-0.0005669342,2.11,9.903927e-07,-6.587076e-05,4.919226e-07,-0.01740456,2.947308e-05,0.06103888,2.109
2024_02_12_21_05_40_750,0.7,0.0,264151.0,264151.0,104.1203,0.0002269581,0.1359282,1.143409e-06,0.008857882,-0.0005709992,2.11,-2.011096e-05,-6.292551e-06,2.265365e-05,0.01263618,-8.051028e-05,-0.02663396,2.109
2024_02_12_21_05_40_787,0.7,0.0,264350.0,264350.0,104.1982,0.0002277079,0.1359283,7.646383e-07,0.008857911,-0.0005755691,2.11,-1.195402e-06,-5.708046e-05,3.434758e-06,0.006437301,0.0001715361,0.01513958,2.109
2024_02_12_21_05_40_825,0.7,0.0,264553.0,264553.0,104.2782,0.0002285113,0.1359283,4.743129e-07,0.00885794,-0.0005738178,2.11,2.103059e-06,1.188908e-05,8.796294e-07,0.02837181,-3.331661e-05,-0.03046728,2.109
2024_02_12_21_05_40_863,0.7,0.0,264752.0,264752.0,104.3561,0.0002292904,0.1359282,6.967381e-07,0.008857882,-0.0005757945,2.11,-2.261907e-05,-3.821921e-05,-2.97329e-05,-0.009775162,-6.939263e-05,0.03437698,2.109
2024_02_12_21_05_40_896,0.7,0.0,264934.0,264934.0,104.4277,0.0002300197,0.1359282,7.073916e-07,0.008857851,-0.00056892,2.11,1.530164e-06,1.890122e-05,1.839845e-06,-0.02098083,5.998481e-05,0.00754185,2.109
2024_02_12_21_05_40_934,0.7,0.0,265132.0,265132.0,104.5056,0.0002307772,0.1359283,4.49321e-07,0.008858387,-0.000573737,2.11,2.411478e-07,-0.0001204081,2.008608e-06,0.0002384186,4.920366e-05,-0.0382103,2.109
2024_02_12_21_05_40_967,0.7,0.0,265314.0,265314.0,104.5772,0.0002314634,0.1359284,7.688308e-07,0.00885794,-0.0005793269,2.11,-1.993718e-05,-6.906205e-05,1.872718e-05,-0.0007152557,-6.109985e-06,-0.003878027,2.109
2024_02_12_21_05_41_005,0.7,0.0,265512.0,265513.0,104.6552,0.0002322661,0.1359284,1.9217e-06,0.008857821,-0.0005767996,2.11,-1.851165e-05,6.144093e-06,-2.190672e-05,-0.001907349,0.0001483586,-0.02309494,2.109
2024_02_12_21_05_41_037,0.7,0.0,265689.0,265690.0,104.7246,0.0002329554,0.1359281,1.296254e-06,0.008857912,-0.0005812914,2.11,2.907671e-06,5.048302e-06,-2.874041e-06,-0.01430511,0.0001694716,0.03829971,2.109
2024_02_12_21_05_41_075,0.7,0.0,265893.0,265893.0,104.8047,0.000233784,0.1359282,1.115224e-06,0.008857791,-0.0005795338,2.11,-3.172397e-07,4.011912e-05,3.342318e-06,-0.0269413,-6.630762e-05,0.01510233,2.109
2024_02_12_21_05_41_113,0.7,0.0,266091.0,266091.0,104.8826,0.0002345748,0.1359283,-4.736454e-07,0.008858328,-0.0005814076,2.11,8.85836e-07,-9.058369e-05,2.477039e-06,-0.004053116,2.604975e-05,0.05350634,2.109
2024_02_12_21_05_41_150,0.7,0.0,266295.0,266295.0,104.9626,0.0002353879,0.1359282,1.421099e-06,0.00885791,-0.0005835061,2.11,-2.01405e-05,-6.04823e-05,1.480163e-05,0.03933906,-0.0001519838,-0.07259473,2.109
2024_02_12_21_05_41_183,0.7,0.0,266472.0,266472.0,105.0321,0.0002360696,0.1359284,1.759411e-07,0.008858209,-0.0005889746,2.11,1.134298e-06,-4.855305e-05,-3.604297e-06,-0.01764297,-7.829839e-05,0.03802218,2.109
2024_02_12_21_05_41_221,0.7,0.0,266675.0,266676.0,105.1121,0.0002368877,0.1359282,7.878069e-08,0.008857851,-0.0005896161,2.11,7.26686e-07,3.437019e-05,-3.264619e-07,-0.004291534,1.339686e-05,0.04576332,2.109
2024_02_12_21_05_41_259,0.7,0.0,266874.0,266874.0,105.19,0.000237698,0.1359283,4.758123e-07,0.008858209,-0.0005888983,2.11,3.114209e-06,-6.596812e-05,1.904735e-06,0.0007152557,-6.365372e-05,0.007655471,2.109
2024_02_12_21_05_41_298,0.7,0.0,267077.0,267078.0,105.27,0.0002385169,0.1359282,3.224018e-08,0.008858149,-0.0005943156,2.11,2.250938e-06,1.923422e-05,-6.67456e-07,0.002622604,-2.934575e-05,-0.03809668,2.109
2024_02_12_21_05_41_333,0.7,0.0,267276.0,267276.0,105.3479,0.0002393373,0.1359284,1.267976e-06,0.008857941,-0.0005917688,2.11,2.587947e-06,-9.435396e-05,1.521275e-06,-0.01049042,-8.829556e-05,-0.007871538,2.109
2024_02_12_21_05_41_371,0.7,0.0,267479.0,267480.0,105.4279,0.0002401182,0.1359283,1.473517e-06,0.008858088,-0.0005987672,2.11,-2.173774e-06,7.335041e-05,2.01093e-06,-0.01955032,-0.0001026055,0.01151301,2.109
2024_02_12_21_05_41_408,0.7,0.0,267678.0,267678.0,105.5059,0.000240927,0.1359283,-3.101047e-07,0.008858358,-0.0005976613,2.11,5.049951e-06,-0.0001323979,1.672472e-06,0.0007152557,-2.613524e-05,8.381902e-05,2.109
2024_02_12_21_05_41_447,0.7,0.0,267881.0,267882.0,105.5859,0.0002417874,0.1359284,1.647316e-06,0.008858387,-0.00059758,2.11,-1.630883e-05,-0.0001047101,1.118262e-05,0.03218651,9.873474e-06,-0.07645786,2.109
2024_02_12_21_05_41_484,0.7,0.0,268080.0,268080.0,105.6638,0.0002425998,0.1359283,-6.051034e-07,0.008858388,-0.0005977651,2.11,3.225552e-06,-0.0001436483,-4.609391e-06,0.020504,3.967034e-05,-0.06125122,2.109
2024_02_12_21_05_41_522,0.7,0.0,268283.0,268284.0,105.7438,0.0002434739,0.1359283,6.920778e-07,0.008857911,-0.0005950112,2.11,2.244916e-06,-6.219978e-05,-1.174945e-06,0.004529953,-9.599716e-05,0.007523223,2.109
2024_02_12_21_05_41_558,0.7,0.0,268481.0,268482.0,105.8217,0.0002442948,0.1359285,1.207434e-06,0.008858269,-0.0005956269,2.11,2.017437e-05,-0.0001209347,2.131669e-05,0.01835823,-8.944152e-05,0.003533438,2.109
2024_02_12_21_05_41_596,0.7,0.0,268685.0,268685.0,105.9017,0.000245135,0.1359282,1.900834e-06,0.008857911,-0.0005924237,2.11,-5.586613e-07,5.362395e-06,-1.955014e-06,-0.008583069,0.0001705393,-0.01540035,2.109
2024_02_12_21_05_41_633,0.7,0.0,268883.0,268884.0,105.9796,0.0002459142,0.1359284,8.915347e-07,0.008858002,-0.0005937398,2.11,-1.702193e-06,3.808014e-05,4.457608e-07,-0.01335144,9.295036e-06,-0.01537427,2.109
2024_02_12_21_05_41_671,0.7,0.0,269087.0,269087.0,106.0597,0.0002467328,0.1359283,5.093368e-07,0.008858447,-0.0005959492,2.11,8.490965e-08,-9.24013e-05,-4.859122e-07,-0.010252,8.558708e-05,0.03053248,2.109
2024_02_12_21_05_41_704,0.7,0.0,269264.0,269264.0,106.1292,0.0002474132,0.1359283,5.952548e-07,0.00885791,-0.0006044008,2.11,2.008545e-05,-3.690818e-05,2.772956e-05,0.05435943,-0.0001257413,-0.05712919,2.109
2024_02_12_21_05_41_742,0.7,0.0,269462.0,269462.0,106.2071,0.0002482278,0.1359284,-2.365228e-07,0.00885815,-0.0006026636,2.11,-2.007538e-05,-0.0001076446,-2.702147e-05,0.01096725,0.0002131692,0.02653897,2.109
2024_02_12_21_05_41_779,0.7,0.0,269666.0,269666.0,106.2871,0.0002490935,0.1359281,8.947541e-07,0.008857882,-0.0006004099,2.11,5.075461e-06,8.324157e-06,6.00782e-06,-0.006198883,-3.206696e-05,0.01923181,2.109
2024_02_12_21_05_41_813,0.7,0.0,269843.0,269843.0,106.3566,0.000249827,0.1359283,-7.31086e-08,0.008857821,-0.0006044755,2.11,1.865353e-06,1.670717e-05,1.372421e-06,-0.05078315,-3.835703e-05,0.05323812,2.109
2024_02_12_21_05_41_846,0.7,0.0,270025.0,270025.0,106.4282,0.0002505871,0.1359284,-6.628033e-07,0.008858239,-0.0006068494,2.11,2.263414e-06,-3.715606e-05,-2.18531e-06,-0.01621246,6.570917e-05,0.04197098,2.109
2024_02_12_21_05_41_884,0.7,0.0,270223.0,270224.0,106.5061,0.0002514274,0.1359282,-1.072837e-06,0.008858299,-0.0006069454,2.11,3.245711e-06,-0.0001378394,-4.965531e-06,0.0009536743,0.0001583976,7.078052e-05,2.109
2024_02_12_21_05_41_916,0.7,0.0,270400.0,270400.0,106.5756,0.000252187,0.1359283,1.898645e-06,0.008858,-0.0006074074,2.11,-1.901264e-05,1.56876e-05,2.310631e-05,0.002622604,-4.141475e-05,0.01151673,2.109
2024_02_12_21_05_41_954,0.7,0.0,270604.0,270604.0,106.6556,0.0002530603,0.1359283,-4.758347e-07,0.008858388,-0.0006064167,2.11,6.506228e-07,-0.0001114458,2.450214e-06,0.007152557,-3.413516e-05,-0.06877072,2.109
2024_02_12_21_05_41_991,0.7,0.0,270802.0,270802.0,106.7335,0.0002538981,0.1359284,-4.323741e-07,0.008858,-0.0006071726,2.11,7.961028e-07,2.882543e-05,-1.357997e-06,0.005245208,4.610046e-05,-0.01530908,2.109
2024_02_12_21_05_42_025,0.7,0.0,270984.0,270985.0,106.8051,0.000254698,0.1359284,-4.584752e-07,0.008858298,-0.0006027388,2.11,6.151367e-07,-3.618928e-05,5.093829e-08,0.01525879,4.659523e-05,-8.195638e-05,2.109
2024_02_12_21_05_42_063,0.7,0.0,271183.0,271183.0,106.883,0.0002555359,0.1359283,8.813478e-07,0.008858417,-0.0006021767,2.11,-3.274169e-07,-0.0001030419,-1.011489e-06,0.004529953,4.973844e-05,0.0001639128,2.109
2024_02_12_21_05_42_100,0.7,0.0,271386.0,271387.0,106.963,0.0002563889,0.1359283,3.161129e-07,0.008858327,-0.000604663,2.11,-1.890656e-06,-4.590951e-05,-3.236222e-06,0.007867813,2.470733e-05,-0.04574097,2.109
2024_02_12_21_05_42_138,0.7,0.0,271584.0,271585.0,107.0409,0.0002572278,0.1359283,-3.068807e-07,0.008858387,-0.0006024846,2.11,4.073505e-05,-0.0001176652,1.723642e-05,0.001430511,-0.0001513436,-0.007590279,2.109
2024_02_12_21_05_42_171,0.7,0.0,271767.0,271767.0,107.1125,0.0002579786,0.1359284,1.243191e-06,0.008857912,-0.000605697,2.11,-3.006462e-06,-7.931108e-06,6.867087e-06,-0.01645088,-0.000349406,-0.0002514571,2.109
2024_02_12_21_05_42_208,0.7,0.0,271965.0,271965.0,107.1904,0.0002587905,0.1359284,1.738999e-06,0.008858328,-0.0006072389,2.11,-4.407215e-06,-0.0001140415,-2.088067e-06,0.03170967,-4.847788e-05,-0.1148023,2.109
2024_02_12_21_05_42_242,0.7,0.0,272142.0,272142.0,107.2599,0.0002595099,0.1359281,4.821895e-07,0.008857911,-0.0006075272,2.11,3.8626e-05,-8.013676e-06,8.417249e-06,-0.002384186,-0.0001779026,0.06143935,2.109
2024_02_12_21_05_42_279,0.7,0.0,272345.0,272346.0,107.3399,0.0002603547,0.1359283,2.037813e-07,0.00885794,-0.0006062852,2.11,-1.333572e-06,2.347738e-05,-6.784549e-07,-0.01764297,2.898014e-05,0.03811903,2.109
2024_02_12_21_05_42_313,0.7,0.0,272522.0,272523.0,107.4094,0.000261089,0.1359283,4.274912e-07,0.008858149,-0.0006087539,2.11,-4.004919e-08,-2.275674e-06,-3.037243e-07,0.006437301,7.453127e-05,-0.01527555,2.109
2024_02_12_21_05_42_346,0.7,0.0,272704.0,272705.0,107.481,0.000261844,0.1359281,1.043581e-06,0.00885788,-0.000609258,2.11,-1.532574e-06,-3.128939e-05,-2.521746e-06,0.01335144,9.380528e-06,0.007800757,2.109
2024_02_12_21_05_42_383,0.7,0.0,272903.0,272903.0,107.5589,0.0002626714,0.1359283,8.717461e-07,0.008858029,-0.0006101125,2.11,2.152196e-05,-1.007968e-05,2.683928e-05,0.0193119,-2.866545e-05,-0.03816932,2.109
2024_02_12_21_05_42_418,0.7,0.0,273079.0,273080.0,107.6284,0.0002634289,0.1359282,3.587163e-07,0.008857941,-0.0006072125,2.11,-7.537793e-07,-3.647042e-05,9.684762e-08,0.02765655,-6.953087e-05,-0.03040023,2.109
2024_02_12_21_05_42_450,0.7,0.0,273262.0,273262.0,107.7,0.0002641898,0.1359283,4.453582e-07,0.008857911,-0.0006085011,2.11,1.077892e-06,-2.141275e-05,5.63273e-07,0.02145767,5.769106e-05,-4.097819e-05,2.109
2024_02_12_21_05_42_487,0.7,0.0,273460.0,273461.0,107.7779,0.0002650103,0.1359284,3.39096e-09,0.008858239,-0.0006132473,2.11,1.588692e-08,-7.427436e-05,6.433545e-07,-0.01382828,1.424269e-06,0.04570372,2.109
2024_02_12_21_05_42_525,0.7,0.0,273664.0,273664.0,107.8579,0.0002658569,0.1359283,2.602818e-07,0.00885809,-0.0006138023,2.11,8.798951e-07,-8.889344e-06,-3.422826e-06,-0.008106232,0.0001648386,0.007642433,2.109
2024_02_12_21_05_42_562,0.7,0.0,273862.0,273863.0,107.9359,0.0002667013,0.1359283,1.625221e-06,0.008857969,-0.0006131391,2.11,-2.106728e-05,5.456305e-07,2.069434e-05,0.008583069,3.536115e-06,-0.01151115,2.109
2024_02_12_21_05_42_595,0.7,0.0,274039.0,274039.0,108.0053,0.0002674218,0.1359282,-1.627201e-07,0.00885806,-0.0006181031,2.11,-5.520949e-07,-4.252645e-05,-3.125733e-07,-0.001907349,8.340066e-05,0.01530722,2.109
2024_02_12_21_05_42_629,0.7,0.0,274221.0,274222.0,108.0769,0.0002682011,0.1359283,1.952866e-07,0.008857911,-0.0006167707,2.11,-1.324423e-06,-5.189381e-05,-4.698941e-06,-0.01883507,5.8375e-05,0.06092526,2.109
2024_02_12_21_05_42_667,0.7,0.0,274419.0,274420.0,108.1548,0.0002690338,0.1359283,9.600607e-07,0.008857969,-0.0006180379,2.11,-2.604945e-07,1.533838e-05,2.282598e-06,0.01788139,-7.969901e-05,-0.03820658,2.109
2024_02_12_21_05_42_707,0.7,0.0,274623.0,274624.0,108.2349,0.0002698833,0.1359283,6.398822e-07,0.008858447,-0.0006230896,2.11,2.298633e-06,-0.0001024347,-3.262433e-06,0.004768372,0.0001525787,-0.003557652,2.109
2024_02_12_21_05_42_742,0.7,0.0,274822.0,274822.0,108.3128,0.0002707235,0.1359284,4.126279e-07,0.008858298,-0.000627959,2.11,1.432061e-06,-9.158298e-05,5.141724e-06,0.00834465,1.384978e-05,-0.08432194,2.109
2024_02_12_21_05_42_779,0.7,0.0,275025.0,275026.0,108.3928,0.000271588,0.1359283,1.750757e-06,0.008858387,-0.0006275929,2.11,-4.622255e-07,-0.0001227432,-3.918355e-07,-0.004768372,-6.614027e-05,3.539026e-05,2.109
2024_02_12_21_05_42_816,0.7,0.0,275223.0,275224.0,108.4707,0.0002724201,0.1359283,3.207326e-07,0.008858,-0.0006291033,2.11,3.177875e-06,-3.141656e-07,-3.501913e-06,-0.01549721,5.996844e-05,-0.02310425,2.109
2024_02_12_21_05_42_853,0.7,0.0,275427.0,275428.0,108.5507,0.0002733195,0.1359283,-2.459266e-06,0.008858268,-0.0006313893,2.11,7.100777e-06,-8.612885e-05,8.164777e-06,-0.002622604,2.01835e-05,0.007472932,2.109
2024_02_12_21_05_42_892,0.7,0.0,275625.0,275626.0,108.6286,0.000274225,0.1359282,1.810379e-07,0.008857881,-0.0006314736,2.11,5.473782e-06,6.961634e-06,5.227171e-06,-0.008821487,-0.0001219705,0.01534447,2.109
2024_02_12_21_05_42_929,0.7,0.0,275829.0,275830.0,108.7086,0.0002751273,0.1359283,7.507624e-08,0.008857881,-0.000636008,2.11,3.872031e-06,3.280078e-05,-6.184488e-06,-0.02193451,5.684341e-06,0.02284534,2.109
2024_02_12_21_05_42_962,0.7,0.0,276006.0,276006.0,108.7781,0.000275927,0.1359283,-3.154218e-07,0.008858031,-0.0006329574,2.11,-9.810168e-07,-5.474956e-05,-4.355064e-06,0.04148483,2.391789e-05,-0.09938515,2.109
2024_02_12_21_05_43_001,0.7,0.0,276210.0,276210.0,108.8582,0.0002767972,0.1359283,4.586022e-07,0.00885794,-0.0006410416,2.11,-1.344505e-06,-7.167208e-05,4.225165e-05,0.05078315,-0.0001686058,-0.07249415,2.109
2024_02_12_21_05_43_033,0.7,0.0,276387.0,276387.0,108.9276,0.0002775753,0.1359285,8.664762e-07,0.008858298,-0.0006400383,2.11,-1.757022e-06,-0.0001354817,3.156749e-06,0.01311302,-8.821916e-05,-0.03066286,2.109
2024_02_12_21_05_43_071,0.7,0.0,276585.0,276585.0,109.0056,0.000278435,0.1359283,5.645438e-07,0.008858388,-0.0006443386,2.11,8.261948e-07,-8.727499e-05,-1.065556e-05,0.008106232,8.144161e-05,0.003932044,2.109
2024_02_12_21_05_43_108,0.7,0.0,276789.0,276789.0,109.0856,0.0002793437,0.1359284,-1.944607e-07,0.008858387,-0.0006413412,2.11,-1.23312e-07,-6.283385e-05,2.418265e-06,0.004053116,1.051376e-06,-6.519258e-05,2.109
2024_02_12_21_05_43_146,0.7,0.0,276987.0,276987.0,109.1635,0.0002802294,0.1359282,2.74749e-07,0.008858297,-0.0006388052,2.11,2.122502e-05,-9.545201e-05,-1.37553e-05,0.03051758,-0.0002326196,-0.05324743,2.109
2024_02_12_21_05_43_183,0.7,0.0,277191.0,277191.0,109.2435,0.0002811149,0.1359284,-1.098915e-06,0.00885803,-0.0006394893,2.11,4.066975e-05,-4.634773e-05,1.177526e-05,0.003099441,-5.274705e-05,0.007499009,2.109
2024_02_12_21_05_43_217,0.7,0.0,277367.0,277368.0,109.313,0.0002819058,0.1359285,1.581857e-07,0.008858388,-0.0006353732,2.11,-6.222686e-07,-9.235388e-05,6.873977e-07,-0.01049042,4.114736e-05,0.03811158,2.109
2024_02_12_21_05_43_255,0.7,0.0,277571.0,277572.0,109.393,0.0002828358,0.1359282,-7.010319e-08,0.008858299,-0.0006319541,2.11,1.643658e-06,-0.0001140607,-1.632443e-06,0.0007152557,-0.0001010849,0.000230968,2.109
2024_02_12_21_05_43_287,0.7,0.0,277748.0,277749.0,109.4625,0.0002835832,0.1359283,3.778688e-07,0.008858,-0.0006382754,2.11,-3.297597e-06,3.093316e-05,-2.394931e-06,-0.05626678,4.077992e-05,0.0454951,2.109
2024_02_12_21_05_43_325,0.7,0.0,277952.0,277952.0,109.5425,0.0002844838,0.1359284,6.136409e-07,0.008858238,-0.0006369354,2.11,2.131864e-05,-7.677917e-05,2.820863e-05,0.007629394,-0.0001848439,-0.02684817,2.109
2024_02_12_21_05_43_363,0.7,0.0,278150.0,278151.0,109.6204,0.000285354,0.1359282,1.372895e-06,0.008857851,-0.0006347275,2.11,-4.559371e-06,-1.577709e-05,1.289484e-07,-0.006198883,6.349001e-05,-0.03835745,2.109
2024_02_12_21_05_43_405,0.7,0.0,278375.0,278376.0,109.7089,0.0002863386,0.1359284,2.666761e-07,0.008858298,-0.0006359689,2.11,-1.361751e-06,-6.125641e-05,9.613317e-07,-0.0333786,-6.55491e-05,0.02263859,2.109
2024_02_12_21_05_43_441,0.7,0.0,278573.0,278574.0,109.7868,0.0002871962,0.1359282,1.923656e-06,0.008857911,-0.0006393699,2.11,2.021238e-07,-1.329244e-05,3.062065e-08,0.0004768371,-2.579327e-06,0.003801659,2.109
2024_02_12_21_05_43_480,0.7,0.0,278777.0,278778.0,109.8668,0.0002880825,0.1359282,1.944499e-08,0.00885797,-0.0006405615,2.11,-3.616052e-06,2.452007e-05,-4.375308e-07,-0.00333786,-0.0002086926,-0.007543712,2.109
2024_02_12_21_05_43_517,0.7,0.0,278975.0,278976.0,109.9447,0.0002889654,0.1359283,-1.026367e-08,0.008858,-0.000636678,2.11,-1.490045e-07,-1.498816e-05,9.177958e-07,0.0007152557,-4.924004e-06,-1.303852e-05,2.109
2024_02_12_21_05_43_553,0.7,0.0,279179.0,279180.0,110.0247,0.0002898724,0.1359283,-1.178647e-06,0.008857881,-0.0006381123,2.11,7.280857e-07,-5.558154e-05,5.548228e-06,-0.00333786,7.20047e-05,-0.0001639128,2.109
2024_02_12_21_05_43_587,0.7,0.0,279356.0,279357.0,110.0942,0.0002906484,0.1359284,3.36317e-07,0.008858238,-0.0006405334,2.11,-1.903688e-06,-0.0001063277,-6.69363e-06,0.01978874,0.0001822573,-0.01529418,2.109
2024_02_12_21_05_43_625,0.7,0.0,279560.0,279560.0,110.1742,0.0002915463,0.1359281,1.927257e-06,0.008857851,-0.000639079,2.11,4.797768e-07,2.223654e-05,4.816473e-06,0.005245208,-8.154893e-05,0.04616752,2.109
2024_02_12_21_05_43_663,0.7,0.0,279758.0,279759.0,110.2521,0.0002924248,0.1359283,-1.146006e-06,0.008858178,-0.0006413572,2.11,3.816889e-07,-8.814638e-05,7.676073e-06,-0.02241134,0.0001050193,0.01510046,2.109
2024_02_12_21_05_43_700,0.7,0.0,279956.0,279957.0,110.33,0.0002933095,0.1359282,5.184713e-07,0.00885806,-0.000643611,2.11,4.879888e-07,-4.893308e-06,2.136003e-06,0.01168251,4.484718e-05,0.007765367,2.109
2024_02_12_21_05_43_733,0.7,0.0,280138.0,280139.0,110.4016,0.0002941094,0.1359282,-1.883988e-07,0.008857911,-0.0006481489,2.11,-2.094897e-05,-3.14281e-05,1.998663e-05,0.01239777,3.370587e-06,-0.007525086,2.109
2024_02_12_21_05_43_770,0.7,0.0,280337.0,280337.0,110.4796,0.0002949955,0.1359283,-1.084311e-07,0.008858209,-0.0006510617,2.11,-3.660576e-07,-7.775931e-06,-2.138817e-06,-0.02670288,-1.711305e-05,0.02291612,2.109
2024_02_12_21_05_43_809,0.7,0.0,280540.0,280541.0,110.5596,0.000295913,0.1359282,2.159544e-08,0.008858358,-0.0006484248,2.11,2.844133e-07,-9.749204e-05,-1.464258e-06,0.01263618,8.884671e-05,-0.0149291,2.109
2024_02_12_21_05_43_846,0.7,0.0,280739.0,280739.0,110.6375,0.0002968005,0.1359284,-5.853818e-07,0.008858209,-0.0006498458,2.11,2.078055e-05,-8.428931e-05,3.288141e-05,-0.003576278,-0.0001397839,-0.003922731,2.109
2024_02_12_21_05_43_879,0.7,0.0,280921.0,280921.0,110.7091,0.0002975971,0.1359284,1.298988e-06,0.008858388,-0.0006524104,2.11,-4.60066e-08,-3.311043e-05,-1.384491e-06,-0.010252,-7.8855e-05,0.007797032,2.109
2024_02_12_21_05_43_916,0.7,0.0,281119.0,281120.0,110.787,0.0002984695,0.1359284,8.769887e-07,0.00885806,-0.0006558482,2.11,-1.854439e-06,-1.886932e-05,7.059955e-06,0.01120567,-1.643457e-05,-0.007813796,2.109
2024_02_12_21_05_43_954,0.7,0.0,281323.0,281323.0,110.867,0.0002993898,0.1359284,-1.282458e-07,0.008858241,-0.000655345,2.11,6.046939e-07,-2.561641e-05,-9.44238e-07,-0.03552437,-3.728201e-05,0.06856024,2.109
2024_02_12_21_05_43_992,0.7,0.0,281521.0,281522.0,110.9449,0.0003002591,0.1359284,-1.029058e-07,0.00885815,-0.0006613489,2.11,2.18111e-05,-3.766573e-05,2.463123e-05,0.009059906,9.565701e-05,-0.01552328,2.109
2024_02_12_21_05_44_030,0.7,0.0,281725.0,281725.0,111.0249,0.000301193,0.1359284,-2.898282e-07,0.008858209,-0.0006603916,2.11,2.139258e-06,-7.233541e-05,8.37645e-06,0.01573563,-0.0001099052,-0.007627531,2.109
2024_02_12_21_05_44_066,0.7,0.0,281923.0,281923.0,111.1028,0.0003020961,0.1359283,-1.047346e-06,0.00885806,-0.0006654469,2.11,3.416722e-06,-1.45285e-05,3.19622e-06,0.004053116,6.274058e-05,0.05737692,2.109
2024_02_12_21_05_44_100,0.7,0.0,282099.0,282100.0,111.1723,0.0003029151,0.1359282,-1.783287e-06,0.008858002,-0.0006659528,2.11,2.478059e-05,1.289717e-05,3.162612e-05,0.009536743,-0.0001542939,-0.04198961,2.109
2024_02_12_21_05_44_138,0.7,0.0,282303.0,282304.0,111.2523,0.0003038755,0.1359284,2.616169e-07,0.0088583,-0.0006654419,2.11,3.366245e-06,-5.684795e-05,1.859927e-06,0.002622604,-0.0001155095,7.636845e-05,2.109
2024_02_12_21_05_44_175,0.7,0.0,282501.0,282502.0,111.3303,0.0003047931,0.1359284,4.520766e-07,0.00885818,-0.0006674404,2.11,9.407278e-07,4.883425e-06,2.498949e-06,-0.02384186,3.832974e-05,0.1069698,2.109
2024_02_12_21_05_44_212,0.7,0.0,282705.0,282705.0,111.4103,0.0003057159,0.1359283,1.200979e-06,0.00885803,-0.0006720711,2.11,-2.188273e-05,6.068325e-05,1.684761e-05,-0.02098083,8.644928e-05,0.04209578,2.109
2024_02_12_21_05_44_249,0.7,0.0,282903.0,282904.0,111.4882,0.0003066428,0.1359283,8.357512e-07,0.008858118,-0.0006723079,2.11,-2.266926e-05,-0.0001088961,-3.103842e-05,0.03361702,-8.701135e-05,-0.05381554,2.109
2024_02_12_21_05_44_286,0.7,0.0,283107.0,283107.0,111.5682,0.000307589,0.1359284,-7.973704e-07,0.00885806,-0.0006723059,2.11,2.024357e-06,-3.605338e-05,-3.179495e-06,0.009298325,6.21385e-05,-0.01152791,2.109
2024_02_12_21_05_44_325,0.7,0.0,283305.0,283305.0,111.6461,0.0003085219,0.1359283,-8.160573e-07,0.008858329,-0.0006719867,2.11,-1.989796e-05,-5.902359e-05,-2.243664e-05,0.01549721,0.0001546323,-0.05722604,2.109
2024_02_12_21_05_44_362,0.7,0.0,283509.0,283509.0,111.7261,0.0003095059,0.1359283,-9.593409e-07,0.008858119,-0.0006685389,2.11,9.910556e-07,-1.900702e-05,3.278665e-06,-0.01311302,-6.129267e-05,0.03030523,2.109
2024_02_12_21_05_44_399,0.7,0.0,283707.0,283707.0,111.804,0.0003104386,0.1359282,9.029982e-07,0.008857971,-0.0006697487,2.11,-1.837419e-06,7.961006e-05,4.066684e-06,-0.002384186,-0.000197735,0.0001545995,2.109
2024_02_12_21_05_44_437,0.7,0.0,283911.0,283911.0,111.8841,0.0003113986,0.1359283,5.690452e-07,0.00885812,-0.0006663552,2.11,-1.124895e-06,-2.273392e-05,5.867268e-06,0.008821487,-7.204653e-05,-0.0306759,2.109
2024_02_12_21_05_44_474,0.7,0.0,284109.0,284109.0,111.962,0.0003123141,0.1359283,1.077669e-06,0.00885803,-0.0006695569,2.11,-1.34384e-06,-2.57943e-06,5.13233e-06,-0.03290176,-0.0001844528,0.04567764,2.109
2024_02_12_21_05_44_512,0.7,0.0,284312.0,284313.0,112.042,0.0003132455,0.1359283,-1.249555e-06,0.008858387,-0.0006746975,2.11,2.080652e-07,-6.746739e-05,-3.120466e-06,-0.01645088,0.0001515527,-0.09178928,2.109
2024_02_12_21_05_44_550,0.7,0.0,284511.0,284511.0,112.1199,0.0003141582,0.1359283,1.05188e-06,0.00885812,-0.000679138,2.11,-3.685538e-06,-1.615825e-05,1.68804e-06,0.02551079,7.872404e-05,-0.0535082,2.109
2024_02_12_21_05_44_583,0.7,0.0,284693.0,284693.0,112.1915,0.0003149952,0.1359282,2.204885e-07,0.008857971,-0.0006816239,2.11,-2.460736e-07,8.387244e-05,1.252593e-07,-0.01382828,-2.73958e-05,0.01158751,2.109
2024_02_12_21_05_44_621,0.7,0.0,284891.0,284891.0,112.2694,0.0003159219,0.1359283,1.184012e-06,0.008858148,-0.0006815403,2.11,-3.133199e-09,-8.634747e-06,-2.505125e-06,0.02765655,-8.542701e-05,-0.04960037,2.109
2024_02_12_21_05_44_658,0.7,0.0,285095.0,285095.0,112.3494,0.0003168555,0.1359283,-2.527623e-07,0.00885803,-0.0006875215,2.11,4.896629e-07,-1.703786e-05,-3.040904e-06,0.01192093,-0.0001060325,-0.003773719,2.109
2024_02_12_21_05_44_695,0.7,0.0,285293.0,285293.0,112.4273,0.0003177943,0.1359282,-8.926133e-07,0.00885806,-0.000687692,2.11,1.117061e-06,7.515569e-05,-3.367463e-06,0.001192093,0.0001484896,9.49949e-05,2.109
2024_02_12_21_05_44_734,0.7,0.0,285497.0,285497.0,112.5074,0.0003187635,0.1359284,9.185417e-07,0.00885809,-0.0006883026,2.11,-2.093531e-05,-8.096294e-06,1.798908e-05,-0.03552437,6.577829e-05,0.04177913,2.109
2024_02_12_21_05_44_771,0.7,0.0,285695.0,285695.0,112.5853,0.0003196934,0.1359283,7.397506e-07,0.008858031,-0.0006880599,2.11,-2.3178e-05,4.585678e-05,-2.879677e-05,0.003099441,-4.086359e-05,0.02307072,2.109
2024_02_12_21_05_44_803,0.7,0.0,285877.0,285877.0,112.6569,0.000320533,0.1359284,7.153905e-07,0.00885812,-0.0006910116,2.11,-4.193394e-05,-7.100123e-06,-1.146691e-05,0.04124641,0.0001988374,-0.0227876,2.109
2024_02_12_21_05_44_837,0.7,0.0,286054.0,286054.0,112.7263,0.000321366,0.1359284,-5.814719e-07,0.00885815,-0.0006940999,2.11,2.052344e-05,-1.776506e-05,3.479996e-05,0.001907349,-0.0002197194,-0.02692081,2.109
2024_02_12_21_05_44_874,0.7,0.0,286252.0,286252.0,112.8043,0.0003222952,0.1359283,-3.77723e-07,0.008858328,-0.0006963692,2.11,1.573924e-06,-2.849354e-05,-3.825972e-06,0.004291534,0.0002602301,-0.01893193,2.109
2024_02_12_21_05_44_913,0.7,0.0,286456.0,286456.0,112.8843,0.0003232518,0.1359283,8.422276e-07,0.008858209,-0.0006993113,2.11,-2.143933e-05,-6.338872e-06,-3.420474e-05,0.01454353,0.0002228298,-0.007633119,2.109
2024_02_12_21_05_44_950,0.7,0.0,286654.0,286654.0,112.9622,0.0003241909,0.1359283,-1.036757e-06,0.008858209,-0.0007016824,2.11,2.014839e-06,6.836371e-05,4.497684e-06,-0.05245208,7.386916e-06,0.04569068,2.109
2024_02_12_21_05_44_987,0.7,0.0,286858.0,286858.0,113.0422,0.0003251761,0.1359283,7.409055e-07,0.008858447,-0.000705038,2.11,-1.682395e-05,-6.143858e-05,2.097208e-05,-0.002145767,-9.561335e-05,-0.003766268,2.109
2024_02_12_21_05_45_021,0.7,0.0,287035.0,287035.0,113.1117,0.0003260278,0.1359284,1.145064e-06,0.008858419,-0.0007076784,2.11,-4.048545e-05,-2.051243e-05,-6.585297e-06,-0.01955032,-3.396053e-06,0.01150556,2.109
2024_02_12_21_05_45_059,0.7,0.0,287238.0,287238.0,113.1917,0.0003270248,0.1359284,-2.438745e-07,0.008858447,-0.0007048715,2.11,-2.055337e-05,-4.151526e-05,-2.343751e-05,-0.0002384186,-6.538903e-05,0.003818422,2.109
2024_02_12_21_05_45_096,0.7,0.0,287436.0,287437.0,113.2696,0.0003279887,0.1359284,-2.604056e-06,0.008858119,-0.0007067762,2.11,3.098331e-06,-4.195428e-05,-2.289429e-06,0.03457069,3.746754e-05,-0.1226291,2.109
2024_02_12_21_05_45_133,0.7,0.0,287640.0,287640.0,113.3496,0.0003289755,0.1359283,4.841499e-07,0.008858269,-0.0007107363,2.11,-1.881092e-05,4.505372e-05,1.296264e-05,-0.03838539,5.395122e-06,0.05744956,2.109
2024_02_12_21_05_45_170,0.7,0.0,287838.0,287838.0,113.4276,0.0003299492,0.1359284,1.435293e-06,0.008858239,-0.0007105463,2.11,5.071489e-06,-5.96572e-05,-2.140246e-06,0.00333786,5.899164e-05,0.01547113,2.109
2024_02_12_21_05_45_208,0.7,0.0,288042.0,288042.0,113.5076,0.0003309548,0.1359283,-4.476008e-07,0.00885815,-0.0007085835,2.11,2.109731e-06,-1.514279e-05,2.996629e-06,0.007629394,-2.123852e-05,0.003745779,2.109
2024_02_12_21_05_45_246,0.7,0.0,288240.0,288240.0,113.5855,0.0003319531,0.1359283,1.371663e-06,0.00885812,-0.0007051562,2.11,7.243446e-06,4.674042e-05,8.735695e-06,0.01907349,-0.0001046283,-0.01511536,2.109
2024_02_12_21_05_45_283,0.7,0.0,288443.0,288444.0,113.6655,0.0003329802,0.1359285,1.165632e-06,0.008858329,-0.0007019595,2.11,-2.093805e-05,-8.771716e-05,-2.141328e-05,0.01096725,-4.45907e-05,-0.02305023,2.109
2024_02_12_21_05_45_320,0.7,0.0,288641.0,288642.0,113.7434,0.0003339344,0.1359284,2.08876e-06,0.008858476,-0.0007069038,2.11,-4.304516e-05,-2.604865e-05,-9.838539e-06,0.02908706,-3.656168e-06,-0.02653152,2.109
2024_02_12_21_05_45_358,0.7,0.0,288845.0,288845.0,113.8234,0.0003349496,0.1359284,-2.969997e-07,0.008858448,-0.0007041121,2.11,-3.267986e-08,-3.556172e-05,4.894856e-07,-0.01001358,0.0001062654,0.02296269,2.109
2024_02_12_21_05_45_396,0.7,0.0,289049.0,289049.0,113.9034,0.0003359566,0.1359283,8.554742e-07,0.00885806,-0.0007011796,2.11,-1.604005e-07,4.154789e-05,4.380269e-06,0.001430511,0.0001176486,-0.02685375,2.109
2024_02_12_21_05_45_433,0.7,0.0,289247.0,289247.0,113.9814,0.0003369082,0.1359284,-1.486856e-07,0.008858358,-0.0007022588,2.11,-8.965564e-07,-7.194222e-05,4.437515e-06,0.01454353,-8.898496e-06,-0.007534399,2.109
2024_02_12_21_05_45_471,0.7,0.0,289450.0,289451.0,114.0614,0.000337905,0.1359283,-8.320474e-07,0.00885806,-0.0007035725,2.11,3.544721e-07,-2.922567e-05,1.046293e-06,-0.01525879,-3.265268e-05,0.02265163,2.109
2024_02_12_21_05_45_508,0.7,0.0,289649.0,289649.0,114.1393,0.0003388796,0.1359282,1.409174e-06,0.008857941,-0.0007047958,2.11,-3.091974e-07,6.088326e-05,5.222299e-06,0.01478195,-0.0001216576,-0.007487833,2.109
2024_02_12_21_05_45_545,0.7,0.0,289847.0,289847.0,114.2172,0.0003398356,0.1359284,-2.976743e-07,0.00885806,-0.0007109782,2.11,3.492728e-07,1.024392e-05,-9.192479e-07,-0.008106232,2.729575e-05,-0.007746741,2.109
2024_02_12_21_05_45_583,0.7,0.0,290050.0,290050.0,114.2972,0.0003408267,0.1359283,3.738166e-07,0.008858,-0.0007141145,2.11,-1.898112e-07,-1.841352e-05,-2.65089e-07,0.02026558,-2.090019e-06,-0.05336105,2.109
2024_02_12_21_05_45_620,0.7,0.0,290249.0,290249.0,114.3751,0.0003417914,0.1359283,-4.852171e-07,0.008858238,-0.0007182929,2.11,8.870803e-07,-7.560568e-05,-3.56791e-06,-0.002145767,0.0001158041,0.01918525,2.109
2024_02_12_21_05_45_657,0.7,0.0,290452.0,290452.0,114.4551,0.0003428253,0.1359283,-1.252778e-06,0.008858119,-0.0007167663,2.11,2.50113e-06,-3.409389e-05,5.009329e-06,-0.006198883,-1.366425e-05,0.04590675,2.109
2024_02_12_21_05_45_696,0.7,0.0,290651.0,290651.0,114.5331,0.0003437994,0.1359283,-2.561683e-07,0.008857911,-0.0007193616,2.11,3.951611e-05,1.452643e-05,1.082534e-05,0.01096725,6.489427e-05,-0.03064796,2.109
2024_02_12_21_05_45_734,0.7,0.0,290854.0,290854.0,114.6131,0.000344797,0.1359284,-1.855982e-07,0.008858119,-0.000719789,2.11,7.979813e-07,-2.273378e-05,2.370723e-06,-0.00834465,4.823596e-05,0.02275035,2.109
2024_02_12_21_05_45_770,0.7,0.0,291052.0,291053.0,114.691,0.0003457929,0.1359282,8.396641e-07,0.00885806,-0.0007182562,2.11,-3.307006e-07,1.762885e-05,8.583053e-06,-0.009059906,-3.648893e-05,0.003965572,2.109
2024_02_12_21_05_45_808,0.7,0.0,291256.0,291256.0,114.771,0.0003468066,0.1359283,-8.569497e-07,0.008857882,-0.0007171631,2.11,4.229111e-05,5.226431e-05,1.548546e-05,0.009775162,-0.0001067929,-0.02293475,2.109
2024_02_12_21_05_45_845,0.7,0.0,291454.0,291454.0,114.8489,0.0003477732,0.1359283,-1.268107e-07,0.00885803,-0.0007212537,2.11,-1.276169e-06,-1.921131e-05,-2.367661e-06,0.01096725,0.0001143162,-0.02296082,2.109
2024_02_12_21_05_45_883,0.7,0.0,291658.0,291658.0,114.9289,0.0003487947,0.1359282,-1.715997e-06,0.008857911,-0.0007203261,2.11,3.771655e-06,0.0001001389,-1.94101e-06,-0.01192093,0.0001186363,0.01537613,2.109
2024_02_12_21_05_45_920,0.7,0.0,291856.0,291856.0,115.0068,0.0003497764,0.1359284,8.024942e-07,0.008858149,-0.0007236292,2.11,-9.770863e-07,-2.329632e-05,3.023794e-06,-0.003099441,-2.906927e-05,-0.02318434,2.109
2024_02_12_21_05_45_959,0.7,0.0,292060.0,292060.0,115.0869,0.0003507896,0.1359283,3.469994e-07,0.00885806,-0.0007228941,2.11,-1.560174e-06,-8.082947e-06,3.332168e-07,0.00166893,0.0001887783,0.02674386,2.109
2024_02_12_21_05_45_996,0.7,0.0,292258.0,292258.0,115.1648,0.0003517833,0.1359283,-1.763739e-07,0.008858239,-0.0007231557,2.11,3.165176e-07,8.209616e-06,5.136848e-06,-0.01382828,4.882167e-05,0.06145239,2.109
2024_02_12_21_05_46_032,0.7,0.0,292462.0,292462.0,115.2448,0.0003528074,0.1359283,1.84733e-07,0.00885806,-0.0007225397,2.11,-4.168079e-07,-6.287141e-06,1.522618e-07,0.03314018,1.406079e-06,-0.06107427,2.109
2024_02_12_21_05_46_070,0.7,0.0,292660.0,292660.0,115.3227,0.0003538213,0.1359282,-4.259566e-08,0.008858,-0.0007193257,2.11,4.056078e-07,6.435016e-05,3.672067e-06,-0.003099441,-4.158573e-05,5.587935e-05,2.109
2024_02_12_21_05_46_103,0.7,0.0,292837.0,292837.0,115.3922,0.00035469,0.1359284,4.121307e-07,0.00885812,-0.0007229613,2.11,-2.09537e-06,-3.138031e-05,-1.065854e-06,0.06127357,4.382491e-05,-0.1223385,2.109
2024_02_12_21_05_46_141,0.7,0.0,293040.0,293040.0,115.4722,0.0003557085,0.1359283,1.663594e-06,0.00885806,-0.0007196783,2.11,-1.879616e-06,1.30864e-06,3.647276e-06,0.007867813,-5.354559e-05,-0.02275966,2.109
2024_02_12_21_05_46_178,0.7,0.0,293239.0,293239.0,115.5501,0.0003566453,0.1359283,7.990133e-07,0.008858358,-0.00072661,2.11,-4.834672e-06,-4.369183e-05,-8.067272e-06,-0.009298325,-3.282184e-05,-0.00375323,2.109
2024_02_12_21_05_46_215,0.7,0.0,293442.0,293442.0,115.6301,0.0003576633,0.1359283,3.926689e-07,0.00885794,-0.0007227581,2.11,1.881521e-06,-1.59641e-05,4.132447e-06,0.01358986,9.280301e-05,-0.003846362,2.109
2024_02_12_21_05_46_250,0.7,0.0,293619.0,293619.0,115.6996,0.0003585382,0.1359282,-7.899248e-07,0.00885794,-0.0007259333,2.11,7.851213e-07,0.0001015192,-7.461672e-06,-0.003814697,6.924529e-05,-0.003721565,2.109
2024_02_12_21_05_46_287,0.7,0.0,293823.0,293823.0,115.7796,0.0003595509,0.1359284,-1.779589e-07,0.008858121,-0.0007267236,2.11,-3.645902e-07,-5.430586e-06,-2.216774e-06,-0.010252,5.987567e-05,0.04564784,2.109
2024_02_12_21_05_46_326,0.7,0.0,294021.0,294021.0,115.8575,0.0003605095,0.1359283,1.024789e-06,0.008858002,-0.0007306794,2.11,1.675638e-05,-1.409875e-05,3.426086e-05,0.04053115,-0.0001992794,-0.0494048,2.109
2024_02_12_21_05_46_358,0.7,0.0,294198.0,294198.0,115.927,0.0003613944,0.1359282,-2.106243e-07,0.00885797,-0.0007275224,2.11,1.452949e-06,8.215783e-05,-1.824253e-06,0.003099441,3.443893e-05,0.007819384,2.109
2024_02_12_21_05_46_395,0.7,0.0,294401.0,294401.0,116.007,0.0003624239,0.1359284,7.699218e-07,0.00885815,-0.0007280183,2.11,1.641469e-06,5.631384e-07,6.304228e-06,-0.007152557,-0.0001831631,-0.007811933,2.109
2024_02_12_21_05_46_433,0.7,0.0,294600.0,294600.0,116.085,0.0003633968,0.1359284,-1.637394e-06,0.008858387,-0.0007316718,2.11,4.321058e-05,-2.948856e-05,1.066102e-05,-0.009536743,-0.0002101296,-0.007677823,2.109
2024_02_12_21_05_46_471,0.7,0.0,294803.0,294803.0,116.165,0.0003643992,0.1359283,3.681932e-07,0.00885806,-0.0007321805,2.11,6.0807e-07,-8.404963e-06,-5.711098e-06,0.0009536743,-0.0001556655,-0.05744397,2.109
2024_02_12_21_05_46_503,0.7,0.0,294980.0,294980.0,116.2345,0.0003652789,0.1359284,8.204015e-09,0.00885806,-0.0007324649,2.11,9.216001e-07,2.881313e-05,4.935432e-07,-0.00667572,9.631548e-06,0.03823824,2.109
2024_02_12_21_05_46_542,0.7,0.0,295183.0,295184.0,116.3145,0.0003663021,0.1359282,6.791963e-07,0.008857912,-0.0007328504,2.11,1.765953e-06,5.013575e-06,-1.531122e-06,-0.003576278,-0.000206328,-1.303852e-05,2.109
2024_02_12_21_05_46_579,0.7,0.0,295382.0,295382.0,116.3924,0.0003672802,0.1359283,-3.079297e-07,0.00885809,-0.0007365401,2.11,2.551929e-06,4.03144e-05,3.276119e-06,-0.0295639,5.960828e-06,0.03814325,2.109
2024_02_12_21_05_46_617,0.7,0.0,295585.0,295585.0,116.4724,0.0003683068,0.1359283,-6.99049e-07,0.008858538,-0.0007398152,2.11,2.412352e-05,-4.828065e-05,-1.590792e-05,-0.01716614,-0.0001190383,-0.01895055,2.109
2024_02_12_21_05_46_653,0.7,0.0,295784.0,295784.0,116.5503,0.0003693239,0.1359283,-8.839768e-07,0.008857971,-0.0007402478,2.11,2.749011e-05,-7.170573e-05,4.116211e-05,-0.003099441,-9.383802e-05,0.01158379,2.109
2024_02_12_21_05_46_691,0.7,0.0,295987.0,295987.0,116.6303,0.00037037,0.1359284,-1.91744e-07,0.008858209,-0.0007396645,2.11,3.095701e-06,-2.808989e-05,4.295839e-06,-0.002145767,-6.684058e-05,-0.0001322478,2.109
2024_02_12_21_05_46_729,0.7,0.0,296185.0,296186.0,116.7083,0.0003713873,0.135928,-9.129577e-07,0.008857912,-0.000736913,2.11,6.271845e-07,2.951927e-05,-2.905385e-06,0.009775162,5.57884e-05,0.01566298,2.109
2024_02_12_21_05_46_767,0.7,0.0,296389.0,296389.0,116.7883,0.0003724167,0.1359283,-2.677124e-08,0.00885797,-0.0007377336,2.11,2.112108e-05,-3.201437e-05,-1.689772e-05,0.020504,6.465234e-05,-0.03464893,2.109
2024_02_12_21_05_46_799,0.7,0.0,296566.0,296566.0,116.8578,0.0003732852,0.1359281,1.156112e-06,0.008857971,-0.0007423525,2.11,6.992792e-07,3.623287e-05,-1.193271e-05,-0.0166893,0.0002321812,0.02677925,2.109
2024_02_12_21_05_46_832,0.7,0.0,296743.0,296743.0,116.9272,0.0003741923,0.1359283,2.773109e-07,0.008857883,-0.0007379375,2.11,9.68657e-08,1.741231e-05,6.094836e-07,-0.0002384186,-7.916787e-05,-2.793968e-05,2.109
2024_02_12_21_05_46_871,0.7,0.0,296946.0,296947.0,117.0073,0.0003752281,0.1359283,-7.218149e-07,0.00885809,-0.0007358156,2.11,2.047844e-06,5.266197e-05,-6.322489e-06,-0.01859665,0.0001032495,0.0304915,2.109
2024_02_12_21_05_46_908,0.7,0.0,297145.0,297145.0,117.0852,0.0003762571,0.1359284,-2.817137e-07,0.008858386,-0.0007311612,2.11,7.670972e-07,-9.398022e-05,-4.954204e-07,-0.007629394,6.936352e-05,-0.007811933,2.109
2024_02_12_21_05_46_945,0.7,0.0,297348.0,297348.0,117.1652,0.0003772957,0.1359283,4.425686e-07,0.008857999,-0.0007291352,2.11,-1.863747e-05,-3.407377e-05,-2.292733e-05,0.02145767,0.0001190328,-0.04977733,2.109
2024_02_12_21_05_46_983,0.7,0.0,297547.0,297547.0,117.2431,0.0003783088,0.1359283,1.28648e-07,0.00885815,-0.0007315714,2.11,-1.778015e-05,-3.360859e-05,-2.678809e-05,0.00500679,3.23198e-05,-0.01918338,2.109
2024_02_12_21_05_47_021,0.7,0.0,297750.0,297750.0,117.3231,0.0003793533,0.1359283,8.503347e-07,0.008858239,-0.0007344688,2.11,2.109019e-05,-8.244808e-05,3.034086e-05,-0.03886223,-0.0003047917,0.04949607,2.109
2024_02_12_21_05_47_058,0.7,0.0,297948.0,297949.0,117.401,0.0003803648,0.1359283,-4.852139e-07,0.008858059,-0.0007317666,2.11,-1.581028e-06,-1.969954e-05,-1.988035e-06,-0.01358986,0.0001102053,0.04560686,2.109
2024_02_12_21_05_47_091,0.7,0.0,298131.0,298131.0,117.4726,0.00038127,0.1359285,3.812597e-07,0.008858448,-0.0007328694,2.11,-1.805548e-06,-9.246387e-05,3.96349e-07,-0.01502037,3.692912e-05,0.07646717,2.109
2024_02_12_21_05_47_129,0.7,0.0,298329.0,298329.0,117.5505,0.0003822638,0.1359284,-3.080017e-07,0.00885806,-0.0007309113,2.11,2.005445e-05,1.79295e-05,2.303516e-05,-0.01692772,-3.445712e-05,-0.000257045,2.109
2024_02_12_21_05_47_162,0.7,0.0,298511.0,298511.0,117.6221,0.000383179,0.1359283,-2.489911e-07,0.00885806,-0.0007314713,2.11,2.000522e-05,4.388592e-05,2.690343e-05,0.01716614,-0.0001292374,-0.04963204,2.109
2024_02_12_21_05_47_199,0.7,0.0,298709.0,298709.0,117.7,0.0003841539,0.1359284,7.411569e-07,0.008858419,-0.0007345377,2.11,-1.176765e-06,-3.970027e-05,-2.482135e-06,-0.009059906,4.018148e-06,0.01536496,2.109
2024_02_12_21_05_47_233,0.7,0.0,298886.0,298886.0,117.7695,0.0003850542,0.1359284,-1.439188e-06,0.008858417,-0.0007330391,2.11,2.033945e-06,-2.65049e-05,-5.641233e-06,-0.02169609,9.132599e-05,0.0380557,2.109
2024_02_12_21_05_47_270,0.7,0.0,299090.0,299090.0,117.8495,0.0003860834,0.1359283,6.536702e-07,0.008858328,-0.0007336376,2.11,5.682748e-08,-2.870994e-05,-1.64376e-06,-0.03051758,-3.181049e-05,0.05356408,2.109
2024_02_12_21_05_47_303,0.7,0.0,299267.0,299267.0,117.919,0.0003869845,0.1359284,1.132547e-06,0.008858178,-0.0007308073,2.11,-2.074171e-06,-2.855889e-05,-4.82617e-06,0.0,2.236447e-05,-0.0001639128,2.109
2024_02_12_21_05_47_341,0.7,0.0,299470.0,299470.0,117.9991,0.0003880076,0.1359282,2.043045e-06,0.00885809,-0.0007305748,2.11,-1.897134e-05,2.898643e-05,-3.099033e-05,-0.03242493,0.0001025764,0.04595331,2.109
2024_02_12_21_05_47_378,0.7,0.0,299669.0,299669.0,118.077,0.000389011,0.1359284,-1.379842e-06,0.008858269,-0.0007288766,2.11,-8.498595e-07,-2.583952e-05,-9.108927e-06,-0.01335144,0.0001721782,0.007616356,2.109
2024_02_12_21_05_47_416,0.7,0.0,299872.0,299872.0,118.157,0.0003900289,0.1359284,9.152675e-07,0.008858002,-0.0007289582,2.11,-2.347177e-05,-3.06907e-07,7.504716e-06,-0.01311302,5.625406e-05,-0.0001620501,2.109
2024_02_12_21_05_47_454,0.7,0.0,300070.0,300071.0,118.2349,0.000391014,0.1359283,-3.094531e-07,0.008858298,-0.0007287252,2.11,-1.759249e-06,-3.321084e-05,4.595563e-06,-0.02717972,-3.616151e-06,0.0497438,2.109
2024_02_12_21_05_47_491,0.7,0.0,300274.0,300274.0,118.3149,0.0003920372,0.1359284,-1.168771e-06,0.008858149,-0.0007267871,2.11,1.677117e-06,5.903496e-06,8.775652e-06,-0.01120567,-0.0001128119,0.007359311,2.109
2024_02_12_21_05_47_528,0.7,0.0,300472.0,300472.0,118.3928,0.0003930099,0.1359283,3.331459e-07,0.008858119,-0.0007311468,2.11,-1.766471e-07,1.672678e-05,-3.758563e-07,-0.01859665,1.75678e-05,0.03827736,2.109
2024_02_12_21_05_47_566,0.7,0.0,300676.0,300676.0,118.4728,0.0003940257,0.1359282,5.797203e-08,0.008858029,-0.000731961,2.11,1.47578e-07,9.28495e-06,1.258896e-06,0.03886223,6.801201e-06,-0.0762064,2.109
2024_02_12_21_05_47_599,0.7,0.0,300852.0,300853.0,118.5423,0.0003949062,0.1359284,9.857372e-07,0.008858181,-0.00073294,2.11,3.42622e-08,1.632298e-05,-6.787861e-07,-0.007390975,-2.373417e-05,-0.06124563,2.109
2024_02_12_21_05_47_637,0.7,0.0,301051.0,301051.0,118.6202,0.0003959102,0.1359283,6.57958e-07,0.008858268,-0.0007297096,2.11,1.259874e-06,-2.675253e-05,5.749828e-06,-0.03504753,-0.0001300541,0.04962459,2.109
2024_02_12_21_05_47_675,0.7,0.0,301254.0,301254.0,118.7003,0.0003969406,0.1359283,-3.977812e-07,0.008858061,-0.000727274,2.11,6.074848e-07,1.206963e-05,-1.98878e-06,-0.03123283,4.818321e-05,0.0150837,2.109
2024_02_12_21_05_47_713,0.7,0.0,301452.0,301453.0,118.7782,0.0003979124,0.1359283,2.180956e-06,0.008858088,-0.0007302632,2.11,1.791943e-07,1.654761e-05,1.453353e-07,-0.02527237,-0.0001191511,0.02672151,2.109
2024_02_12_21_05_47_746,0.7,0.0,301635.0,301635.0,118.8498,0.0003988134,0.1359283,3.715357e-07,0.008858031,-0.0007347228,2.11,1.065542e-06,-1.514301e-05,2.432696e-06,-0.001907349,-8.587449e-06,0.03070943,2.109
2024_02_12_21_05_47_782,0.7,0.0,301833.0,301833.0,118.9277,0.0003998077,0.1359284,-8.485063e-07,0.008857971,-0.0007346864,2.11,4.064653e-05,-5.7676e-05,9.133243e-06,-0.0140667,3.731657e-05,0.03778376,2.109
2024_02_12_21_05_47_820,0.7,0.0,302037.0,302037.0,119.0077,0.0004008074,0.1359281,-1.000134e-07,0.008858031,-0.0007350167,2.11,7.854026e-07,2.099453e-05,5.670648e-07,-0.01215935,1.45119e-05,0.007808208,2.109
2024_02_12_21_05_47_857,0.7,0.0,302235.0,302235.0,119.0856,0.000401804,0.1359282,-8.219064e-07,0.008857673,-0.0007353884,2.11,3.143483e-06,9.000191e-05,3.138025e-06,0.01049042,8.882852e-05,-0.0457596,2.109
2024_02_12_21_05_47_891,0.7,0.0,302417.0,302417.0,119.1572,0.0004027389,0.1359284,5.081179e-07,0.008858209,-0.0007333314,2.11,2.21079e-06,6.378746e-06,7.403698e-06,0.02026558,-3.472996e-05,-0.0190381,2.109
2024_02_12_21_05_47_924,0.7,0.0,302594.0,302594.0,119.2267,0.0004036218,0.1359284,3.168797e-07,0.008858358,-0.0007376704,2.11,-1.839314e-05,-0.0001216528,1.701816e-05,0.02503395,3.818241e-05,-0.01896732,2.109
2024_02_12_21_05_47_962,0.7,0.0,302792.0,302792.0,119.3046,0.0004046394,0.1359284,-1.177893e-06,0.00885809,-0.0007392053,2.11,4.779971e-05,3.654644e-05,1.138096e-05,-0.03075599,-1.844455e-05,0.0457447,2.109
2024_02_12_21_05_47_999,0.7,0.0,302995.0,302996.0,119.3846,0.0004056785,0.1359283,-1.919272e-07,0.00885812,-0.0007418782,2.11,2.217273e-05,-1.942758e-05,2.369971e-05,-0.009536743,-2.646266e-05,0.01503341,2.109
2024_02_12_21_05_48_037,0.7,0.0,303194.0,303194.0,119.4625,0.0004066955,0.1359282,2.153579e-07,0.008857702,-0.0007405981,2.11,-2.039238e-05,4.0447e-05,2.203762e-05,-0.0140667,-0.0001733915,-0.007800757,2.109
2024_02_12_21_05_48_073,0.7,0.0,303397.0,303398.0,119.5425,0.0004077438,0.1359284,4.613888e-07,0.00885818,-0.0007400251,2.11,-2.175731e-05,-4.862784e-06,4.511018e-06,-0.00333786,0.0001415519,-0.02683699,2.109
2024_02_12_21_05_48_108,0.7,0.0,303574.0,303574.0,119.612,0.0004086328,0.1359282,-7.679711e-07,0.008857822,-0.0007449415,2.11,1.344198e-06,1.976886e-05,-1.00689e-05,-0.02813339,0.0001139106,0.03427081,2.109
2024_02_12_21_05_48_145,0.7,0.0,303778.0,303778.0,119.692,0.0004096664,0.1359284,-4.788652e-07,0.008858002,-0.0007433745,2.11,-1.45345e-06,-2.499936e-05,-1.458524e-05,0.01263618,0.000338392,-0.007648021,2.109
2024_02_12_21_05_48_183,0.7,0.0,303976.0,303976.0,119.77,0.0004106772,0.1359283,1.004225e-06,0.008858031,-0.0007422381,2.11,-2.049762e-05,-1.145301e-05,2.03618e-05,0.02193451,-6.640767e-05,0.003902241,2.109
2024_02_12_21_05_48_220,0.7,0.0,304180.0,304180.0,119.85,0.0004116989,0.1359282,-1.440416e-06,0.00885803,-0.0007426199,2.11,1.916131e-05,-5.286912e-06,-8.440216e-06,0.004529953,1.324224e-05,-0.02252124,2.109
2024_02_12_21_05_48_253,0.7,0.0,304357.0,304357.0,119.9195,0.0004126115,0.1359284,-8.285925e-07,0.00885806,-0.0007406779,2.11,2.1302e-06,-1.725171e-05,-1.620902e-06,-0.01597404,4.66789e-05,0.007240101,2.109
2024_02_12_21_05_48_292,0.7,0.0,304560.0,304560.0,119.9995,0.0004136457,0.1359281,-8.378178e-07,0.008857883,-0.000742258,2.11,4.390923e-05,-1.798835e-05,1.25615e-05,0.01120567,-0.0001237422,0.06136484,2.109
2024_02_12_21_05_48_329,0.7,0.0,304759.0,304759.0,120.0774,0.000414662,0.1359283,2.279685e-07,0.00885806,-0.0007419096,2.11,1.252943e-06,-5.552604e-07,-1.945043e-07,0.02813339,-2.253364e-05,-0.0459142,2.109
2024_02_12_21_05_48_362,0.7,0.0,304935.0,304935.0,120.1469,0.0004155777,0.1359284,1.215817e-07,0.008858209,-0.0007391386,2.11,2.883061e-09,1.14652e-05,1.129467e-06,-0.02527237,2.419256e-07,-0.0001788139,2.109
2024_02_12_21_05_48_399,0.7,0.0,305139.0,305139.0,120.2269,0.0004166057,0.1359283,5.340763e-07,0.008858388,-0.0007412447,2.11,1.014603e-07,-9.40255e-05,4.111284e-07,-0.01716614,-8.258211e-05,0.02297014,2.109
2024_02_12_21_05_48_437,0.7,0.0,305337.0,305337.0,120.3048,0.000417617,0.1359285,7.3924e-07,0.00885815,-0.0007433699,2.11,-2.180975e-05,2.300136e-05,2.140928e-05,0.004053116,-4.138928e-05,-0.01921691,2.109
2024_02_12_21_05_48_470,0.7,0.0,305519.0,305519.0,120.3764,0.0004185671,0.1359283,2.616357e-07,0.008858269,-0.0007396559,2.11,2.311374e-06,-7.698446e-05,4.14331e-06,0.008106232,-7.447125e-05,-0.02284907,2.109
2024_02_12_21_05_48_507,0.7,0.0,305718.0,305718.0,120.4543,0.0004195934,0.1359284,3.323322e-07,0.00885812,-0.0007413548,2.11,-1.920353e-05,-1.463021e-05,-2.362985e-05,0.01144409,0.0001884091,-0.03443472,2.109
2024_02_12_21_05_48_546,0.7,0.0,305921.0,305921.0,120.5343,0.0004206327,0.1359284,-8.316077e-07,0.00885815,-0.0007447866,2.11,-2.205914e-05,-4.556107e-05,1.542922e-05,0.001907349,5.61522e-05,-0.007681548,2.109
2024_02_12_21_05_48_582,0.7,0.0,306120.0,306120.0,120.6122,0.0004216717,0.1359282,1.100546e-07,0.008858031,-0.000740768,2.11,2.145147e-07,4.542379e-05,5.277349e-06,-0.005483627,0.0001074732,-0.05730055,2.109
2024_02_12_21_05_48_620,0.7,0.0,306323.0,306323.0,120.6923,0.0004227214,0.1359284,3.702058e-07,0.00885815,-0.000740284,2.11,1.060344e-06,-3.484844e-05,4.795615e-06,0.00834465,4.157482e-05,-0.003933907,2.109
2024_02_12_21_05_48_658,0.7,0.0,306522.0,306522.0,120.7702,0.0004237216,0.1359282,-7.692666e-07,0.008857972,-0.0007440919,2.11,-1.966018e-06,9.449e-06,-4.217535e-06,-0.02408027,-2.744855e-05,0.09191222,2.109
2024_02_12_21_05_48_691,0.7,0.0,306704.0,306704.0,120.8418,0.000424656,0.1359283,1.158289e-06,0.008858031,-0.0007424208,2.11,-3.701076e-07,-2.201002e-05,1.932334e-06,-0.01072884,-5.315087e-05,-6.891787e-05,2.109
2024_02_12_21_05_48_728,0.7,0.0,306902.0,306902.0,120.9197,0.0004256528,0.1359284,1.139096e-06,0.00885821,-0.0007450448,2.11,-3.29727e-06,-1.004917e-05,1.769262e-07,-0.02884865,8.636561e-05,0.04571117,2.109
2024_02_12_21_05_48_762,0.7,0.0,307079.0,307079.0,120.9892,0.0004265669,0.1359281,1.557861e-07,0.008858031,-0.0007419258,2.11,2.047049e-06,-4.327768e-06,-7.040705e-07,-0.007629394,-5.861693e-05,7.45058e-06,2.109
2024_02_12_21_05_48_800,0.7,0.0,307282.0,307282.0,121.0692,0.0004276134,0.1359284,-7.235255e-07,0.008858119,-0.0007418938,2.11,2.01426e-06,6.467428e-05,1.877975e-06,0.01597404,0.0001356184,-0.03831275,2.109
2024_02_12_21_05_48_836,0.7,0.0,307481.0,307481.0,121.1471,0.000428644,0.1359283,5.171548e-07,0.008858508,-0.0007397373,2.11,-1.942508e-05,-7.24861e-07,-2.437846e-05,-0.01955032,3.995046e-05,0.01163967,2.109
2024_02_12_21_05_48_874,0.7,0.0,307684.0,307684.0,121.2271,0.0004296672,0.1359284,1.199078e-07,0.00885812,-0.0007465834,2.11,1.058318e-06,3.399156e-05,2.770661e-06,0.02074241,-3.568857e-05,-0.03041699,2.109
2024_02_12_21_05_48_912,0.7,0.0,307882.0,307883.0,121.305,0.0004306812,0.1359284,-1.876987e-06,0.008858269,-0.0007487385,2.11,4.164187e-05,2.710613e-05,8.542241e-06,-0.03695488,-0.0001066292,0.05328282,2.109
2024_02_12_21_05_48_950,0.7,0.0,308086.0,308086.0,121.385,0.0004317318,0.1359283,-1.066297e-06,0.008858358,-0.0007426475,2.11,-2.134142e-06,2.324187e-05,-1.490507e-06,-0.01740456,6.070877e-05,0.05389191,2.109
2024_02_12_21_05_48_986,0.7,0.0,308284.0,308284.0,121.463,0.0004327408,0.1359284,4.396059e-07,0.008858119,-0.0007421246,2.11,-1.328067e-06,2.010584e-05,3.109198e-06,-0.01883507,-2.094566e-05,0.007364898,2.109
2024_02_12_21_05_49_023,0.7,0.0,308488.0,308488.0,121.543,0.0004337679,0.1359282,4.579119e-07,0.008857912,-0.0007429034,2.11,2.62081e-09,3.085453e-05,1.564861e-07,-0.01502037,-4.266439e-05,0.05360692,2.109
2024_02_12_21_05_49_061,0.7,0.0,308686.0,308686.0,121.6209,0.0004348265,0.1359283,5.083676e-07,0.008858031,-0.000737196,2.11,2.096255e-06,-5.57415e-06,-1.083023e-06,-0.04267692,-0.0001408935,0.06094388,2.109
2024_02_12_21_05_49_099,0.7,0.0,308890.0,308890.0,121.7009,0.000435843,0.1359284,2.253827e-06,0.00885815,-0.0007410544,2.11,-2.279442e-05,-3.188542e-05,1.98415e-05,-0.01120567,1.533954e-05,0.01130253,2.109
2024_02_12_21_05_49_136,0.7,0.0,309088.0,309088.0,121.7788,0.0004368555,0.1359282,-6.051167e-07,0.008857762,-0.0007404617,2.11,2.094562e-06,2.873518e-05,-1.279634e-06,-0.002145767,-1.129774e-05,-9.49949e-05,2.109
2024_02_12_21_05_49_174,0.7,0.0,309292.0,309292.0,121.8588,0.0004379035,0.1359284,-3.419559e-07,0.00885809,-0.0007420107,2.11,9.448506e-07,2.357788e-05,-4.440809e-06,0.00834465,-2.209708e-05,-0.0307057,2.109
2024_02_12_21_05_49_208,0.7,0.0,309469.0,309469.0,121.9283,0.0004388076,0.1359283,1.449327e-06,0.00885812,-0.0007406603,2.11,1.819509e-05,-2.619895e-05,2.681209e-05,0.01239777,-0.0001569042,-0.01920015,2.109
2024_02_12_21_05_49_245,0.7,0.0,309672.0,309672.0,122.0083,0.0004398538,0.1359283,-6.684926e-07,0.00885806,-0.0007364857,2.11,2.009506e-05,-7.028674e-06,2.729653e-05,-0.01215935,-0.0001477147,0.003637746,2.109
2024_02_12_21_05_49_278,0.7,0.0,309849.0,309849.0,122.0778,0.0004407564,0.1359284,6.788842e-08,0.008858269,-0.0007351142,2.11,-1.319835e-06,4.632403e-06,-3.41328e-06,-0.04458427,2.791057e-05,0.05304254,2.109
2024_02_12_21_05_49_315,0.7,0.0,310047.0,310047.0,122.1557,0.0004417684,0.1359281,1.846797e-06,0.00885806,-0.0007340834,2.11,-4.93748e-07,-9.722311e-06,-3.326148e-06,0.001430511,-8.860115e-05,0.0001285225,2.109
2024_02_12_21_05_49_353,0.7,0.0,310251.0,310251.0,122.2357,0.0004428073,0.1359283,-6.932476e-08,0.00885809,-0.0007328362,2.11,-4.183238e-07,2.011536e-05,1.694435e-06,-0.009059906,1.668195e-05,0.03817677,2.109
2024_02_12_21_05_49_391,0.7,0.0,310449.0,310449.0,122.3137,0.0004438294,0.1359284,-7.734598e-09,0.008858447,-0.0007298194,2.11,2.195062e-05,-5.813325e-05,-1.712031e-05,-0.0333786,-4.055255e-05,0.003723427,2.109
2024_02_12_21_05_49_428,0.7,0.0,310653.0,310653.0,122.3937,0.0004448406,0.1359283,2.566213e-07,0.00885809,-0.0007325672,2.11,-2.767101e-05,1.89634e-05,1.683967e-05,-0.005245208,-7.080234e-05,-0.01149066,2.109
2024_02_12_21_05_49_466,0.7,0.0,310851.0,310851.0,122.4716,0.0004458451,0.1359283,7.389843e-08,0.00885806,-0.0007298214,2.11,1.96016e-05,6.065283e-06,-1.335131e-05,0.03647804,-4.387766e-05,-0.04184618,2.109
2024_02_12_21_05_49_499,0.7,0.0,311033.0,311033.0,122.5432,0.000446726,0.1359284,1.363643e-07,0.008858416,-0.0007354075,2.11,1.809363e-05,-6.627453e-05,2.630541e-05,-0.01645088,-5.612128e-05,0.02676621,2.109
2024_02_12_21_05_49_537,0.7,0.0,311231.0,311231.0,122.6211,0.0004477424,0.1359284,4.754636e-07,0.008858329,-0.0007292111,2.11,-8.101886e-07,-6.199201e-05,2.801508e-07,0.02121925,-2.579509e-05,-0.05356595,2.109
2024_02_12_21_05_49_573,0.7,0.0,311435.0,311435.0,122.7011,0.0004487608,0.1359284,-1.971984e-07,0.008858416,-0.0007320313,2.11,-6.55176e-07,-5.176863e-05,1.684556e-06,0.00500679,8.973075e-06,-6.705523e-05,2.109
2024_02_12_21_05_49_611,0.7,0.0,311633.0,311633.0,122.779,0.0004497473,0.1359284,7.786417e-07,0.008858387,-0.0007363835,2.11,1.805716e-06,-3.634505e-05,2.084072e-06,0.02813339,-3.0308e-05,-0.04940666,2.109
2024_02_12_21_05_49_649,0.7,0.0,311837.0,311836.0,122.859,0.000450784,0.1359284,-2.106232e-06,0.008858269,-0.0007381872,2.11,2.147273e-05,3.574479e-05,2.294533e-05,0.01049042,-0.0001966782,0.007661059,2.109
2024_02_12_21_05_49_686,0.7,0.0,312035.0,312035.0,122.937,0.0004518255,0.1359284,2.189087e-07,0.008858358,-0.0007324473,2.11,-2.0103e-07,-5.460127e-05,2.928919e-06,0.01358986,-1.742774e-05,-0.03811531,2.109
2024_02_12_21_05_49_720,0.7,0.0,312217.0,312217.0,123.0085,0.0004527387,0.1359284,2.921122e-07,0.00885818,-0.0007365474,2.11,5.93723e-07,5.066827e-05,3.810032e-06,-0.0269413,-6.85086e-05,0.03045611,2.109
2024_02_12_21_05_49_757,0.7,0.0,312415.0,312415.0,123.0865,0.0004537537,0.1359284,-9.278938e-07,0.008858388,-0.0007347394,2.11,2.324865e-08,-8.586678e-05,7.385767e-07,0.0002384186,-1.316403e-05,-7.636845e-05,2.109
2024_02_12_21_05_49_794,0.7,0.0,312619.0,312619.0,123.1665,0.0004547752,0.1359283,-7.326276e-07,0.008858002,-0.0007384996,2.11,-1.099942e-06,-4.093201e-05,-3.949372e-06,-0.02336502,-0.0001205972,0.04976056,2.109
2024_02_12_21_05_49_832,0.7,0.0,312817.0,312817.0,123.2444,0.0004557792,0.1359284,-4.067143e-07,0.008858299,-0.0007377895,2.11,2.125439e-05,1.153824e-05,-2.38982e-05,0.007390975,2.88037e-05,-0.0001098961,2.109
2024_02_12_21_05_49_866,0.7,0.0,312994.0,312993.0,123.3139,0.0004566718,0.1359283,-1.868093e-06,0.008858479,-0.0007388066,2.11,2.20431e-05,-5.669953e-05,-1.585955e-05,0.004291534,6.644223e-05,-0.003546476,2.109
2024_02_12_21_05_49_903,0.7,0.0,313197.0,313197.0,123.3939,0.0004577329,0.1359283,1.675403e-06,0.00885812,-0.0007347495,2.11,1.188895e-06,4.019784e-05,2.300507e-06,0.02288818,7.346898e-05,-0.02289004,2.109
2024_02_12_21_05_49_941,0.7,0.0,313396.0,313395.0,123.4718,0.0004587184,0.1359281,-5.456932e-07,0.008858061,-0.0007393035,2.11,1.27125e-07,1.940043e-05,1.448441e-06,-0.00667572,3.427522e-05,0.06144493,2.109
2024_02_12_21_05_49_978,0.7,0.0,313599.0,313599.0,123.5518,0.0004597464,0.1359283,4.305518e-07,0.008858002,-0.0007408374,2.11,-2.084139e-05,-6.094307e-05,-2.453357e-05,0.009298325,8.668939e-05,-0.003781169,2.109
2024_02_12_21_05_50_011,0.7,0.0,313776.0,313776.0,123.6213,0.0004606426,0.1359284,-9.842152e-08,0.00885812,-0.0007466978,2.11,2.079636e-06,-6.656666e-05,3.856872e-06,0.01573563,-1.79989e-05,-0.06141886,2.109
2024_02_12_21_05_50_049,0.7,0.0,313980.0,313980.0,123.7013,0.0004617138,0.1359281,-1.21535e-06,0.008857883,-0.0007427383,2.11,9.228613e-07,-7.520866e-06,-2.040883e-06,0.0004768371,-6.015398e-05,0.0001043081,2.109
2024_02_12_21_05_50_083,0.7,0.0,314157.0,314157.0,123.7708,0.0004626342,0.1359284,6.453111e-07,0.00885806,-0.0007417594,2.11,1.498939e-06,-2.371943e-05,2.733608e-06,0.01907349,-9.824361e-05,-0.0611674,2.109
2024_02_12_21_05_50_120,0.7,0.0,314355.0,314355.0,123.8487,0.000463663,0.1359283,4.779683e-07,0.00885809,-0.000742784,2.11,-2.042885e-05,-8.09902e-05,1.701585e-05,0.0526905,-0.0001126173,-0.03817677,2.109
2024_02_12_21_05_50_157,0.7,0.0,314559.0,314558.0,123.9287,0.0004647328,0.1359282,-1.797028e-07,0.008857822,-0.0007437082,2.11,9.826705e-07,-1.32898e-05,-1.398872e-05,0.01883507,0.0001807621,0.03452227,2.109
2024_02_12_21_05_50_194,0.7,0.0,314757.0,314757.0,124.0067,0.0004657644,0.1359283,-1.561926e-06,0.008858178,-0.0007417575,2.11,1.858051e-05,3.816712e-05,-1.757711e-05,0.0009536743,9.050017e-05,0.003758818,2.109
2024_02_12_21_05_50_232,0.7,0.0,314960.0,314960.0,124.0867,0.0004667756,0.1359283,5.517505e-07,0.008858329,-0.0007441302,2.11,-1.799261e-06,-8.739554e-05,-2.153217e-06,0.01215935,-4.814501e-05,-0.007580965,2.109
2024_02_12_21_05_50_266,0.7,0.0,315137.0,315137.0,124.1562,0.0004676969,0.1359283,6.021205e-08,0.00885806,-0.0007419946,2.11,2.017548e-06,2.154944e-05,9.419156e-06,0.03051758,4.998583e-05,-0.003723427,2.109
2024_02_12_21_05_50_303,0.7,0.0,315341.0,315341.0,124.2362,0.0004687354,0.1359284,-2.996623e-07,0.00885818,-0.0007473257,2.11,-9.503647e-07,-3.015268e-05,4.155304e-06,0.00333786,-4.618778e-05,-0.01542829,2.109
2024_02_12_21_05_50_340,0.7,0.0,315539.0,315539.0,124.3141,0.0004697555,0.1359281,5.655857e-07,0.008857971,-0.000746684,2.11,-2.353971e-05,2.576144e-05,1.806685e-05,-0.01692772,8.971073e-05,0.02688542,2.109
2024_02_12_21_05_50_378,0.7,0.0,315743.0,315743.0,124.3941,0.000470818,0.1359284,7.135899e-07,0.008858002,-0.0007424437,2.11,-2.141157e-05,-3.765083e-05,-2.049652e-05,0.01907349,0.0001033622,-0.03448874,2.109
2024_02_12_21_05_50_416,0.7,0.0,315941.0,315941.0,124.472,0.0004718282,0.1359281,5.936878e-07,0.008858,-0.0007445252,2.11,-2.000203e-06,2.719703e-05,-3.874191e-06,-0.003576278,-3.118294e-05,0.06915256,2.109
2024_02_12_21_05_50_449,0.7,0.0,316123.0,316123.0,124.5436,0.0004727494,0.1359283,1.461475e-06,0.00885806,-0.0007434759,2.11,-3.02828e-06,-1.794207e-05,-4.709055e-07,0.002861023,-4.260619e-05,-0.03059208,2.109
2024_02_12_21_05_50_487,0.7,0.0,316322.0,316321.0,124.6215,0.0004737425,0.1359284,2.287109e-07,0.00885815,-0.000745876,2.11,-2.300617e-06,-5.734118e-05,-2.900374e-06,-0.008106232,-7.51279e-05,0.003682449,2.109
2024_02_12_21_05_50_519,0.7,0.0,316498.0,316498.0,124.691,0.0004746494,0.1359281,2.709511e-07,0.008858002,-0.0007430342,2.11,-6.18746e-07,-9.906644e-06,-1.339432e-06,0.008821487,1.944136e-05,-0.01508184,2.109
2024_02_12_21_05_50_557,0.7,0.0,316702.0,316702.0,124.771,0.0004757025,0.1359283,-7.357303e-07,0.008858031,-0.0007420215,2.11,2.572689e-05,-6.751632e-06,-1.801962e-05,0.02527237,-7.441485e-06,-0.01532398,2.109
2024_02_12_21_05_50_591,0.7,0.0,316879.0,316879.0,124.8405,0.0004766111,0.1359283,-1.158469e-06,0.008858181,-0.0007441303,2.11,6.998688e-07,-7.807982e-05,-2.787012e-06,0.004053116,1.597255e-05,0.01526624,2.109
2024_02_12_21_05_50_627,0.7,0.0,317083.0,317082.0,124.9205,0.0004776772,0.1359283,-7.154523e-08,0.008858119,-0.0007404885,2.11,6.05763e-07,-1.686574e-05,4.426955e-06,0.02217293,-5.170295e-05,-0.03788806,2.109
2024_02_12_21_05_50_665,0.7,0.0,317281.0,317280.0,124.9984,0.0004786903,0.1359284,-6.40952e-07,0.008858269,-0.0007407921,2.11,-1.214989e-06,2.775722e-05,-8.162024e-06,-0.0004768371,0.0001195331,-0.0001229346,2.109
2024_02_12_21_05_50_703,0.7,0.0,317484.0,317484.0,125.0785,0.0004797577,0.1359284,-7.475207e-07,0.008858387,-0.0007377826,2.11,1.689985e-07,-9.285117e-05,-6.447926e-07,0.01001358,5.635593e-05,0.01901947,2.109
2024_02_12_21_05_50_736,0.7,0.0,317661.0,317661.0,125.1479,0.0004806707,0.1359285,4.539023e-07,0.008858477,-0.0007367493,2.11,-1.108341e-06,-1.799886e-05,3.713917e-06,-0.05555153,-1.3526e-05,0.06095133,2.109
2024_02_12_21_05_50_774,0.7,0.0,317865.0,317864.0,125.228,0.0004816992,0.1359283,9.08468e-07,0.008858508,-0.0007403341,2.11,-2.80541e-06,-4.063187e-05,3.57736e-06,-0.0166893,-0.0002619781,0.09197368,2.109
2024_02_12_21_05_50_811,0.7,0.0,318063.0,318063.0,125.3059,0.0004827116,0.1359284,5.577175e-07,0.00885812,-0.0007390825,2.11,-2.214204e-06,-5.639284e-05,3.152796e-06,-0.005483627,-6.560185e-05,0.07624738,2.109
2024_02_12_21_05_50_845,0.7,0.0,318245.0,318245.0,125.3775,0.0004836562,0.1359285,-5.366849e-07,0.008858121,-0.0007365587,2.11,-1.035665e-06,5.526103e-06,5.570615e-06,-0.001907349,0.000207232,-0.01173839,2.109
2024_02_12_21_05_50_882,0.7,0.0,318449.0,318448.0,125.4575,0.0004847028,0.1359283,1.744661e-07,0.00885812,-0.000733277,2.11,-2.101427e-06,-1.708745e-05,-2.221972e-06,-0.01430511,6.963637e-05,0.06883778,2.109
2024_02_12_21_05_50_920,0.7,0.0,318642.0,318641.0,125.5333,0.000485686,0.1359284,-7.506371e-07,0.008858002,-0.0007315061,2.11,-3.242622e-06,-1.970589e-05,-1.630598e-06,-0.020504,4.701905e-05,0.07603876,2.109
2024_02_12_21_05_50_958,0.7,0.0,318845.0,318845.0,125.6133,0.0004866862,0.1359282,1.10904e-06,0.008858091,-0.0007380989,2.11,-1.495446e-06,7.007849e-05,5.278316e-06,-0.02861023,-6.675691e-06,0.01548603,2.109
2024_02_12_21_05_50_990,0.7,0.0,319022.0,319022.0,125.6828,0.0004875568,0.1359282,-1.746416e-06,0.008858031,-0.0007427622,2.11,-2.183285e-06,3.164815e-05,-6.028375e-06,0.005960464,4.723551e-05,-0.01509674,2.109
2024_02_12_21_05_51_023,0.7,0.0,319204.0,319204.0,125.7544,0.0004884801,0.1359284,9.297578e-08,0.00885815,-0.0007444257,2.11,-1.599748e-06,1.883979e-05,-5.929661e-06,0.02074241,-8.597089e-05,-0.04971213,2.109
2024_02_12_21_05_51_061,0.7,0.0,319402.0,319402.0,125.8323,0.0004895219,0.1359283,1.046692e-06,0.008858032,-0.0007398034,2.11,5.335916e-08,8.951249e-06,5.807618e-06,0.0231266,-0.0001098324,-0.02264045,2.109
2024_02_12_21_05_51_095,0.7,0.0,319579.0,319579.0,125.9018,0.00049042,0.1359283,3.204293e-09,0.008858031,-0.0007412204,2.11,-6.639849e-07,1.335887e-05,-1.459676e-06,0.007390975,1.196531e-05,-0.02289563,2.109
2024_02_12_21_05_51_132,0.7,0.0,319783.0,319783.0,125.9818,0.0004914582,0.1359284,-7.357352e-07,0.008858239,-0.0007418639,2.11,-2.242665e-05,-3.485183e-05,1.643737e-05,0.01120567,0.0002791712,-0.03445148,2.109
2024_02_12_21_05_51_170,0.7,0.0,319981.0,319981.0,126.0597,0.0004924383,0.1359282,1.445778e-06,0.008858298,-0.0007495882,2.11,-3.28314e-06,-4.138887e-05,-5.209237e-06,0.020504,-7.926064e-05,-0.003458932,2.109
2024_02_12_21_05_51_207,0.7,0.0,320185.0,320185.0,126.1397,0.0004935021,0.1359284,1.102515e-06,0.008858387,-0.000743359,2.11,-1.165096e-06,-8.581721e-05,4.584079e-06,0.04291534,-0.0001093867,-0.05331449,2.109
2024_02_12_21_05_51_240,0.7,0.0,320362.0,320362.0,126.2092,0.0004944019,0.1359284,5.066174e-07,0.008858478,-0.0007440012,2.11,1.055464e-06,-6.80752e-05,4.083651e-06,0.01263618,-0.0002770957,-0.05331076,2.109
2024_02_12_21_05_51_278,0.7,0.0,320566.0,320565.0,126.2892,0.0004954389,0.1359283,-3.520074e-07,0.00885815,-0.0007446045,2.11,2.017832e-07,1.291464e-05,-1.204227e-06,0.02288818,5.280526e-06,-0.06092339,2.109
2024_02_12_21_05_51_315,0.7,0.0,320764.0,320763.0,126.3672,0.0004964587,0.1359283,-3.644313e-07,0.00885818,-0.0007467481,2.11,2.509197e-06,-2.003888e-05,5.101323e-06,-0.005722045,-0.0001157132,0.01515634,2.109
2024_02_12_21_05_51_355,0.7,0.0,320967.0,320967.0,126.4472,0.0004975164,0.1359282,3.533937e-07,0.008857972,-0.0007484718,2.11,-3.95689e-05,1.585069e-05,-8.256146e-06,0.03361702,4.15348e-05,-0.05327537,2.109
2024_02_12_21_05_51_386,0.7,0.0,321144.0,321144.0,126.5167,0.0004984386,0.1359283,-4.950452e-07,0.00885803,-0.0007496135,2.11,1.111275e-06,-2.041031e-05,1.97593e-06,0.02408027,1.327316e-05,-0.05352869,2.109
2024_02_12_21_05_51_424,0.7,0.0,321342.0,321342.0,126.5946,0.0004994842,0.1359282,-2.076215e-06,0.008857882,-0.0007478672,2.11,4.499738e-05,1.943859e-05,1.622118e-05,0.02431869,-8.190727e-05,-0.04950352,2.109
2024_02_12_21_05_51_461,0.7,0.0,321546.0,321546.0,126.6746,0.0005005652,0.1359284,4.55424e-07,0.008858002,-0.000745905,2.11,2.077543e-05,-5.799772e-05,-1.773343e-05,0.0424385,-0.0001377684,-0.05740672,2.109
2024_02_12_21_05_51_498,0.7,0.0,321744.0,321744.0,126.7525,0.0005015818,0.1359284,-2.200303e-06,0.00885815,-0.0007484238,2.11,1.971119e-05,-2.273071e-05,-1.666487e-05,-0.007390975,0.0001158405,-0.003939494,2.109
2024_02_12_21_05_51_532,0.7,0.0,321926.0,321926.0,126.8241,0.0005025105,0.1359281,-5.919282e-07,0.008857852,-0.0007499484,2.11,1.826362e-07,-1.708861e-05,-2.546268e-06,0.01049042,3.493369e-05,0.007800757,2.109
2024_02_12_21_05_51_570,0.7,0.0,322125.0,322125.0,126.902,0.0005035396,0.1359284,1.376451e-07,0.00885812,-0.0007511441,2.11,-4.644666e-07,2.131205e-05,-3.198075e-07,-0.0231266,2.793967e-06,0.05353242,2.109
2024_02_12_21_05_51_603,0.7,0.0,322307.0,322307.0,126.9736,0.0005044832,0.1359282,-3.195265e-07,0.00885818,-0.00075214,2.11,5.831403e-07,1.557048e-05,-9.137564e-07,-0.002622604,-2.111665e-05,-3.72529e-06,2.109
2024_02_12_21_05_51_640,0.7,0.0,322505.0,322505.0,127.0515,0.0005055196,0.1359283,-7.076351e-07,0.008857971,-0.0007525786,2.11,4.882428e-07,-5.563468e-05,-2.330017e-06,-0.004768372,8.75716e-05,0.0307057,2.109
2024_02_12_21_05_51_678,0.7,0.0,322709.0,322708.0,127.1315,0.0005065906,0.1359284,8.081423e-07,0.008858329,-0.0007503407,2.11,-1.934954e-05,8.118274e-05,-2.684168e-05,0.00333786,0.0002798933,-0.003686175,2.109
2024_02_12_21_05_51_716,0.7,0.0,322907.0,322907.0,127.2094,0.0005076177,0.1359283,-1.904228e-07,0.00885827,-0.0007538563,2.11,3.143134e-07,-0.000107454,2.015908e-08,0.02288818,-2.123488e-05,-0.01518987,2.109
2024_02_12_21_05_51_754,0.7,0.0,323111.0,323110.0,127.2895,0.0005086777,0.1359284,3.061639e-07,0.00885809,-0.0007534779,2.11,1.895138e-05,4.449388e-05,-2.079993e-05,-0.002861023,1.857006e-05,-0.004023314,2.109
2024_02_12_21_05_51_790,0.7,0.0,323309.0,323308.0,127.3674,0.0005097253,0.1359282,2.634498e-08,0.008857942,-0.0007495572,2.11,3.387544e-06,6.292512e-05,9.142101e-06,0.0128746,1.531771e-05,-0.01887046,2.109
2024_02_12_21_05_51_824,0.7,0.0,323486.0,323485.0,127.4369,0.0005106414,0.1359282,-1.101762e-06,0.008857882,-0.0007536601,2.11,7.183471e-07,-1.86035e-05,-3.454073e-06,-0.01978874,0.00010642,1.490116e-05,2.109
2024_02_12_21_05_51_861,0.7,0.0,323689.0,323689.0,127.5169,0.0005117109,0.1359283,-4.725985e-07,0.008858298,-0.0007542175,2.11,4.0987e-05,-1.672941e-05,1.94117e-06,-0.003099441,-5.229048e-05,0.0267867,2.109
2024_02_12_21_05_51_894,0.7,0.0,323866.0,323866.0,127.5864,0.0005126345,0.1359284,1.539862e-06,0.008858329,-0.0007517331,2.11,-2.393854e-06,-8.197784e-05,-3.982336e-06,0.04744529,-3.34494e-05,-0.03803521,2.109
2024_02_12_21_05_51_932,0.7,0.0,324070.0,324069.0,127.6664,0.0005136858,0.1359284,-4.363308e-07,0.008858238,-0.0007522463,2.11,3.817147e-05,-4.859551e-06,8.052093e-06,-0.004768372,-7.311974e-05,0.007435679,2.109
2024_02_12_21_05_51_966,0.7,0.0,324246.0,324246.0,127.7359,0.0005146055,0.1359284,3.808105e-07,0.008858477,-0.0007467098,2.11,1.831506e-05,-0.0001588605,-1.970269e-05,-0.003576278,-1.562512e-06,0.01134537,2.109
2024_02_12_21_05_52_003,0.7,0.0,324450.0,324450.0,127.8159,0.0005156272,0.1359281,6.846735e-07,0.008858002,-0.0007514669,2.11,-9.932725e-07,-1.404078e-05,-3.546086e-06,-0.0002384186,-6.191294e-05,0.0001098961,2.109
2024_02_12_21_05_52_036,0.7,0.0,324627.0,324627.0,127.8854,0.0005165385,0.1359283,-1.437662e-06,0.008857762,-0.0007513862,2.11,1.987938e-05,1.350033e-05,2.650237e-05,-0.005960464,2.299748e-05,0.003784895,2.109
2024_02_12_21_05_52_074,0.7,0.0,324825.0,324825.0,127.9633,0.000517572,0.1359283,6.731591e-07,0.008857912,-0.0007475324,2.11,-1.776762e-06,5.925244e-05,9.481572e-06,-0.04458427,-0.0001345306,0.04950352,2.109
2024_02_12_21_05_52_111,0.7,0.0,325029.0,325029.0,128.0433,0.0005186205,0.1359285,-2.355285e-06,0.008858448,-0.0007483761,2.11,2.164303e-05,-4.480296e-05,-2.043028e-05,-0.00834465,7.977177e-05,-0.01157448,2.109
2024_02_12_21_05_52_149,0.7,0.0,325227.0,325227.0,128.1212,0.0005196292,0.1359285,7.840198e-07,0.008858358,-0.0007491017,2.11,-3.909377e-06,-3.421208e-05,-9.880786e-06,0.0166893,-0.0001777571,-0.07265434,2.109
2024_02_12_21_05_52_186,0.7,0.0,325430.0,325430.0,128.2012,0.0005206837,0.1359283,-1.653741e-07,0.008858657,-0.0007400738,2.11,-5.178392e-06,-4.264421e-06,3.417631e-06,-0.02622604,1.686385e-05,0.04229508,2.109
2024_02_12_21_05_52_220,0.7,0.0,325612.0,325612.0,128.2728,0.0005216029,0.1359282,3.682681e-07,0.008858239,-0.0007389258,2.11,-2.150765e-05,-0.0001711105,-2.982659e-05,0.03361702,0.0001076223,-0.0112392,2.109
2024_02_12_21_05_52_256,0.7,0.0,325811.0,325810.0,128.3508,0.0005226099,0.1359282,2.157274e-07,0.008857971,-0.0007378567,2.11,2.935222e-07,4.574123e-05,-5.248562e-06,0.0257492,7.04058e-05,-0.03416464,2.109
2024_02_12_21_05_52_294,0.7,0.0,326009.0,326009.0,128.4287,0.0005236226,0.1359284,1.152924e-06,0.008858419,-0.0007363051,2.11,-3.989992e-07,-2.669563e-05,1.179675e-06,-0.004053116,0.0001119788,0.0801254,2.109
2024_02_12_21_05_52_332,0.7,0.0,326212.0,326212.0,128.5087,0.0005246554,0.1359285,-5.998751e-07,0.008858477,-0.0007351713,2.11,1.348549e-08,-4.726159e-05,-2.039168e-06,0.002861023,2.328306e-07,-5.029142e-05,2.109
2024_02_12_21_05_52_369,0.7,0.0,326410.0,326410.0,128.5866,0.0005256771,0.1359284,-8.075764e-07,0.008858478,-0.0007325569,2.11,-1.032033e-06,6.083995e-06,5.559762e-06,-0.01430511,-4.783214e-05,0.007592141,2.109
2024_02_12_21_05_52_407,0.7,0.0,326614.0,326614.0,128.6666,0.0005267108,0.1359282,-6.241781e-07,0.00885815,-0.0007296262,2.11,2.56097e-07,8.665849e-05,2.064697e-06,-0.04196167,0.0001540975,0.01160987,2.109
2024_02_12_21_05_52_445,0.7,0.0,326812.0,326812.0,128.7445,0.0005277346,0.1359283,7.994424e-07,0.008858119,-0.0007254501,2.11,-2.194434e-05,1.02713e-05,1.769239e-05,-0.02288818,-3.003151e-05,0.04967861,2.109
2024_02_12_21_05_52_483,0.7,0.0,327016.0,327015.0,128.8245,0.000528775,0.1359285,4.109515e-07,0.008858328,-0.0007226929,2.11,-2.015743e-06,-6.929931e-05,-1.033236e-07,0.0398159,1.307853e-05,-0.06105564,2.109
2024_02_12_21_05_52_520,0.7,0.0,327214.0,327213.0,128.9025,0.0005297661,0.1359284,1.861954e-06,0.008858238,-0.0007215167,2.11,-3.116908e-06,-6.670412e-05,-2.687225e-06,0.008106232,-0.0001029784,-0.0153482,2.109
2024_02_12_21_05_52_557,0.7,0.0,327417.0,327417.0,128.9825,0.0005307885,0.1359283,1.443837e-06,0.008858209,-0.0007184086,2.11,-2.456673e-05,-2.057496e-05,-3.343061e-05,0.03552437,-1.992157e-05,-0.05334057,2.109
2024_02_12_21_05_52_594,0.7,0.0,327615.0,327615.0,129.0604,0.0005317729,0.1359281,1.431296e-07,0.00885791,-0.000716791,2.11,-1.969484e-06,3.485459e-05,-1.477838e-06,0.005722045,6.340997e-05,0.007949769,2.109
2024_02_12_21_05_52_632,0.7,0.0,327819.0,327819.0,129.1404,0.0005327976,0.1359282,1.993868e-07,0.00885794,-0.0007131697,2.11,1.942404e-05,8.072241e-05,-1.578669e-05,-0.00667572,-2.487286e-05,-0.003740191,2.109
2024_02_12_21_05_52_669,0.7,0.0,328017.0,328017.0,129.2183,0.000533763,0.1359285,-2.223098e-07,0.008858417,-0.0007161939,2.11,-2.858377e-06,-5.70109e-05,-2.012193e-06,0.004291534,0.0001105072,-0.01533888,2.109
2024_02_12_21_05_52_703,0.7,0.0,328194.0,328193.0,129.2878,0.0005346414,0.1359284,6.739952e-07,0.008858268,-0.0007146058,2.11,-3.368749e-06,-1.569234e-05,-2.243747e-06,-0.01502037,-1.562512e-05,0.06841309,2.109
2024_02_12_21_05_52_736,0.7,0.0,328376.0,328375.0,129.3594,0.0005355538,0.1359284,1.491371e-06,0.008858208,-0.0007121942,2.11,-1.197138e-06,-2.535968e-05,-2.040668e-06,0.02884865,-4.818866e-05,-0.06877258,2.109
2024_02_12_21_05_52_775,0.7,0.0,328574.0,328574.0,129.4373,0.0005365344,0.1359283,-8.494279e-07,0.00885797,-0.0007088688,2.11,-4.934783e-06,1.382759e-06,-3.498023e-06,0.03194809,-0.0001918288,-0.05330518,2.109
2024_02_12_21_05_52_811,0.7,0.0,328778.0,328777.0,129.5173,0.000537542,0.1359283,5.708019e-07,0.00885809,-0.0007047403,2.11,-2.171175e-06,-6.328819e-05,2.368002e-06,0.01692772,7.350536e-06,0.0307709,2.109
2024_02_12_21_05_52_849,0.7,0.0,328976.0,328975.0,129.5952,0.0005385126,0.1359284,1.930908e-06,0.008858209,-0.0007004445,2.11,-2.761229e-06,-6.517149e-05,-4.059632e-06,0.02241134,0.0002498673,-0.02302602,2.109
2024_02_12_21_05_52_886,0.7,0.0,329179.0,329179.0,129.6752,0.0005395134,0.1359284,-2.336052e-07,0.008858297,-0.0006996469,2.11,-4.250866e-06,-5.671733e-05,-4.076616e-06,-0.01215935,-0.0001128792,0.01904927,2.109
2024_02_12_21_05_52_919,0.7,0.0,329356.0,329356.0,129.7447,0.0005403883,0.1359284,1.795167e-06,0.008858209,-0.0006957485,2.11,-2.579553e-06,-5.336012e-05,9.012996e-06,0.02479553,5.187212e-05,-0.0267066,2.109
2024_02_12_21_05_52_956,0.7,0.0,329559.0,329559.0,129.8248,0.0005413412,0.1359282,7.848396e-07,0.008858,-0.0007026841,2.11,-5.781484e-06,2.599664e-05,-1.986869e-06,-0.009059906,-7.303606e-05,0.0003427267,2.109
2024_02_12_21_05_52_991,0.7,0.0,329736.0,329736.0,129.8942,0.0005421862,0.1359283,-1.447122e-06,0.008857851,-0.000702874,2.11,-2.121651e-06,3.42075e-05,-6.749206e-06,-0.02384186,6.701885e-05,-0.01165457,2.109
2024_02_12_21_05_53_028,0.7,0.0,329934.0,329934.0,129.9722,0.0005431512,0.1359283,-1.569576e-07,0.008858149,-0.0007022605,2.11,1.852291e-05,1.767704e-05,-1.970284e-05,-0.02932548,-9.733412e-05,0.04970841,2.109
2024_02_12_21_05_53_061,0.7,0.0,330116.0,330116.0,130.0437,0.0005440469,0.1359284,5.786576e-07,0.008858298,-0.0006991382,2.11,-9.947446e-07,-4.781676e-05,1.007732e-06,0.002622604,-2.668275e-05,-0.003838911,2.109
2024_02_12_21_05_53_098,0.7,0.0,330315.0,330314.0,130.1217,0.0005449902,0.1359284,-2.388048e-07,0.008858178,-0.0007077955,2.11,-1.987071e-05,-0.0001015646,2.499189e-05,0.05507469,-3.139575e-06,-0.06478094,2.109
2024_02_12_21_05_53_136,0.7,0.0,330518.0,330518.0,130.2017,0.0005459937,0.1359282,2.25586e-06,0.00885794,-0.0007083747,2.11,-1.99201e-06,-7.709747e-06,-5.190612e-07,0.02503395,-8.75334e-05,0.0002793968,2.109
2024_02_12_21_05_53_170,0.7,0.0,330695.0,330695.0,130.2712,0.0005468575,0.1359282,4.025364e-07,0.008857731,-0.0007042157,2.11,1.776029e-05,-9.595807e-06,-1.971266e-05,-0.002145767,5.308356e-05,-0.02690963,2.109
2024_02_12_21_05_53_207,0.7,0.0,330899.0,330898.0,130.3512,0.0005478205,0.1359283,-6.442418e-08,0.00885797,-0.0007071727,2.11,-1.43787e-06,7.63956e-05,-7.664311e-06,-0.02884865,-5.953552e-06,0.05731918,2.109
2024_02_12_21_05_53_240,0.7,0.0,331075.0,331075.0,130.4207,0.0005487043,0.1359284,-2.554217e-07,0.008858209,-0.0007028854,2.11,1.186187e-06,-8.642468e-05,-2.588142e-06,0.02813339,4.24734e-06,-0.03056228,2.109
2024_02_12_21_05_53_278,0.7,0.0,331274.0,331273.0,130.4986,0.000549678,0.1359284,5.151322e-07,0.008858328,-0.0007006776,2.11,-1.995925e-06,-1.065501e-05,-4.182747e-06,-0.02861023,0.000130367,0.07609092,2.109
2024_02_12_21_05_53_315,0.7,0.0,331477.0,331477.0,130.5786,0.0005506338,0.1359284,9.303783e-07,0.008858387,-0.0007023608,2.11,-2.080976e-06,-8.301024e-05,-4.092819e-06,-0.03552437,-6.857044e-05,0.02270751,2.109
2024_02_12_21_05_53_352,0.7,0.0,331675.0,331675.0,130.6565,0.0005516025,0.1359282,1.027539e-06,0.008857702,-0.0006978437,2.11,-6.725452e-08,3.395946e-05,7.205329e-06,-0.02455711,7.289054e-05,-0.003956258,2.109
2024_02_12_21_05_53_386,0.7,0.0,331857.0,331857.0,130.7281,0.0005525046,0.1359283,3.925958e-07,0.00885806,-0.0006952803,2.11,-7.030733e-07,8.479865e-05,-1.132348e-06,-0.02026558,3.958848e-05,-8.568167e-05,2.109
2024_02_12_21_05_53_423,0.7,0.0,332056.0,332055.0,130.806,0.0005534425,0.1359285,1.157053e-06,0.008858358,-0.0006984352,2.11,-2.195595e-05,-3.351314e-05,2.323338e-05,-0.01716614,-2.913293e-05,0.03414974,2.109
2024_02_12_21_05_53_461,0.7,0.0,332259.0,332258.0,130.886,0.0005544197,0.1359285,1.021978e-07,0.008858328,-0.0006995972,2.11,-1.302868e-06,-1.891615e-05,-1.995693e-06,-0.02264976,0.0001191911,0.05330331,2.109
2024_02_12_21_05_53_500,0.7,0.0,332457.0,332457.0,130.9639,0.000555372,0.1359282,-6.270478e-07,0.00885794,-0.0006978178,2.11,-2.118689e-07,3.838142e-05,-5.589583e-06,-0.02527237,0.0001026146,0.01534633,2.109
2024_02_12_21_05_53_536,0.7,0.0,332661.0,332660.0,131.044,0.0005563511,0.1359283,2.003568e-06,0.008857671,-0.0006970707,2.11,-1.681327e-06,-8.456736e-06,-4.245097e-06,0.0257492,-6.009577e-05,-0.06523542,2.109
2024_02_12_21_05_53_570,0.7,0.0,332838.0,332837.0,131.1134,0.000557225,0.1359283,7.740784e-07,0.00885788,-0.0006902042,2.11,1.886676e-05,2.123171e-06,-1.777905e-05,0.03051758,-4.090543e-05,-0.04963204,2.109
2024_02_12_21_05_53_608,0.7,0.0,333041.0,333041.0,131.1935,0.0005581842,0.1359284,5.540718e-07,0.008858178,-0.0006895915,2.11,-2.451216e-06,-9.196637e-05,-7.371701e-06,0.007152557,0.0001107091,-0.01532026,2.109
2024_02_12_21_05_53_645,0.7,0.0,333239.0,333239.0,131.2714,0.0005591348,0.1359284,1.532684e-06,0.008858238,-0.0006844162,2.11,-3.068175e-06,-5.474942e-05,-6.476932e-06,0.005245208,0.0001347926,-0.01907907,2.109
2024_02_12_21_05_53_678,0.7,0.0,333416.0,333416.0,131.3409,0.0005599761,0.1359284,6.877257e-07,0.008858031,-0.0006811224,2.11,-2.429856e-06,-9.611744e-05,-4.405984e-07,0.0436306,8.177084e-05,-0.01518242,2.109
2024_02_12_21_05_53_715,0.7,0.0,333620.0,333619.0,131.4209,0.0005609359,0.1359283,-3.214186e-08,0.008857912,-0.0006829458,2.11,-6.659302e-07,-1.556137e-05,-9.153233e-06,-0.01573563,0.0001529079,0.007506459,2.109
2024_02_12_21_05_53_748,0.7,0.0,333796.0,333796.0,131.4904,0.0005617713,0.1359283,2.428272e-07,0.008858178,-0.0006836707,2.11,-2.749611e-06,2.091099e-05,-8.431995e-06,-0.009775162,0.0001163844,0.03841706,2.109
2024_02_12_21_05_53_786,0.7,0.0,334000.0,333999.0,131.5704,0.000562748,0.1359285,1.722256e-06,0.008858358,-0.000680479,2.11,-1.999372e-07,-1.22426e-05,5.353093e-06,-0.02551079,-8.661845e-05,0.05335733,2.109
2024_02_12_21_05_53_824,0.7,0.0,334198.0,334198.0,131.6483,0.0005636817,0.1359284,3.417132e-07,0.008858507,-0.0006807087,2.11,-2.278315e-06,-1.348949e-05,-2.144349e-06,-0.01001358,3.938657e-05,0.03067776,2.109
2024_02_12_21_05_53_861,0.7,0.0,334402.0,334401.0,131.7283,0.0005646354,0.1359283,-4.272056e-07,0.008858327,-0.0006825046,2.11,6.41526e-07,-0.0001607302,2.236871e-06,0.01835823,-4.369212e-05,-0.05345232,2.109
2024_02_12_21_05_53_894,0.7,0.0,334578.0,334578.0,131.7978,0.000565463,0.1359283,1.434137e-06,0.008858,-0.0006836712,2.11,-2.334222e-05,1.795806e-05,1.929844e-05,-0.02598762,2.386514e-05,-0.003732741,2.109
2024_02_12_21_05_53_931,0.7,0.0,334776.0,334776.0,131.8757,0.0005663903,0.1359284,6.318771e-07,0.008858328,-0.0006861319,2.11,1.777052e-05,-5.544577e-05,2.735125e-05,0.00166893,-1.205808e-05,0.04205666,2.109
2024_02_12_21_05_53_965,0.7,0.0,334959.0,334958.0,131.9473,0.0005672579,0.1359284,-4.214426e-07,0.008858507,-0.0006843898,2.11,-1.909812e-06,-5.006459e-05,5.624573e-06,-0.01716614,-8.74661e-05,0.03432296,2.109
2024_02_12_21_05_54_003,0.7,0.0,335157.0,335156.0,132.0252,0.0005682043,0.1359284,-1.188635e-06,0.008858298,-0.0006865985,2.11,2.14237e-06,-2.071984e-05,-9.416595e-06,-0.01478195,-9.565701e-05,0.03433041,2.109
2024_02_12_21_05_54_040,0.7,0.0,335360.0,335360.0,132.1052,0.0005692145,0.1359284,2.062234e-07,0.008858477,-0.0006794879,2.11,4.179872e-05,-0.0001176292,2.033494e-05,0.003099441,-0.0002076085,0.003829598,2.109
2024_02_12_21_05_54_077,0.7,0.0,335558.0,335558.0,132.1832,0.0005701397,0.1359282,-8.771002e-07,0.008857882,-0.0006812853,2.11,1.792565e-05,-2.925277e-06,-1.412709e-05,-0.01120567,-1.271837e-05,0.0382755,2.109
2024_02_12_21_05_54_111,0.7,0.0,335741.0,335740.0,132.2547,0.0005709969,0.1359282,1.086876e-06,0.00885788,-0.0006814674,2.11,-2.066581e-06,4.525535e-05,-8.433639e-07,-0.002384186,-9.53878e-06,-0.015283,2.109
2024_02_12_21_05_54_149,0.7,0.0,335939.0,335938.0,132.3327,0.0005719368,0.1359284,1.056627e-06,0.008858268,-0.0006807372,2.11,-1.409955e-06,-3.383628e-05,-7.924031e-06,-0.03600121,8.698225e-05,0.04183128,2.109
2024_02_12_21_05_54_188,0.7,0.0,336142.0,336141.0,132.4127,0.0005728941,0.1359284,-2.566378e-07,0.008858238,-0.000678215,2.11,-2.432287e-06,-5.577051e-05,5.080706e-07,-0.00834465,0.0001139051,0.06865337,2.109
2024_02_12_21_05_54_223,0.7,0.0,336340.0,336340.0,132.4906,0.0005737983,0.1359283,2.863152e-06,0.008858238,-0.0006800446,2.11,-4.398602e-06,-3.736799e-05,-5.709281e-07,-0.01478195,-7.995367e-05,0.03828667,2.109
2024_02_12_21_05_54_257,0.7,0.0,336517.0,336516.0,132.5601,0.0005746259,0.1359283,7.624458e-07,0.008858002,-0.0006743727,2.11,-2.874234e-06,7.115332e-06,-2.713811e-06,-0.01645088,-9.085669e-05,-0.01147762,2.109
2024_02_12_21_05_54_293,0.7,0.0,336721.0,336720.0,132.6401,0.0005755641,0.1359283,1.811349e-08,0.008857881,-0.0006746603,2.11,-7.168916e-08,2.536063e-05,-1.183606e-05,-0.01692772,9.788709e-05,0.03820658,2.109
2024_02_12_21_05_54_332,0.7,0.0,336919.0,336918.0,132.718,0.0005764988,0.1359284,2.035926e-06,0.008858238,-0.0006719782,2.11,-4.274133e-05,-2.396589e-05,-1.193569e-05,-0.03480911,-2.257184e-05,0.06458722,2.109
2024_02_12_21_05_54_369,0.7,0.0,337122.0,337121.0,132.798,0.0005774482,0.1359285,-7.250113e-07,0.008858268,-0.00067266,2.11,9.969904e-07,-4.035041e-05,1.222043e-06,0.01311302,0.0001224053,-0.03816374,2.109
2024_02_12_21_05_54_407,0.7,0.0,337320.0,337319.0,132.8759,0.0005783901,0.1359282,-5.958117e-07,0.008858419,-0.0006722801,2.11,4.451383e-05,2.776846e-05,2.892636e-06,-0.006198883,0.0001057451,-0.06843172,2.109
2024_02_12_21_05_54_445,0.7,0.0,337523.0,337523.0,132.9559,0.000579342,0.1359282,8.28152e-07,0.00885794,-0.0006706487,2.11,-2.308808e-06,2.961331e-05,-1.666028e-06,-0.007867813,-0.0001660555,-0.007532537,2.109
2024_02_12_21_05_54_477,0.7,0.0,337700.0,337700.0,133.0254,0.0005801943,0.1359283,-8.847904e-07,0.008858178,-0.0006660564,2.11,2.194351e-05,-7.417236e-07,-2.01817e-05,-0.004529953,9.233917e-05,-0.007580965,2.109
2024_02_12_21_05_54_514,0.7,0.0,337904.0,337903.0,133.1055,0.0005811595,0.1359284,-2.046251e-07,0.008858298,-0.0006638789,2.11,-2.335692e-06,-3.676344e-05,-4.583129e-05,-0.02169609,-3.80478e-05,0.0571534,2.109
2024_02_12_21_05_54_552,0.7,0.0,338102.0,338101.0,133.1834,0.0005820533,0.1359284,3.188861e-07,0.008858238,-0.000665976,2.11,1.704306e-05,-3.083271e-05,3.450314e-05,0.01335144,-0.0002433407,-0.04969537,2.109
2024_02_12_21_05_54_586,0.7,0.0,338284.0,338283.0,133.255,0.0005829072,0.1359284,1.549902e-07,0.008858178,-0.0006597819,2.11,-2.408715e-05,-3.224793e-05,-2.648652e-05,0.0004768371,9.486575e-05,-3.539026e-05,2.109
2024_02_12_21_05_54_623,0.7,0.0,338482.0,338481.0,133.3329,0.0005838292,0.1359282,7.742993e-07,0.008857939,-0.0006552759,2.11,-4.038182e-06,-6.473729e-05,6.559316e-06,0.03194809,-3.706191e-05,-0.04933215,2.109
2024_02_12_21_05_54_661,0.7,0.0,338686.0,338685.0,133.4129,0.0005847382,0.1359283,2.159214e-06,0.00885785,-0.000656266,2.11,1.345224e-05,1.302316e-05,2.47151e-05,0.03004074,-0.0001726876,-0.06501004,2.109
2024_02_12_21_05_54_698,0.7,0.0,338884.0,338883.0,133.4908,0.0005856438,0.1359284,-3.752874e-07,0.008858209,-0.0006489552,2.11,1.779844e-05,-1.623785e-05,1.849493e-05,0.02622604,7.945346e-06,-0.05348026,2.109
2024_02_12_21_05_54_737,0.7,0.0,339087.0,339086.0,133.5708,0.0005865481,0.1359284,2.491099e-06,0.008858238,-0.0006478035,2.11,-5.300397e-06,-2.539111e-05,-5.069166e-06,0.007390975,4.418871e-05,-0.04588626,2.109
2024_02_12_21_05_54_773,0.7,0.0,339285.0,339285.0,133.6487,0.00058743,0.1359282,6.236853e-07,0.008858239,-0.0006490684,2.11,-2.323716e-06,4.876827e-05,-6.699188e-06,-0.02932548,6.305709e-05,0.04209764,2.109
2024_02_12_21_05_54_806,0.7,0.0,339462.0,339461.0,133.7182,0.0005882492,0.1359282,-2.043696e-07,0.00885794,-0.0006436108,2.11,2.124761e-05,-1.513007e-05,-1.628681e-05,0.01525879,0.0001043918,-0.01508742,2.109
2024_02_12_21_05_54_843,0.7,0.0,339666.0,339665.0,133.7982,0.0005891667,0.1359282,8.344099e-07,0.008857881,-0.000643873,2.11,-1.283427e-06,-6.508412e-06,4.161358e-06,0.01740456,-0.0001017706,-0.0151284,2.109
2024_02_12_21_05_54_882,0.7,0.0,339864.0,339863.0,133.8761,0.000590071,0.1359284,8.65854e-07,0.008858297,-0.0006385316,2.11,-3.903307e-06,-5.063217e-05,-5.259913e-06,0.04816055,3.782043e-05,-0.03418326,2.109
2024_02_12_21_05_54_919,0.7,0.0,340067.0,340067.0,133.9562,0.0005909831,0.1359284,1.610862e-06,0.008858298,-0.0006355594,2.11,-5.251193e-06,-6.949621e-05,-9.110272e-06,0.02598762,-2.632077e-06,-0.06883964,2.109
2024_02_12_21_05_54_952,0.7,0.0,340244.0,340243.0,134.0257,0.0005917794,0.1359284,1.232323e-06,0.008858178,-0.0006293103,2.11,-4.825613e-06,-5.889654e-05,-1.288697e-06,-0.01382828,-7.439121e-05,0.01127459,2.109
2024_02_12_21_05_54_989,0.7,0.0,340447.0,340447.0,134.1057,0.0005926516,0.1359283,-2.190373e-07,0.008857941,-0.0006276267,2.11,-4.494667e-06,4.047957e-06,7.736442e-07,-0.005245208,0.000180471,-0.007500872,2.109
2024_02_12_21_05_55_026,0.7,0.0,340645.0,340645.0,134.1836,0.0005935092,0.1359283,1.254164e-06,0.008857911,-0.0006281629,2.11,1.461068e-05,7.37349e-06,2.897768e-05,0.009775162,-0.0002350571,-0.003844499,2.109
2024_02_12_21_05_55_061,0.7,0.0,340822.0,340822.0,134.2531,0.0005942684,0.1359283,5.840582e-07,0.008858178,-0.000625547,2.11,-3.758686e-06,9.084115e-06,-4.200709e-06,0.002622604,0.0001358367,-0.03042072,2.109
2024_02_12_21_05_55_098,0.7,0.0,341026.0,341025.0,134.3331,0.0005951661,0.1359284,1.230795e-06,0.008858387,-0.0006221106,2.11,-2.655057e-06,-6.107407e-05,5.837306e-06,0.03027916,4.527282e-05,-0.04602223,2.109
2024_02_12_21_05_55_131,0.7,0.0,341202.0,341202.0,134.4026,0.0005959048,0.1359284,2.029761e-06,0.008858268,-0.0006259299,2.11,-2.684593e-05,-4.833926e-05,1.381029e-05,0.0002384186,7.164272e-05,0.02668053,2.109
2024_02_12_21_05_55_169,0.7,0.0,341406.0,341405.0,134.4826,0.0005967779,0.1359282,1.048087e-06,0.008858358,-0.0006241617,2.11,1.910896e-05,-7.677494e-05,-2.355104e-05,0.004529953,5.593028e-05,0.02706237,2.109
2024_02_12_21_05_55_206,0.7,0.0,341604.0,341604.0,134.5605,0.0005976338,0.1359282,1.794129e-06,0.008857851,-0.0006215562,2.11,-4.546904e-06,5.356032e-05,-4.857811e-06,0.0269413,-6.885784e-05,-0.05329586,2.109
2024_02_12_21_05_55_244,0.7,0.0,341808.0,341807.0,134.6405,0.0005984948,0.1359283,1.415279e-07,0.008858358,-0.0006222414,2.11,-4.803953e-06,8.023404e-06,-1.370089e-05,-0.005960464,-1.622539e-05,0.003959984,2.109
2024_02_12_21_05_55_281,0.7,0.0,342006.0,342005.0,134.7184,0.0005993829,0.1359284,1.010608e-06,0.008858209,-0.0006109857,2.11,2.021988e-05,-3.917817e-05,-1.541423e-05,0.01859665,-0.0001269727,-0.03444962,2.109
2024_02_12_21_05_55_319,0.7,0.0,342209.0,342208.0,134.7984,0.0006002237,0.1359284,-3.059319e-07,0.00885818,-0.000613297,2.11,-4.980871e-06,-7.088046e-05,2.31493e-06,-0.0231266,9.773066e-05,0.05330704,2.109
2024_02_12_21_05_55_352,0.7,0.0,342386.0,342385.0,134.8679,0.0006009488,0.1359282,-3.279377e-07,0.008857911,-0.000615178,2.11,1.654774e-05,4.390482e-07,1.980752e-05,0.02765655,-7.852577e-05,-0.05337223,2.109
2024_02_12_21_05_55_390,0.7,0.0,342590.0,342589.0,134.948,0.0006018284,0.1359283,9.309212e-07,0.008857732,-0.0006102324,2.11,2.957221e-07,4.39457e-05,5.126242e-06,-0.01263618,-9.442737e-05,-0.01554377,2.109
2024_02_12_21_05_55_427,0.7,0.0,342788.0,342787.0,135.0259,0.0006026911,0.1359283,-8.525788e-08,0.008857762,-0.000606705,2.11,2.087708e-05,5.754816e-05,-1.949999e-05,-0.01907349,-4.967296e-05,0.003766268,2.109
2024_02_12_21_05_55_465,0.7,0.0,342991.0,342991.0,135.1059,0.0006035315,0.1359284,1.065054e-06,0.008858238,-0.000612433,2.11,-2.7446e-06,-9.146317e-05,-2.589428e-06,0.007629394,0.000194419,-0.01913495,2.109
2024_02_12_21_05_55_498,0.7,0.0,343168.0,343167.0,135.1754,0.0006042816,0.1359284,1.213257e-06,0.008858178,-0.0006112133,2.11,-8.768347e-07,-5.622432e-05,-4.377298e-06,0.02360344,0.0001160188,-0.03436953,2.109
2024_02_12_21_05_55_536,0.7,0.0,343366.0,343366.0,135.2533,0.0006051279,0.1359283,1.406832e-06,0.008857882,-0.0006053195,2.11,1.867772e-05,-5.7398e-05,-1.310719e-05,0.01454353,-0.0001002518,-0.003797933,2.109
2024_02_12_21_05_55_573,0.7,0.0,343570.0,343569.0,135.3333,0.0006059836,0.1359283,8.066706e-07,0.008857821,-0.0006044416,2.11,-2.679862e-06,3.968559e-05,4.96234e-05,-0.01144409,-0.0001872959,0.01924112,2.109
2024_02_12_21_05_55_610,0.7,0.0,343768.0,343768.0,135.4112,0.0006068319,0.1359282,1.869315e-06,0.008857969,-0.000599395,2.11,-3.423962e-06,6.76201e-05,3.494893e-07,-0.02193451,-7.453309e-05,0.03053248,2.109
2024_02_12_21_05_55_648,0.7,0.0,343972.0,343971.0,135.4912,0.0006076865,0.1359284,1.277763e-06,0.008858178,-0.0005967905,2.11,-2.829843e-06,-7.655509e-05,-5.992417e-06,0.02455711,-4.601679e-05,-2.607703e-05,2.109
2024_02_12_21_05_55_681,0.7,0.0,344148.0,344148.0,135.5607,0.0006084216,0.1359284,3.769894e-07,0.008858209,-0.0005957739,2.11,-3.34742e-06,-9.534318e-05,-6.505642e-06,0.02288818,-8.61346e-05,-0.04203431,2.109
2024_02_12_21_05_55_719,0.7,0.0,344352.0,344351.0,135.6407,0.0006092733,0.1359282,5.026986e-07,0.00885794,-0.0005913168,2.11,1.688879e-05,4.158651e-05,-1.958727e-05,-0.02980232,4.392677e-05,0.04980713,2.109
2024_02_12_21_05_55_757,0.7,0.0,344550.0,344550.0,135.7186,0.0006100542,0.1359283,1.088249e-06,0.008857702,-0.0005948077,2.11,-2.486119e-05,2.551445e-05,2.514676e-05,-0.010252,2.600791e-05,0.05714595,2.109
2024_02_12_21_05_55_793,0.7,0.0,344754.0,344753.0,135.7987,0.0006108996,0.1359283,4.794742e-07,0.008857999,-0.0005937799,2.11,1.981728e-05,5.764897e-05,-1.875046e-05,-0.01358986,-7.221206e-05,-0.01143291,2.109
2024_02_12_21_05_55_831,0.7,0.0,344952.0,344951.0,135.8766,0.0006117258,0.1359284,-6.358356e-07,0.008858238,-0.0005924308,2.11,1.827738e-05,-6.207315e-05,2.94291e-05,0.010252,-0.0001896096,-0.05747936,2.109
2024_02_12_21_05_55_869,0.7,0.0,345155.0,345155.0,135.9566,0.0006125788,0.1359284,2.203284e-06,0.008858268,-0.0005882586,2.11,-8.308784e-07,-2.625519e-05,2.826145e-06,-0.01978874,0.0001016997,-0.007852912,2.109
2024_02_12_21_05_55_907,0.7,0.0,345353.0,345353.0,136.0345,0.0006133825,0.1359282,-9.012012e-07,0.00885797,-0.0005906644,2.11,-2.685146e-06,1.518777e-05,4.513997e-06,-0.01740456,-0.000122538,0.01542084,2.109
2024_02_12_21_05_55_944,0.7,0.0,345557.0,345557.0,136.1145,0.0006142314,0.1359283,8.071976e-07,0.00885794,-0.0005881247,2.11,1.7874e-05,6.116954e-05,3.038066e-05,-0.02408027,-7.039125e-05,0.01893751,2.109
2024_02_12_21_05_55_982,0.7,0.0,345755.0,345755.0,136.1924,0.0006150233,0.1359284,2.186123e-06,0.008858417,-0.0005880761,2.11,-2.572658e-05,2.147315e-05,8.266095e-06,0.006198883,-1.467924e-06,-0.02285093,2.109
2024_02_12_21_05_56_015,0.7,0.0,345937.0,345937.0,136.264,0.0006157553,0.1359285,2.047553e-06,0.008858298,-0.0005864266,2.11,-5.419802e-06,-2.497805e-05,-1.019697e-05,-0.0140667,6.359187e-05,0.0455454,2.109
2024_02_12_21_05_56_048,0.7,0.0,346114.0,346113.0,136.3335,0.0006164724,0.1359285,4.499952e-07,0.008858328,-0.0005849304,2.11,1.093539e-06,-4.026123e-05,-4.497577e-06,0.02479553,-0.0001992266,-0.04195049,2.109
2024_02_12_21_05_56_086,0.7,0.0,346312.0,346311.0,136.4114,0.0006173096,0.1359284,-5.199422e-07,0.008858358,-0.0005801872,2.11,1.879544e-05,-0.0001322391,-1.523357e-05,-0.0002384186,2.441084e-06,0.03440119,2.109
2024_02_12_21_05_56_127,0.7,0.0,346537.0,346536.0,136.4999,0.000618235,0.1359282,1.098289e-06,0.008857762,-0.0005773352,2.11,-2.485103e-05,5.865116e-05,-3.255661e-05,-0.009775162,-3.780042e-05,0.01521967,2.109
2024_02_12_21_05_56_161,0.7,0.0,346714.0,346713.0,136.5694,0.0006189506,0.1359283,1.898598e-06,0.008857969,-0.0005753231,2.11,-3.398523e-06,5.743571e-05,5.858822e-06,0.008583069,-5.481342e-05,0.007851049,2.109
2024_02_12_21_05_56_194,0.7,0.0,346896.0,346895.0,136.6409,0.0006196657,0.1359284,2.064031e-06,0.008858296,-0.0005794119,2.11,-1.992832e-06,-1.117873e-05,-7.124753e-07,-0.03743172,4.204594e-05,0.04955195,2.109
2024_02_12_21_05_56_228,0.7,0.0,347072.0,347072.0,136.7104,0.000620396,0.1359284,-5.674633e-07,0.008858237,-0.0005773234,2.11,4.048234e-05,-2.542206e-05,7.7638e-06,-0.02145767,-0.0001245444,-0.007852912,2.109
2024_02_12_21_05_56_264,0.7,0.0,347270.0,347270.0,136.7883,0.0006211904,0.1359282,6.888217e-07,0.008858059,-0.0005745114,2.11,-4.410583e-06,-9.093894e-06,-1.306022e-05,-0.01239777,-0.0001065928,0.0498034,2.109
2024_02_12_21_05_56_299,0.7,0.0,347452.0,347452.0,136.8599,0.0006219309,0.1359282,2.818216e-06,0.008857969,-0.0005714711,2.11,-2.571329e-06,2.261069e-05,-5.321059e-06,-0.0269413,-5.177935e-05,0.03061816,2.109
2024_02_12_21_05_56_335,0.7,0.0,347651.0,347650.0,136.9379,0.0006227164,0.1359283,1.422581e-06,0.008857969,-0.0005703192,2.11,-5.275131e-06,5.836657e-05,-5.725916e-06,-0.0193119,-9.694121e-05,0.02666749,2.109
2024_02_12_21_05_56_373,0.7,0.0,347854.0,347854.0,137.0179,0.0006235229,0.1359284,2.786372e-06,0.008858208,-0.0005672566,2.11,-4.071649e-06,-4.021582e-05,1.328258e-06,0.009775162,4.969479e-05,-0.0461284,2.109
2024_02_12_21_05_56_411,0.7,0.0,348052.0,348052.0,137.0958,0.0006243005,0.1359284,1.224832e-06,0.008858208,-0.0005678897,2.11,-1.921819e-06,-5.174085e-05,-2.580282e-06,-0.03504753,5.86624e-05,0.04567764,2.109
2024_02_12_21_05_56_448,0.7,0.0,348256.0,348256.0,137.1758,0.0006251161,0.1359282,9.961887e-08,0.008857911,-0.0005664114,2.11,-1.164796e-06,5.188431e-05,-5.177893e-06,0.00166893,-0.0001035496,0.03461726,2.109
2024_02_12_21_05_56_485,0.7,0.0,348454.0,348454.0,137.2537,0.0006259041,0.1359282,1.659117e-06,0.008857881,-0.0005636998,2.11,-5.853802e-06,1.022881e-05,3.994096e-06,-0.01192093,3.112291e-05,0.0001285225,2.109
2024_02_12_21_05_56_523,0.7,0.0,348658.0,348657.0,137.3337,0.0006266923,0.1359283,1.494114e-06,0.00885791,-0.0005585019,2.11,1.620141e-05,6.663518e-05,-1.449949e-05,-0.005483627,-0.0001782573,-0.003874302,2.109
2024_02_12_21_05_56_556,0.7,0.0,348834.0,348834.0,137.4032,0.0006273679,0.1359285,-7.953469e-08,0.008858327,-0.0005584072,2.11,-3.18289e-06,-5.877732e-05,-4.527135e-06,0.01382828,-4.793219e-05,-0.02682209,2.109
2024_02_12_21_05_56_594,0.7,0.0,349038.0,349038.0,137.4832,0.000628186,0.1359284,-9.34338e-08,0.008858326,-0.0005512859,2.11,-2.283433e-05,-3.631509e-05,-3.016623e-05,0.02837181,5.046422e-05,-0.04199706,2.109
2024_02_12_21_05_56_632,0.7,0.0,349236.0,349236.0,137.5611,0.0006289594,0.1359284,1.000153e-06,0.008858506,-0.0005491825,2.11,-1.91345e-06,-9.214496e-05,2.62541e-06,-0.009536743,0.0001254684,-0.01911633,2.109
2024_02_12_21_05_56_665,0.7,0.0,349413.0,349412.0,137.6306,0.0006296159,0.1359282,-5.16285e-07,0.008857969,-0.0005516197,2.11,-5.732144e-06,-2.474169e-05,-1.186186e-06,-0.008583069,-8.931237e-07,0.01156144,2.109
2024_02_12_21_05_56_702,0.7,0.0,349616.0,349616.0,137.7106,0.0006303881,0.1359283,-1.012053e-06,0.008858236,-0.0005507764,2.11,-3.334254e-06,1.721068e-05,9.290449e-06,-0.007629394,-0.0001337212,-0.01896173,2.109
2024_02_12_21_05_56_740,0.7,0.0,349814.0,349814.0,137.7886,0.0006311345,0.1359285,4.002842e-07,0.008858446,-0.0005526619,2.11,-3.550337e-06,-6.627692e-05,3.943927e-07,0.001430511,-9.102222e-05,0.05347654,2.109
2024_02_12_21_05_56_776,0.7,0.0,350018.0,350018.0,137.8686,0.0006319283,0.1359285,9.214293e-07,0.008858327,-0.0005475311,2.11,-2.326744e-05,-2.504991e-05,-2.49787e-05,-0.001430511,8.738424e-05,0.00382401,2.109
2024_02_12_21_05_56_811,0.7,0.0,350194.0,350194.0,137.9381,0.0006326153,0.1359282,-1.883233e-06,0.008858029,-0.0005436107,2.11,1.842712e-05,5.153726e-06,-1.997126e-05,-0.005722045,4.355206e-05,0.04969909,2.109
2024_02_12_21_05_56_848,0.7,0.0,350398.0,350398.0,138.0181,0.0006333844,0.1359282,2.538331e-07,0.00885788,-0.0005436421,2.11,-3.251612e-06,2.56034e-05,-5.873346e-06,0.01502037,-1.804256e-05,-0.00732392,2.109
2024_02_12_21_05_56_886,0.7,0.0,350596.0,350596.0,138.096,0.0006341423,0.1359283,-7.148498e-08,0.008858088,-0.0005413565,2.11,-2.017968e-06,-8.526728e-06,-6.464543e-06,-0.03075599,5.842412e-05,0.04959292,2.109
2024_02_12_21_05_56_923,0.7,0.0,350800.0,350800.0,138.176,0.0006348994,0.1359285,-2.379557e-06,0.008858416,-0.0005434036,2.11,1.769944e-05,4.228028e-06,2.408339e-05,-0.03552437,-0.0001617955,0.01896918,2.109
2024_02_12_21_05_56_961,0.7,0.0,350998.0,350998.0,138.2539,0.0006356636,0.1359285,-2.772591e-06,0.008858476,-0.0005411208,2.11,-1.644203e-07,-6.115576e-05,-1.200342e-06,0.01049042,0.0001334338,-0.02293102,2.109
2024_02_12_21_05_56_998,0.7,0.0,351201.0,351201.0,138.3339,0.0006364471,0.1359284,-8.113767e-07,0.008858476,-0.0005354791,2.11,-3.252299e-06,-8.637228e-05,1.013089e-06,0.01120567,6.431947e-05,-0.05342066,2.109
2024_02_12_21_05_57_031,0.7,0.0,351378.0,351378.0,138.4034,0.0006370953,0.1359282,2.875157e-07,0.008857999,-0.0005341002,2.11,-5.705292e-06,-8.300832e-06,-5.461097e-06,-0.006914138,7.374365e-05,0.0230018,2.109
2024_02_12_21_05_57_069,0.7,0.0,351582.0,351582.0,138.4834,0.0006378578,0.1359283,-1.719881e-06,0.008857969,-0.0005301696,2.11,1.672564e-05,5.785524e-05,2.001372e-05,0.01120567,-0.0002393462,-0.02289563,2.109
2024_02_12_21_05_57_106,0.7,0.0,351780.0,351780.0,138.5614,0.0006385855,0.1359285,-5.332872e-07,0.008858268,-0.0005282382,2.11,-3.670368e-06,-2.016841e-05,-5.40708e-06,-0.01955032,6.430128e-05,-0.0155773,2.109
2024_02_12_21_05_57_143,0.7,0.0,351983.0,351983.0,138.6414,0.0006393426,0.1359285,-1.19867e-06,0.008858208,-0.0005258491,2.11,3.701715e-05,-7.637781e-05,1.138687e-05,-0.001430511,-0.0001997705,-0.01552887,2.109
2024_02_12_21_05_57_181,0.7,0.0,352181.0,352181.0,138.7193,0.0006400546,0.1359283,-1.473808e-06,0.008857999,-0.0005268484,2.11,-1.700034e-06,-3.647874e-05,-7.233779e-07,0.02074241,0.0001366734,-0.02284907,2.109
2024_02_12_21_05_57_220,0.7,0.0,352384.0,352384.0,138.7993,0.0006407977,0.1359282,8.331647e-07,0.00885782,-0.0005288993,2.11,-2.24809e-05,-5.425093e-05,1.382428e-05,0.01239777,4.308094e-05,-0.04211254,2.109
2024_02_12_21_05_57_252,0.7,0.0,352561.0,352561.0,138.8688,0.0006414573,0.1359282,-1.006957e-07,0.008857762,-0.000528158,2.11,-9.345066e-07,1.316353e-06,-6.705435e-07,-0.01382828,-1.4139e-05,0.007716938,2.109
2024_02_12_21_05_57_290,0.7,0.0,352759.0,352759.0,138.9467,0.00064219,0.1359284,-5.058507e-07,0.008858148,-0.0005251098,2.11,1.505218e-05,-0.0001285438,-1.496003e-05,0.008106232,-1.419357e-05,-0.01922809,2.109
2024_02_12_21_05_57_323,0.7,0.0,352941.0,352941.0,139.0183,0.0006428474,0.1359284,-6.345653e-07,0.008858118,-0.0005224999,2.11,-2.057206e-06,-6.931974e-05,-2.97753e-06,0.01120567,6.621849e-05,-0.06892905,2.109
2024_02_12_21_05_57_360,0.7,0.0,353139.0,353139.0,139.0962,0.0006435494,0.1359283,8.346259e-07,0.008857939,-0.0005261619,2.11,-2.299285e-05,-2.733379e-05,1.365342e-05,0.006437301,0.000145008,-0.01924857,2.109
2024_02_12_21_05_57_398,0.7,0.0,353343.0,353343.0,139.1762,0.000644305,0.1359282,6.253156e-07,0.008857969,-0.0005225911,2.11,-2.51106e-06,2.997962e-05,1.534458e-06,-0.02074241,-0.0001446097,0.02314336,2.109
2024_02_12_21_05_57_435,0.7,0.0,353541.0,353541.0,139.2541,0.0006450358,0.1359283,1.168245e-07,0.008857879,-0.0005213009,2.11,1.710984e-06,2.00224e-05,2.360763e-06,0.01549721,-0.000181355,-0.007646158,2.109
2024_02_12_21_05_57_469,0.7,0.0,353723.0,353723.0,139.3257,0.0006457233,0.1359284,-1.169089e-06,0.008858297,-0.0005180357,2.11,4.056953e-05,-2.725681e-05,4.337082e-06,-0.03528595,3.490277e-05,0.04946813,2.109
2024_02_12_21_05_57_506,0.7,0.0,353921.0,353921.0,139.4036,0.000646456,0.1359284,-1.090781e-07,0.008858268,-0.0005123722,2.11,-3.328559e-06,-4.248564e-05,1.527087e-07,0.001430511,2.90056e-05,-6.332994e-05,2.109
2024_02_12_21_05_57_544,0.7,0.0,354119.0,354119.0,139.4816,0.000647182,0.1359284,3.354734e-07,0.008858178,-0.0005085783,2.11,-3.647726e-06,-1.31497e-05,-7.662793e-07,-0.04696846,3.548121e-05,0.0991784,2.109
2024_02_12_21_05_57_581,0.7,0.0,354323.0,354323.0,139.5616,0.0006478733,0.1359282,1.543439e-06,0.00885791,-0.0005110792,2.11,1.399215e-05,-1.970304e-05,-1.24856e-05,-0.04601478,-7.942798e-05,0.05730055,2.109
2024_02_12_21_05_57_619,0.7,0.0,354521.0,354521.0,139.6395,0.0006485762,0.1359283,2.058334e-07,0.00885782,-0.0005071373,2.11,-1.988079e-06,-1.198524e-05,5.807977e-07,0.02479553,-2.24918e-05,-0.06883591,2.109
2024_02_12_21_05_57_652,0.7,0.0,354703.0,354703.0,139.7111,0.0006492244,0.1359284,8.026182e-07,0.008858237,-0.0005045691,2.11,-5.448181e-06,1.594298e-05,5.311834e-06,-0.03075599,-0.0001365042,0.04570186,2.109
2024_02_12_21_05_57_689,0.7,0.0,354901.0,354901.0,139.789,0.000649914,0.1359285,-2.679402e-07,0.008858208,-0.0005035817,2.11,-2.631594e-06,-5.701719e-05,-8.756744e-06,-0.01144409,6.736627e-05,0.03420934,2.109
2024_02_12_21_05_57_727,0.7,0.0,355105.0,355105.0,139.869,0.000650653,0.1359283,-8.435741e-07,0.008858237,-0.0004932071,2.11,1.684116e-05,-3.740207e-05,-1.876148e-05,-0.007629394,3.020432e-05,0.01142174,2.109
2024_02_12_21_05_57_760,0.7,0.0,355281.0,355281.0,139.9385,0.0006512507,0.1359282,1.28786e-06,0.008857939,-0.0004923997,2.11,-3.284362e-06,6.23965e-06,-6.002198e-07,0.03790855,0.0002095676,-0.053294,2.109
2024_02_12_21_05_57_798,0.7,0.0,355485.0,355485.0,140.0185,0.0006519517,0.1359282,-1.364151e-06,0.00885788,-0.0004918837,2.11,1.928952e-05,1.153041e-05,-1.564511e-05,0.04172325,-2.157503e-05,-0.05707703,2.109
2024_02_12_21_05_57_837,0.7,0.0,355683.0,355683.0,140.0964,0.0006526405,0.1359284,1.177213e-06,0.008858237,-0.0004875276,2.11,-4.852278e-06,-7.962154e-05,-1.014623e-06,0.02527237,-3.293826e-05,-0.01527928,2.109
2024_02_12_21_05_57_874,0.7,0.0,355887.0,355887.0,140.1764,0.0006533295,0.1359284,-7.588944e-07,0.008858356,-0.0004885768,2.11,1.801848e-05,-2.205417e-06,2.288853e-05,-0.03528595,-0.0001228364,0.0342112,2.109
2024_02_12_21_05_57_911,0.7,0.0,356090.0,356090.0,140.2565,0.0006540341,0.1359284,-6.48219e-07,0.008858356,-0.0004833076,2.11,-3.415234e-06,-1.29615e-05,-9.643433e-07,-0.00834465,-0.0001655371,0.02695992,2.109
2024_02_12_21_05_57_948,0.7,0.0,356288.0,356288.0,140.3344,0.0006547222,0.1359282,-8.827793e-07,0.008857939,-0.0004771321,2.11,1.555605e-05,-1.246482e-05,-1.819242e-05,-0.009059906,3.250716e-05,0.03064051,2.109
2024_02_12_21_05_57_986,0.7,0.0,356492.0,356492.0,140.4144,0.0006553932,0.1359282,2.037992e-06,0.008857819,-0.0004769816,2.11,-3.132145e-06,3.795223e-05,2.88516e-06,-0.02193451,-0.0001208646,0.03802218,2.109
2024_02_12_21_05_58_022,0.7,0.0,356690.0,356690.0,140.4923,0.0006560429,0.1359285,-1.342798e-07,0.008858297,-0.0004783878,2.11,-2.705189e-06,-5.498982e-05,-2.169942e-06,0.007867813,-0.0001314747,7.45058e-06,2.109
2024_02_12_21_05_58_060,0.7,0.0,356888.0,356888.0,140.5702,0.0006567145,0.1359284,-2.384481e-08,0.008858297,-0.0004740201,2.11,-5.224649e-06,-3.302584e-05,-4.985213e-06,-0.02360344,6.083973e-05,0.05333684,2.109
2024_02_12_21_05_58_098,0.7,0.0,357092.0,357092.0,140.6502,0.0006573756,0.1359284,2.344683e-07,0.008858358,-0.0004742874,2.11,-2.451678e-05,6.57728e-06,1.770744e-05,-0.03838539,6.112896e-05,0.08025578,2.109
2024_02_12_21_05_58_135,0.7,0.0,357290.0,357290.0,140.7281,0.0006580614,0.1359282,-6.927401e-07,0.008857939,-0.0004687685,2.11,-2.35807e-05,2.703322e-05,-3.325285e-05,-0.01358986,0.0001173084,0.05758926,2.109
2024_02_12_21_05_58_172,0.7,0.0,357494.0,357493.0,140.8082,0.0006587216,0.1359282,3.763801e-07,0.008858117,-0.0004661199,2.11,-9.012534e-06,1.581573e-05,-2.038207e-06,-0.002145767,0.0001133048,0.0001974404,2.109
2024_02_12_21_05_58_210,0.7,0.0,357692.0,357692.0,140.8861,0.0006593594,0.1359284,-1.226212e-06,0.008858506,-0.000462777,2.11,1.544715e-05,-4.851712e-05,3.140771e-05,0.00500679,-0.0001603967,0.02275593,2.109
2024_02_12_21_05_58_248,0.7,0.0,357895.0,357895.0,140.9661,0.0006600118,0.1359284,-1.918484e-08,0.008858268,-0.0004621454,2.11,-5.031525e-06,-2.750715e-05,-4.907783e-06,-0.0269413,0.0001286353,0.03035925,2.109
2024_02_12_21_05_58_286,0.7,0.0,358093.0,358093.0,141.044,0.0006606399,0.1359283,-3.062248e-07,0.008858208,-0.0004591868,2.11,1.578644e-05,-1.98999e-05,2.996179e-05,0.007629394,-0.0001760672,-0.02678856,2.109
2024_02_12_21_05_58_323,0.7,0.0,358297.0,358297.0,141.124,0.0006612724,0.1359282,-3.931103e-07,0.00885794,-0.0004592398,2.11,-3.731293e-06,-2.160944e-05,2.736409e-06,0.001192093,-2.628985e-05,-0.01545809,2.109
2024_02_12_21_05_58_360,0.7,0.0,358495.0,358495.0,141.2019,0.0006619125,0.1359283,-1.038588e-06,0.008858059,-0.0004604416,2.11,-1.402609e-06,-2.28348e-05,-1.034634e-05,-0.01382828,0.0001850913,0.02290681,2.109
2024_02_12_21_05_58_399,0.7,0.0,358699.0,358699.0,141.2819,0.0006626046,0.1359284,9.1971e-08,0.008858326,-0.0004544116,2.11,-9.270159e-08,-6.692389e-05,-3.15949e-06,0.01239777,3.304922e-05,-0.061227,2.109
2024_02_12_21_05_58_435,0.7,0.0,358897.0,358897.0,141.3598,0.000663266,0.1359284,2.200859e-07,0.008858208,-0.0004517998,2.11,-2.113537e-06,-4.112723e-05,7.277712e-06,0.02479553,-0.000359958,-0.04983134,2.109
2024_02_12_21_05_58_474,0.7,0.0,359100.0,359100.0,141.4399,0.0006639107,0.1359281,-1.228062e-06,0.008858178,-0.0004513993,2.11,-4.558649e-06,2.358882e-05,3.887951e-06,-0.02002716,-0.0002036959,-3.72529e-06,2.109
2024_02_12_21_05_58_512,0.7,0.0,359298.0,359298.0,141.5178,0.0006645497,0.1359282,1.286167e-06,0.00885794,-0.0004500017,2.11,-4.680197e-06,-1.412301e-05,-4.788444e-06,-0.0128746,-1.05374e-05,0.03837049,2.109
2024_02_12_21_05_58_549,0.7,0.0,359497.0,359497.0,141.5957,0.0006651513,0.1359284,-5.238786e-07,0.008858148,-0.0004520924,2.11,-5.00446e-06,-1.724731e-05,-5.932687e-06,-0.01549721,9.527502e-05,0.007610768,2.109
2024_02_12_21_05_58_581,0.7,0.0,359678.0,359678.0,141.6673,0.0006657482,0.1359285,6.394503e-07,0.008858417,-0.0004452529,2.11,-2.693536e-06,-1.034571e-05,-3.328191e-06,-0.01645088,1.468288e-05,0.06863289,2.109
2024_02_12_21_05_58_619,0.7,0.0,359876.0,359876.0,141.7452,0.0006663815,0.1359285,-9.211112e-07,0.008858236,-0.0004410149,2.11,1.434502e-05,-4.423096e-05,3.031724e-05,0.008583069,-0.0001032131,-0.0001974404,2.109
2024_02_12_21_05_58_662,0.7,0.0,360101.0,360101.0,141.8336,0.0006670876,0.1359283,7.123011e-07,0.008857939,-0.0004369231,2.11,-4.818313e-06,-1.789331e-05,4.747488e-06,0.001192093,1.686021e-05,-0.01528859,2.109
2024_02_12_21_05_58_694,0.7,0.0,360278.0,360278.0,141.9031,0.0006676016,0.1359282,-1.242942e-06,0.008857939,-0.0004421111,2.11,-6.873893e-06,-2.496821e-05,-2.149022e-06,0.0002384186,0.0001746339,0.03836118,2.109
2024_02_12_21_05_58_731,0.7,0.0,360482.0,360482.0,141.9831,0.000668218,0.1359283,1.99913e-06,0.008857819,-0.0004408103,2.11,-3.753787e-06,2.43162e-06,-3.916193e-06,0.004529953,7.085691e-05,-0.007634982,2.109
2024_02_12_21_05_58_768,0.7,0.0,360680.0,360680.0,142.0611,0.0006688638,0.1359284,-2.549494e-07,0.008858236,-0.000431231,2.11,-2.055365e-06,-4.213301e-05,-2.749036e-06,-0.006914138,4.178946e-05,-0.00773184,2.109
2024_02_12_21_05_58_806,0.7,0.0,360883.0,360883.0,142.1411,0.0006694911,0.1359283,-7.831093e-07,0.008858325,-0.0004280659,2.11,1.649925e-05,-1.369694e-05,-1.288479e-05,0.003576278,-0.0001015887,0.0002104789,2.109
2024_02_12_21_05_58_839,0.7,0.0,361060.0,361060.0,142.2106,0.0006700284,0.1359283,-1.170728e-07,0.008858237,-0.0004272092,2.11,-3.476001e-06,3.385073e-05,-3.983529e-06,0.0193119,0.0001582775,0.03073923,2.109
2024_02_12_21_05_58_877,0.7,0.0,361264.0,361264.0,142.2906,0.0006706208,0.1359283,-3.188236e-07,0.008857939,-0.0004269833,2.11,-4.407694e-06,-3.790927e-05,-1.510316e-06,-0.02217293,-1.668741e-05,0.007426366,2.109
2024_02_12_21_05_58_910,0.7,0.0,361441.0,361441.0,142.3601,0.0006711478,0.1359282,-1.343285e-07,0.008857938,-0.000427637,2.11,-4.119011e-06,4.395978e-05,-8.155785e-06,0.00667572,0.0001952139,0.007696449,2.109
2024_02_12_21_05_58_948,0.7,0.0,361639.0,361639.0,142.438,0.0006717612,0.1359284,-6.53514e-07,0.008858266,-0.0004220105,2.11,1.627674e-05,-6.861949e-06,-2.002748e-05,-0.002861023,4.318644e-05,-0.003989786,2.109
2024_02_12_21_05_58_981,0.7,0.0,361821.0,361821.0,142.5096,0.0006722957,0.1359285,1.016437e-07,0.008858207,-0.000420985,2.11,-2.814759e-06,-6.114096e-05,1.55902e-06,0.02765655,6.827759e-05,-0.04984811,2.109
2024_02_12_21_05_59_019,0.7,0.0,362018.0,362019.0,142.5875,0.0006728822,0.1359284,1.166749e-06,0.008858237,-0.0004194861,2.11,-2.49304e-05,-6.255818e-05,1.046089e-05,0.0269413,-0.0001407225,-0.06112456,2.109
2024_02_12_21_05_59_056,0.7,0.0,362222.0,362222.0,142.6675,0.0006735079,0.1359282,-1.99879e-06,0.00885788,-0.000414119,2.11,-2.379448e-06,2.036523e-05,-2.723802e-06,-0.008106232,-8.757797e-05,0.03822334,2.109
2024_02_12_21_05_59_093,0.7,0.0,362420.0,362421.0,142.7454,0.0006740926,0.1359283,1.58326e-06,0.008857938,-0.0004109723,2.11,-6.812306e-06,1.997176e-05,-9.03101e-06,-0.007867813,9.498125e-05,0.02280436,2.109
2024_02_12_21_05_59_131,0.7,0.0,362624.0,362624.0,142.8254,0.0006746674,0.1359284,-4.019839e-07,0.008858236,-0.0004092718,2.11,-6.362842e-06,1.276186e-05,-8.32012e-06,-0.0231266,0.0002151728,-0.0001080334,2.109
2024_02_12_21_05_59_165,0.7,0.0,362801.0,362801.0,142.8949,0.0006751749,0.1359284,-5.209448e-07,0.008858207,-0.0004044123,2.11,1.743508e-05,-7.859071e-05,-1.337228e-05,-0.01311302,9.663653e-05,-0.0001825392,2.109
2024_02_12_21_05_59_202,0.7,0.0,363004.0,363004.0,142.9749,0.0006757464,0.1359283,1.361256e-06,0.008858177,-0.0004044223,2.11,-4.790905e-06,-4.898648e-05,-4.952103e-06,-0.01764297,7.97936e-05,0.03816746,2.109
2024_02_12_21_05_59_240,0.7,0.0,363202.0,363203.0,143.0528,0.0006762984,0.1359283,9.513832e-07,0.008857999,-0.0004028942,2.11,1.43948e-05,-5.547671e-06,2.805134e-05,0.004291534,-0.0002675306,-0.01137145,2.109
2024_02_12_21_05_59_277,0.7,0.0,363406.0,363406.0,143.1329,0.000676861,0.1359282,-8.62818e-08,0.00885785,-0.0003984381,2.11,-3.265396e-06,3.812546e-05,-1.232592e-06,0.008583069,4.101639e-05,-0.03048591,2.109
2024_02_12_21_05_59_314,0.7,0.0,363604.0,363604.0,143.2108,0.0006774107,0.1359284,1.944979e-06,0.008857999,-0.000397823,2.11,-4.469906e-06,9.943215e-05,2.009517e-06,-0.05221367,-0.0001042872,0.05328282,2.109
2024_02_12_21_05_59_352,0.7,0.0,363808.0,363808.0,143.2908,0.0006779943,0.1359285,2.626647e-07,0.008858236,-0.0003920173,2.11,-1.697622e-06,-3.636163e-05,-8.98251e-07,-0.01096725,-9.575159e-06,-0.007780268,2.109
2024_02_12_21_05_59_385,0.7,0.0,363984.0,363984.0,143.3603,0.0006785097,0.1359285,3.197408e-07,0.008858236,-0.0003860489,2.11,-4.466706e-06,-4.446092e-05,3.730294e-06,0.005245208,-4.478352e-06,0.007616356,2.109
2024_02_12_21_05_59_423,0.7,0.0,364182.0,364183.0,143.4382,0.0006790169,0.1359284,9.770354e-07,0.008858029,-0.0003853824,2.11,-7.371314e-06,-6.051365e-05,-3.413226e-06,0.01740456,-3.986588e-05,-0.01918711,2.109
2024_02_12_21_05_59_456,0.7,0.0,364365.0,364365.0,143.5098,0.0006794785,0.1359283,-1.782035e-06,0.008857939,-0.0003849427,2.11,3.594246e-05,1.74142e-05,2.447002e-06,0.003099441,0.0001461722,-0.007620081,2.109
2024_02_12_21_05_59_494,0.7,0.0,364563.0,364563.0,143.5877,0.0006800117,0.1359284,-1.825357e-07,0.008858207,-0.0003798221,2.11,2.021203e-05,5.635979e-05,2.866082e-05,-0.02408027,-2.260276e-05,0.01142733,2.109
2024_02_12_21_05_59_531,0.7,0.0,364766.0,364766.0,143.6677,0.0006805619,0.1359285,7.224356e-07,0.008858296,-0.0003768732,2.11,-3.684521e-06,-5.580078e-05,-4.751113e-06,0.03051758,-1.350781e-05,-0.01527555,2.109
2024_02_12_21_05_59_568,0.7,0.0,364964.0,364964.0,143.7456,0.0006810785,0.1359284,-8.094534e-07,0.008858236,-0.0003750498,2.11,-3.181939e-06,-6.68166e-05,5.085811e-06,0.01692772,-3.673358e-05,-0.04208274,2.109
2024_02_12_21_05_59_603,0.7,0.0,365146.0,365147.0,143.8172,0.0006815586,0.1359282,1.591949e-06,0.00885785,-0.0003727755,2.11,-4.186666e-06,8.002758e-06,-3.54276e-06,-0.002145767,7.743437e-05,0.03821589,2.109
2024_02_12_21_05_59_639,0.7,0.0,365345.0,365345.0,143.8951,0.0006820728,0.1359284,7.083477e-07,0.008858148,-0.0003718715,2.11,-2.128947e-06,3.153426e-05,-4.596445e-06,-0.02622604,-5.060519e-05,0.03840029,2.109
2024_02_12_21_05_59_678,0.7,0.0,365548.0,365548.0,143.9751,0.0006825831,0.1359285,1.838455e-06,0.008858266,-0.0003716939,2.11,-4.461545e-06,-9.034628e-06,-1.309177e-05,0.006437301,1.861736e-06,-0.0152383,2.109
2024_02_12_21_05_59_715,0.7,0.0,365746.0,365746.0,144.0531,0.0006831014,0.1359284,1.75944e-07,0.008858296,-0.0003649093,2.11,-3.470824e-06,-8.886243e-06,-1.723697e-06,-0.02598762,0.0001057369,0.05349889,2.109
2024_02_12_21_05_59_751,0.7,0.0,365950.0,365950.0,144.1331,0.0006835993,0.1359284,1.978477e-06,0.008858446,-0.0003659569,2.11,-4.49196e-06,-4.146711e-06,2.475975e-06,0.009298325,-0.0001398648,-0.03044866,2.109
2024_02_12_21_05_59_785,0.7,0.0,366126.0,366127.0,144.2026,0.0006840341,0.1359284,1.330328e-06,0.008858356,-0.0003637712,2.11,-2.460299e-05,-0.0001232781,1.925091e-05,-0.002861023,-0.0001328726,0.03821403,2.109
2024_02_12_21_05_59_822,0.7,0.0,366325.0,366325.0,144.2805,0.0006845241,0.1359282,-3.02599e-07,0.0088577,-0.000363183,2.11,1.807622e-05,3.862793e-05,3.128224e-05,-0.05602836,-0.0001677399,0.0800807,2.109
2024_02_12_21_05_59_857,0.7,0.0,366507.0,366507.0,144.3521,0.0006849815,0.1359282,-2.13229e-07,0.008857878,-0.0003603636,2.11,3.113547e-08,2.884089e-05,-2.279331e-06,-0.009775162,-7.695235e-06,0.04579685,2.109
2024_02_12_21_05_59_894,0.7,0.0,366705.0,366705.0,144.43,0.0006854899,0.1359284,-4.621289e-07,0.008858326,-0.0003599262,2.11,2.252696e-05,-4.48609e-05,3.61702e-05,0.0166893,-0.0001403278,-0.03823824,2.109
2024_02_12_21_05_59_931,0.7,0.0,366908.0,366908.0,144.51,0.0006860084,0.1359284,1.161266e-06,0.008858236,-0.000361238,2.11,-2.395303e-05,-3.529718e-05,1.107095e-05,-0.006198883,0.0001088729,0.04955381,2.109
2024_02_12_21_05_59_965,0.7,0.0,367085.0,367085.0,144.5795,0.0006864703,0.1359282,-9.639263e-07,0.008858059,-0.0003554361,2.11,1.901011e-05,-0.000110544,-1.527954e-05,0.03623962,2.859178e-05,-0.003771856,2.109
2024_02_12_21_06_00_001,0.7,0.0,367283.0,367283.0,144.6574,0.0006869255,0.1359283,-1.207681e-07,0.00885791,-0.0003618882,2.11,-1.620213e-06,-7.549902e-06,-7.044793e-06,-0.02026558,-9.970335e-05,0.0495743,2.109
2024_02_12_21_06_00_037,0.7,0.0,367465.0,367466.0,144.729,0.0006873872,0.1359284,-6.001711e-07,0.008858236,-0.000357824,2.11,-1.056964e-06,-2.203448e-05,-2.192614e-06,0.00166893,0.0001633089,-0.00375323,2.109
2024_02_12_21_06_00_073,0.7,0.0,367663.0,367664.0,144.8069,0.0006879152,0.1359284,8.959154e-08,0.008858206,-0.0003530192,2.11,1.411902e-06,-5.345414e-05,-7.882412e-06,0.03433228,-3.22334e-05,-0.04194304,2.109
2024_02_12_21_06_00_110,0.7,0.0,367867.0,367867.0,144.8869,0.0006884139,0.1359284,-5.223713e-08,0.008858207,-0.0003567568,2.11,1.633462e-05,-2.526015e-05,1.992754e-05,-0.01454353,-0.0001918961,-0.01539849,2.109
2024_02_12_21_06_00_147,0.7,0.0,368065.0,368065.0,144.9648,0.0006889159,0.1359282,1.026373e-06,0.008857939,-0.0003532094,2.11,2.144206e-05,9.715543e-07,-2.472181e-05,0.02741813,-1.271928e-05,-0.03033131,2.109
2024_02_12_21_06_00_181,0.7,0.0,368247.0,368247.0,145.0364,0.00068937,0.1359282,1.53537e-06,0.00885779,-0.0003520432,2.11,-2.567628e-06,4.647316e-06,-4.971913e-06,-0.02431869,-3.288187e-05,0.05345605,2.109
2024_02_12_21_06_00_218,0.7,0.0,368445.0,368446.0,145.1143,0.0006898619,0.1359282,-5.133747e-07,0.008857879,-0.0003494892,2.11,-3.373636e-06,3.272663e-05,5.199213e-06,-0.00500679,-0.0001151557,-0.003773719,2.109
2024_02_12_21_06_00_251,0.7,0.0,368622.0,368623.0,145.1838,0.0006903026,0.1359284,1.328867e-06,0.008858355,-0.0003446177,2.11,-2.561689e-05,-4.518438e-05,8.535339e-06,-0.01263618,9.344875e-05,0.003870576,2.109
2024_02_12_21_06_00_290,0.7,0.0,368825.0,368826.0,145.2638,0.000690782,0.1359285,4.278683e-07,0.008858296,-0.0003425739,2.11,-3.609856e-06,-4.479186e-05,-7.686604e-06,0.0128746,4.052981e-05,-0.03057718,2.109
2024_02_12_21_06_00_322,0.7,0.0,369002.0,369003.0,145.3333,0.0006912139,0.1359282,-2.546061e-07,0.008858147,-0.0003408928,2.11,1.889097e-05,-4.426413e-05,2.889801e-05,0.0009536743,-8.51578e-05,0.04994869,2.109
2024_02_12_21_06_00_360,0.7,0.0,369206.0,369206.0,145.4133,0.0006917131,0.1359282,1.481496e-06,0.008857968,-0.0003366212,2.11,-2.335939e-05,1.788415e-05,-3.105774e-05,-0.0166893,3.522837e-05,0.0498332,2.109
2024_02_12_21_06_00_397,0.7,0.0,369404.0,369404.0,145.4913,0.0006921962,0.1359283,7.508719e-07,0.008858028,-0.0003345083,2.11,-2.131239e-06,-1.935092e-06,-7.54359e-07,-0.007390975,9.555151e-06,-0.02293289,2.109
2024_02_12_21_06_00_431,0.7,0.0,369586.0,369586.0,145.5629,0.0006926635,0.1359284,1.2261e-06,0.008858296,-0.0003270673,2.11,-2.196351e-05,-4.229219e-05,1.75065e-05,-0.006914138,-5.656784e-05,0.01144223,2.109
2024_02_12_21_06_00_468,0.7,0.0,369784.0,369785.0,145.6408,0.0006931254,0.1359285,1.053696e-06,0.008858208,-0.0003252871,2.11,-4.612725e-06,-6.425007e-05,3.257981e-06,-0.02861023,0.0001123135,0.05710497,2.109
2024_02_12_21_06_00_506,0.7,0.0,369987.0,369988.0,145.7208,0.0006935915,0.1359282,1.828599e-06,0.008858058,-0.0003228182,2.11,-6.392497e-06,1.315035e-05,-4.229118e-06,-0.0009536743,1.069566e-06,0.000204891,2.109
2024_02_12_21_06_00_543,0.7,0.0,370186.0,370186.0,145.7987,0.0006940343,0.1359282,8.951992e-07,0.008857939,-0.0003229149,2.11,-3.325082e-06,-2.454887e-05,-3.630715e-06,-0.01168251,-0.0001129956,6.891787e-05,2.109
2024_02_12_21_06_00_582,0.7,0.0,370389.0,370390.0,145.8787,0.000694496,0.1359282,1.246927e-06,0.008857909,-0.0003207789,2.11,1.820823e-05,7.169568e-05,2.558645e-05,-0.05149841,-9.880841e-05,0.003561377,2.109
2024_02_12_21_06_00_620,0.7,0.0,370587.0,370588.0,145.9566,0.0006949387,0.1359283,1.300577e-06,0.008858207,-0.0003200441,2.11,1.545387e-05,-5.472568e-05,2.484047e-05,-0.02145767,-0.0001616227,0.04965439,2.109
2024_02_12_21_06_00_656,0.7,0.0,370791.0,370791.0,146.0366,0.0006953935,0.1359285,1.268243e-06,0.008858266,-0.0003168476,2.11,-3.073865e-06,-6.205824e-05,-2.549978e-06,0.004768372,4.042704e-05,0.02282485,2.109
2024_02_12_21_06_00_696,0.7,0.0,370989.0,370989.0,146.1145,0.0006958453,0.1359282,7.542178e-07,0.008858595,-0.0003128369,2.11,1.811049e-05,-8.250436e-05,2.168241e-05,0.002861023,6.132086e-05,0.0004116445,2.109
2024_02_12_21_06_00_731,0.7,0.0,371193.0,371193.0,146.1946,0.0006962755,0.1359282,-1.373125e-06,0.00885785,-0.000313234,2.11,1.760578e-05,3.976743e-07,2.773534e-05,-0.008583069,3.931836e-05,0.003829598,2.109
2024_02_12_21_06_00_768,0.7,0.0,371391.0,371391.0,146.2725,0.000696691,0.1359283,-3.510937e-07,0.008858087,-0.0003116645,2.11,1.736836e-05,-1.755746e-05,2.04862e-05,0.01311302,3.301375e-05,-0.04960782,2.109
2024_02_12_21_06_00_806,0.7,0.0,371594.0,371595.0,146.3525,0.000697134,0.1359285,-1.207669e-06,0.008858296,-0.00030857,2.11,3.963976e-05,-2.299797e-05,2.233172e-06,-0.002622604,-0.0001157095,-0.01542084,2.109
2024_02_12_21_06_00_844,0.7,0.0,371792.0,371793.0,146.4304,0.0006975849,0.1359284,1.110691e-06,0.008858295,-0.0002998035,2.11,-2.162319e-06,-2.90857e-05,-2.416916e-06,-0.01811981,-6.430946e-05,0.03810227,2.109
2024_02_12_21_06_00_881,0.7,0.0,371996.0,371996.0,146.5104,0.0006980377,0.1359283,6.077024e-07,0.008858355,-0.0002953342,2.11,-2.772326e-06,-0.0001580014,1.930111e-06,0.01192093,1.039734e-05,-0.007569789,2.109
2024_02_12_21_06_00_914,0.7,0.0,372172.0,372173.0,146.5799,0.0006984221,0.1359281,9.941127e-07,0.008857908,-0.000291829,2.11,-3.335132e-06,-4.142284e-06,-1.405169e-06,-0.009775162,2.697379e-05,0.04616007,2.109
2024_02_12_21_06_00_947,0.7,0.0,372349.0,372350.0,146.6494,0.0006988103,0.1359283,1.455975e-06,0.008857966,-0.0002865666,2.11,-4.942886e-06,1.889596e-05,-1.906351e-06,-0.01096725,6.190203e-05,0.03814138,2.109
2024_02_12_21_06_00_986,0.7,0.0,372553.0,372553.0,146.7294,0.0006992251,0.1359284,1.13933e-06,0.008858236,-0.0002855742,2.11,-5.251868e-06,-2.728639e-05,-3.834153e-06,-0.02384186,-7.557082e-05,-0.000340864,2.109
2024_02_12_21_06_01_022,0.7,0.0,372751.0,372751.0,146.8073,0.0006996227,0.1359284,2.078356e-06,0.008858236,-0.0002843527,2.11,-7.488813e-06,-5.588646e-05,3.997001e-07,-0.01144409,-1.765966e-05,-0.011703,2.109
2024_02_12_21_06_01_061,0.7,0.0,372954.0,372955.0,146.8873,0.0007000421,0.1359283,6.540713e-07,0.008858474,-0.0002791671,2.11,-2.69927e-06,-0.0001100642,-7.523489e-07,0.00500679,4.774028e-05,-0.02287514,2.109
2024_02_12_21_06_01_097,0.7,0.0,373153.0,373153.0,146.9653,0.0007004347,0.1359282,1.214332e-06,0.008857939,-0.0002786269,2.11,-4.141933e-06,3.134455e-05,-5.66718e-07,-0.001192093,-0.0001653134,0.05377642,2.109
2024_02_12_21_06_01_135,0.7,0.0,373356.0,373357.0,147.0453,0.0007008466,0.1359283,-1.50525e-07,0.008857878,-0.0002762225,2.11,1.777349e-05,4.190522e-05,2.528396e-05,-0.0007152557,-0.0001434573,-0.01144595,2.109
2024_02_12_21_06_01_172,0.7,0.0,373554.0,373555.0,147.1232,0.0007012553,0.1359284,6.433273e-07,0.008858295,-0.0002682331,2.11,1.55924e-05,-2.985514e-05,-1.921551e-05,-0.03075599,-0.0001065473,0.04956685,2.109
2024_02_12_21_06_01_206,0.7,0.0,373731.0,373731.0,147.1927,0.0007015986,0.1359284,7.195611e-07,0.008858354,-0.0002670205,2.11,-2.333075e-06,-1.176203e-05,-4.328575e-07,0.02479553,-1.132139e-05,-0.030227,2.109
2024_02_12_21_06_01_239,0.7,0.0,373913.0,373913.0,147.2643,0.0007019417,0.1359284,1.577428e-06,0.008858505,-0.0002669408,2.11,-5.595931e-06,-3.397414e-06,-3.73657e-07,-0.03290176,-1.788066e-06,-0.02304651,2.109
2024_02_12_21_06_01_276,0.7,0.0,374111.0,374112.0,147.3422,0.0007022965,0.1359282,7.924041e-07,0.008858087,-0.0002643713,2.11,3.618571e-05,-1.241367e-05,7.491298e-06,-0.007629394,-0.0001968583,0.02310052,2.109
2024_02_12_21_06_01_314,0.7,0.0,374315.0,374315.0,147.4222,0.0007026991,0.1359283,-2.970401e-07,0.008857938,-0.0002565436,2.11,1.764946e-05,6.091758e-05,-1.934489e-05,-0.02789497,-7.196104e-05,0.05358085,2.109
2024_02_12_21_06_01_351,0.7,0.0,374513.0,374513.0,147.5001,0.0007030675,0.1359284,7.12578e-07,0.008858413,-0.0002538653,2.11,1.583991e-05,-6.461044e-06,-1.963294e-05,0.0004768371,-7.558629e-05,0.003822148,2.109
2024_02_12_21_06_01_389,0.7,0.0,374716.0,374717.0,147.5801,0.00070341,0.1359284,6.725365e-07,0.008858444,-0.0002553278,2.11,-5.796921e-06,-8.236776e-06,9.47567e-06,0.04529953,-0.0002295856,-0.04570931,2.109
2024_02_12_21_06_01_426,0.7,0.0,374914.0,374915.0,147.658,0.0007037658,0.1359283,-9.364969e-07,0.008858207,-0.0002533723,2.11,1.783482e-05,3.816074e-05,-2.403199e-05,-0.008583069,6.42076e-05,-0.02682954,2.109
2024_02_12_21_06_01_464,0.7,0.0,375118.0,375118.0,147.7381,0.0007041116,0.1359282,2.843789e-07,0.008857996,-0.0002522429,2.11,3.6674e-05,-8.490852e-06,5.252843e-06,0.02431869,-4.915273e-05,-0.04563853,2.109
2024_02_12_21_06_01_502,0.7,0.0,375316.0,375317.0,147.816,0.0007044584,0.1359283,-1.706018e-07,0.008858265,-0.0002483179,2.11,2.090232e-05,-1.293512e-05,-2.295435e-05,-0.0007152557,0.0001554918,-0.007551163,2.109
2024_02_12_21_06_01_539,0.7,0.0,375520.0,375520.0,147.896,0.0007048019,0.1359285,-5.305179e-07,0.008858385,-0.0002529119,2.11,3.831817e-05,-1.948971e-05,1.07945e-05,-0.0009536743,-0.0001343806,0.02290495,2.109
2024_02_12_21_06_01_577,0.7,0.0,375718.0,375718.0,147.9739,0.0007051335,0.1359284,9.020274e-07,0.008858324,-0.0002508145,2.11,-3.006704e-06,-4.146333e-06,1.714192e-07,-0.01072884,-2.485194e-05,0.007502734,2.109
2024_02_12_21_06_01_615,0.7,0.0,375921.0,375922.0,148.0539,0.0007055048,0.1359284,-1.190383e-06,0.008858594,-0.0002493146,2.11,1.633422e-06,-5.974123e-05,7.444169e-07,-0.005483627,5.249512e-05,0.04585832,2.109
2024_02_12_21_06_01_647,0.7,0.0,376098.0,376099.0,148.1234,0.0007058282,0.1359283,6.157764e-08,0.008857908,-0.0002498869,2.11,-6.62472e-07,-5.413011e-05,-5.650693e-07,0.03099441,-1.311855e-05,-0.05354359,2.109
2024_02_12_21_06_01_686,0.7,0.0,376302.0,376302.0,148.2034,0.0007062072,0.1359283,4.547531e-07,0.008857878,-0.000245452,2.11,-2.529112e-06,3.010259e-05,-3.231273e-06,0.009298325,0.0001085746,-0.03056228,2.109
2024_02_12_21_06_01_723,0.7,0.0,376500.0,376500.0,148.2813,0.0007065744,0.1359285,1.317121e-07,0.008858325,-0.0002375701,2.11,-1.908747e-06,-5.612163e-05,7.166537e-07,-0.04506111,-3.629793e-06,0.06852113,2.109
2024_02_12_21_06_01_755,0.7,0.0,376676.0,376677.0,148.3508,0.0007068666,0.1359284,9.553632e-07,0.008858176,-0.0002391531,2.11,-1.674107e-06,-4.934942e-05,4.996564e-06,0.01859665,4.017238e-05,-0.02673268,2.109
2024_02_12_21_06_01_793,0.7,0.0,376880.0,376880.0,148.4308,0.0007072224,0.1359283,3.300298e-07,0.008858146,-0.0002356724,2.11,-4.808687e-06,-9.466211e-06,1.261109e-06,-0.007390975,-6.57592e-05,0.0420548,2.109
2024_02_12_21_06_01_831,0.7,0.0,377078.0,377078.0,148.5087,0.0007075559,0.1359283,-3.595214e-07,0.00885785,-0.0002315908,2.11,-3.081861e-06,-7.985839e-06,5.694956e-06,0.01096725,-0.000191254,7.636845e-05,2.109
2024_02_12_21_06_01_868,0.7,0.0,377281.0,377282.0,148.5888,0.0007078876,0.1359283,1.026667e-07,0.008858115,-0.000234627,2.11,-2.196424e-06,-2.878624e-05,-5.676776e-06,-0.0128746,7.283415e-05,0.0229422,2.109
2024_02_12_21_06_01_902,0.7,0.0,377458.0,377459.0,148.6582,0.0007081947,0.1359284,1.222774e-06,0.008858535,-0.0002303481,2.11,-3.47784e-06,-1.03542e-05,2.527035e-06,-0.01049042,-4.732282e-05,0.007620081,2.109
2024_02_12_21_06_01_938,0.7,0.0,377661.0,377662.0,148.7383,0.0007085205,0.1359285,4.694091e-07,0.008858265,-0.0002298962,2.11,-7.212158e-06,-5.384552e-05,3.757036e-06,-0.01072884,1.782701e-05,0.01123547,2.109
2024_02_12_21_06_01_977,0.7,0.0,377859.0,377860.0,148.8162,0.0007088552,0.1359284,1.920744e-08,0.008858236,-0.0002257477,2.11,-2.072741e-05,-6.10762e-05,-2.298381e-05,-0.002861023,0.0001332473,0.003691762,2.109
2024_02_12_21_06_02_014,0.7,0.0,378063.0,378064.0,148.8962,0.000709197,0.1359282,1.424949e-06,0.008857878,-0.0002263209,2.11,1.891243e-05,-2.951884e-06,-2.100477e-05,-0.03671646,-0.0001452099,0.04217215,2.109
2024_02_12_21_06_02_048,0.7,0.0,378240.0,378240.0,148.9657,0.0007094615,0.1359283,1.282007e-06,0.008857877,-0.0002274864,2.11,-4.546382e-06,1.736674e-05,1.401069e-06,0.01549721,-1.812987e-05,-0.03810413,2.109
2024_02_12_21_06_02_085,0.7,0.0,378444.0,378444.0,149.0457,0.0007098021,0.1359283,8.426566e-07,0.008857909,-0.0002247453,2.11,-3.166401e-06,4.818784e-05,-6.248392e-06,0.01478195,0.0001823582,-0.03810041,2.109
2024_02_12_21_06_02_123,0.7,0.0,378642.0,378642.0,149.1236,0.0007101338,0.1359283,8.648577e-07,0.008858235,-0.0002183125,2.11,-7.750979e-06,-5.503844e-05,-6.139644e-06,-0.007390975,-8.620782e-05,0.01901016,2.109
2024_02_12_21_06_02_160,0.7,0.0,378845.0,378846.0,149.2036,0.0007104589,0.1359284,2.998881e-07,0.008858236,-0.0002142854,2.11,-1.539955e-06,-2.764658e-05,-5.857356e-06,-0.03385544,-4.116373e-06,0.04552304,2.109
2024_02_12_21_06_02_197,0.7,0.0,379043.0,379044.0,149.2815,0.0007107783,0.1359282,4.731988e-07,0.008857848,-0.0002107436,2.11,3.816591e-05,2.825176e-06,1.021661e-05,-0.02241134,-0.0002780143,0.03430992,2.109
2024_02_12_21_06_02_234,0.7,0.0,379247.0,379248.0,149.3616,0.0007110734,0.1359282,1.268447e-07,0.008857817,-0.000207997,2.11,-3.660496e-06,-6.044171e-06,-4.639548e-06,0.01621246,9.453651e-05,-0.007476657,2.109
2024_02_12_21_06_02_272,0.7,0.0,379445.0,379446.0,149.4395,0.0007113943,0.1359284,1.055153e-06,0.008858236,-0.0002040559,2.11,-1.440568e-06,-4.438393e-05,-9.260735e-08,0.008583069,0.000102938,0.0383649,2.109
2024_02_12_21_06_02_311,0.7,0.0,379649.0,379649.0,149.5195,0.0007117181,0.1359284,-4.207359e-07,0.008858236,-0.0002017754,2.11,-3.521346e-06,-7.132618e-05,1.310372e-06,-0.01955032,-3.77031e-06,0.05715713,2.109
2024_02_12_21_06_02_343,0.7,0.0,379825.0,379826.0,149.589,0.0007119944,0.1359284,3.01175e-07,0.008858236,-0.000198794,2.11,1.726392e-05,-7.054416e-05,4.046071e-05,0.02360344,-0.0002696156,-0.06108172,2.109
2024_02_12_21_06_02_380,0.7,0.0,380023.0,380024.0,149.6669,0.000712286,0.1359282,2.113281e-06,0.008857938,-0.0001968457,2.11,-5.443469e-06,-3.907688e-06,3.84793e-06,-0.002384186,-4.016328e-05,0.007875264,2.109
2024_02_12_21_06_02_418,0.7,0.0,380227.0,380228.0,149.7469,0.0007125626,0.1359282,1.420615e-06,0.008857789,-0.0001952513,2.11,-6.179206e-06,4.501806e-05,-5.937813e-06,0.01549721,7.412655e-05,-0.007607042,2.109
2024_02_12_21_06_02_455,0.7,0.0,380425.0,380426.0,149.8248,0.0007128451,0.1359284,1.886808e-06,0.008858176,-0.0001917341,2.11,1.550392e-05,-1.656262e-05,-2.066192e-05,0.006914138,-1.626995e-05,-0.01903996,2.109
2024_02_12_21_06_02_490,0.7,0.0,380607.0,380608.0,149.8964,0.0007131016,0.1359285,-2.51387e-07,0.008858206,-0.0001856128,2.11,3.367895e-05,-5.010901e-05,1.66508e-05,-0.02002716,-0.0002171896,-0.004146248,2.109
2024_02_12_21_06_02_526,0.7,0.0,380805.0,380806.0,149.9743,0.0007133408,0.1359285,-9.836355e-07,0.008858176,-0.0001845755,2.11,3.763151e-05,-8.149776e-05,1.253187e-05,0.02670288,-5.128185e-06,-0.04212744,2.109
2024_02_12_21_06_02_565,0.7,0.0,381009.0,381010.0,150.0543,0.0007135906,0.1359282,1.463308e-06,0.008857998,-0.0001864073,2.11,-3.055152e-06,-2.825917e-05,9.859621e-07,0.00500679,-1.24719e-05,0.03850274,2.109
2024_02_12_21_06_02_601,0.7,0.0,381207.0,381208.0,150.1322,0.0007138709,0.1359283,2.381011e-07,0.008857878,-0.0001833461,2.11,1.848364e-05,2.720801e-05,-2.794393e-05,0.01382828,-7.275412e-05,-0.01138449,2.109
2024_02_12_21_06_02_640,0.7,0.0,381410.0,381411.0,150.2123,0.000714149,0.1359284,-1.084454e-06,0.008858295,-0.0001792398,2.11,-8.715715e-07,-3.585606e-05,-2.52542e-06,0.005960464,0.0002164429,-0.004000962,2.109
2024_02_12_21_06_02_678,0.7,0.0,381609.0,381609.0,150.2902,0.0007144242,0.1359285,-1.249377e-06,0.008858235,-0.0001754861,2.11,-7.310042e-06,-2.811277e-05,-1.759709e-06,-0.02670288,-8.116967e-05,0.06851926,2.109
2024_02_12_21_06_02_714,0.7,0.0,381812.0,381813.0,150.3702,0.0007146784,0.1359284,1.559685e-06,0.008858325,-0.000173912,2.11,-5.780857e-06,-3.113327e-05,8.302995e-06,-0.01835823,-0.0002461024,0.02672337,2.109
2024_02_12_21_06_02_751,0.7,0.0,382010.0,382011.0,150.4481,0.000714943,0.1359282,-2.786665e-06,0.008857966,-0.0001706962,2.11,-2.433831e-06,-3.911075e-05,-6.635332e-06,0.02741813,6.357004e-05,-0.03031269,2.109
2024_02_12_21_06_02_789,0.7,0.0,382214.0,382215.0,150.5281,0.000715224,0.1359283,-9.562772e-07,0.008857847,-0.0001622153,2.11,1.5703e-05,3.100769e-05,-2.106864e-05,-0.004529953,0.0001022863,0.01145713,2.109
2024_02_12_21_06_02_827,0.7,0.0,382412.0,382413.0,150.606,0.0007154334,0.1359285,1.677334e-07,0.008858235,-0.0001630358,2.11,-4.432627e-06,-4.533618e-05,7.487512e-08,0.02884865,1.137459e-05,-0.015378,2.109
2024_02_12_21_06_02_864,0.7,0.0,382615.0,382616.0,150.6861,0.0007156882,0.1359285,-2.272603e-07,0.008858295,-0.0001593155,2.11,-3.511072e-06,-3.941821e-05,-5.243371e-06,-0.0166893,7.479684e-06,-0.01557916,2.109
2024_02_12_21_06_02_902,0.7,0.0,382813.0,382814.0,150.764,0.0007159124,0.1359284,-1.870463e-07,0.008858175,-0.0001588977,2.11,-4.585061e-06,-6.75761e-05,4.787371e-07,0.01192093,6.091159e-05,-0.023067,2.109
2024_02_12_21_06_02_940,0.7,0.0,383017.0,383018.0,150.844,0.0007161465,0.1359282,-1.92571e-09,0.008857907,-0.0001566382,2.11,-3.691008e-06,-3.519352e-05,6.235758e-07,0.05483627,3.886316e-05,-0.04553049,2.109
2024_02_12_21_06_02_976,0.7,0.0,383215.0,383216.0,150.9219,0.0007163582,0.1359282,4.149515e-07,0.008857847,-0.0001586649,2.11,-5.750308e-06,4.808553e-05,-8.583948e-06,0.03147125,4.170579e-05,-0.06865896,2.109
2024_02_12_21_06_03_014,0.7,0.0,383419.0,383420.0,151.0019,0.0007165946,0.1359284,1.176429e-07,0.008858295,-0.0001532133,2.11,-1.529114e-06,-6.559642e-05,-1.443118e-06,-0.02884865,-4.053163e-06,0.06872043,2.109
2024_02_12_21_06_03_051,0.7,0.0,383617.0,383618.0,151.0798,0.000716817,0.1359284,-1.225126e-06,0.008858295,-0.0001545266,2.11,-6.79831e-07,-2.83242e-05,-7.956124e-06,-0.03576279,-4.061757e-05,0.0685472,2.109
2024_02_12_21_06_03_089,0.7,0.0,383820.0,383821.0,151.1598,0.000717068,0.1359284,-5.703532e-07,0.008858473,-0.000149617,2.11,-2.909345e-06,2.350127e-05,-8.701431e-07,-0.01978874,-0.0001036783,-0.03044121,2.109
2024_02_12_21_06_03_122,0.7,0.0,383997.0,383998.0,151.2293,0.0007172634,0.1359282,-6.278603e-07,0.008858056,-0.0001491011,2.11,1.792204e-05,-1.897728e-05,2.991897e-05,0.00333786,-0.0001650887,0.049958,2.109
2024_02_12_21_06_03_155,0.7,0.0,384174.0,384175.0,151.2988,0.0007174431,0.1359283,9.811085e-07,0.008857877,-0.0001478809,2.11,-5.151509e-06,1.757776e-05,-5.797974e-06,0.01239777,2.378283e-05,-0.01523085,2.109
2024_02_12_21_06_03_192,0.7,0.0,384377.0,384378.0,151.3788,0.0007176631,0.1359283,6.882931e-07,0.008858384,-0.0001413204,2.11,-3.373503e-06,2.290816e-06,-5.215988e-06,0.001192093,-2.049592e-05,0.0002142042,2.109
2024_02_12_21_06_03_231,0.7,0.0,384575.0,384576.0,151.4567,0.0007178637,0.1359284,-1.12642e-06,0.008858443,-0.0001399569,2.11,-4.228939e-06,-6.640197e-05,1.638809e-06,0.0295639,6.006575e-05,-0.0303816,2.109
2024_02_12_21_06_03_269,0.7,0.0,384779.0,384779.0,151.5368,0.0007180883,0.1359284,-3.708751e-07,0.008858295,-0.0001367727,2.11,-2.243655e-06,-5.949625e-05,-1.362145e-06,0.02622604,8.096322e-06,-0.05351379,2.109
2024_02_12_21_06_03_306,0.7,0.0,384977.0,384978.0,151.6147,0.0007182859,0.1359282,3.956975e-07,0.008857937,-0.0001341137,2.11,-3.42907e-06,1.617645e-05,3.939847e-07,-0.02717972,-8.060852e-06,0.05355104,2.109
2024_02_12_21_06_03_343,0.7,0.0,385180.0,385181.0,151.6947,0.0007184802,0.1359283,1.652069e-06,0.008857847,-0.0001325423,2.11,-2.47124e-06,5.77167e-05,1.033091e-07,-0.01454353,-0.0001127978,0.03042258,2.109
2024_02_12_21_06_03_380,0.7,0.0,385379.0,385379.0,151.7726,0.0007186763,0.1359286,-2.172941e-07,0.008858443,-0.0001303795,2.11,-3.892385e-06,-2.375074e-05,-5.182043e-06,0.005245208,-7.133212e-05,-0.02313964,2.109
2024_02_12_21_06_03_418,0.7,0.0,385582.0,385583.0,151.8526,0.0007188789,0.1359284,-2.460603e-07,0.008858443,-0.0001243089,2.11,-4.720021e-06,1.726258e-05,1.337672e-06,-0.02264976,-5.904894e-05,-3.72529e-05,2.109
2024_02_12_21_06_03_456,0.7,0.0,385780.0,385781.0,151.9305,0.0007190515,0.1359285,-4.7407e-07,0.008858413,-0.0001218561,2.11,-4.175467e-06,-2.505764e-06,5.61928e-06,0.01597404,-7.779499e-05,-0.02283975,2.109
2024_02_12_21_06_03_490,0.7,0.0,385962.0,385963.0,152.0021,0.0007192051,0.1359282,8.345222e-07,0.008858115,-0.0001215335,2.11,-3.117726e-06,-9.979249e-05,6.718747e-06,-0.004529953,-7.355993e-05,-0.007644295,2.109
2024_02_12_21_06_03_526,0.7,0.0,386161.0,386161.0,152.08,0.0007193606,0.1359283,-3.962507e-07,0.008857937,-0.0001233999,2.11,-3.46863e-06,6.726731e-05,1.393508e-06,-0.0371933,-5.633728e-05,0.04195608,2.109
2024_02_12_21_06_03_560,0.7,0.0,386337.0,386338.0,152.1495,0.000719509,0.1359284,4.556931e-07,0.008858235,-0.0001219754,2.11,-4.046629e-06,-2.212753e-05,-5.230316e-06,0.01311302,-6.292566e-05,-0.003742054,2.109
2024_02_12_21_06_03_597,0.7,0.0,386541.0,386542.0,152.2295,0.000719672,0.1359284,-4.871363e-07,0.008858235,-0.0001206672,2.11,-4.040905e-06,-1.726446e-05,-4.768563e-06,0.007390975,0.0001479689,-0.04606135,2.109
2024_02_12_21_06_03_635,0.7,0.0,386739.0,386739.0,152.3074,0.0007198419,0.1359285,1.354726e-07,0.008858235,-0.0001185517,2.11,1.998198e-05,-7.209014e-05,2.708673e-05,0.01001358,-0.0001128556,-0.02309866,2.109
2024_02_12_21_06_03_672,0.7,0.0,386942.0,386943.0,152.3875,0.0007200099,0.1359282,-1.733834e-07,0.008857847,-0.0001166146,2.11,2.587158e-07,1.844479e-05,-3.00302e-06,-0.01430511,-1.776107e-05,0.0690259,2.109
2024_02_12_21_06_03_709,0.7,0.0,387140.0,387141.0,152.4654,0.0007201828,0.1359283,-6.705956e-07,0.008857699,-0.0001137628,2.11,-3.229232e-06,3.404993e-05,8.244763e-07,-0.01478195,-2.506022e-05,0.06852858,2.109
2024_02_12_21_06_03_748,0.7,0.0,387344.0,387345.0,152.5454,0.0007203428,0.1359283,1.041456e-06,0.008857908,-0.0001116174,2.11,-4.158518e-06,2.875045e-05,4.111933e-06,-0.01096725,-0.0002201084,0.03048405,2.109
2024_02_12_21_06_03_785,0.7,0.0,387542.0,387543.0,152.6233,0.000720506,0.1359285,-7.245851e-07,0.008858145,-0.0001112633,2.11,2.102569e-06,-8.473316e-05,6.831991e-06,0.01335144,-0.0001787152,-0.02297014,2.109
2024_02_12_21_06_03_823,0.7,0.0,387745.0,387746.0,152.7033,0.0007206819,0.1359284,7.569569e-08,0.008858206,-0.0001123295,2.11,-2.453564e-06,-0.0001136287,-1.774153e-06,0.0007152557,7.704602e-05,-0.02307631,2.109
2024_02_12_21_06_03_860,0.7,0.0,387944.0,387944.0,152.7812,0.0007208528,0.1359282,4.788184e-07,0.008857816,-0.0001075352,2.11,-2.200876e-06,-2.310236e-05,-3.921155e-06,0.01549721,3.391688e-05,-0.03828108,2.109
2024_02_12_21_06_03_897,0.7,0.0,388147.0,388148.0,152.8613,0.0007209813,0.1359282,-7.120894e-07,0.008857906,-0.0001118336,2.11,-5.126869e-06,6.330835e-05,1.975955e-07,-0.02264976,-0.0001498972,0.0229124,2.109
2024_02_12_21_06_03_934,0.7,0.0,388346.0,388346.0,152.9392,0.0007211182,0.1359285,-1.889996e-06,0.008858413,-0.0001130027,2.11,2.185949e-05,-3.528379e-05,2.199615e-05,0.00333786,-0.0001451822,0.01924857,2.109
2024_02_12_21_06_03_972,0.7,0.0,388549.0,388550.0,153.0192,0.0007213047,0.1359284,-7.858144e-07,0.008858354,-0.0001043308,2.11,-1.804077e-06,-1.487687e-05,-2.048051e-07,-0.01001358,0.0001147814,-0.02293475,2.109
2024_02_12_21_06_04_005,0.7,0.0,388726.0,388726.0,153.0887,0.0007214422,0.1359282,-6.986564e-07,0.008857938,-0.0001025878,2.11,-2.320721e-05,1.665364e-05,-3.111348e-05,0.02884865,0.0001342387,-0.01892261,2.109
2024_02_12_21_06_04_043,0.7,0.0,388929.0,388930.0,153.1687,0.0007215947,0.1359283,5.944979e-07,0.008857907,-0.0001044764,2.11,-1.602721e-07,6.689732e-05,2.707324e-06,-0.03123283,-3.167497e-05,0.04950724,2.109
2024_02_12_21_06_04_081,0.7,0.0,389127.0,389128.0,153.2466,0.0007217327,0.1359284,-9.356064e-07,0.008857966,-0.0001051177,2.11,-2.081629e-06,-2.121323e-05,-2.785873e-06,0.00834465,-7.728794e-05,-0.01553073,2.109
2024_02_12_21_06_04_115,0.7,0.0,389304.0,389305.0,153.3161,0.0007218758,0.1359284,-4.775117e-07,0.008857908,-0.0001040501,2.11,2.200916e-05,-6.801925e-05,-1.145185e-05,0.02121925,4.081448e-05,-0.02695806,2.109
2024_02_12_21_06_04_151,0.7,0.0,389508.0,389508.0,153.3961,0.0007220453,0.1359281,-3.476795e-07,0.008857758,-9.855166e-05,2.11,-2.743207e-06,7.739393e-05,9.250421e-07,0.004291534,-3.292825e-06,-0.03018789,2.109
2024_02_12_21_06_04_189,0.7,0.0,389706.0,389707.0,153.474,0.0007221817,0.1359282,2.144086e-07,0.008857758,-9.969977e-05,2.11,-8.150113e-07,2.785157e-06,-2.076788e-06,-0.002384186,2.768274e-06,-3.911554e-05,2.109
2024_02_12_21_06_04_226,0.7,0.0,389909.0,389910.0,153.554,0.0007223296,0.1359282,5.210476e-07,0.008857966,-9.710454e-05,2.11,-1.578537e-06,7.620332e-05,-3.070397e-06,0.02121925,2.470142e-05,-0.03798306,2.109
2024_02_12_21_06_04_264,0.7,0.0,390108.0,390109.0,153.6319,0.0007224672,0.1359285,4.166926e-08,0.008858028,-9.342392e-05,2.11,1.905817e-05,-2.500086e-05,-1.484153e-05,0.01049042,6.023992e-05,-0.01537055,2.109
2024_02_12_21_06_04_301,0.7,0.0,390311.0,390312.0,153.712,0.0007225774,0.1359283,-1.929806e-06,0.008857966,-9.780661e-05,2.11,-1.306727e-06,-3.099007e-05,-4.926133e-06,0.01358986,-0.0001629201,-0.05370378,2.109
2024_02_12_21_06_04_339,0.7,0.0,390510.0,390510.0,153.7899,0.000722727,0.1359282,1.310263e-07,0.008857847,-9.372283e-05,2.11,-4.162004e-08,5.703699e-05,-8.689637e-07,-0.008821487,-1.221178e-05,-0.007575377,2.109
2024_02_12_21_06_04_372,0.7,0.0,390692.0,390693.0,153.8615,0.0007228492,0.1359281,-7.514353e-07,0.008857907,-9.407943e-05,2.11,2.071048e-05,3.354303e-05,-1.872594e-05,-0.01072884,5.63648e-05,-0.03441609,2.109
2024_02_12_21_06_04_411,0.7,0.0,390890.0,390891.0,153.9394,0.0007229517,0.1359283,-1.68052e-07,0.008858056,-9.775962e-05,2.11,-2.231087e-05,2.810039e-05,1.329834e-05,0.01382828,0.0001177193,0.01148134,2.109
2024_02_12_21_06_04_443,0.7,0.0,391072.0,391073.0,154.011,0.0007230909,0.1359283,1.276976e-07,0.008858028,-9.456664e-05,2.11,-8.395531e-07,-1.00275e-06,-1.010483e-06,0.02074241,1.804847e-05,1.490116e-05,2.109
2024_02_12_21_06_04_480,0.7,0.0,391271.0,391271.0,154.0889,0.000723199,0.1359283,3.352715e-07,0.008858026,-9.55629e-05,2.11,-1.771537e-06,1.188742e-05,-2.592105e-06,-0.02789497,5.800825e-05,0.03034249,2.109
2024_02_12_21_06_04_513,0.7,0.0,391447.0,391448.0,154.1584,0.000723313,0.1359282,-5.045191e-07,0.008857966,-9.584009e-05,2.11,2.278301e-05,6.858868e-06,2.974043e-05,0.001430511,-0.0001041888,0.0115931,2.109
2024_02_12_21_06_04_551,0.7,0.0,391651.0,391652.0,154.2384,0.0007234619,0.1359282,-2.630786e-06,0.008857847,-9.314559e-05,2.11,3.795337e-06,1.680925e-05,-3.918431e-06,-0.0166893,9.386645e-05,0.007551163,2.109
2024_02_12_21_06_04_588,0.7,0.0,391849.0,391850.0,154.3163,0.000723609,0.1359283,-1.057289e-07,0.008858026,-9.394818e-05,2.11,-7.336624e-07,7.17499e-05,6.566588e-06,-0.02431869,-6.787422e-05,0.03043003,2.109
2024_02_12_21_06_04_626,0.7,0.0,392053.0,392054.0,154.3963,0.0007237408,0.1359284,4.76309e-07,0.008858413,-9.430577e-05,2.11,-2.22757e-05,-0.0001108715,1.421851e-05,0.03433228,5.827178e-05,-0.06506965,2.109
2024_02_12_21_06_04_664,0.7,0.0,392251.0,392252.0,154.4742,0.000723879,0.1359285,3.2921e-07,0.008858413,-9.264472e-05,2.11,-1.056745e-07,-7.532808e-05,-4.720403e-06,0.01978874,0.0001119015,-0.03428757,2.109
2024_02_12_21_06_04_702,0.7,0.0,392455.0,392456.0,154.5542,0.000724005,0.1359283,2.464758e-07,0.008858413,-9.659383e-05,2.11,-2.044216e-05,-7.21406e-05,1.906068e-05,-0.002145767,-0.0001696578,0.02682395,2.109
2024_02_12_21_06_04_739,0.7,0.0,392653.0,392654.0,154.6322,0.0007241647,0.1359283,-1.88705e-06,0.008858443,-9.600714e-05,2.11,2.270966e-05,-2.226836e-05,-2.231968e-05,0.02241134,-1.817534e-05,-0.0340268,2.109
2024_02_12_21_06_04_776,0.7,0.0,392857.0,392858.0,154.7122,0.0007243085,0.1359283,-1.59396e-07,0.008858145,-9.698082e-05,2.11,6.710157e-07,3.199636e-05,-4.84976e-07,0.002622604,-9.10245e-06,0.02657622,2.109
2024_02_12_21_06_04_813,0.7,0.0,393055.0,393056.0,154.7901,0.0007244668,0.1359285,-2.055519e-07,0.008858473,-9.520927e-05,2.11,4.808736e-07,-3.930222e-05,4.811999e-06,-0.01239777,-0.0001375554,0.007526949,2.109
2024_02_12_21_06_04_851,0.7,0.0,393259.0,393259.0,154.8701,0.0007245878,0.1359285,4.534671e-07,0.008858471,-9.560322e-05,2.11,-1.949716e-06,-3.852722e-05,1.482641e-06,0.001192093,3.42718e-05,9.685754e-05,2.109
2024_02_12_21_06_04_889,0.7,0.0,393457.0,393458.0,154.948,0.0007246836,0.1359282,6.980191e-07,0.008858026,-0.0001016211,2.11,-2.324531e-05,-2.050884e-05,1.063394e-05,0.01454353,0.0001146654,0.03448874,2.109
2024_02_12_21_06_04_927,0.7,0.0,393661.0,393661.0,155.028,0.000724849,0.1359282,-1.051435e-07,0.008858087,-9.226229e-05,2.11,2.126157e-05,3.809323e-05,-9.014763e-06,-0.0009536743,0.0001223384,0.04616752,2.109
2024_02_12_21_06_04_963,0.7,0.0,393859.0,393860.0,155.1059,0.0007249808,0.1359284,3.199908e-07,0.008858146,-9.242299e-05,2.11,-1.958888e-05,-6.147732e-05,-3.327713e-05,0.05817413,-7.932885e-05,-0.06120652,2.109
2024_02_12_21_06_05_001,0.7,0.0,394062.0,394063.0,155.186,0.0007251289,0.1359285,-2.147085e-07,0.008858443,-9.134729e-05,2.11,-2.14955e-05,-6.193647e-05,-3.500713e-05,-0.005960464,0.0001607418,0.00362657,2.109
2024_02_12_21_06_05_035,0.7,0.0,394239.0,394240.0,155.2554,0.0007252422,0.1359284,-1.872137e-06,0.008858354,-9.071179e-05,2.11,-1.200893e-06,-4.604e-05,-3.080068e-06,-0.01645088,0.0001619437,0.007390975,2.109
2024_02_12_21_06_05_073,0.7,0.0,394443.0,394444.0,155.3355,0.0007253725,0.1359282,4.373075e-07,0.008857938,-9.08333e-05,2.11,1.902612e-05,5.524493e-05,3.54689e-05,-0.01454353,-0.0001314422,0.03074482,2.109
2024_02_12_21_06_05_110,0.7,0.0,394641.0,394642.0,155.4134,0.0007254836,0.1359282,6.723016e-07,0.008857848,-9.20871e-05,2.11,-1.870846e-06,-2.138334e-05,-1.562898e-06,0.01955032,5.114861e-05,-0.02280623,2.109
2024_02_12_21_06_05_147,0.7,0.0,394845.0,394846.0,155.4934,0.0007255945,0.1359283,5.493198e-07,0.008858026,-9.448555e-05,2.11,-8.446103e-07,0.0001134535,-2.143799e-06,-0.02789497,3.572791e-05,0.03053807,2.109
2024_02_12_21_06_05_185,0.7,0.0,395043.0,395044.0,155.5713,0.0007257129,0.1359285,-1.088745e-06,0.008858443,-9.507311e-05,2.11,1.014574e-07,-6.2226e-05,-8.106094e-07,0.002145767,0.0001431431,-0.0001788139,2.109
2024_02_12_21_06_05_222,0.7,0.0,395247.0,395248.0,155.6513,0.0007258572,0.1359284,-4.797719e-08,0.008858443,-9.431727e-05,2.11,2.134272e-06,-3.789601e-05,-1.498678e-06,0.001907349,-4.420144e-07,-0.03036298,2.109
2024_02_12_21_06_05_259,0.7,0.0,395445.0,395446.0,155.7292,0.0007259945,0.1359283,-1.567838e-06,0.008858264,-9.514277e-05,2.11,2.388779e-05,-4.104459e-08,2.519752e-05,-0.05054474,-0.0002000129,0.05725771,2.109
2024_02_12_21_06_05_297,0.7,0.0,395649.0,395650.0,155.8092,0.0007261493,0.1359282,-2.601173e-07,0.008858057,-8.913216e-05,2.11,1.670383e-06,6.159319e-05,3.644336e-06,-0.01740456,8.127676e-05,0.01161173,2.109
2024_02_12_21_06_05_334,0.7,0.0,395847.0,395848.0,155.8872,0.0007262707,0.1359284,-1.448456e-07,0.008858086,-9.129611e-05,2.11,-2.08797e-05,4.339144e-05,-2.661653e-05,0.01692772,0.0001672069,-0.01902319,2.109
2024_02_12_21_06_05_367,0.7,0.0,396024.0,396025.0,155.9566,0.0007263722,0.1359284,-1.21355e-06,0.008858443,-9.684959e-05,2.11,2.197539e-06,-6.293487e-05,3.725019e-06,0.006914138,3.65801e-05,-0.007510185,2.109
2024_02_12_21_06_05_402,0.7,0.0,396206.0,396207.0,156.0282,0.0007265256,0.1359284,-8.653087e-07,0.008858442,-9.389983e-05,2.11,-1.870722e-05,-1.125454e-05,-2.695107e-05,-0.02026558,-1.833109e-05,0.04976242,2.109
2024_02_12_21_06_05_439,0.7,0.0,396404.0,396405.0,156.1062,0.0007266822,0.1359284,-2.658456e-07,0.008858533,-9.517369e-05,2.11,-1.890515e-05,-8.90612e-05,2.056683e-05,0.007152557,3.760761e-05,0.01914054,2.109
2024_02_12_21_06_05_476,0.7,0.0,396608.0,396609.0,156.1862,0.000726825,0.1359284,-2.135691e-07,0.008858592,-0.000100924,2.11,-8.574631e-08,-0.0001483191,3.045107e-06,0.03385544,-8.696452e-05,-0.06489269,2.109
2024_02_12_21_06_05_513,0.7,0.0,396806.0,396807.0,156.2641,0.000726981,0.1359284,2.339062e-07,0.008858086,-9.901183e-05,2.11,-1.246767e-06,6.631984e-05,-3.948877e-08,0.0269413,1.183798e-05,-0.03054179,2.109
2024_02_12_21_06_05_547,0.7,0.0,396988.0,396989.0,156.3357,0.0007270963,0.1359284,8.9231e-07,0.008858295,-9.893053e-05,2.11,-2.304125e-05,-5.839095e-05,-3.359787e-05,0.008583069,0.0001569522,-0.03441796,2.109
2024_02_12_21_06_05_584,0.7,0.0,397187.0,397188.0,156.4136,0.0007272315,0.1359284,1.453155e-07,0.008858384,-9.877376e-05,2.11,-2.312016e-05,-7.881829e-05,1.967839e-05,0.01645088,9.37905e-05,-0.04183873,2.109
2024_02_12_21_06_05_622,0.7,0.0,397390.0,397391.0,156.4936,0.0007273754,0.1359282,-1.129833e-07,0.008857997,-9.88808e-05,2.11,1.745257e-07,4.975313e-05,-2.189226e-06,0.03314018,-6.005348e-05,-0.06454438,2.109
2024_02_12_21_06_05_659,0.7,0.0,397589.0,397589.0,156.5715,0.0007275041,0.1359282,-1.340515e-06,0.008857817,-0.0001019445,2.11,2.059549e-05,-3.145429e-05,2.764388e-05,0.01740456,-0.0001400926,-0.0114236,2.109
2024_02_12_21_06_05_692,0.7,0.0,397766.0,397766.0,156.641,0.0007276378,0.1359283,-3.634618e-07,0.008857816,-9.947888e-05,2.11,1.391057e-06,2.469858e-06,3.478651e-06,0.02598762,1.134367e-05,-0.05737133,2.109
2024_02_12_21_06_05_730,0.7,0.0,397969.0,397970.0,156.721,0.0007277941,0.1359284,-1.867578e-06,0.008858324,-9.871847e-05,2.11,4.159909e-07,-5.926757e-05,8.253755e-07,0.01120567,-2.548654e-05,0.03839098,2.109
2024_02_12_21_06_05_773,0.7,0.0,398194.0,398195.0,156.8095,0.0007279555,0.1359285,-1.759615e-06,0.008858384,-9.834363e-05,2.11,8.616326e-07,-8.012442e-05,-2.259784e-06,-0.0002384186,5.472225e-05,-0.0002607703,2.109
2024_02_12_21_06_05_809,0.7,0.0,398392.0,398393.0,156.8874,0.0007281287,0.1359282,-1.440596e-08,0.008858144,-9.540019e-05,2.11,1.634875e-06,2.987343e-05,-1.121911e-06,0.0002384186,-2.220122e-05,0.03084354,2.109
2024_02_12_21_06_05_849,0.7,0.0,398596.0,398597.0,156.9674,0.0007282964,0.1359282,3.366433e-07,0.008857908,-9.356018e-05,2.11,-1.544161e-06,2.831964e-05,1.969142e-06,-0.01549721,3.429636e-05,0.03063865,2.109
2024_02_12_21_06_05_886,0.7,0.0,398794.0,398795.0,157.0453,0.0007284472,0.1359284,-1.865977e-06,0.008858086,-9.341818e-05,2.11,-8.023993e-07,2.383204e-05,-1.054567e-06,0.00166893,-2.097977e-05,0.01527555,2.109
2024_02_12_21_06_05_917,0.7,0.0,398971.0,398972.0,157.1148,0.000728595,0.1359284,-1.240331e-06,0.008858442,-8.877797e-05,2.11,-1.243145e-07,-7.357862e-05,-5.041558e-07,-0.01215935,0.000112341,0.02287701,2.109
2024_02_12_21_06_05_955,0.7,0.0,399175.0,399175.0,157.1948,0.0007287225,0.1359285,-1.645555e-06,0.008858443,-9.26393e-05,2.11,1.786627e-05,-4.159944e-05,2.371309e-05,0.01811981,-3.325658e-05,-0.04960596,2.109
2024_02_12_21_06_05_992,0.7,0.0,399373.0,399374.0,157.2727,0.0007288536,0.1359282,-4.126298e-07,0.008858293,-9.123225e-05,2.11,1.692029e-05,2.004793e-05,-2.075241e-05,0.004291534,1.626813e-05,-0.04936009,2.109
2024_02_12_21_06_06_026,0.7,0.0,399555.0,399556.0,157.3443,0.0007289507,0.1359284,-4.788203e-07,0.008858533,-9.374972e-05,2.11,1.702679e-05,-0.0001052352,3.411597e-05,0.005960464,-0.0001245596,-0.04982017,2.109
2024_02_12_21_06_06_064,0.7,0.0,399753.0,399754.0,157.4222,0.0007290756,0.1359284,8.500889e-07,0.008858086,-9.114663e-05,2.11,-2.82026e-06,6.632525e-05,-4.438192e-06,0.007152557,2.830325e-05,-0.0306163,2.109
2024_02_12_21_06_06_101,0.7,0.0,399957.0,399958.0,157.5022,0.0007291998,0.1359285,-1.181295e-06,0.008858443,-9.210864e-05,2.11,6.706607e-07,-5.502958e-05,-2.110514e-06,0.002622604,9.467066e-05,-0.0001452863,2.109
2024_02_12_21_06_06_139,0.7,0.0,400155.0,400156.0,157.5802,0.000729346,0.1359285,-1.711954e-06,0.008858413,-9.012411e-05,2.11,-4.145974e-07,-8.207408e-05,-2.515877e-06,-0.0004768371,4.553521e-05,-0.0001620501,2.109
2024_02_12_21_06_06_176,0.7,0.0,400359.0,400359.0,157.6602,0.000729498,0.1359283,-6.775429e-07,0.008857938,-9.090244e-05,2.11,-1.097002e-06,4.727279e-05,3.836457e-06,-0.0333786,-2.767046e-05,0.0647679,2.109
2024_02_12_21_06_06_213,0.7,0.0,400557.0,400558.0,157.7381,0.0007296109,0.1359282,-1.98647e-07,0.008857728,-9.210512e-05,2.11,-2.364665e-05,3.346734e-05,-3.260743e-05,-0.0002384186,0.000233962,0.0154376,2.109
2024_02_12_21_06_06_251,0.7,0.0,400761.0,400761.0,157.8181,0.0007297253,0.1359283,6.069901e-07,0.008857877,-9.337304e-05,2.11,-2.662535e-06,1.172688e-05,1.908559e-06,0.008583069,1.239277e-05,-0.06129779,2.109
2024_02_12_21_06_06_288,0.7,0.0,400959.0,400960.0,157.896,0.0007298373,0.1359284,-5.270549e-07,0.008858353,-9.325299e-05,2.11,-1.881958e-06,-5.58698e-05,-7.694371e-07,-0.02074241,-5.827405e-05,0.03813393,2.109
2024_02_12_21_06_06_327,0.7,0.0,401163.0,401163.0,157.976,0.0007299707,0.1359285,6.994962e-07,0.008858413,-9.398878e-05,2.11,-2.016542e-05,-6.974943e-05,1.091856e-05,-0.02169609,0.0001311796,0.01517311,2.109
2024_02_12_21_06_06_363,0.7,0.0,401361.0,401362.0,158.0539,0.0007301273,0.1359283,-1.26258e-06,0.008857938,-8.909991e-05,2.11,1.966681e-07,4.703603e-05,-7.380858e-07,-0.02884865,4.289609e-05,0.04963576,2.109
2024_02_12_21_06_06_401,0.7,0.0,401564.0,401565.0,158.134,0.0007302509,0.1359283,2.502105e-07,0.008857878,-9.283852e-05,2.11,-2.498766e-05,-2.628675e-06,-3.239099e-05,-0.00667572,2.027286e-05,-5.029142e-05,2.109
2024_02_12_21_06_06_439,0.7,0.0,401763.0,401763.0,158.2119,0.0007303735,0.1359283,-6.489813e-07,0.008857907,-9.33019e-05,2.11,-1.162566e-06,5.177741e-05,-1.077529e-05,0.0,0.0001064411,-0.03062933,2.109
2024_02_12_21_06_06_477,0.7,0.0,401966.0,401967.0,158.2919,0.0007305163,0.1359285,1.891689e-07,0.008858413,-8.929609e-05,2.11,-4.593597e-07,-8.285251e-05,3.613527e-06,0.003099441,-6.215486e-06,-7.078052e-05,2.109
2024_02_12_21_06_06_509,0.7,0.0,402143.0,402144.0,158.3614,0.0007306227,0.1359284,1.150589e-06,0.008858324,-9.436115e-05,2.11,2.419871e-06,-5.117137e-05,2.733615e-06,0.009298325,0.0001328815,-0.02286769,2.109
2024_02_12_21_06_06_547,0.7,0.0,402341.0,402342.0,158.4393,0.0007307364,0.1359282,-5.893636e-07,0.008857938,-0.0001003603,2.11,2.501353e-06,-1.417017e-05,-3.378858e-06,0.02741813,9.045788e-05,-0.007346272,2.109
2024_02_12_21_06_06_584,0.7,0.0,402545.0,402546.0,158.5193,0.0007308414,0.1359282,-5.776673e-07,0.008857758,-0.0001049694,2.11,-4.451851e-06,3.298879e-05,2.756622e-06,0.02717972,-3.711261e-05,-0.06100535,2.109
2024_02_12_21_06_06_621,0.7,0.0,402743.0,402744.0,158.5972,0.0007309714,0.1359284,-3.301433e-07,0.008857966,-0.0001055086,2.11,2.106535e-06,6.961205e-05,2.461109e-06,-0.01358986,1.802618e-06,0.02276711,2.109
2024_02_12_21_06_06_655,0.7,0.0,402926.0,402926.0,158.6688,0.0007310939,0.1359284,-6.124681e-07,0.008858442,-0.000107124,2.11,3.94485e-07,-4.472946e-05,-1.434972e-06,0.01621246,-0.0001089686,-0.03801472,2.109
2024_02_12_21_06_06_693,0.7,0.0,403124.0,403124.0,158.7467,0.0007312757,0.1359284,1.202044e-07,0.008857996,-9.842369e-05,2.11,-1.811284e-05,-1.150938e-06,-2.269513e-05,0.01096725,0.000124978,0.03427267,2.109
2024_02_12_21_06_06_730,0.7,0.0,403327.0,403328.0,158.8267,0.0007313843,0.1359283,-1.52338e-07,0.008857848,-0.0001052268,2.11,-7.385186e-07,1.900704e-05,4.603635e-07,0.00500679,-0.0001921758,-0.02665259,2.109
2024_02_12_21_06_06_768,0.7,0.0,403526.0,403526.0,158.9046,0.0007315067,0.1359282,8.987889e-07,0.008857907,-0.0001060376,2.11,1.503227e-06,2.42005e-05,-4.701013e-06,0.02622604,0.0002143947,-0.08394568,2.109
2024_02_12_21_06_06_802,0.7,0.0,403708.0,403709.0,158.9762,0.0007316268,0.1359283,3.715575e-07,0.008857966,-0.0001050194,2.11,1.085599e-06,4.632027e-05,8.425193e-06,0.007629394,-9.580867e-05,-0.003730878,2.109
2024_02_12_21_06_06_838,0.7,0.0,403906.0,403907.0,159.0542,0.0007317499,0.1359284,9.508347e-07,0.008858117,-0.0001076499,2.11,-4.362156e-05,4.835618e-05,-8.643093e-06,-0.007629394,-2.137358e-05,0.04586391,2.109
2024_02_12_21_06_06_876,0.7,0.0,404110.0,404111.0,159.1342,0.0007319151,0.1359284,-1.61589e-07,0.008858384,-0.0001038736,2.11,-1.535221e-05,1.90957e-05,-2.127206e-05,0.02861023,8.874395e-06,-0.05712919,2.109
2024_02_12_21_06_06_910,0.7,0.0,404286.0,404287.0,159.2037,0.0007320296,0.1359285,-1.826975e-06,0.008858563,-0.0001079023,2.11,2.397342e-06,-1.50393e-05,1.256877e-06,-0.002145767,-1.992225e-05,0.0115335,2.109
2024_02_12_21_06_06_947,0.7,0.0,404484.0,404485.0,159.2816,0.0007322019,0.1359284,-4.994864e-07,0.008858473,-0.0001026987,2.11,2.674347e-06,-3.903947e-05,1.305087e-06,0.004529953,0.0001157261,-0.003937632,2.109
2024_02_12_21_06_06_980,0.7,0.0,404667.0,404667.0,159.3532,0.00073234,0.1359284,7.120925e-08,0.008858591,-0.000101102,2.11,3.36526e-06,-0.0001259961,5.293838e-06,0.03528595,0.0001012963,-0.05722977,2.109
2024_02_12_21_06_07_018,0.7,0.0,404865.0,404866.0,159.4311,0.0007324857,0.1359284,-1.567985e-06,0.008857996,-9.927327e-05,2.11,2.359838e-05,3.192569e-05,-2.073749e-05,0.002145767,0.0001129661,-0.000173226,2.109
2024_02_12_21_06_07_055,0.7,0.0,405068.0,405069.0,159.5111,0.0007326432,0.1359285,-2.08564e-06,0.008858355,-9.726619e-05,2.11,1.027343e-06,-0.0001067346,3.053183e-06,-0.005245208,5.185984e-05,-0.0002756715,2.109
2024_02_12_21_06_07_088,0.7,0.0,405245.0,405246.0,159.5806,0.0007327863,0.1359282,-1.324039e-06,0.008857966,-9.478734e-05,2.11,3.356649e-07,1.356623e-05,5.448501e-06,0.009775162,1.343278e-05,-0.01141429,2.109
2024_02_12_21_06_07_126,0.7,0.0,405449.0,405450.0,159.6606,0.0007329202,0.1359282,-1.117728e-06,0.008857878,-9.701093e-05,2.11,-6.253604e-07,2.930165e-05,-4.031509e-06,0.02098083,-0.0001239653,-0.02646632,2.109
2024_02_12_21_06_07_159,0.7,0.0,405626.0,405626.0,159.7301,0.0007330615,0.1359283,-6.904764e-07,0.008857966,-9.424592e-05,2.11,5.331908e-07,6.491695e-05,-5.808018e-08,0.009536743,-0.0001134585,-0.04592165,2.109
2024_02_12_21_06_07_192,0.7,0.0,405802.0,405803.0,159.7996,0.0007332062,0.1359283,-1.330941e-07,0.008858055,-9.01021e-05,2.11,-1.920798e-05,6.096275e-05,1.887713e-05,0.008821487,-8.466099e-05,-0.02681091,2.109
2024_02_12_21_06_07_230,0.7,0.0,406006.0,406007.0,159.8796,0.0007333132,0.1359284,-1.133748e-06,0.008858413,-9.831584e-05,2.11,3.809539e-05,-3.85398e-05,1.126197e-05,0.0,-6.276787e-05,0.01539104,2.109
2024_02_12_21_06_07_269,0.7,0.0,406204.0,406205.0,159.9575,0.0007334485,0.1359283,4.992923e-08,0.008858413,-9.691987e-05,2.11,-7.019407e-07,-5.499387e-06,-1.356592e-05,-0.01835823,0.000200959,0.003928319,2.109
2024_02_12_21_06_07_305,0.7,0.0,406408.0,406409.0,160.0375,0.0007335982,0.1359284,3.943147e-07,0.008858325,-9.37592e-05,2.11,-7.901547e-07,-3.090805e-05,-3.140226e-06,-0.008106232,6.132609e-05,0.01528114,2.109
2024_02_12_21_06_07_338,0.7,0.0,406585.0,406586.0,160.107,0.0007337117,0.1359283,-7.747275e-07,0.008857996,-9.298396e-05,2.11,-2.391995e-06,-1.785238e-05,-1.747624e-06,0.004053116,0.0001717549,0.02289191,2.109
2024_02_12_21_06_07_376,0.7,0.0,406788.0,406789.0,160.187,0.0007338538,0.1359284,-5.911737e-07,0.008858086,-9.144902e-05,2.11,-1.030814e-06,9.406675e-05,1.175616e-06,-0.007152557,7.288849e-05,-0.01147017,2.109
2024_02_12_21_06_07_413,0.7,0.0,406987.0,406987.0,160.2649,0.0007340032,0.1359285,-2.457083e-07,0.008858443,-8.686339e-05,2.11,-9.284019e-07,-2.367446e-05,3.267896e-06,0.01358986,6.340747e-05,-0.05722977,2.109
2024_02_12_21_06_07_451,0.7,0.0,407185.0,407186.0,160.3428,0.0007341374,0.1359283,-1.231929e-06,0.008858413,-8.561045e-05,2.11,-5.547919e-07,8.529296e-06,2.410298e-06,-0.02455711,0.0001021524,0.03827363,2.109
2024_02_12_21_06_07_484,0.7,0.0,407367.0,407368.0,160.4144,0.0007342621,0.1359283,7.11406e-07,0.008858145,-8.438453e-05,2.11,-1.257044e-06,1.943115e-05,3.1948e-06,0.02360344,-8.902362e-06,-0.0302922,2.109
2024_02_12_21_06_07_521,0.7,0.0,407565.0,407566.0,160.4924,0.0007343797,0.1359282,-3.270341e-07,0.008857937,-8.861718e-05,2.11,-1.9335e-06,1.238188e-05,-1.892456e-06,0.03409386,-8.547181e-05,-0.04182569,2.109
2024_02_12_21_06_07_559,0.7,0.0,407769.0,407770.0,160.5724,0.0007344966,0.1359283,-8.982962e-07,0.008858114,-9.005629e-05,2.11,-2.492372e-06,9.579899e-05,-3.739297e-06,-0.05221367,-1.629019e-05,0.03044866,2.109
2024_02_12_21_06_07_592,0.7,0.0,407946.0,407946.0,160.6419,0.0007346169,0.1359285,1.068538e-06,0.008858295,-8.761466e-05,2.11,-2.761145e-06,-9.656851e-05,5.062046e-06,0.01692772,-5.10006e-05,0.01510791,2.109
2024_02_12_21_06_07_631,0.7,0.0,408149.0,408150.0,160.7219,0.0007347347,0.1359285,-6.91958e-07,0.008858533,-8.596241e-05,2.11,2.13331e-05,-8.723726e-05,-1.426563e-05,-0.004291534,-1.715057e-05,-0.01154467,2.109
2024_02_12_21_06_07_667,0.7,0.0,408348.0,408348.0,160.7998,0.0007348491,0.1359282,4.519081e-07,0.008857967,-8.786585e-05,2.11,-7.611661e-07,2.465536e-05,4.921604e-07,0.01621246,1.101762e-05,-0.01495145,2.109
2024_02_12_21_06_07_701,0.7,0.0,408524.0,408525.0,160.8693,0.0007349161,0.1359282,7.931167e-07,0.008857817,-9.535327e-05,2.11,-3.24554e-06,-1.318858e-05,-1.49041e-06,0.006914138,0.0001045732,-0.007551163,2.109
2024_02_12_21_06_07_734,0.7,0.0,408707.0,408707.0,160.9409,0.0007350269,0.1359283,-1.401744e-06,0.008857966,-9.397725e-05,2.11,-2.129357e-05,5.212651e-05,1.675256e-05,-0.0009536743,6.314008e-05,1.303852e-05,2.109
2024_02_12_21_06_07_771,0.7,0.0,408905.0,408906.0,161.0188,0.0007351548,0.1359284,-1.775637e-06,0.008858413,-9.377213e-05,2.11,2.326333e-05,-4.578551e-05,-1.793327e-05,-0.009775162,-2.58683e-05,-0.01144409,2.109
2024_02_12_21_06_07_809,0.7,0.0,409108.0,409109.0,161.0988,0.0007353003,0.1359285,-3.289416e-07,0.008858355,-8.984367e-05,2.11,2.107445e-05,-5.326132e-05,-4.425657e-06,0.002145767,-5.085644e-05,-0.01150183,2.109
2024_02_12_21_06_07_848,0.7,0.0,409307.0,409307.0,161.1767,0.0007354111,0.1359282,-1.268478e-07,0.008858293,-9.052479e-05,2.11,-1.941099e-05,-1.918165e-05,-3.120993e-05,0.03170967,0.0002483616,-0.05321949,2.109
2024_02_12_21_06_07_880,0.7,0.0,409489.0,409490.0,161.2483,0.0007355521,0.1359283,2.870288e-07,0.008858204,-8.536941e-05,2.11,-1.914018e-05,-1.852803e-07,-3.156704e-05,0.01978874,0.0001204673,-0.02652779,2.109
2024_02_12_21_06_07_917,0.7,0.0,409687.0,409688.0,161.3262,0.0007356848,0.1359284,9.655565e-08,0.008857966,-8.399705e-05,2.11,-3.226373e-07,1.667293e-05,-1.004252e-06,0.02622604,-3.50949e-05,-0.06141513,2.109
2024_02_12_21_06_07_955,0.7,0.0,409891.0,409891.0,161.4062,0.0007358238,0.1359284,-8.14802e-07,0.008858354,-8.070935e-05,2.11,-1.697215e-07,-2.129524e-05,4.424391e-06,-0.03099441,-6.683853e-05,-0.00776723,2.109
2024_02_12_21_06_07_992,0.7,0.0,410089.0,410090.0,161.4841,0.0007359438,0.1359283,8.803242e-07,0.008858204,-8.408361e-05,2.11,-1.148162e-06,-8.531687e-05,1.077819e-06,0.02074241,-0.000121292,-0.03069453,2.109
2024_02_12_21_06_08_025,0.7,0.0,410266.0,410267.0,161.5536,0.0007360449,0.1359282,2.60871e-07,0.008857817,-8.3702e-05,2.11,-2.437662e-05,3.32944e-05,-3.895421e-05,0.01573563,6.222058e-05,0.00786595,2.109
2024_02_12_21_06_08_059,0.7,0.0,410448.0,410449.0,161.6252,0.0007361236,0.1359282,-2.608077e-07,0.008857787,-8.769055e-05,2.11,-1.099735e-06,3.561288e-06,-1.355902e-06,-0.0140667,-7.690005e-05,0.03816001,2.109
2024_02_12_21_06_08_097,0.7,0.0,410646.0,410647.0,161.7031,0.0007362436,0.1359283,-4.596966e-07,0.008857937,-8.94382e-05,2.11,-5.533357e-07,7.394499e-05,2.497437e-06,-0.02646446,-6.111213e-05,0.06095506,2.109
2024_02_12_21_06_08_134,0.7,0.0,410850.0,410851.0,161.7832,0.0007363693,0.1359284,-1.395512e-07,0.008858384,-9.023887e-05,2.11,-7.280782e-07,-5.114796e-05,2.796095e-06,0.01788139,-7.230483e-05,-0.00764057,2.109
2024_02_12_21_06_08_171,0.7,0.0,411048.0,411049.0,161.8611,0.0007365093,0.1359285,3.123644e-07,0.008858443,-8.741205e-05,2.11,1.727201e-06,-6.115349e-05,4.740067e-06,0.01478195,-2.671436e-05,-0.007683411,2.109
2024_02_12_21_06_08_205,0.7,0.0,411230.0,411231.0,161.9327,0.0007366057,0.1359282,2.36606e-07,0.008857996,-9.026139e-05,2.11,-1.502784e-06,8.082413e-05,-1.099604e-06,-0.0128746,5.158199e-05,-0.03056414,2.109
2024_02_12_21_06_08_242,0.7,0.0,411428.0,411429.0,162.0106,0.0007367303,0.1359282,-1.3904e-06,0.008857908,-9.122827e-05,2.11,2.237184e-05,4.080116e-05,3.354873e-05,-0.007867813,-0.0002317436,0.003889203,2.109
2024_02_12_21_06_08_280,0.7,0.0,411632.0,411633.0,162.0906,0.0007368725,0.1359283,-9.041854e-07,0.008857907,-8.724651e-05,2.11,1.645763e-06,4.446015e-05,-3.554003e-06,0.0140667,4.48847e-05,-0.0115037,2.109
2024_02_12_21_06_08_317,0.7,0.0,411830.0,411831.0,162.1685,0.0007369808,0.1359284,1.51149e-06,0.008858443,-8.859903e-05,2.11,-2.812224e-06,-6.458454e-05,-3.018051e-07,0.02765655,-0.0001707385,0.0536032,2.109
2024_02_12_21_06_08_351,0.7,0.0,412007.0,412008.0,162.238,0.0007370988,0.1359284,-9.526884e-07,0.008858354,-8.60511e-05,2.11,8.302894e-07,-0.0001102936,-1.705687e-06,0.02145767,0.000177761,-0.07282011,2.109
2024_02_12_21_06_08_388,0.7,0.0,412211.0,412212.0,162.318,0.0007372519,0.1359281,-1.04376e-06,0.008857967,-8.181512e-05,2.11,2.116612e-06,1.055853e-05,1.569765e-06,-0.01978874,9.237828e-05,-0.03062188,2.109
2024_02_12_21_06_08_422,0.7,0.0,412388.0,412388.0,162.3875,0.0007373721,0.1359282,-8.038143e-07,0.008857817,-8.124542e-05,2.11,-2.09723e-07,-6.741769e-06,2.513657e-06,-0.0002384186,4.529738e-05,-0.0001098961,2.109
2024_02_12_21_06_08_454,0.7,0.0,412570.0,412571.0,162.4591,0.0007374705,0.1359283,-5.35074e-07,0.008857727,-8.250404e-05,2.11,4.129278e-05,8.282146e-05,8.283797e-06,-0.010252,-7.260337e-05,-0.0001024455,2.109
2024_02_12_21_06_08_492,0.7,0.0,412768.0,412769.0,162.537,0.0007375744,0.1359283,1.437362e-06,0.008858026,-8.251449e-05,2.11,-4.444876e-05,6.10686e-05,-1.816775e-06,-0.0166893,1.36265e-06,0.05725398,2.109
2024_02_12_21_06_08_529,0.7,0.0,412972.0,412973.0,162.617,0.0007376836,0.1359284,-2.722743e-07,0.008858413,-8.490831e-05,2.11,-3.212221e-07,-5.636512e-05,-9.117372e-07,-0.00834465,-7.672088e-05,0.04604458,2.109
2024_02_12_21_06_08_563,0.7,0.0,413149.0,413149.0,162.6865,0.0007378024,0.1359284,4.135053e-07,0.008858682,-8.034039e-05,2.11,3.841495e-07,-0.0001396,-1.209342e-06,-0.03147125,-1.53791e-05,0.01516193,2.109
2024_02_12_21_06_08_600,0.7,0.0,413347.0,413348.0,162.7644,0.0007379199,0.1359282,-8.391602e-07,0.008858056,-8.079951e-05,2.11,-3.031274e-07,7.151563e-05,-2.929953e-06,-0.01549721,5.123956e-05,0.05371868,2.109
2024_02_12_21_06_08_638,0.7,0.0,413551.0,413551.0,162.8444,0.0007380706,0.1359283,-6.240751e-07,0.008857937,-7.426512e-05,2.11,-2.036006e-05,5.988877e-05,-2.133527e-05,-0.01144409,-0.0001176845,0.03825314,2.109
2024_02_12_21_06_08_676,0.7,0.0,413749.0,413750.0,162.9223,0.000738197,0.1359283,-6.362188e-07,0.008858056,-7.3288e-05,2.11,-4.009185e-05,0.0001061413,-1.778317e-05,0.002145767,0.0002231943,-0.0228472,2.109
2024_02_12_21_06_08_713,0.7,0.0,413952.0,413953.0,163.0024,0.0007383359,0.1359285,-2.518498e-07,0.008858324,-7.017967e-05,2.11,-1.249236e-07,-7.479063e-05,2.361125e-06,0.001907349,-0.0001289868,-0.0001247972,2.109
2024_02_12_21_06_08_747,0.7,0.0,414129.0,414130.0,163.0719,0.000738417,0.1359283,-5.791453e-07,0.008858145,-7.517873e-05,2.11,-5.14011e-07,5.145386e-05,-9.316578e-07,-0.001907349,-1.638477e-05,-0.007459893,2.109
2024_02_12_21_06_08_781,0.7,0.0,414311.0,414312.0,163.1434,0.0007385398,0.1359282,-2.443549e-07,0.008857967,-7.399664e-05,2.11,5.758131e-07,2.68578e-05,1.567682e-06,-0.002861023,-6.246091e-05,-0.02290308,2.109
2024_02_12_21_06_08_818,0.7,0.0,414510.0,414510.0,163.2214,0.0007386487,0.1359283,-3.068032e-09,0.008857699,-7.387801e-05,2.11,-4.38812e-06,-2.086416e-05,8.130431e-06,0.02384186,-5.049946e-05,-0.03465638,2.109
2024_02_12_21_06_08_855,0.7,0.0,414713.0,414714.0,163.3014,0.0007387487,0.1359283,-5.264024e-07,0.008858056,-7.418966e-05,2.11,1.978008e-05,5.423971e-05,-1.83487e-05,0.01120567,-1.564126e-05,-0.0266619,2.109
2024_02_12_21_06_08_892,0.7,0.0,414911.0,414912.0,163.3793,0.0007388568,0.1359284,5.793792e-07,0.008858384,-7.517694e-05,2.11,-6.017515e-07,-7.939362e-05,-7.556193e-08,-0.002861023,-1.201852e-05,-0.000257045,2.109
2024_02_12_21_06_08_929,0.7,0.0,415115.0,415116.0,163.4593,0.000738984,0.1359283,2.807479e-07,0.008858652,-7.308883e-05,2.11,-7.721462e-07,-0.0001679718,2.122184e-06,0.007629394,3.425612e-05,-0.01536868,2.109
2024_02_12_21_06_08_967,0.7,0.0,415313.0,415314.0,163.5372,0.000739075,0.1359283,-4.176158e-07,0.008858115,-7.466442e-05,2.11,3.691886e-05,6.913949e-06,7.861237e-06,0.004291534,-0.0001224674,-0.02303906,2.109
2024_02_12_21_06_09_005,0.7,0.0,415517.0,415518.0,163.6172,0.0007391545,0.1359283,1.328575e-06,0.008857965,-7.620416e-05,2.11,-3.157208e-06,3.006471e-05,-6.219684e-07,-0.01454353,3.315063e-05,-0.0153929,2.109
2024_02_12_21_06_09_042,0.7,0.0,415715.0,415716.0,163.6951,0.0007392315,0.1359284,-1.424016e-06,0.008858026,-7.985077e-05,2.11,-6.383389e-07,7.350287e-05,-7.896196e-07,-0.01549721,0.000104372,0.007510185,2.109
2024_02_12_21_06_09_080,0.7,0.0,415919.0,415920.0,163.7752,0.0007393486,0.1359285,-1.530994e-06,0.008858295,-7.943519e-05,2.11,-6.967967e-07,-5.214091e-05,-3.338762e-06,-0.01049042,0.0001129911,0.007499009,2.109
2024_02_12_21_06_09_118,0.7,0.0,416117.0,416118.0,163.8531,0.0007394756,0.1359282,-9.049542e-07,0.008858175,-7.852277e-05,2.11,5.229443e-07,5.541019e-06,3.965927e-06,-0.01049042,-2.33681e-05,0.0001024455,2.109
2024_02_12_21_06_09_154,0.7,0.0,416316.0,416316.0,163.931,0.0007395739,0.1359283,1.793715e-07,0.008857938,-8.087671e-05,2.11,-4.012561e-07,2.581312e-05,-2.389544e-06,-0.01573563,6.290747e-05,0.0765454,2.109
2024_02_12_21_06_09_193,0.7,0.0,416519.0,416520.0,164.011,0.0007396977,0.1359284,-2.19941e-07,0.008857847,-7.954527e-05,2.11,-2.137314e-05,2.864825e-05,-3.743694e-05,-0.02503395,6.277878e-05,0.03803894,2.109
2024_02_12_21_06_09_229,0.7,0.0,416718.0,416718.0,164.0889,0.0007398278,0.1359284,-1.089673e-06,0.008858056,-7.613234e-05,2.11,2.147314e-05,8.012384e-05,3.185709e-05,-0.01764297,-0.0001654801,0.04951097,2.109
2024_02_12_21_06_09_267,0.7,0.0,416921.0,416922.0,164.1689,0.0007399371,0.1359285,7.795477e-07,0.008858503,-7.530279e-05,2.11,-1.958254e-06,-1.305126e-05,-1.278775e-06,-0.02169609,4.766593e-05,-0.0001378357,2.109
2024_02_12_21_06_09_301,0.7,0.0,417098.0,417099.0,164.2384,0.0007400161,0.1359285,-1.427142e-06,0.008858535,-7.546932e-05,2.11,2.015602e-05,-0.0001151144,-2.240956e-05,-0.01144409,7.92329e-06,0.01134537,2.109
2024_02_12_21_06_09_333,0.7,0.0,417280.0,417281.0,164.31,0.0007401069,0.1359282,5.276254e-07,0.008858026,-7.354632e-05,2.11,1.059557e-06,2.2462e-05,3.055433e-06,0.00834465,-3.469404e-05,-0.06878562,2.109
2024_02_12_21_06_09_371,0.7,0.0,417478.0,417479.0,164.3879,0.0007401708,0.1359283,4.112805e-07,0.008857728,-7.802751e-05,2.11,-1.506557e-06,3.385713e-05,-6.607604e-06,-0.02551079,9.15013e-05,0.03802963,2.109
2024_02_12_21_06_09_408,0.7,0.0,417682.0,417683.0,164.4679,0.0007402482,0.1359284,5.568082e-07,0.008857907,-8.639543e-05,2.11,-2.010859e-05,3.033768e-05,1.561563e-05,-0.01001358,7.410562e-06,-0.004090369,2.109
2024_02_12_21_06_09_446,0.7,0.0,417880.0,417881.0,164.5459,0.0007403828,0.1359284,-1.734735e-07,0.008858384,-8.128515e-05,2.11,6.654255e-08,-9.273689e-05,4.334144e-06,0.01001358,-0.0001262112,0.007588416,2.109
2024_02_12_21_06_09_484,0.7,0.0,418084.0,418085.0,164.6259,0.0007405002,0.1359284,-4.707545e-07,0.008858325,-7.818902e-05,2.11,9.368904e-07,-9.595609e-05,-7.173023e-07,0.00500679,0.0001000283,0.003848225,2.109
2024_02_12_21_06_09_522,0.7,0.0,418282.0,418283.0,164.7038,0.0007406111,0.1359283,3.596678e-07,0.008858115,-7.687631e-05,2.11,1.44448e-06,9.887355e-06,5.712839e-07,0.01573563,-2.152842e-05,-0.09181163,2.109
2024_02_12_21_06_09_559,0.7,0.0,418486.0,418487.0,164.7838,0.0007407123,0.1359283,-1.058941e-06,0.008857877,-7.954899e-05,2.11,1.877283e-06,2.151671e-05,-3.032575e-06,0.02384186,-1.973012e-05,-0.03827736,2.109
2024_02_12_21_06_09_596,0.7,0.0,418684.0,418685.0,164.8617,0.000740811,0.1359284,-1.291758e-07,0.008858114,-8.083972e-05,2.11,-5.399957e-07,7.624399e-05,-1.072034e-06,0.006198883,-3.328296e-05,0.03055297,2.109
2024_02_12_21_06_09_633,0.7,0.0,418888.0,418889.0,164.9417,0.0007409372,0.1359285,-2.35512e-08,0.008858413,-8.037901e-05,2.11,1.482601e-06,-3.720598e-05,-2.403571e-06,0.01430511,-0.0001260992,0.01530535,2.109
2024_02_12_21_06_09_671,0.7,0.0,419086.0,419087.0,165.0196,0.0007410641,0.1359285,-8.918287e-07,0.008858622,-8.096734e-05,2.11,3.131007e-06,-0.000140855,2.672469e-07,0.009775162,-6.786581e-05,-0.03823638,2.109
2024_02_12_21_06_09_709,0.7,0.0,419290.0,419290.0,165.0997,0.0007412033,0.1359284,-3.224191e-07,0.008858384,-7.674676e-05,2.11,6.358932e-07,-6.696476e-05,7.048382e-06,0.01096725,-0.0001269234,-0.02282485,2.109
2024_02_12_21_06_09_742,0.7,0.0,419467.0,419467.0,165.1691,0.0007412883,0.1359283,1.698349e-06,0.008857817,-7.997117e-05,2.11,-2.099235e-05,4.902908e-06,-2.480517e-05,-0.03194809,5.373522e-05,0.04181079,2.109
2024_02_12_21_06_09_780,0.7,0.0,419665.0,419665.0,165.2471,0.0007413955,0.1359284,-8.968399e-07,0.008857966,-8.27166e-05,2.11,-1.914193e-05,9.931517e-05,1.893783e-05,-0.04339218,0.0001293593,0.05694106,2.109
2024_02_12_21_06_09_817,0.7,0.0,419868.0,419869.0,165.3271,0.0007415168,0.1359285,-4.615056e-08,0.008858355,-8.599957e-05,2.11,2.492919e-06,-7.107593e-05,1.636941e-06,-0.03504753,-5.809147e-05,0.09927525,2.109
2024_02_12_21_06_09_856,0.7,0.0,420066.0,420067.0,165.405,0.0007415983,0.1359281,-1.500655e-06,0.008858026,-9.249525e-05,2.11,4.273452e-05,8.080366e-06,7.294614e-06,0.0009536743,0.0001418418,0.0001229346,2.109
2024_02_12_21_06_09_892,0.7,0.0,420270.0,420271.0,165.485,0.0007417224,0.1359283,-5.219578e-07,0.008857908,-8.93301e-05,2.11,2.309237e-06,-6.556769e-06,-8.432118e-06,-0.01263618,5.289212e-05,0.07649884,2.109
2024_02_12_21_06_09_925,0.7,0.0,420447.0,420448.0,165.5545,0.0007418324,0.1359283,-1.847565e-06,0.008857787,-8.959359e-05,2.11,1.796105e-06,-2.925467e-05,-2.026021e-06,-0.02717972,3.018203e-05,0.05351379,2.109
2024_02_12_21_06_09_963,0.7,0.0,420651.0,420651.0,165.6345,0.0007419513,0.1359284,-1.220096e-06,0.008858026,-9.051964e-05,2.11,2.028279e-05,8.280589e-05,2.60759e-05,-0.006914138,-3.400737e-05,-0.03453717,2.109
2024_02_12_21_06_10_000,0.7,0.0,420849.0,420849.0,165.7124,0.000742058,0.1359285,2.693234e-08,0.008857967,-8.795111e-05,2.11,-3.681082e-07,1.104712e-06,2.218615e-08,-0.0166893,1.472927e-06,0.03791787,2.109
2024_02_12_21_06_10_038,0.7,0.0,421052.0,421053.0,165.7924,0.0007421561,0.1359282,-6.310477e-07,0.008857938,-8.816997e-05,2.11,2.135606e-07,2.685212e-05,-1.547508e-06,0.03480911,0.0001758406,-0.02261624,2.109
2024_02_12_21_06_10_076,0.7,0.0,421251.0,421251.0,165.8703,0.0007422375,0.1359282,-4.042966e-07,0.008857907,-9.081367e-05,2.11,1.537015e-06,2.318058e-05,1.516385e-06,-0.01549721,-7.122389e-05,-0.0154078,2.109
2024_02_12_21_06_10_113,0.7,0.0,421454.0,421455.0,165.9504,0.0007423513,0.1359283,-5.602984e-07,0.008857728,-9.201166e-05,2.11,3.16917e-06,6.274645e-05,4.767571e-08,-0.02098083,6.483401e-05,-0.0001247972,2.109
2024_02_12_21_06_10_151,0.7,0.0,421653.0,421653.0,166.0283,0.0007424737,0.1359284,-5.915826e-07,0.008858086,-9.262378e-05,2.11,-1.604003e-05,5.756278e-05,2.078975e-05,-0.01859665,1.328726e-05,0.05714222,2.109
2024_02_12_21_06_10_188,0.7,0.0,421856.0,421857.0,166.1083,0.0007426032,0.1359284,1.158612e-06,0.008858473,-9.396008e-05,2.11,-3.954025e-05,-4.279274e-05,-1.209474e-05,-0.020504,0.0001135156,0.007601454,2.109
2024_02_12_21_06_10_221,0.7,0.0,422033.0,422034.0,166.1778,0.0007427188,0.1359283,5.205795e-07,0.008858443,-9.184011e-05,2.11,2.349165e-06,-1.941929e-05,2.536879e-06,-0.03647804,-3.139485e-05,0.04974752,2.109
2024_02_12_21_06_10_258,0.7,0.0,422231.0,422232.0,166.2557,0.0007428417,0.1359283,-2.071092e-07,0.008858413,-9.222021e-05,2.11,-1.743834e-05,-2.988568e-05,2.431216e-05,0.04005432,3.737318e-05,-0.06460026,2.109
2024_02_12_21_06_10_296,0.7,0.0,422435.0,422436.0,166.3357,0.0007429786,0.1359283,-1.959369e-06,0.008858025,-9.229133e-05,2.11,3.977058e-06,-1.634447e-05,-6.272459e-07,0.009536743,-6.867822e-05,-0.03076717,2.109
2024_02_12_21_06_10_330,0.7,0.0,422611.0,422612.0,166.4052,0.000743112,0.1359284,-5.1405e-07,0.008858176,-9.003626e-05,2.11,1.022204e-06,3.201717e-05,-5.390905e-07,0.03242493,-9.284553e-05,-0.04580244,2.109
2024_02_12_21_06_10_367,0.7,0.0,422815.0,422816.0,166.4852,0.0007432337,0.1359284,1.930173e-07,0.008858503,-9.035579e-05,2.11,1.134635e-07,-2.630767e-05,-5.748354e-07,0.001907349,1.9764e-05,-0.03044307,2.109
2024_02_12_21_06_10_405,0.7,0.0,423013.0,423014.0,166.5631,0.0007433504,0.1359285,2.71838e-07,0.008858921,-9.062726e-05,2.11,3.143688e-06,-9.473308e-05,3.672031e-06,-0.001907349,7.351582e-05,0.003946945,2.109
2024_02_12_21_06_10_442,0.7,0.0,423217.0,423218.0,166.6431,0.000743475,0.1359283,-1.56624e-07,0.008858235,-9.103602e-05,2.11,3.455922e-06,-2.44382e-05,-2.721975e-06,-0.005960464,9.095061e-05,-0.003827736,2.109
2024_02_12_21_06_10_475,0.7,0.0,423394.0,423395.0,166.7126,0.0007435763,0.1359282,-7.097152e-07,0.008857967,-9.440109e-05,2.11,-2.041575e-05,5.585893e-05,1.939555e-05,0.02598762,-1.527042e-05,-0.04939735,2.109
2024_02_12_21_06_10_508,0.7,0.0,423571.0,423571.0,166.7821,0.000743689,0.1359283,-1.248646e-06,0.008857996,-9.658962e-05,2.11,2.855468e-06,5.350515e-05,-4.536727e-06,-0.00333786,9.298582e-05,0.007553026,2.109
2024_02_12_21_06_10_552,0.7,0.0,423796.0,423797.0,166.8706,0.0007438329,0.1359285,-1.733103e-06,0.008858443,-9.838103e-05,2.11,2.201811e-05,-9.148934e-05,2.837423e-05,0.02288818,-9.994073e-05,-0.08804909,2.109
2024_02_12_21_06_10_588,0.7,0.0,423999.0,424000.0,166.9506,0.0007439691,0.1359283,-1.42221e-07,0.008858384,-9.743016e-05,2.11,-4.371976e-05,-2.341217e-05,-1.023809e-05,-0.009536743,-1.267767e-05,0.01553446,2.109
2024_02_12_21_06_10_625,0.7,0.0,424198.0,424198.0,167.0285,0.0007441121,0.1359282,6.264203e-07,0.008858056,-9.392575e-05,2.11,1.658803e-06,9.105267e-05,-5.341517e-07,-0.01621246,-0.0001378462,-0.03048405,2.109
2024_02_12_21_06_10_664,0.7,0.0,424401.0,424402.0,167.1085,0.0007442548,0.1359283,-4.545975e-07,0.008857847,-9.426488e-05,2.11,-1.858859e-05,-4.552415e-05,-2.927967e-05,0.02455711,-0.0001179535,0.01537241,2.109
2024_02_12_21_06_10_700,0.7,0.0,424599.0,424600.0,167.1864,0.000744387,0.1359284,-2.702617e-07,0.008857966,-9.80594e-05,2.11,2.670608e-06,5.833886e-05,-4.195052e-06,-0.01478195,-5.37982e-05,-0.0117477,2.109
2024_02_12_21_06_10_734,0.7,0.0,424776.0,424777.0,167.2559,0.0007445026,0.1359283,-5.923798e-07,0.008858085,-0.0001008514,2.11,2.43227e-06,3.16769e-05,-1.108662e-06,-0.03099441,9.858376e-05,0.05714595,2.109
2024_02_12_21_06_10_772,0.7,0.0,424980.0,424981.0,167.3359,0.0007446224,0.1359283,1.952681e-07,0.008857996,-0.0001043481,2.11,-6.285195e-07,9.239903e-06,-7.673469e-06,-0.02431869,2.063302e-05,0.0840295,2.109
2024_02_12_21_06_10_805,0.7,0.0,425157.0,425157.0,167.4054,0.0007447411,0.1359282,-7.991673e-07,0.008857878,-0.0001030685,2.11,1.603677e-06,1.706561e-05,-1.598928e-06,0.0166893,0.000130226,-0.01897849,2.109
2024_02_12_21_06_10_842,0.7,0.0,425361.0,425361.0,167.4854,0.0007448932,0.1359282,-9.104965e-07,0.008857787,-0.0001019918,2.11,-1.833558e-05,2.051212e-06,2.227297e-05,0.006914138,-0.0001230071,0.003904104,2.109
2024_02_12_21_06_10_879,0.7,0.0,425559.0,425559.0,167.5633,0.0007450536,0.1359283,-1.262197e-06,0.008857997,-0.000100355,2.11,2.333326e-05,0.0001076413,-6.923806e-06,-0.00500679,7.688572e-05,0.007720664,2.109
2024_02_12_21_06_10_917,0.7,0.0,425762.0,425763.0,167.6434,0.0007452311,0.1359284,-2.472731e-06,0.008858443,-9.839765e-05,2.11,1.371203e-06,-3.628409e-05,4.393342e-06,-0.008106232,-0.0001585304,-0.01150742,2.109
2024_02_12_21_06_10_950,0.7,0.0,425939.0,425940.0,167.7128,0.0007453639,0.1359285,1.254265e-07,0.008858503,-9.785086e-05,2.11,8.436942e-07,-1.492351e-05,3.063763e-06,-0.03266335,-3.861737e-05,0.007441267,2.109
2024_02_12_21_06_10_988,0.7,0.0,426143.0,426144.0,167.7929,0.0007455071,0.1359283,1.253418e-06,0.008858028,-9.802014e-05,2.11,-2.073608e-05,4.984672e-05,-2.797076e-05,0.01692772,3.845389e-05,-0.0036899,2.109
2024_02_12_21_06_11_025,0.7,0.0,426341.0,426342.0,167.8708,0.0007456434,0.1359282,-1.950279e-06,0.008857996,-9.889894e-05,2.11,-2.066112e-06,-5.351937e-06,-1.027388e-06,0.02002716,-0.0001088324,-0.09179673,2.109
2024_02_12_21_06_11_060,0.7,0.0,426518.0,426519.0,167.9403,0.0007457553,0.1359283,-1.994257e-07,0.008857996,-0.0001018319,2.11,1.318788e-07,0.000112744,-7.072767e-06,-0.02288818,-0.0001254136,0.06493926,2.109
2024_02_12_21_06_11_092,0.7,0.0,426700.0,426701.0,168.0119,0.0007458696,0.1359284,1.453105e-06,0.008858384,-0.0001048403,2.11,-1.78306e-06,-4.841465e-05,3.370656e-06,0.01430511,-8.55664e-05,-0.04598312,2.109
2024_02_12_21_06_11_130,0.7,0.0,426898.0,426899.0,168.0898,0.0007460281,0.1359285,1.2207e-07,0.008858502,-0.0001001146,2.11,4.619569e-07,5.106462e-06,2.061739e-06,0.01621246,-1.696708e-05,-0.02277456,2.109
2024_02_12_21_06_11_167,0.7,0.0,427102.0,427103.0,168.1698,0.0007461595,0.1359285,-1.892725e-06,0.008858354,-0.00010609,2.11,2.274746e-05,-3.541906e-05,-2.168818e-05,0.009059906,-4.704634e-05,-0.01920201,2.109
2024_02_12_21_06_11_200,0.7,0.0,427279.0,427279.0,168.2393,0.0007463145,0.1359284,-3.342919e-09,0.008858443,-0.0001015584,2.11,1.889903e-06,-9.021653e-06,-4.06659e-07,0.008583069,-1.255671e-05,-0.01511536,2.109
2024_02_12_21_06_11_238,0.7,0.0,427477.0,427477.0,168.3172,0.0007464762,0.1359284,-3.66713e-07,0.008858025,-9.813985e-05,2.11,-1.251582e-06,6.508387e-05,-2.947692e-06,0.009059906,7.066205e-05,-0.007700175,2.109
2024_02_12_21_06_11_275,0.7,0.0,427680.0,427681.0,168.3972,0.0007466089,0.1359285,-5.699564e-07,0.008858471,-9.780807e-05,2.11,-1.959615e-06,-6.750805e-05,-3.076017e-06,-0.009298325,-0.0001776154,0.0114534,2.109
2024_02_12_21_06_11_308,0.7,0.0,427857.0,427858.0,168.4667,0.0007467433,0.1359284,-1.526771e-06,0.008858265,-9.608309e-05,2.11,6.329925e-07,-7.277186e-05,-3.419657e-06,0.0009536743,0.0001513149,0.02285838,2.109
2024_02_12_21_06_11_347,0.7,0.0,428061.0,428061.0,168.5467,0.0007469064,0.1359282,6.586247e-07,0.008857937,-9.037373e-05,2.11,-2.312135e-06,2.223978e-05,1.125491e-05,0.01120567,-0.000152736,-0.03428198,2.109
2024_02_12_21_06_11_383,0.7,0.0,428259.0,428260.0,168.6246,0.0007470218,0.1359282,-1.574329e-06,0.008857787,-9.284826e-05,2.11,-2.228646e-06,3.044497e-05,6.30594e-06,-0.01120567,-6.678192e-06,0.04198029,2.109
2024_02_12_21_06_11_421,0.7,0.0,428463.0,428464.0,168.7046,0.0007471425,0.1359284,-4.86306e-07,0.008857997,-9.619854e-05,2.11,-1.730759e-06,4.167427e-05,4.737839e-06,0.01335144,4.125763e-05,-0.01149252,2.109
2024_02_12_21_06_11_458,0.7,0.0,428661.0,428662.0,168.7825,0.0007472851,0.1359284,-1.778189e-06,0.008858115,-9.628097e-05,2.11,-1.012368e-06,3.228214e-05,-9.43765e-06,0.002384186,-5.238621e-05,0.0111945,2.109
2024_02_12_21_06_11_496,0.7,0.0,428865.0,428865.0,168.8626,0.0007474197,0.1359284,3.4626e-07,0.008858353,-9.707864e-05,2.11,-1.419472e-07,-8.076488e-05,-2.475026e-07,-0.007390975,-4.322374e-06,0.03045611,2.109
2024_02_12_21_06_11_530,0.7,0.0,429047.0,429047.0,168.9342,0.0007475532,0.1359282,2.188807e-07,0.008858087,-9.746276e-05,2.11,8.697119e-07,6.567012e-05,3.029262e-06,0.01430511,-6.964455e-07,0.01564994,2.109
2024_02_12_21_06_11_567,0.7,0.0,429245.0,429246.0,169.0121,0.0007476885,0.1359282,-1.51336e-07,0.008857937,-9.704583e-05,2.11,1.98142e-05,2.291302e-05,3.082966e-05,-0.004529953,-0.000177753,0.003868714,2.109
2024_02_12_21_06_11_605,0.7,0.0,429449.0,429449.0,169.0921,0.000747819,0.1359283,1.321684e-06,0.008857937,-9.587953e-05,2.11,-7.730739e-07,2.656756e-05,1.743563e-06,0.02741813,-2.40625e-05,-0.05350634,2.109
2024_02_12_21_06_11_642,0.7,0.0,429647.0,429648.0,169.17,0.0007479549,0.1359285,-1.901273e-06,0.008858443,-9.630069e-05,2.11,-6.370174e-07,-1.448953e-05,-2.015458e-06,0.007390975,5.925449e-05,-0.03802031,2.109
2024_02_12_21_06_11_680,0.7,0.0,429851.0,429851.0,169.25,0.000748086,0.1359285,2.149155e-07,0.008858324,-9.797887e-05,2.11,1.393681e-06,-0.000113167,-3.188459e-06,0.02813339,-2.966135e-05,-0.04595331,2.109
2024_02_12_21_06_11_716,0.7,0.0,430049.0,430050.0,169.3279,0.0007482527,0.1359281,-1.776961e-07,0.008857996,-9.198413e-05,2.11,1.449914e-06,4.011125e-05,8.931139e-06,-0.0193119,-0.0001675562,-0.05356408,2.109
2024_02_12_21_06_11_754,0.7,0.0,430252.0,430253.0,169.4079,0.0007483899,0.1359281,-1.716325e-06,0.008857908,-9.431633e-05,2.11,1.964635e-06,5.46037e-05,4.584722e-06,-0.01144409,0.0001724543,0.03847852,2.109
2024_02_12_21_06_11_792,0.7,0.0,430451.0,430452.0,169.4859,0.0007485272,0.1359283,-1.36071e-07,0.008857877,-9.896509e-05,2.11,1.142359e-07,4.617275e-05,5.221583e-06,0.02527237,-0.0001381959,-0.03041513,2.109
2024_02_12_21_06_11_830,0.7,0.0,430649.0,430650.0,169.5638,0.000748676,0.1359284,1.423067e-06,0.008858413,-9.491525e-05,2.11,-3.072182e-06,-2.947021e-05,1.891758e-06,0.001192093,-8.311008e-05,0.007757917,2.109
2024_02_12_21_06_11_867,0.7,0.0,430853.0,430853.0,169.6438,0.0007487898,0.1359284,-3.173051e-08,0.008858414,-9.817924e-05,2.11,-2.390947e-05,-5.291479e-05,1.243292e-05,0.02193451,-5.826586e-05,-0.04191883,2.109
2024_02_12_21_06_11_905,0.7,0.0,431051.0,431052.0,169.7217,0.0007489207,0.1359283,-4.513076e-07,0.008857967,-9.620339e-05,2.11,-3.246882e-06,-1.746632e-05,5.143858e-06,0.003814697,-9.185896e-06,0.02279691,2.109
2024_02_12_21_06_11_942,0.7,0.0,431255.0,431255.0,169.8017,0.0007490406,0.1359282,-6.692956e-08,0.008858026,-9.770664e-05,2.11,-6.075845e-07,-7.878725e-06,-6.703101e-06,0.02193451,-8.284677e-05,-0.068672,2.109
2024_02_12_21_06_11_980,0.7,0.0,431453.0,431454.0,169.8796,0.0007491875,0.1359284,-1.846859e-06,0.008858028,-9.44203e-05,2.11,4.131565e-05,3.17582e-05,1.157232e-05,-0.004291534,-0.0001240412,0.0075493,2.109
2024_02_12_21_06_12_016,0.7,0.0,431656.0,431657.0,169.9596,0.0007492996,0.1359285,4.744825e-07,0.008858413,-9.476519e-05,2.11,-1.26863e-06,-9.833863e-05,-2.203675e-06,-0.01883507,4.612843e-05,0.01507066,2.109
2024_02_12_21_06_12_053,0.7,0.0,431855.0,431855.0,170.0376,0.0007494166,0.1359284,-1.834021e-06,0.008858442,-9.678814e-05,2.11,2.022355e-05,-8.15302e-05,2.726126e-05,-0.005245208,-6.950654e-05,-0.01911446,2.109
2024_02_12_21_06_12_092,0.7,0.0,432058.0,432059.0,170.1176,0.0007495467,0.1359282,-1.817744e-06,0.008857907,-9.509551e-05,2.11,-2.379742e-06,-1.744441e-05,1.37777e-07,0.03433228,3.910372e-05,-0.09164772,2.109
2024_02_12_21_06_12_129,0.7,0.0,432257.0,432257.0,170.1955,0.0007496811,0.1359282,-2.220426e-06,0.008857787,-9.34431e-05,2.11,3.885964e-06,-2.366613e-05,-1.093593e-06,-0.005483627,-8.640199e-08,0.0841841,2.109
2024_02_12_21_06_12_167,0.7,0.0,432460.0,432461.0,170.2755,0.0007497972,0.1359283,1.493702e-06,0.008857996,-0.0001007146,2.11,-4.400947e-05,7.251454e-05,-4.213644e-06,-0.01573563,3.497553e-05,-0.003933907,2.109
2024_02_12_21_06_12_204,0.7,0.0,432658.0,432659.0,170.3534,0.0007499362,0.1359284,-1.081546e-06,0.008858354,-9.824893e-05,2.11,-1.903295e-05,-2.487113e-05,-2.76358e-05,-0.01263618,0.0002723479,0.003822148,2.109
2024_02_12_21_06_12_242,0.7,0.0,432862.0,432863.0,170.4334,0.0007500745,0.1359284,-3.647563e-07,0.008858443,-9.858759e-05,2.11,-2.069281e-05,-2.956348e-05,-3.065857e-05,0.02408027,0.0002277989,-0.04192628,2.109
2024_02_12_21_06_12_279,0.7,0.0,433060.0,433061.0,170.5113,0.0007502063,0.1359285,-4.7632e-07,0.008858503,-9.920924e-05,2.11,-2.246389e-05,-0.000143345,1.864754e-05,0.01263618,-0.0002058136,0.00372529,2.109
2024_02_12_21_06_12_317,0.7,0.0,433264.0,433265.0,170.5914,0.0007503629,0.1359282,-1.898364e-06,0.008857908,-9.804993e-05,2.11,2.705186e-06,3.857808e-05,3.014091e-06,-0.02288818,-1.048647e-06,0.03824383,2.109
2024_02_12_21_06_12_354,0.7,0.0,433462.0,433463.0,170.6693,0.0007505025,0.1359283,-8.573012e-07,0.008857996,-9.976788e-05,2.11,-2.084298e-05,9.117098e-05,-3.451345e-05,-0.01215935,3.687182e-05,0.03053993,2.109
2024_02_12_21_06_12_391,0.7,0.0,433661.0,433661.0,170.7472,0.000750655,0.1359285,-2.539752e-08,0.008858324,-9.787988e-05,2.11,-2.217347e-05,-8.511639e-05,-2.940474e-05,0.01144409,5.226365e-05,-0.00771135,2.109
2024_02_12_21_06_12_429,0.7,0.0,433864.0,433865.0,170.8272,0.0007507926,0.1359284,8.706349e-07,0.008858413,-9.728143e-05,2.11,-2.28343e-06,-8.571804e-05,3.573115e-06,0.03767014,4.639332e-06,-0.04570745,2.109
2024_02_12_21_06_12_464,0.7,0.0,434041.0,434042.0,170.8967,0.0007508994,0.1359283,-8.627684e-07,0.008858057,-9.935437e-05,2.11,1.372813e-06,8.898506e-05,-5.191614e-07,-0.03886223,-6.164305e-05,0.0612121,2.109
2024_02_12_21_06_12_497,0.7,0.0,434223.0,434224.0,170.9683,0.0007510341,0.1359282,6.951428e-08,0.008857967,-9.847978e-05,2.11,1.957756e-06,2.123858e-07,-3.742922e-06,-0.02169609,-0.0001174781,0.03817119,2.109
2024_02_12_21_06_12_533,0.7,0.0,434422.0,434422.0,171.0462,0.0007511915,0.1359283,-2.54909e-07,0.008857966,-9.642846e-05,2.11,-9.66361e-07,3.439255e-05,9.357482e-07,0.02288818,-0.0001073943,-0.03066659,2.109
2024_02_12_21_06_12_566,0.7,0.0,434598.0,434599.0,171.1157,0.0007513326,0.1359284,-1.226118e-06,0.008858384,-9.394645e-05,2.11,2.082611e-05,-4.127186e-05,-1.652334e-05,0.003576278,-6.993627e-05,-0.003779307,2.109
2024_02_12_21_06_12_605,0.7,0.0,434802.0,434803.0,171.1957,0.0007514494,0.1359284,-9.227782e-07,0.008858324,-9.953473e-05,2.11,2.089949e-05,-6.256559e-05,2.465546e-05,0.0295639,-0.0001175779,-0.003771856,2.109
2024_02_12_21_06_12_638,0.7,0.0,434979.0,434979.0,171.2652,0.0007515756,0.1359283,-9.110883e-07,0.008858264,-9.971976e-05,2.11,1.923592e-07,-1.356088e-05,4.723081e-06,-0.02193451,5.506626e-05,0.03829785,2.109
2024_02_12_21_06_12_675,0.7,0.0,435182.0,435183.0,171.3452,0.0007517083,0.1359284,-1.400677e-06,0.008858354,-0.0001054033,2.11,2.109783e-05,-6.70195e-05,2.586908e-05,-0.004291534,-0.0001236906,-0.003870576,2.109
2024_02_12_21_06_12_712,0.7,0.0,435381.0,435381.0,171.4231,0.0007518773,0.1359284,1.098011e-06,0.008858117,-0.0001008223,2.11,-9.64743e-07,6.605843e-05,8.417927e-07,-0.05149841,-0.0001092876,0.0760816,2.109
2024_02_12_21_06_12_751,0.7,0.0,435584.0,435585.0,171.5031,0.0007520351,0.1359283,-1.373915e-06,0.008857996,-9.607074e-05,2.11,1.941071e-05,3.712791e-05,-1.461391e-05,0.0007152557,3.227433e-05,0.03430061,2.109
2024_02_12_21_06_12_788,0.7,0.0,435782.0,435783.0,171.581,0.0007521434,0.1359285,-6.318041e-07,0.008857996,-9.845869e-05,2.11,1.754627e-05,-5.564323e-05,-2.583003e-05,0.01168251,-9.058954e-05,-0.0231862,2.109
2024_02_12_21_06_12_821,0.7,0.0,435965.0,435965.0,171.6526,0.0007522678,0.1359282,-2.098076e-07,0.008857938,-9.688185e-05,2.11,-4.304598e-05,5.012302e-05,-5.177362e-06,-0.01502037,1.553963e-05,0.02318807,2.109
2024_02_12_21_06_12_858,0.7,0.0,436163.0,436164.0,171.7305,0.0007523977,0.1359282,1.058151e-07,0.008857817,-9.809776e-05,2.11,2.840773e-08,3.139628e-05,-2.858865e-06,0.00333786,5.428091e-06,2.980232e-05,2.109
2024_02_12_21_06_12_893,0.7,0.0,436340.0,436341.0,171.8,0.0007525086,0.1359283,1.347821e-06,0.008857787,-9.943961e-05,2.11,-2.281857e-05,4.054083e-05,1.904221e-05,0.005960464,-9.921677e-06,-0.02686307,2.109
2024_02_12_21_06_12_929,0.7,0.0,436543.0,436544.0,171.8801,0.0007526528,0.1359283,-3.683136e-07,0.008857937,-9.854925e-05,2.11,-8.702622e-07,6.66772e-05,4.887166e-06,0.002145767,-0.0001094456,-0.007759779,2.109
2024_02_12_21_06_12_967,0.7,0.0,436742.0,436742.0,171.958,0.0007527732,0.1359284,-7.051414e-07,0.008858264,-9.816554e-05,2.11,1.530335e-06,-8.05933e-05,-1.100964e-06,-0.005960464,0.0001943827,-0.004032627,2.109
2024_02_12_21_06_12_999,0.7,0.0,436924.0,436925.0,172.0296,0.0007529067,0.1359282,-5.86924e-07,0.008857967,-9.717367e-05,2.11,1.093195e-06,5.14026e-05,2.527082e-06,0.01907349,-0.0001156729,-0.05323253,2.109
2024_02_12_21_06_13_037,0.7,0.0,437122.0,437123.0,172.1075,0.0007530321,0.1359281,2.382589e-07,0.008857966,-0.0001001482,2.11,-3.140262e-07,-2.257668e-05,-1.878488e-06,0.00667572,2.261777e-05,-0.01516193,2.109
2024_02_12_21_06_13_075,0.7,0.0,437326.0,437326.0,172.1875,0.0007531836,0.1359283,-1.9559e-07,0.008857937,-9.978997e-05,2.11,-1.773282e-07,5.682844e-05,8.677327e-06,-0.02002716,-0.0001334658,0.05342252,2.109
2024_02_12_21_06_13_112,0.7,0.0,437524.0,437525.0,172.2654,0.0007533315,0.1359285,-2.179826e-06,0.008858087,-0.0001014038,2.11,1.39342e-06,3.361417e-05,1.191729e-06,-0.01692772,5.447032e-05,0.03790855,2.109
2024_02_12_21_06_13_150,0.7,0.0,437728.0,437728.0,172.3454,0.0007534932,0.1359284,-1.085579e-06,0.008858324,-0.0001016541,2.11,3.014357e-06,-8.71656e-06,-5.071331e-06,-0.002145767,-2.301476e-05,-0.0001005828,2.109
2024_02_12_21_06_13_187,0.7,0.0,437926.0,437927.0,172.4233,0.0007536389,0.1359284,-2.096724e-06,0.008858323,-0.0001025457,2.11,1.789663e-06,-0.0001134987,1.951089e-06,0.01454353,-2.15216e-05,-0.02305209,2.109
2024_02_12_21_06_13_225,0.7,0.0,438130.0,438130.0,172.5033,0.00075381,0.1359282,-2.378301e-07,0.008858086,-0.0001000069,2.11,-1.475513e-06,7.775085e-05,4.40338e-06,-0.03814697,8.100642e-06,0.091888,2.109
2024_02_12_21_06_13_263,0.7,0.0,438328.0,438329.0,172.5813,0.0007539591,0.1359284,6.669554e-08,0.008858056,-9.920933e-05,2.11,1.785359e-06,-1.539788e-05,3.520168e-06,0.003814697,-7.563653e-05,0.01504831,2.109
2024_02_12_21_06_13_301,0.7,0.0,438532.0,438532.0,172.6613,0.0007541251,0.1359283,1.177977e-07,0.008858115,-9.651852e-05,2.11,4.670871e-07,4.188388e-05,-1.661348e-06,0.03862381,-3.68268e-05,-0.06099976,2.109
2024_02_12_21_06_13_334,0.7,0.0,438708.0,438709.0,172.7308,0.0007542543,0.1359285,-8.978775e-07,0.008858471,-9.800546e-05,2.11,-2.266626e-05,-2.478871e-05,1.257374e-05,-0.01955032,0.0001066905,0.01895986,2.109
2024_02_12_21_06_13_371,0.7,0.0,438912.0,438913.0,172.8108,0.0007543904,0.1359284,6.411883e-08,0.008858832,-0.0001015706,2.11,-3.755382e-06,-0.0001242427,2.261531e-07,-0.01072884,-0.000268376,-0.01522154,2.109
2024_02_12_21_06_13_404,0.7,0.0,439089.0,439089.0,172.8803,0.0007545125,0.1359285,-1.587746e-06,0.008858592,-0.000101422,2.11,-2.652668e-06,-0.0001080024,-4.862314e-07,-0.0140667,-0.0001545495,0.02265163,2.109
2024_02_12_21_06_13_441,0.7,0.0,439287.0,439288.0,172.9582,0.0007546627,0.1359284,-1.672198e-06,0.008857907,-0.000100496,2.11,-9.964801e-08,3.924569e-05,1.683498e-06,-0.02217293,0.0001370213,0.03033876,2.109
2024_02_12_21_06_13_479,0.7,0.0,439490.0,439491.0,173.0382,0.0007548233,0.1359284,-1.015521e-06,0.008858056,-0.0001002405,2.11,-4.742031e-07,8.693607e-05,6.524864e-06,-0.03385544,-0.0001389196,0.04962831,2.109
2024_02_12_21_06_13_512,0.7,0.0,439667.0,439668.0,173.1077,0.0007549814,0.1359284,-4.447569e-07,0.008858354,-9.693208e-05,2.11,1.841609e-07,-5.235085e-05,-5.05708e-08,0.005722045,-0.0001604117,0.03833324,2.109
2024_02_12_21_06_13_546,0.7,0.0,439849.0,439850.0,173.1793,0.000755086,0.1359282,7.624852e-07,0.008858056,-0.0001032551,2.11,-3.44061e-06,2.577266e-05,4.490199e-06,-0.01120567,-0.0001127316,0.007713213,2.109
2024_02_12_21_06_13_583,0.7,0.0,440047.0,440048.0,173.2572,0.0007552354,0.1359282,-1.20929e-06,0.008857758,-0.00010079,2.11,-1.489685e-06,5.235758e-05,4.198886e-06,-0.004768372,2.826118e-05,-0.01140311,2.109
2024_02_12_21_06_13_621,0.7,0.0,440251.0,440252.0,173.3372,0.0007553643,0.1359283,3.308181e-07,0.008857937,-0.0001027817,2.11,-5.116309e-07,1.537674e-05,-2.308924e-06,-0.03647804,7.259359e-06,0.007567927,2.109
2024_02_12_21_06_13_658,0.7,0.0,440449.0,440450.0,173.4151,0.0007555306,0.1359283,-1.951979e-07,0.008857997,-9.62181e-05,2.11,-2.495412e-06,6.761462e-05,-1.109502e-06,0.00166893,9.575614e-06,5.029142e-05,2.109
2024_02_12_21_06_13_696,0.7,0.0,440648.0,440648.0,173.493,0.000755667,0.1359285,-2.790289e-06,0.008858354,-9.667983e-05,2.11,3.957206e-05,-4.040942e-05,6.530208e-06,-0.02336502,-0.0001699766,-0.004015863,2.109
2024_02_12_21_06_13_729,0.7,0.0,440830.0,440830.0,173.5646,0.0007558014,0.1359284,-1.847634e-06,0.008858622,-9.444781e-05,2.11,-2.738085e-07,-8.919827e-05,-1.15589e-06,-0.01120567,6.594769e-05,-0.007696449,2.109
2024_02_12_21_06_13_767,0.7,0.0,441028.0,441029.0,173.6425,0.0007559492,0.1359282,7.904533e-07,0.008858026,-9.336389e-05,2.11,-1.699976e-06,2.371682e-05,1.585946e-06,0.002384186,-3.631862e-05,-0.09179301,2.109
2024_02_12_21_06_13_800,0.7,0.0,441210.0,441211.0,173.7141,0.0007560541,0.1359281,-8.533912e-07,0.008857966,-9.766175e-05,2.11,-1.453126e-06,2.170074e-05,4.656057e-08,-0.02932548,6.350206e-05,0.1073088,2.109
2024_02_12_21_06_13_837,0.7,0.0,441408.0,441409.0,173.792,0.0007561679,0.1359283,-1.699643e-06,0.008858115,-0.0001015134,2.11,-2.262525e-06,-3.247661e-06,-4.957375e-06,0.04124641,0.0001055503,-0.04592538,2.109
2024_02_12_21_06_13_871,0.7,0.0,441585.0,441586.0,173.8615,0.000756306,0.1359285,-6.34225e-07,0.008858413,-9.85771e-05,2.11,7.579662e-07,-9.635058e-05,8.061639e-07,-0.01883507,-6.958953e-05,0.03803708,2.109
2024_02_12_21_06_13_909,0.7,0.0,441789.0,441789.0,173.9415,0.0007564613,0.1359284,3.339331e-07,0.008858384,-9.567295e-05,2.11,2.019195e-05,-6.589507e-05,3.245107e-05,-0.02360344,-0.0002021475,0.03817864,2.109
2024_02_12_21_06_13_941,0.7,0.0,441966.0,441966.0,174.011,0.0007565825,0.1359283,-7.832892e-07,0.008858324,-9.425467e-05,2.11,2.022562e-05,-6.447092e-05,2.797729e-05,0.02717972,-8.582242e-05,-0.05716458,2.109
2024_02_12_21_06_13_976,0.7,0.0,442148.0,442148.0,174.0826,0.0007566967,0.1359282,-1.200506e-06,0.008857996,-9.522701e-05,2.11,-1.708227e-06,8.090274e-06,-6.779696e-06,0.02241134,-9.3886e-05,-0.0725165,2.109
2024_02_12_21_06_14_012,0.7,0.0,442346.0,442347.0,174.1605,0.0007568453,0.1359283,-4.833322e-08,0.008857907,-9.332092e-05,2.11,8.611253e-07,4.203125e-05,2.465047e-06,0.009298325,-2.254865e-05,-0.007651746,2.109
2024_02_12_21_06_14_050,0.7,0.0,442550.0,442550.0,174.2406,0.0007569685,0.1359285,8.94834e-07,0.008858354,-9.732468e-05,2.11,-1.64993e-06,-8.52376e-05,-1.81696e-06,0.01192093,-3.25515e-05,0.0153482,2.109
2024_02_12_21_06_14_088,0.7,0.0,442748.0,442749.0,174.3185,0.0007571176,0.1359284,-5.093871e-08,0.008858413,-9.35744e-05,2.11,-2.371305e-05,-5.136073e-05,1.067218e-05,0.01645088,-8.047664e-06,-0.03054365,2.109
2024_02_12_21_06_14_121,0.7,0.0,442925.0,442925.0,174.388,0.0007572074,0.1359283,1.394633e-06,0.008858206,-9.84664e-05,2.11,-2.298121e-05,-1.916955e-05,1.004223e-05,0.01621246,0.0001172918,-0.02277456,2.109
2024_02_12_21_06_14_158,0.7,0.0,443128.0,443129.0,174.468,0.0007573437,0.1359283,-5.004417e-08,0.008858384,-9.558462e-05,2.11,5.629674e-07,-5.206818e-05,-6.890626e-07,0.01144409,-1.769217e-05,-0.007441267,2.109
2024_02_12_21_06_14_196,0.7,0.0,443326.0,443327.0,174.5459,0.0007574647,0.1359284,-1.618324e-06,0.008858175,-9.797698e-05,2.11,1.95861e-05,1.559865e-05,2.576624e-05,-0.01692772,-0.0001001376,0.06481446,2.109
2024_02_12_21_06_14_233,0.7,0.0,443530.0,443531.0,174.6259,0.0007575754,0.1359285,3.268755e-07,0.008858354,-9.933743e-05,2.11,-1.889242e-07,-7.488063e-05,1.276728e-06,0.01096725,1.897661e-05,-0.007620081,2.109
2024_02_12_21_06_14_270,0.7,0.0,443728.0,443729.0,174.7038,0.0007576965,0.1359284,-1.715214e-06,0.008858324,-0.0001012616,2.11,4.24909e-07,-8.7018e-05,-1.060406e-05,0.03027916,1.358103e-05,-0.042025,2.109
2024_02_12_21_06_14_308,0.7,0.0,443932.0,443932.0,174.7838,0.0007578463,0.1359282,2.656811e-07,0.008857937,-9.842805e-05,2.11,-3.256247e-07,5.982517e-06,-7.901232e-07,0.0231266,2.555612e-05,-0.09171664,2.109
2024_02_12_21_06_14_342,0.7,0.0,444109.0,444109.0,174.8533,0.0007579498,0.1359282,-2.11295e-07,0.008857817,-0.0001002311,2.11,1.929844e-05,-4.717063e-06,3.132939e-05,0.01811981,-0.0001146834,-0.08783861,2.109
2024_02_12_21_06_14_378,0.7,0.0,444312.0,444313.0,174.9333,0.0007580941,0.1359284,-1.162003e-06,0.008857907,-9.613567e-05,2.11,-1.294149e-06,7.058615e-05,4.01255e-06,0.00500679,-6.506957e-05,-0.02686679,2.109
2024_02_12_21_06_14_417,0.7,0.0,444510.0,444511.0,175.0112,0.0007582271,0.1359284,-1.226002e-06,0.008858028,-9.637107e-05,2.11,-5.037495e-07,1.580102e-05,-3.348327e-06,-0.01144409,3.708169e-05,-0.007860363,2.109
2024_02_12_21_06_14_453,0.7,0.0,444714.0,444714.0,175.0913,0.0007583371,0.1359284,-6.521793e-07,0.008857966,-9.727067e-05,2.11,2.038678e-05,-1.669671e-05,1.686383e-05,-0.01549721,1.069452e-05,0.01489185,2.109
2024_02_12_21_06_14_487,0.7,0.0,444891.0,444891.0,175.1608,0.0007584753,0.1359281,-3.110086e-07,0.008857758,-9.07424e-05,2.11,6.697904e-07,-1.491603e-05,7.962314e-06,0.00500679,-1.439025e-05,-0.01903996,2.109
2024_02_12_21_06_14_521,0.7,0.0,445068.0,445068.0,175.2302,0.0007586142,0.1359282,-1.759689e-07,0.008857907,-8.491206e-05,2.11,1.440026e-07,2.007491e-05,6.150936e-06,-0.03600121,-7.496965e-05,0.03810972,2.109
2024_02_12_21_06_14_553,0.7,0.0,445250.0,445250.0,175.3018,0.0007587126,0.1359283,7.371671e-07,0.008857787,-8.572511e-05,2.11,-2.894226e-06,7.956296e-05,5.132231e-06,0.008583069,-8.677534e-05,-0.01902506,2.109
2024_02_12_21_06_14_591,0.7,0.0,445448.0,445449.0,175.3797,0.000758834,0.1359283,8.321299e-07,0.008858026,-8.25422e-05,2.11,8.781332e-07,9.035855e-05,1.661861e-06,-0.01096725,0.0001223684,-0.00382401,2.109
2024_02_12_21_06_14_625,0.7,0.0,445631.0,445631.0,175.4513,0.0007589247,0.1359284,-5.468337e-07,0.008858443,-8.576416e-05,2.11,1.004097e-06,-4.783307e-05,-5.307132e-07,0.00834465,4.521098e-05,0.003863126,2.109
2024_02_12_21_06_14_663,0.7,0.0,445829.0,445829.0,175.5293,0.0007590369,0.1359284,-2.769955e-06,0.008858622,-8.714472e-05,2.11,4.398819e-05,-0.0001346669,1.212462e-05,0.004529953,-4.066669e-05,0.03066286,2.109
2024_02_12_21_06_14_695,0.7,0.0,446006.0,446006.0,175.5987,0.0007591348,0.1359282,-1.630411e-06,0.008857966,-8.88956e-05,2.11,-1.862629e-06,1.505546e-05,-7.37251e-06,-0.0009536743,-2.02549e-05,0.02676435,2.109
2024_02_12_21_06_14_734,0.7,0.0,446209.0,446210.0,175.6788,0.0007592646,0.1359282,4.597767e-07,0.008857996,-8.599481e-05,2.11,8.463569e-08,4.776369e-05,1.795082e-06,-0.0705719,3.413788e-06,-0.0003557652,2.109
2024_02_12_21_06_14_771,0.7,0.0,446408.0,446408.0,175.7567,0.0007593849,0.1359283,-6.702629e-07,0.008858086,-8.483338e-05,2.11,-1.29508e-07,8.985763e-05,-1.98745e-06,-0.03027916,-0.0001281064,0.01902692,2.109
2024_02_12_21_06_14_803,0.7,0.0,446590.0,446590.0,175.8283,0.0007594962,0.1359284,-5.813893e-07,0.008858086,-8.495722e-05,2.11,3.151591e-06,-3.589783e-06,3.91782e-06,0.01215935,4.831054e-05,-0.03454648,2.109
2024_02_12_21_06_14_842,0.7,0.0,446788.0,446788.0,175.9062,0.0007596196,0.1359282,-2.245485e-06,0.008858117,-8.869656e-05,2.11,1.811788e-06,-1.001057e-05,2.17411e-06,0.01454353,-6.080381e-05,0.004082918,2.109
2024_02_12_21_06_14_876,0.7,0.0,446970.0,446971.0,175.9778,0.0007597401,0.1359282,-6.979267e-07,0.008857938,-9.098674e-05,2.11,1.299239e-06,3.971017e-05,4.391092e-05,-0.01788139,-9.693803e-05,0.07655844,2.109
2024_02_12_21_06_14_912,0.7,0.0,447169.0,447169.0,176.0557,0.0007598667,0.1359282,2.134091e-07,0.008857877,-8.853473e-05,2.11,-2.090467e-06,1.821076e-05,-4.818063e-06,0.02098083,7.010885e-05,-0.03797002,2.109
2024_02_12_21_06_14_945,0.7,0.0,447345.0,447346.0,176.1252,0.0007599781,0.1359283,5.017249e-08,0.008858115,-8.576151e-05,2.11,-2.13088e-05,7.674099e-05,-3.164959e-05,-0.01716614,-4.627168e-05,0.03060698,2.109
2024_02_12_21_06_14_983,0.7,0.0,447549.0,447549.0,176.2052,0.0007600972,0.1359285,1.477429e-06,0.008858384,-8.570099e-05,2.11,-1.458545e-06,-7.322673e-05,4.213081e-06,0.04529953,-0.0001672793,-0.04589371,2.109
2024_02_12_21_06_15_020,0.7,0.0,447747.0,447748.0,176.2831,0.000760218,0.1359284,-1.493096e-06,0.008858474,-8.490124e-05,2.11,2.091244e-05,-5.55097e-05,-1.660351e-05,0.01859665,1.749368e-05,-0.01892634,2.109
2024_02_12_21_06_15_058,0.7,0.0,447951.0,447951.0,176.3631,0.0007603478,0.1359283,8.653773e-07,0.008858413,-8.119717e-05,2.11,5.26877e-07,-2.733403e-05,1.159102e-05,0.005483627,-7.5863e-05,-0.02655946,2.109
2024_02_12_21_06_15_095,0.7,0.0,448149.0,448149.0,176.441,0.0007604698,0.1359284,-8.940947e-07,0.008858562,-7.762059e-05,2.11,2.150283e-06,-0.0001709637,1.006307e-05,0.03838539,-2.449042e-05,-0.07252395,2.109
2024_02_12_21_06_15_130,0.7,0.0,448331.0,448332.0,176.5126,0.0007605455,0.1359283,-1.158385e-06,0.008858114,-8.552756e-05,2.11,2.132572e-05,8.553294e-05,3.246952e-05,-0.001430511,-0.0001855387,0.04203617,2.109
2024_02_12_21_06_15_167,0.7,0.0,448530.0,448530.0,176.5905,0.0007606619,0.1359286,2.359132e-07,0.008858474,-8.980115e-05,2.11,2.242923e-06,-3.408658e-05,-2.395048e-06,-0.0004768371,-4.135404e-05,-0.0001192093,2.109
2024_02_12_21_06_15_200,0.7,0.0,448706.0,448707.0,176.66,0.0007607891,0.1359285,-5.042868e-08,0.008858503,-8.752872e-05,2.11,1.268688e-06,-2.656279e-05,8.781481e-06,0.03314018,-0.0001805413,-0.04576891,2.109
2024_02_12_21_06_15_237,0.7,0.0,448910.0,448910.0,176.74,0.0007609187,0.1359283,-3.851104e-07,0.008858323,-8.991311e-05,2.11,2.345987e-06,-0.0001018203,1.821774e-06,0.05817413,-9.435916e-05,-0.06083957,2.109
2024_02_12_21_06_15_275,0.7,0.0,449108.0,449108.0,176.8179,0.000761038,0.1359282,-7.884401e-07,0.008858028,-9.250294e-05,2.11,-3.720182e-07,5.222188e-05,-2.155741e-06,-0.01430511,-0.0001645219,-0.01902133,2.109
2024_02_12_21_06_15_312,0.7,0.0,449312.0,449312.0,176.898,0.0007611931,0.1359284,8.179168e-07,0.008858115,-8.979773e-05,2.11,3.017339e-06,2.960273e-05,3.850146e-06,0.01049042,2.519482e-05,-0.02301857,2.109
2024_02_12_21_06_15_350,0.7,0.0,449510.0,449510.0,176.9759,0.0007613082,0.1359284,8.764985e-08,0.008858413,-9.339202e-05,2.11,5.845121e-07,-7.515349e-05,-3.330847e-06,0.010252,4.223466e-05,-0.02291798,2.109
2024_02_12_21_06_15_384,0.7,0.0,449692.0,449692.0,177.0475,0.0007614037,0.1359285,1.264835e-07,0.008858355,-9.488431e-05,2.11,1.834702e-05,-7.065794e-05,3.37027e-05,-0.01168251,-0.0001587132,-0.004000962,2.109
2024_02_12_21_06_15_420,0.7,0.0,449890.0,449890.0,177.1254,0.0007615295,0.1359282,8.998143e-07,0.008858056,-9.215611e-05,2.11,1.361843e-06,-2.056253e-07,8.694828e-06,0.02241134,3.494278e-06,-0.09540468,2.109
2024_02_12_21_06_15_458,0.7,0.0,450094.0,450094.0,177.2054,0.000761649,0.1359282,2.452624e-07,0.008857758,-9.254504e-05,2.11,3.636235e-07,-4.645519e-05,-1.943877e-06,0.01001358,5.808692e-05,0.03060512,2.109
2024_02_12_21_06_15_496,0.7,0.0,450292.0,450293.0,177.2833,0.0007617711,0.1359283,-8.609789e-07,0.008857907,-9.321029e-05,2.11,4.924146e-06,7.433423e-06,-6.723604e-06,-0.0007152557,0.0001350245,0.01127086,2.109
2024_02_12_21_06_15_529,0.7,0.0,450474.0,450475.0,177.3549,0.0007618997,0.1359284,1.201466e-06,0.008857996,-9.172538e-05,2.11,1.769002e-06,7.999193e-07,6.277623e-06,-0.005960464,-0.0001407725,0.01500174,2.109
2024_02_12_21_06_15_566,0.7,0.0,450673.0,450673.0,177.4328,0.000762022,0.1359284,9.628822e-08,0.008858026,-8.989264e-05,2.11,7.621145e-07,-7.943625e-06,3.164272e-06,0.009536743,1.688727e-05,-0.0306908,2.109
2024_02_12_21_06_15_605,0.7,0.0,450876.0,450877.0,177.5128,0.0007621856,0.1359282,-1.866795e-06,0.008857817,-8.593425e-05,2.11,1.848111e-06,2.746413e-05,3.20154e-06,0.02646446,-8.091205e-05,-0.057213,2.109
2024_02_12_21_06_15_642,0.7,0.0,451075.0,451075.0,177.5907,0.0007623304,0.1359282,1.855698e-07,0.008857937,-8.300696e-05,2.11,-7.584913e-07,3.913043e-05,6.368315e-06,0.001192093,-0.0001195033,-0.04201009,2.109
2024_02_12_21_06_15_679,0.7,0.0,451278.0,451279.0,177.6708,0.000762448,0.1359283,-2.496965e-07,0.008857966,-8.348581e-05,2.11,-1.297318e-06,9.185498e-05,-1.05597e-06,-0.020504,0.000114275,0.01510978,2.109
2024_02_12_21_06_15_717,0.7,0.0,451477.0,451477.0,177.7487,0.0007625535,0.1359285,4.445614e-07,0.008858473,-8.523698e-05,2.11,-9.095083e-07,-4.997598e-05,-1.44528e-06,-0.007390975,2.078263e-05,0.02281368,2.109
2024_02_12_21_06_15_754,0.7,0.0,451680.0,451681.0,177.8287,0.0007626667,0.1359284,-1.798183e-06,0.008858413,-8.304993e-05,2.11,1.966727e-05,-5.502792e-05,3.742634e-05,0.0140667,-9.025689e-05,-0.02687424,2.109
2024_02_12_21_06_15_792,0.7,0.0,451879.0,451879.0,177.9066,0.0007627666,0.1359285,-6.837564e-07,0.008858414,-8.70296e-05,2.11,-1.150118e-06,-8.363747e-05,6.538555e-06,0.04291534,-8.330107e-05,-0.03436394,2.109
2024_02_12_21_06_15_830,0.7,0.0,452082.0,452082.0,177.9866,0.0007628782,0.1359284,3.880886e-07,0.008858444,-8.683393e-05,2.11,3.651868e-07,-1.854284e-05,-1.658782e-06,-0.01883507,5.959009e-06,0.02302229,2.109
2024_02_12_21_06_15_866,0.7,0.0,452280.0,452281.0,178.0645,0.0007629956,0.1359284,-6.298315e-07,0.008858115,-8.624644e-05,2.11,-4.742134e-07,1.692082e-05,-2.639202e-06,0.007867813,-2.515889e-06,-7.823109e-05,2.109
2024_02_12_21_06_15_899,0.7,0.0,452457.0,452457.0,178.134,0.0007630994,0.1359285,2.224673e-07,0.008858443,-8.558983e-05,2.11,3.12648e-06,-7.003477e-05,-6.61863e-06,0.006437301,9.765426e-05,-0.04974752,2.109
2024_02_12_21_06_15_933,0.7,0.0,452639.0,452640.0,178.2056,0.0007632074,0.1359284,4.596564e-07,0.008858325,-8.498346e-05,2.11,-1.550311e-06,-7.623578e-05,3.244269e-06,0.02503395,-5.986408e-05,0.003766268,2.109
2024_02_12_21_06_15_967,0.7,0.0,452816.0,452816.0,178.2751,0.0007633118,0.1359283,-4.245192e-08,0.008858293,-8.238847e-05,2.11,-7.47622e-07,-7.995342e-05,7.790379e-06,0.03933906,-8.28561e-05,-0.06086565,2.109
2024_02_12_21_06_16_004,0.7,0.0,453020.0,453020.0,178.3551,0.0007634356,0.1359281,-1.124285e-07,0.008857967,-8.016597e-05,2.11,2.097998e-06,7.486452e-05,4.100567e-06,-0.02264976,-3.801483e-05,0.01925603,2.109
2024_02_12_21_06_16_041,0.7,0.0,453218.0,453218.0,178.433,0.0007635423,0.1359284,1.418677e-06,0.008858056,-8.362683e-05,2.11,1.958807e-06,-1.943042e-05,6.802067e-07,0.01001358,-0.0001861715,0.04187412,2.109
2024_02_12_21_06_16_075,0.7,0.0,453395.0,453395.0,178.5025,0.0007636349,0.1359284,-6.391086e-07,0.008858086,-8.702355e-05,2.11,-1.923809e-05,5.139674e-05,1.707601e-05,0.001907349,-3.66249e-05,-0.02690404,2.109
2024_02_12_21_06_16_112,0.7,0.0,453598.0,453599.0,178.5825,0.0007637747,0.1359284,-1.082215e-06,0.008858324,-8.602333e-05,2.11,1.702371e-06,-6.152428e-05,-8.452705e-06,0.007390975,0.0001774028,-0.007599592,2.109
2024_02_12_21_06_16_150,0.7,0.0,453797.0,453797.0,178.6604,0.0007639216,0.1359282,-2.818022e-07,0.008857938,-8.447564e-05,2.11,-1.762629e-05,5.030171e-05,-2.801059e-05,0.01096725,0.0001383169,-0.02641417,2.109
2024_02_12_21_06_16_187,0.7,0.0,454000.0,454001.0,178.7405,0.0007640785,0.1359281,-1.09429e-06,0.008857908,-8.607091e-05,2.11,4.616033e-06,6.298242e-06,-5.556364e-06,0.005960464,-5.017068e-05,0.0424236,2.109
2024_02_12_21_06_16_224,0.7,0.0,454199.0,454199.0,178.8184,0.0007642215,0.1359283,-3.349917e-07,0.008857966,-8.603669e-05,2.11,6.638944e-07,5.199599e-05,1.364874e-06,0.003576278,-0.0001272015,-0.0304915,2.109
2024_02_12_21_06_16_262,0.7,0.0,454402.0,454403.0,178.8984,0.0007643676,0.1359284,-4.87355e-07,0.008858264,-8.513773e-05,2.11,2.789777e-07,5.009774e-05,2.769651e-06,-0.04291534,-0.0001595993,0.09169056,2.109
2024_02_12_21_06_16_301,0.7,0.0,454600.0,454601.0,178.9763,0.0007644867,0.1359284,-4.804962e-07,0.008858324,-8.867122e-05,2.11,-1.672368e-06,-2.552162e-05,2.836242e-06,-0.02503395,-3.480159e-05,0.0151936,2.109
2024_02_12_21_06_16_336,0.7,0.0,454804.0,454804.0,179.0563,0.0007646251,0.1359284,-5.27715e-07,0.008858384,-8.455426e-05,2.11,-2.060083e-06,-4.95701e-05,7.212127e-06,-0.02503395,-9.853329e-05,0.02670288,2.109
2024_02_12_21_06_16_370,0.7,0.0,454981.0,454981.0,179.1258,0.0007647321,0.1359283,5.449607e-07,0.008858145,-8.553837e-05,2.11,-4.199263e-06,-7.493627e-05,-3.000973e-06,0.003099441,9.423797e-05,0.04595331,2.109
2024_02_12_21_06_16_409,0.7,0.0,455184.0,455185.0,179.2058,0.0007648336,0.1359283,8.555266e-07,0.008857966,-8.686103e-05,2.11,-3.392571e-06,6.041901e-05,-1.644016e-06,-0.009536743,-0.0001173239,-0.01550466,2.109
2024_02_12_21_06_16_445,0.7,0.0,455383.0,455383.0,179.2837,0.0007649569,0.1359285,-2.569142e-06,0.008858115,-8.270734e-05,2.11,-1.56122e-06,-9.405575e-07,-4.347154e-06,0.02789497,0.0003355435,-0.01540407,2.109
2024_02_12_21_06_16_478,0.7,0.0,455559.0,455560.0,179.3532,0.0007650447,0.1359284,4.232193e-07,0.008858235,-8.403394e-05,2.11,-2.149656e-06,-8.423692e-05,-4.978919e-07,-0.009775162,9.54667e-05,0.03022887,2.109
2024_02_12_21_06_16_517,0.7,0.0,455763.0,455763.0,179.4332,0.0007651721,0.1359282,-1.233917e-07,0.008858056,-8.414643e-05,2.11,-1.013332e-06,4.972778e-05,-1.838954e-06,-0.02169609,-5.217293e-05,0.05367398,2.109
2024_02_12_21_06_16_554,0.7,0.0,455961.0,455962.0,179.5112,0.0007652848,0.1359282,3.924163e-07,0.008857878,-8.69448e-05,2.11,2.096224e-05,-9.210047e-06,2.504018e-05,0.0424385,-0.0001905078,-0.06090477,2.109
2024_02_12_21_06_16_592,0.7,0.0,456165.0,456165.0,179.5912,0.0007653939,0.1359284,1.686449e-06,0.008857877,-8.665807e-05,2.11,-4.240285e-05,2.306101e-05,-1.316083e-05,-0.03767014,9.89578e-05,0.07607043,2.109
2024_02_12_21_06_16_629,0.7,0.0,456363.0,456363.0,179.6691,0.0007655118,0.1359284,-1.487727e-06,0.008858117,-9.051666e-05,2.11,4.571951e-05,7.812154e-05,9.973579e-06,-0.00667572,-4.044818e-05,-0.04601478,2.109
2024_02_12_21_06_16_666,0.7,0.0,456567.0,456567.0,179.7491,0.000765638,0.1359285,-2.643366e-07,0.008858265,-9.008269e-05,2.11,1.22892e-06,-0.0001071044,-6.345408e-07,-0.001192093,-0.0001133756,-0.0002551824,2.109
2024_02_12_21_06_16_703,0.7,0.0,456765.0,456765.0,179.827,0.000765773,0.1359281,5.091341e-07,0.008857907,-8.788809e-05,2.11,-8.707242e-07,3.829358e-05,4.500826e-08,0.00834465,2.473712e-05,-0.0840146,2.109
2024_02_12_21_06_16_740,0.7,0.0,456969.0,456969.0,179.907,0.000765872,0.1359282,-1.299812e-06,0.008857997,-9.143465e-05,2.11,-1.174608e-06,2.403132e-05,4.161613e-06,-0.02980232,5.807942e-05,-0.007539987,2.109
2024_02_12_21_06_16_779,0.7,0.0,457167.0,457167.0,179.9849,0.0007660242,0.1359284,-1.650316e-06,0.008857937,-8.85897e-05,2.11,2.193586e-05,4.6824e-05,-1.181814e-05,0.001192093,-7.000972e-05,-0.003773719,2.109
2024_02_12_21_06_16_816,0.7,0.0,457371.0,457371.0,180.065,0.0007661371,0.1359285,-6.926013e-08,0.008858355,-9.549966e-05,2.11,1.911075e-07,-2.951657e-05,3.554782e-07,0.03552437,-3.405739e-05,-0.03029406,2.109
2024_02_12_21_06_16_854,0.7,0.0,457569.0,457569.0,180.1429,0.0007662745,0.1359284,-2.186147e-06,0.008858384,-9.407411e-05,2.11,1.094026e-06,-7.710092e-05,8.480602e-07,0.02026558,-2.272691e-05,-0.01502037,2.109
2024_02_12_21_06_16_888,0.7,0.0,457751.0,457751.0,180.2145,0.0007664038,0.1359283,-7.129059e-07,0.008858413,-9.370489e-05,2.11,1.075069e-06,-6.166781e-06,4.01203e-06,0.02980232,-0.0001060894,-0.05304999,2.109
2024_02_12_21_06_16_925,0.7,0.0,457950.0,457950.0,180.2924,0.0007665434,0.1359285,-1.448954e-06,0.008858443,-9.281853e-05,2.11,4.387293e-07,-0.0001370024,3.332913e-06,0.04959106,8.926031e-05,-0.05719438,2.109
2024_02_12_21_06_16_958,0.7,0.0,458132.0,458132.0,180.364,0.0007666741,0.1359283,-1.009994e-06,0.008857937,-9.193445e-05,2.11,2.716492e-06,7.517857e-05,-1.347642e-06,0.00166893,9.667428e-05,-0.01521408,2.109
2024_02_12_21_06_16_996,0.7,0.0,458330.0,458330.0,180.4419,0.0007668154,0.1359284,1.358476e-06,0.008858175,-8.954687e-05,2.11,-2.146042e-05,6.916361e-05,-2.372104e-05,-0.007867813,4.466824e-05,0.01130812,2.109
2024_02_12_21_06_17_028,0.7,0.0,458507.0,458507.0,180.5114,0.0007669192,0.1359284,1.003158e-07,0.008858473,-9.184948e-05,2.11,-2.23117e-05,-2.749123e-05,-2.52197e-05,0.006914138,-0.0001403734,-0.02659112,2.109
2024_02_12_21_06_17_066,0.7,0.0,458710.0,458711.0,180.5914,0.0007670427,0.1359284,6.345023e-07,0.008858533,-9.703734e-05,2.11,-2.140565e-05,-0.0001590145,2.171117e-05,-0.00166893,3.402579e-05,0.003766268,2.109
2024_02_12_21_06_17_104,0.7,0.0,458909.0,458909.0,180.6693,0.0007671575,0.1359281,-9.27089e-07,0.008858086,-0.0001014049,2.11,2.096427e-05,5.896778e-05,2.61083e-05,-0.02002716,-6.520736e-05,0.01159869,2.109
2024_02_12_21_06_17_142,0.7,0.0,459112.0,459112.0,180.7493,0.0007673097,0.1359284,4.940335e-07,0.008857937,-9.765079e-05,2.11,5.325282e-07,4.571769e-05,2.801653e-06,-0.01883507,-0.0001096887,0.03807992,2.109
2024_02_12_21_06_17_179,0.7,0.0,459310.0,459311.0,180.8272,0.0007674646,0.1359284,2.346236e-07,0.008858026,-9.541494e-05,2.11,1.90286e-06,9.927955e-05,1.110374e-06,-0.03361702,-5.77254e-05,0.04571117,2.109
2024_02_12_21_06_17_212,0.7,0.0,459493.0,459493.0,180.8988,0.0007676083,0.1359284,-1.686773e-06,0.008857996,-9.192577e-05,2.11,-1.763255e-07,-1.944663e-05,6.991827e-06,-0.002384186,5.634501e-05,0.02268329,2.109
2024_02_12_21_06_17_250,0.7,0.0,459691.0,459691.0,180.9767,0.0007677351,0.1359282,5.219447e-07,0.008857787,-9.549204e-05,2.11,-3.861051e-08,-1.402745e-05,-6.847417e-07,0.008106232,-7.077005e-06,-0.007607042,2.109
2024_02_12_21_06_17_287,0.7,0.0,459894.0,459895.0,181.0567,0.0007678737,0.1359282,-7.440433e-08,0.008857817,-9.709051e-05,2.11,2.356739e-05,3.521043e-05,3.014864e-05,-0.004529953,-0.000148691,-0.003756955,2.109
2024_02_12_21_06_17_324,0.7,0.0,460093.0,460093.0,181.1347,0.0007680074,0.1359282,-9.283141e-07,0.008857758,-9.744948e-05,2.11,2.016653e-05,7.627038e-05,2.518132e-05,-0.03314018,-5.122547e-05,0.03430247,2.109
2024_02_12_21_06_17_362,0.7,0.0,460296.0,460297.0,181.2147,0.0007681362,0.1359283,4.325693e-07,0.008858028,-9.792622e-05,2.11,-8.10216e-07,9.58919e-05,-1.354948e-07,0.02074241,2.164961e-05,-0.03795139,2.109
2024_02_12_21_06_17_396,0.7,0.0,460473.0,460473.0,181.2842,0.0007682491,0.1359285,-4.16896e-07,0.008858385,-9.887715e-05,2.11,-2.132084e-05,-5.822392e-05,-3.210166e-05,0.007390975,0.0001125109,-0.003840774,2.109
2024_02_12_21_06_17_432,0.7,0.0,460671.0,460672.0,181.3621,0.000768398,0.1359284,2.466753e-07,0.008858592,-9.584093e-05,2.11,7.481036e-07,-0.0001442628,2.752205e-06,-0.01835823,7.245444e-05,0.02660975,2.109
2024_02_12_21_06_17_470,0.7,0.0,460875.0,460875.0,181.4421,0.0007685233,0.1359282,8.291804e-07,0.008857937,-9.695144e-05,2.11,-7.711956e-07,1.307392e-05,3.089581e-06,0.02670288,-3.169793e-05,-0.04559196,2.109
2024_02_12_21_06_17_507,0.7,0.0,461073.0,461074.0,181.52,0.000768651,0.1359283,-1.935248e-06,0.008857937,-9.691783e-05,2.11,2.144823e-05,4.994106e-05,-1.210708e-05,-0.01382828,-6.830692e-05,0.03046542,2.109
2024_02_12_21_06_17_546,0.7,0.0,461277.0,461277.0,181.6,0.000768772,0.1359284,-4.515261e-07,0.008858145,-0.0001012394,2.11,-1.172083e-06,2.210187e-05,9.254228e-06,0.0231266,-0.0001044843,-0.03810599,2.109
2024_02_12_21_06_17_582,0.7,0.0,461475.0,461475.0,181.6779,0.0007689055,0.1359285,-4.056761e-07,0.008858503,-9.907219e-05,2.11,-1.645351e-06,-8.543712e-06,5.1528e-06,-0.03886223,-0.0001397682,0.003628433,2.109
2024_02_12_21_06_17_620,0.7,0.0,461679.0,461679.0,181.7579,0.0007690279,0.1359285,-1.417586e-06,0.008858652,-0.0001014996,2.11,2.185897e-05,-9.673515e-05,2.621647e-05,-0.02145767,-0.0001167214,0.04197284,2.109
2024_02_12_21_06_17_657,0.7,0.0,461877.0,461877.0,181.8359,0.0007691865,0.1359282,1.09427e-06,0.008858263,-9.286478e-05,2.11,-2.239097e-05,-6.098795e-05,-3.008133e-05,0.01549721,4.466801e-05,-0.04184618,2.109
2024_02_12_21_06_17_696,0.7,0.0,462081.0,462081.0,181.9159,0.0007693288,0.1359284,1.558489e-06,0.008858056,-9.121603e-05,2.11,7.731668e-07,6.668815e-05,2.85908e-06,0.02384186,-5.032166e-05,-0.06490387,2.109
2024_02_12_21_06_17_729,0.7,0.0,462257.0,462258.0,181.9854,0.0007694436,0.1359284,1.222691e-07,0.008858057,-8.769721e-05,2.11,-4.388718e-06,1.443946e-05,4.770609e-06,0.02861023,-0.0001207804,-0.04221312,2.109
2024_02_12_21_06_17_766,0.7,0.0,462461.0,462461.0,182.0654,0.00076954,0.1359285,-2.023172e-07,0.008858384,-9.137391e-05,2.11,-2.12419e-05,-8.940943e-05,-3.817222e-05,0.009536743,0.000357742,-0.03825501,2.109
2024_02_12_21_06_17_803,0.7,0.0,462659.0,462659.0,182.1433,0.0007696736,0.1359282,-2.364925e-06,0.008857878,-9.199382e-05,2.11,3.996458e-06,4.911558e-06,-3.520799e-06,0.04029274,0.0002052395,-0.04563853,2.109
2024_02_12_21_06_17_841,0.7,0.0,462863.0,462863.0,182.2233,0.0007698377,0.1359282,-5.589182e-07,0.008857878,-9.11337e-05,2.11,1.022829e-06,2.352381e-05,4.594991e-07,0.007629394,-6.871323e-05,-0.0152234,2.109
2024_02_12_21_06_17_878,0.7,0.0,463061.0,463061.0,182.3012,0.0007699565,0.1359283,7.833589e-07,0.008857937,-9.040153e-05,2.11,-1.773121e-06,4.518547e-05,1.692711e-06,-0.005722045,4.170988e-05,-0.007776543,2.109
2024_02_12_21_06_17_916,0.7,0.0,463265.0,463265.0,182.3812,0.0007700753,0.1359284,-1.099295e-06,0.008857877,-9.101352e-05,2.11,-2.256829e-06,4.226153e-05,1.103419e-06,-0.02479553,3.789068e-05,0.04170276,2.109
2024_02_12_21_06_17_949,0.7,0.0,463442.0,463442.0,182.4507,0.0007701895,0.1359285,1.637176e-07,0.008858354,-8.916029e-05,2.11,-5.605286e-07,-5.954474e-05,-2.643113e-06,0.006437301,7.02837e-05,-0.0305362,2.109
2024_02_12_21_06_17_989,0.7,0.0,463645.0,463645.0,182.5307,0.00077034,0.1359284,4.440756e-07,0.008858413,-8.638259e-05,2.11,-3.582383e-07,-0.0001085696,1.856827e-06,0.02646446,-5.098399e-06,-0.07643551,2.109
2024_02_12_21_06_18_025,0.7,0.0,463844.0,463844.0,182.6087,0.0007704694,0.1359281,1.03649e-06,0.008857996,-8.304071e-05,2.11,-2.342509e-05,2.693446e-05,-2.491421e-05,-0.01215935,0.000244062,0.0307206,2.109
2024_02_12_21_06_18_057,0.7,0.0,464020.0,464020.0,182.6781,0.0007705509,0.1359284,2.761134e-07,0.008857817,-8.369608e-05,2.11,-4.772855e-06,1.223726e-05,-1.598225e-06,-0.009775162,-0.0001339608,0.003637746,2.109
2024_02_12_21_06_18_095,0.7,0.0,464224.0,464224.0,182.7582,0.0007706595,0.1359283,-1.574591e-06,0.008857966,-8.438714e-05,2.11,-3.719096e-08,4.029347e-05,-1.243304e-06,0.01955032,9.147016e-06,-0.03822893,2.109
2024_02_12_21_06_18_133,0.7,0.0,464422.0,464422.0,182.8361,0.0007707743,0.1359284,-1.238788e-07,0.008858056,-8.246805e-05,2.11,-2.125724e-05,1.828358e-06,-2.534718e-05,0.008821487,0.0002209972,-0.003838911,2.109
2024_02_12_21_06_18_170,0.7,0.0,464626.0,464626.0,182.9161,0.0007708892,0.1359281,1.071292e-06,0.008857996,-8.323066e-05,2.11,2.583932e-07,-6.158718e-06,2.646125e-06,-0.004768372,-8.137112e-05,0.01544878,2.109
2024_02_12_21_06_18_208,0.7,0.0,464824.0,464824.0,182.994,0.0007710145,0.1359282,1.286373e-07,0.008857817,-7.990809e-05,2.11,2.43268e-07,5.935824e-05,3.035036e-06,0.01263618,1.789067e-05,-0.02254546,2.109
2024_02_12_21_06_18_246,0.7,0.0,465028.0,465028.0,183.074,0.0007711675,0.1359283,-2.359873e-06,0.008857966,-7.54626e-05,2.11,4.441783e-05,6.011519e-05,1.5766e-05,-0.03027916,-0.0001375151,0.0379961,2.109
2024_02_12_21_06_18_282,0.7,0.0,465226.0,465226.0,183.1519,0.0007712797,0.1359284,4.788699e-08,0.008858145,-7.606476e-05,2.11,-2.175508e-05,-2.487104e-06,1.810693e-05,0.01740456,-0.0002104505,-0.01927093,2.109
2024_02_12_21_06_18_320,0.7,0.0,465430.0,465430.0,183.2319,0.0007713768,0.1359284,1.468604e-08,0.008857966,-7.391461e-05,2.11,-2.380684e-05,-3.300555e-05,-2.737949e-05,-0.010252,0.0001153135,0.003371387,2.109
2024_02_12_21_06_18_358,0.7,0.0,465628.0,465628.0,183.3099,0.0007714738,0.1359281,6.675928e-07,0.008857908,-7.813645e-05,2.11,-2.012695e-05,7.0785e-05,1.733356e-05,-0.02813339,-4.049525e-05,0.01922995,2.109
2024_02_12_21_06_18_395,0.7,0.0,465832.0,465832.0,183.3899,0.0007715946,0.1359282,1.203955e-07,0.008857847,-7.781536e-05,2.11,-7.814589e-08,-1.132026e-05,-2.347686e-06,0.00500679,-0.0001729877,-0.01524947,2.109
2024_02_12_21_06_18_429,0.7,0.0,466009.0,466009.0,183.4594,0.0007716985,0.1359283,-1.797726e-06,0.008857907,-7.768044e-05,2.11,-6.330876e-07,3.197473e-05,-9.582559e-06,-0.02074241,7.879293e-05,0.01516938,2.109
2024_02_12_21_06_18_462,0.7,0.0,466191.0,466191.0,183.531,0.0007718051,0.1359283,-6.157513e-07,0.008858026,-7.765603e-05,2.11,-2.261004e-06,7.920449e-05,1.47729e-07,-0.02121925,4.052481e-06,0.01521781,2.109
2024_02_12_21_06_18_499,0.7,0.0,466389.0,466389.0,183.6089,0.0007719326,0.1359285,-1.732256e-06,0.008858354,-7.823711e-05,2.11,4.190581e-07,-5.422007e-05,-2.578543e-06,0.02145767,2.36289e-05,-0.05357898,2.109
2024_02_12_21_06_18_537,0.7,0.0,466593.0,466593.0,183.6889,0.0007720359,0.1359284,-1.374205e-06,0.008858563,-8.154144e-05,2.11,-1.819564e-06,-4.714907e-05,-5.922201e-06,-0.02193451,7.948279e-05,0.003911555,2.109
2024_02_12_21_06_18_574,0.7,0.0,466791.0,466791.0,183.7668,0.0007721399,0.1359282,-2.3877e-07,0.008858324,-8.247439e-05,2.11,-2.191564e-06,-3.651422e-05,3.034143e-06,0.001192093,-0.0001295821,-0.01126528,2.109
2024_02_12_21_06_18_611,0.7,0.0,466989.0,466989.0,183.8447,0.0007722532,0.1359285,8.927127e-07,0.008858086,-8.015818e-05,2.11,-3.164719e-06,-1.644891e-06,-3.241676e-06,0.007390975,8.225697e-06,0.01502409,2.109
2024_02_12_21_06_18_649,0.7,0.0,467193.0,467193.0,183.9247,0.0007723374,0.1359284,1.323215e-06,0.008858086,-8.362558e-05,2.11,-2.058787e-05,7.316429e-05,1.050228e-05,-0.003576278,0.0001151632,0.01519173,2.109
2024_02_12_21_06_18_687,0.7,0.0,467391.0,467391.0,184.0026,0.000772455,0.1359284,1.234265e-07,0.008858473,-8.056095e-05,2.11,-1.292636e-06,-2.189587e-05,-2.099251e-07,0.001430511,5.996298e-06,0.007538124,2.109
2024_02_12_21_06_18_720,0.7,0.0,467573.0,467573.0,184.0742,0.0007725629,0.1359285,-9.665242e-07,0.008858802,-7.773513e-05,2.11,2.114387e-05,-0.0001038703,-1.113709e-05,-0.005960464,-2.05091e-07,0.04984438,2.109
2024_02_12_21_06_18_757,0.7,0.0,467772.0,467772.0,184.1521,0.0007726509,0.1359282,-1.510888e-06,0.008857996,-8.2099e-05,2.11,2.458368e-06,8.338177e-05,2.415048e-06,-0.009536743,0.0001036742,0.01561642,2.109
2024_02_12_21_06_18_791,0.7,0.0,467954.0,467954.0,184.2237,0.0007727471,0.1359283,-1.249182e-06,0.008858145,-8.484929e-05,2.11,2.250151e-05,2.358805e-05,3.085198e-05,0.01001358,-0.0001684332,-0.02655946,2.109
2024_02_12_21_06_18_828,0.7,0.0,468152.0,468152.0,184.3017,0.0007728746,0.1359284,-1.750018e-06,0.008858146,-8.493155e-05,2.11,2.502084e-05,8.589462e-05,-1.512845e-05,-0.0488758,0.0001503042,0.03800914,2.109
2024_02_12_21_06_18_866,0.7,0.0,468356.0,468356.0,184.3817,0.0007730073,0.1359283,8.945352e-07,0.008858028,-8.417112e-05,2.11,-4.008605e-05,1.347645e-05,-4.81836e-06,-0.01096725,1.698277e-05,-0.01563132,2.109
2024_02_12_21_06_18_904,0.7,0.0,468554.0,468554.0,184.4596,0.0007731037,0.1359283,4.110863e-07,0.008858115,-8.964529e-05,2.11,1.632961e-06,2.212025e-05,-3.349597e-06,-0.003099441,-1.20242e-05,-0.0151433,2.109
2024_02_12_21_06_18_937,0.7,0.0,468731.0,468731.0,184.5291,0.0007732222,0.1359283,-1.912847e-06,0.008857699,-8.748528e-05,2.11,1.048806e-06,3.626207e-05,4.709736e-06,0.0007152557,-8.297479e-05,0.00381656,2.109
2024_02_12_21_06_18_974,0.7,0.0,468935.0,468935.0,184.6091,0.0007733395,0.1359282,1.195802e-07,0.008857847,-8.708273e-05,2.11,-2.374561e-07,5.100439e-06,2.191315e-06,0.001192093,2.100933e-05,1.303852e-05,2.109
2024_02_12_21_06_19_008,0.7,0.0,469112.0,469112.0,184.6786,0.0007734644,0.1359282,-2.039879e-06,0.008857965,-8.613845e-05,2.11,-1.642399e-05,8.137917e-05,-2.802058e-05,0.01335144,0.0002287343,-0.01132116,2.109
2024_02_12_21_06_19_045,0.7,0.0,469315.0,469315.0,184.7586,0.0007735806,0.1359285,-4.261518e-07,0.008858473,-9.075375e-05,2.11,-1.070635e-06,-6.350631e-05,4.682912e-06,0.01192093,-0.000103468,-0.02282485,2.109
2024_02_12_21_06_19_082,0.7,0.0,469513.0,469513.0,184.8365,0.0007736874,0.1359284,4.339599e-07,0.008858384,-9.031386e-05,2.11,-5.017947e-07,-4.020187e-05,1.956461e-06,0.009059906,3.284117e-05,-0.02291985,2.109
2024_02_12_21_06_19_122,0.7,0.0,469717.0,469717.0,184.9165,0.0007738002,0.1359284,-9.032459e-07,0.008858742,-9.079088e-05,2.11,2.253008e-06,-0.0001970955,2.020195e-07,0.01597404,7.336393e-05,-0.007456168,2.109
2024_02_12_21_06_19_158,0.7,0.0,469915.0,469915.0,184.9944,0.0007739332,0.1359282,4.127745e-07,0.008858057,-8.931178e-05,2.11,1.641034e-06,6.063551e-05,1.451497e-06,-0.004053116,-2.676211e-05,7.078052e-05,2.109
2024_02_12_21_06_19_194,0.7,0.0,470119.0,470119.0,185.0744,0.0007740466,0.1359284,3.237488e-07,0.008858087,-9.124569e-05,2.11,-2.012909e-05,7.465369e-05,2.271884e-05,-0.03647804,0.0002088852,0.0533536,2.109
2024_02_12_21_06_19_233,0.7,0.0,470317.0,470317.0,185.1524,0.0007741658,0.1359284,-3.900204e-07,0.008858413,-9.139724e-05,2.11,9.192218e-07,-4.647811e-05,5.028304e-08,-0.02098083,-4.296043e-05,0.03811158,2.109
2024_02_12_21_06_19_266,0.7,0.0,470500.0,470499.0,185.224,0.0007742721,0.1359284,-6.332421e-07,0.008858444,-9.044867e-05,2.11,-5.171179e-07,-3.579672e-05,1.144953e-06,-0.02551079,-4.36587e-05,0.02275221,2.109
2024_02_12_21_06_19_304,0.7,0.0,470698.0,470698.0,185.3019,0.0007743661,0.1359284,-1.478168e-06,0.008858503,-9.475467e-05,2.11,1.615803e-06,-6.118845e-05,-3.529734e-06,-0.01454353,0.0001873934,-0.007618218,2.109
2024_02_12_21_06_19_341,0.7,0.0,470901.0,470901.0,185.3819,0.0007745216,0.1359282,-2.348838e-06,0.008857966,-9.029034e-05,2.11,2.490589e-06,1.80347e-06,3.677519e-06,0.0269413,-7.357539e-05,-0.01895428,2.109
2024_02_12_21_06_19_378,0.7,0.0,471100.0,471100.0,185.4598,0.0007746568,0.1359284,-1.702359e-06,0.008858115,-8.960796e-05,2.11,2.270444e-05,5.350785e-05,3.120484e-05,0.001907349,-0.0001258488,-0.01154281,2.109
2024_02_12_21_06_19_417,0.7,0.0,471303.0,471303.0,185.5398,0.0007747754,0.1359285,5.770305e-07,0.008858443,-9.128374e-05,2.11,2.298156e-06,-7.25628e-05,-4.654806e-06,0.007152557,-5.686616e-07,-0.01533329,2.109
2024_02_12_21_06_19_453,0.7,0.0,471501.0,471501.0,185.6177,0.0007749159,0.1359284,-4.439593e-07,0.008858384,-8.606886e-05,2.11,9.743688e-07,-2.330579e-05,3.012638e-06,-0.01430511,8.800839e-05,0.05720183,2.109
2024_02_12_21_06_19_491,0.7,0.0,471705.0,471705.0,185.6977,0.0007750539,0.1359284,7.640195e-07,0.008858562,-8.252582e-05,2.11,1.435544e-06,-0.0001327514,2.148003e-06,0.010252,2.281717e-05,-0.003799796,2.109
2024_02_12_21_06_19_524,0.7,0.0,471882.0,471882.0,185.7672,0.0007751613,0.1359283,9.759525e-07,0.008858234,-8.230559e-05,2.11,1.032199e-06,1.095514e-06,2.878186e-07,0.04100799,-5.999072e-05,-0.07603876,2.109
2024_02_12_21_06_19_562,0.7,0.0,472080.0,472080.0,185.8451,0.0007752841,0.1359283,1.706286e-07,0.008857965,-8.082672e-05,2.11,-2.722675e-06,3.652888e-05,5.650622e-06,0.01454353,-7.88259e-05,-0.03840588,2.109
2024_02_12_21_06_19_600,0.7,0.0,472284.0,472283.0,185.9252,0.0007753883,0.1359284,-2.164227e-07,0.008858206,-8.378332e-05,2.11,6.081978e-07,-8.41379e-05,-6.304585e-06,0.03552437,-0.0001151345,-0.03822334,2.109
2024_02_12_21_06_19_637,0.7,0.0,472482.0,472482.0,186.0031,0.0007755109,0.1359284,1.649006e-07,0.008858264,-8.319965e-05,2.11,-1.961276e-05,-9.211827e-05,1.888105e-05,-0.0140667,-1.24121e-05,0.0649076,2.109
2024_02_12_21_06_19_670,0.7,0.0,472664.0,472664.0,186.0747,0.0007756297,0.1359281,6.144808e-07,0.008857908,-8.175107e-05,2.11,-2.06025e-05,1.987005e-05,-2.537437e-05,0.03170967,3.47959e-05,-0.03405102,2.109
2024_02_12_21_06_19_708,0.7,0.0,472862.0,472862.0,186.1526,0.0007757604,0.1359281,-3.180578e-08,0.008857907,-8.163554e-05,2.11,1.635528e-06,2.000913e-05,-4.811334e-07,-0.01502037,-0.0001374547,-0.01528859,2.109
2024_02_12_21_06_19_741,0.7,0.0,473045.0,473044.0,186.2242,0.00077588,0.1359283,-4.647227e-08,0.008857817,-8.108864e-05,2.11,-6.960113e-07,9.224959e-06,1.519479e-06,0.020504,-0.0001725928,-0.01534447,2.109
2024_02_12_21_06_19_779,0.7,0.0,473243.0,473242.0,186.3021,0.000775998,0.1359284,-1.540166e-06,0.008857996,-8.056749e-05,2.11,2.000504e-05,-8.167668e-06,2.62083e-05,0.010252,-0.0001071719,-0.03457256,2.109
2024_02_12_21_06_19_815,0.7,0.0,473441.0,473441.0,186.38,0.0007761291,0.1359283,-1.55992e-07,0.008858028,-7.828267e-05,2.11,-1.987698e-05,8.760569e-06,1.118393e-05,-0.004768372,9.208202e-05,-0.04241615,2.109
2024_02_12_21_06_19_849,0.7,0.0,473623.0,473623.0,186.4516,0.0007762251,0.1359282,-1.522909e-06,0.008857847,-8.104933e-05,2.11,-1.86041e-06,1.684744e-05,-7.443848e-06,0.01072884,-4.941284e-05,-0.0111442,2.109
2024_02_12_21_06_19_887,0.7,0.0,473822.0,473821.0,186.5295,0.0007763729,0.1359281,-1.126464e-06,0.008857758,-7.686455e-05,2.11,-1.12006e-06,-6.787589e-06,4.52116e-06,0.0,0.0001292333,0.003883615,2.109
2024_02_12_21_06_19_924,0.7,0.0,474025.0,474025.0,186.6095,0.0007765002,0.1359284,2.103029e-06,0.008857996,-7.514851e-05,2.11,-2.368195e-05,6.027352e-05,1.845999e-05,-0.00667572,-7.276708e-05,-0.003919005,2.109
2024_02_12_21_06_19_962,0.7,0.0,474223.0,474223.0,186.6874,0.0007766096,0.1359284,1.277794e-06,0.008858443,-7.265252e-05,2.11,-3.822415e-06,-5.667379e-05,5.728528e-06,0.03743172,-0.000149957,-0.02287887,2.109
2024_02_12_21_06_19_995,0.7,0.0,474406.0,474405.0,186.759,0.0007766787,0.1359284,-1.674288e-06,0.008858473,-7.809011e-05,2.11,1.984175e-05,-3.29437e-05,3.029824e-05,0.002622604,-4.968387e-05,0.004012138,2.109
2024_02_12_21_06_20_032,0.7,0.0,474604.0,474603.0,186.8369,0.0007767805,0.1359282,6.257254e-07,0.008858354,-8.066712e-05,2.11,-5.77007e-07,-6.077973e-05,-1.287006e-06,0.00166893,6.994241e-06,0.01550279,2.109
2024_02_12_21_06_20_071,0.7,0.0,474807.0,474807.0,186.9169,0.0007769008,0.1359283,1.0842e-06,0.008858175,-7.918514e-05,2.11,1.009282e-06,-1.740193e-06,4.754454e-06,0.02145767,-9.614496e-05,-0.03030523,2.109
2024_02_12_21_06_20_103,0.7,0.0,474984.0,474984.0,186.9864,0.0007769983,0.1359284,1.051787e-06,0.008858086,-8.024501e-05,2.11,-6.026127e-07,6.842322e-05,1.618296e-07,0.0009536743,-0.0001501414,-8.568167e-05,2.109
2024_02_12_21_06_20_141,0.7,0.0,475183.0,475182.0,187.0643,0.0007771004,0.1359284,3.601304e-07,0.008858471,-8.293364e-05,2.11,-3.877125e-07,4.091759e-05,-1.88083e-06,-0.01049042,1.525677e-05,-0.007487833,2.109
2024_02_12_21_06_20_178,0.7,0.0,475386.0,475386.0,187.1444,0.0007772112,0.1359285,-1.241188e-06,0.008858473,-8.530031e-05,2.11,2.204719e-05,-2.687327e-05,3.076408e-05,-0.01001358,-0.0002093427,0.01909956,2.109
2024_02_12_21_06_20_216,0.7,0.0,475584.0,475584.0,187.2223,0.0007773571,0.1359285,-1.444852e-07,0.008858802,-8.132504e-05,2.11,3.252409e-08,-0.0001497785,3.556125e-06,0.01215935,-0.0001605647,-0.02262927,2.109
2024_02_12_21_06_20_249,0.7,0.0,475767.0,475766.0,187.2939,0.0007774574,0.1359282,9.526892e-08,0.008858115,-7.934461e-05,2.11,-3.585203e-06,-4.065801e-06,1.631621e-07,-0.009775162,4.110302e-05,-0.007776543,2.109
2024_02_12_21_06_20_287,0.7,0.0,475965.0,475965.0,187.3718,0.0007775619,0.1359284,-2.51775e-07,0.008857908,-8.000233e-05,2.11,-2.138653e-05,4.006918e-05,-2.385435e-05,0.02217293,0.0001220894,-0.06133876,2.109
2024_02_12_21_06_20_325,0.7,0.0,476168.0,476168.0,187.4518,0.0007776837,0.1359285,-1.950321e-06,0.008858295,-8.041006e-05,2.11,3.185631e-07,4.43526e-06,-1.070292e-06,0.01358986,9.636937e-05,-3.166497e-05,2.109
2024_02_12_21_06_20_359,0.7,0.0,476345.0,476345.0,187.5213,0.0007777726,0.1359285,-2.490833e-07,0.008858473,-8.310727e-05,2.11,-2.004087e-05,-6.109723e-05,1.334526e-05,-0.0269413,8.743608e-05,0.02645142,2.109
2024_02_12_21_06_20_395,0.7,0.0,476549.0,476548.0,187.6013,0.0007778801,0.1359283,6.921574e-07,0.008858264,-8.397606e-05,2.11,-2.152782e-05,1.264908e-06,1.98451e-05,0.01049042,3.52652e-05,-0.01879781,2.109
2024_02_12_21_06_20_433,0.7,0.0,476747.0,476747.0,187.6792,0.0007780109,0.1359284,-5.220784e-07,0.008858413,-8.111661e-05,2.11,2.413308e-06,-0.0001082158,-6.66819e-07,0.06270409,9.215932e-05,-0.06481446,2.109
2024_02_12_21_06_20_466,0.7,0.0,476924.0,476924.0,187.7487,0.0007781264,0.1359284,-1.212287e-06,0.008858086,-8.117886e-05,2.11,2.183771e-06,7.507528e-05,-4.760009e-06,-0.009298325,8.612892e-05,0.007573515,2.109
2024_02_12_21_06_20_503,0.7,0.0,477128.0,477127.0,187.8287,0.0007782329,0.1359283,2.427516e-07,0.008858115,-8.57665e-05,2.11,-5.209107e-07,0.0001050153,-1.110437e-06,-0.02765655,5.299785e-05,0.01512095,2.109
2024_02_12_21_06_20_541,0.7,0.0,477326.0,477325.0,187.9066,0.0007783229,0.1359284,1.327215e-07,0.008858502,-9.060368e-05,2.11,-1.049524e-06,-4.510336e-05,-3.731199e-06,-0.009536743,5.566607e-05,-0.007608905,2.109
2024_02_12_21_06_20_573,0.7,0.0,477508.0,477507.0,187.9782,0.0007784294,0.1359283,-9.397459e-07,0.008858295,-9.160062e-05,2.11,-1.767754e-05,-9.745634e-05,1.038382e-05,0.009059906,9.244036e-05,0.03055669,2.109
2024_02_12_21_06_20_612,0.7,0.0,477706.0,477706.0,188.0561,0.0007785719,0.1359282,-9.928467e-07,0.008858055,-8.994415e-05,2.11,9.970547e-07,1.077266e-06,6.225017e-07,-0.006437301,-5.667948e-05,0.05370751,2.109
2024_02_12_21_06_20_649,0.7,0.0,477910.0,477909.0,188.1362,0.0007787077,0.1359284,-5.213128e-08,0.008857907,-9.022514e-05,2.11,-2.116123e-05,3.401416e-05,1.67311e-05,0.01168251,0.0001226244,-0.04220754,2.109
2024_02_12_21_06_20_688,0.7,0.0,478108.0,478108.0,188.2141,0.000778852,0.1359283,1.138678e-06,0.008858056,-8.396991e-05,2.11,-4.097536e-05,3.083346e-05,-8.017963e-06,-0.01645088,4.684284e-05,0.06860681,2.109
2024_02_12_21_06_20_721,0.7,0.0,478290.0,478290.0,188.2857,0.0007789652,0.1359284,-3.314871e-07,0.008857996,-8.580989e-05,2.11,1.763554e-06,5.719027e-07,7.6334e-06,-0.03552437,-9.773725e-05,0.05686842,2.109
2024_02_12_21_06_20_753,0.7,0.0,478467.0,478467.0,188.3551,0.0007790779,0.1359282,-9.971678e-07,0.008857817,-8.87102e-05,2.11,1.163084e-06,-6.469256e-06,2.750723e-06,0.01454353,0.0001095955,-0.02291798,2.109
2024_02_12_21_06_20_790,0.7,0.0,478665.0,478665.0,188.4331,0.0007792025,0.1359282,5.039199e-07,0.008857758,-8.793732e-05,2.11,-7.244432e-07,-1.666984e-05,-8.463288e-07,0.01835823,1.596368e-05,-5.587935e-06,2.109
