0,1,2,3,4,5,6,7,8,9,10,11,12,13,14,15,16,17,0
2024_02_12_12_34_55_674,0.4,0.0,5.0,5.0,0.002611071,8.63839e-07,0.1357899,1.077198e-05,0.008329657,-4.642451e-05,0.19,-0.0001252982,-0.06012442,0.0004522689,10.49526,-0.02420196,0.1166009,1.223
2024_02_12_12_34_55_712,0.4,0.0,40.0,40.0,0.01607826,8.352711e-07,0.1353037,-3.39685e-07,0.006566657,-9.753697e-06,0.52,-4.063619e-06,-0.03672379,-7.31798e-06,7.471978,0.0003794401,0.07128505,1.223
2024_02_12_12_34_55_749,0.4,0.0,101.0,101.0,0.04049188,8.428732e-07,0.1350148,-8.772076e-07,0.00552065,-5.467761e-06,0.75,-1.363119e-05,-0.01980364,-1.84466e-06,5.171656,0.0002735074,0.01578452,1.223
2024_02_12_12_34_55_786,0.4,0.0,178.0,178.0,0.07144088,8.945887e-07,0.1348754,1.166218e-06,0.005016333,8.05627e-06,0.91,-2.31797e-05,-0.00839313,-2.147899e-05,3.53527,-0.0001150555,-0.0129086,1.223
2024_02_12_12_34_55_824,0.4,0.0,269.0,269.0,0.1082008,9.072534e-07,0.1348315,-1.584893e-06,0.004859334,1.059164e-05,1.02,3.071288e-06,-0.0007732526,1.036283e-06,2.32017,-9.864027e-05,-0.01097796,1.223
2024_02_12_12_34_55_857,0.4,0.0,354.0,354.0,0.1428803,9.211343e-07,0.1348447,1.751655e-07,0.004908687,1.336403e-05,1.08,-4.116778e-05,0.00331411,1.145679e-05,1.613259,0.0001246246,-0.05922792,1.223
2024_02_12_12_34_55_898,0.4,0.0,457.0,457.0,0.1849493,9.169024e-07,0.1348948,-2.106608e-07,0.005091734,1.353816e-05,1.13,4.036754e-05,0.006016232,3.650607e-06,1.054287,-0.0002599019,0.04488695,1.223
2024_02_12_12_34_55_932,0.4,0.0,560.0,560.0,0.2273925,8.916803e-07,0.1349635,-2.562331e-07,0.005342402,1.152697e-05,1.16,-2.084101e-07,0.007354083,-1.718312e-06,0.7096528,8.017736e-05,0.01454772,1.223
2024_02_12_12_34_55_970,0.4,0.0,669.0,669.0,0.2719878,8.91748e-07,0.1350434,-7.379126e-07,0.00563372,1.219926e-05,1.18,2.746548e-06,0.007945138,-1.701353e-06,0.4800558,0.0003112463,-0.02821674,1.223
2024_02_12_12_34_56_008,0.4,0.0,776.0,776.0,0.3160584,8.929284e-07,0.1351241,-4.077272e-07,0.005926798,1.216345e-05,1.2,1.062569e-06,0.007884881,5.848389e-07,0.3260374,-3.114944e-05,-0.04055211,1.223
2024_02_12_12_34_56_045,0.4,0.0,887.0,887.0,0.3617561,8.863094e-07,0.1352051,-6.319907e-08,0.00622196,1.238208e-05,1.21,-1.61212e-07,0.007599677,-3.853209e-08,0.195384,1.508724e-05,0.01193955,1.223
2024_02_12_12_34_56_078,0.4,0.0,984.0,984.0,0.401681,8.760195e-07,0.1352724,-2.157919e-06,0.00646664,9.050242e-06,1.21,3.1791e-07,0.007166626,-5.385654e-06,0.133872,2.749827e-05,-0.0006360933,1.223
2024_02_12_12_34_56_116,0.4,0.0,1094.0,1094.0,0.4466219,8.789635e-07,0.1353429,1.219467e-06,0.006723625,1.019274e-05,1.22,-3.724355e-07,0.006725422,1.009032e-05,0.1016855,8.278582e-05,-0.03231037,1.223
2024_02_12_12_34_56_153,0.4,0.0,1206.0,1206.0,0.4929077,8.669901e-07,0.1354097,1.626891e-06,0.006966756,8.138244e-06,1.22,1.92018e-06,0.006124636,3.297979e-06,0.05042553,0.0001014896,0.02386607,1.223
2024_02_12_12_34_56_191,0.4,0.0,1316.0,1316.0,0.5380577,8.608218e-07,0.135469,1.118477e-06,0.007182734,7.364526e-06,1.22,2.058522e-05,0.005582524,-4.796519e-06,0.05245208,-0.0002021945,-0.02285465,1.223
2024_02_12_12_34_56_224,0.4,0.0,1417.0,1417.0,0.5795934,8.377638e-07,0.1355185,2.580696e-07,0.007363367,5.723107e-06,1.22,-2.218413e-05,0.005079441,-1.878849e-05,0.02110004,-6.846659e-05,0.05279667,1.223
2024_02_12_12_34_56_262,0.4,0.0,1527.0,1527.0,0.6248255,8.267594e-07,0.1355675,5.255481e-08,0.007541705,3.821362e-06,1.22,-4.147547e-05,0.004577019,-1.172945e-05,0.007629394,0.0001176861,-0.005400739,1.223
2024_02_12_12_34_56_298,0.4,0.0,1640.0,1640.0,0.671301,8.33927e-07,0.1356126,3.11187e-07,0.007706245,4.647797e-06,1.22,-1.0068e-06,0.004100907,-1.601094e-06,0.02670288,5.619764e-05,-0.07880851,1.223
2024_02_12_12_34_56_337,0.4,0.0,1750.0,1750.0,0.7165651,8.368854e-07,0.1356521,6.604333e-07,0.007849745,6.607715e-06,1.22,-1.280735e-06,0.003650705,8.79958e-07,-0.008225441,1.019336e-05,-0.01058821,1.223
2024_02_12_12_34_56_373,0.4,0.0,1863.0,1863.0,0.7630594,8.41025e-07,0.1356882,5.694678e-10,0.007981353,7.977513e-06,1.22,5.813613e-07,0.00328721,-3.863427e-07,-0.010252,-1.470365e-05,-0.01146272,1.223
2024_02_12_12_34_56_407,0.4,0.0,1961.0,1961.0,0.8034388,8.520376e-07,0.1357162,-5.12948e-07,0.008083755,1.155898e-05,1.22,1.828059e-06,0.003006929,3.003107e-06,0.007271766,-7.457566e-05,-0.01155492,1.223
2024_02_12_12_34_56_441,0.4,0.0,2059.0,2059.0,0.8438197,8.558969e-07,0.1357417,-5.675383e-07,0.00817662,1.306453e-05,1.22,1.669304e-06,0.002634836,4.428081e-06,-0.01132488,7.97911e-07,0.0299178,1.223
2024_02_12_12_34_56_478,0.4,0.0,2172.0,2172.0,0.8903185,8.479e-07,0.135768,-7.11224e-08,0.008272404,1.314243e-05,1.22,-2.009217e-06,0.00234496,-2.075768e-06,0.01370907,0.0002038532,-0.03552809,1.223
2024_02_12_12_34_56_515,0.4,0.0,2283.0,2283.0,0.9355955,8.5241e-07,0.1357906,-1.950571e-06,0.008355284,1.577513e-05,1.22,2.135386e-05,0.002136741,-1.205216e-05,0.004649162,1.976221e-05,-0.0166744,1.223
2024_02_12_12_34_56_549,0.4,0.0,2384.0,2384.0,0.9771997,8.597064e-07,0.1358093,-1.871316e-07,0.008423383,1.49087e-05,1.22,-8.323232e-07,0.001948477,-9.411467e-07,-0.009775162,7.374387e-05,-0.005329027,1.223
2024_02_12_12_34_56_586,0.4,0.0,2494.0,2494.0,1.022472,8.547736e-07,0.1358276,6.83295e-07,0.008489992,1.468644e-05,1.22,-1.229357e-06,0.001726725,-4.929321e-07,0.003576278,2.233216e-05,-0.005635432,1.223
2024_02_12_12_34_56_620,0.4,0.0,2595.0,2595.0,1.064073,8.200356e-07,0.1358425,7.311043e-07,0.00854465,1.202443e-05,1.22,-4.322065e-07,0.001557257,-3.035629e-06,0.002980232,-0.00016972,0.01310743,1.223
2024_02_12_12_34_56_657,0.4,0.0,2705.0,2705.0,1.109343,8.455448e-07,0.1358571,-7.281109e-07,0.008597909,1.483216e-05,1.22,1.829167e-07,0.001358331,5.177522e-06,0.01311302,-4.723173e-05,-0.01377519,1.223
2024_02_12_12_34_56_694,0.4,0.0,2815.0,2815.0,1.154615,8.306672e-07,0.1358701,1.788785e-07,0.008645027,1.317269e-05,1.22,-3.649615e-06,0.001284981,-2.092394e-06,0.01072884,0.0001254695,-0.03702845,1.223
2024_02_12_12_34_56_733,0.4,0.0,2928.0,2928.0,1.201107,8.069331e-07,0.1358818,6.346003e-07,0.00868827,1.197071e-05,1.22,-1.208116e-06,0.001107845,8.764487e-07,-0.001788139,3.405247e-05,0.001312233,1.223
2024_02_12_12_34_56_770,0.4,0.0,3038.0,3038.0,1.246376,7.91175e-07,0.1358921,-8.21055e-08,0.008725641,1.199677e-05,1.22,2.108697e-05,0.0009704239,1.385305e-05,0.01454353,-0.0001268311,-0.01044758,1.223
2024_02_12_12_34_56_807,0.4,0.0,3152.0,3151.0,1.292867,7.791185e-07,0.1359015,5.063206e-08,0.008760004,1.208324e-05,1.22,1.93043e-06,0.0009144664,1.55833e-06,-0.002264977,-7.642029e-05,0.008480623,1.223
2024_02_12_12_34_56_844,0.4,0.0,3262.0,3262.0,1.338131,7.506539e-07,0.1359096,9.565876e-08,0.008789629,9.055178e-06,1.22,-4.114083e-07,0.000745148,-5.214997e-06,-0.007629394,0.0001941309,-0.01841038,1.223
2024_02_12_12_34_56_882,0.4,0.0,3375.0,3375.0,1.384619,7.675774e-07,0.135917,-1.356685e-06,0.008816659,1.145837e-05,1.22,6.775283e-06,0.0006739773,8.230669e-06,-0.01013279,8.732399e-05,0.02371333,1.223
2024_02_12_12_34_56_920,0.4,0.0,3485.0,3485.0,1.429882,7.957354e-07,0.1359234,-1.442496e-07,0.008840054,1.263684e-05,1.22,1.15216e-06,0.0006004092,-4.89511e-08,-0.000834465,-6.659656e-05,-0.007177703,1.223
2024_02_12_12_34_56_957,0.4,0.0,3598.0,3598.0,1.476365,7.926085e-07,0.1359293,6.134344e-07,0.008861543,1.086426e-05,1.22,-2.032097e-05,0.0005168378,1.252161e-05,0.0346899,9.23444e-05,-0.09508244,1.223
2024_02_12_12_34_56_994,0.4,0.0,3708.0,3708.0,1.521624,8.165485e-07,0.1359344,-3.726591e-07,0.008880079,1.277756e-05,1.22,5.217573e-07,0.0004573319,-2.476657e-06,0.01251697,9.484495e-06,-0.03776513,1.223
2024_02_12_12_34_57_031,0.4,0.0,3821.0,3821.0,1.568106,8.553315e-07,0.135939,3.579046e-07,0.008896948,1.785431e-05,1.22,1.691948e-06,0.0004126095,2.858751e-06,-0.01442432,-0.0001880505,0.02345815,1.223
2024_02_12_12_34_57_065,0.4,0.0,3919.0,3919.0,1.60847,8.428747e-07,0.1359425,1.757375e-06,0.008909914,1.567273e-05,1.22,-6.038539e-06,0.0003535571,3.425758e-06,-0.001907349,-8.875309e-05,0.0155922,1.223
2024_02_12_12_34_57_103,0.4,0.0,4032.0,4032.0,1.654951,8.187067e-07,0.1359462,1.204115e-07,0.008923323,1.297236e-05,1.22,-3.6264e-06,0.0002993886,-6.420943e-06,-0.0007152557,-8.941978e-05,0.004163943,1.223
2024_02_12_12_34_57_140,0.4,0.0,4142.0,4142.0,1.700209,8.439894e-07,0.1359494,-1.725433e-06,0.008934948,1.57364e-05,1.22,8.105902e-07,0.0002243578,-6.778422e-06,-0.01561642,0.0002503048,0.01563597,1.223
2024_02_12_12_34_57_174,0.4,0.0,4244.0,4244.0,1.741796,8.616853e-07,0.1359519,2.578176e-08,0.008944304,1.713746e-05,1.22,-4.213641e-07,0.000300829,-5.96514e-06,0.007510185,8.770524e-05,0.0157766,1.223
2024_02_12_12_34_57_211,0.4,0.0,4354.0,4354.0,1.78705,8.574269e-07,0.1359546,-6.064018e-07,0.008953811,1.65193e-05,1.22,1.875237e-05,0.000250524,-1.201006e-05,-0.007033348,6.549391e-05,0.04234537,1.223
2024_02_12_12_34_57_249,0.4,0.0,4467.0,4467.0,1.833528,8.426832e-07,0.1359567,1.822704e-06,0.008961977,1.657771e-05,1.22,-4.13547e-05,0.0002502148,-2.868923e-05,-0.007867813,3.88834e-05,0.02308935,1.223
2024_02_12_12_34_57_282,0.4,0.0,4565.0,4565.0,1.873888,8.394605e-07,0.1359586,-1.756186e-06,0.008968624,1.38861e-05,1.22,1.693652e-05,0.000228918,-1.367933e-05,-0.005602836,-0.0002083357,-0.003645196,1.223
2024_02_12_12_34_57_315,0.4,0.0,4663.0,4663.0,1.914249,8.616304e-07,0.1359602,-8.26101e-07,0.008974822,1.64341e-05,1.22,8.158739e-07,0.0001655174,-1.02019e-06,-0.02682209,3.861657e-05,0.02309587,1.223
2024_02_12_12_34_57_349,0.4,0.0,4764.0,4764.0,1.955834,8.915733e-07,0.1359618,2.986652e-07,0.008980187,1.763311e-05,1.22,2.942951e-07,0.0001633739,-3.545339e-06,0.02813339,2.959791e-05,-0.03813393,1.223
2024_02_12_12_34_57_387,0.4,0.0,4874.0,4874.0,2.001086,8.706126e-07,0.1359634,1.800813e-06,0.008985521,1.648676e-05,1.22,1.633937e-05,0.0001365827,9.375531e-06,-0.00834465,-1.118724e-05,0.02266746,1.223
2024_02_12_12_34_57_425,0.4,0.0,4987.0,4987.0,2.047562,8.389734e-07,0.1359646,1.232899e-06,0.00899032,1.761147e-05,1.22,-3.614565e-06,0.0001708528,-2.085351e-06,-0.02384186,9.332859e-05,0.03059208,1.223
2024_02_12_12_34_57_462,0.4,0.0,5098.0,5098.0,2.092812,8.423374e-07,0.1359657,9.13483e-07,0.00899461,2.041234e-05,1.22,-1.380228e-06,0.0001837259,1.816637e-06,0.01621246,-1.041937e-05,-0.05705747,1.223
2024_02_12_12_34_57_499,0.4,0.0,5211.0,5211.0,2.139286,8.19665e-07,0.1359668,2.115692e-06,0.008998871,1.880774e-05,1.22,-4.838937e-06,8.28044e-05,-1.122418e-05,-0.02264976,-0.0001572559,0.03086775,1.223
2024_02_12_12_34_57_533,0.4,0.0,5309.0,5309.0,2.179646,8.139302e-07,0.1359677,1.043483e-06,0.009001764,2.093654e-05,1.22,-1.348013e-07,0.0001384084,-4.15902e-07,0.005364418,0.0001244074,-0.01153722,1.223
2024_02_12_12_34_57_570,0.4,0.0,5419.0,5419.0,2.2249,7.950548e-07,0.1359684,-6.098459e-08,0.009004713,1.937158e-05,1.22,1.774494e-05,8.540992e-05,1.474598e-05,0.01001358,-0.0001931222,-0.01133978,1.223
2024_02_12_12_34_57_608,0.4,0.0,5532.0,5532.0,2.271375,7.906045e-07,0.1359692,-3.102316e-07,0.009007338,1.900693e-05,1.22,-2.333206e-06,9.921508e-05,-1.886289e-06,0.002861023,-0.0001397397,0.003759749,1.223
2024_02_12_12_34_57_640,0.4,0.0,5630.0,5630.0,2.311737,7.640054e-07,0.1359698,1.68334e-06,0.009009542,1.724915e-05,1.22,-4.210684e-06,4.815396e-05,6.950036e-06,-0.009775162,3.506494e-05,0.003998168,1.223
2024_02_12_12_34_57_674,0.4,0.0,5731.0,5731.0,2.353318,7.293882e-07,0.1359702,8.810536e-08,0.009011389,1.677839e-05,1.22,-3.987349e-06,8.673119e-05,-3.51861e-06,-0.01347065,6.652328e-05,-0.003829598,1.223
2024_02_12_12_34_57_712,0.4,0.0,5841.0,5841.0,2.398571,7.289659e-07,0.1359709,4.331342e-07,0.009013505,1.724935e-05,1.22,2.37908e-06,-8.760163e-06,-8.868626e-07,0.003814697,-0.0001847829,0.02683978,1.223
2024_02_12_12_34_57_745,0.4,0.0,5940.0,5940.0,2.438932,7.219957e-07,0.1359713,-4.342493e-07,0.009014996,1.570881e-05,1.22,1.860574e-05,-2.864209e-05,2.142938e-05,-0.001907349,-0.0003301518,-0.01539756,1.223
2024_02_12_12_34_57_787,0.4,0.0,6065.0,6065.0,2.490298,7.255018e-07,0.1359718,2.823796e-07,0.009016605,1.750964e-05,1.22,-1.043729e-06,0.0001266605,-4.512423e-08,0.002861023,-0.00012879,-4.470348e-05,1.223
2024_02_12_12_34_57_820,0.4,0.0,6163.0,6163.0,2.530657,7.06213e-07,0.1359721,-1.350419e-06,0.009017767,1.522776e-05,1.22,-5.686893e-07,3.175364e-05,-1.533652e-06,0.01013279,-2.010108e-05,0.03449339,1.223
2024_02_12_12_34_57_854,0.4,0.0,6264.0,6264.0,2.572238,6.910922e-07,0.1359725,-3.149805e-07,0.009018989,1.38617e-05,1.22,2.149907e-05,-2.483513e-05,1.18052e-05,-0.0001192093,1.820585e-05,-0.0156248,1.223
2024_02_12_12_34_57_890,0.4,0.0,6374.0,6374.0,2.617491,6.959577e-07,0.1359728,-9.134399e-07,0.009020241,1.528809e-05,1.22,1.320288e-06,7.39226e-07,-1.135801e-05,-0.004053116,-2.539747e-05,0.06128382,1.223
2024_02_12_12_34_57_928,0.4,0.0,6487.0,6487.0,2.663964,7.170127e-07,0.1359729,-1.638984e-06,0.009021016,1.751516e-05,1.22,4.202079e-05,5.575267e-05,-1.950133e-06,-0.001788139,-4.358367e-05,0.003925525,1.223
2024_02_12_12_34_57_961,0.4,0.0,6585.0,6585.0,2.704324,7.195939e-07,0.1359732,-9.903337e-07,0.009021791,2.000356e-05,1.22,3.727491e-06,2.444202e-05,-4.152204e-06,0.001311302,-5.981564e-05,0.003796071,1.223
2024_02_12_12_34_57_999,0.4,0.0,6695.0,6695.0,2.749578,7.238502e-07,0.1359734,8.137667e-08,0.009022715,1.85001e-05,1.22,1.796641e-05,1.817588e-05,1.84594e-05,0.008821487,6.774641e-05,0.01537707,1.223
2024_02_12_12_34_58_037,0.4,0.0,6808.0,6808.0,2.796051,7.034413e-07,0.1359735,-9.688356e-07,0.009023398,2.00987e-05,1.22,-2.393867e-06,8.564633e-05,-1.321474e-06,-0.002026558,0.0001293886,0.03845245,1.223
2024_02_12_12_34_58_074,0.4,0.0,6918.0,6918.0,2.841298,6.936185e-07,0.1359738,-4.393438e-07,0.009024293,1.87212e-05,1.22,-3.87894e-06,1.41702e-05,-3.570839e-06,0.0005960464,-0.0002138501,-0.01129508,1.223
2024_02_12_12_34_58_107,0.4,0.0,7020.0,7019.0,2.882881,6.774437e-07,0.1359739,8.717059e-07,0.009024652,1.870794e-05,1.22,-1.300339e-06,4.522716e-05,-2.179083e-07,0.0007152557,3.100837e-05,0.007713213,1.223
2024_02_12_12_34_58_145,0.4,0.0,7130.0,7130.0,2.928134,6.714641e-07,0.135974,7.245249e-07,0.009025068,2.004214e-05,1.22,2.653946e-07,-1.537841e-07,-2.479908e-06,0.01204014,-0.0001516514,-0.01532212,1.223
2024_02_12_12_34_58_187,0.4,0.0,7255.0,7255.0,2.979501,6.476516e-07,0.1359741,-8.920715e-07,0.009025486,1.904433e-05,1.22,1.982699e-05,-1.899934e-05,1.794999e-05,0.003099441,2.391349e-05,-0.003787689,1.223
2024_02_12_12_34_58_223,0.4,0.0,7365.0,7365.0,3.024749,6.156321e-07,0.1359743,-1.674795e-07,0.009025753,1.623611e-05,1.22,-2.264339e-06,-8.258757e-06,-6.583456e-07,-0.01740456,8.681817e-05,-0.007806345,1.223
2024_02_12_12_34_58_261,0.4,0.0,7478.0,7478.0,3.07122,6.177749e-07,0.1359742,5.408928e-07,0.009025992,1.791686e-05,1.22,-1.846247e-05,2.856345e-05,-2.246985e-05,0.005602836,0.000204445,-0.02667028,1.223
2024_02_12_12_34_58_299,0.4,0.0,7588.0,7588.0,3.116471,5.945492e-07,0.1359742,7.672144e-07,0.009026201,1.536571e-05,1.22,-1.530251e-06,-8.189467e-06,8.782532e-08,-0.0009536743,5.846115e-05,-0.0001238659,1.223
2024_02_12_12_34_58_336,0.4,0.0,7701.0,7701.0,3.162947,5.496233e-07,0.1359743,5.80736e-08,0.009026381,1.092767e-05,1.22,2.073857e-05,1.351516e-05,2.179737e-05,0.001549721,-0.0001787325,-0.00359863,1.223
2024_02_12_12_34_58_374,0.4,0.0,7811.0,7811.0,3.2082,5.423107e-07,0.1359745,-5.799959e-07,0.009026888,1.235305e-05,1.22,2.236338e-05,-0.0001377744,2.11103e-05,-0.0002384186,-0.0001449689,-9.313225e-05,1.223
2024_02_12_12_34_58_411,0.4,0.0,7924.0,7924.0,3.254677,5.349526e-07,0.1359746,-9.173651e-07,0.009027095,1.15436e-05,1.22,-2.115544e-05,-3.816302e-05,1.82985e-05,-0.00989437,3.510095e-05,0.0307234,1.223
2024_02_12_12_34_58_449,0.4,0.0,8034.0,8034.0,3.299931,5.379528e-07,0.1359746,-1.865982e-06,0.009027155,1.403896e-05,1.22,1.889337e-05,2.915741e-05,1.0856e-05,-0.003814697,-8.631968e-05,-0.003913417,1.223
2024_02_12_12_34_58_481,0.4,0.0,8135.0,8135.0,3.341516,5.091114e-07,0.1359746,-1.673337e-06,0.009027217,1.280168e-05,1.22,-2.394233e-05,1.914735e-05,5.187225e-06,0.01096725,0.0001214342,-0.01918338,1.223
2024_02_12_12_34_58_519,0.4,0.0,8245.0,8245.0,3.38677,5.119294e-07,0.1359746,1.23506e-06,0.009027244,1.552457e-05,1.22,1.146646e-06,6.392133e-05,-6.613569e-06,0.001192093,0.0002085535,0.003986061,1.223
2024_02_12_12_34_58_557,0.4,0.0,8358.0,8358.0,3.433248,5.040817e-07,0.1359747,-4.364561e-08,0.009027454,1.711464e-05,1.22,-1.864736e-05,-3.155583e-05,1.239927e-05,0.009179115,5.4591e-05,-0.003890134,1.223
2024_02_12_12_34_58_591,0.4,0.0,8457.0,8457.0,3.473609,4.974511e-07,0.1359747,-1.322874e-07,0.009027484,1.636385e-05,1.22,8.525702e-07,-1.922468e-05,-4.039159e-06,0.008702278,4.525833e-05,-0.01536682,1.223
2024_02_12_12_34_58_628,0.4,0.0,8570.0,8570.0,3.520087,5.05627e-07,0.1359747,6.054507e-07,0.009027635,1.706921e-05,1.22,2.452169e-05,-1.324315e-05,-1.509088e-05,0.003099441,-0.0001107873,0.007643364,1.223
2024_02_12_12_34_58_665,0.4,0.0,8680.0,8680.0,3.565341,4.899252e-07,0.1359747,2.317162e-07,0.009027632,1.646971e-05,1.22,-9.973677e-08,-1.75617e-05,1.663669e-07,0.001907349,1.551257e-06,-0.0001620501,1.223
2024_02_12_12_34_58_698,0.4,0.0,8778.0,8778.0,3.605703,4.837593e-07,0.1359747,8.104337e-07,0.00902772,1.685669e-05,1.22,2.654826e-06,2.477021e-05,-1.986244e-06,-0.003933907,5.525737e-05,-0.003993511,1.223
2024_02_12_12_34_58_736,0.4,0.0,8891.0,8891.0,3.65218,5.058169e-07,0.1359748,-1.091186e-08,0.009027723,2.007134e-05,1.22,-1.700708e-05,1.09009e-05,-1.766403e-05,0.004172325,-0.0001007248,-0.003970228,1.223
2024_02_12_12_34_58_774,0.4,0.0,9001.0,9001.0,3.697433,5.053715e-07,0.1359747,9.082818e-07,0.009027692,1.987789e-05,1.22,-1.43937e-06,1.175307e-05,-3.241484e-06,0.01251697,-9.302931e-05,-0.01537986,1.223
2024_02_12_12_34_58_811,0.4,0.0,9114.0,9114.0,3.74391,4.963641e-07,0.1359747,1.344663e-06,0.009027782,2.054854e-05,1.22,1.879404e-05,1.722045e-06,1.316367e-05,0.005841255,-0.0002235172,-0.007699243,1.223
2024_02_12_12_34_58_848,0.4,0.0,9224.0,9224.0,3.789165,4.609221e-07,0.1359748,1.213926e-06,0.009027901,1.887624e-05,1.22,-1.754037e-06,-1.090395e-05,7.25459e-06,0.00333786,-0.0001461685,-8.195638e-05,1.223
2024_02_12_12_34_58_886,0.4,0.0,9337.0,9337.0,3.835642,4.22394e-07,0.1359748,2.277655e-06,0.00902808,1.976317e-05,1.22,-2.2226e-05,-7.212262e-05,-9.056639e-06,0.0003576278,0.0003047834,-1.583248e-05,1.223
2024_02_12_12_34_58_924,0.4,0.0,9447.0,9447.0,3.880896,3.885975e-07,0.1359748,-4.312477e-07,0.009028138,1.658177e-05,1.22,1.11861e-06,-3.780617e-05,2.703181e-06,-0.01716614,0.0001341877,0.007539987,1.223
2024_02_12_12_34_58_961,0.4,0.0,9560.0,9560.0,3.927373,3.738865e-07,0.1359748,8.821398e-07,0.009028138,1.671777e-05,1.22,1.773666e-05,-2.940756e-05,1.879482e-05,-0.015378,-0.0001204191,0.01893658,1.223
2024_02_12_12_34_58_999,0.4,0.0,9671.0,9671.0,3.972628,3.550931e-07,0.1359749,4.103707e-08,0.009028317,1.79563e-05,1.22,-1.419972e-06,-8.377816e-05,-1.417941e-06,0.00667572,7.322858e-05,-0.01541059,1.223
2024_02_12_12_34_59_036,0.4,0.0,9784.0,9784.0,4.019105,3.374157e-07,0.1359749,9.745671e-07,0.009028319,1.876843e-05,1.22,4.494975e-07,-6.736173e-05,2.282764e-06,0.001907349,-8.422003e-05,-0.000141561,1.223
2024_02_12_12_34_59_074,0.4,0.0,9894.0,9894.0,4.064359,3.018376e-07,0.1359748,-7.727288e-07,0.009028348,1.490768e-05,1.22,2.032026e-06,-3.387294e-05,-4.149945e-06,-0.001788139,-0.0001209825,0.01147762,1.223
2024_02_12_12_34_59_106,0.4,0.0,9995.0,9995.0,4.105944,3.035959e-07,0.1359749,2.075731e-07,0.009028316,1.522978e-05,1.22,-3.781957e-05,-5.605544e-05,-1.18777e-05,-0.01084804,0.0002226114,0.01504831,1.223
2024_02_12_12_34_59_145,0.4,0.0,10105.0,10105.0,4.151198,3.17099e-07,0.135975,5.603455e-07,0.009028319,1.571079e-05,1.22,3.104722e-07,-5.27316e-05,9.085515e-08,0.01060963,-7.669262e-05,-0.007741153,1.223
2024_02_12_12_34_59_181,0.4,0.0,10218.0,10218.0,4.197676,3.064656e-07,0.1359749,9.982681e-07,0.009028347,1.63998e-05,1.22,-1.380597e-06,-5.627562e-05,4.328311e-06,0.0009536743,-0.0003430823,-0.02317317,1.223
2024_02_12_12_34_59_215,0.4,0.0,10316.0,10316.0,4.238038,3.058221e-07,0.1359749,-4.428657e-07,0.009028376,1.779403e-05,1.22,1.450589e-06,-5.816768e-05,5.771959e-06,0.01358986,3.654418e-05,-0.03072899,1.223
2024_02_12_12_34_59_253,0.4,0.0,10426.0,10426.0,4.283292,3.137231e-07,0.1359749,1.854906e-06,0.009028377,1.740169e-05,1.22,-3.640613e-07,-6.959167e-05,5.496084e-06,0.008106232,-0.0001097494,-0.02295244,1.223
2024_02_12_12_34_59_290,0.4,0.0,10539.0,10539.0,4.329769,3.162032e-07,0.1359749,-1.134508e-06,0.009028408,1.838789e-05,1.22,1.115661e-06,-4.120531e-05,-1.007843e-06,-0.01323223,-6.345487e-06,0.0228649,1.223
2024_02_12_12_34_59_324,0.4,0.0,10638.0,10638.0,4.370131,3.166251e-07,0.1359749,1.894797e-07,0.009028348,1.948694e-05,1.22,2.01342e-05,-3.539955e-05,-8.792746e-06,0.003218651,-2.220605e-05,-0.01917779,1.223
2024_02_12_12_34_59_361,0.4,0.0,10751.0,10751.0,4.416608,3.047112e-07,0.1359749,7.416903e-07,0.009028348,2.143629e-05,1.22,-1.958165e-06,-2.613804e-05,8.02822e-07,-0.006318092,4.501018e-05,-0.007757917,1.223
2024_02_12_12_34_59_398,0.4,0.0,10861.0,10861.0,4.461863,2.909316e-07,0.1359749,1.278218e-06,0.009028408,2.342058e-05,1.22,-2.746762e-06,-2.108727e-05,3.710717e-06,-0.01502037,2.732804e-06,0.04578102,1.223
2024_02_12_12_34_59_432,0.4,0.0,10962.0,10962.0,4.503448,2.577677e-07,0.1359749,-2.991351e-07,0.009028377,2.432978e-05,1.22,1.651097e-05,1.339087e-06,-1.402244e-05,0.01394749,-0.0001776033,-0.02663676,1.223
2024_02_12_12_34_59_470,0.4,0.0,11072.0,11072.0,4.548702,2.349909e-07,0.1359749,3.247733e-07,0.009028378,2.507715e-05,1.22,-1.559152e-06,-1.016818e-05,1.736922e-06,-0.009059906,4.523008e-05,-0.01542456,1.223
2024_02_12_12_34_59_502,0.4,0.0,11170.0,11170.0,4.589064,2.077697e-07,0.1359749,-1.399172e-06,0.009028436,2.375701e-05,1.22,2.153278e-05,-8.569201e-06,-1.082587e-05,0.008940697,6.688452e-05,-0.03458094,1.223
2024_02_12_12_34_59_540,0.4,0.0,11283.0,11283.0,4.635541,1.816056e-07,0.1359749,5.919272e-08,0.009028408,2.290148e-05,1.22,-1.433908e-06,-1.257219e-05,-2.848516e-07,0.001311302,5.183614e-05,6.61239e-05,1.223
2024_02_12_12_34_59_578,0.4,0.0,11393.0,11393.0,4.680795,1.711167e-07,0.1359749,-6.055147e-07,0.009028437,2.447514e-05,1.22,2.237148e-05,-6.628408e-07,-2.891393e-06,-0.002384186,-9.643471e-05,0.007688999,1.223
2024_02_12_12_34_59_615,0.4,0.0,11506.0,11506.0,4.727273,1.384466e-07,0.1359749,9.927192e-07,0.009028437,2.482087e-05,1.22,-1.444507e-06,-1.205029e-05,1.829174e-06,0.01204014,4.715144e-05,-0.03810227,1.223
2024_02_12_12_34_59_652,0.4,0.0,11617.0,11617.0,4.772527,8.481819e-08,0.1359748,9.017004e-07,0.009028376,2.331299e-05,1.22,-2.335347e-05,8.488851e-07,-1.52522e-05,0.009536743,0.0001682534,-0.00370387,1.223
2024_02_12_12_34_59_690,0.4,0.0,11730.0,11730.0,4.819004,6.14485e-08,0.1359749,7.36373e-07,0.009028408,2.242845e-05,1.22,2.448015e-05,3.04947e-05,2.634652e-05,0.001192093,-0.0002027362,0.02292543,1.223
2024_02_12_12_34_59_723,0.4,0.0,11828.0,11828.0,4.859366,4.03892e-08,0.1359749,-7.08832e-07,0.009028466,2.301307e-05,1.22,-7.046061e-07,1.308915e-05,-6.87829e-07,-0.004291534,4.601304e-05,0.03824569,1.223
2024_02_12_12_34_59_761,0.4,0.0,11941.0,11941.0,4.905843,1.66753e-08,0.1359749,1.009564e-06,0.009028497,2.222624e-05,1.22,-2.023191e-07,5.549205e-06,-4.605898e-06,0.00834465,-0.000472366,-0.01894962,1.223
2024_02_12_12_34_59_799,0.4,0.0,12051.0,12051.0,4.951097,-1.801212e-09,0.1359749,1.01767e-06,0.009028854,2.369789e-05,1.22,1.063028e-06,-5.897435e-05,-2.539503e-06,-0.01180172,1.798796e-05,-0.003732741,1.223
2024_02_12_12_34_59_835,0.4,0.0,12164.0,12164.0,4.997575,-5.190584e-08,0.1359749,8.041452e-07,0.009028914,2.211026e-05,1.22,-1.870996e-06,-3.388602e-05,2.012933e-06,0.001549721,-9.725994e-05,-0.01499336,1.223
2024_02_12_12_34_59_869,0.4,0.0,12262.0,12262.0,5.037939,-7.931235e-08,0.135975,-2.746677e-08,0.009028884,2.21732e-05,1.22,4.065861e-05,-3.584136e-05,1.309455e-05,0.0115633,-0.0004126421,0.00776723,1.223
2024_02_12_12_34_59_907,0.4,0.0,12375.0,12375.0,5.084416,-1.028412e-07,0.135975,1.926623e-07,0.009028855,2.139128e-05,1.22,4.464071e-06,-3.18338e-05,2.671645e-06,-0.004768372,-0.0002217973,-0.0001285225,1.223
2024_02_12_12_34_59_940,0.4,0.0,12474.0,12474.0,5.12478,-1.338845e-07,0.1359751,-8.51135e-07,0.009028944,1.89628e-05,1.22,6.988392e-07,-1.469769e-05,2.127808e-07,-0.003933907,-1.563597e-05,0.01139566,1.223
2024_02_12_12_34_59_978,0.4,0.0,12584.0,12584.0,5.170035,-1.266308e-07,0.135975,-2.317577e-07,0.009028826,2.341627e-05,1.22,4.893954e-06,-1.427377e-05,-3.568056e-07,0.009775162,0.0003183969,-0.01518242,1.223
2024_02_12_12_35_00_015,0.4,0.0,12697.0,12697.0,5.216513,-1.454095e-07,0.135975,3.79682e-07,0.009028765,2.389511e-05,1.22,-2.179596e-06,2.348581e-05,-5.086998e-06,-0.001907349,0.0001297053,9.592622e-05,1.223
2024_02_12_12_35_00_052,0.4,0.0,12807.0,12807.0,5.261767,-1.879727e-07,0.135975,3.592928e-08,0.009028795,2.245697e-05,1.22,-2.314688e-08,-1.786204e-05,-2.254008e-07,-0.002264977,9.347207e-05,-2.607703e-05,1.223
2024_02_12_12_35_00_086,0.4,0.0,12908.0,12908.0,5.303354,-1.91247e-07,0.135975,-4.523071e-07,0.009028943,2.336608e-05,1.22,4.510835e-07,-8.25868e-05,-2.619513e-06,0.005483627,-0.000274605,-0.01525599,1.223
2024_02_12_12_35_00_124,0.4,0.0,13018.0,13018.0,5.348609,-2.061964e-07,0.135975,-2.692912e-07,0.009028914,2.313595e-05,1.22,5.289092e-06,-4.509509e-05,4.690711e-06,0.00846386,5.851518e-05,-0.003700144,1.223
2024_02_12_12_35_00_161,0.4,0.0,13131.0,13131.0,5.395088,-2.36755e-07,0.135975,-7.616834e-08,0.009028884,2.085062e-05,1.22,1.303179e-06,-1.179245e-05,-3.863882e-06,0.004053116,4.361305e-05,-0.03050919,1.223
2024_02_12_12_35_00_198,0.4,0.0,13241.0,13241.0,5.440344,-2.589807e-07,0.1359749,-1.729875e-07,0.009028793,2.03666e-05,1.22,1.83601e-06,-9.506111e-06,-1.560352e-06,-0.004768372,2.421822e-05,-0.0153929,1.223
2024_02_12_12_35_00_236,0.4,0.0,13354.0,13354.0,5.486826,-2.798742e-07,0.135975,2.348654e-06,0.009028735,2.052889e-05,1.22,-2.150298e-05,7.635474e-06,-1.039821e-05,-0.002384186,-1.064924e-05,0.007592141,1.223
2024_02_12_12_35_00_269,0.4,0.0,13452.0,13452.0,5.52719,-2.986904e-07,0.135975,-6.625903e-08,0.009028854,2.235312e-05,1.22,5.888305e-07,-4.945429e-05,3.259713e-07,-0.001430511,6.498396e-06,0.007597729,1.223
2024_02_12_12_35_00_307,0.4,0.0,13566.0,13566.0,5.573671,-3.289901e-07,0.1359749,-1.939595e-06,0.009028854,1.961573e-05,1.22,2.133599e-05,-4.263657e-05,1.49779e-05,-0.0001192093,8.325224e-05,0.003853813,1.223
2024_02_12_12_35_00_344,0.4,0.0,13676.0,13676.0,5.618927,-3.451892e-07,0.135975,-1.147271e-07,0.009028854,2.071288e-05,1.22,1.240936e-06,-6.540863e-05,4.578262e-07,0.01430511,-2.044445e-05,7.078052e-05,1.223
2024_02_12_12_35_00_382,0.4,0.0,13786.0,13786.0,5.664183,-3.610583e-07,0.135975,-2.345679e-07,0.009028884,2.288598e-05,1.22,3.74542e-06,-5.296271e-05,-7.186547e-06,0.0128746,8.879323e-05,-0.03809668,1.223
2024_02_12_12_35_00_419,0.4,0.0,13899.0,13899.0,5.710662,-4.002273e-07,0.135975,2.348283e-06,0.009028884,2.164698e-05,1.22,-4.522931e-06,-3.137628e-05,5.551532e-06,0.01513958,-0.0001181353,-0.03803056,1.223
2024_02_12_12_35_00_457,0.4,0.0,14009.0,14009.0,5.755918,-4.62161e-07,0.135975,1.078386e-06,0.009028764,1.766249e-05,1.22,-8.280869e-07,9.796558e-06,5.614759e-07,-0.007271766,0.0002066766,0.03053155,1.223
2024_02_12_12_35_00_490,0.4,0.0,14110.0,14110.0,5.797504,-4.938358e-07,0.1359749,-3.400629e-07,0.009028826,1.803295e-05,1.22,-3.097234e-07,-5.09481e-05,-3.415462e-07,0.007390975,0.0001065888,-0.003702007,1.223
2024_02_12_12_35_00_527,0.4,0.0,14220.0,14220.0,5.842759,-4.977277e-07,0.135975,-1.335272e-06,0.009028914,1.593235e-05,1.22,5.283557e-06,-8.513449e-05,5.890344e-07,0.01513958,-0.0001760532,-0.01913309,1.223
2024_02_12_12_35_00_565,0.4,0.0,14333.0,14333.0,5.889237,-5.196119e-07,0.135975,7.757292e-07,0.009028914,1.424599e-05,1.22,-2.051652e-05,-8.289089e-05,1.004773e-05,0.00834465,0.0003212519,-0.01536589,1.223
2024_02_12_12_35_00_602,0.4,0.0,14443.0,14443.0,5.934492,-5.350836e-07,0.135975,1.130058e-07,0.009028854,1.256545e-05,1.22,5.35104e-06,-3.274079e-05,2.886819e-05,-0.003099441,1.77663e-05,-0.01531467,1.223
2024_02_12_12_35_00_636,0.4,0.0,14545.0,14544.0,5.976077,-5.611507e-07,0.135975,-7.203432e-07,0.009028706,1.155116e-05,1.22,1.033271e-06,2.082124e-05,1.832356e-06,-0.007152557,0.0001283666,-2.607703e-05,1.223
2024_02_12_12_35_00_673,0.4,0.0,14655.0,14655.0,6.021332,-5.669332e-07,0.135975,-6.697385e-07,0.009028706,1.297213e-05,1.22,1.966237e-06,-2.040849e-05,-2.321923e-06,-0.00846386,9.511365e-05,-0.000144355,1.223
2024_02_12_12_35_00_711,0.4,0.0,14768.0,14768.0,6.067811,-5.789396e-07,0.135975,4.998321e-07,0.009028737,1.140158e-05,1.22,7.371252e-07,6.433e-06,3.315602e-07,-0.003695488,7.673719e-06,-9.313225e-07,1.223
2024_02_12_12_35_00_750,0.4,0.0,14878.0,14878.0,6.113066,-5.826604e-07,0.135975,7.247631e-07,0.009028823,1.112912e-05,1.22,1.229049e-06,-6.027324e-05,1.916428e-06,0.02133846,-6.924423e-05,-0.03052782,1.223
2024_02_12_12_35_00_786,0.4,0.0,14991.0,14991.0,6.159544,-6.108586e-07,0.135975,2.95386e-07,0.009028823,1.071697e-05,1.22,-1.947443e-05,-5.53661e-05,-1.707085e-05,0.01883507,5.116139e-05,-0.04200171,1.223
2024_02_12_12_35_00_819,0.4,0.0,15089.0,15089.0,6.199908,-6.455561e-07,0.1359749,4.627839e-07,0.009028795,9.382021e-06,1.22,-1.987193e-05,2.844128e-06,-1.746046e-05,-0.02205372,0.0001478662,0.042025,1.223
2024_02_12_12_35_00_856,0.4,0.0,15199.0,15199.0,6.245165,-6.784512e-07,0.135975,1.009108e-06,0.009028646,9.88892e-06,1.22,-1.914154e-05,1.140145e-05,-1.622132e-05,0.004053116,2.522228e-06,0.003839843,1.223
2024_02_12_12_35_00_894,0.4,0.0,15312.0,15312.0,6.291643,-6.970509e-07,0.135975,-1.092465e-06,0.009028646,1.001617e-05,1.22,4.099405e-06,6.257979e-06,6.557374e-06,0.002861023,1.231155e-05,0.007683411,1.223
2024_02_12_12_35_00_928,0.4,0.0,15410.0,15410.0,6.332006,-7.143275e-07,0.1359749,-1.275445e-07,0.009028795,8.593111e-06,1.22,1.321377e-06,-8.151588e-05,8.31462e-07,0.002503395,8.619213e-05,0.03071036,1.223
2024_02_12_12_35_00_965,0.4,0.0,15523.0,15523.0,6.378485,-7.173888e-07,0.1359749,-4.414961e-07,0.009028793,8.585022e-06,1.22,3.367199e-06,-6.380066e-05,-1.42055e-06,0.008225441,6.262212e-05,-0.02286583,1.223
2024_02_12_12_35_00_999,0.4,0.0,15622.0,15622.0,6.418849,-7.397568e-07,0.1359749,2.832501e-07,0.009028734,6.689796e-06,1.22,1.909423e-06,-1.056902e-05,-6.702889e-06,-0.002622604,-5.292239e-05,-0.01528952,1.223
2024_02_12_12_35_01_035,0.4,0.0,15735.0,15735.0,6.465329,-7.784062e-07,0.135975,-2.991004e-07,0.009028706,2.727585e-06,1.22,3.096628e-06,-2.532862e-05,2.796014e-06,-0.009059906,3.111197e-06,-0.000147149,1.223
2024_02_12_12_35_01_069,0.4,0.0,15833.0,15833.0,6.505692,-7.845561e-07,0.135975,-6.802335e-07,0.009028855,3.121072e-06,1.22,5.75835e-06,-5.124351e-05,-2.291814e-07,-0.01192093,6.310926e-05,0.0191275,1.223
2024_02_12_12_35_01_106,0.4,0.0,15943.0,15943.0,6.550947,-7.783666e-07,0.1359749,-3.633045e-07,0.009028795,5.127724e-06,1.22,-2.425235e-07,1.559383e-05,-2.926748e-06,-0.01835823,4.4116e-05,0.04982575,1.223
2024_02_12_12_35_01_144,0.4,0.0,16056.0,16056.0,6.597425,-8.078091e-07,0.1359749,-4.467438e-07,0.009028734,3.774969e-06,1.22,2.266606e-05,4.254753e-05,-1.33474e-05,-0.0128746,-2.338726e-05,0.0267718,1.223
2024_02_12_12_35_01_177,0.4,0.0,16154.0,16154.0,6.637788,-8.11059e-07,0.135975,-1.92134e-06,0.009028885,4.22105e-06,1.22,4.967253e-06,-5.912572e-05,2.590597e-06,-0.009775162,4.845682e-05,0.03057066,1.223
2024_02_12_12_35_01_215,0.4,0.0,16267.0,16267.0,6.684268,-8.001759e-07,0.135975,-1.193332e-06,0.009028826,5.310742e-06,1.22,2.713306e-06,-2.906379e-05,-5.141285e-06,-0.004410744,2.371935e-05,0.01522247,1.223
2024_02_12_12_35_01_248,0.4,0.0,16366.0,16365.0,6.72463,-8.257098e-07,0.135975,-2.744387e-07,0.009028764,2.834419e-06,1.22,1.864222e-05,-4.921553e-06,8.820412e-06,0.0004768371,-0.0001212197,7.078052e-05,1.223
2024_02_12_12_35_01_281,0.4,0.0,16464.0,16464.0,6.764994,-8.303454e-07,0.135975,5.95547e-07,0.009028794,5.315483e-06,1.22,2.56697e-05,-4.292087e-05,-1.706544e-05,-0.001192093,-0.0001670376,-6.984919e-05,1.223
2024_02_12_12_35_01_319,0.4,0.0,16577.0,16577.0,6.811471,-8.312844e-07,0.135975,-5.826226e-07,0.009028765,3.826884e-06,1.22,2.302338e-05,-2.569234e-05,1.397399e-05,-0.0001192093,-0.0002053145,0.03452972,1.223
2024_02_12_12_35_01_357,0.4,0.0,16687.0,16687.0,6.856727,-8.377709e-07,0.135975,-3.083966e-08,0.009028795,5.035009e-06,1.22,8.651351e-07,-5.382897e-05,-1.88323e-06,-0.004529953,1.467876e-05,5.215406e-05,1.223
2024_02_12_12_35_01_394,0.4,0.0,16800.0,16800.0,6.903205,-8.604889e-07,0.135975,-4.029172e-07,0.009028794,2.078442e-06,1.22,1.741606e-06,-5.404174e-05,1.157373e-06,-0.00166893,9.091372e-05,-0.01535471,1.223
2024_02_12_12_35_01_427,0.4,0.0,16898.0,16898.0,6.94357,-8.599857e-07,0.135975,2.64749e-07,0.009028705,3.468852e-06,1.22,-1.834182e-05,-6.540935e-05,9.465468e-06,0.01180172,-1.362719e-05,-0.01524016,1.223
2024_02_12_12_35_01_465,0.4,0.0,17011.0,17011.0,6.990048,-8.299436e-07,0.135975,-6.306537e-07,0.009028765,6.300467e-06,1.22,-1.711115e-05,-4.289558e-05,1.243381e-05,0.01585484,0.0002130842,0.0001238659,1.223
2024_02_12_12_35_01_498,0.4,0.0,17109.0,17109.0,7.030411,-8.063705e-07,0.135975,-4.215592e-07,0.009028737,6.444821e-06,1.22,-1.908181e-05,-7.795793e-06,1.406129e-05,-0.007390975,-5.67457e-05,0.003817491,1.223
2024_02_12_12_35_01_535,0.4,0.0,17222.0,17222.0,7.07689,-7.854557e-07,0.135975,1.976558e-06,0.009028616,7.410315e-06,1.22,-1.517975e-06,1.513358e-05,-2.709421e-06,0.0009536743,-0.000312873,1.955777e-05,1.223
2024_02_12_12_35_01_574,0.4,0.0,17333.0,17333.0,7.122146,-8.136817e-07,0.135975,1.484705e-06,0.009028616,7.564844e-06,1.22,-2.307921e-06,2.94541e-05,-3.025678e-06,0.009059906,-9.188039e-05,-0.007525086,1.223
2024_02_12_12_35_01_610,0.4,0.0,17443.0,17443.0,7.167401,-8.209697e-07,0.135975,2.560777e-06,0.009028706,9.062152e-06,1.22,-2.471301e-05,-1.752452e-05,-7.275784e-06,-0.007987022,-0.0001029148,0.007567927,1.223
2024_02_12_12_35_01_648,0.4,0.0,17556.0,17556.0,7.21388,-8.370115e-07,0.135975,4.887743e-07,0.009028706,9.644778e-06,1.22,-1.99411e-05,-2.172741e-05,1.814454e-05,0.005602836,-0.0002430265,3.72529e-05,1.223
2024_02_12_12_35_01_681,0.4,0.0,17654.0,17654.0,7.254241,-8.634519e-07,0.135975,-1.480545e-06,0.009028824,7.623995e-06,1.22,-3.956433e-07,-4.355759e-05,-6.846652e-06,-0.007390975,0.000366067,-5.215406e-05,1.223
2024_02_12_12_35_01_719,0.4,0.0,17767.0,17767.0,7.300719,-8.710289e-07,0.135975,1.550161e-07,0.009028794,9.173858e-06,1.22,-9.821722e-07,-2.890008e-05,1.072145e-06,-0.006318092,5.347635e-05,2.142042e-05,1.223
2024_02_12_12_35_01_757,0.4,0.0,17877.0,17877.0,7.345974,-8.484207e-07,0.1359749,8.153744e-07,0.009028675,1.240854e-05,1.22,-1.329479e-05,7.332726e-06,-1.294526e-05,0.001907349,-0.0001348646,-0.007647089,1.223
2024_02_12_12_35_01_795,0.4,0.0,17990.0,17990.0,7.392452,-8.555103e-07,0.135975,-1.208121e-06,0.009028646,1.214677e-05,1.22,-3.576651e-06,2.089413e-05,-5.404872e-06,-0.00655651,-8.915941e-05,0.007604248,1.223
2024_02_12_12_35_01_827,0.4,0.0,18088.0,18088.0,7.432815,-8.74045e-07,0.135975,-6.016919e-08,0.009028884,1.137404e-05,1.22,-3.061639e-07,-7.407951e-05,-1.079549e-06,-0.002384186,2.141056e-05,0.03047939,1.223
2024_02_12_12_35_01_865,0.4,0.0,18201.0,18201.0,7.479292,-8.789656e-07,0.1359749,3.407562e-07,0.009028706,1.116324e-05,1.22,-2.00042e-05,9.453722e-07,8.304099e-06,-0.009775162,4.482996e-05,0.03450643,1.223
2024_02_12_12_35_01_902,0.4,0.0,18311.0,18311.0,7.524548,-8.858772e-07,0.1359749,2.743594e-07,0.009028734,1.155398e-05,1.22,1.786947e-06,-8.765992e-06,-5.194174e-07,0.006318092,-6.249345e-05,-0.007420778,1.223
2024_02_12_12_35_01_940,0.4,0.0,18425.0,18425.0,7.571025,-9.042817e-07,0.135975,-3.476954e-07,0.009028826,9.462573e-06,1.22,-2.417537e-06,-1.006714e-05,-6.608293e-06,-0.0005960464,3.419518e-05,0.0115633,1.223
2024_02_12_12_35_01_978,0.4,0.0,18535.0,18535.0,7.616282,-9.156345e-07,0.135975,1.822919e-06,0.009028765,8.468513e-06,1.22,-9.576506e-07,-2.864143e-05,2.190096e-06,0.01239777,-8.344914e-05,8.754431e-05,1.223
2024_02_12_12_35_02_016,0.4,0.0,18648.0,18648.0,7.66276,-8.97578e-07,0.1359749,-1.440156e-06,0.009028795,1.176886e-05,1.22,-2.031105e-05,-2.675245e-05,-1.96851e-05,-0.001430511,-6.036074e-05,0.0230791,1.223
2024_02_12_12_35_02_052,0.4,0.0,18758.0,18758.0,7.708015,-9.058882e-07,0.135975,-7.252301e-07,0.009028795,1.088412e-05,1.22,-1.191069e-06,-5.11469e-05,-2.380851e-06,0.01657009,-0.0001473563,-0.01909584,1.223
2024_02_12_12_35_02_085,0.4,0.0,18856.0,18856.0,7.748367,-9.247108e-07,0.135975,5.926372e-07,0.009028764,1.053488e-05,1.22,-5.395741e-08,-9.4156e-06,-4.391009e-06,0.009298325,0.0001723772,0.01159403,1.223
2024_02_12_12_35_02_123,0.4,0.0,18969.0,18969.0,7.794839,-9.16227e-07,0.135975,1.415534e-06,0.009028706,1.491339e-05,1.22,4.084897e-06,2.222864e-05,6.529557e-06,-0.01049042,4.106141e-06,0.02296362,1.223
2024_02_12_12_35_02_160,0.4,0.0,19079.0,19079.0,7.840111,-9.359056e-07,0.135975,-6.874459e-07,0.009028645,1.542167e-05,1.22,2.30459e-06,-7.485585e-06,1.554137e-06,-0.002264977,9.50356e-05,-6.798655e-05,1.223
2024_02_12_12_35_02_194,0.4,0.0,19180.0,19180.0,7.881712,-9.175581e-07,0.1359749,-6.301075e-07,0.009028705,1.750303e-05,1.22,-2.033984e-05,-3.673467e-05,-2.178503e-05,0.0007152557,0.0001808542,0.01907535,1.223
2024_02_12_12_35_02_232,0.4,0.0,19290.0,19290.0,7.926984,-9.149393e-07,0.1359749,2.162383e-06,0.009028737,1.68061e-05,1.22,-1.90689e-05,-3.86809e-05,9.121768e-06,0.007152557,0.0001326692,-0.03813021,1.223
2024_02_12_12_35_02_269,0.4,0.0,19403.0,19403.0,7.973479,-9.149468e-07,0.1359749,1.830241e-06,0.009028737,1.724733e-05,1.22,-2.679255e-06,-9.751486e-07,-9.395017e-07,-0.001907349,-4.392146e-05,-8.102506e-05,1.223
2024_02_12_12_35_02_307,0.4,0.0,19514.0,19514.0,8.018751,-9.067074e-07,0.135975,-2.359086e-06,0.009028737,1.922363e-05,1.22,3.354591e-06,-1.764804e-05,-5.037274e-06,-0.004887581,0.000273587,-0.01525227,1.223
2024_02_12_12_35_02_344,0.4,0.0,19627.0,19627.0,8.065247,-8.988522e-07,0.135975,2.807952e-07,0.009028796,1.985921e-05,1.22,-2.6588e-06,-2.316729e-05,-1.645554e-06,-0.001072884,5.903624e-05,-0.0001238659,1.223
2024_02_12_12_35_02_382,0.4,0.0,19737.0,19737.0,8.110518,-9.183701e-07,0.135975,2.084501e-06,0.009028765,1.825401e-05,1.22,-6.220737e-06,2.89502e-05,-6.695489e-06,-0.01001358,9.812629e-05,0.007599592,1.223
2024_02_12_12_35_02_418,0.4,0.0,19850.0,19850.0,8.157014,-9.529646e-07,0.1359749,2.333568e-06,0.009028705,2.092737e-05,1.22,-2.289348e-05,3.8291e-05,1.611643e-05,-0.008583069,0.0002081855,0.02287514,1.223
2024_02_12_12_35_02_457,0.4,0.0,19960.0,19960.0,8.202286,-9.762302e-07,0.1359749,-5.844047e-07,0.009028705,2.056234e-05,1.22,-1.884246e-05,-1.43422e-05,-2.402814e-05,0.0004768371,0.0002327828,-0.01916569,1.223
2024_02_12_12_35_02_490,0.4,0.0,20061.0,20061.0,8.243887,-9.545043e-07,0.1359749,-8.496252e-07,0.009028617,2.405382e-05,1.22,1.9884e-05,2.514757e-05,-1.031082e-05,-0.008702278,4.891592e-05,0.03449339,1.223
2024_02_12_12_35_02_527,0.4,0.0,20171.0,20171.0,8.289159,-9.650548e-07,0.1359749,9.12225e-07,0.009028648,2.134951e-05,1.22,1.648705e-06,2.309257e-05,-1.841442e-06,0.007987022,0.0001362392,-0.01897197,1.223
2024_02_12_12_35_02_565,0.4,0.0,20284.0,20284.0,8.335654,-9.569513e-07,0.135975,-2.110873e-06,0.009028648,2.216964e-05,1.22,2.375284e-05,-9.976048e-07,2.13696e-05,0.003457069,-0.0001625027,-0.02674386,1.223
2024_02_12_12_35_02_603,0.4,0.0,20394.0,20394.0,8.380926,-9.539125e-07,0.1359749,8.624114e-07,0.009028587,2.310521e-05,1.22,1.609365e-05,1.294442e-05,1.198216e-05,-0.01382828,-0.0001775683,0.01121871,1.223
2024_02_12_12_35_02_640,0.4,0.0,20507.0,20507.0,8.427422,-9.804766e-07,0.1359749,-4.114354e-07,0.009028615,2.443266e-05,1.22,-2.830019e-06,1.899508e-05,-1.080773e-06,0.001788139,0.0002633197,-9.313226e-06,1.223
2024_02_12_12_35_02_677,0.4,0.0,20617.0,20617.0,8.472693,-9.99843e-07,0.135975,-5.557473e-07,0.009028677,2.390924e-05,1.22,-2.445578e-06,9.126271e-06,-4.628572e-06,-0.00655651,-1.741472e-05,0.01146737,1.223
2024_02_12_12_35_02_710,0.4,0.0,20716.0,20716.0,8.513071,-9.993969e-07,0.135975,5.004454e-07,0.009028795,2.548149e-05,1.22,-8.562753e-07,-3.827796e-05,5.740327e-08,0.004768372,-4.586837e-06,0.007635913,1.223
2024_02_12_12_35_02_748,0.4,0.0,20829.0,20829.0,8.559566,-1.011011e-06,0.135975,1.576586e-06,0.009028764,2.620923e-05,1.22,-1.857932e-05,-2.122481e-05,1.635354e-05,-0.0003576278,-0.0001200071,0.007566995,1.223
2024_02_12_12_35_02_786,0.4,0.0,20939.0,20939.0,8.604838,-1.027639e-06,0.135975,2.395941e-07,0.009028795,2.573878e-05,1.22,-4.06895e-06,-4.587699e-05,-3.725763e-06,-0.0007152557,0.0001275661,0.007627531,1.223
2024_02_12_12_35_02_819,0.4,0.0,21040.0,21040.0,8.64644,-1.049556e-06,0.135975,6.050292e-07,0.009028706,2.556201e-05,1.22,-2.355535e-06,1.868293e-05,-1.490072e-06,0.002980232,-6.073861e-05,-0.02292171,1.223
2024_02_12_12_35_02_852,0.4,0.0,21138.0,21138.0,8.686817,-1.066924e-06,0.135975,2.772881e-07,0.009028677,2.730144e-05,1.22,-2.466283e-06,5.955654e-06,3.41689e-06,-0.01060963,0.0001203945,-0.01532398,1.223
2024_02_12_12_35_02_890,0.4,0.0,21248.0,21248.0,8.732089,-1.095174e-06,0.135975,-6.141484e-07,0.009028735,2.399318e-05,1.22,4.242371e-06,2.105338e-05,6.887196e-07,0.004291534,0.0001482472,0.01152139,1.223
2024_02_12_12_35_02_927,0.4,0.0,21361.0,21361.0,8.778584,-1.088626e-06,0.135975,-4.235517e-07,0.009028676,2.396485e-05,1.22,-1.88259e-06,1.813115e-05,-3.750759e-06,-0.004529953,7.69835e-05,-0.01154467,1.223
2024_02_12_12_35_02_965,0.4,0.0,21471.0,21471.0,8.823856,-1.094812e-06,0.135975,2.552271e-07,0.009028706,2.693948e-05,1.22,-7.272454e-07,2.047948e-05,-2.124438e-07,0.01132488,-3.371013e-06,-0.007560476,1.223
2024_02_12_12_35_03_002,0.4,0.0,21584.0,21584.0,8.870352,-1.120807e-06,0.1359749,7.977258e-07,0.009028735,2.604479e-05,1.22,-3.631648e-06,2.87216e-05,-3.703935e-07,-0.006198883,5.814911e-05,-0.007574446,1.223
2024_02_12_12_35_03_040,0.4,0.0,21695.0,21695.0,8.915624,-1.154694e-06,0.1359749,-1.468765e-07,0.009028645,2.439633e-05,1.22,1.626093e-05,3.752207e-05,-1.250532e-05,-0.004172325,5.293282e-05,0.01521036,1.223
2024_02_12_12_35_03_077,0.4,0.0,21808.0,21808.0,8.962119,-1.181949e-06,0.135975,1.506455e-06,0.009028764,2.443381e-05,1.22,-1.031422e-06,2.465022e-06,4.207708e-06,0.002264977,-4.399095e-05,-0.01534261,1.223
2024_02_12_12_35_03_110,0.4,0.0,21906.0,21906.0,9.002497,-1.185524e-06,0.135975,-5.607529e-07,0.009028885,2.506232e-05,1.22,2.036064e-06,-4.122795e-06,1.754512e-06,0.00166893,2.85703e-05,0.01533702,1.223
2024_02_12_12_35_03_149,0.4,0.0,22019.0,22019.0,9.048992,-1.187359e-06,0.1359751,-1.225024e-08,0.009028856,2.559007e-05,1.22,-8.927606e-07,4.863217e-06,-1.237788e-06,-0.005841255,0.0001439382,0.01525879,1.223
2024_02_12_12_35_03_185,0.4,0.0,22129.0,22129.0,9.094264,-1.196012e-06,0.135975,5.779135e-07,0.009028737,2.772803e-05,1.22,-2.608364e-06,1.607033e-05,2.176753e-06,-0.005125999,-2.489975e-05,0.01909956,1.223
2024_02_12_12_35_03_223,0.4,0.0,22242.0,22242.0,9.140759,-1.212854e-06,0.135975,2.505393e-06,0.009028676,2.837623e-05,1.22,-1.820397e-06,-3.632734e-06,6.985607e-06,0.01168251,-0.0002199468,-0.03057159,1.223
2024_02_12_12_35_03_256,0.4,0.0,22340.0,22340.0,9.181137,-1.234723e-06,0.1359748,1.855014e-06,0.009028586,2.943051e-05,1.22,-2.775568e-06,1.141284e-05,2.515397e-06,0.02121925,-5.775257e-05,-0.03812741,1.223
2024_02_12_12_35_03_293,0.4,0.0,22453.0,22453.0,9.227633,-1.262204e-06,0.1359749,2.179583e-07,0.009028645,2.893453e-05,1.22,-1.978919e-07,2.99919e-05,-2.467222e-07,-0.01823902,-4.0244e-06,0.06112083,1.223
2024_02_12_12_35_03_331,0.4,0.0,22563.0,22563.0,9.272904,-1.273536e-06,0.135975,1.018753e-06,0.009028676,2.989448e-05,1.22,-2.340555e-05,7.059882e-06,-1.098347e-05,0.002741813,2.407631e-05,-0.0152681,1.223
2024_02_12_12_35_03_369,0.4,0.0,22676.0,22676.0,9.3194,-1.311404e-06,0.135975,-3.964363e-07,0.009028706,2.720085e-05,1.22,-3.124808e-06,8.272013e-06,-1.776622e-06,-0.01001358,1.924343e-05,-0.003729947,1.223
2024_02_12_12_35_03_407,0.4,0.0,22787.0,22787.0,9.364672,-1.352755e-06,0.135975,-4.861739e-07,0.009028675,2.533029e-05,1.22,-1.989947e-07,3.97092e-05,-6.581554e-06,-0.006198883,0.0001552432,0.04583411,1.223
2024_02_12_12_35_03_444,0.4,0.0,22900.0,22900.0,9.411167,-1.342444e-06,0.135975,2.858403e-07,0.009028646,2.697965e-05,1.22,1.525896e-06,1.407948e-05,1.162137e-06,0.01180172,-7.117142e-05,-0.007762573,1.223
2024_02_12_12_35_03_482,0.4,0.0,23010.0,23010.0,9.456439,-1.334798e-06,0.135975,-1.186086e-06,0.009028737,2.838624e-05,1.22,3.016656e-06,2.203649e-05,-4.907074e-06,0.007033348,0.0001167607,-0.01503341,1.223
2024_02_12_12_35_03_515,0.4,0.0,23108.0,23108.0,9.496817,-1.328897e-06,0.135975,6.046495e-07,0.009028764,3.000267e-05,1.22,1.39353e-06,-2.955424e-05,-2.218807e-06,-0.002384186,-0.0001468284,0.01527183,1.223
2024_02_12_12_35_03_552,0.4,0.0,23221.0,23221.0,9.543312,-1.354884e-06,0.135975,2.79204e-07,0.009028796,3.266594e-05,1.22,-4.194218e-06,-3.760243e-05,1.021611e-06,-0.01275539,0.0001324683,0.02295337,1.223
2024_02_12_12_35_03_589,0.4,0.0,23331.0,23331.0,9.588584,-1.377451e-06,0.135975,-2.771712e-07,0.009028795,3.080996e-05,1.22,2.202347e-05,-4.471688e-05,-7.276018e-06,-0.003576278,-0.0002337397,-0.01155864,1.223
2024_02_12_12_35_03_627,0.4,0.0,23444.0,23444.0,9.635079,-1.396781e-06,0.135975,5.916448e-07,0.009028765,3.016937e-05,1.22,-1.870683e-06,1.063407e-05,-2.976397e-07,0.003457069,4.218054e-05,0.007509253,1.223
2024_02_12_12_35_03_665,0.4,0.0,23554.0,23554.0,9.680351,-1.43884e-06,0.135975,-3.069816e-07,0.009028766,2.757728e-05,1.22,4.853933e-07,6.064775e-06,3.464315e-06,-0.001192093,0.0002074602,1.862645e-06,1.223
2024_02_12_12_35_03_702,0.4,0.0,23667.0,23667.0,9.726847,-1.478771e-06,0.135975,1.246046e-07,0.009028765,2.617016e-05,1.22,1.888335e-05,6.019791e-06,-9.235231e-06,-0.00846386,0.0001108464,-0.01153536,1.223
2024_02_12_12_35_03_736,0.4,0.0,23765.0,23765.0,9.767224,-1.521797e-06,0.1359749,9.577992e-08,0.009028735,2.537211e-05,1.22,8.499424e-07,4.245964e-05,-2.506154e-06,0.0005960464,5.723461e-05,0.02305768,1.223
2024_02_12_12_35_03_773,0.4,0.0,23879.0,23879.0,9.81372,-1.536453e-06,0.1359749,-4.315861e-07,0.009028705,2.481693e-05,1.22,2.661069e-07,2.093879e-05,4.464083e-07,0.006318092,-0.000104968,-0.02673082,1.223
2024_02_12_12_35_03_806,0.4,0.0,23977.0,23977.0,9.854097,-1.558532e-06,0.135975,-2.150363e-08,0.009028796,2.367902e-05,1.22,2.504103e-07,2.900074e-05,-2.091868e-06,0.01609325,1.008561e-05,-0.007688067,1.223
2024_02_12_12_35_03_844,0.4,0.0,24090.0,24090.0,9.900593,-1.5872e-06,0.135975,-1.554616e-06,0.009028706,2.150596e-05,1.22,4.2487e-05,1.363835e-05,8.246285e-06,-0.00667572,1.758116e-05,-0.003789551,1.223
2024_02_12_12_35_03_886,0.4,0.0,24212.0,24212.0,9.950759,-1.602987e-06,0.135975,1.273227e-06,0.009028645,2.055989e-05,1.22,-1.751031e-06,8.466447e-06,1.990182e-07,-0.007271766,0.0001347031,0.03050919,1.223
2024_02_12_12_35_03_930,0.4,0.0,24337.0,24337.0,10.00215,-1.62876e-06,0.1359749,6.340402e-07,0.009028646,2.1184e-05,1.22,-1.913837e-05,2.903505e-05,7.834306e-06,0.01001358,0.000166529,-0.01138169,1.223
2024_02_12_12_35_03_965,0.4,0.0,24447.0,24447.0,10.04742,-1.659683e-06,0.1359749,6.012017e-07,0.009028615,1.954299e-05,1.22,1.158999e-07,2.527834e-05,-2.576501e-06,0.01132488,2.752108e-05,-0.0229245,1.223
2024_02_12_12_35_04_002,0.4,0.0,24560.0,24560.0,10.09392,-1.686508e-06,0.1359749,-5.242068e-07,0.009028645,1.986058e-05,1.22,2.125869e-05,2.074545e-05,2.433319e-05,0.01382828,-4.317709e-05,4.470348e-05,1.223
2024_02_12_12_35_04_040,0.4,0.0,24670.0,24670.0,10.13919,-1.714519e-06,0.135975,-1.67236e-07,0.009028737,2.113286e-05,1.22,2.578046e-06,1.705051e-05,2.321921e-06,-0.01299381,0.000266649,0.01141895,1.223
2024_02_12_12_35_04_076,0.4,0.0,24783.0,24783.0,10.18568,-1.731981e-06,0.135975,1.478571e-06,0.009028707,1.996551e-05,1.22,-2.039964e-05,7.009871e-06,1.203289e-05,0.002622604,-0.0001958683,-0.0189878,1.223
2024_02_12_12_35_04_115,0.4,0.0,24893.0,24893.0,10.23096,-1.754179e-06,0.135975,-9.904749e-07,0.009028706,1.847942e-05,1.22,4.322352e-07,2.442167e-05,-6.2824e-06,-0.008225441,5.323994e-05,0.01525693,1.223
2024_02_12_12_35_04_148,0.4,0.0,24994.0,24994.0,10.27256,-1.754522e-06,0.135975,-4.017305e-07,0.009028765,1.988698e-05,1.22,2.391693e-06,1.959079e-05,7.562369e-08,0.007390975,-6.475351e-05,-0.007497146,1.223
2024_02_12_12_35_04_185,0.4,0.0,25104.0,25104.0,10.31783,-1.756423e-06,0.135975,1.496041e-07,0.009028737,2.173461e-05,1.22,1.033696e-06,-1.679797e-05,4.778748e-07,0.010252,-2.458475e-05,-0.01526438,1.223
2024_02_12_12_35_04_218,0.4,0.0,25203.0,25203.0,10.35821,-1.781407e-06,0.135975,1.22331e-06,0.009028707,1.984512e-05,1.22,-3.289831e-07,1.400508e-05,2.36461e-06,-0.001072884,-3.654446e-05,0.02287421,1.223
2024_02_12_12_35_04_256,0.4,0.0,25316.0,25316.0,10.4047,-1.795138e-06,0.135975,1.386771e-06,0.009028885,2.1701e-05,1.22,-7.946198e-07,-4.512739e-05,2.027168e-06,0.007390975,-2.71346e-05,-0.02290588,1.223
2024_02_12_12_35_04_294,0.4,0.0,25426.0,25426.0,10.44997,-1.850163e-06,0.135975,-4.01024e-07,0.009028737,1.824279e-05,1.22,1.027164e-06,7.558113e-06,-3.640336e-07,-0.003695488,0.0001843926,-0.007657334,1.223
2024_02_12_12_35_04_327,0.4,0.0,25527.0,25527.0,10.49157,-1.855692e-06,0.1359749,-6.730074e-07,0.009028706,1.852754e-05,1.22,4.673969e-06,3.739469e-05,-3.514732e-09,-0.002980232,4.468882e-05,-0.007580965,1.223
2024_02_12_12_35_04_361,0.4,0.0,25625.0,25625.0,10.53195,-1.821516e-06,0.1359749,-1.307762e-06,0.009028707,2.225747e-05,1.22,7.758159e-06,1.384957e-05,-1.025177e-05,0.01180172,2.204297e-05,-0.02670009,1.223
2024_02_12_12_35_04_398,0.4,0.0,25738.0,25738.0,10.57845,-1.817172e-06,0.135975,9.376002e-07,0.009028737,2.193744e-05,1.22,2.206101e-05,3.061872e-05,1.792504e-05,-0.002264977,-0.0002462171,0.003931113,1.223
2024_02_12_12_35_04_436,0.4,0.0,25848.0,25848.0,10.62372,-1.858807e-06,0.135975,-5.225666e-07,0.009028735,2.003901e-05,1.22,1.893617e-05,2.912666e-05,1.52312e-05,-0.006198883,-9.47399e-05,0.03431831,1.223
2024_02_12_12_35_04_475,0.4,0.0,25961.0,25961.0,10.67021,-1.876517e-06,0.135975,4.528811e-07,0.009028796,2.048615e-05,1.22,-1.776627e-06,2.278011e-05,-2.322209e-06,-0.02217293,7.473346e-05,0.03046635,1.223
2024_02_12_12_35_04_506,0.4,0.0,26060.0,26060.0,10.71059,-1.898746e-06,0.135975,1.508823e-06,0.009028885,2.107956e-05,1.22,-2.276206e-06,-1.433489e-05,8.163966e-06,0.006318092,-0.0002067331,-0.003792345,1.223
2024_02_12_12_35_04_543,0.4,0.0,26170.0,26170.0,10.75586,-1.915766e-06,0.135975,-4.583446e-07,0.009028826,1.953571e-05,1.22,3.939468e-07,5.927717e-06,-3.280527e-06,-0.01394749,0.0001324738,-3.818423e-05,1.223
2024_02_12_12_35_04_581,0.4,0.0,26283.0,26283.0,10.80236,-1.947225e-06,0.1359751,6.96493e-07,0.009028766,1.908818e-05,1.22,-6.024628e-07,-3.081758e-05,2.124211e-06,-0.003933907,-2.003975e-05,0.03070757,1.223
2024_02_12_12_35_04_618,0.4,0.0,26393.0,26393.0,10.84763,-1.984198e-06,0.135975,1.496932e-06,0.009028705,1.572169e-05,1.22,-1.234289e-06,-4.704839e-07,1.018038e-07,-0.003933907,-0.000244849,-8.754431e-05,1.223
2024_02_12_12_35_04_656,0.4,0.0,26506.0,26506.0,10.89413,-2.020166e-06,0.135975,-3.128447e-08,0.009028737,1.361702e-05,1.22,-8.316184e-07,-3.461506e-06,-1.373129e-06,0.01192093,0.000133466,-0.03054831,1.223
2024_02_12_12_35_04_693,0.4,0.0,26616.0,26616.0,10.9394,-2.051489e-06,0.135975,4.501617e-07,0.009028794,1.383514e-05,1.22,1.601186e-06,-3.120894e-05,1.974226e-06,0.003933907,-7.800693e-05,-0.03062282,1.223
2024_02_12_12_35_04_732,0.4,0.0,26729.0,26729.0,10.98589,-2.069058e-06,0.135975,-3.083306e-07,0.009028796,1.15797e-05,1.22,2.480842e-06,2.091279e-05,-1.368718e-06,0.00989437,9.625213e-05,-0.007740221,1.223
2024_02_12_12_35_04_764,0.4,0.0,26827.0,26827.0,11.02627,-2.064254e-06,0.135975,-2.793453e-07,0.009028765,1.329073e-05,1.22,-1.693525e-05,3.682029e-06,6.907836e-06,-0.007867813,-8.289248e-05,0.01135282,1.223
2024_02_12_12_35_04_802,0.4,0.0,26940.0,26940.0,11.07277,-2.056279e-06,0.135975,-2.653584e-07,0.009028766,1.444974e-05,1.22,4.408285e-06,3.738587e-05,3.459773e-07,-0.01108646,0.0002739677,0.0382131,1.223
2024_02_12_12_35_04_839,0.4,0.0,27050.0,27050.0,11.11804,-2.066114e-06,0.135975,1.503663e-06,0.009028704,1.314953e-05,1.22,-2.705647e-06,4.712344e-06,2.402857e-06,0.01120567,-0.0001201056,-0.0306014,1.223
2024_02_12_12_35_04_872,0.4,0.0,27152.0,27152.0,11.15964,-2.100698e-06,0.135975,9.12183e-07,0.009028766,1.187453e-05,1.22,-2.329824e-05,-2.659889e-05,1.308003e-05,-0.002145767,4.98776e-05,0.007651746,1.223
2024_02_12_12_35_04_910,0.4,0.0,27262.0,27262.0,11.20491,-2.114467e-06,0.1359751,1.137539e-06,0.009028945,1.086501e-05,1.22,-2.017189e-05,-6.616164e-05,1.116514e-05,0.004887581,-4.083544e-05,0.0037672,1.223
2024_02_12_12_35_04_949,0.4,0.0,27375.0,27375.0,11.25141,-2.118263e-06,0.1359751,7.653155e-07,0.009028945,1.115432e-05,1.22,2.998844e-06,-5.983902e-05,-1.339418e-06,0.002384186,-0.0001477549,-7.450581e-05,1.223
2024_02_12_12_35_04_981,0.4,0.0,27473.0,27473.0,11.29179,-2.128422e-06,0.135975,-4.234196e-07,0.009028855,1.231206e-05,1.22,2.167524e-07,-5.352e-07,-1.224352e-05,0.000834465,0.0002416433,-4.656613e-06,1.223
2024_02_12_12_35_05_019,0.4,0.0,27583.0,27583.0,11.33706,-2.140296e-06,0.135975,-1.277691e-06,0.009028826,1.321952e-05,1.22,3.089183e-06,-2.821685e-06,1.355915e-06,-0.001072884,0.0002289465,0.01143943,1.223
2024_02_12_12_35_05_056,0.4,0.0,27696.0,27696.0,11.38355,-2.138284e-06,0.1359749,1.878835e-07,0.009028735,1.340706e-05,1.22,5.408165e-07,-1.642653e-05,-4.641231e-07,0.01740456,-3.647642e-06,-0.04588905,1.223
2024_02_12_12_35_05_093,0.4,0.0,27806.0,27806.0,11.42882,-2.152787e-06,0.135975,9.459019e-07,0.009028796,1.481873e-05,1.22,-2.325936e-05,2.13407e-05,-1.022507e-05,-0.02193451,0.0001087856,0.06114784,1.223
2024_02_12_12_35_05_131,0.4,0.0,27919.0,27919.0,11.47532,-2.159815e-06,0.135975,6.132217e-07,0.009028737,1.500232e-05,1.22,7.2316e-07,9.82944e-06,5.888354e-06,-0.001788139,-0.000362684,-0.003849156,1.223
2024_02_12_12_35_05_168,0.4,0.0,28029.0,28029.0,11.52059,-2.161552e-06,0.135975,-6.724857e-07,0.009028737,1.296378e-05,1.22,-1.715481e-05,-2.642485e-06,1.026301e-05,-0.002622604,0.0001260224,0.003814697,1.223
2024_02_12_12_35_05_201,0.4,0.0,28130.0,28130.0,11.56219,-2.169965e-06,0.135975,1.173264e-06,0.009028796,1.328395e-05,1.22,-2.388703e-06,-1.205439e-05,2.803266e-06,-0.00500679,2.813488e-05,0.03066845,1.223
2024_02_12_12_35_05_239,0.4,0.0,28241.0,28241.0,11.60746,-2.202421e-06,0.135975,-9.758406e-07,0.009028706,1.123984e-05,1.22,2.052073e-05,2.179428e-05,1.412952e-05,0.006318092,4.246388e-05,-0.01904462,1.223
2024_02_12_12_35_05_277,0.4,0.0,28354.0,28354.0,11.65396,-2.211921e-06,0.135975,1.81626e-06,0.009028765,1.165682e-05,1.22,2.62858e-06,9.843136e-06,7.212298e-06,-0.00655651,7.928559e-05,0.00766199,1.223
2024_02_12_12_35_05_314,0.4,0.0,28464.0,28464.0,11.69923,-2.220899e-06,0.135975,1.363893e-06,0.009028764,1.109282e-05,1.22,-2.104746e-05,-4.494532e-06,1.229852e-05,0.01227856,-3.007919e-05,0.003789551,1.223
2024_02_12_12_35_05_353,0.4,0.0,28577.0,28577.0,11.74573,-2.214727e-06,0.135975,-8.995239e-07,0.009028707,1.433932e-05,1.22,3.975318e-06,-1.808251e-05,-6.236744e-06,0.007152557,0.0001084259,-3.818423e-05,1.223
2024_02_12_12_35_05_390,0.4,0.0,28687.0,28687.0,11.791,-2.209453e-06,0.1359749,1.964899e-07,0.009028737,1.37898e-05,1.22,3.195216e-06,-1.070047e-05,-1.318216e-06,0.007390975,3.303813e-05,-0.0265995,1.223
2024_02_12_12_35_05_427,0.4,0.0,28800.0,28800.0,11.83749,-2.21094e-06,0.1359749,-5.594858e-08,0.009028646,1.332509e-05,1.22,-3.40357e-07,-6.721267e-07,1.473984e-06,0.003814697,-2.951168e-07,-0.01529604,1.223
2024_02_12_12_35_05_460,0.4,0.0,28898.0,28898.0,11.87787,-2.223515e-06,0.135975,1.371247e-06,0.009028765,1.461471e-05,1.22,-2.192458e-05,-2.265933e-05,-1.584392e-05,0.006794929,3.5255e-05,-0.00382401,1.223
2024_02_12_12_35_05_497,0.4,0.0,29008.0,29008.0,11.92314,-2.232857e-06,0.135975,-6.156167e-07,0.009028706,1.512601e-05,1.22,-5.49872e-07,-1.766298e-05,-8.647331e-06,0.007390975,-7.691263e-05,-0.0229394,1.223
2024_02_12_12_35_05_535,0.4,0.0,29121.0,29121.0,11.96964,-2.230446e-06,0.135975,2.482601e-07,0.009028766,1.662319e-05,1.22,-1.137702e-06,-1.011643e-05,1.185095e-07,-0.01871586,3.208987e-05,0.01519266,1.223
2024_02_12_12_35_05_568,0.4,0.0,29220.0,29219.0,12.01002,-2.240605e-06,0.135975,7.124268e-07,0.009028676,1.610752e-05,1.22,-1.394776e-06,-1.826408e-05,-3.32899e-07,0.01728535,4.352245e-05,-0.04589837,1.223
2024_02_12_12_35_05_606,0.4,0.0,29333.0,29333.0,12.05651,-2.251479e-06,0.1359748,8.9062e-07,0.009028587,1.665611e-05,1.22,-1.379107e-06,5.263287e-05,9.046595e-06,-0.00333786,-0.0002805151,0.007742084,1.223
2024_02_12_12_35_05_643,0.4,0.0,29443.0,29443.0,12.10178,-2.259739e-06,0.1359749,-2.341331e-07,0.009028673,1.638006e-05,1.22,1.273545e-06,1.553896e-05,-1.900726e-07,-0.01764297,5.912474e-05,0.02285372,1.223
2024_02_12_12_35_05_677,0.4,0.0,29544.0,29544.0,12.14339,-2.239092e-06,0.135975,-1.043659e-06,0.009028648,1.699506e-05,1.22,-3.734405e-05,6.922665e-06,-1.115024e-05,-0.007987022,0.0001281087,0.007607974,1.223
2024_02_12_12_35_05_710,0.4,0.0,29642.0,29642.0,12.18376,-2.230993e-06,0.135975,-2.400278e-07,0.009028737,1.595147e-05,1.22,1.757581e-07,-2.549048e-06,-4.854555e-07,0.003218651,-4.092413e-05,-7.357448e-05,1.223
2024_02_12_12_35_05_747,0.4,0.0,29752.0,29752.0,12.22904,-2.239547e-06,0.135975,3.27821e-07,0.009028676,1.591652e-05,1.22,-1.748704e-06,-1.016011e-05,-8.509879e-07,0.01108646,3.495961e-05,-0.007584691,1.223
2024_02_12_12_35_05_781,0.4,0.0,29853.0,29853.0,12.27064,-2.243082e-06,0.135975,2.25438e-07,0.009028737,1.780121e-05,1.22,-1.05988e-06,2.927995e-05,6.757307e-07,-0.006914138,5.246889e-06,0.02289563,1.223
2024_02_12_12_35_05_818,0.4,0.0,29966.0,29966.0,12.31713,-2.248367e-06,0.1359749,6.454275e-07,0.009028677,1.807325e-05,1.22,-9.653526e-07,3.19467e-05,2.586981e-06,-0.01871586,-6.26496e-05,0.02302788,1.223
2024_02_12_12_35_05_857,0.4,0.0,30076.0,30076.0,12.3624,-2.266434e-06,0.135975,1.545253e-06,0.009028707,1.525166e-05,1.22,-2.545883e-05,-1.218885e-05,8.156361e-06,-0.003218651,-0.0001309445,-0.003918074,1.223
2024_02_12_12_35_05_889,0.4,0.0,30175.0,30175.0,12.40278,-2.277709e-06,0.1359749,-7.435079e-07,0.009028616,1.630105e-05,1.22,1.861634e-05,3.536912e-05,1.627487e-05,-0.006079673,5.183551e-07,0.03434625,1.223
2024_02_12_12_35_05_926,0.4,0.0,30288.0,30288.0,12.44928,-2.303912e-06,0.1359749,1.660257e-07,0.009028675,1.659948e-05,1.22,-9.689535e-07,2.93037e-05,-1.140718e-07,0.005483627,2.503978e-05,5.681067e-05,1.223
2024_02_12_12_35_05_965,0.4,0.0,30398.0,30398.0,12.49455,-2.301601e-06,0.135975,8.574786e-07,0.009028707,1.882627e-05,1.22,-2.078697e-05,-1.311339e-05,-1.121673e-05,-0.002741813,6.319004e-05,-0.01142267,1.223
2024_02_12_12_35_05_998,0.4,0.0,30496.0,30496.0,12.53493,-2.278462e-06,0.135975,4.929411e-07,0.009028795,2.280338e-05,1.22,2.210409e-07,-4.684016e-06,2.201472e-06,0.002861023,-4.717782e-05,-4.656613e-05,1.223
2024_02_12_12_35_06_030,0.4,0.0,30597.0,30597.0,12.57653,-2.293041e-06,0.135975,8.110459e-07,0.009028796,2.123816e-05,1.22,-2.993701e-06,2.90274e-05,8.88024e-06,-0.01311302,-0.0001247772,0.02288539,1.223
2024_02_12_12_35_06_068,0.4,0.0,30707.0,30707.0,12.6218,-2.308248e-06,0.135975,8.328631e-07,0.009028765,2.066879e-05,1.22,-4.89344e-07,1.783831e-05,9.35084e-06,0.0140667,-0.0002810672,-0.02277456,1.223
2024_02_12_12_35_06_105,0.4,0.0,30820.0,30820.0,12.66829,-2.339123e-06,0.135975,-6.11943e-07,0.009028765,1.949499e-05,1.22,1.80286e-05,2.692904e-05,1.848281e-05,0.009179115,-0.000128719,-0.02277363,1.223
2024_02_12_12_35_06_144,0.4,0.0,30930.0,30930.0,12.71357,-2.33543e-06,0.135975,-1.963286e-06,0.009028764,2.212527e-05,1.22,2.129486e-05,1.586147e-05,-1.113067e-05,0.008702278,-0.0002075785,-0.02278387,1.223
2024_02_12_12_35_06_181,0.4,0.0,31044.0,31044.0,12.76006,-2.33949e-06,0.135975,-8.826169e-07,0.009028737,2.214766e-05,1.22,-1.447571e-07,-1.082369e-05,3.242302e-06,0.005722045,8.658352e-05,-0.02296269,1.223
2024_02_12_12_35_06_214,0.4,0.0,31142.0,31142.0,12.80044,-2.367266e-06,0.135975,-1.491574e-07,0.009028676,1.853491e-05,1.22,-3.947672e-06,3.361399e-05,-1.251317e-05,-0.001072884,1.680081e-05,0.003828667,1.223
2024_02_12_12_35_06_251,0.4,0.0,31255.0,31255.0,12.84694,-2.384071e-06,0.135975,7.802266e-07,0.009028707,2.009075e-05,1.22,-2.269241e-06,1.212181e-05,-5.464389e-07,0.01525879,7.569315e-05,-0.02283696,1.223
2024_02_12_12_35_06_285,0.4,0.0,31353.0,31353.0,12.88731,-2.400143e-06,0.135975,2.121274e-06,0.009028856,2.025856e-05,1.22,-9.932768e-07,-3.883441e-05,1.019578e-05,0.0004768371,-9.370168e-05,0.003897585,1.223
2024_02_12_12_35_06_323,0.4,0.0,31463.0,31463.0,12.93258,-2.421701e-06,0.135975,1.220231e-07,0.009028826,2.010362e-05,1.22,8.14584e-08,-2.946961e-05,-3.245269e-06,-0.002503395,6.319575e-05,0.007728114,1.223
2024_02_12_12_35_06_360,0.4,0.0,31576.0,31576.0,12.97908,-2.42964e-06,0.1359749,-1.674349e-06,0.009028705,2.070166e-05,1.22,2.386598e-06,7.567841e-06,-5.693286e-07,-0.005960464,8.080536e-05,0.03811345,1.223
2024_02_12_12_35_06_398,0.4,0.0,31687.0,31687.0,13.02435,-2.453082e-06,0.135975,-6.340625e-07,0.009028766,1.819671e-05,1.22,7.823885e-08,-1.806368e-05,-1.552945e-06,0.0003576278,2.98902e-05,0.003839843,1.223
2024_02_12_12_35_06_434,0.4,0.0,31800.0,31800.0,13.07085,-2.476698e-06,0.135975,8.834592e-07,0.009028676,1.807099e-05,1.22,-6.295712e-07,2.922882e-06,6.411914e-06,0.003576278,-0.0002297298,-0.01532957,1.223
2024_02_12_12_35_06_472,0.4,0.0,31910.0,31910.0,13.11612,-2.501844e-06,0.1359749,6.742273e-07,0.009028705,1.808088e-05,1.22,-1.740126e-06,-1.81831e-06,1.885015e-07,-0.01144409,1.750311e-05,0.007521361,1.223
2024_02_12_12_35_06_509,0.4,0.0,32023.0,32023.0,13.16261,-2.519916e-06,0.135975,-3.824431e-08,0.009028677,1.74315e-05,1.22,8.769895e-07,1.727717e-05,-1.639762e-06,-0.0115633,-1.747395e-05,0.04594773,1.223
2024_02_12_12_35_06_544,0.4,0.0,32121.0,32121.0,13.20299,-2.567419e-06,0.1359749,2.207196e-06,0.009028735,1.398898e-05,1.22,-2.102744e-05,1.855237e-05,1.229844e-05,-0.002622604,0.000194761,0.01536216,1.223
2024_02_12_12_35_06_581,0.4,0.0,32234.0,32234.0,13.24949,-2.60272e-06,0.135975,-5.055273e-07,0.009028675,1.088511e-05,1.22,1.374134e-06,3.495649e-05,1.603644e-06,0.002145767,9.366703e-05,0.0001024455,1.223
2024_02_12_12_35_06_619,0.4,0.0,32344.0,32344.0,13.29476,-2.570285e-06,0.1359749,-2.548332e-06,0.009028707,1.511895e-05,1.22,6.565641e-06,2.791283e-05,-3.368555e-06,0.003814697,8.127074e-05,-0.007648952,1.223
2024_02_12_12_35_06_656,0.4,0.0,32458.0,32458.0,13.34126,-2.545833e-06,0.135975,-2.426188e-07,0.009028646,1.588559e-05,1.22,2.30171e-06,1.385973e-05,-1.129969e-07,0.005364418,2.917659e-05,-0.01548976,1.223
2024_02_12_12_35_06_690,0.4,0.0,32556.0,32556.0,13.38163,-2.537204e-06,0.135975,1.004156e-06,0.009028766,1.645652e-05,1.22,-2.114502e-05,-3.436639e-05,1.275556e-05,-0.01490116,-5.639631e-05,0.02667494,1.223
2024_02_12_12_35_06_727,0.4,0.0,32666.0,32666.0,13.4269,-2.555454e-06,0.1359749,-3.95546e-07,0.009028735,1.465425e-05,1.22,9.451651e-07,-5.089212e-06,1.593879e-06,0.001788139,7.277893e-05,-6.146729e-05,1.223
2024_02_12_12_35_06_764,0.4,0.0,32779.0,32779.0,13.4734,-2.554734e-06,0.135975,-1.181618e-06,0.009028885,1.450813e-05,1.22,-5.499998e-06,-8.260102e-05,-5.482774e-06,0.007629394,-0.0001145563,-0.03444869,1.223
2024_02_12_12_35_06_801,0.4,0.0,32889.0,32889.0,13.51867,-2.564623e-06,0.135975,3.213873e-07,0.009028826,1.50452e-05,1.22,-1.449144e-08,-5.093396e-06,-1.585801e-06,0.002264977,-1.290526e-05,0.007658265,1.223
2024_02_12_12_35_06_840,0.4,0.0,33002.0,33002.0,13.56517,-2.570068e-06,0.135975,1.464479e-07,0.009028826,1.697209e-05,1.22,8.128481e-07,-2.075005e-05,4.090447e-06,-0.001907349,0.0001432757,-0.02676807,1.223
2024_02_12_12_35_06_873,0.4,0.0,33104.0,33103.0,13.60677,-2.571577e-06,0.135975,1.256826e-08,0.009028826,1.732834e-05,1.22,-2.37123e-07,2.403808e-05,4.65739e-06,-0.02062321,-0.000121701,0.05745608,1.223
2024_02_12_12_35_06_911,0.4,0.0,33214.0,33214.0,13.65204,-2.588565e-06,0.135975,-9.68635e-08,0.009028766,1.6359e-05,1.22,-1.338911e-06,3.172099e-05,-1.885103e-06,-0.01072884,3.996686e-05,0.02300646,1.223
2024_02_12_12_35_06_948,0.4,0.0,33327.0,33327.0,13.69854,-2.574786e-06,0.1359749,-8.675867e-07,0.009028764,1.767371e-05,1.22,4.206619e-06,1.129636e-05,2.795167e-06,0.0009536743,7.360586e-05,-0.003811903,1.223
2024_02_12_12_35_06_984,0.4,0.0,33437.0,33437.0,13.74381,-2.565169e-06,0.135975,-2.142969e-07,0.009028676,1.846541e-05,1.22,-5.427059e-08,1.588025e-05,4.222824e-06,0.004291534,8.371188e-06,0.0001117587,1.223
2024_02_12_12_35_07_023,0.4,0.0,33550.0,33550.0,13.7903,-2.538727e-06,0.135975,-1.769656e-07,0.009028737,1.883911e-05,1.22,1.959225e-05,2.540026e-05,1.517527e-05,-0.00166893,-0.000147937,-0.01523644,1.223
2024_02_12_12_35_07_060,0.4,0.0,33660.0,33660.0,13.83558,-2.551354e-06,0.1359749,-1.898329e-07,0.009028645,1.931347e-05,1.22,-4.398354e-06,6.176912e-06,-6.543753e-06,0.01990795,0.0002534956,-0.06103981,1.223
2024_02_12_12_35_07_097,0.4,0.0,33773.0,33773.0,13.88207,-2.573312e-06,0.1359749,8.949918e-07,0.009028646,1.720892e-05,1.22,-2.411154e-05,3.12759e-05,8.891846e-06,-0.001430511,0.0001310977,0.02295337,1.223
2024_02_12_12_35_07_135,0.4,0.0,33883.0,33883.0,13.92734,-2.600367e-06,0.1359749,-4.707595e-07,0.009028616,1.724778e-05,1.22,-3.659786e-06,3.75646e-05,-9.034409e-06,0.0007152557,4.643056e-05,0.0191899,1.223
2024_02_12_12_35_07_174,0.4,0.0,33997.0,33997.0,13.97384,-2.629679e-06,0.135975,2.490539e-08,0.009028677,1.567502e-05,1.22,-2.855363e-06,1.256455e-05,1.800961e-06,0.01013279,-1.620347e-05,-0.04972424,1.223
2024_02_12_12_35_07_210,0.4,0.0,34107.0,34107.0,14.01911,-2.653022e-06,0.135975,3.590348e-07,0.009028705,1.544307e-05,1.22,-6.103654e-07,1.626121e-05,-8.992835e-08,-0.007987022,1.626785e-05,0.007628463,1.223
2024_02_12_12_35_07_247,0.4,0.0,34217.0,34217.0,14.06438,-2.644264e-06,0.1359749,-7.158884e-07,0.009028645,1.830973e-05,1.22,2.055037e-05,4.75491e-05,-1.342128e-05,-0.009655952,-2.022415e-05,0.01912564,1.223
2024_02_12_12_35_07_285,0.4,0.0,34330.0,34330.0,14.11088,-2.665253e-06,0.1359749,-3.896919e-07,0.009028646,1.821365e-05,1.22,1.894908e-06,2.212865e-05,2.530901e-06,-0.009655952,2.791597e-05,0.03060698,1.223
2024_02_12_12_35_07_322,0.4,0.0,34440.0,34440.0,14.15615,-2.680566e-06,0.135975,-1.704423e-07,0.009028645,1.695982e-05,1.22,3.555183e-07,-2.225691e-06,-3.53458e-06,0.006437301,4.634479e-05,-7.264316e-05,1.223
2024_02_12_12_35_07_360,0.4,0.0,34553.0,34553.0,14.20264,-2.671551e-06,0.135975,-2.466752e-06,0.009028677,1.813758e-05,1.22,2.66093e-06,3.29245e-05,4.633419e-06,-0.007987022,0.0001034215,0.01537893,1.223
2024_02_12_12_35_07_397,0.4,0.0,34663.0,34663.0,14.24792,-2.684225e-06,0.135975,4.039385e-07,0.009028737,1.629372e-05,1.22,-3.613287e-06,-5.671634e-05,5.734423e-07,0.009179115,0.0001168148,-0.007659196,1.223
2024_02_12_12_35_07_436,0.4,0.0,34776.0,34776.0,14.29441,-2.689589e-06,0.135975,7.331527e-07,0.009028707,1.774347e-05,1.22,-1.023356e-06,1.224578e-05,3.11086e-06,-0.003457069,-4.790237e-05,0.0153631,1.223
2024_02_12_12_35_07_472,0.4,0.0,34887.0,34887.0,14.33968,-2.698536e-06,0.1359749,-1.160676e-06,0.009028735,1.905478e-05,1.22,3.081999e-07,-2.430424e-05,4.112429e-06,-0.001192093,7.454886e-05,-0.0001499429,1.223
2024_02_12_12_35_07_509,0.4,0.0,35000.0,35000.0,14.38618,-2.702547e-06,0.135975,4.244773e-07,0.009028766,1.895022e-05,1.22,7.030526e-07,1.131515e-06,7.025655e-06,-0.005125999,-0.00012834,0.03056601,1.223
2024_02_12_12_35_07_544,0.4,0.0,35098.0,35098.0,14.42656,-2.702259e-06,0.1359749,-8.02677e-08,0.009028735,1.892709e-05,1.22,5.786434e-07,6.222993e-05,-2.515816e-07,-0.00989437,3.370957e-06,-0.007688999,1.223
2024_02_12_12_35_07_581,0.4,0.0,35211.0,35211.0,14.47305,-2.697386e-06,0.135975,-6.585475e-08,0.009028766,2.004191e-05,1.22,-1.937211e-07,3.240513e-05,5.733439e-07,0.0004768371,-3.054959e-05,-0.007585622,1.223
2024_02_12_12_35_07_618,0.4,0.0,35321.0,35321.0,14.51832,-2.69326e-06,0.1359749,-2.926735e-07,0.009028764,2.155835e-05,1.22,-1.530517e-06,4.071793e-05,-6.332634e-06,-0.01168251,9.199345e-05,0.04587601,1.223
2024_02_12_12_35_07_656,0.4,0.0,35434.0,35434.0,14.56482,-2.701221e-06,0.1359749,8.55112e-07,0.009028766,2.194957e-05,1.22,-2.011639e-05,5.984513e-05,1.193105e-05,-0.008702278,-4.745487e-05,0.04993286,1.223
2024_02_12_12_35_07_690,0.4,0.0,35533.0,35533.0,14.6052,-2.692639e-06,0.135975,1.079976e-06,0.009028677,2.415591e-05,1.22,-2.269721e-05,1.794134e-05,-1.884942e-05,0.001072884,-0.0001720588,0.04591792,1.223
2024_02_12_12_35_07_726,0.4,0.0,35643.0,35643.0,14.65047,-2.723079e-06,0.1359749,7.56487e-07,0.009028648,2.004979e-05,1.22,-4.765553e-06,2.906389e-05,-2.792892e-06,-0.01573563,8.642132e-05,0.02297666,1.223
2024_02_12_12_35_07_760,0.4,0.0,35744.0,35744.0,14.69207,-2.722617e-06,0.135975,-1.404019e-06,0.009028766,2.337513e-05,1.22,1.598941e-06,-3.662416e-05,2.021728e-06,-0.004649162,8.827072e-05,0.02291892,1.223
2024_02_12_12_35_07_798,0.4,0.0,35854.0,35854.0,14.73734,-2.717911e-06,0.135975,-4.607344e-07,0.009028855,2.731729e-05,1.22,3.984211e-07,-4.353788e-05,-4.915732e-06,0.008702278,0.000225461,-0.01521502,1.223
2024_02_12_12_35_07_836,0.4,0.0,35967.0,35967.0,14.78384,-2.726816e-06,0.135975,8.573891e-07,0.009028855,2.799442e-05,1.22,-4.225838e-06,-5.479821e-05,-1.072083e-07,0.001549721,0.0001172688,-0.000141561,1.223
2024_02_12_12_35_07_868,0.4,0.0,36065.0,36065.0,14.82421,-2.764365e-06,0.1359749,1.480734e-06,0.009028706,2.62163e-05,1.22,-3.518089e-06,3.011924e-05,1.939501e-06,0.003218651,-1.850168e-05,0.0001527369,1.223
2024_02_12_12_35_07_906,0.4,0.0,36176.0,36176.0,14.86949,-2.797505e-06,0.135975,2.092486e-07,0.009028706,2.409612e-05,1.22,-3.305544e-07,2.596714e-05,-1.682072e-06,-0.005483627,5.310431e-05,-0.00767596,1.223
2024_02_12_12_35_07_943,0.4,0.0,36289.0,36289.0,14.91598,-2.828031e-06,0.135975,1.330636e-06,0.009028707,2.441134e-05,1.22,-5.523845e-06,-5.695221e-06,4.972461e-06,0.01001358,-0.0002716138,-0.00369735,1.223
2024_02_12_12_35_07_976,0.4,0.0,36387.0,36387.0,14.95636,-2.847517e-06,0.1359749,1.276656e-06,0.009028616,2.667562e-05,1.22,-2.317754e-05,2.215983e-05,-1.772111e-05,0.00667572,8.761816e-05,-0.003785826,1.223
2024_02_12_12_35_08_010,0.4,0.0,36488.0,36488.0,14.99796,-2.882287e-06,0.135975,-3.541933e-07,0.009028737,2.464553e-05,1.22,2.214359e-05,2.214166e-05,2.675689e-05,-0.008106232,-0.00018265,0.03814604,1.223
2024_02_12_12_35_08_047,0.4,0.0,36598.0,36598.0,15.04323,-2.887947e-06,0.135975,7.86426e-07,0.009028796,2.589634e-05,1.22,-6.515651e-08,-2.10435e-05,3.308088e-06,-0.005483627,-0.0002027857,0.04598591,1.223
2024_02_12_12_35_08_085,0.4,0.0,36711.0,36711.0,15.08973,-2.894071e-06,0.135975,2.036758e-06,0.009028764,2.79022e-05,1.22,-4.395136e-05,8.470516e-06,-6.720577e-06,-0.009536743,0.0002079345,0.0001089647,1.223
2024_02_12_12_35_08_118,0.4,0.0,36810.0,36810.0,15.13011,-2.920937e-06,0.135975,8.060645e-07,0.009028856,2.803004e-05,1.22,-2.116858e-05,-1.104232e-05,-1.425518e-05,0.001072884,0.0003913619,-0.007431022,1.223
2024_02_12_12_35_08_155,0.4,0.0,36920.0,36920.0,15.17538,-2.940209e-06,0.135975,1.050735e-06,0.009028766,2.571243e-05,1.22,1.77322e-08,-1.311953e-05,1.584627e-06,0.01120567,2.532698e-05,-0.0304915,1.223
2024_02_12_12_35_08_193,0.4,0.0,37033.0,37033.0,15.22187,-2.956896e-06,0.135975,-1.951724e-07,0.009028737,2.542582e-05,1.22,1.492607e-06,1.629563e-05,1.485364e-06,-0.008106232,1.192632e-06,0.03054179,1.223
2024_02_12_12_35_08_231,0.4,0.0,37143.0,37143.0,15.26715,-2.960355e-06,0.135975,9.791254e-08,0.009028826,2.764498e-05,1.22,-1.930437e-05,-1.609513e-05,-1.164769e-05,0.01192093,6.248245e-05,-0.00760518,1.223
2024_02_12_12_35_08_268,0.4,0.0,37256.0,37256.0,15.31364,-2.957953e-06,0.1359749,8.137251e-07,0.009028764,2.880382e-05,1.22,5.151829e-07,1.508539e-05,1.351292e-05,0.0180006,-6.074395e-05,-0.05725398,1.223
2024_02_12_12_35_08_302,0.4,0.0,37354.0,37354.0,15.35402,-2.967124e-06,0.135975,3.885899e-07,0.009028676,2.94239e-05,1.22,-2.043005e-06,4.216557e-05,-1.480694e-06,0.007629394,-6.442263e-05,-0.007795169,1.223
2024_02_12_12_35_08_339,0.4,0.0,37467.0,37467.0,15.40051,-3.000294e-06,0.135975,-6.515346e-07,0.009028826,2.739313e-05,1.22,2.291982e-05,8.354212e-06,-7.864016e-06,0.007390975,8.456771e-05,-0.007486902,1.223
2024_02_12_12_35_08_377,0.4,0.0,37578.0,37578.0,15.44579,-3.00647e-06,0.1359749,-9.870354e-07,0.009028737,3.013806e-05,1.22,1.656537e-06,3.365449e-05,2.372164e-06,0.01192093,0.0001887868,-0.01896173,1.223
2024_02_12_12_35_08_410,0.4,0.0,37679.0,37679.0,15.48739,-3.050264e-06,0.1359751,2.275521e-07,0.009028826,2.787318e-05,1.22,1.748354e-05,1.386957e-05,1.560824e-05,-0.0191927,0.0001260183,0.04958361,1.223
2024_02_12_12_35_08_447,0.4,0.0,37789.0,37789.0,15.53266,-3.06629e-06,0.1359751,9.9417e-07,0.009028943,2.846528e-05,1.22,1.836395e-06,-3.823571e-05,-9.547315e-06,-0.005483627,0.000235152,-0.01928676,1.223
2024_02_12_12_35_08_485,0.4,0.0,37902.0,37902.0,15.57915,-3.080304e-06,0.135975,7.951559e-07,0.009028914,2.79683e-05,1.22,8.652389e-07,-2.080054e-05,-1.456288e-07,-0.003457069,-0.0002268724,-0.007687136,1.223
2024_02_12_12_35_08_518,0.4,0.0,38000.0,38000.0,15.61953,-3.11671e-06,0.135975,2.714435e-07,0.009028855,2.813018e-05,1.22,-2.8385e-06,-2.407144e-07,3.433846e-06,0.001311302,0.0001646771,0.02296734,1.223
2024_02_12_12_35_08_552,0.4,0.0,38098.0,38098.0,15.65991,-3.130084e-06,0.135975,-3.039489e-08,0.009028883,2.909683e-05,1.22,-2.894535e-06,-6.92569e-06,-3.395481e-06,0.01227856,2.070715e-05,-0.0345232,1.223
2024_02_12_12_35_08_589,0.4,0.0,38211.0,38211.0,15.7064,-3.166562e-06,0.135975,-1.671643e-06,0.009028854,2.734934e-05,1.22,2.39016e-05,-2.339136e-05,1.548204e-05,0.01847744,0.0001598416,-0.0114562,1.223
2024_02_12_12_35_08_627,0.4,0.0,38322.0,38322.0,15.7517,-3.184827e-06,0.1359751,1.639278e-06,0.009028973,2.721338e-05,1.22,-2.29076e-05,-2.610932e-05,6.96549e-06,0.01215935,-0.0002073445,-0.02296921,1.223
2024_02_12_12_35_08_659,0.4,0.0,38423.0,38423.0,15.79331,-3.21109e-06,0.135975,1.196812e-06,0.009028914,2.658021e-05,1.22,4.858053e-07,-7.850969e-06,-3.44353e-06,0.004410744,6.249535e-05,-0.01527555,1.223
2024_02_12_12_35_08_698,0.4,0.0,38533.0,38533.0,15.83854,-3.236592e-06,0.1359751,3.027102e-08,0.009028884,2.554357e-05,1.22,5.022451e-07,2.129283e-06,1.731276e-07,0.0007152557,-7.063476e-06,-0.01541432,1.223
2024_02_12_12_35_08_730,0.4,0.0,38631.0,38631.0,15.87889,-3.261012e-06,0.135975,8.373066e-07,0.009028885,2.322266e-05,1.22,-1.528204e-06,-9.15232e-06,3.248167e-06,0.0001192093,-0.0001279166,1.490116e-05,1.223
2024_02_12_12_35_08_768,0.4,0.0,38744.0,38744.0,15.92535,-3.297511e-06,0.135975,9.966257e-07,0.009028884,2.563882e-05,1.22,-2.043999e-05,1.48036e-05,-1.525371e-05,-0.008583069,1.168991e-05,0.01908932,1.223
2024_02_12_12_35_08_801,0.4,0.0,38842.0,38842.0,15.9657,-3.309135e-06,0.135975,-4.849433e-07,0.009028795,2.504848e-05,1.22,-1.701824e-05,-4.715319e-06,1.731456e-05,0.007152557,2.780064e-05,0.01146831,1.223
2024_02_12_12_35_08_839,0.4,0.0,38955.0,38955.0,16.01215,-3.312379e-06,0.135975,6.288712e-07,0.009028764,2.474835e-05,1.22,-4.416768e-05,-1.532764e-05,-6.108294e-06,0.006079673,8.065523e-05,-0.003880821,1.223
2024_02_12_12_35_08_872,0.4,0.0,39054.0,39054.0,16.0525,-3.358143e-06,0.135975,2.047251e-06,0.009028795,2.246939e-05,1.22,-3.455807e-06,-1.4579e-05,-2.285417e-07,-0.0002384186,-0.0001561386,-0.0001033768,1.223
2024_02_12_12_35_08_910,0.4,0.0,39167.0,39167.0,16.09896,-3.381998e-06,0.135975,-1.727916e-07,0.009028766,2.442707e-05,1.22,1.566124e-06,-7.710564e-06,1.440974e-06,-0.002980232,-3.590293e-05,-6.705523e-05,1.223
2024_02_12_12_35_08_943,0.4,0.0,39265.0,39265.0,16.13931,-3.381432e-06,0.1359751,2.00341e-06,0.009028794,2.513226e-05,1.22,-2.821604e-07,-1.866126e-05,3.29611e-06,0.01120567,-0.0001193881,-0.03075134,1.223
2024_02_12_12_35_08_980,0.4,0.0,39375.0,39375.0,16.18454,-3.419434e-06,0.1359751,-6.997884e-07,0.009028826,2.275297e-05,1.22,1.421135e-07,-3.285717e-05,-2.762679e-06,-0.0003576278,-3.579055e-05,-0.0001508743,1.223
2024_02_12_12_35_09_018,0.4,0.0,39488.0,39488.0,16.231,-3.432374e-06,0.1359751,7.881451e-07,0.009028794,2.484579e-05,1.22,1.380987e-06,-3.160967e-05,-2.719088e-05,-0.001549721,3.103582e-05,-0.01176726,1.223
2024_02_12_12_35_09_057,0.4,0.0,39598.0,39598.0,16.27624,-3.466015e-06,0.1359751,7.141199e-07,0.009028826,2.42393e-05,1.22,1.085294e-06,-1.846825e-05,-2.279106e-05,-0.00667572,4.77051e-05,0.003590248,1.223
2024_02_12_12_35_09_093,0.4,0.0,39711.0,39711.0,16.3227,-3.488071e-06,0.135975,2.87768e-07,0.009028794,2.366625e-05,1.22,-1.027502e-06,-1.719843e-05,5.363034e-07,0.01394749,6.483702e-05,-0.02297386,1.223
2024_02_12_12_35_09_130,0.4,0.0,39821.0,39821.0,16.36793,-3.531641e-06,0.135975,6.916052e-07,0.009028824,2.285347e-05,1.22,-2.72283e-06,-3.146934e-05,-4.503258e-06,0.00834465,-0.0001033272,-0.02685562,1.223
2024_02_12_12_35_09_168,0.4,0.0,39934.0,39934.0,16.41439,-3.546232e-06,0.135975,8.919443e-07,0.009028794,2.447523e-05,1.22,2.24376e-06,-8.708885e-06,2.208346e-07,-0.001907349,-0.0001729768,-7.357448e-05,1.223
2024_02_12_12_35_09_206,0.4,0.0,40045.0,40045.0,16.45963,-3.57144e-06,0.135975,-1.965613e-06,0.009028794,2.447234e-05,1.22,2.291388e-06,1.183362e-06,-5.156509e-06,0.008821487,0.0001238948,-0.01143198,1.223
2024_02_12_12_35_09_243,0.4,0.0,40158.0,40158.0,16.50609,-3.572754e-06,0.135975,1.310415e-06,0.009028826,2.41336e-05,1.22,-7.758817e-07,-1.82811e-06,-2.652866e-06,0.003695488,-0.0002725335,0.01924206,1.223
2024_02_12_12_35_09_281,0.4,0.0,40268.0,40268.0,16.55132,-3.593546e-06,0.1359749,8.295576e-08,0.009028675,2.507106e-05,1.22,6.657937e-07,-1.703286e-05,1.360818e-06,0.01263618,4.269213e-05,-0.03040582,1.223
2024_02_12_12_35_09_314,0.4,0.0,40369.0,40369.0,16.59289,-3.607495e-06,0.135975,-7.758869e-07,0.009028765,2.505801e-05,1.22,-1.243751e-06,3.226713e-05,-4.05935e-06,-0.01204014,-0.0001952312,0.05753059,1.223
2024_02_12_12_35_09_352,0.4,0.0,40479.0,40479.0,16.63813,-3.616478e-06,0.135975,-7.720221e-07,0.009028735,2.397496e-05,1.22,2.414192e-05,2.700854e-05,1.732548e-05,-0.006079673,-0.0001234633,0.003960915,1.223
2024_02_12_12_35_09_389,0.4,0.0,40592.0,40592.0,16.68459,-3.602644e-06,0.135975,-1.433695e-06,0.009028704,2.788319e-05,1.22,2.929045e-06,2.32443e-05,2.03613e-06,-0.001430511,-6.512624e-05,0.0001713633,1.223
2024_02_12_12_35_09_423,0.4,0.0,40690.0,40690.0,16.72494,-3.621764e-06,0.135975,-3.793397e-07,0.009028706,2.646304e-05,1.22,-5.928181e-06,-2.247816e-05,-3.557068e-06,-0.004887581,-9.573989e-05,0.003824942,1.223
2024_02_12_12_35_09_460,0.4,0.0,40800.0,40800.0,16.77017,-3.682975e-06,0.135975,8.216267e-07,0.009028677,2.390545e-05,1.22,-6.389132e-06,-2.083565e-05,-6.719064e-06,0.0009536743,3.963668e-05,-0.0001331791,1.223
2024_02_12_12_35_09_498,0.4,0.0,40914.0,40914.0,16.81663,-3.69785e-06,0.135975,5.412898e-07,0.009028706,2.617204e-05,1.22,-1.936493e-05,-2.885918e-05,-1.287337e-05,-0.00333786,0.0001948385,0.003645196,1.223
2024_02_12_12_35_09_535,0.4,0.0,41024.0,41024.0,16.86187,-3.705641e-06,0.135975,4.150513e-07,0.009028705,2.614312e-05,1.22,3.804761e-07,-1.330648e-06,1.179941e-06,0.0002384186,-1.33457e-05,-0.0001275912,1.223
2024_02_12_12_35_09_571,0.4,0.0,41137.0,41137.0,16.90833,-3.737488e-06,0.135975,-2.29351e-06,0.009028737,2.280665e-05,1.22,1.662293e-05,-2.427914e-05,9.066405e-06,0.007033348,-8.528082e-05,-0.01156982,1.223
2024_02_12_12_35_09_610,0.4,0.0,41247.0,41247.0,16.95356,-3.772705e-06,0.135975,1.806642e-07,0.009028735,2.302793e-05,1.22,-2.853768e-07,-3.271688e-05,-8.355714e-07,-0.002264977,-8.624652e-05,-0.007828698,1.223
2024_02_12_12_35_09_643,0.4,0.0,41348.0,41348.0,16.99513,-3.782677e-06,0.135975,-3.202162e-07,0.009028795,2.441473e-05,1.22,-9.324403e-07,-5.612566e-05,1.064186e-06,-0.01060963,-4.855201e-05,0.003690831,1.223
2024_02_12_12_35_09_677,0.4,0.0,41446.0,41446.0,17.03548,-3.817644e-06,0.1359751,-2.837185e-07,0.009028765,2.243385e-05,1.22,2.069897e-05,-4.809218e-05,2.236512e-05,0.002145767,-0.0003721809,0.0151461,1.223
2024_02_12_12_35_09_714,0.4,0.0,41559.0,41559.0,17.08194,-3.850158e-06,0.1359751,4.829006e-07,0.009028824,2.247233e-05,1.22,-1.769356e-05,-4.225107e-05,1.345769e-05,0.002741813,0.0001084141,-0.019297,1.223
2024_02_12_12_35_09_752,0.4,0.0,41669.0,41669.0,17.12717,-3.860576e-06,0.1359749,-4.443098e-07,0.009028824,2.306012e-05,1.22,1.139798e-06,-1.821721e-06,3.399543e-06,0.0009536743,0.0001470647,0.007936731,1.223
2024_02_12_12_35_09_788,0.4,0.0,41783.0,41782.0,17.17363,-3.877353e-06,0.1359751,-3.779551e-07,0.009028855,2.330639e-05,1.22,8.852293e-07,-3.777277e-05,-2.386984e-06,-0.003099441,0.0001171891,0.01512188,1.223
2024_02_12_12_35_09_826,0.4,0.0,41893.0,41893.0,17.21887,-3.878195e-06,0.1359751,-3.464015e-07,0.009028826,2.590956e-05,1.22,9.422514e-07,-3.012663e-05,2.967124e-06,0.005364418,0.0001499345,-8.195638e-05,1.223
2024_02_12_12_35_09_864,0.4,0.0,42006.0,42006.0,17.26533,-3.897713e-06,0.135975,-2.173433e-07,0.009028795,2.568586e-05,1.22,-2.046261e-05,-1.925276e-05,1.91107e-05,0.01299381,-0.0001679674,-0.007633119,1.223
2024_02_12_12_35_09_901,0.4,0.0,42116.0,42116.0,17.31057,-3.924951e-06,0.1359751,-1.395523e-07,0.009028764,2.694187e-05,1.22,-4.231465e-06,-3.096909e-05,1.34646e-06,0.007987022,0.0001531869,0.01132022,1.223
2024_02_12_12_35_09_939,0.4,0.0,42229.0,42229.0,17.35703,-3.942384e-06,0.135975,-8.017265e-07,0.009028765,2.699891e-05,1.22,-1.965205e-05,-2.454478e-05,-1.906939e-05,-0.007629394,0.000138083,0.007568858,1.223
2024_02_12_12_35_09_973,0.4,0.0,42327.0,42327.0,17.39737,-3.949257e-06,0.135975,-1.516035e-06,0.009028737,2.705072e-05,1.22,3.878557e-06,-1.985005e-06,3.787014e-06,0.003695488,0.0002857429,-0.01141336,1.223
2024_02_12_12_35_10_009,0.4,0.0,42437.0,42437.0,17.44261,-3.968988e-06,0.135975,7.875308e-07,0.009028676,2.688019e-05,1.22,-2.13836e-05,-1.423603e-05,-1.604013e-05,0.01847744,0.00015031,-0.02665631,1.223
2024_02_12_12_35_10_043,0.4,0.0,42538.0,42538.0,17.48418,-4.007547e-06,0.1359748,-4.542773e-08,0.009028795,2.447433e-05,1.22,-1.612012e-06,2.761829e-05,4.84263e-08,0.00166893,7.455173e-05,0.008053146,1.223
2024_02_12_12_35_10_076,0.4,0.0,42637.0,42636.0,17.52452,-4.007436e-06,0.1359749,2.323891e-08,0.009028584,2.791145e-05,1.22,3.784863e-06,4.047797e-05,-2.530891e-05,-0.005364418,-5.955149e-05,0.01556706,1.223
2024_02_12_12_35_10_114,0.4,0.0,42750.0,42750.0,17.57098,-3.994001e-06,0.1359749,-4.717145e-07,0.009028675,2.908733e-05,1.22,4.292081e-06,-4.438867e-06,-1.154399e-06,-0.01132488,-0.0001138422,-0.00759121,1.223
2024_02_12_12_35_10_147,0.4,0.0,42848.0,42848.0,17.61133,-3.991208e-06,0.135975,1.586804e-06,0.009028705,3.202817e-05,1.22,-2.785652e-06,-2.698827e-05,5.336453e-06,0.006437301,-0.0002238858,0.01138542,1.223
2024_02_12_12_35_10_185,0.4,0.0,42958.0,42958.0,17.65656,-4.036985e-06,0.135975,1.671761e-06,0.009028676,2.905366e-05,1.22,-2.734733e-06,-2.130504e-05,1.514601e-06,0.009775162,-2.895422e-05,-0.007707625,1.223
2024_02_12_12_35_10_218,0.4,0.0,43059.0,43059.0,17.69813,-4.059218e-06,0.135975,-7.028326e-07,0.009028737,3.080553e-05,1.22,1.067184e-06,-3.000646e-05,4.960034e-07,0.008106232,-9.780328e-05,4.284083e-05,1.223
2024_02_12_12_35_10_255,0.4,0.0,43169.0,43169.0,17.74337,-4.046625e-06,0.1359751,9.901045e-07,0.009028794,3.093574e-05,1.22,1.137465e-06,-3.327443e-05,2.74392e-06,0.0007152557,-0.0001392262,-9.406357e-05,1.223
2024_02_12_12_35_10_289,0.4,0.0,43270.0,43270.0,17.78494,-4.053059e-06,0.135975,-7.94514e-07,0.009028765,3.187484e-05,1.22,4.102634e-08,-1.553681e-05,3.313299e-06,0.001907349,2.424898e-05,-3.352761e-05,1.223
2024_02_12_12_35_10_327,0.4,0.0,43381.0,43380.0,17.83018,-4.064193e-06,0.1359751,1.660354e-06,0.009028823,3.396035e-05,1.22,-1.094756e-06,-4.215432e-05,3.270515e-06,0.00166893,-6.005211e-05,-0.007849187,1.223
2024_02_12_12_35_10_364,0.4,0.0,43491.0,43491.0,17.87541,-4.075965e-06,0.1359751,7.918868e-07,0.009028826,3.606337e-05,1.22,-1.994003e-05,-3.610265e-05,-2.603984e-05,-0.015378,0.0002101268,0.01123454,1.223
2024_02_12_12_35_10_401,0.4,0.0,43604.0,43604.0,17.92187,-4.08482e-06,0.135975,3.958164e-07,0.009028764,3.559551e-05,1.22,-9.471897e-07,-1.673689e-05,-1.134929e-06,-0.002861023,-4.374868e-06,-0.007778406,1.223
2024_02_12_12_35_10_438,0.4,0.0,43714.0,43714.0,17.96711,-4.099456e-06,0.135975,-1.714767e-06,0.009028764,3.589698e-05,1.22,1.984469e-05,-3.318982e-06,1.434273e-05,0.01823902,-0.0003332265,-0.02294313,1.223
2024_02_12_12_35_10_476,0.4,0.0,43827.0,43827.0,18.01357,-4.088534e-06,0.1359751,2.147301e-06,0.009028826,4.061438e-05,1.22,-5.592239e-06,-8.352044e-06,8.813903e-07,-0.01585484,-3.095585e-05,0.02279971,1.223
2024_02_12_12_35_10_514,0.4,0.0,43937.0,43937.0,18.0588,-4.115625e-06,0.1359751,-3.15416e-07,0.009028826,4.122276e-05,1.22,-4.313871e-06,-3.191688e-05,7.719752e-07,0.004291534,-0.0001630736,0.003743917,1.223
2024_02_12_12_35_10_551,0.4,0.0,44050.0,44050.0,18.10526,-4.169265e-06,0.135975,-1.658908e-06,0.009028823,3.746555e-05,1.22,1.511965e-05,-2.149831e-05,9.997943e-06,0.00655651,-0.0001067266,-0.0114711,1.223
2024_02_12_12_35_10_589,0.4,0.0,44160.0,44160.0,18.1505,-4.2055e-06,0.135975,3.349134e-07,0.009028764,4.043528e-05,1.22,-2.935203e-06,-2.016708e-05,-1.745729e-06,-0.002622604,8.481339e-05,-0.007771886,1.223
2024_02_12_12_35_10_622,0.4,0.0,44261.0,44261.0,18.19207,-4.240823e-06,0.135975,-1.113996e-07,0.009028795,3.987297e-05,1.22,1.779399e-05,-3.011656e-05,1.491719e-05,-0.01084804,-1.661135e-05,0.01145061,1.223
2024_02_12_12_35_10_659,0.4,0.0,44371.0,44371.0,18.2373,-4.278748e-06,0.1359749,3.789042e-07,0.009028705,4.256159e-05,1.22,-1.911111e-06,-7.832833e-06,-4.897928e-07,0.0191927,7.281306e-05,-0.01512188,1.223
2024_02_12_12_35_10_698,0.4,0.0,44484.0,44484.0,18.28376,-4.314308e-06,0.135975,-4.294943e-07,0.009028795,4.17175e-05,1.22,-8.078642e-07,-6.234406e-06,3.001588e-06,0.004291534,-0.0003236534,-0.003590248,1.223
2024_02_12_12_35_10_735,0.4,0.0,44595.0,44594.0,18.329,-4.355257e-06,0.1359749,-8.573479e-07,0.009028706,4.002718e-05,1.22,-6.255898e-07,8.73176e-06,-7.481313e-07,0.002026558,4.148279e-05,0.01172256,1.223
2024_02_12_12_35_10_768,0.4,0.0,44696.0,44696.0,18.37057,-4.379884e-06,0.1359749,8.398705e-08,0.009028735,4.02132e-05,1.22,4.258983e-05,5.6319e-06,1.120791e-05,0.01192093,0.0001331575,-0.01892075,1.223
2024_02_12_12_35_10_806,0.4,0.0,44809.0,44809.0,18.41703,-4.465731e-06,0.1359749,3.13529e-07,0.009028764,3.620629e-05,1.22,-4.669844e-06,3.280328e-05,-7.517425e-06,-0.01466274,-1.765784e-06,0.02699811,1.223
2024_02_12_12_35_10_843,0.4,0.0,44919.0,44919.0,18.46227,-4.484174e-06,0.1359749,9.634846e-07,0.009028734,3.9907e-05,1.22,-3.960949e-05,4.882397e-05,-4.292258e-06,-0.02479553,1.887486e-06,0.04611164,1.223
2024_02_12_12_35_10_881,0.4,0.0,45029.0,45029.0,18.5075,-4.500725e-06,0.135975,-8.634413e-07,0.009028673,4.107853e-05,1.22,1.467741e-06,1.455971e-05,4.012652e-06,-0.004649162,6.339621e-05,0.0001024455,1.223
2024_02_12_12_35_10_918,0.4,0.0,45142.0,45142.0,18.55396,-4.532666e-06,0.135975,6.25446e-07,0.009028704,4.042741e-05,1.22,-1.775556e-07,2.67239e-05,1.280433e-06,-0.006914138,-0.0002233659,0.0001378357,1.223
2024_02_12_12_35_10_955,0.4,0.0,45252.0,45252.0,18.5992,-4.565489e-06,0.1359749,1.226748e-06,0.009028705,4.018416e-05,1.22,-2.020678e-05,-1.058087e-05,1.085437e-05,-0.003814697,-5.821209e-05,0.003908761,1.223
2024_02_12_12_35_10_992,0.4,0.0,45365.0,45365.0,18.64566,-4.597994e-06,0.135975,1.071841e-07,0.009028673,3.874919e-05,1.22,2.997876e-06,-1.499141e-06,-6.215178e-07,0.004053116,0.0002596349,-1.862645e-05,1.223
2024_02_12_12_35_11_030,0.4,0.0,45475.0,45475.0,18.69089,-4.629049e-06,0.135975,1.573811e-06,0.009028706,3.829224e-05,1.22,-5.78365e-08,-1.64704e-05,-4.79854e-07,-0.004053116,2.987764e-05,0.01899991,1.223
2024_02_12_12_35_11_067,0.4,0.0,45588.0,45588.0,18.73735,-4.656413e-06,0.1359749,-1.743727e-06,0.009028704,4.139473e-05,1.22,2.131983e-05,9.00846e-06,2.301369e-05,0.02229214,-9.072766e-05,-0.04971306,1.223
2024_02_12_12_35_11_105,0.4,0.0,45699.0,45699.0,18.78259,-4.67386e-06,0.135975,5.819014e-07,0.009028737,4.417169e-05,1.22,-3.666468e-05,-2.123674e-05,-2.787635e-06,-0.01049042,-6.586321e-05,0.01510698,1.223
2024_02_12_12_35_11_142,0.4,0.0,45812.0,45812.0,18.82905,-4.67746e-06,0.1359751,-7.513602e-08,0.009028765,4.518175e-05,1.22,-8.960127e-08,-3.266998e-05,9.187625e-07,-0.00655651,-1.616763e-05,0.01516845,1.223
2024_02_12_12_35_11_180,0.4,0.0,45922.0,45922.0,18.87428,-4.700052e-06,0.135975,1.525365e-06,0.009028735,4.547579e-05,1.22,-4.458535e-05,2.209992e-06,-9.780963e-06,0.01466274,-0.0002091873,-0.01521781,1.223
2024_02_12_12_35_11_218,0.4,0.0,46035.0,46035.0,18.92074,-4.721386e-06,0.135975,-3.388302e-07,0.009028735,4.591762e-05,1.22,-1.338645e-06,-2.704131e-05,4.995925e-06,0.01108646,-0.0002713951,-0.003913417,1.223
2024_02_12_12_35_11_256,0.4,0.0,46145.0,46145.0,18.96598,-4.747098e-06,0.135975,-1.49677e-06,0.009028737,4.581651e-05,1.22,3.694206e-05,-2.172203e-05,5.460723e-06,-0.003099441,-0.0002989153,0.02291426,1.223
2024_02_12_12_35_11_292,0.4,0.0,46258.0,46258.0,19.01244,-4.769174e-06,0.1359751,-6.058281e-07,0.009028705,4.869205e-05,1.22,6.320374e-07,-2.291841e-05,7.684367e-07,0.02038479,-6.053807e-05,-0.01528114,1.223
2024_02_12_12_35_11_330,0.4,0.0,46368.0,46368.0,19.05768,-4.798625e-06,0.135975,8.563572e-07,0.009028676,4.891376e-05,1.22,-2.730497e-06,-1.357339e-05,3.121664e-07,0.0002384186,-0.0001857954,-7.729977e-05,1.223
2024_02_12_12_35_11_368,0.4,0.0,46481.0,46481.0,19.10414,-4.833788e-06,0.135975,1.900089e-06,0.009028615,4.87884e-05,1.22,-1.521401e-06,-2.579162e-05,-1.90813e-06,0.004887581,-3.417085e-05,0.00760518,1.223
2024_02_12_12_35_11_406,0.4,0.0,46591.0,46591.0,19.14937,-4.88936e-06,0.135975,1.188588e-06,0.009028646,4.461382e-05,1.22,7.42192e-07,-9.224972e-06,-2.72319e-06,0.0002384186,0.0001361698,-5.494803e-05,1.223
2024_02_12_12_35_11_439,0.4,0.0,46690.0,46690.0,19.18972,-4.906645e-06,0.135975,1.502372e-07,0.009028735,4.662354e-05,1.22,-4.167774e-07,-3.295329e-05,-3.716189e-06,0.0007152557,6.338445e-05,-8.661299e-05,1.223
2024_02_12_12_35_11_476,0.4,0.0,46803.0,46803.0,19.23618,-4.924351e-06,0.135975,2.375889e-06,0.009028795,4.641596e-05,1.22,-2.327745e-05,-2.376893e-05,1.439053e-05,-0.00667572,-0.0002384887,0.01139752,1.223
2024_02_12_12_35_11_514,0.4,0.0,46913.0,46913.0,19.28141,-4.972644e-06,0.135975,3.816747e-07,0.009028823,4.557569e-05,1.22,-2.271281e-06,-3.396146e-05,1.367903e-06,-0.0005960464,0.0001283752,-0.007639639,1.223
2024_02_12_12_35_11_547,0.4,0.0,47014.0,47014.0,19.32298,-5.018986e-06,0.1359749,1.410291e-06,0.009028794,4.381023e-05,1.22,-2.048792e-06,-4.608449e-07,5.195235e-07,0.006079673,-9.97033e-05,0.000196509,1.223
2024_02_12_12_35_11_584,0.4,0.0,47124.0,47124.0,19.36822,-5.051651e-06,0.135975,-3.497746e-07,0.009028823,4.400072e-05,1.22,5.900039e-07,1.649136e-05,-5.199228e-06,-0.0007152557,4.561144e-05,0.0002561137,1.223
2024_02_12_12_35_11_618,0.4,0.0,47225.0,47225.0,19.40979,-5.09416e-06,0.135975,2.626774e-07,0.009028764,4.493482e-05,1.22,-2.289065e-06,-2.62936e-05,1.957671e-07,0.008225441,9.081998e-05,-0.007766298,1.223
2024_02_12_12_35_11_655,0.4,0.0,47335.0,47335.0,19.45502,-5.115449e-06,0.135975,1.231861e-07,0.009028764,4.561788e-05,1.22,2.110522e-06,-2.238665e-05,2.680536e-06,0.007510185,-9.140569e-05,-0.03074016,1.223
2024_02_12_12_35_11_693,0.4,0.0,47445.0,47445.0,19.50026,-5.1411e-06,0.135975,-2.874417e-07,0.009028794,4.631139e-05,1.22,-1.877446e-07,-2.547313e-05,-2.694841e-06,0.01943111,7.042922e-05,-0.03804266,1.223
2024_02_12_12_35_11_730,0.4,0.0,47559.0,47559.0,19.54672,-5.128277e-06,0.135975,3.382189e-07,0.009028794,4.83703e-05,1.22,6.747136e-06,-3.134853e-05,7.609463e-07,0.01430511,7.345557e-05,-0.03043189,1.223
2024_02_12_12_35_11_768,0.4,0.0,47669.0,47669.0,19.59196,-5.133341e-06,0.135975,2.46926e-07,0.009028675,5.183504e-05,1.22,1.693067e-05,3.666431e-06,-1.488586e-05,0.001907349,-0.0001631802,-0.01914054,1.223
2024_02_12_12_35_11_805,0.4,0.0,47782.0,47782.0,19.63842,-5.189514e-06,0.135975,-7.835056e-08,0.009028764,4.825586e-05,1.22,-7.360294e-07,1.540765e-05,1.306478e-06,-0.002622604,-4.279047e-05,-0.01902319,1.223
2024_02_12_12_35_11_843,0.4,0.0,47892.0,47892.0,19.68365,-5.225962e-06,0.1359749,3.864559e-07,0.009028706,4.871319e-05,1.22,-3.52351e-06,1.463279e-05,-1.901242e-06,-0.01811981,0.0001768454,0.01534913,1.223
2024_02_12_12_35_11_880,0.4,0.0,48005.0,48005.0,19.73011,-5.250956e-06,0.1359749,2.699704e-07,0.009028705,4.973654e-05,1.22,-2.06252e-05,9.458367e-06,-1.946738e-05,0.00989437,0.000151172,-0.02656132,1.223
2024_02_12_12_35_11_917,0.4,0.0,48115.0,48115.0,19.77535,-5.294542e-06,0.1359749,7.764919e-07,0.009028764,4.98297e-05,1.22,-3.877701e-06,-1.369358e-06,1.76581e-06,0.01120567,0.0001168217,-0.02265442,1.223
2024_02_12_12_35_11_951,0.4,0.0,48216.0,48216.0,19.81692,-5.3423e-06,0.1359749,1.626819e-06,0.009028646,4.892641e-05,1.22,-2.384705e-06,1.954266e-05,2.070352e-06,-0.004053116,-6.565471e-05,0.03061443,1.223
2024_02_12_12_35_11_989,0.4,0.0,48326.0,48326.0,19.86215,-5.385956e-06,0.1359749,8.724641e-07,0.009028614,4.814174e-05,1.22,3.83338e-07,4.736488e-06,6.420863e-06,-0.008821487,-0.0002734832,0.0001108274,1.223
2024_02_12_12_35_12_026,0.4,0.0,48439.0,48439.0,19.90861,-5.419152e-06,0.135975,5.982363e-07,0.009028645,4.885256e-05,1.22,-1.620905e-05,5.197867e-06,1.431002e-05,-0.01823902,0.0003869887,0.03436115,1.223
2024_02_12_12_35_12_064,0.4,0.0,48549.0,48549.0,19.95385,-5.449948e-06,0.135975,-4.958526e-08,0.009028646,4.927236e-05,1.22,1.421576e-06,-3.188543e-05,1.971689e-06,0.003099441,0.0001060587,4.656613e-06,1.223
2024_02_12_12_35_12_097,0.4,0.0,48651.0,48651.0,19.99542,-5.479133e-06,0.135975,-7.54097e-09,0.009028676,4.995124e-05,1.22,1.965656e-05,-1.845115e-05,-7.238366e-06,-0.001430511,-5.546553e-05,-0.003988855,1.223
2024_02_12_12_35_12_134,0.4,0.0,48761.0,48761.0,20.04066,-5.508699e-06,0.135975,2.808801e-07,0.009028735,5.090638e-05,1.22,1.777363e-06,-4.805996e-05,3.01403e-06,0.01204014,-9.419284e-05,-0.03826618,1.223
2024_02_12_12_35_12_173,0.4,0.0,48874.0,48874.0,20.08711,-5.514371e-06,0.135975,6.863502e-07,0.009028706,5.373386e-05,1.22,-3.749066e-07,-1.60032e-05,7.187442e-07,0.005722045,-2.49812e-05,0.007631257,1.223
2024_02_12_12_35_12_205,0.4,0.0,48972.0,48972.0,20.12746,-5.551303e-06,0.135975,1.601262e-06,0.009028793,5.346867e-05,1.22,-1.420752e-06,-3.994775e-05,1.620779e-06,0.01597404,-3.706054e-05,-0.02296362,1.223
2024_02_12_12_35_12_243,0.4,0.0,49082.0,49082.0,20.1727,-5.628328e-06,0.1359751,2.943894e-06,0.009028855,4.983199e-05,1.22,-2.615737e-05,-2.463892e-05,1.612188e-05,-0.008702278,-2.139006e-05,0.03034342,1.223
2024_02_12_12_35_12_276,0.4,0.0,49183.0,49183.0,20.21427,-5.658331e-06,0.135975,1.303161e-06,0.009028764,5.147712e-05,1.22,1.024367e-06,7.125739e-06,-1.975196e-06,-0.008940697,3.898992e-05,-0.01925882,1.223
2024_02_12_12_35_12_314,0.4,0.0,49293.0,49293.0,20.2595,-5.706007e-06,0.1359751,1.94876e-06,0.009028795,5.148837e-05,1.22,-4.595622e-06,-4.305635e-06,-1.535601e-06,-0.009179115,-6.118966e-06,0.007556751,1.223
2024_02_12_12_35_12_350,0.4,0.0,49406.0,49406.0,20.30596,-5.766172e-06,0.135975,8.811712e-07,0.009028826,5.09466e-05,1.22,-3.258264e-06,3.382537e-06,8.452242e-06,-0.009298325,-0.0001419972,0.007562339,1.223
2024_02_12_12_35_12_388,0.4,0.0,49517.0,49517.0,20.3512,-5.805406e-06,0.135975,1.791434e-06,0.009028854,5.1822e-05,1.22,-1.987427e-06,-1.236104e-05,2.704482e-06,-0.005602836,-5.010327e-05,-0.007650814,1.223
2024_02_12_12_35_12_425,0.4,0.0,49630.0,49630.0,20.39766,-5.869706e-06,0.1359751,-5.48966e-08,0.009028826,5.178865e-05,1.22,-1.545023e-06,-1.035235e-05,-5.320462e-06,-0.01621246,0.0001558749,0.01511257,1.223
2024_02_12_12_35_12_459,0.4,0.0,49728.0,49728.0,20.438,-5.918424e-06,0.135975,1.609527e-06,0.009028737,5.040544e-05,1.22,-1.09982e-06,-1.714341e-05,1.819261e-06,0.005245208,-3.303626e-06,-0.01538917,1.223
2024_02_12_12_35_12_497,0.4,0.0,49841.0,49841.0,20.48446,-5.959802e-06,0.135975,-3.898122e-07,0.009028735,5.286271e-05,1.22,-1.073884e-06,-2.43157e-05,6.580195e-06,0.01323223,-0.0002175275,-0.019175,1.223
2024_02_12_12_35_12_530,0.4,0.0,49939.0,49939.0,20.52481,-5.970369e-06,0.1359749,-6.635422e-07,0.009028764,5.266804e-05,1.22,2.711053e-05,-1.170915e-05,1.6173e-05,0.007271766,-0.00017332,0.00028871,1.223
2024_02_12_12_35_12_567,0.4,0.0,50049.0,50049.0,20.57005,-5.999444e-06,0.1359748,5.520739e-08,0.009028734,5.323073e-05,1.22,-1.913616e-06,2.735335e-05,2.881822e-06,0.006437301,-0.0001008498,-0.01109391,1.223
2024_02_12_12_35_12_605,0.4,0.0,50162.0,50162.0,20.6165,-6.055769e-06,0.1359749,-1.956116e-07,0.009028764,5.289359e-05,1.22,-2.405576e-06,1.788961e-05,-1.363944e-06,0.00500679,0.0001599726,0.008021481,1.223
2024_02_12_12_35_12_643,0.4,0.0,50273.0,50272.0,20.66174,-6.095738e-06,0.1359749,1.340115e-06,0.009028705,5.499996e-05,1.22,2.730007e-07,1.195608e-05,6.353249e-07,0.00989437,-4.323056e-06,0.0156574,1.223
2024_02_12_12_35_12_680,0.4,0.0,50386.0,50385.0,20.7082,-6.158053e-06,0.135975,1.844881e-06,0.009028675,5.419683e-05,1.22,-1.050676e-06,2.529646e-05,1.260649e-06,-0.01108646,-7.512062e-05,0.03078766,1.223
2024_02_12_12_35_12_714,0.4,0.0,50484.0,50484.0,20.74855,-6.189207e-06,0.135975,-5.603555e-07,0.009028735,5.479379e-05,1.22,2.308859e-05,-4.125529e-05,-8.319285e-06,0.004172325,0.0001166735,-0.00773184,1.223
2024_02_12_12_35_12_747,0.4,0.0,50585.0,50585.0,20.79012,-6.24635e-06,0.135975,-7.532749e-07,0.009028676,5.204564e-05,1.22,2.143658e-05,-2.036386e-07,1.426354e-05,0.004053116,5.348738e-06,-0.01153722,1.223
2024_02_12_12_35_12_784,0.4,0.0,50695.0,50695.0,20.83535,-6.274024e-06,0.135975,4.521378e-07,0.009028704,5.388954e-05,1.22,1.1671e-06,-2.393571e-05,3.177687e-07,-0.0001192093,-0.0001503427,-0.0001601875,1.223
2024_02_12_12_35_12_821,0.4,0.0,50805.0,50805.0,20.88059,-6.293446e-06,0.1359751,-1.739042e-06,0.009028826,5.466757e-05,1.22,4.698287e-06,-3.659025e-05,-3.410721e-06,0.004887581,0.000138859,0.007456168,1.223
2024_02_12_12_35_12_860,0.4,0.0,50918.0,50918.0,20.92705,-6.306725e-06,0.135975,3.587684e-09,0.009028737,5.361654e-05,1.22,1.848691e-06,-8.210834e-06,4.306632e-07,0.0007152557,-9.082464e-05,0.007564201,1.223
2024_02_12_12_35_12_896,0.4,0.0,51028.0,51028.0,20.97228,-6.348364e-06,0.135975,-5.544006e-07,0.009028705,5.108019e-05,1.22,1.941893e-05,-1.533741e-05,1.787822e-05,0.005125999,3.493039e-05,-0.004008412,1.223
2024_02_12_12_35_12_935,0.4,0.0,51141.0,51141.0,21.01874,-6.417641e-06,0.1359751,5.821899e-07,0.009028826,4.825217e-05,1.22,-2.687641e-06,-2.077676e-05,-2.99161e-06,-0.0002384186,0.0001124046,0.02280064,1.223
2024_02_12_12_35_12_971,0.4,0.0,51251.0,51251.0,21.06398,-6.470871e-06,0.135975,1.328766e-06,0.009028885,4.726752e-05,1.22,1.738265e-05,5.744525e-06,1.601012e-05,-0.001311302,-9.344853e-05,0.02690684,1.223
2024_02_12_12_35_13_010,0.4,0.0,51365.0,51364.0,21.11044,-6.523238e-06,0.135975,3.481069e-07,0.009028794,4.996034e-05,1.22,2.314653e-07,2.811057e-06,2.473289e-06,0.007033348,5.517108e-06,-0.01535099,1.223
2024_02_12_12_35_13_046,0.4,0.0,51475.0,51475.0,21.15568,-6.535508e-06,0.135975,-1.014256e-06,0.009028795,5.255056e-05,1.22,1.994889e-06,1.419995e-05,7.567751e-06,-0.003814697,-6.130619e-05,0.02681278,1.223
2024_02_12_12_35_13_084,0.4,0.0,51588.0,51588.0,21.20214,-6.588839e-06,0.135975,-3.738298e-07,0.009028737,5.053906e-05,1.22,-3.153944e-06,-7.240103e-06,1.74291e-06,0.002980232,-0.0001802813,-0.02318993,1.223
2024_02_12_12_35_13_122,0.4,0.0,51698.0,51698.0,21.24737,-6.640882e-06,0.135975,-4.925524e-07,0.009028794,5.042012e-05,1.22,-1.755778e-06,-6.994841e-06,4.942841e-06,-0.00333786,-8.656798e-05,-0.003825873,1.223
2024_02_12_12_35_13_159,0.4,0.0,51811.0,51811.0,21.29383,-6.679546e-06,0.1359749,8.305502e-07,0.009028735,5.058451e-05,1.22,-2.127567e-05,1.735785e-05,-1.459307e-05,-0.005602836,0.000144466,0.01157913,1.223
2024_02_12_12_35_13_196,0.4,0.0,51921.0,51921.0,21.33907,-6.717062e-06,0.1359751,1.545683e-06,0.009028705,5.22853e-05,1.22,-2.155661e-05,-6.974462e-06,1.300592e-05,-0.0009536743,-1.005651e-05,0.003639608,1.223
2024_02_12_12_35_13_234,0.4,0.0,52034.0,52034.0,21.38553,-6.756122e-06,0.1359751,9.935077e-07,0.009028646,5.353013e-05,1.22,-2.112163e-05,-1.666612e-05,-1.506407e-05,0.001430511,0.0001058403,-0.007878989,1.223
2024_02_12_12_35_13_272,0.4,0.0,52144.0,52144.0,21.43076,-6.807765e-06,0.1359751,4.438888e-08,0.009028705,5.046508e-05,1.22,2.057615e-05,-1.24674e-05,1.859788e-05,-0.00500679,-0.0001144207,0.003566965,1.223
2024_02_12_12_35_13_309,0.4,0.0,52257.0,52257.0,21.47722,-6.879414e-06,0.135975,1.071509e-06,0.009028706,4.721383e-05,1.22,1.409721e-06,-1.140922e-05,6.019934e-06,-0.0007152557,-0.0001609758,-0.0001210719,1.223
2024_02_12_12_35_13_346,0.4,0.0,52367.0,52367.0,21.52246,-6.903351e-06,0.135975,-1.068274e-06,0.009028706,4.797291e-05,1.22,1.131055e-06,-7.26708e-06,3.697561e-07,-0.0003576278,-8.203528e-05,-0.0001145527,1.223
2024_02_12_12_35_13_380,0.4,0.0,52469.0,52468.0,21.56403,-6.945741e-06,0.135975,9.186009e-07,0.009028765,4.723315e-05,1.22,1.709723e-07,-1.333795e-05,2.390742e-06,-0.004887581,-0.0002436571,0.01523923,1.223
2024_02_12_12_35_13_416,0.4,0.0,52579.0,52579.0,21.60926,-6.970441e-06,0.135975,4.170268e-07,0.009028676,4.73126e-05,1.22,2.51603e-06,-2.091769e-05,5.988846e-07,-0.005841255,-2.987787e-05,0.007679685,1.223
2024_02_12_12_35_13_451,0.4,0.0,52680.0,52680.0,21.65083,-7.005924e-06,0.1359749,-4.086898e-07,0.009028764,4.567968e-05,1.22,-1.829054e-05,-2.20305e-07,4.708774e-08,0.002264977,3.113098e-05,0.01167413,1.223
2024_02_12_12_35_13_489,0.4,0.0,52790.0,52790.0,21.69607,-7.033546e-06,0.1359748,-7.790424e-07,0.009028793,4.578306e-05,1.22,-5.186752e-08,2.808039e-05,-3.435001e-05,0.003933907,-4.410344e-05,-0.01110881,1.223
2024_02_12_12_35_13_526,0.4,0.0,52903.0,52903.0,21.74253,-7.052371e-06,0.1359749,1.892711e-07,0.009028795,4.760505e-05,1.22,2.602421e-06,2.823094e-05,2.00198e-06,0.005245208,-3.991334e-05,-0.007315538,1.223
2024_02_12_12_35_13_563,0.4,0.0,53013.0,53013.0,21.78777,-7.087297e-06,0.1359749,1.487284e-06,0.009028794,4.844469e-05,1.22,-2.097563e-05,3.301428e-05,-1.540489e-05,0.004410744,6.680602e-05,0.01952425,1.223
2024_02_12_12_35_13_601,0.4,0.0,53126.0,53126.0,21.83422,-7.112838e-06,0.1359749,1.278478e-06,0.009028795,4.864136e-05,1.22,2.426976e-07,2.147912e-05,-1.028793e-07,0.005960464,8.563989e-05,0.01193955,1.223
2024_02_12_12_35_13_638,0.4,0.0,53236.0,53236.0,21.87946,-7.151823e-06,0.1359749,4.923243e-07,0.009028853,4.870784e-05,1.22,-2.813599e-06,2.627869e-05,-2.594986e-06,0.009775162,0.0001092086,-0.02269819,1.223
2024_02_12_12_35_13_671,0.4,0.0,53334.0,53334.0,21.91981,-7.198523e-06,0.1359751,4.302064e-07,0.009028826,4.870756e-05,1.22,-1.210163e-06,-1.480611e-05,-6.628596e-07,0.01955032,5.878439e-05,-0.03051013,1.223
2024_02_12_12_35_13_709,0.4,0.0,53448.0,53447.0,21.96627,-7.236698e-06,0.135975,4.851702e-08,0.009028885,4.874668e-05,1.22,1.50059e-06,1.08437e-05,4.004489e-06,-0.001549721,-0.0001334701,0.01536216,1.223
2024_02_12_12_35_13_747,0.4,0.0,53558.0,53557.0,22.0115,-7.292556e-06,0.1359751,1.892121e-06,0.009028824,4.716084e-05,1.22,-2.243601e-05,-9.995985e-06,-1.431573e-05,0.008225441,1.351043e-05,-0.003904104,1.223
2024_02_12_12_35_13_784,0.4,0.0,53671.0,53671.0,22.05796,-7.364315e-06,0.135975,1.191825e-06,0.009028885,4.588367e-05,1.22,1.340734e-06,1.620741e-05,-2.947191e-06,-0.009536743,0.00012655,0.03068335,1.223
2024_02_12_12_35_13_818,0.4,0.0,53769.0,53769.0,22.09831,-7.406634e-06,0.135975,1.377551e-06,0.009028765,4.436121e-05,1.22,1.72388e-08,1.698682e-05,1.143099e-06,-0.002622604,-8.444766e-05,0.01535099,1.223
2024_02_12_12_35_13_855,0.4,0.0,53882.0,53882.0,22.14477,-7.439102e-06,0.135975,-2.41421e-07,0.009028765,4.570128e-05,1.22,-1.488845e-06,-1.161193e-05,-6.150128e-06,0.003933907,7.697303e-05,0.003795139,1.223
2024_02_12_12_35_13_892,0.4,0.0,53992.0,53992.0,22.19,-7.483332e-06,0.1359751,-1.79493e-06,0.009028676,4.639797e-05,1.22,-3.206521e-08,-2.746965e-05,-4.007369e-06,-0.002384186,7.257176e-05,0.007470138,1.223
2024_02_12_12_35_13_925,0.4,0.0,54093.0,54093.0,22.23157,-7.481736e-06,0.135975,6.284058e-07,0.009028645,4.990242e-05,1.22,-1.785343e-05,-1.462818e-05,-6.356415e-06,0.001430511,-3.982103e-05,-0.0001685694,1.223
2024_02_12_12_35_13_963,0.4,0.0,54203.0,54203.0,22.27681,-7.529249e-06,0.135975,-6.999916e-07,0.009028645,4.579509e-05,1.22,2.249104e-05,-2.115601e-05,1.708676e-05,0.002980232,-0.0002949653,-0.004022382,1.223
2024_02_12_12_35_14_001,0.4,0.0,54316.0,54316.0,22.32327,-7.579049e-06,0.1359751,1.271903e-06,0.009028676,4.473843e-05,1.22,-8.27076e-07,-1.02854e-05,2.519496e-07,-0.004291534,-8.502093e-05,0.01512747,1.223
2024_02_12_12_35_14_034,0.4,0.0,54415.0,54414.0,22.36362,-7.601805e-06,0.135975,9.184292e-07,0.009028706,4.710308e-05,1.22,-8.430454e-07,-1.76337e-05,3.896702e-06,0.005125999,-0.0001573153,-0.01541804,1.223
2024_02_12_12_35_14_072,0.4,0.0,54525.0,54525.0,22.40885,-7.652113e-06,0.135975,-3.065175e-07,0.009028735,4.776541e-05,1.22,2.075746e-05,-3.587503e-05,-8.466678e-06,-0.002145767,-4.609444e-05,-0.00396464,1.223
2024_02_12_12_35_14_106,0.4,0.0,54626.0,54626.0,22.45042,-7.683178e-06,0.135975,5.750057e-07,0.009028764,4.864651e-05,1.22,2.951502e-06,-1.818292e-05,8.142845e-06,0.0002384186,3.841944e-05,-0.01136586,1.223
2024_02_12_12_35_14_142,0.4,0.0,54736.0,54736.0,22.49566,-7.716995e-06,0.1359749,-4.753849e-07,0.009028823,4.766625e-05,1.22,3.902712e-06,-4.113363e-06,-1.175924e-06,0.006437301,9.906284e-05,0.004146248,1.223
2024_02_12_12_35_14_180,0.4,0.0,54849.0,54849.0,22.54212,-7.780831e-06,0.135975,3.627705e-07,0.009028706,4.572902e-05,1.22,1.92459e-05,-2.149845e-05,-1.196295e-05,0.01990795,0.0001452848,-0.01898222,1.223
2024_02_12_12_35_14_218,0.4,0.0,54959.0,54959.0,22.58735,-7.833846e-06,0.135975,1.063329e-06,0.009028853,4.212277e-05,1.22,-3.912891e-05,-3.928255e-05,-7.029048e-06,0.01895428,-9.579787e-05,-0.03809482,1.223
2024_02_12_12_35_14_250,0.4,0.0,55057.0,55057.0,22.6277,-7.848898e-06,0.1359749,-5.777921e-07,0.009028734,4.28049e-05,1.22,2.325877e-05,3.324748e-05,-1.140276e-05,-0.001072884,-0.00013579,-0.00349991,1.223
2024_02_12_12_35_14_288,0.4,0.0,55170.0,55170.0,22.67416,-7.877945e-06,0.1359749,-1.575002e-06,0.009028764,4.289295e-05,1.22,4.884792e-06,4.082893e-05,4.916758e-06,0.001072884,0.0003233412,0.01177099,1.223
2024_02_12_12_35_14_326,0.4,0.0,55281.0,55280.0,22.71939,-7.862166e-06,0.1359749,5.824294e-07,0.009028764,4.622777e-05,1.22,5.41618e-06,5.053258e-05,4.727104e-07,-0.01549721,-5.336278e-05,0.02696458,1.223
2024_02_12_12_35_14_359,0.4,0.0,55382.0,55382.0,22.76096,-7.883647e-06,0.1359751,-8.882089e-07,0.009028824,4.436432e-05,1.22,-2.021371e-05,-4.486637e-05,1.066817e-05,-0.001192093,0.000171134,-0.003941357,1.223
2024_02_12_12_35_14_396,0.4,0.0,55492.0,55492.0,22.8062,-7.920716e-06,0.1359751,6.515408e-07,0.009028764,4.251363e-05,1.22,4.783194e-07,-3.144229e-05,-7.502545e-06,0.003457069,-3.949077e-05,0.003633089,1.223
2024_02_12_12_35_14_434,0.4,0.0,55605.0,55605.0,22.85266,-7.941552e-06,0.135975,1.077788e-07,0.009028854,4.474402e-05,1.22,1.930662e-05,-1.215995e-05,1.187888e-05,0.004649162,-0.0001149474,-0.00378862,1.223
2024_02_12_12_35_14_472,0.4,0.0,55715.0,55715.0,22.8979,-7.97129e-06,0.135975,7.534376e-07,0.009028826,4.389148e-05,1.22,-1.85376e-05,4.219714e-06,1.381847e-05,-0.002145767,-0.0001553436,0.01911633,1.223
2024_02_12_12_35_14_509,0.4,0.0,55828.0,55828.0,22.94436,-7.999944e-06,0.135975,-2.841425e-07,0.009028765,4.4272e-05,1.22,-3.587805e-06,-3.319888e-05,1.135641e-06,0.004887581,-2.027321e-06,-0.01537427,1.223
2024_02_12_12_35_14_542,0.4,0.0,55926.0,55926.0,22.9847,-8.047462e-06,0.135975,1.553069e-06,0.009028676,4.214751e-05,1.22,6.557019e-07,-1.720236e-05,5.566142e-06,-0.002861023,0.000233245,0.00753533,1.223
2024_02_12_12_35_14_580,0.4,0.0,56039.0,56039.0,23.03116,-8.0834e-06,0.135975,7.382849e-07,0.009028737,4.201292e-05,1.22,-1.454973e-07,-2.874317e-05,3.889835e-06,0.0115633,-0.0001379365,-0.007706694,1.223
2024_02_12_12_35_14_617,0.4,0.0,56149.0,56149.0,23.0764,-8.119545e-06,0.135975,1.510817e-07,0.009028676,4.367115e-05,1.22,-1.066706e-06,-1.708551e-05,3.929186e-06,0.01168251,-0.0001179191,-0.003906898,1.223
2024_02_12_12_35_14_655,0.4,0.0,56262.0,56262.0,23.12286,-8.181721e-06,0.135975,1.135164e-06,0.009028675,4.09058e-05,1.22,1.195409e-06,-1.956211e-05,-1.029575e-05,-0.003099441,0.0003294084,-0.003909692,1.223
2024_02_12_12_35_14_692,0.4,0.0,56373.0,56372.0,23.16809,-8.199136e-06,0.135975,7.919285e-07,0.009028646,4.290697e-05,1.22,1.13232e-07,-1.78232e-05,2.314819e-06,-0.0002384186,-1.363446e-06,-0.0001098961,1.223
2024_02_12_12_35_14_730,0.4,0.0,56486.0,56486.0,23.21455,-8.25238e-06,0.135975,4.852744e-07,0.009028706,3.934371e-05,1.22,-1.381221e-06,-3.383705e-05,-6.510005e-06,-0.001192093,2.446234e-05,-0.0001434237,1.223
2024_02_12_12_35_14_768,0.4,0.0,56596.0,56596.0,23.25979,-8.288571e-06,0.135975,1.227355e-06,0.009028706,4.078032e-05,1.22,2.476641e-07,-3.49364e-05,7.755548e-06,0.004649162,0.0001321229,-0.003886409,1.223
2024_02_12_12_35_14_801,0.4,0.0,56694.0,56694.0,23.30013,-8.343175e-06,0.135975,1.445269e-07,0.009028737,3.92638e-05,1.22,-1.822688e-06,-1.993745e-05,3.219214e-06,0.004887581,0.0001531411,-0.007734634,1.223
2024_02_12_12_35_14_839,0.4,0.0,56807.0,56807.0,23.34659,-8.373908e-06,0.1359751,-2.447383e-06,0.009028826,4.057363e-05,1.22,3.578499e-06,-4.605905e-05,3.756032e-06,0.007152557,2.523336e-05,-0.01536496,1.223
2024_02_12_12_35_14_876,0.4,0.0,56917.0,56917.0,23.39183,-8.40214e-06,0.135975,-4.972256e-07,0.009028794,3.821118e-05,1.22,-1.727068e-07,-2.479988e-05,6.93515e-06,-0.009417534,-0.0003269022,0.003699213,1.223
2024_02_12_12_35_14_913,0.4,0.0,57030.0,57030.0,23.43829,-8.442781e-06,0.135975,-1.595387e-06,0.009028706,3.597672e-05,1.22,2.63155e-06,-2.637077e-05,-1.739817e-06,-0.01227856,1.959626e-05,0.02281926,1.223
2024_02_12_12_35_14_947,0.4,0.0,57128.0,57128.0,23.47864,-8.484133e-06,0.135975,9.83006e-07,0.009028855,3.291841e-05,1.22,-2.137646e-06,-5.090913e-05,7.375401e-07,-0.003695488,-0.0002146133,0.00378862,1.223
2024_02_12_12_35_14_980,0.4,0.0,57230.0,57229.0,23.5202,-8.52047e-06,0.1359749,-2.236181e-07,0.009028826,3.408442e-05,1.22,7.820999e-07,2.854601e-05,2.226298e-06,-0.01525879,-4.306827e-05,0.04241615,1.223
2024_02_12_12_35_15_018,0.4,0.0,57340.0,57339.0,23.56544,-8.539329e-06,0.1359749,-1.001557e-06,0.009028826,3.380076e-05,1.22,1.463251e-06,6.907533e-08,-7.372096e-07,0.0003576278,2.881126e-05,0.0001806766,1.223
2024_02_12_12_35_15_055,0.4,0.0,57453.0,57453.0,23.6119,-8.566436e-06,0.1359749,-1.16545e-06,0.009028853,3.309547e-05,1.22,3.165793e-06,-1.052455e-05,7.224642e-06,0.00166893,0.0001601461,0.01167506,1.223
2024_02_12_12_35_15_092,0.4,0.0,57563.0,57563.0,23.65714,-8.600654e-06,0.1359749,3.414935e-07,0.009028764,3.210425e-05,1.22,-4.148966e-05,6.534623e-05,-1.058857e-05,-0.01788139,5.120961e-05,0.0269264,1.223
2024_02_12_12_35_15_125,0.4,0.0,57661.0,57661.0,23.69748,-8.605513e-06,0.1359751,-8.595142e-07,0.009028765,3.391395e-05,1.22,3.481654e-06,-1.73999e-05,5.376605e-06,-0.01764297,-0.0001302575,0.02265535,1.223
2024_02_12_12_35_15_163,0.4,0.0,57774.0,57774.0,23.74394,-8.628675e-06,0.135975,1.110322e-06,0.009028704,3.295568e-05,1.22,-6.397013e-07,-1.836002e-05,3.965916e-06,0.0002384186,-0.000278075,0.007564201,1.223
2024_02_12_12_35_15_200,0.4,0.0,57884.0,57884.0,23.78918,-8.655315e-06,0.135975,1.617578e-07,0.009028735,3.273795e-05,1.22,8.527172e-07,-4.416026e-05,-8.259036e-07,0.003814697,-1.533016e-05,0.007629394,1.223
2024_02_12_12_35_15_238,0.4,0.0,57997.0,57997.0,23.83564,-8.68421e-06,0.135975,2.299178e-07,0.009028735,3.23222e-05,1.22,1.650264e-06,-2.213419e-05,2.651526e-07,-0.01263618,-9.905227e-05,0.01517963,1.223
2024_02_12_12_35_15_276,0.4,0.0,58107.0,58107.0,23.88087,-8.709025e-06,0.135975,8.243216e-07,0.009028706,3.244412e-05,1.22,1.553571e-06,-2.47033e-05,6.012016e-06,0.005602836,2.29507e-05,0.0191126,1.223
2024_02_12_12_35_15_309,0.4,0.0,58209.0,58208.0,23.92244,-8.721139e-06,0.135975,-1.502783e-06,0.009028675,3.326488e-05,1.22,6.381674e-07,-4.74523e-05,-6.600519e-06,-0.005483627,-5.254759e-05,-0.0001592561,1.223
2024_02_12_12_35_15_347,0.4,0.0,58319.0,58318.0,23.96768,-8.732067e-06,0.135975,1.183829e-06,0.009028646,3.400155e-05,1.22,-8.905929e-07,-1.573375e-05,-1.979502e-06,0.004649162,0.0002177063,0.007639639,1.223
2024_02_12_12_35_15_380,0.4,0.0,58417.0,58417.0,24.00803,-8.742065e-06,0.135975,7.92328e-07,0.009028615,3.662367e-05,1.22,2.329169e-05,-2.256633e-05,-8.946343e-06,0.004529953,-8.297067e-05,-0.00396464,1.223
2024_02_12_12_35_15_417,0.4,0.0,58530.0,58530.0,24.05449,-8.763872e-06,0.135975,-7.495358e-07,0.009028765,3.666674e-05,1.22,1.639205e-06,-4.435846e-05,3.705439e-06,-0.003814697,4.221627e-05,-0.00772532,1.223
2024_02_12_12_35_15_451,0.4,0.0,58628.0,58628.0,24.09483,-8.742983e-06,0.135975,-1.699242e-06,0.009028737,3.938221e-05,1.22,4.200008e-06,-1.369931e-05,2.786193e-06,0.0003576278,0.0001108143,-0.00011269,1.223
2024_02_12_12_35_15_484,0.4,0.0,58729.0,58729.0,24.1364,-8.78747e-06,0.1359749,1.501539e-06,0.009028765,3.982855e-05,1.22,-2.660904e-05,-2.356564e-05,-2.087989e-05,-0.004410744,0.0002764178,0.004023314,1.223
2024_02_12_12_35_15_521,0.4,0.0,58839.0,58839.0,24.18164,-8.833017e-06,0.135975,1.836136e-06,0.009028795,3.822255e-05,1.22,-1.1962e-06,-4.046621e-05,4.496988e-06,0.01299381,-0.0001095153,-0.007580034,1.223
2024_02_12_12_35_15_560,0.4,0.0,58952.0,58952.0,24.2281,-8.874133e-06,0.1359749,7.847272e-07,0.009028793,3.544718e-05,1.22,-1.910219e-06,-1.450219e-05,3.433002e-06,-0.002264977,-1.414946e-06,0.0002710149,1.223
2024_02_12_12_35_15_592,0.4,0.0,59051.0,59050.0,24.26844,-8.896499e-06,0.1359748,7.299777e-07,0.009028823,3.717117e-05,1.22,1.359921e-07,-3.655491e-06,4.767594e-06,0.007033348,-2.02316e-05,-0.007218681,1.223
2024_02_12_12_35_15_629,0.4,0.0,59161.0,59161.0,24.31368,-8.934714e-06,0.1359748,6.560832e-07,0.009028793,3.599355e-05,1.22,-1.609187e-06,2.409847e-05,6.540321e-08,-0.007748603,7.341299e-05,0.03852136,1.223
2024_02_12_12_35_15_667,0.4,0.0,59274.0,59274.0,24.36014,-8.965604e-06,0.1359749,-2.710325e-07,0.009028883,3.480125e-05,1.22,3.21089e-06,1.742848e-05,1.169649e-06,-0.004291534,-5.212945e-05,0.0231741,1.223
2024_02_12_12_35_15_705,0.4,0.0,59384.0,59384.0,24.40537,-8.978865e-06,0.1359749,7.125792e-07,0.009028795,3.516421e-05,1.22,1.617919e-06,4.300031e-05,1.012364e-05,-0.01430511,7.017308e-05,0.05761534,1.223
2024_02_12_12_35_15_743,0.4,0.0,59497.0,59497.0,24.45183,-8.997373e-06,0.135975,1.310583e-06,0.009028765,3.419056e-05,1.22,7.825313e-07,4.674288e-05,-2.229843e-07,0.007987022,-3.318638e-05,0.01557078,1.223
2024_02_12_12_35_15_776,0.4,0.0,59595.0,59595.0,24.49218,-9.010349e-06,0.135975,-2.283035e-06,0.009028824,3.334556e-05,1.22,1.97147e-05,-3.747164e-05,-1.148553e-05,0.00834465,-0.000244088,-0.01895893,1.223
2024_02_12_12_35_15_812,0.4,0.0,59708.0,59708.0,24.53864,-9.021601e-06,0.135975,1.783105e-07,0.009028793,3.575794e-05,1.22,1.792865e-06,-5.157229e-05,1.207844e-06,0.009536743,-2.270343e-05,-0.03071222,1.223
2024_02_12_12_35_15_850,0.4,0.0,59818.0,59818.0,24.58388,-9.041985e-06,0.135975,-5.197379e-07,0.009028737,3.414811e-05,1.22,1.953824e-06,-5.581258e-05,8.104912e-08,0.004172325,0.0001400442,-0.01536962,1.223
2024_02_12_12_35_15_888,0.4,0.0,59931.0,59931.0,24.63033,-9.064214e-06,0.135975,1.080455e-06,0.009028737,3.363506e-05,1.22,-2.311768e-05,-3.563338e-05,-2.021952e-05,-0.006794929,5.684382e-05,0.01515821,1.223
2024_02_12_12_35_15_921,0.4,0.0,60030.0,60029.0,24.67068,-9.06168e-06,0.135975,1.074135e-06,0.009028737,3.676001e-05,1.22,-1.870809e-05,-3.614089e-05,-1.501014e-05,-0.009775162,-6.117329e-05,0.01903903,1.223
2024_02_12_12_35_15_954,0.4,0.0,60131.0,60131.0,24.71225,-9.077878e-06,0.1359751,9.071215e-07,0.009028705,3.827256e-05,1.22,-2.436869e-06,-4.26488e-05,-1.80229e-06,0.007033348,-5.412329e-05,-0.01540873,1.223
2024_02_12_12_35_15_992,0.4,0.0,60241.0,60241.0,24.75749,-9.117628e-06,0.135975,1.275603e-07,0.009028735,3.605954e-05,1.22,-2.938286e-06,-5.98993e-05,-5.57516e-06,-0.0002384186,0.0001808328,-0.007839873,1.223
2024_02_12_12_35_16_030,0.4,0.0,60354.0,60354.0,24.80395,-9.201697e-06,0.135975,8.570808e-07,0.009028676,3.355985e-05,1.22,-5.834969e-06,-3.181283e-05,-4.121059e-06,-0.001192093,0.0002494949,3.72529e-06,1.223
2024_02_12_12_35_16_067,0.4,0.0,60464.0,60464.0,24.84918,-9.234247e-06,0.135975,1.129881e-06,0.009028737,3.701123e-05,1.22,-1.748685e-05,-3.322201e-05,-1.78167e-05,-0.003695488,0.0001027145,0.02286769,1.223
2024_02_12_12_35_16_105,0.4,0.0,60577.0,60577.0,24.89564,-9.273514e-06,0.135975,1.674088e-06,0.009028676,3.575636e-05,1.22,-2.274661e-06,-2.416229e-05,5.679743e-07,0.01132488,-1.298162e-05,-0.007693655,1.223
2024_02_12_12_35_16_142,0.4,0.0,60687.0,60687.0,24.94088,-9.316225e-06,0.135975,7.992003e-07,0.009028764,3.569821e-05,1.22,-2.473658e-06,-3.76513e-05,-3.651422e-06,-0.001788139,8.154722e-05,-0.03066938,1.223
2024_02_12_12_35_16_180,0.4,0.0,60800.0,60800.0,24.98734,-9.355137e-06,0.1359751,-6.044272e-07,0.009028764,3.584279e-05,1.22,2.178827e-05,-3.98455e-05,-1.32872e-05,0.01013279,-1.841209e-05,-0.03454182,1.223
2024_02_12_12_35_16_218,0.4,0.0,60910.0,60910.0,25.03257,-9.373092e-06,0.135975,-4.737298e-08,0.009028765,3.7803e-05,1.22,1.58425e-06,-9.267374e-06,-3.45691e-06,0.002145767,3.825266e-05,0.007600523,1.223
2024_02_12_12_35_16_255,0.4,0.0,61023.0,61023.0,25.07903,-9.416168e-06,0.135975,5.298447e-07,0.009028795,3.559528e-05,1.22,-1.32589e-06,1.990591e-05,-2.507941e-06,0.004887581,9.197452e-05,0.03068149,1.223
2024_02_12_12_35_16_292,0.4,0.0,61134.0,61133.0,25.12427,-9.437253e-06,0.135975,1.375348e-06,0.009028795,3.560826e-05,1.22,1.80248e-06,-2.753868e-05,-5.160871e-07,-0.006914138,1.259082e-06,0.01157913,1.223
2024_02_12_12_35_16_329,0.4,0.0,61244.0,61243.0,25.16951,-9.469652e-06,0.1359751,1.723438e-06,0.009028855,3.629853e-05,1.22,2.602438e-06,-9.30215e-06,4.313617e-06,-0.01144409,-1.0353e-05,0.01133606,1.223
2024_02_12_12_35_16_367,0.4,0.0,61357.0,61356.0,25.21597,-9.52581e-06,0.135975,1.404822e-06,0.009028735,3.461121e-05,1.22,-3.703932e-08,4.96039e-06,-3.361854e-08,-0.01358986,9.249675e-05,0.03436301,1.223
2024_02_12_12_35_16_405,0.4,0.0,61467.0,61467.0,25.2612,-9.568961e-06,0.135975,-5.003931e-07,0.009028765,3.376967e-05,1.22,2.198411e-06,-3.909333e-05,-4.09017e-06,0.0004768371,3.566851e-05,-0.007750466,1.223
2024_02_12_12_35_16_443,0.4,0.0,61580.0,61580.0,25.30766,-9.58685e-06,0.135975,-5.755685e-08,0.009028705,3.411602e-05,1.22,3.66312e-06,-1.747616e-05,9.022702e-07,0.008583069,-8.972188e-05,-0.01539104,1.223
2024_02_12_12_35_16_479,0.4,0.0,61690.0,61690.0,25.3529,-9.604515e-06,0.135975,6.701882e-07,0.009028705,3.634797e-05,1.22,1.95509e-06,-2.570139e-05,2.404505e-06,0.01060963,-0.0001081768,-0.03062747,1.223
2024_02_12_12_35_16_517,0.4,0.0,61803.0,61803.0,25.39936,-9.635699e-06,0.135975,8.00134e-07,0.009028706,3.659786e-05,1.22,4.781302e-07,-6.094284e-06,7.616662e-06,0.01180172,0.0001335983,-0.01145434,1.223
2024_02_12_12_35_16_555,0.4,0.0,61913.0,61913.0,25.44459,-9.674446e-06,0.135975,2.463453e-07,0.009028737,3.531468e-05,1.22,3.003863e-06,-2.552171e-05,2.305985e-06,0.001907349,-8.402941e-05,-5.029142e-05,1.223
2024_02_12_12_35_16_588,0.4,0.0,62014.0,62014.0,25.48616,-9.709872e-06,0.1359748,-1.986858e-07,0.009028525,3.56837e-05,1.22,1.006013e-06,2.696744e-05,2.400951e-06,0.004768372,0.0001191534,-0.007594935,1.223
2024_02_12_12_35_16_625,0.4,0.0,62124.0,62124.0,25.5314,-9.741271e-06,0.1359748,6.301603e-07,0.009028587,3.634696e-05,1.22,1.768613e-05,4.755405e-06,-2.086698e-05,-0.005602836,-0.0001155753,0.007948838,1.223
2024_02_12_12_35_16_663,0.4,0.0,62237.0,62237.0,25.57786,-9.806055e-06,0.1359748,1.060842e-06,0.009028644,3.358494e-05,1.22,1.912557e-05,-3.383046e-06,1.769884e-05,-0.0001192093,-0.0001074172,-0.01122616,1.223
2024_02_12_12_35_16_701,0.4,0.0,62347.0,62347.0,25.62309,-9.825763e-06,0.1359749,-9.72304e-07,0.009028734,3.746448e-05,1.22,-1.651189e-05,1.130569e-05,-1.462834e-05,0.002145767,0.0001901342,-0.01116563,1.223
2024_02_12_12_35_16_738,0.4,0.0,62460.0,62460.0,25.66955,-9.848775e-06,0.1359749,1.360386e-06,0.009028764,3.631106e-05,1.22,-1.74515e-05,2.586582e-05,1.428074e-05,-0.005841255,2.190453e-05,0.01563132,1.223
2024_02_12_12_35_16_775,0.4,0.0,62570.0,62570.0,25.71479,-9.858844e-06,0.1359749,7.110437e-07,0.009028704,3.671752e-05,1.22,-1.581302e-05,3.39162e-05,9.483332e-06,-0.001430511,0.0002530025,0.0003594905,1.223
2024_02_12_12_35_16_813,0.4,0.0,62683.0,62683.0,25.76125,-9.876328e-06,0.1359749,3.477624e-07,0.009028765,3.783313e-05,1.22,-3.534205e-07,3.136256e-05,-3.853849e-07,-0.006914138,3.685699e-05,0.03857352,1.223
2024_02_12_12_35_16_846,0.4,0.0,62781.0,62781.0,25.8016,-9.902895e-06,0.135975,-7.918442e-07,0.009028735,3.546758e-05,1.22,2.261141e-05,-3.744396e-05,1.615581e-05,0.0,-0.0001069935,-0.01930166,1.223
2024_02_12_12_35_16_884,0.4,0.0,62891.0,62891.0,25.84683,-9.914625e-06,0.135975,-6.927401e-07,0.009028824,3.622676e-05,1.22,2.170514e-05,-1.73699e-05,1.542864e-05,0.01072884,-0.0001215091,-0.02648774,1.223
2024_02_12_12_35_16_921,0.4,0.0,63004.0,63004.0,25.89329,-9.946171e-06,0.135975,8.659846e-07,0.009028764,3.613207e-05,1.22,-2.134457e-05,1.349482e-05,1.488586e-05,0.01692772,2.587285e-05,0.003900379,1.223
2024_02_12_12_35_16_959,0.4,0.0,63114.0,63114.0,25.93853,-9.954258e-06,0.135975,1.133548e-06,0.009028645,3.874716e-05,1.22,-1.868405e-05,-9.425341e-06,-2.222093e-05,0.005245208,5.735472e-05,-0.01927093,1.223
2024_02_12_12_35_16_992,0.4,0.0,63215.0,63215.0,25.9801,-1.000667e-05,0.135975,5.303604e-07,0.009028705,3.529429e-05,1.22,2.432472e-08,-1.828058e-05,3.001725e-05,0.004529953,-0.0001541128,-0.007688999,1.223
2024_02_12_12_35_17_029,0.4,0.0,63325.0,63325.0,26.02533,-1.004339e-05,0.135975,2.883988e-07,0.009028735,3.567256e-05,1.22,6.24321e-07,-4.012682e-05,-2.255848e-06,0.01847744,-4.921577e-05,-0.03061723,1.223
2024_02_12_12_35_17_067,0.4,0.0,63438.0,63438.0,26.07179,-1.00637e-05,0.135975,-5.452837e-07,0.009028735,3.749309e-05,1.22,2.271228e-05,-1.826348e-05,-5.565779e-06,0.00667572,-1.195656e-05,-8.475035e-05,1.223
2024_02_12_12_35_17_105,0.4,0.0,63548.0,63548.0,26.11703,-1.008162e-05,0.135975,8.259325e-07,0.009028737,3.501714e-05,1.22,-3.770774e-05,-1.149686e-05,-1.147433e-06,-0.0007152557,-6.138293e-06,0.007565133,1.223
2024_02_12_12_35_17_141,0.4,0.0,63661.0,63661.0,26.16349,-1.010631e-05,0.135975,-2.490613e-07,0.009028793,3.191149e-05,1.22,-5.590232e-07,-3.453636e-05,-5.477109e-06,-0.006079673,-4.790416e-05,-0.00390783,1.223
2024_02_12_12_35_17_179,0.4,0.0,63771.0,63771.0,26.20872,-1.014592e-05,0.135975,-2.898631e-06,0.009028706,3.005356e-05,1.22,4.907844e-07,-3.380612e-05,-1.184792e-05,0.0004768371,0.0004245635,-9.220093e-05,1.223
2024_02_12_12_35_17_218,0.4,0.0,63884.0,63884.0,26.25518,-1.015198e-05,0.1359751,-5.636678e-07,0.009028764,3.332832e-05,1.22,2.239885e-05,-4.334664e-05,-1.135511e-05,0.005602836,-6.772154e-06,-0.01160521,1.223
2024_02_12_12_35_17_254,0.4,0.0,63994.0,63994.0,26.30042,-1.01976e-05,0.135975,1.314151e-06,0.009028706,3.276482e-05,1.22,-9.245952e-07,-1.953511e-05,-3.784531e-07,-0.000834465,-7.481264e-05,-5.401671e-05,1.223
2024_02_12_12_35_17_291,0.4,0.0,64107.0,64107.0,26.34688,-1.021933e-05,0.1359751,6.826633e-07,0.009028706,3.200074e-05,1.22,6.61726e-07,5.802883e-06,3.069262e-06,-0.00500679,0.0001223968,0.02664421,1.223
2024_02_12_12_35_17_325,0.4,0.0,64206.0,64205.0,26.38723,-1.02457e-05,0.135975,2.124764e-07,0.009028706,3.242968e-05,1.22,-1.608805e-06,-8.610339e-06,1.277458e-07,0.0001192093,0.0001426553,-0.0001089647,1.223
2024_02_12_12_35_17_363,0.4,0.0,64319.0,64318.0,26.43369,-1.026581e-05,0.135975,4.209862e-07,0.009028676,2.930481e-05,1.22,-2.541894e-07,-1.239955e-05,2.293559e-05,-0.001788139,-0.0003983329,0.01897756,1.223
2024_02_12_12_35_17_401,0.4,0.0,64429.0,64428.0,26.47892,-1.029838e-05,0.1359751,7.183441e-07,0.009028705,2.69299e-05,1.22,2.533996e-06,-3.801267e-07,2.269813e-07,0.0141859,-4.535454e-05,-0.01915358,1.223
2024_02_12_12_35_17_438,0.4,0.0,64542.0,64541.0,26.52538,-1.03049e-05,0.135975,-9.757285e-07,0.009028853,2.844055e-05,1.22,2.557683e-06,-6.562206e-06,2.626084e-06,-0.01323223,0.0001850016,0.0191927,1.223
2024_02_12_12_35_17_472,0.4,0.0,64640.0,64639.0,26.56573,-1.032097e-05,0.135975,-2.603236e-07,0.009028735,2.683127e-05,1.22,-8.945029e-08,-2.338671e-05,-5.348862e-07,0.01955032,8.692501e-05,-0.01524575,1.223
2024_02_12_12_35_17_505,0.4,0.0,64738.0,64738.0,26.60607,-1.034928e-05,0.1359748,6.645893e-07,0.009028766,2.591913e-05,1.22,-2.408046e-05,2.046519e-05,-1.837855e-05,-0.00166893,-3.457478e-05,0.02329983,1.223
2024_02_12_12_35_17_541,0.4,0.0,64851.0,64851.0,26.65253,-1.038455e-05,0.135975,-9.254939e-08,0.009028824,2.562556e-05,1.22,3.109647e-07,2.563156e-05,-2.708187e-06,0.003576278,8.019282e-05,0.000196509,1.223
2024_02_12_12_35_17_576,0.4,0.0,64949.0,64949.0,26.69288,-1.037888e-05,0.135975,-5.622351e-07,0.009028795,3.00441e-05,1.22,2.296565e-05,1.29035e-05,-2.412854e-06,-0.01311302,9.372118e-05,0.02294313,1.223
2024_02_12_12_35_17_614,0.4,0.0,65062.0,65062.0,26.73934,-1.039818e-05,0.1359749,-1.436335e-07,0.009028793,2.95007e-05,1.22,2.316545e-07,-6.625716e-06,1.039486e-06,0.002503395,5.760864e-05,-0.01521129,1.223
2024_02_12_12_35_17_650,0.4,0.0,65172.0,65172.0,26.78457,-1.040526e-05,0.135975,-8.639217e-07,0.009028764,3.012111e-05,1.22,-2.046132e-05,-2.612121e-05,3.628378e-06,0.006914138,7.109759e-05,-0.03069732,1.223
2024_02_12_12_35_17_683,0.4,0.0,65270.0,65270.0,26.82492,-1.045189e-05,0.1359751,1.489444e-06,0.009028706,2.763792e-05,1.22,-2.443309e-05,-2.385389e-05,8.196133e-06,-0.0005960464,0.0001090059,0.003543682,1.223
2024_02_12_12_35_17_722,0.4,0.0,65383.0,65383.0,26.87138,-1.046765e-05,0.135975,4.699253e-07,0.009028734,3.007961e-05,1.22,1.976194e-05,-4.12007e-05,-1.008363e-05,0.005483627,9.615876e-05,-0.01925975,1.223
2024_02_12_12_35_17_759,0.4,0.0,65493.0,65493.0,26.91662,-1.050153e-05,0.1359751,2.115891e-06,0.009028675,2.950173e-05,1.22,-3.26285e-06,-3.484921e-05,-1.807898e-06,0.01096725,-0.0001512859,-0.03072154,1.223
2024_02_12_12_35_17_796,0.4,0.0,65606.0,65606.0,26.96308,-1.057625e-05,0.135975,2.714557e-06,0.009028648,2.59042e-05,1.22,-1.022641e-06,-1.696233e-05,8.325626e-06,-0.01192093,-5.061071e-05,0.01898967,1.223
2024_02_12_12_35_17_833,0.4,0.0,65716.0,65716.0,27.00831,-1.059365e-05,0.135975,6.851807e-07,0.009028676,2.854143e-05,1.22,-2.493004e-07,-3.433102e-05,1.099107e-06,0.004768372,5.032336e-05,-0.0154525,1.223
2024_02_12_12_35_17_871,0.4,0.0,65829.0,65829.0,27.05477,-1.061478e-05,0.135975,9.302271e-07,0.009028676,2.746114e-05,1.22,1.786969e-06,-2.96442e-05,-8.610763e-07,-0.00166893,-9.359649e-05,-0.0001583248,1.223
2024_02_12_12_35_17_908,0.4,0.0,65939.0,65939.0,27.10001,-1.06509e-05,0.135975,-4.715684e-07,0.009028646,2.54721e-05,1.22,-7.361608e-07,-5.7723e-05,-2.932771e-06,0.004768372,0.0002590262,-0.02296548,1.223
2024_02_12_12_35_17_942,0.4,0.0,66040.0,66040.0,27.14158,-1.065944e-05,0.135975,-9.19573e-07,0.009028646,2.615127e-05,1.22,7.853972e-07,-3.862308e-05,-1.653148e-07,0.000834465,1.620094e-06,-8.195638e-05,1.223
2024_02_12_12_35_17_979,0.4,0.0,66150.0,66150.0,27.18681,-1.066917e-05,0.135975,-2.08317e-07,0.009028675,2.519231e-05,1.22,3.232603e-06,-1.99873e-05,-3.758326e-06,-0.001549721,6.1635e-05,0.003628433,1.223
2024_02_12_12_35_18_018,0.4,0.0,66263.0,66263.0,27.23327,-1.066472e-05,0.135975,-9.898135e-07,0.009028705,2.573657e-05,1.22,1.346585e-06,-1.655483e-05,-8.103839e-07,-0.001192093,0.0001497786,-0.0001685694,1.223
2024_02_12_12_35_18_050,0.4,0.0,66361.0,66361.0,27.27362,-1.066837e-05,0.135975,-2.868477e-07,0.009028735,2.677362e-05,1.22,1.146932e-07,-1.313766e-05,4.455697e-06,-0.002145767,-0.0001735991,-0.01921598,1.223
2024_02_12_12_35_18_088,0.4,0.0,66471.0,66471.0,27.31886,-1.070721e-05,0.1359751,-2.199843e-07,0.009028765,2.5655e-05,1.22,-1.684084e-06,-1.409635e-05,-4.840268e-06,-0.01180172,0.0001565744,-3.539026e-05,1.223
2024_02_12_12_35_18_121,0.4,0.0,66573.0,66572.0,27.36042,-1.07139e-05,0.135975,1.018443e-06,0.009028795,2.857879e-05,1.22,1.266598e-06,-7.992777e-06,1.821885e-06,0.01442432,-0.0001111809,0.0001797452,1.223
2024_02_12_12_35_18_158,0.4,0.0,66683.0,66682.0,27.40566,-1.07291e-05,0.1359749,5.647523e-07,0.009028853,2.956809e-05,1.22,-6.465078e-07,-9.206544e-06,-2.364812e-06,0.02074241,-0.0001763131,-0.03424566,1.223
2024_02_12_12_35_18_196,0.4,0.0,66796.0,66795.0,27.45212,-1.079588e-05,0.1359749,1.44629e-06,0.009028824,2.615862e-05,1.22,-1.868939e-06,-1.345677e-05,6.953635e-06,0.01370907,-0.0001024637,-0.03031269,1.223
2024_02_12_12_35_18_233,0.4,0.0,66906.0,66905.0,27.49736,-1.082668e-05,0.1359749,1.070117e-07,0.009028885,2.499696e-05,1.22,5.176011e-07,8.488617e-06,-3.296594e-07,0.004649162,1.014422e-05,0.008095056,1.223
2024_02_12_12_35_18_272,0.4,0.0,67019.0,67018.0,27.54382,-1.083101e-05,0.1359749,-5.560223e-07,0.009028853,2.832655e-05,1.22,2.440591e-06,3.725065e-05,9.843561e-07,-0.004649162,6.894086e-05,0.01562666,1.223
2024_02_12_12_35_18_309,0.4,0.0,67129.0,67128.0,27.58905,-1.085394e-05,0.1359749,4.924972e-09,0.009028884,2.648561e-05,1.22,1.970427e-05,2.780715e-05,8.886902e-06,-0.01060963,2.689046e-05,0.01152977,1.223
2024_02_12_12_35_18_342,0.4,0.0,67230.0,67229.0,27.63062,-1.088064e-05,0.135975,3.436182e-07,0.009028765,2.800378e-05,1.22,-2.933068e-07,3.070012e-05,-3.333605e-07,0.003099441,3.465033e-05,-0.01516845,1.223
2024_02_12_12_35_18_380,0.4,0.0,67340.0,67339.0,27.67586,-1.089099e-05,0.135975,-5.998658e-07,0.009028705,2.928102e-05,1.22,2.191112e-05,1.962074e-05,-1.27689e-05,-0.01311302,-7.13909e-05,-0.003786757,1.223
2024_02_12_12_35_18_412,0.4,0.0,67438.0,67438.0,27.7162,-1.092425e-05,0.135975,-1.261163e-07,0.009028735,2.788659e-05,1.22,5.416168e-08,-4.323725e-05,-8.82002e-07,0.004887581,7.85007e-05,-3.539026e-05,1.223
2024_02_12_12_35_18_450,0.4,0.0,67551.0,67551.0,27.76266,-1.09672e-05,0.1359751,8.308162e-07,0.009028705,2.358615e-05,1.22,1.956537e-05,-3.936809e-05,1.905738e-05,-0.000834465,-0.0002411911,0.00369735,1.223
2024_02_12_12_35_18_487,0.4,0.0,67661.0,67661.0,27.8079,-1.096202e-05,0.1359751,-2.247797e-07,0.009028615,2.879496e-05,1.22,2.905286e-06,-2.423069e-05,1.9759e-06,-0.001430511,2.401288e-05,-0.0002793968,1.223
2024_02_12_12_35_18_525,0.4,0.0,67774.0,67774.0,27.85436,-1.098027e-05,0.135975,2.018003e-07,0.009028675,2.655571e-05,1.22,2.994064e-07,-3.832301e-05,-4.607788e-06,-0.001072884,1.070271e-05,-0.0001322478,1.223
2024_02_12_12_35_18_559,0.4,0.0,67875.0,67875.0,27.89593,-1.099456e-05,0.1359751,7.214281e-07,0.009028795,2.932117e-05,1.22,1.452893e-06,-5.142927e-05,-2.627716e-06,-0.003933907,0.0001142561,0.01135841,1.223
2024_02_12_12_35_18_596,0.4,0.0,67985.0,67985.0,27.94116,-1.100537e-05,0.135975,1.282661e-06,0.009028795,3.109881e-05,1.22,9.330459e-07,-3.316417e-05,3.091135e-06,-0.003457069,4.856718e-05,0.02670754,1.223
2024_02_12_12_35_18_634,0.4,0.0,68098.0,68098.0,27.98762,-1.104202e-05,0.135975,-2.511158e-06,0.009028734,2.764737e-05,1.22,2.19493e-05,-2.819679e-05,1.271421e-05,0.007629394,4.646875e-05,-0.003963709,1.223
2024_02_12_12_35_18_670,0.4,0.0,68208.0,68208.0,28.03286,-1.105273e-05,0.135975,1.528145e-06,0.009028705,2.965416e-05,1.22,-4.090583e-05,-2.377546e-05,-4.387949e-06,0.00655651,5.21843e-05,-8.195638e-05,1.223
2024_02_12_12_35_18_708,0.4,0.0,68321.0,68321.0,28.07932,-1.105193e-05,0.135975,-1.703905e-06,0.009028706,2.722163e-05,1.22,-1.860056e-05,-1.637977e-05,7.270462e-06,0.008940697,4.564595e-05,1.862645e-06,1.223
2024_02_12_12_35_18_745,0.4,0.0,68431.0,68431.0,28.12456,-1.105241e-05,0.135975,9.085186e-07,0.009028705,2.685406e-05,1.22,-2.119709e-05,-2.890267e-05,-1.570016e-05,-0.003695488,0.0001731271,0.003680587,1.223
2024_02_12_12_35_18_784,0.4,0.0,68541.0,68541.0,28.16979,-1.108976e-05,0.135975,1.023031e-06,0.009028737,2.567062e-05,1.22,-2.213867e-05,-2.799198e-05,-1.473175e-05,0.005960464,0.0002156495,-0.003840774,1.223
2024_02_12_12_35_18_821,0.4,0.0,68654.0,68654.0,28.21625,-1.109248e-05,0.135975,7.913292e-07,0.009028794,2.592053e-05,1.22,1.400819e-06,-9.47718e-06,6.806846e-06,0.0004768371,-0.0001159802,-0.003880821,1.223
2024_02_12_12_35_18_858,0.4,0.0,68764.0,68764.0,28.26149,-1.111395e-05,0.1359752,-6.829002e-07,0.009028914,2.473909e-05,1.22,1.757966e-05,-3.99268e-05,-1.632334e-05,-0.003218651,-9.880539e-05,0.007451511,1.223
2024_02_12_12_35_18_896,0.4,0.0,68877.0,68877.0,28.30795,-1.113463e-05,0.135975,1.40612e-07,0.009028886,2.35747e-05,1.22,-9.63913e-07,-5.88143e-06,3.133733e-06,-0.002026558,-4.059939e-05,0.01531187,1.223
2024_02_12_12_35_18_934,0.4,0.0,68987.0,68987.0,28.35318,-1.111865e-05,0.135975,1.413269e-07,0.009028854,2.544152e-05,1.22,5.074632e-06,-1.244038e-05,8.157127e-07,0.01358986,-7.056314e-06,-0.02682395,1.223
2024_02_12_12_35_18_971,0.4,0.0,69100.0,69100.0,28.39964,-1.112205e-05,0.135975,-6.978983e-07,0.009028856,2.451057e-05,1.22,2.218724e-05,1.593071e-05,1.768274e-05,-0.00500679,-8.807677e-05,0.01912564,1.223
2024_02_12_12_35_19_008,0.4,0.0,69210.0,69210.0,28.44488,-1.114768e-05,0.135975,1.143298e-06,0.009028796,2.396109e-05,1.22,-2.523747e-06,-1.637401e-05,5.24697e-06,-0.01478195,-0.0001897742,0.01536589,1.223
2024_02_12_12_35_19_047,0.4,0.0,69323.0,69323.0,28.49134,-1.118059e-05,0.135975,-1.218942e-06,0.009028794,2.258555e-05,1.22,-2.046324e-06,-1.134159e-05,-1.11174e-05,0.006198883,7.795253e-05,-0.02680812,1.223
2024_02_12_12_35_19_084,0.4,0.0,69433.0,69433.0,28.53658,-1.119904e-05,0.135975,4.628263e-07,0.009028765,2.315093e-05,1.22,-5.801144e-07,-1.139548e-05,4.812387e-06,0.006914138,-6.011777e-05,-0.01540221,1.223
2024_02_12_12_35_19_116,0.4,0.0,69531.0,69531.0,28.57692,-1.121136e-05,0.135975,-4.256025e-07,0.009028706,2.411076e-05,1.22,1.50021e-06,-1.012314e-05,-5.8193e-06,0.01835823,6.582095e-05,-0.02288166,1.223
2024_02_12_12_35_19_154,0.4,0.0,69644.0,69644.0,28.62338,-1.123197e-05,0.135975,4.196295e-08,0.009028706,2.388608e-05,1.22,2.25718e-07,-1.57877e-05,1.547153e-06,0.01180172,3.040665e-05,-0.007596798,1.223
2024_02_12_12_35_19_192,0.4,0.0,69754.0,69754.0,28.66862,-1.1254e-05,0.1359749,-1.042485e-06,0.009028737,2.228785e-05,1.22,4.041865e-05,1.342085e-05,7.741721e-06,-0.0003576278,1.705928e-05,0.02319086,1.223
2024_02_12_12_35_19_228,0.4,0.0,69867.0,69867.0,28.71508,-1.12751e-05,0.1359749,-7.020513e-08,0.009028826,2.175613e-05,1.22,1.033428e-07,6.539129e-06,-1.316422e-06,-0.004053116,0.0001217101,0.007801689,1.223
2024_02_12_12_35_19_267,0.4,0.0,69977.0,69977.0,28.76031,-1.129788e-05,0.1359749,4.819018e-07,0.009028737,1.994266e-05,1.22,1.902633e-05,3.309091e-05,-9.709245e-06,-0.009298325,4.876642e-05,0.01167133,1.223
2024_02_12_12_35_19_300,0.4,0.0,70078.0,70078.0,28.80188,-1.133893e-05,0.1359749,-7.216758e-07,0.009028675,1.735087e-05,1.22,-4.007447e-06,1.539911e-05,-5.788908e-06,0.0007152557,-4.440164e-05,-0.003559515,1.223
2024_02_12_12_35_19_333,0.4,0.0,70177.0,70176.0,28.84223,-1.135515e-05,0.135975,1.735689e-06,0.009028737,1.703429e-05,1.22,-2.002272e-06,6.104223e-06,1.310704e-06,-0.0007152557,-0.0001657866,-0.007667578,1.223
2024_02_12_12_35_19_371,0.4,0.0,70290.0,70289.0,28.88869,-1.136808e-05,0.135975,3.497848e-07,0.009028707,1.759583e-05,1.22,1.626618e-06,-3.134284e-05,1.291598e-06,-0.0009536743,-0.0001828206,-0.0001629814,1.223
2024_02_12_12_35_19_408,0.4,0.0,70400.0,70399.0,28.93392,-1.137218e-05,0.135975,1.550201e-07,0.009028648,1.804019e-05,1.22,3.428843e-07,-2.43582e-05,7.615228e-08,0.004053116,5.50043e-05,-2.793968e-05,1.223
2024_02_12_12_35_19_442,0.4,0.0,70498.0,70497.0,28.97427,-1.138287e-05,0.135975,1.134672e-06,0.009028706,1.747931e-05,1.22,-8.632512e-07,-6.972988e-06,4.532395e-06,0.007152557,-0.0001018363,-0.007588416,1.223
2024_02_12_12_35_19_479,0.4,0.0,70611.0,70610.0,29.02073,-1.139474e-05,0.135975,-4.039233e-07,0.009028706,1.981693e-05,1.22,1.23028e-06,-2.715646e-05,-1.600191e-06,0.002741813,7.596226e-05,-0.02297014,1.223
2024_02_12_12_35_19_517,0.4,0.0,70721.0,70720.0,29.06597,-1.140032e-05,0.1359751,-4.301786e-07,0.009028795,1.931072e-05,1.22,5.419373e-07,-2.081023e-05,-4.137365e-06,0.00834465,0.0001059743,-0.0384571,1.223
2024_02_12_12_35_19_554,0.4,0.0,70834.0,70833.0,29.11242,-1.141507e-05,0.135975,1.211454e-06,0.009028737,1.841932e-05,1.22,-4.311631e-07,-4.111846e-06,-2.122433e-07,0.003695488,-0.0001132169,0.00755582,1.223
2024_02_12_12_35_19_591,0.4,0.0,70944.0,70944.0,29.15766,-1.142661e-05,0.1359751,2.758988e-06,0.009028826,2.018557e-05,1.22,-2.117069e-05,1.209255e-05,-5.137188e-06,-0.007271766,-4.763356e-05,-0.007730908,1.223
2024_02_12_12_35_19_629,0.4,0.0,71057.0,71056.0,29.20412,-1.147947e-05,0.135975,9.978511e-07,0.009028765,1.736864e-05,1.22,1.340238e-05,1.500699e-05,-1.009562e-05,-0.006914138,-3.708601e-05,0.02291798,1.223
2024_02_12_12_35_19_663,0.4,0.0,71155.0,71155.0,29.24447,-1.151591e-05,0.1359751,2.33062e-07,0.009028826,1.579602e-05,1.22,3.722146e-06,-2.909147e-05,4.979656e-06,0.001907349,-0.0001600235,0.003650784,1.223
2024_02_12_12_35_19_700,0.4,0.0,71268.0,71268.0,29.29093,-1.153184e-05,0.135975,-1.518247e-07,0.009028795,1.475791e-05,1.22,1.215872e-06,2.077677e-06,4.64679e-07,0.007987022,3.637964e-05,0.00764057,1.223
2024_02_12_12_35_19_737,0.4,0.0,71378.0,71378.0,29.33616,-1.153754e-05,0.135975,-1.640692e-07,0.009028766,1.680143e-05,1.22,2.232568e-06,-1.715454e-05,1.316543e-06,0.01049042,-6.219478e-05,-0.007682479,1.223
2024_02_12_12_35_19_775,0.4,0.0,71491.0,71491.0,29.38262,-1.155378e-05,0.1359749,4.251071e-07,0.009028737,1.696584e-05,1.22,-1.895787e-05,2.071568e-05,-9.42268e-06,-0.004053116,0.0002403905,0.003809109,1.223
2024_02_12_12_35_19_812,0.4,0.0,71601.0,71601.0,29.42786,-1.156008e-05,0.135975,-2.886433e-07,0.009028706,1.612551e-05,1.22,2.129876e-06,-1.18475e-06,1.476937e-06,-0.002145767,-6.136484e-05,-0.0001369044,1.223
2024_02_12_12_35_19_846,0.4,0.0,71702.0,71702.0,29.46943,-1.158364e-05,0.135975,-1.888813e-06,0.009028737,1.234964e-05,1.22,4.691486e-05,1.071168e-05,6.443518e-06,-0.0003576278,-3.075945e-05,-8.847564e-05,1.223
2024_02_12_12_35_19_884,0.4,0.0,71812.0,71812.0,29.51466,-1.156707e-05,0.135975,4.24545e-09,0.009028765,1.340707e-05,1.22,1.76837e-06,2.391648e-06,-8.756419e-06,-0.0003576278,0.0001125672,-0.003811903,1.223
2024_02_12_12_35_19_916,0.4,0.0,71910.0,71910.0,29.55501,-1.155099e-05,0.1359748,-1.868524e-07,0.009028855,1.724906e-05,1.22,4.441351e-06,5.370432e-05,-3.987659e-06,-0.00989437,0.000225374,0.01560151,1.223
2024_02_12_12_35_19_954,0.4,0.0,72023.0,72023.0,29.60147,-1.152885e-05,0.1359749,9.412362e-07,0.009028764,1.738672e-05,1.22,-1.188533e-06,8.425508e-06,8.256295e-06,0.003814697,-0.0002506697,-0.00738725,1.223
2024_02_12_12_35_19_992,0.4,0.0,72133.0,72133.0,29.64671,-1.153512e-05,0.1359749,1.761153e-07,0.009028677,1.694137e-05,1.22,1.985131e-05,-1.531649e-05,-1.168081e-05,0.00846386,5.169716e-05,-0.03432017,1.223
2024_02_12_12_35_20_029,0.4,0.0,72246.0,72246.0,29.69316,-1.158047e-05,0.1359749,9.679777e-07,0.009028705,1.518402e-05,1.22,-2.556655e-05,3.579379e-05,-2.007953e-05,-0.004768372,0.0001215492,0.007847324,1.223
2024_02_12_12_35_20_063,0.4,0.0,72344.0,72344.0,29.73351,-1.162083e-05,0.135975,8.794972e-07,0.009028794,1.289908e-05,1.22,-2.510286e-06,-5.419088e-06,1.065201e-06,0.01716614,-0.0001426904,-0.01510326,1.223
2024_02_12_12_35_20_100,0.4,0.0,72457.0,72457.0,29.77997,-1.164737e-05,0.135975,-4.596407e-07,0.009028795,1.195338e-05,1.22,2.119605e-05,3.795814e-05,1.211693e-05,-0.008583069,-0.0001437611,0.003797933,1.223
2024_02_12_12_35_20_137,0.4,0.0,72567.0,72567.0,29.82521,-1.163894e-05,0.1359751,-2.984511e-07,0.009028854,1.455297e-05,1.22,-1.289323e-06,-2.617754e-05,2.60698e-06,0.003218651,3.923853e-05,0.003573484,1.223
2024_02_12_12_35_20_175,0.4,0.0,72680.0,72680.0,29.87167,-1.162976e-05,0.1359751,-1.546145e-06,0.009028884,1.350096e-05,1.22,4.296876e-05,-9.068997e-07,7.860783e-06,-0.00500679,-0.0003296178,0.02283975,1.223
2024_02_12_12_35_20_208,0.4,0.0,72779.0,72778.0,29.91201,-1.161204e-05,0.1359751,5.29565e-07,0.009028856,1.775673e-05,1.22,2.27976e-05,-3.055826e-05,-1.279437e-05,-0.009417534,8.871569e-05,0.01890771,1.223
2024_02_12_12_35_20_246,0.4,0.0,72892.0,72891.0,29.95847,-1.160567e-05,0.135975,-7.793666e-07,0.009028856,1.703794e-05,1.22,-7.797181e-07,-7.97771e-06,7.840263e-06,-0.01037121,-0.0001889388,0.01152232,1.223
2024_02_12_12_35_20_283,0.4,0.0,73002.0,73001.0,30.00371,-1.160705e-05,0.1359751,7.133646e-07,0.009028854,1.756162e-05,1.22,3.718625e-07,-3.484428e-05,-5.798234e-07,0.003218651,0.0001144611,-0.004004687,1.223
2024_02_12_12_35_20_316,0.4,0.0,73100.0,73099.0,30.04405,-1.160445e-05,0.135975,1.713192e-06,0.009028826,1.80072e-05,1.22,-1.425289e-06,2.432254e-05,7.235492e-07,0.000834465,-0.0001534452,0.01535658,1.223
2024_02_12_12_35_20_354,0.4,0.0,73213.0,73212.0,30.09051,-1.161207e-05,0.1359751,1.833374e-08,0.009028796,1.814379e-05,1.22,-1.168402e-07,-1.873094e-05,2.217128e-06,0.01108646,2.182827e-05,-0.007730908,1.223
2024_02_12_12_35_20_387,0.4,0.0,73311.0,73311.0,30.13086,-1.163263e-05,0.1359751,1.00487e-06,0.009028826,1.615303e-05,1.22,1.804589e-05,-2.566144e-05,1.71798e-05,-0.0005960464,-0.0002257692,0.003756955,1.223
2024_02_12_12_35_20_425,0.4,0.0,73424.0,73424.0,30.17732,-1.164435e-05,0.135975,6.178453e-07,0.009028765,1.91662e-05,1.22,-1.780275e-06,-3.278439e-05,5.167538e-06,0.007152557,-2.338649e-05,-0.01535844,1.223
2024_02_12_12_35_20_463,0.4,0.0,73534.0,73534.0,30.22256,-1.165085e-05,0.135975,-8.107566e-07,0.009028766,2.024282e-05,1.22,-1.972368e-05,-5.266955e-06,-1.834747e-05,-0.005960464,0.0002788691,0.02689007,1.223
2024_02_12_12_35_20_500,0.4,0.0,73647.0,73647.0,30.26901,-1.166366e-05,0.135975,1.870142e-06,0.009028676,2.026826e-05,1.22,-3.558985e-06,-4.726456e-05,1.870401e-06,0.01323223,-8.448327e-05,-0.03070663,1.223
2024_02_12_12_35_20_538,0.4,0.0,73757.0,73757.0,30.31425,-1.170461e-05,0.135975,-1.334452e-07,0.009028676,2.002993e-05,1.22,2.052788e-05,-3.516118e-05,-3.613555e-06,0.002622604,0.0002293703,0.01517683,1.223
2024_02_12_12_35_20_570,0.4,0.0,73855.0,73855.0,30.3546,-1.17177e-05,0.135975,4.243079e-07,0.009028707,1.877429e-05,1.22,-2.989647e-07,-2.901767e-05,1.637676e-06,0.00846386,-0.0001153218,-0.01525879,1.223
2024_02_12_12_35_20_608,0.4,0.0,73968.0,73968.0,30.40106,-1.172341e-05,0.135975,4.912287e-07,0.009028737,1.87304e-05,1.22,-3.515312e-07,-1.475295e-05,-5.082189e-07,0.006914138,-5.535847e-05,-0.01526717,1.223
2024_02_12_12_35_20_646,0.4,0.0,74078.0,74078.0,30.44629,-1.172164e-05,0.1359749,-3.298673e-08,0.009028707,2.058151e-05,1.22,-2.825494e-08,3.522959e-06,-4.543574e-06,0.01251697,5.616351e-05,-0.007306225,1.223
2024_02_12_12_35_20_683,0.4,0.0,74191.0,74191.0,30.49275,-1.173301e-05,0.1359749,3.365639e-07,0.009028646,2.140861e-05,1.22,-2.049343e-06,-7.244088e-06,3.713301e-07,-0.004649162,5.914182e-05,-0.007485039,1.223
2024_02_12_12_35_20_716,0.4,0.0,74289.0,74289.0,30.5331,-1.174335e-05,0.1359748,1.872819e-09,0.009028587,2.128537e-05,1.22,1.255949e-06,3.170895e-05,1.909433e-06,0.00500679,-7.006943e-05,-0.01501944,1.223
2024_02_12_12_35_20_754,0.4,0.0,74402.0,74402.0,30.57956,-1.175829e-05,0.1359749,1.720526e-06,0.009028705,1.90778e-05,1.22,-4.040059e-05,3.85964e-05,-8.243464e-06,-0.02157688,0.0002364451,0.0499282,1.223
2024_02_12_12_35_20_792,0.4,0.0,74512.0,74512.0,30.62479,-1.175875e-05,0.135975,-1.074085e-06,0.009028705,1.847403e-05,1.22,-4.886308e-07,3.433422e-05,-6.187239e-06,-0.003695488,-2.509657e-05,0.01165271,1.223
2024_02_12_12_35_20_829,0.4,0.0,74625.0,74625.0,30.67125,-1.17761e-05,0.1359749,-6.352884e-07,0.009028676,1.640159e-05,1.22,1.61731e-05,8.004387e-06,1.890244e-05,-0.01680851,-5.264894e-05,0.01532026,1.223
2024_02_12_12_35_20_866,0.4,0.0,74735.0,74735.0,30.71649,-1.177885e-05,0.1359749,2.792332e-07,0.009028764,1.766638e-05,1.22,6.001673e-08,-8.808409e-06,1.234265e-06,-0.005125999,-0.0001370471,0.007832423,1.223
2024_02_12_12_35_20_904,0.4,0.0,74848.0,74848.0,30.76295,-1.179688e-05,0.135975,1.72349e-07,0.009028675,1.739993e-05,1.22,-1.133055e-06,1.962501e-05,1.893723e-07,-0.005245208,2.850837e-05,0.00773929,1.223
2024_02_12_12_35_20_941,0.4,0.0,74958.0,74958.0,30.80819,-1.181815e-05,0.135975,-7.022618e-07,0.009028766,1.59719e-05,1.22,2.163583e-05,-6.692616e-06,1.763427e-05,-0.002264977,-0.0002809018,0.01153909,1.223
2024_02_12_12_35_20_979,0.4,0.0,75071.0,75071.0,30.85464,-1.181818e-05,0.135975,-1.452969e-06,0.009028826,1.79804e-05,1.22,2.208663e-06,1.551088e-05,2.479893e-06,0.0,0.000223747,-0.01145247,1.223
2024_02_12_12_35_21_016,0.4,0.0,75181.0,75181.0,30.89988,-1.181778e-05,0.135975,-6.487452e-07,0.009028824,1.688345e-05,1.22,2.052688e-05,-5.028777e-05,1.553488e-05,0.002503395,-6.15056e-05,-0.01924112,1.223
2024_02_12_12_35_21_050,0.4,0.0,75282.0,75282.0,30.94145,-1.181132e-05,0.1359751,-3.486661e-07,0.009028765,1.557329e-05,1.22,-2.210194e-05,-3.40674e-05,9.150985e-06,-0.001311302,-0.0001135184,-0.007824972,1.223
2024_02_12_12_35_21_087,0.4,0.0,75392.0,75392.0,30.98669,-1.182071e-05,0.1359751,-7.707091e-08,0.009028824,1.644914e-05,1.22,-4.402766e-06,-4.402129e-06,2.435019e-06,-0.003457069,-1.787271e-05,0.003773719,1.223
2024_02_12_12_35_21_125,0.4,0.0,75505.0,75505.0,31.03315,-1.184433e-05,0.1359751,9.576765e-07,0.009028646,1.456448e-05,1.22,-5.03949e-06,-1.950632e-06,5.008142e-08,-0.00166893,-9.114882e-05,-0.01164153,1.223
2024_02_12_12_35_21_163,0.4,0.0,75615.0,75615.0,31.07838,-1.185737e-05,0.1359751,-6.171393e-07,0.009028706,1.497342e-05,1.22,-1.579885e-06,-2.034107e-06,8.844477e-07,0.001549721,-0.0001440463,-0.007800757,1.223
2024_02_12_12_35_21_200,0.4,0.0,75728.0,75728.0,31.12484,-1.188027e-05,0.135975,1.765902e-06,0.009028737,1.264545e-05,1.22,-1.460944e-06,4.814268e-06,-3.332529e-06,-0.005364418,-0.0001334982,0.007525086,1.223
2024_02_12_12_35_21_243,0.4,0.0,75850.0,75850.0,31.17497,-1.188567e-05,0.135975,-1.675511e-06,0.009028765,1.199458e-05,1.22,3.013359e-06,-2.859854e-06,-3.095925e-06,-0.01096725,0.0001890602,0.02293102,1.223
2024_02_12_12_35_21_279,0.4,0.0,75963.0,75963.0,31.22143,-1.187562e-05,0.135975,-2.427756e-07,0.009028673,1.386536e-05,1.22,-3.648354e-07,1.27131e-05,-3.264379e-06,0.01144409,6.905576e-05,-0.01529697,1.223
2024_02_12_12_35_21_311,0.4,0.0,76061.0,76061.0,31.26177,-1.189315e-05,0.135975,5.033711e-07,0.009028766,1.338598e-05,1.22,-2.042177e-05,5.042527e-06,-2.273178e-05,-0.01811981,0.0002941705,0.03431644,1.223
2024_02_12_12_35_21_351,0.4,0.0,76174.0,76174.0,31.30823,-1.192324e-05,0.135975,7.189171e-07,0.009028796,1.094233e-05,1.22,-2.015584e-05,-2.172096e-06,-1.283962e-05,-0.00655651,2.819989e-05,0.01145899,1.223
2024_02_12_12_35_21_387,0.4,0.0,76284.0,76284.0,31.35347,-1.193594e-05,0.135975,1.06921e-06,0.009028793,8.750259e-06,1.22,1.497189e-07,-1.207167e-05,4.330449e-06,-0.002503395,-7.552043e-05,-0.02300739,1.223
2024_02_12_12_35_21_420,0.4,0.0,76383.0,76382.0,31.39382,-1.192779e-05,0.135975,-3.392811e-07,0.009028737,1.077247e-05,1.22,4.647297e-06,2.972969e-06,1.260355e-06,0.00500679,-0.0001200036,0.01521967,1.223
2024_02_12_12_35_21_458,0.4,0.0,76496.0,76495.0,31.44028,-1.191661e-05,0.1359749,7.139525e-09,0.009028765,8.692104e-06,1.22,2.332299e-06,4.870399e-05,-9.509396e-07,-0.002503395,-9.989008e-05,0.0001285225,1.223
2024_02_12_12_35_21_496,0.4,0.0,76606.0,76605.0,31.48551,-1.192756e-05,0.135975,-1.342152e-07,0.009028824,6.653727e-06,1.22,-1.429978e-06,4.332881e-05,-2.610788e-06,0.005245208,5.411974e-05,0.0002961606,1.223
2024_02_12_12_35_21_533,0.4,0.0,76719.0,76718.0,31.53197,-1.194347e-05,0.135975,1.777998e-07,0.009028764,5.678789e-06,1.22,-3.295925e-06,-2.544067e-05,-2.493118e-06,-0.00500679,0.0001330159,0.01533143,1.223
2024_02_12_12_35_21_570,0.4,0.0,76829.0,76828.0,31.57721,-1.193623e-05,0.135975,-1.695423e-07,0.009028856,8.155191e-06,1.22,1.487843e-06,4.49922e-06,1.635161e-06,-0.008702278,-9.991907e-06,0.007773749,1.223
2024_02_12_12_35_21_608,0.4,0.0,76942.0,76941.0,31.62367,-1.192644e-05,0.135975,2.178305e-06,0.009028765,1.095976e-05,1.22,-5.499198e-07,1.98178e-05,9.77121e-06,-0.01132488,-0.0002265521,0.03439654,1.223
2024_02_12_12_35_21_645,0.4,0.0,77052.0,77051.0,31.6689,-1.190256e-05,0.1359749,-1.773168e-07,0.009028735,1.29435e-05,1.22,2.402005e-06,1.250187e-05,1.228738e-06,-0.01037121,-0.0001198429,0.00775326,1.223
2024_02_12_12_35_21_679,0.4,0.0,77153.0,77152.0,31.71047,-1.188906e-05,0.135975,5.076376e-07,0.009028823,1.636256e-05,1.22,9.209215e-07,-1.355544e-05,4.623459e-06,0.006079673,7.498488e-05,-0.01919363,1.223
2024_02_12_12_35_21_716,0.4,0.0,77263.0,77262.0,31.75566,-1.190192e-05,0.135975,1.062514e-06,0.009028794,1.571639e-05,1.22,1.441026e-07,-4.115702e-05,5.826209e-06,-0.01835823,0.0002061104,0.01893565,1.223
2024_02_12_12_35_21_755,0.4,0.0,77376.0,77375.0,31.80212,-1.192041e-05,0.135975,7.296737e-07,0.009028646,1.235562e-05,1.22,-2.930517e-06,-1.338658e-05,-2.008518e-06,-0.01323223,9.076967e-05,0.02279132,1.223
2024_02_12_12_35_21_791,0.4,0.0,77486.0,77485.0,31.84742,-1.192985e-05,0.135975,1.596491e-06,0.009028676,1.362687e-05,1.22,-1.456208e-06,-5.023038e-05,-7.817399e-07,-0.0009536743,-8.042812e-05,-5.494803e-05,1.223
2024_02_12_12_35_21_828,0.4,0.0,77599.0,77598.0,31.89396,-1.191675e-05,0.135975,-7.665571e-07,0.009028587,1.57665e-05,1.22,-7.046575e-07,-3.002136e-06,3.102146e-06,-0.001072884,-0.0001312055,-0.000167638,1.223
2024_02_12_12_35_21_866,0.4,0.0,77709.0,77709.0,31.93926,-1.19209e-05,0.135975,8.934246e-07,0.009028676,1.667697e-05,1.22,-2.277957e-05,-6.608538e-05,-1.614544e-05,-0.0001192093,1.153336e-05,-0.0001220032,1.223
2024_02_12_12_35_21_900,0.4,0.0,77807.0,77807.0,31.97967,-1.193241e-05,0.135975,5.325155e-07,0.009028735,1.656361e-05,1.22,-6.095985e-07,-5.422828e-05,5.084681e-06,-0.00500679,-0.0002811732,-5.867332e-05,1.223
2024_02_12_12_35_21_936,0.4,0.0,77920.0,77920.0,32.0262,-1.195082e-05,0.135975,-4.802804e-07,0.009028764,1.315308e-05,1.22,-2.337278e-05,-0.0001269323,1.747239e-06,0.005602836,2.927052e-05,-0.007714144,1.223
2024_02_12_12_35_21_971,0.4,0.0,78018.0,78018.0,32.06661,-1.195531e-05,0.135975,2.457559e-06,0.009028615,1.4733e-05,1.22,-2.105334e-05,-4.860245e-05,1.579304e-05,-0.001072884,0.0001807674,-0.02305396,1.223
2024_02_12_12_35_22_008,0.4,0.0,78131.0,78131.0,32.11314,-1.196616e-05,0.135975,-6.254411e-08,0.009028764,1.472663e-05,1.22,-9.220714e-07,-0.0001283983,-1.028426e-06,0.0,1.010551e-05,-0.0001089647,1.223
2024_02_12_12_35_22_041,0.4,0.0,78229.0,78229.0,32.15355,-1.197615e-05,0.135975,1.181852e-06,0.009028616,1.504825e-05,1.22,-3.527769e-07,-7.525438e-05,6.206542e-06,0.01609325,0.0001496844,-0.03442261,1.223
2024_02_12_12_35_22_080,0.4,0.0,78342.0,78342.0,32.20008,-1.198724e-05,0.135975,-2.267186e-07,0.009028675,1.414392e-05,1.22,-1.370112e-06,-7.752806e-05,-3.361949e-06,0.005722045,-0.0001029562,-0.01145713,1.223
2024_02_12_12_35_22_117,0.4,0.0,78452.0,78452.0,32.24539,-1.199306e-05,0.1359749,-1.902542e-06,0.009028645,1.434146e-05,1.22,4.028378e-05,-6.619475e-05,7.77741e-06,0.0166893,1.042113e-05,-0.02271775,1.223
2024_02_12_12_35_22_154,0.4,0.0,78565.0,78565.0,32.29192,-1.201303e-05,0.135975,-4.700938e-07,0.009028675,1.291634e-05,1.22,1.743486e-05,-6.927919e-05,1.574124e-05,0.004649162,-0.0003358625,-0.00755582,1.223
2024_02_12_12_35_22_191,0.4,0.0,78675.0,78675.0,32.33723,-1.201496e-05,0.135975,-4.926233e-07,0.009028705,1.591365e-05,1.22,1.990962e-05,-6.907321e-05,-1.194922e-05,0.002861023,-2.34084e-06,-0.003712252,1.223
2024_02_12_12_35_22_229,0.4,0.0,78788.0,78788.0,32.38376,-1.201895e-05,0.135975,2.474574e-08,0.009028764,1.522395e-05,1.22,2.087863e-05,-0.0001059303,1.630004e-05,-0.003695488,-8.785743e-05,0.003745779,1.223
2024_02_12_12_35_22_266,0.4,0.0,78898.0,78898.0,32.42907,-1.203414e-05,0.1359749,1.720934e-06,0.009028586,1.542838e-05,1.22,-2.196019e-06,-2.090664e-05,3.517406e-06,-0.004291534,-0.0001043803,-0.007524155,1.223
2024_02_12_12_35_22_300,0.4,0.0,78996.0,78996.0,32.46948,-1.206777e-05,0.135975,-1.342496e-06,0.009028557,1.197774e-05,1.22,3.933211e-05,7.184877e-07,4.209432e-07,-0.001192093,-3.601315e-05,-0.007778406,1.223
2024_02_12_12_35_22_337,0.4,0.0,79109.0,79109.0,32.51601,-1.208915e-05,0.135975,-1.396229e-08,0.009028735,1.232892e-05,1.22,2.96204e-07,-9.915773e-05,-2.09492e-06,0.007390975,5.951435e-05,-0.007718801,1.223
2024_02_12_12_35_22_376,0.4,0.0,79219.0,79219.0,32.56132,-1.210314e-05,0.135975,1.415224e-06,0.009028794,1.073537e-05,1.22,-2.13214e-06,-0.0001185873,2.770932e-06,0.0003576278,-4.626562e-05,-0.000115484,1.223
2024_02_12_12_35_22_411,0.4,0.0,79332.0,79332.0,32.60785,-1.214099e-05,0.135975,2.344691e-06,0.009028764,1.083211e-05,1.22,-2.249388e-05,-0.0001269134,-1.834251e-05,0.001311302,-5.690606e-05,-6.332994e-05,1.223
2024_02_12_12_35_22_450,0.4,0.0,79442.0,79442.0,32.65316,-1.215342e-05,0.135975,-2.111361e-06,0.009028794,1.024086e-05,1.22,2.124244e-05,-0.0001121216,-3.345111e-06,-0.003099441,-6.613581e-05,0.007518567,1.223
2024_02_12_12_35_22_487,0.4,0.0,79555.0,79555.0,32.69969,-1.214064e-05,0.135975,-9.979392e-07,0.009028794,1.086955e-05,1.22,5.08949e-06,-0.0001254386,-4.992651e-08,-0.0001192093,0.0001148118,-7.823109e-05,1.223
2024_02_12_12_35_22_521,0.4,0.0,79654.0,79653.0,32.7401,-1.213517e-05,0.135975,-1.359123e-07,0.009028824,1.02948e-05,1.22,-1.766403e-07,-0.0001269523,-2.74661e-06,0.0003576278,6.781138e-05,-9.313225e-05,1.223
2024_02_12_12_35_22_558,0.4,0.0,79767.0,79766.0,32.78663,-1.211824e-05,0.1359749,-1.54397e-06,0.009028705,1.310576e-05,1.22,-1.650094e-05,-0.0001109728,1.247894e-05,0.003218651,0.0001380748,0.003832392,1.223
2024_02_12_12_35_22_596,0.4,0.0,79877.0,79876.0,32.83194,-1.210977e-05,0.135975,1.243397e-06,0.009028705,1.238212e-05,1.22,1.622222e-05,-0.0001170498,1.162356e-05,0.007867813,-0.0001590441,0.003705732,1.223
2024_02_12_12_35_22_633,0.4,0.0,79990.0,79989.0,32.87847,-1.216116e-05,0.135975,1.550213e-07,0.009028794,1.291499e-05,1.22,1.744397e-05,-0.0001252576,-1.387699e-05,0.002861023,6.452631e-05,0.003785826,1.223
2024_02_12_12_35_22_670,0.4,0.0,80100.0,80099.0,32.92377,-1.2216e-05,0.135975,3.655623e-07,0.009028794,9.68591e-06,1.22,-3.201698e-06,-0.0001234741,-3.296449e-06,0.001549721,-5.024401e-05,-0.01153815,1.223
2024_02_12_12_35_22_708,0.4,0.0,80213.0,80212.0,32.97031,-1.22638e-05,0.1359749,-2.659294e-08,0.009028735,7.407109e-06,1.22,2.338657e-07,-0.0001118588,6.753171e-08,0.0005960464,3.18158e-05,-1.490116e-05,1.223
2024_02_12_12_35_22_746,0.4,0.0,80323.0,80322.0,33.01561,-1.228187e-05,0.135975,2.651163e-07,0.009028764,6.782263e-06,1.22,-2.599241e-07,-0.0001116712,-2.355956e-07,-0.0003576278,5.321056e-05,-2.328306e-05,1.223
2024_02_12_12_35_22_778,0.4,0.0,80424.0,80423.0,33.05725,-1.229893e-05,0.1359749,-6.245653e-07,0.009028587,6.956673e-06,1.22,1.427204e-06,1.081117e-06,-3.082441e-06,0.01013279,0.0001643821,-0.01124572,1.223
2024_02_12_12_35_22_816,0.4,0.0,80534.0,80533.0,33.10255,-1.230652e-05,0.1359749,-1.752916e-07,0.009028735,5.81977e-06,1.22,-1.646715e-07,-7.818997e-05,-1.536043e-06,-0.001311302,5.537157e-05,-0.007665716,1.223
2024_02_12_12_35_22_853,0.4,0.0,80644.0,80643.0,33.14786,-1.230993e-05,0.1359749,6.319993e-07,0.009028497,6.002675e-06,1.22,-3.663883e-07,1.4442e-05,1.079995e-05,-0.008702278,4.548769e-05,0.003927387,1.223
2024_02_12_12_35_22_892,0.4,0.0,80757.0,80756.0,33.19439,-1.229959e-05,0.1359749,-4.193863e-08,0.009028675,8.625181e-06,1.22,2.482434e-06,-7.875568e-05,2.162566e-06,-0.01573563,-6.986309e-05,0.0151936,1.223
2024_02_12_12_35_22_929,0.4,0.0,80867.0,80867.0,33.2397,-1.231011e-05,0.1359749,-1.987973e-07,0.009028497,8.00081e-06,1.22,9.694675e-07,-1.349244e-06,2.397395e-06,-0.004887581,4.247387e-05,0.0001844019,1.223
2024_02_12_12_35_22_966,0.4,0.0,80980.0,80980.0,33.28623,-1.233519e-05,0.135975,1.650395e-06,0.009028645,5.34359e-06,1.22,-4.658212e-07,-2.836309e-05,1.639783e-06,-0.0128746,-0.0001435078,0.0151312,1.223
2024_02_12_12_35_23_003,0.4,0.0,81090.0,81090.0,33.33154,-1.233855e-05,0.1359749,-2.583195e-06,0.009028527,6.426725e-06,1.22,4.834954e-06,1.71788e-05,-5.326673e-06,-0.01335144,2.577576e-05,0.02682861,1.223
2024_02_12_12_35_23_037,0.4,0.0,81191.0,81191.0,33.37317,-1.234139e-05,0.135975,2.5547e-07,0.009028557,5.569081e-06,1.22,4.594731e-06,-1.901318e-05,-3.511846e-06,-0.0115633,-3.485672e-05,0.01141895,1.223
2024_02_12_12_35_23_075,0.4,0.0,81301.0,81301.0,33.41848,-1.231082e-05,0.135975,1.174188e-09,0.009028735,9.540857e-06,1.22,1.112529e-06,-8.034031e-05,-2.874564e-06,-0.001907349,3.385043e-05,-8.754431e-05,1.223
2024_02_12_12_35_23_108,0.4,0.0,81402.0,81402.0,33.46011,-1.23064e-05,0.1359749,-1.388905e-06,0.009028706,8.715816e-06,1.22,2.525226e-06,-3.816517e-05,-4.869478e-07,-0.01311302,1.842915e-05,0.02314988,1.223
2024_02_12_12_35_23_145,0.4,0.0,81512.0,81512.0,33.50542,-1.228341e-05,0.135975,4.386862e-08,0.009028676,1.036398e-05,1.22,1.099073e-07,-3.341878e-05,1.623729e-06,0.01454353,-2.656182e-05,-0.02288259,1.223
2024_02_12_12_35_23_183,0.4,0.0,81625.0,81625.0,33.55195,-1.229394e-05,0.1359749,-9.446055e-07,0.009028614,7.262057e-06,1.22,-2.059913e-05,-1.744314e-05,5.944555e-06,-0.006914138,0.000213026,-0.007633119,1.223
2024_02_12_12_35_23_216,0.4,0.0,81723.0,81723.0,33.59236,-1.233025e-05,0.135975,2.229151e-06,0.009028824,1.906894e-06,1.22,1.270186e-05,-0.0001164851,-1.015955e-05,0.002861023,-2.343643e-05,0.003742985,1.223
2024_02_12_12_35_23_253,0.4,0.0,81833.0,81833.0,33.63767,-1.244283e-05,0.135975,6.760366e-07,0.009028824,-1.603626e-06,1.22,1.384504e-05,-0.0001354505,-2.111085e-06,0.003814697,9.476707e-05,0.003756955,1.223
2024_02_12_12_35_23_291,0.4,0.0,81946.0,81946.0,33.6842,-1.244499e-05,0.135975,8.208281e-07,0.009028794,-5.123992e-07,1.22,-1.327624e-05,-8.133189e-05,1.32303e-05,-0.006198883,-0.000129303,-0.007783994,1.223
2024_02_12_12_35_23_324,0.4,0.0,82044.0,82044.0,33.72461,-1.244758e-05,0.135975,3.364226e-07,0.009028854,-2.817464e-06,1.22,-2.115038e-05,-9.968477e-05,6.156696e-06,-0.0002384186,-0.0002102627,-0.01535006,1.223
2024_02_12_12_35_23_362,0.4,0.0,82157.0,82157.0,33.77114,-1.246561e-05,0.135975,8.437208e-07,0.009028765,-3.613927e-06,1.22,-1.355899e-07,-6.357712e-05,7.094125e-06,0.002145767,9.447967e-05,0.01523923,1.223
2024_02_12_12_35_23_395,0.4,0.0,82255.0,82255.0,33.81155,-1.247489e-05,0.135975,-5.973216e-07,0.009028854,-4.923618e-06,1.22,3.133609e-06,-0.0001031233,1.229801e-06,0.006794929,-1.050911e-05,-0.01527462,1.223
2024_02_12_12_35_23_432,0.4,0.0,82368.0,82368.0,33.85808,-1.247058e-05,0.135975,-1.97381e-07,0.009028794,-6.460955e-06,1.22,3.119684e-06,-0.0001135918,-8.398789e-08,-0.007033348,-7.038817e-05,0.007452443,1.223
2024_02_12_12_35_23_466,0.4,0.0,82467.0,82466.0,33.89849,-1.244399e-05,0.135975,-2.515521e-07,0.009028764,-3.36207e-06,1.22,3.554235e-06,-9.262827e-05,4.499048e-07,0.004649162,-0.0001037684,-0.0001434237,1.223
2024_02_12_12_35_23_503,0.4,0.0,82577.0,82576.0,33.9438,-1.243882e-05,0.1359749,-3.994299e-08,0.009028616,-2.291385e-06,1.22,2.827786e-06,-2.636832e-05,-6.77636e-07,-0.002980232,-7.270028e-05,0.02300273,1.223
2024_02_12_12_35_23_541,0.4,0.0,82690.0,82689.0,33.99033,-1.24549e-05,0.135975,-1.288362e-06,0.009028615,-3.919542e-06,1.22,-1.529854e-06,-6.621428e-05,1.437482e-06,0.004887581,-0.0001409266,-0.02314616,1.223
2024_02_12_12_35_23_578,0.4,0.0,82800.0,82799.0,34.03564,-1.245086e-05,0.1359748,3.72295e-07,0.009028497,-3.182494e-06,1.22,-1.663799e-05,-9.669125e-06,-1.740161e-05,-0.002741813,0.0001497162,-0.01520663,1.223
2024_02_12_12_35_23_616,0.4,0.0,82913.0,82912.0,34.08217,-1.243225e-05,0.1359749,-6.794139e-07,0.009028614,-3.253943e-06,1.22,-1.660981e-05,-7.399492e-05,1.223555e-05,0.01502037,6.559333e-05,-0.01907628,1.223
2024_02_12_12_35_23_653,0.4,0.0,83023.0,83022.0,34.12748,-1.242302e-05,0.1359749,7.303676e-07,0.009028644,-2.035275e-06,1.22,2.627216e-06,-6.795765e-05,4.160559e-06,0.005364418,-0.0002114565,0.007634982,1.223
2024_02_12_12_35_23_691,0.4,0.0,83136.0,83135.0,34.17401,-1.238225e-05,0.135975,1.68e-06,0.009028587,5.428655e-07,1.22,-4.133756e-05,-5.331254e-06,-4.088391e-06,-0.003218651,-1.152188e-05,-0.01535844,1.223
2024_02_12_12_35_23_724,0.4,0.0,83234.0,83234.0,34.21442,-1.23876e-05,0.1359749,-1.041103e-06,0.009028557,-4.924563e-07,1.22,9.704404e-08,-1.871945e-05,9.734441e-07,-0.002503395,-0.0001320813,-0.01528021,1.223
2024_02_12_12_35_23_762,0.4,0.0,83347.0,83347.0,34.26095,-1.238841e-05,0.1359749,3.406166e-07,0.009028586,-2.027029e-06,1.22,2.170456e-05,-6.106297e-06,1.842436e-05,-0.00500679,0.0001351486,-0.003917143,1.223
2024_02_12_12_35_23_800,0.4,0.0,83457.0,83457.0,34.30626,-1.237481e-05,0.135975,-3.192772e-08,0.009028794,3.820937e-08,1.22,1.214016e-06,-7.820111e-05,2.096895e-07,-0.0002384186,-5.528849e-05,0.01536403,1.223
2024_02_12_12_35_23_837,0.4,0.0,83570.0,83570.0,34.35279,-1.236989e-05,0.135975,6.495762e-07,0.009028824,1.169379e-06,1.22,-2.31874e-06,-0.0001129268,3.058819e-06,0.001788139,-0.0001307523,-5.401671e-05,1.223
2024_02_12_12_35_23_874,0.4,0.0,83680.0,83680.0,34.39809,-1.234948e-05,0.1359749,7.664751e-07,0.009028676,5.501351e-06,1.22,1.794762e-05,3.045893e-05,-1.664067e-05,-0.01442432,-6.756761e-05,0.02705958,1.223
2024_02_12_12_35_23_912,0.4,0.0,83793.0,83793.0,34.44463,-1.239064e-05,0.135975,2.164725e-06,0.009028824,2.687848e-06,1.22,1.476575e-05,-0.0001150417,-9.588768e-06,0.002741813,-9.711743e-05,0.003742054,1.223
2024_02_12_12_35_23_945,0.4,0.0,83891.0,83891.0,34.48503,-1.248545e-05,0.135975,-1.403964e-07,0.009028557,-1.410542e-06,1.22,-6.028967e-06,-1.52446e-05,-5.464137e-06,0.0007152557,0.0003399307,0.003804452,1.223
2024_02_12_12_35_23_983,0.4,0.0,84001.0,84001.0,34.53034,-1.251165e-05,0.135975,7.229455e-08,0.009028824,-2.362583e-06,1.22,2.94537e-06,-9.103044e-05,-1.937485e-06,-0.004768372,0.0001116198,0.01145713,1.223
2024_02_12_12_35_24_020,0.4,0.0,84114.0,84114.0,34.57687,-1.244435e-05,0.135975,-1.273624e-06,0.009028645,2.43887e-06,1.22,-9.464483e-06,-4.550546e-05,-1.910782e-05,0.006198883,-9.905761e-05,-0.0115186,1.223
2024_02_12_12_35_24_057,0.4,0.0,84224.0,84224.0,34.62218,-1.24117e-05,0.135975,-9.272993e-07,0.009028646,1.4916e-06,1.22,2.156541e-06,-3.444472e-05,3.917149e-06,0.003576278,3.164862e-05,-0.007715076,1.223
2024_02_12_12_35_24_095,0.4,0.0,84337.0,84337.0,34.66871,-1.242072e-05,0.135975,-6.199968e-07,0.009028675,-1.578805e-07,1.22,1.185393e-06,-4.998444e-05,-1.063095e-06,0.002503395,1.981593e-05,-0.01535006,1.223
2024_02_12_12_35_24_132,0.4,0.0,84447.0,84447.0,34.71402,-1.240909e-05,0.1359749,1.619648e-07,0.009028616,1.663272e-06,1.22,-9.710929e-08,-1.63282e-05,-3.225587e-07,0.0001192093,9.389413e-07,0.02306979,1.223
2024_02_12_12_35_24_166,0.4,0.0,84548.0,84548.0,34.75565,-1.24056e-05,0.1359749,1.167e-07,0.009028675,1.101939e-06,1.22,3.571814e-07,-1.218412e-05,-9.189195e-07,-0.005602836,-1.63365e-05,-0.007616356,1.223
2024_02_12_12_35_24_204,0.4,0.0,84658.0,84658.0,34.80096,-1.241055e-05,0.1359749,-6.804925e-07,0.009028646,1.07833e-06,1.22,1.96652e-05,-2.869624e-05,-8.539369e-06,0.002026558,-0.0001572892,0.003853813,1.223
2024_02_12_12_35_24_241,0.4,0.0,84771.0,84771.0,34.84749,-1.2414e-05,0.1359749,-6.631807e-07,0.009028616,2.49639e-07,1.22,1.493366e-06,-1.285303e-05,-1.133893e-05,-0.01168251,0.0001125008,0.01545157,1.223
2024_02_12_12_35_24_274,0.4,0.0,84869.0,84869.0,34.8879,-1.243065e-05,0.1359749,4.076741e-07,0.009028735,-1.117081e-06,1.22,1.827794e-05,-7.280982e-05,1.769493e-05,0.0007152557,-8.821677e-05,0.01146179,1.223
2024_02_12_12_35_24_313,0.4,0.0,84982.0,84982.0,34.93443,-1.243844e-05,0.1359749,-1.738484e-06,0.009028616,-2.324066e-06,1.22,2.903952e-06,-9.2652e-06,4.63333e-06,0.0003576278,5.794697e-05,0.0001545995,1.223
2024_02_12_12_35_24_349,0.4,0.0,85092.0,85092.0,34.97974,-1.242867e-05,0.135975,-7.815274e-07,0.009028615,-1.401763e-06,1.22,8.757892e-07,-6.097573e-05,2.042927e-06,0.01442432,2.597091e-05,-0.02302788,1.223
2024_02_12_12_35_24_387,0.4,0.0,85205.0,85205.0,35.02627,-1.239381e-05,0.1359749,-4.471206e-07,0.009028526,-3.255219e-07,1.22,2.82327e-06,5.039491e-06,7.373824e-07,0.015378,-0.0001237566,-0.02271402,1.223
2024_02_12_12_35_24_420,0.4,0.0,85303.0,85303.0,35.06668,-1.238501e-05,0.1359749,1.812019e-06,0.009028556,-3.178248e-07,1.22,-2.217843e-05,3.655441e-06,-1.005425e-05,-0.010252,-0.0001459687,0.02301484,1.223
2024_02_12_12_35_24_457,0.4,0.0,85413.0,85413.0,35.11199,-1.238387e-05,0.1359749,4.524628e-07,0.009028557,-4.765425e-07,1.22,1.783218e-05,5.190147e-06,-7.445783e-06,-0.003814697,1.206814e-05,-0.0113938,1.223
2024_02_12_12_35_24_495,0.4,0.0,85526.0,85526.0,35.15852,-1.239471e-05,0.135975,-3.54113e-07,0.009028794,-1.008795e-06,1.22,-9.964547e-07,-0.0001063878,1.721513e-06,0.00166893,2.820963e-05,-9.49949e-05,1.223
2024_02_12_12_35_24_528,0.4,0.0,85625.0,85624.0,35.19893,-1.240617e-05,0.1359749,-1.480952e-06,0.009028616,-2.485489e-06,1.22,3.927588e-05,-5.726126e-06,7.031539e-06,-0.009536743,1.928595e-05,0.01542643,1.223
2024_02_12_12_35_24_566,0.4,0.0,85738.0,85737.0,35.24546,-1.239957e-05,0.135975,8.148193e-07,0.009028794,-4.582311e-07,1.22,-2.193708e-05,-6.672784e-05,-1.69356e-05,0.01990795,4.554311e-05,-0.01901109,1.223
2024_02_12_12_35_24_603,0.4,0.0,85848.0,85847.0,35.29077,-1.241881e-05,0.135975,-6.933617e-09,0.009028823,-2.874876e-06,1.22,-2.533175e-06,-9.422783e-05,1.464048e-06,-0.00500679,0.0001040793,0.007512979,1.223
2024_02_12_12_35_24_641,0.4,0.0,85961.0,85960.0,35.3373,-1.249606e-05,0.1359749,2.391616e-07,0.009028764,-8.201568e-06,1.22,-2.599123e-06,-8.46888e-05,4.283943e-07,-0.01323223,0.0003594072,0.01144875,1.223
2024_02_12_12_35_24_678,0.4,0.0,86071.0,86070.0,35.38261,-1.250572e-05,0.135975,-5.896918e-07,0.009028794,-6.650325e-06,1.22,2.708932e-06,-7.114802e-05,1.673922e-06,0.0141859,9.687347e-06,0.007698312,1.223
2024_02_12_12_35_24_716,0.4,0.0,86184.0,86183.0,35.42914,-1.241977e-05,0.135975,2.340882e-07,0.009028824,-2.630327e-06,1.22,-1.266505e-05,-9.906877e-05,-1.195401e-05,0.01275539,-0.0001445228,-0.02664048,1.223
2024_02_12_12_35_24_750,0.4,0.0,86282.0,86281.0,35.46955,-1.240352e-05,0.135975,-2.309557e-07,0.009028854,-4.525089e-06,1.22,5.382169e-07,-0.0001012424,-3.955804e-06,0.003695488,4.451547e-05,0.007664784,1.223
2024_02_12_12_35_24_789,0.4,0.0,86395.0,86394.0,35.51608,-1.239594e-05,0.1359749,6.22091e-07,0.009028646,-3.810864e-06,1.22,-4.710997e-07,1.078971e-07,3.204929e-06,-0.005841255,-0.0001181831,0.0002114102,1.223
2024_02_12_12_35_24_820,0.4,0.0,86493.0,86493.0,35.55649,-1.238661e-05,0.135975,4.530247e-07,0.009028824,-3.076241e-06,1.22,-2.162002e-05,-0.0001107043,4.554993e-06,-0.004172325,0.0003092577,0.01138728,1.223
2024_02_12_12_35_24_858,0.4,0.0,86603.0,86603.0,35.6018,-1.237106e-05,0.135975,-3.704644e-09,0.009028735,-1.282358e-06,1.22,1.746389e-05,-6.310859e-05,-1.148766e-05,0.001311302,-3.214495e-05,-0.003777444,1.223
2024_02_12_12_35_24_891,0.4,0.0,86704.0,86704.0,35.64343,-1.238761e-05,0.1359749,4.453977e-07,0.009028645,-3.749962e-06,1.22,8.179292e-07,-1.651901e-05,-3.718055e-06,0.002980232,1.388962e-05,0.01930445,1.223
2024_02_12_12_35_24_929,0.4,0.0,86814.0,86814.0,35.68874,-1.237921e-05,0.1359749,2.135253e-07,0.009028587,-4.368834e-06,1.22,-2.138501e-05,2.844191e-06,1.390636e-05,-0.01692772,-3.778251e-05,0.02674106,1.223
2024_02_12_12_35_24_966,0.4,0.0,86927.0,86927.0,35.73527,-1.238495e-05,0.1359749,2.887714e-07,0.009028614,-5.846772e-06,1.22,6.405158e-07,-2.311688e-05,-1.392038e-06,-0.01227856,-7.934828e-05,0.01522154,1.223
2024_02_12_12_35_24_999,0.4,0.0,87025.0,87025.0,35.77568,-1.238237e-05,0.1359748,-4.15047e-07,0.009028497,-7.349905e-06,1.22,-3.641579e-07,-3.364395e-06,-4.883981e-06,-0.001311302,-0.0001826987,-0.01130998,1.223
2024_02_12_12_35_25_036,0.4,0.0,87138.0,87138.0,35.82221,-1.238528e-05,0.1359749,-4.689954e-07,0.009028616,-6.925758e-06,1.22,-7.299791e-07,-1.250803e-05,-7.015082e-06,-0.01084804,0.0001324894,0.02685003,1.223
2024_02_12_12_35_25_074,0.4,0.0,87248.0,87248.0,35.86752,-1.236803e-05,0.135975,5.405985e-07,0.009028794,-7.087121e-06,1.22,-1.999884e-05,-8.982085e-05,1.080023e-05,-0.004172325,3.992136e-05,-0.01159497,1.223
2024_02_12_12_35_25_108,0.4,0.0,87346.0,87346.0,35.90792,-1.236685e-05,0.135975,-2.499606e-07,0.009028616,-7.119038e-06,1.22,1.610093e-05,-4.68503e-05,1.626124e-05,0.002861023,-0.0001934322,0.003773719,1.223
2024_02_12_12_35_25_145,0.4,0.0,87459.0,87459.0,35.95446,-1.238184e-05,0.1359749,3.116019e-08,0.009028557,-4.964137e-06,1.22,1.056635e-06,-7.51336e-06,8.322052e-06,-0.004291534,9.375135e-05,0.02686214,1.223
2024_02_12_12_35_25_182,0.4,0.0,87569.0,87569.0,35.99976,-1.237276e-05,0.135975,4.500426e-07,0.009028764,-4.798826e-06,1.22,-1.031716e-06,-6.880904e-05,1.087586e-06,0.000834465,3.881271e-05,-0.007610768,1.223
2024_02_12_12_35_25_216,0.4,0.0,87670.0,87670.0,36.0414,-1.237433e-05,0.135975,1.276714e-09,0.009028824,-4.749993e-06,1.22,9.563067e-08,-9.770598e-05,-6.544942e-08,-0.02205372,4.187512e-06,0.007389113,1.223
2024_02_12_12_35_25_253,0.4,0.0,87780.0,87780.0,36.0867,-1.237641e-05,0.1359749,1.233153e-07,0.009028735,-4.08159e-06,1.22,-6.455107e-07,-7.129712e-05,-7.153632e-07,0.0004768371,3.714319e-05,-0.03064703,1.223
2024_02_12_12_35_25_286,0.4,0.0,87879.0,87878.0,36.12711,-1.241432e-05,0.135975,1.056499e-06,0.009028646,-6.855505e-06,1.22,-6.819854e-06,-3.038667e-05,1.311315e-06,0.003814697,4.248829e-05,-0.01534261,1.223
2024_02_12_12_35_25_326,0.4,0.0,87992.0,87991.0,36.17365,-1.245025e-05,0.1359749,1.242338e-08,0.009028764,-8.421873e-06,1.22,1.06353e-06,7.263515e-07,-3.321598e-06,-0.00655651,0.0001815798,0.004079193,1.223
2024_02_12_12_35_25_362,0.4,0.0,88102.0,88101.0,36.21895,-1.243754e-05,0.135975,2.403551e-07,0.009028824,-8.075663e-06,1.22,5.928182e-06,-8.792109e-05,-1.57768e-06,-0.01072884,-4.74995e-06,-0.00782311,1.223
2024_02_12_12_35_25_395,0.4,0.0,88203.0,88202.0,36.26059,-1.246755e-05,0.135975,1.699376e-06,0.009028673,-1.197196e-05,1.22,1.695926e-05,-6.008555e-05,-5.376543e-06,0.007867813,-2.041429e-05,-0.003892928,1.223
2024_02_12_12_35_25_433,0.4,0.0,88313.0,88312.0,36.30589,-1.246908e-05,0.135975,-1.306899e-06,0.009028824,-8.210214e-06,1.22,3.572765e-06,-0.0001089318,-7.547813e-06,0.0003576278,0.0001354951,-0.0001024455,1.223
2024_02_12_12_35_25_470,0.4,0.0,88426.0,88425.0,36.35242,-1.239506e-05,0.135975,7.636452e-07,0.009028795,-2.097657e-06,1.22,-1.554173e-05,-8.701236e-05,-9.434792e-06,-0.0007152557,1.795001e-06,0.007607974,1.223
2024_02_12_12_35_25_507,0.4,0.0,88536.0,88536.0,36.39773,-1.238811e-05,0.135975,-1.433133e-06,0.009028824,-5.098314e-06,1.22,3.057178e-06,-0.000108608,-9.999797e-06,0.0007152557,0.0001817868,-0.0001015142,1.223
2024_02_12_12_35_25_546,0.4,0.0,88649.0,88649.0,36.44426,-1.233975e-05,0.135975,-2.061106e-06,0.009028824,1.42645e-06,1.22,4.197351e-06,-0.0001225829,-6.774587e-06,-0.0001192093,0.0001097504,-0.0001089647,1.223
2024_02_12_12_35_25_578,0.4,0.0,88747.0,88747.0,36.48467,-1.232314e-05,0.135975,-3.446077e-07,0.009028824,2.897469e-06,1.22,1.769994e-05,-0.0001074272,-9.99403e-06,-0.001549721,-0.0001146535,-0.003916211,1.223
2024_02_12_12_35_25_616,0.4,0.0,88860.0,88860.0,36.5312,-1.234856e-05,0.1359749,1.80307e-07,0.009028735,9.704906e-07,1.22,-1.251638e-06,-5.860349e-05,-1.986161e-07,0.00667572,-3.088119e-05,0.000115484,1.223
2024_02_12_12_35_25_649,0.4,0.0,88958.0,88958.0,36.57161,-1.233492e-05,0.135975,3.329331e-07,0.009028824,1.673216e-06,1.22,9.731997e-07,-0.0001097627,4.096471e-07,0.0007152557,-0.000115309,-5.867332e-05,1.223
2024_02_12_12_35_25_686,0.4,0.0,89068.0,89068.0,36.61692,-1.233951e-05,0.1359749,-3.976464e-07,0.009028737,8.911744e-07,1.22,-2.219753e-07,-6.895111e-05,2.56194e-06,-0.00333786,0.0001715385,0.03826525,1.223
2024_02_12_12_35_25_720,0.4,0.0,89169.0,89169.0,36.65855,-1.234398e-05,0.1359749,-2.058066e-07,0.009028586,2.992048e-08,1.22,-5.923204e-07,-4.023367e-07,6.905025e-07,0.00655651,1.283166e-05,-0.01532957,1.223
2024_02_12_12_35_25_757,0.4,0.0,89279.0,89279.0,36.70386,-1.234844e-05,0.135975,-2.4148e-07,0.009028706,-6.230839e-07,1.22,-4.930508e-07,-7.279471e-05,3.678046e-07,0.004529953,1.310312e-05,-0.007690861,1.223
2024_02_12_12_35_25_795,0.4,0.0,89392.0,89392.0,36.75039,-1.235538e-05,0.1359749,-1.105799e-07,0.009028587,-1.685552e-06,1.22,-4.937693e-07,-1.814313e-05,-1.253245e-07,0.003814697,1.819035e-05,0.01542456,1.223
2024_02_12_12_35_25_828,0.4,0.0,89490.0,89490.0,36.7908,-1.236061e-05,0.135975,2.288698e-07,0.009028794,-1.662342e-06,1.22,-1.310598e-06,-0.0001094495,7.413256e-08,-0.0005960464,5.472532e-05,-7.450581e-05,1.223
2024_02_12_12_35_25_867,0.4,0.0,89603.0,89603.0,36.83733,-1.235515e-05,0.135975,-7.981253e-07,0.009028765,9.702425e-07,1.22,-3.560239e-07,-7.894948e-05,7.170733e-06,-0.003218651,-2.198625e-05,0.03050268,1.223
2024_02_12_12_35_25_904,0.4,0.0,89713.0,89713.0,36.88264,-1.235314e-05,0.135975,8.79291e-08,0.009028824,-5.615652e-07,1.22,3.264146e-07,-0.0001122698,-2.963266e-07,0.0002384186,-1.147174e-05,-9.406357e-05,1.223
2024_02_12_12_35_25_937,0.4,0.0,89811.0,89811.0,36.92305,-1.235198e-05,0.1359748,-7.642912e-07,0.009028706,-1.508408e-06,1.22,-4.87501e-07,2.262483e-05,-1.864793e-06,-0.01358986,0.0001311843,0.03089197,1.223
2024_02_12_12_35_25_976,0.4,0.0,89924.0,89924.0,36.96958,-1.233163e-05,0.135975,-7.225277e-07,0.009028824,8.630271e-07,1.22,3.109445e-06,-9.155978e-05,3.10052e-06,-0.002622604,9.664649e-05,-0.007712282,1.223
2024_02_12_12_35_26_008,0.4,0.0,90023.0,90022.0,37.00999,-1.231876e-05,0.1359749,2.122664e-07,0.009028673,1.862771e-06,1.22,4.4808e-08,-5.477709e-05,5.664127e-06,-0.005602836,-9.26205e-05,-6.519258e-05,1.223
2024_02_12_12_35_26_045,0.4,0.0,90136.0,90135.0,37.05652,-1.232081e-05,0.1359749,1.125306e-07,0.009028675,8.709658e-07,1.22,-6.610948e-07,-3.602858e-05,3.769245e-07,0.007748603,9.129305e-06,4.842877e-05,1.223
2024_02_12_12_35_26_088,0.4,0.0,90258.0,90257.0,37.10673,-1.231905e-05,0.1359749,1.543586e-06,0.009028673,2.18478e-06,1.22,-4.072786e-05,-3.000578e-05,-4.290797e-06,-0.01311302,0.0001931426,-0.007617287,1.223
2024_02_12_12_35_26_124,0.4,0.0,90371.0,90370.0,37.15326,-1.233668e-05,0.135975,-9.445929e-07,0.009028676,-1.184885e-06,1.22,-3.396616e-06,-6.831173e-05,-4.072415e-06,0.00834465,0.0002584682,-5.215406e-05,1.223
2024_02_12_12_35_26_162,0.4,0.0,90481.0,90480.0,37.19857,-1.232704e-05,0.1359749,1.154952e-06,0.009028586,-3.299625e-07,1.22,-2.137206e-05,-2.954473e-05,9.68874e-06,-0.0001192093,2.907792e-05,-0.01152418,1.223
2024_02_12_12_35_26_194,0.4,0.0,90582.0,90581.0,37.2402,-1.232774e-05,0.135975,-3.5506e-07,0.009028794,7.427034e-08,1.22,2.079203e-05,-0.0001118475,1.541636e-05,-0.0001192093,0.0001604201,-6.426126e-05,1.223
2024_02_12_12_35_26_233,0.4,0.0,90692.0,90691.0,37.28551,-1.234898e-05,0.1359749,2.499167e-06,0.009028794,-1.768821e-06,1.22,-4.171769e-06,-0.000115569,6.503396e-06,0.0001192093,-9.322712e-05,4.656613e-06,1.223
2024_02_12_12_35_26_270,0.4,0.0,90805.0,90804.0,37.33204,-1.235463e-05,0.135975,-2.285364e-06,0.009028824,-2.030546e-06,1.22,5.688308e-06,-0.0001176823,-9.322755e-06,0.0003576278,0.0001421422,-0.0001071021,1.223
2024_02_12_12_35_26_303,0.4,0.0,90903.0,90903.0,37.37245,-1.226102e-05,0.135975,-1.235645e-06,0.009028794,2.217258e-06,1.22,-1.153574e-05,-0.0001193662,-2.245923e-05,0.00667572,-0.0001446383,0.00378862,1.223
2024_02_12_12_35_26_341,0.4,0.0,91016.0,91016.0,37.41898,-1.220684e-05,0.135975,-1.985322e-07,0.009028826,2.795574e-06,1.22,1.722117e-06,-0.0001017057,4.963723e-06,-0.006079673,5.272818e-05,0.01144502,1.223
2024_02_12_12_35_26_378,0.4,0.0,91126.0,91126.0,37.46429,-1.221009e-05,0.135975,1.291826e-06,0.009028586,1.617471e-07,1.22,-2.567493e-05,-2.118921e-05,1.009738e-05,0.0002384186,0.0001410272,-0.01148786,1.223
2024_02_12_12_35_26_416,0.4,0.0,91239.0,91239.0,37.51082,-1.22314e-05,0.1359749,7.905522e-09,0.009028615,-1.573292e-06,1.22,3.637002e-05,-3.611364e-05,1.078201e-05,0.004410744,-0.0002978199,7.357448e-05,1.223
2024_02_12_12_35_26_453,0.4,0.0,91349.0,91349.0,37.55613,-1.225657e-05,0.135975,3.434774e-07,0.009028676,-2.132071e-06,1.22,-2.855392e-06,-8.444821e-05,-1.719666e-06,-0.004410744,2.804302e-05,0.03815722,1.223
2024_02_12_12_35_26_491,0.4,0.0,91462.0,91462.0,37.60266,-1.226506e-05,0.135975,1.675346e-06,0.009028824,-1.780877e-06,1.22,-4.521869e-06,-0.0001219192,9.017795e-06,0.0007152557,-0.0001278828,-0.0001015142,1.223
2024_02_12_12_35_26_528,0.4,0.0,91572.0,91572.0,37.64796,-1.231571e-05,0.135975,-3.06049e-07,0.009028705,-6.245499e-06,1.22,-3.146446e-06,-9.490655e-05,-4.863163e-06,0.01108646,1.754341e-05,-0.0114264,1.223
2024_02_12_12_35_26_565,0.4,0.0,91682.0,91682.0,37.69327,-1.231056e-05,0.135975,-3.79461e-07,0.009028824,-6.115762e-06,1.22,1.140204e-06,-0.0001031676,1.701427e-07,-0.01692772,-3.208224e-05,-0.007873401,1.223
2024_02_12_12_35_26_599,0.4,0.0,91783.0,91783.0,37.73491,-1.23028e-05,0.135975,7.142849e-08,0.009028706,-5.832745e-06,1.22,2.516e-06,-7.591994e-05,8.345874e-07,0.004529953,-8.954748e-05,-0.007692724,1.223
2024_02_12_12_35_26_636,0.4,0.0,91893.0,91893.0,37.78021,-1.227765e-05,0.135975,-4.57968e-08,0.009028794,-5.52728e-06,1.22,-2.497784e-07,-0.0001155203,-3.07445e-07,-0.005483627,3.813291e-06,0.007600523,1.223
2024_02_12_12_35_26_674,0.4,0.0,92006.0,92006.0,37.82674,-1.227392e-05,0.1359749,-1.323103e-06,0.009028616,-5.797352e-06,1.22,-2.12203e-06,-3.090913e-05,-3.827467e-06,-0.008583069,0.0002102989,0.01524947,1.223
2024_02_12_12_35_26_712,0.4,0.0,92116.0,92116.0,37.87205,-1.227852e-05,0.1359749,4.817066e-07,0.009028705,-8.912513e-06,1.22,1.075317e-06,-4.940272e-05,-5.379245e-06,-0.004768372,6.918467e-05,-0.01911633,1.223
2024_02_12_12_35_26_745,0.4,0.0,92217.0,92217.0,37.91368,-1.226859e-05,0.135975,2.436353e-06,0.009028587,-9.218856e-06,1.22,-2.065062e-05,-4.894376e-06,7.762376e-06,-0.0009536743,0.0001159471,-5.587935e-05,1.223
2024_02_12_12_35_26_783,0.4,0.0,92327.0,92327.0,37.95899,-1.222597e-05,0.1359749,-4.536843e-07,0.009028587,-6.304529e-06,1.22,-3.63161e-07,-1.320527e-05,-6.162926e-07,-0.005125999,-3.429336e-05,0.01921132,1.223
2024_02_12_12_35_26_820,0.4,0.0,92440.0,92440.0,38.00552,-1.226169e-05,0.1359749,2.573156e-06,0.009028555,-9.38916e-06,1.22,-2.917729e-06,-2.711951e-05,-3.561931e-06,0.009775162,6.691004e-05,-0.03052875,1.223
2024_02_12_12_35_26_853,0.4,0.0,92538.0,92538.0,38.04593,-1.227776e-05,0.1359749,-4.575634e-08,0.009028676,-1.059745e-05,1.22,1.026723e-07,-2.219294e-05,-7.535076e-07,0.009298325,1.668972e-05,0.008018687,1.223
2024_02_12_12_35_26_891,0.4,0.0,92648.0,92648.0,38.09124,-1.225691e-05,0.135975,5.480967e-07,0.009028557,-7.965883e-06,1.22,1.045523e-06,-1.43315e-05,8.311003e-06,0.01132488,-0.0003000757,-0.02282858,1.223
2024_02_12_12_35_26_928,0.4,0.0,92761.0,92761.0,38.13777,-1.22371e-05,0.1359749,-1.361274e-06,0.009028705,-7.326662e-06,1.22,2.980151e-06,-1.214273e-05,-1.24956e-06,-0.001192093,8.823184e-05,0.0001424924,1.223
2024_02_12_12_35_26_966,0.4,0.0,92871.0,92871.0,38.18308,-1.216919e-05,0.1359749,-2.309908e-07,0.009028705,-7.005773e-07,1.22,5.517304e-06,-5.029721e-05,4.598341e-06,0.003218651,-0.0002581421,-0.007565133,1.223
2024_02_12_12_35_26_999,0.4,0.0,92972.0,92972.0,38.22471,-1.215832e-05,0.135975,2.781013e-07,0.009028705,-6.84105e-07,1.22,-1.565526e-06,-6.387023e-05,8.375831e-07,0.002861023,2.127523e-05,-0.007770955,1.223
2024_02_12_12_35_27_036,0.4,0.0,93082.0,93082.0,38.27002,-1.218126e-05,0.135975,2.22281e-07,0.009028824,-4.414652e-06,1.22,-1.211372e-06,-9.37682e-05,1.082223e-06,-0.01704693,-3.843321e-05,-0.007877126,1.223
2024_02_12_12_35_27_074,0.4,0.0,93195.0,93195.0,38.31655,-1.210242e-05,0.135975,6.680424e-07,0.009028794,2.951233e-06,1.22,-2.142236e-05,-0.0001097806,-1.446241e-05,0.0115633,-6.730545e-06,-0.007607042,1.223
2024_02_12_12_35_27_112,0.4,0.0,93305.0,93305.0,38.36186,-1.210413e-05,0.135975,-1.760156e-07,0.009028794,2.109834e-07,1.22,-1.738946e-06,-0.0001154507,-1.497802e-06,-0.0004768371,-0.0001212874,-0.01155306,1.223
2024_02_12_12_35_27_145,0.4,0.0,93407.0,93406.0,38.40349,-1.209601e-05,0.135975,6.217564e-07,0.009028824,7.323573e-07,1.22,-2.446946e-06,-0.0001192397,-2.24063e-06,0.0,-1.646364e-05,-4.749745e-05,1.223
2024_02_12_12_35_27_182,0.4,0.0,93517.0,93516.0,38.4488,-1.209235e-05,0.135975,-5.479928e-08,0.009028824,1.112838e-06,1.22,-2.000127e-06,-9.68204e-05,1.079322e-06,0.002145767,8.690391e-05,7.45058e-06,1.223
2024_02_12_12_35_27_220,0.4,0.0,93630.0,93629.0,38.49533,-1.209695e-05,0.135975,1.732362e-06,0.009028824,-1.864482e-07,1.22,-3.566585e-06,-0.0001252885,-3.301566e-06,-0.001549721,-0.0001467743,-7.636845e-05,1.223
2024_02_12_12_35_27_257,0.4,0.0,93740.0,93739.0,38.54064,-1.209354e-05,0.135975,-4.053747e-07,0.009028794,1.764932e-06,1.22,2.048199e-05,-9.236258e-05,-4.61427e-06,-0.003814697,1.45578e-05,1.117587e-05,1.223
2024_02_12_12_35_27_294,0.4,0.0,93853.0,93852.0,38.58717,-1.209366e-05,0.1359749,-1.395019e-08,0.009028645,2.17358e-06,1.22,-3.116603e-06,-2.762564e-05,-5.91807e-06,-0.01442432,3.301062e-05,0.003835186,1.223
2024_02_12_12_35_27_328,0.4,0.0,93951.0,93950.0,38.62758,-1.208195e-05,0.135975,-8.080855e-07,0.009028706,3.658278e-06,1.22,1.806802e-06,-9.227444e-05,-4.545119e-06,0.0009536743,8.580235e-05,0.02287887,1.223
2024_02_12_12_35_27_365,0.4,0.0,94061.0,94061.0,38.67289,-1.206016e-05,0.135975,-5.65952e-08,0.009028735,5.609362e-06,1.22,8.903104e-07,-0.000100519,2.429059e-07,-0.00846386,-8.322945e-05,0.007552094,1.223
2024_02_12_12_35_27_399,0.4,0.0,94162.0,94162.0,38.71452,-1.204872e-05,0.1359749,6.008754e-08,0.009028705,5.922553e-06,1.22,-2.026662e-07,-7.425159e-05,5.974958e-08,-0.01049042,-4.294964e-05,0.007622875,1.223
2024_02_12_12_35_27_436,0.4,0.0,94272.0,94272.0,38.75983,-1.20465e-05,0.1359749,1.834894e-06,0.009028587,7.381327e-06,1.22,-3.664261e-06,-2.786106e-05,5.282882e-08,-0.007033348,-0.0001053173,0.01534354,1.223
2024_02_12_12_35_27_474,0.4,0.0,94385.0,94385.0,38.80636,-1.205463e-05,0.1359749,-9.557013e-08,0.009028645,6.302884e-06,1.22,-2.141882e-08,-5.141968e-05,5.616674e-07,0.003695488,-4.112687e-05,-0.007510185,1.223
2024_02_12_12_35_27_507,0.4,0.0,94483.0,94483.0,38.84677,-1.203726e-05,0.1359749,-3.360658e-08,0.009028586,8.069926e-06,1.22,-4.068196e-05,-3.784893e-05,-3.930435e-06,0.002622604,0.0002192015,-0.007452443,1.223
2024_02_12_12_35_27_545,0.4,0.0,94596.0,94596.0,38.8933,-1.202079e-05,0.1359749,2.386535e-06,0.009028587,7.31128e-06,1.22,-2.389881e-05,-1.59022e-05,8.101158e-06,0.009655952,0.0001774141,-0.01506042,1.223
2024_02_12_12_35_27_578,0.4,0.0,94694.0,94694.0,38.93371,-1.200228e-05,0.135975,6.367127e-07,0.009028586,8.847526e-06,1.22,-2.257254e-06,-2.632245e-06,1.103927e-07,-0.007152557,-5.008948e-05,-7.916241e-05,1.223
2024_02_12_12_35_27_615,0.4,0.0,94804.0,94804.0,38.97902,-1.20257e-05,0.1359749,6.187681e-07,0.009028646,6.396156e-06,1.22,-4.543837e-06,2.852004e-05,-3.032984e-06,-0.01120567,2.327596e-05,0.03849808,1.223
2024_02_12_12_35_27_653,0.4,0.0,94917.0,94917.0,39.02555,-1.204468e-05,0.135975,-4.239476e-07,0.009028794,7.208545e-06,1.22,-4.093834e-06,-8.556994e-05,-1.16563e-06,-0.004887581,0.0003038023,-0.007758848,1.223
2024_02_12_12_35_27_690,0.4,0.0,95027.0,95027.0,39.07085,-1.206046e-05,0.1359749,2.938722e-07,0.009028616,7.565305e-06,1.22,-1.345683e-06,-2.553836e-05,2.939948e-07,-0.00834465,2.728588e-05,0.01525972,1.223
2024_02_12_12_35_27_728,0.4,0.0,95140.0,95140.0,39.11739,-1.209886e-05,0.135975,-1.477757e-07,0.009028586,3.465322e-06,1.22,-7.204988e-06,-2.328615e-05,-1.061251e-05,0.01239777,0.0005970827,-0.04587695,1.223
2024_02_12_12_35_27_766,0.4,0.0,95250.0,95250.0,39.16269,-1.209318e-05,0.1359749,2.559734e-07,0.009028644,6.696343e-06,1.22,3.240445e-06,-4.925217e-05,1.073848e-05,0.005602836,-8.086431e-06,-0.01152512,1.223
2024_02_12_12_35_27_803,0.4,0.0,95363.0,95363.0,39.20922,-1.210301e-05,0.135975,7.592539e-07,0.009028824,5.194491e-06,1.22,-1.508402e-06,-8.597573e-05,-3.681454e-06,-0.00989437,-2.482554e-05,0.003707595,1.223
2024_02_12_12_35_27_841,0.4,0.0,95473.0,95473.0,39.25453,-1.207923e-05,0.135975,1.142964e-06,0.009028706,1.174383e-05,1.22,-1.249861e-06,-6.895383e-05,-2.830096e-05,-0.001430511,8.549975e-05,-0.0001145527,1.223
2024_02_12_12_35_27_878,0.4,0.0,95586.0,95586.0,39.30106,-1.208846e-05,0.135975,-2.591589e-07,0.009028794,1.032843e-05,1.22,1.67806e-06,-8.326908e-05,-1.412145e-06,0.0007152557,-9.802477e-06,-1.396984e-05,1.223
2024_02_12_12_35_27_916,0.4,0.0,95696.0,95696.0,39.34637,-1.206791e-05,0.135975,1.398192e-07,0.009028737,1.157922e-05,1.22,-2.375157e-08,-7.45085e-05,-4.516259e-08,0.005245208,-2.937776e-05,-0.007653608,1.223
2024_02_12_12_35_27_952,0.4,0.0,95809.0,95809.0,39.3929,-1.209466e-05,0.1359749,-1.44878e-08,0.009028616,1.12892e-05,1.22,-2.600565e-06,-2.184346e-05,8.42179e-07,-0.00166893,0.0001359654,0.007666647,1.223
2024_02_12_12_35_27_990,0.4,0.0,95919.0,95919.0,39.43821,-1.210105e-05,0.1359749,-6.458257e-07,0.009028586,1.300559e-05,1.22,-1.03591e-06,5.911272e-05,-2.106619e-06,-0.015378,0.000136755,0.0001788139,1.223
2024_02_12_12_35_28_027,0.4,0.0,96032.0,96032.0,39.48474,-1.209813e-05,0.1359749,5.194887e-07,0.009028616,1.363201e-05,1.22,-7.110059e-07,-2.430478e-05,4.325595e-07,-0.008106232,1.77053e-06,0.007666647,1.223
2024_02_12_12_35_28_062,0.4,0.0,96130.0,96130.0,39.52515,-1.210783e-05,0.135975,-9.413689e-07,0.009028615,1.176527e-05,1.22,2.003458e-05,-1.290974e-05,-9.236198e-06,-0.0009536743,-2.324629e-05,0.01149438,1.223
2024_02_12_12_35_28_100,0.4,0.0,96243.0,96243.0,39.57168,-1.21133e-05,0.1359749,-2.932012e-07,0.009028764,1.1699e-05,1.22,2.342346e-06,-6.780023e-05,-1.963301e-06,-0.01001358,-4.227638e-05,0.02301205,1.223
2024_02_12_12_35_28_136,0.4,0.0,96353.0,96353.0,39.61699,-1.210871e-05,0.1359749,9.80315e-07,0.009028527,1.219167e-05,1.22,-3.333323e-06,-1.788679e-05,1.378567e-06,-0.005602836,-0.0002628352,8.381903e-06,1.223
2024_02_12_12_35_28_174,0.4,0.0,96466.0,96466.0,39.66352,-1.211696e-05,0.135975,-1.269207e-08,0.009028676,1.339532e-05,1.22,-7.338779e-07,-6.798993e-05,-7.397309e-07,0.004529953,0.0001226149,0.007585622,1.223
2024_02_12_12_35_28_207,0.4,0.0,96565.0,96564.0,39.70393,-1.212512e-05,0.135975,-2.067153e-06,0.009028735,1.223044e-05,1.22,2.294649e-05,-0.0001030536,1.55699e-05,0.009655952,-0.0001036918,0.00377465,1.223
2024_02_12_12_35_28_244,0.4,0.0,96675.0,96674.0,39.74924,-1.213944e-05,0.135975,7.385287e-07,0.009028765,9.884363e-06,1.22,-2.717772e-06,-0.0001193785,-9.56539e-06,-0.002264977,-0.0001188044,0.007506459,1.223
2024_02_12_12_35_28_279,0.4,0.0,96776.0,96775.0,39.79087,-1.215382e-05,0.1359749,1.017249e-07,0.009028616,1.039009e-05,1.22,-5.96459e-07,-4.730145e-05,-1.739788e-07,0.01478195,9.283241e-06,-0.007592141,1.223
2024_02_12_12_35_28_315,0.4,0.0,96886.0,96885.0,39.83618,-1.218161e-05,0.135975,-8.153697e-07,0.009028735,8.785942e-06,1.22,1.867592e-05,-8.858498e-05,1.704113e-05,0.001311302,7.984976e-05,-0.02699159,1.223
2024_02_12_12_35_28_354,0.4,0.0,96999.0,96998.0,39.88271,-1.22001e-05,0.135975,1.043309e-07,0.009028737,8.381545e-06,1.22,-9.420642e-07,-8.925093e-05,-2.541093e-06,0.003814697,4.33219e-05,0.007567927,1.223
2024_02_12_12_35_28_390,0.4,0.0,97109.0,97108.0,39.92802,-1.223145e-05,0.1359749,1.580284e-06,0.009028705,7.081688e-06,1.22,-2.482278e-06,-5.850235e-05,4.661613e-06,-0.007271766,-8.04689e-05,-0.02298318,1.223
2024_02_12_12_35_28_428,0.4,0.0,97222.0,97221.0,39.97455,-1.226832e-05,0.135975,1.091125e-06,0.009028824,3.354187e-06,1.22,-1.463391e-06,-0.0001244226,6.177124e-06,0.0,-5.66925e-05,-0.0001024455,1.223
2024_02_12_12_35_28_466,0.4,0.0,97332.0,97332.0,40.01986,-1.233918e-05,0.135975,-5.254993e-07,0.009028794,7.355158e-07,1.22,1.265892e-06,-7.227793e-05,7.442606e-07,0.01561642,0.0003367446,-0.003735535,1.223
2024_02_12_12_35_28_503,0.4,0.0,97445.0,97445.0,40.06639,-1.233964e-05,0.135975,4.828434e-07,0.009028764,1.22032e-06,1.22,-1.82463e-05,-8.254937e-05,9.872231e-06,0.01215935,-1.881484e-05,-0.01150183,1.223
2024_02_12_12_35_28_541,0.4,0.0,97555.0,97555.0,40.11169,-1.233205e-05,0.135975,-7.076705e-07,0.009028854,3.045909e-06,1.22,5.117729e-06,-7.416994e-05,-3.251867e-06,0.01609325,0.0001271622,-0.00756327,1.223
2024_02_12_12_35_28_578,0.4,0.0,97668.0,97668.0,40.15823,-1.231624e-05,0.135975,2.372781e-07,0.009028823,6.941388e-06,1.22,1.416488e-06,-9.164801e-05,5.386924e-06,-0.0004768371,-0.000242551,-0.003932044,1.223
2024_02_12_12_35_28_611,0.4,0.0,97766.0,97766.0,40.19864,-1.232569e-05,0.1359749,-1.27205e-06,0.009028734,7.173866e-06,1.22,1.772865e-06,-1.103818e-05,-6.372073e-06,0.02133846,-0.0002297646,-0.04155095,1.223
2024_02_12_12_35_28_649,0.4,0.0,97879.0,97879.0,40.24517,-1.232123e-05,0.135975,-1.018696e-06,0.009028705,8.026291e-06,1.22,2.120506e-05,-5.098894e-05,1.566233e-05,0.009655952,-4.53017e-05,-0.04205946,1.223
2024_02_12_12_35_28_686,0.4,0.0,97989.0,97989.0,40.29047,-1.232734e-05,0.1359749,-9.666665e-09,0.009028764,8.986348e-06,1.22,-1.964187e-05,-5.5039e-05,9.03604e-06,0.009179115,6.675359e-05,0.004122034,1.223
2024_02_12_12_35_28_724,0.4,0.0,98102.0,98102.0,40.33701,-1.233908e-05,0.1359749,-3.17772e-07,0.009028587,9.857916e-06,1.22,4.567746e-07,-5.939446e-06,1.488818e-06,0.004649162,-9.496389e-05,-0.003773719,1.223
2024_02_12_12_35_28_761,0.4,0.0,98212.0,98212.0,40.38231,-1.234414e-05,0.1359749,-1.109051e-06,0.009028646,1.077483e-05,1.22,1.202621e-06,-9.941538e-06,4.754284e-06,0.003695488,-0.0001410001,-0.01893938,1.223
2024_02_12_12_35_28_794,0.4,0.0,98310.0,98310.0,40.42272,-1.232334e-05,0.135975,-3.403034e-07,0.009028764,1.220822e-05,1.22,1.826124e-06,-6.873131e-05,1.273135e-07,0.01180172,2.828813e-06,6.61239e-05,1.223
2024_02_12_12_35_28_831,0.4,0.0,98423.0,98423.0,40.46925,-1.230299e-05,0.1359749,-6.554998e-08,0.009028644,1.373776e-05,1.22,1.617344e-06,-5.741648e-05,3.425328e-07,0.02610683,-7.980764e-05,-0.04582386,1.223
2024_02_12_12_35_28_870,0.4,0.0,98533.0,98533.0,40.51456,-1.230231e-05,0.135975,-1.988549e-06,0.009028735,1.306623e-05,1.22,2.165448e-05,-8.849825e-05,-1.049174e-05,0.02515316,5.294188e-05,-0.0497913,1.223
2024_02_12_12_35_28_904,0.4,0.0,98634.0,98634.0,40.55619,-1.228911e-05,0.135975,-4.582491e-07,0.009028794,1.253869e-05,1.22,-4.054516e-05,-9.076617e-05,-1.655123e-05,0.002622604,8.920295e-05,-0.003870576,1.223
2024_02_12_12_35_28_940,0.4,0.0,98744.0,98744.0,40.6015,-1.227423e-05,0.1359749,6.977026e-07,0.009028646,1.256893e-05,1.22,-2.009726e-06,-4.029668e-05,-1.695862e-06,0.0003576278,3.708261e-05,0.01532957,1.223
2024_02_12_12_35_28_978,0.4,0.0,98857.0,98857.0,40.64803,-1.227814e-05,0.1359749,1.463416e-07,0.009028735,1.219291e-05,1.22,-1.738858e-06,-6.74085e-05,8.998305e-07,0.0001192093,9.391516e-05,-0.00760518,1.223
2024_02_12_12_35_29_011,0.4,0.0,98955.0,98955.0,40.68844,-1.231175e-05,0.1359749,1.209696e-06,0.009028557,9.580496e-06,1.22,-2.399813e-05,-3.072385e-06,6.051007e-06,-0.001549721,-6.694068e-05,0.007755123,1.223
2024_02_12_12_35_29_044,0.4,0.0,99054.0,99053.0,40.72885,-1.230803e-05,0.135975,-1.35459e-07,0.009028675,1.044155e-05,1.22,-2.47506e-05,-8.777065e-05,6.659168e-06,0.005125999,-0.000142082,-0.004014932,1.223
2024_02_12_12_35_29_081,0.4,0.0,99167.0,99166.0,40.77538,-1.232455e-05,0.135975,-9.240732e-07,0.009028646,1.024038e-05,1.22,1.819259e-05,-2.864264e-05,1.746155e-05,0.0007152557,-0.0001936401,-0.007743015,1.223
2024_02_12_12_35_29_119,0.4,0.0,99277.0,99276.0,40.82069,-1.231847e-05,0.135975,8.942205e-07,0.009028794,1.182025e-05,1.22,2.148519e-05,-8.742222e-05,1.613096e-05,-0.007390975,6.338695e-06,0.01135003,1.223
2024_02_12_12_35_29_153,0.4,0.0,99378.0,99377.0,40.86232,-1.231977e-05,0.135975,-4.231584e-07,0.009028676,1.167757e-05,1.22,2.227714e-05,-1.221893e-05,1.709876e-05,0.003576278,-0.0002438926,-0.02299528,1.223
2024_02_12_12_35_29_187,0.4,0.0,99476.0,99476.0,40.90273,-1.229845e-05,0.135975,3.167161e-07,0.009028794,1.498014e-05,1.22,2.417019e-06,-7.62836e-05,-4.608974e-06,-0.01502037,-2.709805e-05,0.003617257,1.223
2024_02_12_12_35_29_224,0.4,0.0,99586.0,99586.0,40.94804,-1.229168e-05,0.1359749,-2.305065e-07,0.009028706,1.505938e-05,1.22,-2.302623e-05,6.777778e-05,1.549953e-05,-0.01525879,-0.0002469533,0.04240311,1.223
2024_02_12_12_35_29_261,0.4,0.0,99699.0,99699.0,40.99457,-1.227404e-05,0.135975,-1.517467e-07,0.009028823,1.823807e-05,1.22,1.887512e-05,-8.99505e-05,-6.079406e-06,0.004887581,-0.0001461849,0.003800727,1.223
2024_02_12_12_35_29_295,0.4,0.0,99797.0,99797.0,41.03498,-1.228095e-05,0.1359749,2.972804e-07,0.009028704,1.815505e-05,1.22,-1.227981e-06,-4.017296e-05,5.997799e-07,0.01239777,-1.249214e-05,-0.00757724,1.223
2024_02_12_12_35_29_332,0.4,0.0,99910.0,99910.0,41.08151,-1.23015e-05,0.135975,6.511847e-07,0.009028823,1.639322e-05,1.22,-5.13742e-06,-9.237433e-05,-4.752861e-07,0.002384186,0.000147497,-7.823109e-05,1.223
2024_02_12_12_35_29_370,0.4,0.0,100020.0,100020.0,41.12682,-1.23133e-05,0.135975,4.006143e-07,0.009028675,1.726589e-05,1.22,-3.330667e-06,-5.17558e-05,-5.717652e-06,0.004529953,-2.429723e-05,-0.007765367,1.223
2024_02_12_12_35_29_407,0.4,0.0,100133.0,100133.0,41.17335,-1.234342e-05,0.135975,9.714117e-07,0.009028794,1.446699e-05,1.22,7.537722e-07,-0.0001104906,-6.664533e-06,-0.003218651,-3.643362e-05,-0.007797032,1.223
2024_02_12_12_35_29_444,0.4,0.0,100243.0,100243.0,41.21866,-1.236189e-05,0.1359748,3.469751e-07,0.009028556,1.443416e-05,1.22,-2.734499e-06,2.38727e-05,3.552499e-06,-0.02884865,0.0002773134,0.04214234,1.223
2024_02_12_12_35_29_479,0.4,0.0,100344.0,100344.0,41.26029,-1.237143e-05,0.1359749,-6.223792e-07,0.009028646,1.478247e-05,1.22,1.756456e-07,-6.136415e-05,-2.602273e-06,0.004291534,0.0001905504,0.007648952,1.223
2024_02_12_12_35_29_512,0.4,0.0,100442.0,100442.0,41.3007,-1.236601e-05,0.1359749,5.22016e-07,0.009028526,1.825529e-05,1.22,-2.051089e-05,-1.466565e-05,-1.533001e-05,0.00989437,6.916485e-05,-0.0418676,1.223
2024_02_12_12_35_29_548,0.4,0.0,100552.0,100552.0,41.34601,-1.239665e-05,0.1359749,-6.469176e-07,0.009028557,1.811994e-05,1.22,1.875556e-05,-1.42452e-05,-9.743269e-06,0.003695488,0.0003947373,-0.003681518,1.223
2024_02_12_12_35_29_586,0.4,0.0,100665.0,100665.0,41.39254,-1.242968e-05,0.135975,3.229193e-07,0.009028676,1.607741e-05,1.22,-1.89907e-06,-4.774634e-05,-8.015339e-07,0.004529953,7.245551e-05,0.02289749,1.223
2024_02_12_12_35_29_620,0.4,0.0,100763.0,100763.0,41.43295,-1.245308e-05,0.135975,8.909498e-07,0.009028705,1.497439e-05,1.22,2.191153e-05,-6.360223e-05,2.168219e-05,0.004529953,-9.753748e-05,-0.02294034,1.223
2024_02_12_12_35_29_657,0.4,0.0,100876.0,100876.0,41.47948,-1.243882e-05,0.135975,-8.561925e-07,0.009028646,1.673494e-05,1.22,1.509876e-06,-4.046087e-05,-3.409663e-06,0.009179115,2.159766e-06,-0.007641501,1.223
2024_02_12_12_35_29_695,0.4,0.0,100986.0,100986.0,41.52479,-1.243946e-05,0.1359749,-6.469175e-07,0.009028646,1.765803e-05,1.22,1.175536e-06,-1.418752e-05,-1.145555e-06,0.001907349,6.175088e-05,0.007760711,1.223
2024_02_12_12_35_29_732,0.4,0.0,101099.0,101099.0,41.57132,-1.246661e-05,0.135975,2.767109e-07,0.009028735,1.784647e-05,1.22,-1.508289e-06,-6.277641e-05,1.227675e-06,-0.005245208,0.0001203599,0.007595866,1.223
2024_02_12_12_35_29_769,0.4,0.0,101209.0,101209.0,41.61663,-1.248671e-05,0.135975,-1.192543e-06,0.009028675,1.698272e-05,1.22,-2.408438e-06,-4.664461e-05,-7.999274e-07,0.01966953,0.000170379,-0.03829505,1.223
2024_02_12_12_35_29_806,0.4,0.0,101322.0,101322.0,41.66316,-1.248769e-05,0.1359751,-3.288648e-07,0.009028794,1.732763e-05,1.22,-1.053019e-06,-7.25405e-05,-1.744111e-06,-0.00166893,0.0002157152,-0.000115484,1.223
2024_02_12_12_35_29_845,0.4,0.0,101432.0,101432.0,41.70847,-1.251629e-05,0.135975,-1.604869e-06,0.009028794,1.817732e-05,1.22,3.978591e-05,-6.440919e-05,6.165268e-06,0.009059906,-3.867342e-06,0.007648952,1.223
2024_02_12_12_35_29_878,0.4,0.0,101534.0,101533.0,41.7501,-1.254362e-05,0.135975,1.695563e-07,0.009028824,1.742743e-05,1.22,4.993801e-08,-8.108206e-05,4.793693e-08,-0.006198883,3.85711e-06,0.007576309,1.223
2024_02_12_12_35_29_916,0.4,0.0,101644.0,101643.0,41.79541,-1.255771e-05,0.135975,-1.007009e-06,0.009028794,1.749466e-05,1.22,1.997606e-06,-6.254546e-05,2.865048e-06,0.01716614,0.0001254998,-0.003722496,1.223
2024_02_12_12_35_29_948,0.4,0.0,101742.0,101741.0,41.83582,-1.255794e-05,0.135975,-1.18579e-06,0.009028646,1.810917e-05,1.22,1.941206e-06,-3.007412e-05,-3.203874e-06,0.005602836,0.000186086,-0.007695518,1.223
2024_02_12_12_35_29_982,0.4,0.0,101843.0,101843.0,41.87745,-1.255467e-05,0.135975,1.963378e-08,0.009028645,1.70007e-05,1.22,8.361447e-07,-2.039006e-05,-6.518133e-08,-0.005245208,-4.65219e-05,-0.0001024455,1.223
2024_02_12_12_35_30_020,0.4,0.0,101953.0,101953.0,41.92276,-1.255552e-05,0.135975,-4.944826e-08,0.009028735,1.942833e-05,1.22,3.893289e-07,-3.078893e-05,5.798157e-06,0.007033348,0.00022287,-0.003750436,1.223
2024_02_12_12_35_30_057,0.4,0.0,102066.0,102066.0,41.96929,-1.257846e-05,0.135975,2.012566e-06,0.009028645,1.824951e-05,1.22,-5.610296e-06,-1.027402e-05,-5.753222e-07,-0.005602836,-0.0001194048,-9.778886e-05,1.223
2024_02_12_12_35_30_090,0.4,0.0,102164.0,102164.0,42.0097,-1.261317e-05,0.135975,1.964901e-06,0.009028735,1.923398e-05,1.22,-3.274491e-06,-8.489196e-05,-2.056726e-06,0.020504,-5.683694e-05,-0.01523923,1.223
2024_02_12_12_35_30_128,0.4,0.0,102277.0,102277.0,42.05623,-1.263627e-05,0.135975,8.840681e-07,0.009028794,1.839033e-05,1.22,-2.204404e-05,-6.843268e-05,-1.057314e-05,0.002026558,0.0001165406,5.494803e-05,1.223
2024_02_12_12_35_30_165,0.4,0.0,102387.0,102387.0,42.10154,-1.265066e-05,0.135975,1.184719e-06,0.009028794,1.808402e-05,1.22,-1.138972e-06,-0.0001119625,-9.675414e-07,0.002861023,-0.0001643927,0.003748573,1.223
2024_02_12_12_35_30_199,0.4,0.0,102488.0,102488.0,42.14317,-1.267982e-05,0.135975,-4.967494e-07,0.009028794,1.712343e-05,1.22,2.073523e-05,-0.0001135778,1.670994e-05,0.0001192093,-1.939725e-05,-5.494803e-05,1.223
2024_02_12_12_35_30_236,0.4,0.0,102598.0,102598.0,42.18848,-1.268316e-05,0.1359749,-3.790977e-07,0.009028646,1.889823e-05,1.22,2.281627e-05,-6.941055e-05,1.721178e-05,0.005364418,-0.0003073119,0.01916848,1.223
2024_02_12_12_35_30_274,0.4,0.0,102711.0,102711.0,42.23501,-1.270804e-05,0.1359748,-2.098516e-07,0.009028586,1.857299e-05,1.22,1.742453e-05,-3.208e-05,-1.391551e-05,0.01347065,-9.805671e-05,-0.02662279,1.223
2024_02_12_12_35_30_311,0.4,0.0,102821.0,102821.0,42.28032,-1.274853e-05,0.135975,-5.442056e-07,0.009028794,1.65846e-05,1.22,2.097378e-05,-0.0001065841,1.648143e-05,-0.001192093,-1.821522e-05,-6.798655e-05,1.223
2024_02_12_12_35_30_349,0.4,0.0,102934.0,102934.0,42.32685,-1.275018e-05,0.1359749,2.005326e-07,0.009028646,1.819464e-05,1.22,2.012973e-06,-3.58634e-05,-3.769914e-06,-0.000834465,-0.0001748768,-4.656613e-06,1.223
2024_02_12_12_35_30_386,0.4,0.0,103044.0,103044.0,42.37215,-1.276416e-05,0.135975,1.148931e-06,0.009028645,1.962217e-05,1.22,-2.320882e-05,-4.892684e-05,-1.846377e-05,0.01370907,-9.299214e-05,-0.0230344,1.223
2024_02_12_12_35_30_423,0.4,0.0,103154.0,103154.0,42.41746,-1.277129e-05,0.1359749,-1.627135e-06,0.009028615,1.887842e-05,1.22,2.791978e-06,-7.212055e-06,3.69263e-06,0.008225441,6.277364e-05,-0.007431022,1.223
2024_02_12_12_35_30_461,0.4,0.0,103267.0,103267.0,42.46399,-1.27822e-05,0.135975,2.325009e-06,0.009028764,1.686103e-05,1.22,-2.194783e-05,-6.592574e-05,1.173901e-05,0.02467632,-8.654211e-06,-0.04967954,1.223
2024_02_12_12_35_30_498,0.4,0.0,103377.0,103377.0,42.5093,-1.280509e-05,0.135975,1.167464e-06,0.009028794,1.661651e-05,1.22,-2.317339e-06,-7.499527e-05,1.734883e-06,0.004649162,8.383779e-05,0.01527741,1.223
2024_02_12_12_35_30_536,0.4,0.0,103490.0,103490.0,42.55583,-1.283392e-05,0.135975,6.209395e-08,0.009028823,1.541672e-05,1.22,2.415985e-07,-7.42093e-05,-2.608578e-06,-0.00655651,7.251612e-05,-8.195638e-05,1.223
2024_02_12_12_35_30_573,0.4,0.0,103600.0,103600.0,42.60114,-1.284756e-05,0.135975,7.833179e-07,0.009028794,1.491138e-05,1.22,-1.98795e-05,-7.087199e-05,-1.420401e-05,0.005483627,2.550796e-05,0.003793277,1.223
2024_02_12_12_35_30_611,0.4,0.0,103713.0,103713.0,42.64767,-1.289946e-05,0.135975,1.361413e-06,0.009028794,1.128208e-05,1.22,-1.738428e-05,-7.178328e-05,-1.951438e-05,0.01072884,8.503377e-06,-0.007642433,1.223
2024_02_12_12_35_30_649,0.4,0.0,103823.0,103823.0,42.69298,-1.287916e-05,0.1359749,-3.675902e-07,0.009028823,1.415161e-05,1.22,2.948736e-06,-0.0001001017,-5.863886e-08,-0.01084804,-4.210568e-05,0.02285279,1.223
2024_02_12_12_35_30_682,0.4,0.0,103924.0,103924.0,42.73461,-1.288165e-05,0.135975,6.26987e-07,0.009028675,1.583532e-05,1.22,-1.952314e-05,-3.039095e-05,-1.298615e-05,0.015378,5.558721e-05,-0.02667866,1.223
2024_02_12_12_35_30_719,0.4,0.0,104034.0,104034.0,42.77992,-1.287812e-05,0.135975,4.00249e-08,0.009028824,1.542246e-05,1.22,-9.149882e-07,-0.0001133077,-1.037105e-06,-0.01263618,9.238104e-05,0.02283789,1.223
2024_02_12_12_35_30_752,0.4,0.0,104132.0,104132.0,42.82033,-1.289233e-05,0.135975,-9.169532e-07,0.009028794,1.384898e-05,1.22,-1.991597e-05,-6.849951e-05,1.008021e-05,0.007271766,0.0001574527,-0.003648922,1.223
2024_02_12_12_35_30_790,0.4,0.0,104245.0,104245.0,42.86686,-1.292675e-05,0.1359748,1.112021e-06,0.009028675,1.121508e-05,1.22,-7.413147e-07,-1.804733e-06,6.311303e-07,-0.01299381,3.359469e-05,0.0461014,1.223
2024_02_12_12_35_30_827,0.4,0.0,104356.0,104355.0,42.91217,-1.295448e-05,0.1359749,7.069996e-07,0.009028706,9.04128e-06,1.22,-1.901221e-05,2.047074e-05,2.357412e-06,-0.008225441,0.0001548167,-0.00347849,1.223
2024_02_12_12_35_30_865,0.4,0.0,104469.0,104468.0,42.9587,-1.294879e-05,0.135975,5.792699e-07,0.009028794,1.237579e-05,1.22,9.942506e-07,-7.989433e-05,-1.207896e-06,-0.01835823,6.012594e-05,0.01899805,1.223
2024_02_12_12_35_30_899,0.4,0.0,104567.0,104566.0,42.99911,-1.296852e-05,0.1359749,4.361149e-08,0.009028645,1.05841e-05,1.22,-1.147861e-06,-4.017722e-05,-7.154139e-07,-0.0115633,5.478546e-05,0.007545575,1.223
2024_02_12_12_35_30_936,0.4,0.0,104680.0,104679.0,43.04564,-1.296634e-05,0.135975,2.414683e-07,0.009028735,1.100938e-05,1.22,1.36563e-06,-9.428922e-05,-8.857281e-08,0.008702278,-5.37683e-05,-0.0077812,1.223
2024_02_12_12_35_30_974,0.4,0.0,104790.0,104789.0,43.09095,-1.298808e-05,0.1359749,-3.434132e-07,0.009028706,9.580155e-06,1.22,1.006763e-06,-7.118705e-05,-2.478102e-07,0.003099441,3.151449e-05,0.01542829,1.223
2024_02_12_12_35_31_011,0.4,0.0,104903.0,104902.0,43.13748,-1.299674e-05,0.1359749,1.473489e-06,0.009028645,8.589499e-06,1.22,1.396443e-06,-1.194417e-05,5.900404e-06,0.00166893,-0.0002965122,-0.01517124,1.223
2024_02_12_12_35_31_048,0.4,0.0,105013.0,105012.0,43.18279,-1.298265e-05,0.135975,-1.662413e-06,0.009028705,8.801296e-06,1.22,4.270151e-06,-7.69727e-05,7.805161e-07,0.002622604,8.122924e-05,0.007602386,1.223
2024_02_12_12_35_31_088,0.4,0.0,105126.0,105125.0,43.22932,-1.29617e-05,0.135975,1.459977e-07,0.009028764,9.115452e-06,1.22,-5.635445e-07,-9.24744e-05,-1.313706e-06,-0.007152557,-2.192081e-06,-0.007783062,1.223
2024_02_12_12_35_31_124,0.4,0.0,105236.0,105235.0,43.27462,-1.295264e-05,0.135975,-6.481334e-07,0.009028824,1.023162e-05,1.22,1.381456e-06,-0.0001021543,4.247486e-06,-0.00333786,8.800026e-05,-0.007722526,1.223
2024_02_12_12_35_31_161,0.4,0.0,105349.0,105348.0,43.32116,-1.296306e-05,0.1359749,9.014854e-07,0.009028704,1.047457e-05,1.22,-2.360429e-05,-7.021695e-05,-1.70507e-05,0.008583069,0.0001539341,-0.003796071,1.223
2024_02_12_12_35_31_199,0.4,0.0,105459.0,105458.0,43.36646,-1.297847e-05,0.135975,1.89147e-07,0.009028646,8.100113e-06,1.22,-2.031642e-06,-4.636829e-05,-3.052465e-06,0.009536743,6.21051e-05,-2.793967e-06,1.223
2024_02_12_12_35_31_232,0.4,0.0,105560.0,105560.0,43.4081,-1.296841e-05,0.135975,9.491633e-07,0.009028795,1.060069e-05,1.22,-2.928115e-06,-8.806723e-05,-5.196571e-06,0.005483627,-8.06374e-05,0.02307724,1.223
2024_02_12_12_35_31_265,0.4,0.0,105658.0,105658.0,43.44851,-1.298334e-05,0.135975,6.974697e-07,0.009028794,9.238839e-06,1.22,2.851189e-07,-9.589546e-05,5.175516e-06,-0.00333786,-0.0002318009,0.00764057,1.223
2024_02_12_12_35_31_302,0.4,0.0,105768.0,105768.0,43.49381,-1.298667e-05,0.1359749,3.42539e-07,0.009028587,9.388151e-06,1.22,-2.177236e-06,2.366511e-05,7.938622e-06,-0.01275539,-0.0001435739,0.02296082,1.223
2024_02_12_12_35_31_340,0.4,0.0,105881.0,105881.0,43.54034,-1.300911e-05,0.135975,1.457349e-06,0.009028705,1.124749e-05,1.22,-2.248552e-06,-6.482206e-05,-2.933653e-06,0.01513958,-9.65818e-05,-0.01530349,1.223
2024_02_12_12_35_31_377,0.4,0.0,105991.0,105991.0,43.58565,-1.303068e-05,0.1359749,-5.197249e-07,0.009028586,9.910366e-06,1.22,-1.949625e-06,-1.527929e-05,-8.802701e-06,0.01323223,6.553387e-05,-0.03428664,1.223
2024_02_12_12_35_31_415,0.4,0.0,106104.0,106104.0,43.63218,-1.303476e-05,0.1359749,8.797684e-08,0.009028615,1.020743e-05,1.22,-2.938441e-07,-1.66014e-05,-9.759588e-07,0.001311302,4.124061e-06,0.007833354,1.223
2024_02_12_12_35_31_452,0.4,0.0,106214.0,106214.0,43.67749,-1.303991e-05,0.1359749,5.010887e-07,0.009028646,1.168007e-05,1.22,4.754767e-07,-1.047637e-05,1.927316e-06,-0.003099441,-8.628286e-05,0.02298876,1.223
2024_02_12_12_35_31_486,0.4,0.0,106315.0,106315.0,43.71912,-1.306962e-05,0.135975,1.930823e-06,0.009028824,7.252526e-06,1.22,-5.128048e-06,-0.0001184175,8.999544e-06,0.0001192093,-8.760286e-05,-0.0001080334,1.223
2024_02_12_12_35_31_524,0.4,0.0,106425.0,106425.0,43.76443,-1.314685e-05,0.135975,2.145584e-07,0.009028823,4.586713e-06,1.22,-3.478088e-07,-9.011419e-05,-2.959079e-07,0.002026558,5.923726e-05,-4.004687e-05,1.223
2024_02_12_12_35_31_562,0.4,0.0,106538.0,106538.0,43.81096,-1.318275e-05,0.135975,1.13707e-06,0.009028824,1.896128e-06,1.22,-2.416548e-06,-0.0001243775,8.513523e-06,0.0004768371,-6.245466e-05,-0.0001015142,1.223
2024_02_12_12_35_31_594,0.4,0.0,106636.0,106636.0,43.85137,-1.322692e-05,0.135975,-2.883832e-08,0.009028824,6.302013e-07,1.22,1.344568e-06,-8.480475e-05,-1.012134e-06,0.01239777,2.881859e-05,-0.01522154,1.223
2024_02_12_12_35_31_632,0.4,0.0,106746.0,106746.0,43.89668,-1.322168e-05,0.135975,-2.702242e-07,0.009028824,1.736361e-06,1.22,-1.552796e-05,-0.0001114008,-1.750598e-05,-0.001311302,5.547272e-05,0.003757886,1.223
2024_02_12_12_35_31_665,0.4,0.0,106847.0,106847.0,43.93831,-1.322032e-05,0.1359748,-1.976213e-07,0.009028673,-2.497205e-06,1.22,5.037627e-06,4.947498e-06,1.546863e-07,-0.01311302,-0.0001787827,0.03081932,1.223
2024_02_12_12_35_31_703,0.4,0.0,106957.0,106957.0,43.98362,-1.321437e-05,0.135975,-8.576463e-08,0.009028794,-1.406126e-06,1.22,2.366063e-06,-9.40313e-05,2.611369e-06,-0.004291534,-4.897916e-05,0.007636845,1.223
2024_02_12_12_35_31_740,0.4,0.0,107070.0,107070.0,44.03015,-1.322667e-05,0.1359749,1.877828e-06,0.009028557,-2.777988e-06,1.22,-3.959357e-05,-1.8174e-05,-8.213883e-06,-0.001192093,0.0002256534,-0.007647089,1.223
2024_02_12_12_35_31_777,0.4,0.0,107180.0,107180.0,44.07546,-1.324184e-05,0.135975,-5.349847e-07,0.009028824,-4.182113e-06,1.22,2.132123e-06,-9.719729e-05,3.056774e-06,-0.01788139,0.0001418189,-0.00788644,1.223
2024_02_12_12_35_31_814,0.4,0.0,107293.0,107293.0,44.12199,-1.321893e-05,0.1359749,7.285554e-07,0.009028557,-3.960462e-06,1.22,-1.715062e-05,2.517079e-05,1.203927e-05,-0.01490116,-0.0001559618,0.01141988,1.223
2024_02_12_12_35_31_848,0.4,0.0,107392.0,107391.0,44.1624,-1.321445e-05,0.1359749,6.778905e-07,0.009028645,-2.716703e-06,1.22,-3.479986e-06,-5.290951e-05,2.003363e-07,0.01382828,-0.0002276989,-0.02672057,1.223
2024_02_12_12_35_31_886,0.4,0.0,107505.0,107504.0,44.20893,-1.321066e-05,0.1359749,-2.398484e-07,0.009028705,-3.124392e-06,1.22,-1.488172e-05,-8.454353e-05,1.346066e-05,0.00655651,2.74689e-05,0.00767596,1.223
2024_02_12_12_35_31_920,0.4,0.0,107603.0,107602.0,44.24934,-1.31822e-05,0.135975,7.253103e-07,0.009028675,-1.543086e-07,1.22,-1.998033e-05,-7.957147e-05,-1.286447e-05,0.01108646,3.327014e-05,0.01138355,1.223
2024_02_12_12_35_31_956,0.4,0.0,107713.0,107712.0,44.29465,-1.320888e-05,0.135975,1.201917e-06,0.009028764,-3.270464e-06,1.22,-2.889302e-06,-0.0001080157,4.058607e-06,-0.0007152557,-9.012728e-05,-0.003856607,1.223
2024_02_12_12_35_31_994,0.4,0.0,107826.0,107825.0,44.34118,-1.324189e-05,0.135975,-1.397851e-07,0.009028737,-5.846205e-06,1.22,2.060522e-05,-0.0001055732,1.247046e-05,-0.008702278,6.838473e-05,0.01897663,1.223
2024_02_12_12_35_32_028,0.4,0.0,107924.0,107924.0,44.38159,-1.324227e-05,0.1359749,4.987606e-07,0.009028557,-5.45812e-06,1.22,2.378245e-06,-9.30902e-06,3.574914e-06,-0.02455711,-0.000320019,0.06123446,1.223
2024_02_12_12_35_32_061,0.4,0.0,108025.0,108025.0,44.42322,-1.321363e-05,0.1359749,-1.228512e-06,0.009028735,-3.913435e-06,1.22,5.436483e-06,-7.08513e-05,1.644153e-06,-0.003814697,-0.0001099152,0.007729046,1.223
2024_02_12_12_35_32_098,0.4,0.0,108135.0,108135.0,44.46853,-1.318194e-05,0.135975,-1.039135e-06,0.009028764,-3.19637e-06,1.22,1.315739e-06,-8.526323e-05,-2.039255e-06,0.00667572,7.77257e-05,4.190951e-05,1.223
2024_02_12_12_35_32_131,0.4,0.0,108233.0,108233.0,44.50894,-1.318317e-05,0.1359749,1.55904e-06,0.009028675,-3.62654e-06,1.22,1.044372e-07,-2.922402e-05,8.299073e-06,-0.002384186,-0.000265373,-0.00761915,1.223
2024_02_12_12_35_32_169,0.4,0.0,108346.0,108346.0,44.55547,-1.317094e-05,0.135975,-1.290011e-07,0.009028824,-1.749002e-06,1.22,-2.340484e-06,-7.570179e-05,-4.377435e-06,0.003695488,-9.822613e-05,-0.0190502,1.223
2024_02_12_12_35_32_207,0.4,0.0,108456.0,108456.0,44.60078,-1.315839e-05,0.1359749,-5.846809e-07,0.009028675,7.852749e-07,1.22,5.457693e-07,-4.01772e-05,-7.390162e-07,0.01096725,0.0001216902,-0.02663489,1.223
2024_02_12_12_35_32_240,0.4,0.0,108557.0,108557.0,44.64241,-1.319666e-05,0.135975,2.928296e-06,0.009028824,-2.88914e-06,1.22,-9.645704e-06,-0.0001223844,7.337809e-06,-0.003218651,-0.0002257038,-0.003973022,1.223
2024_02_12_12_35_32_273,0.4,0.0,108655.0,108655.0,44.68282,-1.328578e-05,0.135975,-1.215758e-08,0.009028645,-4.770898e-06,1.22,-5.375965e-06,-5.218492e-05,-1.809298e-06,-0.005602836,7.566677e-05,-0.00396464,1.223
2024_02_12_12_35_32_310,0.4,0.0,108768.0,108768.0,44.72935,-1.329969e-05,0.135975,8.743969e-08,0.009028793,-6.164514e-06,1.22,4.470107e-06,-9.53403e-05,-1.259817e-06,0.009775162,5.499943e-05,-0.003878027,1.223
2024_02_12_12_35_32_344,0.4,0.0,108867.0,108866.0,44.76976,-1.327899e-05,0.135975,-6.967121e-08,0.009028824,-4.259221e-06,1.22,3.912087e-06,-0.0001105059,2.297538e-07,-0.0001192093,-9.608442e-05,-6.332994e-05,1.223
2024_02_12_12_35_32_381,0.4,0.0,108977.0,108976.0,44.81507,-1.325742e-05,0.135975,-9.253964e-07,0.009028794,-4.135517e-06,1.22,4.963598e-06,-9.110332e-05,-2.824808e-06,-0.0140667,9.04356e-05,-0.0001899898,1.223
2024_02_12_12_35_32_415,0.4,0.0,109078.0,109077.0,44.8567,-1.323136e-05,0.135975,-2.619886e-07,0.009028794,-3.642265e-06,1.22,2.272562e-06,-9.622002e-05,-3.186001e-07,0.005841255,-6.694964e-05,-0.01524016,1.223
2024_02_12_12_35_32_452,0.4,0.0,109188.0,109187.0,44.90201,-1.323166e-05,0.135975,-6.938586e-07,0.009028764,-5.668612e-06,1.22,2.300461e-05,-0.0001049918,1.799606e-05,0.005364418,9.570897e-06,0.007515773,1.223
2024_02_12_12_35_32_490,0.4,0.0,109301.0,109300.0,44.94854,-1.322382e-05,0.135975,9.346207e-07,0.009028764,-5.133482e-06,1.22,9.054301e-07,-9.360293e-05,-2.209447e-06,-0.000834465,-6.111548e-05,-0.003817491,1.223
2024_02_12_12_35_32_523,0.4,0.0,109399.0,109399.0,44.98895,-1.323203e-05,0.135975,1.08675e-06,0.009028764,-3.802096e-06,1.22,-1.006325e-06,-0.0001099222,3.318186e-06,0.0002384186,8.670698e-05,-5.960464e-05,1.223
2024_02_12_12_35_32_561,0.4,0.0,109512.0,109512.0,45.03548,-1.321856e-05,0.135975,1.740584e-07,0.009028764,-2.722313e-06,1.22,1.068802e-06,-9.713877e-05,1.195668e-06,0.005364418,-3.192725e-05,4.936009e-05,1.223
2024_02_12_12_35_32_598,0.4,0.0,109622.0,109622.0,45.08079,-1.320186e-05,0.135975,-1.19514e-06,0.009028645,-3.816566e-06,1.22,3.946859e-05,-1.421324e-05,7.228639e-06,-0.007748603,-0.0001419538,0.003859401,1.223
2024_02_12_12_35_32_632,0.4,0.0,109720.0,109720.0,45.1212,-1.318119e-05,0.135975,-6.111272e-07,0.009028645,-3.170908e-07,1.22,2.344678e-05,-8.60825e-05,-7.329974e-07,0.006794929,-0.0002077767,-7.450581e-05,1.223
2024_02_12_12_35_32_670,0.4,0.0,109833.0,109833.0,45.16773,-1.320218e-05,0.1359748,6.577322e-07,0.009028525,-4.91962e-06,1.22,1.740228e-05,-6.700587e-06,2.283665e-05,0.005841255,-1.98952e-06,-0.01898222,1.223
2024_02_12_12_35_32_706,0.4,0.0,109943.0,109943.0,45.21304,-1.322202e-05,0.135975,1.460982e-07,0.009028705,-5.591448e-06,1.22,7.253751e-07,-6.974993e-05,-1.665217e-06,-0.0191927,-7.97656e-06,0.007522292,1.223
2024_02_12_12_35_32_744,0.4,0.0,110056.0,110056.0,45.25957,-1.321974e-05,0.135975,1.219546e-07,0.009028705,-4.198324e-06,1.22,-1.23298e-06,-8.937586e-05,-2.125219e-07,-0.01096725,6.752717e-05,-0.000118278,1.223
2024_02_12_12_35_32_781,0.4,0.0,110166.0,110166.0,45.30487,-1.323549e-05,0.135975,-1.005376e-07,0.009028705,-5.925237e-06,1.22,1.494308e-06,-6.732773e-05,-7.298434e-07,-0.01764297,-3.24812e-05,-0.0001247972,1.223
2024_02_12_12_35_32_819,0.4,0.0,110279.0,110279.0,45.35141,-1.32233e-05,0.1359749,-4.714501e-08,0.009028646,-3.840566e-06,1.22,5.236785e-07,-5.147586e-05,3.594582e-07,0.01251697,-2.564242e-06,-0.01523271,1.223
2024_02_12_12_35_32_852,0.4,0.0,110377.0,110377.0,45.39182,-1.321456e-05,0.135975,-6.6969e-07,0.009028764,-3.962606e-06,1.22,3.519764e-06,-7.910679e-05,1.055461e-06,0.01001358,-6.409141e-05,-3.166497e-05,1.223
2024_02_12_12_35_32_891,0.4,0.0,110490.0,110490.0,45.43835,-1.318951e-05,0.1359749,-2.526083e-07,0.009028676,-1.933824e-06,1.22,1.299449e-06,2.269265e-06,-1.395565e-06,-0.02253055,6.153982e-06,0.0230642,1.223
2024_02_12_12_35_32_923,0.4,0.0,110588.0,110588.0,45.47876,-1.317796e-05,0.135975,5.096685e-08,0.009028824,-1.453868e-06,1.22,-1.987505e-05,-0.0001161478,-1.791189e-05,-0.002145767,0.0001473418,0.003750436,1.223
2024_02_12_12_35_32_961,0.4,0.0,110698.0,110698.0,45.52406,-1.317895e-05,0.1359749,1.962651e-06,0.009028675,-2.642534e-06,1.22,-2.807684e-06,-5.367979e-05,-7.656941e-07,-0.006318092,-0.0001532968,0.04597474,1.223
2024_02_12_12_35_32_993,0.4,0.0,110799.0,110799.0,45.5657,-1.322611e-05,0.135975,9.329805e-07,0.009028675,-4.296383e-06,1.22,-3.206203e-06,-4.590927e-05,-1.940443e-06,0.01573563,7.811877e-05,-0.02295151,1.223
2024_02_12_12_35_33_028,0.4,0.0,110898.0,110897.0,45.60611,-1.327422e-05,0.135975,-1.783595e-07,0.009028824,-7.187919e-06,1.22,1.927366e-05,-0.000114243,1.287787e-05,-0.001430511,-1.191802e-05,0.00375323,1.223
2024_02_12_12_35_33_066,0.4,0.0,111011.0,111010.0,45.65264,-1.330102e-05,0.135975,-2.702688e-07,0.009028824,-7.092449e-06,1.22,1.094307e-06,-8.563754e-05,1.29177e-06,-0.01716614,1.746269e-05,0.01517124,1.223
2024_02_12_12_35_33_098,0.4,0.0,111109.0,111108.0,45.69305,-1.330299e-05,0.135975,8.873522e-08,0.009028824,-7.12418e-06,1.22,-1.794808e-05,-0.0001199385,-1.435692e-05,-0.002980232,7.730175e-05,0.003741123,1.223
2024_02_12_12_35_33_136,0.4,0.0,111219.0,111218.0,45.73835,-1.327294e-05,0.135975,-1.236115e-06,0.009028824,-8.183215e-06,1.22,5.503596e-06,-8.204869e-05,9.771216e-06,-0.007510185,-0.0002584762,-0.01545437,1.223
2024_02_12_12_35_33_169,0.4,0.0,111320.0,111319.0,45.77999,-1.324259e-05,0.135975,-9.4181e-08,0.009028737,-8.395674e-06,1.22,1.994883e-06,-8.853978e-05,-6.445367e-07,-0.008940697,-6.03913e-05,0.00745058,1.223
2024_02_12_12_35_33_206,0.4,0.0,111430.0,111430.0,45.82529,-1.324847e-05,0.1359749,1.387368e-06,0.009028614,-8.77919e-06,1.22,-2.228525e-05,2.564084e-05,-1.139309e-05,-0.004410744,-0.0001215053,0.003877096,1.223
2024_02_12_12_35_33_244,0.4,0.0,111543.0,111543.0,45.87183,-1.324057e-05,0.135975,-1.151179e-07,0.009028824,-6.292162e-06,1.22,1.761159e-06,-8.996212e-05,2.608639e-06,-0.01144409,-4.859464e-05,-0.0001685694,1.223
2024_02_12_12_35_33_278,0.4,0.0,111641.0,111641.0,45.91224,-1.321889e-05,0.1359749,-5.813721e-07,0.009028615,-6.654456e-06,1.22,3.732758e-06,-6.335355e-06,4.085461e-06,0.01335144,0.0001358109,-0.01120008,1.223
2024_02_12_12_35_33_310,0.4,0.0,111739.0,111739.0,45.95264,-1.31986e-05,0.1359749,2.663721e-07,0.009028556,-8.130573e-06,1.22,2.286039e-06,9.909191e-06,4.372946e-06,-0.006437301,-0.0001863603,0.01928117,1.223
2024_02_12_12_35_33_348,0.4,0.0,111852.0,111852.0,45.99918,-1.318692e-05,0.1359749,-1.625091e-07,0.009028705,-7.324586e-06,1.22,1.264041e-06,-7.077336e-05,9.774149e-08,-0.006079673,-5.022593e-05,8.847564e-05,1.223
2024_02_12_12_35_33_382,0.4,0.0,111950.0,111950.0,46.03959,-1.316509e-05,0.1359749,7.294012e-07,0.009028557,-5.804762e-06,1.22,-2.044467e-05,-1.048438e-05,8.9437e-06,0.01096725,6.491342e-05,-0.03424846,1.223
2024_02_12_12_35_33_415,0.4,0.0,112051.0,112051.0,46.08122,-1.315376e-05,0.1359749,2.175989e-09,0.009028645,-3.673589e-06,1.22,-1.761308e-06,-4.319986e-05,9.077668e-07,0.001192093,5.487433e-05,-0.0075493,1.223
2024_02_12_12_35_33_452,0.4,0.0,112161.0,112161.0,46.12653,-1.316173e-05,0.1359749,-8.157176e-07,0.009028735,-4.912097e-06,1.22,-2.0858e-05,-8.225272e-05,-2.005686e-05,0.001311302,0.000379345,0.003825873,1.223
2024_02_12_12_35_33_490,0.4,0.0,112274.0,112274.0,46.17306,-1.315887e-05,0.135975,1.133197e-06,0.009028555,-5.657028e-06,1.22,-1.382225e-06,2.244033e-06,2.096692e-06,-0.0003576278,-2.360116e-05,-0.000118278,1.223
2024_02_12_12_35_33_527,0.4,0.0,112384.0,112384.0,46.21836,-1.315133e-05,0.135975,-9.640531e-07,0.009028764,-4.525897e-06,1.22,2.226951e-05,-9.189327e-05,1.23916e-05,0.001192093,-0.0002321138,-0.01159403,1.223
2024_02_12_12_35_33_561,0.4,0.0,112482.0,112482.0,46.25877,-1.314019e-05,0.1359749,3.388194e-08,0.009028557,-4.130352e-06,1.22,1.538313e-07,-1.753601e-05,-1.542562e-06,-0.0005960464,-8.741594e-06,6.146729e-05,1.223
2024_02_12_12_35_33_598,0.4,0.0,112595.0,112595.0,46.30531,-1.311767e-05,0.135975,-5.076398e-07,0.009028646,-3.573336e-06,1.22,3.237274e-07,-1.205547e-05,3.008038e-06,-0.00989437,-0.0001260772,0.03439933,1.223
2024_02_12_12_35_33_636,0.4,0.0,112705.0,112705.0,46.35061,-1.307345e-05,0.135975,-2.53722e-06,0.009028824,-2.424089e-07,1.22,7.262742e-06,-0.0001238777,-9.432584e-06,-0.002264977,0.0001860496,-0.003959984,1.223
2024_02_12_12_35_33_673,0.4,0.0,112818.0,112818.0,46.39714,-1.30183e-05,0.135975,2.552463e-07,0.009028705,-3.907205e-07,1.22,8.818996e-08,-1.63542e-05,-3.921251e-06,0.010252,-0.0003209561,-0.003796071,1.223
2024_02_12_12_35_33_706,0.4,0.0,112917.0,112916.0,46.43755,-1.303224e-05,0.135975,3.096872e-06,0.009028824,-2.76248e-06,1.22,-8.066293e-06,-0.0001177146,3.103141e-06,-0.0005960464,-0.0001301527,-0.000118278,1.223
2024_02_12_12_35_33_744,0.4,0.0,113030.0,113029.0,46.48409,-1.311164e-05,0.135975,4.197639e-07,0.009028823,-6.980944e-06,1.22,-2.533759e-06,-9.08642e-05,-3.352395e-06,-0.001430511,0.0001949021,-0.003941357,1.223
2024_02_12_12_35_33_778,0.4,0.0,113128.0,113127.0,46.52449,-1.31303e-05,0.135975,-1.437676e-06,0.009028823,-9.013726e-06,1.22,-3.665941e-08,-0.0001079095,-1.456208e-06,0.001907349,0.0002148697,-7.823109e-05,1.223
2024_02_12_12_35_33_814,0.4,0.0,113241.0,113240.0,46.57103,-1.312142e-05,0.135975,3.729339e-07,0.009028794,-8.3969e-06,1.22,-1.258997e-06,-5.33657e-05,-2.42866e-06,0.01645088,1.001544e-05,-0.007507391,1.223
2024_02_12_12_35_33_852,0.4,0.0,113351.0,113350.0,46.61633,-1.312355e-05,0.1359749,-1.057739e-06,0.009028645,-9.810765e-06,1.22,-5.327182e-07,-5.908983e-06,-1.458371e-06,0.009417534,-0.0002975637,-0.01124013,1.223
2024_02_12_12_35_33_886,0.4,0.0,113449.0,113449.0,46.65674,-1.312684e-05,0.1359749,-3.770601e-07,0.009028794,-1.227899e-05,1.22,1.947282e-06,-3.826205e-05,2.604459e-06,-0.006437301,0.0001193781,0.007882714,1.223
2024_02_12_12_35_33_924,0.4,0.0,113562.0,113562.0,46.70327,-1.310649e-05,0.135975,3.119105e-07,0.009028764,-1.115613e-05,1.22,1.202719e-07,-8.127881e-05,3.180322e-06,0.001430511,-0.0001157307,2.328306e-05,1.223
2024_02_12_12_35_33_960,0.4,0.0,113672.0,113672.0,46.74858,-1.309613e-05,0.1359749,-1.174929e-06,0.009028737,-1.088269e-05,1.22,2.161747e-07,-5.419269e-05,1.354552e-06,-0.003099441,-0.0002166666,0.0116229,1.223
2024_02_12_12_35_33_994,0.4,0.0,113773.0,113773.0,46.79021,-1.310239e-05,0.1359749,2.757499e-07,0.009028497,-1.339497e-05,1.22,-1.889064e-05,1.424594e-05,1.662344e-05,0.001072884,0.0002486342,0.01173466,1.223
2024_02_12_12_35_34_027,0.4,0.0,113871.0,113871.0,46.83062,-1.309895e-05,0.1359749,8.732541e-07,0.009028705,-1.489473e-05,1.22,-1.51013e-07,-7.575182e-05,-1.659126e-06,-0.005722045,9.352012e-05,0.007710419,1.223
2024_02_12_12_35_34_064,0.4,0.0,113981.0,113981.0,46.87593,-1.309603e-05,0.1359749,3.325574e-07,0.009028675,-1.526319e-05,1.22,1.219241e-06,-5.488551e-05,4.976966e-06,0.009775162,-0.0001605606,-0.01517031,1.223
2024_02_12_12_35_34_098,0.4,0.0,114082.0,114082.0,46.91756,-1.30931e-05,0.1359749,9.350641e-07,0.009028587,-1.510122e-05,1.22,-2.147632e-05,-3.948869e-05,1.040567e-05,-0.01907349,-0.0001426827,0.02275314,1.223
2024_02_12_12_35_34_135,0.4,0.0,114192.0,114192.0,46.96287,-1.307502e-05,0.1359749,2.168933e-06,0.009028587,-1.392587e-05,1.22,-2.724435e-06,-6.948141e-06,6.611958e-06,0.003218651,-0.0003296945,0.007775612,1.223
2024_02_12_12_35_34_174,0.4,0.0,114305.0,114305.0,47.0094,-1.307162e-05,0.135975,8.711907e-07,0.009028676,-1.373579e-05,1.22,-4.077522e-05,-6.98465e-05,-6.117249e-06,0.006794929,0.0001278098,0.007630325,1.223
2024_02_12_12_35_34_210,0.4,0.0,114415.0,114415.0,47.05471,-1.306463e-05,0.135975,-5.644285e-07,0.009028794,-1.518303e-05,1.22,-1.577939e-07,-9.271092e-05,-2.491753e-06,0.007271766,4.02961e-05,0.007649883,1.223
2024_02_12_12_35_34_248,0.4,0.0,114528.0,114528.0,47.10124,-1.305385e-05,0.135975,-1.136026e-06,0.009028646,-1.450109e-05,1.22,2.32472e-05,-5.423137e-05,1.233023e-05,-0.00667572,-3.491755e-05,0.02282299,1.223
2024_02_12_12_35_34_285,0.4,0.0,114638.0,114638.0,47.14655,-1.304029e-05,0.1359749,1.080455e-06,0.009028614,-1.064489e-05,1.22,-2.840067e-06,-1.180343e-05,-1.147675e-06,0.003933907,6.146177e-05,-0.01524016,1.223
2024_02_12_12_35_34_323,0.4,0.0,114751.0,114751.0,47.19308,-1.305738e-05,0.135975,-7.646913e-07,0.009028824,-1.207814e-05,1.22,-5.574955e-07,-0.0001174135,-1.255066e-05,-0.004291534,0.0002061967,0.003677793,1.223
2024_02_12_12_35_34_361,0.4,0.0,114861.0,114861.0,47.23839,-1.303378e-05,0.135975,-6.971028e-07,0.009028735,-1.091222e-05,1.22,2.981008e-06,-3.934598e-05,3.431763e-06,0.002980232,1.690526e-05,-0.01537707,1.223
2024_02_12_12_35_34_398,0.4,0.0,114974.0,114974.0,47.28492,-1.29688e-05,0.135975,-2.59378e-06,0.009028824,-7.738272e-06,1.22,-1.057344e-05,-0.0001232758,5.798942e-06,0.003933907,8.724327e-07,0.003749504,1.223
2024_02_12_12_35_34_436,0.4,0.0,115084.0,115084.0,47.33023,-1.288151e-05,0.135975,6.654031e-07,0.009028824,-2.620043e-06,1.22,2.272986e-05,-8.610432e-05,-9.341384e-06,-0.01084804,-6.150276e-05,-0.007821247,1.223
2024_02_12_12_35_34_469,0.4,0.0,115185.0,115185.0,47.37186,-1.293178e-05,0.135975,7.076838e-07,0.009028823,-1.019967e-05,1.22,-8.243616e-06,-0.0001064089,-5.878073e-06,0.002145767,-1.979902e-05,-0.003874302,1.223
2024_02_12_12_35_34_506,0.4,0.0,115296.0,115295.0,47.41717,-1.292019e-05,0.135975,4.256929e-07,0.009028794,-5.436772e-06,1.22,-3.938262e-08,-7.779462e-05,5.474011e-06,0.01525879,4.518206e-05,-0.003819354,1.223
2024_02_12_12_35_34_545,0.4,0.0,115409.0,115408.0,47.4637,-1.295796e-05,0.135975,7.31913e-07,0.009028764,-1.018872e-05,1.22,-4.093266e-06,-8.263055e-05,-4.849959e-06,0.01657009,0.0001115708,-0.007629394,1.223
2024_02_12_12_35_34_581,0.4,0.0,115519.0,115518.0,47.50901,-1.296139e-05,0.135975,-4.57066e-07,0.009028824,-9.962302e-06,1.22,5.402563e-07,-9.743623e-05,4.039201e-06,-0.0180006,9.75115e-05,-0.007889234,1.223
2024_02_12_12_35_34_619,0.4,0.0,115632.0,115631.0,47.55554,-1.296087e-05,0.1359749,-8.744025e-07,0.009028587,-1.09397e-05,1.22,-2.432964e-06,-8.017958e-06,8.007092e-06,0.00166893,-0.0001257565,0.003993511,1.223
2024_02_12_12_35_34_656,0.4,0.0,115742.0,115741.0,47.60085,-1.29577e-05,0.135975,6.702332e-07,0.009028794,-1.03691e-05,1.22,1.738078e-07,-0.0001028461,-4.925126e-07,0.002622604,-0.0002542512,-0.003785826,1.223
2024_02_12_12_35_34_696,0.4,0.0,115855.0,115854.0,47.64738,-1.295581e-05,0.1359749,-1.226322e-07,0.009028557,-1.202021e-05,1.22,1.146799e-06,-4.756413e-06,-4.332159e-07,0.0005960464,-2.365445e-05,0.007748603,1.223
2024_02_12_12_35_34_727,0.4,0.0,115953.0,115952.0,47.68779,-1.29363e-05,0.1359749,-1.088951e-06,0.009028645,-1.256902e-05,1.22,2.762673e-06,-2.936102e-05,-5.497083e-06,-0.003099441,-0.0001115922,-0.01149531,1.223
2024_02_12_12_35_34_764,0.4,0.0,116063.0,116062.0,47.73309,-1.291306e-05,0.135975,-5.33387e-07,0.009028705,-1.204708e-05,1.22,4.650868e-07,-9.590472e-05,-9.594663e-06,-0.005483627,0.0003238379,0.007564201,1.223
2024_02_12_12_35_34_802,0.4,0.0,116176.0,116175.0,47.77962,-1.291343e-05,0.1359749,-6.147926e-07,0.009028557,-1.161055e-05,1.22,2.063647e-06,-2.248527e-05,-7.782866e-06,0.007629394,0.0001464031,-0.01518335,1.223
2024_02_12_12_35_34_839,0.4,0.0,116286.0,116285.0,47.82493,-1.290348e-05,0.1359749,5.599027e-07,0.009028645,-9.690903e-06,1.22,-1.377599e-07,-5.081191e-05,3.96706e-07,0.01513958,1.374616e-05,-0.007542781,1.223
2024_02_12_12_35_34_877,0.4,0.0,116399.0,116398.0,47.87146,-1.291223e-05,0.1359749,-1.757434e-06,0.009028646,-1.058517e-05,1.22,-1.337159e-06,-2.280302e-06,3.122369e-06,-0.01490116,-0.0001206676,0.07671397,1.223
2024_02_12_12_35_34_915,0.4,0.0,116509.0,116508.0,47.91677,-1.289822e-05,0.1359749,1.282539e-06,0.009028586,-9.883577e-06,1.22,-2.134754e-05,-3.167023e-05,-1.400558e-05,0.02121925,-0.0001737948,-0.04191696,1.223
2024_02_12_12_35_34_948,0.4,0.0,116610.0,116610.0,47.9584,-1.287117e-05,0.1359749,8.792692e-08,0.009028556,-7.303445e-06,1.22,-1.524206e-05,1.170344e-05,-1.690133e-05,-0.002503395,6.368691e-05,-4.284083e-05,1.223
2024_02_12_12_35_34_985,0.4,0.0,116720.0,116720.0,48.00371,-1.285829e-05,0.135975,7.084172e-07,0.009028735,-7.682511e-06,1.22,1.744004e-06,-8.107744e-05,3.919848e-06,-0.007271766,0.0001913379,-0.003918074,1.223
2024_02_12_12_35_35_023,0.4,0.0,116833.0,116833.0,48.05024,-1.284713e-05,0.135975,3.082759e-07,0.009028675,-8.821583e-06,1.22,-1.931867e-05,-5.17107e-05,-2.384793e-05,0.001788139,7.414507e-05,0.007573515,1.223
2024_02_12_12_35_35_060,0.4,0.0,116943.0,116943.0,48.09555,-1.284246e-05,0.135975,-8.336166e-07,0.009028675,-9.569627e-06,1.22,1.434984e-06,-2.787843e-05,-9.767795e-06,-0.003814697,0.0002185269,-8.568167e-05,1.223
2024_02_12_12_35_35_097,0.4,0.0,117056.0,117056.0,48.14208,-1.281676e-05,0.135975,-2.762359e-07,0.009028764,-7.02911e-06,1.22,2.148226e-06,-7.829611e-05,1.540407e-07,0.001311302,-8.743114e-05,0.007552094,1.223
2024_02_12_12_35_35_132,0.4,0.0,117154.0,117154.0,48.18249,-1.280736e-05,0.135975,-2.962774e-07,0.009028823,-8.005546e-06,1.22,2.503002e-07,-8.911295e-05,-3.562891e-07,0.006198883,-1.753454e-05,0.007651746,1.223
2024_02_12_12_35_35_169,0.4,0.0,117264.0,117264.0,48.2278,-1.277138e-05,0.135975,-2.11052e-07,0.009028794,-6.072479e-06,1.22,1.931341e-06,-6.876738e-05,1.73049e-06,0.009179115,-4.455325e-05,-3.72529e-06,1.223
2024_02_12_12_35_35_203,0.4,0.0,117365.0,117365.0,48.26943,-1.276289e-05,0.135975,-8.380324e-07,0.009028765,-6.022782e-06,1.22,3.245125e-07,-6.423157e-05,-6.529764e-06,0.00500679,3.802557e-05,0.003782101,1.223
2024_02_12_12_35_35_236,0.4,0.0,117463.0,117463.0,48.30984,-1.276307e-05,0.135975,-1.684135e-07,0.009028794,-6.000583e-06,1.22,1.990223e-05,-8.029376e-05,-1.172523e-05,-0.01394749,6.770704e-05,0.003671273,1.223
2024_02_12_12_35_35_273,0.4,0.0,117576.0,117576.0,48.35637,-1.276118e-05,0.1359749,1.413179e-07,0.009028614,-5.911637e-06,1.22,-1.296991e-06,-1.680191e-05,-1.069395e-06,-0.002384186,3.630285e-05,0.0,1.223
2024_02_12_12_35_35_306,0.4,0.0,117674.0,117674.0,48.39678,-1.274945e-05,0.135975,-9.84694e-07,0.009028824,-4.619373e-06,1.22,2.316513e-05,-0.0001151829,-9.17711e-07,-0.004887581,-7.990559e-05,-9.778886e-05,1.223
2024_02_12_12_35_35_339,0.4,0.0,117773.0,117772.0,48.43719,-1.27476e-05,0.135975,5.371318e-07,0.009028764,-7.48568e-06,1.22,-1.78265e-06,-0.0001007535,-6.758788e-06,0.006437301,-0.0001046066,-0.007589347,1.223
2024_02_12_12_35_35_377,0.4,0.0,117886.0,117885.0,48.48372,-1.274268e-05,0.135975,2.347513e-07,0.009028735,-7.747182e-06,1.22,-4.348261e-06,-9.161635e-05,-2.547972e-06,0.02527237,8.554281e-05,-0.0227848,1.223
2024_02_12_12_35_35_414,0.4,0.0,117996.0,117995.0,48.52903,-1.273925e-05,0.1359749,3.668167e-07,0.009028646,-7.397235e-06,1.22,-4.699273e-07,-4.732319e-05,1.494918e-07,0.01275539,-0.0001147736,-0.02279877,1.223
2024_02_12_12_35_35_452,0.4,0.0,118109.0,118108.0,48.57556,-1.275006e-05,0.1359749,-7.116344e-08,0.009028646,-8.42225e-06,1.22,-3.83612e-06,-3.486425e-05,3.052392e-06,0.005960464,0.0002010953,-0.01529045,1.223
2024_02_12_12_35_35_485,0.4,0.0,118207.0,118206.0,48.61597,-1.276721e-05,0.1359749,-8.92823e-08,0.009028646,-1.003485e-05,1.22,-2.89693e-07,-1.710892e-06,3.509798e-07,-0.01394749,2.692965e-05,0.02310984,1.223
2024_02_12_12_35_35_523,0.4,0.0,118320.0,118319.0,48.6625,-1.275946e-05,0.1359749,2.484395e-07,0.009028616,-1.159498e-05,1.22,1.423279e-07,-3.911642e-05,-2.69576e-06,-0.0004768371,0.0001038675,0.003768131,1.223
2024_02_12_12_35_35_560,0.4,0.0,118430.0,118429.0,48.70781,-1.273565e-05,0.1359749,-1.664635e-06,0.009028527,-8.590361e-06,1.22,2.329828e-06,-1.552246e-05,5.921342e-06,-0.003218651,-3.599103e-05,3.445894e-05,1.223
2024_02_12_12_35_35_594,0.4,0.0,118528.0,118528.0,48.74822,-1.272442e-05,0.135975,-8.144463e-07,0.009028616,-8.970892e-06,1.22,-7.332974e-07,-5.748139e-05,5.565723e-06,0.007271766,-1.129034e-05,-0.01161732,1.223
2024_02_12_12_35_35_631,0.4,0.0,118641.0,118641.0,48.79475,-1.271704e-05,0.135975,-5.078854e-07,0.009028764,-1.166176e-05,1.22,2.09149e-05,-9.36667e-05,2.003229e-05,-0.001907349,-0.0002624068,-0.01913775,1.223
2024_02_12_12_35_35_664,0.4,0.0,118739.0,118739.0,48.83516,-1.270137e-05,0.1359749,-3.879597e-07,0.009028646,-8.968133e-06,1.22,1.193014e-06,-4.704888e-05,4.490219e-06,0.0180006,0.0001239676,-0.007493421,1.223
2024_02_12_12_35_35_702,0.4,0.0,118852.0,118852.0,48.88169,-1.269773e-05,0.135975,-5.673043e-07,0.009028764,-1.092581e-05,1.22,1.084852e-06,-6.564888e-05,-5.989813e-08,0.002384186,7.982245e-05,0.007676892,1.223
2024_02_12_12_35_35_739,0.4,0.0,118962.0,118962.0,48.927,-1.268265e-05,0.135975,-1.067039e-06,0.009028824,-1.094724e-05,1.22,1.739094e-06,-0.0001085428,-9.198979e-06,0.0002384186,8.498537e-05,-0.0001005828,1.223
2024_02_12_12_35_35_777,0.4,0.0,119075.0,119075.0,48.97353,-1.266755e-05,0.135975,-9.864342e-07,0.009028794,-1.156136e-05,1.22,2.110498e-05,-8.953594e-05,1.673762e-05,0.008106232,-1.570582e-05,-0.003734603,1.223
2024_02_12_12_35_35_812,0.4,0.0,119173.0,119173.0,49.01394,-1.26536e-05,0.135975,8.632118e-07,0.009028764,-8.715689e-06,1.22,-2.294273e-05,-7.959686e-05,-1.65366e-05,-0.005125999,4.124479e-05,-0.0001210719,1.223
2024_02_12_12_35_35_848,0.4,0.0,119286.0,119286.0,49.06047,-1.267291e-05,0.135975,3.533762e-07,0.009028794,-1.078991e-05,1.22,-8.389999e-08,-8.524283e-05,-1.703323e-06,-0.00989437,-4.082948e-05,0.007588416,1.223
2024_02_12_12_35_35_885,0.4,0.0,119396.0,119396.0,49.10578,-1.264852e-05,0.1359749,-1.125041e-06,0.009028646,-1.091331e-05,1.22,4.464163e-06,-1.214635e-05,1.601502e-06,-0.004768372,-4.902585e-05,0.02296641,1.223
2024_02_12_12_35_35_924,0.4,0.0,119509.0,119509.0,49.15231,-1.262895e-05,0.135975,-5.432311e-07,0.009028824,-8.963832e-06,1.22,-1.445397e-06,-0.0001090408,-1.837587e-06,0.003814697,0.0001128791,0.003790483,1.223
2024_02_12_12_35_35_955,0.4,0.0,119607.0,119607.0,49.19272,-1.261884e-05,0.135975,5.26721e-07,0.009028823,-1.006875e-05,1.22,-1.965699e-05,-9.18051e-05,6.809198e-06,0.005125999,6.224988e-05,0.003801659,1.223
2024_02_12_12_35_35_989,0.4,0.0,119705.0,119705.0,49.23313,-1.260783e-05,0.135975,-5.977998e-07,0.009028794,-9.415982e-06,1.22,1.992549e-05,-7.439214e-05,-1.103092e-05,0.01251697,-3.910185e-05,0.003850087,1.223
2024_02_12_12_35_36_028,0.4,0.0,119818.0,119818.0,49.27966,-1.261004e-05,0.135975,5.318684e-07,0.009028794,-1.17913e-05,1.22,-1.923358e-05,-5.861622e-05,9.539182e-06,0.01728535,8.735481e-05,-0.0113314,1.223
2024_02_12_12_35_36_064,0.4,0.0,119928.0,119928.0,49.32497,-1.260694e-05,0.135975,-4.578804e-07,0.009028854,-1.291302e-05,1.22,2.063922e-05,-9.421218e-05,-1.034326e-05,-0.0001192093,0.0001069899,-0.003864988,1.223
2024_02_12_12_35_36_098,0.4,0.0,120030.0,120029.0,49.3666,-1.260543e-05,0.1359749,6.12398e-07,0.009028676,-1.22837e-05,1.22,-2.095075e-05,3.560646e-07,1.090383e-05,-0.01907349,0.0001692303,0.05730427,1.223
2024_02_12_12_35_36_135,0.4,0.0,120140.0,120139.0,49.41191,-1.25837e-05,0.1359749,4.372014e-07,0.009028646,-1.207605e-05,1.22,7.62809e-07,-2.056052e-05,5.85109e-06,-0.006318092,3.735692e-05,0.003789551,1.223
2024_02_12_12_35_36_168,0.4,0.0,120238.0,120237.0,49.45232,-1.257786e-05,0.135975,2.447271e-07,0.009028794,-1.241709e-05,1.22,-7.478773e-07,-9.716767e-05,-1.091404e-06,0.00500679,3.563193e-05,0.007594935,1.223
2024_02_12_12_35_36_206,0.4,0.0,120351.0,120350.0,49.49885,-1.256868e-05,0.1359749,-1.348026e-06,0.009028616,-1.321136e-05,1.22,2.99879e-06,-2.987128e-05,1.230678e-06,-0.007867813,-2.271918e-06,-0.01520477,1.223
2024_02_12_12_35_36_239,0.4,0.0,120449.0,120449.0,49.53926,-1.253324e-05,0.135975,-7.16587e-08,0.009028824,-1.056338e-05,1.22,1.427552e-07,-0.0001096906,1.725711e-07,-0.0002384186,-1.507608e-05,-6.519258e-05,1.223
2024_02_12_12_35_36_277,0.4,0.0,120562.0,120562.0,49.58579,-1.252504e-05,0.135975,1.820946e-06,0.009028764,-1.173045e-05,1.22,-3.633477e-06,-7.924865e-05,6.630304e-06,-0.00989437,-0.0002256009,0.003718771,1.223
2024_02_12_12_35_36_314,0.4,0.0,120672.0,120672.0,49.6311,-1.252708e-05,0.135975,1.243227e-06,0.009028557,-9.44936e-06,1.22,-2.251719e-06,-1.154469e-05,-8.815595e-07,-0.003814697,-7.607778e-05,-1.303852e-05,1.223
2024_02_12_12_35_36_348,0.4,0.0,120773.0,120773.0,49.67273,-1.254793e-05,0.135975,-5.566441e-07,0.009028794,-1.248908e-05,1.22,-2.431566e-05,-8.636184e-05,1.281811e-05,-0.0001192093,-4.287813e-06,0.003806315,1.223
2024_02_12_12_35_36_385,0.4,0.0,120883.0,120883.0,49.71804,-1.253423e-05,0.1359749,3.798042e-07,0.009028705,-1.043044e-05,1.22,-2.062423e-05,-8.000578e-05,1.287473e-05,0.002145767,0.0002627381,-0.003781169,1.223
2024_02_12_12_35_36_423,0.4,0.0,120996.0,120996.0,49.76457,-1.252057e-05,0.135975,-1.437186e-06,0.009028616,-9.875011e-06,1.22,2.59894e-06,-5.76973e-05,-2.62502e-06,0.01347065,4.61645e-05,-0.02298876,1.223
2024_02_12_12_35_36_460,0.4,0.0,121106.0,121106.0,49.80988,-1.247023e-05,0.135975,3.733771e-07,0.009028795,-6.313303e-06,1.22,-1.647197e-05,-8.282049e-05,1.152491e-05,-0.002503395,-3.763318e-05,0.02676435,1.223
2024_02_12_12_35_36_498,0.4,0.0,121216.0,121216.0,49.85518,-1.243764e-05,0.135975,-1.151331e-06,0.009028735,-5.932482e-06,1.22,1.93479e-05,-9.269534e-05,-8.98437e-06,0.001072884,-7.735298e-05,-0.0001769513,1.223
2024_02_12_12_35_36_531,0.4,0.0,121317.0,121317.0,49.89682,-1.243597e-05,0.1359749,8.179056e-07,0.009028645,-6.469712e-06,1.22,3.057528e-08,-1.78267e-05,-1.745477e-07,-0.009775162,-9.764923e-05,5.122274e-05,1.223
2024_02_12_12_35_36_564,0.4,0.0,121415.0,121415.0,49.93723,-1.242581e-05,0.135975,-1.28171e-07,0.009028794,-3.827591e-06,1.22,1.727542e-05,-9.762964e-05,-1.269119e-05,-0.002861023,0.0001633346,-0.003885478,1.223
2024_02_12_12_35_36_602,0.4,0.0,121528.0,121528.0,49.98376,-1.241685e-05,0.1359749,-1.76317e-07,0.009028737,-2.164434e-06,1.22,-2.685272e-07,-9.364151e-05,1.122483e-06,0.002384186,-1.65336e-05,0.02299622,1.223
2024_02_12_12_35_36_640,0.4,0.0,121638.0,121638.0,50.02906,-1.240939e-05,0.1359749,-1.222946e-06,0.009028823,-2.772809e-06,1.22,-7.556632e-07,-9.488707e-05,1.02234e-06,-0.002384186,0.0001368658,-0.00771135,1.223
2024_02_12_12_35_36_677,0.4,0.0,121751.0,121751.0,50.0756,-1.2461e-05,0.1359749,-8.621723e-07,0.009028614,-9.846568e-06,1.22,1.365467e-05,-1.553572e-05,1.227777e-05,-0.01728535,0.0002946176,0.03432762,1.223
2024_02_12_12_35_36_714,0.4,0.0,121861.0,121861.0,50.1209,-1.248209e-05,0.135975,-3.040965e-07,0.009028675,-8.214025e-06,1.22,2.082842e-05,-2.358503e-05,-1.432299e-05,0.01108646,2.46157e-05,-0.02667401,1.223
2024_02_12_12_35_36_747,0.4,0.0,121959.0,121959.0,50.16131,-1.2467e-05,0.135975,-3.317865e-06,0.009028824,-6.98948e-06,1.22,6.722691e-06,-0.000111626,-1.994369e-06,-0.0005960464,0.0001435848,-0.000118278,1.223
2024_02_12_12_35_36_781,0.4,0.0,122061.0,122060.0,50.20295,-1.237873e-05,0.135975,-8.030124e-07,0.009028615,-5.791669e-06,1.22,9.323856e-06,-5.057476e-05,1.424092e-06,-0.001430511,-0.0002759559,0.007509253,1.223
2024_02_12_12_35_36_819,0.4,0.0,122171.0,122170.0,50.24825,-1.23442e-05,0.135975,-1.594634e-07,0.009028824,-4.479743e-06,1.22,1.841747e-05,-0.0001124382,-7.768217e-06,-0.00500679,0.0001095154,-6.519258e-05,1.223
2024_02_12_12_35_36_856,0.4,0.0,122284.0,122283.0,50.29478,-1.238585e-05,0.135975,9.644194e-08,0.009028764,-9.249429e-06,1.22,1.704955e-05,-9.407053e-05,1.356584e-05,0.007629394,0.0001505646,0.003772788,1.223
2024_02_12_12_35_36_894,0.4,0.0,122394.0,122393.0,50.34009,-1.237335e-05,0.135975,-1.861395e-08,0.009028705,-8.001793e-06,1.22,1.871273e-06,-8.313028e-05,-1.573567e-07,0.0003576278,-9.073477e-05,0.007468275,1.223
2024_02_12_12_35_36_931,0.4,0.0,122507.0,122506.0,50.38662,-1.235172e-05,0.135975,8.175076e-08,0.009028794,-7.378512e-06,1.22,-7.346297e-07,-0.0001163535,1.970254e-07,-0.0007152557,5.716387e-06,-7.543713e-05,1.223
2024_02_12_12_35_36_964,0.4,0.0,122605.0,122604.0,50.42703,-1.23555e-05,0.135975,1.122836e-06,0.009028824,-7.905759e-06,1.22,-3.875297e-06,-0.0001157985,9.980427e-06,0.001192093,-8.266357e-05,-9.313225e-05,1.223
2024_02_12_12_35_37_003,0.4,0.0,122718.0,122717.0,50.47356,-1.239948e-05,0.135975,3.399535e-07,0.009028824,-1.279353e-05,1.22,-2.926007e-06,-0.0001083034,5.797256e-07,-0.0004768371,-2.017032e-06,-6.705523e-05,1.223
2024_02_12_12_35_37_035,0.4,0.0,122816.0,122816.0,50.51397,-1.239316e-05,0.1359749,-9.995159e-07,0.009028586,-1.131963e-05,1.22,6.913526e-07,-1.193888e-05,9.628535e-06,0.006794929,-0.0002642155,-0.00362657,1.223
2024_02_12_12_35_37_072,0.4,0.0,122926.0,122926.0,50.55928,-1.238584e-05,0.1359749,-8.347322e-07,0.009028675,-1.110961e-05,1.22,-1.390845e-06,-4.865075e-05,2.281565e-06,-0.006437301,9.135919e-05,-0.01913682,1.223
2024_02_12_12_35_37_110,0.4,0.0,123039.0,123039.0,50.60581,-1.23842e-05,0.1359749,-1.50169e-06,0.009028675,-1.225072e-05,1.22,2.048506e-06,-6.504676e-05,-1.220309e-06,-0.01275539,0.0001263468,-5.494803e-05,1.223
2024_02_12_12_35_37_144,0.4,0.0,123137.0,123137.0,50.64622,-1.236706e-05,0.1359748,5.413049e-07,0.009028646,-1.321034e-05,1.22,-4.242731e-07,3.474544e-06,3.548109e-08,0.002264977,-9.864529e-05,-0.007432885,1.223
2024_02_12_12_35_37_181,0.4,0.0,123250.0,123250.0,50.69275,-1.235618e-05,0.1359749,1.815628e-07,0.009028735,-1.237235e-05,1.22,1.995673e-06,-7.929059e-05,3.566261e-06,0.01060963,6.939106e-05,-0.01134165,1.223
2024_02_12_12_35_37_214,0.4,0.0,123348.0,123348.0,50.73316,-1.233308e-05,0.135975,-5.368309e-08,0.009028587,-1.161468e-05,1.22,3.875844e-06,-5.239517e-05,2.984527e-05,0.004887581,-0.000316232,-0.00777468,1.223
2024_02_12_12_35_37_252,0.4,0.0,123461.0,123461.0,50.77969,-1.229362e-05,0.135975,-1.338993e-06,0.009028735,-9.640278e-06,1.22,1.428511e-06,-7.238676e-05,-1.611145e-06,0.000834465,-5.17561e-05,-0.000141561,1.223
2024_02_12_12_35_37_289,0.4,0.0,123571.0,123571.0,50.825,-1.226668e-05,0.135975,2.199021e-08,0.009028735,-9.303961e-06,1.22,5.599262e-07,-9.377965e-05,9.994343e-07,-0.003457069,-4.531938e-05,0.007595866,1.223
2024_02_12_12_35_37_327,0.4,0.0,123684.0,123684.0,50.87153,-1.226669e-05,0.135975,7.130467e-07,0.009028764,-1.141278e-05,1.22,-3.194277e-06,-0.0001107552,-4.348479e-06,0.005483627,5.584445e-05,-0.01536775,1.223
2024_02_12_12_35_37_365,0.4,0.0,123794.0,123794.0,50.91684,-1.227347e-05,0.135975,-9.66569e-07,0.009028764,-1.150124e-05,1.22,-9.589419e-07,-7.880583e-05,9.871178e-07,0.002264977,1.512023e-05,-0.00387337,1.223
2024_02_12_12_35_37_397,0.4,0.0,123892.0,123892.0,50.95725,-1.22705e-05,0.1359748,7.755505e-07,0.009028587,-1.442075e-05,1.22,-2.250821e-05,1.169863e-05,8.638447e-06,0.004291534,7.752247e-05,0.01950189,1.223
2024_02_12_12_35_37_435,0.4,0.0,124005.0,124005.0,51.00378,-1.2235e-05,0.135975,2.009951e-07,0.009028615,-9.222277e-06,1.22,-1.771683e-05,-3.438916e-06,1.206857e-05,-0.009417534,6.952581e-05,0.01907535,1.223
2024_02_12_12_35_37_468,0.4,0.0,124103.0,124103.0,51.04419,-1.222195e-05,0.1359749,-2.537479e-06,0.009028586,-8.841932e-06,1.22,2.320289e-05,-1.450339e-06,-1.287668e-05,-0.0002384186,3.952039e-06,0.003823079,1.223
2024_02_12_12_35_37_506,0.4,0.0,124216.0,124216.0,51.09072,-1.219558e-05,0.135975,-6.879252e-08,0.009028794,-8.635685e-06,1.22,3.112187e-07,-7.533027e-05,1.113566e-06,0.008702278,-3.585683e-05,-1.024455e-05,1.223
2024_02_12_12_35_37_544,0.4,0.0,124326.0,124326.0,51.13603,-1.217863e-05,0.135975,1.049935e-06,0.009028765,-6.508686e-06,1.22,-1.67507e-06,-9.230516e-05,-9.394393e-07,0.001072884,-7.47189e-06,0.007609836,1.223
2024_02_12_12_35_37_581,0.4,0.0,124439.0,124439.0,51.18256,-1.216783e-05,0.135975,-8.694514e-08,0.009028824,-5.869313e-06,1.22,-2.089282e-06,-8.451866e-05,6.555374e-06,-0.009775162,-0.0001121949,0.003716908,1.223
2024_02_12_12_35_37_618,0.4,0.0,124549.0,124549.0,51.22787,-1.223103e-05,0.135975,1.634873e-06,0.009028735,-1.166959e-05,1.22,3.105798e-05,-0.0001041344,7.220462e-06,0.003457069,-3.945365e-05,-0.007729046,1.223
2024_02_12_12_35_37_656,0.4,0.0,124662.0,124662.0,51.2744,-1.225848e-05,0.135975,6.306501e-07,0.009028676,-1.202681e-05,1.22,-1.982864e-05,-5.194758e-05,1.556818e-05,0.01895428,0.000130392,-0.01895986,1.223
2024_02_12_12_35_37_693,0.4,0.0,124772.0,124772.0,51.31971,-1.224897e-05,0.1359749,5.290519e-08,0.009028735,-1.224453e-05,1.22,4.623525e-06,-8.265173e-05,3.949908e-06,-0.001788139,5.347061e-05,0.0269534,1.223
2024_02_12_12_35_37_727,0.4,0.0,124874.0,124873.0,51.36134,-1.222677e-05,0.1359751,-1.043323e-07,0.009028765,-1.078281e-05,1.22,3.65559e-06,-7.562152e-05,3.814748e-06,0.01084804,7.507608e-05,-0.003785826,1.223
2024_02_12_12_35_37_770,0.4,0.0,124995.0,124995.0,51.41154,-1.220643e-05,0.1359749,1.685622e-07,0.009028705,-1.257419e-05,1.22,1.285672e-06,-8.015635e-05,-5.040126e-07,-0.001072884,-0.0001100374,-0.007645227,1.223
2024_02_12_12_35_37_806,0.4,0.0,125108.0,125108.0,51.45808,-1.220652e-05,0.1359748,-2.261109e-06,0.009028497,-1.452701e-05,1.22,2.247499e-05,2.405736e-05,1.571307e-05,0.005841255,9.171249e-05,-0.003594905,1.223
2024_02_12_12_35_37_839,0.4,0.0,125207.0,125206.0,51.49849,-1.218281e-05,0.135975,2.117259e-07,0.009028705,-1.160098e-05,1.22,1.677031e-06,-7.20357e-05,-2.152219e-06,-0.0193119,-0.000166428,0.01517497,1.223
2024_02_12_12_35_37_877,0.4,0.0,125317.0,125316.0,51.54379,-1.216743e-05,0.1359749,-2.763663e-07,0.009028705,-1.24603e-05,1.22,7.384745e-08,-7.226911e-05,1.615979e-07,-0.007867813,1.804849e-06,0.007645227,1.223
2024_02_12_12_35_37_914,0.4,0.0,125430.0,125429.0,51.59032,-1.214425e-05,0.1359749,4.571435e-07,0.009028615,-1.107543e-05,1.22,-6.487872e-07,-4.550952e-05,3.209207e-06,0.00846386,-0.0001908052,-0.0228323,1.223
2024_02_12_12_35_37_948,0.4,0.0,125528.0,125528.0,51.63073,-1.214867e-05,0.1359748,4.420703e-07,0.009028497,-1.298317e-05,1.22,1.862411e-06,-2.165448e-05,-1.589498e-06,-0.007987022,2.909121e-05,0.01156609,1.223
2024_02_12_12_35_37_985,0.4,0.0,125641.0,125641.0,51.67727,-1.212568e-05,0.1359749,-2.445486e-06,0.009028616,-1.358234e-05,1.22,2.364598e-05,-2.329188e-05,-1.159338e-05,-0.01215935,5.709768e-05,0.03444869,1.223
2024_02_12_12_35_38_022,0.4,0.0,125751.0,125751.0,51.72257,-1.210091e-05,0.135975,-1.677985e-06,0.009028794,-1.284016e-05,1.22,1.962096e-06,-0.0001099675,3.899773e-06,0.001430511,2.393546e-05,-9.033828e-05,1.223
2024_02_12_12_35_38_060,0.4,0.0,125864.0,125864.0,51.7691,-1.208931e-05,0.1359749,8.967254e-07,0.009028587,-1.523647e-05,1.22,-2.189685e-05,-2.236311e-05,3.224988e-06,0.0115633,0.0001262813,-0.003647059,1.223
2024_02_12_12_35_38_098,0.4,0.0,125974.0,125974.0,51.81441,-1.208022e-05,0.1359749,1.069988e-07,0.009028586,-1.342157e-05,1.22,-4.441943e-06,-1.742613e-05,3.508936e-07,0.01883507,0.0003025231,-0.03810786,1.223
2024_02_12_12_35_38_141,0.4,0.0,126099.0,126098.0,51.86584,-1.20687e-05,0.135975,-1.548389e-06,0.009028794,-1.229845e-05,1.22,2.280524e-05,-8.53032e-05,-1.09943e-05,-0.008702278,3.20133e-05,-0.01163408,1.223
2024_02_12_12_35_38_177,0.4,0.0,126209.0,126208.0,51.91115,-1.203811e-05,0.135975,-2.010715e-06,0.009028824,-1.165187e-05,1.22,-1.754057e-05,-9.374466e-05,1.146775e-05,0.002384186,0.0002485507,-0.003841705,1.223
2024_02_12_12_35_38_214,0.4,0.0,126322.0,126321.0,51.95768,-1.196738e-05,0.135975,2.929077e-07,0.009028706,-7.608513e-06,1.22,1.334108e-06,-6.814391e-05,-2.811912e-06,0.003933907,-3.501782e-06,-0.00392925,1.223
2024_02_12_12_35_38_247,0.4,0.0,126420.0,126420.0,51.99809,-1.194355e-05,0.135975,5.604541e-07,0.009028824,-7.213765e-06,1.22,-1.810261e-06,-8.637542e-05,-3.500642e-06,-0.0115633,-0.0001506072,-0.0001741573,1.223
2024_02_12_12_35_38_281,0.4,0.0,126521.0,126521.0,52.03972,-1.198458e-05,0.135975,3.286628e-06,0.009028824,-1.133446e-05,1.22,-1.177952e-05,-0.0001200518,5.836203e-06,-0.003695488,-0.0001129299,-0.003974885,1.223
2024_02_12_12_35_38_318,0.4,0.0,126631.0,126631.0,52.08503,-1.208286e-05,0.1359749,1.465591e-07,0.009028706,-1.615533e-05,1.22,-5.885072e-06,-1.656339e-05,2.882814e-07,-0.00500679,2.817376e-05,0.007775612,1.223
2024_02_12_12_35_38_356,0.4,0.0,126744.0,126744.0,52.13156,-1.209559e-05,0.135975,9.581277e-07,0.009028823,-1.557887e-05,1.22,5.159159e-06,-0.0001122708,2.76216e-05,0.002503395,0.0001716837,-8.381902e-05,1.223
2024_02_12_12_35_38_389,0.4,0.0,126842.0,126842.0,52.17197,-1.209568e-05,0.1359749,9.361177e-07,0.009028704,-1.537553e-05,1.22,7.780014e-07,-8.226534e-08,-5.078302e-07,-0.007510185,-8.594002e-05,0.01556147,1.223
2024_02_12_12_35_38_426,0.4,0.0,126952.0,126952.0,52.21728,-1.208121e-05,0.135975,-2.182613e-07,0.009028794,-1.496469e-05,1.22,2.666347e-06,-8.560152e-05,1.842852e-06,-0.010252,-5.578275e-05,0.007594004,1.223
2024_02_12_12_35_38_464,0.4,0.0,127065.0,127065.0,52.26381,-1.207104e-05,0.1359749,-7.571062e-07,0.009028557,-1.510803e-05,1.22,2.78176e-06,-1.002501e-05,-2.880616e-06,0.009417534,6.406733e-05,-0.007462687,1.223
2024_02_12_12_35_38_502,0.4,0.0,127175.0,127175.0,52.30912,-1.205285e-05,0.1359749,-1.513465e-07,0.009028586,-1.574896e-05,1.22,6.143235e-06,-2.271462e-05,-1.341767e-06,-0.002145767,-0.0001083945,-0.003777444,1.223
2024_02_12_12_35_38_539,0.4,0.0,127288.0,127288.0,52.35565,-1.204804e-05,0.1359749,8.712936e-07,0.009028587,-1.726848e-05,1.22,-7.530467e-07,-2.211188e-05,4.460775e-06,0.001907349,-0.0001914233,0.007719732,1.223
2024_02_12_12_35_38_577,0.4,0.0,127398.0,127398.0,52.40096,-1.205233e-05,0.135975,-3.61677e-07,0.009028735,-1.921424e-05,1.22,-1.728842e-07,-0.0001077832,-6.537111e-07,0.001430511,0.0001633149,-4.656613e-05,1.223
2024_02_12_12_35_38_615,0.4,0.0,127511.0,127511.0,52.44749,-1.203214e-05,0.1359749,3.575216e-07,0.009028615,-1.499711e-05,1.22,-2.640927e-07,-6.031966e-05,-3.585792e-06,0.005960464,-0.0001121135,-0.007573515,1.223
2024_02_12_12_35_38_651,0.4,0.0,127621.0,127621.0,52.49279,-1.203884e-05,0.1359749,3.667948e-07,0.009028557,-1.617519e-05,1.22,2.497566e-05,-5.794067e-05,-1.090188e-05,-0.007510185,-0.0001493999,0.007582828,1.223
2024_02_12_12_35_38_689,0.4,0.0,127734.0,127734.0,52.53933,-1.203289e-05,0.1359749,5.058881e-07,0.009028616,-1.662313e-05,1.22,-7.378125e-07,-5.768877e-05,7.860212e-07,0.006794929,-0.0001120762,-0.03058277,1.223
2024_02_12_12_35_38_722,0.4,0.0,127832.0,127832.0,52.57973,-1.201866e-05,0.1359749,-1.234578e-06,0.009028587,-1.675438e-05,1.22,7.472307e-07,-1.786193e-05,5.003421e-06,-0.005245208,-2.810392e-05,0.01153815,1.223
2024_02_12_12_35_38_760,0.4,0.0,127945.0,127945.0,52.62627,-1.198566e-05,0.1359749,-1.133585e-06,0.009028557,-1.5946e-05,1.22,4.046264e-06,-2.439881e-05,-5.310441e-06,-0.01597404,-7.103296e-05,0.04188716,1.223
2024_02_12_12_35_38_798,0.4,0.0,128055.0,128055.0,52.67157,-1.196489e-05,0.135975,5.199886e-07,0.009028794,-1.673145e-05,1.22,2.946466e-06,-9.622435e-05,2.606211e-06,0.009655952,0.0002339736,-0.003763474,1.223
2024_02_12_12_35_38_831,0.4,0.0,128156.0,128156.0,52.71321,-1.194595e-05,0.135975,-1.36203e-06,0.009028764,-1.446625e-05,1.22,6.907497e-07,-9.210687e-05,-1.517972e-06,0.003576278,0.0001129241,1.303852e-05,1.223
2024_02_12_12_35_38_868,0.4,0.0,128266.0,128266.0,52.75851,-1.193551e-05,0.1359749,-8.955966e-07,0.009028615,-1.397222e-05,1.22,3.236081e-07,-1.898748e-06,2.478892e-06,0.002503395,8.83066e-05,-0.01900271,1.223
2024_02_12_12_35_38_902,0.4,0.0,128365.0,128364.0,52.79892,-1.193085e-05,0.135975,-7.220731e-08,0.009028764,-1.497904e-05,1.22,1.207435e-06,-7.752801e-05,7.928269e-07,0.009417534,-3.079552e-05,-3.911554e-05,1.223
2024_02_12_12_35_38_938,0.4,0.0,128478.0,128477.0,52.84546,-1.193729e-05,0.135975,1.423713e-07,0.009028823,-1.643633e-05,1.22,-2.384395e-05,-7.149983e-05,1.166586e-05,-0.01358986,-0.0001996789,0.01129135,1.223
2024_02_12_12_35_38_972,0.4,0.0,128576.0,128575.0,52.88586,-1.193926e-05,0.135975,1.123354e-06,0.009028824,-1.545556e-05,1.22,-6.889896e-08,-8.157042e-05,5.592427e-06,-0.009179115,5.152708e-05,-0.003941357,1.223
2024_02_12_12_35_39_011,0.4,0.0,128689.0,128688.0,52.9324,-1.193319e-05,0.135975,-8.24216e-07,0.009028854,-1.441297e-05,1.22,-3.80875e-05,-7.259806e-05,-9.578471e-06,-0.00846386,0.000241018,0.007624737,1.223
2024_02_12_12_35_39_048,0.4,0.0,128799.0,128799.0,52.9777,-1.192127e-05,0.135975,-2.877246e-07,0.009028854,-1.469903e-05,1.22,-4.337475e-07,-9.163703e-05,-1.48788e-07,0.001907349,5.059348e-05,-3.72529e-06,1.223
2024_02_12_12_35_39_080,0.4,0.0,128897.0,128897.0,53.01811,-1.192186e-05,0.1359749,-7.274959e-07,0.009028705,-1.732156e-05,1.22,2.142412e-05,-2.220935e-05,1.52835e-05,0.003099441,-0.0002475863,-0.01530535,1.223
2024_02_12_12_35_39_118,0.4,0.0,129010.0,129010.0,53.06464,-1.190368e-05,0.1359749,6.644029e-07,0.009028675,-1.627806e-05,1.22,2.23412e-05,-4.275031e-05,2.600726e-05,0.01633167,-0.0001741777,-0.03043283,1.223
2024_02_12_12_35_39_156,0.4,0.0,129120.0,129120.0,53.10995,-1.189511e-05,0.1359749,4.290338e-07,0.009028704,-1.817929e-05,1.22,-1.948997e-05,-4.101115e-05,-1.257942e-05,0.02062321,-6.428075e-05,-0.03041234,1.223
2024_02_12_12_35_39_193,0.4,0.0,129233.0,129233.0,53.15648,-1.188417e-05,0.1359749,-1.517504e-06,0.009028587,-1.981727e-05,1.22,2.262972e-05,-1.605207e-05,9.584905e-06,-0.0001192093,9.829769e-05,0.0115335,1.223
2024_02_12_12_35_39_226,0.4,0.0,129331.0,129331.0,53.19689,-1.186118e-05,0.1359749,-6.327903e-07,0.009028586,-1.97991e-05,1.22,1.612477e-06,-4.575527e-06,7.860501e-07,-0.004887581,2.071363e-05,-3.166497e-05,1.223
2024_02_12_12_35_39_259,0.4,0.0,129432.0,129432.0,53.23853,-1.182016e-05,0.135975,-1.358919e-06,0.009028616,-1.696338e-05,1.22,3.231804e-06,-7.287929e-05,9.633577e-07,0.009417534,2.350475e-06,-0.03068149,1.223
2024_02_12_12_35_39_298,0.4,0.0,129542.0,129542.0,53.28383,-1.179824e-05,0.1359749,-1.657033e-06,0.009028557,-1.891159e-05,1.22,3.414023e-06,1.871317e-05,-2.920139e-06,-0.002980232,-3.600235e-06,0.0001313165,1.223
2024_02_12_12_35_39_335,0.4,0.0,129655.0,129655.0,53.33036,-1.17523e-05,0.1359748,1.084386e-06,0.009028555,-1.808545e-05,1.22,7.539331e-07,-2.040571e-06,-8.895135e-07,0.004887581,-0.000221089,-0.04577357,1.223
2024_02_12_12_35_39_368,0.4,0.0,129753.0,129753.0,53.37077,-1.171759e-05,0.1359749,-7.38011e-07,0.009028645,-1.591086e-05,1.22,-8.088406e-07,-5.468658e-05,-9.170322e-07,-0.01037121,0.0001216042,-0.02299994,1.223
2024_02_12_12_35_39_405,0.4,0.0,129863.0,129863.0,53.41608,-1.170684e-05,0.135975,1.142691e-07,0.009028675,-1.725939e-05,1.22,-2.158294e-06,-5.553701e-05,-2.431759e-06,0.0007152557,1.034753e-05,-5.122274e-05,1.223
2024_02_12_12_35_39_443,0.4,0.0,129976.0,129976.0,53.46261,-1.171002e-05,0.1359749,-9.086039e-07,0.009028645,-1.786933e-05,1.22,1.980063e-05,-5.108816e-05,-7.335308e-06,0.02205372,-6.080354e-05,-0.04189461,1.223
2024_02_12_12_35_39_480,0.4,0.0,130086.0,130086.0,53.50792,-1.170476e-05,0.1359749,9.760353e-07,0.009028587,-1.844613e-05,1.22,1.081795e-07,-1.672607e-05,-6.042837e-06,-0.003814697,0.0002201102,-0.003779307,1.223
2024_02_12_12_35_39_518,0.4,0.0,130199.0,130199.0,53.55445,-1.170316e-05,0.135975,-3.812964e-08,0.009028765,-1.883508e-05,1.22,-2.098576e-06,-0.0001187459,-2.271474e-06,0.005602836,8.723657e-05,0.007580034,1.223
2024_02_12_12_35_39_557,0.4,0.0,130309.0,130309.0,53.59976,-1.170471e-05,0.1359749,-4.463185e-07,0.009028616,-1.806318e-05,1.22,-1.209233e-06,-1.710579e-05,-1.759239e-06,-0.008583069,0.0001271656,0.00761263,1.223
2024_02_12_12_35_39_593,0.4,0.0,130422.0,130422.0,53.64629,-1.166625e-05,0.135975,-3.076285e-07,0.009028614,-1.430641e-05,1.22,5.090587e-08,-2.375716e-05,8.212818e-08,-0.006198883,-3.172943e-06,0.02285559,1.223
2024_02_12_12_35_39_626,0.4,0.0,130521.0,130520.0,53.6867,-1.166608e-05,0.135975,-4.615382e-07,0.009028794,-1.593963e-05,1.22,1.899091e-05,-6.557249e-05,-6.015859e-06,0.01585484,-8.754801e-05,-0.01148693,1.223
2024_02_12_12_35_39_664,0.4,0.0,130634.0,130633.0,53.73323,-1.16315e-05,0.135975,-7.028691e-07,0.009028824,-1.343607e-05,1.22,4.603119e-06,-9.339718e-05,8.8803e-06,-0.01263618,0.0001152091,-0.01167506,1.223
2024_02_12_12_35_39_702,0.4,0.0,130744.0,130743.0,53.77854,-1.161192e-05,0.135975,2.413516e-07,0.009028854,-1.45499e-05,1.22,-5.710154e-08,-7.579361e-05,2.108497e-06,-0.01502037,-0.0001364319,0.01518894,1.223
2024_02_12_12_35_39_735,0.4,0.0,130845.0,130844.0,53.82017,-1.161308e-05,0.135975,-4.34008e-07,0.009028794,-1.667489e-05,1.22,3.347293e-07,-7.154954e-05,2.30393e-06,0.001430511,3.939115e-05,0.007587485,1.223
2024_02_12_12_35_39_768,0.4,0.0,130943.0,130942.0,53.86058,-1.16033e-05,0.1359749,6.757662e-07,0.009028824,-1.671574e-05,1.22,1.253396e-07,-6.448567e-05,-5.256604e-06,0.009417534,0.0001451865,-0.02270844,1.223
2024_02_12_12_35_39_806,0.4,0.0,131053.0,131053.0,53.90589,-1.159823e-05,0.135975,1.990092e-06,0.009028675,-1.646468e-05,1.22,-1.226906e-06,-5.0276e-05,-2.427636e-06,0.01227856,-0.0002600586,-0.02297479,1.223
2024_02_12_12_35_39_843,0.4,0.0,131166.0,131166.0,53.95242,-1.159656e-05,0.1359749,5.752755e-07,0.009028676,-1.496611e-05,1.22,1.092061e-06,-5.198182e-05,-2.617929e-06,0.01299381,-0.0001383576,-0.030322,1.223
2024_02_12_12_35_39_880,0.4,0.0,131276.0,131276.0,53.99773,-1.158108e-05,0.1359749,-2.438859e-06,0.009028675,-1.511562e-05,1.22,4.431592e-05,-2.840003e-05,3.957342e-06,0.0005960464,-3.924458e-05,-0.007604248,1.223
2024_02_12_12_35_39_914,0.4,0.0,131377.0,131377.0,54.03936,-1.155832e-05,0.135975,-3.717123e-07,0.009028615,-1.529639e-05,1.22,2.830873e-06,-2.042328e-05,3.553919e-06,0.001192093,0.0002101454,-0.003936701,1.223
2024_02_12_12_35_39_951,0.4,0.0,131487.0,131487.0,54.08467,-1.154463e-05,0.135975,-3.547449e-08,0.009028706,-1.339887e-05,1.22,-3.211192e-08,-7.48997e-05,-8.364596e-08,-0.02288818,7.985292e-06,0.03801472,1.223
2024_02_12_12_35_39_989,0.4,0.0,131600.0,131600.0,54.1312,-1.153261e-05,0.1359749,-1.112282e-06,0.009028645,-1.219643e-05,1.22,1.113932e-06,-5.667569e-05,-1.872784e-06,0.007152557,-2.649213e-05,-0.007699243,1.223
2024_02_12_12_35_40_026,0.4,0.0,131710.0,131710.0,54.17651,-1.152557e-05,0.1359749,5.737637e-07,0.009028676,-1.363875e-05,1.22,-5.401822e-07,-6.602364e-05,2.379333e-06,-0.01490116,-9.405026e-05,0.0228323,1.223
2024_02_12_12_35_40_063,0.4,0.0,131823.0,131823.0,54.22304,-1.15187e-05,0.135975,3.90272e-07,0.009028823,-1.277496e-05,1.22,-1.09369e-06,-0.0001059524,1.982991e-06,-0.001192093,-7.503897e-05,-7.543713e-05,1.223
2024_02_12_12_35_40_098,0.4,0.0,131921.0,131921.0,54.26345,-1.149951e-05,0.1359749,-8.856585e-07,0.009028616,-1.204783e-05,1.22,2.490432e-05,-2.193739e-05,2.017235e-05,-0.008583069,-1.471045e-05,0.01526158,1.223
2024_02_12_12_35_40_135,0.4,0.0,132034.0,132034.0,54.30998,-1.146969e-05,0.1359749,7.303678e-07,0.009028675,-1.191631e-05,1.22,-6.517843e-07,-4.071907e-05,3.424679e-06,-0.01776218,-0.0001706243,0.007595866,1.223
2024_02_12_12_35_40_172,0.4,0.0,132144.0,132144.0,54.35529,-1.145978e-05,0.135975,-5.512751e-08,0.009028764,-1.248848e-05,1.22,1.633323e-06,-8.822727e-05,1.019249e-06,-0.005364418,2.134206e-05,0.003796071,1.223
2024_02_12_12_35_40_210,0.4,0.0,132254.0,132254.0,54.40059,-1.142793e-05,0.1359749,-5.607957e-07,0.009028645,-1.119258e-05,1.22,2.039695e-05,-4.048598e-05,1.900436e-05,0.007510185,-6.872036e-05,-0.003743917,1.223
2024_02_12_12_35_40_247,0.4,0.0,132367.0,132367.0,54.44712,-1.143898e-05,0.1359749,1.057489e-06,0.009028645,-1.199237e-05,1.22,-6.806326e-06,-9.114856e-06,5.858254e-06,0.0001192093,-0.0002138258,0.003951602,1.223
2024_02_12_12_35_40_285,0.4,0.0,132477.0,132477.0,54.49243,-1.146366e-05,0.135975,-9.181908e-07,0.009028794,-1.283589e-05,1.22,-2.179572e-05,-0.0001137895,1.693109e-05,-0.00333786,0.0001675258,-0.003959984,1.223
2024_02_12_12_35_40_317,0.4,0.0,132578.0,132578.0,54.53407,-1.145644e-05,0.135975,-2.942056e-07,0.009028794,-1.345674e-05,1.22,6.042665e-07,-8.002897e-05,2.828313e-08,-0.009298325,-6.438242e-06,0.01528114,1.223
2024_02_12_12_35_40_356,0.4,0.0,132688.0,132688.0,54.57937,-1.14215e-05,0.135975,-4.02967e-07,0.009028794,-1.183054e-05,1.22,1.033595e-06,-0.0001158454,5.83052e-07,-0.0004768371,-3.940076e-05,-7.357448e-05,1.223
2024_02_12_12_35_40_393,0.4,0.0,132801.0,132801.0,54.6259,-1.140124e-05,0.135975,7.798657e-07,0.009028824,-1.124823e-05,1.22,-3.030526e-06,-0.0001093244,7.843746e-06,0.004887581,-0.0002299901,-6.705523e-05,1.223
2024_02_12_12_35_40_426,0.4,0.0,132899.0,132899.0,54.66631,-1.145981e-05,0.1359749,-4.27802e-08,0.009028614,-1.524821e-05,1.22,-3.822156e-06,-4.694886e-05,4.812476e-06,0.015378,0.0001292567,-0.01904182,1.223
2024_02_12_12_35_40_460,0.4,0.0,132998.0,132997.0,54.70672,-1.146284e-05,0.1359749,6.336658e-07,0.009028794,-1.519096e-05,1.22,-2.105583e-05,-0.0001079646,-2.109121e-05,0.004291534,-1.807575e-05,0.0001117587,1.223
2024_02_12_12_35_40_498,0.4,0.0,133111.0,133110.0,54.75325,-1.145615e-05,0.135975,-3.899639e-07,0.009028824,-1.573754e-05,1.22,3.15972e-06,-0.0001097142,-3.515078e-06,-0.0005960464,-1.574389e-05,-6.61239e-05,1.223
2024_02_12_12_35_40_534,0.4,0.0,133221.0,133220.0,54.79856,-1.14466e-05,0.1359749,-1.610753e-06,0.009028676,-1.50777e-05,1.22,2.117623e-05,-4.926161e-05,-1.510202e-05,0.007987022,0.0002017476,-0.003708526,1.223
2024_02_12_12_35_40_567,0.4,0.0,133322.0,133321.0,54.84019,-1.145276e-05,0.1359749,-8.67041e-07,0.009028586,-1.512687e-05,1.22,2.074873e-05,2.077606e-06,1.601561e-05,-0.008821487,-1.943539e-05,0.003810972,1.223
2024_02_12_12_35_40_605,0.4,0.0,133432.0,133431.0,54.8855,-1.143927e-05,0.1359749,-7.486617e-07,0.009028735,-1.443764e-05,1.22,2.360141e-05,-4.148306e-05,-1.383443e-05,-0.001430511,-0.0001604909,0.007841736,1.223
2024_02_12_12_35_40_639,0.4,0.0,133533.0,133533.0,54.92714,-1.142377e-05,0.1359749,6.422953e-08,0.009028614,-1.416883e-05,1.22,1.455014e-06,-5.671667e-05,-1.282629e-06,0.00846386,-8.105453e-05,-0.03072526,1.223
2024_02_12_12_35_40_676,0.4,0.0,133643.0,133643.0,54.97244,-1.140543e-05,0.135975,7.787927e-07,0.009028527,-1.264063e-05,1.22,-1.824832e-05,1.247434e-05,3.350648e-06,-0.0009536743,0.0002488222,-8.940696e-05,1.223
2024_02_12_12_35_40_715,0.4,0.0,133756.0,133756.0,55.01897,-1.13987e-05,0.135975,5.321386e-07,0.009028823,-1.12235e-05,1.22,-1.601954e-06,-9.872582e-05,-4.43567e-06,0.008106232,-1.543407e-05,0.007664784,1.223
2024_02_12_12_35_40_751,0.4,0.0,133866.0,133866.0,55.06428,-1.138793e-05,0.1359749,5.51259e-07,0.009028557,-1.142102e-05,1.22,-1.812319e-05,-1.138413e-05,1.269123e-05,0.01108646,2.524416e-06,-0.003589317,1.223
2024_02_12_12_35_40_789,0.4,0.0,133979.0,133979.0,55.11081,-1.138965e-05,0.1359749,1.802698e-06,0.009028615,-1.281777e-05,1.22,1.57322e-07,3.529885e-05,-2.543478e-06,-0.02300739,-0.0001549481,0.03817864,1.223
2024_02_12_12_35_40_823,0.4,0.0,134077.0,134077.0,55.15122,-1.138485e-05,0.135975,-7.725673e-07,0.009028794,-1.229912e-05,1.22,4.530213e-07,-9.579188e-05,-7.774007e-06,0.008225441,6.750781e-06,-0.003740191,1.223
2024_02_12_12_35_40_860,0.4,0.0,134187.0,134187.0,55.19653,-1.138023e-05,0.1359749,1.368567e-07,0.009028555,-1.294869e-05,1.22,1.009636e-06,-3.553383e-05,-1.783417e-06,-0.002861023,-8.133631e-05,-0.007649883,1.223
2024_02_12_12_35_40_897,0.4,0.0,134300.0,134300.0,55.24306,-1.135122e-05,0.1359749,-1.29615e-06,0.009028735,-1.224729e-05,1.22,4.651801e-06,-9.14139e-05,-7.621168e-07,0.003576278,-0.00012315,-0.003795139,1.223
2024_02_12_12_35_40_934,0.4,0.0,134410.0,134410.0,55.28837,-1.13383e-05,0.135975,3.195581e-08,0.009028764,-1.217543e-05,1.22,-1.653644e-06,-7.379823e-05,1.066275e-07,0.0002384186,7.256008e-05,-0.007646158,1.223
2024_02_12_12_35_40_972,0.4,0.0,134523.0,134523.0,55.3349,-1.132947e-05,0.135975,-1.026579e-06,0.009028764,-1.260459e-05,1.22,3.02546e-06,-7.029931e-05,3.5659e-06,0.002264977,-5.187587e-05,-4.656613e-06,1.223
2024_02_12_12_35_41_006,0.4,0.0,134621.0,134621.0,55.37531,-1.131232e-05,0.135975,-1.75123e-06,0.009028735,-1.184246e-05,1.22,4.234611e-05,-9.672199e-05,8.271194e-06,0.01096725,0.000224296,-0.01153722,1.223
2024_02_12_12_35_41_043,0.4,0.0,134734.0,134734.0,55.42184,-1.129753e-05,0.135975,-6.400599e-07,0.009028646,-1.346747e-05,1.22,2.588715e-06,-4.412728e-05,-3.558257e-07,0.01180172,0.0001503035,5.960464e-05,1.223
2024_02_12_12_35_41_080,0.4,0.0,134844.0,134844.0,55.46715,-1.128649e-05,0.135975,-4.549934e-07,0.009028737,-1.444382e-05,1.22,9.756736e-07,-6.69466e-05,1.112448e-06,-0.01311302,3.488137e-05,0.007553026,1.223
2024_02_12_12_35_41_118,0.4,0.0,134957.0,134957.0,55.51368,-1.126437e-05,0.135975,2.772083e-07,0.009028765,-1.404113e-05,1.22,9.703456e-07,-0.0001015977,1.185924e-06,0.005364418,9.44517e-05,0.01905952,1.223
2024_02_12_12_35_41_155,0.4,0.0,135067.0,135067.0,55.55899,-1.125095e-05,0.135975,-1.039185e-06,0.009028735,-1.562791e-05,1.22,1.932445e-07,-8.380179e-05,-4.085751e-06,-0.009775162,-0.0002646793,-0.003941357,1.223
2024_02_12_12_35_41_193,0.4,0.0,135180.0,135180.0,55.60552,-1.118476e-05,0.135975,-3.038996e-06,0.009028824,-8.980936e-06,1.22,5.894522e-06,-0.0001250912,-2.527558e-06,-0.0004768371,5.689458e-05,-0.0001145527,1.223
2024_02_12_12_35_41_231,0.4,0.0,135290.0,135290.0,55.65083,-1.112841e-05,0.135975,-3.436763e-07,0.009028824,-8.069961e-06,1.22,-9.150484e-08,-0.0001091429,-3.7416e-06,0.001311302,1.724328e-05,-4.936009e-05,1.223
2024_02_12_12_35_41_267,0.4,0.0,135403.0,135403.0,55.69736,-1.109551e-05,0.135975,-5.309468e-07,0.009028794,-6.796804e-06,1.22,1.987217e-05,-0.000117206,1.89222e-05,0.006318092,-0.0001601181,-0.003793277,1.223
2024_02_12_12_35_41_305,0.4,0.0,135513.0,135513.0,55.74266,-1.109629e-05,0.1359749,-4.937516e-07,0.009028823,-8.16152e-06,1.22,1.724433e-05,-0.0001042277,-8.012496e-06,0.01001358,-0.0001371339,-0.01142174,1.223
2024_02_12_12_35_41_339,0.4,0.0,135614.0,135614.0,55.7843,-1.113575e-05,0.135975,4.703746e-07,0.009028675,-1.243859e-05,1.22,3.176851e-05,-4.505582e-05,1.154333e-05,-0.0166893,-0.0001753726,0.02285279,1.223
2024_02_12_12_35_41_376,0.4,0.0,135724.0,135724.0,55.82961,-1.115056e-05,0.135975,1.656238e-08,0.009028765,-1.087564e-05,1.22,-2.386039e-08,-9.927978e-05,4.212196e-06,-0.01084804,-8.025264e-05,0.007521361,1.223
2024_02_12_12_35_41_414,0.4,0.0,135834.0,135834.0,55.87491,-1.114943e-05,0.1359749,3.410212e-07,0.009028673,-1.297278e-05,1.22,2.041053e-05,-3.468666e-05,1.940481e-05,-0.01013279,-0.0002456029,0.03433786,1.223
2024_02_12_12_35_41_452,0.4,0.0,135947.0,135947.0,55.92144,-1.115342e-05,0.1359749,6.543626e-07,0.009028706,-1.370009e-05,1.22,-2.693203e-06,-5.968117e-05,1.093932e-06,0.005960464,-4.736762e-06,-0.01515727,1.223
2024_02_12_12_35_41_484,0.4,0.0,136046.0,136045.0,55.96185,-1.113191e-05,0.1359749,4.154685e-07,0.009028555,-1.38429e-05,1.22,-1.76696e-05,-2.215587e-05,6.431991e-06,-0.0005960464,-3.634199e-05,-0.01919549,1.223
2024_02_12_12_35_41_521,0.4,0.0,136159.0,136158.0,56.00838,-1.110457e-05,0.1359748,-4.624829e-07,0.009028586,-1.40253e-05,1.22,-1.7359e-07,2.123065e-05,-2.666167e-06,-0.009179115,8.138854e-05,0.01550931,1.223
2024_02_12_12_35_41_559,0.4,0.0,136269.0,136268.0,56.05369,-1.107386e-05,0.135975,-5.943685e-07,0.009028794,-1.410427e-05,1.22,1.844229e-06,-0.0001110347,8.255121e-07,-0.0009536743,2.751153e-05,-8.102506e-05,1.223
2024_02_12_12_35_41_593,0.4,0.0,136370.0,136369.0,56.09533,-1.105462e-05,0.1359749,3.813223e-07,0.009028615,-1.364962e-05,1.22,-2.458124e-05,-1.912615e-05,1.655118e-05,-0.003099441,-3.68403e-05,8.475035e-05,1.223
2024_02_12_12_35_41_627,0.4,0.0,136468.0,136468.0,56.13573,-1.104059e-05,0.135975,-3.290392e-07,0.009028764,-1.295413e-05,1.22,2.015907e-05,-9.041237e-05,-1.069526e-05,0.005841255,-0.0001255748,-0.003696419,1.223
2024_02_12_12_35_41_663,0.4,0.0,136578.0,136578.0,56.18104,-1.10309e-05,0.1359749,-2.155485e-07,0.009028586,-1.367149e-05,1.22,-1.625785e-08,-5.750455e-06,-7.517057e-07,0.006198883,-1.183764e-05,-0.00744313,1.223
2024_02_12_12_35_41_697,0.4,0.0,136679.0,136679.0,56.22268,-1.101957e-05,0.1359749,1.631819e-07,0.009028616,-1.455108e-05,1.22,-7.708929e-07,-2.915867e-05,-2.289443e-07,0.003695488,1.538575e-05,0.007719732,1.223
2024_02_12_12_35_41_731,0.4,0.0,136777.0,136777.0,56.26308,-1.102808e-05,0.135975,-9.490731e-07,0.009028737,-1.593683e-05,1.22,-1.795797e-06,-9.015947e-05,-7.412047e-06,-0.002145767,-5.145125e-05,0.02671499,1.223
2024_02_12_12_35_41_768,0.4,0.0,136890.0,136890.0,56.30962,-1.101545e-05,0.135975,1.783115e-07,0.009028824,-1.313861e-05,1.22,-3.47069e-06,-8.664496e-05,4.633092e-06,-0.001430511,6.288433e-05,-0.00773929,1.223
2024_02_12_12_35_41_805,0.4,0.0,137000.0,137000.0,56.35492,-1.101401e-05,0.135975,-2.430859e-07,0.009028735,-1.298376e-05,1.22,1.168313e-06,-7.819408e-05,1.317327e-06,-0.015378,-4.181896e-05,0.007542781,1.223
2024_02_12_12_35_41_843,0.4,0.0,137113.0,137113.0,56.40145,-1.10245e-05,0.135975,-7.360275e-07,0.009028675,-1.584082e-05,1.22,1.965495e-05,-5.062489e-05,1.402106e-05,-0.004291534,-5.143954e-05,0.02657156,1.223
2024_02_12_12_35_41_876,0.4,0.0,137211.0,137211.0,56.44186,-1.100989e-05,0.135975,-2.778941e-07,0.009028764,-1.612307e-05,1.22,1.761074e-06,-7.9652e-05,-1.659191e-07,0.01144409,-5.261557e-05,-0.02284907,1.223
2024_02_12_12_35_41_914,0.4,0.0,137321.0,137321.0,56.48717,-1.098947e-05,0.135975,-2.983073e-07,0.009028823,-1.404206e-05,1.22,4.787394e-07,-9.624581e-05,-1.724444e-07,0.001549721,-3.902556e-06,-8.475035e-05,1.223
2024_02_12_12_35_41_950,0.4,0.0,137434.0,137434.0,56.5337,-1.098802e-05,0.135975,1.03069e-06,0.009028824,-1.580449e-05,1.22,-3.242998e-06,-0.0001220599,9.929344e-06,0.0,-3.435104e-05,-0.00011269,1.223
2024_02_12_12_35_41_989,0.4,0.0,137544.0,137544.0,56.57901,-1.102728e-05,0.1359749,-6.408913e-07,0.009028675,-1.891534e-05,1.22,-2.2691e-07,5.315054e-06,-2.878193e-06,-0.01728535,0.00012588,0.04602782,1.223
2024_02_12_12_35_42_026,0.4,0.0,137657.0,137657.0,56.62554,-1.103621e-05,0.135975,5.006915e-07,0.009028704,-2.077533e-05,1.22,-4.456781e-05,-5.652941e-05,-1.232692e-05,0.0001192093,-1.856836e-05,0.02291053,1.223
2024_02_12_12_35_42_063,0.4,0.0,137767.0,137767.0,56.67085,-1.10287e-05,0.1359749,-8.176257e-07,0.009028824,-2.172595e-05,1.22,2.261618e-05,-8.025078e-05,1.294158e-05,-0.0001192093,-0.0001944121,-0.003740191,1.223
2024_02_12_12_35_42_097,0.4,0.0,137868.0,137868.0,56.71248,-1.101027e-05,0.135975,2.943416e-07,0.009028823,-2.049612e-05,1.22,1.71573e-06,-0.0001054998,-2.750259e-07,0.003457069,-8.220965e-05,-7.171184e-05,1.223
2024_02_12_12_35_42_134,0.4,0.0,137978.0,137978.0,56.75779,-1.101101e-05,0.1359748,-2.815089e-08,0.009028673,-2.258117e-05,1.22,2.769845e-06,-9.373607e-06,3.934791e-07,-0.01573563,-6.077022e-05,0.02310145,1.223
2024_02_12_12_35_42_173,0.4,0.0,138091.0,138091.0,56.80432,-1.099384e-05,0.135975,-2.897893e-06,0.009028824,-2.154274e-05,1.22,6.763804e-06,-0.0001163755,-5.826721e-06,-0.0002384186,0.0002416589,-0.0001173466,1.223
2024_02_12_12_35_42_209,0.4,0.0,138201.0,138201.0,56.84963,-1.093232e-05,0.1359749,-4.828785e-07,0.009028587,-2.163689e-05,1.22,4.429972e-06,3.027961e-05,-6.245937e-06,-0.009298325,0.0001079999,0.03076158,1.223
2024_02_12_12_35_42_247,0.4,0.0,138314.0,138314.0,56.89616,-1.091051e-05,0.1359749,7.606268e-07,0.009028616,-2.299033e-05,1.22,1.370037e-06,-3.532837e-05,-4.513806e-06,0.0,2.378601e-05,0.007722526,1.223
2024_02_12_12_35_42_281,0.4,0.0,138413.0,138412.0,56.93657,-1.090854e-05,0.135975,2.722547e-07,0.009028735,-2.257231e-05,1.22,7.591464e-07,-9.287504e-05,-7.600559e-07,-0.001072884,8.13371e-05,-0.003863126,1.223
2024_02_12_12_35_42_317,0.4,0.0,138526.0,138525.0,56.9831,-1.091458e-05,0.1359749,8.217546e-07,0.009028586,-2.625677e-05,1.22,-1.207998e-06,2.551886e-06,7.831408e-07,-0.005245208,0.0001365099,1.024455e-05,1.223
2024_02_12_12_35_42_355,0.4,0.0,138636.0,138635.0,57.02841,-1.089179e-05,0.1359749,-6.81195e-07,0.009028735,-2.608846e-05,1.22,2.383388e-05,-5.420492e-05,-8.009205e-06,-0.007987022,2.743974e-05,0.01530442,1.223
2024_02_12_12_35_42_392,0.4,0.0,138749.0,138748.0,57.07494,-1.087228e-05,0.135975,-5.61688e-07,0.009028675,-2.357993e-05,1.22,-1.992068e-05,-6.038373e-05,-1.658093e-05,0.004768372,0.0001612209,-0.007764436,1.223
2024_02_12_12_35_42_426,0.4,0.0,138847.0,138846.0,57.11535,-1.086366e-05,0.1359749,-2.365579e-07,0.009028675,-2.49742e-05,1.22,3.953909e-07,-7.294042e-05,-1.592939e-07,0.006198883,1.143542e-05,0.01535937,1.223
2024_02_12_12_35_42_463,0.4,0.0,138957.0,138956.0,57.16066,-1.084245e-05,0.1359749,-1.135892e-06,0.009028645,-2.564528e-05,1.22,8.903267e-08,-3.825432e-05,4.041699e-06,0.008702278,6.323407e-05,-0.038133,1.223
2024_02_12_12_35_42_501,0.4,0.0,139070.0,139069.0,57.20719,-1.082445e-05,0.135975,8.498722e-07,0.009028764,-2.547623e-05,1.22,-1.97848e-05,-9.64245e-05,-1.403121e-05,-0.00834465,3.558864e-05,-0.003970228,1.223
2024_02_12_12_35_42_534,0.4,0.0,139168.0,139168.0,57.2476,-1.082649e-05,0.135975,-9.544094e-07,0.009028795,-2.963156e-05,1.22,2.10863e-05,-9.854975e-05,1.588063e-05,-0.002861023,-4.244177e-05,0.003822148,1.223
2024_02_12_12_35_42_572,0.4,0.0,139281.0,139281.0,57.29413,-1.079334e-05,0.135975,-1.270732e-06,0.009028648,-2.790291e-05,1.22,8.455913e-07,-4.07211e-05,-2.908684e-06,0.004053116,-9.409029e-05,0.01146365,1.223
2024_02_12_12_35_42_609,0.4,0.0,139391.0,139391.0,57.33944,-1.076091e-05,0.1359749,-2.13007e-06,0.009028614,-2.797932e-05,1.22,2.7108e-06,-2.3032e-05,1.932602e-06,0.00500679,8.038551e-05,-0.0152532,1.223
2024_02_12_12_35_42_643,0.4,0.0,139492.0,139492.0,57.38107,-1.073068e-05,0.135975,-1.873972e-06,0.009028795,-2.855014e-05,1.22,1.874731e-06,-0.0001115472,5.992358e-06,0.0001192093,3.498496e-05,-0.0001024455,1.223
2024_02_12_12_35_42_681,0.4,0.0,139602.0,139602.0,57.42638,-1.069922e-05,0.135975,-3.806527e-07,0.009028706,-3.154414e-05,1.22,6.099581e-07,-4.656481e-05,1.935179e-07,-0.01704693,-2.402601e-05,-0.007770024,1.223
2024_02_12_12_35_42_713,0.4,0.0,139700.0,139700.0,57.46679,-1.067053e-05,0.135975,4.749214e-07,0.009028795,-3.123928e-05,1.22,-2.29861e-05,-9.544473e-05,4.240429e-06,-0.01084804,-8.551472e-05,-0.007818453,1.223
2024_02_12_12_35_42_751,0.4,0.0,139813.0,139813.0,57.51332,-1.064595e-05,0.135975,-2.380678e-07,0.009028826,-2.914057e-05,1.22,-4.038349e-07,-0.0001007091,2.743894e-06,0.006318092,5.462084e-06,0.0001024455,1.223
2024_02_12_12_35_42_788,0.4,0.0,139923.0,139923.0,57.55862,-1.062406e-05,0.135975,-1.393603e-07,0.009028826,-3.091606e-05,1.22,1.106519e-06,-9.545746e-05,-2.866548e-06,-0.01358986,-0.000301398,-0.0116704,1.223
2024_02_12_12_35_42_826,0.4,0.0,140036.0,140036.0,57.60516,-1.057624e-05,0.1359749,9.59227e-08,0.009028766,-2.829528e-05,1.22,1.534626e-06,-1.300492e-05,-1.310332e-06,0.009775162,2.436053e-05,-0.003548339,1.223
2024_02_12_12_35_42_859,0.4,0.0,140134.0,140134.0,57.64557,-1.054916e-05,0.135975,-1.763903e-06,0.009028824,-2.702384e-05,1.22,1.92975e-05,-8.374128e-05,-1.470196e-05,-0.01561642,-4.170511e-05,0.007526949,1.223
2024_02_12_12_35_42_898,0.4,0.0,140247.0,140247.0,57.6921,-1.052254e-05,0.1359748,-8.190948e-07,0.009028644,-2.657684e-05,1.22,1.950626e-05,1.058283e-05,-9.660541e-06,-0.01442432,9.756149e-06,0.02687704,1.223
2024_02_12_12_35_42_935,0.4,0.0,140357.0,140357.0,57.7374,-1.05084e-05,0.135975,8.33471e-07,0.009028823,-2.800096e-05,1.22,-8.646829e-07,-0.0001028211,3.258013e-06,-0.0007152557,-5.457366e-06,-7.636845e-05,1.223
2024_02_12_12_35_42_972,0.4,0.0,140470.0,140470.0,57.78394,-1.049073e-05,0.1359749,-6.006128e-07,0.009028587,-2.92014e-05,1.22,5.205695e-07,-1.742762e-05,-2.261756e-06,-0.005722045,3.516084e-05,-0.007634051,1.223
2024_02_12_12_35_43_005,0.4,0.0,140568.0,140568.0,57.82434,-1.046101e-05,0.1359749,8.314829e-07,0.009028648,-2.991948e-05,1.22,-1.062517e-06,-1.999097e-05,2.305217e-07,-0.001072884,-0.0001549509,-5.587935e-06,1.223
2024_02_12_12_35_43_040,0.4,0.0,140667.0,140666.0,57.86475,-1.044598e-05,0.135975,-8.299335e-07,0.009028826,-3.156284e-05,1.22,1.027869e-06,-0.0001117807,-1.029049e-05,0.004649162,0.0002960094,-6.984919e-05,1.223
2024_02_12_12_35_43_076,0.4,0.0,140780.0,140779.0,57.91129,-1.042564e-05,0.135975,-1.120305e-06,0.009028737,-3.308912e-05,1.22,1.933121e-05,-6.930683e-05,1.452084e-05,-0.004768372,1.988525e-06,0.00380259,1.223
2024_02_12_12_35_43_110,0.4,0.0,140878.0,140877.0,57.95169,-1.040335e-05,0.1359749,-4.056143e-07,0.009028617,-3.231799e-05,1.22,2.714104e-06,-5.55732e-05,2.300999e-06,0.002264977,0.0001525607,-0.00390783,1.223
2024_02_12_12_35_43_146,0.4,0.0,140991.0,140990.0,57.99823,-1.036807e-05,0.1359749,-1.055873e-06,0.009028558,-3.294626e-05,1.22,-7.543035e-07,-3.700627e-05,-9.403121e-07,0.003695488,2.26695e-05,0.007655471,1.223
2024_02_12_12_35_43_180,0.4,0.0,141089.0,141089.0,58.03864,-1.033818e-05,0.1359748,-6.516821e-07,0.009028498,-3.257257e-05,1.22,-2.075897e-06,6.003701e-06,-4.729976e-06,0.009417534,-0.0001372572,-0.04181452,1.223
2024_02_12_12_35_43_218,0.4,0.0,141199.0,141199.0,58.08394,-1.032406e-05,0.1359749,2.140916e-08,0.009028617,-3.178078e-05,1.22,-4.409029e-06,-2.880052e-05,1.783817e-07,0.003814697,4.938408e-05,0.007721595,1.223
2024_02_12_12_35_43_255,0.4,0.0,141312.0,141312.0,58.13047,-1.031526e-05,0.1359749,-9.59459e-07,0.009028586,-3.301336e-05,1.22,4.398533e-08,-1.333229e-05,5.673003e-06,0.004410744,-9.988349e-05,-0.01143291,1.223
2024_02_12_12_35_43_293,0.4,0.0,141422.0,141422.0,58.17578,-1.029676e-05,0.1359749,-4.632062e-07,0.009028615,-3.427095e-05,1.22,-3.885548e-05,-2.092648e-05,-9.395675e-06,0.00989437,0.000429908,-0.0152532,1.223
2024_02_12_12_35_43_330,0.4,0.0,141535.0,141535.0,58.22231,-1.025387e-05,0.135975,-1.295861e-06,0.009028766,-3.683939e-05,1.22,3.31705e-06,-0.0001028113,1.370749e-06,0.00500679,0.0002881647,0.01136772,1.223
2024_02_12_12_35_43_367,0.4,0.0,141645.0,141645.0,58.26762,-1.01994e-05,0.135975,-3.221907e-07,0.009028795,-3.641644e-05,1.22,-1.809439e-06,-0.0001072937,-3.603125e-07,-0.01227856,5.847383e-05,-0.0002142042,1.223
2024_02_12_12_35_43_405,0.4,0.0,141758.0,141758.0,58.31415,-1.016369e-05,0.135975,-1.09351e-06,0.009028795,-3.712696e-05,1.22,1.423496e-06,-0.0001163037,4.98555e-06,-0.0007152557,0.0001520107,-5.401671e-05,1.223
2024_02_12_12_35_43_439,0.4,0.0,141856.0,141856.0,58.35456,-1.011354e-05,0.1359749,1.563229e-06,0.009028824,-3.48346e-05,1.22,-1.190458e-06,-0.000106033,9.065187e-07,0.003099441,-0.0002273079,-0.007616356,1.223
2024_02_12_12_35_43_476,0.4,0.0,141969.0,141969.0,58.40109,-1.007516e-05,0.135975,-1.617097e-06,0.009028826,-3.29663e-05,1.22,3.335117e-06,-0.0001134754,-7.183509e-06,0.0001192093,6.489608e-05,-0.0001043081,1.223
2024_02_12_12_35_43_513,0.4,0.0,142079.0,142079.0,58.4464,-9.980346e-06,0.1359749,-1.430006e-06,0.009028706,-3.044747e-05,1.22,-1.909734e-06,1.204053e-06,-4.177584e-06,0.002503395,2.322321e-05,0.0001685694,1.223
2024_02_12_12_35_43_547,0.4,0.0,142180.0,142180.0,58.48803,-9.943336e-06,0.135975,-1.884604e-07,0.009028826,-3.00183e-05,1.22,-1.986712e-06,-8.919164e-05,5.25809e-07,-0.002384186,7.402604e-06,-0.007701106,1.223
2024_02_12_12_35_43_585,0.4,0.0,142290.0,142290.0,58.53334,-9.92342e-06,0.1359749,-5.584077e-07,0.009028705,-3.12106e-05,1.22,-4.3122e-06,-5.100131e-06,-3.855461e-06,-0.01740456,-0.0001028166,0.01927558,1.223
2024_02_12_12_35_43_618,0.4,0.0,142388.0,142388.0,58.57375,-9.860565e-06,0.1359749,-1.492799e-07,0.009028823,-2.586427e-05,1.22,-2.019918e-05,-0.0001012993,-1.33076e-05,0.007033348,0.0001656582,-0.01528207,1.223
2024_02_12_12_35_43_654,0.4,0.0,142501.0,142501.0,58.62028,-9.847658e-06,0.135975,3.491502e-06,0.009028826,-2.883941e-05,1.22,-9.920102e-06,-0.0001190335,5.055522e-06,0.0003576278,-0.0001397274,-0.0001117587,1.223
2024_02_12_12_35_43_692,0.4,0.0,142611.0,142611.0,58.66559,-9.85204e-06,0.135975,8.386054e-07,0.009028677,-2.838781e-05,1.22,-5.374621e-06,-5.537778e-05,-5.404964e-06,0.0001192093,2.396632e-06,0.007537193,1.223
2024_02_12_12_35_43_730,0.4,0.0,142724.0,142724.0,58.71212,-9.81053e-06,0.135975,6.009512e-07,0.009028676,-2.590091e-05,1.22,5.098709e-07,-3.967625e-05,3.38402e-06,0.005245208,-9.212499e-06,-0.007702037,1.223
2024_02_12_12_35_43_767,0.4,0.0,142834.0,142834.0,58.75743,-9.764182e-06,0.135975,-6.557131e-07,0.009028764,-2.616922e-05,1.22,2.277597e-06,-8.11151e-05,-2.987181e-06,0.0007152557,0.000141265,-0.003809109,1.223
2024_02_12_12_35_43_801,0.4,0.0,142935.0,142935.0,58.79906,-9.736927e-06,0.135975,-1.029333e-06,0.009028645,-2.480436e-05,1.22,1.670087e-05,-7.087812e-05,-1.293541e-05,0.01990795,0.0001618586,-0.03440399,1.223
2024_02_12_12_35_43_834,0.4,0.0,143034.0,143033.0,58.83947,-9.718497e-06,0.1359748,-1.551408e-07,0.009028527,-2.702491e-05,1.22,2.022508e-05,1.120765e-05,1.318942e-05,-0.01037121,4.464408e-05,0.01929514,1.223
2024_02_12_12_35_43_872,0.4,0.0,143144.0,143143.0,58.88478,-9.704097e-06,0.1359749,-5.930022e-07,0.009028646,-2.802325e-05,1.22,-1.289939e-06,-6.161511e-05,-4.561465e-06,-0.007033348,8.199817e-05,-4.656613e-06,1.223
2024_02_12_12_35_43_909,0.4,0.0,143257.0,143256.0,58.93131,-9.676843e-06,0.1359749,-3.829647e-07,0.009028526,-2.707013e-05,1.22,-3.369462e-06,-1.847977e-05,-1.251993e-06,0.01323223,0.0001022379,-0.02290215,1.223
2024_02_12_12_35_43_946,0.4,0.0,143367.0,143366.0,58.97662,-9.681594e-06,0.1359749,8.506045e-07,0.009028675,-2.656097e-05,1.22,-3.26426e-06,-7.070103e-05,3.291333e-06,-0.006318092,0.0001816794,-0.003827736,1.223
2024_02_12_12_35_43_984,0.4,0.0,143480.0,143479.0,59.02315,-9.691842e-06,0.1359749,1.002865e-08,0.009028587,-2.728347e-05,1.22,-1.678455e-06,-1.405121e-05,5.503215e-06,-0.002861023,-0.0001731594,0.01918711,1.223
2024_02_12_12_35_44_017,0.4,0.0,143578.0,143577.0,59.06356,-9.683438e-06,0.1359749,-8.105496e-07,0.009028526,-2.819348e-05,1.22,-3.240807e-07,-2.472034e-05,-8.334194e-07,0.006079673,0.0002026718,-0.03059953,1.223
2024_02_12_12_35_44_055,0.4,0.0,143691.0,143690.0,59.11009,-9.693381e-06,0.135975,-6.704343e-08,0.009028617,-3.059639e-05,1.22,-1.804764e-06,-2.206049e-05,2.361617e-06,-0.008702278,2.949565e-05,0.03820192,1.223
2024_02_12_12_35_44_093,0.4,0.0,143801.0,143800.0,59.1554,-9.684033e-06,0.135975,-2.078638e-06,0.009028676,-2.993012e-05,1.22,3.360256e-06,-3.247831e-05,-4.519201e-06,-0.005125999,0.0003870885,-0.01148693,1.223
2024_02_12_12_35_44_130,0.4,0.0,143914.0,143913.0,59.20193,-9.627092e-06,0.135975,-4.016621e-07,0.009028794,-2.737871e-05,1.22,1.125223e-06,-4.816852e-05,-2.651917e-07,0.01573563,-2.941419e-05,-0.007606111,1.223
2024_02_12_12_35_44_167,0.4,0.0,144024.0,144024.0,59.24723,-9.600872e-06,0.135975,-1.278915e-06,0.009028794,-2.602112e-05,1.22,-2.069578e-06,-9.410536e-05,-4.808114e-06,-0.01513958,-0.0001281541,0.007446855,1.223
2024_02_12_12_35_44_202,0.4,0.0,144125.0,144125.0,59.28887,-9.524199e-06,0.1359749,-2.043975e-06,0.009028737,-2.128208e-05,1.22,5.835961e-06,-4.493831e-05,-4.05244e-06,0.002741813,-3.871991e-05,-0.007530674,1.223
2024_02_12_12_35_44_239,0.4,0.0,144235.0,144235.0,59.33418,-9.476084e-06,0.135975,4.119388e-07,0.009028824,-2.058063e-05,1.22,-1.356429e-06,-9.310614e-05,4.328473e-07,-0.01251697,-5.269919e-05,-0.000118278,1.223
2024_02_12_12_35_44_277,0.4,0.0,144348.0,144348.0,59.38071,-9.487407e-06,0.1359749,1.72014e-08,0.009028737,-2.241588e-05,1.22,-4.407525e-06,2.195954e-05,-6.043867e-06,-0.006318092,0.0001637978,0.03853906,1.223
2024_02_12_12_35_44_313,0.4,0.0,144458.0,144458.0,59.42601,-9.439131e-06,0.135975,-2.359328e-06,0.009028824,-1.85529e-05,1.22,4.352023e-06,-0.0001131005,-8.704412e-06,0.0,8.596055e-05,-0.0001080334,1.223
2024_02_12_12_35_44_352,0.4,0.0,144571.0,144571.0,59.47255,-9.366327e-06,0.1359749,9.160192e-07,0.009028676,-1.668798e-05,1.22,-7.622239e-07,-3.696417e-05,-2.283754e-06,-0.01204014,-0.0002739305,0.02310332,1.223
2024_02_12_12_35_44_384,0.4,0.0,144669.0,144669.0,59.51295,-9.341388e-06,0.135975,-2.745996e-07,0.009028823,-1.507e-05,1.22,-2.685054e-06,-9.945714e-05,-1.696222e-06,0.002264977,4.08653e-05,-7.823109e-05,1.223
2024_02_12_12_35_44_421,0.4,0.0,144779.0,144779.0,59.55826,-9.326754e-06,0.135975,4.27477e-07,0.009028675,-1.649258e-05,1.22,-2.359747e-05,-5.425946e-05,7.074657e-06,-0.002622604,4.006927e-05,0.0151284,1.223
2024_02_12_12_35_44_459,0.4,0.0,144892.0,144892.0,59.60479,-9.325287e-06,0.135975,7.861464e-07,0.009028737,-1.7845e-05,1.22,-4.854652e-06,-9.861225e-05,-2.988751e-06,0.01204014,-0.0002611523,-0.01532771,1.223
2024_02_12_12_35_44_497,0.4,0.0,145002.0,145002.0,59.6501,-9.322664e-06,0.1359748,4.200247e-07,0.009028525,-1.957507e-05,1.22,-2.582095e-06,-7.215562e-06,-1.736499e-06,0.002145767,-3.540592e-06,0.0001937151,1.223
2024_02_12_12_35_44_534,0.4,0.0,145115.0,145115.0,59.69663,-9.31934e-06,0.135975,4.929998e-07,0.009028794,-2.123228e-05,1.22,1.765118e-05,-0.0001035126,2.108241e-05,-0.005602836,-0.000158335,-0.003951602,1.223
2024_02_12_12_35_44_572,0.4,0.0,145225.0,145225.0,59.74194,-9.29521e-06,0.1359749,-1.180973e-06,0.009028615,-1.979407e-05,1.22,-1.199693e-07,-5.337122e-05,5.371042e-06,0.008940697,2.111284e-05,-0.02301484,1.223
2024_02_12_12_35_44_609,0.4,0.0,145338.0,145338.0,59.78847,-9.256431e-06,0.1359749,1.799821e-06,0.009028645,-1.742604e-05,1.22,-4.442647e-05,-5.502211e-05,-3.356806e-06,0.006437301,0.0001245252,0.01140218,1.223
2024_02_12_12_35_44_642,0.4,0.0,145436.0,145436.0,59.82888,-9.237844e-06,0.1359749,1.055088e-06,0.009028614,-1.755697e-05,1.22,1.963765e-05,-4.954698e-05,2.2418e-05,0.01657009,-0.0002006308,-0.01522619,1.223
2024_02_12_12_35_44_679,0.4,0.0,145549.0,145549.0,59.87541,-9.215039e-06,0.1359749,7.511104e-09,0.009028615,-1.532803e-05,1.22,-5.879578e-07,-2.598227e-05,-5.439093e-07,0.01168251,-8.330545e-06,-0.03054831,1.223
2024_02_12_12_35_44_713,0.4,0.0,145647.0,145647.0,59.91582,-9.195605e-06,0.135975,2.487355e-06,0.009028646,-1.532851e-05,1.22,-1.96475e-06,-3.33287e-05,1.276588e-07,0.009179115,-7.968477e-05,-0.007574446,1.223
2024_02_12_12_35_44_750,0.4,0.0,145760.0,145760.0,59.96235,-9.219542e-06,0.135975,1.245581e-06,0.009028735,-1.571514e-05,1.22,-3.154117e-06,-5.88328e-05,8.165442e-07,-0.009298325,-6.639538e-05,0.007583759,1.223
2024_02_12_12_35_44_788,0.4,0.0,145870.0,145870.0,60.00766,-9.224828e-06,0.135975,-1.976287e-07,0.009028735,-1.519638e-05,1.22,-5.910802e-06,-7.740682e-05,-1.724803e-06,-0.01478195,-5.70144e-05,0.007497146,1.223
2024_02_12_12_35_44_826,0.4,0.0,145983.0,145983.0,60.05419,-9.235354e-06,0.135975,-6.128175e-07,0.009028676,-1.518992e-05,1.22,-1.033522e-06,-2.79066e-05,-8.176338e-06,0.007271766,-6.35043e-05,-0.003784895,1.223
2024_02_12_12_35_44_859,0.4,0.0,146082.0,146081.0,60.0946,-9.208858e-06,0.135975,-3.478602e-07,0.009028823,-1.222883e-05,1.22,5.673538e-06,-0.0001036496,9.284849e-06,0.002622604,-2.258048e-05,-0.003869645,1.223
2024_02_12_12_35_44_896,0.4,0.0,146192.0,146191.0,60.13991,-9.204166e-06,0.135975,1.020711e-07,0.009028794,-1.442046e-05,1.22,-2.0254e-05,-7.261324e-05,-1.468666e-05,0.007510185,4.697972e-05,-0.01154654,1.223
2024_02_12_12_35_44_934,0.4,0.0,146305.0,146304.0,60.18644,-9.19519e-06,0.135975,-9.20457e-08,0.009028824,-1.627981e-05,1.22,1.704376e-06,-0.0001094675,9.500241e-07,0.0009536743,-0.0001159951,-9.220093e-05,1.223
2024_02_12_12_35_44_971,0.4,0.0,146415.0,146414.0,60.23175,-9.164222e-06,0.135975,-4.273077e-07,0.009028794,-1.592947e-05,1.22,1.20873e-06,-7.062182e-05,6.823541e-07,0.002503395,-4.423159e-05,0.007630325,1.223
2024_02_12_12_35_45_004,0.4,0.0,146516.0,146515.0,60.27338,-9.162497e-06,0.135975,-7.178451e-07,0.009028765,-1.97086e-05,1.22,2.166466e-05,-7.381021e-05,1.708131e-05,-0.001311302,-0.0002170389,0.003809109,1.223
2024_02_12_12_35_45_042,0.4,0.0,146626.0,146625.0,60.31869,-9.146891e-06,0.1359749,-4.334823e-07,0.009028675,-1.965229e-05,1.22,1.952621e-05,-3.058897e-05,1.692243e-05,0.0231266,-0.0001382702,-0.04951655,1.223
2024_02_12_12_35_45_076,0.4,0.0,146727.0,146727.0,60.36032,-9.134254e-06,0.135975,2.291084e-07,0.009028764,-1.813934e-05,1.22,-7.483049e-07,-7.835741e-05,-2.905632e-06,0.009655952,-1.178597e-05,-3.445894e-05,1.223
2024_02_12_12_35_45_109,0.4,0.0,146825.0,146825.0,60.40073,-9.133957e-06,0.1359749,4.262559e-07,0.009028614,-1.754814e-05,1.22,-2.321075e-05,1.534025e-05,1.643606e-05,0.0003576278,0.0002897725,0.003858469,1.223
2024_02_12_12_35_45_146,0.4,0.0,146935.0,146935.0,60.44604,-9.138446e-06,0.135975,1.742999e-07,0.009028765,-1.795199e-05,1.22,-2.246416e-05,-0.0001042736,-1.81474e-05,-0.00846386,0.000209678,0.01895986,1.223
2024_02_12_12_35_45_184,0.4,0.0,147048.0,147048.0,60.49257,-9.134146e-06,0.135975,-8.692516e-07,0.009028764,-2.014118e-05,1.22,2.152367e-05,-9.800282e-05,2.099872e-05,0.007033348,-7.99497e-06,-0.007716938,1.223
2024_02_12_12_35_45_222,0.4,0.0,147158.0,147158.0,60.53788,-9.115076e-06,0.135975,-1.29719e-06,0.009028646,-1.801866e-05,1.22,-1.253617e-07,-5.891664e-05,-8.663312e-07,0.007033348,-5.824435e-05,-0.01156051,1.223
2024_02_12_12_35_45_259,0.4,0.0,147271.0,147271.0,60.58441,-9.091651e-06,0.135975,-1.27393e-06,0.009028676,-1.905327e-05,1.22,1.247577e-06,-7.67951e-05,-1.910186e-06,0.001311302,3.418051e-05,-0.00781659,1.223
2024_02_12_12_35_45_297,0.4,0.0,147381.0,147381.0,60.62971,-9.066743e-06,0.1359749,-1.084752e-07,0.009028645,-1.964249e-05,1.22,4.941763e-08,-2.882653e-05,-1.028604e-06,0.005841255,9.108788e-06,-0.02281554,1.223
2024_02_12_12_35_45_333,0.4,0.0,147494.0,147494.0,60.67625,-9.059845e-06,0.1359749,-1.926069e-07,0.009028645,-2.114866e-05,1.22,-1.30507e-06,-3.529473e-05,-4.005743e-06,-0.01728535,-0.0001326472,0.003732741,1.223
2024_02_12_12_35_45_368,0.4,0.0,147592.0,147592.0,60.71666,-9.040426e-06,0.135975,-2.82338e-07,0.009028705,-2.006266e-05,1.22,-1.975362e-05,-9.139671e-05,-2.280312e-05,0.01168251,0.0002046225,-0.01538545,1.223
2024_02_12_12_35_45_405,0.4,0.0,147705.0,147705.0,60.76319,-9.028291e-06,0.135975,-6.050554e-07,0.009028676,-2.044265e-05,1.22,1.566069e-07,-5.025203e-05,8.967807e-08,0.004529953,3.937657e-06,0.007607042,1.223
2024_02_12_12_35_45_438,0.4,0.0,147803.0,147803.0,60.8036,-9.018436e-06,0.1359749,8.136667e-07,0.009028764,-2.107575e-05,1.22,1.998205e-06,-6.849023e-05,-1.2626e-06,-0.02479553,0.0004226711,0.03821962,1.223
2024_02_12_12_35_45_476,0.4,0.0,147913.0,147913.0,60.8489,-8.998737e-06,0.135975,-1.473614e-06,0.009028764,-2.117612e-05,1.22,1.095235e-06,-7.559596e-05,-4.793651e-06,0.0003576278,5.359755e-05,-0.00761915,1.223
2024_02_12_12_35_45_513,0.4,0.0,148026.0,148026.0,60.89544,-8.978724e-06,0.135975,1.990293e-08,0.009028824,-2.144786e-05,1.22,-2.239836e-05,-8.95313e-05,1.424384e-05,-0.01013279,0.0001299791,0.003666617,1.223
2024_02_12_12_35_45_546,0.4,0.0,148124.0,148124.0,60.93584,-8.982027e-06,0.135975,-4.156414e-08,0.009028824,-2.310484e-05,1.22,-1.265243e-06,-7.443243e-05,1.496096e-06,0.01728535,-0.0002020157,-0.01134816,1.223
2024_02_12_12_35_45_585,0.4,0.0,148237.0,148237.0,60.98238,-8.985869e-06,0.1359749,-9.394722e-09,0.009028706,-2.429032e-05,1.22,-6.96562e-07,-4.109172e-05,-1.268675e-06,-0.01823902,-7.150618e-05,0.01535006,1.223
2024_02_12_12_35_45_622,0.4,0.0,148347.0,148347.0,61.02768,-9.059487e-06,0.135975,3.402522e-06,0.009028826,-2.934174e-05,1.22,-1.125223e-05,-0.0001220226,8.750352e-06,-0.003218651,-0.0001074186,-0.003973022,1.223
2024_02_12_12_35_45_659,0.4,0.0,148460.0,148460.0,61.07421,-9.134951e-06,0.135975,3.966457e-07,0.009028826,-3.20484e-05,1.22,2.546356e-06,-9.78534e-05,-8.115943e-06,-0.01728535,5.440336e-05,-0.007888302,1.223
2024_02_12_12_35_45_697,0.4,0.0,148570.0,148570.0,61.11952,-9.144713e-06,0.1359749,-1.496582e-07,0.009028737,-3.365921e-05,1.22,4.508981e-06,-9.385304e-05,6.995027e-07,-0.01251697,5.077123e-05,0.01903065,1.223
2024_02_12_12_35_45_734,0.4,0.0,148683.0,148683.0,61.16605,-9.112701e-06,0.135975,3.296846e-08,0.009028795,-3.235937e-05,1.22,-1.378927e-05,-6.295598e-05,-1.913843e-05,-0.004291534,0.0001166392,-0.003799796,1.223
2024_02_12_12_35_45_771,0.4,0.0,148793.0,148793.0,61.21136,-9.09031e-06,0.1359749,-8.303308e-07,0.009028676,-3.41909e-05,1.22,5.333741e-06,-5.031106e-05,4.357165e-07,0.006794929,8.527661e-05,-0.0228472,1.223
2024_02_12_12_35_45_809,0.4,0.0,148906.0,148906.0,61.25789,-9.067317e-06,0.135975,-2.832561e-07,0.009028826,-3.522564e-05,1.22,3.82324e-06,-0.0001081313,1.185246e-07,-0.0003576278,9.958705e-05,-0.0115484,1.223
2024_02_12_12_35_45_846,0.4,0.0,149017.0,149016.0,61.3032,-9.057492e-06,0.135975,2.015252e-07,0.009028676,-3.408451e-05,1.22,-1.619809e-05,-8.097794e-05,-1.850954e-05,0.005960464,0.0001696532,-0.02681929,1.223
2024_02_12_12_35_45_885,0.4,0.0,149130.0,149129.0,61.34973,-9.04439e-06,0.135975,3.748805e-08,0.009028677,-3.565275e-05,1.22,5.411495e-06,-2.755276e-05,2.223252e-06,0.0001192093,0.0001224138,-0.007603317,1.223
2024_02_12_12_35_45_921,0.4,0.0,149240.0,149239.0,61.39504,-9.024573e-06,0.135975,1.093201e-07,0.009028826,-3.553153e-05,1.22,2.557681e-06,-9.611931e-05,6.105206e-06,-0.002861023,-0.0001668799,-0.007712282,1.223
2024_02_12_12_35_45_959,0.4,0.0,149353.0,149352.0,61.44157,-8.988793e-06,0.1359749,7.305292e-07,0.009028677,-3.381282e-05,1.22,-3.889846e-05,-5.552199e-05,-9.235714e-06,-0.01192093,7.580683e-05,0.03057532,1.223
2024_02_12_12_35_45_993,0.4,0.0,149451.0,149450.0,61.48198,-8.969579e-06,0.135975,-1.419191e-06,0.009028796,-3.386922e-05,1.22,-1.558497e-05,-0.000110607,-1.842708e-05,-0.003814697,7.613209e-05,0.02666283,1.223
2024_02_12_12_35_46_030,0.4,0.0,149564.0,149563.0,61.52851,-8.962293e-06,0.1359749,1.736536e-06,0.009028648,-3.629292e-05,1.22,-2.060634e-05,-1.532031e-05,-2.085343e-05,-0.004768372,0.0002027732,0.003953464,1.223
2024_02_12_12_35_46_067,0.4,0.0,149674.0,149673.0,61.57382,-8.957524e-06,0.1359749,-1.328002e-06,0.009028646,-3.740316e-05,1.22,4.046971e-06,-2.081922e-05,-9.901544e-07,-0.008225441,5.6065e-05,0.007633119,1.223
2024_02_12_12_35_46_104,0.4,0.0,149787.0,149786.0,61.62035,-8.936069e-06,0.1359749,-1.230041e-06,0.009028587,-3.855916e-05,1.22,3.963019e-06,5.607705e-06,-4.62322e-06,0.001549721,-1.554133e-05,-0.003796071,1.223
2024_02_12_12_35_46_142,0.4,0.0,149897.0,149896.0,61.66566,-8.910442e-06,0.135975,6.567169e-08,0.009028826,-3.896686e-05,1.22,2.689886e-05,-0.0001046158,2.69648e-05,0.001192093,-0.0001736882,2.700835e-05,1.223
2024_02_12_12_35_46_179,0.4,0.0,150010.0,150009.0,61.71219,-8.869783e-06,0.1359749,2.381516e-07,0.009028498,-3.6915e-05,1.22,-1.83083e-05,-2.757896e-06,-1.275417e-05,0.00989437,7.135264e-05,-0.01134537,1.223
2024_02_12_12_35_46_218,0.4,0.0,150120.0,150119.0,61.7575,-8.855741e-06,0.135975,7.309267e-07,0.009028765,-3.714124e-05,1.22,-9.202273e-07,-8.611417e-05,-3.763597e-06,0.004529953,-1.820968e-05,-0.003815628,1.223
2024_02_12_12_35_46_255,0.4,0.0,150233.0,150232.0,61.80403,-8.847452e-06,0.135975,-5.989616e-07,0.009028675,-3.663863e-05,1.22,2.192864e-06,-6.114109e-05,3.651119e-06,-0.00166893,0.000151062,0.007553957,1.223
2024_02_12_12_35_46_292,0.4,0.0,150343.0,150342.0,61.84933,-8.813636e-06,0.135975,-1.104121e-06,0.009028737,-3.703029e-05,1.22,5.074597e-06,-9.815329e-05,1.452323e-06,0.001311302,-7.553853e-05,-1.396984e-05,1.223
2024_02_12_12_35_46_330,0.4,0.0,150456.0,150455.0,61.89587,-8.786561e-06,0.135975,-1.296351e-06,0.009028617,-3.888796e-05,1.22,2.309501e-05,-7.320911e-05,1.474193e-05,0.01549721,-8.408818e-05,-0.01151021,1.223
2024_02_12_12_35_46_367,0.4,0.0,150566.0,150566.0,61.94117,-8.760249e-06,0.135975,2.061207e-07,0.009028826,-3.814496e-05,1.22,1.054117e-06,-9.457431e-05,6.315919e-07,-0.002145767,-0.0001875743,-0.007705763,1.223
2024_02_12_12_35_46_400,0.4,0.0,150664.0,150664.0,61.98158,-8.695193e-06,0.135975,-2.339453e-06,0.009028826,-3.285033e-05,1.22,-1.441673e-05,-0.0001135037,1.119531e-05,0.002145767,0.0001102117,0.003738329,1.223
2024_02_12_12_35_46_437,0.4,0.0,150777.0,150777.0,62.02811,-8.616667e-06,0.1359749,1.384647e-07,0.009028676,-3.166186e-05,1.22,-2.09802e-05,-4.547059e-05,-1.105388e-05,-0.00500679,9.175437e-06,-0.03057439,1.223
2024_02_12_12_35_46_471,0.4,0.0,150875.0,150875.0,62.06852,-8.561085e-06,0.135975,-1.782686e-06,0.009028824,-2.578244e-05,1.22,-1.378306e-05,-0.0001213159,-1.15084e-05,0.0,0.0001346019,0.01141336,1.223
2024_02_12_12_35_46_509,0.4,0.0,150988.0,150988.0,62.11506,-8.490889e-06,0.135975,-5.961151e-07,0.009028706,-2.483408e-05,1.22,-1.600197e-05,-0.000101285,-1.690763e-05,0.0218153,-9.047107e-05,-0.01917407,1.223
2024_02_12_12_35_46_543,0.4,0.0,151086.0,151086.0,62.15546,-8.454754e-06,0.135975,8.231173e-07,0.009028794,-2.396889e-05,1.22,-2.426954e-05,-0.0001104226,-1.756332e-05,-0.001311302,5.568253e-05,-7.078052e-05,1.223
2024_02_12_12_35_46_580,0.4,0.0,151196.0,151196.0,62.20077,-8.439089e-06,0.135975,-6.131249e-07,0.009028824,-2.523104e-05,1.22,-2.230445e-06,-8.850964e-05,-3.799813e-06,-0.01239777,2.675301e-05,-0.01166854,1.223
2024_02_12_12_35_46_614,0.4,0.0,151297.0,151297.0,62.2424,-8.413907e-06,0.1359749,9.87865e-07,0.009028646,-2.422912e-05,1.22,-1.758918e-06,-4.911199e-05,-6.840156e-07,0.008702278,2.422257e-05,-0.007530674,1.223
2024_02_12_12_35_46_650,0.4,0.0,151407.0,151407.0,62.28771,-8.407699e-06,0.1359749,9.805769e-07,0.009028646,-2.593588e-05,1.22,-4.018411e-06,-4.598961e-05,-5.273501e-06,-0.01835823,0.0001915296,0.007552094,1.223
2024_02_12_12_35_46_688,0.4,0.0,151520.0,151520.0,62.33424,-8.366756e-06,0.135975,1.799284e-08,0.009028794,-2.131696e-05,1.22,-1.062847e-06,-0.0001116833,-1.614514e-06,0.004768372,-5.236558e-05,-0.01533329,1.223
2024_02_12_12_35_46_721,0.4,0.0,151618.0,151618.0,62.37465,-8.368151e-06,0.1359749,2.771523e-07,0.009028706,-2.222627e-05,1.22,-4.123956e-06,-5.084429e-05,2.261948e-06,-0.004529953,6.594729e-05,0.01537241,1.223
2024_02_12_12_35_46_759,0.4,0.0,151731.0,151731.0,62.42118,-8.363441e-06,0.135975,1.183595e-07,0.009028826,-2.29557e-05,1.22,1.464859e-06,-9.859592e-05,-3.160522e-07,0.00166893,2.854585e-05,0.02688262,1.223
2024_02_12_12_35_46_796,0.4,0.0,151841.0,151841.0,62.46649,-8.33422e-06,0.1359749,7.813271e-07,0.009028706,-2.325287e-05,1.22,-1.656132e-06,-5.627162e-06,4.915705e-06,-0.000834465,8.704728e-05,0.01177471,1.223
2024_02_12_12_35_46_834,0.4,0.0,151954.0,151954.0,62.51302,-8.313415e-06,0.1359749,-2.468834e-07,0.009028614,-2.245959e-05,1.22,3.987342e-07,1.6565e-06,-2.626755e-06,-0.004887581,3.979028e-05,7.357448e-05,1.223
2024_02_12_12_35_46_868,0.4,0.0,152053.0,152052.0,62.55343,-8.316348e-06,0.135975,-1.843258e-07,0.009028644,-2.614791e-05,1.22,-2.219638e-06,-5.010151e-05,-3.236724e-06,0.007748603,8.847228e-05,-0.007714144,1.223
2024_02_12_12_35_46_904,0.4,0.0,152163.0,152162.0,62.59874,-8.304514e-06,0.1359749,-7.716852e-07,0.009028704,-2.554024e-05,1.22,2.017146e-07,-1.348278e-05,-7.851227e-06,-0.007629394,-0.0001275829,-0.003702007,1.223
2024_02_12_12_35_46_944,0.4,0.0,152276.0,152275.0,62.64527,-8.288077e-06,0.135975,-1.295558e-06,0.009028675,-2.66607e-05,1.22,1.717713e-06,-6.850319e-05,-4.843814e-07,0.01549721,-5.778253e-05,-0.02295151,1.223
2024_02_12_12_35_46_980,0.4,0.0,152386.0,152385.0,62.69058,-8.254301e-06,0.1359749,7.917727e-08,0.009028645,-2.734152e-05,1.22,7.09138e-07,-3.437697e-06,1.12947e-05,-0.008821487,-0.0003326791,0.04601013,1.223
2024_02_12_12_35_47_013,0.4,0.0,152487.0,152486.0,62.73221,-8.216096e-06,0.135975,-1.574681e-06,0.009028737,-2.652605e-05,1.22,-1.934752e-05,-8.409852e-05,2.492177e-06,0.004172325,0.0001528772,-5.308538e-05,1.223
2024_02_12_12_35_47_051,0.4,0.0,152597.0,152596.0,62.77752,-8.180822e-06,0.135975,-1.228962e-06,0.009028793,-2.617597e-05,1.22,2.562819e-06,-0.0001025278,1.604653e-07,0.002622604,-0.0001106417,0.007589347,1.223
2024_02_12_12_35_47_087,0.4,0.0,152710.0,152709.0,62.82405,-8.123207e-06,0.135975,-2.287182e-07,0.009028765,-2.568454e-05,1.22,5.160141e-08,-0.0001123864,-7.550315e-07,-0.003814697,-3.864909e-05,0.01518894,1.223
2024_02_12_12_35_47_125,0.4,0.0,152820.0,152820.0,62.86936,-8.087291e-06,0.135975,1.457314e-06,0.009028794,-2.366671e-05,1.22,1.82934e-05,-0.0001067754,-3.572022e-06,0.002980232,-0.0001777774,0.003783963,1.223
2024_02_12_12_35_47_163,0.4,0.0,152933.0,152933.0,62.91589,-8.08056e-06,0.135975,5.021437e-07,0.009028706,-2.640995e-05,1.22,-4.434539e-05,-3.763465e-05,-3.732952e-06,-0.004410744,0.000193308,0.007574446,1.223
2024_02_12_12_35_47_201,0.4,0.0,153043.0,153043.0,62.9612,-8.041524e-06,0.1359749,-9.540662e-08,0.009028646,-2.381212e-05,1.22,-3.283738e-06,-1.175405e-05,-5.013486e-06,-0.002264977,-0.0001029805,0.003924593,1.223
2024_02_12_12_35_47_234,0.4,0.0,153144.0,153144.0,63.00283,-8.027653e-06,0.1359749,-7.390008e-07,0.009028735,-2.421023e-05,1.22,1.92014e-05,-6.089418e-05,1.268788e-05,-0.009417534,-0.0001501163,-0.01916382,1.223
2024_02_12_12_35_47_271,0.4,0.0,153254.0,153254.0,63.04814,-8.007657e-06,0.135975,2.006939e-06,0.009028794,-2.325984e-05,1.22,-2.20064e-05,-8.429083e-05,-8.010024e-06,-0.0005960464,-5.805827e-05,0.00383798,1.223
2024_02_12_12_35_47_304,0.4,0.0,153352.0,153352.0,63.08855,-7.995294e-06,0.135975,1.280163e-06,0.009028794,-2.421529e-05,1.22,1.873771e-05,-0.0001155056,-9.983563e-06,0.001549721,-6.2389e-05,-0.0001043081,1.223
2024_02_12_12_35_47_342,0.4,0.0,153465.0,153465.0,63.13508,-7.969651e-06,0.135975,-6.800916e-07,0.009028824,-2.52897e-05,1.22,-2.161513e-05,-9.237563e-05,-2.505934e-05,0.0007152557,-4.386595e-05,2.048909e-05,1.223
2024_02_12_12_35_47_380,0.4,0.0,153575.0,153575.0,63.18039,-7.966531e-06,0.135975,-1.504948e-06,0.009028794,-2.770136e-05,1.22,3.963745e-07,-0.0001137115,3.984618e-06,0.0001192093,2.938691e-05,-0.0001052394,1.223
2024_02_12_12_35_47_417,0.4,0.0,153688.0,153688.0,63.22692,-7.963642e-06,0.1359749,-6.949873e-07,0.009028586,-3.136046e-05,1.22,1.819202e-05,3.743982e-06,-1.393808e-05,-0.005722045,-5.163502e-05,-4.749745e-05,1.223
2024_02_12_12_35_47_454,0.4,0.0,153798.0,153798.0,63.27222,-7.947243e-06,0.135975,-2.992261e-07,0.009028795,-3.096013e-05,1.22,-2.535483e-07,-7.367326e-05,9.10453e-07,0.009179115,1.639768e-05,-4.656613e-06,1.223
2024_02_12_12_35_47_491,0.4,0.0,153911.0,153911.0,63.31876,-7.920929e-06,0.1359749,-1.223325e-06,0.009028615,-3.102266e-05,1.22,-3.328658e-07,-1.535761e-05,5.628246e-06,0.004291534,-0.0001241646,-0.01530722,1.223
2024_02_12_12_35_47_526,0.4,0.0,154009.0,154009.0,63.35917,-7.879063e-06,0.135975,4.233643e-07,0.009028795,-2.908505e-05,1.22,2.749613e-06,-0.0001123096,-1.49752e-06,-0.001072884,0.0001534842,-0.0115633,1.223
2024_02_12_12_35_47_562,0.4,0.0,154122.0,154122.0,63.4057,-7.837568e-06,0.135975,-8.77447e-08,0.009028706,-2.867131e-05,1.22,2.66969e-06,-9.123241e-05,-2.882577e-06,-0.002145767,-0.0001326154,-0.003834255,1.223
2024_02_12_12_35_47_600,0.4,0.0,154232.0,154232.0,63.451,-7.794796e-06,0.1359749,-1.394743e-06,0.009028735,-2.720727e-05,1.22,3.008647e-06,-0.0001001521,-3.521441e-06,-0.002622604,-0.0001766802,-0.0001238659,1.223
2024_02_12_12_35_47_638,0.4,0.0,154345.0,154345.0,63.49754,-7.736523e-06,0.1359749,-6.664228e-08,0.009028737,-2.44123e-05,1.22,2.624604e-08,-5.534957e-05,-1.953947e-07,-0.007748603,-3.735999e-05,0.04609767,1.223
2024_02_12_12_35_47_671,0.4,0.0,154443.0,154443.0,63.53794,-7.705547e-06,0.135975,-8.895508e-07,0.009028766,-2.306781e-05,1.22,-2.856935e-06,-2.680681e-05,-1.956302e-06,0.006914138,7.396736e-05,-0.01507252,1.223
2024_02_12_12_35_47_709,0.4,0.0,154553.0,154553.0,63.58325,-7.677773e-06,0.1359749,-5.847246e-08,0.00902924,-2.297067e-05,1.22,-2.557474e-06,-5.354173e-05,-6.473638e-06,0.001072884,0.000134104,0.0003678724,1.223
2024_02_12_12_35_47_746,0.4,0.0,154666.0,154666.0,63.62978,-7.630187e-06,0.1359751,1.744175e-07,0.0090293,-2.069509e-05,1.22,-2.039073e-06,-7.17118e-05,1.319485e-06,0.01001358,2.186789e-05,-0.007526949,1.223
2024_02_12_12_35_47_789,0.4,0.0,154791.0,154791.0,63.68121,-7.636605e-06,0.1359751,1.729889e-06,0.009029242,-2.414239e-05,1.22,-5.889225e-06,-7.811225e-05,-1.456172e-06,-0.02002716,-0.0002444223,0.03439002,1.223
2024_02_12_12_35_47_821,0.4,0.0,154889.0,154889.0,63.72162,-7.629518e-06,0.1359751,2.21542e-06,0.009029303,-2.417355e-05,1.22,-1.628256e-06,-5.359696e-05,1.091663e-05,0.002503395,-0.0002236141,-0.01126807,1.223
2024_02_12_12_35_47_858,0.4,0.0,154999.0,154999.0,63.76706,-7.621884e-06,0.1359751,1.789898e-06,0.00902924,-2.594807e-05,1.22,-4.365212e-05,-4.765967e-05,-6.973201e-06,-0.01275539,0.0001011969,0.01914334,1.223
2024_02_12_12_35_47_901,0.4,0.0,155124.0,155124.0,63.8184,-7.586016e-06,0.1359751,-4.254393e-07,0.00902942,-2.830347e-05,1.22,1.13356e-06,-1.828417e-05,2.277714e-05,0.008702278,3.940147e-05,-0.0150362,1.223
2024_02_12_12_35_47_938,0.4,0.0,155237.0,155237.0,63.86478,-7.539164e-06,0.1359751,-8.454764e-07,0.009029004,-2.674038e-05,1.22,2.088362e-05,2.658959e-05,1.599964e-05,0.006318092,-0.0002852539,-0.02295617,1.223
2024_02_12_12_35_47_971,0.4,0.0,155335.0,155335.0,63.90507,-7.504166e-06,0.1359751,-5.930789e-07,0.009029002,-2.582292e-05,1.22,2.031524e-05,2.401655e-05,2.325881e-05,-0.01680851,7.378446e-05,0.0458816,1.223
2024_02_12_12_35_48_009,0.4,0.0,155445.0,155445.0,63.95023,-7.4735e-06,0.135975,-4.617136e-07,0.009028764,-2.456667e-05,1.22,-8.936212e-07,-1.498024e-05,9.846334e-07,0.00166893,1.032532e-05,-0.0001247972,1.223
2024_02_12_12_35_48_042,0.4,0.0,155547.0,155546.0,63.99174,-7.464705e-06,0.1359749,-1.072781e-06,0.009028764,-2.533233e-05,1.22,2.243144e-05,-3.16536e-05,1.699975e-05,-0.007748603,-0.0001946515,-0.003729015,1.223
2024_02_12_12_35_48_079,0.4,0.0,155657.0,155656.0,64.0369,-7.448068e-06,0.1359751,-5.219965e-07,0.009028794,-2.702324e-05,1.22,1.913258e-05,-0.0001054892,1.57697e-05,0.005602836,1.215454e-06,-0.003951602,1.223
2024_02_12_12_35_48_113,0.4,0.0,155758.0,155757.0,64.07841,-7.423715e-06,0.1359749,5.787736e-07,0.009028316,-2.615114e-05,1.22,-2.906764e-06,-3.350995e-06,-7.437925e-07,0.0005960464,-0.0001401948,-0.0001788139,1.223
2024_02_12_12_35_48_151,0.4,0.0,155868.0,155867.0,64.12357,-7.384062e-06,0.1359748,-9.271016e-07,0.009028616,-2.386006e-05,1.22,1.387922e-06,1.046054e-05,-1.735796e-06,-0.02229214,0.0001645348,0.03852975,1.223
2024_02_12_12_35_48_188,0.4,0.0,155981.0,155980.0,64.16996,-7.347851e-06,0.1359749,4.889595e-07,0.009028766,-2.268139e-05,1.22,1.438212e-07,-3.050246e-05,2.28128e-07,0.002264977,-8.450155e-05,0.007758848,1.223
2024_02_12_12_35_48_226,0.4,0.0,156091.0,156091.0,64.21513,-7.32033e-06,0.1359751,-6.283047e-07,0.009028527,-2.203776e-05,1.22,-1.632221e-06,-1.259986e-05,1.38322e-06,0.002503395,-5.706763e-05,0.003649853,1.223
2024_02_12_12_35_48_263,0.4,0.0,156204.0,156204.0,64.26151,-7.274999e-06,0.135975,-4.476499e-07,0.009028348,-1.734281e-05,1.22,-1.008846e-06,-2.086726e-05,2.487802e-07,-0.008583069,-8.624138e-05,0.03416091,1.223
2024_02_12_12_35_48_300,0.4,0.0,156314.0,156314.0,64.30668,-7.252239e-06,0.1359749,8.292478e-07,0.009028527,-1.748629e-05,1.22,3.984095e-07,-4.113153e-05,-2.356018e-05,-0.0180006,-7.152914e-05,0.05359016,1.223
2024_02_12_12_35_48_338,0.4,0.0,156427.0,156427.0,64.35307,-7.222023e-06,0.135975,2.180236e-06,0.009028645,-1.557752e-05,1.22,-1.957532e-05,-0.0001090542,-1.898438e-05,-0.004649162,-1.401708e-05,0.003670342,1.223
2024_02_12_12_35_48_376,0.4,0.0,156537.0,156537.0,64.39823,-7.211907e-06,0.1359749,7.461536e-07,0.009028408,-1.746999e-05,1.22,-2.158331e-05,-1.946061e-05,-1.52128e-05,0.005960464,0.000175158,-0.003864988,1.223
2024_02_12_12_35_48_408,0.4,0.0,156635.0,156635.0,64.43851,-7.177871e-06,0.1359749,-5.626466e-07,0.009028408,-1.571247e-05,1.22,-4.154917e-07,-4.164463e-05,-5.707499e-06,-0.002861023,0.0002525353,-0.007713213,1.223
2024_02_12_12_35_48_446,0.4,0.0,156748.0,156748.0,64.4849,-7.155295e-06,0.1359749,1.030986e-07,0.009028497,-1.557856e-05,1.22,-4.165649e-05,-6.571596e-05,-7.892839e-06,-0.0004768371,7.573794e-05,-0.01923181,1.223
2024_02_12_12_35_48_484,0.4,0.0,156858.0,156858.0,64.53007,-7.150465e-06,0.1359749,2.845324e-06,0.009028497,-1.558953e-05,1.22,-5.147599e-06,-4.728028e-05,-1.882128e-06,0.02503395,-0.0001210169,-0.05353707,1.223
2024_02_12_12_35_48_521,0.4,0.0,156971.0,156971.0,64.57645,-7.17605e-06,0.135975,-4.299997e-08,0.009028557,-1.912942e-05,1.22,-1.457317e-07,-1.308024e-05,3.38273e-07,0.0002384186,7.336097e-06,-4.936009e-05,1.223
2024_02_12_12_35_48_558,0.4,0.0,157081.0,157081.0,64.62162,-7.186298e-06,0.135975,1.615824e-06,0.009028408,-2.069192e-05,1.22,-3.3163e-06,7.713302e-07,8.986679e-06,0.0009536743,-0.0001391655,-0.0001033768,1.223
2024_02_12_12_35_48_596,0.4,0.0,157194.0,157194.0,64.66801,-7.233581e-06,0.1359748,1.773534e-07,0.009028525,-2.526415e-05,1.22,-1.394744e-06,-2.268254e-05,6.595259e-07,0.007390975,-1.669719e-05,-0.01506507,1.223
2024_02_12_12_35_48_634,0.4,0.0,157304.0,157304.0,64.71317,-7.217799e-06,0.1359749,-4.645763e-07,0.009028676,-2.400055e-05,1.22,4.394194e-06,-2.410408e-05,6.759777e-07,0.01704693,-7.024158e-05,-0.00724662,1.223
2024_02_12_12_35_48_667,0.4,0.0,157405.0,157405.0,64.75468,-7.177237e-06,0.135975,-1.655133e-06,0.009028795,-2.403094e-05,1.22,6.460621e-06,-9.372765e-06,-3.986818e-06,0.00989437,7.694427e-05,-0.01901761,1.223
2024_02_12_12_35_48_704,0.4,0.0,157515.0,157515.0,64.79984,-7.128817e-06,0.135975,-2.150206e-06,0.009028885,-2.454344e-05,1.22,4.308832e-05,9.702917e-06,6.436188e-06,0.01370907,-5.920518e-05,-0.01510139,1.223
2024_02_12_12_35_48_742,0.4,0.0,157628.0,157628.0,64.84623,-7.088873e-06,0.1359751,-1.450293e-06,0.009029153,-2.270432e-05,1.22,1.1716e-06,3.198692e-06,4.703132e-07,-0.02169609,7.525596e-05,0.05353894,1.223
2024_02_12_12_35_48_776,0.4,0.0,157726.0,157726.0,64.88651,-7.062634e-06,0.135975,-5.509605e-07,0.00902927,-2.300291e-05,1.22,2.378276e-06,-3.855506e-05,-2.036319e-07,-0.00500679,-2.826755e-05,0.01544598,1.223
2024_02_12_12_35_48_813,0.4,0.0,157839.0,157839.0,64.9329,-7.035715e-06,0.135975,2.248621e-07,0.009029302,-2.452688e-05,1.22,2.556113e-05,-2.047567e-05,-5.502566e-06,0.007510185,-1.516014e-06,-0.01882762,1.223
2024_02_12_12_35_48_850,0.4,0.0,157949.0,157949.0,64.97807,-6.998803e-06,0.1359752,-1.207686e-06,0.009029361,-2.418567e-05,1.22,3.358829e-08,-2.235759e-05,4.012127e-06,-0.009655952,-0.0001125546,0.02676807,1.223
2024_02_12_12_35_48_888,0.4,0.0,158059.0,158059.0,65.02323,-6.978355e-06,0.1359752,5.681014e-07,0.009029034,-2.634296e-05,1.22,2.155978e-06,6.617251e-05,3.864505e-06,-0.008821487,0.000167719,-0.0191424,1.223
2024_02_12_12_35_48_926,0.4,0.0,158172.0,158172.0,65.06962,-6.979353e-06,0.135975,-7.381532e-07,0.009029301,-3.03001e-05,1.22,2.006389e-05,-4.758139e-05,1.795322e-05,-0.006318092,-2.498018e-05,-0.01900829,1.223
2024_02_12_12_35_48_959,0.4,0.0,158270.0,158270.0,65.1099,-6.971538e-06,0.1359751,-1.611661e-07,0.00902936,-3.024997e-05,1.22,2.011177e-05,-1.474128e-05,-1.081706e-05,0.003576278,3.706674e-05,0.004018657,1.223
2024_02_12_12_35_48_992,0.4,0.0,158372.0,158371.0,65.15141,-6.980317e-06,0.1359752,1.951736e-07,0.009029333,-3.211851e-05,1.22,-1.959412e-06,-5.52598e-06,-2.948541e-06,0.001907349,6.997436e-05,-0.015378,1.223
2024_02_12_12_35_49_030,0.4,0.0,158482.0,158481.0,65.19657,-6.978602e-06,0.1359751,2.346376e-06,0.009028975,-3.182698e-05,1.22,8.948718e-08,2.378001e-05,1.917986e-06,0.009059906,0.0001047,-0.01904555,1.223
2024_02_12_12_35_49_064,0.4,0.0,158580.0,158579.0,65.23685,-6.952114e-06,0.135975,-1.903568e-07,0.009029004,-3.103802e-05,1.22,2.602008e-05,2.0879e-05,-5.359974e-06,-0.001192093,0.0001620638,-0.01135841,1.223
2024_02_12_12_35_49_100,0.4,0.0,158693.0,158692.0,65.28324,-6.926261e-06,0.1359751,-5.907384e-07,0.009029093,-3.36612e-05,1.22,2.73392e-06,7.923607e-06,-4.300408e-07,-0.01060963,-5.687184e-05,0.01529418,1.223
2024_02_12_12_35_49_134,0.4,0.0,158791.0,158791.0,65.32352,-6.904096e-06,0.1359751,-1.779203e-06,0.009029004,-3.479882e-05,1.22,-1.005473e-07,3.807056e-06,4.620491e-07,0.003218651,-0.0001902152,-0.0154553,1.223
2024_02_12_12_35_49_171,0.4,0.0,158904.0,158904.0,65.36991,-6.864393e-06,0.1359751,-7.954146e-07,0.009028945,-3.444337e-05,1.22,1.481856e-06,-2.258544e-05,4.386268e-06,0.0005960464,3.546165e-05,-0.0001173466,1.223
2024_02_12_12_35_49_205,0.4,0.0,159002.0,159002.0,65.41019,-6.858224e-06,0.1359751,1.946002e-07,0.009029035,-3.658669e-05,1.22,-1.894214e-07,-0.0001067838,1.519542e-06,-0.01001358,-0.0001358856,0.02295617,1.223
2024_02_12_12_35_49_242,0.4,0.0,159115.0,159115.0,65.45658,-6.826585e-06,0.135975,-1.616307e-06,0.009028766,-3.773214e-05,1.22,4.210835e-06,-5.498219e-05,2.304026e-06,0.004649162,-6.003472e-05,0.007702037,1.223
2024_02_12_12_35_49_279,0.4,0.0,159225.0,159225.0,65.50175,-6.792137e-06,0.1359749,-7.936706e-07,0.009028615,-3.75675e-05,1.22,2.141484e-05,-2.844023e-05,1.741796e-05,-0.008940697,-0.0001068557,0.01136493,1.223
2024_02_12_12_35_49_312,0.4,0.0,159323.0,159323.0,65.54203,-6.739735e-06,0.135975,-6.842898e-07,0.009028349,-3.725685e-05,1.22,6.734868e-06,-2.717901e-05,-5.951115e-06,-0.00500679,-0.0002728277,0.03032014,1.223
2024_02_12_12_35_49_351,0.4,0.0,159436.0,159436.0,65.58842,-6.697635e-06,0.135975,4.192962e-07,0.00902823,-3.603706e-05,1.22,-2.28795e-05,-5.40799e-05,6.052114e-07,0.01096725,-1.161302e-05,-0.0002039596,1.223
2024_02_12_12_35_49_387,0.4,0.0,159546.0,159546.0,65.63358,-6.674165e-06,0.1359749,3.475801e-07,0.009028645,-3.631503e-05,1.22,-2.315318e-05,-3.364526e-05,1.384655e-05,-0.00846386,-0.0001161661,-0.007540918,1.223
2024_02_12_12_35_49_425,0.4,0.0,159659.0,159659.0,65.67997,-6.65571e-06,0.135975,-7.435778e-09,0.009028737,-3.636916e-05,1.22,6.876429e-07,-3.954271e-06,2.010953e-06,0.002264977,-5.686439e-05,0.01545623,1.223
2024_02_12_12_35_49_463,0.4,0.0,159769.0,159769.0,65.72514,-6.648042e-06,0.135975,-6.475462e-07,0.009028378,-4.043002e-05,1.22,4.21956e-05,-8.152784e-06,3.085612e-06,-0.001072884,-0.0001481638,0.0112066,1.223
2024_02_12_12_35_49_496,0.4,0.0,159870.0,159870.0,65.76664,-6.622925e-06,0.1359749,-6.835788e-07,0.009028198,-3.917785e-05,1.22,-1.824849e-05,-2.142346e-05,-1.827954e-05,0.003814697,5.075514e-05,-0.004043803,1.223
2024_02_12_12_35_49_534,0.4,0.0,159980.0,159980.0,65.81181,-6.606014e-06,0.1359749,1.753621e-06,0.009028556,-4.17432e-05,1.22,-2.178792e-05,-9.584262e-05,-1.402044e-05,0.00333786,-4.261096e-06,-0.05740486,1.223
2024_02_12_12_35_49_567,0.4,0.0,160081.0,160081.0,65.85331,-6.600868e-06,0.1359749,4.270222e-07,0.009028648,-4.402039e-05,1.22,3.428662e-06,-5.830337e-05,-4.452536e-06,-0.001907349,0.0002049976,-0.01903251,1.223
2024_02_12_12_35_49_601,0.4,0.0,160180.0,160179.0,65.89359,-6.549066e-06,0.135975,-9.058299e-07,0.009028855,-4.274157e-05,1.22,2.340902e-06,-8.92824e-05,6.710359e-07,0.002622604,-5.592346e-05,-0.01531187,1.223
2024_02_12_12_35_49_637,0.4,0.0,160290.0,160289.0,65.93876,-6.534839e-06,0.135975,5.269562e-07,0.009028856,-4.492291e-05,1.22,2.888127e-07,-2.928175e-05,-1.457908e-07,0.003933907,9.672271e-05,-0.03820378,1.223
2024_02_12_12_35_49_675,0.4,0.0,160403.0,160402.0,65.98515,-6.488694e-06,0.1359751,-3.28778e-06,0.009028915,-4.215701e-05,1.22,5.739683e-06,-1.971694e-05,-3.496753e-06,-0.01692772,0.0002622233,0.03816746,1.223
2024_02_12_12_35_49_708,0.4,0.0,160501.0,160500.0,66.02543,-6.457387e-06,0.135975,-1.25622e-06,0.009028737,-4.320339e-05,1.22,2.182061e-05,-8.541837e-05,1.056216e-05,0.009655952,0.0001099502,-0.007696449,1.223
2024_02_12_12_35_49_741,0.4,0.0,160602.0,160602.0,66.06693,-6.363833e-06,0.135975,-2.047689e-06,0.009028497,-3.665018e-05,1.22,7.509923e-06,-8.373142e-05,-2.447842e-05,0.02741813,-7.653443e-05,-0.05377363,1.223
2024_02_12_12_35_49_779,0.4,0.0,160712.0,160712.0,66.1121,-6.298322e-06,0.135975,7.342604e-07,0.009028557,-3.672684e-05,1.22,-2.870086e-07,-2.908226e-05,1.32332e-06,0.01120567,5.305582e-05,-7.078052e-05,1.223
2024_02_12_12_35_49_816,0.4,0.0,160825.0,160825.0,66.15849,-6.289556e-06,0.1359749,2.536285e-06,0.009028468,-3.89357e-05,1.22,-1.925649e-06,-7.931924e-06,8.353941e-06,0.007033348,1.543924e-05,-0.02651475,1.223
2024_02_12_12_35_49_855,0.4,0.0,160935.0,160935.0,66.20365,-6.297986e-06,0.1359749,1.020795e-06,0.009028586,-4.219174e-05,1.22,-2.711852e-06,-5.73087e-05,-1.344993e-07,-0.02169609,0.0001654367,8.381903e-06,1.223
2024_02_12_12_35_49_892,0.4,0.0,161048.0,161048.0,66.25004,-6.299527e-06,0.135975,1.530994e-06,0.009028737,-4.654674e-05,1.22,1.888787e-05,-5.890244e-05,-1.009919e-05,-0.002741813,-9.116581e-05,0.0114413,1.223
2024_02_12_12_35_49_929,0.4,0.0,161158.0,161158.0,66.2952,-6.291732e-06,0.135975,-2.128568e-06,0.009028527,-4.865603e-05,1.22,4.220254e-05,-2.690817e-05,8.705445e-06,0.003576278,-6.007411e-05,-0.000141561,1.223
2024_02_12_12_35_49_967,0.4,0.0,161271.0,161271.0,66.34159,-6.24839e-06,0.135975,-1.110109e-06,0.009028438,-4.777763e-05,1.22,3.799546e-06,-3.057097e-05,-2.036879e-07,0.002145767,2.379283e-05,-9.965151e-05,1.223
2024_02_12_12_35_50_000,0.4,0.0,161369.0,161369.0,66.38187,-6.218236e-06,0.1359749,-8.766712e-07,0.009028646,-4.962756e-05,1.22,2.888614e-06,-6.68941e-05,-5.335663e-06,-0.007033348,0.0002032837,0.03060791,1.223
2024_02_12_12_35_50_039,0.4,0.0,161479.0,161479.0,66.42704,-6.168208e-06,0.135975,-1.515416e-06,0.009028795,-5.0059e-05,1.22,1.58855e-06,-5.738274e-05,-4.066671e-06,0.01990795,0.0001559902,-0.05336571,1.223
2024_02_12_12_35_50_075,0.4,0.0,161592.0,161592.0,66.47343,-6.114706e-06,0.135975,-1.149442e-06,0.009028468,-4.836396e-05,1.22,5.802031e-06,-1.795052e-05,-1.650312e-06,-0.00333786,1.534772e-06,0.01500267,1.223
2024_02_12_12_35_50_109,0.4,0.0,161690.0,161690.0,66.51371,-6.061834e-06,0.135975,-1.371684e-06,0.009028317,-5.059029e-05,1.22,2.227181e-06,-5.304139e-05,-3.660969e-08,0.003099441,-0.0001019464,0.003473833,1.223
2024_02_12_12_35_50_146,0.4,0.0,161803.0,161803.0,66.5601,-6.009904e-06,0.1359749,-7.491641e-07,0.009028617,-5.148796e-05,1.22,1.845397e-06,-2.145785e-06,-2.716922e-06,-0.002980232,0.0002849548,0.02328772,1.223
2024_02_12_12_35_50_184,0.4,0.0,161913.0,161913.0,66.60526,-5.931014e-06,0.1359749,-6.585564e-08,0.009028706,-4.72785e-05,1.22,7.243831e-07,3.610869e-06,-2.696181e-07,0.01490116,-3.814421e-05,-0.01494866,1.223
2024_02_12_12_35_50_221,0.4,0.0,162026.0,162026.0,66.65165,-5.883981e-06,0.1359751,1.311818e-07,0.009028915,-4.712585e-05,1.22,-3.774596e-06,-2.681301e-06,1.049681e-05,-0.008225441,-0.0001688921,0.03436673,1.223
2024_02_12_12_35_50_258,0.4,0.0,162136.0,162136.0,66.69682,-5.854747e-06,0.1359751,4.551042e-07,0.009028944,-4.957235e-05,1.22,-8.478039e-08,2.148082e-05,1.375796e-06,0.00667572,5.290587e-05,0.01551956,1.223
2024_02_12_12_35_50_296,0.4,0.0,162249.0,162249.0,66.7432,-5.802643e-06,0.135975,-6.134804e-07,0.009028945,-4.673318e-05,1.22,-5.650652e-08,-1.158223e-05,-1.547072e-06,-0.01645088,0.000182497,0.01526996,1.223
2024_02_12_12_35_50_333,0.4,0.0,162359.0,162359.0,66.78837,-5.759298e-06,0.135975,2.141689e-07,0.009028765,-4.513527e-05,1.22,-1.585586e-06,-5.095119e-06,-2.482289e-07,-0.01835823,-5.91653e-05,0.04573445,1.223
2024_02_12_12_35_50_368,0.4,0.0,162457.0,162457.0,66.82865,-5.742711e-06,0.1359751,9.592513e-07,0.009028558,-4.769826e-05,1.22,-3.289387e-06,-7.139538e-06,4.944312e-06,0.0009536743,-0.000202714,-0.0002356246,1.223
2024_02_12_12_35_50_404,0.4,0.0,162570.0,162570.0,66.87504,-5.731427e-06,0.135975,-5.193928e-07,0.009028348,-4.671858e-05,1.22,-1.688459e-07,-2.755862e-05,2.583243e-06,0.00333786,-0.0001285626,0.003565103,1.223
2024_02_12_12_35_50_437,0.4,0.0,162668.0,162668.0,66.91532,-5.666528e-06,0.1359748,1.924617e-07,0.009028526,-4.47735e-05,1.22,3.198276e-06,-1.113235e-05,1.104279e-06,-0.009059906,-0.0001729619,-0.003603287,1.223
2024_02_12_12_35_50_475,0.4,0.0,162781.0,162781.0,66.96171,-5.629346e-06,0.135975,3.637296e-07,0.009028646,-4.608176e-05,1.22,-2.165659e-05,-7.760706e-05,4.913917e-06,0.005245208,0.0002383136,-0.0115037,1.223
2024_02_12_12_35_50_512,0.4,0.0,162891.0,162891.0,67.00687,-5.592143e-06,0.135975,1.270289e-07,0.009028498,-4.610867e-05,1.22,3.79869e-07,-9.891319e-07,4.094494e-06,-0.002741813,-0.0002088091,-0.0001564622,1.223
2024_02_12_12_35_50_548,0.4,0.0,162993.0,162992.0,67.04838,-5.545635e-06,0.135975,-1.476165e-06,0.009028527,-4.639856e-05,1.22,1.127966e-06,-5.236617e-06,-2.544263e-06,0.005245208,2.501383e-05,-0.01548417,1.223
2024_02_12_12_35_50_584,0.4,0.0,163103.0,163102.0,67.09354,-5.465815e-06,0.1359749,-1.212794e-06,0.009028616,-4.374264e-05,1.22,-1.839133e-05,7.167005e-06,8.696551e-06,-0.01180172,0.0001907465,0.01162011,1.223
2024_02_12_12_35_50_621,0.4,0.0,163216.0,163215.0,67.13993,-5.386255e-06,0.135975,4.135694e-08,0.009028707,-4.125985e-05,1.22,-1.916951e-07,-3.589656e-05,2.064611e-06,0.01001358,-0.0001671183,-0.03046449,1.223
2024_02_12_12_35_50_658,0.4,0.0,163326.0,163325.0,67.1851,-5.325765e-06,0.1359749,1.090795e-06,0.009028737,-3.873629e-05,1.22,-2.729722e-06,-3.653253e-05,-6.825787e-07,-0.02074241,-4.680168e-05,0.049741,1.223
2024_02_12_12_35_50_697,0.4,0.0,163439.0,163438.0,67.23148,-5.312905e-06,0.135975,-7.924042e-07,0.009028943,-3.913249e-05,1.22,1.655943e-05,-4.402636e-05,-1.24736e-05,-0.0004768371,6.632308e-05,-0.003778375,1.223
2024_02_12_12_35_50_733,0.4,0.0,163549.0,163548.0,67.27665,-5.2891e-06,0.1359752,-9.101767e-07,0.009029033,-4.324184e-05,1.22,2.03234e-05,-1.617553e-05,1.964177e-05,-0.01144409,-0.0002823384,0.03063585,1.223
2024_02_12_12_35_50_771,0.4,0.0,163662.0,163661.0,67.32304,-5.232218e-06,0.1359751,-1.156903e-06,0.009029062,-4.114852e-05,1.22,4.27e-07,-7.09158e-06,-1.056832e-05,0.01215935,4.384009e-05,-0.01118705,1.223
2024_02_12_12_35_50_808,0.4,0.0,163772.0,163771.0,67.3682,-5.179504e-06,0.135975,8.038782e-07,0.009029005,-3.70025e-05,1.22,1.627973e-05,-3.643263e-05,-1.113825e-05,-0.01227856,-6.210485e-05,0.02674665,1.223
2024_02_12_12_35_50_842,0.4,0.0,163870.0,163870.0,67.40849,-5.174728e-06,0.1359751,-5.682768e-07,0.009028973,-3.967509e-05,1.22,-8.918855e-07,1.110629e-05,7.440142e-07,0.01466274,1.349099e-05,-0.04586484,1.223
2024_02_12_12_35_50_880,0.4,0.0,163983.0,163983.0,67.45487,-5.114786e-06,0.1359751,-1.23086e-06,0.009028975,-3.679991e-05,1.22,-5.736496e-08,2.397233e-05,2.092065e-06,-0.01633167,2.742541e-05,0.0458369,1.223
2024_02_12_12_35_50_916,0.4,0.0,164093.0,164093.0,67.50004,-5.070901e-06,0.135975,2.155718e-06,0.009029033,-3.661369e-05,1.22,-2.192918e-05,-1.892522e-05,1.197057e-05,0.009059906,-3.941665e-05,-0.0495892,1.223
2024_02_12_12_35_50_950,0.4,0.0,164194.0,164194.0,67.54154,-5.037461e-06,0.1359751,1.730931e-07,0.009029063,-3.479419e-05,1.22,1.892221e-05,-1.143786e-05,-1.031234e-05,-0.007271766,-8.83669e-05,0.04969257,1.223
2024_02_12_12_35_50_987,0.4,0.0,164304.0,164304.0,67.58671,-5.033645e-06,0.1359751,8.131409e-07,0.009029004,-3.859829e-05,1.22,-4.089455e-06,-7.87192e-06,-7.823283e-06,-0.01323223,4.304815e-05,0.01916569,1.223
2024_02_12_12_35_51_024,0.4,0.0,164417.0,164417.0,67.63309,-5.027198e-06,0.1359751,1.134386e-06,0.009028945,-4.006845e-05,1.22,-4.41634e-06,1.913695e-06,3.160704e-06,0.010252,-9.262578e-05,-0.007558614,1.223
2024_02_12_12_35_51_062,0.4,0.0,164527.0,164527.0,67.67826,-5.020497e-06,0.1359751,1.840261e-06,0.009028885,-4.115751e-05,1.22,-2.092431e-05,-2.272051e-05,1.225092e-05,-0.005245208,3.537065e-05,0.01896359,1.223
2024_02_12_12_35_51_099,0.4,0.0,164640.0,164640.0,67.72465,-5.019119e-06,0.135975,-6.168609e-07,0.009028765,-4.281947e-05,1.22,-2.39522e-06,-5.720033e-05,-7.71953e-06,0.006079673,8.353493e-05,-0.003789551,1.223
2024_02_12_12_35_51_133,0.4,0.0,164738.0,164738.0,67.76493,-4.987069e-06,0.1359751,-1.11126e-06,0.009028497,-4.299929e-05,1.22,-1.689065e-05,-1.039395e-05,-1.588273e-05,0.004410744,0.000204489,-0.004056841,1.223
2024_02_12_12_35_51_170,0.4,0.0,164851.0,164851.0,67.81132,-4.953141e-06,0.1359749,3.257258e-07,0.009028317,-4.383575e-05,1.22,2.556082e-06,-4.669048e-05,-3.906448e-06,-0.009655952,0.000164136,-0.01179241,1.223
2024_02_12_12_35_51_208,0.4,0.0,164961.0,164961.0,67.85648,-4.903969e-06,0.1359748,-6.139745e-07,0.009028497,-4.379746e-05,1.22,2.632075e-06,-3.111526e-05,2.289446e-07,0.01049042,-8.011705e-05,-0.007317401,1.223
2024_02_12_12_35_51_241,0.4,0.0,165059.0,165059.0,67.89677,-4.852807e-06,0.135975,-8.678128e-08,0.009028706,-4.40644e-05,1.22,4.640239e-06,-7.847568e-05,1.931147e-06,0.00846386,-0.0002872063,-0.02287701,1.223
2024_02_12_12_35_51_279,0.4,0.0,165172.0,165172.0,67.94315,-4.80517e-06,0.135975,-5.100711e-07,0.009028586,-4.502181e-05,1.22,1.415374e-06,-3.166615e-05,-2.362447e-06,0.0002384186,1.688363e-05,0.02274941,1.223
2024_02_12_12_35_51_316,0.4,0.0,165282.0,165282.0,67.98832,-4.773176e-06,0.135975,9.68836e-07,0.009028378,-4.622244e-05,1.22,5.54385e-07,-1.07514e-05,4.030328e-06,0.00834465,-2.960837e-05,-0.007842667,1.223
2024_02_12_12_35_51_350,0.4,0.0,165383.0,165383.0,68.02982,-4.762094e-06,0.1359748,9.429818e-07,0.009028347,-4.756325e-05,1.22,-1.226276e-06,1.750894e-05,2.486222e-06,-0.0007152557,5.968883e-05,0.02317782,1.223
2024_02_12_12_35_51_388,0.4,0.0,165493.0,165493.0,68.07499,-4.715906e-06,0.135975,3.957527e-07,0.009028706,-4.849955e-05,1.22,1.90889e-06,-9.644312e-05,5.777142e-08,-0.01251697,-6.024367e-05,0.02285093,1.223
2024_02_12_12_35_51_425,0.4,0.0,165606.0,165606.0,68.12138,-4.68276e-06,0.135975,3.15945e-07,0.009028677,-4.863248e-05,1.22,2.222342e-05,-0.0001303114,-6.392132e-06,0.0166893,4.650843e-05,-0.03444497,1.223
2024_02_12_12_35_51_458,0.4,0.0,165705.0,165704.0,68.16166,-4.653382e-06,0.1359751,-1.276852e-06,0.009028676,-5.049815e-05,1.22,3.874375e-06,-4.500656e-05,-3.981148e-06,-0.002861023,0.0001837751,-0.007720664,1.223
2024_02_12_12_35_51_492,0.4,0.0,165803.0,165802.0,68.20194,-4.620255e-06,0.135975,4.249201e-07,0.009028886,-5.071809e-05,1.22,1.986581e-06,-4.864762e-05,7.021798e-07,-0.0002384186,-5.238473e-05,-0.02288353,1.223
2024_02_12_12_35_51_529,0.4,0.0,165916.0,165915.0,68.24833,-4.565894e-06,0.1359749,6.21021e-08,0.009028884,-4.880705e-05,1.22,5.316035e-07,1.449791e-05,3.801749e-07,-0.0191927,-0.0001299719,0.02303254,1.223
2024_02_12_12_35_51_566,0.4,0.0,166026.0,166025.0,68.2935,-4.527343e-06,0.135975,6.760634e-07,0.009028943,-5.206349e-05,1.22,2.340279e-05,-1.720883e-05,1.376321e-05,0.01108646,0.0001242374,-0.02650358,1.223
2024_02_12_12_35_51_604,0.4,0.0,166139.0,166138.0,68.33988,-4.478092e-06,0.1359751,-4.029335e-08,0.009028975,-5.14956e-05,1.22,-2.147136e-05,2.340443e-05,1.083883e-05,-0.02014637,-5.966433e-05,0.03815535,1.223
2024_02_12_12_35_51_642,0.4,0.0,166249.0,166248.0,68.38505,-4.414631e-06,0.1359751,-8.417674e-07,0.009028945,-4.858935e-05,1.22,2.621898e-07,5.103443e-06,-9.528865e-06,-0.002980232,0.0003396983,-0.003917143,1.223
2024_02_12_12_35_51_679,0.4,0.0,166362.0,166361.0,68.43143,-4.36467e-06,0.1359751,3.996089e-07,0.009029184,-4.745815e-05,1.22,5.558986e-07,-9.351612e-05,7.186463e-07,-0.0005960464,-2.261527e-05,0.0001620501,1.223
2024_02_12_12_35_51_716,0.4,0.0,166472.0,166471.0,68.4766,-4.327877e-06,0.1359751,3.455321e-07,0.009029301,-4.761598e-05,1.22,1.006586e-06,-5.504086e-05,3.370184e-06,0.01859665,0.0001806699,-0.04941877,1.223
2024_02_12_12_35_51_754,0.4,0.0,166585.0,166584.0,68.52299,-4.260593e-06,0.1359752,-1.364963e-06,0.009028973,-4.859004e-05,1.22,2.59896e-05,8.831872e-06,1.994429e-05,-0.01263618,2.75179e-06,0.003553927,1.223
2024_02_12_12_35_51_787,0.4,0.0,166683.0,166683.0,68.56327,-4.224492e-06,0.1359752,5.217431e-07,0.009028944,-5.092526e-05,1.22,2.642145e-07,-1.242408e-05,-2.986553e-06,-0.00166893,5.163451e-05,-0.0002728775,1.223
2024_02_12_12_35_51_825,0.4,0.0,166796.0,166796.0,68.60966,-4.191847e-06,0.1359751,7.25789e-07,0.009028914,-5.245347e-05,1.22,-3.784765e-06,-3.41522e-05,-4.248079e-06,0.01227856,-5.078396e-05,-0.01914427,1.223
2024_02_12_12_35_51_862,0.4,0.0,166906.0,166906.0,68.65482,-4.150427e-06,0.135975,8.69143e-07,0.009028766,-5.278967e-05,1.22,2.888958e-06,-1.567443e-05,4.522969e-06,-0.008702278,4.501669e-05,0.02296548,1.223
2024_02_12_12_35_51_895,0.4,0.0,167004.0,167004.0,68.69511,-4.131977e-06,0.1359751,1.941191e-06,0.009028557,-5.504769e-05,1.22,-4.700747e-06,2.329264e-06,1.390355e-06,-0.003218651,-0.0003204163,0.02643186,1.223
2024_02_12_12_35_51_929,0.4,0.0,167105.0,167105.0,68.73661,-4.094638e-06,0.135975,-5.091462e-07,0.009028289,-5.377641e-05,1.22,1.035346e-06,-3.316574e-05,-7.00285e-06,0.002384186,0.0001140532,-0.0002672896,1.223
2024_02_12_12_35_51_962,0.4,0.0,167203.0,167203.0,68.77689,-4.058085e-06,0.1359748,7.91332e-07,0.009028111,-5.225307e-05,1.22,4.476687e-07,8.379904e-05,6.492686e-06,-0.02551079,-2.322929e-05,0.07272698,1.223
2024_02_12_12_35_52_000,0.4,0.0,167316.0,167316.0,68.82328,-4.053034e-06,0.135975,-5.880033e-07,0.009028616,-5.614385e-05,1.22,2.003654e-05,-0.0001069441,1.932585e-05,-0.01132488,-0.0001222907,0.03437791,1.223
2024_02_12_12_35_52_038,0.4,0.0,167426.0,167426.0,68.86845,-4.000467e-06,0.135975,-1.612975e-07,0.009028676,-5.4707e-05,1.22,2.089388e-06,-7.129812e-05,-1.267245e-06,0.000834465,-0.0001104498,0.007446855,1.223
2024_02_12_12_35_52_070,0.4,0.0,167524.0,167524.0,68.90873,-3.960095e-06,0.135975,8.384192e-07,0.009028347,-5.211779e-05,1.22,1.070445e-06,-2.955909e-05,6.699233e-07,-0.01108646,-1.658134e-05,0.0302419,1.223
2024_02_12_12_35_52_108,0.4,0.0,167637.0,167637.0,68.95512,-3.943085e-06,0.1359749,-1.270728e-07,0.009028377,-5.400731e-05,1.22,2.281174e-05,-6.696464e-05,-1.233266e-05,0.0003576278,0.000265152,-0.01156703,1.223
2024_02_12_12_35_52_145,0.4,0.0,167747.0,167747.0,69.00028,-3.905617e-06,0.1359748,-1.457906e-06,0.009028556,-5.574423e-05,1.22,1.417542e-06,-5.154439e-05,-3.506425e-06,-0.01895428,-0.0001634272,0.01151953,1.223
2024_02_12_12_35_52_183,0.4,0.0,167860.0,167860.0,69.04667,-3.859053e-06,0.135975,1.415578e-06,0.009028616,-5.438305e-05,1.22,-1.150942e-06,-0.0001329933,1.120968e-05,-0.004291534,-5.484344e-05,0.003710389,1.223
2024_02_12_12_35_52_217,0.4,0.0,167959.0,167958.0,69.08695,-3.841499e-06,0.1359749,-1.823806e-06,0.009028347,-5.497881e-05,1.22,3.787796e-06,-2.960045e-05,-1.696138e-06,-0.009536743,0.0002363423,0.01887884,1.223
2024_02_12_12_35_52_254,0.4,0.0,168072.0,168071.0,69.13334,-3.760962e-06,0.135975,-4.20247e-06,0.009028379,-5.657538e-05,1.22,-6.429852e-06,-5.707564e-05,4.190832e-06,0.0003576278,0.0002766596,-0.0001406297,1.223
2024_02_12_12_35_52_292,0.4,0.0,168182.0,168181.0,69.1785,-3.619996e-06,0.135975,-4.442463e-07,0.009028616,-5.177257e-05,1.22,1.712908e-06,-0.0001189726,-3.215527e-06,0.0128746,-1.522505e-05,-0.04596449,1.223
2024_02_12_12_35_52_329,0.4,0.0,168295.0,168294.0,69.22489,-3.561979e-06,0.135975,2.006257e-07,0.009028706,-5.284522e-05,1.22,-2.169148e-06,-9.811635e-05,-6.182748e-07,-0.002026558,-0.0001313849,-0.007697381,1.223
2024_02_12_12_35_52_366,0.4,0.0,168405.0,168404.0,69.27006,-3.537817e-06,0.135975,1.026234e-07,0.009028438,-5.571717e-05,1.22,-1.35171e-06,-3.189462e-07,2.041283e-06,-0.00846386,-4.366529e-05,0.007409602,1.223
2024_02_12_12_35_52_400,0.4,0.0,168506.0,168505.0,69.31156,-3.506178e-06,0.135975,6.39866e-07,0.009028378,-5.560636e-05,1.22,-2.471682e-06,-5.602509e-05,2.285648e-06,0.007271766,0.0001331276,-0.01545716,1.223
2024_02_12_12_35_52_433,0.4,0.0,168604.0,168604.0,69.35184,-3.475375e-06,0.1359748,-1.247525e-06,0.009028615,-5.568408e-05,1.22,2.071016e-05,-4.136909e-05,-1.606412e-05,-0.006318092,-0.0001640341,0.02329703,1.223
2024_02_12_12_35_52_470,0.4,0.0,168717.0,168717.0,69.39823,-3.404332e-06,0.135975,4.790402e-07,0.009028706,-5.299821e-05,1.22,2.18136e-06,-4.880322e-05,4.405875e-06,0.001430511,0.0001609063,0.003882684,1.223
2024_02_12_12_35_52_508,0.4,0.0,168827.0,168827.0,69.4434,-3.320269e-06,0.135975,-1.172919e-06,0.009028886,-5.023754e-05,1.22,4.390778e-05,-3.454436e-05,1.068744e-05,-0.006079673,-0.0002683967,8.847564e-05,1.223
2024_02_12_12_35_52_546,0.4,0.0,168940.0,168940.0,69.48978,-3.267086e-06,0.135975,6.259228e-08,0.009029004,-5.188366e-05,1.22,-2.139071e-05,6.722021e-06,2.529083e-06,-0.003814697,0.0001824395,-0.007439404,1.223
2024_02_12_12_35_52_583,0.4,0.0,169050.0,169050.0,69.53495,-3.219076e-06,0.1359751,1.023203e-06,0.009029242,-5.144327e-05,1.22,-3.834271e-06,-3.888997e-05,1.135002e-06,-0.02110004,0.0001108986,0.05361996,1.223
2024_02_12_12_35_52_621,0.4,0.0,169163.0,169163.0,69.58134,-3.202331e-06,0.1359751,4.922456e-07,0.009029333,-5.468654e-05,1.22,-2.580934e-05,-1.265786e-05,1.176867e-05,-0.01776218,9.74752e-05,0.0460539,1.223
2024_02_12_12_35_52_658,0.4,0.0,169273.0,169273.0,69.6265,-3.175785e-06,0.1359751,-1.689039e-07,0.009029122,-5.731257e-05,1.22,2.100498e-05,5.360465e-05,1.514787e-05,-0.002145767,-3.965669e-05,-0.003897585,1.223
2024_02_12_12_35_52_696,0.4,0.0,169386.0,169386.0,69.67289,-3.127606e-06,0.1359751,-1.435094e-06,0.009029064,-5.682887e-05,1.22,3.344744e-06,5.420228e-05,-2.899299e-06,0.02121925,0.0002261783,-0.01504086,1.223
2024_02_12_12_35_52_733,0.4,0.0,169496.0,169496.0,69.71806,-3.070583e-06,0.1359751,5.755105e-07,0.009029155,-5.549742e-05,1.22,-1.199272e-06,-2.629116e-05,4.100006e-06,0.0,-2.85703e-05,6.705523e-05,1.223
2024_02_12_12_35_52_771,0.4,0.0,169606.0,169606.0,69.76322,-3.040259e-06,0.1359751,-6.802152e-07,0.009028855,-5.860722e-05,1.22,9.749479e-07,-1.274627e-05,1.384401e-06,0.000834465,-2.997569e-05,-0.0002123415,1.223
2024_02_12_12_35_52_808,0.4,0.0,169719.0,169719.0,69.80961,-3.02042e-06,0.1359751,3.311266e-07,0.009028556,-6.189272e-05,1.22,1.432638e-07,-6.776254e-05,-1.35645e-06,0.02682209,7.934704e-05,-0.04606507,1.223
2024_02_12_12_35_52_846,0.4,0.0,169829.0,169829.0,69.85477,-2.986465e-06,0.135975,-5.003745e-07,0.009028409,-6.000548e-05,1.22,2.230782e-05,-3.99602e-05,-5.538632e-06,0.007510185,3.449509e-05,-0.000115484,1.223
2024_02_12_12_35_52_882,0.4,0.0,169942.0,169942.0,69.90116,-2.948697e-06,0.1359748,1.090874e-06,0.009028317,-6.222363e-05,1.22,4.992962e-07,-1.966382e-06,4.115168e-07,0.008106232,8.066309e-06,-0.01506042,1.223
2024_02_12_12_35_52_920,0.4,0.0,170052.0,170052.0,69.94633,-2.893098e-06,0.1359749,-1.362494e-06,0.009028587,-6.08815e-05,1.22,3.756334e-06,-0.0001213229,-3.866205e-07,0.001788139,-0.0001167893,2.328306e-05,1.223
2024_02_12_12_35_52_953,0.4,0.0,170153.0,170153.0,69.98783,-2.844598e-06,0.135975,-4.460354e-07,0.009028616,-6.126506e-05,1.22,3.107959e-06,-0.0001229389,-1.706196e-06,0.002741813,-1.603882e-05,0.02298038,1.223
2024_02_12_12_35_52_991,0.4,0.0,170263.0,170263.0,70.033,-2.79797e-06,0.135975,-4.518769e-07,0.009028378,-6.329949e-05,1.22,-7.259919e-07,-2.756267e-05,2.706151e-06,0.0004768371,-2.531021e-05,-0.0001899898,1.223
2024_02_12_12_35_53_029,0.4,0.0,170376.0,170376.0,70.07938,-2.778203e-06,0.1359749,5.944912e-07,0.009028379,-6.478054e-05,1.22,-1.8669e-06,-5.925039e-05,-2.812752e-06,0.01001358,0.0001769396,-0.007674098,1.223
2024_02_12_12_35_53_066,0.4,0.0,170486.0,170486.0,70.12455,-2.704621e-06,0.1359749,-1.644579e-06,0.009028675,-6.149476e-05,1.22,3.34997e-06,-7.568881e-05,-1.624388e-06,0.01597404,-5.764877e-05,-0.01503061,1.223
2024_02_12_12_35_53_104,0.4,0.0,170599.0,170599.0,70.17094,-2.627532e-06,0.1359749,-7.404145e-07,0.009028765,-5.938374e-05,1.22,1.297998e-06,-3.600781e-05,-3.238633e-06,-0.015378,2.049126e-05,0.01544878,1.223
2024_02_12_12_35_53_141,0.4,0.0,170709.0,170709.0,70.2161,-2.58402e-06,0.135975,-9.618946e-07,0.009028528,-6.051867e-05,1.22,2.243487e-08,-8.041976e-06,1.787039e-06,0.0005960464,6.045104e-05,-0.0001601875,1.223
2024_02_12_12_35_53_175,0.4,0.0,170807.0,170807.0,70.25639,-2.530231e-06,0.135975,-6.871711e-08,0.009028378,-6.001188e-05,1.22,-1.775695e-06,-3.314225e-05,-3.177004e-06,0.01442432,-4.514385e-05,-0.03071409,1.223
2024_02_12_12_35_53_212,0.4,0.0,170920.0,170920.0,70.30277,-2.484034e-06,0.1359749,4.923996e-07,0.009028737,-6.107407e-05,1.22,-1.9745e-05,-4.824478e-05,-1.246301e-05,-0.005245208,-1.649289e-05,0.01935661,1.223
2024_02_12_12_35_53_249,0.4,0.0,171030.0,171030.0,70.34794,-2.44451e-06,0.135975,-1.171916e-06,0.009028795,-6.56223e-05,1.22,-1.448037e-06,-4.063276e-05,-7.492986e-06,-0.01347065,-6.433663e-05,0.01147017,1.223
2024_02_12_12_35_53_287,0.4,0.0,171143.0,171143.0,70.39433,-2.38038e-06,0.1359751,-8.521529e-07,0.009028944,-6.520313e-05,1.22,-1.966449e-05,-7.781035e-06,1.236234e-05,0.006318092,6.98759e-05,-0.01150742,1.223
2024_02_12_12_35_53_321,0.4,0.0,171241.0,171241.0,70.43461,-2.322724e-06,0.1359751,1.028777e-06,0.009028945,-6.364633e-05,1.22,2.206461e-06,-8.17881e-06,2.019795e-07,0.004410744,-2.450986e-05,0.01544412,1.223
2024_02_12_12_35_53_354,0.4,0.0,171343.0,171342.0,70.47611,-2.290644e-06,0.135975,-1.412453e-07,0.009028885,-6.600869e-05,1.22,2.117389e-05,-2.864468e-05,1.504958e-05,0.00500679,8.853817e-05,-0.01517218,1.223
2024_02_12_12_35_53_391,0.4,0.0,171453.0,171452.0,70.52128,-2.223203e-06,0.135975,2.779822e-07,0.009028855,-6.225816e-05,1.22,-2.153181e-05,-4.389995e-05,-1.197709e-05,0.005483627,9.197276e-05,0.0001266599,1.223
2024_02_12_12_35_53_429,0.4,0.0,171566.0,171565.0,70.56767,-2.173434e-06,0.135975,-4.465639e-07,0.009028587,-6.37372e-05,1.22,-2.635142e-06,2.61109e-06,-3.951916e-06,-0.0003576278,-1.969425e-05,-0.0001955777,1.223
2024_02_12_12_35_53_462,0.4,0.0,171664.0,171663.0,70.60795,-2.128525e-06,0.1359751,2.230847e-07,0.009028498,-6.250853e-05,1.22,8.079317e-07,-1.476221e-05,-5.691391e-06,0.0004768371,0.000107367,-0.0001937151,1.223
2024_02_12_12_35_53_500,0.4,0.0,171774.0,171773.0,70.65311,-2.115999e-06,0.1359749,-4.955616e-07,0.009028497,-6.494138e-05,1.22,2.750418e-06,-2.179469e-05,7.821879e-06,-0.003457069,-7.892822e-06,0.0270186,1.223
2024_02_12_12_35_53_537,0.4,0.0,171887.0,171886.0,70.6995,-2.061174e-06,0.135975,-1.323762e-07,0.009028706,-6.681574e-05,1.22,2.782697e-06,-0.0001246618,3.143918e-06,-0.0005960464,-0.0001575938,-0.007719732,1.223
2024_02_12_12_35_53_574,0.4,0.0,171997.0,171996.0,70.74467,-1.983731e-06,0.135975,-9.387984e-07,0.009028616,-6.731464e-05,1.22,3.674661e-06,-9.298829e-05,-4.053546e-06,0.001072884,0.0001033694,-0.01553073,1.223
2024_02_12_12_35_53_613,0.4,0.0,172110.0,172109.0,70.79105,-1.914383e-06,0.1359749,-1.727735e-06,0.009028378,-7.003629e-05,1.22,2.244509e-06,-1.472845e-06,-4.8799e-06,0.004172325,0.0002070471,0.003693625,1.223
2024_02_12_12_35_53_649,0.4,0.0,172220.0,172219.0,70.83622,-1.846212e-06,0.1359748,2.267594e-07,0.009028408,-6.843663e-05,1.22,3.379908e-07,1.42963e-05,-4.090021e-06,-0.008821487,-5.318486e-05,0.01543015,1.223
2024_02_12_12_35_53_683,0.4,0.0,172321.0,172321.0,70.87772,-1.78355e-06,0.135975,5.705219e-07,0.009028706,-6.653241e-05,1.22,-2.242787e-05,-8.476475e-05,-1.732865e-05,-0.009179115,0.0001198953,0.04205852,1.223
2024_02_12_12_35_53_721,0.4,0.0,172431.0,172431.0,70.92289,-1.72611e-06,0.1359749,8.410454e-07,0.009028826,-6.778602e-05,1.22,-3.315275e-06,-2.778643e-05,2.472559e-06,-0.01394749,-0.0002315539,0.04229601,1.223
2024_02_12_12_35_53_757,0.4,0.0,172544.0,172544.0,70.96928,-1.667424e-06,0.135975,-1.714181e-07,0.009028943,-6.812076e-05,1.22,3.282538e-06,1.166812e-05,5.063711e-06,-0.0003576278,-0.0002011427,7.078052e-05,1.223
2024_02_12_12_35_53_795,0.4,0.0,172654.0,172654.0,71.01444,-1.61654e-06,0.135975,5.378496e-07,0.009029033,-7.03504e-05,1.22,2.064863e-05,2.458943e-05,-8.44323e-06,0.004291534,-8.70516e-05,-0.02274476,1.223
2024_02_12_12_35_53_833,0.4,0.0,172767.0,172767.0,71.06083,-1.55341e-06,0.1359751,3.336839e-07,0.009029422,-7.013871e-05,1.22,-1.069349e-06,-1.914236e-05,1.105614e-05,0.002145767,-5.861e-05,-0.007446855,1.223
2024_02_12_12_35_53_870,0.4,0.0,172877.0,172877.0,71.106,-1.511401e-06,0.1359751,6.755131e-07,0.009029571,-7.124942e-05,1.22,-5.481857e-07,-4.462586e-06,-3.591098e-07,0.007033348,2.833622e-05,-0.007320195,1.223
2024_02_12_12_35_53_908,0.4,0.0,172990.0,172990.0,71.15238,-1.453026e-06,0.1359753,-5.428222e-07,0.00902951,-7.281658e-05,1.22,1.178895e-06,-0.0001150634,-2.771905e-06,-0.002861023,6.268351e-05,-0.0040913,1.223
2024_02_12_12_35_53_945,0.4,0.0,173100.0,173100.0,71.19755,-1.392413e-06,0.1359751,7.04482e-07,0.009029035,-7.254747e-05,1.22,-1.481309e-07,5.179565e-05,1.385601e-06,-0.009536743,9.883478e-06,0.03068428,1.223
2024_02_12_12_35_53_983,0.4,0.0,173213.0,173213.0,71.24393,-1.358126e-06,0.135975,2.415329e-07,0.009028854,-7.407203e-05,1.22,-2.153616e-05,-4.813483e-06,7.321789e-06,0.008583069,0.0001933676,-0.02675596,1.223
2024_02_12_12_35_54_020,0.4,0.0,173323.0,173323.0,71.2891,-1.301041e-06,0.135975,2.434956e-07,0.009028796,-7.557699e-05,1.22,-2.25646e-05,-1.636394e-05,7.359507e-06,-0.002384186,-2.398906e-05,0.02302136,1.223
2024_02_12_12_35_54_058,0.4,0.0,173436.0,173436.0,71.33549,-1.241873e-06,0.1359751,3.100419e-07,0.009028856,-7.413342e-05,1.22,-3.209866e-07,-0.0001230697,2.893984e-06,0.001192093,8.550182e-05,-0.000147149,1.223
2024_02_12_12_35_54_095,0.4,0.0,173546.0,173546.0,71.38065,-1.199494e-06,0.1359751,2.325113e-07,0.009028766,-7.782571e-05,1.22,-2.178094e-05,-0.0001357434,4.40492e-06,0.005245208,-0.0001907039,-0.003991649,1.223
2024_02_12_12_35_54_133,0.4,0.0,173659.0,173659.0,71.42704,-1.154943e-06,0.1359749,-2.829745e-07,0.009028617,-7.838249e-05,1.22,-2.374322e-06,-2.706479e-05,-6.675754e-07,-0.01358986,1.130974e-05,0.03452506,1.223
2024_02_12_12_35_54_170,0.4,0.0,173769.0,173769.0,71.47221,-1.097795e-06,0.1359751,1.789465e-07,0.009028676,-7.888735e-05,1.22,3.088809e-06,-0.0001091938,-8.267129e-07,0.01013279,-9.636664e-06,0.007634982,1.223
2024_02_12_12_35_54_209,0.4,0.0,173882.0,173882.0,71.51859,-1.038342e-06,0.135975,9.086296e-07,0.009028409,-7.904496e-05,1.22,-2.398771e-06,-4.060873e-05,6.082342e-06,0.001072884,-0.0001341797,-0.0001536682,1.223
2024_02_12_12_35_54_241,0.4,0.0,173980.0,173980.0,71.55888,-9.972219e-07,0.1359749,-1.368811e-06,0.009028319,-8.102962e-05,1.22,2.271324e-05,-6.86056e-05,-1.398008e-05,0.006794929,2.040201e-05,0.01135375,1.223
2024_02_12_12_35_54_274,0.4,0.0,174078.0,174078.0,71.59916,-9.437105e-07,0.1359749,-3.884821e-07,0.009028468,-8.065416e-05,1.22,2.543092e-06,-7.109945e-05,5.235566e-06,-0.002622604,-0.0001305253,-6.332994e-05,1.223
2024_02_12_12_35_54_312,0.4,0.0,174191.0,174191.0,71.64555,-8.835755e-07,0.135975,-3.522848e-07,0.009028616,-8.302359e-05,1.22,3.734604e-06,-0.0001245447,6.729899e-07,-0.00333786,-1.665103e-05,-0.003938563,1.223
2024_02_12_12_35_54_345,0.4,0.0,174289.0,174289.0,71.68583,-8.264254e-07,0.135975,-9.688503e-07,0.009028528,-8.33457e-05,1.22,1.211731e-06,-3.522544e-05,-4.855115e-06,-0.001311302,-0.0001442705,0.01152325,1.223
2024_02_12_12_35_54_383,0.4,0.0,174402.0,174402.0,71.73222,-7.58379e-07,0.135975,-9.848156e-07,0.009028646,-8.087864e-05,1.22,-1.31987e-06,-2.969598e-05,-1.490788e-06,-0.01323223,9.055003e-05,0.02290681,1.223
2024_02_12_12_35_54_420,0.4,0.0,174512.0,174512.0,71.77738,-6.999506e-07,0.135975,-1.096982e-06,0.009029004,-8.138859e-05,1.22,1.971114e-06,-9.398323e-05,1.315094e-06,-0.01311302,6.590994e-06,0.02310984,1.223
2024_02_12_12_35_54_457,0.4,0.0,174625.0,174625.0,71.82377,-6.314777e-07,0.1359749,-5.765191e-07,0.009028824,-8.042489e-05,1.22,1.706604e-06,-8.012832e-06,8.997874e-06,-0.00655651,-6.372135e-05,-0.00749249,1.223
2024_02_12_12_35_54_495,0.4,0.0,174735.0,174735.0,71.86893,-5.500455e-07,0.135975,-2.210036e-06,0.009028886,-8.064404e-05,1.22,4.86461e-07,-3.570481e-05,4.28023e-06,0.007867813,-9.642474e-05,-0.01126993,1.223
2024_02_12_12_35_54_534,0.4,0.0,174848.0,174848.0,71.91532,-4.70816e-07,0.1359751,-2.348481e-06,0.009028945,-8.152931e-05,1.22,-1.643153e-05,-8.068615e-07,9.223777e-06,-0.001907349,9.9923e-05,-0.003918074,1.223
2024_02_12_12_35_54_566,0.4,0.0,174947.0,174946.0,71.9556,-3.747203e-07,0.1359751,-1.130659e-07,0.009029004,-7.671084e-05,1.22,-7.188088e-07,-1.064363e-05,2.945878e-06,-0.0002384186,-0.0001634216,-0.02290588,1.223
2024_02_12_12_35_54_604,0.4,0.0,175057.0,175056.0,72.00077,-3.34441e-07,0.135975,7.292741e-07,0.009028765,-7.693885e-05,1.22,-2.298536e-05,-1.816718e-05,-1.096346e-05,-0.0001192093,-4.986225e-05,0.01153536,1.223
2024_02_12_12_35_54_642,0.4,0.0,175170.0,175169.0,72.04716,-2.88637e-07,0.135975,1.330958e-06,0.009028796,-7.755896e-05,1.22,-1.962487e-05,5.182788e-06,1.878805e-05,-0.007033348,0.0001715489,0.022972,1.223
2024_02_12_12_35_54_674,0.4,0.0,175268.0,175267.0,72.08744,-2.436979e-07,0.1359751,-1.966729e-06,0.009028886,-7.83234e-05,1.22,-3.529124e-08,-2.862419e-05,-8.588882e-06,-0.01895428,-5.30008e-05,0.03431458,1.223
2024_02_12_12_35_54_711,0.4,0.0,175381.0,175380.0,72.13383,-1.86177e-07,0.1359752,5.539297e-07,0.009028885,-7.920999e-05,1.22,-2.067738e-05,-5.141116e-05,6.393449e-06,-0.005960464,4.610763e-05,0.01118891,1.223
2024_02_12_12_35_54_750,0.4,0.0,175491.0,175490.0,72.17899,-1.298419e-07,0.1359749,1.449627e-07,0.009028737,-7.764185e-05,1.22,1.025822e-06,-1.543646e-05,2.02262e-06,-0.01609325,4.499679e-05,0.04585273,1.223
2024_02_12_12_35_54_786,0.4,0.0,175604.0,175603.0,72.22538,-7.386365e-08,0.135975,4.48834e-08,0.009028735,-8.051046e-05,1.22,3.657938e-06,-3.442276e-05,-5.358657e-07,0.0001192093,0.000114163,-0.01900829,1.223
2024_02_12_12_35_54_825,0.4,0.0,175714.0,175714.0,72.27055,-3.749165e-09,0.135975,-1.253071e-06,0.009028794,-7.879709e-05,1.22,2.052517e-05,-6.368858e-05,-1.397135e-05,0.005960464,-8.783684e-05,-0.0114413,1.223
2024_02_12_12_35_54_862,0.4,0.0,175827.0,175827.0,72.31693,6.276346e-08,0.1359751,-2.700625e-07,0.009028558,-7.732355e-05,1.22,-2.118963e-05,-1.201497e-05,-2.158338e-05,0.002622604,-1.418084e-05,0.007488764,1.223
2024_02_12_12_35_54_899,0.4,0.0,175937.0,175937.0,72.3621,1.194905e-07,0.135975,6.971215e-07,0.009028706,-7.86132e-05,1.22,9.753908e-07,-8.305297e-05,1.429855e-06,-0.007033348,-1.499882e-05,0.007528811,1.223
2024_02_12_12_35_54_933,0.4,0.0,176038.0,176038.0,72.4036,1.694623e-07,0.1359751,-1.470466e-06,0.009028676,-7.98578e-05,1.22,2.191849e-05,-0.0001299756,-9.054565e-06,0.01299381,8.485346e-05,-0.02689194,1.223
2024_02_12_12_35_54_970,0.4,0.0,176148.0,176148.0,72.44877,2.354807e-07,0.135975,-8.475999e-07,0.009028349,-8.003676e-05,1.22,2.218291e-06,-2.401872e-05,3.524437e-06,0.02205372,-6.595076e-05,-0.03835279,1.223
2024_02_12_12_35_55_009,0.4,0.0,176261.0,176261.0,72.49516,3.057706e-07,0.1359749,-4.652109e-07,0.009028467,-8.061283e-05,1.22,-1.628844e-05,-2.962454e-05,-1.699414e-05,-0.009179115,0.0003579887,0.03065355,1.223
2024_02_12_12_35_55_041,0.4,0.0,176359.0,176359.0,72.53544,3.727594e-07,0.135975,-1.685901e-06,0.009028677,-8.233008e-05,1.22,1.800633e-06,-6.924761e-05,-2.925701e-06,-0.01192093,-4.299227e-05,0.03060605,1.223
2024_02_12_12_35_55_078,0.4,0.0,176469.0,176469.0,72.5806,4.553478e-07,0.135975,-1.238405e-06,0.009028646,-8.076724e-05,1.22,1.011272e-06,-0.0001197753,2.411603e-06,0.0004768371,1.440958e-05,-0.0001192093,1.223
2024_02_12_12_35_55_116,0.4,0.0,176582.0,176582.0,72.62699,5.501549e-07,0.1359751,-1.111425e-06,0.009028587,-7.988203e-05,1.22,2.395738e-06,-3.777188e-05,2.97453e-06,0.02610683,0.0002139619,-0.03829133,1.223
2024_02_12_12_35_55_149,0.4,0.0,176680.0,176680.0,72.66727,5.997312e-07,0.135975,-8.788762e-07,0.009028438,-8.373217e-05,1.22,2.64804e-05,-1.785736e-05,2.015222e-05,0.01096725,6.464779e-05,-0.003904104,1.223
2024_02_12_12_35_55_186,0.4,0.0,176793.0,176793.0,72.71366,6.938798e-07,0.1359748,1.003755e-06,0.009028466,-8.221369e-05,1.22,-7.765051e-07,-4.912626e-06,6.513932e-06,0.009775162,8.666961e-05,-0.0188062,1.223
2024_02_12_12_35_55_225,0.4,0.0,176903.0,176903.0,72.75883,7.657416e-07,0.135975,-1.737032e-06,0.009028707,-8.502172e-05,1.22,2.054531e-05,-8.2941e-05,1.853895e-05,-0.000834465,-7.011204e-05,0.02683606,1.223
2024_02_12_12_35_55_262,0.4,0.0,177016.0,177016.0,72.80521,8.567649e-07,0.135975,9.292011e-07,0.009028646,-8.238164e-05,1.22,-2.117425e-06,-3.736536e-05,-6.558136e-07,0.007390975,-0.0001245464,-0.03085099,1.223
2024_02_12_12_35_55_299,0.4,0.0,177126.0,177126.0,72.85038,9.156983e-07,0.1359749,1.567496e-06,0.009028379,-8.394457e-05,1.22,-2.413309e-05,-5.29106e-06,1.059761e-05,-0.007867813,5.324295e-05,0.0112839,1.223
2024_02_12_12_35_55_337,0.4,0.0,177239.0,177239.0,72.89677,9.580544e-07,0.1359748,-9.042768e-07,0.009028168,-8.52981e-05,1.22,-4.078985e-06,9.737165e-05,-1.087022e-05,-0.01180172,1.971648e-05,0.02686865,1.223
2024_02_12_12_35_55_374,0.4,0.0,177349.0,177349.0,72.94193,1.029315e-06,0.1359749,4.270667e-07,0.009028794,-8.404142e-05,1.22,1.615055e-07,-1.996076e-05,-3.981521e-06,0.001072884,-4.510775e-05,0.0001583248,1.223
2024_02_12_12_35_55_407,0.4,0.0,177447.0,177447.0,72.98222,1.067246e-06,0.135975,-1.649971e-06,0.009028944,-8.480371e-05,1.22,2.01332e-05,-8.3784e-06,-1.265212e-05,-0.02110004,-2.637205e-05,0.05732849,1.223
2024_02_12_12_35_55_445,0.4,0.0,177560.0,177560.0,73.0286,1.127128e-06,0.1359751,-1.074969e-06,0.009028973,-8.542393e-05,1.22,2.334372e-06,2.908655e-06,-2.251265e-06,0.007867813,0.0002291308,-0.03060885,1.223
2024_02_12_12_35_55_483,0.4,0.0,177670.0,177670.0,73.07377,1.191538e-06,0.1359751,2.348079e-07,0.009029033,-8.858051e-05,1.22,-2.298397e-05,2.86723e-05,4.613208e-06,0.004529953,-0.0001307671,-0.02665631,1.223
2024_02_12_12_35_55_520,0.4,0.0,177783.0,177783.0,73.12016,1.259467e-06,0.1359751,-5.412621e-08,0.009029242,-8.618474e-05,1.22,-2.608736e-07,-4.997316e-05,4.03053e-06,0.003099441,-5.389677e-05,0.0002263114,1.223
2024_02_12_12_35_55_558,0.4,0.0,177893.0,177893.0,73.16532,1.342681e-06,0.1359751,-1.114196e-06,0.009029333,-8.390582e-05,1.22,-1.990273e-05,-1.915641e-05,-1.680398e-05,-0.0180006,-1.655883e-05,0.03445894,1.223
2024_02_12_12_35_55_595,0.4,0.0,178006.0,178006.0,73.21171,1.400397e-06,0.1359751,5.692143e-07,0.009029035,-8.699652e-05,1.22,-2.249676e-05,7.512535e-05,-2.078491e-05,-0.000834465,-0.0001390396,0.02306606,1.223
2024_02_12_12_35_55_632,0.4,0.0,178116.0,178116.0,73.25687,1.452308e-06,0.1359752,-2.104501e-07,0.009029004,-8.793968e-05,1.22,-3.407665e-07,2.856281e-05,2.02988e-06,0.005722045,-8.640586e-05,-0.03060605,1.223
2024_02_12_12_35_55_670,0.4,0.0,178229.0,178229.0,73.30326,1.509129e-06,0.135975,-1.810315e-06,0.009029211,-8.730574e-05,1.22,2.142811e-05,-5.282188e-05,-1.243976e-05,0.004053116,6.850769e-05,0.004025176,1.223
2024_02_12_12_35_55_704,0.4,0.0,178328.0,178327.0,73.34354,1.587717e-06,0.1359751,-1.878781e-06,0.009029303,-8.764958e-05,1.22,3.607534e-06,-6.421367e-05,1.365756e-06,0.003695488,-5.661627e-05,0.0002784654,1.223
2024_02_12_12_35_55_740,0.4,0.0,178441.0,178440.0,73.38993,1.661185e-06,0.1359751,2.712275e-07,0.009029004,-8.799338e-05,1.22,2.03946e-05,3.25976e-05,-7.455232e-06,-0.001311302,-5.078845e-05,-9.220093e-05,1.223
2024_02_12_12_35_55_774,0.4,0.0,178539.0,178538.0,73.43021,1.708915e-06,0.1359752,7.509448e-07,0.009028973,-8.96821e-05,1.22,-2.008678e-05,-6.542874e-06,1.438521e-05,0.002622604,6.121922e-06,-0.01937151,1.223
2024_02_12_12_35_55_812,0.4,0.0,178652.0,178651.0,73.4766,1.778686e-06,0.135975,-9.709637e-07,0.009028885,-9.096722e-05,1.22,3.895428e-05,-1.623648e-05,8.169101e-06,0.008702278,-0.0001851895,-0.02298038,1.223
2024_02_12_12_35_55_850,0.4,0.0,178762.0,178761.0,73.52177,1.839349e-06,0.135975,-6.340424e-07,0.009028766,-9.196706e-05,1.22,5.357962e-06,-2.506519e-05,-1.682578e-06,0.01442432,-0.0001110443,-0.02656877,1.223
2024_02_12_12_35_55_888,0.4,0.0,178875.0,178874.0,73.56815,1.934028e-06,0.135975,-8.045822e-07,0.009028466,-9.068465e-05,1.22,1.789491e-06,-2.312684e-05,-8.168839e-06,0.00667572,4.805042e-05,0.007404014,1.223
2024_02_12_12_35_55_925,0.4,0.0,178985.0,178985.0,73.61332,2.00362e-06,0.135975,3.824411e-07,0.009028317,-9.203833e-05,1.22,-3.341066e-06,-5.234319e-05,-5.729009e-06,-0.009536743,-3.276159e-05,0.01875404,1.223
2024_02_12_12_35_55_962,0.4,0.0,179098.0,179098.0,73.65971,2.049997e-06,0.1359749,1.60103e-07,0.009028466,-9.442226e-05,1.22,-2.035199e-05,-6.954524e-05,1.127196e-05,-0.006794929,9.4906e-05,0.00390783,1.223
2024_02_12_12_35_55_999,0.4,0.0,179208.0,179208.0,73.70487,2.125562e-06,0.135975,-2.045065e-06,0.009028646,-9.540107e-05,1.22,2.747454e-06,-7.595876e-05,-5.044604e-06,-0.005722045,3.973355e-06,0.02301391,1.223
2024_02_12_12_35_56_037,0.4,0.0,179321.0,179321.0,73.75126,2.225118e-06,0.1359751,-1.358007e-06,0.009028527,-9.341026e-05,1.22,3.426858e-06,-1.308534e-05,6.038605e-07,0.0002384186,8.055121e-05,-0.000259839,1.223
2024_02_12_12_35_56_071,0.4,0.0,179419.0,179419.0,73.79154,2.304709e-06,0.135975,-8.305902e-07,0.009028348,-9.229146e-05,1.22,1.378152e-06,-5.017547e-05,-5.43009e-07,0.000834465,8.3156e-05,-0.0002551824,1.223
2024_02_12_12_35_56_104,0.4,0.0,179517.0,179517.0,73.83183,2.379171e-06,0.1359748,-5.783264e-07,0.009028317,-9.288144e-05,1.22,-2.09783e-05,1.438356e-05,1.099801e-05,-0.0180006,0.0001431199,0.0651814,1.223
2024_02_12_12_35_56_140,0.4,0.0,179630.0,179630.0,73.87821,2.474738e-06,0.1359749,5.062522e-08,0.009028616,-9.119857e-05,1.22,2.426895e-05,-4.261465e-05,2.049054e-05,-0.004172325,-0.0002785455,0.004003756,1.223
2024_02_12_12_35_56_174,0.4,0.0,179728.0,179728.0,73.9185,2.535097e-06,0.135975,-2.07212e-06,0.009028587,-9.266809e-05,1.22,-2.095754e-05,-4.064399e-05,4.058075e-06,-0.020504,5.832703e-05,0.04957243,1.223
2024_02_12_12_35_56_213,0.4,0.0,179841.0,179841.0,73.96488,2.635408e-06,0.135975,1.121902e-06,0.009028379,-8.993473e-05,1.22,-1.842421e-05,-4.655416e-05,1.851551e-05,0.0,2.390789e-05,-0.01542643,1.223
2024_02_12_12_35_56_249,0.4,0.0,179951.0,179951.0,74.01005,2.72801e-06,0.135975,-8.146237e-07,0.00902823,-8.967918e-05,1.22,-9.90603e-08,-5.242891e-05,1.863989e-06,0.006198883,1.59489e-05,0.01508184,1.223
2024_02_12_12_35_56_287,0.4,0.0,180064.0,180064.0,74.05643,2.807347e-06,0.1359749,4.498552e-07,0.009028645,-8.942999e-05,1.22,-2.426593e-06,-1.141608e-05,6.74218e-06,0.0128746,-7.941412e-05,-0.02258178,1.223
2024_02_12_12_35_56_325,0.4,0.0,180174.0,180174.0,74.1016,2.874745e-06,0.135975,-2.591627e-07,0.009028737,-8.852856e-05,1.22,-2.030395e-05,-3.924214e-05,1.063754e-05,0.00655651,9.640712e-05,0.003871508,1.223
2024_02_12_12_35_56_357,0.4,0.0,180272.0,180272.0,74.14188,2.95591e-06,0.135975,-1.122307e-06,0.009028884,-8.607616e-05,1.22,2.268717e-06,-6.814641e-05,6.105353e-06,-0.000834465,-1.281569e-05,0.0001052394,1.223
2024_02_12_12_35_56_391,0.4,0.0,180373.0,180373.0,74.18339,3.025558e-06,0.135975,-7.061101e-07,0.009028943,-8.715151e-05,1.22,-1.489775e-06,-1.538831e-05,1.268758e-06,0.01215935,-3.376885e-05,-0.02285093,1.223
2024_02_12_12_35_56_429,0.4,0.0,180483.0,180483.0,74.22855,3.094695e-06,0.135975,-5.299475e-08,0.009028886,-8.819995e-05,1.22,-1.703246e-06,-1.947572e-06,1.93946e-06,0.01168251,-8.201391e-05,-0.007338821,1.223
2024_02_12_12_35_56_466,0.4,0.0,180596.0,180596.0,74.27494,3.162623e-06,0.135975,-2.551797e-07,0.009028737,-8.949322e-05,1.22,-2.171304e-05,1.988426e-05,-1.783872e-05,-0.01645088,-1.351782e-05,0.02289563,1.223
2024_02_12_12_35_56_499,0.4,0.0,180695.0,180694.0,74.31522,3.228608e-06,0.135975,1.471604e-07,0.009028914,-8.874266e-05,1.22,-1.911256e-06,-7.278941e-05,-1.330066e-06,-0.007987022,-5.822016e-06,0.01524668,1.223
2024_02_12_12_35_56_538,0.4,0.0,180805.0,180804.0,74.36039,3.301921e-06,0.135975,-6.424893e-07,0.009028943,-8.834185e-05,1.22,2.88477e-07,-6.512407e-05,-6.590491e-06,-0.01335144,0.0001594468,0.003864988,1.223
2024_02_12_12_35_56_570,0.4,0.0,180906.0,180905.0,74.40189,3.371806e-06,0.1359751,6.943934e-07,0.009028975,-8.669496e-05,1.22,-1.754308e-06,-7.371119e-06,5.374631e-07,-0.02038479,-7.214862e-05,0.06121304,1.223
2024_02_12_12_35_56_608,0.4,0.0,181016.0,181016.0,74.44706,3.455682e-06,0.135975,3.437296e-07,0.009028766,-8.583358e-05,1.22,1.841285e-06,-4.539148e-05,4.514941e-06,-0.0007152557,-0.0002199708,0.02283137,1.223
2024_02_12_12_35_56_645,0.4,0.0,181129.0,181128.0,74.49345,3.522943e-06,0.135975,1.343459e-07,0.009028468,-8.747623e-05,1.22,2.498394e-07,-8.76693e-06,-1.522258e-06,-0.005722045,-1.781484e-05,-0.007955357,1.223
2024_02_12_12_35_56_682,0.4,0.0,181239.0,181239.0,74.53861,3.579584e-06,0.135975,3.547309e-07,0.009028378,-8.903356e-05,1.22,-1.27221e-06,-3.694341e-05,-3.004335e-07,0.01251697,4.899732e-05,-0.03074575,1.223
2024_02_12_12_35_56_716,0.4,0.0,181340.0,181340.0,74.58012,3.616069e-06,0.1359748,-8.339644e-07,0.009028377,-9.193043e-05,1.22,-1.844567e-07,-2.861852e-05,3.913587e-06,0.007987022,-4.823448e-05,-0.03814977,1.223
2024_02_12_12_35_56_753,0.4,0.0,181450.0,181450.0,74.62528,3.687767e-06,0.1359749,-1.350904e-07,0.009028616,-9.410593e-05,1.22,-1.849951e-05,-7.110449e-05,4.884579e-06,-0.00834465,0.0001321648,-0.01142453,1.223
2024_02_12_12_35_56_791,0.4,0.0,181563.0,181563.0,74.67167,3.750072e-06,0.135975,-8.190567e-07,0.009028706,-9.675125e-05,1.22,1.945595e-05,-0.0001031635,1.415156e-05,-0.01358986,-4.06568e-05,0.01133419,1.223
2024_02_12_12_35_56_828,0.4,0.0,181673.0,181673.0,74.71684,3.841412e-06,0.135975,-2.542232e-06,0.009028409,-9.448699e-05,1.22,2.101465e-06,-1.408074e-05,-4.269434e-07,0.0,5.01775e-05,-0.0001573935,1.223
2024_02_12_12_35_56_861,0.4,0.0,181771.0,181771.0,74.75712,3.94099e-06,0.135975,-1.384471e-06,0.009028378,-9.382559e-05,1.22,-1.520044e-05,-4.737273e-05,-2.15892e-05,0.002622604,6.651953e-05,-0.007859431,1.223
2024_02_12_12_35_56_898,0.4,0.0,181884.0,181884.0,74.8035,4.044477e-06,0.1359749,6.896894e-08,0.009028646,-9.50305e-05,1.22,-2.085855e-05,-2.781873e-05,-1.876519e-05,-0.004529953,4.552839e-05,0.004024245,1.223
2024_02_12_12_35_56_933,0.4,0.0,181982.0,181982.0,74.84379,4.147463e-06,0.135975,-1.283506e-06,0.009028766,-9.602045e-05,1.22,5.077645e-06,-2.484553e-05,5.970146e-06,-0.007510185,0.0001344636,0.01930073,1.223
2024_02_12_12_35_56_966,0.4,0.0,182083.0,182083.0,74.88529,4.228949e-06,0.1359749,-1.303235e-06,0.009028914,-9.692601e-05,1.22,-3.767029e-06,-1.690569e-05,6.742591e-06,0.002622604,-1.322974e-05,0.003989786,1.223
2024_02_12_12_35_57_003,0.4,0.0,182193.0,182193.0,74.93046,4.312574e-06,0.1359751,-5.99103e-07,0.009029005,-9.807677e-05,1.22,-2.461745e-05,1.789679e-05,-1.750418e-05,-0.003218651,-8.33329e-05,-0.00370387,1.223
2024_02_12_12_35_57_037,0.4,0.0,182291.0,182291.0,74.97074,4.39441e-06,0.1359751,5.026942e-08,0.009028945,-9.843071e-05,1.22,1.996661e-05,-1.644325e-05,-7.963961e-06,-0.009417534,0.0001977039,0.01915917,1.223
2024_02_12_12_35_57_074,0.4,0.0,182404.0,182404.0,75.01713,4.465476e-06,0.1359749,1.055263e-06,0.009028824,-0.0001004897,1.22,-2.835684e-06,-2.616247e-05,-1.670016e-06,-0.001072884,-9.500888e-05,0.0001806766,1.223
2024_02_12_12_35_57_111,0.4,0.0,182514.0,182514.0,75.06229,4.536889e-06,0.1359751,8.562278e-07,0.009028587,-0.0001000246,1.22,-2.544059e-05,-1.697202e-05,1.713523e-05,0.01299381,6.544292e-05,-0.03082212,1.223
2024_02_12_12_35_57_149,0.4,0.0,182627.0,182627.0,75.10868,4.61417e-06,0.135975,4.906498e-09,0.009028349,-0.0001020678,1.22,-6.740431e-07,-1.777631e-05,-9.471071e-07,0.01311302,1.341164e-05,-0.03072712,1.223
2024_02_12_12_35_57_182,0.4,0.0,182726.0,182725.0,75.14896,4.684864e-06,0.1359749,4.647759e-07,0.009028616,-0.0001022858,1.22,-2.220135e-06,-6.130816e-05,5.668243e-07,0.0007152557,-4.635171e-05,-0.02264604,1.223
2024_02_12_12_35_57_216,0.4,0.0,182827.0,182826.0,75.19047,4.756299e-06,0.1359749,-1.324094e-06,0.009028735,-0.0001021488,1.22,2.12735e-05,-5.055248e-05,-9.38097e-06,0.005960464,-9.84844e-05,-0.03432203,1.223
2024_02_12_12_35_57_253,0.4,0.0,182937.0,182936.0,75.23563,4.824257e-06,0.135975,1.259938e-06,0.009028826,-0.0001025249,1.22,1.794557e-05,-7.371121e-05,-5.519055e-06,0.008702278,-5.25938e-06,-0.03814697,1.223
2024_02_12_12_35_57_291,0.4,0.0,183050.0,183049.0,75.28202,4.896715e-06,0.1359751,-1.639201e-06,0.009028944,-0.0001035185,1.22,2.346404e-05,-3.706559e-05,-1.141645e-05,0.0115633,-0.00014953,-0.03458373,1.223
2024_02_12_12_35_57_329,0.4,0.0,183160.0,183159.0,75.32719,4.995774e-06,0.1359751,2.479684e-07,0.009029094,-0.0001032098,1.22,1.506359e-06,-6.001719e-05,2.473779e-06,-0.006437301,0.0001551509,0.003891997,1.223
2024_02_12_12_35_57_363,0.4,0.0,183258.0,183258.0,75.36747,5.070156e-06,0.1359751,-1.474271e-07,0.009028826,-0.0001049167,1.22,-5.767636e-08,-1.542484e-06,-3.754316e-07,0.001549721,-0.0001279818,-0.0001192093,1.223
2024_02_12_12_35_57_399,0.4,0.0,183371.0,183371.0,75.41386,5.157905e-06,0.135975,-3.349077e-08,0.009028737,-0.0001066904,1.22,-3.666894e-07,-6.269163e-05,4.324141e-07,-0.007867813,1.63584e-05,0.01523644,1.223
2024_02_12_12_35_57_436,0.4,0.0,183481.0,183481.0,75.45902,5.240022e-06,0.1359751,-4.401367e-07,0.009028945,-0.0001068207,1.22,1.288627e-07,-5.001282e-05,-3.555718e-06,-0.006079673,7.341896e-05,-0.007611699,1.223
2024_02_12_12_35_57_474,0.4,0.0,183594.0,183594.0,75.50541,5.332683e-06,0.1359751,-1.713333e-06,0.009029004,-0.0001070107,1.22,2.139657e-06,-1.396346e-05,-7.248178e-06,0.002026558,-0.0001698081,-0.02671126,1.223
2024_02_12_12_35_57_511,0.4,0.0,183704.0,183704.0,75.55058,5.419188e-06,0.1359751,1.876175e-07,0.009029005,-0.0001071138,1.22,-2.346752e-07,2.156243e-05,-2.186953e-06,-0.002861023,-4.270577e-05,0.02313312,1.223
2024_02_12_12_35_57_545,0.4,0.0,183805.0,183805.0,75.59208,5.51445e-06,0.1359751,-5.443962e-07,0.009029302,-0.0001059015,1.22,5.061071e-07,-2.826597e-05,-1.554082e-06,0.0003576278,-0.0001699775,0.007952563,1.223
2024_02_12_12_35_57_582,0.4,0.0,183915.0,183915.0,75.63725,5.588954e-06,0.1359752,1.403924e-06,0.009029063,-0.0001064113,1.22,2.010653e-05,4.826952e-05,1.7821e-06,-0.003695488,-0.0002196741,0.007517635,1.223
2024_02_12_12_35_57_620,0.4,0.0,184028.0,184028.0,75.68363,5.638448e-06,0.135975,-1.099876e-07,0.009028973,-0.0001125972,1.22,-1.208888e-06,3.037593e-05,3.834316e-06,0.0002384186,6.970811e-05,8.102506e-05,1.223
2024_02_12_12_35_57_654,0.4,0.0,184126.0,184126.0,75.72392,5.703298e-06,0.1359752,-2.117436e-07,0.009029183,-0.0001153266,1.22,1.30594e-06,-7.092144e-05,6.696924e-07,0.01263618,-1.44762e-05,-0.02283603,1.223
2024_02_12_12_35_57_690,0.4,0.0,184236.0,184236.0,75.76908,5.824142e-06,0.1359751,-1.059923e-06,0.009029273,-0.0001167162,1.22,1.732744e-06,-8.974376e-05,7.627424e-06,-0.008821487,-0.0001178762,0.003952533,1.223
2024_02_12_12_35_57_728,0.4,0.0,184349.0,184349.0,75.81547,5.926036e-06,0.1359751,-8.977108e-07,0.009028973,-0.0001161101,1.22,1.295317e-06,3.461033e-05,6.006342e-07,-0.009179115,2.865522e-05,0.007474795,1.223
2024_02_12_12_35_57_761,0.4,0.0,184447.0,184447.0,75.85575,6.019612e-06,0.1359751,-4.820664e-07,0.009028915,-0.0001167552,1.22,-1.74314e-05,-2.411444e-05,-2.303007e-05,0.008940697,0.0001111002,-0.0191601,1.223
2024_02_12_12_35_57_799,0.4,0.0,184560.0,184560.0,75.90214,6.153399e-06,0.1359751,-8.925758e-07,0.009028737,-0.0001132211,1.22,5.859252e-06,-1.343207e-05,7.295303e-06,0.01132488,-0.0001036642,0.01144409,1.223
2024_02_12_12_35_57_836,0.4,0.0,184670.0,184670.0,75.9473,6.250119e-06,0.135975,-3.411653e-06,0.009028766,-0.0001148466,1.22,2.230792e-05,1.443743e-05,-1.047567e-05,-0.002622604,0.0001952223,-0.003704801,1.223
2024_02_12_12_35_57_874,0.4,0.0,184783.0,184783.0,75.99369,6.365409e-06,0.1359751,-1.66997e-06,0.009028556,-0.0001113086,1.22,-1.97275e-05,3.832086e-06,-9.428906e-06,0.00333786,7.6579e-05,-0.02338644,1.223
2024_02_12_12_35_57_907,0.4,0.0,184881.0,184881.0,76.03397,6.443184e-06,0.135975,-6.525651e-07,0.009028408,-0.0001136202,1.22,5.17932e-07,-4.844859e-05,1.033988e-06,-0.004410744,2.006277e-05,0.007383525,1.223
2024_02_12_12_35_57_947,0.4,0.0,184994.0,184994.0,76.08036,6.541079e-06,0.1359747,-2.061735e-06,0.009028199,-0.0001144753,1.22,2.402837e-05,3.478649e-05,1.849045e-05,0.005602836,-4.742969e-05,0.007946044,1.223
2024_02_12_12_35_57_980,0.4,0.0,185093.0,185092.0,76.12064,6.664843e-06,0.1359749,4.701413e-07,0.009028648,-0.0001110705,1.22,5.173675e-07,-3.94463e-05,-1.215634e-07,-0.01835823,-7.158383e-05,0.01543295,1.223
2024_02_12_12_35_58_017,0.4,0.0,185203.0,185202.0,76.16581,6.768684e-06,0.135975,-2.715097e-06,0.009028617,-0.0001121837,1.22,4.273946e-05,-0.0001111805,1.117448e-05,0.003695488,-0.0001800302,-0.03819074,1.223
2024_02_12_12_35_58_055,0.4,0.0,185316.0,185315.0,76.2122,6.893918e-06,0.135975,-3.358229e-07,0.009028348,-0.000109901,1.22,-1.827415e-06,-4.840911e-05,-1.450548e-06,0.001192093,1.035414e-05,-0.0002523884,1.223
2024_02_12_12_35_58_086,0.4,0.0,185414.0,185414.0,76.25248,7.011335e-06,0.135975,-4.12647e-07,0.009028289,-0.0001074342,1.22,2.124117e-05,-7.925775e-05,-8.618316e-06,-0.001311302,-5.125457e-06,0.01125596,1.223
2024_02_12_12_35_58_121,0.4,0.0,185515.0,185515.0,76.29398,7.112472e-06,0.135975,4.332242e-07,0.009028557,-0.0001055819,1.22,-2.407935e-05,-8.74875e-05,-1.439312e-05,-0.01883507,-5.989022e-07,0.03052316,1.223
2024_02_12_12_35_58_158,0.4,0.0,185625.0,185625.0,76.33915,7.199451e-06,0.135975,1.903978e-07,0.009028558,-0.0001071497,1.22,-2.655942e-06,-7.72589e-05,1.746851e-06,-0.001192093,0.0002303609,0.02680253,1.223
2024_02_12_12_35_58_191,0.4,0.0,185723.0,185723.0,76.37943,7.289143e-06,0.135975,7.701478e-07,0.009028378,-0.0001077365,1.22,-3.485167e-06,-5.586221e-05,5.595935e-06,0.003576278,-0.000331155,-0.0001229346,1.223
2024_02_12_12_35_58_225,0.4,0.0,185824.0,185824.0,76.42094,7.397272e-06,0.135975,-7.720903e-07,0.009028348,-0.0001047286,1.22,3.571404e-06,-6.207849e-05,-6.643217e-06,-0.003814697,0.0001466262,-0.004071742,1.223
2024_02_12_12_35_58_263,0.4,0.0,185934.0,185934.0,76.4661,7.525794e-06,0.1359748,-4.679584e-07,0.009028467,-0.0001023693,1.22,1.501888e-05,-4.930874e-05,9.287687e-06,-0.01192093,6.202219e-05,0.007700175,1.223
2024_02_12_12_35_58_301,0.4,0.0,186047.0,186047.0,76.51249,7.614924e-06,0.135975,-1.105235e-06,0.009028676,-0.0001006271,1.22,-2.719593e-05,-0.0001048476,-2.19283e-05,-0.0004768371,0.000105554,-0.003909692,1.223
2024_02_12_12_35_58_334,0.4,0.0,186145.0,186145.0,76.55277,7.690297e-06,0.135975,-2.431023e-07,0.009028528,-0.0001026576,1.22,1.68175e-05,-9.217327e-06,1.628361e-05,-0.00500679,-4.850107e-06,0.003623776,1.223
2024_02_12_12_35_58_370,0.4,0.0,186258.0,186258.0,76.59916,7.791285e-06,0.1359749,6.597508e-07,0.009028319,-0.0001000088,1.22,-6.553488e-06,-2.384598e-05,-1.573224e-06,-0.001788139,4.583989e-05,-0.0002561137,1.223
2024_02_12_12_35_58_408,0.4,0.0,186368.0,186368.0,76.64433,7.843602e-06,0.1359748,9.617423e-07,0.00902826,-0.0001016349,1.22,-6.178382e-06,5.106139e-05,-3.569515e-06,0.02086162,7.12422e-05,-0.06850902,1.223
2024_02_12_12_35_58_446,0.4,0.0,186481.0,186481.0,76.69071,7.923884e-06,0.1359749,-4.963874e-07,0.009028766,-0.0001028455,1.22,1.907186e-05,-1.586212e-05,1.571029e-05,-0.02610683,-9.65565e-05,0.05750358,1.223
2024_02_12_12_35_58_478,0.4,0.0,186579.0,186579.0,76.731,8.01134e-06,0.1359749,9.131422e-07,0.009028735,-0.0001008981,1.22,-2.462694e-06,-1.399874e-05,5.489093e-07,-0.008225441,-8.208348e-05,0.0001480803,1.223
2024_02_12_12_35_58_515,0.4,0.0,186689.0,186689.0,76.77616,8.126185e-06,0.135975,-1.916553e-06,0.009028438,-9.759497e-05,1.22,1.641299e-06,-9.521834e-06,2.721446e-06,-0.003695488,-0.0002180975,0.01116376,1.223
2024_02_12_12_35_58_553,0.4,0.0,186802.0,186802.0,76.82255,8.19138e-06,0.1359748,-6.019852e-07,0.009028377,-0.0001004305,1.22,-2.734779e-06,1.695047e-05,-3.125617e-06,-0.01561642,0.0004110099,0.01918431,1.223
2024_02_12_12_35_58_586,0.4,0.0,186901.0,186900.0,76.86283,8.261459e-06,0.135975,5.110341e-07,0.009028826,-0.0001012251,1.22,-3.467681e-06,-2.591706e-05,-9.36818e-07,0.01311302,9.491259e-05,0.0003539025,1.223
2024_02_12_12_35_58_624,0.4,0.0,187014.0,187013.0,76.90922,8.343736e-06,0.1359749,1.278197e-08,0.009028824,-9.967152e-05,1.22,1.804793e-05,1.690178e-05,1.90465e-05,0.0004768371,-0.0001110947,-0.026552,1.223
2024_02_12_12_35_58_656,0.4,0.0,187112.0,187111.0,76.9495,8.387163e-06,0.135975,4.265111e-07,0.009028884,-0.000100601,1.22,-2.592197e-05,-5.366587e-05,-2.065773e-05,0.008702278,4.895525e-05,-0.03430527,1.223
2024_02_12_12_35_58_695,0.4,0.0,187225.0,187224.0,76.99589,8.490534e-06,0.135975,5.008443e-08,0.009028973,-9.764028e-05,1.22,2.902369e-07,6.027756e-06,2.65533e-06,0.005960464,2.010711e-05,-0.01512282,1.223
2024_02_12_12_35_58_732,0.4,0.0,187335.0,187334.0,77.04105,8.571374e-06,0.1359751,-2.128827e-06,0.009029242,-9.949692e-05,1.22,-1.046701e-06,-5.560816e-05,-6.190424e-06,0.002741813,5.112951e-06,-0.02660695,1.223
2024_02_12_12_35_58_765,0.4,0.0,187433.0,187433.0,77.08134,8.643723e-06,0.1359751,4.728698e-07,0.00902942,-0.0001020999,1.22,-2.512321e-05,-1.501901e-05,8.968775e-06,-0.01978874,-0.0001582914,0.04980713,1.223
2024_02_12_12_35_58_803,0.4,0.0,187546.0,187546.0,77.12772,8.735343e-06,0.1359752,-1.492992e-06,0.009029362,-0.0001016469,1.22,-9.52232e-07,-1.414895e-05,-3.119119e-06,0.02098083,9.265409e-05,-0.03426708,1.223
2024_02_12_12_35_58_840,0.4,0.0,187656.0,187656.0,77.17289,8.814472e-06,0.1359752,-8.158954e-07,0.009029064,-0.0001007567,1.22,-1.524623e-07,3.254485e-05,-6.450844e-06,-0.002861023,0.0001383894,0.01522992,1.223
2024_02_12_12_35_58_874,0.4,0.0,187757.0,187757.0,77.21439,8.908517e-06,0.1359751,-8.758087e-07,0.009029035,-0.0001000382,1.22,1.410819e-06,-2.181058e-06,1.056403e-06,0.00500679,0.0001288815,0.01159683,1.223
2024_02_12_12_35_58_912,0.4,0.0,187867.0,187867.0,77.25956,8.997838e-06,0.1359751,7.125822e-07,0.009029063,-9.850193e-05,1.22,-1.634043e-06,-6.174258e-07,-3.904631e-06,-0.0004768371,-0.0001198095,0.01542922,1.223
2024_02_12_12_35_58_949,0.4,0.0,187980.0,187980.0,77.30595,9.084309e-06,0.1359752,-1.660495e-08,0.009028974,-9.869949e-05,1.22,6.748594e-07,5.093191e-06,4.99781e-07,0.006914138,1.022226e-05,-0.01548417,1.223
2024_02_12_12_35_58_987,0.4,0.0,188090.0,188090.0,77.35111,9.160987e-06,0.135975,-4.792209e-07,0.009028915,-9.996473e-05,1.22,2.040597e-06,-1.661146e-05,-4.950231e-06,0.00989437,-2.140109e-05,-0.00375323,1.223
2024_02_12_12_35_59_024,0.4,0.0,188203.0,188203.0,77.3975,9.239283e-06,0.1359751,-1.45507e-07,0.009028914,-0.00010172,1.22,1.947769e-05,-4.052744e-05,-1.497632e-05,0.004172325,9.780603e-05,-0.03452878,1.223
2024_02_12_12_35_59_061,0.4,0.0,188313.0,188313.0,77.44267,9.310644e-06,0.135975,-3.288601e-07,0.009028677,-0.0001018442,1.22,-2.382506e-06,-5.322963e-05,8.064109e-07,-0.01263618,7.167819e-05,0.007566064,1.223
2024_02_12_12_35_59_099,0.4,0.0,188426.0,188426.0,77.48905,9.393196e-06,0.1359751,-5.187732e-08,0.009028497,-0.0001031937,1.22,2.265281e-05,-5.549406e-06,1.939692e-05,-0.0003576278,-0.0001894727,-0.0002672896,1.223
2024_02_12_12_35_59_136,0.4,0.0,188536.0,188536.0,77.53422,9.501056e-06,0.135975,-1.979573e-06,0.009028259,-9.909021e-05,1.22,6.632403e-07,-2.985214e-05,-2.973823e-06,-0.0004768371,3.030641e-05,-0.02340879,1.223
2024_02_12_12_35_59_169,0.4,0.0,188634.0,188634.0,77.5745,9.579429e-06,0.1359748,5.115683e-07,0.009028111,-9.885217e-05,1.22,-1.617792e-06,8.105606e-05,2.743099e-07,-0.01072884,4.288585e-05,0.05375128,1.223
2024_02_12_12_35_59_207,0.4,0.0,188747.0,188747.0,77.62089,9.664995e-06,0.135975,-1.520419e-06,0.009028676,-9.992691e-05,1.22,2.274907e-05,-5.245946e-05,-1.160713e-05,0.009536743,-0.0001011328,-0.019053,1.223
2024_02_12_12_35_59_240,0.4,0.0,188845.0,188845.0,77.66117,9.754685e-06,0.135975,-8.366224e-07,0.009028795,-9.800948e-05,1.22,2.301451e-05,-4.860942e-05,-4.3312e-06,0.002980232,5.288461e-05,9.406357e-05,1.223
2024_02_12_12_35_59_278,0.4,0.0,188958.0,188958.0,77.70756,9.840748e-06,0.1359751,-1.754035e-06,0.009028826,-0.0001017614,1.22,1.701684e-05,-0.000136659,1.253765e-05,0.002503395,-0.0001347589,-0.0001862645,1.223
2024_02_12_12_35_59_312,0.4,0.0,189056.0,189056.0,77.74784,9.897565e-06,0.135975,-2.469275e-06,0.009028348,-0.0001027985,1.22,1.886499e-05,-8.300468e-06,-9.555808e-06,-0.004887581,0.0001219413,0.01502596,1.223
2024_02_12_12_35_59_349,0.4,0.0,189169.0,189169.0,77.79423,9.986014e-06,0.1359749,-8.146562e-07,0.009028615,-0.0001030729,1.22,-1.368237e-06,-2.74076e-05,4.374027e-06,-0.01037121,-9.327686e-05,5.960464e-05,1.223
2024_02_12_12_35_59_387,0.4,0.0,189279.0,189279.0,77.83939,1.006868e-05,0.135975,-1.42372e-08,0.009028706,-0.0001034878,1.22,9.60924e-07,-9.568992e-05,2.252643e-06,-0.002861023,-0.0002123697,0.01916755,1.223
2024_02_12_12_35_59_423,0.4,0.0,189392.0,189392.0,77.88578,1.017031e-05,0.135975,3.711614e-07,0.009028409,-0.00010137,1.22,-2.271161e-05,-2.597544e-05,-2.468275e-05,0.0007152557,-1.562285e-05,-0.0001741573,1.223
2024_02_12_12_35_59_461,0.4,0.0,189503.0,189502.0,77.93095,1.02351e-05,0.135975,-2.668228e-07,0.009028319,-0.0001044053,1.22,2.757705e-06,-7.804424e-05,-2.578217e-06,0.01060963,-4.485469e-05,-0.0307979,1.223
2024_02_12_12_35_59_499,0.4,0.0,189616.0,189615.0,77.97733,1.03167e-05,0.1359749,8.591511e-07,0.009028616,-0.0001041326,1.22,-2.379742e-05,-0.000127069,-2.069095e-05,-0.0001192093,-8.643849e-05,-2.700835e-05,1.223
2024_02_12_12_35_59_536,0.4,0.0,189726.0,189725.0,78.0225,1.038953e-05,0.1359749,-1.284471e-07,0.009028616,-0.0001046856,1.22,-2.083737e-08,-0.0001159369,1.478933e-06,-0.0005960464,-6.106483e-05,-3.539026e-05,1.223
2024_02_12_12_35_59_574,0.4,0.0,189839.0,189838.0,78.06889,1.045827e-05,0.135975,-3.991516e-07,0.009028558,-0.0001070273,1.22,-1.326856e-06,-4.220254e-05,3.980938e-06,0.004291534,-0.0001513956,0.007477588,1.223
2024_02_12_12_35_59_611,0.4,0.0,189949.0,189948.0,78.11405,1.054427e-05,0.135975,-1.715633e-06,0.009028826,-0.0001090459,1.22,2.186168e-05,-8.039891e-05,-1.693926e-05,-0.00333786,-6.862615e-05,-0.01904927,1.223
2024_02_12_12_35_59_645,0.4,0.0,190047.0,190046.0,78.15434,1.062206e-05,0.1359749,-1.197005e-06,0.009028854,-0.0001089944,1.22,5.623558e-07,-6.569237e-06,-1.236324e-06,0.0128746,9.837185e-05,-0.02262834,1.223
2024_02_12_12_35_59_682,0.4,0.0,190160.0,190159.0,78.20072,1.072385e-05,0.135975,-1.280216e-07,0.009028826,-0.0001076364,1.22,-4.368816e-05,6.774198e-06,-4.800102e-06,-0.009655952,0.000198163,0.02289936,1.223
2024_02_12_12_35_59_720,0.4,0.0,190270.0,190269.0,78.24589,1.080407e-05,0.135975,-1.907363e-06,0.009028945,-0.0001092669,1.22,2.1047e-05,-2.770755e-05,-1.090432e-05,-0.01037121,-3.14958e-06,0.03457163,1.223
2024_02_12_12_35_59_757,0.4,0.0,190383.0,190382.0,78.29227,1.088636e-05,0.135975,-2.242896e-07,0.009028943,-0.000110675,1.22,7.314917e-07,-1.721276e-06,-2.223818e-06,-0.0003576278,5.546871e-05,0.0001620501,1.223
2024_02_12_12_35_59_795,0.4,0.0,190493.0,190492.0,78.33744,1.098778e-05,0.1359751,-3.465389e-07,0.009029035,-0.000109219,1.22,-1.694368e-05,-1.158484e-05,-1.411091e-05,-0.002741813,3.508376e-05,0.004032627,1.223
2024_02_12_12_35_59_831,0.4,0.0,190606.0,190605.0,78.38383,1.107799e-05,0.135975,-6.591345e-08,0.009028914,-0.0001099456,1.22,-2.019897e-05,-2.593365e-05,1.85696e-05,-0.006794929,-6.171763e-05,-0.01527462,1.223
2024_02_12_12_35_59_869,0.4,0.0,190716.0,190715.0,78.42899,1.116975e-05,0.135975,-1.105159e-06,0.009028587,-0.0001070755,1.22,-2.339522e-05,-2.529098e-05,-1.801683e-05,0.00166893,-1.544356e-05,-0.0003222376,1.223
2024_02_12_12_35_59_906,0.4,0.0,190829.0,190828.0,78.47538,1.124401e-05,0.135975,-2.12584e-07,0.009028289,-0.0001081362,1.22,1.046205e-07,-2.099228e-05,9.054363e-07,-0.003814697,-0.0002469628,-0.00797119,1.223
2024_02_12_12_35_59_945,0.4,0.0,190939.0,190939.0,78.52055,1.131369e-05,0.1359748,-7.361069e-08,0.009028497,-0.0001095779,1.22,4.379094e-07,-2.59177e-05,-1.419204e-07,-0.0003576278,7.171365e-06,-0.01503993,1.223
2024_02_12_12_35_59_982,0.4,0.0,191052.0,191052.0,78.56693,1.139204e-05,0.1359749,-7.994286e-07,0.009028675,-0.000111935,1.22,1.153265e-06,2.098532e-05,5.904745e-07,-0.01096725,3.941113e-05,9.033828e-05,1.223
2024_02_12_12_36_00_015,0.4,0.0,191150.0,191150.0,78.60722,1.145563e-05,0.1359751,1.845202e-07,0.009028766,-0.000115098,1.22,1.013085e-06,-6.170033e-05,-2.148948e-06,-0.00166893,-1.527496e-06,-0.0002644956,1.223
2024_02_12_12_36_00_053,0.4,0.0,191263.0,191263.0,78.6536,1.154825e-05,0.135975,-7.078668e-07,0.009028348,-0.0001158516,1.22,-1.327942e-07,-2.002675e-05,-6.399069e-06,0.006794929,0.0001040707,-0.01558475,1.223
2024_02_12_12_36_00_087,0.4,0.0,191361.0,191361.0,78.69389,1.163065e-05,0.1359749,1.731828e-06,0.009028379,-0.0001134327,1.22,-4.327844e-05,-1.243735e-05,-2.10302e-06,-0.007867813,9.115433e-05,0.0230642,1.223
2024_02_12_12_36_00_124,0.4,0.0,191471.0,191471.0,78.73905,1.171609e-05,0.1359749,-8.35722e-07,0.009028737,-0.0001143406,1.22,5.851492e-07,-9.45732e-05,-5.155119e-06,-0.0009536743,-6.548589e-05,0.01151115,1.223
2024_02_12_12_36_00_157,0.4,0.0,191572.0,191572.0,78.78056,1.18202e-05,0.135975,-1.881711e-06,0.009028616,-0.0001122692,1.22,3.524493e-06,-8.380589e-05,-2.866834e-06,0.007271766,6.818254e-05,-0.0306787,1.223
2024_02_12_12_36_00_194,0.4,0.0,191682.0,191682.0,78.82572,1.194521e-05,0.135975,1.781409e-07,0.009028438,-0.0001097277,1.22,4.222297e-07,-6.265779e-06,6.471083e-07,0.0001192093,-2.927072e-05,-0.0001369044,1.223
2024_02_12_12_36_00_232,0.4,0.0,191795.0,191795.0,78.87211,1.20196e-05,0.1359749,1.149238e-06,0.009028409,-0.0001110757,1.22,-2.455895e-05,-4.164909e-05,-2.17832e-05,-0.005960464,0.000234357,-0.000144355,1.223
2024_02_12_12_36_00_269,0.4,0.0,191905.0,191905.0,78.91727,1.210644e-05,0.1359749,-1.674001e-06,0.009028646,-0.000111046,1.22,2.038888e-05,-0.0001105732,-5.630269e-06,-0.001430511,-7.167e-05,-0.003868714,1.223
2024_02_12_12_36_00_307,0.4,0.0,192018.0,192018.0,78.96366,1.216062e-05,0.1359748,-4.8649e-07,0.009028615,-0.0001178775,1.22,-5.754449e-06,-6.766475e-05,5.587453e-06,0.02789497,-0.0001218988,-0.04173535,1.223
2024_02_12_12_36_00_345,0.4,0.0,192128.0,192128.0,79.00883,1.222629e-05,0.1359749,5.071109e-07,0.009028526,-0.0001200592,1.22,-7.234243e-07,-6.173755e-06,6.09868e-06,-0.008702278,-1.553212e-05,0.007499009,1.223
2024_02_12_12_36_00_383,0.4,0.0,192241.0,192241.0,79.05521,1.229379e-05,0.1359749,3.439963e-07,0.009028557,-0.0001216074,1.22,-1.950145e-07,-2.360937e-05,8.033108e-06,0.006318092,-8.941265e-05,-0.007550232,1.223
2024_02_12_12_36_00_416,0.4,0.0,192339.0,192339.0,79.0955,1.237778e-05,0.1359749,1.343785e-06,0.009028737,-0.0001215837,1.22,-1.981192e-05,-2.855565e-05,5.627136e-06,0.008583069,-0.0001362248,0.01186039,1.223
2024_02_12_12_36_00_453,0.4,0.0,192452.0,192452.0,79.14188,1.246278e-05,0.1359749,-2.344128e-07,0.009028766,-0.00012317,1.22,3.53218e-07,-2.710207e-05,2.048476e-08,-0.005245208,3.635159e-05,0.01539849,1.223
2024_02_12_12_36_00_490,0.4,0.0,192562.0,192562.0,79.18705,1.257993e-05,0.135975,-1.298334e-06,0.009028943,-0.0001198956,1.22,2.108487e-06,-3.191022e-05,-3.159815e-06,-0.01037121,0.0001326953,0.007676892,1.223
2024_02_12_12_36_00_527,0.4,0.0,192675.0,192675.0,79.23344,1.267523e-05,0.135975,-1.789079e-06,0.009028973,-0.0001201879,1.22,2.15847e-05,2.050641e-05,-1.297711e-05,-0.0007152557,5.845186e-05,0.01922343,1.223
2024_02_12_12_36_00_562,0.4,0.0,192774.0,192773.0,79.27372,1.274037e-05,0.135975,1.009538e-06,0.009029063,-0.0001234512,1.22,-2.11548e-05,2.70205e-05,8.514018e-06,-0.0001192093,1.535477e-05,0.02698414,1.223
2024_02_12_12_36_00_599,0.4,0.0,192884.0,192883.0,79.31889,1.284667e-05,0.1359751,-6.022463e-07,0.009029333,-0.0001209772,1.22,2.110407e-06,-2.943155e-05,3.743561e-06,0.005722045,-0.0001117366,-0.01497939,1.223
2024_02_12_12_36_00_636,0.4,0.0,192997.0,192996.0,79.36527,1.294606e-05,0.1359752,1.546182e-06,0.009029064,-0.0001204714,1.22,2.266396e-06,6.982843e-05,4.41293e-06,-0.005245208,-9.046015e-05,0.0344608,1.223
2024_02_12_12_36_00_674,0.4,0.0,193107.0,193106.0,79.41044,1.302334e-05,0.1359751,-2.281557e-06,0.009028973,-0.0001231267,1.22,2.222184e-05,2.745788e-05,1.349408e-05,0.006079673,6.485311e-05,-0.02678949,1.223
2024_02_12_12_36_00_712,0.4,0.0,193220.0,193219.0,79.45683,1.313147e-05,0.1359751,-3.540934e-07,0.009029212,-0.0001211862,1.22,-1.60359e-05,-4.183471e-05,-1.955298e-05,0.0002384186,2.206775e-05,-0.007522292,1.223
2024_02_12_12_36_00_749,0.4,0.0,193330.0,193329.0,79.50199,1.322595e-05,0.1359751,-1.551609e-06,0.009029271,-0.0001244658,1.22,3.790275e-07,-2.780816e-05,-3.970561e-06,-0.0004768371,0.0002019046,0.0001033768,1.223
2024_02_12_12_36_00_786,0.4,0.0,193443.0,193442.0,79.54838,1.337006e-05,0.1359752,-2.877244e-06,0.009029123,-0.0001199294,1.22,2.570755e-05,3.688232e-05,-9.402797e-06,0.01275539,5.343759e-05,-0.004038215,1.223
2024_02_12_12_36_00_819,0.4,0.0,193541.0,193540.0,79.58866,1.345131e-05,0.1359751,-9.338208e-07,0.009028973,-0.0001236009,1.22,2.637251e-06,3.87654e-05,-3.844817e-06,0.0115633,-1.423564e-05,0.0001285225,1.223
2024_02_12_12_36_00_853,0.4,0.0,193642.0,193642.0,79.63017,1.361419e-05,0.1359751,-3.824169e-07,0.009029124,-0.0001164263,1.22,5.444495e-06,-2.212394e-05,-1.880993e-06,0.002503395,-7.345079e-05,-0.003756024,1.223
2024_02_12_12_36_00_890,0.4,0.0,193752.0,193752.0,79.67533,1.372602e-05,0.1359751,1.08386e-07,0.009029241,-0.0001137185,1.22,-1.973942e-06,-5.940762e-05,-2.923316e-07,-0.008583069,4.574485e-05,0.01542084,1.223
2024_02_12_12_36_00_923,0.4,0.0,193850.0,193850.0,79.71561,1.381884e-05,0.1359751,5.781859e-07,0.009029301,-0.0001128934,1.22,-2.03998e-05,-6.1769e-05,-2.090207e-05,-0.008821487,2.261231e-05,0.003936701,1.223
2024_02_12_12_36_00_961,0.4,0.0,193963.0,193963.0,79.762,1.393588e-05,0.1359752,-1.90367e-06,0.009029033,-0.0001125111,1.22,-1.873626e-06,-6.552665e-06,7.297259e-07,-0.007390975,2.662023e-05,-0.0002803281,1.223
2024_02_12_12_36_00_998,0.4,0.0,194073.0,194073.0,79.80717,1.403876e-05,0.1359751,-4.8518e-07,0.009028944,-0.000112458,1.22,-7.939749e-08,-2.126943e-05,-5.125084e-06,-0.00333786,7.497647e-05,-0.003971159,1.223
2024_02_12_12_36_01_032,0.4,0.0,194174.0,194174.0,79.84867,1.412903e-05,0.135975,-5.63044e-07,0.009028766,-0.0001093459,1.22,1.727864e-05,-2.864422e-05,1.032097e-05,-0.007271766,-6.404116e-05,0.01903344,1.223
2024_02_12_12_36_01_069,0.4,0.0,194284.0,194284.0,79.89384,1.418942e-05,0.1359751,-4.233691e-07,0.009028706,-0.0001102199,1.22,-3.547181e-06,-8.581619e-05,-4.752662e-06,-0.004410744,0.0002625536,0.01512468,1.223
2024_02_12_12_36_01_107,0.4,0.0,194397.0,194397.0,79.94022,1.428746e-05,0.135975,-1.637269e-06,0.009028378,-0.0001082685,1.22,2.012982e-05,-2.999632e-05,-8.444676e-06,0.007271766,-0.000101822,-0.02321228,1.223
2024_02_12_12_36_01_140,0.4,0.0,194495.0,194495.0,79.98051,1.435577e-05,0.135975,-5.773842e-07,0.00902823,-0.0001095277,1.22,-2.078352e-05,-4.294452e-05,-2.047199e-05,0.0001192093,0.0001802009,0.01879875,1.223
2024_02_12_12_36_01_178,0.4,0.0,194608.0,194608.0,80.02689,1.444664e-05,0.1359748,-2.568986e-07,0.009028437,-0.000111348,1.22,1.935024e-05,-4.43784e-05,-1.854274e-06,0.02300739,-0.0001199398,-0.03399327,1.223
2024_02_12_12_36_01_215,0.4,0.0,194718.0,194718.0,80.07206,1.450745e-05,0.135975,-5.7602e-07,0.009028616,-0.0001143461,1.22,-1.237552e-06,-9.728373e-05,-3.127968e-06,-0.003576278,-5.936408e-05,-0.00775326,1.223
2024_02_12_12_36_01_253,0.4,0.0,194831.0,194831.0,80.11845,1.458761e-05,0.135975,3.041401e-07,0.009028379,-0.0001164941,1.22,-2.223325e-05,-4.898612e-05,7.38932e-06,0.002741813,0.0001306378,-0.01926813,1.223
2024_02_12_12_36_01_286,0.4,0.0,194929.0,194929.0,80.15873,1.468988e-05,0.135975,-1.3105e-06,0.00902826,-0.0001132263,1.22,2.51736e-06,-7.610492e-05,2.077068e-06,0.002264977,-0.0001200242,0.007468275,1.223
2024_02_12_12_36_01_320,0.4,0.0,195028.0,195027.0,80.19901,1.478736e-05,0.1359747,-1.672367e-07,0.00902805,-0.0001120847,1.22,4.279358e-07,5.952088e-05,-3.268033e-06,-0.01466274,3.430364e-05,0.03062095,1.223
2024_02_12_12_36_01_357,0.4,0.0,195141.0,195140.0,80.2454,1.48686e-05,0.1359749,-1.286041e-06,0.009028557,-0.0001142225,1.22,1.80196e-05,-7.494067e-05,1.767547e-05,0.02098083,-5.775473e-05,-0.03802963,1.223
2024_02_12_12_36_01_390,0.4,0.0,195239.0,195238.0,80.28568,1.495124e-05,0.135975,1.081697e-07,0.009028737,-0.0001119259,1.22,-2.154327e-05,-6.801329e-05,3.542354e-06,0.00655651,5.876472e-05,0.003829598,1.223
2024_02_12_12_36_01_427,0.4,0.0,195349.0,195348.0,80.33085,1.504317e-05,0.135975,-1.445847e-06,0.009028378,-0.0001131935,1.22,1.650622e-05,-1.218419e-05,1.616012e-05,-0.001192093,-0.000106931,-0.000204891,1.223
2024_02_12_12_36_01_465,0.4,0.0,195462.0,195461.0,80.37724,1.512058e-05,0.1359749,7.853507e-08,0.009028317,-0.0001117542,1.22,-5.878102e-07,-2.383994e-05,1.09843e-07,-0.01680851,2.078195e-05,0.007602386,1.223
2024_02_12_12_36_01_502,0.4,0.0,195572.0,195571.0,80.4224,1.521456e-05,0.1359749,-2.240527e-06,0.009028648,-0.0001122417,1.22,2.097524e-05,-6.062428e-05,1.513218e-05,0.01072884,-6.200548e-05,-0.003695488,1.223
2024_02_12_12_36_01_536,0.4,0.0,195673.0,195673.0,80.46391,1.529137e-05,0.1359749,-2.358618e-06,0.009028735,-0.0001136046,1.22,2.003102e-05,1.661016e-05,3.011212e-06,0.002741813,0.0001311994,-0.01888908,1.223
2024_02_12_12_36_01_573,0.4,0.0,195783.0,195783.0,80.50907,1.538667e-05,0.135975,3.013115e-08,0.009028498,-0.0001110232,1.22,1.522172e-07,-8.757406e-06,3.774458e-07,0.01490116,-7.595872e-06,-0.02301018,1.223
2024_02_12_12_36_01_611,0.4,0.0,195896.0,195896.0,80.55546,1.547187e-05,0.135975,-1.583941e-06,0.009028409,-0.0001134009,1.22,-1.652163e-05,-4.188584e-05,1.076737e-05,-0.01132488,8.407596e-05,0.01892727,1.223
2024_02_12_12_36_01_644,0.4,0.0,195994.0,195994.0,80.59574,1.555936e-05,0.1359749,-6.376621e-07,0.009028706,-0.0001138244,1.22,-1.303702e-06,-6.454575e-05,-2.502606e-06,-0.003576278,-6.935647e-05,0.007810071,1.223
2024_02_12_12_36_01_682,0.4,0.0,196107.0,196107.0,80.64213,1.565275e-05,0.135975,-3.577781e-07,0.009028707,-0.0001157758,1.22,1.645766e-06,-3.468627e-05,1.003884e-06,0.002503395,-0.0001297783,-0.03054365,1.223
2024_02_12_12_36_01_715,0.4,0.0,196205.0,196205.0,80.68241,1.574433e-05,0.1359751,5.541785e-07,0.009028556,-0.0001168356,1.22,-1.932197e-06,3.68136e-06,4.181876e-06,0.005364418,-0.0001518749,-0.01564436,1.223
2024_02_12_12_36_01_752,0.4,0.0,196315.0,196315.0,80.72758,1.586871e-05,0.135975,-2.867133e-06,0.009028319,-0.0001122978,1.22,2.524942e-06,-1.556967e-05,-1.196656e-06,-0.01108646,0.0001457326,0.03023166,1.223
2024_02_12_12_36_01_790,0.4,0.0,196428.0,196428.0,80.77396,1.599096e-05,0.135975,1.316196e-06,0.009028706,-0.0001115811,1.22,-1.742287e-06,-9.066944e-05,6.943761e-06,0.004291534,-0.0001636886,0.01157261,1.223
2024_02_12_12_36_01_823,0.4,0.0,196526.0,196526.0,80.81425,1.610991e-05,0.1359749,-1.128928e-06,0.009028764,-0.0001086447,1.22,-1.882532e-05,-1.431031e-05,-1.546891e-05,-0.00667572,-2.918909e-05,-0.003526918,1.223
2024_02_12_12_36_01_857,0.4,0.0,196627.0,196627.0,80.85575,1.621499e-05,0.135975,-1.319299e-06,0.009028617,-0.0001089374,1.22,1.735835e-05,-1.98306e-05,-1.232507e-05,-0.004291534,-7.040785e-05,-0.003838911,1.223
2024_02_12_12_36_01_895,0.4,0.0,196737.0,196737.0,80.90092,1.630941e-05,0.135975,-1.395458e-06,0.009028914,-0.0001084892,1.22,1.835331e-05,-7.496156e-05,1.121893e-05,-0.0002384186,5.031779e-05,0.003828667,1.223
2024_02_12_12_36_01_932,0.4,0.0,196850.0,196850.0,80.9473,1.640964e-05,0.135975,-2.983292e-07,0.009029064,-0.0001080974,1.22,1.616447e-05,-8.342317e-05,1.064131e-05,0.004768372,-4.323033e-05,-0.003572553,1.223
2024_02_12_12_36_01_969,0.4,0.0,196960.0,196960.0,80.99247,1.650389e-05,0.135975,7.192352e-08,0.009028973,-0.0001078547,1.22,1.776125e-05,3.0813e-05,-7.123618e-06,0.007510185,-0.0002142451,-0.01123361,1.223
2024_02_12_12_36_02_007,0.4,0.0,197073.0,197073.0,81.03886,1.658437e-05,0.1359751,-8.124007e-07,0.009029184,-0.0001083381,1.22,1.754838e-05,-1.938125e-05,-1.653143e-05,0.01835823,-6.289622e-05,-0.03054552,1.223
2024_02_12_12_36_02_040,0.4,0.0,197172.0,197171.0,81.07914,1.666965e-05,0.1359751,2.746949e-07,0.009029062,-0.0001078171,1.22,-1.223284e-06,3.920944e-06,6.119121e-07,0.01513958,5.17457e-06,-0.03058649,1.223
2024_02_12_12_36_02_078,0.4,0.0,197282.0,197281.0,81.12431,1.677292e-05,0.1359751,1.641594e-07,0.009029062,-0.0001061684,1.22,-3.470588e-07,-1.032268e-06,-1.235332e-06,-0.004529953,-2.934075e-05,0.007572583,1.223
2024_02_12_12_36_02_111,0.4,0.0,197383.0,197382.0,81.16581,1.685653e-05,0.1359751,8.019348e-07,0.009029362,-0.0001033157,1.22,-4.24507e-06,-4.933374e-05,-1.099261e-06,-0.01442432,0.0001233329,9.49949e-05,1.223
2024_02_12_12_36_02_148,0.4,0.0,197493.0,197492.0,81.21098,1.691947e-05,0.1359751,-6.826721e-07,0.00902942,-0.0001043938,1.22,1.859108e-05,-2.367533e-05,-1.024604e-05,-0.009655952,5.414563e-05,0.0269264,1.223
2024_02_12_12_36_02_185,0.4,0.0,197606.0,197605.0,81.25736,1.701106e-05,0.1359752,-1.42473e-07,0.009029034,-0.0001045556,1.22,-7.694914e-07,3.529055e-05,-1.78592e-06,-0.0009536743,1.398666e-05,0.0305539,1.223
2024_02_12_12_36_02_223,0.4,0.0,197716.0,197715.0,81.30253,1.709802e-05,0.1359751,4.169164e-08,0.009029005,-0.0001063324,1.22,-9.699503e-07,2.006816e-05,7.823387e-08,-0.00846386,1.59514e-05,0.01533516,1.223
2024_02_12_12_36_02_262,0.4,0.0,197829.0,197828.0,81.34892,1.717415e-05,0.135975,9.491092e-07,0.009028796,-0.0001068744,1.22,1.912867e-05,-1.172556e-06,2.140869e-05,0.007390975,-5.447123e-05,-0.007480382,1.223
2024_02_12_12_36_02_294,0.4,0.0,197927.0,197927.0,81.3892,1.724643e-05,0.1359749,4.579278e-07,0.009028766,-0.0001062021,1.22,-1.906156e-06,-4.719466e-05,-2.776286e-06,-0.003695488,2.037586e-05,-0.007479451,1.223
2024_02_12_12_36_02_327,0.4,0.0,198025.0,198025.0,81.42948,1.732428e-05,0.1359751,-3.204277e-06,0.009028587,-0.0001067739,1.22,4.229608e-05,-1.253943e-05,6.373772e-06,-0.009298325,1.56565e-05,0.01490302,1.223
2024_02_12_12_36_02_365,0.4,0.0,198138.0,198138.0,81.47587,1.742119e-05,0.135975,1.180224e-06,0.009028409,-0.0001052275,1.22,-2.194795e-05,-2.404474e-05,-1.54202e-05,-0.006318092,0.0002996126,0.02276804,1.223
2024_02_12_12_36_02_398,0.4,0.0,198236.0,198236.0,81.51615,1.748175e-05,0.1359748,-3.961103e-07,0.009028438,-0.0001079711,1.22,-1.400191e-06,3.917299e-06,5.994036e-06,-0.004887581,3.395712e-05,0.01566485,1.223
2024_02_12_12_36_02_436,0.4,0.0,198349.0,198349.0,81.56254,1.756736e-05,0.1359749,-1.740685e-06,0.009028645,-0.000108133,1.22,-4.287475e-07,-2.198643e-05,4.157923e-06,-0.007033348,0.0001155945,-0.0191126,1.223
2024_02_12_12_36_02_474,0.4,0.0,198459.0,198459.0,81.6077,1.765375e-05,0.1359751,-7.497813e-08,0.009028855,-0.0001087684,1.22,-6.228698e-07,-0.0001027296,1.857822e-06,0.001788139,7.813559e-05,-0.0002151355,1.223
2024_02_12_12_36_02_512,0.4,0.0,198572.0,198572.0,81.65409,1.774155e-05,0.1359751,3.256011e-07,0.009028617,-0.0001083663,1.22,-2.134412e-05,-3.988713e-05,-2.142277e-05,-0.0001192093,9.980567e-06,-0.0001220032,1.223
2024_02_12_12_36_02_544,0.4,0.0,198670.0,198670.0,81.69437,1.778543e-05,0.1359749,3.133422e-07,0.009028587,-0.0001117749,1.22,-2.121841e-05,8.237371e-06,-2.07159e-05,-0.001192093,0.0001129654,-0.01123734,1.223
2024_02_12_12_36_02_577,0.4,0.0,198768.0,198768.0,81.73466,1.789159e-05,0.135975,-1.325882e-06,0.009028677,-0.0001103949,1.22,4.126298e-06,-0.0001161173,-3.729932e-06,-0.007271766,-0.0001737669,0.02672337,1.223
2024_02_12_12_36_02_615,0.4,0.0,198881.0,198881.0,81.78104,1.799213e-05,0.135975,2.145526e-06,0.009028616,-0.0001115965,1.22,6.506189e-07,-0.000113832,4.132422e-06,0.0005960464,-0.0001655044,-0.0001108274,1.223
2024_02_12_12_36_02_648,0.4,0.0,198979.0,198979.0,81.82133,1.806072e-05,0.135975,-6.410269e-07,0.009028379,-0.0001110646,1.22,4.024326e-07,-5.403762e-05,3.025186e-06,0.002861023,0.0001200317,-0.003993511,1.223
2024_02_12_12_36_02_686,0.4,0.0,199092.0,199092.0,81.86771,1.819109e-05,0.135975,-1.963535e-06,0.009028349,-0.0001076805,1.22,7.474562e-06,-7.999371e-05,-6.117641e-07,0.0004768371,-6.650316e-05,-0.0001341105,1.223
2024_02_12_12_36_02_723,0.4,0.0,199203.0,199202.0,81.91288,1.831714e-05,0.135975,-1.644517e-07,0.009028646,-0.0001048576,1.22,-9.142423e-07,-0.0001220692,1.221062e-06,0.0004768371,-0.0001927219,-6.426126e-05,1.223
2024_02_12_12_36_02_757,0.4,0.0,199301.0,199300.0,81.95316,1.841414e-05,0.135975,-3.758256e-08,0.009028616,-0.0001031194,1.22,-1.603221e-06,-0.0001305378,-1.833367e-06,0.001788139,-0.0001800263,-6.891787e-05,1.223
2024_02_12_12_36_02_794,0.4,0.0,199414.0,199413.0,81.99955,1.849998e-05,0.135975,1.392003e-07,0.009028409,-0.0001070415,1.22,-2.070458e-05,-1.817798e-05,1.395288e-05,-0.002622604,2.778233e-05,-0.003987923,1.223
2024_02_12_12_36_02_827,0.4,0.0,199512.0,199511.0,82.03983,1.858781e-05,0.1359749,-4.173004e-07,0.009028379,-0.0001071249,1.22,-2.170615e-05,-5.550389e-05,-1.838825e-05,0.001072884,8.964116e-05,-0.0001043081,1.223
2024_02_12_12_36_02_865,0.4,0.0,199625.0,199624.0,82.08622,1.869943e-05,0.1359748,-1.736235e-06,0.009028615,-0.000105901,1.22,-1.247161e-06,-1.870416e-05,1.418028e-06,-0.002861023,5.769061e-05,-0.007369555,1.223
2024_02_12_12_36_02_903,0.4,0.0,199735.0,199735.0,82.13139,1.878249e-05,0.1359749,1.431624e-07,0.009028794,-0.0001080061,1.22,-3.47403e-06,-2.808524e-05,1.717623e-06,0.01990795,0.0001373762,-0.03780052,1.223
2024_02_12_12_36_02_940,0.4,0.0,199848.0,199848.0,82.17777,1.889555e-05,0.135975,-1.381595e-07,0.009028943,-0.0001054019,1.22,-1.556291e-05,-6.383919e-06,-1.635247e-05,0.000834465,7.393509e-05,0.0001769513,1.223
2024_02_12_12_36_02_977,0.4,0.0,199958.0,199958.0,82.22294,1.900684e-05,0.135975,-2.116599e-07,0.009028943,-0.0001057074,1.22,-4.562008e-07,1.459629e-05,1.160614e-06,0.0004768371,-0.0002154036,0.000141561,1.223
2024_02_12_12_36_03_011,0.4,0.0,200059.0,200059.0,82.26444,1.912135e-05,0.1359751,1.48139e-07,0.009029004,-0.0001031152,1.22,1.57874e-05,-4.186907e-05,-9.302111e-06,-0.007987022,-8.69079e-06,-0.01157448,1.223
2024_02_12_12_36_03_048,0.4,0.0,200169.0,200169.0,82.30961,1.91985e-05,0.135975,2.654394e-07,0.009028796,-0.0001039143,1.22,-6.405232e-06,-2.459298e-05,-5.457831e-06,0.01096725,0.0001968262,0.007887371,1.223
2024_02_12_12_36_03_087,0.4,0.0,200282.0,200282.0,82.356,1.929192e-05,0.1359751,-1.097828e-06,0.009028855,-0.0001034168,1.22,-4.958778e-07,-7.978874e-05,2.130978e-06,0.001549721,-8.279266e-05,-0.01148786,1.223
2024_02_12_12_36_03_120,0.4,0.0,200380.0,200380.0,82.39628,1.937844e-05,0.1359751,2.244647e-07,0.009028855,-0.0001031091,1.22,-8.655763e-07,-8.201358e-05,1.392269e-07,0.005483627,-2.595061e-05,-0.01547858,1.223
2024_02_12_12_36_03_157,0.4,0.0,200490.0,200490.0,82.44144,1.94751e-05,0.135975,-6.928931e-07,0.009028737,-0.0001022794,1.22,-3.075391e-06,-6.304893e-06,-3.612282e-06,0.003457069,1.08023e-05,0.0001788139,1.223
2024_02_12_12_36_03_194,0.4,0.0,200603.0,200603.0,82.48783,1.957704e-05,0.135975,-1.868985e-08,0.009028677,-0.0001013809,1.22,-2.395178e-06,-2.791406e-05,-2.267811e-07,-0.008583069,-0.0002219385,-0.007632188,1.223
2024_02_12_12_36_03_231,0.4,0.0,200713.0,200713.0,82.533,1.966498e-05,0.135975,1.762969e-08,0.009028795,-0.0001004911,1.22,1.905386e-05,-3.505007e-05,-7.300096e-06,-0.0003576278,-1.057469e-05,0.0001257285,1.223
2024_02_12_12_36_03_269,0.4,0.0,200826.0,200826.0,82.57938,1.975011e-05,0.135975,-1.177104e-06,0.009028915,-0.0001018614,1.22,4.040443e-05,-3.636254e-05,5.657203e-06,0.005245208,-0.0003797002,-0.007493421,1.223
2024_02_12_12_36_03_306,0.4,0.0,200936.0,200936.0,82.62455,1.984311e-05,0.1359751,-6.598411e-07,0.009029094,-0.0001001715,1.22,-2.121996e-06,-5.325282e-05,-1.344393e-07,0.003457069,-6.489858e-05,0.00392925,1.223
2024_02_12_12_36_03_343,0.4,0.0,201049.0,201049.0,82.67094,1.993409e-05,0.1359751,-4.550701e-07,0.009029004,-0.0001029712,1.22,4.961706e-07,-1.602727e-06,5.026503e-06,-0.006318092,2.356182e-05,-0.01147017,1.223
2024_02_12_12_36_03_378,0.4,0.0,201147.0,201147.0,82.71122,2.000123e-05,0.135975,3.523747e-07,0.009029062,-0.0001036771,1.22,-4.122828e-06,-1.691701e-05,3.885202e-07,-0.008225441,2.002946e-05,0.01154747,1.223
2024_02_12_12_36_03_415,0.4,0.0,201260.0,201260.0,82.75761,2.008992e-05,0.1359751,8.820786e-08,0.009029033,-0.0001038776,1.22,-3.867125e-07,2.502002e-05,6.460598e-07,-0.020504,-1.693411e-05,0.03823638,1.223
2024_02_12_12_36_03_448,0.4,0.0,201358.0,201358.0,82.79789,2.017858e-05,0.1359752,-2.137709e-06,0.009028945,-0.0001043303,1.22,-4.526166e-07,-2.672757e-05,-2.383171e-06,0.015378,-0.0002243926,-0.01145154,1.223
2024_02_12_12_36_03_486,0.4,0.0,201471.0,201471.0,82.84428,2.027036e-05,0.135975,4.905569e-07,0.009028915,-0.0001051598,1.22,-1.410069e-06,1.761945e-05,4.825377e-07,-0.004529953,1.832427e-05,0.0001117587,1.223
2024_02_12_12_36_03_523,0.4,0.0,201581.0,201581.0,82.88944,2.036538e-05,0.135975,-1.556088e-07,0.009028856,-0.0001037736,1.22,-4.624427e-06,1.592554e-05,-2.128793e-06,0.002741813,-0.000281105,-0.007548369,1.223
2024_02_12_12_36_03_556,0.4,0.0,201680.0,201679.0,82.92973,2.042668e-05,0.1359751,-8.840629e-07,0.009028915,-0.0001052385,1.22,2.027867e-05,-3.570693e-05,-1.220454e-05,0.002264977,4.985622e-05,0.003780238,1.223
2024_02_12_12_36_03_594,0.4,0.0,201793.0,201792.0,82.97611,2.048755e-05,0.135975,-1.247026e-06,0.009028914,-0.0001076998,1.22,1.603641e-05,-2.787506e-05,1.046313e-05,0.0128746,-0.0002592352,-0.007491558,1.223
2024_02_12_12_36_03_631,0.4,0.0,201903.0,201902.0,83.02128,2.057785e-05,0.1359751,-1.770338e-06,0.009028795,-0.0001054193,1.22,1.908538e-06,-1.937837e-05,-1.83805e-06,0.009417534,0.0001278015,-0.007796101,1.223
2024_02_12_12_36_03_666,0.4,0.0,202004.0,202003.0,83.06278,2.066997e-05,0.135975,-1.734857e-07,0.009028735,-0.0001069962,1.22,-5.767274e-07,-2.533419e-06,4.757442e-06,-0.015378,-1.075864e-05,7.729977e-05,1.223
2024_02_12_12_36_03_698,0.4,0.0,202102.0,202102.0,83.10307,2.075093e-05,0.1359751,-1.417931e-07,0.009028587,-0.0001061648,1.22,-4.637121e-05,-1.28921e-05,-8.490358e-06,0.001192093,8.452764e-05,-0.0002738088,1.223
2024_02_12_12_36_03_736,0.4,0.0,202215.0,202215.0,83.14945,2.085368e-05,0.135975,-2.023021e-06,0.009028319,-0.0001050202,1.22,1.083273e-06,-5.30114e-05,3.669673e-06,-0.002384186,-0.0001623655,0.01109578,1.223
2024_02_12_12_36_03_773,0.4,0.0,202325.0,202325.0,83.19462,2.094287e-05,0.1359748,-9.660554e-07,0.0090282,-0.0001065562,1.22,1.874363e-05,5.860393e-05,1.525468e-05,-0.01299381,5.757101e-05,0.00400655,1.223
2024_02_12_12_36_03_806,0.4,0.0,202423.0,202423.0,83.2349,2.104835e-05,0.1359749,-1.655526e-06,0.009028615,-0.0001033985,1.22,-1.983276e-06,-7.836284e-06,-2.0388e-06,-0.003933907,-2.273805e-05,0.003967434,1.223
2024_02_12_12_36_03_840,0.4,0.0,202524.0,202524.0,83.27641,2.111827e-05,0.135975,5.280142e-07,0.009028765,-0.0001036054,1.22,-3.129927e-06,-4.691483e-05,2.901452e-06,0.001549721,-0.0001269283,-0.01135934,1.223
2024_02_12_12_36_03_877,0.4,0.0,202634.0,202634.0,83.32157,2.118307e-05,0.135975,-3.079427e-07,0.009028677,-0.0001041828,1.22,-1.530525e-06,-8.419015e-05,-5.914281e-07,0.01752377,-1.683861e-05,-0.007790513,1.223
2024_02_12_12_36_03_915,0.4,0.0,202747.0,202747.0,83.36796,2.125459e-05,0.135975,-9.336869e-07,0.009028259,-0.0001045567,1.22,-1.310523e-06,-3.097713e-06,2.308039e-06,-0.001192093,9.939299e-05,-0.0003241002,1.223
2024_02_12_12_36_03_952,0.4,0.0,202857.0,202857.0,83.41312,2.133625e-05,0.135975,-3.617079e-07,0.009028737,-0.0001068111,1.22,2.114492e-06,-6.074833e-05,5.07874e-07,0.006437301,-0.0002228744,3.911554e-05,1.223
2024_02_12_12_36_03_986,0.4,0.0,202955.0,202955.0,83.45341,2.140491e-05,0.135975,-4.942646e-07,0.009028676,-0.0001068551,1.22,-2.233153e-06,-0.0001022789,1.156411e-06,0.01835823,-0.0001821081,-0.02667587,1.223
2024_02_12_12_36_04_023,0.4,0.0,203068.0,203068.0,83.49979,2.14833e-05,0.135975,-1.01906e-07,0.009028409,-0.0001068892,1.22,-2.79366e-07,-4.298273e-05,1.710079e-06,0.002026558,1.499939e-05,-0.0001601875,1.223
2024_02_12_12_36_04_061,0.4,0.0,203178.0,203178.0,83.54496,2.154982e-05,0.1359749,-5.654822e-07,0.009028319,-0.0001086447,1.22,-1.768357e-07,-5.603187e-05,-2.080207e-06,-0.01013279,6.663617e-05,0.03411062,1.223
2024_02_12_12_36_04_099,0.4,0.0,203291.0,203291.0,83.59135,2.165796e-05,0.135975,-5.078152e-07,0.009028587,-0.000106164,1.22,2.072635e-05,-0.0001262589,-5.972772e-06,0.006198883,-0.0001550445,-0.01912005,1.223
2024_02_12_12_36_04_131,0.4,0.0,203389.0,203389.0,83.63163,2.174059e-05,0.135975,-1.408895e-07,0.009028616,-0.000106149,1.22,6.933334e-07,-0.0001239408,-1.398556e-06,0.002145767,4.050798e-05,0.007528811,1.223
2024_02_12_12_36_04_169,0.4,0.0,203502.0,203502.0,83.67802,2.185227e-05,0.135975,-2.234257e-06,0.009028468,-0.0001030976,1.22,7.811364e-07,-1.719972e-05,-2.365313e-07,0.01513958,2.074534e-05,0.01532771,1.223
2024_02_12_12_36_04_206,0.4,0.0,203612.0,203612.0,83.72318,2.19658e-05,0.135975,-5.146245e-07,0.009028498,-0.0001007011,1.22,2.533241e-05,-1.095703e-05,-5.202802e-06,0.0001192093,4.301228e-06,0.01139473,1.223
2024_02_12_12_36_04_244,0.4,0.0,203725.0,203725.0,83.76957,2.203767e-05,0.135975,-4.381854e-07,0.009028676,-0.000104637,1.22,-2.779641e-06,-4.127016e-05,-9.882627e-07,-0.005364418,-0.0002532252,-0.003815628,1.223
2024_02_12_12_36_04_277,0.4,0.0,203824.0,203823.0,83.80985,2.211069e-05,0.135975,-2.011405e-06,0.009028646,-0.0001043365,1.22,8.032735e-07,-1.103234e-05,1.428282e-06,-0.01502037,7.543735e-05,0.007677823,1.223
2024_02_12_12_36_04_314,0.4,0.0,203937.0,203936.0,83.85624,2.221542e-05,0.1359751,2.548057e-07,0.009028558,-0.0001018399,1.22,-4.253758e-05,-2.218448e-05,-3.912248e-06,0.004291534,0.0002231629,-0.007871538,1.223
2024_02_12_12_36_04_352,0.4,0.0,204047.0,204046.0,83.90141,2.227677e-05,0.1359749,-3.724062e-07,0.009028377,-0.000104891,1.22,-2.840962e-06,-2.910052e-05,5.41033e-06,-0.008821487,-0.0001807298,0.003622845,1.223
2024_02_12_12_36_04_390,0.4,0.0,204160.0,204159.0,83.94779,2.235733e-05,0.1359748,1.660187e-07,0.009028497,-0.0001067329,1.22,5.150345e-07,-6.222886e-05,-9.754628e-08,0.007748603,-2.540901e-05,-0.04569068,1.223
2024_02_12_12_36_04_427,0.4,0.0,204270.0,204269.0,83.99296,2.244994e-05,0.1359749,4.791387e-08,0.009028737,-0.0001052343,1.22,-1.533107e-06,1.966423e-05,-1.115525e-06,-0.01204014,5.363176e-05,0.03841519,1.223
2024_02_12_12_36_04_465,0.4,0.0,204383.0,204382.0,84.03934,2.252544e-05,0.135975,-4.346652e-08,0.009028886,-0.000104235,1.22,-2.287685e-05,-3.877797e-05,-1.885509e-05,0.003457069,-8.668167e-06,-0.007642433,1.223
2024_02_12_12_36_04_502,0.4,0.0,204493.0,204492.0,84.08451,2.26467e-05,0.1359751,-2.00283e-06,0.009028886,-0.0001027114,1.22,2.513681e-05,-8.329018e-05,1.809437e-05,0.01168251,-0.0002515635,-0.01922809,1.223
2024_02_12_12_36_04_540,0.4,0.0,204606.0,204605.0,84.1309,2.276691e-05,0.135975,-1.420392e-06,0.009028943,-0.0001037618,1.22,1.950476e-05,-8.618453e-05,1.671786e-05,0.010252,-0.0001029514,-0.01134537,1.223
2024_02_12_12_36_04_574,0.4,0.0,204704.0,204703.0,84.17118,2.285159e-05,0.135975,-1.608781e-06,0.009028737,-0.0001016307,1.22,1.806737e-05,-1.522897e-05,-8.758864e-06,0.01430511,0.000112427,-0.01893099,1.223
2024_02_12_12_36_04_610,0.4,0.0,204814.0,204813.0,84.21635,2.293085e-05,0.135975,-1.036018e-06,0.009028737,-0.0001021009,1.22,-2.292616e-05,-1.678427e-05,7.092433e-06,0.00846386,0.0002130957,-0.01152512,1.223
2024_02_12_12_36_04_649,0.4,0.0,204927.0,204926.0,84.26273,2.301984e-05,0.135975,1.592549e-07,0.009028467,-9.858113e-05,1.22,-5.392086e-06,-1.461424e-05,9.168941e-06,0.002741813,-0.0002481382,0.003639608,1.223
2024_02_12_12_36_04_685,0.4,0.0,205037.0,205037.0,84.3079,2.304119e-05,0.1359749,-1.974757e-07,0.009028408,-0.0001051111,1.22,-2.42505e-05,-1.972534e-05,9.533444e-06,0.008583069,0.0002018523,-0.02660602,1.223
2024_02_12_12_36_04_724,0.4,0.0,205150.0,205150.0,84.35429,2.312196e-05,0.135975,-7.678435e-07,0.009028676,-0.0001059542,1.22,2.213442e-05,-0.0001241117,2.012888e-05,0.002980232,2.346428e-05,-0.01544319,1.223
2024_02_12_12_36_04_757,0.4,0.0,205248.0,205248.0,84.39457,2.321249e-05,0.135975,-4.445292e-07,0.009028646,-0.0001038725,1.22,-1.850231e-05,-7.799986e-05,-1.111274e-05,-0.00834465,0.0002270099,0.01524668,1.223
2024_02_12_12_36_04_795,0.4,0.0,205361.0,205361.0,84.44096,2.33109e-05,0.135975,-2.835318e-07,0.009028826,-0.0001049148,1.22,-1.264121e-06,-6.476964e-05,-1.789321e-06,0.006318092,-1.706098e-05,-0.03807247,1.223
2024_02_12_12_36_04_827,0.4,0.0,205459.0,205459.0,84.48124,2.339395e-05,0.1359752,-1.668264e-06,0.009028885,-0.0001046934,1.22,1.968225e-05,-4.399256e-05,1.486251e-05,0.01275539,-0.0001161241,-0.03073551,1.223
2024_02_12_12_36_04_865,0.4,0.0,205572.0,205572.0,84.52763,2.348027e-05,0.135975,-3.578701e-07,0.009028945,-0.0001019877,1.22,-2.73119e-06,3.564821e-05,-2.047494e-06,-0.0002384186,0.0001120399,0.004093163,1.223
2024_02_12_12_36_04_902,0.4,0.0,205682.0,205682.0,84.57279,2.35593e-05,0.135975,-1.494281e-06,0.009029271,-0.0001031802,1.22,3.698119e-07,-6.139973e-05,2.581167e-06,0.01037121,-6.219352e-06,-0.01112185,1.223
2024_02_12_12_36_04_940,0.4,0.0,205795.0,205795.0,84.61918,2.364029e-05,0.1359752,-5.446749e-07,0.009029123,-0.0001035644,1.22,2.003258e-05,3.799452e-05,-1.035034e-05,0.005364418,-5.112326e-05,0.003749504,1.223
2024_02_12_12_36_04_977,0.4,0.0,205905.0,205905.0,84.66434,2.371388e-05,0.1359751,-2.50607e-06,0.009029004,-0.0001060012,1.22,1.055933e-07,2.454869e-05,-8.090951e-06,-0.003814697,0.0001856765,0.003663823,1.223
2024_02_12_12_36_05_015,0.4,0.0,206018.0,206018.0,84.71073,2.381491e-05,0.1359751,-2.385928e-07,0.009029273,-0.0001065905,1.22,2.392135e-06,-5.653537e-05,-3.517735e-06,0.003099441,8.32822e-05,0.00407733,1.223
2024_02_12_12_36_05_053,0.4,0.0,206128.0,206128.0,84.7559,2.392834e-05,0.1359751,-2.025432e-06,0.00902936,-0.0001044341,1.22,2.013938e-05,-4.659697e-05,9.288983e-06,-0.0003576278,-0.0001763319,0.0001359731,1.223
2024_02_12_12_36_05_090,0.4,0.0,206238.0,206238.0,84.80106,2.402214e-05,0.1359752,-6.793766e-08,0.009029064,-0.000103328,1.22,-2.52085e-06,5.111928e-05,-3.232761e-07,0.01144409,-9.967345e-05,-0.007633119,1.223
2024_02_12_12_36_05_127,0.4,0.0,206351.0,206351.0,84.84745,2.410333e-05,0.1359751,-1.338023e-06,0.009028973,-0.0001036155,1.22,4.218062e-05,3.824837e-05,9.428133e-06,-0.002264977,-0.0001452236,-0.007666647,1.223
2024_02_12_12_36_05_165,0.4,0.0,206461.0,206461.0,84.89262,2.418752e-05,0.1359751,-4.441195e-08,0.009028885,-0.0001035672,1.22,-4.587211e-08,4.885224e-05,-4.542552e-07,-0.009059906,6.18063e-05,0.03047846,1.223
2024_02_12_12_36_05_202,0.4,0.0,206574.0,206574.0,84.939,2.427004e-05,0.135975,-3.393896e-07,0.009028795,-0.0001023745,1.22,5.822536e-07,-9.220354e-06,1.258804e-05,-0.01335144,-7.614084e-05,0.01924485,1.223
2024_02_12_12_36_05_240,0.4,0.0,206684.0,206684.0,84.98417,2.434883e-05,0.135975,-9.77441e-07,0.009028855,-0.0001039916,1.22,-4.492332e-07,-8.625844e-05,2.187667e-06,0.009775162,7.209474e-05,-0.0304468,1.223
2024_02_12_12_36_05_273,0.4,0.0,206785.0,206785.0,85.02567,2.441784e-05,0.1359751,-2.556821e-07,0.009028885,-0.0001028544,1.22,-1.271231e-06,-8.004393e-05,-1.18134e-06,0.003099441,6.589118e-05,0.007607974,1.223
2024_02_12_12_36_05_311,0.4,0.0,206895.0,206895.0,85.07084,2.449279e-05,0.1359751,8.371918e-07,0.009028765,-0.0001019307,1.22,8.106876e-07,-4.106832e-05,1.420129e-05,0.01513958,-5.315974e-05,-0.04210975,1.223
2024_02_12_12_36_05_344,0.4,0.0,206996.0,206996.0,85.11234,2.455861e-05,0.135975,2.069931e-07,0.009028705,-0.0001051802,1.22,-5.36522e-07,1.736516e-05,1.896346e-05,-0.001907349,-0.0001483665,0.0001555309,1.223
2024_02_12_12_36_05_381,0.4,0.0,207106.0,207106.0,85.15751,2.463624e-05,0.1359751,1.469332e-07,0.009028528,-0.0001044959,1.22,-9.630916e-07,-2.839814e-05,5.562947e-06,-0.001907349,-9.497182e-05,-0.0003026798,1.223
2024_02_12_12_36_05_418,0.4,0.0,207219.0,207219.0,85.2039,2.468641e-05,0.135975,3.51113e-07,0.009028289,-0.0001076133,1.22,1.936431e-05,-4.649649e-05,1.999046e-05,0.004053116,-0.0001948898,0.01512375,1.223
2024_02_12_12_36_05_456,0.4,0.0,207329.0,207329.0,85.24906,2.477155e-05,0.1359747,4.215825e-07,0.00902811,-0.0001043796,1.22,1.338628e-06,7.802913e-05,4.688337e-06,-0.01227856,-2.54995e-05,0.03072247,1.223
2024_02_12_12_36_05_494,0.4,0.0,207442.0,207442.0,85.29545,2.486249e-05,0.135975,-6.615816e-07,0.009028616,-0.0001035174,1.22,6.356193e-06,-0.0001100983,4.623434e-06,0.002980232,-7.752533e-06,-0.003893859,1.223
2024_02_12_12_36_05_531,0.4,0.0,207552.0,207552.0,85.34061,2.493519e-05,0.1359749,-1.25635e-06,0.009028646,-0.00010806,1.22,1.835824e-05,-4.352686e-05,6.728828e-06,-0.006198883,-0.0001660949,0.0077039,1.223
2024_02_12_12_36_05_570,0.4,0.0,207665.0,207665.0,85.387,2.500014e-05,0.135975,-1.040902e-06,0.009028348,-0.0001079431,1.22,-2.581023e-07,-2.167131e-05,-2.243003e-06,0.001788139,-4.043613e-06,-0.0002766028,1.223
2024_02_12_12_36_05_606,0.4,0.0,207775.0,207775.0,85.43217,2.508486e-05,0.1359748,-1.566756e-07,0.009028377,-0.0001088638,1.22,-1.97639e-05,-4.890428e-06,1.055629e-05,-0.01180172,7.412245e-05,0.01158379,1.223
2024_02_12_12_36_05_645,0.4,0.0,207888.0,207888.0,85.47855,2.516749e-05,0.1359749,-6.57755e-07,0.009028528,-0.0001100125,1.22,7.219467e-07,-6.876109e-05,-4.731372e-06,0.01347065,-9.730956e-05,-0.02282485,1.223
2024_02_12_12_36_05_677,0.4,0.0,207987.0,207986.0,85.51884,2.525272e-05,0.1359749,-5.763683e-07,0.009028615,-0.0001094827,1.22,-1.534382e-05,-7.955714e-05,1.236855e-05,0.01358986,0.0002114643,-0.02281926,1.223
2024_02_12_12_36_05_714,0.4,0.0,208097.0,208096.0,85.564,2.536947e-05,0.135975,-1.404696e-06,0.009028468,-0.0001083708,1.22,-3.528412e-08,-6.875756e-06,-3.20305e-06,0.004649162,-4.578578e-05,-0.003866851,1.223
2024_02_12_12_36_05_748,0.4,0.0,208198.0,208197.0,85.60551,2.546552e-05,0.135975,-1.459645e-06,0.009028349,-0.0001070154,1.22,3.632559e-06,-4.826843e-05,-1.43494e-06,0.002980232,-2.287152e-05,-0.000259839,1.223
2024_02_12_12_36_05_785,0.4,0.0,208308.0,208308.0,85.65067,2.558601e-05,0.135975,-2.279542e-07,0.009028677,-0.0001052105,1.22,-4.000512e-07,-5.24606e-05,2.179454e-06,-0.009298325,2.025899e-05,0.01919363,1.223
2024_02_12_12_36_05_822,0.4,0.0,208421.0,208421.0,85.69706,2.566145e-05,0.1359749,1.939971e-07,0.009028737,-0.0001064426,1.22,-3.529769e-07,-2.115302e-05,-7.952369e-07,-0.02336502,3.347395e-06,0.06892532,1.223
2024_02_12_12_36_05_856,0.4,0.0,208519.0,208519.0,85.73734,2.574162e-05,0.1359751,7.874339e-07,0.009028498,-0.0001047832,1.22,-3.008729e-08,-1.621522e-05,3.688316e-06,-0.005483627,0.0002695667,-0.000285916,1.223
2024_02_12_12_36_05_894,0.4,0.0,208632.0,208632.0,85.78373,2.583209e-05,0.135975,-1.300234e-07,0.009028348,-0.0001038835,1.22,-2.190617e-05,-4.457065e-05,-1.015447e-05,0.01895428,-3.282253e-05,-0.05357712,1.223
2024_02_12_12_36_05_930,0.4,0.0,208742.0,208742.0,85.8289,2.591974e-05,0.135975,-1.65756e-06,0.009028677,-0.0001074498,1.22,2.065868e-05,-0.0001245173,-1.010495e-05,0.004529953,-9.629116e-05,-0.04218332,1.223
2024_02_12_12_36_05_969,0.4,0.0,208855.0,208855.0,85.87528,2.603947e-05,0.135975,-7.502577e-07,0.009028676,-0.0001045058,1.22,2.514395e-05,-2.997301e-05,-7.169759e-06,0.01072884,-2.894057e-05,-0.01126993,1.223
2024_02_12_12_36_06_007,0.4,0.0,208965.0,208965.0,85.92045,2.613529e-05,0.1359751,-1.879141e-06,0.009028617,-0.0001048661,1.22,-2.465266e-06,-3.901881e-05,-7.950544e-06,0.01883507,0.0002592496,-0.03839284,1.223
2024_02_12_12_36_06_044,0.4,0.0,209078.0,209078.0,85.96684,2.620436e-05,0.135975,7.209712e-07,0.009028408,-0.0001069939,1.22,-1.647893e-06,-3.248387e-05,-2.070947e-06,0.01180172,-1.792591e-05,-0.03831927,1.223
2024_02_12_12_36_06_081,0.4,0.0,209188.0,209188.0,86.012,2.628754e-05,0.135975,4.18263e-08,0.009028677,-0.0001051059,1.22,-1.857268e-07,-7.941089e-05,1.256188e-06,-0.001072884,-1.850367e-05,0.02323277,1.223
2024_02_12_12_36_06_120,0.4,0.0,209301.0,209301.0,86.05839,2.63772e-05,0.1359749,6.755565e-08,0.009028737,-0.0001062856,1.22,2.142677e-05,-1.127579e-05,-1.174333e-05,0.02288818,-1.338913e-05,-0.04169531,1.223
2024_02_12_12_36_06_152,0.4,0.0,209399.0,209399.0,86.09867,2.644844e-05,0.135975,6.230209e-07,0.009028884,-0.000107723,1.22,-3.307328e-06,-5.834152e-05,8.943328e-06,-0.002503395,-9.459302e-05,6.519258e-06,1.223
2024_02_12_12_36_06_189,0.4,0.0,209509.0,209509.0,86.14384,2.65353e-05,0.135975,-7.596123e-08,0.009028973,-0.0001067223,1.22,9.845188e-07,1.671574e-05,2.471915e-06,-0.0115633,1.957915e-06,0.0151936,1.223
2024_02_12_12_36_06_222,0.4,0.0,209610.0,209610.0,86.18534,2.662348e-05,0.1359751,4.283528e-07,0.009029122,-0.0001042996,1.22,-3.913479e-06,-1.30502e-05,-2.407815e-06,-0.01454353,8.92619e-05,6.426126e-05,1.223
2024_02_12_12_36_06_261,0.4,0.0,209720.0,209720.0,86.23051,2.670774e-05,0.1359751,-8.025534e-07,0.009028945,-0.0001040358,1.22,1.142006e-06,-2.337079e-06,3.655121e-06,-0.008583069,0.0002520799,0.0267541,1.223
2024_02_12_12_36_06_298,0.4,0.0,209833.0,209833.0,86.27689,2.680989e-05,0.135975,-7.260203e-07,0.009028943,-0.000101304,1.22,-2.096968e-06,-4.438019e-05,2.369705e-06,0.01347065,-0.0002149618,-0.03432296,1.223
2024_02_12_12_36_06_336,0.4,0.0,209943.0,209943.0,86.32206,2.688705e-05,0.1359751,6.006044e-07,0.009028945,-0.0001010062,1.22,1.013186e-06,5.525106e-06,2.231794e-06,0.0,-5.907304e-05,0.02299063,1.223
2024_02_12_12_36_06_373,0.4,0.0,210056.0,210056.0,86.36845,2.696013e-05,0.135975,-4.151173e-07,0.009029062,-0.0001045093,1.22,-1.928672e-06,-6.026201e-05,-5.565504e-07,0.01394749,0.0002382221,-0.0188956,1.223
2024_02_12_12_36_06_410,0.4,0.0,210166.0,210166.0,86.41361,2.705527e-05,0.135975,-2.705432e-07,0.009028914,-0.0001047146,1.22,2.637262e-06,-2.35625e-05,-6.607132e-07,0.01490116,-0.0001061192,-0.03802311,1.223
2024_02_12_12_36_06_448,0.4,0.0,210279.0,210279.0,86.46,2.714751e-05,0.135975,1.214447e-06,0.009028707,-0.0001049847,1.22,-2.186395e-05,-3.300173e-05,-1.849989e-05,0.00333786,3.320747e-05,0.003666617,1.223
2024_02_12_12_36_06_486,0.4,0.0,210389.0,210389.0,86.50517,2.722091e-05,0.1359751,-5.826045e-07,0.009028915,-0.0001038423,1.22,-1.289432e-06,-4.279286e-05,-5.454596e-06,0.005483627,0.0003315648,-0.003818422,1.223
2024_02_12_12_36_06_523,0.4,0.0,210502.0,210502.0,86.55155,2.731083e-05,0.1359751,-1.506105e-07,0.009029064,-0.0001009096,1.22,1.669106e-06,-3.041498e-05,2.182929e-06,-0.01549721,-6.540858e-05,0.01539756,1.223
2024_02_12_12_36_06_560,0.4,0.0,210612.0,210612.0,86.59672,2.741884e-05,0.1359751,-1.390776e-06,0.009029122,-9.93235e-05,1.22,2.770217e-06,-5.410951e-06,-3.083041e-06,-0.0003576278,6.972141e-05,-0.02283789,1.223
2024_02_12_12_36_06_598,0.4,0.0,210725.0,210725.0,86.6431,2.751806e-05,0.1359752,-2.21102e-06,0.00902942,-0.0001016334,1.22,2.117573e-06,-4.417378e-05,-2.88465e-06,0.002861023,6.788946e-05,0.0002356246,1.223
2024_02_12_12_36_06_635,0.4,0.0,210835.0,210835.0,86.68827,2.762064e-05,0.1359752,-1.956873e-07,0.009029094,-0.0001025832,1.22,5.519707e-07,5.005201e-05,1.791166e-06,0.007271766,-0.0002803381,-0.007776543,1.223
2024_02_12_12_36_06_673,0.4,0.0,210948.0,210948.0,86.73466,2.76991e-05,0.1359751,-1.406716e-06,0.009029005,-0.0001053951,1.22,1.870046e-05,2.839538e-05,1.81153e-05,0.0005960464,-0.0001323758,0.01156889,1.223
2024_02_12_12_36_06_710,0.4,0.0,211058.0,211058.0,86.77982,2.780389e-05,0.1359751,-9.937661e-07,0.009028914,-0.000104652,1.22,2.272401e-06,-5.154034e-05,4.595043e-06,0.007748603,-0.0001818469,-0.01548137,1.223
2024_02_12_12_36_06_743,0.4,0.0,211157.0,211156.0,86.82011,2.790818e-05,0.1359749,-2.441278e-06,0.009028824,-0.0001034713,1.22,2.291424e-06,-1.474797e-05,-6.261509e-06,0.005960464,7.669359e-05,-0.02271589,1.223
2024_02_12_12_36_06_781,0.4,0.0,211270.0,211269.0,86.86649,2.802381e-05,0.1359751,-1.051426e-06,0.009028884,-0.0001022802,1.22,2.981648e-06,-8.429826e-05,9.369079e-07,0.01704693,0.0001788728,-0.02681184,1.223
2024_02_12_12_36_06_814,0.4,0.0,211368.0,211367.0,86.90678,2.811454e-05,0.1359751,-3.897411e-07,0.009028886,-0.0001022147,1.22,-3.849827e-07,-3.748241e-05,-6.120059e-06,0.005722045,-1.41888e-05,-0.03811251,1.223
2024_02_12_12_36_06_852,0.4,0.0,211481.0,211480.0,86.95316,2.820668e-05,0.135975,1.795126e-06,0.009028707,-9.982273e-05,1.22,-5.695127e-06,2.485717e-06,-5.790332e-08,0.01764297,-0.0002690294,-0.01528021,1.223
2024_02_12_12_36_06_889,0.4,0.0,211591.0,211590.0,86.99833,2.827971e-05,0.135975,8.42102e-07,0.009028737,-9.853469e-05,1.22,-6.177771e-06,-6.062296e-05,2.447708e-07,0.001072884,-0.0002485214,-0.0037672,1.223
2024_02_12_12_36_06_923,0.4,0.0,211692.0,211691.0,87.03983,2.835829e-05,0.1359751,-1.339277e-06,0.009028587,-9.909566e-05,1.22,-1.805691e-05,-1.056276e-05,1.291545e-05,-0.001192093,0.000110665,0.01878012,1.223
2024_02_12_12_36_06_961,0.4,0.0,211802.0,211802.0,87.085,2.846565e-05,0.135975,-9.189217e-07,0.009028289,-9.671418e-05,1.22,4.963688e-07,-4.752317e-05,2.147976e-06,0.02324581,0.0001208914,-0.03079697,1.223
2024_02_12_12_36_06_994,0.4,0.0,211900.0,211900.0,87.12528,2.854728e-05,0.1359748,-5.72139e-07,0.009028319,-9.562037e-05,1.22,1.988671e-05,6.05799e-06,-7.623209e-06,0.006318092,-9.843484e-05,-0.003661029,1.223
2024_02_12_12_36_07_027,0.4,0.0,212001.0,212001.0,87.16679,2.861066e-05,0.135975,7.471135e-07,0.009028737,-9.630478e-05,1.22,-4.861901e-06,-7.098857e-05,6.067057e-07,0.008106232,9.434734e-05,0.01532864,1.223
2024_02_12_12_36_07_064,0.4,0.0,212111.0,212111.0,87.21195,2.867733e-05,0.135975,8.562286e-07,0.009028587,-9.688459e-05,1.22,-2.106533e-05,-6.414784e-05,1.051619e-05,0.0180006,-6.388382e-05,-0.03450457,1.223
2024_02_12_12_36_07_102,0.4,0.0,212224.0,212224.0,87.25834,2.877578e-05,0.1359752,-1.223581e-06,0.009028886,-9.775109e-05,1.22,1.892741e-05,-7.75193e-05,7.148417e-06,0.005483627,-9.890277e-05,-0.01926161,1.223
2024_02_12_12_36_07_135,0.4,0.0,212322.0,212322.0,87.29862,2.8871e-05,0.1359751,-1.212346e-06,0.009028914,-9.369224e-05,1.22,2.065469e-05,-4.652061e-05,-1.152353e-05,-0.003814697,-0.0001689079,-0.003942288,1.223
2024_02_12_12_36_07_173,0.4,0.0,212435.0,212435.0,87.34501,2.892746e-05,0.135975,-1.635834e-06,0.009028795,-9.963478e-05,1.22,2.177447e-05,-6.500043e-05,9.219121e-06,-0.009059906,4.504886e-05,-0.007798895,1.223
2024_02_12_12_36_07_206,0.4,0.0,212533.0,212533.0,87.38529,2.902355e-05,0.1359751,-1.681203e-06,0.009028676,-9.726541e-05,1.22,-3.572767e-08,-0.0001138598,-2.932579e-06,-0.001072884,0.0002276743,0.01519173,1.223
2024_02_12_12_36_07_243,0.4,0.0,212643.0,212643.0,87.43046,2.911862e-05,0.135975,1.844166e-07,0.009028379,-9.577871e-05,1.22,-1.886405e-06,-4.863517e-05,-2.839711e-06,0.00166893,0.0001952608,0.003656372,1.223
2024_02_12_12_36_07_281,0.4,0.0,212756.0,212756.0,87.47684,2.920159e-05,0.135975,-9.693156e-07,0.009028349,-9.453242e-05,1.22,2.066365e-05,-9.080718e-05,-1.439962e-05,0.006079673,8.543452e-05,-0.01919642,1.223
2024_02_12_12_36_07_318,0.4,0.0,212866.0,212866.0,87.52201,2.928033e-05,0.1359749,-9.445914e-07,0.009028587,-9.607145e-05,1.22,-1.402535e-06,-9.568989e-05,2.189081e-06,0.002145767,0.0001467279,7.916241e-05,1.223
2024_02_12_12_36_07_356,0.4,0.0,212979.0,212979.0,87.5684,2.935393e-05,0.135975,1.905397e-06,0.009028646,-9.626703e-05,1.22,-3.617066e-06,-0.0001190418,9.868808e-08,-0.001072884,4.336516e-05,-0.0001369044,1.223
2024_02_12_12_36_07_389,0.4,0.0,213077.0,213077.0,87.60868,2.939415e-05,0.135975,-2.41498e-06,0.009028349,-9.829758e-05,1.22,-4.511734e-06,-2.780008e-05,-2.290381e-06,0.0007152557,0.0002063757,0.02667773,1.223
2024_02_12_12_36_07_427,0.4,0.0,213190.0,213190.0,87.65507,2.949902e-05,0.1359749,-2.262463e-06,0.00902823,-9.637339e-05,1.22,2.262334e-06,-2.458901e-05,-5.970047e-07,0.0005960464,1.872286e-05,-0.0002011657,1.223
2024_02_12_12_36_07_460,0.4,0.0,213289.0,213288.0,87.69535,2.959191e-05,0.1359747,-1.315383e-06,0.009028468,-9.814421e-05,1.22,4.15933e-05,-2.497267e-05,1.209287e-05,0.000834465,-0.0003101181,0.01578219,1.223
2024_02_12_12_36_07_499,0.4,0.0,213402.0,213401.0,87.74174,2.967474e-05,0.1359749,-2.202826e-06,0.009028705,-9.705597e-05,1.22,1.877319e-05,-4.200789e-05,9.176227e-06,0.0004768371,0.0001909699,-0.02657808,1.223
2024_02_12_12_36_07_535,0.4,0.0,213512.0,213511.0,87.7869,2.976752e-05,0.1359751,-2.902447e-06,0.009028558,-9.499888e-05,1.22,4.113339e-05,-1.606099e-05,7.764546e-06,-0.00333786,-0.0001223395,0.003533438,1.223
2024_02_12_12_36_07_572,0.4,0.0,213622.0,213621.0,87.83207,2.986841e-05,0.1359749,-1.667779e-06,0.009028317,-9.443384e-05,1.22,-2.569316e-07,-6.558998e-06,-4.366657e-06,-0.009179115,-9.174209e-05,0.01886114,1.223
2024_02_12_12_36_07_610,0.4,0.0,213735.0,213734.0,87.87846,2.99459e-05,0.1359748,-7.311614e-07,0.009028557,-9.501325e-05,1.22,-3.965581e-06,-2.904024e-05,-2.850501e-06,-0.007271766,0.0001173241,0.007966533,1.223
2024_02_12_12_36_07_648,0.4,0.0,213848.0,213847.0,87.92484,3.003923e-05,0.135975,-2.026624e-06,0.009028766,-9.288467e-05,1.22,7.823168e-07,-2.411565e-05,-1.986006e-06,-0.003218651,5.807942e-05,0.03853347,1.223
2024_02_12_12_36_07_685,0.4,0.0,213958.0,213957.0,87.97001,3.013785e-05,0.1359751,-1.669265e-06,0.009028885,-9.281802e-05,1.22,-2.565473e-07,-7.452407e-05,2.558407e-06,0.0004768371,1.004901e-05,-0.000167638,1.223
2024_02_12_12_36_07_722,0.4,0.0,214068.0,214067.0,88.01517,3.021705e-05,0.135975,-1.853255e-06,0.009028855,-9.414287e-05,1.22,1.851733e-05,-7.210386e-05,1.961457e-05,-0.005841255,-0.000126932,0.007633119,1.223
2024_02_12_12_36_07_760,0.4,0.0,214181.0,214180.0,88.06156,3.031326e-05,0.135975,-2.628976e-06,0.009028855,-8.968736e-05,1.22,2.053657e-05,-4.463896e-05,-6.90051e-06,0.01013279,-4.085905e-06,-0.03048498,1.223
2024_02_12_12_36_07_797,0.4,0.0,214291.0,214290.0,88.10673,3.040227e-05,0.135975,-1.080647e-06,0.009028737,-9.153218e-05,1.22,-1.607939e-07,-9.738743e-05,3.795051e-06,0.0007152557,0.0001259332,-2.700835e-05,1.223
2024_02_12_12_36_07_831,0.4,0.0,214392.0,214392.0,88.14823,3.050843e-05,0.135975,-1.404574e-06,0.009028617,-9.074989e-05,1.22,2.287993e-05,-8.956319e-05,-5.380823e-06,0.005245208,-3.766968e-05,-0.01537707,1.223
2024_02_12_12_36_07_865,0.4,0.0,214490.0,214490.0,88.18851,3.060039e-05,0.135975,7.901845e-08,0.009028378,-9.045221e-05,1.22,-3.551968e-06,-9.016139e-06,1.864106e-06,0.0007152557,-0.0002097922,-0.0002076849,1.223
2024_02_12_12_36_07_902,0.4,0.0,214603.0,214603.0,88.2349,3.067226e-05,0.1359749,6.744198e-07,0.009028379,-9.03403e-05,1.22,-2.597368e-06,-4.565776e-05,-6.293801e-07,0.0001192093,2.890465e-05,-9.033828e-05,1.223
2024_02_12_12_36_07_934,0.4,0.0,214701.0,214701.0,88.27518,3.073097e-05,0.135975,-6.482285e-07,0.009028646,-9.104748e-05,1.22,3.733542e-05,-0.000120423,1.486172e-05,0.002384186,-0.0001935971,-0.007673166,1.223
2024_02_12_12_36_07_973,0.4,0.0,214811.0,214811.0,88.32035,3.077775e-05,0.135975,1.943347e-09,0.009028707,-9.279296e-05,1.22,1.7734e-05,-0.0001062603,-8.908128e-06,-0.007510185,-0.0001900404,0.01142733,1.223
2024_02_12_12_36_08_010,0.4,0.0,214924.0,214924.0,88.36674,3.086681e-05,0.135975,-4.198571e-07,0.009028796,-8.94481e-05,1.22,-2.143146e-05,-4.040318e-05,-1.31829e-05,0.003576278,3.729565e-05,-0.003668479,1.223
2024_02_12_12_36_08_048,0.4,0.0,215034.0,215034.0,88.4119,3.096403e-05,0.1359751,-4.205706e-07,0.009028975,-8.808072e-05,1.22,-2.233292e-05,-2.067036e-05,-1.384538e-05,-0.02551079,6.18586e-05,0.01901388,1.223
2024_02_12_12_36_08_085,0.4,0.0,215147.0,215147.0,88.45829,3.10182e-05,0.135975,-8.857778e-07,0.009029064,-9.365824e-05,1.22,1.506509e-05,-2.457692e-05,1.389966e-05,-0.005602836,-0.0004147624,0.02698228,1.223
2024_02_12_12_36_08_123,0.4,0.0,215257.0,215257.0,88.50346,3.108435e-05,0.135975,-1.343957e-06,0.009029004,-9.380206e-05,1.22,2.206686e-05,-2.176661e-05,-8.940591e-06,0.009059906,-8.256552e-05,-0.003590248,1.223
2024_02_12_12_36_08_160,0.4,0.0,215370.0,215370.0,88.54984,3.115533e-05,0.135975,-3.832527e-07,0.009029004,-9.542023e-05,1.22,-2.295492e-06,2.282548e-05,-5.782464e-06,-0.01049042,-0.0001879066,0.01920108,1.223
2024_02_12_12_36_08_197,0.4,0.0,215480.0,215480.0,88.59501,3.121991e-05,0.135975,3.757361e-07,0.009028973,-9.642568e-05,1.22,4.989323e-08,3.877392e-05,4.482779e-07,0.002622604,-5.585207e-06,0.007677823,1.223
2024_02_12_12_36_08_236,0.4,0.0,215593.0,215593.0,88.6414,3.130206e-05,0.1359751,-6.073947e-08,0.009029331,-9.752905e-05,1.22,-1.64344e-06,-7.352888e-05,-4.563077e-06,0.009655952,-5.218589e-05,-0.03792066,1.223
2024_02_12_12_36_08_269,0.4,0.0,215691.0,215691.0,88.68168,3.139015e-05,0.1359751,-1.062569e-06,0.009029242,-9.523321e-05,1.22,4.026824e-06,-4.173927e-05,-1.364687e-06,0.002503395,0.000177361,-0.003682449,1.223
2024_02_12_12_36_08_306,0.4,0.0,215804.0,215804.0,88.72807,3.149347e-05,0.1359752,-8.072477e-07,0.009029005,-9.450167e-05,1.22,-2.182044e-05,4.142242e-05,-2.324826e-05,0.006437301,-0.0001773476,-0.03068335,1.223
2024_02_12_12_36_08_343,0.4,0.0,215914.0,215914.0,88.77323,3.160258e-05,0.1359752,-1.773003e-06,0.009028975,-9.150946e-05,1.22,2.550893e-07,-4.022353e-06,1.17072e-06,-0.004410744,6.623395e-06,-0.007801689,1.223
2024_02_12_12_36_08_377,0.4,0.0,216015.0,216015.0,88.81474,3.169043e-05,0.135975,-1.758885e-07,0.009028796,-9.049004e-05,1.22,2.07999e-05,-9.710811e-06,1.947467e-05,-0.01037121,-0.0002358083,0.02649147,1.223
2024_02_12_12_36_08_414,0.4,0.0,216125.0,216125.0,88.8599,3.177332e-05,0.135975,-1.664847e-07,0.009028765,-8.766853e-05,1.22,-1.138235e-06,-2.248838e-05,2.121845e-06,-0.008106232,-0.0001361616,0.007607042,1.223
2024_02_12_12_36_08_448,0.4,0.0,216224.0,216223.0,88.90018,3.185209e-05,0.1359751,-1.695316e-06,0.009028646,-8.764792e-05,1.22,2.071582e-05,-4.523079e-06,-1.384605e-05,0.002861023,-6.196876e-05,-0.01176447,1.223
2024_02_12_12_36_08_481,0.4,0.0,216325.0,216324.0,88.94169,3.193529e-05,0.135975,7.38682e-07,0.009028378,-8.7787e-05,1.22,-1.894894e-06,-2.72148e-05,-2.30257e-06,0.005602836,-3.293587e-05,-0.007939525,1.223
2024_02_12_12_36_08_514,0.4,0.0,216423.0,216423.0,88.98197,3.202109e-05,0.135975,-1.113859e-06,0.009028379,-8.577931e-05,1.22,7.757948e-07,-6.151894e-05,7.501324e-07,0.002026558,-0.0001500424,-9.49949e-05,1.223
2024_02_12_12_36_08_551,0.4,0.0,216536.0,216536.0,89.02836,3.211256e-05,0.1359749,-6.123125e-07,0.009028586,-8.470812e-05,1.22,-2.183931e-06,-6.959416e-05,-3.741905e-06,0.001907349,-2.493971e-05,-0.007480382,1.223
2024_02_12_12_36_08_585,0.4,0.0,216634.0,216634.0,89.06864,3.218749e-05,0.135975,-1.503038e-06,0.009028616,-8.351821e-05,1.22,-1.494391e-06,-0.0001246095,-4.942319e-07,0.0002384186,-6.942741e-06,-0.0001136213,1.223
2024_02_12_12_36_08_623,0.4,0.0,216744.0,216744.0,89.11381,3.225913e-05,0.135975,-8.470088e-07,0.009028378,-8.346105e-05,1.22,-5.391784e-06,-4.366658e-05,1.721021e-06,0.004768372,0.0001204373,0.00364799,1.223
2024_02_12_12_36_08_656,0.4,0.0,216845.0,216845.0,89.15531,3.23183e-05,0.135975,4.546752e-07,0.009028348,-8.060785e-05,1.22,1.398972e-05,-6.12979e-05,-5.077851e-06,0.004172325,-0.000145774,0.003655441,1.223
2024_02_12_12_36_08_693,0.4,0.0,216955.0,216955.0,89.20048,3.238027e-05,0.135975,7.727523e-07,0.009028616,-8.028373e-05,1.22,-9.496608e-07,-0.0001284648,-2.174296e-06,0.01883507,-5.752895e-05,-0.04584062,1.223
2024_02_12_12_36_08_732,0.4,0.0,217068.0,217068.0,89.24686,3.244252e-05,0.1359749,1.700169e-06,0.009028528,-7.874873e-05,1.22,-4.400888e-05,-7.94504e-05,-7.043153e-06,-0.01275539,0.000182922,-1.303852e-05,1.223
2024_02_12_12_36_08_768,0.4,0.0,217178.0,217178.0,89.29203,3.249947e-05,0.1359749,-1.080699e-06,0.009028409,-7.95417e-05,1.22,4.020121e-05,-3.042988e-05,7.035584e-06,0.00834465,-0.000240307,-1.303852e-05,1.223
2024_02_12_12_36_08_806,0.4,0.0,217291.0,217291.0,89.33842,3.253675e-05,0.1359749,2.00815e-06,0.009028319,-8.278948e-05,1.22,-4.896294e-06,-4.583743e-05,4.583891e-06,0.001311302,-1.821883e-05,-0.0002803281,1.223
2024_02_12_12_36_08_843,0.4,0.0,217401.0,217401.0,89.38358,3.260102e-05,0.1359749,2.37536e-07,0.009028676,-7.976087e-05,1.22,-2.329516e-05,-5.691418e-05,-2.047301e-05,-0.0320673,0.000278559,0.05741603,1.223
2024_02_12_12_36_08_877,0.4,0.0,217499.0,217499.0,89.42387,3.264882e-05,0.1359749,3.175029e-07,0.009028764,-8.070017e-05,1.22,2.659485e-07,-4.439997e-05,2.708362e-07,0.0193119,-1.107196e-05,-0.04560407,1.223
2024_02_12_12_36_08_914,0.4,0.0,217612.0,217612.0,89.47025,3.272754e-05,0.1359751,7.995726e-07,0.009028915,-8.00193e-05,1.22,-3.833267e-05,-2.704142e-05,-1.700054e-06,-0.002264977,9.378413e-05,0.003849156,1.223
2024_02_12_12_36_08_951,0.4,0.0,217722.0,217722.0,89.51542,3.277727e-05,0.1359751,7.530984e-07,0.009028975,-8.12635e-05,1.22,-4.241153e-06,-7.939638e-06,1.926755e-06,-0.005125999,5.945025e-06,0.01139287,1.223
2024_02_12_12_36_08_989,0.4,0.0,217835.0,217835.0,89.56181,3.284539e-05,0.1359751,-1.94533e-07,0.009029213,-7.924089e-05,1.22,1.268697e-06,-7.503178e-05,-3.83329e-06,-0.006914138,-0.0003607454,-0.003631226,1.223
2024_02_12_12_36_09_022,0.4,0.0,217933.0,217933.0,89.60209,3.287978e-05,0.1359751,-1.216317e-06,0.009029242,-8.214869e-05,1.22,6.263971e-07,-6.341721e-05,-2.696011e-06,-0.0003576278,5.274273e-06,0.0002393499,1.223
2024_02_12_12_36_09_060,0.4,0.0,218046.0,218046.0,89.64848,3.296114e-05,0.1359751,-1.610722e-06,0.009029064,-8.25265e-05,1.22,2.159165e-05,6.324433e-05,1.649711e-05,-0.004172325,-1.195372e-05,0.01916755,1.223
2024_02_12_12_36_09_093,0.4,0.0,218145.0,218144.0,89.68876,3.303885e-05,0.1359751,-3.594139e-07,0.009029004,-7.961265e-05,1.22,-2.123781e-05,5.828064e-06,-1.301475e-05,-0.009179115,-0.0001424184,0.01506787,1.223
2024_02_12_12_36_09_131,0.4,0.0,218258.0,218257.0,89.73515,3.312685e-05,0.1359751,6.469322e-07,0.009029064,-7.726104e-05,1.22,-1.94625e-05,-7.304939e-05,-1.453352e-05,-0.0004768371,-6.136531e-05,0.003971159,1.223
2024_02_12_12_36_09_169,0.4,0.0,218368.0,218367.0,89.78031,3.320874e-05,0.135975,-1.391957e-06,0.009028707,-7.613383e-05,1.22,6.714745e-07,-4.368033e-05,-5.344599e-06,-0.003576278,9.844097e-05,-4.842877e-05,1.223
2024_02_12_12_36_09_206,0.4,0.0,218481.0,218480.0,89.8267,3.326533e-05,0.135975,7.53793e-07,0.009028648,-7.76958e-05,1.22,2.764116e-07,-3.91119e-05,4.150846e-06,0.009655952,0.0001817017,-0.003783032,1.223
2024_02_12_12_36_09_243,0.4,0.0,218591.0,218590.0,89.87186,3.329154e-05,0.135975,-1.308568e-06,0.009028378,-8.04282e-05,1.22,-3.221781e-06,-1.361099e-05,-5.00637e-06,0.006079673,8.388133e-05,-0.004039146,1.223
2024_02_12_12_36_09_281,0.4,0.0,218704.0,218703.0,89.91825,3.334003e-05,0.135975,4.359711e-07,0.009028379,-8.050287e-05,1.22,2.173869e-06,-7.307419e-05,2.041739e-06,-0.0002384186,-6.615186e-05,-0.0001555309,1.223
2024_02_12_12_36_09_314,0.4,0.0,218802.0,218801.0,89.95853,3.339057e-05,0.1359749,-1.327959e-07,0.009028468,-8.17786e-05,1.22,5.639615e-07,-7.809416e-05,-1.129098e-05,0.03862381,0.0001776583,-0.08030421,1.223
2024_02_12_12_36_09_351,0.4,0.0,218912.0,218911.0,90.0037,3.350302e-05,0.135975,5.07505e-07,0.009028616,-7.772191e-05,1.22,3.798596e-06,-0.0001294656,9.252289e-06,0.001192093,-0.0003685796,-6.891787e-05,1.223
2024_02_12_12_36_09_389,0.4,0.0,219025.0,219024.0,90.05009,3.355881e-05,0.135975,-3.606882e-07,0.009028557,-7.82828e-05,1.22,-2.212251e-05,-1.716298e-05,-1.526899e-05,-0.008106232,0.0001070042,0.02650451,1.223
2024_02_12_12_36_09_422,0.4,0.0,219123.0,219123.0,90.09037,3.361446e-05,0.135975,-3.891093e-07,0.009028826,-7.995881e-05,1.22,4.755692e-07,-5.957651e-05,1.737755e-06,-0.008940697,2.105548e-05,0.01906045,1.223
2024_02_12_12_36_09_460,0.4,0.0,219236.0,219236.0,90.13676,3.368411e-05,0.1359749,-1.432057e-06,0.009028855,-8.076726e-05,1.22,-7.054457e-07,-2.029292e-05,-5.022977e-06,-0.01335144,4.458627e-05,0.01926534,1.223
2024_02_12_12_36_09_493,0.4,0.0,219334.0,219334.0,90.17704,3.373669e-05,0.135975,4.436704e-07,0.009028915,-8.248637e-05,1.22,-8.831474e-07,-3.603055e-06,-2.109319e-06,-0.004768372,4.366359e-05,0.00787992,1.223
2024_02_12_12_36_09_531,0.4,0.0,219447.0,219447.0,90.22343,3.378137e-05,0.1359751,3.241893e-07,0.009028943,-8.438874e-05,1.22,1.859427e-05,-2.890722e-05,-1.010269e-05,0.00500679,-0.0001460927,-0.01913309,1.223
2024_02_12_12_36_09_568,0.4,0.0,219557.0,219557.0,90.26859,3.384119e-05,0.135975,-1.440123e-06,0.009028973,-8.453845e-05,1.22,1.367429e-06,-4.368946e-06,-5.90633e-06,-0.002503395,0.0002217913,3.166497e-05,1.223
2024_02_12_12_36_09_606,0.4,0.0,219670.0,219670.0,90.31498,3.387297e-05,0.1359751,-8.099133e-07,0.009028945,-9.241476e-05,1.22,2.579758e-06,-1.047196e-05,3.536691e-06,-0.003933907,0.0002112526,0.04978757,1.223
2024_02_12_12_36_09_644,0.4,0.0,219780.0,219780.0,90.36015,3.395921e-05,0.135975,4.931161e-07,0.009028856,-9.078802e-05,1.22,-2.027363e-05,-3.070129e-05,1.057434e-05,0.01060963,3.603611e-05,0.004084781,1.223
2024_02_12_12_36_09_677,0.4,0.0,219878.0,219878.0,90.40043,3.401945e-05,0.135975,-3.37901e-07,0.009028915,-9.0916e-05,1.22,4.705336e-07,-1.983389e-05,-3.571456e-06,0.01227856,0.0001438613,-0.04578381,1.223
2024_02_12_12_36_09_715,0.4,0.0,219991.0,219991.0,90.44682,3.410334e-05,0.1359751,-4.529909e-07,0.009028945,-8.935237e-05,1.22,3.197769e-07,-1.849225e-05,-5.087074e-06,0.01633167,0.0002082334,-0.007507391,1.223
2024_02_12_12_36_09_751,0.4,0.0,220101.0,220101.0,90.49198,3.417881e-05,0.1359751,-2.544064e-06,0.009029092,-9.04532e-05,1.22,4.283916e-05,-8.725534e-05,5.5265e-06,0.004768372,-0.0001556842,-0.007447786,1.223
2024_02_12_12_36_09_785,0.4,0.0,220202.0,220202.0,90.53349,3.423801e-05,0.135975,2.707284e-07,0.009028737,-9.143103e-05,1.22,-1.599097e-06,-3.372399e-06,-8.094612e-06,-0.01370907,0.0001649375,0.02277642,1.223
2024_02_12_12_36_09_818,0.4,0.0,220300.0,220300.0,90.57377,3.432508e-05,0.135975,-8.249633e-07,0.009028765,-8.628493e-05,1.22,-1.958235e-05,-3.757168e-05,-1.190245e-05,0.005483627,-0.0001999708,-0.007617287,1.223
2024_02_12_12_36_09_855,0.4,0.0,220410.0,220410.0,90.61893,3.439375e-05,0.135975,5.867888e-07,0.009028409,-8.795777e-05,1.22,7.048892e-07,-4.063391e-06,7.205797e-06,0.000834465,-0.000296391,-0.0002011657,1.223
2024_02_12_12_36_09_890,0.4,0.0,220512.0,220511.0,90.66044,3.446338e-05,0.135975,9.065299e-08,0.009028319,-8.59823e-05,1.22,2.103018e-05,-5.672609e-05,-2.396406e-06,0.01275539,-2.679394e-05,-0.01555122,1.223
2024_02_12_12_36_09_924,0.4,0.0,220610.0,220609.0,90.70072,3.450514e-05,0.135975,-6.419099e-07,0.009028646,-8.766234e-05,1.22,1.881206e-06,-9.368224e-05,3.329951e-06,-0.009417534,0.0001547254,0.02681278,1.223
2024_02_12_12_36_09_956,0.4,0.0,220711.0,220711.0,90.74223,3.457374e-05,0.135975,-2.340208e-06,0.009028676,-8.824113e-05,1.22,2.259265e-06,-0.000130163,-1.846893e-06,0.002980232,6.006883e-05,-0.01536868,1.223
2024_02_12_12_36_09_993,0.4,0.0,220821.0,220821.0,90.78739,3.467294e-05,0.135975,-1.482683e-06,0.009028377,-8.39058e-05,1.22,-1.710481e-05,-1.998522e-05,-1.816673e-05,0.001192093,0.000229654,-0.01164339,1.223
2024_02_12_12_36_10_031,0.4,0.0,220934.0,220934.0,90.83378,3.474031e-05,0.1359749,2.325881e-06,0.009028409,-8.679182e-05,1.22,1.906258e-05,-3.422284e-05,-5.411928e-06,-0.002503395,-0.0002075676,-0.003811903,1.223
2024_02_12_12_36_10_067,0.4,0.0,221044.0,221044.0,90.87894,3.480339e-05,0.135975,-8.168578e-07,0.009028616,-8.652252e-05,1.22,-1.45537e-07,-0.0001229915,1.795719e-06,-0.003457069,3.942262e-05,-0.003922731,1.223
2024_02_12_12_36_10_106,0.4,0.0,221154.0,221154.0,90.92411,3.486476e-05,0.135975,-1.49377e-06,0.009028646,-8.862168e-05,1.22,2.173505e-05,-0.0001137095,1.39614e-05,0.006914138,7.484152e-05,3.445894e-05,1.223
2024_02_12_12_36_10_143,0.4,0.0,221267.0,221267.0,90.9705,3.496734e-05,0.135975,-2.003954e-06,0.009028466,-8.592672e-05,1.22,1.841374e-06,4.473003e-06,-1.349168e-06,0.001907349,5.292008e-05,-0.0001946464,1.223
2024_02_12_12_36_10_177,0.4,0.0,221365.0,221365.0,91.01078,3.505345e-05,0.135975,-1.763418e-06,0.009028467,-8.385039e-05,1.22,1.247714e-06,-1.848094e-05,-1.137276e-06,-0.00846386,-4.139326e-05,0.01124665,1.223
2024_02_12_12_36_10_210,0.4,0.0,221466.0,221466.0,91.05228,3.512212e-05,0.1359748,-2.713218e-07,0.009028526,-8.369773e-05,1.22,-1.681869e-06,1.026253e-05,-2.521073e-06,-0.01835823,-6.805521e-05,0.03843475,1.223
2024_02_12_12_36_10_248,0.4,0.0,221576.0,221576.0,91.09745,3.518737e-05,0.1359749,9.239809e-08,0.009028737,-8.392955e-05,1.22,-2.211634e-05,-5.065529e-05,1.33309e-05,-0.007987022,8.617769e-05,0.01541059,1.223
2024_02_12_12_36_10_280,0.4,0.0,221674.0,221674.0,91.13773,3.525913e-05,0.135975,1.89748e-07,0.009028826,-8.323459e-05,1.22,-9.028429e-07,-2.914072e-05,5.518065e-07,-0.008583069,6.090363e-05,0.007714144,1.223
2024_02_12_12_36_10_318,0.4,0.0,221787.0,221787.0,91.18412,3.530545e-05,0.1359751,2.008934e-07,0.009028945,-8.667468e-05,1.22,-5.655791e-07,-1.16177e-05,-4.241894e-06,0.005245208,8.990651e-05,0.007666647,1.223
2024_02_12_12_36_10_352,0.4,0.0,221885.0,221885.0,91.2244,3.536047e-05,0.1359751,-3.346575e-07,0.009028973,-8.779601e-05,1.22,1.403237e-05,-8.76533e-06,1.549667e-05,0.006437301,-0.0002555872,-0.01524482,1.223
2024_02_12_12_36_10_389,0.4,0.0,221998.0,221998.0,91.27079,3.542588e-05,0.135975,-1.340446e-06,0.009028824,-8.817825e-05,1.22,2.334686e-05,-8.785876e-06,-1.352719e-05,-0.005841255,-8.044003e-05,-0.003771856,1.223
2024_02_12_12_36_10_426,0.4,0.0,222108.0,222108.0,91.31596,3.547595e-05,0.135975,3.592932e-07,0.009028914,-9.088035e-05,1.22,-2.841531e-06,-8.762982e-06,1.001132e-06,0.01478195,-7.569167e-05,-0.03048777,1.223
2024_02_12_12_36_10_464,0.4,0.0,222221.0,222221.0,91.36234,3.556906e-05,0.135975,-1.139656e-06,0.009028973,-8.627051e-05,1.22,5.195622e-06,-9.721009e-06,9.898356e-06,-0.0001192093,-5.855304e-05,0.01169369,1.223
2024_02_12_12_36_10_504,0.4,0.0,222331.0,222331.0,91.40751,3.564195e-05,0.1359751,-2.466452e-06,0.009028975,-8.997678e-05,1.22,2.0936e-05,2.555136e-05,1.061989e-05,-0.01752377,0.0002092918,0.04971213,1.223
2024_02_12_12_36_10_539,0.4,0.0,222444.0,222444.0,91.4539,3.574921e-05,0.1359751,-1.53479e-06,0.009028914,-8.528512e-05,1.22,-7.485424e-07,-1.635504e-05,-2.501182e-08,-0.005483627,5.480524e-05,0.01130998,1.223
2024_02_12_12_36_10_576,0.4,0.0,222554.0,222554.0,91.49906,3.581703e-05,0.135975,5.157222e-07,0.009028766,-8.647398e-05,1.22,-2.706591e-06,-3.461021e-05,-2.762716e-06,0.003814697,9.862151e-05,0.02302229,1.223
2024_02_12_12_36_10_614,0.4,0.0,222667.0,222667.0,91.54545,3.587518e-05,0.135975,-7.358943e-08,0.009028438,-8.768728e-05,1.22,6.813351e-07,-4.443166e-06,4.719113e-06,0.003457069,-0.0001696787,0.007473863,1.223
2024_02_12_12_36_10_651,0.4,0.0,222777.0,222777.0,91.59061,3.594412e-05,0.135975,-1.510969e-06,0.009028379,-8.592368e-05,1.22,1.679257e-06,-3.441138e-05,-1.548821e-06,-0.01204014,0.0001912522,0.02283323,1.223
2024_02_12_12_36_10_689,0.4,0.0,222890.0,222890.0,91.637,3.601583e-05,0.1359749,-1.873431e-08,0.009028617,-8.633883e-05,1.22,-2.200678e-05,-5.617888e-05,7.464315e-06,0.01513958,-9.030532e-05,-0.02269633,1.223
2024_02_12_12_36_10_722,0.4,0.0,222989.0,222988.0,91.67728,3.608003e-05,0.135975,-4.524221e-07,0.009028707,-8.474994e-05,1.22,6.354495e-07,-0.0001001902,-1.136937e-08,0.007510185,-0.0001469401,-0.007610768,1.223
2024_02_12_12_36_10_760,0.4,0.0,223102.0,223101.0,91.72367,3.617596e-05,0.1359751,-2.809744e-06,0.009028617,-8.305136e-05,1.22,2.109509e-05,-3.50809e-06,-1.545201e-05,-0.0001192093,-0.000185216,0.01518521,1.223
2024_02_12_12_36_10_797,0.4,0.0,223212.0,223211.0,91.76884,3.625002e-05,0.135975,2.9972e-07,0.009028498,-8.057852e-05,1.22,2.280487e-06,-4.3856e-06,3.492641e-06,0.010252,-6.242999e-05,0.01531746,1.223
2024_02_12_12_36_10_830,0.4,0.0,223310.0,223309.0,91.80912,3.632211e-05,0.135975,-1.331609e-06,0.009028707,-8.017317e-05,1.22,1.182321e-06,-7.758484e-05,3.137542e-07,-0.002264977,0.0001281144,-0.007749535,1.223
2024_02_12_12_36_10_868,0.4,0.0,223423.0,223422.0,91.85551,3.639872e-05,0.135975,-7.259997e-07,0.009028707,-8.21865e-05,1.22,1.89303e-05,-7.776528e-05,1.572673e-05,0.002145767,-2.635147e-06,-0.01157448,1.223
2024_02_12_12_36_10_906,0.4,0.0,223533.0,223533.0,91.90067,3.647589e-05,0.1359751,-1.853987e-07,0.009028826,-8.303867e-05,1.22,-2.045222e-05,-6.50948e-05,-2.425515e-05,-0.0003576278,0.0002122917,-0.003858469,1.223
2024_02_12_12_36_10_943,0.4,0.0,223646.0,223646.0,91.94706,3.658167e-05,0.1359751,-2.862844e-06,0.009028915,-7.99433e-05,1.22,1.396111e-06,-4.297659e-05,-2.51111e-06,0.0001192093,0.0001080425,6.891787e-05,1.223
2024_02_12_12_36_10_981,0.4,0.0,223756.0,223756.0,91.99223,3.668901e-05,0.135975,-9.213564e-07,0.009029004,-7.596076e-05,1.22,-2.979405e-06,1.563541e-05,-9.886284e-07,0.009059906,0.0001313856,0.004098751,1.223
2024_02_12_12_36_11_019,0.4,0.0,223869.0,223869.0,92.03861,3.67531e-05,0.135975,-9.304177e-07,0.009029062,-7.875227e-05,1.22,-3.538305e-06,1.157596e-07,-9.69385e-07,-0.01442432,3.913874e-05,0.02689007,1.223
2024_02_12_12_36_11_051,0.4,0.0,223967.0,223967.0,92.0789,3.682544e-05,0.1359751,1.412487e-07,0.009028945,-7.509218e-05,1.22,7.183322e-07,-1.753413e-05,2.055762e-06,0.01108646,-0.0001250069,-0.007526017,1.223
2024_02_12_12_36_11_089,0.4,0.0,224080.0,224080.0,92.12528,3.687677e-05,0.1359751,4.184197e-07,0.009028975,-7.796745e-05,1.22,-2.287446e-05,3.224669e-05,7.474251e-06,0.0007152557,0.0001047992,-0.003805384,1.223
2024_02_12_12_36_11_127,0.4,0.0,224190.0,224190.0,92.17045,3.693499e-05,0.1359751,-1.174476e-06,0.009029155,-7.934536e-05,1.22,-3.452381e-06,-1.867112e-05,-5.993177e-06,-0.008225441,4.287006e-05,0.02691988,1.223
2024_02_12_12_36_11_160,0.4,0.0,224291.0,224291.0,92.21195,3.702033e-05,0.1359751,2.420456e-07,0.009029301,-7.501669e-05,1.22,-2.069112e-07,-5.988779e-05,-2.291251e-06,0.00655651,3.385014e-05,-0.01505949,1.223
2024_02_12_12_36_11_197,0.4,0.0,224401.0,224401.0,92.25712,3.708788e-05,0.1359751,1.60985e-06,0.009029331,-7.727837e-05,1.22,-2.232425e-05,-4.110366e-05,1.260045e-05,0.008821487,-8.153847e-05,-0.0111945,1.223
2024_02_12_12_36_11_231,0.4,0.0,224499.0,224499.0,92.2974,3.715463e-05,0.1359751,-6.21334e-07,0.009029033,-7.460536e-05,1.22,-3.816501e-06,2.323807e-05,1.337598e-06,0.0009536743,0.0001116571,-8.661299e-05,1.223
2024_02_12_12_36_11_264,0.4,0.0,224600.0,224600.0,92.33891,3.721554e-05,0.1359752,-1.603493e-06,0.009028973,-7.400032e-05,1.22,3.99625e-05,-5.926917e-06,3.191662e-06,0.004410744,-0.0001022436,-0.0306284,1.223
2024_02_12_12_36_11_297,0.4,0.0,224698.0,224698.0,92.37919,3.724614e-05,0.135975,1.186531e-06,0.009028886,-7.732198e-05,1.22,-2.410658e-06,1.309551e-05,5.093076e-06,-0.01895428,-0.0002964434,0.04593562,1.223
2024_02_12_12_36_11_334,0.4,0.0,224808.0,224808.0,92.42435,3.730537e-05,0.135975,-1.572907e-06,0.009028796,-7.983159e-05,1.22,1.98473e-05,-4.328395e-06,-1.827375e-05,-0.02503395,2.592151e-05,0.07268228,1.223
2024_02_12_12_36_11_372,0.4,0.0,224921.0,224921.0,92.47074,3.739579e-05,0.1359751,-6.773337e-07,0.009028498,-7.690267e-05,1.22,1.289148e-06,-1.981748e-05,4.312016e-06,0.003099441,-0.0001516692,-0.0003073364,1.223
2024_02_12_12_36_11_409,0.4,0.0,225031.0,225031.0,92.51591,3.747079e-05,0.135975,-3.11181e-07,0.009028348,-7.872281e-05,1.22,-1.348285e-06,-1.711865e-05,2.572635e-06,0.01370907,-0.0001096915,0.01518242,1.223
2024_02_12_12_36_11_443,0.4,0.0,225133.0,225132.0,92.55741,3.754616e-05,0.1359748,5.486725e-07,0.009028409,-7.700802e-05,1.22,-2.252962e-06,-2.083391e-05,-9.043175e-07,-0.0180006,4.965204e-05,0.01547672,1.223
2024_02_12_12_36_11_481,0.4,0.0,225243.0,225242.0,92.60258,3.75948e-05,0.1359749,-1.033785e-06,0.009028645,-8.02752e-05,1.22,-2.354308e-06,1.400453e-06,-3.948814e-06,0.007748603,-0.000154936,-0.01887605,1.223
2024_02_12_12_36_11_518,0.4,0.0,225356.0,225355.0,92.64896,3.769181e-05,0.1359751,1.488318e-06,0.009028587,-7.733313e-05,1.22,-2.19289e-05,-2.100854e-05,-1.289385e-05,0.01037121,-7.358017e-05,-0.004018657,1.223
2024_02_12_12_36_11_555,0.4,0.0,225466.0,225465.0,92.69413,3.775828e-05,0.1359749,3.640503e-07,0.009028319,-7.851965e-05,1.22,-9.38008e-08,-1.573641e-05,-1.570319e-06,0.01323223,3.957416e-05,-0.0230642,1.223
2024_02_12_12_36_11_593,0.4,0.0,225579.0,225578.0,92.74052,3.784763e-05,0.1359748,-9.969074e-07,0.009028438,-7.654058e-05,1.22,2.209165e-06,6.091808e-06,-9.289665e-07,-0.01311302,3.894365e-05,0.02322439,1.223
2024_02_12_12_36_11_626,0.4,0.0,225677.0,225676.0,92.7808,3.792343e-05,0.135975,-8.558255e-07,0.009028706,-7.788482e-05,1.22,-1.458395e-06,-0.0001038872,3.320656e-06,0.0005960464,-6.757966e-05,-0.02299808,1.223
2024_02_12_12_36_11_664,0.4,0.0,225790.0,225789.0,92.82719,3.798784e-05,0.135975,-1.801498e-06,0.009028528,-7.787909e-05,1.22,-2.503314e-06,-8.572581e-05,-1.116385e-06,0.007390975,0.000235926,-0.007902272,1.223
2024_02_12_12_36_11_701,0.4,0.0,225900.0,225900.0,92.87235,3.808652e-05,0.135975,-1.5406e-06,0.009028438,-7.392499e-05,1.22,-5.717366e-07,-2.117558e-05,3.916543e-06,-0.001072884,-0.0002084008,0.003645196,1.223
2024_02_12_12_36_11_734,0.4,0.0,225998.0,225998.0,92.91264,3.813823e-05,0.135975,-9.327869e-07,0.009028378,-7.642023e-05,1.22,1.515345e-05,-2.438389e-05,2.026497e-05,0.001788139,8.946068e-05,0.01130719,1.223
2024_02_12_12_36_11_772,0.4,0.0,226111.0,226111.0,92.95902,3.81818e-05,0.135975,9.667497e-07,0.009028676,-7.540279e-05,1.22,-5.935347e-06,-0.0001009772,4.798199e-06,-0.001072884,0.0001160589,0.01530535,1.223
2024_02_12_12_36_11_809,0.4,0.0,226221.0,226221.0,93.00419,3.821523e-05,0.135975,-9.290149e-07,0.009028616,-7.747577e-05,1.22,1.982083e-06,-0.0001188284,-1.387636e-06,0.002145767,9.004611e-05,-4.56348e-05,1.223
2024_02_12_12_36_11_847,0.4,0.0,226334.0,226334.0,93.05058,3.827633e-05,0.135975,-1.485457e-06,0.009028409,-7.874811e-05,1.22,1.901805e-07,-3.615662e-05,6.823464e-07,0.0005960464,0.0002768167,-0.0001257285,1.223
2024_02_12_12_36_11_885,0.4,0.0,226444.0,226444.0,93.09574,3.836787e-05,0.135975,-1.553659e-06,0.009028349,-7.885014e-05,1.22,-3.75573e-05,-6.050909e-05,-9.750749e-06,-0.001788139,0.0002645846,0.007442198,1.223
2024_02_12_12_36_11_922,0.4,0.0,226557.0,226557.0,93.14213,3.846375e-05,0.1359749,2.486678e-07,0.009028646,-7.743377e-05,1.22,-4.494713e-05,-4.7415e-05,-5.935423e-06,0.0,-9.451912e-05,5.029142e-05,1.223
2024_02_12_12_36_11_960,0.4,0.0,226667.0,226667.0,93.18729,3.850807e-05,0.135975,1.168039e-06,0.009028766,-7.726369e-05,1.22,-3.31927e-06,-1.317386e-05,2.78997e-06,-0.01752377,2.273236e-05,0.02301764,1.223
2024_02_12_12_36_11_997,0.4,0.0,226780.0,226780.0,93.23368,3.855608e-05,0.135975,3.613751e-07,0.009028944,-7.82295e-05,1.22,-1.949903e-06,6.696539e-06,-4.887358e-06,-0.01192093,0.0001369141,0.0307234,1.223
2024_02_12_12_36_12_035,0.4,0.0,226890.0,226890.0,93.27885,3.862659e-05,0.135975,1.278472e-08,0.009028973,-7.746068e-05,1.22,1.179447e-06,1.911119e-05,8.938634e-06,-0.0009536743,-2.34113e-05,0.01166854,1.223
2024_02_12_12_36_12_072,0.4,0.0,227003.0,227003.0,93.32523,3.870913e-05,0.135975,1.03584e-07,0.009028945,-7.93721e-05,1.22,-8.901009e-07,-1.540976e-05,-1.0897e-06,-0.007867813,-0.00012067,0.04601478,1.223
2024_02_12_12_36_12_109,0.4,0.0,227113.0,227113.0,93.3704,3.875572e-05,0.1359749,-2.622311e-07,0.009028765,-8.214355e-05,1.22,1.937377e-05,-2.39177e-05,1.55045e-05,0.003814697,-6.888626e-05,-0.01132861,1.223
2024_02_12_12_36_12_147,0.4,0.0,227226.0,227226.0,93.41679,3.882566e-05,0.1359751,-1.248489e-06,0.009028915,-8.175195e-05,1.22,2.009592e-05,-3.117669e-05,1.870529e-05,0.01573563,-0.0001734787,-0.01138262,1.223
2024_02_12_12_36_12_185,0.4,0.0,227336.0,227336.0,93.46195,3.88927e-05,0.1359751,9.2134e-07,0.009028915,-7.941094e-05,1.22,7.918975e-07,-2.225351e-06,1.959698e-06,-0.004172325,0.0003330687,0.007560476,1.223
2024_02_12_12_36_12_221,0.4,0.0,227449.0,227449.0,93.50834,3.892618e-05,0.135975,8.218421e-07,0.009028795,-8.339848e-05,1.22,-2.347711e-05,-4.160712e-05,4.466489e-06,0.004172325,-5.643608e-05,-0.007710419,1.223
2024_02_12_12_36_12_259,0.4,0.0,227559.0,227559.0,93.5535,3.899684e-05,0.1359749,-5.766486e-07,0.009028764,-8.179311e-05,1.22,1.323338e-06,-4.046144e-05,2.593928e-06,0.0007152557,0.0001778382,-0.01885928,1.223
2024_02_12_12_36_12_293,0.4,0.0,227660.0,227660.0,93.59501,3.909298e-05,0.1359751,-8.049869e-07,0.009028706,-7.959799e-05,1.22,3.238138e-06,-2.617707e-05,3.810339e-07,0.002264977,-0.0001553154,-0.0003064051,1.223
2024_02_12_12_36_12_330,0.4,0.0,227770.0,227770.0,93.64017,3.917839e-05,0.135975,-1.872468e-06,0.009028438,-7.683969e-05,1.22,-5.918602e-07,-1.620193e-05,-4.425423e-06,0.004172325,-0.0001192371,-0.004042871,1.223
2024_02_12_12_36_12_368,0.4,0.0,227883.0,227883.0,93.68656,3.925269e-05,0.135975,4.171168e-07,0.009028616,-7.571961e-05,1.22,-9.974083e-07,-0.0001112795,4.596684e-06,0.01120567,-6.327889e-05,-0.05365535,1.223
2024_02_12_12_36_12_405,0.4,0.0,227993.0,227993.0,93.73173,3.930828e-05,0.135975,-5.358073e-07,0.009028616,-7.736477e-05,1.22,-3.237153e-07,-0.0001224319,5.680246e-06,0.01811981,2.964327e-05,-0.06132759,1.223
2024_02_12_12_36_12_443,0.4,0.0,228106.0,228106.0,93.77811,3.940352e-05,0.135975,-2.258465e-07,0.009028378,-7.62111e-05,1.22,5.03143e-07,-9.977037e-06,4.243585e-06,0.001311302,-0.0001305743,-0.0001797452,1.223
2024_02_12_12_36_12_480,0.4,0.0,228216.0,228216.0,93.82328,3.944879e-05,0.1359749,-2.135578e-07,0.009028378,-8.281618e-05,1.22,-8.917141e-07,-4.03419e-05,-2.080956e-06,0.0007152557,9.457381e-06,-0.0001629814,1.223
2024_02_12_12_36_12_518,0.4,0.0,228329.0,228329.0,93.86967,3.95407e-05,0.1359749,-2.131673e-07,0.009028468,-8.01431e-05,1.22,-1.321756e-06,-9.056738e-05,-3.234555e-07,0.03933906,1.203602e-05,-0.06887224,1.223
2024_02_12_12_36_12_556,0.4,0.0,228439.0,228439.0,93.91483,3.96076e-05,0.1359749,-1.234669e-06,0.009028615,-8.021692e-05,1.22,-2.430727e-06,-8.718733e-05,-6.131755e-06,0.005602836,-1.640365e-05,-0.01895241,1.223
2024_02_12_12_36_12_588,0.4,0.0,228537.0,228537.0,93.95512,3.966096e-05,0.135975,-1.186212e-06,0.009028498,-8.084287e-05,1.22,4.410182e-07,-1.515634e-05,-6.426685e-07,0.0001192093,0.0001405361,-0.0001108274,1.223
2024_02_12_12_36_12_627,0.4,0.0,228650.0,228650.0,94.0015,3.970731e-05,0.1359749,1.240634e-06,0.009028378,-8.205674e-05,1.22,-7.804124e-06,-4.334831e-06,-1.475237e-06,-0.0009536743,0.000165541,-0.0001741573,1.223
2024_02_12_12_36_12_664,0.4,0.0,228760.0,228760.0,94.04667,3.971497e-05,0.1359748,-6.563614e-08,0.009028498,-8.43088e-05,1.22,-2.784478e-06,-1.113104e-05,-2.82231e-06,-0.006198883,-0.0001308396,0.01945253,1.223
2024_02_12_12_36_12_701,0.4,0.0,228873.0,228873.0,94.09306,3.979935e-05,0.135975,-2.506136e-06,0.009028796,-8.339351e-05,1.22,4.493525e-06,-2.484832e-05,5.478694e-06,-0.005245208,6.02306e-05,0.03828201,1.223
2024_02_12_12_36_12_738,0.4,0.0,228983.0,228983.0,94.13822,3.990288e-05,0.135975,-1.261852e-06,0.009028886,-8.074148e-05,1.22,3.43234e-06,-5.398151e-05,2.057235e-06,-0.01299381,0.0003100705,0.03449526,1.223
2024_02_12_12_36_12_776,0.4,0.0,229096.0,229096.0,94.18461,3.997012e-05,0.135975,-5.961488e-07,0.009028943,-8.407939e-05,1.22,2.135608e-05,9.256386e-06,2.018985e-05,-0.0005960464,1.470164e-05,0.000167638,1.223
2024_02_12_12_36_12_809,0.4,0.0,229195.0,229194.0,94.22489,4.003116e-05,0.1359751,1.36578e-07,0.009029152,-8.438958e-05,1.22,-1.579949e-06,3.812857e-06,-5.841192e-07,-0.0257492,4.147637e-05,0.04214793,1.223
2024_02_12_12_36_12_848,0.4,0.0,229308.0,229307.0,94.27128,4.007608e-05,0.1359751,6.783539e-08,0.009029303,-8.728726e-05,1.22,-2.379502e-05,-5.205133e-05,1.383543e-05,0.001430511,3.181742e-05,0.0002151355,1.223
2024_02_12_12_36_12_880,0.4,0.0,229406.0,229405.0,94.31156,4.012535e-05,0.1359751,2.771575e-07,0.009029362,-8.87079e-05,1.22,-1.473593e-07,-1.459419e-05,-5.958663e-06,-0.0002384186,0.0001997478,0.01947396,1.223
2024_02_12_12_36_12_917,0.4,0.0,229519.0,229518.0,94.35795,4.019809e-05,0.1359752,-1.212667e-06,0.009029035,-8.775995e-05,1.22,2.087847e-05,4.779511e-05,-1.29827e-05,0.01168251,-4.735432e-05,-0.02680067,1.223
2024_02_12_12_36_12_955,0.4,0.0,229629.0,229628.0,94.40311,4.027715e-05,0.1359752,-1.789401e-06,0.009029005,-8.678455e-05,1.22,3.572389e-06,4.25402e-06,-3.341723e-06,0.002026558,0.0002087304,-0.0002132729,1.223
2024_02_12_12_36_12_993,0.4,0.0,229742.0,229741.0,94.4495,4.03449e-05,0.135975,-4.272991e-07,0.009028886,-8.827919e-05,1.22,-5.86702e-06,-1.633256e-05,5.179465e-07,0.009775162,-0.0001800458,0.007820316,1.223
2024_02_12_12_36_13_026,0.4,0.0,229840.0,229840.0,94.48978,4.040893e-05,0.135975,-2.190504e-06,0.009028707,-8.707734e-05,1.22,2.4022e-06,-8.13862e-05,4.928937e-07,0.01955032,2.298748e-06,-0.01534633,1.223
2024_02_12_12_36_13_064,0.4,0.0,229950.0,229950.0,94.53495,4.046467e-05,0.135975,1.517492e-06,0.009028438,-8.827958e-05,1.22,-2.215588e-05,9.680223e-07,1.249104e-05,-0.009536743,2.421734e-05,0.01114886,1.223
2024_02_12_12_36_13_097,0.4,0.0,230051.0,230051.0,94.57645,4.050326e-05,0.135975,3.841018e-07,0.009028379,-8.899173e-05,1.22,-3.735344e-07,-5.151589e-05,-2.95228e-06,-0.002861023,3.458922e-06,-0.007808208,1.223
2024_02_12_12_36_13_135,0.4,0.0,230161.0,230161.0,94.62162,4.058183e-05,0.135975,-1.006755e-06,0.009028646,-8.772401e-05,1.22,2.848649e-06,-0.0001276163,6.233687e-07,0.008940697,-0.0001446158,-0.01531653,1.223
2024_02_12_12_36_13_173,0.4,0.0,230274.0,230274.0,94.66801,4.067798e-05,0.135975,1.052972e-06,0.009028616,-8.534679e-05,1.22,-1.693096e-05,-0.0001235668,-1.370847e-05,-0.002145767,-5.403342e-05,0.007548369,1.223
2024_02_12_12_36_13_205,0.4,0.0,230372.0,230372.0,94.70829,4.078731e-05,0.135975,-8.530703e-07,0.009028378,-7.820081e-05,1.22,4.78538e-06,-1.558746e-05,6.825765e-06,-0.004291534,5.108393e-05,0.003538094,1.223
2024_02_12_12_36_13_243,0.4,0.0,230485.0,230485.0,94.75468,4.084496e-05,0.1359749,-7.011626e-07,0.009028378,-8.241317e-05,1.22,-1.359704e-06,-2.449796e-05,2.785042e-06,0.0002384186,-2.950628e-05,-0.0001909211,1.223
2024_02_12_12_36_13_280,0.4,0.0,230595.0,230595.0,94.79984,4.091581e-05,0.1359748,5.651343e-08,0.009028586,-8.282996e-05,1.22,3.757064e-07,-6.433848e-05,1.569113e-06,0.000834465,1.935916e-05,-0.03800076,1.223
2024_02_12_12_36_13_314,0.4,0.0,230693.0,230693.0,94.84013,4.096058e-05,0.135975,-7.42633e-08,0.009028706,-8.589468e-05,1.22,1.597123e-05,-6.575965e-05,2.171023e-05,-0.002980232,-0.0001496169,0.003785826,1.223
2024_02_12_12_36_13_347,0.4,0.0,230794.0,230794.0,94.88163,4.102299e-05,0.1359749,-1.096e-06,0.009028737,-8.40825e-05,1.22,2.314776e-06,-4.240138e-05,1.679277e-07,0.01335144,3.231048e-05,-0.0227401,1.223
2024_02_12_12_36_13_384,0.4,0.0,230904.0,230904.0,94.9268,4.109923e-05,0.1359749,-1.142834e-06,0.009028914,-8.660569e-05,1.22,9.23215e-07,-2.565868e-05,-7.305739e-07,-0.001192093,-4.080368e-05,0.0001806766,1.223
2024_02_12_12_36_13_421,0.4,0.0,231017.0,231017.0,94.97318,4.119521e-05,0.1359751,-3.859761e-07,0.009029094,-8.309462e-05,1.22,-4.237268e-05,3.82116e-06,-7.174665e-06,-0.002980232,0.0001855687,0.01170579,1.223
2024_02_12_12_36_13_459,0.4,0.0,231127.0,231127.0,95.01835,4.125158e-05,0.135975,-1.779812e-08,0.009029211,-8.704919e-05,1.22,-4.112063e-07,-4.750362e-05,-6.709363e-06,-0.005841255,7.448898e-05,0.01158845,1.223
2024_02_12_12_36_13_497,0.4,0.0,231240.0,231240.0,95.06474,4.134342e-05,0.1359751,-1.023536e-06,0.009029271,-8.543287e-05,1.22,1.584239e-06,-5.266206e-05,-2.464211e-06,0.003814697,0.0001583369,-0.03817491,1.223
2024_02_12_12_36_13_534,0.4,0.0,231350.0,231350.0,95.1099,4.143943e-05,0.135975,-1.269105e-06,0.009029004,-8.484033e-05,1.22,3.309372e-06,4.518717e-05,1.69734e-06,-0.003457069,0.0001199786,0.00386592,1.223
2024_02_12_12_36_13_572,0.4,0.0,231463.0,231463.0,95.15629,4.152224e-05,0.1359751,-8.346164e-07,0.009028943,-8.578971e-05,1.22,1.196593e-06,-2.605097e-05,-1.235541e-06,0.003695488,-6.872199e-05,-0.01548044,1.223
2024_02_12_12_36_13_609,0.4,0.0,231573.0,231573.0,95.20145,4.158102e-05,0.135975,2.017911e-06,0.009028824,-8.828731e-05,1.22,-2.298475e-05,-1.912307e-05,1.056335e-05,0.007867813,3.526293e-05,-0.03043562,1.223
2024_02_12_12_36_13_643,0.4,0.0,231675.0,231674.0,95.24296,4.161972e-05,0.1359749,-1.507035e-06,0.009028856,-9.234286e-05,1.22,1.942359e-05,5.009095e-06,1.738895e-05,-0.01716614,6.555069e-06,0.01149345,1.223
2024_02_12_12_36_13_680,0.4,0.0,231785.0,231784.0,95.28812,4.168289e-05,0.135975,3.34409e-08,0.009028795,-9.412602e-05,1.22,-7.196834e-07,-6.622401e-05,-1.293295e-06,0.002622604,2.979777e-05,-0.01526717,1.223
2024_02_12_12_36_13_713,0.4,0.0,231883.0,231882.0,95.32841,4.172159e-05,0.135975,-1.683687e-06,0.009028854,-9.555117e-05,1.22,2.008425e-05,-6.249769e-05,1.829242e-05,-0.002861023,0.0001110152,0.01153443,1.223
2024_02_12_12_36_13_752,0.4,0.0,231996.0,231995.0,95.37479,4.180815e-05,0.135975,-2.192666e-06,0.009028737,-9.559016e-05,1.22,4.429294e-06,-5.504436e-05,-2.582037e-06,0.001072884,1.090029e-05,-0.00390131,1.223
2024_02_12_12_36_13_785,0.4,0.0,232094.0,232094.0,95.41508,4.189968e-05,0.1359751,-1.701699e-06,0.009028677,-9.400211e-05,1.22,2.141547e-06,-0.0001203814,-1.889167e-07,0.00989437,5.459674e-05,-0.03074203,1.223
2024_02_12_12_36_13_822,0.4,0.0,232207.0,232207.0,95.46146,4.196612e-05,0.135975,3.804859e-07,0.009028408,-9.473311e-05,1.22,-7.26549e-07,-3.224297e-05,-1.470756e-06,-0.01358986,3.762159e-05,-0.0003920868,1.223
2024_02_12_12_36_13_855,0.4,0.0,232305.0,232305.0,95.50175,4.202915e-05,0.135975,-7.090038e-07,0.009028319,-9.264693e-05,1.22,-2.136594e-06,-6.287966e-05,2.989245e-06,0.01263618,-7.061885e-05,-0.01160987,1.223
2024_02_12_12_36_13_893,0.4,0.0,232415.0,232415.0,95.54691,4.210234e-05,0.1359748,5.993275e-07,0.009028349,-9.132198e-05,1.22,-5.608697e-07,4.910878e-05,7.65524e-07,-0.01680851,2.922763e-05,0.03843568,1.223
2024_02_12_12_36_13_930,0.4,0.0,232528.0,232528.0,95.5933,4.216785e-05,0.1359749,-1.862584e-06,0.009028616,-9.251789e-05,1.22,5.477769e-06,-9.332835e-05,1.529178e-07,-0.001430511,0.0001664898,0.02310145,1.223
2024_02_12_12_36_13_968,0.4,0.0,232638.0,232638.0,95.63847,4.225458e-05,0.1359749,1.07826e-06,0.009028587,-9.156577e-05,1.22,-2.174663e-05,-3.514902e-05,1.440255e-05,0.007748603,0.0002613862,-0.02285931,1.223
2024_02_12_12_36_14_006,0.4,0.0,232751.0,232751.0,95.68485,4.229435e-05,0.135975,2.212311e-06,0.009028466,-9.343331e-05,1.22,-2.844743e-06,-5.392978e-06,6.696113e-07,0.002861023,9.891471e-05,0.003600493,1.223
2024_02_12_12_36_14_043,0.4,0.0,232861.0,232861.0,95.73002,4.234689e-05,0.1359749,-1.266381e-07,0.009028468,-9.42668e-05,1.22,1.907726e-06,-8.247652e-06,-3.456703e-06,-0.01001358,3.328273e-05,-0.01513865,1.223
2024_02_12_12_36_14_080,0.4,0.0,232974.0,232974.0,95.77641,4.241199e-05,0.1359749,-1.553687e-06,0.009028648,-9.732319e-05,1.22,2.097683e-06,-2.865936e-05,-4.820994e-06,0.01108646,3.613172e-05,-0.03019068,1.223
2024_02_12_12_36_14_118,0.4,0.0,233084.0,233084.0,95.82157,4.249503e-05,0.135975,-3.958465e-07,0.009028824,-9.955079e-05,1.22,1.351108e-06,-7.350777e-05,-9.760219e-07,0.006198883,-8.228266e-05,0.0001369044,1.223
2024_02_12_12_36_14_155,0.4,0.0,233197.0,233197.0,95.86796,4.25499e-05,0.135975,-7.921085e-08,0.009028943,-0.0001024559,1.22,2.284072e-07,-4.430391e-05,-2.742031e-06,0.001311302,0.0001031417,6.798655e-05,1.223
2024_02_12_12_36_14_188,0.4,0.0,233295.0,233295.0,95.90824,4.261931e-05,0.135975,-1.777485e-06,0.009029004,-0.000101644,1.22,-1.51144e-07,-4.144729e-05,6.849631e-07,0.01108646,0.0001085158,-0.03040116,1.223
2024_02_12_12_36_14_226,0.4,0.0,233408.0,233408.0,95.95463,4.269005e-05,0.1359751,-1.629239e-07,0.009028914,-0.0001016534,1.22,1.129068e-06,-7.643566e-06,1.92468e-07,0.01657009,7.577341e-05,-0.01533329,1.223
2024_02_12_12_36_14_259,0.4,0.0,233506.0,233506.0,95.99491,4.276283e-05,0.1359749,1.121012e-06,0.009028824,-9.991581e-05,1.22,-1.932645e-05,-3.67551e-05,-2.066035e-05,0.01752377,6.116989e-05,-0.03412459,1.223
2024_02_12_12_36_14_297,0.4,0.0,233619.0,233619.0,96.0413,4.283543e-05,0.135975,-1.796102e-06,0.009028854,-0.0001006444,1.22,2.61072e-05,-0.00010134,-6.471247e-06,0.00166893,3.127025e-05,-0.007755123,1.223
2024_02_12_12_36_14_330,0.4,0.0,233717.0,233717.0,96.08158,4.290227e-05,0.135975,-5.31939e-07,0.009028765,-9.973152e-05,1.22,2.367067e-06,-0.0001260422,7.403925e-06,0.005483627,2.470051e-05,-0.003919005,1.223
2024_02_12_12_36_14_367,0.4,0.0,233827.0,233827.0,96.12675,4.29764e-05,0.135975,7.728899e-07,0.009028737,-0.0001015841,1.22,-2.027642e-05,-4.823748e-05,-1.514684e-05,0.002622604,-3.943853e-05,0.01155399,1.223
2024_02_12_12_36_14_406,0.4,0.0,233940.0,233940.0,96.17313,4.303781e-05,0.1359749,3.153006e-07,0.009028706,-0.0001039057,1.22,-1.492596e-06,-5.194404e-05,-6.038152e-06,0.01096725,-3.578213e-05,-0.02262089,1.223
2024_02_12_12_36_14_442,0.4,0.0,234051.0,234050.0,96.2183,4.309155e-05,0.135975,5.654086e-08,0.009028498,-0.0001049883,1.22,1.273148e-06,-1.671833e-05,-3.546397e-06,0.002264977,9.066479e-05,-0.0001778826,1.223
2024_02_12_12_36_14_480,0.4,0.0,234164.0,234163.0,96.26469,4.313822e-05,0.135975,1.158071e-06,0.009028409,-0.0001061639,1.22,-2.110931e-05,-4.37254e-05,1.239411e-05,-0.002026558,4.141918e-05,-0.003922731,1.223
2024_02_12_12_36_14_514,0.4,0.0,234262.0,234261.0,96.30497,4.320566e-05,0.1359749,-1.927491e-06,0.009028677,-0.0001047713,1.22,-1.559186e-05,-0.0001024103,-1.845467e-05,0.01060963,0.0002952172,-0.003507361,1.223
2024_02_12_12_36_14_551,0.4,0.0,234375.0,234374.0,96.35136,4.330646e-05,0.135975,-1.211973e-06,0.009028646,-0.0001068642,1.22,1.383003e-06,-0.0001167452,2.182088e-06,0.0007152557,-5.763695e-05,-5.867332e-05,1.223
2024_02_12_12_36_14_588,0.4,0.0,234485.0,234484.0,96.39652,4.339573e-05,0.135975,-1.830476e-06,0.009028497,-0.0001073856,1.22,2.623792e-05,-5.093977e-05,-1.182801e-05,-0.006914138,-0.0001608764,-0.01163781,1.223
2024_02_12_12_36_14_622,0.4,0.0,234586.0,234585.0,96.43803,4.349712e-05,0.135975,-8.550738e-07,0.009028735,-0.0001067608,1.22,1.557047e-06,-2.046619e-05,7.254635e-06,-0.01060963,0.0001291023,0.02682954,1.223
2024_02_12_12_36_14_659,0.4,0.0,234696.0,234696.0,96.48319,4.359207e-05,0.135975,-1.784102e-06,0.009028975,-0.0001073578,1.22,4.179766e-06,-4.754454e-05,-7.334946e-06,-0.01108646,-0.0001317671,0.04217028,1.223
2024_02_12_12_36_14_697,0.4,0.0,234809.0,234809.0,96.52958,4.369982e-05,0.135975,-6.414757e-07,0.009028914,-0.0001076945,1.22,-1.553611e-07,-1.131814e-05,3.312889e-06,-0.0003576278,-0.00010595,-4.190951e-05,1.223
2024_02_12_12_36_14_730,0.4,0.0,234907.0,234907.0,96.56986,4.378998e-05,0.135975,-1.685316e-07,0.009028914,-0.0001065893,1.22,-1.583213e-05,-1.613543e-05,-1.933037e-05,-0.005722045,0.0002826457,-5.401671e-05,1.223
2024_02_12_12_36_14_764,0.4,0.0,235005.0,235005.0,96.61015,4.386922e-05,0.1359751,1.635756e-06,0.009028945,-0.0001069572,1.22,-2.408519e-05,-6.50294e-06,1.500504e-05,-0.004649162,0.000177159,-0.01530256,1.223
2024_02_12_12_36_14_800,0.4,0.0,235118.0,235118.0,96.65653,4.394384e-05,0.1359751,-6.549073e-07,0.009029004,-0.0001095606,1.22,-2.091447e-05,2.406875e-07,1.272365e-05,0.009298325,-2.897013e-05,-0.01145806,1.223
2024_02_12_12_36_14_838,0.4,0.0,235228.0,235228.0,96.7017,4.404513e-05,0.135975,-9.231804e-07,0.009028826,-0.0001078559,1.22,-1.148845e-06,5.435569e-06,4.464994e-06,-0.01013279,-0.0002819374,0.007651746,1.223
2024_02_12_12_36_14_876,0.4,0.0,235341.0,235341.0,96.74809,4.411966e-05,0.135975,-1.756822e-06,0.009028796,-0.0001081506,1.22,-5.54078e-07,-3.377246e-05,4.451349e-06,-0.007510185,-0.0001337905,0.01155864,1.223
2024_02_12_12_36_14_913,0.4,0.0,235451.0,235451.0,96.79325,4.421963e-05,0.1359751,1.871171e-06,0.009028915,-0.0001067544,1.22,2.364348e-06,-5.19513e-05,9.549699e-06,-0.0003576278,-8.980464e-05,0.02667401,1.223
2024_02_12_12_36_14_947,0.4,0.0,235552.0,235552.0,96.83475,4.429061e-05,0.135975,-1.442061e-06,0.009028914,-0.0001091622,1.22,-2.065791e-07,-4.184527e-05,-3.755426e-06,-0.009536743,-0.000191174,-4.284083e-05,1.223
2024_02_12_12_36_14_984,0.4,0.0,235662.0,235662.0,96.87992,4.438137e-05,0.135975,-8.674016e-07,0.009028706,-0.0001116159,1.22,2.24552e-05,-1.59928e-05,1.082738e-05,0.0001192093,1.343937e-05,-0.01530442,1.223
2024_02_12_12_36_15_021,0.4,0.0,235775.0,235775.0,96.92631,4.451441e-05,0.1359749,-1.002672e-06,0.009028705,-0.0001068582,1.22,-1.755721e-05,2.195551e-05,-7.675715e-06,-0.004291534,-0.0002030083,0.02295896,1.223
2024_02_12_12_36_15_060,0.4,0.0,235885.0,235885.0,96.97147,4.460398e-05,0.1359751,-1.043834e-06,0.009028915,-0.0001104328,1.22,2.067173e-05,-7.284808e-05,-1.080578e-05,-0.0193119,-8.916276e-05,0.03434438,1.223
2024_02_12_12_36_15_096,0.4,0.0,235995.0,235995.0,97.01664,4.46943e-05,0.135975,-5.692448e-08,0.009028943,-0.0001102165,1.22,5.856769e-07,-3.702652e-05,9.302884e-07,-0.006079673,-3.960758e-05,0.0384273,1.223
2024_02_12_12_36_15_134,0.4,0.0,236108.0,236108.0,97.06303,4.479483e-05,0.1359751,-9.630321e-08,0.009028765,-0.0001082757,1.22,-1.071885e-06,-4.16365e-05,-1.494242e-06,-0.0004768371,0.0001866356,-0.01924206,1.223
2024_02_12_12_36_15_171,0.4,0.0,236218.0,236218.0,97.10819,4.486231e-05,0.1359751,4.100925e-08,0.009028676,-0.000111982,1.22,-5.660884e-07,-9.570874e-05,-1.947539e-06,0.0004768371,2.633169e-05,-0.0002272427,1.223
2024_02_12_12_36_15_205,0.4,0.0,236319.0,236319.0,97.1497,4.495035e-05,0.135975,1.272142e-07,0.009028378,-0.0001104359,1.22,-1.05185e-06,-2.291719e-05,-2.673833e-07,0.0009536743,3.679611e-05,-0.0002533197,1.223
2024_02_12_12_36_15_242,0.4,0.0,236429.0,236429.0,97.19486,4.501326e-05,0.1359749,1.467686e-06,0.009028289,-0.0001126126,1.22,-2.254758e-05,-3.838899e-05,-1.051321e-05,0.01478195,-0.0001340054,0.01144688,1.223
2024_02_12_12_36_15_280,0.4,0.0,236542.0,236542.0,97.24125,4.509548e-05,0.1359749,3.360859e-07,0.009028438,-0.0001139417,1.22,-6.829861e-07,-5.443481e-05,-1.571733e-06,-0.01060963,-1.192188e-05,0.0153305,1.223
2024_02_12_12_36_15_317,0.4,0.0,236652.0,236652.0,97.28642,4.521478e-05,0.135975,-4.256951e-07,0.009028616,-0.0001104592,1.22,-1.755332e-05,-0.0001216837,-1.333295e-05,0.0002384186,5.021616e-05,0.02679694,1.223
2024_02_12_12_36_15_352,0.4,0.0,236754.0,236753.0,97.32792,4.529064e-05,0.135975,1.509826e-07,0.009028528,-0.0001107559,1.22,-2.695298e-07,-1.339811e-05,-1.844524e-06,0.000834465,1.086141e-05,-0.0001573935,1.223
2024_02_12_12_36_15_388,0.4,0.0,236864.0,236863.0,97.37309,4.537209e-05,0.1359749,-2.599754e-07,0.009028378,-0.0001094446,1.22,-2.160872e-05,-2.230784e-05,9.520028e-06,-0.00166893,7.069048e-05,-0.004021451,1.223
2024_02_12_12_36_15_421,0.4,0.0,236962.0,236961.0,97.41337,4.544422e-05,0.1359748,-4.709908e-07,0.009028437,-0.0001111681,1.22,-8.736146e-07,1.876334e-05,-1.93162e-06,-0.01215935,-0.0001957639,0.03085006,1.223
2024_02_12_12_36_15_459,0.4,0.0,237075.0,237074.0,97.45975,4.55498e-05,0.135975,-1.271253e-07,0.009028706,-0.0001082242,1.22,-2.350534e-05,-8.861464e-05,-1.869785e-05,-0.01680851,0.0001303011,0.03813859,1.223
2024_02_12_12_36_15_492,0.4,0.0,237173.0,237173.0,97.50004,4.563143e-05,0.135975,6.462967e-07,0.009028737,-0.0001089869,1.22,-1.131709e-06,-6.142906e-05,3.328086e-06,-0.007271766,-0.0002481338,0.03448594,1.223
2024_02_12_12_36_15_530,0.4,0.0,237286.0,237286.0,97.54642,4.57166e-05,0.135975,-1.484393e-06,0.009028378,-0.000110835,1.22,1.639214e-06,-2.504558e-05,-5.949249e-06,-0.0005960464,-0.0001374303,-0.01557823,1.223
2024_02_12_12_36_15_568,0.4,0.0,237396.0,237396.0,97.59159,4.580796e-05,0.1359749,2.614807e-07,0.009028319,-0.0001128773,1.22,2.03304e-05,-4.861205e-05,1.981158e-05,-0.003814697,-0.0002991564,0.03425218,1.223
2024_02_12_12_36_15_601,0.4,0.0,237497.0,237497.0,97.63309,4.588533e-05,0.1359749,7.443539e-07,0.009028617,-0.0001107232,1.22,-1.557443e-06,-2.17977e-05,3.600361e-06,-0.002145767,-0.0001801186,0.007863156,1.223
2024_02_12_12_36_15_638,0.4,0.0,237607.0,237607.0,97.67826,4.595018e-05,0.1359749,3.350303e-07,0.009028826,-0.0001128778,1.22,-1.803018e-07,3.098125e-05,-5.733258e-07,-0.0004768371,2.247998e-05,-0.0225883,1.223
2024_02_12_12_36_15_671,0.4,0.0,237705.0,237705.0,97.71854,4.604639e-05,0.135975,-1.18018e-06,0.009029004,-0.0001113606,1.22,5.340833e-06,8.008506e-07,2.432458e-07,-0.001788139,8.383608e-05,0.004129484,1.223
2024_02_12_12_36_15_708,0.4,0.0,237818.0,237818.0,97.76493,4.617503e-05,0.1359751,-5.490319e-08,0.009029005,-0.0001092602,1.22,-1.74036e-05,1.925282e-05,1.24534e-05,0.008702278,-7.277708e-05,-0.03426988,1.223
2024_02_12_12_36_15_746,0.4,0.0,237928.0,237928.0,97.8101,4.627738e-05,0.135975,-5.256755e-08,0.009029034,-0.0001104508,1.22,-1.984925e-07,-5.983411e-06,1.044231e-07,-0.01311302,-9.053565e-06,0.04592538,1.223
2024_02_12_12_36_15_784,0.4,0.0,238041.0,238041.0,97.85648,4.637955e-05,0.1359751,1.211372e-07,0.009028826,-0.0001098372,1.22,3.310101e-08,-5.205854e-06,7.047702e-07,0.00834465,-2.421598e-05,-0.007705763,1.223
2024_02_12_12_36_15_817,0.4,0.0,238139.0,238139.0,97.89677,4.644691e-05,0.1359751,7.62141e-07,0.009028886,-0.0001117203,1.22,-5.58181e-06,-4.971182e-05,8.457667e-06,0.00989437,-0.0001562155,-0.0267392,1.223
2024_02_12_12_36_15_855,0.4,0.0,238252.0,238252.0,97.94315,4.65419e-05,0.1359751,-2.120096e-06,0.009028914,-0.0001114182,1.22,2.259796e-05,-3.906428e-05,-1.43715e-05,0.0003576278,0.0001328774,-0.0001946464,1.223
2024_02_12_12_36_15_888,0.4,0.0,238350.0,238350.0,97.98344,4.661524e-05,0.1359751,-1.344445e-06,0.009028885,-0.0001135808,1.22,-2.275003e-05,-7.706838e-06,1.905077e-05,0.002026558,-3.259561e-05,0.007498078,1.223
2024_02_12_12_36_15_927,0.4,0.0,238463.0,238463.0,98.02982,4.670298e-05,0.135975,1.401018e-07,0.009028765,-0.0001153334,1.22,-1.078051e-06,-4.853807e-05,-5.5842e-07,-0.007510185,4.039657e-05,0.007667578,1.223
2024_02_12_12_36_15_964,0.4,0.0,238573.0,238573.0,98.07499,4.679186e-05,0.1359751,9.119385e-07,0.009028615,-0.0001142793,1.22,1.516808e-06,-1.169799e-05,9.225011e-06,-0.01096725,-0.0001990556,0.04171952,1.223
2024_02_12_12_36_16_001,0.4,0.0,238686.0,238686.0,98.12138,4.691954e-05,0.135975,-9.339974e-07,0.009028409,-0.000112335,1.22,-1.267178e-05,-1.895898e-05,-1.758945e-05,-0.01144409,7.132735e-05,0.01493096,1.223
2024_02_12_12_36_16_038,0.4,0.0,238796.0,238796.0,98.16654,4.705063e-05,0.1359749,2.351561e-07,0.009028558,-0.0001107639,1.22,-2.578742e-06,-3.732495e-05,-3.57779e-06,-0.0128746,-0.0001540143,0.02693198,1.223
2024_02_12_12_36_16_076,0.4,0.0,238909.0,238909.0,98.21293,4.715033e-05,0.135975,-5.786073e-07,0.009028706,-0.0001097929,1.22,-1.829073e-06,-8.747675e-05,1.920988e-07,0.0140667,2.846059e-05,-0.03057532,1.223
2024_02_12_12_36_16_113,0.4,0.0,239019.0,239019.0,98.25809,4.725216e-05,0.135975,1.005158e-07,0.009028705,-0.0001090044,1.22,4.844827e-07,-5.951703e-05,-2.07225e-06,0.009536743,0.0001010603,-0.01920667,1.223
2024_02_12_12_36_16_151,0.4,0.0,239132.0,239132.0,98.30448,4.735681e-05,0.135975,-9.337858e-07,0.009028497,-0.0001078543,1.22,2.068485e-05,-1.308099e-05,-1.213248e-05,-0.003218651,8.484676e-06,-0.003939494,1.223
2024_02_12_12_36_16_188,0.4,0.0,239242.0,239242.0,98.34965,4.742746e-05,0.1359748,-8.095025e-07,0.009028466,-0.0001116757,1.22,2.010186e-05,-1.219108e-05,1.60737e-05,-0.007390975,-9.57425e-06,0.02706051,1.223
2024_02_12_12_36_16_226,0.4,0.0,239355.0,239355.0,98.39603,4.752322e-05,0.135975,8.662989e-07,0.009028648,-0.000110029,1.22,-2.407113e-05,-7.445299e-05,-1.2872e-05,0.007748603,2.42303e-05,-0.01912471,1.223
2024_02_12_12_36_16_263,0.4,0.0,239465.0,239465.0,98.4412,4.761654e-05,0.135975,-1.739121e-06,0.009028586,-0.0001110196,1.22,2.064353e-05,-6.009019e-05,1.692549e-05,0.007748603,-7.620929e-05,-0.01931749,1.223
2024_02_12_12_36_16_301,0.4,0.0,239578.0,239578.0,98.48759,4.771136e-05,0.135975,5.483525e-08,0.009028378,-0.0001120629,1.22,-7.748336e-07,-2.247117e-05,1.087659e-06,0.0,-4.259391e-06,-0.0001695007,1.223
2024_02_12_12_36_16_338,0.4,0.0,239689.0,239688.0,98.53275,4.778559e-05,0.1359748,-2.379795e-07,0.009028348,-0.000112145,1.22,-2.831825e-05,7.575018e-06,1.081694e-05,0.006079673,0.0001178599,-0.01504552,1.223
2024_02_12_12_36_16_375,0.4,0.0,239799.0,239798.0,98.57792,4.785731e-05,0.135975,-9.297904e-07,0.009028616,-0.00011394,1.22,-3.594359e-06,-6.724475e-05,-4.636923e-06,0.003457069,0.0004190965,0.003769062,1.223
2024_02_12_12_36_16_413,0.4,0.0,239912.0,239911.0,98.62431,4.793644e-05,0.135975,-1.9832e-08,0.009028796,-0.0001163154,1.22,-3.48065e-07,-3.174532e-05,-2.435314e-06,-0.02527237,2.088359e-05,0.06117113,1.223
2024_02_12_12_36_16_447,0.4,0.0,240010.0,240009.0,98.66459,4.803708e-05,0.1359751,-1.848079e-06,0.009028975,-0.0001135414,1.22,2.123591e-05,-1.495527e-05,1.886566e-05,-0.0004768371,-0.0001414462,0.003947876,1.223
2024_02_12_12_36_16_484,0.4,0.0,240123.0,240122.0,98.71098,4.814223e-05,0.1359751,-5.200067e-07,0.009029035,-0.000111491,1.22,2.303124e-05,3.449638e-05,-1.067146e-05,-0.01966953,2.585921e-05,0.04209205,1.223
2024_02_12_12_36_16_521,0.4,0.0,240233.0,240232.0,98.75614,4.826662e-05,0.135975,-4.975556e-07,0.009029272,-0.0001062381,1.22,2.055362e-05,-5.528795e-05,-7.883528e-06,0.0007152557,-0.0001555202,-0.003500841,1.223
2024_02_12_12_36_16_559,0.4,0.0,240346.0,240345.0,98.80253,4.83741e-05,0.135975,7.496373e-07,0.009029241,-0.0001063134,1.22,-4.307542e-05,-1.391288e-05,-6.961587e-06,-0.00333786,0.0001348717,-0.007505528,1.223
2024_02_12_12_36_16_593,0.4,0.0,240444.0,240444.0,98.84281,4.846012e-05,0.1359751,-1.20857e-06,0.009029153,-0.0001082282,1.22,-3.019717e-06,4.168329e-05,-1.720361e-06,0.001311302,4.922663e-05,0.01908001,1.223
2024_02_12_12_36_16_630,0.4,0.0,240557.0,240557.0,98.8892,4.855069e-05,0.1359752,-3.84888e-07,0.009028975,-0.0001069563,1.22,4.498724e-07,2.53742e-05,5.640223e-07,0.006437301,5.946185e-05,-0.02680067,1.223
2024_02_12_12_36_16_668,0.4,0.0,240667.0,240667.0,98.93436,4.862455e-05,0.135975,-1.764316e-06,0.009028886,-0.000109348,1.22,-2.460547e-06,1.094487e-06,-7.796231e-06,0.004291534,-5.624565e-05,-0.01134816,1.223
2024_02_12_12_36_16_700,0.4,0.0,240765.0,240765.0,98.97465,4.870292e-05,0.135975,-8.905652e-07,0.009028706,-0.0001087129,1.22,-6.247449e-07,-3.440163e-05,-5.002707e-06,0.000834465,-5.411038e-06,-0.019053,1.223
2024_02_12_12_36_16_738,0.4,0.0,240878.0,240878.0,99.02103,4.879107e-05,0.135975,-1.519641e-06,0.009028526,-0.0001092218,1.22,4.064529e-05,-2.800492e-05,5.972603e-06,0.01096725,-0.0002339109,-0.02325047,1.223
2024_02_12_12_36_16_776,0.4,0.0,240988.0,240988.0,99.0662,4.889653e-05,0.135975,-1.024871e-06,0.009028379,-0.0001062847,1.22,1.664342e-06,-4.450249e-05,-2.193697e-06,-0.006198883,0.0001197191,0.0150511,1.223
2024_02_12_12_36_16_814,0.4,0.0,241101.0,241101.0,99.11259,4.899442e-05,0.1359749,-9.795083e-08,0.009028586,-0.0001066574,1.22,2.059222e-05,-7.772397e-05,-6.307394e-06,-0.005960464,-0.0003422779,-0.01144968,1.223
2024_02_12_12_36_16_851,0.4,0.0,241211.0,241211.0,99.15775,4.908373e-05,0.135975,-1.705599e-07,0.009028796,-0.0001068553,1.22,4.868416e-07,4.949593e-06,-2.678717e-05,-0.02133846,-5.607535e-05,0.05373638,1.223
2024_02_12_12_36_16_884,0.4,0.0,241312.0,241312.0,99.19926,4.916444e-05,0.135975,-4.282662e-07,0.009028676,-0.0001080729,1.22,2.151533e-06,-1.477049e-05,1.078215e-05,-0.005722045,7.368362e-05,0.02655387,1.223
2024_02_12_12_36_16_921,0.4,0.0,241422.0,241422.0,99.24442,4.92603e-05,0.135975,-6.353719e-07,0.009028824,-0.0001086984,1.22,2.255249e-06,-9.066512e-05,1.900883e-05,0.008940697,2.300044e-05,-0.01906417,1.223
2024_02_12_12_36_16_959,0.4,0.0,241535.0,241535.0,99.29081,4.937363e-05,0.135975,-1.044625e-06,0.009028855,-0.0001054835,1.22,2.103065e-06,-3.538369e-05,-2.620411e-05,-0.001788139,-6.512346e-05,0.01545157,1.223
2024_02_12_12_36_16_997,0.4,0.0,241645.0,241645.0,99.33598,4.944395e-05,0.135975,2.601412e-07,0.009028766,-0.0001088744,1.22,2.066122e-05,-6.843767e-05,1.998524e-05,0.006079673,-9.914606e-05,-0.01909211,1.223
2024_02_12_12_36_17_034,0.4,0.0,241758.0,241758.0,99.38236,4.952769e-05,0.135975,2.045576e-07,0.009028677,-0.0001079825,1.22,-8.721909e-07,-1.079754e-05,1.143239e-06,0.0002384186,1.682747e-05,1.210719e-05,1.223
2024_02_12_12_36_17_071,0.4,0.0,241868.0,241868.0,99.42753,4.960854e-05,0.1359751,-1.58562e-06,0.009028915,-0.0001111348,1.22,6.561157e-07,-6.709134e-05,-4.938258e-07,0.01108646,-7.116614e-05,-0.01134444,1.223
2024_02_12_12_36_17_105,0.4,0.0,241969.0,241969.0,99.46903,4.96971e-05,0.1359751,2.848786e-07,0.009029064,-0.0001106402,1.22,3.667985e-07,-7.812881e-05,3.541861e-05,0.01096725,6.044661e-05,-0.01129508,1.223
2024_02_12_12_36_17_143,0.4,0.0,242079.0,242079.0,99.5142,4.979999e-05,0.1359751,-2.168895e-06,0.009028885,-0.0001101769,1.22,2.102263e-06,-1.830049e-05,-1.164481e-06,-0.00333786,0.0002046988,-0.0001611188,1.223
2024_02_12_12_36_17_177,0.4,0.0,242177.0,242177.0,99.55448,4.989215e-05,0.1359749,-1.106262e-06,0.009028824,-0.0001100412,1.22,2.356339e-06,2.533524e-05,-5.848358e-06,0.00333786,0.0003107482,-0.01889933,1.223
2024_02_12_12_36_17_209,0.4,0.0,242279.0,242278.0,99.59599,4.997719e-05,0.135975,4.15944e-07,0.009028973,-0.0001095432,1.22,-1.401606e-06,1.837702e-05,5.883253e-07,0.000834465,3.272135e-05,0.0001201406,1.223
2024_02_12_12_36_17_246,0.4,0.0,242389.0,242388.0,99.64115,5.00472e-05,0.135975,4.03714e-07,0.009028973,-0.0001104054,1.22,1.467258e-05,1.125433e-06,1.204449e-05,-0.007390975,-0.0003350579,0.007776543,1.223
2024_02_12_12_36_17_281,0.4,0.0,242490.0,242489.0,99.68266,5.011741e-05,0.1359751,1.574004e-07,0.009028795,-0.0001103006,1.22,-1.995599e-05,-1.650847e-05,1.141147e-05,-0.002384186,-1.366106e-05,-0.004057772,1.223
2024_02_12_12_36_17_317,0.4,0.0,242600.0,242599.0,99.72782,5.021579e-05,0.1359749,-4.057795e-08,0.009028765,-0.0001091834,1.22,-7.717068e-07,-3.335433e-05,2.099293e-06,0.002384186,2.309502e-05,0.0001555309,1.223
2024_02_12_12_36_17_351,0.4,0.0,242698.0,242698.0,99.7681,5.028694e-05,0.1359751,7.158071e-08,0.009028796,-0.0001096874,1.22,3.092501e-07,-7.9407e-05,-1.470883e-06,-0.005960464,6.231743e-05,0.007442198,1.223
2024_02_12_12_36_17_388,0.4,0.0,242811.0,242811.0,99.81449,5.035621e-05,0.135975,1.013616e-07,0.009028378,-0.00011173,1.22,-6.320236e-07,-2.633386e-05,-2.94681e-07,0.01251697,3.97199e-05,-0.03080256,1.223
2024_02_12_12_36_17_425,0.4,0.0,242921.0,242921.0,99.85966,5.044676e-05,0.1359748,-3.519562e-08,0.009028586,-0.0001116872,1.22,-1.585411e-06,-3.762719e-05,-1.087137e-06,-0.01811981,0.0001120965,0.007746741,1.223
2024_02_12_12_36_17_459,0.4,0.0,243022.0,243022.0,99.90116,5.053183e-05,0.135975,-2.382374e-06,0.009028826,-0.0001112009,1.22,-1.183758e-06,-4.062829e-05,-9.140412e-06,-0.000834465,0.0002398237,0.00011269,1.223
2024_02_12_12_36_17_496,0.4,0.0,243132.0,243132.0,99.94633,5.062445e-05,0.1359752,1.081804e-06,0.009028886,-0.0001120632,1.22,-2.175806e-05,-8.593821e-05,3.433204e-06,0.006318092,0.0001409101,-0.01929142,1.223
2024_02_12_12_36_17_530,0.4,0.0,243230.0,243230.0,99.98661,5.071269e-05,0.1359751,-5.82113e-07,0.009028886,-0.0001104749,1.22,4.018065e-07,-6.39799e-05,-6.822202e-07,0.005960464,5.493552e-05,0.01529697,1.223
2024_02_12_12_36_17_567,0.4,0.0,243343.0,243343.0,100.033,5.079018e-05,0.1359751,1.083125e-07,0.009029062,-0.0001141987,1.22,-2.644562e-07,-9.845897e-05,-8.037103e-07,-0.00655651,2.275647e-05,0.01538917,1.223
2024_02_12_12_36_17_600,0.4,0.0,243441.0,243441.0,100.0733,5.087388e-05,0.135975,-5.785741e-07,0.009028705,-0.000113664,1.22,-2.15505e-05,-4.837088e-05,-2.216443e-05,0.007510185,0.0001324381,-0.007599592,1.223
2024_02_12_12_36_17_638,0.4,0.0,243554.0,243554.0,100.1197,5.098412e-05,0.1359749,-9.81824e-07,0.009028645,-0.000112722,1.22,-1.71751e-05,-6.270754e-05,1.022896e-05,0.003218651,0.0001575445,-0.01527369,1.223
2024_02_12_12_36_17_675,0.4,0.0,243664.0,243664.0,100.1648,5.106184e-05,0.135975,1.464048e-06,0.009028349,-0.0001154032,1.22,-2.279264e-05,-4.274117e-05,1.094328e-05,-0.009775162,-9.685936e-05,0.01116656,1.223
2024_02_12_12_36_17_709,0.4,0.0,243765.0,243765.0,100.2063,5.116051e-05,0.1359749,-7.550761e-08,0.009028319,-0.0001123553,1.22,-2.044721e-05,-7.635796e-05,-1.127262e-05,0.004887581,-3.341256e-05,-0.003955327,1.223
2024_02_12_12_36_17_746,0.4,0.0,243875.0,243875.0,100.2515,5.12543e-05,0.135975,1.569583e-07,0.009028616,-0.0001140484,1.22,-8.54591e-07,-0.0001199383,1.016332e-06,-0.005722045,2.046636e-05,0.007522292,1.223
2024_02_12_12_36_17_784,0.4,0.0,243988.0,243988.0,100.2979,5.135287e-05,0.1359749,-1.73786e-06,0.009028438,-0.0001154519,1.22,-2.575646e-06,-6.715959e-05,-3.49013e-06,-0.01239777,-0.0001203957,0.04972238,1.223
2024_02_12_12_36_17_817,0.4,0.0,244087.0,244086.0,100.3382,5.142825e-05,0.135975,-1.178904e-07,0.009028378,-0.0001161099,1.22,-1.957917e-06,-3.544648e-05,7.730269e-06,-0.0003576278,-0.0002177969,-0.0002142042,1.223
2024_02_12_12_36_17_854,0.4,0.0,244197.0,244196.0,100.3833,5.15057e-05,0.1359749,-1.008993e-06,0.009028319,-0.0001160664,1.22,3.778991e-05,-5.940938e-05,6.486418e-06,-0.004053116,-4.837375e-07,0.007455237,1.223
2024_02_12_12_36_17_891,0.4,0.0,244310.0,244309.0,100.4297,5.157704e-05,0.1359749,-1.353837e-07,0.009028615,-0.0001174424,1.22,2.830511e-06,-5.281147e-05,-3.082921e-06,0.01239777,7.635708e-05,-0.01893379,1.223
2024_02_12_12_36_17_925,0.4,0.0,244408.0,244407.0,100.47,5.165716e-05,0.1359749,-2.556912e-06,0.009028795,-0.0001189741,1.22,1.527853e-06,5.853957e-05,-2.107831e-07,-0.0257492,0.0001363453,0.03071502,1.223
2024_02_12_12_36_17_962,0.4,0.0,244521.0,244520.0,100.5164,5.176555e-05,0.135975,-9.079251e-07,0.009028973,-0.0001223434,1.22,1.020864e-06,2.564687e-05,-1.762471e-07,0.005722045,-0.0001604797,0.00782311,1.223
2024_02_12_12_36_18_000,0.4,0.0,244631.0,244630.0,100.5616,5.189104e-05,0.1359752,-2.333483e-06,0.009028975,-0.0001193458,1.22,1.677947e-06,1.939875e-05,-1.94259e-07,-0.006437301,-1.524518e-05,0.0151908,1.223
2024_02_12_12_36_18_038,0.4,0.0,244744.0,244743.0,100.6079,5.199016e-05,0.1359751,-1.150339e-06,0.009028855,-0.0001208663,1.22,3.928475e-05,-2.867535e-05,4.794186e-06,0.01132488,-0.0003075449,-0.03825314,1.223
2024_02_12_12_36_18_071,0.4,0.0,244842.0,244842.0,100.6482,5.206773e-05,0.1359749,1.021633e-06,0.009028765,-0.0001203604,1.22,-2.162683e-05,-1.571498e-06,1.164786e-05,-0.009655952,-1.814146e-05,0.01154002,1.223
2024_02_12_12_36_18_109,0.4,0.0,244955.0,244955.0,100.6946,5.216634e-05,0.1359751,-3.162987e-07,0.009028855,-0.0001201605,1.22,9.587181e-07,-7.816332e-05,-2.003588e-06,0.001430511,0.0001724172,-0.0002449378,1.223
2024_02_12_12_36_18_146,0.4,0.0,245065.0,245065.0,100.7398,5.224984e-05,0.1359751,6.257729e-08,0.009028796,-0.0001224399,1.22,-4.050226e-07,-8.83715e-05,1.615886e-06,-0.01621246,-4.357434e-05,0.01500733,1.223
2024_02_12_12_36_18_184,0.4,0.0,245178.0,245178.0,100.7862,5.234682e-05,0.1359749,7.61596e-07,0.009028675,-0.0001228328,1.22,-4.94932e-07,-8.992175e-06,1.741907e-07,0.005722045,-0.0001512014,-0.01128856,1.223
2024_02_12_12_36_18_221,0.4,0.0,245288.0,245288.0,100.8313,5.245542e-05,0.1359749,-2.160825e-06,0.009028795,-0.0001197027,1.22,-4.659458e-08,-5.061283e-05,-4.071928e-06,0.010252,-0.000120104,-0.003676861,1.223
2024_02_12_12_36_18_259,0.4,0.0,245401.0,245401.0,100.8777,5.256554e-05,0.135975,6.307541e-07,0.009028943,-0.0001214769,1.22,-4.239877e-05,-3.172019e-05,1.841776e-05,-0.01752377,0.0001707904,0.03062468,1.223
2024_02_12_12_36_18_291,0.4,0.0,245499.0,245499.0,100.918,5.265004e-05,0.135975,-8.494328e-07,0.009028945,-0.0001208841,1.22,-5.677411e-07,1.809332e-06,-2.913261e-06,0.01704693,-7.267749e-05,-0.01513678,1.223
2024_02_12_12_36_18_329,0.4,0.0,245609.0,245609.0,100.9632,5.275357e-05,0.1359751,3.806724e-07,0.009029124,-0.0001201706,1.22,4.451344e-07,-5.364271e-05,6.114205e-07,0.006198883,-0.0001404537,-0.01522526,1.223
2024_02_12_12_36_18_363,0.4,0.0,245710.0,245710.0,101.0047,5.284105e-05,0.135975,-2.291712e-07,0.009029004,-0.0001224212,1.22,-3.580544e-07,5.924895e-06,1.436893e-06,-0.015378,6.505547e-05,0.02297945,1.223
2024_02_12_12_36_18_401,0.4,0.0,245820.0,245820.0,101.0498,5.291961e-05,0.135975,2.527891e-07,0.009028945,-0.0001249988,1.22,-1.962326e-06,2.110517e-05,2.743795e-06,-0.0003576278,2.017123e-05,-0.01524482,1.223
2024_02_12_12_36_18_434,0.4,0.0,245922.0,245922.0,101.0913,5.300144e-05,0.135975,-7.220263e-07,0.009028914,-0.0001238751,1.22,2.118366e-05,-2.85545e-05,1.761619e-05,-0.01215935,0.0001660107,0.007518567,1.223
2024_02_12_12_36_18_471,0.4,0.0,246033.0,246032.0,101.1365,5.308849e-05,0.1359751,-2.575272e-07,0.009028945,-0.0001253787,1.22,-8.011658e-07,-1.93881e-05,2.579546e-06,-0.007033348,0.0001032834,0.03827736,1.223
2024_02_12_12_36_18_508,0.4,0.0,246146.0,246146.0,101.1829,5.316989e-05,0.135975,-4.639161e-07,0.009028915,-0.0001287565,1.22,-6.326331e-07,1.146007e-05,-7.051067e-07,-0.007867813,-0.0001225173,0.007808208,1.223
2024_02_12_12_36_18_546,0.4,0.0,246257.0,246256.0,101.2281,5.326566e-05,0.1359749,-6.419249e-07,0.009028826,-0.0001271414,1.22,1.193291e-06,1.961738e-05,-1.761034e-06,0.02336502,5.778702e-05,-0.03013294,1.223
2024_02_12_12_36_18_584,0.4,0.0,246370.0,246370.0,101.2745,5.336208e-05,0.1359751,-1.292196e-06,0.009028915,-0.000128325,1.22,3.580241e-06,-2.74486e-05,-8.531053e-07,0.01621246,-0.0001543569,-0.02284441,1.223
2024_02_12_12_36_18_621,0.4,0.0,246481.0,246481.0,101.3196,5.350738e-05,0.1359751,-7.916495e-07,0.009028945,-0.0001242447,1.22,-1.824695e-05,-1.117637e-05,-1.650648e-05,-0.0004768371,-7.252651e-05,0.01527462,1.223
2024_02_12_12_36_18_659,0.4,0.0,246594.0,246594.0,101.366,5.362066e-05,0.1359751,-3.890193e-07,0.009028826,-0.0001251417,1.22,-1.236906e-06,-2.10761e-05,-3.27301e-06,-0.00667572,3.497007e-06,0.038228,1.223
2024_02_12_12_36_18_692,0.4,0.0,246693.0,246693.0,101.4063,5.370658e-05,0.135975,-3.506631e-07,0.009028794,-0.0001255109,1.22,1.594659e-06,-3.499075e-05,-3.915138e-07,0.00655651,0.0001780379,-0.01908839,1.223
2024_02_12_12_36_18_730,0.4,0.0,246804.0,246803.0,101.4515,5.381691e-05,0.1359751,-2.173378e-06,0.009028497,-0.0001247037,1.22,2.076542e-05,-2.134163e-05,-1.204414e-05,-0.001192093,0.0001123626,-0.004145317,1.223
2024_02_12_12_36_18_767,0.4,0.0,246917.0,246917.0,101.4978,5.391633e-05,0.135975,-2.445423e-07,0.009028198,-0.0001242673,1.22,1.274683e-06,-1.605509e-05,1.611562e-06,0.0009536743,0.0002148313,-0.004111789,1.223
2024_02_12_12_36_18_805,0.4,0.0,247028.0,247027.0,101.543,5.400867e-05,0.1359749,1.2169e-06,0.009028379,-0.0001238847,1.22,-9.525235e-07,-8.411421e-05,7.808553e-06,-0.0009536743,-0.0001653798,0.007902272,1.223
2024_02_12_12_36_18_842,0.4,0.0,247141.0,247141.0,101.5894,5.409017e-05,0.135975,-1.396105e-06,0.009028707,-0.0001266888,1.22,-2.366091e-05,6.122072e-06,4.639103e-06,0.003099441,-4.337175e-05,-0.003684312,1.223
2024_02_12_12_36_18_875,0.4,0.0,247240.0,247240.0,101.6297,5.419462e-05,0.1359751,3.422773e-09,0.009028855,-0.0001232607,1.22,4.571836e-07,-8.773617e-05,1.586289e-06,-0.0003576278,-9.110863e-06,-0.0002738088,1.223
2024_02_12_12_36_18_914,0.4,0.0,247353.0,247353.0,101.6761,5.428657e-05,0.1359751,-1.935322e-08,0.009028856,-0.0001242888,1.22,7.078509e-08,-8.460711e-05,-1.69148e-07,0.003099441,1.568765e-05,0.007713213,1.223
2024_02_12_12_36_18_947,0.4,0.0,247452.0,247452.0,101.7163,5.437171e-05,0.135975,-1.54311e-06,0.009028973,-0.0001243882,1.22,-2.431604e-07,-0.0001120652,-3.450754e-06,-0.004649162,0.0001030548,0.01550559,1.223
2024_02_12_12_36_18_983,0.4,0.0,247563.0,247562.0,101.7615,5.446194e-05,0.135975,-3.424197e-08,0.009028676,-0.0001247266,1.22,3.260273e-07,-8.759791e-05,-2.016401e-07,0.01811981,1.171133e-05,-0.04589557,1.223
2024_02_12_12_36_19_017,0.4,0.0,247664.0,247664.0,101.803,5.455703e-05,0.135975,-1.360198e-06,0.009028646,-0.0001233068,1.22,4.40643e-07,-8.774342e-05,-3.738406e-06,0.003814697,0.0001418473,-0.01557358,1.223
2024_02_12_12_36_19_055,0.4,0.0,247775.0,247775.0,101.8482,5.464514e-05,0.135975,-1.081662e-07,0.009028379,-0.0001255457,1.22,3.441034e-07,-5.984371e-05,-4.958704e-07,0.0005960464,1.077433e-05,-0.0001611188,1.223
2024_02_12_12_36_19_092,0.4,0.0,247888.0,247888.0,101.8946,5.47475e-05,0.1359749,-1.760749e-06,0.00902826,-0.000123803,1.22,-4.21476e-07,-5.204868e-05,-8.39157e-07,-0.00333786,-0.0001309468,0.01514982,1.223
2024_02_12_12_36_19_130,0.4,0.0,247999.0,247999.0,101.9397,5.483658e-05,0.135975,-1.108751e-06,0.009028587,-0.0001250941,1.22,-2.106976e-06,-0.0001102453,-3.856979e-06,-0.01728535,0.0003620298,0.01515541,1.223
2024_02_12_12_36_19_167,0.4,0.0,248112.0,248112.0,101.9861,5.494086e-05,0.135975,-5.860403e-07,0.009028587,-0.0001236769,1.22,1.118413e-06,-9.495251e-05,-5.231958e-06,-0.002861023,9.058567e-05,-0.003866851,1.223
2024_02_12_12_36_19_200,0.4,0.0,248211.0,248211.0,102.0264,5.504596e-05,0.1359751,-3.035931e-06,0.009028617,-0.0001209656,1.22,3.185964e-06,-6.554252e-05,1.089481e-05,-0.0007152557,-7.050743e-05,-0.01154188,1.223
2024_02_12_12_36_19_238,0.4,0.0,248325.0,248324.0,102.0728,5.515497e-05,0.135975,-2.10063e-06,0.009028586,-0.0001213316,1.22,-3.111963e-08,-3.898235e-05,4.332731e-06,-0.003814697,-0.0001624812,-0.003941357,1.223
2024_02_12_12_36_19_275,0.4,0.0,248435.0,248435.0,102.118,5.527104e-05,0.1359749,-2.820913e-07,0.009028675,-0.0001232052,1.22,2.309523e-05,-5.087932e-05,-8.660047e-06,0.01108646,-0.0002305323,-0.02278574,1.223
2024_02_12_12_36_19_309,0.4,0.0,248534.0,248534.0,102.1582,5.536816e-05,0.135975,6.788059e-08,0.009028706,-0.0001227901,1.22,-6.53439e-07,-6.521077e-05,4.082668e-06,-0.002503395,-5.606534e-05,-0.02286397,1.223
2024_02_12_12_36_19_346,0.4,0.0,248647.0,248647.0,102.2046,5.544588e-05,0.1359751,-2.790519e-07,0.009028556,-0.0001253964,1.22,-8.715938e-07,-1.427846e-05,-6.327756e-06,0.006318092,8.777215e-05,-0.0118101,1.223
2024_02_12_12_36_19_383,0.4,0.0,248758.0,248758.0,102.2498,5.555975e-05,0.135975,-2.922097e-06,0.009028377,-0.0001250731,1.22,2.62599e-06,-2.898647e-05,-1.303405e-05,-0.0007152557,6.477012e-05,0.003628433,1.223
2024_02_12_12_36_19_417,0.4,0.0,248860.0,248859.0,102.2913,5.566347e-05,0.1359748,-1.603351e-07,0.009028466,-0.000123895,1.22,4.014746e-07,-2.453297e-05,-3.73819e-06,-0.007629394,4.115941e-05,0.01556519,1.223
2024_02_12_12_36_19_454,0.4,0.0,248970.0,248970.0,102.3365,5.576533e-05,0.1359749,-1.382199e-06,0.009028766,-0.0001247618,1.22,2.586277e-06,3.549145e-06,-7.903361e-06,-0.01513958,0.0001473954,0.03073737,1.223
2024_02_12_12_36_19_492,0.4,0.0,249084.0,249083.0,102.3829,5.587652e-05,0.1359751,-1.461016e-06,0.009028914,-0.0001234265,1.22,1.878031e-05,-3.201173e-05,-1.722159e-05,-0.01728535,6.746631e-06,0.01884066,1.223
2024_02_12_12_36_19_529,0.4,0.0,249194.0,249194.0,102.428,5.598354e-05,0.1359751,-1.139919e-06,0.009028915,-0.0001206352,1.22,-2.845017e-08,-6.637026e-05,3.134368e-07,-0.002384186,-0.0001061339,-0.01162197,1.223
2024_02_12_12_36_19_566,0.4,0.0,249308.0,249307.0,102.4744,5.611736e-05,0.135975,-7.424312e-07,0.009028794,-0.0001164379,1.22,1.536032e-06,-1.226043e-05,-4.524925e-06,0.002264977,-7.70392e-05,-0.007474795,1.223
2024_02_12_12_36_19_600,0.4,0.0,249406.0,249406.0,102.5147,5.620842e-05,0.1359749,3.70905e-07,0.009028764,-0.00011726,1.22,-1.280864e-06,-4.758098e-05,2.666801e-06,0.01251697,-4.549361e-05,-0.04569068,1.223
2024_02_12_12_36_19_638,0.4,0.0,249520.0,249520.0,102.5611,5.631489e-05,0.135975,1.523167e-07,0.009028884,-0.0001160428,1.22,-5.063513e-07,-6.117734e-05,-2.17312e-07,0.004529953,-1.012609e-05,0.0001620501,1.223
2024_02_12_12_36_19_675,0.4,0.0,249630.0,249630.0,102.6062,5.642368e-05,0.135975,-1.366157e-06,0.009028914,-0.0001154811,1.22,-5.49517e-07,-1.656599e-05,-1.932832e-06,0.00834465,-0.0002087586,-0.0228174,1.223
2024_02_12_12_36_19_713,0.4,0.0,249744.0,249744.0,102.6526,5.654134e-05,0.1359751,-1.959117e-06,0.009029124,-0.0001140338,1.22,6.193533e-08,-4.825567e-05,-5.430993e-06,0.0005960464,9.30247e-05,0.0001629814,1.223
2024_02_12_12_36_19_750,0.4,0.0,249855.0,249854.0,102.6978,5.665068e-05,0.1359751,8.724649e-07,0.009028945,-0.0001161855,1.22,-3.067004e-06,-3.721965e-05,2.445549e-06,-0.005841255,-0.0003013219,-0.01540407,1.223
2024_02_12_12_36_19_786,0.4,0.0,249953.0,249953.0,102.7381,5.671919e-05,0.135975,-1.2698e-08,0.009028675,-0.0001185691,1.22,-1.052653e-06,-4.591451e-05,-1.383984e-06,0.009417534,5.041783e-06,-0.007630325,1.223
2024_02_12_12_36_19_821,0.4,0.0,250067.0,250067.0,102.7845,5.682663e-05,0.1359751,-3.168828e-07,0.009028884,-0.0001184887,1.22,1.175428e-06,-7.498192e-05,9.075008e-07,0.002741813,-7.955122e-05,-4.377216e-05,1.223
2024_02_12_12_36_19_858,0.4,0.0,250177.0,250177.0,102.8296,5.693314e-05,0.135975,-3.199372e-07,0.009029004,-0.0001178709,1.22,-2.164343e-06,8.127025e-06,-3.069258e-06,-0.009179115,0.0001020705,0.007822178,1.223
2024_02_12_12_36_19_896,0.4,0.0,250291.0,250291.0,102.876,5.704141e-05,0.135975,-1.805245e-07,0.009028945,-0.0001170023,1.22,-4.299078e-07,-4.590739e-06,1.105942e-06,-0.01657009,-0.0001753419,0.03450084,1.223
2024_02_12_12_36_19_933,0.4,0.0,250401.0,250401.0,102.9212,5.713014e-05,0.1359751,-7.979725e-07,0.009028856,-0.0001183975,1.22,-1.202615e-06,-2.549322e-05,-2.111517e-06,-0.001430511,-0.0001544236,0.007733702,1.223
2024_02_12_12_36_19_971,0.4,0.0,250515.0,250515.0,102.9676,5.723608e-05,0.1359751,-1.537392e-07,0.009028915,-0.0001157791,1.22,-1.846827e-06,-4.109951e-05,3.008852e-06,0.000834465,-0.0001359313,-1.583248e-05,1.223
2024_02_12_12_36_20_008,0.4,0.0,250626.0,250625.0,103.0127,5.731808e-05,0.135975,-1.417543e-06,0.009028914,-0.0001167519,1.22,-1.547573e-08,-1.977143e-05,-6.30781e-06,0.001788139,0.0001894077,4.284083e-05,1.223
2024_02_12_12_36_20_046,0.4,0.0,250739.0,250739.0,103.0591,5.740548e-05,0.135975,-1.262284e-06,0.009028765,-0.0001178227,1.22,1.763269e-05,-1.753634e-05,-1.679273e-05,-0.001549721,-0.0002065267,0.007670372,1.223
2024_02_12_12_36_20_080,0.4,0.0,250838.0,250837.0,103.0994,5.749427e-05,0.135975,-5.194831e-07,0.009028648,-0.0001171515,1.22,2.088385e-05,-1.044101e-05,-5.862789e-06,0.007987022,-0.0002021236,0.004030764,1.223
2024_02_12_12_36_20_117,0.4,0.0,250951.0,250951.0,103.1458,5.758641e-05,0.135975,-1.255142e-07,0.009028824,-0.0001193166,1.22,-8.686504e-07,-0.000105966,4.994907e-06,0.00655651,2.401975e-05,-0.007726252,1.223
2024_02_12_12_36_20_154,0.4,0.0,251062.0,251062.0,103.191,5.767868e-05,0.1359751,-3.844674e-08,0.009028438,-0.0001183657,1.22,-1.01139e-06,-2.057602e-05,6.797045e-08,0.0003576278,4.428534e-05,-0.0003157183,1.223
2024_02_12_12_36_20_192,0.4,0.0,251175.0,251175.0,103.2373,5.775639e-05,0.1359749,9.748356e-07,0.009028705,-0.0001207541,1.22,-4.173896e-05,-7.551869e-06,-2.205367e-06,-0.009059906,8.190818e-05,0.0001685694,1.223
2024_02_12_12_36_20_229,0.4,0.0,251286.0,251286.0,103.2825,5.786957e-05,0.1359749,-5.887246e-07,0.009028826,-0.0001219134,1.22,2.350864e-06,1.946855e-05,1.842655e-06,-0.01335144,-0.0001309238,0.03079697,1.223
2024_02_12_12_36_20_267,0.4,0.0,251400.0,251399.0,103.3289,5.798369e-05,0.135975,-2.369062e-06,0.009028915,-0.0001216872,1.22,2.42699e-05,-5.421956e-05,-1.432287e-05,-0.005364418,-0.000132062,0.03458187,1.223
2024_02_12_12_36_20_304,0.4,0.0,251510.0,251510.0,103.3741,5.807299e-05,0.1359751,-5.668925e-08,0.009028886,-0.0001244324,1.22,-1.837056e-06,-6.316056e-05,4.075804e-07,0.01943111,-8.38429e-05,-0.03439188,1.223
2024_02_12_12_36_20_342,0.4,0.0,251624.0,251623.0,103.4204,5.817661e-05,0.1359751,-3.663712e-07,0.009028766,-0.0001228037,1.22,2.498388e-07,-4.051451e-05,2.088492e-06,0.009775162,-7.970606e-05,-0.01530629,1.223
2024_02_12_12_36_20_375,0.4,0.0,251722.0,251722.0,103.4607,5.825208e-05,0.135975,-7.338859e-07,0.009028737,-0.0001261813,1.22,-2.056831e-05,-4.909969e-05,7.88338e-06,0.01096725,0.0001362696,-0.01140684,1.223
2024_02_12_12_36_20_412,0.4,0.0,251833.0,251833.0,103.5059,5.834669e-05,0.1359751,-3.276671e-07,0.009028528,-0.0001257768,1.22,-2.244453e-06,-2.651463e-05,-2.210421e-06,0.001430511,4.200751e-05,-0.0002896413,1.223
2024_02_12_12_36_20_450,0.4,0.0,251946.0,251946.0,103.5523,5.844018e-05,0.135975,-2.008004e-06,0.009028347,-0.0001260737,1.22,-9.666995e-07,-3.686431e-05,-1.272807e-06,0.01788139,0.0001260983,-0.03828853,1.223
2024_02_12_12_36_20_488,0.4,0.0,252057.0,252057.0,103.5975,5.852401e-05,0.1359749,-1.24417e-06,0.009028616,-0.000130019,1.22,2.291978e-05,-9.203246e-05,1.7694e-05,0.004768372,0.0001454084,0.007887371,1.223
2024_02_12_12_36_20_521,0.4,0.0,252159.0,252158.0,103.639,5.862888e-05,0.135975,-3.160458e-06,0.009028737,-0.0001280016,1.22,4.336842e-05,-9.374657e-05,1.078433e-05,0.003576278,-7.046492e-05,0.007762573,1.223
2024_02_12_12_36_20_558,0.4,0.0,252269.0,252269.0,103.6841,5.87304e-05,0.135975,1.376864e-07,0.009028438,-0.0001273238,1.22,1.721814e-06,-3.634744e-05,-3.755175e-06,0.01084804,0.000113544,-0.02697669,1.223
2024_02_12_12_36_20_596,0.4,0.0,252383.0,252382.0,103.7305,5.881773e-05,0.1359749,-4.869833e-07,0.009028289,-0.0001287499,1.22,2.593866e-06,-4.918958e-05,-4.41841e-06,-0.01323223,8.591837e-05,0.02638157,1.223
2024_02_12_12_36_20_630,0.4,0.0,252481.0,252481.0,103.7708,5.889052e-05,0.1359749,7.784186e-07,0.009028198,-0.0001293637,1.22,-2.249101e-06,3.290407e-05,-3.297788e-06,-0.01823902,-3.962213e-05,0.02293382,1.223
2024_02_12_12_36_20_667,0.4,0.0,252595.0,252595.0,103.8172,5.900492e-05,0.135975,4.690214e-07,0.009028646,-0.0001273407,1.22,2.016495e-06,-8.956235e-05,2.698928e-06,0.00166893,-0.0002141091,-0.003851019,1.223
2024_02_12_12_36_20_700,0.4,0.0,252693.0,252693.0,103.8575,5.908027e-05,0.135975,-9.022588e-07,0.009028648,-0.0001296347,1.22,1.054248e-06,-9.80904e-05,2.382529e-06,-0.01072884,4.293087e-05,0.03051478,1.223
2024_02_12_12_36_20_737,0.4,0.0,252804.0,252804.0,103.9026,5.915362e-05,0.1359749,3.815477e-07,0.009028526,-0.0001326363,1.22,1.48044e-05,-7.728089e-06,-1.535129e-05,0.01513958,-0.0002983844,-0.03811438,1.223
2024_02_12_12_36_20_775,0.4,0.0,252918.0,252917.0,103.949,5.926931e-05,0.135975,-1.480182e-06,0.009028409,-0.0001312807,1.22,3.493444e-06,-1.792775e-05,-2.288027e-06,-0.002503395,-3.395917e-05,0.01508091,1.223
2024_02_12_12_36_20_812,0.4,0.0,253028.0,253028.0,103.9942,5.936322e-05,0.1359749,5.760652e-09,0.009028706,-0.0001329491,1.22,-2.634165e-06,-1.019057e-06,-1.547521e-06,-0.0004768371,0.0001400591,0.007809139,1.223
2024_02_12_12_36_20_846,0.4,0.0,253130.0,253130.0,104.0357,5.944654e-05,0.135975,-5.705588e-09,0.009028737,-0.0001344266,1.22,-1.714658e-05,-4.448866e-05,1.182619e-05,-0.00655651,7.538801e-06,9.49949e-05,1.223
2024_02_12_12_36_20_879,0.4,0.0,253228.0,253228.0,104.076,5.955189e-05,0.135975,-1.082403e-07,0.009028914,-0.0001335424,1.22,2.904526e-06,-4.876118e-05,5.137262e-06,0.01132488,0.0001294477,-0.01129322,1.223
2024_02_12_12_36_20_917,0.4,0.0,253342.0,253342.0,104.1224,5.966465e-05,0.135975,-3.233914e-07,0.009028943,-0.0001359513,1.22,3.016033e-06,-2.97777e-05,-3.651246e-06,0.02455711,7.976928e-05,-0.05722139,1.223
2024_02_12_12_36_20_954,0.4,0.0,253453.0,253452.0,104.1675,5.976943e-05,0.135975,-3.147344e-07,0.009028914,-0.0001382358,1.22,7.303743e-07,-2.966026e-05,6.69001e-06,0.01883507,0.0003060274,-0.03426801,1.223
2024_02_12_12_36_20_991,0.4,0.0,253566.0,253566.0,104.2139,5.987533e-05,0.135975,-9.019028e-07,0.009028796,-0.0001393424,1.22,2.412721e-06,-6.041563e-05,-8.097926e-07,0.007867813,4.710114e-05,-0.02680253,1.223
2024_02_12_12_36_21_024,0.4,0.0,253665.0,253664.0,104.2542,5.997608e-05,0.135975,-8.835788e-07,0.009028855,-0.0001414234,1.22,1.305877e-07,-7.747542e-05,-4.332591e-06,-0.002741813,0.0001288854,-0.003854744,1.223
2024_02_12_12_36_21_063,0.4,0.0,253775.0,253775.0,104.2994,6.008368e-05,0.135975,1.234646e-07,0.009028854,-0.0001396104,1.22,-5.658829e-07,-7.041291e-05,-1.596889e-06,0.003099441,-5.114316e-06,-0.01527648,1.223
2024_02_12_12_36_21_100,0.4,0.0,253889.0,253889.0,104.3457,6.019531e-05,0.135975,-8.813171e-07,0.009028826,-0.0001402302,1.22,2.3485e-05,-3.731224e-05,1.840951e-05,-0.009655952,-8.882603e-05,0.01918152,1.223
2024_02_12_12_36_21_138,0.4,0.0,253999.0,253999.0,104.3909,6.031086e-05,0.135975,-3.9221e-07,0.009028766,-0.000139932,1.22,8.461922e-07,-2.248244e-05,-1.612752e-07,0.003457069,-1.116086e-05,0.000204891,1.223
2024_02_12_12_36_21_171,0.4,0.0,254101.0,254101.0,104.4324,6.040353e-05,0.135975,1.452131e-07,0.009028497,-0.0001378919,1.22,-2.062984e-05,-1.88585e-05,-1.026799e-05,0.000834465,-5.503489e-05,0.01882203,1.223
2024_02_12_12_36_21_208,0.4,0.0,254212.0,254211.0,104.4776,6.049884e-05,0.135975,-1.756408e-06,0.009028497,-0.0001403842,1.22,-1.295662e-06,-2.565074e-05,-4.112397e-06,-0.004410744,-0.0001063395,0.007526017,1.223
2024_02_12_12_36_21_242,0.4,0.0,254313.0,254313.0,104.5191,6.061995e-05,0.1359749,-1.835561e-06,0.009028437,-0.0001386645,1.22,-1.36163e-05,-2.875114e-06,1.215463e-05,-0.00166893,0.0001524172,-0.007593072,1.223
2024_02_12_12_36_21_279,0.4,0.0,254424.0,254423.0,104.5642,6.076612e-05,0.1359749,-1.018875e-07,0.009028648,-0.0001365256,1.22,-1.914794e-05,1.081413e-05,1.448641e-05,-0.005960464,0.0001680441,0.0154404,1.223
2024_02_12_12_36_21_312,0.4,0.0,254522.0,254522.0,104.6045,6.087158e-05,0.1359749,6.433155e-08,0.009028648,-0.0001372444,1.22,1.198285e-06,-2.017113e-05,2.990578e-06,0.01454353,-0.0001081219,-0.02276618,1.223
2024_02_12_12_36_21_350,0.4,0.0,254636.0,254636.0,104.6509,6.098958e-05,0.135975,-1.207833e-06,0.009028556,-0.0001385008,1.22,2.464001e-05,-2.380225e-05,-8.900892e-06,-0.008106232,-0.0001101189,-0.01164712,1.223
2024_02_12_12_36_21_388,0.4,0.0,254746.0,254746.0,104.6961,6.109486e-05,0.135975,3.364781e-07,0.009028558,-0.0001372173,1.22,-1.585263e-06,-4.386224e-05,-1.032615e-07,0.01180172,-1.502531e-05,-0.007776543,1.223
2024_02_12_12_36_21_420,0.4,0.0,254848.0,254848.0,104.7376,6.119408e-05,0.1359749,-1.54661e-06,0.009028735,-0.000137541,1.22,4.010779e-07,-4.561063e-06,-1.664252e-06,-0.009775162,0.0002476004,0.03050919,1.223
2024_02_12_12_36_21_458,0.4,0.0,254959.0,254958.0,104.7828,6.131118e-05,0.135975,-1.466074e-06,0.009028737,-0.000137524,1.22,-1.029172e-06,-7.919395e-05,-8.908392e-06,-0.01633167,0.0002728052,0.01914706,1.223
2024_02_12_12_36_21_496,0.4,0.0,255072.0,255072.0,104.8291,6.144132e-05,0.1359751,-6.405312e-07,0.009028856,-0.0001367131,1.22,1.051476e-06,-8.486344e-05,-7.969128e-06,0.003695488,7.402127e-05,0.00375323,1.223
2024_02_12_12_36_21_533,0.4,0.0,255183.0,255182.0,104.8743,6.155438e-05,0.135975,-7.388184e-07,0.009028914,-0.0001366443,1.22,-1.931861e-07,-4.661695e-05,2.769365e-06,0.003933907,-0.0001964229,-0.03822986,1.223
2024_02_12_12_36_21_571,0.4,0.0,255296.0,255296.0,104.9207,6.165812e-05,0.135975,-7.343231e-07,0.009029005,-0.0001386946,1.22,-7.183772e-07,2.858161e-06,-8.258435e-07,-0.007629394,-0.0001010003,0.01543015,1.223
2024_02_12_12_36_21_604,0.4,0.0,255395.0,255395.0,104.961,6.175881e-05,0.135975,-1.191805e-08,0.009028973,-0.0001369996,1.22,-1.160875e-07,2.208102e-05,2.629245e-07,0.01394749,-1.688932e-06,-0.01499243,1.223
2024_02_12_12_36_21_637,0.4,0.0,255494.0,255493.0,105.0013,6.186832e-05,0.1359751,3.616632e-07,0.009029004,-0.0001357873,1.22,-2.086781e-05,1.611649e-05,-1.444546e-05,-0.0007152557,4.67794e-05,-0.01155399,1.223
2024_02_12_12_36_21_675,0.4,0.0,255607.0,255607.0,105.0476,6.200551e-05,0.1359751,-9.387218e-07,0.009028973,-0.000134244,1.22,2.427823e-08,1.10231e-05,1.279923e-06,0.005125999,-0.0001455865,-0.0153156,1.223
2024_02_12_12_36_21_713,0.4,0.0,255718.0,255717.0,105.0928,6.210445e-05,0.135975,-6.523931e-07,0.009028973,-0.0001363838,1.22,-2.111644e-06,-8.744189e-06,5.731465e-07,-0.01001358,6.72162e-06,0.007641501,1.223
2024_02_12_12_36_21_750,0.4,0.0,255831.0,255831.0,105.1392,6.22291e-05,0.135975,-1.483365e-07,0.009028973,-0.0001345739,1.22,-1.522816e-06,-3.207938e-05,-2.322358e-06,-0.00166893,4.569597e-05,-0.02297386,1.223
2024_02_12_12_36_21_788,0.4,0.0,255942.0,255941.0,105.1844,6.234757e-05,0.1359751,-4.135459e-07,0.009028914,-0.0001333437,1.22,5.167311e-07,-3.336781e-05,3.354909e-06,0.00333786,-4.693993e-05,-8.381902e-05,1.223
2024_02_12_12_36_21_821,0.4,0.0,256043.0,256043.0,105.2259,6.246189e-05,0.1359751,1.185276e-08,0.009028915,-0.0001321044,1.22,1.079781e-06,-7.363785e-05,1.031868e-05,0.0001192093,-1.095986e-05,0.003708526,1.223
2024_02_12_12_36_21_858,0.4,0.0,256154.0,256154.0,105.271,6.258553e-05,0.1359751,1.074481e-06,0.009028974,-0.0001316911,1.22,-2.114011e-05,-0.0001261237,-1.536271e-05,0.01716614,3.327295e-05,-0.03421959,1.223
2024_02_12_12_36_21_896,0.4,0.0,256267.0,256267.0,105.3174,6.269578e-05,0.135975,-9.834802e-08,0.009028737,-0.000131954,1.22,-1.685238e-06,-4.602789e-05,2.601482e-06,-0.0005960464,2.952356e-05,0.02304185,1.223
2024_02_12_12_36_21_933,0.4,0.0,256378.0,256378.0,105.3626,6.281029e-05,0.135975,-5.954104e-07,0.009028676,-0.0001316152,1.22,-1.225638e-06,-3.770252e-05,3.197462e-07,0.002741813,-0.0002326196,-0.03059022,1.223
2024_02_12_12_36_21_971,0.4,0.0,256492.0,256491.0,105.409,6.293679e-05,0.135975,1.386395e-07,0.009028319,-0.0001305314,1.22,-2.145742e-05,-1.668432e-05,1.277099e-05,-0.01037121,-1.704734e-05,0.02634059,1.223
2024_02_12_12_36_22_004,0.4,0.0,256590.0,256590.0,105.4493,6.30432e-05,0.135975,9.488424e-07,0.009028349,-0.0001300725,1.22,-4.506757e-05,-6.968655e-05,-1.104993e-05,0.008583069,-3.491072e-05,0.011364,1.223
2024_02_12_12_36_22_041,0.4,0.0,256701.0,256701.0,105.4944,6.314229e-05,0.1359749,-6.312906e-07,0.009028587,-0.0001307916,1.22,-4.250231e-06,-3.115255e-05,1.088821e-05,-0.009059906,-1.273133e-05,0.00402052,1.223
2024_02_12_12_36_22_078,0.4,0.0,256814.0,256814.0,105.5408,6.325757e-05,0.135975,3.987584e-07,0.009028706,-0.0001293754,1.22,-1.511171e-06,-7.185829e-05,-1.215804e-06,-0.002980232,-3.508103e-05,-4.470348e-05,1.223
2024_02_12_12_36_22_113,0.4,0.0,256913.0,256913.0,105.5811,6.334392e-05,0.135975,2.930441e-07,0.009028497,-0.0001297552,1.22,-1.908769e-05,-1.542088e-05,-8.371063e-06,-0.006437301,2.720117e-05,0.01492724,1.223
2024_02_12_12_36_22_150,0.4,0.0,257026.0,257026.0,105.6275,6.342817e-05,0.1359749,6.847377e-07,0.009028378,-0.000134922,1.22,1.59691e-05,-5.370823e-05,2.3464e-05,-0.007390975,-0.0001009239,-0.004059635,1.223
2024_02_12_12_36_22_184,0.4,0.0,257125.0,257125.0,105.6678,6.350563e-05,0.1359749,-9.243772e-07,0.009028587,-0.0001335194,1.22,-1.785612e-06,-5.783262e-05,4.260744e-06,-0.00500679,-4.448179e-05,0.01171697,1.223
2024_02_12_12_36_22_221,0.4,0.0,257239.0,257238.0,105.7141,6.360453e-05,0.1359749,-4.963271e-07,0.009028617,-0.0001387569,1.22,-1.175373e-07,-3.989176e-05,-1.070367e-06,-0.03564358,-2.409865e-05,0.08783861,1.223
2024_02_12_12_36_22_258,0.4,0.0,257349.0,257349.0,105.7593,6.373996e-05,0.135975,-1.043594e-06,0.009028468,-0.0001341186,1.22,-1.556247e-05,-5.643103e-06,1.573379e-05,0.007033348,0.0001884016,-9.778886e-05,1.223
2024_02_12_12_36_22_296,0.4,0.0,257463.0,257463.0,105.8057,6.386503e-05,0.135975,-8.135286e-07,0.009028349,-0.0001365338,1.22,2.290543e-07,-4.066571e-05,5.018696e-06,0.005960464,-0.0002185461,0.01515169,1.223
2024_02_12_12_36_22_333,0.4,0.0,257573.0,257573.0,105.8509,6.398762e-05,0.1359749,-1.207436e-07,0.009028646,-0.0001374703,1.22,-6.10507e-07,-8.689674e-05,1.089673e-08,0.001311302,-3.056129e-06,1.583248e-05,1.223
2024_02_12_12_36_22_366,0.4,0.0,257672.0,257672.0,105.8912,6.407667e-05,0.135975,-1.037569e-06,0.009028707,-0.0001402143,1.22,1.953519e-05,-6.187757e-05,1.879701e-05,0.0005960464,-3.556238e-05,-0.003700144,1.223
2024_02_12_12_36_22_404,0.4,0.0,257786.0,257785.0,105.9375,6.417934e-05,0.135975,1.137615e-06,0.009028526,-0.000139645,1.22,-4.811285e-06,6.647991e-06,-6.216982e-08,0.002503395,-6.677032e-05,0.02277922,1.223
2024_02_12_12_36_22_441,0.4,0.0,257896.0,257896.0,105.9827,6.429544e-05,0.1359749,-7.561415e-07,0.009028409,-0.0001405357,1.22,2.289427e-05,-3.584631e-05,1.696282e-05,-0.001430511,1.524563e-05,-0.003934838,1.223
2024_02_12_12_36_22_479,0.4,0.0,258010.0,258009.0,106.0291,6.440912e-05,0.1359749,-7.578224e-07,0.009028617,-0.0001402122,1.22,1.775154e-05,-4.339309e-07,1.583259e-05,-0.01943111,4.887465e-05,0.03469363,1.223
2024_02_12_12_36_22_516,0.4,0.0,258120.0,258120.0,106.0743,6.453738e-05,0.1359749,-1.627924e-06,0.009028707,-0.0001355145,1.22,-1.731327e-05,-1.368364e-05,-1.987036e-05,-0.004529953,0.0001946776,0.0040913,1.223
2024_02_12_12_36_22_553,0.4,0.0,258234.0,258233.0,106.1206,6.466228e-05,0.1359751,-2.297327e-06,0.009028645,-0.0001390452,1.22,2.08611e-05,-2.315253e-06,1.622483e-05,-0.01955032,-0.0001582944,0.04934612,1.223
2024_02_12_12_36_22_591,0.4,0.0,258344.0,258344.0,106.1658,6.47862e-05,0.1359749,2.921829e-07,0.009028378,-0.000135304,1.22,-8.51918e-08,3.554615e-06,5.067299e-07,0.004053116,1.242824e-06,0.01130905,1.223
2024_02_12_12_36_22_629,0.4,0.0,258458.0,258458.0,106.2122,6.489974e-05,0.1359748,-3.91419e-07,0.009028587,-0.0001362042,1.22,-2.24751e-05,-4.432507e-05,2.138184e-06,-0.01049042,3.85196e-05,0.01561921,1.223
2024_02_12_12_36_22_666,0.4,0.0,258568.0,258568.0,106.2574,6.50271e-05,0.1359749,-1.590718e-06,0.009028794,-0.0001360445,1.22,-1.174678e-07,-4.353221e-05,-5.6259e-06,-0.003457069,0.000107103,-0.007512979,1.223
2024_02_12_12_36_22_703,0.4,0.0,258682.0,258682.0,106.3037,6.516947e-05,0.135975,-9.767715e-07,0.009028885,-0.000132008,1.22,-5.537971e-07,-5.332417e-05,-2.645833e-06,-0.004291534,0.0001449007,0.000141561,1.223
2024_02_12_12_36_22_741,0.4,0.0,258793.0,258792.0,106.3489,6.529711e-05,0.135975,-2.602008e-06,0.009028944,-0.0001306696,1.22,-1.06096e-06,-1.094725e-05,-4.831347e-06,-0.003814697,0.0001231285,0.01539197,1.223
2024_02_12_12_36_22_778,0.4,0.0,258906.0,258906.0,106.3953,6.540095e-05,0.1359751,-1.564978e-06,0.009029094,-0.0001314003,1.22,-3.023904e-06,-5.344257e-05,-6.293215e-07,0.01335144,2.678575e-05,-0.01123175,1.223
2024_02_12_12_36_22_812,0.4,0.0,259005.0,259004.0,106.4356,6.549175e-05,0.1359749,-2.754091e-07,0.009028945,-0.0001325718,1.22,-5.364849e-07,-1.488345e-06,-8.096325e-06,-0.008940697,-5.038919e-05,0.02306606,1.223
2024_02_12_12_36_22_850,0.4,0.0,259118.0,259118.0,106.482,6.561587e-05,0.1359751,-2.344551e-06,0.009028856,-0.000134127,1.22,1.23221e-06,-1.009727e-05,-5.624235e-06,-0.004291534,0.0001084013,0.01527928,1.223
2024_02_12_12_36_22_884,0.4,0.0,259217.0,259217.0,106.5223,6.573423e-05,0.1359751,2.544324e-07,0.009028973,-0.0001345613,1.22,-1.955705e-06,-1.08948e-05,2.253924e-06,0.01263618,-9.568407e-05,-0.03052968,1.223
2024_02_12_12_36_22_921,0.4,0.0,259327.0,259327.0,106.5674,6.585458e-05,0.135975,-1.481213e-06,0.009029004,-0.0001322854,1.22,1.784746e-05,8.594828e-07,-1.317367e-05,0.003814697,5.069887e-05,-0.01899991,1.223
2024_02_12_12_36_22_958,0.4,0.0,259441.0,259441.0,106.6138,6.597974e-05,0.135975,-1.712639e-06,0.009029333,-0.0001328468,1.22,1.861391e-05,-3.422581e-05,-6.470747e-06,0.0002384186,-5.510515e-05,-0.01882575,1.223
2024_02_12_12_36_22_991,0.4,0.0,259540.0,259539.0,106.6541,6.608047e-05,0.1359751,6.934995e-08,0.009029511,-0.0001325186,1.22,-3.000246e-06,-7.145721e-06,2.933896e-07,-0.02396107,6.843243e-05,0.05365442,1.223
2024_02_12_12_36_23_029,0.4,0.0,259653.0,259653.0,106.7005,6.618208e-05,0.1359753,-1.391541e-07,0.009029452,-0.0001342412,1.22,-3.710026e-07,-4.709914e-05,-2.525302e-07,-0.01525879,-2.180718e-05,0.03809109,1.223
2024_02_12_12_36_23_067,0.4,0.0,259764.0,259763.0,106.7456,6.627395e-05,0.1359751,6.860186e-07,0.009028974,-0.0001359684,1.22,-2.912573e-06,4.016342e-07,1.34431e-06,-0.003218651,-2.496472e-05,-7.543713e-05,1.223
2024_02_12_12_36_23_104,0.4,0.0,259877.0,259877.0,106.792,6.638024e-05,0.135975,-1.992997e-06,0.009029005,-0.0001363148,1.22,2.238805e-05,-3.518382e-05,-5.19648e-06,0.004529953,1.241051e-05,-0.00364799,1.223
2024_02_12_12_36_23_137,0.4,0.0,259976.0,259976.0,106.8323,6.648069e-05,0.135975,3.808929e-07,0.009028795,-0.0001353169,1.22,-2.278753e-05,-1.705478e-05,-1.350787e-05,0.007629394,0.0001855949,-0.003918074,1.223
2024_02_12_12_36_23_175,0.4,0.0,260089.0,260089.0,106.8787,6.658812e-05,0.1359751,-4.865378e-07,0.009028886,-0.0001393547,1.22,-2.868647e-07,-7.703761e-05,-4.018017e-06,-0.009536743,-0.0001172943,0.03059115,1.223
2024_02_12_12_36_23_208,0.4,0.0,260188.0,260188.0,106.919,6.670112e-05,0.1359751,-1.601068e-06,0.009028945,-0.0001403202,1.22,3.297021e-06,-1.61782e-05,-1.640828e-06,-0.01704693,2.169827e-05,0.03820658,1.223
2024_02_12_12_36_23_245,0.4,0.0,260299.0,260298.0,106.9641,6.681255e-05,0.1359751,-1.878792e-08,0.009028856,-0.0001406932,1.22,-2.571437e-06,-4.090601e-05,-7.95935e-07,0.002622604,8.678444e-05,0.00753533,1.223
2024_02_12_12_36_23_280,0.4,0.0,260400.0,260400.0,107.0057,6.692886e-05,0.135975,1.535406e-07,0.009028766,-0.0001391367,1.22,-7.405645e-07,-1.700497e-05,-2.97989e-07,-0.03111362,1.173112e-05,0.09164958,1.223
2024_02_12_12_36_23_316,0.4,0.0,260511.0,260511.0,107.0508,6.703806e-05,0.1359751,-2.005965e-07,0.009028914,-0.0001390865,1.22,-3.994369e-07,-4.159188e-05,1.288061e-07,0.007867813,3.117065e-06,-0.03061909,1.223
2024_02_12_12_36_23_354,0.4,0.0,260624.0,260624.0,107.0972,6.714356e-05,0.1359752,1.037351e-08,0.009028826,-0.000139821,1.22,-1.5783e-06,-0.0001075538,1.992184e-06,-0.002145767,5.318588e-05,-0.0002114102,1.223
2024_02_12_12_36_23_391,0.4,0.0,260735.0,260735.0,107.1424,6.724337e-05,0.1359749,-2.038936e-07,0.009028526,-0.0001410234,1.22,-2.780205e-06,-1.773944e-05,-4.834042e-06,-0.003814697,-9.473137e-05,0.01158565,1.223
2024_02_12_12_36_23_429,0.4,0.0,260849.0,260848.0,107.1888,6.736963e-05,0.1359749,-5.929194e-07,0.009028675,-0.0001402981,1.22,-7.87312e-07,-3.882995e-05,1.831904e-06,0.008821487,-0.0003227435,-0.0189878,1.223
2024_02_12_12_36_23_466,0.4,0.0,260959.0,260959.0,107.2339,6.74735e-05,0.135975,5.590688e-07,0.009028676,-0.0001416078,1.22,1.765326e-05,-7.179338e-05,-6.254632e-06,0.02586841,-2.730371e-05,-0.05731638,1.223
2024_02_12_12_36_23_504,0.4,0.0,261073.0,261072.0,107.2803,6.756958e-05,0.135975,-6.217536e-07,0.009028378,-0.0001405951,1.22,-1.354198e-06,-3.98758e-05,-2.393822e-07,0.001072884,-5.945753e-05,-0.0002589077,1.223
2024_02_12_12_36_23_541,0.4,0.0,261183.0,261183.0,107.3255,6.76676e-05,0.1359748,-6.78614e-07,0.009028169,-0.0001410964,1.22,-2.727071e-06,2.698297e-05,5.168524e-06,-0.01657009,-7.228618e-05,0.01520757,1.223
2024_02_12_12_36_23_578,0.4,0.0,261297.0,261296.0,107.3719,6.778612e-05,0.1359749,-8.003751e-07,0.009028556,-0.0001409586,1.22,2.301507e-05,-0.0001024125,-1.056191e-05,0.01382828,9.82618e-06,-0.05351193,1.223
2024_02_12_12_36_23_617,0.4,0.0,261407.0,261407.0,107.417,6.788169e-05,0.135975,-1.4856e-06,0.009028616,-0.0001417588,1.22,-7.322406e-07,-0.0001017576,-1.970932e-06,-0.01811981,0.0003091134,0.0150511,1.223
2024_02_12_12_36_23_654,0.4,0.0,261521.0,261521.0,107.4634,6.797842e-05,0.135975,-4.457798e-07,0.009028378,-0.0001429855,1.22,7.96247e-07,-4.372071e-05,1.626947e-07,0.0005960464,1.454737e-06,0.007420778,1.223
2024_02_12_12_36_23_691,0.4,0.0,261631.0,261631.0,107.5086,6.808182e-05,0.135975,-5.91666e-07,0.009028348,-0.0001454742,1.22,5.245539e-07,-7.25888e-05,3.166595e-07,0.002980232,1.338935e-05,-0.01549721,1.223
2024_02_12_12_36_23_728,0.4,0.0,261745.0,261745.0,107.555,6.820088e-05,0.1359749,-1.022539e-06,0.009028586,-0.0001450134,1.22,-2.070438e-05,-6.762653e-05,-1.624452e-05,-0.01776218,8.286383e-05,0.003792345,1.223
2024_02_12_12_36_23_766,0.4,0.0,261856.0,261855.0,107.6001,6.832046e-05,0.135975,-1.588866e-07,0.009028646,-0.0001446268,1.22,9.503578e-07,-0.0001154141,2.755501e-07,0.003814697,-1.397871e-05,-0.01539662,1.223
2024_02_12_12_36_23_804,0.4,0.0,261969.0,261969.0,107.6465,6.841883e-05,0.135975,-2.226391e-07,0.009028378,-0.0001473485,1.22,-1.295739e-06,-4.784292e-05,-2.073881e-06,-0.001788139,1.827971e-05,-0.007859431,1.223
2024_02_12_12_36_23_837,0.4,0.0,262068.0,262067.0,107.6868,6.850536e-05,0.135975,-3.425064e-07,0.009028379,-0.0001476284,1.22,-1.467241e-06,-5.012979e-05,-2.314262e-06,0.0003576278,9.344921e-05,-0.0001350418,1.223
2024_02_12_12_36_23_875,0.4,0.0,262178.0,262178.0,107.732,6.861406e-05,0.1359749,-5.553636e-07,0.009028587,-0.0001480487,1.22,-3.625733e-08,-1.582164e-05,-6.229549e-06,-0.01561642,9.236146e-06,0.053728,1.223
2024_02_12_12_36_23_908,0.4,0.0,262280.0,262280.0,107.7735,6.873101e-05,0.135975,-2.577989e-06,0.009028737,-0.0001454373,1.22,2.30245e-05,-3.03398e-05,-6.56879e-06,-0.02479553,-2.694378e-05,0.04969723,1.223
2024_02_12_12_36_23_946,0.4,0.0,262390.0,262390.0,107.8186,6.883962e-05,0.1359751,-2.519861e-06,0.009028945,-0.0001471946,1.22,2.225064e-05,-3.873428e-05,-9.691114e-06,0.009775162,7.325115e-05,0.01156423,1.223
2024_02_12_12_36_23_979,0.4,0.0,262492.0,262492.0,107.8601,6.897821e-05,0.1359751,-4.691119e-07,0.009028915,-0.0001435743,1.22,4.086553e-06,-2.93257e-05,3.514147e-06,0.006794929,-0.0001525764,-0.007663853,1.223
2024_02_12_12_36_24_016,0.4,0.0,262603.0,262602.0,107.9053,6.910675e-05,0.1359749,-2.057011e-06,0.009028707,-0.0001453741,1.22,4.020902e-06,8.409515e-06,4.755672e-06,0.02372265,-3.498144e-05,-0.03049988,1.223
2024_02_12_12_36_24_054,0.4,0.0,262716.0,262716.0,107.9517,6.922073e-05,0.1359749,-6.112034e-07,0.009028765,-0.0001490103,1.22,8.344961e-08,-6.586516e-06,1.836549e-06,-0.008940697,-7.282597e-05,0.01537148,1.223
2024_02_12_12_36_24_091,0.4,0.0,262827.0,262826.0,107.9969,6.933478e-05,0.1359751,1.186786e-06,0.009028885,-0.0001502637,1.22,-1.712194e-06,-6.374813e-05,-6.019443e-06,0.004887581,-0.0001517494,0.007472932,1.223
2024_02_12_12_36_24_125,0.4,0.0,262925.0,262925.0,108.0371,6.943761e-05,0.135975,3.432661e-07,0.009028854,-0.0001518233,1.22,7.716292e-07,-9.283904e-05,-7.687216e-07,-0.001192093,-0.0001377675,-3.539026e-05,1.223
2024_02_12_12_36_24_162,0.4,0.0,263039.0,263039.0,108.0835,6.959594e-05,0.135975,-4.4994e-07,0.009028944,-0.0001504545,1.22,-2.11968e-05,-0.0001035069,1.309814e-05,0.01454353,5.837478e-05,-0.0189729,1.223
2024_02_12_12_36_24_196,0.4,0.0,263138.0,263137.0,108.1238,6.969942e-05,0.135975,8.342627e-07,0.009028826,-0.0001495824,1.22,-2.172686e-05,-5.125203e-05,1.522351e-05,0.01096725,-5.025254e-05,-0.01529138,1.223
2024_02_12_12_36_24_233,0.4,0.0,263251.0,263251.0,108.1702,6.982369e-05,0.1359749,-1.642396e-06,0.009028707,-0.0001523876,1.22,4.345494e-05,-5.161356e-05,1.377006e-05,-0.002026558,-0.0002154845,0.01918618,1.223
2024_02_12_12_36_24_270,0.4,0.0,263362.0,263361.0,108.2154,6.996757e-05,0.135975,-5.613432e-07,0.009028409,-0.000151177,1.22,-5.4651e-07,-2.208288e-05,-1.256418e-06,0.001311302,1.608896e-06,-0.0001918524,1.223
2024_02_12_12_36_24_303,0.4,0.0,263463.0,263463.0,108.2569,7.007674e-05,0.135975,3.486844e-07,0.009028378,-0.0001508619,1.22,-1.42968e-06,-4.508465e-05,4.16043e-07,0.001311302,-9.994141e-05,-0.0002104789,1.223
2024_02_12_12_36_24_341,0.4,0.0,263574.0,263574.0,108.302,7.017274e-05,0.135975,-1.811612e-07,0.009028646,-0.0001538551,1.22,-2.698999e-06,-9.868169e-05,-2.503178e-07,-0.003457069,0.0001003548,3.073364e-05,1.223
2024_02_12_12_36_24_375,0.4,0.0,263672.0,263672.0,108.3423,7.029944e-05,0.135975,-1.090615e-06,0.009028616,-0.0001537208,1.22,-1.648623e-05,-8.901522e-05,-1.835602e-05,-0.01335144,0.0003218824,0.02661068,1.223
2024_02_12_12_36_24_411,0.4,0.0,263786.0,263786.0,108.3887,7.045591e-05,0.135975,-1.737964e-06,0.009028676,-0.0001519486,1.22,4.399104e-05,-3.86508e-05,5.063241e-06,-0.003814697,7.537983e-05,0.01533329,1.223
2024_02_12_12_36_24_449,0.4,0.0,263897.0,263896.0,108.4339,7.058574e-05,0.135975,-5.639209e-07,0.009028586,-0.0001491593,1.22,-4.470261e-06,-3.448361e-05,-1.190456e-06,0.005722045,-0.0002308159,-0.02298411,1.223
2024_02_12_12_36_24_483,0.4,0.0,263998.0,263998.0,108.4754,7.068815e-05,0.1359749,6.764092e-07,0.009028735,-0.0001491821,1.22,-3.318016e-06,-2.634795e-05,-4.387462e-07,0.008225441,-8.035021e-05,0.007933937,1.223
2024_02_12_12_36_24_520,0.4,0.0,264109.0,264108.0,108.5205,7.078706e-05,0.1359749,-1.632209e-06,0.009028826,-0.0001508217,1.22,-1.424549e-06,1.209739e-06,-7.715647e-06,-0.02026558,0.0002554366,0.04612561,1.223
2024_02_12_12_36_24_558,0.4,0.0,264222.0,264222.0,108.5669,7.091095e-05,0.135975,6.135076e-07,0.009028973,-0.000151476,1.22,-2.160669e-05,-1.663506e-05,1.04506e-05,-0.02241134,-2.653542e-05,0.01911446,1.223
2024_02_12_12_36_24_596,0.4,0.0,264333.0,264333.0,108.6121,7.104973e-05,0.1359751,-9.754948e-07,0.009028945,-0.0001492696,1.22,3.476511e-07,5.359784e-06,-4.995121e-07,-0.001549721,2.532624e-05,-7.543713e-05,1.223
2024_02_12_12_36_24_629,0.4,0.0,264434.0,264434.0,108.6536,7.116584e-05,0.135975,-7.388132e-07,0.009029005,-0.0001465687,1.22,-2.281887e-05,1.778985e-06,-1.732562e-05,-0.006914138,0.0002753806,0.0230791,1.223
2024_02_12_12_36_24_666,0.4,0.0,264545.0,264545.0,108.6988,7.130727e-05,0.135975,-1.928655e-06,0.009028914,-0.0001471352,1.22,2.287176e-05,-2.530774e-05,-4.59504e-06,0.006437301,1.428953e-05,-0.007601454,1.223
2024_02_12_12_36_24_700,0.4,0.0,264644.0,264643.0,108.7391,7.140573e-05,0.135975,6.967668e-07,0.009029004,-0.0001506244,1.22,-4.065692e-07,-1.070943e-05,1.722499e-06,0.0002384186,-0.0004112278,0.0002514571,1.223
2024_02_12_12_36_24_737,0.4,0.0,264757.0,264757.0,108.7854,7.152365e-05,0.1359751,-9.176314e-07,0.009028915,-0.0001487807,1.22,-6.381558e-07,-1.183354e-05,-4.264774e-06,0.01883507,0.0001392379,-0.01520198,1.223
2024_02_12_12_36_24_771,0.4,0.0,264856.0,264856.0,108.8257,7.163358e-05,0.135975,1.262484e-06,0.009029092,-0.0001468824,1.22,-2.897217e-06,-0.0001060464,7.177138e-06,0.01430511,-0.0003691562,-0.007270835,1.223
2024_02_12_12_36_24_807,0.4,0.0,264969.0,264969.0,108.8721,7.173744e-05,0.135975,-4.864236e-07,0.009028737,-0.0001470887,1.22,3.901538e-07,-7.273521e-06,4.349386e-06,0.01502037,9.177961e-05,-0.02292823,1.223
2024_02_12_12_36_24_841,0.4,0.0,265068.0,265068.0,108.9124,7.185045e-05,0.135975,-8.659833e-07,0.009028765,-0.0001470387,1.22,-1.807573e-06,-5.592281e-05,9.152862e-06,0.03027916,-0.0002456149,-0.05730148,1.223
2024_02_12_12_36_24_874,0.4,0.0,265167.0,265166.0,108.9527,7.194089e-05,0.1359751,-4.53655e-07,0.009028886,-0.0001475847,1.22,-2.144126e-06,-8.119432e-05,-3.711656e-06,-0.008106232,-0.0001184703,0.02672337,1.223
2024_02_12_12_36_24_912,0.4,0.0,265280.0,265280.0,108.9991,7.205036e-05,0.1359751,-5.274633e-07,0.009028943,-0.0001487423,1.22,5.483175e-07,-7.71773e-05,1.0773e-06,0.01823902,-9.832774e-06,-0.02275873,1.223
2024_02_12_12_36_24_950,0.4,0.0,265391.0,265390.0,109.0442,7.217571e-05,0.135975,-4.415001e-07,0.009028766,-0.0001485418,1.22,4.799421e-07,-5.432004e-05,3.363857e-07,0.009775162,-9.254109e-06,-0.01521315,1.223
2024_02_12_12_36_24_982,0.4,0.0,265492.0,265492.0,109.0857,7.2288e-05,0.135975,-7.966385e-07,0.009028616,-0.0001470559,1.22,2.066688e-06,-7.224292e-05,8.930813e-07,0.001430511,-1.243802e-05,-3.632158e-05,1.223
2024_02_12_12_36_25_020,0.4,0.0,265603.0,265603.0,109.1309,7.241099e-05,0.135975,-4.058495e-07,0.009028497,-0.0001472518,1.22,-9.567862e-08,-3.71489e-05,2.669538e-06,-0.0001192093,-1.721901e-06,0.01514517,1.223
2024_02_12_12_36_25_055,0.4,0.0,265704.0,265704.0,109.1724,7.250936e-05,0.135975,-3.197071e-07,0.009028528,-0.0001484395,1.22,-9.386343e-07,2.777249e-06,3.63375e-06,-0.0115633,-0.0001351495,0.03439374,1.223
2024_02_12_12_36_25_091,0.4,0.0,265815.0,265815.0,109.2176,7.262147e-05,0.135975,-1.719237e-07,0.009028616,-0.0001483463,1.22,-8.717652e-07,-0.000107406,-4.98729e-06,0.02193451,0.0001118719,-0.06120186,1.223
2024_02_12_12_36_25_124,0.4,0.0,265914.0,265913.0,109.2579,7.272784e-05,0.1359749,-1.217551e-06,0.009028615,-0.0001476248,1.22,-1.831773e-05,-7.415101e-05,-2.187693e-05,0.005125999,4.973071e-05,-0.01139473,1.223
2024_02_12_12_36_25_162,0.4,0.0,266027.0,266027.0,109.3042,7.285268e-05,0.135975,-1.55897e-06,0.009028615,-0.0001507621,1.22,2.499542e-06,-1.451561e-05,-1.15417e-06,-0.0193119,-2.615024e-05,0.05320366,1.223
2024_02_12_12_36_25_199,0.4,0.0,266138.0,266137.0,109.3494,7.299998e-05,0.135975,-1.607385e-06,0.009028498,-0.0001490681,1.22,2.8872e-06,-1.100278e-05,-8.865292e-07,-0.004768372,6.548293e-05,0.01516286,1.223
