0,1,2,3,4,5,6,7,8,9,10,11,12,13,14,15,16,17,0
2024_02_12_20_36_45_886,0.3,0.0,7.0,8.0,0.003590196,1.464483e-06,0.1357566,-2.407588e-06,0.00821605,-3.289796e-05,0.2,-1.31327e-05,-0.04137748,1.986524e-05,7.451013,-0.0005188007,0.05416292,0.926
2024_02_12_20_36_45_923,0.3,0.0,39.0,39.0,0.0160521,1.444047e-06,0.1354221,-1.927062e-07,0.007003173,-5.801011e-05,0.44,-2.926379e-06,-0.02405414,2.870217e-06,5.154192,-0.0001904345,-0.01952529,0.926
2024_02_12_20_36_45_956,0.3,0.0,81.0,81.0,0.03297842,1.442335e-06,0.1352543,2.01689e-07,0.006395381,-6.019154e-05,0.58,-4.445666e-06,-0.01358771,-1.261974e-06,3.704011,0.0001522416,0.04526065,0.926
2024_02_12_20_36_45_994,0.3,0.0,141.0,141.0,0.05735698,1.478448e-06,0.1351596,1.88167e-07,0.00605301,-5.849069e-05,0.7,1.900939e-05,-0.005327761,-2.183324e-06,2.49517,-0.0001301391,0.02318458,0.926
2024_02_12_20_36_46_032,0.3,0.0,207.0,207.0,0.08455873,1.506628e-06,0.1351338,-6.139504e-07,0.005960654,-5.856896e-05,0.77,-2.04692e-05,-0.0002203842,-1.437506e-05,1.700044,6.157728e-05,0.00713719,0.926
2024_02_12_20_36_46_069,0.3,0.0,280.0,280.0,0.1148946,1.549976e-06,0.1351493,5.982309e-07,0.00601847,-6.00536e-05,0.82,-2.30398e-06,0.002881762,-5.352788e-07,1.138091,-2.637637e-05,-0.004603993,0.926
2024_02_12_20_36_46_106,0.3,0.0,355.0,355.0,0.1460102,1.577112e-06,0.1351888,2.240262e-06,0.006162446,-6.124498e-05,0.86,-3.76584e-06,0.004621319,3.137006e-06,0.7664561,-0.0001748092,0.03320444,0.926
2024_02_12_20_36_46_144,0.3,0.0,434.0,434.0,0.1790552,1.605201e-06,0.1352425,9.980945e-07,0.006358696,-6.265279e-05,0.88,-4.138184e-06,0.005521182,4.090522e-06,0.5035996,-6.570019e-06,0.0557485,0.926
2024_02_12_20_36_46_181,0.3,0.0,513.0,513.0,0.2119439,1.639234e-06,0.1353008,1.291635e-07,0.006571157,-6.339928e-05,0.9,-2.097594e-05,0.005852185,1.219631e-05,0.3525018,2.045681e-06,0.005081296,0.926
2024_02_12_20_36_46_214,0.3,0.0,585.0,585.0,0.2416824,1.681058e-06,0.1353542,-7.901891e-07,0.00676544,-6.31556e-05,0.91,1.821479e-05,0.005879949,-7.241341e-06,0.2254844,-0.0002466216,0.05794828,0.926
2024_02_12_20_36_46_253,0.3,0.0,668.0,668.0,0.2762488,1.711173e-06,0.1354146,-1.522407e-07,0.006984995,-6.3823e-05,0.91,1.868491e-05,0.005671381,-1.00747e-05,0.1573562,-7.853657e-06,0.02653152,0.926
2024_02_12_20_36_46_290,0.3,0.0,749.0,749.0,0.3101323,1.725492e-06,0.1354704,-7.559931e-07,0.007188398,-6.92372e-05,0.92,7.315446e-07,0.005385205,2.346416e-05,0.09101629,-7.69196e-05,0.02942933,0.926
2024_02_12_20_36_46_327,0.3,0.0,833.0,833.0,0.3450861,1.768163e-06,0.1355239,3.924511e-07,0.007383572,-6.889454e-05,0.92,-2.623241e-05,0.004973378,-1.822063e-05,0.06240606,0.000134271,0.0135065,0.926
2024_02_12_20_36_46_364,0.3,0.0,915.0,915.0,0.3792197,1.786012e-06,0.135572,9.879718e-07,0.007558841,-6.972355e-05,0.92,-2.349477e-05,0.004535616,-1.067804e-05,0.05698204,3.597296e-05,-0.02926448,0.926
2024_02_12_20_36_46_402,0.3,0.0,999.0,999.0,0.4143421,1.829432e-06,0.1356171,-2.697237e-07,0.007723083,-6.817504e-05,0.93,8.745911e-07,0.004084008,2.294689e-06,0.02890825,-3.016692e-05,-0.01084758,0.926
2024_02_12_20_36_46_440,0.3,0.0,1081.0,1081.0,0.4485826,1.869501e-06,0.1356568,-1.226959e-06,0.007867745,-6.794539e-05,0.93,1.864484e-05,0.003699736,-9.183876e-06,0.02610683,0.0001583033,-0.05337316,0.926
2024_02_12_20_36_46_478,0.3,0.0,1165.0,1165.0,0.4837771,1.916418e-06,0.1356936,4.007537e-07,0.008001768,-6.733199e-05,0.93,-1.140431e-06,0.003329709,4.058283e-06,0.01013279,0.0001275655,0.02628099,0.926
2024_02_12_20_36_46_515,0.3,0.0,1247.0,1247.0,0.5180638,1.970586e-06,0.1357256,1.718451e-07,0.008118655,-6.745048e-05,0.93,-1.838421e-05,0.003069792,-1.216024e-05,0.00745058,2.807735e-05,0.01456402,0.926
2024_02_12_20_36_46_552,0.3,0.0,1332.0,1332.0,0.5532892,2.002354e-06,0.1357553,-2.769003e-07,0.008226569,-6.84837e-05,0.93,1.919028e-05,0.002668398,-9.140153e-06,0.003635883,-2.803193e-05,0.01381384,0.926
2024_02_12_20_36_46_590,0.3,0.0,1414.0,1414.0,0.5875928,2.028969e-06,0.1357809,-5.520043e-07,0.008320208,-7.111041e-05,0.93,2.155137e-05,0.002419071,1.374378e-05,0.017941,-6.842788e-05,-0.01673307,0.926
2024_02_12_20_36_46_624,0.3,0.0,1489.0,1489.0,0.6191193,2.047503e-06,0.1358022,-6.081726e-07,0.008397547,-7.296082e-05,0.93,3.810178e-05,0.002176784,2.312578e-06,0.0,-0.0001167376,0.01737569,0.926
2024_02_12_20_36_46_661,0.3,0.0,1572.0,1572.0,0.65343,2.056107e-06,0.1358228,-1.137664e-06,0.008473066,-7.345335e-05,0.93,-2.228391e-05,0.001933759,3.668421e-06,0.006020069,6.867145e-05,-0.02493989,0.926
2024_02_12_20_36_46_698,0.3,0.0,1656.0,1656.0,0.6886678,2.107426e-06,0.1358418,-2.979533e-06,0.008541821,-7.419583e-05,0.93,2.763715e-06,0.001745967,-7.931274e-07,0.002861023,-4.420315e-05,-0.00646431,0.926
2024_02_12_20_36_46_735,0.3,0.0,1738.0,1738.0,0.7229788,2.153297e-06,0.1358581,6.499755e-07,0.008601665,-7.268619e-05,0.93,-2.298599e-05,0.001571163,1.079128e-05,0.004887581,9.373906e-05,-0.01025386,0.926
2024_02_12_20_36_46_773,0.3,0.0,1823.0,1823.0,0.7582159,2.189973e-06,0.1358729,-4.506271e-07,0.008656025,-7.421007e-05,0.93,1.581533e-06,0.001408642,5.430219e-06,0.006318092,3.688944e-05,-0.03331993,0.926
2024_02_12_20_36_46_806,0.3,0.0,1896.0,1896.0,0.7888188,2.230131e-06,0.1358846,-4.597857e-07,0.008698641,-7.341221e-05,0.93,4.981361e-06,0.00122189,-1.061363e-05,-0.0001788139,3.626656e-05,0.01253746,0.926
2024_02_12_20_36_46_844,0.3,0.0,1981.0,1981.0,0.8240575,2.292498e-06,0.1358967,-4.068858e-07,0.008742363,-7.276917e-05,0.93,3.215935e-06,0.001090738,4.599941e-06,-0.0269413,0.0001003324,0.0503147,0.926
2024_02_12_20_36_46_882,0.3,0.0,2063.0,2063.0,0.858366,2.33399e-06,0.1359071,-4.20176e-07,0.008780242,-7.215892e-05,0.93,-2.690705e-06,0.0009820522,-1.82073e-06,-0.001549721,-0.000161355,0.01232978,0.926
2024_02_12_20_36_46_915,0.3,0.0,2136.0,2136.0,0.8889641,2.369329e-06,0.1359152,-2.249362e-06,0.008810341,-7.420639e-05,0.93,4.965484e-07,0.0009381411,-4.084274e-06,0.009715557,-0.0002345448,-0.04130602,0.926
2024_02_12_20_36_46_948,0.3,0.0,2212.0,2212.0,0.9204901,2.440454e-06,0.135923,-5.38988e-07,0.008838417,-7.262722e-05,0.93,-1.456468e-05,0.0007390603,-1.33095e-05,0.005960464,2.068543e-05,-0.01101103,0.926
2024_02_12_20_36_46_985,0.3,0.0,2294.0,2294.0,0.9547963,2.488733e-06,0.1359305,8.892206e-07,0.008865745,-7.260088e-05,0.93,-1.15691e-06,0.0006961277,-2.300302e-06,-0.005483627,0.0001287114,0.008095987,0.926
2024_02_12_20_36_47_023,0.3,0.0,2378.0,2378.0,0.9900271,2.484629e-06,0.1359373,3.92255e-07,0.008890631,-7.578226e-05,0.93,-1.885478e-06,0.0006035289,-9.14292e-07,-0.0140667,0.0001912961,0.03089662,0.926
2024_02_12_20_36_47_061,0.3,0.0,2461.0,2461.0,1.024331,2.535329e-06,0.1359431,-8.048627e-07,0.008912059,-7.462448e-05,0.93,-1.746687e-05,0.0005405394,-7.550569e-06,-0.005483627,6.223263e-05,0.01960527,0.926
2024_02_12_20_36_47_098,0.3,0.0,2545.0,2545.0,1.059562,2.590035e-06,0.1359485,-6.170858e-07,0.008931789,-7.53532e-05,0.93,7.601868e-07,0.0004440003,4.561655e-06,-0.001192093,-0.0002125602,0.004270114,0.926
2024_02_12_20_36_47_136,0.3,0.0,2627.0,2627.0,1.093863,2.652324e-06,0.135953,-4.821506e-07,0.008948595,-7.575448e-05,0.93,-4.036273e-05,0.0004592271,2.207528e-05,0.001072884,0.0001180158,0.008140691,0.926
2024_02_12_20_36_47_172,0.3,0.0,2712.0,2712.0,1.129091,2.711034e-06,0.1359574,1.512481e-08,0.008964065,-7.615081e-05,0.93,-4.838409e-06,0.0003108649,-2.887472e-06,-0.002861023,-0.0002329457,0.00415463,0.926
2024_02_12_20_36_47_206,0.3,0.0,2785.0,2785.0,1.159683,2.759533e-06,0.1359605,-5.637839e-08,0.008976103,-7.512141e-05,0.93,-3.332912e-06,0.0003280736,3.979053e-06,0.007987022,-0.0003451959,-0.02625864,0.926
2024_02_12_20_36_47_244,0.3,0.0,2870.0,2870.0,1.194911,2.790016e-06,0.1359641,5.834856e-08,0.008988383,-7.727287e-05,0.93,-1.307844e-06,0.0003206338,2.939065e-07,-0.01257658,-0.0001515127,0.01528021,0.926
2024_02_12_20_36_47_281,0.3,0.0,2952.0,2952.0,1.22921,2.828242e-06,0.1359669,-1.19507e-06,0.00899911,-7.923037e-05,0.93,-3.512189e-07,0.0002246111,-4.843579e-07,0.001847744,3.822254e-05,-0.01875777,0.926
2024_02_12_20_36_47_318,0.3,0.0,3034.0,3034.0,1.263509,2.896691e-06,0.1359696,1.164696e-06,0.009008591,-7.637408e-05,0.93,1.710213e-06,0.0002334036,2.519274e-05,0.005662441,5.914557e-06,0.000115484,0.926
2024_02_12_20_36_47_352,0.3,0.0,3110.0,3110.0,1.295024,2.95334e-06,0.1359718,-8.581189e-07,0.009016487,-7.627981e-05,0.93,2.014084e-06,0.000177442,3.763631e-06,-0.004827976,-0.0001093181,0.01531187,0.926
2024_02_12_20_36_47_390,0.3,0.0,3192.0,3192.0,1.329319,3.019299e-06,0.1359738,-8.169465e-07,0.009023878,-7.707087e-05,0.93,1.565756e-07,0.0002058146,2.058061e-07,-0.0009536743,8.473955e-05,-0.01530908,0.926
2024_02_12_20_36_47_424,0.3,0.0,3267.0,3267.0,1.360834,3.033668e-06,0.1359755,-3.640775e-07,0.009029988,-7.971356e-05,0.93,1.642245e-05,0.000157873,7.71769e-06,0.003814697,0.0003417858,-0.007745809,0.926
2024_02_12_20_36_47_460,0.3,0.0,3350.0,3350.0,1.39513,3.070714e-06,0.1359771,6.579525e-07,0.009035918,-7.831571e-05,0.93,1.774076e-06,0.0001695954,3.370227e-06,0.001490116,0.0001568956,-0.0191154,0.926
2024_02_12_20_36_47_494,0.3,0.0,3423.0,3423.0,1.425719,3.116555e-06,0.1359784,-1.607611e-06,0.009040834,-7.891793e-05,0.93,2.519168e-07,0.0001383945,3.094971e-07,-0.006079673,6.638299e-05,-0.007634051,0.926
2024_02_12_20_36_47_532,0.3,0.0,3507.0,3507.0,1.460941,3.164156e-06,0.1359798,-6.837481e-07,0.009045812,-7.946405e-05,0.93,-4.623929e-07,0.0001201783,-2.301151e-06,-0.006854534,-0.0001325167,0.01915637,0.926
2024_02_12_20_36_47_568,0.3,0.0,3590.0,3590.0,1.495235,3.236853e-06,0.135981,6.840822e-07,0.009050133,-7.633372e-05,0.93,4.874268e-06,0.0001310645,2.814501e-06,0.006377697,0.000215455,-2.328306e-05,0.926
2024_02_12_20_36_47_606,0.3,0.0,3674.0,3674.0,1.530458,3.271991e-06,0.1359819,-1.385487e-06,0.009054068,-7.799063e-05,0.93,1.930894e-05,5.072461e-05,-8.93599e-06,0.00989437,-2.499428e-05,-0.01915172,0.926
2024_02_12_20_36_47_640,0.3,0.0,3747.0,3747.0,1.561047,3.321927e-06,0.1359828,-5.289994e-07,0.00905687,-7.773744e-05,0.93,-1.511045e-05,0.0001066972,-1.093546e-05,0.003159046,0.0004071855,-0.0001015142,0.926
2024_02_12_20_36_47_678,0.3,0.0,3832.0,3832.0,1.596268,3.378367e-06,0.1359836,3.015567e-07,0.009060176,-7.920112e-05,0.93,-1.231622e-06,8.740486e-05,1.601633e-07,-0.003576278,0.0001089821,0.01553725,0.926
2024_02_12_20_36_47_710,0.3,0.0,3905.0,3905.0,1.626857,3.395787e-06,0.1359843,-7.073536e-08,0.009062562,-8.309319e-05,0.93,2.205056e-05,6.770112e-05,1.806737e-05,-0.01299381,-3.010791e-05,0.02665818,0.926
2024_02_12_20_36_47_748,0.3,0.0,3990.0,3990.0,1.662079,3.469917e-06,0.1359849,-4.912919e-08,0.009064944,-8.046587e-05,0.93,-1.830634e-05,0.0001063191,1.128721e-05,0.002026558,-1.20059e-05,-0.03447104,0.926
2024_02_12_20_36_47_786,0.3,0.0,4072.0,4072.0,1.696374,3.522724e-06,0.1359857,-1.2764e-06,0.00906733,-8.204477e-05,0.93,-6.426191e-07,-2.986485e-06,-4.491808e-06,-0.0007152557,0.0001360469,-0.01163315,0.926
2024_02_12_20_36_47_818,0.3,0.0,4147.0,4147.0,1.727889,3.552338e-06,0.1359861,8.750661e-07,0.009069148,-8.425285e-05,0.93,-2.748618e-06,3.832511e-06,3.643204e-06,-0.006437301,5.762956e-05,0.00753533,0.926
2024_02_12_20_36_47_856,0.3,0.0,4230.0,4230.0,1.762181,3.591661e-06,0.1359866,3.318213e-08,0.009070877,-8.437089e-05,0.93,3.529039e-06,3.528487e-05,2.175946e-06,-0.01770258,0.0002913147,0.0458695,0.926
2024_02_12_20_36_47_894,0.3,0.0,4314.0,4314.0,1.797405,3.662687e-06,0.1359869,-9.545597e-07,0.009072158,-8.232179e-05,0.93,4.18173e-05,2.691107e-05,1.209871e-05,-0.002682209,4.198807e-05,-0.007792376,0.926
2024_02_12_20_36_47_931,0.3,0.0,4396.0,4396.0,1.831699,3.711567e-06,0.1359873,7.14395e-07,0.00907359,-8.089514e-05,0.93,-2.128131e-06,-2.452658e-05,-4.785874e-06,-0.005602836,-0.0001588412,-1.583248e-05,0.926
2024_02_12_20_36_47_968,0.3,0.0,4481.0,4481.0,1.866922,3.742517e-06,0.1359877,-1.30421e-07,0.009074842,-8.129669e-05,0.93,-2.283878e-06,1.384282e-05,-1.258472e-06,-0.009417534,0.0001375329,0.01530163,0.926
2024_02_12_20_36_48_006,0.3,0.0,4563.0,4563.0,1.901221,3.773262e-06,0.1359878,-3.105781e-07,0.009075557,-8.139589e-05,0.93,2.883569e-08,6.928081e-05,1.422825e-06,-0.004768372,-0.00010797,0.03062375,0.926
2024_02_12_20_36_48_044,0.3,0.0,4647.0,4647.0,1.936446,3.818866e-06,0.1359881,-2.571491e-07,0.009076688,-8.123306e-05,0.93,-5.727423e-07,-3.71512e-05,-1.725357e-06,-0.006198883,-7.273428e-05,0.02290495,0.926
2024_02_12_20_36_48_081,0.3,0.0,4730.0,4730.0,1.970744,3.869157e-06,0.1359883,-1.322232e-06,0.009077344,-8.22701e-05,0.93,5.652943e-06,2.350262e-05,1.047882e-06,0.007569789,-0.0001440372,-0.03819074,0.926
2024_02_12_20_36_48_119,0.3,0.0,4814.0,4814.0,2.005967,3.943641e-06,0.1359886,1.139929e-06,0.009078267,-8.234648e-05,0.93,-1.762663e-05,-4.302164e-06,-1.529771e-05,-0.0002980232,5.203901e-05,-0.01545064,0.926
2024_02_12_20_36_48_156,0.3,0.0,4896.0,4896.0,2.040264,3.994654e-06,0.1359886,-1.046292e-06,0.009078506,-8.102821e-05,0.93,2.246611e-05,0.0001326489,-9.209255e-06,-0.01043081,6.245591e-05,0.02663489,0.926
2024_02_12_20_36_48_194,0.3,0.0,4979.0,4979.0,2.074562,4.071839e-06,0.1359889,-1.464591e-07,0.009079429,-8.028873e-05,0.93,1.572164e-06,-4.56587e-05,6.816535e-06,0.001609325,-0.0004340179,0.003780238,0.926
2024_02_12_20_36_48_231,0.3,0.0,5063.0,5063.0,2.109787,4.120478e-06,0.135989,-1.873637e-06,0.009079996,-8.253776e-05,0.93,2.348703e-05,1.044298e-05,1.160447e-05,-0.007569789,0.0001263268,0.01147017,0.926
2024_02_12_20_36_48_268,0.3,0.0,5145.0,5145.0,2.144085,4.165496e-06,0.1359892,1.823064e-07,0.00908062,-8.270016e-05,0.93,-2.462055e-05,-9.724843e-06,-1.308396e-05,0.0004172325,8.962507e-05,-0.01519825,0.926
2024_02_12_20_36_48_305,0.3,0.0,5230.0,5230.0,2.179307,4.219238e-06,0.1359893,3.736187e-07,0.009081157,-8.325458e-05,0.93,3.2737e-06,3.16952e-06,-4.56349e-06,-0.01567602,7.446727e-05,0.01925509,0.926
2024_02_12_20_36_48_340,0.3,0.0,5303.0,5303.0,2.209895,4.260414e-06,0.1359895,-3.795963e-07,0.009081396,-8.208323e-05,0.93,1.808999e-05,1.045045e-05,-6.233792e-06,0.01108646,-0.0001866131,-0.02668425,0.926
2024_02_12_20_36_48_377,0.3,0.0,5388.0,5388.0,2.245119,4.280472e-06,0.1359896,2.624516e-07,0.009081784,-8.225375e-05,0.93,-2.115866e-05,-7.696704e-06,1.161153e-05,0.002503395,0.0002159863,-0.01926627,0.926
2024_02_12_20_36_48_411,0.3,0.0,5461.0,5461.0,2.275709,4.345423e-06,0.1359897,-9.633445e-07,0.009082023,-8.164231e-05,0.93,4.813779e-06,-1.24089e-05,3.170289e-06,-0.0004768371,2.876425e-05,0.003845431,0.926
2024_02_12_20_36_48_448,0.3,0.0,5545.0,5545.0,2.310934,4.433241e-06,0.1359897,-1.613289e-06,0.009082232,-8.058888e-05,0.93,5.13051e-08,4.949456e-05,-1.124212e-06,-0.01221895,-0.0001314867,0.03441051,0.926
2024_02_12_20_36_48_486,0.3,0.0,5628.0,5628.0,2.345232,4.493183e-06,0.1359897,-3.609531e-07,0.009082319,-8.132025e-05,0.93,1.782832e-05,7.612754e-05,1.599412e-05,-0.009357929,-0.0001098334,0.01908932,0.926
2024_02_12_20_36_48_523,0.3,0.0,5712.0,5712.0,2.380456,4.576233e-06,0.1359897,-1.706901e-06,0.009082469,-7.815886e-05,0.93,4.53095e-06,6.669694e-05,-4.017319e-06,0.01311302,-7.801588e-05,-0.02285652,0.926
2024_02_12_20_36_48_560,0.3,0.0,5794.0,5794.0,2.414756,4.657415e-06,0.1359898,-1.259856e-06,0.009082857,-7.76649e-05,0.93,1.508998e-06,-5.232261e-05,-2.590788e-06,0.01507997,0.0001020726,-0.05354825,0.926
2024_02_12_20_36_48_598,0.3,0.0,5879.0,5879.0,2.449981,4.721447e-06,0.1359898,2.848494e-07,0.009082886,-7.822986e-05,0.93,-2.443673e-06,4.083825e-05,-1.51811e-06,-0.002801418,0.000129506,0.01514051,0.926
2024_02_12_20_36_48_636,0.3,0.0,5961.0,5961.0,2.484277,4.787154e-06,0.1359899,-9.836176e-07,0.009082916,-7.733182e-05,0.93,1.809129e-05,4.062197e-05,-1.038275e-05,0.0003576278,-4.089042e-05,0.003613531,0.926
2024_02_12_20_36_48_673,0.3,0.0,6043.0,6043.0,2.518574,4.84004e-06,0.1359899,4.632661e-07,0.009083185,-7.556764e-05,0.93,-2.295886e-05,2.590418e-06,-1.798966e-05,-0.004708767,0.0001891389,0.02666749,0.926
2024_02_12_20_36_48_706,0.3,0.0,6119.0,6119.0,2.550087,4.876533e-06,0.1359901,-4.96973e-07,0.009083543,-7.770897e-05,0.93,-4.960076e-06,-1.400081e-05,-3.330495e-07,-0.0001788139,-0.0001678414,0.003857538,0.926
2024_02_12_20_36_48_745,0.3,0.0,6201.0,6201.0,2.584382,4.936529e-06,0.13599,2.587215e-08,0.009083603,-7.691284e-05,0.93,-2.118171e-05,1.294145e-05,-1.727428e-05,0.002622604,0.0002686246,-0.01915731,0.926
2024_02_12_20_36_48_781,0.3,0.0,6285.0,6285.0,2.619598,4.981463e-06,0.13599,3.356261e-07,0.009083631,-7.759929e-05,0.93,1.631627e-05,5.488002e-05,1.463463e-05,-0.00244379,-0.0003481515,0.01150556,0.926
2024_02_12_20_36_48_815,0.3,0.0,6359.0,6359.0,2.650186,5.028866e-06,0.1359901,-1.368782e-06,0.009083663,-7.717932e-05,0.93,1.932742e-05,2.111125e-05,-4.287078e-06,0.0008940696,-0.0001989242,-4.56348e-05,0.926
2024_02_12_20_36_48_852,0.3,0.0,6443.0,6443.0,2.685409,5.097414e-06,0.13599,1.046771e-07,0.009083781,-7.686245e-05,0.93,6.516673e-07,-1.444853e-05,1.02695e-05,0.001549721,-1.755018e-05,-0.01902506,0.926
2024_02_12_20_36_48_890,0.3,0.0,6525.0,6525.0,2.719707,5.163197e-06,0.1359901,-1.911917e-06,0.009083841,-7.757615e-05,0.93,2.134386e-05,2.079824e-05,-4.151642e-06,-0.005364418,1.377032e-05,0.01145806,0.926
2024_02_12_20_36_48_927,0.3,0.0,6610.0,6610.0,2.75493,5.203659e-06,0.1359901,7.60655e-07,0.00908393,-7.90623e-05,0.93,-2.731451e-06,1.593309e-05,2.67264e-06,-0.003755092,6.955383e-05,0.007782131,0.926
2024_02_12_20_36_48_964,0.3,0.0,6692.0,6692.0,2.789228,5.253388e-06,0.1359901,4.098161e-07,0.009083989,-8.104159e-05,0.93,1.823623e-05,2.521491e-06,-7.312829e-06,-0.01060963,-0.000387205,0.01920946,0.926
2024_02_12_20_36_49_003,0.3,0.0,6777.0,6777.0,2.824452,5.300838e-06,0.1359901,4.094968e-07,0.0090839,-8.079148e-05,0.93,-1.227477e-06,4.409062e-05,3.03771e-06,0.001251697,1.406931e-05,1.303852e-05,0.926
2024_02_12_20_36_49_035,0.3,0.0,6850.0,6850.0,2.855041,5.333454e-06,0.1359901,-2.053138e-06,0.00908399,-8.264613e-05,0.93,-3.656327e-06,4.691661e-05,-4.13936e-06,0.0231862,-1.248088e-05,-0.04184898,0.926
2024_02_12_20_36_49_073,0.3,0.0,6932.0,6932.0,2.889338,5.386252e-06,0.1359901,-4.876121e-08,0.009083929,-8.118042e-05,0.93,-2.004658e-05,6.671125e-05,7.440412e-06,0.004887581,0.0001237897,-0.01138076,0.926
2024_02_12_20_36_49_106,0.3,0.0,7008.0,7008.0,2.920853,5.42717e-06,0.1359902,8.333053e-07,0.009084138,-8.174339e-05,0.93,-2.857475e-06,2.4503e-05,6.723918e-08,-0.01013279,2.537405e-05,0.007553957,0.926
2024_02_12_20_36_49_143,0.3,0.0,7090.0,7090.0,2.95515,5.478713e-06,0.1359902,-6.256989e-07,0.009084049,-8.227363e-05,0.93,5.49638e-07,3.372601e-05,1.669406e-05,-0.005841255,0.0001376273,0.01137797,0.926
2024_02_12_20_36_49_180,0.3,0.0,7174.0,7174.0,2.990374,5.529928e-06,0.1359901,5.789239e-07,0.009084138,-8.176122e-05,0.93,1.354877e-06,4.028397e-05,1.119355e-06,-0.001490116,-7.694791e-05,0.0002244487,0.926
2024_02_12_20_36_49_219,0.3,0.0,7257.0,7257.0,3.024672,5.555379e-06,0.1359901,7.84128e-07,0.009084079,-8.357623e-05,0.93,-2.570172e-06,7.504501e-05,1.028297e-06,-0.009298325,4.703401e-05,0.03068335,0.926
2024_02_12_20_36_49_256,0.3,0.0,7341.0,7341.0,3.059896,5.588548e-06,0.1359902,-8.091173e-07,0.009084078,-8.378525e-05,0.93,-3.310853e-07,3.993243e-05,-3.532343e-06,-0.001549721,0.000256627,-0.0153752,0.926
2024_02_12_20_36_49_288,0.3,0.0,7414.0,7414.0,3.090486,5.6434e-06,0.1359902,-1.046162e-06,0.009084228,-8.278413e-05,0.93,2.220276e-06,-6.575903e-06,-5.746926e-06,-0.01245737,0.0001566289,0.02278108,0.926
2024_02_12_20_36_49_327,0.3,0.0,7499.0,7499.0,3.12571,5.705313e-06,0.1359903,-7.681759e-07,0.009084496,-8.16973e-05,0.93,9.722644e-07,-5.356525e-05,-3.442594e-06,-0.007390975,5.4878e-05,0.007517635,0.926
2024_02_12_20_36_49_360,0.3,0.0,7572.0,7572.0,3.1563,5.747408e-06,0.1359902,-2.552791e-08,0.009084466,-8.23476e-05,0.93,-1.415877e-06,2.380329e-06,-3.640396e-06,-0.003039837,5.342826e-06,0.02294779,0.926
2024_02_12_20_36_49_397,0.3,0.0,7654.0,7654.0,3.190598,5.769918e-06,0.1359903,-1.539008e-06,0.009084555,-8.206599e-05,0.93,-9.219386e-07,-4.235972e-05,6.483596e-07,0.002384186,0.0001474281,0.007553026,0.926
2024_02_12_20_36_49_431,0.3,0.0,7730.0,7730.0,3.222115,5.817632e-06,0.1359903,2.989561e-07,0.009084616,-8.180917e-05,0.93,-1.890326e-05,-3.330578e-05,1.009945e-05,0.003874302,2.904176e-05,-0.01120195,0.926
2024_02_12_20_36_49_468,0.3,0.0,7812.0,7812.0,3.256413,5.87002e-06,0.1359903,-1.08687e-06,0.009084585,-8.118847e-05,0.93,2.192075e-05,-3.28354e-05,1.433701e-05,-0.00333786,-0.0001314161,0.01528207,0.926
2024_02_12_20_36_49_505,0.3,0.0,7897.0,7897.0,3.291638,5.918997e-06,0.1359903,-1.308591e-06,0.009084676,-7.851224e-05,0.93,9.884308e-07,-6.185334e-05,-2.412757e-06,-0.007867813,0.0001308655,0.007636845,0.926
2024_02_12_20_36_49_545,0.3,0.0,7979.0,7979.0,3.325936,5.965754e-06,0.1359903,7.865513e-08,0.009084586,-7.941808e-05,0.93,2.398318e-05,-5.276978e-05,2.005506e-05,-0.007867813,1.341414e-05,0.02680812,0.926
2024_02_12_20_36_49_577,0.3,0.0,8055.0,8055.0,3.357453,6.015509e-06,0.1359903,2.435186e-07,0.009084586,-7.841181e-05,0.93,4.95917e-06,-4.960631e-05,4.408128e-06,0.002384186,-0.0001359747,-0.0115633,0.926
2024_02_12_20_36_49_615,0.3,0.0,8137.0,8137.0,3.391751,6.065052e-06,0.1359903,-1.081256e-06,0.009084645,-7.885055e-05,0.93,1.946545e-05,-5.617347e-05,1.187633e-05,-0.01943111,1.337889e-05,0.0496814,0.926
2024_02_12_20_36_49_652,0.3,0.0,8221.0,8221.0,3.426976,6.146202e-06,0.1359903,-1.244303e-06,0.009084526,-7.615404e-05,0.93,-1.814492e-05,-2.735718e-05,-1.52705e-05,0.0003576278,-6.811762e-05,-0.01154933,0.926
2024_02_12_20_36_49_689,0.3,0.0,8303.0,8303.0,3.461273,6.209602e-06,0.1359904,-1.035715e-06,0.009084646,-7.772726e-05,0.93,2.286269e-05,-6.401981e-05,-9.04265e-07,0.001966953,6.414791e-05,-0.007695518,0.926
2024_02_12_20_36_49_722,0.3,0.0,8377.0,8377.0,3.491863,6.238643e-06,0.1359903,1.948602e-06,0.009084704,-7.854414e-05,0.93,-5.770924e-06,-9.923682e-05,1.175707e-06,0.001609325,-0.0001830882,-5.867332e-05,0.926
2024_02_12_20_36_49_760,0.3,0.0,8461.0,8461.0,3.527088,6.277493e-06,0.1359903,9.862213e-07,0.009084585,-7.638821e-05,0.93,1.583609e-06,-8.961603e-05,1.168064e-06,0.001788139,-0.0001475204,0.00761263,0.926
2024_02_12_20_36_49_797,0.3,0.0,8543.0,8543.0,3.561386,6.317375e-06,0.1359903,1.13042e-06,0.009084616,-7.630584e-05,0.93,-5.669675e-07,-8.380409e-05,2.503662e-06,0.0001192093,-0.0001236859,0.007639639,0.926
2024_02_12_20_36_49_835,0.3,0.0,8628.0,8628.0,3.596611,6.365438e-06,0.1359903,-5.009082e-07,0.009084585,-7.69144e-05,0.93,2.139291e-06,-8.268141e-05,4.877625e-06,0.009119511,-0.000171227,-0.03062654,0.926
2024_02_12_20_36_49_873,0.3,0.0,8710.0,8710.0,3.630908,6.410283e-06,0.1359903,-2.251203e-08,0.009084676,-7.746e-05,0.93,-1.965425e-05,-7.352669e-05,1.103124e-05,0.0008940696,-0.000132984,0.007638707,0.926
2024_02_12_20_36_49_907,0.3,0.0,8786.0,8786.0,3.662425,6.441629e-06,0.1359904,1.173527e-07,0.009084586,-8.012245e-05,0.93,-2.423667e-06,-6.427964e-05,-8.617314e-07,0.004410744,5.064533e-05,0.007539987,0.926
2024_02_12_20_36_49_944,0.3,0.0,8868.0,8868.0,3.696722,6.495773e-06,0.1359903,-1.785614e-06,0.009084646,-8.147262e-05,0.93,2.363423e-05,-8.943315e-05,1.222949e-05,0.00333786,1.594913e-05,-0.007669441,0.926
2024_02_12_20_36_49_982,0.3,0.0,8952.0,8952.0,3.731946,6.549835e-06,0.1359903,-2.737476e-08,0.009084615,-8.151383e-05,0.93,-4.120706e-05,-5.764623e-05,-1.093313e-05,0.003457069,0.0001595675,-0.01530163,0.926
2024_02_12_20_36_50_017,0.3,0.0,9026.0,9026.0,3.762536,6.593086e-06,0.1359902,-1.616399e-06,0.009084467,-8.212555e-05,0.93,2.263115e-05,-5.905265e-05,-1.080619e-05,0.01758337,2.961815e-05,-0.03802311,0.926
2024_02_12_20_36_50_053,0.3,0.0,9108.0,9108.0,3.796833,6.634038e-06,0.1359902,-1.135834e-06,0.009084407,-8.444374e-05,0.93,-2.325843e-06,-5.160635e-05,3.657338e-06,0.003218651,4.854905e-05,-0.003627501,0.926
2024_02_12_20_36_50_085,0.3,0.0,9184.0,9184.0,3.82835,6.662791e-06,0.1359902,1.482998e-06,0.009084526,-8.55541e-05,0.93,-2.33212e-05,-6.424965e-05,8.788318e-06,0.005722045,8.018492e-05,0.003918074,0.926
2024_02_12_20_36_50_119,0.3,0.0,9257.0,9257.0,3.85894,6.71117e-06,0.1359902,-1.326169e-06,0.009084435,-8.614717e-05,0.93,2.18257e-05,-3.282913e-05,-6.330888e-06,0.006616115,-0.0003613858,-0.01512002,0.926
2024_02_12_20_36_50_152,0.3,0.0,9330.0,9330.0,3.88953,6.764535e-06,0.1359902,-1.613467e-06,0.009084437,-8.588583e-05,0.93,2.556815e-05,-5.108325e-05,-6.131182e-06,0.0007152557,-7.050857e-06,0.007821247,0.926
2024_02_12_20_36_50_190,0.3,0.0,9415.0,9415.0,3.924755,6.836241e-06,0.1359902,-1.738555e-06,0.009084466,-8.607401e-05,0.93,4.566978e-07,-3.390545e-05,-7.826702e-07,0.002205372,-2.248373e-05,0.007905997,0.926
2024_02_12_20_36_50_223,0.3,0.0,9488.0,9488.0,3.955345,6.893669e-06,0.1359902,9.013145e-07,0.009084526,-8.38842e-05,0.93,-2.718762e-07,-6.650617e-05,5.031651e-06,0.008821487,-7.31452e-05,-0.003719702,0.926
2024_02_12_20_36_50_260,0.3,0.0,9572.0,9572.0,3.99057,6.955967e-06,0.1359902,-2.155821e-07,0.009084435,-8.564186e-05,0.93,7.403481e-07,-2.605147e-05,-8.171299e-08,-0.002980232,-0.0002163865,0.02286024,0.926
2024_02_12_20_36_50_297,0.3,0.0,9655.0,9655.0,4.024868,7.010803e-06,0.1359902,-1.076057e-07,0.009084495,-8.54571e-05,0.93,-2.173976e-06,-4.265613e-05,-1.439839e-05,0.00834465,-0.0003183474,0.003889203,0.926
2024_02_12_20_36_50_335,0.3,0.0,9739.0,9739.0,4.060093,7.067165e-06,0.1359903,-2.810517e-07,0.009084496,-8.821518e-05,0.93,1.118464e-06,-5.398894e-05,-1.531362e-06,0.01752377,4.624076e-05,-0.01916196,0.926
2024_02_12_20_36_50_373,0.3,0.0,9821.0,9821.0,4.094391,7.131257e-06,0.1359903,1.248618e-08,0.009084435,-8.696569e-05,0.93,-2.340843e-06,-2.486057e-05,-1.556413e-06,0.0009536743,-0.000201122,0.007537193,0.926
2024_02_12_20_36_50_406,0.3,0.0,9897.0,9897.0,4.125908,7.188113e-06,0.1359902,-5.631199e-07,0.009084495,-8.661894e-05,0.93,9.028068e-07,-3.655482e-05,5.494353e-06,-0.001132488,0.0001322794,-0.00359863,0.926
2024_02_12_20_36_50_443,0.3,0.0,9979.0,9979.0,4.160206,7.217343e-06,0.1359903,4.449669e-07,0.009084526,-8.880884e-05,0.93,-2.541339e-05,-5.234055e-05,8.551488e-06,-0.007152557,0.0001593269,0.00765454,0.926
2024_02_12_20_36_50_482,0.3,0.0,10064.0,10064.0,4.195431,7.263028e-06,0.1359903,-4.270728e-07,0.009084554,-8.961573e-05,0.93,9.872547e-07,-3.339243e-05,-1.53184e-05,0.002503395,-5.584775e-05,-0.01511164,0.926
2024_02_12_20_36_50_519,0.3,0.0,10146.0,10146.0,4.229729,7.312523e-06,0.1359903,-1.324983e-06,0.009084554,-8.868433e-05,0.93,1.806216e-05,-2.884974e-05,2.0071e-06,0.004947185,-5.910294e-06,-0.01126993,0.926
2024_02_12_20_36_50_551,0.3,0.0,10219.0,10219.0,4.260319,7.352187e-06,0.1359903,-2.499693e-07,0.009084526,-9.013688e-05,0.93,-2.087462e-05,-6.803331e-05,-1.442248e-05,0.0008940696,-2.062632e-05,1.490116e-05,0.926
2024_02_12_20_36_50_590,0.3,0.0,10304.0,10304.0,4.295544,7.408157e-06,0.1359903,1.312983e-07,0.009084497,-9.045281e-05,0.93,9.174236e-07,-7.019704e-05,-2.609593e-06,-0.0005960464,0.0002418578,-0.003827736,0.926
2024_02_12_20_36_50_626,0.3,0.0,10386.0,10386.0,4.329842,7.43081e-06,0.1359903,1.208971e-06,0.009084496,-9.182448e-05,0.93,-4.745957e-05,-5.013025e-05,-3.021103e-06,0.001847744,0.0003624897,9.313225e-07,0.926
2024_02_12_20_36_50_666,0.3,0.0,10470.0,10470.0,4.365067,7.474479e-06,0.1359902,1.707559e-06,0.009084407,-9.329549e-05,0.93,-2.090871e-05,-4.687174e-05,8.548651e-06,0.003635883,-9.381972e-05,-0.003868714,0.926
2024_02_12_20_36_50_697,0.3,0.0,10544.0,10544.0,4.395657,7.518026e-06,0.1359903,-1.044345e-06,0.009084435,-9.422181e-05,0.93,2.169187e-05,-5.121611e-05,1.295728e-05,0.004053116,5.43082e-06,-0.003991649,0.926
2024_02_12_20_36_50_736,0.3,0.0,10628.0,10628.0,4.430882,7.584078e-06,0.1359902,-8.105231e-07,0.009084407,-9.281083e-05,0.93,-9.900153e-07,-4.934081e-05,2.293037e-06,0.004768372,-0.0001268012,-0.01903158,0.926
2024_02_12_20_36_50_768,0.3,0.0,10701.0,10701.0,4.461472,7.62699e-06,0.1359903,4.737494e-08,0.009084467,-9.282194e-05,0.93,-6.991312e-07,-2.801994e-05,-2.008577e-06,-0.006794929,-0.0001248586,-0.01135934,0.926
2024_02_12_20_36_50_806,0.3,0.0,10786.0,10786.0,4.496696,7.664423e-06,0.1359903,-4.433028e-07,0.009084526,-9.355621e-05,0.93,2.005657e-05,-5.165602e-05,1.092787e-05,0.003576278,1.330659e-05,-0.02669077,0.926
2024_02_12_20_36_50_839,0.3,0.0,10859.0,10859.0,4.527287,7.711802e-06,0.1359903,-3.284705e-07,0.009084407,-9.319467e-05,0.93,6.107881e-06,-4.682845e-05,3.127341e-07,0.003814697,-3.746891e-05,-0.01528766,0.926
2024_02_12_20_36_50_876,0.3,0.0,10941.0,10941.0,4.561584,7.781292e-06,0.1359902,-7.525572e-07,0.009084437,-9.399953e-05,0.93,5.546489e-07,-5.659533e-05,3.011532e-06,0.0004172325,-8.449421e-05,2.235174e-05,0.926
2024_02_12_20_36_50_910,0.3,0.0,11017.0,11017.0,4.593102,7.85067e-06,0.1359902,3.270216e-07,0.009084496,-9.371198e-05,0.93,-1.741896e-05,-6.406644e-05,4.072495e-06,-0.02872944,-3.627178e-05,0.05727261,0.926
2024_02_12_20_36_50_947,0.3,0.0,11099.0,11099.0,4.627399,7.914007e-06,0.1359902,-1.24174e-06,0.009084407,-9.399257e-05,0.93,6.315751e-07,-6.005812e-05,5.260855e-06,0.003397465,3.127525e-06,0.01146737,0.926
2024_02_12_20_36_50_981,0.3,0.0,11175.0,11175.0,4.658916,7.945253e-06,0.1359903,3.775372e-07,0.009084466,-9.663329e-05,0.93,-1.310294e-06,-5.71262e-05,-4.574632e-07,0.01573563,7.627193e-05,-0.007621012,0.926
2024_02_12_20_36_51_018,0.3,0.0,11257.0,11257.0,4.693214,7.996482e-06,0.1359903,-1.408508e-06,0.009084406,-9.541825e-05,0.93,-1.383513e-06,-7.649045e-05,-6.623436e-07,0.0004768371,-3.093737e-05,0.003715977,0.926
2024_02_12_20_36_51_056,0.3,0.0,11339.0,11339.0,4.727512,8.048742e-06,0.1359903,-3.602654e-07,0.009084407,-9.523839e-05,0.93,2.598696e-06,-8.02534e-05,-1.272333e-06,0.0005960464,-0.0002388012,0.007628463,0.926
2024_02_12_20_36_51_093,0.3,0.0,11424.0,11424.0,4.762737,8.107989e-06,0.1359902,-1.330608e-06,0.009084465,-9.54304e-05,0.93,1.868186e-05,-8.12056e-05,1.711931e-05,0.004649162,-1.128461e-05,-0.02678763,0.926
2024_02_12_20_36_51_126,0.3,0.0,11497.0,11497.0,4.793327,8.161021e-06,0.1359902,6.315473e-07,0.009084348,-9.486287e-05,0.93,-3.675726e-05,-3.577594e-05,-7.98184e-06,-0.002622604,0.0002468285,0.0114236,0.926
2024_02_12_20_36_51_163,0.3,0.0,11581.0,11581.0,4.828552,8.252105e-06,0.1359903,-6.062244e-07,0.009084406,-9.326431e-05,0.93,-4.766432e-07,-5.496418e-05,4.397433e-06,0.0004768371,-4.856349e-05,0.007617287,0.926
2024_02_12_20_36_51_200,0.3,0.0,11655.0,11655.0,4.859142,8.321047e-06,0.1359902,-4.067295e-07,0.009084407,-9.193019e-05,0.93,1.562804e-06,-5.423551e-05,3.482955e-06,0.00578165,0.0001554091,-0.00371132,0.926
2024_02_12_20_36_51_235,0.3,0.0,11739.0,11739.0,4.894367,8.380757e-06,0.1359902,-8.211348e-07,0.009084407,-9.285256e-05,0.93,-7.568138e-07,-4.819929e-05,9.953213e-07,0.008881092,2.342438e-05,-0.007508322,0.926
2024_02_12_20_36_51_272,0.3,0.0,11821.0,11821.0,4.928665,8.431411e-06,0.1359902,7.591912e-07,0.009084407,-9.287206e-05,0.93,-1.537044e-06,-5.058528e-05,-1.785739e-06,-0.001072884,2.237925e-06,0.02290774,0.926
2024_02_12_20_36_51_310,0.3,0.0,11906.0,11906.0,4.96389,8.486974e-06,0.1359902,-9.05546e-07,0.009084407,-9.363086e-05,0.93,-9.42537e-08,-4.332646e-05,-3.009421e-06,0.001788139,6.492541e-06,0.01148134,0.926
2024_02_12_20_36_51_347,0.3,0.0,11988.0,11988.0,4.998188,8.553439e-06,0.1359902,-5.660903e-07,0.009084435,-9.209185e-05,0.93,-9.618586e-07,-5.316634e-05,7.584696e-06,-0.000655651,-7.825303e-05,0.01527462,0.926
2024_02_12_20_36_51_385,0.3,0.0,12072.0,12072.0,5.033413,8.611813e-06,0.1359903,-2.183776e-06,0.009084496,-9.212837e-05,0.93,2.112456e-06,-6.712905e-05,8.122006e-06,0.006914138,1.849924e-05,-0.007645227,0.926
2024_02_12_20_36_51_422,0.3,0.0,12155.0,12155.0,5.067711,8.668932e-06,0.1359902,1.414435e-06,0.009084466,-9.234299e-05,0.93,-1.589371e-06,-6.345782e-05,1.853344e-06,-0.003159046,-5.427796e-05,0.003808178,0.926
2024_02_12_20_36_51_456,0.3,0.0,12228.0,12228.0,5.098301,8.7054e-06,0.1359902,-3.53504e-07,0.009084554,-9.388598e-05,0.93,-2.219592e-05,-1.059591e-05,2.044602e-06,-0.01138449,-4.196272e-05,0.02311263,0.926
2024_02_12_20_36_51_493,0.3,0.0,12312.0,12312.0,5.133526,8.764485e-06,0.1359903,-1.593314e-06,0.009084526,-9.136029e-05,0.93,1.791557e-08,-4.854781e-05,1.394717e-06,-0.002324581,0.0001782207,0.01137331,0.926
2024_02_12_20_36_51_531,0.3,0.0,12395.0,12395.0,5.167824,8.826453e-06,0.1359903,-4.15282e-07,0.009084526,-9.289408e-05,0.93,-7.106968e-07,-6.285966e-05,-4.930379e-06,-0.02521276,-0.0001838426,0.04574936,0.926
2024_02_12_20_36_51_569,0.3,0.0,12479.0,12479.0,5.203049,8.862409e-06,0.1359903,1.385405e-07,0.009084586,-9.284987e-05,0.93,-9.222501e-07,-6.123874e-05,4.977557e-08,-0.0154376,0.0002899364,0.04200637,0.926
2024_02_12_20_36_51_605,0.3,0.0,12561.0,12561.0,5.237347,8.899211e-06,0.1359903,8.774641e-07,0.009084435,-9.441318e-05,0.93,-1.827694e-06,-2.697806e-05,-2.78974e-06,-0.007867813,-0.0001605866,-0.007807277,0.926
2024_02_12_20_36_51_644,0.3,0.0,12646.0,12646.0,5.272572,8.950034e-06,0.1359903,-7.79529e-07,0.009084406,-9.516526e-05,0.93,1.839402e-06,-5.228658e-05,-1.029022e-06,0.01680851,8.738413e-05,-0.02293568,0.926
2024_02_12_20_36_51_676,0.3,0.0,12719.0,12719.0,5.303162,9.002828e-06,0.1359902,-1.051859e-06,0.009084019,-9.661476e-05,0.93,-1.881939e-05,6.087164e-05,7.11582e-06,-0.001013279,3.733237e-05,0.01121778,0.926
2024_02_12_20_36_51_714,0.3,0.0,12804.0,12804.0,5.338387,9.059945e-06,0.1359902,-1.12837e-06,0.009084109,-9.927817e-05,0.93,2.109809e-05,5.043233e-05,6.015679e-06,-0.003933907,0.00010728,0.01158193,0.926
2024_02_12_20_36_51_752,0.3,0.0,12886.0,12886.0,5.372684,9.099008e-06,0.1359902,-1.221863e-07,0.009083989,-0.0001011087,0.93,-1.358848e-08,4.140871e-05,-1.040913e-07,0.001907349,-0.000189691,0.01512933,0.926
2024_02_12_20_36_51_789,0.3,0.0,12970.0,12970.0,5.407909,9.167175e-06,0.1359901,4.164616e-07,0.00908393,-9.945042e-05,0.93,-1.715851e-05,6.784881e-05,-9.680137e-06,0.01394749,-7.175776e-05,-0.02682116,0.926
2024_02_12_20_36_51_822,0.3,0.0,13044.0,13044.0,5.438499,9.22217e-06,0.1359901,-7.995084e-07,0.009084079,-9.984281e-05,0.93,-2.134576e-05,3.928858e-05,-1.896313e-05,-0.01245737,1.515946e-05,0.007660128,0.926
2024_02_12_20_36_51_860,0.3,0.0,13128.0,13128.0,5.473724,9.292481e-06,0.1359901,-1.623032e-07,0.0090839,-0.0001007637,0.93,-6.004543e-07,9.598122e-05,-7.385117e-07,0.01043081,-0.0001021625,-0.03052316,0.926
2024_02_12_20_36_51_898,0.3,0.0,13210.0,13210.0,5.508022,9.357639e-06,0.1359901,2.780063e-07,0.00908396,-9.854307e-05,0.93,2.671987e-06,6.573357e-05,1.775218e-06,5.960464e-05,0.0003155684,-0.0153603,0.926
2024_02_12_20_36_51_935,0.3,0.0,13295.0,13295.0,5.543247,9.40068e-06,0.1359901,1.667081e-08,0.009084107,-0.0001008705,0.93,2.053275e-05,4.399463e-05,1.398935e-05,-0.007569789,1.02716e-05,0.007651746,0.926
2024_02_12_20_36_51_972,0.3,0.0,13377.0,13377.0,5.577545,9.472698e-06,0.1359901,6.383101e-07,0.009083929,-9.943608e-05,0.93,1.192459e-06,0.0001080908,-3.281471e-06,-0.001907349,-0.0002397111,0.02301112,0.926
2024_02_12_20_36_52_015,0.3,0.0,13470.0,13470.0,5.616478,9.558164e-06,0.1359902,-5.515224e-07,0.009084049,-9.889285e-05,0.93,1.805588e-06,5.927579e-05,-4.63765e-06,0.009417534,5.015977e-06,-0.03053155,0.926
2024_02_12_20_36_52_051,0.3,0.0,13553.0,13553.0,5.650776,9.617641e-06,0.1359901,-1.242709e-06,0.009084079,-9.976228e-05,0.93,2.34856e-05,9.215019e-05,-1.240343e-05,0.007390975,0.0001344888,-0.03035273,0.926
2024_02_12_20_36_52_088,0.3,0.0,13637.0,13637.0,5.686001,9.688654e-06,0.1359902,-4.235579e-07,0.009084257,-9.990448e-05,0.93,2.372236e-05,3.40569e-05,1.411203e-05,0.01186132,0.0002178152,-0.01134537,0.926
2024_02_12_20_36_52_126,0.3,0.0,13719.0,13719.0,5.720299,9.764714e-06,0.1359902,-1.363985e-06,0.009084198,-0.000100028,0.93,3.414392e-06,4.522027e-05,2.644476e-06,0.004589558,3.511434e-05,-0.02287049,0.926
2024_02_12_20_36_52_160,0.3,0.0,13795.0,13795.0,5.751816,9.81931e-06,0.1359903,1.773296e-08,0.009084497,-0.0001013666,0.93,1.806499e-05,-2.52904e-05,1.487041e-05,-0.006437301,-1.541207e-05,-0.0115009,0.926
2024_02_12_20_36_52_197,0.3,0.0,13877.0,13877.0,5.786114,9.873707e-06,0.1359902,1.583315e-08,0.009084435,-0.0001012807,0.93,-1.918888e-05,-2.383928e-05,-9.791921e-06,0.01198053,4.950357e-05,-0.01902971,0.926
2024_02_12_20_36_52_235,0.3,0.0,13962.0,13962.0,5.821339,9.94074e-06,0.1359903,1.100321e-06,0.009084496,-0.000100096,0.93,-6.906402e-07,-4.263815e-05,-2.002254e-06,-0.0004768371,-0.0001518212,-0.01162849,0.926
2024_02_12_20_36_52_273,0.3,0.0,14044.0,14044.0,5.855637,1.000692e-05,0.1359902,-1.447293e-06,0.009084495,-9.968816e-05,0.93,1.081227e-06,-1.565753e-05,-1.056501e-06,-0.007688999,0.0002669236,-0.007611699,0.926
2024_02_12_20_36_52_310,0.3,0.0,14126.0,14126.0,5.889935,1.00779e-05,0.1359903,1.055416e-06,0.009084526,-0.0001002529,0.93,-6.810364e-07,-4.487158e-05,8.127383e-06,0.008821487,-0.0003783776,-0.007651746,0.926
2024_02_12_20_36_52_347,0.3,0.0,14211.0,14211.0,5.925159,1.01116e-05,0.1359903,1.985328e-08,0.009084526,-0.0001024138,0.93,-2.598219e-05,-7.453789e-05,-1.916921e-05,-0.001013279,0.0001568354,-9.126961e-05,0.926
2024_02_12_20_36_52_385,0.3,0.0,14293.0,14293.0,5.959457,1.017547e-05,0.1359903,-5.760808e-07,0.009084555,-0.0001033762,0.93,3.64376e-07,-1.489202e-05,-6.379133e-07,-0.01597404,-1.25533e-05,0.007607974,0.926
2024_02_12_20_36_52_422,0.3,0.0,14377.0,14377.0,5.994682,1.021714e-05,0.1359903,3.2688e-07,0.009084526,-0.0001056741,0.93,2.621787e-06,-6.580631e-05,-5.809569e-06,0.007331371,8.140421e-05,-0.01149624,0.926
2024_02_12_20_36_52_460,0.3,0.0,14460.0,14460.0,6.02898,1.031005e-05,0.1359903,-9.616982e-07,0.009084615,-0.0001039715,0.93,-3.499837e-06,-6.811688e-05,-3.195232e-06,-0.002026558,-0.0003152197,0.02291612,0.926
2024_02_12_20_36_52_497,0.3,0.0,14544.0,14544.0,6.064205,1.034377e-05,0.1359902,-8.103527e-07,0.009084585,-0.0001062629,0.93,2.045608e-05,-7.957558e-06,1.20247e-05,-0.01710653,-1.53899e-05,0.02672057,0.926
2024_02_12_20_36_52_531,0.3,0.0,14617.0,14617.0,6.094795,1.040852e-05,0.1359902,-2.30443e-06,0.009084554,-0.000104648,0.93,9.771838e-07,-3.086384e-05,3.235827e-06,-0.003874302,-0.0001588522,-0.003729015,0.926
2024_02_12_20_36_52_564,0.3,0.0,14693.0,14693.0,6.126312,1.046677e-05,0.1359902,3.039107e-08,0.009084496,-0.0001048667,0.93,-1.996001e-05,-4.965263e-05,-1.28163e-05,0.006079673,-4.239905e-05,-0.02669636,0.926
2024_02_12_20_36_52_601,0.3,0.0,14775.0,14775.0,6.16061,1.053675e-05,0.1359903,-1.501881e-06,0.009084526,-0.0001056482,0.93,2.091957e-05,-3.311712e-05,1.427142e-05,-0.0002384186,-0.0001414727,-0.01152605,0.926
2024_02_12_20_36_52_640,0.3,0.0,14860.0,14860.0,6.195835,1.059252e-05,0.1359903,2.243549e-07,0.009084556,-0.0001064016,0.93,-4.543515e-06,-6.258093e-05,-2.871697e-06,-0.006616115,-8.069616e-05,0.02674945,0.926
2024_02_12_20_36_52_672,0.3,0.0,14933.0,14933.0,6.226425,1.062668e-05,0.1359903,-1.829315e-06,0.009084526,-0.0001064676,0.93,2.34665e-05,-5.839343e-05,-5.996319e-06,0.0003576278,0.0001824302,7.45058e-06,0.926
2024_02_12_20_36_52_710,0.3,0.0,15015.0,15015.0,6.260723,1.070111e-05,0.1359903,-1.79146e-06,0.009084497,-0.000105201,0.93,5.058293e-07,-8.856231e-05,-6.26859e-07,0.0009536743,0.0003139854,-3.259629e-05,0.926
2024_02_12_20_36_52_747,0.3,0.0,15100.0,15100.0,6.295948,1.079229e-05,0.1359903,1.444199e-07,0.009084497,-0.0001002754,0.93,-1.956485e-05,-0.0001130437,-6.696874e-06,-0.001013279,4.501146e-05,-0.00390783,0.926
2024_02_12_20_36_52_785,0.3,0.0,15182.0,15182.0,6.330246,1.086187e-05,0.1359902,-1.773523e-06,0.009084377,-0.0001018041,0.93,1.656527e-06,-1.910539e-05,-9.949274e-07,-0.00578165,5.215156e-05,0.003742054,0.926
2024_02_12_20_36_52_819,0.3,0.0,15257.0,15257.0,6.361763,1.09425e-05,0.1359903,-1.807818e-06,0.009084497,-0.0001025155,0.93,1.42001e-07,-8.860087e-05,8.659352e-07,0.003397465,-0.0001251826,0.003820285,0.926
2024_02_12_20_36_52_856,0.3,0.0,15340.0,15340.0,6.396061,1.098049e-05,0.1359902,7.518644e-07,0.009084377,-0.0001027456,0.93,-2.965225e-06,-4.989616e-05,9.340692e-07,0.001549721,-2.783918e-05,0.007609836,0.926
2024_02_12_20_36_52_893,0.3,0.0,15424.0,15424.0,6.431286,1.103461e-05,0.1359902,-1.874601e-06,0.009084348,-0.0001024891,0.93,1.442107e-06,-2.367935e-05,3.98474e-07,-0.002980232,0.0001013741,-0.0001536682,0.926
2024_02_12_20_36_52_931,0.3,0.0,15506.0,15506.0,6.465584,1.110271e-05,0.1359903,-4.041827e-08,0.009084377,-0.0001012293,0.93,5.922045e-07,-6.135067e-05,4.886982e-07,0.0005364418,-2.233798e-05,-0.02308935,0.926
2024_02_12_20_36_52_968,0.3,0.0,15591.0,15591.0,6.500809,1.118576e-05,0.1359903,-2.66476e-06,0.009084377,-9.958699e-05,0.93,2.390243e-05,-3.502043e-05,-7.180925e-06,-0.004827976,-3.535763e-05,0.003628433,0.926
2024_02_12_20_36_53_006,0.3,0.0,15673.0,15673.0,6.535107,1.126172e-05,0.1359903,-1.465418e-06,0.009084497,-9.82175e-05,0.93,1.128449e-06,-9.081348e-05,1.004425e-06,0.003814697,7.43646e-05,0.003822148,0.926
2024_02_12_20_36_53_043,0.3,0.0,15758.0,15758.0,6.570332,1.135397e-05,0.1359903,-3.611451e-07,0.009084407,-9.745123e-05,0.93,3.448555e-06,-6.770845e-05,-2.058602e-06,0.00655651,-0.0002233855,-0.003868714,0.926
2024_02_12_20_36_53_077,0.3,0.0,15831.0,15831.0,6.600922,1.142496e-05,0.1359903,-1.72512e-06,0.009084526,-9.752497e-05,0.93,-9.038213e-07,-5.604039e-05,-1.541598e-06,0.01388788,7.757819e-05,-0.0150986,0.926
2024_02_12_20_36_53_114,0.3,0.0,15915.0,15915.0,6.636147,1.146513e-05,0.1359902,1.841288e-06,0.009084435,-9.973994e-05,0.93,-8.277383e-06,-6.380042e-05,-1.757405e-07,0.006079673,-0.0001419305,-0.01513027,0.926
2024_02_12_20_36_53_151,0.3,0.0,15998.0,15998.0,6.670444,1.150229e-05,0.1359902,1.098801e-06,0.009084496,-9.896207e-05,0.93,-3.964147e-06,-7.745509e-05,-2.534147e-06,-0.01627207,-9.641837e-05,0.007483176,0.926
2024_02_12_20_36_53_189,0.3,0.0,16082.0,16082.0,6.705669,1.154738e-05,0.1359902,-6.477898e-07,0.009084407,-0.0001000289,0.93,2.049471e-05,-1.391125e-05,1.175115e-05,-0.005245208,-0.0002880895,0.003991649,0.926
2024_02_12_20_36_53_226,0.3,0.0,16164.0,16164.0,6.739967,1.159341e-05,0.1359902,-8.209798e-07,0.009084407,-9.979372e-05,0.93,-1.343768e-06,-1.628419e-05,2.274385e-06,-0.006198883,5.1416e-06,-0.007516704,0.926
2024_02_12_20_36_53_260,0.3,0.0,16238.0,16238.0,6.770557,1.165154e-05,0.1359902,-4.599711e-07,0.009084526,-9.956612e-05,0.93,1.812102e-06,-8.896454e-05,4.083006e-06,0.004768372,-7.036828e-05,-4.936009e-05,0.926
2024_02_12_20_36_53_297,0.3,0.0,16322.0,16322.0,6.805782,1.173687e-05,0.1359903,2.545026e-07,0.009084496,-9.783782e-05,0.93,-1.930764e-05,-3.904205e-05,-6.811656e-06,-0.001132488,4.080402e-05,0.003666617,0.926
2024_02_12_20_36_53_332,0.3,0.0,16396.0,16396.0,6.836372,1.180685e-05,0.1359902,-1.65209e-06,0.009084555,-9.819664e-05,0.93,2.260708e-06,-3.109406e-05,-3.436465e-07,-0.001430511,0.0001586599,0.0114413,0.926
2024_02_12_20_36_53_365,0.3,0.0,16471.0,16471.0,6.867889,1.188892e-05,0.1359903,-1.487364e-06,0.009084495,-9.726708e-05,0.93,-1.731148e-05,-5.513941e-05,-1.089802e-05,0.007748603,1.394051e-05,-0.04207249,0.926
2024_02_12_20_36_53_401,0.3,0.0,16553.0,16553.0,6.902187,1.19629e-05,0.1359903,1.147285e-07,0.009084526,-9.566064e-05,0.93,-2.248233e-05,-4.093568e-05,-1.215842e-05,0.007092952,0.000257695,-0.01911167,0.926
2024_02_12_20_36_53_438,0.3,0.0,16638.0,16638.0,6.937412,1.202396e-05,0.1359903,-1.933346e-06,0.009084497,-9.766099e-05,0.93,-2.528529e-07,-3.697298e-05,-2.718268e-07,0.005185604,-6.713662e-06,-0.03060885,0.926
2024_02_12_20_36_53_476,0.3,0.0,16720.0,16720.0,6.97171,1.209325e-05,0.1359903,-1.092782e-06,0.009084495,-9.685423e-05,0.93,1.669712e-05,-5.370464e-05,1.857855e-05,-0.003218651,-0.0002425468,0.01515355,0.926
2024_02_12_20_36_53_514,0.3,0.0,16802.0,16802.0,7.006008,1.21472e-05,0.1359903,-1.798185e-06,0.009084526,-9.686079e-05,0.93,2.10858e-06,-4.868949e-05,-8.049672e-07,0.004708767,0.0001094725,-0.007686205,0.926
2024_02_12_20_36_53_547,0.3,0.0,16878.0,16878.0,7.037525,1.224663e-05,0.1359902,-5.648444e-07,0.009084466,-9.457064e-05,0.93,1.072463e-06,-5.038349e-05,-5.921881e-06,-0.0004768371,-0.0005112211,-0.0114236,0.926
2024_02_12_20_36_53_584,0.3,0.0,16960.0,16960.0,7.071823,1.232215e-05,0.1359902,-5.540547e-07,0.009084496,-9.370931e-05,0.93,-4.131258e-05,-4.327123e-05,-1.182744e-05,-0.005483627,0.0003474284,5.681067e-05,0.926
2024_02_12_20_36_53_618,0.3,0.0,17036.0,17036.0,7.10334,1.236396e-05,0.1359903,4.219415e-07,0.009084526,-9.672313e-05,0.93,-5.335629e-06,-3.007542e-05,-3.693817e-06,0.006914138,-4.545108e-05,-0.01129601,0.926
2024_02_12_20_36_53_655,0.3,0.0,17118.0,17118.0,7.137638,1.240321e-05,0.1359903,7.086611e-07,0.009084467,-9.656174e-05,0.93,-4.12405e-05,-6.251375e-05,-1.400919e-06,-0.002264977,0.0001772489,0.007606111,0.926
2024_02_12_20_36_53_693,0.3,0.0,17202.0,17202.0,7.172863,1.247574e-05,0.1359903,-5.319692e-08,0.009084406,-9.614916e-05,0.93,2.64713e-06,-3.772394e-05,1.253475e-06,-0.003576278,0.0001704839,0.00376068,0.926
2024_02_12_20_36_53_726,0.3,0.0,17276.0,17276.0,7.203453,1.251845e-05,0.1359903,4.046352e-07,0.009084437,-9.732186e-05,0.93,-1.236606e-06,-3.295704e-05,-8.959828e-07,0.006079673,4.361163e-05,-3.632158e-05,0.926
2024_02_12_20_36_53_764,0.3,0.0,17358.0,17358.0,7.237751,1.25726e-05,0.1359903,9.977074e-07,0.009084406,-9.740255e-05,0.93,-2.414996e-06,-4.784331e-05,-2.912677e-06,0.01084804,-5.934725e-05,-0.02672802,0.926
2024_02_12_20_36_53_801,0.3,0.0,17443.0,17443.0,7.272976,1.261673e-05,0.1359903,-6.053497e-07,0.009084406,-9.775251e-05,0.93,2.052846e-05,-4.360452e-05,-1.73726e-06,0.001311302,-9.977839e-05,0.003680587,0.926
2024_02_12_20_36_53_839,0.3,0.0,17525.0,17525.0,7.307274,1.26718e-05,0.1359902,7.520411e-07,0.009084407,-9.687838e-05,0.93,-2.016463e-05,-3.86391e-05,2.487886e-06,-0.001609325,-0.0001093132,0.02682768,0.926
2024_02_12_20_36_53_877,0.3,0.0,17609.0,17609.0,7.342499,1.271574e-05,0.1359903,-7.268757e-07,0.009084497,-9.752293e-05,0.93,-5.362536e-07,-8.000781e-05,4.94138e-07,0.006377697,0.0002822508,-0.01138635,0.926
2024_02_12_20_36_53_910,0.3,0.0,17683.0,17683.0,7.373089,1.277462e-05,0.1359902,-1.081316e-06,0.009084467,-9.933215e-05,0.93,1.911312e-06,-8.509825e-05,1.619235e-07,0.01138449,-5.690753e-05,3.72529e-05,0.926
2024_02_12_20_36_53_947,0.3,0.0,17767.0,17767.0,7.408314,1.283994e-05,0.1359902,-2.489851e-07,0.009084496,-0.000100108,0.93,1.039644e-06,-5.2525e-05,1.866313e-07,-0.001251697,-0.000104411,0.007747672,0.926
2024_02_12_20_36_53_980,0.3,0.0,17840.0,17840.0,7.438904,1.287947e-05,0.1359903,1.074562e-06,0.009084407,-0.0001004446,0.93,-5.15793e-07,-1.348269e-05,-5.938728e-06,-0.001847744,4.884032e-05,0.003948808,0.926
2024_02_12_20_36_54_018,0.3,0.0,17925.0,17925.0,7.474129,1.291637e-05,0.1359902,-2.551114e-08,0.009084465,-0.0001006539,0.93,3.556556e-07,-1.940549e-05,7.071583e-07,-0.01001358,8.898485e-05,0.007722526,0.926
2024_02_12_20_36_54_055,0.3,0.0,18007.0,18007.0,7.508427,1.299103e-05,0.1359903,-2.042236e-06,0.009084496,-0.0001009374,0.93,5.997273e-06,-5.126098e-05,-4.475465e-06,-0.001490116,-5.694574e-07,-2.700835e-05,0.926
2024_02_12_20_36_54_093,0.3,0.0,18092.0,18092.0,7.543652,1.304415e-05,0.1359903,6.614961e-09,0.009084407,-0.0001040447,0.93,2.087073e-05,-2.358261e-05,1.800918e-05,0.012815,-0.0002757434,-0.01145713,0.926
2024_02_12_20_36_54_131,0.3,0.0,18174.0,18174.0,7.57795,1.309435e-05,0.1359903,1.005687e-06,0.009084497,-0.0001040885,0.93,-2.272465e-06,-7.587678e-05,4.333585e-06,0.0003576278,-9.566895e-05,7.636845e-05,0.926
2024_02_12_20_36_54_164,0.3,0.0,18247.0,18247.0,7.60854,1.313963e-05,0.1359903,-7.907598e-07,0.009084526,-0.0001049788,0.93,-1.923855e-05,-4.1394e-05,9.786247e-06,-0.01329183,-7.490996e-05,0.0343835,0.926
2024_02_12_20_36_54_202,0.3,0.0,18332.0,18332.0,7.643764,1.320805e-05,0.1359903,-2.362232e-07,0.009084467,-0.0001035397,0.93,4.308299e-07,-4.652067e-05,1.396047e-06,0.001788139,-0.0001935398,7.450581e-05,0.926
2024_02_12_20_36_54_239,0.3,0.0,18414.0,18414.0,7.678062,1.326905e-05,0.1359903,3.177081e-07,0.009084466,-0.0001034721,0.93,-1.971507e-05,-1.993449e-05,4.413683e-06,0.005304813,1.235071e-05,-0.0115633,0.926
2024_02_12_20_36_54_271,0.3,0.0,18489.0,18489.0,7.709579,1.334527e-05,0.1359903,3.29628e-07,0.009084467,-0.0001036013,0.93,-1.968171e-05,-4.903811e-05,9.332284e-06,-0.007271766,-8.458482e-05,0.00377465,0.926
2024_02_12_20_36_54_310,0.3,0.0,18572.0,18572.0,7.743877,1.341401e-05,0.1359903,-1.718453e-06,0.009084435,-0.0001046854,0.93,2.114256e-05,-6.49581e-05,1.169391e-05,0.008583069,-7.307619e-05,-0.01152977,0.926
2024_02_12_20_36_54_347,0.3,0.0,18656.0,18656.0,7.779102,1.345534e-05,0.1359902,1.398367e-06,0.009084435,-0.0001076745,0.93,-1.935699e-06,-3.402007e-05,-5.029138e-07,-0.005662441,-0.0001724837,0.007712282,0.926
2024_02_12_20_36_54_385,0.3,0.0,18738.0,18738.0,7.8134,1.351875e-05,0.1359903,-2.112361e-06,0.009084496,-0.0001080698,0.93,2.934143e-06,-9.349214e-05,6.906633e-06,0.00244379,-5.359606e-05,-9.220093e-05,0.926
2024_02_12_20_36_54_422,0.3,0.0,18823.0,18823.0,7.848625,1.36116e-05,0.1359902,-1.236699e-06,0.009084406,-0.0001094032,0.93,4.865495e-06,-1.973146e-05,-7.134601e-08,0.01043081,0.0001341248,3.818423e-05,0.926
2024_02_12_20_36_54_455,0.3,0.0,18896.0,18896.0,7.879215,1.368667e-05,0.1359902,-2.554826e-07,0.009084555,-0.0001102108,0.93,-1.056221e-08,-5.790152e-05,2.927129e-06,-0.02402067,-0.0002373841,0.04577636,0.926
2024_02_12_20_36_54_493,0.3,0.0,18981.0,18981.0,7.91444,1.37483e-05,0.1359903,5.783015e-07,0.009084435,-0.0001101178,0.93,-1.122418e-06,-3.318663e-05,2.799336e-07,0.002503395,-1.929379e-05,-0.007607042,0.926
2024_02_12_20_36_54_531,0.3,0.0,19063.0,19063.0,7.948738,1.381719e-05,0.1359903,-1.822356e-06,0.009084496,-0.0001086529,0.93,-1.879575e-06,-4.76439e-05,2.568186e-06,0.004291534,-0.0001054237,0.003792345,0.926
2024_02_12_20_36_54_563,0.3,0.0,19136.0,19136.0,7.979328,1.387466e-05,0.1359903,-1.940197e-06,0.009084497,-0.000109724,0.93,2.404165e-05,-6.245285e-05,1.052327e-05,0.007808208,-0.0001186324,-0.003842637,0.926
2024_02_12_20_36_54_601,0.3,0.0,19221.0,19221.0,8.014553,1.395715e-05,0.1359902,-2.824934e-07,0.009084437,-0.0001105603,0.93,-1.755379e-05,-5.521797e-05,6.900501e-06,0.002861023,2.767751e-05,-0.003716908,0.926
2024_02_12_20_36_54_639,0.3,0.0,19303.0,19303.0,8.048851,1.403396e-05,0.1359903,-2.176295e-06,0.009084377,-0.0001126016,0.93,1.233616e-06,-5.024521e-05,-2.188856e-06,-0.0003576278,1.738078e-05,-4.656613e-05,0.926
2024_02_12_20_36_54_674,0.3,0.0,19379.0,19379.0,8.080368,1.41229e-05,0.1359903,-9.648569e-07,0.009084377,-0.0001113696,0.93,1.942913e-05,-6.944931e-05,-5.026593e-06,0.01120567,-0.0002699131,-0.02289936,0.926
2024_02_12_20_36_54_709,0.3,0.0,19461.0,19461.0,8.114666,1.420132e-05,0.1359903,-1.069242e-07,0.009084435,-0.000109308,0.93,-4.681644e-07,-7.45125e-05,3.498189e-06,0.009953975,0.0002915503,-0.01911167,0.926
2024_02_12_20_36_54_746,0.3,0.0,19545.0,19545.0,8.149891,1.427132e-05,0.1359902,-2.94251e-07,0.009084348,-0.0001098458,0.93,-1.17964e-07,-3.658215e-05,1.178111e-06,0.0,-8.595941e-05,-7.823109e-05,0.926
2024_02_12_20_36_54_785,0.3,0.0,19628.0,19628.0,8.184189,1.434183e-05,0.1359903,-8.381795e-07,0.009084467,-0.0001099583,0.93,-1.436945e-07,-8.229951e-05,1.775788e-05,-0.0001788139,-1.574767e-05,0.007553957,0.926
2024_02_12_20_36_54_822,0.3,0.0,19712.0,19712.0,8.219414,1.441203e-05,0.1359903,-1.891255e-07,0.009084348,-0.0001098303,0.93,-9.14137e-07,-3.516749e-05,4.369027e-06,-0.0004768371,-0.000208468,-0.000118278,0.926
2024_02_12_20_36_54_860,0.3,0.0,19794.0,19794.0,8.253712,1.44606e-05,0.1359902,-4.648824e-07,0.009084348,-0.0001109288,0.93,-2.172454e-06,2.141977e-07,-2.483943e-06,-0.01561642,0.0002410082,0.02298504,0.926
2024_02_12_20_36_54_897,0.3,0.0,19879.0,19879.0,8.288937,1.453076e-05,0.1359902,-2.758591e-08,0.009084407,-0.0001109777,0.93,2.854679e-06,-5.337321e-05,4.428839e-07,0.003516674,-0.0001300011,0.0001462176,0.926
2024_02_12_20_36_54_930,0.3,0.0,19952.0,19952.0,8.319527,1.461802e-05,0.1359902,6.015709e-07,0.009084465,-0.0001103636,0.93,-3.521498e-05,-5.572894e-05,-9.868434e-07,-0.003397465,-0.0001432497,0.00768993,0.926
2024_02_12_20_36_54_967,0.3,0.0,20034.0,20034.0,8.353825,1.466657e-05,0.1359902,-1.740394e-07,0.009084348,-0.000112796,0.93,-5.751532e-06,-2.662815e-05,1.046727e-07,-0.002145767,0.0001882682,-9.685754e-05,0.926
2024_02_12_20_36_55_005,0.3,0.0,20119.0,20119.0,8.38905,1.473179e-05,0.1359902,-3.628139e-07,0.009084437,-0.0001117229,0.93,-2.312754e-05,-8.157601e-05,-1.814285e-05,0.009596348,0.000431565,5.122274e-05,0.926
2024_02_12_20_36_55_039,0.3,0.0,20192.0,20192.0,8.41964,1.478014e-05,0.1359903,4.702217e-07,0.009084435,-0.0001143172,0.93,1.788185e-06,-4.439684e-05,-3.942053e-06,-0.005304813,0.0001300119,0.01147576,0.926
2024_02_12_20_36_55_072,0.3,0.0,20268.0,20268.0,8.451157,1.48343e-05,0.1359902,-7.013242e-07,0.009084465,-0.0001135579,0.93,-3.813486e-07,-4.750694e-05,2.146837e-06,-0.00166893,0.0001860823,4.842877e-05,0.926
2024_02_12_20_36_55_110,0.3,0.0,20350.0,20350.0,8.485455,1.48862e-05,0.1359902,1.012536e-06,0.009084348,-0.0001159364,0.93,-2.555909e-08,-3.163546e-05,9.093414e-07,-0.0002980232,-4.469848e-05,-8.009373e-05,0.926
2024_02_12_20_36_55_147,0.3,0.0,20435.0,20435.0,8.520679,1.493456e-05,0.1359903,-5.575355e-07,0.009084407,-0.0001189818,0.93,2.131508e-05,-4.457778e-05,1.868105e-05,-0.0007152557,0.0001143084,3.166497e-05,0.926
2024_02_12_20_36_55_184,0.3,0.0,20517.0,20517.0,8.554977,1.499151e-05,0.1359903,-6.258e-07,0.009084407,-0.0001190046,0.93,-1.463248e-07,-4.612614e-05,1.744658e-06,-0.0002980232,-2.627178e-05,7.45058e-06,0.926
2024_02_12_20_36_55_223,0.3,0.0,20601.0,20601.0,8.590202,1.508316e-05,0.1359902,-9.974251e-07,0.009084348,-0.0001162915,0.93,1.968997e-06,-2.986856e-05,3.391043e-06,0.0001788139,-0.0001304323,-7.636845e-05,0.926
2024_02_12_20_36_55_260,0.3,0.0,20683.0,20683.0,8.6245,1.514759e-05,0.1359902,1.348214e-06,0.009084407,-0.0001175232,0.93,-1.442438e-06,-8.0068e-05,4.365586e-06,0.01549721,-0.000422489,-0.03820844,0.926
2024_02_12_20_36_55_297,0.3,0.0,20768.0,20768.0,8.659725,1.522231e-05,0.1359902,2.58865e-07,0.009084348,-0.000117805,0.93,6.74971e-07,-2.630204e-05,1.590011e-06,0.0001192093,-2.376623e-06,-7.357448e-05,0.926
2024_02_12_20_36_55_335,0.3,0.0,20850.0,20850.0,8.694023,1.527873e-05,0.1359902,5.452784e-07,0.009084407,-0.0001198205,0.93,-1.564183e-06,-5.167415e-05,-7.050129e-07,-0.0004768371,0.0001103866,8.102506e-05,0.926
2024_02_12_20_36_55_372,0.3,0.0,20935.0,20935.0,8.729248,1.533002e-05,0.1359902,-3.215848e-07,0.009084407,-0.0001188915,0.93,1.660015e-06,-4.836512e-05,1.749182e-06,-0.0003576278,4.228389e-05,8.381902e-05,0.926
2024_02_12_20_36_55_409,0.3,0.0,21017.0,21017.0,8.763546,1.538601e-05,0.1359902,-1.141665e-06,0.009084465,-0.0001202818,0.93,1.897776e-06,-5.175663e-05,-5.368051e-06,-0.001072884,0.0001896728,9.313225e-05,0.926
2024_02_12_20_36_55_442,0.3,0.0,21090.0,21090.0,8.794136,1.54356e-05,0.1359902,-1.364575e-07,0.009084407,-0.0001199404,0.93,-8.833512e-07,-4.783251e-05,1.696657e-06,-0.00923872,-8.59369e-05,0.01143943,0.926
2024_02_12_20_36_55_481,0.3,0.0,21175.0,21175.0,8.829361,1.550957e-05,0.1359903,-1.015857e-06,0.009084435,-0.0001185586,0.93,3.828018e-06,-3.814691e-05,3.027827e-06,-0.0004172325,-0.0001762933,0.007663853,0.926
2024_02_12_20_36_55_517,0.3,0.0,21257.0,21257.0,8.863659,1.55697e-05,0.1359903,-7.528881e-07,0.009084407,-0.0001190827,0.93,1.824729e-06,-3.588722e-05,2.946801e-06,0.008642673,-1.756689e-06,-0.01137797,0.926
2024_02_12_20_36_55_551,0.3,0.0,21333.0,21333.0,8.895176,1.565278e-05,0.1359903,-1.137902e-06,0.009084437,-0.0001172051,0.93,1.419577e-06,-5.607743e-05,7.584142e-07,0.001907349,6.000311e-05,0.007601454,0.926
2024_02_12_20_36_55_589,0.3,0.0,21415.0,21415.0,8.929474,1.574223e-05,0.1359903,-2.632677e-06,0.009084377,-0.0001172586,0.93,4.769018e-06,-2.927707e-05,2.411259e-06,-0.0001192093,-5.411993e-05,-0.000141561,0.926
2024_02_12_20_36_55_627,0.3,0.0,21499.0,21499.0,8.964699,1.583582e-05,0.1359903,-1.759088e-07,0.009084467,-0.000116969,0.93,-5.101235e-09,-7.103848e-05,-6.05301e-06,-0.0008940696,0.0001028122,0.007664784,0.926
2024_02_12_20_36_55_663,0.3,0.0,21582.0,21582.0,8.998997,1.591311e-05,0.1359902,7.876752e-07,0.009084317,-0.0001144116,0.93,-1.778318e-05,-3.518769e-05,-1.219402e-05,0.000834465,0.0002307345,-4.097819e-05,0.926
2024_02_12_20_36_55_706,0.3,0.0,21675.0,21675.0,9.03793,1.60091e-05,0.1359902,-1.212332e-06,0.009084317,-0.0001128507,0.93,2.37156e-06,-5.350373e-05,9.399443e-07,-0.002324581,-0.0001743232,-0.0001266599,0.926
2024_02_12_20_36_55_742,0.3,0.0,21757.0,21757.0,9.072227,1.609966e-05,0.1359902,-5.691293e-07,0.009084377,-0.000110108,0.93,-8.641878e-07,-2.209196e-05,1.540661e-06,0.00655651,3.098944e-05,-0.03045704,0.926
2024_02_12_20_36_55_776,0.3,0.0,21833.0,21833.0,9.103745,1.615471e-05,0.1359902,1.944008e-07,0.009084465,-0.000111391,0.93,-4.100656e-07,-3.592433e-05,2.90539e-07,-0.002026558,1.640558e-05,2.328306e-05,0.926
2024_02_12_20_36_55_813,0.3,0.0,21915.0,21915.0,9.138042,1.620606e-05,0.1359902,1.0701e-06,0.009084407,-0.0001129912,0.93,-2.205673e-05,-5.313551e-05,-1.864134e-05,0.0005364418,-0.000170928,4.936009e-05,0.926
2024_02_12_20_36_55_851,0.3,0.0,21999.0,21999.0,9.173267,1.629595e-05,0.1359903,-2.088522e-06,0.009084435,-0.0001117249,0.93,3.1781e-06,-5.194682e-05,1.120633e-06,-0.001907349,-7.274582e-05,-0.0001229346,0.926
2024_02_12_20_36_55_889,0.3,0.0,22082.0,22082.0,9.207565,1.637252e-05,0.1359902,1.130028e-06,0.009084316,-0.0001128776,0.93,-2.278054e-05,1.293026e-05,9.784293e-06,0.007748603,2.644401e-05,-0.01905113,0.926
2024_02_12_20_36_55_927,0.3,0.0,22166.0,22166.0,9.24279,1.6425e-05,0.1359903,1.252904e-06,0.009084526,-0.0001125768,0.93,-4.320444e-05,-5.77771e-05,-8.223552e-07,-0.003576278,8.767233e-05,-0.01521967,0.926
2024_02_12_20_36_55_963,0.3,0.0,22248.0,22248.0,9.277088,1.649467e-05,0.1359902,4.277502e-07,0.009084435,-0.0001126998,0.93,-8.471304e-07,-3.588384e-05,2.670376e-06,0.002324581,-3.241757e-05,0.007708556,0.926
2024_02_12_20_36_56_001,0.3,0.0,22333.0,22333.0,9.312313,1.655848e-05,0.1359903,-6.181623e-07,0.009084496,-0.0001150275,0.93,-1.898706e-05,-6.264431e-05,4.977443e-06,0.000834465,0.0003238259,0.003749504,0.926
2024_02_12_20_36_56_039,0.3,0.0,22415.0,22415.0,9.346611,1.664921e-05,0.1359902,-2.51326e-06,0.009084317,-0.0001126749,0.93,3.76015e-06,-3.919491e-05,-2.384883e-06,0.0009536743,5.003892e-05,-9.313226e-06,0.926
2024_02_12_20_36_56_077,0.3,0.0,22500.0,22500.0,9.381836,1.676616e-05,0.1359902,-4.571921e-07,0.009084496,-0.0001149242,0.93,-1.804956e-05,-8.600698e-05,1.067132e-05,-0.0191927,2.215984e-06,0.04971679,0.926
2024_02_12_20_36_56_114,0.3,0.0,22582.0,22582.0,9.416134,1.685222e-05,0.1359902,-3.821922e-08,0.009084348,-0.0001138701,0.93,-8.411646e-07,-3.025732e-05,-1.57909e-06,-0.0004172325,6.815253e-05,-8.102506e-05,0.926
2024_02_12_20_36_56_151,0.3,0.0,22666.0,22666.0,9.451359,1.693577e-05,0.1359903,-8.373429e-08,0.009084407,-0.0001109029,0.93,-2.054474e-06,-3.765364e-05,-4.542094e-06,-0.01049042,-7.393509e-05,0.03059488,0.926
2024_02_12_20_36_56_188,0.3,0.0,22749.0,22749.0,9.485657,1.698221e-05,0.1359902,2.700586e-07,0.009084317,-0.0001143314,0.93,-2.187398e-06,-4.190612e-05,-9.940193e-07,0.000655651,7.561607e-05,-3.445894e-05,0.926
2024_02_12_20_36_56_222,0.3,0.0,22822.0,22822.0,9.516247,1.705176e-05,0.1359902,-1.313884e-07,0.009084435,-0.0001151987,0.93,-4.218058e-07,-5.397437e-05,-4.876599e-06,0.009536743,-0.0001633676,-0.01903437,0.926
2024_02_12_20_36_56_258,0.3,0.0,22906.0,22906.0,9.551472,1.713213e-05,0.1359903,-3.665398e-07,0.009084348,-0.0001135539,0.93,-2.242426e-05,-2.959175e-05,4.847182e-06,-0.00244379,5.46886e-05,0.007533468,0.926
2024_02_12_20_36_56_297,0.3,0.0,22989.0,22989.0,9.58577,1.721833e-05,0.1359903,2.44609e-07,0.009084406,-0.0001123613,0.93,1.50551e-06,-4.631073e-05,-1.173059e-06,0.001251697,8.815971e-05,0.003797933,0.926
2024_02_12_20_36_56_335,0.3,0.0,23073.0,23073.0,9.620995,1.730052e-05,0.1359902,-1.909838e-07,0.009084435,-0.0001109726,0.93,-2.195121e-06,-4.555397e-05,-1.350852e-06,0.002205372,-7.880714e-05,0.0001508743,0.926
2024_02_12_20_36_56_372,0.3,0.0,23155.0,23155.0,9.655293,1.735382e-05,0.1359902,-1.501195e-06,0.009084407,-0.0001120149,0.93,-3.308007e-06,-4.592993e-05,6.127485e-08,0.01239777,0.0001569233,-0.03433321,0.926
2024_02_12_20_36_56_405,0.3,0.0,23231.0,23231.0,9.68681,1.742509e-05,0.1359902,-3.923173e-07,0.009084435,-0.0001086273,0.93,1.968588e-05,-6.810377e-05,-7.952246e-06,0.007569789,-0.0001365954,-0.01148693,0.926
2024_02_12_20_36_56_442,0.3,0.0,23313.0,23313.0,9.721107,1.749118e-05,0.1359902,-6.294462e-07,0.009084407,-0.0001106752,0.93,2.12445e-05,-4.77447e-05,1.202936e-05,-0.01209974,-1.938417e-05,0.01141708,0.926
2024_02_12_20_36_56_480,0.3,0.0,23398.0,23398.0,9.756332,1.755651e-05,0.1359902,-1.212421e-07,0.009084407,-0.0001113133,0.93,-2.501706e-06,-5.096567e-05,-1.456993e-06,5.960464e-05,-0.0001143005,8.381902e-05,0.926
2024_02_12_20_36_56_517,0.3,0.0,23480.0,23480.0,9.79063,1.762172e-05,0.1359902,2.608565e-07,0.009084407,-0.0001111706,0.93,-1.112551e-06,-4.345773e-05,1.440519e-07,-0.004351139,4.338983e-05,0.01529977,0.926
2024_02_12_20_36_56_555,0.3,0.0,23564.0,23564.0,9.825855,1.767416e-05,0.1359902,-6.095595e-07,0.009084407,-0.0001132723,0.93,-2.132706e-05,-5.267802e-05,8.09531e-07,0.001490116,0.0003592504,-0.003730878,0.926
2024_02_12_20_36_56_593,0.3,0.0,23647.0,23647.0,9.860153,1.774426e-05,0.1359902,-8.803919e-07,0.009084407,-0.0001113134,0.93,2.143911e-05,-4.109256e-05,-6.548604e-06,0.002384186,-6.818937e-05,0.003833323,0.926
2024_02_12_20_36_56_627,0.3,0.0,23722.0,23722.0,9.89167,1.780423e-05,0.1359903,-2.757555e-07,0.009084435,-0.0001127481,0.93,2.444171e-06,-3.441591e-05,4.868843e-06,-0.03284216,0.0001197953,0.06484706,0.926
2024_02_12_20_36_56_665,0.3,0.0,23804.0,23804.0,9.925968,1.787002e-05,0.1359902,-7.067904e-07,0.009084407,-0.0001145326,0.93,3.259246e-06,-4.886573e-05,-2.174724e-06,-0.0001788139,-8.588426e-05,0.003909692,0.926
2024_02_12_20_36_56_697,0.3,0.0,23878.0,23878.0,9.956558,1.793475e-05,0.1359902,-1.854151e-06,0.009084377,-0.0001133597,0.93,2.304363e-06,-4.86425e-05,-4.371099e-07,0.0003576278,0.0002558918,9.126961e-05,0.926
2024_02_12_20_36_56_734,0.3,0.0,23962.0,23962.0,9.991783,1.802361e-05,0.1359903,-7.026053e-07,0.009084407,-0.0001125099,0.93,-1.946937e-05,-4.509238e-05,5.953036e-06,0.010252,4.324704e-05,-0.02666842,0.926
2024_02_12_20_36_56_772,0.3,0.0,24045.0,24045.0,10.02608,1.80987e-05,0.1359903,-1.979744e-06,0.009084467,-0.0001130618,0.93,2.143727e-05,-5.752483e-05,-6.295345e-06,-0.0002980232,-3.620983e-05,-0.007615424,0.926
2024_02_12_20_36_56_805,0.3,0.0,24120.0,24120.0,10.0576,1.816303e-05,0.1359903,-7.165556e-07,0.009084467,-0.0001125058,0.93,-1.607416e-06,-1.765457e-05,3.46849e-06,0.002503395,-7.467088e-05,-0.01152791,0.926
2024_02_12_20_36_56_842,0.3,0.0,24202.0,24202.0,10.0919,1.822238e-05,0.1359903,3.452675e-07,0.009084437,-0.0001120899,0.93,2.486057e-07,1.175183e-05,4.028729e-07,-0.0005364418,-7.8075e-05,0.007721595,0.926
2024_02_12_20_36_56_881,0.3,0.0,24287.0,24287.0,10.12712,1.829089e-05,0.1359903,1.322849e-06,0.009084377,-0.0001117269,0.93,-1.912105e-05,-4.227837e-05,-1.142218e-05,0.004172325,6.629364e-05,-0.01539104,0.926
2024_02_12_20_36_56_913,0.3,0.0,24360.0,24360.0,10.15771,1.835409e-05,0.1359903,-5.68177e-07,0.009084407,-0.0001121007,0.93,-2.414373e-05,-5.751046e-05,6.201705e-06,-0.001192093,7.557673e-05,-5.681067e-05,0.926
2024_02_12_20_36_56_951,0.3,0.0,24445.0,24445.0,10.19294,1.841992e-05,0.1359902,-6.450226e-07,0.009084376,-0.0001125905,0.93,-2.646911e-06,-4.415418e-05,-3.594294e-06,0.01120567,-9.565326e-05,-0.01147017,0.926
2024_02_12_20_36_56_984,0.3,0.0,24518.0,24518.0,10.22353,1.848325e-05,0.1359902,-1.127054e-06,0.009084348,-0.0001102289,0.93,5.905882e-08,-3.928681e-05,1.136049e-06,-0.0001788139,-6.339519e-05,-8.009373e-05,0.926
2024_02_12_20_36_57_021,0.3,0.0,24600.0,24600.0,10.25782,1.855271e-05,0.1359902,-8.272996e-07,0.009084437,-0.0001103168,0.93,4.121857e-08,-4.34417e-05,-1.343169e-06,-0.005900859,-5.152321e-05,0.03069918,0.926
2024_02_12_20_36_57_060,0.3,0.0,24685.0,24685.0,10.29305,1.861467e-05,0.1359902,-7.204887e-07,0.009084348,-0.0001119046,0.93,-8.645814e-07,-4.189054e-05,1.928359e-06,0.0002384186,-2.012666e-05,-7.543713e-05,0.926
2024_02_12_20_36_57_093,0.3,0.0,24758.0,24758.0,10.32364,1.865646e-05,0.1359902,1.580516e-08,0.009084317,-0.0001140916,0.93,1.747233e-07,-3.18116e-05,-5.278702e-08,-0.01055002,1.553838e-05,0.02283044,0.926
2024_02_12_20_36_57_131,0.3,0.0,24843.0,24843.0,10.35886,1.871488e-05,0.1359902,-6.394476e-07,0.009084287,-0.0001156779,0.93,-6.311585e-08,-4.216014e-05,3.295371e-07,0.0,-0.000187518,-1.862645e-05,0.926
2024_02_12_20_36_57_167,0.3,0.0,24925.0,24925.0,10.39316,1.879688e-05,0.1359901,-2.955707e-07,0.009084107,-0.0001113324,0.93,-1.746268e-05,6.091638e-05,-1.114121e-05,0.00244379,-7.855885e-05,0.01158751,0.926
2024_02_12_20_36_57_201,0.3,0.0,25000.0,25000.0,10.42468,1.888176e-05,0.1359901,-1.193765e-06,0.009084109,-0.0001128498,0.93,3.305073e-06,4.399587e-05,-7.535675e-08,-0.001907349,-0.0002167641,-0.007656402,0.926
2024_02_12_20_36_57_234,0.3,0.0,25074.0,25074.0,10.45527,1.893672e-05,0.1359901,1.901782e-06,0.009084048,-0.0001137312,0.93,-4.480623e-05,5.06079e-05,-5.543051e-06,-0.0002980232,0.000147978,-0.007607974,0.926
2024_02_12_20_36_57_272,0.3,0.0,25156.0,25156.0,10.48957,1.900372e-05,0.1359902,4.500019e-08,0.009084137,-0.0001124848,0.93,1.10995e-06,2.772716e-05,-2.948517e-06,0.003457069,3.279547e-05,-0.01548231,0.926
2024_02_12_20_36_57_309,0.3,0.0,25240.0,25240.0,10.52479,1.910152e-05,0.1359902,-2.814759e-07,0.009084405,-0.0001094188,0.93,1.888731e-06,-3.108498e-05,1.961096e-06,-0.006318092,-9.960569e-05,0.007666647,0.926
2024_02_12_20_36_57_347,0.3,0.0,25323.0,25323.0,10.55909,1.917083e-05,0.1359902,-2.787959e-07,0.009084495,-0.0001123153,0.93,-1.667844e-06,-6.129612e-05,-9.474647e-07,0.009000301,-6.121536e-05,-0.03053061,0.926
2024_02_12_20_36_57_384,0.3,0.0,25407.0,25407.0,10.59431,1.922137e-05,0.1359902,1.605745e-06,0.009084407,-0.0001139668,0.93,-4.155016e-07,-2.435448e-05,8.8852e-07,-0.005424022,0.0001012055,0.003803521,0.926
2024_02_12_20_36_57_422,0.3,0.0,25489.0,25489.0,10.62861,1.928298e-05,0.1359902,2.201078e-07,0.009084405,-0.0001149561,0.93,-5.717192e-07,-2.514601e-05,7.683242e-07,-0.003814697,-3.157152e-05,-0.02303067,0.926
2024_02_12_20_36_57_459,0.3,0.0,25574.0,25574.0,10.66384,1.932698e-05,0.1359902,-7.139358e-07,0.009084435,-0.000117069,0.93,-4.793432e-07,-2.857192e-05,-1.208953e-06,0.005424022,-2.029617e-05,-0.01513306,0.926
2024_02_12_20_36_57_493,0.3,0.0,25647.0,25647.0,10.69443,1.936074e-05,0.1359902,4.667067e-07,0.009084407,-0.0001191297,0.93,-1.032047e-06,-2.289603e-05,4.292287e-06,-0.006198883,-6.763935e-05,0.01528952,0.926
2024_02_12_20_36_57_530,0.3,0.0,25732.0,25732.0,10.72965,1.940234e-05,0.1359902,9.290621e-08,0.009084466,-0.0001209782,0.93,-1.445794e-07,-6.918856e-06,-3.083188e-06,-0.008285046,0.0002663352,0.03447384,0.926
2024_02_12_20_36_57_568,0.3,0.0,25814.0,25814.0,10.76395,1.948773e-05,0.1359902,-1.726286e-06,0.009084526,-0.0001195332,0.93,5.985515e-06,-7.389621e-05,-5.548237e-06,0.003397465,-0.00029395,-0.01911633,0.926
2024_02_12_20_36_57_605,0.3,0.0,25898.0,25898.0,10.79918,1.957784e-05,0.1359902,1.876605e-08,0.009084555,-0.000118714,0.93,1.533134e-06,-5.409093e-05,2.520198e-06,-0.0218153,-0.0001115452,0.04587043,0.926
2024_02_12_20_36_57_638,0.3,0.0,25972.0,25972.0,10.82977,1.963073e-05,0.1359904,-1.716641e-06,0.009084616,-0.000119795,0.93,1.300627e-06,-0.0001053061,-3.281789e-06,0.0005960464,0.0002350474,-7.916241e-05,0.926
2024_02_12_20_36_57_677,0.3,0.0,26054.0,26054.0,10.86406,1.968316e-05,0.1359903,-1.656311e-06,0.009084526,-0.0001211529,0.93,2.049919e-05,-4.057535e-05,1.190782e-05,0.005543231,-0.0003630272,-0.0075493,0.926
2024_02_12_20_36_57_715,0.3,0.0,26138.0,26138.0,10.89929,1.976685e-05,0.1359903,-1.838057e-06,0.009084466,-0.0001192227,0.93,6.410305e-07,-5.986543e-05,-1.412311e-07,-0.002264977,0.0001044409,-0.00395067,0.926
2024_02_12_20_36_57_746,0.3,0.0,26212.0,26212.0,10.92988,1.984637e-05,0.1359903,5.022592e-08,0.009084467,-0.000118076,0.93,1.240463e-06,-5.570679e-05,2.372658e-06,-0.004053116,-3.173e-05,-9.313225e-05,0.926
2024_02_12_20_36_57_780,0.3,0.0,26287.0,26287.0,10.9614,1.989723e-05,0.1359903,-1.961612e-07,0.009084466,-0.0001196838,0.93,8.406578e-07,-3.100141e-05,1.581131e-06,-0.001370907,5.947038e-05,-2.980232e-05,0.926
2024_02_12_20_36_57_817,0.3,0.0,26370.0,26370.0,10.99569,1.99392e-05,0.1359903,3.186224e-07,0.009084407,-0.0001216275,0.93,-1.395968e-06,-2.229466e-05,5.841219e-06,-0.01174211,-0.0001265273,0.03043003,0.926
2024_02_12_20_36_57_855,0.3,0.0,26454.0,26454.0,11.03092,1.999612e-05,0.1359902,-2.767945e-06,0.009084437,-0.0001239094,0.93,4.411305e-06,-3.672727e-05,-3.552485e-06,-0.005364418,3.11004e-05,0.01530442,0.926
2024_02_12_20_36_57_889,0.3,0.0,26527.0,26527.0,11.06151,2.010415e-05,0.1359903,-1.553997e-06,0.009084377,-0.0001218962,0.93,-1.48235e-05,-6.491342e-05,3.266706e-06,0.001311302,7.11816e-06,-0.01922902,0.926
2024_02_12_20_36_57_925,0.3,0.0,26610.0,26610.0,11.09581,2.019142e-05,0.1359902,2.991636e-07,0.009084467,-0.0001211841,0.93,-3.334314e-07,-8.354498e-05,8.512128e-07,0.010252,-5.045945e-05,2.235174e-05,0.926
2024_02_12_20_36_57_959,0.3,0.0,26685.0,26685.0,11.12732,2.025801e-05,0.1359902,-1.331579e-06,0.009084376,-0.000122307,0.93,1.180662e-06,-3.076695e-05,1.459127e-06,-0.005424022,-5.836182e-05,-0.007825904,0.926
2024_02_12_20_36_57_996,0.3,0.0,26768.0,26768.0,11.16162,2.034892e-05,0.1359903,5.232536e-07,0.009084467,-0.0001216858,0.93,-2.419637e-06,-6.059645e-05,-2.288015e-06,0.006854534,4.429262e-05,-0.03058556,0.926
2024_02_12_20_36_58_034,0.3,0.0,26852.0,26852.0,11.19685,2.043495e-05,0.1359902,-2.281578e-06,0.009084435,-0.0001226549,0.93,4.479119e-06,-4.094935e-05,-8.172239e-06,-0.009536743,3.053719e-05,0.03059301,0.926
2024_02_12_20_36_58_072,0.3,0.0,26934.0,26934.0,11.23114,2.054996e-05,0.1359903,-1.091877e-06,0.009084467,-0.0001212521,0.93,3.189467e-06,-3.960934e-05,6.921203e-06,-0.001251697,-5.423612e-05,0.02293102,0.926
2024_02_12_20_36_58_108,0.3,0.0,27019.0,27019.0,11.26637,2.063678e-05,0.1359903,-1.809388e-06,0.009084467,-0.0001220891,0.93,-6.734952e-07,-7.777528e-05,-1.909925e-06,0.003755092,0.0003176513,-4.56348e-05,0.926
2024_02_12_20_36_58_142,0.3,0.0,27092.0,27092.0,11.29696,2.068996e-05,0.1359902,-5.317127e-07,0.009084466,-0.0001206842,0.93,1.944431e-05,-5.533925e-05,-1.000164e-05,-0.01138449,1.578178e-05,0.02689846,0.926
2024_02_12_20_36_58_180,0.3,0.0,27177.0,27177.0,11.33218,2.075322e-05,0.1359902,-7.158559e-07,0.009084407,-0.0001216222,0.93,-1.67936e-06,-3.147354e-05,1.665933e-06,-0.001132488,-0.0001185509,0.003741123,0.926
2024_02_12_20_36_58_222,0.3,0.0,27268.0,27268.0,11.37019,2.082756e-05,0.1359902,1.546048e-06,0.009084465,-0.0001206381,0.93,-4.393781e-05,-3.011494e-05,-6.456233e-06,-0.00166893,0.000192809,0.0153156,0.926
2024_02_12_20_36_58_259,0.3,0.0,27352.0,27352.0,11.40541,2.091314e-05,0.1359902,-3.227832e-07,0.009084555,-0.0001190616,0.93,2.508047e-06,-7.121393e-05,1.148737e-06,-0.007569789,-0.000187003,0.03071502,0.926
2024_02_12_20_36_58_296,0.3,0.0,27434.0,27434.0,11.43971,2.095088e-05,0.1359902,4.826347e-07,0.009084435,-0.0001216802,0.93,-2.409044e-06,-2.546732e-05,4.367083e-06,-0.01132488,-0.0001102236,0.02282485,0.926
2024_02_12_20_36_58_334,0.3,0.0,27519.0,27519.0,11.47494,2.100419e-05,0.1359902,7.503056e-07,0.009084435,-0.0001234632,0.93,-8.215865e-07,-3.478617e-05,-1.170591e-07,0.005662441,6.272398e-05,-0.01513213,0.926
2024_02_12_20_36_58_371,0.3,0.0,27601.0,27601.0,11.50924,2.106407e-05,0.1359903,9.983925e-07,0.009084496,-0.0001235455,0.93,-2.178677e-05,-3.502742e-05,7.023505e-06,0.001609325,0.0001115757,0.003811903,0.926
2024_02_12_20_36_58_409,0.3,0.0,27686.0,27686.0,11.54446,2.112696e-05,0.1359902,-1.850265e-07,0.009084407,-0.0001232448,0.93,-4.168314e-07,-4.232131e-05,1.559618e-07,-0.004649162,6.667528e-05,0.01529884,0.926
2024_02_12_20_36_58_446,0.3,0.0,27768.0,27768.0,11.57876,2.12287e-05,0.1359902,-8.023454e-07,0.009084435,-0.0001201043,0.93,4.845832e-06,-5.554982e-05,5.206892e-07,0.003755092,-0.0001869421,-0.02302602,0.926
2024_02_12_20_36_58_481,0.3,0.0,27843.0,27843.0,11.61028,2.12978e-05,0.1359902,-8.33334e-07,0.009084435,-0.0001206856,0.93,2.372482e-05,-1.425486e-05,1.215568e-05,-0.0002980232,-8.079132e-05,-7.357448e-05,0.926
2024_02_12_20_36_58_517,0.3,0.0,27926.0,27926.0,11.64457,2.136393e-05,0.1359903,5.853591e-07,0.009084467,-0.0001203573,0.93,-3.208021e-07,-5.778365e-05,-4.800082e-06,0.001788139,-0.0001530546,5.401671e-05,0.926
2024_02_12_20_36_58_551,0.3,0.0,27999.0,27999.0,11.67516,2.141546e-05,0.1359902,-3.421139e-07,0.009084435,-0.0001197854,0.93,-4.349863e-07,-1.046344e-05,1.79463e-07,-0.002026558,-0.0002225581,9.965151e-05,0.926
2024_02_12_20_36_58_588,0.3,0.0,28084.0,28084.0,11.71039,2.146257e-05,0.1359902,-1.363272e-06,0.009084495,-0.0001216193,0.93,-2.228425e-07,-4.393749e-05,-4.144596e-06,0.01060963,-2.355603e-05,-0.02665818,0.926
2024_02_12_20_36_58_626,0.3,0.0,28166.0,28166.0,11.74469,2.154566e-05,0.1359903,1.012512e-07,0.009084526,-0.0001195533,0.93,-1.799489e-05,-7.539175e-05,-9.995399e-06,0.001728535,-0.0001788969,0.01139473,0.926
2024_02_12_20_36_58_664,0.3,0.0,28250.0,28250.0,11.77991,2.161122e-05,0.1359903,9.446185e-07,0.009084496,-0.0001217089,0.93,1.349604e-07,-9.260407e-05,4.648758e-06,0.0005364418,8.516054e-06,0.007542781,0.926
2024_02_12_20_36_58_697,0.3,0.0,28324.0,28324.0,11.8105,2.166726e-05,0.1359903,-4.795685e-07,0.009084526,-0.0001224199,0.93,1.65646e-06,-4.341478e-05,3.85497e-09,-0.007987022,1.750072e-05,0.01142453,0.926
2024_02_12_20_36_58_734,0.3,0.0,28408.0,28408.0,11.84573,2.173384e-05,0.1359902,-3.224173e-07,0.009084435,-0.0001210476,0.93,1.17483e-06,-3.991183e-05,7.024453e-07,-0.005304813,-2.706656e-06,-0.007683411,0.926
2024_02_12_20_36_58_771,0.3,0.0,28490.0,28490.0,11.88002,2.180736e-05,0.1359903,-4.091237e-07,0.009084497,-0.0001198524,0.93,2.511764e-06,-8.558244e-05,-9.119218e-07,-0.02539158,-6.549385e-05,0.06092898,0.926
2024_02_12_20_36_58_805,0.3,0.0,28564.0,28564.0,11.91061,2.185854e-05,0.1359903,8.583056e-07,0.009084348,-0.0001198792,0.93,-4.239417e-06,-2.337454e-05,1.150374e-07,0.004351139,8.787878e-05,-0.01540128,0.926
2024_02_12_20_36_58_838,0.3,0.0,28639.0,28639.0,11.94213,2.192307e-05,0.1359903,-2.805286e-06,0.009084377,-0.0001188227,0.93,1.028041e-05,-5.252806e-05,-5.298759e-09,0.002562999,0.0001696576,-0.01539662,0.926
2024_02_12_20_36_58_875,0.3,0.0,28721.0,28721.0,11.97643,2.200683e-05,0.1359902,-3.747998e-07,0.009084317,-0.0001195029,0.93,-3.514139e-06,-5.005768e-05,-1.147048e-06,0.004947185,-0.0001259077,-0.01154654,0.926
2024_02_12_20_36_58_910,0.3,0.0,28797.0,28797.0,12.00795,2.20535e-05,0.1359902,-1.127794e-06,0.009084348,-0.0001192487,0.93,9.014114e-07,-5.356633e-05,-2.573371e-06,0.006437301,0.0001591976,-0.01535565,0.926
2024_02_12_20_36_58_943,0.3,0.0,28870.0,28870.0,12.03854,2.213153e-05,0.1359902,-8.352368e-08,0.009084467,-0.0001173721,0.93,1.673343e-06,-6.451672e-05,-4.419395e-07,-0.0003576278,-3.986429e-05,-0.007554888,0.926
2024_02_12_20_36_58_976,0.3,0.0,28944.0,28944.0,12.06913,2.221409e-05,0.1359902,-1.117643e-06,0.009084377,-0.0001143061,0.93,5.678112e-06,-7.968663e-06,-2.001424e-06,-0.002026558,0.000188643,-0.003756955,0.926
2024_02_12_20_36_59_014,0.3,0.0,29028.0,29028.0,12.10435,2.228587e-05,0.1359902,1.466545e-07,0.009084348,-0.0001150207,0.93,-9.551568e-07,-3.610953e-05,2.937873e-06,0.009119511,-0.000404697,-0.01152512,0.926
2024_02_12_20_36_59_050,0.3,0.0,29110.0,29110.0,12.13865,2.236963e-05,0.1359903,-1.035779e-06,0.009084435,-0.0001133994,0.93,4.335589e-06,-6.520453e-05,-3.234499e-06,0.01138449,-0.0002455655,-0.0230791,0.926
2024_02_12_20_36_59_087,0.3,0.0,29195.0,29195.0,12.17387,2.246079e-05,0.1359902,-2.615878e-06,0.009084435,-0.0001168634,0.93,4.624733e-06,-4.534476e-05,-3.821049e-06,-0.01049042,-0.0002281821,0.01912843,0.926
2024_02_12_20_36_59_121,0.3,0.0,29268.0,29268.0,12.20446,2.254786e-05,0.1359903,-1.996676e-06,0.009084435,-0.0001155507,0.93,2.211132e-05,-4.581513e-05,1.037527e-05,0.003993511,-3.84764e-05,0.00367593,0.926
2024_02_12_20_36_59_159,0.3,0.0,29353.0,29353.0,12.23969,2.261472e-05,0.1359902,5.678305e-07,0.009084435,-0.000117425,0.93,-1.684974e-06,-3.660934e-05,1.741607e-06,-0.005066394,-2.323361e-05,0.007747672,0.926
2024_02_12_20_36_59_192,0.3,0.0,29426.0,29426.0,12.27028,2.266646e-05,0.1359903,-1.120866e-06,0.009084377,-0.0001174477,0.93,-2.375493e-06,-2.639473e-05,-1.830496e-06,0.0,-0.0002698702,-2.700835e-05,0.926
2024_02_12_20_36_59_230,0.3,0.0,29508.0,29508.0,12.30458,2.275075e-05,0.1359902,-8.627314e-07,0.009084435,-0.0001163735,0.93,3.219179e-06,-4.320362e-05,2.01181e-06,0.005960464,-0.0001539811,-0.01512933,0.926
2024_02_12_20_36_59_267,0.3,0.0,29593.0,29593.0,12.3398,2.278877e-05,0.1359902,2.024169e-07,0.009084435,-0.0001168772,0.93,3.203009e-05,-6.30807e-05,2.648376e-06,0.01490116,-0.0001563299,-0.0420548,0.926
2024_02_12_20_36_59_301,0.3,0.0,29666.0,29666.0,12.37039,2.283202e-05,0.1359902,-2.52433e-07,0.009084407,-0.000115461,0.93,1.758823e-07,-4.789068e-05,6.926151e-07,-0.0004768371,-0.0001251524,9.965151e-05,0.926
2024_02_12_20_36_59_338,0.3,0.0,29751.0,29751.0,12.40562,2.289053e-05,0.1359902,-1.945867e-07,0.009084466,-0.0001154825,0.93,-1.176779e-06,-4.556228e-05,5.296492e-07,-0.0004172325,-0.000193105,0.0001806766,0.926
2024_02_12_20_36_59_375,0.3,0.0,29833.0,29833.0,12.43991,2.294458e-05,0.1359902,-3.442391e-07,0.009084465,-0.0001158933,0.93,-6.039669e-08,-4.242605e-05,1.995727e-06,0.006496906,-0.0001675559,-0.03052782,0.926
2024_02_12_20_36_59_413,0.3,0.0,29917.0,29917.0,12.47514,2.298973e-05,0.1359902,-2.87787e-07,0.009084435,-0.0001179667,0.93,1.953199e-07,-5.817873e-05,1.909093e-06,-0.003993511,-0.000171711,-0.007550232,0.926
2024_02_12_20_36_59_446,0.3,0.0,29991.0,29991.0,12.50573,2.304716e-05,0.1359902,-5.59679e-07,0.009084496,-0.0001187183,0.93,2.7191e-06,-5.805989e-05,3.316521e-06,0.001966953,-0.0001466646,-0.007677823,0.926
2024_02_12_20_36_59_484,0.3,0.0,30075.0,30075.0,12.54095,2.311401e-05,0.1359902,1.004938e-06,0.009084435,-0.0001190764,0.93,-3.811664e-05,1.347671e-05,-3.058705e-06,-0.000834465,-1.537069e-05,-0.007517635,0.926
2024_02_12_20_36_59_521,0.3,0.0,30157.0,30157.0,12.57525,2.319208e-05,0.1359903,5.791418e-07,0.009084435,-0.0001181012,0.93,-4.076988e-05,-1.74778e-05,-3.885244e-06,0.001251697,0.0001510417,1.303852e-05,0.926
2024_02_12_20_36_59_559,0.3,0.0,30242.0,30242.0,12.61048,2.324832e-05,0.1359902,-3.566303e-07,0.009084406,-0.0001200906,0.93,-1.66186e-06,-2.333368e-05,6.331505e-07,-0.003993511,5.413721e-05,-0.007593072,0.926
2024_02_12_20_36_59_596,0.3,0.0,30324.0,30324.0,12.64478,2.331529e-05,0.1359902,2.899424e-07,0.009084407,-0.0001200026,0.93,6.819012e-07,-2.532471e-05,1.65023e-06,-0.01651049,-0.0001441007,0.04574936,0.926
2024_02_12_20_36_59_633,0.3,0.0,30409.0,30409.0,12.68,2.337372e-05,0.1359902,6.397809e-07,0.009084437,-0.0001203996,0.93,-1.958451e-05,-2.498567e-05,8.84897e-06,0.002205372,-3.515606e-05,0.0116229,0.926
2024_02_12_20_36_59_668,0.3,0.0,30482.0,30482.0,12.71059,2.34342e-05,0.1359902,1.046448e-06,0.009084465,-0.0001180598,0.93,-2.019436e-05,-3.845083e-05,-8.965712e-06,-0.01347065,0.0002633847,0.0381358,0.926
2024_02_12_20_36_59_705,0.3,0.0,30564.0,30564.0,12.74489,2.348939e-05,0.1359902,9.067012e-07,0.009084376,-0.0001198706,0.93,-1.838286e-05,-2.373609e-05,3.485105e-06,-0.00989437,0.0001481693,0.02661068,0.926
2024_02_12_20_36_59_742,0.3,0.0,30649.0,30649.0,12.78011,2.357299e-05,0.1359903,-1.692859e-06,0.009084466,-0.0001183241,0.93,5.413436e-07,-6.316075e-05,-3.695686e-06,-0.012815,7.497897e-05,0.01144223,0.926
2024_02_12_20_36_59_780,0.3,0.0,30731.0,30731.0,12.81441,2.365406e-05,0.1359902,-1.659732e-07,0.009084406,-0.0001153789,0.93,3.560588e-06,-4.09266e-05,3.393926e-06,0.0009536743,0.0001122235,0.0190353,0.926
2024_02_12_20_36_59_818,0.3,0.0,30815.0,30815.0,12.84964,2.370297e-05,0.1359903,-1.607603e-06,0.009084407,-0.0001197928,0.93,-7.258162e-07,-3.548191e-05,-5.894942e-06,0.01096725,0.0001031279,-0.01147203,0.926
2024_02_12_20_36_59_855,0.3,0.0,30898.0,30898.0,12.88393,2.376862e-05,0.1359903,-2.537424e-09,0.009084348,-0.0001195062,0.93,1.706694e-06,-2.784497e-05,-6.869217e-08,-0.0002384186,-1.820797e-05,-0.0001210719,0.926
2024_02_12_20_36_59_888,0.3,0.0,30973.0,30973.0,12.91545,2.380831e-05,0.1359902,-1.371618e-06,0.009084376,-0.0001216686,0.93,2.315045e-05,-5.235678e-05,1.107814e-05,0.005304813,-6.969685e-06,0.00381004,0.926
2024_02_12_20_36_59_921,0.3,0.0,31047.0,31047.0,12.94604,2.387171e-05,0.1359902,1.066777e-07,0.009084376,-0.0001201043,0.93,1.0165e-06,-4.410838e-05,1.427313e-06,0.003516674,1.88686e-05,-0.00771135,0.926
2024_02_12_20_36_59_959,0.3,0.0,31129.0,31129.0,12.98034,2.395312e-05,0.1359902,-1.194756e-06,0.009084318,-0.0001204996,0.93,-1.235333e-05,-1.787372e-05,9.599774e-06,-0.001728535,-7.166477e-05,0.003869645,0.926
2024_02_12_20_36_59_992,0.3,0.0,31204.0,31204.0,13.01186,2.40486e-05,0.1359902,-7.159408e-07,0.009084377,-0.0001194386,0.93,3.011245e-06,-5.756778e-05,4.290418e-06,0.003695488,5.499441e-05,-0.01146831,0.926
2024_02_12_20_37_00_030,0.3,0.0,31287.0,31287.0,13.04615,2.411804e-05,0.1359902,-1.422155e-06,0.009084407,-0.0001203122,0.93,3.554992e-06,-3.733642e-05,-4.644043e-06,0.004827976,0.000115934,0.007697381,0.926
2024_02_12_20_37_00_067,0.3,0.0,31371.0,31371.0,13.08138,2.422314e-05,0.1359903,-5.625977e-07,0.009084406,-0.000119362,0.93,-1.609918e-05,-3.941582e-05,-1.103852e-05,0.01245737,-0.0001504702,-0.03436673,0.926
2024_02_12_20_37_00_104,0.3,0.0,31453.0,31453.0,13.11568,2.431321e-05,0.1359902,-4.276413e-07,0.009084435,-0.0001199375,0.93,-2.714627e-07,-4.505212e-05,-1.255872e-06,-0.003218651,-0.0001276708,-0.007553957,0.926
2024_02_12_20_37_00_142,0.3,0.0,31538.0,31538.0,13.1509,2.438528e-05,0.1359903,1.608247e-07,0.009084466,-0.0001194254,0.93,-2.075738e-06,-5.455308e-05,-1.016512e-06,-0.01192093,0.0001029134,0.02284813,0.926
2024_02_12_20_37_00_180,0.3,0.0,31620.0,31620.0,13.1852,2.445032e-05,0.1359902,-2.371461e-07,0.009084407,-0.0001196215,0.93,2.932667e-07,-4.692223e-05,-1.397499e-08,0.005185604,-1.108333e-06,-0.01516286,0.926
2024_02_12_20_37_00_217,0.3,0.0,31705.0,31705.0,13.22042,2.453393e-05,0.1359903,4.751003e-08,0.009084377,-0.0001216121,0.93,4.418856e-06,-3.769595e-05,9.710685e-07,0.01066923,-0.0001945063,-0.02299808,0.926
2024_02_12_20_37_00_254,0.3,0.0,31787.0,31787.0,13.25472,2.462243e-05,0.1359903,-9.231437e-07,0.009084348,-0.0001239386,0.93,2.703285e-07,-3.27598e-05,2.191889e-06,5.960464e-05,-0.0001027179,-0.0001089647,0.926
2024_02_12_20_37_00_289,0.3,0.0,31862.0,31862.0,13.28624,2.468806e-05,0.1359903,-2.774649e-07,0.009084496,-0.0001245043,0.93,-6.417397e-07,-8.627188e-05,-2.355587e-06,0.00333786,-0.0001909307,-1.210719e-05,0.926
2024_02_12_20_37_00_325,0.3,0.0,31945.0,31945.0,13.32054,2.476929e-05,0.1359902,-5.474091e-07,0.009084377,-0.000124187,0.93,-2.054653e-05,-2.812154e-05,-1.143158e-05,-0.008106232,0.000106829,0.01904089,0.926
2024_02_12_20_37_00_364,0.3,0.0,32029.0,32029.0,13.35576,2.48534e-05,0.1359903,-8.865254e-07,0.009084467,-0.0001238142,0.93,2.024116e-05,-6.223581e-05,-7.133582e-06,-0.007748603,-0.0001031049,0.0267066,0.926
2024_02_12_20_37_00_396,0.3,0.0,32103.0,32103.0,13.38635,2.491427e-05,0.1359902,-5.079289e-07,0.009084377,-0.0001254074,0.93,-2.048987e-05,-5.028438e-05,8.523904e-06,0.006198883,0.0001643232,-0.0113165,0.926
2024_02_12_20_37_00_433,0.3,0.0,32185.0,32185.0,13.42065,2.50059e-05,0.1359902,-2.470928e-06,0.009084435,-0.0001248761,0.93,1.516732e-06,-3.062293e-05,3.043843e-06,-0.003516674,6.343157e-05,-0.007641501,0.926
2024_02_12_20_37_00_466,0.3,0.0,32260.0,32260.0,13.45217,2.5077e-05,0.1359903,-9.943311e-07,0.009084466,-0.0001260258,0.93,-1.437945e-06,-4.243982e-05,-8.010746e-07,-0.0005960464,-4.440562e-05,0.01140963,0.926
2024_02_12_20_37_00_500,0.3,0.0,32334.0,32334.0,13.48276,2.51181e-05,0.1359903,7.882537e-07,0.009084466,-0.000128554,0.93,-4.116386e-06,-3.118487e-05,6.013213e-07,0.00500679,-2.102217e-05,-0.02295617,0.926
2024_02_12_20_37_00_538,0.3,0.0,32418.0,32418.0,13.51798,2.516499e-05,0.1359903,3.919409e-07,0.009084497,-0.0001298982,0.93,-1.571309e-06,-6.767977e-05,1.746122e-06,0.01609325,0.0002631277,-0.04193093,0.926
2024_02_12_20_37_00_575,0.3,0.0,32500.0,32500.0,13.55228,2.521951e-05,0.1359902,-1.427177e-06,0.009084316,-0.0001312855,0.93,2.187801e-06,-1.769344e-05,3.042152e-06,-0.004708767,0.0001773285,0.003721565,0.926
2024_02_12_20_37_00_608,0.3,0.0,32574.0,32574.0,13.58287,2.52718e-05,0.1359902,-2.490385e-07,0.009084467,-0.0001327935,0.93,-1.17369e-06,-5.095927e-05,-1.147123e-06,-0.0154376,0.0001089975,0.03828201,0.926
2024_02_12_20_37_00_646,0.3,0.0,32658.0,32658.0,13.6181,2.535142e-05,0.1359903,-2.363473e-08,0.009084377,-0.0001321813,0.93,5.908012e-06,-4.002428e-05,6.694645e-07,0.002145767,-9.93823e-05,0.01143943,0.926
2024_02_12_20_37_00_684,0.3,0.0,32740.0,32740.0,13.65239,2.54416e-05,0.1359903,-1.253495e-06,0.009084348,-0.0001296222,0.93,-1.442901e-05,-3.392289e-05,-1.522526e-05,0.003576278,0.0004260666,-0.01538545,0.926
2024_02_12_20_37_00_717,0.3,0.0,32816.0,32816.0,13.68391,2.553716e-05,0.1359902,-7.835467e-07,0.009084407,-0.0001291365,0.93,-1.877537e-05,-4.450306e-05,-1.459862e-05,0.008642673,0.0001616268,-0.01909863,0.926
2024_02_12_20_37_00_750,0.3,0.0,32889.0,32889.0,13.7145,2.560502e-05,0.1359903,9.213915e-07,0.009084406,-0.0001310914,0.93,-5.358164e-07,-6.052737e-05,2.695945e-06,0.008285046,-0.000395063,-0.01530629,0.926
2024_02_12_20_37_00_788,0.3,0.0,32974.0,32974.0,13.74973,2.568821e-05,0.1359902,-1.28205e-06,0.009084376,-0.0001309981,0.93,4.410457e-05,-5.520942e-05,1.618735e-05,0.008285046,-0.0001741585,-0.01139846,0.926
2024_02_12_20_37_00_825,0.3,0.0,33056.0,33056.0,13.78402,2.577771e-05,0.1359902,1.138586e-07,0.009084317,-0.0001314653,0.93,-1.74549e-05,-3.025677e-05,8.865794e-06,-0.001728535,3.794298e-05,-0.003856607,0.926
2024_02_12_20_37_00_859,0.3,0.0,33129.0,33129.0,13.81461,2.585161e-05,0.1359903,-3.432222e-07,0.009084348,-0.0001327881,0.93,4.394178e-07,-1.734205e-05,1.096478e-06,0.003933907,7.072958e-05,-0.007688999,0.926
2024_02_12_20_37_00_896,0.3,0.0,33214.0,33214.0,13.84984,2.593085e-05,0.1359902,-1.056836e-06,0.009084377,-0.0001343271,0.93,-4.879012e-07,-4.415146e-05,7.902816e-07,-0.001013279,-0.000102313,2.235174e-05,0.926
2024_02_12_20_37_00_933,0.3,0.0,33296.0,33296.0,13.88414,2.601539e-05,0.1359902,-8.511949e-07,0.009084376,-0.0001339802,0.93,2.712389e-07,2.787967e-05,-2.208523e-06,-0.006020069,-0.0001307694,0.0001080334,0.926
2024_02_12_20_37_00_967,0.3,0.0,33372.0,33372.0,13.91565,2.607999e-05,0.1359902,7.197805e-07,0.009084466,-0.0001356439,0.93,1.375815e-06,-2.718365e-05,1.776352e-06,0.003695488,0.0001465767,-0.007578171,0.926
2024_02_12_20_37_01_005,0.3,0.0,33454.0,33454.0,13.94995,2.619625e-05,0.1359902,-9.220279e-07,0.009084407,-0.0001338338,0.93,1.542837e-06,-2.17564e-05,1.640616e-06,-0.002384186,0.0001407668,0.02299994,0.926
2024_02_12_20_37_01_042,0.3,0.0,33539.0,33539.0,13.98518,2.628777e-05,0.1359902,-3.452013e-07,0.009084466,-0.0001350576,0.93,-2.134088e-06,-6.417683e-05,5.442632e-06,0.01090765,-8.9703e-05,-0.007631257,0.926
2024_02_12_20_37_01_080,0.3,0.0,33621.0,33621.0,14.01947,2.637152e-05,0.1359903,1.239177e-07,0.009084348,-0.000136914,0.93,1.648438e-06,-2.690407e-05,5.071013e-06,0.0001788139,-0.0001679193,-0.0001080334,0.926
2024_02_12_20_37_01_118,0.3,0.0,33705.0,33705.0,14.0547,2.645963e-05,0.1359902,8.254681e-07,0.009084407,-0.0001370658,0.93,-1.077568e-06,-6.691091e-05,1.234065e-06,0.000834465,-0.0001123808,8.754431e-05,0.926
2024_02_12_20_37_01_154,0.3,0.0,33787.0,33787.0,14.089,2.65192e-05,0.1359902,6.437028e-07,0.009084348,-0.0001360119,0.93,-3.405897e-06,-2.862037e-05,-2.072622e-06,0.005185604,-0.0001421679,-0.003857538,0.926
2024_02_12_20_37_01_192,0.3,0.0,33872.0,33872.0,14.12422,2.657357e-05,0.1359902,-8.60262e-07,0.009084407,-0.0001341403,0.93,-2.103951e-06,-5.268307e-05,3.772137e-06,0.003993511,-2.11337e-05,-0.01518894,0.926
2024_02_12_20_37_01_228,0.3,0.0,33954.0,33954.0,14.15852,2.66272e-05,0.1359902,-1.869599e-07,0.009084407,-0.0001336745,0.93,-1.756563e-06,-4.801985e-05,-2.346933e-06,-0.001728535,0.000141081,0.01540873,0.926
2024_02_12_20_37_01_267,0.3,0.0,34039.0,34039.0,14.19374,2.670934e-05,0.1359902,-4.639933e-08,0.009084407,-0.0001344851,0.93,2.332187e-06,-5.282261e-05,-2.176383e-07,0.001370907,-5.642391e-05,5.867332e-05,0.926
2024_02_12_20_37_01_300,0.3,0.0,34112.0,34112.0,14.22433,2.677706e-05,0.1359902,-1.243258e-06,0.009084348,-0.0001357662,0.93,1.473039e-06,-2.03114e-05,-6.516209e-07,0.002682209,-8.815004e-05,-0.01536496,0.926
2024_02_12_20_37_01_338,0.3,0.0,34194.0,34194.0,14.25863,2.686431e-05,0.1359903,-4.631407e-07,0.009084467,-0.0001362421,0.93,2.114817e-06,-3.491441e-05,1.86061e-06,0.003397465,-5.906349e-05,-1.024455e-05,0.926
2024_02_12_20_37_01_375,0.3,0.0,34279.0,34279.0,14.29386,2.695131e-05,0.1359902,-1.725293e-06,0.009084407,-0.0001396454,0.93,6.252481e-06,-4.267328e-05,2.180796e-06,-0.01585484,-0.0002586823,0.02298131,0.926
2024_02_12_20_37_01_408,0.3,0.0,34352.0,34352.0,14.32445,2.703129e-05,0.1359903,-1.233071e-06,0.009084467,-0.0001404511,0.93,2.164203e-06,-5.12648e-05,1.822478e-06,0.006437301,0.0002924628,-0.0192048,0.926
2024_02_12_20_37_01_447,0.3,0.0,34437.0,34437.0,14.35967,2.713743e-05,0.1359903,1.08131e-06,0.009084526,-0.0001388815,0.93,-2.549405e-05,-6.583895e-05,1.074961e-05,-0.005900859,-2.116837e-05,0.007660128,0.926
2024_02_12_20_37_01_479,0.3,0.0,34510.0,34510.0,14.39026,2.720856e-05,0.1359903,-2.80679e-07,0.009084348,-0.0001378796,0.93,-3.582131e-06,-1.876148e-05,-6.708096e-06,-0.005185604,-0.0002526652,0.02667308,0.926
2024_02_12_20_37_01_517,0.3,0.0,34594.0,34594.0,14.42549,2.729311e-05,0.1359902,-1.107445e-06,0.009084377,-0.0001373464,0.93,1.253843e-06,-3.133163e-05,1.660334e-06,-0.002145767,-4.157709e-05,-0.0001518056,0.926
2024_02_12_20_37_01_555,0.3,0.0,34677.0,34677.0,14.45979,2.735491e-05,0.1359902,-1.106086e-06,0.009084406,-0.0001398461,0.93,1.635196e-05,-5.67999e-05,7.359221e-06,-0.01072884,0.0001706338,0.007582828,0.926
2024_02_12_20_37_01_592,0.3,0.0,34761.0,34761.0,14.49501,2.74284e-05,0.1359902,1.087504e-07,0.009084348,-0.0001392436,0.93,7.012317e-07,-5.093939e-05,2.609627e-06,0.001311302,-7.250423e-05,1.210719e-05,0.926
2024_02_12_20_37_01_630,0.3,0.0,34843.0,34843.0,14.52931,2.75007e-05,0.1359902,-1.333674e-06,0.009084526,-0.0001433248,0.93,2.51283e-05,-7.395785e-05,9.949154e-06,-0.01144409,5.042738e-05,0.03064889,0.926
2024_02_12_20_37_01_668,0.3,0.0,34928.0,34928.0,14.56453,2.760135e-05,0.1359902,-2.496339e-06,0.009084377,-0.0001414391,0.93,-1.716654e-05,-5.484155e-05,1.002047e-05,-0.003755092,0.0001737831,0.00364054,0.926
2024_02_12_20_37_01_700,0.3,0.0,35001.0,35001.0,14.59512,2.768679e-05,0.1359903,1.090241e-07,0.009084377,-0.0001401466,0.93,-1.865103e-05,-6.405771e-05,8.220609e-06,-0.004410744,2.039269e-05,-0.0115959,0.926
2024_02_12_20_37_01_737,0.3,0.0,35083.0,35083.0,14.62942,2.778924e-05,0.1359902,-1.001824e-06,0.009084437,-0.0001383223,0.93,-1.184562e-05,-6.405759e-05,7.29991e-06,-0.009059906,0.0003551433,0.01911353,0.926
2024_02_12_20_37_01_771,0.3,0.0,35159.0,35159.0,14.66094,2.787166e-05,0.1359902,4.637789e-07,0.009084377,-0.0001390485,0.93,-1.544485e-06,-6.813069e-05,2.086914e-06,0.001192093,-4.470394e-06,-0.02297573,0.926
2024_02_12_20_37_01_809,0.3,0.0,35241.0,35241.0,14.69524,2.79497e-05,0.1359902,-2.590769e-06,0.009084407,-0.0001397878,0.93,2.391833e-05,-4.940317e-05,-6.574506e-06,-0.002562999,-1.453122e-05,0.01931936,0.926
2024_02_12_20_37_01_846,0.3,0.0,35326.0,35326.0,14.73046,2.804501e-05,0.1359902,-9.688499e-07,0.009084377,-0.0001399664,0.93,2.465329e-06,-2.839639e-05,1.640987e-06,-0.006258487,6.054847e-05,0.01145247,0.926
2024_02_12_20_37_01_883,0.3,0.0,35408.0,35408.0,14.76476,2.812909e-05,0.1359902,-7.203179e-07,0.009084407,-0.0001412359,0.93,3.065459e-06,-4.715181e-05,3.711968e-06,-0.00578165,-4.06867e-05,0.01928955,0.926
2024_02_12_20_37_01_917,0.3,0.0,35484.0,35484.0,14.79628,2.819605e-05,0.1359902,3.400624e-07,0.009084407,-0.0001428811,0.93,-1.925973e-06,-5.095364e-05,-4.685325e-07,0.001370907,-0.0002017716,0.01160614,0.926
2024_02_12_20_37_01_954,0.3,0.0,35566.0,35566.0,14.83057,2.828092e-05,0.1359902,-2.511138e-06,0.009084407,-0.0001412549,0.93,5.634026e-06,-6.416838e-05,-3.84022e-06,-0.0003576278,-7.148446e-05,4.097819e-05,0.926
2024_02_12_20_37_01_994,0.3,0.0,35650.0,35650.0,14.8658,2.837887e-05,0.1359902,-5.493896e-07,0.009084407,-0.0001417395,0.93,2.154058e-05,-3.736074e-05,-1.070241e-05,0.002264977,-0.0001937017,0.00383798,0.926
2024_02_12_20_37_02_030,0.3,0.0,35733.0,35733.0,14.9001,2.845021e-05,0.1359902,-1.209183e-06,0.009084407,-0.0001425355,0.93,-1.754918e-05,-4.953149e-05,-1.746802e-05,0.002205372,0.0001544211,-0.003768131,0.926
2024_02_12_20_37_02_063,0.3,0.0,35806.0,35806.0,14.93069,2.852216e-05,0.1359902,-5.286909e-07,0.009084526,-0.0001437889,0.93,-2.172245e-05,-7.806826e-05,5.194109e-07,-0.01752377,-6.321375e-05,0.04588253,0.926
2024_02_12_20_37_02_100,0.3,0.0,35890.0,35890.0,14.96591,2.858928e-05,0.1359902,-3.235808e-07,0.009084407,-0.0001428266,0.93,8.803293e-07,-4.110245e-05,-4.182893e-06,-0.005245208,0.0001526794,0.0152979,0.926
2024_02_12_20_37_02_138,0.3,0.0,35973.0,35973.0,15.00021,2.866458e-05,0.1359902,6.277744e-07,0.009084435,-0.0001428673,0.93,1.083666e-06,-6.446358e-05,2.853399e-06,-0.003635883,-0.0002480428,-0.007783994,0.926
2024_02_12_20_37_02_171,0.3,0.0,36048.0,36048.0,15.03173,2.873018e-05,0.1359902,-6.380396e-07,0.009084407,-0.000144323,0.93,1.594678e-06,-4.701803e-05,3.842588e-08,-0.003814697,-0.0003035684,0.0153603,0.926
2024_02_12_20_37_02_208,0.3,0.0,36130.0,36130.0,15.06602,2.886255e-05,0.1359902,-2.783694e-06,0.009084467,-0.0001406383,0.93,6.373934e-06,-3.885049e-05,-2.073958e-07,-0.01370907,-0.0001165899,0.03826991,0.926
2024_02_12_20_37_02_247,0.3,0.0,36215.0,36215.0,15.10125,2.896366e-05,0.1359903,7.176201e-07,0.009084435,-0.0001432329,0.93,2.261292e-06,-4.052739e-05,1.939446e-06,0.002086163,1.397461e-05,0.003874302,0.926
2024_02_12_20_37_02_279,0.3,0.0,36288.0,36288.0,15.13184,2.904977e-05,0.1359902,-9.37503e-07,0.009084407,-0.0001429769,0.93,-1.952932e-05,-2.687957e-05,9.136457e-06,-0.003099441,0.0002477989,0.02670754,0.926
2024_02_12_20_37_02_317,0.3,0.0,36370.0,36370.0,15.16614,2.914112e-05,0.1359902,-2.134255e-06,0.009084526,-0.0001434977,0.93,2.242529e-05,-7.632623e-05,8.781999e-06,-0.02795458,-0.000178705,0.06501842,0.926
2024_02_12_20_37_02_350,0.3,0.0,36446.0,36446.0,15.19765,2.921514e-05,0.1359902,8.984933e-08,0.009084407,-0.0001427155,0.93,2.011633e-08,-5.188713e-05,1.139456e-07,-0.0001788139,3.378773e-06,3.911554e-05,0.926
2024_02_12_20_37_02_388,0.3,0.0,36528.0,36528.0,15.23195,2.930122e-05,0.1359902,-6.109766e-07,0.009084435,-0.0001434582,0.93,-2.18921e-05,-5.219421e-05,-1.795197e-05,0.003695488,4.467188e-05,-0.02302974,0.926
2024_02_12_20_37_02_424,0.3,0.0,36613.0,36613.0,15.26718,2.937385e-05,0.1359903,-8.904792e-07,0.009084348,-0.0001434553,0.93,2.093228e-05,-5.133952e-05,-4.421707e-06,-0.002264977,-0.0001002084,-0.01160614,0.926
2024_02_12_20_37_02_464,0.3,0.0,36695.0,36695.0,15.30148,2.945902e-05,0.1359903,-3.012059e-07,0.009084555,-0.0001447358,0.93,4.706837e-06,-7.379523e-05,2.910488e-06,-0.02723932,-0.0002838467,0.06110035,0.926
2024_02_12_20_37_02_496,0.3,0.0,36771.0,36771.0,15.33299,2.951752e-05,0.1359903,-6.282421e-07,0.009084348,-0.0001466642,0.93,6.454945e-07,-3.15397e-05,5.037718e-06,0.0002980232,-0.0002307493,-0.0001145527,0.926
2024_02_12_20_37_02_533,0.3,0.0,36853.0,36853.0,15.36729,2.960238e-05,0.1359902,-7.538382e-07,0.009084319,-0.0001491677,0.93,2.291741e-05,-3.520363e-05,-1.305585e-05,0.00333786,9.567974e-05,-0.01537334,0.926
2024_02_12_20_37_02_572,0.3,0.0,36937.0,36937.0,15.40252,2.970763e-05,0.1359903,-9.035015e-07,0.009084377,-0.0001476067,0.93,-7.368641e-07,-3.599358e-05,-8.727128e-07,-0.001132488,4.399589e-05,-3.352761e-05,0.926
2024_02_12_20_37_02_609,0.3,0.0,37020.0,37020.0,15.43681,2.978822e-05,0.1359902,-6.212124e-07,0.009084407,-0.0001477772,0.93,-2.157819e-06,-5.299763e-05,3.667602e-07,0.001251697,-9.90251e-05,9.313225e-05,0.926
2024_02_12_20_37_02_646,0.3,0.0,37104.0,37104.0,15.47204,2.987623e-05,0.1359903,-7.967943e-07,0.009084527,-0.0001466441,0.93,1.308326e-06,-7.842649e-05,8.622023e-06,-0.002384186,0.0001924761,-0.01911819,0.926
2024_02_12_20_37_02_683,0.3,0.0,37186.0,37186.0,15.50634,2.996086e-05,0.1359902,-3.712981e-07,0.009084466,-0.0001483747,0.93,2.651276e-06,-3.759463e-05,-3.494164e-07,0.008642673,-9.31343e-05,-0.007602386,0.926
2024_02_12_20_37_02_716,0.3,0.0,37260.0,37260.0,15.53693,3.005928e-05,0.1359903,-4.543855e-07,0.009084348,-0.0001467526,0.93,6.269594e-06,-4.713899e-05,-4.191255e-07,-0.0003576278,0.00011888,-0.01161266,0.926
2024_02_12_20_37_02_750,0.3,0.0,37335.0,37335.0,15.56844,3.015288e-05,0.1359902,6.012006e-09,0.009084499,-0.0001484139,0.93,1.204869e-06,-3.407499e-05,1.040736e-06,-0.008523464,-0.0001269507,0.0305688,0.926
2024_02_12_20_37_02_788,0.3,0.0,37417.0,37417.0,15.60274,3.024767e-05,0.1359903,4.594762e-07,0.009084407,-0.0001499993,0.93,-1.634052e-06,-1.991346e-05,3.275569e-06,-0.0001192093,-7.969333e-05,-8.102506e-05,0.926
2024_02_12_20_37_02_825,0.3,0.0,37502.0,37502.0,15.63797,3.03345e-05,0.1359902,2.355825e-07,0.009084468,-0.0001506465,0.93,-4.895969e-06,-8.745868e-05,-1.419969e-06,0.01674891,-6.780067e-05,-0.01135655,0.926
2024_02_12_20_37_02_858,0.3,0.0,37575.0,37575.0,15.66856,3.041014e-05,0.1359903,-3.92344e-07,0.009084646,-0.0001513531,0.93,5.020393e-07,-5.561876e-05,5.539874e-08,-0.006079673,-3.709601e-06,0.01523178,0.926
2024_02_12_20_37_02_897,0.3,0.0,37660.0,37660.0,15.70378,3.051783e-05,0.1359903,-2.418952e-06,0.009084588,-0.0001523911,0.93,2.301296e-05,-6.558719e-05,1.379446e-05,0.0005364418,-8.389656e-05,0.01152232,0.926
2024_02_12_20_37_02_929,0.3,0.0,37733.0,37733.0,15.73437,3.060153e-05,0.1359902,-1.754262e-06,0.009084465,-0.000151942,0.93,2.125543e-05,-4.560822e-05,1.133e-05,0.009119511,7.091784e-06,-0.02662558,0.926
2024_02_12_20_37_02_966,0.3,0.0,37815.0,37815.0,15.76867,3.071167e-05,0.1359902,1.203872e-07,0.009084407,-0.0001481073,0.93,-1.819465e-06,-4.683886e-05,-8.083791e-07,0.005424022,7.086328e-06,-0.01515821,0.926
2024_02_12_20_37_03_004,0.3,0.0,37900.0,37900.0,15.80389,3.081302e-05,0.1359902,-1.156181e-06,0.009084466,-0.000146193,0.93,-1.598418e-05,-8.070529e-05,-1.545137e-05,0.01841784,6.311984e-05,-0.03439095,0.926
2024_02_12_20_37_03_038,0.3,0.0,37973.0,37973.0,15.83449,3.087732e-05,0.1359903,-3.155106e-07,0.009084467,-0.0001481619,0.93,-1.258922e-06,-8.036147e-05,-5.789901e-06,-0.003457069,3.00156e-06,-0.00767596,0.926
2024_02_12_20_37_03_071,0.3,0.0,38049.0,38049.0,15.866,3.097113e-05,0.1359903,-3.682221e-07,0.009084348,-0.0001463687,0.93,-7.040177e-07,-2.051451e-05,9.662269e-07,0.0003576278,9.747941e-05,-0.0001275912,0.926
2024_02_12_20_37_03_108,0.3,0.0,38131.0,38131.0,15.9003,3.105366e-05,0.1359903,-6.392858e-07,0.009084377,-0.0001473971,0.93,-1.144417e-06,-5.808242e-05,-3.634275e-06,-0.0002384186,0.0001346248,-8.381902e-05,0.926
2024_02_12_20_37_03_147,0.3,0.0,38215.0,38215.0,15.93552,3.116212e-05,0.1359902,-1.894747e-08,0.009084437,-0.0001449613,0.93,-7.460645e-07,-6.608486e-05,5.947208e-07,-0.009715557,1.79964e-05,0.03820378,0.926
2024_02_12_20_37_03_184,0.3,0.0,38298.0,38298.0,15.96982,3.124506e-05,0.1359902,-8.451535e-07,0.009084437,-0.0001447641,0.93,2.013102e-05,-6.167571e-05,-8.788787e-06,0.002801418,-5.554056e-06,0.01162197,0.926
2024_02_12_20_37_03_217,0.3,0.0,38371.0,38371.0,16.00041,3.132434e-05,0.1359903,-9.969508e-07,0.009084377,-0.0001439044,0.93,-4.863793e-07,-5.11228e-05,-2.145164e-07,0.004470348,-0.0001068595,-0.01152325,0.926
2024_02_12_20_37_03_254,0.3,0.0,38456.0,38456.0,16.03564,3.140771e-05,0.1359902,-2.234003e-06,0.009084288,-0.0001437558,0.93,2.271472e-05,-1.215922e-05,-4.911115e-06,-0.0001192093,-0.0001950232,0.003720633,0.926
2024_02_12_20_37_03_291,0.3,0.0,38538.0,38538.0,16.06993,3.14998e-05,0.1359902,-2.651708e-06,0.009084199,-0.0001433408,0.93,1.61243e-06,2.486259e-05,-1.812605e-06,0.004172325,0.0001848014,-3.352761e-05,0.926
2024_02_12_20_37_03_329,0.3,0.0,38622.0,38622.0,16.10516,3.162902e-05,0.1359902,-1.155154e-06,0.009084197,-0.0001403265,0.93,-1.580121e-05,5.03507e-05,1.942218e-06,-0.01233816,0.0002337895,0.0267392,0.926
2024_02_12_20_37_03_366,0.3,0.0,38705.0,38705.0,16.13946,3.173724e-05,0.1359901,-2.582956e-07,0.009084167,-0.0001398381,0.93,1.085938e-08,4.181252e-05,7.666903e-07,-0.006794929,2.743468e-05,0.01540501,0.926
2024_02_12_20_37_03_405,0.3,0.0,38789.0,38789.0,16.17468,3.18244e-05,0.1359902,4.768942e-08,0.009084137,-0.0001402535,0.93,1.071342e-06,3.03089e-05,-1.23932e-06,0.01072884,-7.509243e-05,-0.02306793,0.926
2024_02_12_20_37_03_438,0.3,0.0,38862.0,38862.0,16.20527,3.191007e-05,0.1359902,3.907558e-07,0.00908417,-0.0001397551,0.93,-1.950572e-05,3.328819e-05,-1.446713e-05,0.005125999,0.0001599553,-0.03048312,0.926
2024_02_12_20_37_03_474,0.3,0.0,38947.0,38947.0,16.2405,3.199825e-05,0.1359902,-1.550658e-07,0.009084168,-0.0001407447,0.93,-8.529792e-07,5.041447e-05,1.123301e-07,0.003576278,-6.906885e-05,-5.494803e-05,0.926
2024_02_12_20_37_03_512,0.3,0.0,39029.0,39029.0,16.2748,3.207807e-05,0.1359902,-3.431827e-07,0.009084228,-0.0001411791,0.93,-2.130951e-06,3.394811e-05,9.977108e-07,-0.01317263,-7.082644e-05,0.02305489,0.926
2024_02_12_20_37_03_546,0.3,0.0,39102.0,39102.0,16.30539,3.214952e-05,0.1359902,-5.908093e-07,0.009084348,-0.0001418189,0.93,-2.621902e-06,-4.176679e-05,-2.194441e-06,0.0001192093,7.441144e-05,0.003702007,0.926
2024_02_12_20_37_03_584,0.3,0.0,39187.0,39187.0,16.34061,3.224081e-05,0.1359903,9.069152e-07,0.009084466,-0.0001398303,0.93,-2.334757e-05,-3.469998e-05,7.514895e-06,0.01198053,0.0001327056,-0.01900084,0.926
2024_02_12_20_37_03_621,0.3,0.0,39269.0,39269.0,16.37491,3.232002e-05,0.1359902,-1.777113e-06,0.009084437,-0.0001391221,0.93,2.281769e-07,-3.992703e-05,1.767733e-06,-0.007092952,-0.0001032247,0.01902506,0.926
2024_02_12_20_37_03_654,0.3,0.0,39345.0,39345.0,16.40643,3.240118e-05,0.1359903,1.108502e-06,0.009084466,-0.0001372555,0.93,-2.028894e-05,-3.985827e-05,-1.084219e-05,0.006139278,-3.99068e-05,-0.01905393,0.926
2024_02_12_20_37_03_692,0.3,0.0,39427.0,39427.0,16.44072,3.247357e-05,0.1359902,2.610942e-07,0.009084466,-0.0001368158,0.93,-1.310377e-06,-5.681111e-05,-1.965938e-07,0.001490116,-7.432845e-07,-0.007589347,0.926
2024_02_12_20_37_03_728,0.3,0.0,39511.0,39511.0,16.47595,3.255466e-05,0.1359902,-1.458221e-06,0.009084437,-0.000136099,0.93,7.327284e-07,-5.090528e-05,2.6226e-06,-0.006258487,0.0002571037,0.007653608,0.926
2024_02_12_20_37_03_766,0.3,0.0,39594.0,39594.0,16.51025,3.264097e-05,0.1359903,-7.054765e-07,0.009084437,-0.0001348016,0.93,6.109333e-07,-4.722341e-05,2.416925e-07,-0.001907349,-8.776782e-05,-0.007625669,0.926
2024_02_12_20_37_03_804,0.3,0.0,39678.0,39678.0,16.54547,3.271489e-05,0.1359902,-1.514094e-06,0.009084437,-0.0001354589,0.93,2.231435e-05,-1.756531e-05,-7.957527e-06,-0.003397465,-2.087518e-06,0.02665538,0.926
2024_02_12_20_37_03_841,0.3,0.0,39760.0,39760.0,16.57977,3.278758e-05,0.1359902,-3.764619e-07,0.009084437,-0.0001364335,0.93,2.340044e-06,-3.779411e-05,1.074029e-06,-0.01364946,-1.325748e-05,0.03053061,0.926
2024_02_12_20_37_03_879,0.3,0.0,39845.0,39845.0,16.61499,3.289751e-05,0.1359902,-7.724252e-07,0.009084465,-0.0001344884,0.93,6.630859e-08,-5.344898e-05,2.149681e-06,0.003159046,-0.0003389934,-0.01910888,0.926
2024_02_12_20_37_03_916,0.3,0.0,39927.0,39927.0,16.64929,3.297043e-05,0.1359902,-4.56679e-07,0.009084466,-0.00013381,0.93,1.918088e-05,-5.339417e-05,-7.647635e-06,0.0007748603,1.747264e-05,-2.793968e-05,0.926
2024_02_12_20_37_03_954,0.3,0.0,40012.0,40012.0,16.68452,3.302978e-05,0.1359902,-1.403754e-06,0.009084437,-0.000135305,0.93,2.484988e-06,-4.889612e-05,1.018522e-06,-0.003993511,0.0003826671,0.01150276,0.926
2024_02_12_20_37_03_987,0.3,0.0,40085.0,40085.0,16.71511,3.312467e-05,0.1359902,-9.495058e-07,0.009084437,-0.0001353855,0.93,2.489829e-06,-3.697302e-05,-2.614329e-07,-0.001311302,-9.322025e-05,-2.142042e-05,0.926
2024_02_12_20_37_04_026,0.3,0.0,40169.0,40169.0,16.75033,3.321635e-05,0.1359903,9.458739e-07,0.009084466,-0.0001332725,0.93,-2.096657e-05,-4.498071e-05,-1.258402e-05,0.006020069,7.701601e-06,-0.01905765,0.926
2024_02_12_20_37_04_058,0.3,0.0,40243.0,40243.0,16.78092,3.325304e-05,0.1359903,-9.545996e-07,0.009084466,-0.0001348086,0.93,1.896623e-05,-4.161629e-05,1.251885e-05,0.005304813,0.0001340551,-0.01906417,0.926
2024_02_12_20_37_04_096,0.3,0.0,40325.0,40325.0,16.81522,3.332781e-05,0.1359903,-3.94304e-07,0.009084437,-0.0001332027,0.93,2.157707e-05,-2.460534e-05,-7.819131e-06,0.01037121,-1.84815e-05,-0.02666935,0.926
2024_02_12_20_37_04_133,0.3,0.0,40409.0,40409.0,16.85044,3.340866e-05,0.1359903,-1.049948e-06,0.009084466,-0.0001344613,0.93,2.115363e-06,-5.006692e-05,6.264828e-06,-0.001728535,6.362757e-05,-0.007616356,0.926
2024_02_12_20_37_04_171,0.3,0.0,40492.0,40492.0,16.88474,3.348379e-05,0.1359903,-9.822404e-07,0.009084406,-0.0001345161,0.93,2.51609e-06,-3.161087e-05,-5.815926e-06,-0.0004172325,0.0002059335,0.003694556,0.926
2024_02_12_20_37_04_204,0.3,0.0,40567.0,40567.0,16.91626,3.358549e-05,0.1359903,-1.463904e-06,0.009084526,-0.0001325764,0.93,-1.898989e-05,-7.330273e-05,-6.052607e-06,0.007748603,5.885749e-05,-0.02672057,0.926
2024_02_12_20_37_04_241,0.3,0.0,40650.0,40650.0,16.95056,3.367598e-05,0.1359903,7.844927e-07,0.009084435,-0.0001310804,0.93,-1.96214e-05,-5.866308e-05,7.819721e-06,0.001430511,0.0002926342,-8.28877e-05,0.926
2024_02_12_20_37_04_279,0.3,0.0,40734.0,40734.0,16.98578,3.374755e-05,0.1359903,3.243001e-07,0.009084437,-0.0001305647,0.93,-4.096386e-06,-4.301099e-05,-1.756965e-06,0.01168251,0.0001333822,-0.02282765,0.926
2024_02_12_20_37_04_312,0.3,0.0,40807.0,40807.0,17.01637,3.37955e-05,0.1359903,5.998653e-07,0.009084317,-0.0001298773,0.93,-7.268214e-08,-3.362285e-05,2.497804e-06,0.003993511,0.0001471374,-0.01915637,0.926
2024_02_12_20_37_04_350,0.3,0.0,40892.0,40892.0,17.0516,3.385326e-05,0.1359902,2.6047e-07,0.009084167,-0.0001299363,0.93,-5.10114e-07,5.207675e-05,3.758026e-06,0.005602836,-1.086528e-05,-0.03068428,0.926
2024_02_12_20_37_04_387,0.3,0.0,40974.0,40974.0,17.0859,3.392085e-05,0.1359901,-1.687982e-08,0.009084137,-0.000130101,0.93,8.691272e-07,3.641223e-05,1.126448e-07,0.008046627,9.345058e-06,-0.03822707,0.926
2024_02_12_20_37_04_425,0.3,0.0,41059.0,41059.0,17.12112,3.398346e-05,0.1359902,-1.875254e-06,0.009084228,-0.0001301687,0.93,2.001738e-05,4.10566e-05,-7.619435e-06,-0.007688999,-5.218351e-05,0.03060326,0.926
2024_02_12_20_37_04_459,0.3,0.0,41132.0,41132.0,17.15171,3.405301e-05,0.1359902,-1.162809e-06,0.009084228,-0.0001295292,0.93,-1.88247e-05,5.138813e-05,6.051569e-06,-0.01657009,0.0001294438,0.01912564,0.926
2024_02_12_20_37_04_495,0.3,0.0,41214.0,41214.0,17.18601,3.411952e-05,0.1359902,-1.151016e-06,0.00908417,-0.0001303755,0.93,1.540519e-07,5.095598e-05,9.402711e-07,0.005900859,0.0001172416,-0.007684342,0.926
2024_02_12_20_37_04_533,0.3,0.0,41299.0,41299.0,17.22123,3.42178e-05,0.1359902,-2.224001e-06,0.009084228,-0.0001302653,0.93,2.275153e-05,4.075113e-05,1.30096e-05,0.002086163,-3.941022e-05,-0.01139752,0.926
2024_02_12_20_37_04_566,0.3,0.0,41372.0,41372.0,17.25182,3.428727e-05,0.1359902,-1.772383e-07,0.009084437,-0.0001308455,0.93,7.943806e-07,-4.773199e-05,3.40381e-07,0.001311302,-5.223e-06,5.401671e-05,0.926
2024_02_12_20_37_04_601,0.3,0.0,41448.0,41448.0,17.28334,3.437318e-05,0.1359902,-3.023042e-06,0.009084466,-0.0001298203,0.93,5.53281e-06,-2.831382e-05,2.79113e-06,0.001192093,-0.00014482,-0.01902133,0.926
2024_02_12_20_37_04_637,0.3,0.0,41530.0,41530.0,17.31764,3.447122e-05,0.1359903,-1.734051e-06,0.009084555,-0.0001298237,0.93,8.168907e-07,-5.522212e-05,-6.102287e-07,-0.01716614,6.810501e-05,0.01135562,0.926
2024_02_12_20_37_04_675,0.3,0.0,41614.0,41614.0,17.35286,3.456822e-05,0.1359902,-2.355159e-06,0.009084437,-0.0001299057,0.93,2.730352e-07,-1.649712e-05,2.695112e-06,0.004172325,-0.000130613,-0.0113938,0.926
2024_02_12_20_37_04_712,0.3,0.0,41697.0,41697.0,17.38716,3.465374e-05,0.1359902,-1.176341e-06,0.009084437,-0.0001285129,0.93,1.759201e-05,-2.627765e-05,-9.948932e-06,0.002801418,0.0001722014,0.003861263,0.926
2024_02_12_20_37_04_750,0.3,0.0,41779.0,41779.0,17.42146,3.475423e-05,0.1359903,-2.843532e-06,0.009084466,-0.0001283429,0.93,4.187159e-06,-2.454126e-05,2.796746e-06,0.002145767,3.270997e-06,0.007486902,0.926
2024_02_12_20_37_04_787,0.3,0.0,41863.0,41863.0,17.45668,3.485761e-05,0.1359903,-1.211304e-06,0.009084467,-0.0001276743,0.93,2.027571e-05,-4.908485e-05,-1.076972e-05,0.003278255,3.991635e-05,-0.01927093,0.926
2024_02_12_20_37_04_821,0.3,0.0,41937.0,41937.0,17.48727,3.4947e-05,0.1359902,-9.218915e-07,0.009084437,-0.0001261397,0.93,-1.274928e-06,-2.216725e-05,-2.512103e-05,0.003516674,-7.029598e-05,0.007692724,0.926
2024_02_12_20_37_04_858,0.3,0.0,42021.0,42021.0,17.5225,3.504507e-05,0.1359902,-6.873431e-08,0.009084437,-0.0001254054,0.93,-1.081969e-06,-2.064461e-05,2.052892e-06,0.002384186,-5.780066e-06,0.007652677,0.926
2024_02_12_20_37_04_895,0.3,0.0,42103.0,42103.0,17.5568,3.510997e-05,0.1359903,-3.135247e-07,0.009084466,-0.000126799,0.93,2.137464e-05,-3.408612e-05,3.68462e-06,0.004649162,-0.0001136459,-7.916241e-05,0.926
2024_02_12_20_37_04_930,0.3,0.0,42179.0,42179.0,17.58831,3.518749e-05,0.1359902,-6.977156e-07,0.009084437,-0.0001285958,0.93,-1.916891e-05,-2.740332e-05,-1.540776e-05,-0.003159046,0.0002191898,0.007615424,0.926
2024_02_12_20_37_04_966,0.3,0.0,42261.0,42261.0,17.62261,3.529056e-05,0.1359902,-1.850624e-06,0.009084466,-0.0001263032,0.93,-2.905727e-06,-2.88656e-05,-9.028398e-08,0.001013279,2.665706e-05,-0.01901854,0.926
2024_02_12_20_37_05_005,0.3,0.0,42346.0,42346.0,17.65784,3.536993e-05,0.1359902,-6.117627e-07,0.009084496,-0.0001264218,0.93,-1.748012e-06,-3.451373e-05,5.421353e-06,0.005304813,0.0001840551,-0.02663769,0.926
2024_02_12_20_37_05_042,0.3,0.0,42428.0,42428.0,17.69213,3.5447e-05,0.1359903,-1.267653e-06,0.009084496,-0.0001273219,0.93,3.773431e-05,-5.897369e-05,7.354543e-06,0.001549721,-0.0003236467,-0.007732771,0.926
2024_02_12_20_37_05_079,0.3,0.0,42512.0,42512.0,17.72736,3.550501e-05,0.1359902,-8.698275e-07,0.009084496,-0.0001278012,0.93,1.743464e-05,-2.081454e-05,-5.935768e-06,0.002920627,2.519755e-05,-0.01140218,0.926
2024_02_12_20_37_05_116,0.3,0.0,42595.0,42595.0,17.76166,3.55737e-05,0.1359902,-1.35954e-06,0.009084495,-0.0001270847,0.93,-2.066562e-06,-3.985437e-05,-1.164514e-06,0.001966953,7.146013e-05,0.003741123,0.926
2024_02_12_20_37_05_150,0.3,0.0,42668.0,42668.0,17.79225,3.56552e-05,0.1359903,-6.326625e-07,0.009084497,-0.0001257915,0.93,2.177305e-06,-3.418003e-05,6.052601e-06,-0.008583069,-4.385833e-05,0.02674199,0.926
2024_02_12_20_37_05_187,0.3,0.0,42752.0,42752.0,17.82747,3.572891e-05,0.1359903,-4.48233e-07,0.009084496,-0.0001267187,0.93,-2.374861e-06,-3.839111e-05,-2.953286e-07,0.004053116,2.434092e-05,-0.01524109,0.926
2024_02_12_20_37_05_226,0.3,0.0,42835.0,42835.0,17.86177,3.578331e-05,0.1359903,3.583306e-07,0.009084466,-0.000127799,0.93,-1.308035e-06,-4.876221e-05,9.21513e-07,0.002324581,-1.18938e-05,5.867332e-05,0.926
2024_02_12_20_37_05_258,0.3,0.0,42910.0,42910.0,17.89329,3.585858e-05,0.1359902,1.970007e-07,0.009084555,-0.0001262363,0.93,1.154496e-07,-7.104456e-05,1.012358e-06,0.00655651,-7.028074e-05,-0.01519918,0.926
2024_02_12_20_37_05_295,0.3,0.0,42993.0,42992.0,17.92759,3.594477e-05,0.1359903,-1.211748e-06,0.009084466,-0.0001265788,0.93,4.271117e-05,-2.281754e-05,6.806534e-06,0.003993511,-6.994423e-05,-0.01155399,0.926
2024_02_12_20_37_05_333,0.3,0.0,43077.0,43077.0,17.96281,3.60031e-05,0.1359902,-1.457255e-06,0.009084555,-0.0001264773,0.93,-1.909336e-06,-5.627697e-05,-5.242656e-07,-0.01078844,-1.115632e-05,0.01909584,0.926
2024_02_12_20_37_05_371,0.3,0.0,43159.0,43159.0,17.99711,3.606744e-05,0.1359903,5.630168e-07,0.009084466,-0.0001285342,0.93,-4.614252e-07,-4.165611e-05,4.708656e-06,-0.001728535,-0.0001137045,-0.007600523,0.926
2024_02_12_20_37_05_404,0.3,0.0,43235.0,43235.0,18.02863,3.612581e-05,0.1359903,6.240161e-07,0.009084466,-0.0001285048,0.93,-1.234311e-06,-4.266271e-05,9.9925e-06,-0.003695488,0.0001458289,0.003866851,0.926
2024_02_12_20_37_05_442,0.3,0.0,43317.0,43317.0,18.06292,3.620921e-05,0.1359903,-1.70816e-06,0.009084466,-0.0001261441,0.93,2.212674e-05,-4.598807e-05,-3.324081e-06,0.00411272,-0.0002027459,-0.01148693,0.926
2024_02_12_20_37_05_479,0.3,0.0,43402.0,43402.0,18.09815,3.626352e-05,0.1359902,-1.73522e-06,0.009084495,-0.0001270072,0.93,1.908977e-05,-3.546843e-05,-3.801933e-06,0.002324581,-0.0002624335,-0.01523178,0.926
2024_02_12_20_37_05_512,0.3,0.0,43475.0,43475.0,18.12874,3.631342e-05,0.1359902,-6.092534e-07,0.009084437,-0.0001277058,0.93,-1.037133e-06,-4.320001e-05,2.849281e-06,-0.007808208,1.910996e-05,0.01518894,0.926
2024_02_12_20_37_05_550,0.3,0.0,43557.0,43557.0,18.16304,3.640253e-05,0.1359902,-1.557281e-07,0.009084437,-0.0001279914,0.93,4.571701e-06,-3.379884e-05,6.528755e-06,-0.0002980232,3.653076e-05,0.0114562,0.926
2024_02_12_20_37_05_587,0.3,0.0,43642.0,43642.0,18.19826,3.648114e-05,0.1359902,4.390824e-07,0.009084437,-0.0001305342,0.93,-2.150928e-05,-2.818222e-05,-1.002011e-05,-0.01055002,4.193179e-05,0.03435463,0.926
2024_02_12_20_37_05_625,0.3,0.0,43724.0,43724.0,18.23256,3.655759e-05,0.1359903,-5.589763e-09,0.009084555,-0.0001314642,0.93,2.341363e-07,-7.265565e-05,1.799568e-07,-0.01001358,-0.0001231922,0.01520384,0.926
2024_02_12_20_37_05_662,0.3,0.0,43808.0,43808.0,18.26778,3.662256e-05,0.1359902,8.735104e-08,0.009084437,-0.0001313337,0.93,-2.316059e-06,-3.263448e-05,-2.749495e-06,0.0001788139,-8.783684e-05,0.01146179,0.926
2024_02_12_20_37_05_700,0.3,0.0,43891.0,43891.0,18.30208,3.670887e-05,0.1359903,-2.827561e-06,0.009084435,-0.0001300129,0.93,-8.606671e-07,-4.958964e-05,1.494119e-07,-0.001847744,-0.0001297884,0.01507439,0.926
2024_02_12_20_37_05_737,0.3,0.0,43975.0,43975.0,18.33731,3.677878e-05,0.1359903,-2.842843e-07,0.009084526,-0.0001294927,0.93,3.249945e-06,-6.820273e-05,3.458093e-06,-0.003039837,-0.0001943401,-0.007615424,0.926
2024_02_12_20_37_05_775,0.3,0.0,44057.0,44057.0,18.3716,3.687391e-05,0.1359902,-8.256879e-07,0.009084407,-0.0001289149,0.93,2.527911e-06,-4.926911e-05,2.788534e-06,-0.010252,-0.0001710755,0.007484108,0.926
2024_02_12_20_37_05_808,0.3,0.0,44133.0,44133.0,18.40312,3.69443e-05,0.1359903,-1.635628e-06,0.009084466,-0.0001285317,0.93,-1.611107e-07,-4.157373e-05,-1.386834e-08,0.0007152557,-1.750504e-05,0.003867782,0.926
2024_02_12_20_37_05_846,0.3,0.0,44215.0,44215.0,18.43742,3.701402e-05,0.1359902,-1.056642e-07,0.009084437,-0.0001287632,0.93,-1.446319e-07,-5.380365e-05,7.206091e-07,-0.0009536743,2.876379e-05,-0.007622875,0.926
2024_02_12_20_37_05_883,0.3,0.0,44300.0,44300.0,18.47264,3.709112e-05,0.1359902,-4.146652e-07,0.009084466,-0.0001274056,0.93,-2.101569e-05,-4.307394e-05,1.154467e-05,-0.003397465,0.000138685,-0.007579103,0.926
2024_02_12_20_37_05_920,0.3,0.0,44382.0,44382.0,18.50694,3.716485e-05,0.1359902,-7.4916e-07,0.009084555,-0.0001275755,0.93,4.1949e-05,-6.125087e-05,8.866413e-06,-0.006973743,7.40523e-05,0.003834255,0.926
2024_02_12_20_37_05_958,0.3,0.0,44466.0,44466.0,18.54217,3.723332e-05,0.1359902,-1.748135e-06,0.009084467,-0.0001276943,0.93,1.564117e-06,-4.138879e-05,-1.034638e-06,-0.007033348,8.559709e-05,0.01915637,0.926
2024_02_12_20_37_05_991,0.3,0.0,44540.0,44540.0,18.57276,3.73063e-05,0.1359902,-1.664322e-06,0.009084495,-0.0001278273,0.93,4.202028e-07,-5.269689e-05,-5.148449e-06,0.004053116,-2.212573e-05,-0.01909677,0.926
2024_02_12_20_37_06_024,0.3,0.0,44613.0,44613.0,18.60335,3.737497e-05,0.1359902,-3.144119e-07,0.009084437,-0.0001260769,0.93,-2.013064e-05,-4.164724e-05,-1.383189e-05,-0.0002980232,0.0002063649,0.01147948,0.926
2024_02_12_20_37_06_063,0.3,0.0,44697.0,44697.0,18.63857,3.74713e-05,0.1359903,-4.114184e-07,0.009084465,-0.0001258189,0.93,-9.999877e-08,-5.756812e-05,2.927403e-06,-0.000834465,0.0001239565,0.003754161,0.926
2024_02_12_20_37_06_100,0.3,0.0,44780.0,44780.0,18.67287,3.755044e-05,0.1359902,-6.802013e-07,0.009084466,-0.0001271258,0.93,-2.035208e-05,-5.170254e-05,-1.580151e-05,-0.0116229,5.362562e-05,0.01149531,0.926
2024_02_12_20_37_06_137,0.3,0.0,44864.0,44864.0,18.7081,3.761542e-05,0.1359903,7.180227e-08,0.009084526,-0.0001300289,0.93,-2.711018e-06,-8.24856e-05,-2.682739e-06,0.0002384186,-0.0001574845,0.02679694,0.926
2024_02_12_20_37_06_174,0.3,0.0,44946.0,44946.0,18.74239,3.769491e-05,0.1359902,-1.871769e-06,0.009084466,-0.0001285261,0.93,2.036256e-05,-7.02013e-05,9.804291e-06,-0.005125999,-1.494902e-05,0.003838911,0.926
2024_02_12_20_37_06_212,0.3,0.0,45031.0,45031.0,18.77762,3.777954e-05,0.1359902,-6.057655e-07,0.009084467,-0.000126295,0.93,-1.501123e-06,-4.132866e-05,-2.080293e-06,-0.0009536743,-3.011712e-05,-0.003715977,0.926
2024_02_12_20_37_06_245,0.3,0.0,45104.0,45104.0,18.80821,3.787821e-05,0.1359902,-5.564269e-07,0.009084437,-0.0001248407,0.93,-3.839369e-05,-3.658015e-05,-1.55436e-06,0.002622604,8.121083e-05,0.01540501,0.926
2024_02_12_20_37_06_284,0.3,0.0,45189.0,45189.0,18.84343,3.794763e-05,0.1359902,-3.764832e-07,0.009084437,-0.0001262506,0.93,-2.389575e-05,-4.768752e-05,4.813655e-06,0.001966953,0.0002107231,-0.00755582,0.926
2024_02_12_20_37_06_316,0.3,0.0,45262.0,45262.0,18.87402,3.801586e-05,0.1359902,3.017715e-07,0.009084465,-0.0001248776,0.93,-1.811322e-06,-3.757243e-05,-7.511795e-08,-0.002026558,9.579252e-06,1.769513e-05,0.926
2024_02_12_20_37_06_353,0.3,0.0,45344.0,45344.0,18.90832,3.808831e-05,0.1359903,1.864467e-08,0.009084435,-0.000125947,0.93,-9.805423e-07,-4.612895e-05,-3.774132e-07,0.006258487,5.112599e-05,-0.007678754,0.926
2024_02_12_20_37_06_387,0.3,0.0,45420.0,45420.0,18.93984,3.814658e-05,0.1359903,-1.256763e-06,0.009084496,-0.0001263013,0.93,-4.530629e-07,-5.350848e-05,8.911649e-07,-0.001788139,0.0001797368,-9.872019e-05,0.926
2024_02_12_20_37_06_425,0.3,0.0,45502.0,45502.0,18.97414,3.822028e-05,0.1359903,1.249618e-06,0.009084466,-0.0001269761,0.93,1.72591e-06,-3.841755e-05,7.867647e-07,-0.003814697,4.76698e-05,-0.003835186,0.926
2024_02_12_20_37_06_459,0.3,0.0,45578.0,45578.0,19.00565,3.828261e-05,0.1359903,4.674046e-07,0.009084526,-0.0001275099,0.93,2.359593e-06,-7.071959e-05,2.18852e-06,0.00667572,0.0002458512,-0.007530674,0.926
2024_02_12_20_37_06_495,0.3,0.0,45660.0,45660.0,19.03995,3.834867e-05,0.1359902,-1.754361e-07,0.009084437,-0.0001279248,0.93,-1.96586e-05,-4.345232e-05,-1.032923e-05,0.004470348,-0.0001173471,-0.003714114,0.926
2024_02_12_20_37_06_529,0.3,0.0,45733.0,45733.0,19.07054,3.841937e-05,0.1359903,-1.795514e-06,0.009084466,-0.0001275244,0.93,4.549616e-05,-3.930352e-05,8.965179e-06,0.001013279,6.532446e-05,0.003869645,0.926
2024_02_12_20_37_06_566,0.3,0.0,45818.0,45818.0,19.10577,3.850383e-05,0.1359902,-1.236535e-07,0.009084465,-0.0001262986,0.93,-1.903355e-05,-6.194328e-05,-8.123417e-06,-0.000655651,0.0001688834,-0.003842637,0.926
2024_02_12_20_37_06_604,0.3,0.0,45900.0,45900.0,19.14006,3.861044e-05,0.1359903,-2.348042e-06,0.009084497,-0.0001249422,0.93,4.759056e-06,-6.132707e-05,6.761176e-06,0.008165836,-8.685242e-05,0.01535751,0.926
2024_02_12_20_37_06_637,0.3,0.0,45976.0,45976.0,19.17158,3.87025e-05,0.1359903,-7.939159e-08,0.009084467,-0.0001248144,0.93,-4.082774e-05,-6.769889e-05,-5.154799e-06,0.002682209,-2.706224e-05,-0.007652677,0.926
2024_02_12_20_37_06_670,0.3,0.0,46049.0,46049.0,19.20217,3.876629e-05,0.1359902,-1.903035e-07,0.009084377,-0.000126931,0.93,-2.554657e-05,-2.426176e-05,9.774615e-07,0.004410744,-4.726143e-05,0.003870576,0.926
2024_02_12_20_37_06_709,0.3,0.0,46133.0,46133.0,19.2374,3.88499e-05,0.1359902,-1.192569e-06,0.009084465,-0.0001269914,0.93,3.407352e-07,-5.263979e-05,-2.671567e-06,-0.0002384186,0.0001963035,-1.396984e-05,0.926
2024_02_12_20_37_06_746,0.3,0.0,46216.0,46216.0,19.27169,3.8939e-05,0.1359903,1.141763e-06,0.009084466,-0.0001267665,0.93,-3.549444e-06,-4.368823e-05,2.428231e-06,0.001311302,-0.0002133956,-0.01531094,0.926
2024_02_12_20_37_06_784,0.3,0.0,46300.0,46300.0,19.30692,3.90251e-05,0.1359903,-3.066074e-08,0.009084437,-0.0001253294,0.93,9.358214e-07,-5.318484e-05,8.877773e-07,0.00923872,-5.54362e-05,-0.00756327,0.926
2024_02_12_20_37_06_820,0.3,0.0,46382.0,46382.0,19.34122,3.909352e-05,0.1359902,-7.169295e-07,0.009084467,-0.0001247947,0.93,-1.679002e-06,-4.350665e-05,-2.050293e-06,-0.002980232,0.0002852856,0.01539476,0.926
2024_02_12_20_37_06_853,0.3,0.0,46456.0,46456.0,19.37181,3.915922e-05,0.1359903,3.586511e-08,0.009084437,-0.0001232113,0.93,8.006859e-07,-5.005285e-05,1.458428e-06,0.002503395,-4.002868e-05,-0.01532957,0.926
2024_02_12_20_37_06_891,0.3,0.0,46540.0,46540.0,19.40703,3.923022e-05,0.1359902,-7.816208e-07,0.009084465,-0.0001234343,0.93,2.131153e-05,-4.510451e-05,-7.312326e-06,0.008940697,-3.899094e-05,-0.01136679,0.926
2024_02_12_20_37_06_928,0.3,0.0,46623.0,46622.0,19.44133,3.93039e-05,0.1359903,1.95046e-07,0.009084437,-0.0001229513,0.93,1.164732e-08,-5.07771e-05,3.015325e-07,0.0103116,5.658193e-06,-0.02287514,0.926
2024_02_12_20_37_06_962,0.3,0.0,46698.0,46698.0,19.47285,3.938394e-05,0.1359902,-1.918799e-06,0.009084467,-0.0001224515,0.93,2.306846e-05,-5.452626e-05,1.373226e-05,-0.0009536743,0.0001555577,9.685754e-05,0.926
2024_02_12_20_37_07_000,0.3,0.0,46780.0,46780.0,19.50714,3.947447e-05,0.1359902,5.235923e-07,0.009084348,-0.0001210621,0.93,-1.29497e-06,-1.980694e-05,2.639852e-06,-0.006496906,0.000274323,0.003720633,0.926
2024_02_12_20_37_07_038,0.3,0.0,46865.0,46865.0,19.54237,3.955595e-05,0.1359903,-1.161305e-06,0.009084407,-0.0001213483,0.93,2.279674e-05,-4.160546e-05,1.283758e-05,0.009536743,0.0002202614,-0.007661059,0.926
2024_02_12_20_37_07_074,0.3,0.0,46947.0,46947.0,19.57667,3.965322e-05,0.1359902,3.517223e-07,0.009084377,-0.0001193887,0.93,-1.917322e-05,-1.573914e-05,6.586501e-06,-0.003457069,-6.531195e-05,0.01910422,0.926
2024_02_12_20_37_07_112,0.3,0.0,47032.0,47032.0,19.61189,3.972651e-05,0.1359902,7.477832e-07,0.009084437,-0.0001216322,0.93,-6.694453e-06,-4.691202e-05,-3.417655e-06,0.0004172325,5.83434e-05,0.007624737,0.926
2024_02_12_20_37_07_147,0.3,0.0,47105.0,47105.0,19.64248,3.978283e-05,0.1359902,4.349099e-07,0.009084377,-0.0001223674,0.93,-4.536079e-06,8.113039e-06,-3.121677e-06,-0.009775162,-5.00321e-05,0.01922529,0.926
2024_02_12_20_37_07_178,0.3,0.0,47178.0,47178.0,19.67307,3.982988e-05,0.1359902,8.59689e-07,0.009084496,-0.0001239321,0.93,-2.577657e-05,-6.531545e-05,5.119667e-06,-0.002622604,-1.64207e-05,0.01156516,0.926
2024_02_12_20_37_07_216,0.3,0.0,47263.0,47263.0,19.7083,3.988715e-05,0.1359902,8.388803e-07,0.009084435,-0.0001245675,0.93,-2.020116e-05,-5.537162e-05,6.334642e-06,0.004947185,4.540129e-05,9.778886e-05,0.926
2024_02_12_20_37_07_254,0.3,0.0,47345.0,47345.0,19.7426,3.998299e-05,0.1359903,8.796243e-07,0.009084435,-0.0001228481,0.93,-1.984212e-05,-5.71502e-05,3.759866e-06,0.00745058,6.758932e-05,-0.01142733,0.926
2024_02_12_20_37_07_291,0.3,0.0,47429.0,47429.0,19.77782,4.004056e-05,0.1359903,8.897152e-07,0.009084437,-0.0001234717,0.93,-4.654857e-06,-5.552022e-05,8.593476e-06,-0.01370907,-0.0001221825,0.01905952,0.926
2024_02_12_20_37_07_325,0.3,0.0,47503.0,47503.0,19.80841,4.009182e-05,0.1359903,-1.40685e-07,0.009084437,-0.0001235323,0.93,6.1819e-07,-5.827935e-05,-3.128625e-06,0.0,8.482209e-05,-5.308538e-05,0.926
2024_02_12_20_37_07_362,0.3,0.0,47587.0,47587.0,19.84364,4.015433e-05,0.1359903,-2.937125e-07,0.009084437,-0.0001233095,0.93,1.339471e-06,-6.009749e-05,-3.06032e-06,0.0,6.116147e-05,-5.308538e-05,0.926
2024_02_12_20_37_07_396,0.3,0.0,47661.0,47661.0,19.87423,4.020116e-05,0.1359902,5.965939e-07,0.009084495,-0.0001225642,0.93,-1.504248e-06,-3.915769e-05,7.98364e-08,-0.001609325,3.918706e-05,-4.284083e-05,0.926
2024_02_12_20_37_07_431,0.3,0.0,47734.0,47734.0,19.90482,4.026745e-05,0.1359903,-1.602869e-06,0.009084437,-0.0001238441,0.93,-1.819106e-05,-4.722232e-05,1.622662e-05,-0.002264977,-4.660478e-05,-0.007713213,0.926
2024_02_12_20_37_07_465,0.3,0.0,47818.0,47818.0,19.94004,4.036305e-05,0.1359903,-9.626415e-07,0.009084466,-0.0001242347,0.93,2.582924e-06,-4.534282e-05,-3.281845e-06,0.004649162,-8.976713e-06,-0.01524016,0.926
2024_02_12_20_37_07_504,0.3,0.0,47901.0,47901.0,19.97434,4.044398e-05,0.1359902,-2.899295e-06,0.009084437,-0.0001258435,0.93,4.037441e-05,-4.353504e-05,1.027485e-05,-0.008940697,-0.0002009415,0.01900923,0.926
2024_02_12_20_37_07_541,0.3,0.0,47985.0,47985.0,20.00956,4.05342e-05,0.1359902,6.623603e-08,0.009084465,-0.0001256108,0.93,-2.225665e-05,-6.258906e-05,-1.016967e-05,-0.004410744,2.531124e-06,-4.656613e-05,0.926
2024_02_12_20_37_07_574,0.3,0.0,48058.0,48058.0,20.04015,4.059889e-05,0.1359903,-1.703568e-07,0.009084466,-0.0001263931,0.93,1.770723e-05,-4.03335e-05,-9.320651e-06,0.01293421,5.087725e-05,-0.01899339,0.926
2024_02_12_20_37_07_612,0.3,0.0,48143.0,48143.0,20.07538,4.066369e-05,0.1359902,-1.304404e-06,0.009084437,-0.0001261898,0.93,-2.932121e-06,-4.713234e-05,-4.609029e-06,0.008165836,-2.08903e-05,0.00761263,0.926
2024_02_12_20_37_07_650,0.3,0.0,48225.0,48225.0,20.10968,4.074235e-05,0.1359902,-1.447905e-06,0.009084465,-0.0001247413,0.93,8.128721e-07,-5.496891e-05,-2.306681e-06,-0.0002384186,6.683899e-05,2.421439e-05,0.926
2024_02_12_20_37_07_689,0.3,0.0,48310.0,48310.0,20.1449,4.082656e-05,0.1359903,-1.323777e-07,0.009084407,-0.0001228511,0.93,-2.141613e-05,-3.556364e-05,-1.688073e-05,-0.001430511,0.0001891398,-0.003898516,0.926
2024_02_12_20_37_07_721,0.3,0.0,48383.0,48383.0,20.17549,4.090211e-05,0.1359902,-6.444062e-07,0.009084465,-0.0001208515,0.93,6.810657e-07,-4.216612e-05,-9.629421e-07,0.003695488,0.0001285205,-0.01521036,0.926
2024_02_12_20_37_07_757,0.3,0.0,48465.0,48465.0,20.20979,4.095849e-05,0.1359903,-1.665885e-06,0.009084437,-0.0001214264,0.93,2.045705e-05,-5.967634e-05,1.256755e-05,0.007331371,5.544712e-05,-0.0190679,0.926
2024_02_12_20_37_07_796,0.3,0.0,48550.0,48550.0,20.24501,4.104523e-05,0.1359902,-8.45203e-07,0.009084437,-0.0001198569,0.93,-1.570551e-05,-4.34123e-05,7.907966e-06,-0.01180172,0.0002117745,0.02296921,0.926
2024_02_12_20_37_07_829,0.3,0.0,48623.0,48623.0,20.2756,4.111136e-05,0.1359903,5.327657e-07,0.009084466,-0.00012028,0.93,-2.077751e-05,-4.52987e-05,8.448987e-06,0.005483627,0.0001484255,-0.007574446,0.926
2024_02_12_20_37_07_863,0.3,0.0,48699.0,48699.0,20.30712,4.116971e-05,0.1359903,4.596982e-09,0.009084317,-0.0001194962,0.93,-2.455639e-05,-2.304545e-05,2.706254e-06,-0.004649162,1.660078e-05,0.007485039,0.926
2024_02_12_20_37_07_899,0.3,0.0,48781.0,48781.0,20.34142,4.124644e-05,0.1359902,-1.065925e-06,0.009084287,-0.0001164127,0.93,2.721578e-06,-1.106583e-05,2.065147e-06,0.007331371,-0.0001836654,-0.007696449,0.926
2024_02_12_20_37_07_932,0.3,0.0,48854.0,48854.0,20.37201,4.131272e-05,0.1359902,-2.746423e-07,0.009084466,-0.000116495,0.93,-2.189038e-05,-7.234941e-05,-1.897095e-05,0.01722574,4.957201e-05,-0.03040861,0.926
2024_02_12_20_37_07_971,0.3,0.0,48939.0,48939.0,20.40723,4.136314e-05,0.1359902,1.459224e-07,0.009084346,-0.0001183024,0.93,-1.288665e-06,-1.644096e-05,-1.894478e-06,-0.005364418,2.405659e-05,6.891787e-05,0.926
2024_02_12_20_37_08_008,0.3,0.0,49021.0,49021.0,20.44153,4.143509e-05,0.1359903,-1.908543e-06,0.009084466,-0.0001190004,0.93,2.545181e-05,-6.443974e-05,1.020594e-05,0.00655651,-7.354947e-05,-0.003828667,0.926
2024_02_12_20_37_08_041,0.3,0.0,49097.0,49097.0,20.47305,4.154837e-05,0.1359903,-1.923773e-06,0.009084466,-0.0001171679,0.93,2.461087e-05,-4.112082e-05,-5.982913e-06,0.01603365,-0.0002048561,-0.0267066,0.926
2024_02_12_20_37_08_078,0.3,0.0,49179.0,49179.0,20.50735,4.159774e-05,0.1359902,-3.34768e-07,0.009084437,-0.0001189024,0.93,1.919001e-05,-5.769984e-05,-3.397024e-06,0.00166893,-1.722674e-05,0.003934838,0.926
2024_02_12_20_37_08_116,0.3,0.0,49263.0,49263.0,20.54257,4.166388e-05,0.1359902,-7.270987e-07,0.009084377,-0.0001193711,0.93,8.527999e-07,-1.712409e-05,2.959425e-06,-0.005483627,-0.0001590208,0.01529697,0.926
2024_02_12_20_37_08_153,0.3,0.0,49346.0,49346.0,20.57687,4.173073e-05,0.1359903,-1.519678e-06,0.009084437,-0.0001209939,0.93,2.067412e-05,-4.591946e-05,8.946279e-06,0.003039837,5.433799e-05,-0.01145061,0.926
2024_02_12_20_37_08_187,0.3,0.0,49421.0,49421.0,20.60839,4.181031e-05,0.1359903,-2.057632e-06,0.009084466,-0.0001188285,0.93,3.369967e-06,-5.908326e-05,-4.900053e-06,-0.0001192093,6.400773e-05,0.003794208,0.926
2024_02_12_20_37_08_226,0.3,0.0,49503.0,49503.0,20.64268,4.18822e-05,0.1359902,7.496087e-07,0.009084465,-0.0001194402,0.93,3.085747e-07,-4.241127e-05,-4.904055e-09,0.000655651,0.0002821937,-0.007582828,0.926
2024_02_12_20_37_08_262,0.3,0.0,49588.0,49588.0,20.67791,4.197582e-05,0.1359903,-1.196281e-06,0.009084466,-0.0001168411,0.93,-1.77536e-05,-4.057454e-05,1.206483e-05,0.007629394,5.871879e-05,-0.0152085,0.926
2024_02_12_20_37_08_300,0.3,0.0,49670.0,49670.0,20.71221,4.205279e-05,0.1359902,-1.764127e-07,0.009084407,-0.0001182738,0.93,-1.736953e-05,-4.823619e-05,-1.291838e-05,0.001132488,2.3555e-05,-0.007595866,0.926
2024_02_12_20_37_08_332,0.3,0.0,49743.0,49743.0,20.7428,4.210863e-05,0.1359902,1.041104e-06,0.009084435,-0.0001208889,0.93,-3.897782e-05,-5.643956e-05,-4.030571e-06,0.006735324,5.514584e-05,0.0001089647,0.926
2024_02_12_20_37_08_370,0.3,0.0,49828.0,49828.0,20.77802,4.222547e-05,0.1359903,-1.721669e-06,0.009084435,-0.0001203078,0.93,5.98685e-06,-4.946344e-05,5.640398e-06,0.003397465,-3.631931e-05,-0.007637776,0.926
2024_02_12_20_37_08_408,0.3,0.0,49910.0,49910.0,20.81232,4.234589e-05,0.1359902,-2.05377e-06,0.009084465,-0.0001188502,0.93,1.715919e-06,-5.78236e-05,7.717112e-07,-0.006914138,1.891544e-05,0.0075493,0.926
2024_02_12_20_37_08_446,0.3,0.0,49995.0,49995.0,20.84755,4.243962e-05,0.1359902,2.194833e-07,0.009084435,-0.0001193151,0.93,-2.158193e-06,-5.660806e-05,-2.327258e-06,0.01710653,4.895787e-05,-0.0381358,0.926
2024_02_12_20_37_08_483,0.3,0.0,50077.0,50077.0,20.88184,4.252456e-05,0.1359902,-3.120402e-07,0.009084435,-0.0001222966,0.93,1.953152e-05,-5.171895e-05,1.399329e-05,-0.005841255,-5.945503e-05,0.01909677,0.926
2024_02_12_20_37_08_520,0.3,0.0,50161.0,50161.0,20.91707,4.258849e-05,0.1359902,-7.454085e-07,0.009084437,-0.0001238143,0.93,3.614583e-05,-7.393014e-05,7.057308e-06,-0.01573563,-4.162086e-05,0.03050268,0.926
2024_02_12_20_37_08_553,0.3,0.0,50235.0,50235.0,20.94766,4.267201e-05,0.1359903,-1.50805e-06,0.009084407,-0.0001227939,0.93,2.756708e-06,-5.96175e-05,2.431841e-06,-0.003695488,6.416121e-05,0.003806315,0.926
2024_02_12_20_37_08_591,0.3,0.0,50319.0,50319.0,20.98288,4.275538e-05,0.1359902,4.224446e-07,0.009084437,-0.0001210726,0.93,-2.916802e-06,-3.979692e-05,3.083145e-06,0.0007748603,0.0002354741,0.01146365,0.926
2024_02_12_20_37_08_629,0.3,0.0,50401.0,50401.0,21.01718,4.281536e-05,0.1359903,-1.4092e-06,0.009084437,-0.0001224158,0.93,-2.626417e-06,-4.712464e-05,-6.81817e-06,0.002026558,0.00015055,-0.003848225,0.926
2024_02_12_20_37_08_666,0.3,0.0,50486.0,50486.0,21.05241,4.29003e-05,0.1359903,1.335321e-07,0.009084435,-0.0001208455,0.93,-4.748564e-07,-7.156855e-05,1.187317e-06,-0.001549721,5.743527e-05,-0.007758848,0.926
2024_02_12_20_37_08_704,0.3,0.0,50568.0,50568.0,21.0867,4.298386e-05,0.1359902,6.390265e-07,0.009084435,-0.0001203362,0.93,-4.27103e-05,-5.21844e-05,-8.632677e-06,-0.002503395,2.270826e-05,-0.003858469,0.926
2024_02_12_20_37_08_741,0.3,0.0,50653.0,50653.0,21.12193,4.306488e-05,0.1359902,1.046448e-06,0.009084348,-0.0001217326,0.93,-1.223389e-06,-2.670555e-05,1.367073e-08,0.001370907,-0.0002294762,0.003749504,0.926
2024_02_12_20_37_08_778,0.3,0.0,50735.0,50735.0,21.15623,4.313802e-05,0.1359903,-2.34756e-08,0.009084437,-0.0001215907,0.93,3.366838e-07,-6.850258e-05,4.083277e-06,0.007212162,0.0001853568,-0.003754161,0.926
2024_02_12_20_37_08_816,0.3,0.0,50819.0,50819.0,21.19145,4.320411e-05,0.1359902,-1.026147e-06,0.009084377,-0.0001234404,0.93,1.838798e-05,-2.952759e-05,-7.98296e-06,-0.0009536743,6.23952e-05,-0.003863126,0.926
2024_02_12_20_37_08_849,0.3,0.0,50893.0,50893.0,21.22204,4.324438e-05,0.1359902,1.915491e-07,0.009084377,-0.0001257411,0.93,-1.981546e-06,-3.513246e-05,-3.574703e-06,0.001788139,-3.556579e-05,0.007580034,0.926
2024_02_12_20_37_08_887,0.3,0.0,50975.0,50975.0,21.25634,4.331947e-05,0.1359902,-1.073255e-07,0.009084167,-0.0001232128,0.93,2.672904e-06,2.983876e-05,4.386633e-06,0.01293421,0.0001125932,-0.01893193,0.926
2024_02_12_20_37_08_920,0.3,0.0,51051.0,51051.0,21.28786,4.336504e-05,0.1359901,-6.003808e-07,0.009084346,-0.0001260749,0.93,5.751606e-07,4.27783e-06,1.430228e-06,-0.003874302,0.0001189124,-0.01889002,0.926
2024_02_12_20_37_08_957,0.3,0.0,51133.0,51133.0,21.32215,4.345567e-05,0.1359902,8.506441e-07,0.009084437,-0.0001245016,0.93,-1.944512e-05,-2.527608e-05,-1.179872e-05,-0.01555681,8.649977e-06,0.0421293,0.926
2024_02_12_20_37_08_995,0.3,0.0,51217.0,51217.0,21.35738,4.353269e-05,0.1359902,-3.374043e-07,0.009084377,-0.0001253116,0.93,1.801316e-07,-2.579464e-05,-6.901823e-06,0.001013279,-5.736751e-05,-0.003911555,0.926
2024_02_12_20_37_09_033,0.3,0.0,51299.0,51299.0,21.39168,4.36166e-05,0.1359903,-1.716453e-06,0.009084496,-0.0001254913,0.93,1.984274e-05,-8.361645e-05,-7.091774e-06,-0.001966953,-0.0001400274,0.01142826,0.926
2024_02_12_20_37_09_066,0.3,0.0,51375.0,51375.0,21.42319,4.368636e-05,0.1359902,-2.083201e-06,0.009084465,-0.0001253754,0.93,2.234334e-05,-5.120522e-05,-8.668002e-06,0.002741813,2.926254e-05,-0.01529884,0.926
2024_02_12_20_37_09_104,0.3,0.0,51457.0,51457.0,21.45749,4.377941e-05,0.1359903,-2.305919e-07,0.009084437,-0.0001229966,0.93,-1.569755e-07,-4.75951e-05,-1.777599e-07,0.01037121,1.009266e-05,-0.02287514,0.926
2024_02_12_20_37_09_136,0.3,0.0,51531.0,51531.0,21.48808,4.385668e-05,0.1359902,3.326798e-07,0.009084437,-0.0001222953,0.93,-2.022973e-06,-3.640468e-05,-1.796211e-06,0.007331371,-5.031688e-05,-0.007520429,0.926
2024_02_12_20_37_09_174,0.3,0.0,51615.0,51615.0,21.52331,4.393163e-05,0.1359903,-1.199694e-06,0.009084377,-0.0001230543,0.93,-1.697228e-06,-3.983845e-05,3.063055e-08,0.0005364418,0.0002209084,-0.0001108274,0.926
2024_02_12_20_37_09_208,0.3,0.0,51688.0,51688.0,21.5539,4.400235e-05,0.1359903,-3.076126e-06,0.009084437,-0.0001250789,0.93,4.047396e-06,-4.861471e-05,4.349659e-06,-0.0002980232,7.453036e-05,-3.818423e-05,0.926
2024_02_12_20_37_09_245,0.3,0.0,51773.0,51773.0,21.58912,4.410107e-05,0.1359902,1.531525e-06,0.009084407,-0.0001231478,0.93,-2.443471e-05,-5.027345e-05,-1.1723e-05,-0.002384186,5.447555e-05,0.01138076,0.926
2024_02_12_20_37_09_278,0.3,0.0,51846.0,51846.0,21.61971,4.416746e-05,0.1359902,2.195331e-07,0.009084437,-0.0001242143,0.93,-1.089196e-06,-4.015998e-05,5.47992e-07,-0.008702278,-4.287744e-05,0.03053807,0.926
2024_02_12_20_37_09_316,0.3,0.0,51931.0,51931.0,21.65494,4.425572e-05,0.1359902,-1.786271e-06,0.009084377,-0.0001234714,0.93,-4.506227e-07,-5.797186e-05,-2.157012e-06,-0.002741813,-0.0001936082,-3.72529e-06,0.926
2024_02_12_20_37_09_349,0.3,0.0,52004.0,52004.0,21.68553,4.43123e-05,0.1359902,-3.087182e-06,0.009084437,-0.0001246221,0.93,4.084173e-05,-3.803592e-05,5.210198e-06,-0.0003576278,5.59055e-06,0.01525693,0.926
2024_02_12_20_37_09_387,0.3,0.0,52086.0,52086.0,21.71983,4.440515e-05,0.1359903,-2.369417e-06,0.009084437,-0.000124096,0.93,2.385363e-05,-5.004102e-05,-5.97465e-06,-0.01257658,0.0002848178,0.03045425,0.926
2024_02_12_20_37_09_425,0.3,0.0,52171.0,52171.0,21.75505,4.449572e-05,0.1359902,-1.956915e-06,0.009084465,-0.0001235464,0.93,2.102748e-05,-4.574767e-05,-7.496169e-06,-0.00166893,5.534184e-05,-2.793968e-05,0.926
2024_02_12_20_37_09_457,0.3,0.0,52244.0,52244.0,21.78564,4.45827e-05,0.1359902,-2.450298e-09,0.009084467,-0.000121734,0.93,-2.24747e-05,-3.433732e-05,-9.772836e-06,-0.006794929,9.527525e-05,0.02683885,0.926
2024_02_12_20_37_09_495,0.3,0.0,52329.0,52329.0,21.82087,4.467802e-05,0.1359902,-1.252597e-06,0.009084435,-0.0001219432,0.93,2.322493e-06,-5.552064e-05,4.889116e-07,-0.00500679,-9.431915e-06,-0.007783994,0.926
2024_02_12_20_37_09_532,0.3,0.0,52411.0,52411.0,21.85516,4.476267e-05,0.1359903,-1.259888e-06,0.009084496,-0.000120886,0.93,-1.409e-06,-6.606223e-05,-2.143121e-06,0.01305342,0.0001657886,-0.0381982,0.926
2024_02_12_20_37_09_570,0.3,0.0,52495.0,52495.0,21.89039,4.485455e-05,0.1359902,-2.141582e-06,0.009084407,-0.0001193225,0.93,1.110469e-06,-5.422687e-05,-1.9397e-06,-0.01060963,5.453694e-05,0.02279412,0.926
2024_02_12_20_37_09_603,0.3,0.0,52569.0,52569.0,21.92098,4.493276e-05,0.1359903,-4.739904e-07,0.009084466,-0.0001199077,0.93,-2.094911e-05,-4.518478e-05,7.94433e-06,0.009953975,0.0002849949,-0.01519173,0.926
2024_02_12_20_37_09_641,0.3,0.0,52653.0,52653.0,21.9562,4.502412e-05,0.1359902,-1.115529e-06,0.009084465,-0.0001193003,0.93,-8.524652e-07,-5.148553e-05,-2.915524e-06,-0.0005960464,6.77046e-05,2.142042e-05,0.926
2024_02_12_20_37_09_678,0.3,0.0,52735.0,52735.0,21.9905,4.509729e-05,0.1359903,4.781105e-08,0.009084496,-0.0001184237,0.93,1.80135e-05,-6.360852e-05,-6.122889e-06,5.960464e-05,-6.532206e-05,-1.210719e-05,0.926
2024_02_12_20_37_09_711,0.3,0.0,52809.0,52809.0,22.02109,4.514468e-05,0.1359902,1.530332e-07,0.009084407,-0.0001196731,0.93,1.827458e-05,-2.352595e-05,9.976288e-06,-0.00923872,-0.0002483872,0.04205573,0.926
2024_02_12_20_37_09_749,0.3,0.0,52893.0,52893.0,22.05632,4.521443e-05,0.1359903,1.257998e-06,0.009084467,-0.0001175594,0.93,-2.21067e-05,-6.751013e-05,1.072135e-05,-0.004410744,-9.121777e-06,0.01144968,0.926
2024_02_12_20_37_09_791,0.3,0.0,52984.0,52984.0,22.09432,4.529126e-05,0.1359901,-6.668233e-07,0.009084227,-0.0001177591,0.93,-4.474485e-05,2.247657e-05,-2.618369e-06,-0.005722045,0.000281467,0.003868714,0.926
2024_02_12_20_37_09_824,0.3,0.0,53060.0,53060.0,22.12584,4.536515e-05,0.1359902,-9.884054e-07,0.009084346,-0.0001184818,0.93,3.252068e-06,-7.64069e-06,3.616633e-06,-0.003516674,0.0002251625,-0.01143757,0.926
2024_02_12_20_37_09_861,0.3,0.0,53142.0,53142.0,22.16014,4.545212e-05,0.1359902,-1.036682e-06,0.009084348,-0.0001196568,0.93,-1.890963e-05,-2.112744e-05,1.125162e-05,-0.004947185,-2.251977e-05,0.01904741,0.926
2024_02_12_20_37_09_899,0.3,0.0,53227.0,53227.0,22.19536,4.5549e-05,0.1359903,-2.499776e-07,0.009084467,-0.0001187744,0.93,-2.294665e-05,-6.246311e-05,-9.268241e-06,0.004768372,9.13966e-05,4.097819e-05,0.926
2024_02_12_20_37_09_937,0.3,0.0,53309.0,53309.0,22.22966,4.562758e-05,0.1359903,-1.674224e-06,0.009084467,-0.0001180305,0.93,-1.630135e-06,-6.513661e-05,2.51564e-07,0.0002980232,0.0001655583,-0.003826804,0.926
2024_02_12_20_37_09_974,0.3,0.0,53393.0,53393.0,22.26488,4.571997e-05,0.1359902,1.824244e-07,0.009084348,-0.0001186182,0.93,-1.20482e-06,-1.383758e-05,-1.657474e-06,-0.00745058,2.645242e-05,0.007488764,0.926
2024_02_12_20_37_10_012,0.3,0.0,53476.0,53476.0,22.29918,4.577352e-05,0.1359903,-1.491475e-06,0.009084437,-0.0001227697,0.93,2.099362e-05,-5.395294e-05,6.053172e-06,-0.006854534,0.000187865,-5.587935e-05,0.926
2024_02_12_20_37_10_049,0.3,0.0,53560.0,53560.0,22.33441,4.58713e-05,0.1359902,-1.146699e-06,0.009084407,-0.0001199683,0.93,2.183357e-06,-4.86188e-05,-1.734266e-05,-0.000655651,-0.0001133194,0.007630325,0.926
2024_02_12_20_37_10_086,0.3,0.0,53642.0,53642.0,22.36871,4.593001e-05,0.1359903,3.731843e-07,0.009084437,-0.0001215464,0.93,-2.673374e-06,-3.759396e-05,-2.822069e-06,0.01329183,-0.0001931845,-0.01132954,0.926
2024_02_12_20_37_10_124,0.3,0.0,53727.0,53727.0,22.40393,4.601743e-05,0.1359902,-2.312819e-06,0.009084437,-0.0001199878,0.93,8.993963e-07,-3.96144e-05,3.154479e-06,0.00411272,0.0001019628,-0.01137797,0.926
2024_02_12_20_37_10_161,0.3,0.0,53809.0,53809.0,22.43823,4.609864e-05,0.1359902,1.266006e-06,0.009084407,-0.0001198815,0.93,-2.192296e-05,-4.959962e-05,-1.14474e-05,-0.01102686,0.0001224769,0.01512933,0.926
2024_02_12_20_37_10_199,0.3,0.0,53894.0,53894.0,22.47345,4.617344e-05,0.1359903,6.309e-08,0.009084555,-0.0001200612,0.93,1.903911e-05,-7.529691e-05,1.83287e-05,-0.01090765,-0.000219513,0.01519546,0.926
2024_02_12_20_37_10_237,0.3,0.0,53976.0,53976.0,22.50775,4.623462e-05,0.1359903,9.275439e-07,0.009084377,-0.0001191826,0.93,-1.408563e-06,-2.761438e-05,5.192881e-06,-0.01472235,-0.0003158391,0.01507718,0.926
2024_02_12_20_37_10_274,0.3,0.0,54060.0,54060.0,22.54298,4.63051e-05,0.1359903,-1.13441e-06,0.009084406,-0.0001194655,0.93,2.877738e-06,-8.454523e-05,6.928956e-07,0.01257658,1.569128e-05,-0.03061723,0.926
2024_02_12_20_37_10_308,0.3,0.0,54134.0,54134.0,22.57357,4.639088e-05,0.1359902,-2.870339e-06,0.009084435,-0.000118046,0.93,3.665984e-06,-5.923669e-05,-7.321618e-07,-0.007212162,0.0001034846,0.00751391,0.926
2024_02_12_20_37_10_345,0.3,0.0,54218.0,54218.0,22.60879,4.648575e-05,0.1359903,6.219908e-07,0.009084437,-0.000115643,0.93,-3.050599e-06,-5.00777e-05,-7.916892e-06,0.005304813,-0.0002416094,-0.003781169,0.926
2024_02_12_20_37_10_382,0.3,0.0,54300.0,54300.0,22.64309,4.656527e-05,0.1359903,-3.75148e-07,0.009084407,-0.000113062,0.93,8.402263e-07,-3.088096e-05,-4.016283e-06,0.006616115,0.0001438782,-0.01138635,0.926
2024_02_12_20_37_10_420,0.3,0.0,54385.0,54385.0,22.67831,4.663932e-05,0.1359903,-1.691833e-06,0.009084435,-0.0001125461,0.93,1.693429e-05,-5.162811e-05,9.593145e-06,-0.005364418,0.0003280212,0.003734603,0.926
2024_02_12_20_37_10_458,0.3,0.0,54467.0,54467.0,22.71261,4.67197e-05,0.1359903,1.443358e-06,0.009084466,-0.0001120407,0.93,-5.344083e-08,-4.259749e-05,-7.56232e-07,-0.003397465,9.221776e-05,-0.00383053,0.926
2024_02_12_20_37_10_490,0.3,0.0,54540.0,54540.0,22.7432,4.680494e-05,0.1359902,-3.683694e-07,0.009084437,-0.0001118905,0.93,1.2035e-06,-5.583922e-05,6.852179e-07,-0.01245737,-9.447296e-05,0.02289936,0.926
2024_02_12_20_37_10_529,0.3,0.0,54625.0,54625.0,22.77843,4.687431e-05,0.1359902,-1.599292e-07,0.009084467,-0.000111386,0.93,-3.702384e-06,-6.963607e-05,5.45479e-07,0.004172325,-0.0003221129,-0.003778375,0.926
2024_02_12_20_37_10_566,0.3,0.0,54707.0,54707.0,22.81273,4.693471e-05,0.1359902,-2.901131e-06,0.009084437,-0.000113628,0.93,4.387285e-05,-4.442214e-05,6.470669e-06,-0.009596348,-2.466038e-05,0.01900364,0.926
2024_02_12_20_37_10_604,0.3,0.0,54792.0,54792.0,22.84795,4.702855e-05,0.1359902,-5.086687e-07,0.009084465,-0.0001102878,0.93,-1.831494e-05,-6.493949e-05,-1.324535e-05,-0.003457069,0.0001199378,0.003784895,0.926
2024_02_12_20_37_10_641,0.3,0.0,54874.0,54874.0,22.88225,4.708601e-05,0.1359902,6.301739e-07,0.009084467,-0.0001116383,0.93,-4.086768e-06,-5.161678e-05,-1.418836e-06,0.0002384186,0.0001626008,0.0001071021,0.926
2024_02_12_20_37_10_674,0.3,0.0,54949.0,54949.0,22.91376,4.715511e-05,0.1359902,-8.448217e-07,0.009084435,-0.0001111456,0.93,-4.401955e-08,-5.411022e-05,-3.098447e-07,0.004649162,-5.214928e-06,-0.01137145,0.926
2024_02_12_20_37_10_712,0.3,0.0,55032.0,55032.0,22.94806,4.723839e-05,0.1359903,2.170133e-07,0.009084377,-0.0001103604,0.93,-6.02217e-07,-3.65858e-05,2.475331e-06,0.01180172,-9.343842e-05,-0.02294592,0.926
2024_02_12_20_37_10_749,0.3,0.0,55116.0,55116.0,22.98329,4.730682e-05,0.1359902,-2.189463e-06,0.009084407,-0.0001092132,0.93,-7.893188e-07,-4.123716e-05,4.720576e-07,0.006914138,0.0001495605,-0.01519266,0.926
2024_02_12_20_37_10_787,0.3,0.0,55198.0,55198.0,23.01759,4.736437e-05,0.1359903,-1.649501e-07,0.009084437,-0.000111115,0.93,-2.228597e-05,-5.605744e-05,4.157133e-06,0.00923872,-8.981772e-05,-0.01522526,0.926
2024_02_12_20_37_10_824,0.3,0.0,55283.0,55283.0,23.05281,4.745445e-05,0.1359903,-3.570493e-07,0.009084348,-0.000107885,0.93,2.027386e-06,-9.261849e-06,1.263877e-06,-0.001251697,-0.0001866267,-4.284083e-05,0.926
2024_02_12_20_37_10_857,0.3,0.0,55356.0,55356.0,23.0834,4.74982e-05,0.1359902,4.475032e-07,0.009084435,-0.0001102785,0.93,-3.224333e-06,-5.973595e-05,5.93116e-07,0.006794929,-6.238974e-05,-0.01914613,0.926
2024_02_12_20_37_10_895,0.3,0.0,55441.0,55441.0,23.11863,4.756269e-05,0.1359902,-6.57368e-07,0.009084168,-0.0001120528,0.93,-1.022827e-06,3.765471e-05,-2.236622e-06,-0.00655651,-7.185292e-05,0.02658181,0.926
2024_02_12_20_37_10_928,0.3,0.0,55514.0,55514.0,23.14922,4.763276e-05,0.1359901,-4.60772e-07,0.009084228,-0.0001118609,0.93,3.61068e-06,2.749778e-05,7.545018e-06,-0.008046627,-3.068067e-05,0.03444962,0.926
2024_02_12_20_37_10_966,0.3,0.0,55596.0,55596.0,23.18351,4.771669e-05,0.1359901,-1.052295e-07,0.009084048,-0.000112152,0.93,-4.001171e-07,2.029947e-05,-2.121481e-06,0.004649162,0.0001513148,-0.007786788,0.926
2024_02_12_20_37_11_000,0.3,0.0,55672.0,55672.0,23.21503,4.778281e-05,0.1359901,-2.421066e-07,0.009084079,-0.0001128705,0.93,4.301888e-05,3.940329e-05,3.532607e-06,-0.001072884,-1.022261e-05,-0.015378,0.926
2024_02_12_20_37_11_037,0.3,0.0,55754.0,55754.0,23.24933,4.785586e-05,0.1359901,-1.173845e-06,0.009084108,-0.00011186,0.93,3.946837e-05,3.241201e-05,6.381253e-06,0.005066394,-0.0001041139,0.01524668,0.926
2024_02_12_20_37_11_074,0.3,0.0,55839.0,55839.0,23.28455,4.793506e-05,0.1359902,-1.731942e-06,0.009084257,-0.0001109612,0.93,1.897072e-05,5.440322e-05,1.372904e-05,-0.003516674,2.143111e-06,0.003906898,0.926
2024_02_12_20_37_11_112,0.3,0.0,55921.0,55921.0,23.31885,4.800555e-05,0.1359902,-9.399617e-07,0.009084288,-0.0001118097,0.93,2.068213e-05,-2.181569e-05,1.203169e-05,0.003695488,-9.940662e-06,-0.003898516,0.926
2024_02_12_20_37_11_150,0.3,0.0,56005.0,56005.0,23.35408,4.81064e-05,0.1359902,-1.802802e-06,0.009084407,-0.0001110032,0.93,-1.054507e-06,-5.06084e-05,-1.848082e-06,-0.01102686,4.03918e-06,0.02278667,0.926
2024_02_12_20_37_11_187,0.3,0.0,56088.0,56088.0,23.38837,4.818261e-05,0.1359902,3.575803e-08,0.009084495,-0.0001109357,0.93,-2.010485e-06,-4.429256e-05,5.886689e-07,-0.002741813,0.0002012698,-0.01144875,0.926
2024_02_12_20_37_11_224,0.3,0.0,56172.0,56172.0,23.4236,4.825273e-05,0.1359903,-1.253349e-07,0.009084496,-0.0001118002,0.93,-3.703125e-06,-5.579777e-05,-4.619911e-06,0.009357929,-0.0002497314,-0.01146644,0.926
2024_02_12_20_37_11_261,0.3,0.0,56254.0,56254.0,23.4579,4.83126e-05,0.1359902,-1.554726e-06,0.009084437,-0.0001131991,0.93,4.200481e-05,-3.537102e-05,2.549143e-06,0.0007152557,0.0001284028,0.01148228,0.926
2024_02_12_20_37_11_299,0.3,0.0,56339.0,56339.0,23.49312,4.839354e-05,0.1359902,-1.557731e-06,0.009084496,-0.0001121161,0.93,2.414706e-05,-5.641874e-05,-3.250565e-06,-0.005900859,0.0002271129,3.72529e-06,0.926
2024_02_12_20_37_11_336,0.3,0.0,56421.0,56421.0,23.52742,4.850642e-05,0.1359903,-2.22466e-06,0.009084466,-0.0001103073,0.93,1.18727e-06,-5.116089e-05,1.706826e-06,0.01740456,-0.0001129032,-0.03818143,0.926
2024_02_12_20_37_11_375,0.3,0.0,56506.0,56506.0,23.56264,4.857492e-05,0.1359902,4.421744e-07,0.009084497,-0.0001112673,0.93,1.43694e-05,-6.083251e-05,1.778314e-05,0.003397465,-0.0002069107,-0.01137797,0.926
2024_02_12_20_37_11_411,0.3,0.0,56588.0,56588.0,23.59694,4.862438e-05,0.1359903,6.065019e-07,0.009084435,-0.0001123072,0.93,-1.884664e-06,-5.172781e-05,8.926066e-07,0.002622604,-0.0001092596,-0.0001303852,0.926
2024_02_12_20_37_11_444,0.3,0.0,56661.0,56661.0,23.62753,4.868582e-05,0.1359902,4.105851e-07,0.009084437,-0.0001113851,0.93,-1.586019e-06,-4.392286e-05,2.941787e-06,-0.006258487,-3.944342e-05,0.01520384,0.926
2024_02_12_20_37_11_483,0.3,0.0,56746.0,56746.0,23.66276,4.874312e-05,0.1359902,-8.198215e-07,0.009084496,-0.0001139011,0.93,-1.904805e-06,-6.191096e-05,1.825951e-05,0.005662441,0.0001106439,-0.02303719,0.926
2024_02_12_20_37_11_520,0.3,0.0,56828.0,56828.0,23.69706,4.88018e-05,0.1359902,3.584396e-07,0.009084496,-0.0001137782,0.93,-1.147506e-06,-5.251707e-05,6.209412e-06,0.000834465,0.0001214024,0.01161452,0.926
2024_02_12_20_37_11_558,0.3,0.0,56912.0,56912.0,23.73228,4.887568e-05,0.1359903,-1.696448e-06,0.009084497,-0.000114066,0.93,2.035787e-06,-4.409496e-05,-5.228542e-06,-0.005543231,0.0001617142,0.01916476,0.926
2024_02_12_20_37_11_591,0.3,0.0,56986.0,56986.0,23.76287,4.89429e-05,0.1359902,1.656146e-06,0.009084465,-0.0001123691,0.93,-4.515309e-05,-3.315981e-05,-4.031108e-06,0.009953975,8.561653e-05,-0.01519266,0.926
2024_02_12_20_37_11_628,0.3,0.0,57070.0,57070.0,23.7981,4.899828e-05,0.1359902,-8.121387e-07,0.009084496,-0.0001128981,0.93,-4.155927e-06,-3.771376e-05,-1.872534e-05,-0.004887581,-0.0003701416,1.210719e-05,0.926
2024_02_12_20_37_11_662,0.3,0.0,57143.0,57143.0,23.82869,4.905042e-05,0.1359903,-1.952121e-06,0.009084466,-0.0001137262,0.93,2.263945e-05,-4.45068e-05,1.187585e-05,0.007629394,1.777028e-05,-0.01903903,0.926
2024_02_12_20_37_11_700,0.3,0.0,57228.0,57228.0,23.86391,4.914467e-05,0.1359902,-3.283517e-07,0.009084466,-0.000113497,0.93,2.525119e-06,-4.354338e-05,1.207363e-06,0.01251697,-0.0001241384,3.539026e-05,0.926
2024_02_12_20_37_11_738,0.3,0.0,57310.0,57310.0,23.89821,4.923379e-05,0.1359903,-4.93535e-07,0.009084526,-0.0001103053,0.93,-1.903932e-05,-7.945243e-05,-1.062011e-05,0.006854534,0.00011963,-0.02681184,0.926
2024_02_12_20_37_11_770,0.3,0.0,57384.0,57384.0,23.9288,4.929195e-05,0.1359903,-2.062474e-07,0.009084437,-0.0001104782,0.93,-2.994153e-06,-5.440031e-05,-1.447742e-06,0.004291534,4.842025e-05,-0.0228798,0.926
2024_02_12_20_37_11_807,0.3,0.0,57468.0,57468.0,23.96402,4.935283e-05,0.1359902,-1.174171e-07,0.009084437,-0.0001121228,0.93,1.141504e-06,-3.15006e-05,-2.587633e-06,-0.00411272,0.0001228285,0.01151301,0.926
2024_02_12_20_37_11_845,0.3,0.0,57550.0,57550.0,23.99832,4.940489e-05,0.1359902,-1.034787e-06,0.009084495,-0.0001127215,0.93,1.798892e-05,-4.500366e-05,-9.639895e-06,0.0103116,-6.310779e-05,-0.01520291,0.926
2024_02_12_20_37_11_878,0.3,0.0,57626.0,57626.0,24.02984,4.947071e-05,0.1359902,-6.985471e-07,0.009084437,-0.000111616,0.93,3.367553e-06,-4.166509e-05,3.272794e-07,0.01233816,-0.0002194239,-0.03822241,0.926
2024_02_12_20_37_11_912,0.3,0.0,57699.0,57699.0,24.06043,4.953712e-05,0.1359903,3.971211e-07,0.009084437,-0.0001119171,0.93,-9.820012e-07,-5.491047e-05,-1.193199e-06,-0.004947185,4.451635e-05,0.01531187,0.926
2024_02_12_20_37_11_950,0.3,0.0,57784.0,57784.0,24.09565,4.962242e-05,0.1359902,-1.109679e-06,0.009084437,-0.0001111293,0.93,-1.873071e-05,-4.055164e-05,6.160703e-06,-0.004708767,9.250697e-07,-0.01142174,0.926
2024_02_12_20_37_11_987,0.3,0.0,57866.0,57866.0,24.12995,4.971621e-05,0.1359902,-1.290924e-06,0.009084437,-0.0001092717,0.93,2.343919e-06,-2.951288e-05,-4.799886e-06,-0.005900859,0.0001711653,0.0305986,0.926
2024_02_12_20_37_12_025,0.3,0.0,57948.0,57948.0,24.16425,4.980208e-05,0.1359902,-2.608293e-06,0.009084466,-0.0001083555,0.93,-7.444714e-08,-2.926899e-05,-8.484103e-07,-0.003397465,0.0002546966,-0.007688999,0.926
2024_02_12_20_37_12_057,0.3,0.0,58024.0,58024.0,24.19577,4.987232e-05,0.1359902,8.397697e-07,0.009084435,-0.0001087692,0.93,-1.185971e-06,-4.023794e-05,7.010224e-06,-0.0005960464,-0.0002235525,0.007614493,0.926
2024_02_12_20_37_12_096,0.3,0.0,58106.0,58106.0,24.23006,4.995117e-05,0.1359902,-1.048943e-06,0.009084435,-0.0001082209,0.93,4.04003e-05,-5.714221e-05,9.6987e-06,0.004529953,-0.0002440947,-0.02297014,0.926
2024_02_12_20_37_12_134,0.3,0.0,58190.0,58190.0,24.26529,5.002287e-05,0.1359902,-4.072894e-07,0.009084467,-0.0001073341,0.93,-2.143916e-05,-4.546474e-05,-1.970732e-05,-0.007033348,-0.0001033995,0.03060419,0.926
2024_02_12_20_37_12_166,0.3,0.0,58264.0,58264.0,24.29588,5.006905e-05,0.1359902,6.162685e-07,0.009084495,-0.0001085501,0.93,-3.766518e-06,-4.437388e-05,2.426996e-06,-0.0007152557,6.07007e-05,-1.862645e-06,0.926
2024_02_12_20_37_12_206,0.3,0.0,58348.0,58348.0,24.3311,5.013833e-05,0.1359902,-1.663883e-06,0.009084437,-0.0001076317,0.93,4.090934e-05,-4.186792e-05,2.861128e-06,0.00166893,-0.0001561016,-0.007633119,0.926
2024_02_12_20_37_12_242,0.3,0.0,58431.0,58431.0,24.3654,5.020577e-05,0.1359902,2.211192e-08,0.009084437,-0.0001068277,0.93,-5.779397e-07,-4.088414e-05,3.536035e-07,-0.009953975,-2.566025e-06,0.03048312,0.926
2024_02_12_20_37_12_275,0.3,0.0,58504.0,58504.0,24.39599,5.026897e-05,0.1359903,2.280755e-07,0.009084526,-0.000105537,0.93,-2.139353e-05,-7.040907e-05,8.570716e-06,-0.003933907,-4.158414e-05,0.01910608,0.926
2024_02_12_20_37_12_313,0.3,0.0,58588.0,58588.0,24.43122,5.034333e-05,0.1359902,2.806639e-07,0.009084437,-0.0001037808,0.93,-8.472688e-07,-3.467741e-05,-1.239792e-07,0.002980232,-6.4554e-05,0.007597729,0.926
2024_02_12_20_37_12_351,0.3,0.0,58671.0,58671.0,24.46552,5.040883e-05,0.1359903,-1.902476e-06,0.009084466,-0.0001054583,0.93,-2.766379e-07,-3.67973e-05,-6.627372e-06,0.004649162,-3.775506e-05,-0.0228947,0.926
2024_02_12_20_37_12_388,0.3,0.0,58755.0,58755.0,24.50074,5.046418e-05,0.1359902,-6.972234e-08,0.009084466,-0.0001073585,0.93,-4.556052e-06,-5.439764e-05,1.165471e-06,-0.001132488,-0.000106095,-9.313225e-05,0.926
2024_02_12_20_37_12_426,0.3,0.0,58837.0,58837.0,24.53504,5.053206e-05,0.1359902,-5.100139e-07,0.009084437,-0.0001051235,0.93,3.860838e-06,-6.208409e-05,3.320421e-06,0.002980232,0.0001655593,-0.007550232,0.926
2024_02_12_20_37_12_458,0.3,0.0,58913.0,58913.0,24.56656,5.061009e-05,0.1359902,-1.707804e-07,0.009084466,-0.0001040922,0.93,1.212882e-06,-6.388535e-05,2.017409e-06,0.007390975,4.668675e-05,-0.01133326,0.926
2024_02_12_20_37_12_491,0.3,0.0,58986.0,58986.0,24.59715,5.068202e-05,0.1359903,-1.575429e-06,0.009084466,-0.0001022001,0.93,-2.053921e-05,-4.26449e-05,-1.148036e-05,-0.001549721,-0.0001314231,-0.003758818,0.926
2024_02_12_20_37_12_528,0.3,0.0,59071.0,59071.0,24.63237,5.076517e-05,0.1359903,3.673123e-07,0.009084407,-0.0001017302,0.93,-7.713277e-07,-3.717286e-05,5.514158e-07,0.0007748603,1.105036e-06,0.007515773,0.926
2024_02_12_20_37_12_565,0.3,0.0,59153.0,59153.0,24.66667,5.082309e-05,0.1359902,-1.620537e-07,0.009084407,-0.0001026305,0.93,-3.741157e-06,-4.625486e-05,-3.269663e-06,0.0,-0.0003614463,-0.01144782,0.926
2024_02_12_20_37_12_599,0.3,0.0,59226.0,59226.0,24.69726,5.088709e-05,0.1359902,-1.090058e-06,0.009084407,-0.0001023129,0.93,2.061938e-05,-5.777425e-05,1.199417e-05,-0.002324581,4.239496e-06,0.003851019,0.926
2024_02_12_20_37_12_637,0.3,0.0,59311.0,59311.0,24.73248,5.095874e-05,0.1359903,-5.339204e-07,0.009084437,-0.0001017593,0.93,-2.2588e-05,-4.723152e-05,-1.471726e-05,-0.006437301,4.609751e-05,0.01912378,0.926
2024_02_12_20_37_12_673,0.3,0.0,59393.0,59393.0,24.76678,5.101788e-05,0.1359903,-4.871017e-07,0.009084435,-0.000102236,0.93,2.054235e-05,-6.601163e-05,-7.126733e-06,0.01573563,-4.547837e-05,-0.04204083,0.926
2024_02_12_20_37_12_711,0.3,0.0,59478.0,59478.0,24.80201,5.107117e-05,0.1359903,4.382271e-07,0.009084348,-0.0001011245,0.93,1.818113e-05,-1.871273e-05,-8.497678e-07,0.00500679,7.537124e-05,-6.705523e-05,0.926
2024_02_12_20_37_12_749,0.3,0.0,59560.0,59560.0,24.8363,5.110414e-05,0.1359902,1.810873e-07,0.009084437,-0.0001027582,0.93,-3.035491e-07,-6.087494e-05,-1.8075e-07,-0.00923872,2.576166e-05,0.007658265,0.926
2024_02_12_20_37_12_782,0.3,0.0,59635.0,59635.0,24.86782,5.114748e-05,0.1359902,1.005905e-06,0.009084465,-0.0001041327,0.93,-2.916807e-06,-3.837234e-05,5.838879e-07,-0.000655651,-1.086329e-05,0.007670372,0.926
2024_02_12_20_37_12_820,0.3,0.0,59718.0,59718.0,24.90212,5.119034e-05,0.1359902,-1.534218e-06,0.009084407,-0.000106849,0.93,2.075524e-05,-2.320831e-05,1.13794e-05,-0.006973743,-0.0003271727,0.01527555,0.926
2024_02_12_20_37_12_858,0.3,0.0,59802.0,59802.0,24.93734,5.127503e-05,0.1359902,-1.648284e-06,0.009084435,-0.0001040139,0.93,3.182653e-06,-5.602976e-05,3.081591e-06,0.01752377,-5.197319e-05,-0.03053993,0.926
2024_02_12_20_37_12_891,0.3,0.0,59875.0,59875.0,24.96793,5.132943e-05,0.1359902,-1.399152e-06,0.009084346,-0.0001035008,0.93,5.480377e-07,-1.837326e-05,-8.556422e-06,0.002562999,0.000318223,-0.01537241,0.926
2024_02_12_20_37_12_928,0.3,0.0,59960.0,59960.0,25.00316,5.141889e-05,0.1359902,-2.128922e-06,0.009084435,-0.0001036859,0.93,-2.055801e-08,-5.39754e-05,-4.620872e-06,0.004708767,-9.258088e-06,-0.02671405,0.926
2024_02_12_20_37_12_965,0.3,0.0,60042.0,60042.0,25.03746,5.147112e-05,0.1359902,3.483958e-07,0.009084317,-0.0001047027,0.93,-5.303024e-06,-9.773339e-06,-4.725529e-06,0.001251697,2.353101e-05,0.01143478,0.926
2024_02_12_20_37_13_003,0.3,0.0,60127.0,60127.0,25.07268,5.152751e-05,0.1359901,1.014781e-07,0.009084107,-0.0001029879,0.93,9.656706e-07,5.151767e-05,1.14056e-06,0.008523464,0.0001973585,-0.04213862,0.926
2024_02_12_20_37_13_040,0.3,0.0,60209.0,60209.0,25.10698,5.157096e-05,0.1359901,-8.850873e-07,0.009084227,-0.0001049609,0.93,-2.094802e-05,3.559425e-05,-1.699632e-05,-0.006079673,-7.787787e-05,0.007733702,0.926
2024_02_12_20_37_13_078,0.3,0.0,60293.0,60293.0,25.1422,5.163836e-05,0.1359903,4.048124e-07,0.009084406,-0.0001060023,0.93,2.175146e-05,-6.475177e-05,1.535301e-05,0.005066394,1.709088e-05,-0.02302695,0.926
2024_02_12_20_37_13_116,0.3,0.0,60376.0,60376.0,25.1765,5.169279e-05,0.1359903,4.779558e-07,0.009084377,-0.0001058693,0.93,8.546239e-08,-4.074535e-05,4.809775e-07,-0.000655651,2.536615e-05,-0.007741153,0.926
2024_02_12_20_37_13_153,0.3,0.0,60460.0,60460.0,25.21173,5.174554e-05,0.1359902,-1.947002e-07,0.009084467,-0.0001083946,0.93,-2.041164e-05,-4.188423e-05,8.963328e-06,-0.00244379,0.0001132527,-0.003713183,0.926
2024_02_12_20_37_13_190,0.3,0.0,60542.0,60542.0,25.24603,5.181913e-05,0.1359903,-2.509168e-06,0.009084526,-0.0001064941,0.93,2.029971e-06,-8.491761e-05,5.23628e-07,0.008702278,-0.0001460896,-0.02678949,0.926
2024_02_12_20_37_13_228,0.3,0.0,60627.0,60627.0,25.28125,5.191378e-05,0.1359903,-1.963388e-06,0.009084555,-0.0001046873,0.93,3.960498e-06,-6.718293e-05,3.890237e-06,-0.01430511,-6.167852e-06,0.01137983,0.926
2024_02_12_20_37_13_261,0.3,0.0,60700.0,60700.0,25.31184,5.198838e-05,0.1359903,-6.682575e-07,0.009084466,-0.0001038919,0.93,-2.06174e-05,-3.912541e-05,-8.648845e-06,-0.01120567,-0.0002212276,0.01528021,0.926
2024_02_12_20_37_13_298,0.3,0.0,60782.0,60782.0,25.34614,5.204774e-05,0.1359902,-1.894989e-06,0.009084495,-0.0001055533,0.93,1.911321e-05,-3.747757e-05,-1.244864e-06,0.002562999,5.931497e-06,-0.003784895,0.926
2024_02_12_20_37_13_337,0.3,0.0,60867.0,60867.0,25.38136,5.210644e-05,0.1359903,-8.15086e-08,0.009084556,-0.0001054091,0.93,-2.263232e-05,-6.891032e-05,-9.881562e-06,-0.01901388,-0.0001253007,0.038228,0.926
2024_02_12_20_37_13_374,0.3,0.0,60949.0,60949.0,25.41566,5.215388e-05,0.1359903,8.575998e-08,0.009084497,-0.0001041494,0.93,-1.444826e-06,-5.797506e-05,5.66205e-06,-0.02133846,0.0001954843,0.03814977,0.926
2024_02_12_20_37_13_407,0.3,0.0,61025.0,61025.0,25.44718,5.221147e-05,0.1359902,-1.376373e-06,0.009084437,-0.0001030738,0.93,2.155374e-05,-2.55766e-05,-1.230345e-05,0.002384186,8.156769e-05,0.007567927,0.926
2024_02_12_20_37_13_445,0.3,0.0,61107.0,61107.0,25.48148,5.225867e-05,0.1359902,-7.004369e-08,0.009084435,-0.0001035289,0.93,2.287956e-05,-5.166456e-05,2.148504e-05,-0.004887581,-0.0001887203,-0.0002272427,0.926
2024_02_12_20_37_13_479,0.3,0.0,61183.0,61182.0,25.51299,5.231617e-05,0.1359902,-1.513562e-07,0.009084377,-0.0001016984,0.93,4.229111e-07,-1.514221e-05,8.073185e-07,-0.0008940696,-5.470383e-05,-5.867332e-05,0.926
2024_02_12_20_37_13_515,0.3,0.0,61265.0,61265.0,25.54729,5.239612e-05,0.1359902,-1.207641e-06,0.009084377,-9.837139e-05,0.93,6.82636e-06,-1.425932e-05,6.208303e-06,-0.001609325,-0.0002124231,0.01147576,0.926
2024_02_12_20_37_13_553,0.3,0.0,61347.0,61347.0,25.58159,5.246002e-05,0.1359903,-3.695391e-07,0.009084348,-0.0001003094,0.93,-6.535349e-08,-2.577321e-05,5.271147e-06,0.00411272,-0.0002129542,-0.007733702,0.926
2024_02_12_20_37_13_590,0.3,0.0,61431.0,61431.0,25.61681,5.250095e-05,0.1359902,-1.35449e-06,0.009084348,-9.816529e-05,0.93,3.637505e-06,-2.991167e-05,4.583146e-07,-5.960464e-05,-6.283051e-05,-7.729977e-05,0.926
2024_02_12_20_37_13_628,0.3,0.0,61514.0,61514.0,25.65111,5.260617e-05,0.1359903,-1.333615e-06,0.009084406,-9.200862e-05,0.93,4.95936e-06,-6.553898e-05,-1.458784e-06,0.007390975,0.0002545381,-0.03444962,0.926
2024_02_12_20_37_13_665,0.3,0.0,61598.0,61598.0,25.68634,5.268989e-05,0.1359902,-2.113064e-06,0.009084317,-9.074232e-05,0.93,-1.673717e-05,-3.271318e-05,-4.485572e-07,0.0009536743,0.000154427,0.00383053,0.926
2024_02_12_20_37_13_703,0.3,0.0,61680.0,61680.0,25.72063,5.276038e-05,0.1359903,-7.914671e-07,0.009084348,-8.96716e-05,0.93,-3.908702e-07,-3.674035e-05,7.250352e-08,0.0002384186,4.337153e-07,-8.754431e-05,0.926
2024_02_12_20_37_13_741,0.3,0.0,61764.0,61764.0,25.75586,5.28092e-05,0.1359902,-3.00008e-07,0.009084317,-8.959098e-05,0.93,1.824707e-05,-2.967895e-05,-1.369998e-05,5.960464e-05,1.436149e-06,-1.024455e-05,0.926
2024_02_12_20_37_13_773,0.3,0.0,61838.0,61838.0,25.78645,5.284058e-05,0.1359902,3.294511e-07,0.009084377,-8.849755e-05,0.93,3.697706e-05,-4.090164e-05,7.780749e-06,0.000655651,-0.0002960766,6.426126e-05,0.926
2024_02_12_20_37_13_811,0.3,0.0,61922.0,61922.0,25.82167,5.287804e-05,0.1359902,-7.400447e-07,0.009084435,-8.982227e-05,0.93,2.239739e-05,-3.44945e-05,1.232196e-05,0.01055002,0.0003798048,-0.01138449,0.926
2024_02_12_20_37_13_844,0.3,0.0,61995.0,61995.0,25.85226,5.294688e-05,0.1359902,-1.147768e-06,0.009084435,-8.752958e-05,0.93,2.778847e-06,-2.31002e-06,-3.395588e-06,0.009775162,0.0001230827,0.01542549,0.926
2024_02_12_20_37_13_882,0.3,0.0,62079.0,62079.0,25.88749,5.299956e-05,0.1359902,-1.270171e-06,0.009084435,-8.758601e-05,0.93,7.910526e-07,-5.876359e-05,-2.862394e-06,0.005602836,0.0002021429,-0.01511816,0.926
2024_02_12_20_37_13_915,0.3,0.0,62153.0,62153.0,25.91808,5.3058e-05,0.1359902,2.951363e-07,0.009084437,-8.67818e-05,0.93,-2.109695e-08,-2.50305e-05,4.637337e-07,0.01490116,4.082267e-06,-0.03037881,0.926
2024_02_12_20_37_13_949,0.3,0.0,62226.0,62226.0,25.94867,5.312629e-05,0.1359902,-2.642214e-06,0.009084377,-8.517013e-05,0.93,-1.705916e-05,-3.581625e-05,-1.463954e-06,-0.001072884,0.0002272519,-0.003909692,0.926
2024_02_12_20_37_13_986,0.3,0.0,62310.0,62310.0,25.98389,5.3172e-05,0.1359902,7.904791e-07,0.009084435,-8.680958e-05,0.93,1.958344e-05,-4.308089e-05,-3.004836e-06,-0.005066394,-0.000211047,-0.01141615,0.926
2024_02_12_20_37_14_020,0.3,0.0,62384.0,62384.0,26.01448,5.320846e-05,0.1359903,7.426904e-07,0.009084555,-8.682063e-05,0.93,2.493613e-06,-6.633465e-05,1.220669e-06,0.00655651,8.14432e-05,-0.02296176,0.926
2024_02_12_20_37_14_058,0.3,0.0,62468.0,62468.0,26.04971,5.326689e-05,0.1359903,-1.328824e-06,0.009084435,-8.66858e-05,0.93,-1.675931e-05,-4.083292e-05,-1.833753e-05,0.002920627,0.0002666078,-0.003809109,0.926
2024_02_12_20_37_14_095,0.3,0.0,62550.0,62550.0,26.08401,5.332296e-05,0.1359903,-5.756083e-07,0.009084435,-8.808395e-05,0.93,2.54162e-06,-4.279915e-05,-7.439232e-07,0.0001788139,1.064166e-05,0.003866851,0.926
2024_02_12_20_37_14_132,0.3,0.0,62634.0,62634.0,26.11923,5.337946e-05,0.1359902,5.917231e-07,0.009084435,-8.811867e-05,0.93,2.467118e-06,-2.334255e-05,4.322195e-06,0.002205372,0.0002288424,0.01535658,0.926
2024_02_12_20_37_14_170,0.3,0.0,62716.0,62716.0,26.15353,5.345032e-05,0.1359902,-1.709609e-06,0.009084467,-8.768639e-05,0.93,5.731521e-07,-5.571228e-05,-3.916541e-06,0.00166893,5.1597e-05,5.587935e-06,0.926
2024_02_12_20_37_14_207,0.3,0.0,62801.0,62801.0,26.18876,5.352374e-05,0.1359902,-1.791655e-06,0.009084465,-8.725569e-05,0.93,-1.693492e-05,-4.574782e-05,-1.276427e-05,0.01370907,0.000291641,-0.04194863,0.926
2024_02_12_20_37_14_245,0.3,0.0,62883.0,62883.0,26.22305,5.359258e-05,0.1359903,-4.149769e-07,0.009084555,-8.667746e-05,0.93,-1.462458e-06,-5.521678e-05,-1.017504e-06,-0.01198053,0.0001703,0.03057811,0.926
2024_02_12_20_37_14_283,0.3,0.0,62967.0,62967.0,26.25828,5.365524e-05,0.1359903,-3.730999e-07,0.009084496,-8.649886e-05,0.93,1.749727e-05,-7.491119e-05,-6.601967e-06,0.006198883,-0.0002243143,-0.007677823,0.926
2024_02_12_20_37_14_320,0.3,0.0,63049.0,63049.0,26.29258,5.369123e-05,0.1359902,-1.011537e-06,0.009084467,-8.920152e-05,0.93,2.927612e-06,-5.929013e-05,2.133067e-06,-0.0004172325,-6.999016e-06,-0.02297386,0.926
2024_02_12_20_37_14_362,0.3,0.0,63143.0,63142.0,26.33151,5.378138e-05,0.1359903,-1.569723e-06,0.009084526,-8.488179e-05,0.93,2.067966e-05,-0.000101622,-2.476122e-06,0.004053116,-2.616571e-05,-0.003834255,0.926
2024_02_12_20_37_14_404,0.3,0.0,63234.0,63233.0,26.36951,5.38376e-05,0.1359902,-2.47457e-07,0.009084348,-8.637322e-05,0.93,1.175765e-06,-1.603084e-05,-1.086129e-05,-0.0005960464,1.978151e-06,0.003715977,0.926
2024_02_12_20_37_14_440,0.3,0.0,63318.0,63318.0,26.40474,5.389956e-05,0.1359902,-2.433467e-06,0.009084377,-8.781056e-05,0.93,2.851643e-06,-2.626565e-05,-4.875721e-06,0.006198883,0.0001183075,0.003856607,0.926
2024_02_12_20_37_14_478,0.3,0.0,63400.0,63400.0,26.43904,5.394965e-05,0.1359902,7.123083e-07,0.009084348,-8.699503e-05,0.93,-2.929477e-06,-2.803695e-05,-3.665828e-07,0.005304813,1.216222e-06,-0.01151301,0.926
2024_02_12_20_37_14_511,0.3,0.0,63475.0,63475.0,26.47055,5.39848e-05,0.1359903,-1.025248e-07,0.009084406,-8.856122e-05,0.93,-2.237007e-05,-3.452165e-05,-2.143091e-05,-0.003039837,4.023116e-05,0.01527462,0.926
2024_02_12_20_37_14_549,0.3,0.0,63558.0,63557.0,26.50485,5.404878e-05,0.1359902,-5.506296e-07,0.009084377,-8.813803e-05,0.93,1.016491e-07,-5.13076e-05,6.187804e-07,-0.0004172325,-8.838924e-05,-7.543713e-05,0.926
2024_02_12_20_37_14_586,0.3,0.0,63642.0,63642.0,26.54008,5.410759e-05,0.1359902,-8.409477e-07,0.009084377,-8.803679e-05,0.93,-8.583061e-07,-2.415526e-05,-3.876617e-06,-0.002086163,0.0001077269,-3.911554e-05,0.926
2024_02_12_20_37_14_623,0.3,0.0,63724.0,63724.0,26.57438,5.41626e-05,0.1359903,1.273483e-06,0.009084467,-8.748857e-05,0.93,-2.927317e-07,-9.530427e-05,-1.434528e-06,0.007092952,-4.285323e-05,-2.235174e-05,0.926
2024_02_12_20_37_14_661,0.3,0.0,63808.0,63808.0,26.6096,5.42324e-05,0.1359902,-7.029846e-07,0.009084317,-8.652871e-05,0.93,2.524694e-06,-4.521456e-05,-4.826485e-06,0.001966953,2.514798e-05,2.793967e-06,0.926
2024_02_12_20_37_14_695,0.3,0.0,63882.0,63882.0,26.64019,5.429539e-05,0.1359903,9.644581e-07,0.009084348,-8.600003e-05,0.93,4.381387e-06,-3.117553e-05,1.208442e-06,-0.000655651,0.0001334938,0.01524575,0.926
2024_02_12_20_37_14_728,0.3,0.0,63955.0,63955.0,26.67078,5.435869e-05,0.1359902,-1.605308e-06,0.009084377,-8.610926e-05,0.93,4.495286e-05,-3.607956e-05,9.628529e-06,-0.001251697,8.37839e-05,-8.847564e-05,0.926
2024_02_12_20_37_14_765,0.3,0.0,64039.0,64039.0,26.70601,5.440173e-05,0.1359902,1.397378e-06,0.009084497,-8.71495e-05,0.93,-4.676463e-06,-5.509449e-05,-1.433154e-06,-0.0009536743,-0.0001567882,0.0001555309,0.926
2024_02_12_20_37_14_799,0.3,0.0,64112.0,64112.0,26.7366,5.441626e-05,0.1359902,-2.997455e-07,0.009084407,-8.879807e-05,0.93,-4.963134e-07,-3.795014e-05,1.851723e-06,-0.004291534,-0.0001316149,0.01528487,0.926
2024_02_12_20_37_14_836,0.3,0.0,64197.0,64197.0,26.77182,5.446975e-05,0.1359902,5.866242e-07,0.009084407,-8.960863e-05,0.93,-2.03419e-05,-3.469026e-05,4.057331e-06,-0.009000301,1.998523e-05,0.01135748,0.926
2024_02_12_20_37_14_873,0.3,0.0,64279.0,64279.0,26.80612,5.450735e-05,0.1359903,6.582947e-07,0.009084497,-9.04871e-05,0.93,-2.029445e-06,-6.896337e-05,3.975657e-06,0.005304813,0.0001004842,-0.01532212,0.926
2024_02_12_20_37_14_906,0.3,0.0,64352.0,64352.0,26.83671,5.45645e-05,0.1359902,2.414303e-07,0.009084435,-8.956517e-05,0.93,-1.840631e-05,-2.383345e-05,-1.005489e-05,-0.01227856,0.0001888205,0.04587136,0.926
2024_02_12_20_37_14_944,0.3,0.0,64436.0,64436.0,26.87193,5.461425e-05,0.1359902,3.246937e-07,0.009084407,-8.977408e-05,0.93,-3.348225e-07,-2.905962e-05,4.557156e-06,-0.00244379,6.762138e-05,0.007791444,0.926
2024_02_12_20_37_14_981,0.3,0.0,64518.0,64518.0,26.90623,5.465965e-05,0.1359903,-2.05266e-06,0.009084377,-9.249548e-05,0.93,2.256487e-06,-2.94637e-05,2.402077e-06,-0.001192093,0.0001356026,-0.0001173466,0.926
2024_02_12_20_37_15_019,0.3,0.0,64603.0,64603.0,26.94146,5.471093e-05,0.1359903,6.54949e-07,0.009084555,-9.879483e-05,0.93,-1.275654e-06,-7.369587e-05,-1.073426e-06,0.004589558,-0.0001685158,0.01170672,0.926
2024_02_12_20_37_15_056,0.3,0.0,64685.0,64685.0,26.97575,5.476107e-05,0.1359902,4.88648e-07,0.009084407,-9.83295e-05,0.93,-3.906181e-07,-5.198285e-05,-5.664158e-06,0.006616115,-1.044611e-05,-0.01516379,0.926
2024_02_12_20_37_15_095,0.3,0.0,64769.0,64769.0,27.01098,5.483115e-05,0.1359902,-1.778403e-06,0.009084495,-9.672811e-05,0.93,-1.685659e-05,-6.459607e-05,-1.423497e-05,0.0004172325,-4.704555e-05,0.007681548,0.926
2024_02_12_20_37_15_132,0.3,0.0,64851.0,64851.0,27.04528,5.489076e-05,0.1359902,-8.800968e-07,0.009084495,-9.720512e-05,0.93,8.401097e-07,-3.008525e-05,4.244159e-06,0.01108646,4.758442e-05,-0.01519453,0.926
2024_02_12_20_37_15_170,0.3,0.0,64936.0,64936.0,27.0805,5.495083e-05,0.1359903,1.575568e-07,0.009084556,-9.788744e-05,0.93,-4.708175e-07,-5.037173e-05,-1.885167e-06,-0.005245208,-1.942146e-05,0.03070663,0.926
2024_02_12_20_37_15_207,0.3,0.0,65018.0,65018.0,27.1148,5.500956e-05,0.1359903,-1.826089e-06,0.009084407,-9.878358e-05,0.93,2.272099e-05,-1.30552e-05,1.816841e-05,0.003099441,-0.0001290102,-0.003858469,0.926
2024_02_12_20_37_15_245,0.3,0.0,65102.0,65102.0,27.15002,5.507581e-05,0.1359903,-4.989872e-07,0.009084377,-9.769449e-05,0.93,-1.872996e-06,-1.092546e-05,1.00581e-07,0.0003576278,0.0001783297,-0.0001173466,0.926
2024_02_12_20_37_15_282,0.3,0.0,65184.0,65184.0,27.18432,5.514493e-05,0.1359902,-1.05039e-06,0.009084465,-9.940705e-05,0.93,4.251655e-06,-3.306887e-05,-3.302691e-06,-0.005662441,5.322169e-05,0.00766851,0.926
2024_02_12_20_37_15_319,0.3,0.0,65269.0,65269.0,27.21955,5.525019e-05,0.1359902,-1.498152e-06,0.009084497,-9.899971e-05,0.93,3.710996e-07,-7.135812e-05,-1.22958e-06,-0.001311302,0.0001234894,7.357448e-05,0.926
2024_02_12_20_37_15_356,0.3,0.0,65351.0,65351.0,27.25385,5.533047e-05,0.1359902,-1.667552e-07,0.009084435,-9.893862e-05,0.93,1.232539e-06,-5.122633e-05,-3.36095e-06,0.001072884,-0.0001009768,-0.003845431,0.926
2024_02_12_20_37_15_395,0.3,0.0,65435.0,65435.0,27.28907,5.540016e-05,0.1359903,1.10392e-06,0.009084407,-9.939643e-05,0.93,-1.462755e-06,-5.885574e-05,-2.681564e-06,0.006854534,4.951857e-06,-0.01153257,0.926
2024_02_12_20_37_15_427,0.3,0.0,65508.0,65508.0,27.31966,5.546364e-05,0.1359902,2.59167e-07,0.009084407,-9.965707e-05,0.93,-8.717988e-08,-3.951785e-05,-3.686548e-07,0.002682209,-2.916204e-05,0.007574446,0.926
2024_02_12_20_37_15_465,0.3,0.0,65593.0,65593.0,27.35489,5.553338e-05,0.1359902,2.951837e-07,0.009084466,-9.966608e-05,0.93,-2.269887e-06,-6.856452e-05,-5.48618e-06,-0.009179115,-0.0002904746,0.003859401,0.926
2024_02_12_20_37_15_498,0.3,0.0,65666.0,65666.0,27.38548,5.55847e-05,0.1359902,3.306821e-07,0.009084348,-0.000100709,0.93,1.855147e-05,-3.191892e-05,-1.240445e-06,0.001072884,-0.0001895379,0.003769062,0.926
2024_02_12_20_37_15_536,0.3,0.0,65750.0,65750.0,27.4207,5.562486e-05,0.1359903,-3.427484e-07,0.009084437,-0.0001039095,0.93,-4.06392e-07,-5.607645e-05,-3.201483e-08,-0.0004768371,5.664105e-06,8.381903e-06,0.926
2024_02_12_20_37_15_573,0.3,0.0,65832.0,65832.0,27.455,5.568426e-05,0.1359903,-1.481884e-06,0.009084466,-0.0001039998,0.93,-4.109861e-07,-4.025947e-05,-3.023482e-06,0.0008940696,-2.490049e-05,0.003870576,0.926
2024_02_12_20_37_15_607,0.3,0.0,65905.0,65905.0,27.48559,5.573787e-05,0.1359902,-1.102068e-06,0.009084467,-0.000104635,0.93,-2.472809e-05,-4.488155e-05,-1.724461e-05,-0.005424022,-4.324863e-05,0.01157168,0.926
2024_02_12_20_37_15_646,0.3,0.0,65990.0,65990.0,27.52081,5.582754e-05,0.1359902,-8.459088e-07,0.009084435,-0.0001018858,0.93,1.54757e-06,-3.884482e-05,-1.997735e-05,0.0001788139,-5.261302e-05,-0.007729977,0.926
2024_02_12_20_37_15_682,0.3,0.0,66072.0,66072.0,27.55511,5.588655e-05,0.1359903,2.195374e-07,0.009084467,-0.0001035626,0.93,2.086173e-05,-4.520409e-05,1.942895e-05,-0.007212162,-0.0001309196,0.0153156,0.926
2024_02_12_20_37_15_719,0.3,0.0,66156.0,66156.0,27.59034,5.594542e-05,0.1359903,1.438425e-06,0.009084377,-0.0001037205,0.93,1.924655e-06,-5.051811e-05,-3.753831e-06,0.004589558,-4.100298e-05,-0.01924299,0.926
2024_02_12_20_37_15_757,0.3,0.0,66238.0,66238.0,27.62463,5.599688e-05,0.1359902,4.850104e-07,0.009084317,-0.000103032,0.93,-1.812154e-06,-2.775997e-05,-2.633447e-06,-0.001966953,0.0001653617,-0.0001173466,0.926
2024_02_12_20_37_15_794,0.3,0.0,66323.0,66323.0,27.65986,5.605049e-05,0.1359902,-4.161312e-07,0.009084435,-0.0001045085,0.93,1.613783e-06,-2.959365e-06,-1.70597e-06,-0.002682209,-3.732384e-05,0.000230968,0.926
2024_02_12_20_37_15_828,0.3,0.0,66396.0,66396.0,27.69045,5.610855e-05,0.1359902,-2.426187e-07,0.009084348,-0.0001034347,0.93,2.992649e-06,-2.100408e-05,-2.916553e-07,0.01221895,0.0001432452,-0.038228,0.926
2024_02_12_20_37_15_866,0.3,0.0,66480.0,66480.0,27.72567,5.616778e-05,0.1359903,-1.617471e-06,0.009084496,-0.0001040212,0.93,2.116657e-05,-9.437077e-05,-1.195465e-05,-0.002622604,-0.0001607699,-0.01156423,0.926
2024_02_12_20_37_15_898,0.3,0.0,66553.0,66553.0,27.75626,5.622835e-05,0.1359902,3.934844e-07,0.009084377,-0.0001043664,0.93,3.149446e-06,-2.131595e-05,2.71526e-07,-0.001609325,-0.0001213356,0.007660128,0.926
2024_02_12_20_37_15_936,0.3,0.0,66638.0,66638.0,27.79149,5.628447e-05,0.1359902,-1.72395e-06,0.009084465,-0.0001054825,0.93,1.036091e-06,-4.306548e-05,-3.83994e-07,0.002920627,0.000181372,-0.01517124,0.926
2024_02_12_20_37_15_974,0.3,0.0,66720.0,66720.0,27.82579,5.632566e-05,0.1359902,4.349604e-07,0.009084346,-0.0001069835,0.93,-7.561688e-07,-1.036136e-05,1.973668e-08,-0.002086163,0.0001485998,-0.02306141,0.926
2024_02_12_20_37_16_011,0.3,0.0,66802.0,66802.0,27.86008,5.637828e-05,0.1359902,-8.383686e-07,0.009084437,-0.0001083941,0.93,1.555339e-06,-4.521574e-05,-1.794264e-06,-0.003933907,-0.0001686883,0.01538359,0.926
2024_02_12_20_37_16_049,0.3,0.0,66886.0,66886.0,27.89531,5.642395e-05,0.1359902,-1.109007e-07,0.009084437,-0.0001090362,0.93,-2.095857e-05,-4.689608e-05,-1.233908e-05,-0.000834465,0.0001820983,-0.01144782,0.926
2024_02_12_20_37_16_082,0.3,0.0,66960.0,66960.0,27.9259,5.648565e-05,0.1359902,-1.663433e-07,0.009084437,-0.000109219,0.93,3.13178e-06,-4.205825e-05,1.747107e-06,0.001013279,-3.800028e-05,-7.45058e-06,0.926
2024_02_12_20_37_16_119,0.3,0.0,67044.0,67044.0,27.96112,5.654588e-05,0.1359902,-2.731756e-06,0.009084437,-0.0001108023,0.93,4.228223e-05,-4.264571e-05,8.930003e-06,0.0008940696,-8.061818e-05,0.02292637,0.926
2024_02_12_20_37_16_152,0.3,0.0,67117.0,67117.0,27.99171,5.659764e-05,0.1359903,-1.111755e-06,0.009084466,-0.0001117238,0.93,-1.894166e-05,-3.866209e-05,9.441018e-06,0.000834465,-9.016764e-05,0.003868714,0.926
2024_02_12_20_37_16_190,0.3,0.0,67201.0,67201.0,28.02694,5.666143e-05,0.1359902,1.364089e-06,0.009084407,-0.0001104027,0.93,-2.167416e-05,-4.656886e-05,-1.127253e-05,-0.008106232,-7.308699e-06,0.01898501,0.926
2024_02_12_20_37_16_223,0.3,0.0,67275.0,67275.0,28.05753,5.671247e-05,0.1359903,-1.840925e-06,0.009084466,-0.0001097586,0.93,4.590971e-07,-4.23205e-05,-5.272295e-06,-0.001430511,0.0003209442,-2.700835e-05,0.926
2024_02_12_20_37_16_261,0.3,0.0,67357.0,67357.0,28.09183,5.680414e-05,0.1359902,-1.843501e-06,0.009084465,-0.0001090866,0.93,4.810324e-06,-5.219874e-05,1.432657e-06,-0.0002980232,2.436991e-05,-4.470348e-05,0.926
2024_02_12_20_37_16_299,0.3,0.0,67441.0,67441.0,28.12705,5.689144e-05,0.1359902,3.669803e-07,0.009084465,-0.0001079059,0.93,-1.493717e-06,-4.612869e-05,2.578261e-06,-0.002920627,-8.0292e-05,-0.007648021,0.926
2024_02_12_20_37_16_335,0.3,0.0,67523.0,67523.0,28.16135,5.698551e-05,0.1359902,-1.918216e-06,0.009084465,-0.0001053441,0.93,2.506767e-05,-4.75415e-05,-1.522302e-06,0.003814697,-6.781112e-05,2.328306e-05,0.926
2024_02_12_20_37_16_373,0.3,0.0,67608.0,67608.0,28.19658,5.706674e-05,0.1359902,3.683489e-07,0.009084407,-0.0001035211,0.93,-2.23133e-05,-4.835548e-05,-6.073039e-06,-0.01871586,-9.246673e-05,0.04578102,0.926
2024_02_12_20_37_16_411,0.3,0.0,67690.0,67690.0,28.23087,5.713202e-05,0.1359902,-1.664981e-06,0.009084496,-0.0001043391,0.93,1.444244e-06,-7.227608e-05,4.051468e-09,-0.005602836,0.0002762486,0.007667578,0.926
2024_02_12_20_37_16_450,0.3,0.0,67774.0,67774.0,28.2661,5.721282e-05,0.1359902,2.702216e-07,0.009084437,-0.000103464,0.93,-1.999528e-05,-5.205718e-05,-1.369353e-05,0.0004768371,8.785378e-06,-0.01143291,0.926
2024_02_12_20_37_16_482,0.3,0.0,67847.0,67847.0,28.29669,5.72679e-05,0.1359902,-5.119178e-07,0.009084437,-0.0001035693,0.93,-2.397007e-06,-6.521586e-05,2.303533e-06,-0.0005364418,-9.726398e-05,-0.003785826,0.926
2024_02_12_20_37_16_515,0.3,0.0,67923.0,67923.0,28.32821,5.731747e-05,0.1359902,-1.277818e-07,0.009084377,-0.0001031623,0.93,2.65702e-07,-3.693049e-05,2.040387e-06,-0.001013279,-1.613819e-05,0.007514841,0.926
2024_02_12_20_37_16_553,0.3,0.0,68005.0,68005.0,28.3625,5.738347e-05,0.1359902,3.108511e-07,0.009084467,-0.0001043393,0.93,-1.997966e-05,-5.050944e-05,-1.693357e-05,-0.01507997,0.0002934161,0.03062188,0.926
2024_02_12_20_37_16_586,0.3,0.0,68078.0,68078.0,28.39309,5.743889e-05,0.1359902,-8.742844e-08,0.009084407,-0.0001053375,0.93,-8.858224e-07,-4.789087e-05,-7.176325e-07,0.002264977,-8.218739e-05,-0.0037672,0.926
2024_02_12_20_37_16_624,0.3,0.0,68162.0,68162.0,28.42832,5.748601e-05,0.1359902,-2.086072e-08,0.009084437,-0.0001073399,0.93,-4.309392e-06,-6.532267e-05,2.261476e-06,0.001609325,0.0001245314,5.7742e-05,0.926
2024_02_12_20_37_16_661,0.3,0.0,68245.0,68245.0,28.46262,5.755551e-05,0.1359903,5.73526e-08,0.009084435,-0.0001073754,0.93,-2.034307e-05,-6.592649e-05,5.509455e-06,0.01066923,0.000156469,-0.03441144,0.926
2024_02_12_20_37_16_698,0.3,0.0,68329.0,68329.0,28.49784,5.761899e-05,0.1359901,3.949573e-07,0.009084197,-0.0001068436,0.93,1.046267e-06,2.710189e-05,-2.160131e-05,-0.005960464,-0.0001048723,0.003932975,0.926
2024_02_12_20_37_16_732,0.3,0.0,68402.0,68402.0,28.52843,5.767561e-05,0.1359902,1.78135e-06,0.009084377,-0.0001071083,0.93,-1.001837e-06,-3.747619e-05,3.881054e-06,0.00166893,-0.0001848872,-8.381902e-05,0.926
2024_02_12_20_37_16_770,0.3,0.0,68486.0,68486.0,28.56366,5.775083e-05,0.1359903,-1.543224e-06,0.009084377,-0.0001062621,0.93,3.559186e-06,-4.971637e-05,-5.610572e-06,0.01257658,0.0001539189,-0.03060326,0.926
2024_02_12_20_37_16_803,0.3,0.0,68560.0,68560.0,28.59425,5.786135e-05,0.1359902,-2.14881e-06,0.009084466,-0.0001048974,0.93,3.876658e-06,-8.127042e-05,1.259995e-07,0.003814697,-0.0001975944,-0.01529697,0.926
2024_02_12_20_37_16_840,0.3,0.0,68644.0,68644.0,28.62947,5.793833e-05,0.1359903,-1.576232e-06,0.009084377,-0.0001058195,0.93,-1.66066e-06,-1.545515e-05,1.650644e-06,0.002741813,0.0003921404,3.632158e-05,0.926
2024_02_12_20_37_16_877,0.3,0.0,68726.0,68726.0,28.66377,5.801413e-05,0.1359902,7.707046e-07,0.009084437,-0.0001049759,0.93,-2.141014e-05,-4.872739e-05,5.271443e-06,-0.01090765,-4.361868e-05,0.0267839,0.926
2024_02_12_20_37_16_915,0.3,0.0,68810.0,68810.0,28.69899,5.80848e-05,0.1359903,-1.910362e-07,0.009084406,-0.0001059366,0.93,-9.415086e-07,-3.869185e-05,-7.083955e-06,-0.006616115,-0.0001218767,0.02269726,0.926
2024_02_12_20_37_16_953,0.3,0.0,68893.0,68893.0,28.73329,5.815316e-05,0.1359903,1.237879e-06,0.009084437,-0.0001046427,0.93,-2.236582e-05,-3.851004e-05,1.360466e-05,0.01043081,0.0002227131,-0.01518242,0.926
2024_02_12_20_37_16_990,0.3,0.0,68977.0,68977.0,28.76852,5.821713e-05,0.1359902,-5.679686e-09,0.009084437,-0.0001056956,0.93,-9.831724e-07,-6.300098e-05,-5.074956e-06,0.002264977,0.0001026256,6.332994e-05,0.926
2024_02_12_20_37_17_025,0.3,0.0,69050.0,69050.0,28.79911,5.828532e-05,0.1359902,-1.807025e-06,0.009084407,-0.0001050034,0.93,1.87044e-05,-4.697949e-05,1.427025e-05,-0.006914138,9.680661e-06,0.01899526,0.926
2024_02_12_20_37_17_061,0.3,0.0,69132.0,69132.0,28.8334,5.834505e-05,0.1359903,-1.147538e-06,0.009084437,-0.0001058809,0.93,2.189177e-05,-3.753764e-05,3.905656e-06,0.006973743,-0.0002049444,-0.007506459,0.926
2024_02_12_20_37_17_094,0.3,0.0,69208.0,69208.0,28.86492,5.838961e-05,0.1359903,-1.343485e-06,0.009084437,-0.0001051948,0.93,3.844605e-05,-4.625458e-05,5.816871e-06,-0.006973743,0.0001237309,-5.681067e-05,0.926
2024_02_12_20_37_17_131,0.3,0.0,69290.0,69290.0,28.89922,5.846501e-05,0.1359902,-2.269348e-06,0.009084465,-0.000105048,0.93,2.794444e-06,-5.222948e-05,3.299738e-06,-0.0007748603,7.834467e-05,-5.308538e-05,0.926
2024_02_12_20_37_17_169,0.3,0.0,69374.0,69374.0,28.93444,5.85432e-05,0.1359902,1.191729e-08,0.009084437,-0.0001045749,0.93,-6.763487e-07,-4.534115e-05,8.430683e-07,0.002324581,8.223105e-05,0.007645227,0.926
2024_02_12_20_37_17_202,0.3,0.0,69447.0,69447.0,28.96503,5.859826e-05,0.1359902,1.37391e-06,0.009084377,-0.0001054876,0.93,-9.109125e-07,-1.308409e-05,-9.114057e-07,-0.007569789,-0.0001154801,0.01532119,0.926
2024_02_12_20_37_17_240,0.3,0.0,69529.0,69529.0,28.99933,5.865444e-05,0.1359903,-2.172561e-06,0.009084437,-0.0001058589,0.93,1.341997e-06,-4.704933e-05,-6.88986e-06,0.005066394,-0.0001426739,-0.003822148,0.926
2024_02_12_20_37_17_278,0.3,0.0,69614.0,69614.0,29.03456,5.872709e-05,0.1359902,-7.405471e-07,0.009084377,-0.000104756,0.93,-1.214038e-06,-2.48629e-05,1.203217e-06,0.001847744,-0.0001033647,3.72529e-05,0.926
2024_02_12_20_37_17_311,0.3,0.0,69687.0,69687.0,29.06515,5.878881e-05,0.1359903,-1.23043e-06,0.009084407,-0.0001071053,0.93,5.273712e-07,-5.371543e-05,-1.7475e-07,0.001132488,-3.159914e-05,2.328306e-05,0.926
2024_02_12_20_37_17_345,0.3,0.0,69763.0,69762.0,29.09666,5.884336e-05,0.1359903,-8.319627e-07,0.009084437,-0.0001074887,0.93,-1.552598e-06,-4.575101e-05,-3.603197e-06,-0.0007748603,0.0002138637,-4.842877e-05,0.926
2024_02_12_20_37_17_381,0.3,0.0,69845.0,69845.0,29.13096,5.888921e-05,0.1359903,-5.174837e-07,0.009084437,-0.0001099343,0.93,1.728993e-05,-4.434399e-05,9.887641e-06,0.009000301,-0.0001147485,-0.007539056,0.926
2024_02_12_20_37_17_419,0.3,0.0,69929.0,69929.0,29.16619,5.893875e-05,0.1359902,4.963226e-07,0.009084465,-0.0001099472,0.93,-2.508687e-05,-5.05582e-05,-9.20022e-06,-5.960464e-05,0.0001865203,0.01156237,0.926
2024_02_12_20_37_17_456,0.3,0.0,70011.0,70011.0,29.20049,5.897055e-05,0.1359902,-4.324738e-07,0.009084437,-0.000110355,0.93,-1.104727e-06,-3.99624e-05,6.093855e-06,-0.005960464,9.521841e-06,0.003691762,0.926
2024_02_12_20_37_17_495,0.3,0.0,70095.0,70095.0,29.23571,5.903948e-05,0.1359903,-2.251503e-06,0.009084437,-0.0001099764,0.93,1.681749e-06,-5.302082e-05,-3.91286e-06,5.960464e-05,4.919172e-05,1.024455e-05,0.926
2024_02_12_20_37_17_532,0.3,0.0,70177.0,70177.0,29.27001,5.909967e-05,0.1359903,6.497894e-07,0.009084466,-0.0001076412,0.93,-9.451169e-07,-5.996722e-05,7.089646e-06,0.01072884,4.042192e-05,-0.01525879,0.926
2024_02_12_20_37_17_565,0.3,0.0,70251.0,70251.0,29.3006,5.915669e-05,0.1359903,-2.26838e-06,0.009084406,-0.0001083231,0.93,8.086758e-06,-5.647907e-05,-2.21026e-06,0.001072884,0.0002726972,-0.01153536,0.926
2024_02_12_20_37_17_598,0.3,0.0,70326.0,70326.0,29.33212,5.923096e-05,0.1359902,3.416278e-07,0.009084435,-0.0001093118,0.93,-1.918916e-05,-7.586123e-05,9.11129e-06,0.00333786,-5.497213e-05,-0.02294499,0.926
2024_02_12_20_37_17_636,0.3,0.0,70408.0,70408.0,29.36641,5.931628e-05,0.1359901,-2.159037e-06,0.009084227,-0.0001098134,0.93,2.242493e-05,2.955131e-05,-1.050035e-05,-0.001907349,4.906565e-05,-0.003686175,0.926
2024_02_12_20_37_17_670,0.3,0.0,70484.0,70484.0,29.39793,5.938978e-05,0.1359902,-2.604573e-06,0.009084377,-0.0001095111,0.93,2.440873e-05,-4.87296e-05,-7.601001e-06,0.01144409,0.0002772806,-0.007574446,0.926
2024_02_12_20_37_17_706,0.3,0.0,70566.0,70566.0,29.43223,5.947372e-05,0.1359902,2.678177e-07,0.009084346,-0.000108721,0.93,3.394365e-06,-1.692371e-05,-7.368523e-07,-0.0115037,3.434354e-05,0.003807246,0.926
2024_02_12_20_37_17_745,0.3,0.0,70650.0,70650.0,29.46745,5.951486e-05,0.1359902,8.726863e-07,0.009084316,-0.0001094169,0.93,-2.844753e-06,-2.484615e-05,2.405958e-06,-0.002205372,0.0003650666,0.003741123,0.926
2024_02_12_20_37_17_782,0.3,0.0,70732.0,70732.0,29.50175,5.957546e-05,0.1359902,-3.196967e-07,0.009084377,-0.0001092064,0.93,-1.956963e-06,-3.208277e-05,-2.499321e-06,-0.01490116,-0.0001068975,0.01524389,0.926
2024_02_12_20_37_17_818,0.3,0.0,70817.0,70817.0,29.53698,5.963372e-05,0.1359902,-6.350093e-07,0.009084377,-0.0001079997,0.93,-1.841203e-05,-2.294033e-05,-4.501511e-07,0.01430511,6.698451e-05,-0.03052037,0.926
2024_02_12_20_37_17_852,0.3,0.0,70890.0,70890.0,29.56757,5.970474e-05,0.1359902,-5.69097e-07,0.009084437,-0.0001058324,0.93,1.662611e-06,-5.720715e-05,-2.557206e-06,-0.01364946,0.0001312466,0.01906138,0.926
2024_02_12_20_37_17_890,0.3,0.0,70972.0,70972.0,29.60186,5.979767e-05,0.1359902,-4.761074e-07,0.009084465,-0.0001025686,0.93,2.22741e-05,-4.708096e-05,-1.351002e-06,-0.002622604,-0.0001206433,-0.003861263,0.926
2024_02_12_20_37_17_927,0.3,0.0,71056.0,71056.0,29.63709,5.986345e-05,0.1359902,4.137549e-07,0.009084437,-0.0001023811,0.93,3.078283e-06,-5.644706e-05,3.210012e-06,-0.01060963,0.0002012996,0.01526344,0.926
2024_02_12_20_37_17_965,0.3,0.0,71138.0,71138.0,29.67139,5.993183e-05,0.1359903,1.079797e-06,0.009084466,-0.0001015402,0.93,-1.45401e-06,-4.332202e-05,1.120143e-06,0.006616115,-0.0003105736,-0.007734634,0.926
2024_02_12_20_37_18_002,0.3,0.0,71223.0,71223.0,29.70661,5.997878e-05,0.1359902,-1.743074e-06,0.009084465,-0.0001021666,0.93,2.041782e-05,-5.546272e-05,-4.719168e-06,-0.002324581,-0.0003264995,-0.007719732,0.926
2024_02_12_20_37_18_040,0.3,0.0,71305.0,71305.0,29.74091,6.002983e-05,0.1359903,1.085237e-06,0.009084466,-0.000103417,0.93,2.38609e-05,-6.560145e-05,7.478806e-07,0.006735324,-0.000169527,-0.01911912,0.926
2024_02_12_20_37_18_077,0.3,0.0,71389.0,71389.0,29.77613,6.009518e-05,0.1359902,-3.123301e-08,0.009084465,-0.0001033361,0.93,5.64315e-08,-4.354694e-05,-6.583758e-07,0.005424022,1.528429e-05,-0.007630325,0.926
2024_02_12_20_37_18_111,0.3,0.0,71462.0,71462.0,29.80672,6.014735e-05,0.1359902,-3.329389e-09,0.009084526,-0.0001013683,0.93,-3.592941e-06,-7.015101e-05,1.923069e-06,0.003695488,-8.629131e-05,0.01164619,0.926
2024_02_12_20_37_18_144,0.3,0.0,71538.0,71538.0,29.83824,6.020401e-05,0.1359902,-3.580831e-08,0.009084377,-0.0001004897,0.93,-4.13402e-05,-2.86098e-05,-5.432952e-06,0.003814697,9.564576e-05,-0.007696449,0.926
2024_02_12_20_37_18_181,0.3,0.0,71620.0,71620.0,29.87254,6.027942e-05,0.1359903,-1.152762e-07,0.009084348,-0.0001011437,0.93,2.146229e-06,-4.281659e-05,-2.62206e-06,-0.00745058,7.474227e-05,0.01507718,0.926
2024_02_12_20_37_18_219,0.3,0.0,71704.0,71704.0,29.90776,6.033596e-05,0.1359903,2.036194e-07,0.009084317,-0.000101149,0.93,-1.803019e-06,-4.657548e-05,1.66819e-07,0.002086163,9.629389e-05,0.007491558,0.926
2024_02_12_20_37_18_257,0.3,0.0,71786.0,71786.0,29.94206,6.034825e-05,0.1359902,-9.433548e-07,0.009084377,-0.0001071406,0.93,1.932051e-06,-3.252074e-05,-2.836085e-06,-0.002145767,0.0001026841,-9.872019e-05,0.926
2024_02_12_20_37_18_294,0.3,0.0,71871.0,71871.0,29.97729,6.041771e-05,0.1359903,-1.375142e-07,0.009084437,-0.0001065433,0.93,-3.181663e-07,-5.819526e-05,-3.986288e-08,0.0004172325,4.876972e-05,1.117587e-05,0.926
2024_02_12_20_37_18_331,0.3,0.0,71953.0,71953.0,30.01159,6.049861e-05,0.1359902,-1.808631e-06,0.009084465,-0.0001037503,0.93,2.655273e-05,-4.816042e-05,-6.183241e-07,0.003576278,-0.0001050814,2.235174e-05,0.926
2024_02_12_20_37_18_369,0.3,0.0,72037.0,72037.0,30.04681,6.056171e-05,0.1359902,1.637366e-07,0.009084437,-0.0001038706,0.93,-1.628946e-06,-4.282116e-05,-2.257085e-06,0.0009536743,-6.279185e-05,0.01146179,0.926
2024_02_12_20_37_18_406,0.3,0.0,72119.0,72119.0,30.08111,6.062912e-05,0.1359903,-1.205003e-06,0.009084437,-0.0001018741,0.93,-1.778136e-05,-4.325164e-05,-1.939811e-05,0.003278255,0.0001104393,-0.003762543,0.926
2024_02_12_20_37_18_444,0.3,0.0,72201.0,72201.0,30.11541,6.07109e-05,0.1359903,-4.096646e-07,0.009084348,-0.0001010667,0.93,1.61543e-06,-3.376468e-05,4.409855e-08,0.001013279,-6.307675e-05,0.007574446,0.926
2024_02_12_20_37_18_478,0.3,0.0,72277.0,72277.0,30.14692,6.076531e-05,0.1359902,-1.454454e-06,0.009084317,-0.0001020928,0.93,4.088212e-06,-2.40598e-05,-2.890825e-06,-0.009477139,0.0001278663,0.007636845,0.926
2024_02_12_20_37_18_515,0.3,0.0,72359.0,72359.0,30.18122,6.083885e-05,0.1359901,-8.028156e-07,0.009084227,-0.000103644,0.93,3.748232e-06,1.009645e-05,1.06149e-06,-0.003099441,-0.00017757,0.01539662,0.926
2024_02_12_20_37_18_552,0.3,0.0,72443.0,72443.0,30.21645,6.089831e-05,0.1359901,8.700157e-08,0.00908417,-0.0001042469,0.93,-2.904246e-06,4.093779e-05,-6.144783e-07,0.005722045,0.0001381421,-0.03049243,0.926
2024_02_12_20_37_18_590,0.3,0.0,72525.0,72525.0,30.25074,6.09641e-05,0.1359903,1.14332e-07,0.009084348,-0.0001039642,0.93,2.285428e-06,-1.33451e-05,7.921761e-07,0.0007152557,-9.990083e-05,-0.0001266599,0.926
2024_02_12_20_37_18_628,0.3,0.0,72610.0,72610.0,30.28597,6.101948e-05,0.1359901,-4.347514e-08,0.009084139,-0.0001048879,0.93,-6.357246e-08,5.586651e-05,9.494668e-07,0.001847744,7.497726e-05,0.007693655,0.926
2024_02_12_20_37_18_665,0.3,0.0,72692.0,72692.0,30.32027,6.107705e-05,0.1359902,-2.071179e-06,0.009084197,-0.0001056149,0.93,5.496275e-07,2.163919e-05,1.655458e-06,-0.0002980232,0.0001286536,-5.681067e-05,0.926
2024_02_12_20_37_18_702,0.3,0.0,72776.0,72776.0,30.35549,6.114992e-05,0.1359902,2.363987e-07,0.009084139,-0.000104122,0.93,-8.162702e-07,2.434833e-05,5.610425e-07,-0.01704693,4.683079e-05,0.03039464,0.926
2024_02_12_20_37_18_736,0.3,0.0,72849.0,72849.0,30.38608,6.121997e-05,0.1359901,-6.992166e-07,0.009084227,-0.0001039187,0.93,2.892642e-06,4.66917e-05,-5.379625e-08,-0.005602836,-0.0001948457,0.01536496,0.926
2024_02_12_20_37_18_773,0.3,0.0,72934.0,72934.0,30.42131,6.128899e-05,0.1359902,3.538268e-07,0.009084407,-0.0001038272,0.93,-2.104233e-05,-4.743184e-05,-1.315834e-05,-0.006914138,7.553114e-05,0.01895148,0.926
2024_02_12_20_37_18_811,0.3,0.0,73016.0,73016.0,30.4556,6.136006e-05,0.1359903,-3.520684e-07,0.009084435,-0.0001025656,0.93,-7.781011e-07,-5.240938e-05,1.526863e-06,0.004649162,-0.0003252644,-0.03854278,0.926
2024_02_12_20_37_18_853,0.3,0.0,73109.0,73109.0,30.49454,6.145161e-05,0.1359902,-8.464374e-07,0.009084377,-0.0001003967,0.93,2.320072e-06,-3.665162e-05,-2.562749e-06,0.003218651,0.0002968896,-0.01149345,0.926
2024_02_12_20_37_18_890,0.3,0.0,73191.0,73191.0,30.52884,6.153162e-05,0.1359902,3.746849e-07,0.009084407,-9.973993e-05,0.93,2.077095e-06,-1.935978e-05,4.363456e-06,0.003457069,-0.0001991339,0.007695518,0.926
2024_02_12_20_37_18_927,0.3,0.0,73276.0,73276.0,30.56406,6.158112e-05,0.1359902,8.012801e-07,0.009084437,-9.966712e-05,0.93,-6.187177e-06,-1.95021e-05,-1.54354e-06,-0.001013279,0.000275523,0.007706694,0.926
2024_02_12_20_37_18_966,0.3,0.0,73358.0,73358.0,30.59836,6.162345e-05,0.1359902,-9.823033e-08,0.009084437,-0.0001021167,0.93,1.201038e-06,-4.765565e-05,-5.704736e-06,-0.004768372,0.0002222767,-0.01144223,0.926
2024_02_12_20_37_19_002,0.3,0.0,73442.0,73442.0,30.63358,6.166849e-05,0.1359902,-9.426327e-07,0.009084467,-0.0001009691,0.93,-3.890927e-08,-1.968489e-05,1.433422e-06,0.006377697,9.11607e-05,-0.03040582,0.926
2024_02_12_20_37_19_040,0.3,0.0,73524.0,73524.0,30.66788,6.172896e-05,0.1359902,-4.685645e-07,0.009084495,-0.0001009535,0.93,1.91251e-06,-5.073701e-05,1.015375e-06,0.005602836,3.805644e-05,0.02680812,0.926
2024_02_12_20_37_19_076,0.3,0.0,73608.0,73608.0,30.70311,6.177842e-05,0.1359903,3.722654e-07,0.009084437,-0.0001021078,0.93,7.03392e-07,-4.499168e-05,7.006548e-07,0.006258487,-7.627023e-05,-0.01521595,0.926
2024_02_12_20_37_19_114,0.3,0.0,73691.0,73691.0,30.7374,6.183653e-05,0.1359903,-1.08427e-06,0.009084466,-0.0001013132,0.93,4.258665e-05,-6.698043e-05,8.034075e-06,0.006973743,4.434787e-05,-0.03450364,0.926
2024_02_12_20_37_19_152,0.3,0.0,73775.0,73775.0,30.77263,6.189787e-05,0.1359902,-1.443021e-06,0.009084377,-0.00010164,0.93,4.598169e-05,-3.948157e-05,1.043343e-05,-0.0005960464,1.925662e-05,-8.475035e-05,0.926
2024_02_12_20_37_19_190,0.3,0.0,73857.0,73857.0,30.80693,6.193814e-05,0.1359903,-1.561755e-06,0.009084466,-0.0001046505,0.93,1.206274e-06,-3.754745e-05,-5.566576e-06,-0.003695488,-9.88789e-05,0.003829598,0.926
2024_02_12_20_37_19_227,0.3,0.0,73941.0,73941.0,30.84215,6.201987e-05,0.1359902,-1.334149e-06,0.009084437,-0.000105434,0.93,2.524542e-05,-2.646125e-05,-9.149871e-06,0.003576278,4.560206e-05,0.007691793,0.926
2024_02_12_20_37_19_265,0.3,0.0,74023.0,74023.0,30.87645,6.211801e-05,0.1359903,-2.517915e-06,0.009084496,-0.0001011238,0.93,2.500892e-05,-4.205327e-05,-7.22287e-07,-0.01078844,2.062973e-05,0.02670381,0.926
2024_02_12_20_37_19_302,0.3,0.0,74108.0,74108.0,30.91167,6.218346e-05,0.1359902,1.926054e-06,0.009084465,-0.0001014988,0.93,-2.18615e-05,-4.098641e-05,-7.656117e-06,-0.005900859,-0.0001215673,0.003881752,0.926
2024_02_12_20_37_19_340,0.3,0.0,74190.0,74190.0,30.94597,6.222841e-05,0.1359902,7.87095e-07,0.009084437,-0.0001034783,0.93,-3.399745e-06,-4.181443e-05,-3.146891e-06,-0.009119511,8.707707e-05,0.007491558,0.926
2024_02_12_20_37_19_377,0.3,0.0,74274.0,74274.0,30.9812,6.229201e-05,0.1359902,-3.233095e-06,0.009084466,-0.0001029163,0.93,1.143232e-06,-4.863796e-05,2.917297e-06,0.004768372,0.0002078854,-0.01137052,0.926
2024_02_12_20_37_19_411,0.3,0.0,74347.0,74347.0,31.01179,6.235073e-05,0.1359902,-3.181514e-06,0.009084437,-0.0001033546,0.93,1.323919e-07,-2.446848e-05,4.809111e-07,0.01168251,-2.698175e-05,-0.03058184,0.926
2024_02_12_20_37_19_448,0.3,0.0,74432.0,74432.0,31.04701,6.243454e-05,0.1359902,-3.415412e-07,0.009084437,-0.0001033684,0.93,6.604099e-07,-4.940022e-05,2.325354e-06,-0.0007152557,-0.000116636,7.729977e-05,0.926
2024_02_12_20_37_19_485,0.3,0.0,74514.0,74514.0,31.08131,6.251015e-05,0.1359902,-1.520888e-06,0.009084526,-0.0001007007,0.93,-1.548473e-06,-8.86009e-05,2.416332e-06,0.006794929,0.0002556926,-0.01911726,0.926
2024_02_12_20_37_19_524,0.3,0.0,74598.0,74598.0,31.11654,6.256728e-05,0.1359902,7.248632e-07,0.009084435,-0.0001019895,0.93,-2.213541e-05,-2.570693e-05,7.686325e-06,-0.003278255,0.0003188847,0.03065448,0.926
2024_02_12_20_37_19_560,0.3,0.0,74680.0,74680.0,31.15083,6.26414e-05,0.1359903,-6.450402e-07,0.009084526,-0.0001013037,0.93,-6.596638e-08,-6.421854e-05,3.595874e-06,-0.01585484,-8.553524e-05,0.01518242,0.926
2024_02_12_20_37_19_593,0.3,0.0,74754.0,74754.0,31.18142,6.272242e-05,0.1359902,-1.338474e-06,0.009084407,-9.876886e-05,0.93,2.571977e-06,-1.889962e-05,-5.459111e-06,0.002562999,0.0002953912,0.0114087,0.926
2024_02_12_20_37_19_627,0.3,0.0,74829.0,74829.0,31.21294,6.280919e-05,0.1359903,-2.169937e-06,0.009084435,-9.908614e-05,0.93,2.534223e-05,-3.896448e-05,1.085369e-05,0.005483627,-3.276398e-05,8.28877e-05,0.926
2024_02_12_20_37_19_665,0.3,0.0,74911.0,74911.0,31.24724,6.288359e-05,0.1359902,-7.806322e-08,0.009084466,-9.928258e-05,0.93,-2.345728e-05,-7.459785e-05,-1.860567e-05,0.005662441,-1.044611e-05,-0.0306312,0.926
2024_02_12_20_37_19_698,0.3,0.0,74987.0,74987.0,31.27876,6.294913e-05,0.1359903,2.826688e-09,0.009084435,-9.914214e-05,0.93,-3.101669e-07,-4.000475e-05,-4.668325e-07,0.01019239,-3.159266e-05,-0.02284348,0.926
2024_02_12_20_37_19_736,0.3,0.0,75069.0,75069.0,31.31305,6.300994e-05,0.1359902,-1.76573e-07,0.009084496,-9.811658e-05,0.93,-2.035915e-05,-7.706602e-05,-1.083419e-05,-0.02342462,6.833954e-05,0.05737319,0.926
2024_02_12_20_37_19_773,0.3,0.0,75151.0,75151.0,31.34735,6.30622e-05,0.1359902,-2.67559e-08,0.009084407,-9.803752e-05,0.93,1.930144e-05,-3.765683e-05,-1.050245e-05,0.001490116,-0.0001367136,0.003826804,0.926
2024_02_12_20_37_19_810,0.3,0.0,75235.0,75235.0,31.38258,6.314299e-05,0.1359903,1.396513e-06,0.009084526,-9.592078e-05,0.93,-1.998766e-05,-8.264308e-05,-1.057209e-05,0.006973743,-8.507697e-05,-0.003872439,0.926
2024_02_12_20_37_19_844,0.3,0.0,75308.0,75308.0,31.41317,6.320878e-05,0.1359902,-2.629552e-07,0.009084495,-9.758501e-05,0.93,-1.914e-05,-4.538906e-05,-1.206442e-05,0.001490116,2.715717e-05,-0.003810972,0.926
2024_02_12_20_37_19_881,0.3,0.0,75393.0,75393.0,31.44839,6.330259e-05,0.1359903,1.741985e-06,0.009084435,-9.783103e-05,0.93,1.294247e-06,-1.487047e-05,4.472988e-07,-0.0002384186,-0.00024882,-8.661299e-05,0.926
2024_02_12_20_37_19_919,0.3,0.0,75475.0,75475.0,31.48269,6.337073e-05,0.1359903,-1.578837e-06,0.009084466,-9.969211e-05,0.93,2.208721e-05,-3.394431e-05,1.684748e-05,-0.004410744,-1.567389e-05,-0.0001834705,0.926
2024_02_12_20_37_19_952,0.3,0.0,75550.0,75550.0,31.51421,6.343229e-05,0.1359902,-4.33154e-08,0.009084555,-9.87905e-05,0.93,-2.533651e-05,-6.723322e-05,-1.518604e-05,0.004887581,0.0004334747,-0.003637746,0.926
2024_02_12_20_37_19_990,0.3,0.0,75632.0,75632.0,31.5485,6.349781e-05,0.1359902,-1.179007e-06,0.009084496,-9.959191e-05,0.93,-2.777369e-06,3.991367e-06,-6.398019e-06,0.0008940696,6.315849e-05,-0.0113491,0.926
2024_02_12_20_37_20_027,0.3,0.0,75717.0,75717.0,31.58373,6.357308e-05,0.1359903,-8.288467e-07,0.009084435,-9.94144e-05,0.93,-1.996956e-05,-4.310842e-05,8.289951e-06,-0.005364418,1.336468e-05,0.01146551,0.926
2024_02_12_20_37_20_061,0.3,0.0,75790.0,75790.0,31.61432,6.362981e-05,0.1359902,-5.617176e-07,0.009084407,-9.957326e-05,0.93,-3.825356e-06,-2.81199e-05,3.23984e-06,0.006079673,-0.0002211415,-0.03434438,0.926
2024_02_12_20_37_20_098,0.3,0.0,75872.0,75872.0,31.64862,6.36972e-05,0.1359903,-1.57137e-06,0.009084526,-9.832301e-05,0.93,-4.351142e-06,-2.4675e-05,-3.043307e-06,0.01549721,-0.0002092828,-0.03052223,0.926
2024_02_12_20_37_20_135,0.3,0.0,75956.0,75956.0,31.68384,6.376873e-05,0.1359902,-6.473618e-07,0.009084377,-9.71357e-05,0.93,1.964425e-05,-2.717718e-05,-5.019308e-06,-0.003695488,-0.0001760465,0.02668239,0.926
2024_02_12_20_37_20_173,0.3,0.0,76039.0,76038.0,31.71814,6.38323e-05,0.1359902,7.146787e-07,0.009084495,-9.789824e-05,0.93,-2.63825e-06,-4.868805e-05,2.899665e-06,0.00834465,-5.891479e-06,-0.05341693,0.926
2024_02_12_20_37_20_206,0.3,0.0,76114.0,76114.0,31.74966,6.387678e-05,0.1359903,-1.173705e-06,0.009084526,-9.869975e-05,0.93,-1.614156e-06,-4.9486e-05,1.07419e-07,0.00655651,0.0001080571,-0.01137517,0.926
2024_02_12_20_37_20_244,0.3,0.0,76196.0,76196.0,31.78395,6.394687e-05,0.1359903,-1.246548e-06,0.009084703,-0.0001001417,0.93,1.996406e-05,-7.097879e-05,1.203487e-05,0.002741813,-0.0002064593,-0.003732741,0.926
2024_02_12_20_37_20_277,0.3,0.0,76272.0,76272.0,31.81547,6.400697e-05,0.1359903,6.772171e-07,0.009084615,-9.921494e-05,0.93,-1.244019e-06,-1.933001e-05,1.704775e-07,0.006735324,1.753779e-05,0.007718801,0.926
2024_02_12_20_37_20_314,0.3,0.0,76354.0,76354.0,31.84977,6.408284e-05,0.1359904,-6.780926e-07,0.009084676,-9.871249e-05,0.93,-4.144723e-05,-7.143558e-05,-1.221978e-05,0.005543231,0.0002691328,-0.02303906,0.926
2024_02_12_20_37_20_352,0.3,0.0,76438.0,76438.0,31.88499,6.418618e-05,0.1359904,6.741185e-08,0.009084705,-9.625532e-05,0.93,-2.152958e-05,-3.570916e-05,-1.392472e-05,-0.002741813,8.184792e-05,0.01156609,0.926
2024_02_12_20_37_20_388,0.3,0.0,76520.0,76520.0,31.91929,6.42634e-05,0.1359902,5.712222e-07,0.009084674,-9.607126e-05,0.93,-2.087773e-05,-2.106859e-05,8.149897e-06,-0.007152557,0.0002175094,0.007708556,0.926
2024_02_12_20_37_20_423,0.3,0.0,76593.0,76593.0,31.94988,6.432422e-05,0.1359903,-7.820778e-07,0.009084703,-9.659518e-05,0.93,4.127578e-05,-6.55324e-05,1.26733e-05,-0.002324581,-5.206902e-05,-0.003924593,0.926
2024_02_12_20_37_20_461,0.3,0.0,76678.0,76678.0,31.98511,6.437235e-05,0.1359903,-7.457876e-07,0.009084674,-0.0001002619,0.93,-1.880777e-06,-6.327683e-06,-3.293743e-06,-0.007033348,-0.0002020517,0.01918804,0.926
2024_02_12_20_37_20_494,0.3,0.0,76751.0,76751.0,32.0157,6.442836e-05,0.1359903,3.32659e-09,0.009084705,-0.0001008647,0.93,-5.326867e-07,-2.123644e-05,-9.006765e-07,-0.008106232,-1.90505e-05,0.01530163,0.926
2024_02_12_20_37_20_531,0.3,0.0,76835.0,76835.0,32.05092,6.449792e-05,0.1359904,-2.133758e-06,0.009084704,-0.0001009386,0.93,1.84677e-05,-5.016064e-05,-9.800771e-06,0.008106232,-0.0001016712,-0.01161359,0.926
2024_02_12_20_37_20_568,0.3,0.0,76917.0,76917.0,32.08522,6.457672e-05,0.1359903,-3.437634e-08,0.009084705,-9.824349e-05,0.93,-2.355625e-05,-1.218202e-05,-1.920935e-05,-0.003993511,0.0001005904,0.02307724,0.926
2024_02_12_20_37_20_607,0.3,0.0,77002.0,77002.0,32.12045,6.46631e-05,0.1359903,-4.843458e-07,0.009084674,-9.653296e-05,0.93,2.165603e-05,1.867972e-06,-1.071084e-05,-0.0003576278,-0.000110383,0.02695899,0.926
2024_02_12_20_37_20_643,0.3,0.0,77084.0,77084.0,32.15474,6.47358e-05,0.1359903,7.774817e-09,0.009084703,-9.552604e-05,0.93,-5.616439e-06,-2.630735e-05,1.859501e-05,-0.002801418,-0.0001403551,0.003890134,0.926
2024_02_12_20_37_20_681,0.3,0.0,77168.0,77168.0,32.18997,6.48112e-05,0.1359904,5.513851e-07,0.009084703,-9.26829e-05,0.93,-5.503523e-07,-2.999994e-05,-5.656573e-07,0.00423193,-0.0001101225,-0.01521129,0.926
2024_02_12_20_37_20_714,0.3,0.0,77241.0,77241.0,32.22056,6.489677e-05,0.1359904,-2.130115e-06,0.009084735,-9.054564e-05,0.93,1.687931e-06,-3.260166e-05,-1.221208e-06,-0.0002980232,4.654146e-05,-1.490116e-05,0.926
2024_02_12_20_37_20_747,0.3,0.0,77315.0,77315.0,32.25115,6.502685e-05,0.1359903,3.295825e-07,0.009084676,-8.621718e-05,0.93,2.302444e-06,-7.817265e-06,8.661858e-08,0.001788139,-0.0002193703,0.007704831,0.926
2024_02_12_20_37_20_785,0.3,0.0,77399.0,77399.0,32.28637,6.512309e-05,0.1359904,-3.806676e-07,0.009084645,-8.394173e-05,0.93,-2.209009e-06,-5.926282e-05,-2.108605e-06,0.000655651,0.0001140882,-0.0001257285,0.926
2024_02_12_20_37_20_822,0.3,0.0,77481.0,77481.0,32.32067,6.520142e-05,0.1359903,-6.057151e-07,0.009084674,-8.424705e-05,0.93,-5.122457e-06,-1.685951e-05,-6.444119e-07,-0.01084804,0.0001207696,0.03441237,0.926
2024_02_12_20_37_20_860,0.3,0.0,77565.0,77565.0,32.3559,6.525285e-05,0.1359903,-2.543872e-06,0.009084584,-8.577415e-05,0.93,3.496745e-05,-2.516013e-05,-5.052983e-07,-0.007092952,-6.739259e-05,0.01902599,0.926
2024_02_12_20_37_20_894,0.3,0.0,77639.0,77639.0,32.38649,6.533282e-05,0.1359903,-1.632068e-06,0.009084554,-8.364723e-05,0.93,-3.881689e-08,-2.496418e-05,9.151389e-08,0.005424022,-0.0001238556,-0.007675029,0.926
2024_02_12_20_37_20_931,0.3,0.0,77723.0,77723.0,32.42171,6.542364e-05,0.1359904,-1.33066e-06,0.009084646,-8.277458e-05,0.93,1.856975e-05,-8.952987e-05,1.032582e-05,0.004827976,-5.098968e-06,-0.01153815,0.926
2024_02_12_20_37_20_968,0.3,0.0,77805.0,77805.0,32.45601,6.549761e-05,0.1359903,2.354281e-06,0.009084676,-8.151636e-05,0.93,-4.785222e-05,-3.768896e-05,-9.363851e-06,0.002264977,0.0001653125,-0.007571652,0.926
2024_02_12_20_37_21_007,0.3,0.0,77889.0,77889.0,32.49123,6.555308e-05,0.1359903,2.001524e-06,0.009084614,-8.098184e-05,0.93,-1.041362e-05,-3.421667e-05,6.017036e-06,0.008404255,-0.0002714758,-0.03452506,0.926
2024_02_12_20_37_21_040,0.3,0.0,77963.0,77963.0,32.52182,6.559523e-05,0.1359903,1.089049e-06,0.009084556,-8.059578e-05,0.93,-2.860879e-05,-3.736409e-05,-2.042308e-05,0.004172325,8.143644e-05,-0.02296828,0.926
2024_02_12_20_37_21_077,0.3,0.0,78045.0,78045.0,32.55612,6.564672e-05,0.1359903,5.824108e-07,0.009084526,-8.085238e-05,0.93,-3.064183e-06,-3.79643e-06,-1.4885e-06,0.008642673,-2.190745e-05,-0.0228621,0.926
2024_02_12_20_37_21_115,0.3,0.0,78129.0,78129.0,32.59135,6.569393e-05,0.1359902,-1.05439e-07,0.009084554,-8.351106e-05,0.93,-3.39312e-06,-3.848828e-05,-2.448224e-06,0.006079673,7.839139e-05,-0.01519639,0.926
2024_02_12_20_37_21_152,0.3,0.0,78211.0,78211.0,32.62564,6.573732e-05,0.1359903,-4.173095e-07,0.009084555,-8.374928e-05,0.93,1.573228e-05,-3.90876e-05,1.399992e-05,-0.00333786,-0.0001124502,0.003732741,0.926
2024_02_12_20_37_21_185,0.3,0.0,78287.0,78287.0,32.65716,6.580183e-05,0.1359903,-2.446997e-06,0.009084554,-8.307814e-05,0.93,2.393293e-05,-5.40409e-05,1.161539e-05,0.003933907,3.164155e-05,-0.01143198,0.926
2024_02_12_20_37_21_223,0.3,0.0,78369.0,78369.0,32.69146,6.58802e-05,0.1359903,-1.093182e-06,0.009084555,-8.152285e-05,0.93,-2.071629e-06,-1.759176e-05,3.043383e-06,0.007867813,0.0002948098,-0.007434748,0.926
2024_02_12_20_37_21_260,0.3,0.0,78453.0,78453.0,32.72668,6.590517e-05,0.1359903,1.103351e-06,0.009084554,-8.501886e-05,0.93,-4.778899e-06,-3.513765e-05,-5.08446e-06,0.001728535,-3.501321e-05,0.00775326,0.926
2024_02_12_20_37_21_297,0.3,0.0,78535.0,78535.0,32.76098,6.59389e-05,0.1359903,-6.14041e-07,0.009084584,-8.566784e-05,0.93,1.935561e-05,-4.539422e-05,1.30494e-05,0.0003576278,5.178867e-05,-0.01916662,0.926
2024_02_12_20_37_21_335,0.3,0.0,78619.0,78619.0,32.79621,6.601644e-05,0.1359903,-1.084557e-06,0.009084554,-8.242327e-05,0.93,-1.149379e-06,-2.155016e-05,-1.305236e-06,-0.002205372,0.000223668,5.681067e-05,0.926
2024_02_12_20_37_21_372,0.3,0.0,78702.0,78702.0,32.83051,6.606416e-05,0.1359903,-3.804044e-08,0.009084554,-8.170565e-05,0.93,-3.458826e-06,-2.970275e-05,8.567592e-07,0.006794929,-7.905214e-05,-0.003698282,0.926
2024_02_12_20_37_21_410,0.3,0.0,78786.0,78786.0,32.86573,6.614569e-05,0.1359903,-3.446188e-07,0.009084616,-8.192549e-05,0.93,-1.83475e-05,-4.549186e-05,2.108201e-06,0.006914138,3.548359e-05,-0.01137797,0.926
2024_02_12_20_37_21_443,0.3,0.0,78859.0,78859.0,32.89632,6.622319e-05,0.1359903,-8.591364e-07,0.009084616,-8.019942e-05,0.93,6.408088e-07,-3.286738e-05,-4.746606e-07,-0.01692772,0.0001853737,0.06116181,0.926
2024_02_12_20_37_21_481,0.3,0.0,78943.0,78943.0,32.93155,6.631525e-05,0.1359903,8.812311e-08,0.009084616,-7.880189e-05,0.93,9.457723e-07,-3.143844e-05,-2.339998e-06,0.01060963,-9.175073e-05,-0.04586391,0.926
2024_02_12_20_37_21_519,0.3,0.0,79026.0,79026.0,32.96584,6.638948e-05,0.1359904,3.15648e-07,0.009084645,-8.010736e-05,0.93,-2.289628e-06,-4.910253e-05,-3.987211e-07,-0.01704693,1.400144e-05,0.03807805,0.926
2024_02_12_20_37_21_556,0.3,0.0,79110.0,79110.0,33.00107,6.643519e-05,0.1359903,-7.118775e-07,0.009084616,-8.155446e-05,0.93,-2.714185e-05,-3.979765e-05,1.019519e-06,0.006437301,0.0004062955,-0.04585553,0.926
2024_02_12_20_37_21_590,0.3,0.0,79183.0,79183.0,33.03166,6.649423e-05,0.1359904,-1.746094e-06,0.009084645,-8.204192e-05,0.93,1.573363e-05,-1.673674e-05,1.027061e-05,-0.01019239,-0.0003354033,0.03436301,0.926
2024_02_12_20_37_21_626,0.3,0.0,79265.0,79265.0,33.06596,6.656717e-05,0.1359904,-1.657841e-06,0.009084646,-7.95919e-05,0.93,7.853582e-07,-3.834621e-05,-5.444826e-06,-0.007152557,0.0001309609,0.03038253,0.926
2024_02_12_20_37_21_664,0.3,0.0,79350.0,79350.0,33.10118,6.658617e-05,0.1359903,3.196332e-07,0.009084584,-8.11579e-05,0.93,-1.018294e-05,-6.043021e-06,-1.499154e-06,0.009298325,-4.394565e-05,-0.01516566,0.926
2024_02_12_20_37_21_698,0.3,0.0,79423.0,79423.0,33.13177,6.661414e-05,0.1359903,-1.395734e-06,0.009084644,-8.03511e-05,0.93,1.854564e-05,-2.201412e-05,1.448621e-05,-0.005364418,3.261533e-05,0.003704801,0.926
2024_02_12_20_37_21_735,0.3,0.0,79507.0,79507.0,33.167,6.666212e-05,0.1359904,5.316086e-07,0.009084586,-7.982957e-05,0.93,-6.855544e-07,-5.389882e-05,3.532642e-07,0.005424022,1.283433e-05,-0.02297759,0.926
2024_02_12_20_37_21_773,0.3,0.0,79589.0,79589.0,33.20129,6.673336e-05,0.1359903,-1.165927e-06,0.009084556,-7.904437e-05,0.93,2.153181e-05,-3.693893e-05,-4.782057e-06,-0.009357929,-9.037524e-05,0.02679042,0.926
2024_02_12_20_37_21_806,0.3,0.0,79665.0,79665.0,33.23281,6.67793e-05,0.1359903,-1.148276e-06,0.009084526,-7.896759e-05,0.93,-2.867376e-06,-2.854662e-05,-7.548261e-06,0.001430511,-0.0001770604,-0.01537986,0.926
2024_02_12_20_37_21_843,0.3,0.0,79747.0,79747.0,33.26711,6.684114e-05,0.1359903,-1.316543e-06,0.009084497,-7.957617e-05,0.93,-1.879968e-05,-4.772937e-05,9.566143e-06,0.004947185,0.0002504641,-0.01145434,0.926
2024_02_12_20_37_21_882,0.3,0.0,79831.0,79831.0,33.30233,6.688244e-05,0.1359903,1.795126e-07,0.009084497,-8.048068e-05,0.93,7.239562e-07,-4.939273e-05,-1.895039e-06,0.002980232,2.439992e-05,-0.02305303,0.926
2024_02_12_20_37_21_914,0.3,0.0,79904.0,79904.0,33.33292,6.691672e-05,0.1359903,-1.274607e-07,0.009084555,-8.165937e-05,0.93,-3.326647e-06,-1.866581e-05,-2.956482e-06,0.004470348,-0.0002335617,-0.01900177,0.926
2024_02_12_20_37_21_947,0.3,0.0,79978.0,79978.0,33.36351,6.696617e-05,0.1359902,-1.757254e-06,0.009084554,-8.12874e-05,0.93,1.11381e-06,-5.4812e-05,1.108938e-06,5.960464e-05,-5.932599e-05,6.519258e-05,0.926
2024_02_12_20_37_21_986,0.3,0.0,80062.0,80062.0,33.39874,6.704507e-05,0.1359903,-1.042503e-07,0.009084585,-7.985332e-05,0.93,-1.984858e-05,-4.500203e-05,2.754476e-06,-0.003159046,4.439971e-05,0.01921877,0.926
2024_02_12_20_37_22_023,0.3,0.0,80144.0,80144.0,33.43304,6.711207e-05,0.1359904,3.177064e-07,0.009084556,-7.786535e-05,0.93,-2.624156e-06,-5.256353e-05,1.159338e-06,0.002920627,0.0001621492,0.02291426,0.926
2024_02_12_20_37_22_060,0.3,0.0,80228.0,80228.0,33.46826,6.716221e-05,0.1359903,9.994336e-07,0.009084556,-7.861931e-05,0.93,1.893272e-05,-6.968089e-05,1.429093e-05,0.005602836,-0.0001445557,-0.01914706,0.926
2024_02_12_20_37_22_093,0.3,0.0,80302.0,80302.0,33.49885,6.720854e-05,0.1359903,3.625288e-07,0.009084526,-7.70839e-05,0.93,-4.248496e-05,-5.372589e-05,-3.279103e-06,0.01126528,-4.358969e-05,-0.02285,0.926
2024_02_12_20_37_22_131,0.3,0.0,80384.0,80384.0,33.53315,6.725235e-05,0.1359903,5.187185e-07,0.009084437,-7.785026e-05,0.93,-4.542698e-06,-4.78443e-05,9.199171e-07,0.007987022,-8.316249e-06,-0.01924485,0.926
2024_02_12_20_37_22_164,0.3,0.0,80459.0,80459.0,33.56467,6.727953e-05,0.1359903,1.064526e-06,0.009084584,-7.796368e-05,0.93,-6.060874e-07,-6.741046e-05,2.371997e-06,-0.004768372,0.0002079009,0.01142919,0.926
2024_02_12_20_37_22_202,0.3,0.0,80541.0,80541.0,33.59896,6.732179e-05,0.1359903,-6.868695e-07,0.009084526,-7.981259e-05,0.93,6.352955e-07,-5.498577e-05,-1.70335e-09,0.001072884,-0.0001645801,-0.007634982,0.926
2024_02_12_20_37_22_240,0.3,0.0,80626.0,80626.0,33.63419,6.739014e-05,0.1359903,-1.947028e-06,0.009084495,-7.827918e-05,0.93,1.561298e-06,-4.795384e-05,-2.798642e-06,-0.003099441,8.100971e-05,-0.015378,0.926
2024_02_12_20_37_22_277,0.3,0.0,80708.0,80708.0,33.66849,6.745318e-05,0.1359903,6.448444e-08,0.009084554,-7.781147e-05,0.93,-2.038145e-05,-7.304621e-05,8.391336e-06,0.006079673,7.18112e-05,-0.01918525,0.926
2024_02_12_20_37_22_314,0.3,0.0,80792.0,80792.0,33.70371,6.750759e-05,0.1359902,1.438641e-07,0.009084526,-7.837057e-05,0.93,9.979476e-08,-3.286537e-05,4.626984e-07,-0.0007152557,-8.0169e-05,-5.215406e-05,0.926
2024_02_12_20_37_22_351,0.3,0.0,80874.0,80874.0,33.73801,6.758401e-05,0.1359903,-5.492899e-07,0.009084556,-7.678205e-05,0.93,-2.772827e-07,-4.682883e-05,-6.54548e-07,0.009059906,-8.615256e-05,-0.03060698,0.926
2024_02_12_20_37_22_388,0.3,0.0,80959.0,80959.0,33.77324,6.7637e-05,0.1359903,4.274656e-08,0.009084556,-7.580552e-05,0.93,1.802602e-05,-3.674273e-05,-7.62862e-06,-0.001907349,-1.199396e-08,0.02685562,0.926
2024_02_12_20_37_22_427,0.3,0.0,81041.0,81041.0,33.80753,6.765245e-05,0.1359904,2.21664e-08,0.009084526,-7.88222e-05,0.93,-3.603474e-06,-2.777249e-05,1.845895e-06,-0.004768372,-0.0002475088,0.01899991,0.926
2024_02_12_20_37_22_464,0.3,0.0,81125.0,81125.0,33.84276,6.769421e-05,0.1359903,-3.854577e-07,0.009084555,-7.806782e-05,0.93,2.545711e-06,6.760885e-06,5.300226e-06,0.01192093,5.874597e-05,-0.02660416,0.926
2024_02_12_20_37_22_498,0.3,0.0,81198.0,81198.0,33.87335,6.774584e-05,0.1359904,-9.504367e-07,0.009084645,-7.804287e-05,0.93,2.203133e-07,-1.605988e-05,1.748173e-06,-0.006854534,-0.0005233976,0.03056321,0.926
2024_02_12_20_37_22_537,0.3,0.0,81283.0,81283.0,33.90857,6.780407e-05,0.1359903,1.765656e-06,0.009084554,-7.76128e-05,0.93,-4.954141e-06,-2.261479e-05,3.152921e-06,0.004708767,-0.0002469074,-0.01524575,0.926
2024_02_12_20_37_22_568,0.3,0.0,81356.0,81356.0,33.93916,6.782897e-05,0.1359903,-2.12114e-07,0.009084556,-7.771851e-05,0.93,2.0326e-05,-2.269394e-05,1.038364e-05,-0.01788139,-7.69412e-05,0.04976801,0.926
2024_02_12_20_37_22_606,0.3,0.0,81438.0,81438.0,33.97346,6.787248e-05,0.1359903,-1.213913e-06,0.009084644,-7.836506e-05,0.93,6.41902e-07,-4.11447e-05,-3.806492e-06,-0.008285046,0.0001426482,0.00755582,0.926
2024_02_12_20_37_22_643,0.3,0.0,81522.0,81522.0,34.00869,6.79227e-05,0.1359903,-1.865919e-06,0.009084584,-7.942024e-05,0.93,1.740937e-06,-2.709734e-05,-5.193908e-07,-0.009417534,3.445848e-06,-7.357448e-05,0.926
2024_02_12_20_37_22_676,0.3,0.0,81595.0,81595.0,34.03928,6.799054e-05,0.1359903,-1.788064e-06,0.009084556,-7.857111e-05,0.93,4.295971e-06,-2.963696e-05,1.551009e-06,-0.02580881,-0.0001238003,0.04587322,0.926
2024_02_12_20_37_22_715,0.3,0.0,81680.0,81680.0,34.0745,6.803987e-05,0.1359904,-1.309173e-06,0.009084645,-7.992548e-05,0.93,2.378035e-06,-4.36431e-05,2.468765e-06,0.007629394,0.0001708344,-0.007672235,0.926
2024_02_12_20_37_22_751,0.3,0.0,81762.0,81762.0,34.1088,6.811576e-05,0.1359903,-1.611826e-06,0.009084584,-7.93282e-05,0.93,8.607834e-08,-4.299266e-05,-5.98509e-07,0.00423193,5.598088e-05,-0.01520663,0.926
2024_02_12_20_37_22_785,0.3,0.0,81837.0,81837.0,34.14032,6.816169e-05,0.1359903,2.894257e-07,0.009084584,-8.064944e-05,0.93,-1.949058e-05,-7.518197e-05,1.265362e-05,0.0005960464,1.966907e-05,-0.003809109,0.926
2024_02_12_20_37_22_822,0.3,0.0,81919.0,81919.0,34.17461,6.821645e-05,0.1359903,-1.108971e-07,0.009084555,-8.214288e-05,0.93,-2.660322e-06,-2.377083e-05,3.732429e-06,-0.006139278,-0.0003009491,0.042147,0.926
2024_02_12_20_37_22_862,0.3,0.0,82004.0,82004.0,34.20984,6.827494e-05,0.1359903,-1.967061e-06,0.009084526,-8.369878e-05,0.93,2.176973e-05,-2.67372e-05,-9.245198e-06,0.007092952,0.0001887984,-0.01141522,0.926
2024_02_12_20_37_22_897,0.3,0.0,82086.0,82086.0,34.24414,6.833506e-05,0.1359903,6.088711e-07,0.009084526,-8.406727e-05,0.93,-1.841622e-06,-2.881055e-05,1.081903e-06,-0.003457069,5.794834e-05,0.01535844,0.926
2024_02_12_20_37_22_931,0.3,0.0,82159.0,82159.0,34.27473,6.840991e-05,0.1359903,2.742987e-07,0.009084554,-8.223617e-05,0.93,2.156766e-06,-5.031479e-05,4.581201e-06,0.0007152557,0.0001003219,0.003855675,0.926
2024_02_12_20_37_22_964,0.3,0.0,82235.0,82235.0,34.30624,6.846364e-05,0.1359904,-4.059281e-07,0.009084467,-8.262113e-05,0.93,-7.783097e-07,5.150263e-06,4.181486e-06,0.008523464,-7.852008e-05,-0.007600523,0.926
2024_02_12_20_37_23_001,0.3,0.0,82317.0,82317.0,34.34054,6.851096e-05,0.1359903,-5.689385e-07,0.009084584,-8.390671e-05,0.93,-1.113567e-08,-5.21398e-05,1.922248e-06,0.002384186,0.0001133656,-0.01535006,0.926
2024_02_12_20_37_23_039,0.3,0.0,82401.0,82401.0,34.37577,6.854341e-05,0.1359903,-9.114831e-07,0.009084526,-8.51164e-05,0.93,3.772053e-05,-3.311336e-05,1.37032e-06,0.006139278,1.44928e-06,-0.03062095,0.926
2024_02_12_20_37_23_076,0.3,0.0,82483.0,82483.0,34.41006,6.858847e-05,0.1359903,3.535067e-07,0.009084526,-8.365908e-05,0.93,-1.305947e-07,-2.30327e-05,7.69316e-07,-0.006139278,6.632501e-05,0.01536868,0.926
2024_02_12_20_37_23_115,0.3,0.0,82568.0,82567.0,34.44529,6.86549e-05,0.1359902,-5.667703e-07,0.009084437,-8.209992e-05,0.93,-2.05598e-05,-2.578546e-05,3.3819e-06,-0.01275539,-0.0002376625,0.01530815,0.926
2024_02_12_20_37_23_151,0.3,0.0,82650.0,82650.0,34.47959,6.870411e-05,0.1359903,-1.572138e-07,0.009084435,-8.302522e-05,0.93,-3.065692e-07,-3.065238e-05,6.655874e-08,0.004053116,5.366814e-06,-0.01539104,0.926
2024_02_12_20_37_23_185,0.3,0.0,82725.0,82725.0,34.5111,6.875386e-05,0.1359903,-3.88299e-07,0.009084495,-8.364992e-05,0.93,-7.088792e-07,-3.095436e-05,2.957051e-06,-0.001907349,-5.704578e-05,-0.0001536682,0.926
2024_02_12_20_37_23_223,0.3,0.0,82807.0,82807.0,34.5454,6.878133e-05,0.1359903,4.262945e-07,0.009084526,-8.420068e-05,0.93,3.2547e-09,-5.760601e-05,-2.846815e-07,0.009536743,1.125488e-05,-0.01530256,0.926
2024_02_12_20_37_23_260,0.3,0.0,82892.0,82892.0,34.58063,6.884392e-05,0.1359904,-1.352541e-06,0.009084555,-8.369183e-05,0.93,2.116113e-05,-5.923368e-05,-7.539082e-06,-0.008821487,-0.0001036013,0.003601424,0.926
2024_02_12_20_37_23_293,0.3,0.0,82965.0,82965.0,34.61122,6.891158e-05,0.1359903,-1.814881e-06,0.009084497,-8.273176e-05,0.93,-2.817542e-07,-3.360846e-05,-1.040621e-06,0.01180172,-0.0001228645,-0.01894124,0.926
2024_02_12_20_37_23_330,0.3,0.0,83047.0,83047.0,34.64552,6.898944e-05,0.1359903,2.17839e-07,0.009084554,-8.080735e-05,0.93,1.105697e-06,-5.9659e-05,2.750116e-06,-0.007629394,0.0001646773,0.0114562,0.926
2024_02_12_20_37_23_369,0.3,0.0,83131.0,83131.0,34.68074,6.905152e-05,0.1359903,-6.201432e-07,0.009084584,-8.072444e-05,0.93,5.889584e-07,-4.090711e-05,4.554932e-06,0.001490116,3.306013e-05,0.003827736,0.926
2024_02_12_20_37_23_405,0.3,0.0,83213.0,83213.0,34.71504,6.910904e-05,0.1359904,7.442518e-08,0.009084614,-8.089971e-05,0.93,-3.961166e-06,-5.108255e-05,1.352344e-06,0.005602836,-0.0001820348,-0.01922157,0.926
2024_02_12_20_37_23_442,0.3,0.0,83298.0,83298.0,34.75026,6.913727e-05,0.1359903,-8.196896e-07,0.009084644,-8.335423e-05,0.93,-3.545714e-06,-4.931409e-05,-1.87658e-06,-0.01126528,0.0001599825,0.02283417,0.926
2024_02_12_20_37_23_481,0.3,0.0,83380.0,83380.0,34.78456,6.918805e-05,0.1359904,-1.673243e-06,0.009084645,-8.481805e-05,0.93,-3.87028e-06,-2.821232e-05,-2.978415e-06,-0.01347065,-0.0002048891,0.03816746,0.926
2024_02_12_20_37_23_518,0.3,0.0,83464.0,83464.0,34.81979,6.924742e-05,0.1359904,1.972485e-06,0.009084676,-8.407026e-05,0.93,-4.085062e-05,-3.709004e-05,-4.606482e-06,-0.007510185,-3.602531e-05,-0.0001024455,0.926
2024_02_12_20_37_23_551,0.3,0.0,83537.0,83537.0,34.85038,6.930146e-05,0.1359903,-8.736066e-07,0.009084676,-8.462348e-05,0.93,2.328407e-05,-4.520311e-05,1.78151e-05,0.006079673,-0.000262988,-0.003719702,0.926
2024_02_12_20_37_23_590,0.3,0.0,83622.0,83622.0,34.8856,6.939162e-05,0.1359903,-1.77565e-06,0.009084614,-8.102318e-05,0.93,2.196261e-05,-4.97115e-05,-4.967218e-06,-0.001609325,-0.0001073737,-0.003855675,0.926
2024_02_12_20_37_23_622,0.3,0.0,83695.0,83695.0,34.91619,6.944133e-05,0.1359903,-1.438472e-06,0.009084555,-8.081237e-05,0.93,2.086226e-05,-7.285311e-05,-7.556583e-06,0.02014637,-5.314246e-05,-0.04203897,0.926
2024_02_12_20_37_23_661,0.3,0.0,83777.0,83777.0,34.95049,6.950113e-05,0.1359903,-1.466133e-06,0.009084526,-8.098259e-05,0.93,2.49849e-05,-3.708972e-05,1.477531e-05,-0.01078844,-7.612959e-05,0.02287328,0.926
2024_02_12_20_37_23_694,0.3,0.0,83852.0,83852.0,34.98201,6.956868e-05,0.1359903,-2.057339e-07,0.009084554,-8.062751e-05,0.93,-7.440477e-07,-4.859135e-05,-1.866594e-05,0.004768372,-4.993489e-05,-0.03064237,0.926
2024_02_12_20_37_23_731,0.3,0.0,83935.0,83935.0,35.0163,6.960559e-05,0.1359903,-2.02997e-07,0.009084554,-8.443032e-05,0.93,-7.500877e-06,-4.036428e-05,-2.957507e-06,-0.003039837,-0.0002656885,0.007595866,0.926
2024_02_12_20_37_23_768,0.3,0.0,84019.0,84019.0,35.05153,6.966221e-05,0.1359903,-9.794096e-08,0.009084526,-8.360441e-05,0.93,3.408806e-07,-1.864738e-05,2.857633e-06,-0.001013279,-0.0001190353,0.0001145527,0.926
2024_02_12_20_37_23_807,0.3,0.0,84101.0,84101.0,35.08583,6.971373e-05,0.1359904,-7.934762e-07,0.009084526,-8.488074e-05,0.93,6.513659e-07,-1.269903e-05,2.06976e-06,0.002861023,-6.709979e-05,-0.0076266,0.926
2024_02_12_20_37_23_843,0.3,0.0,84185.0,84185.0,35.12105,6.977744e-05,0.1359903,1.485167e-07,0.009084584,-8.34949e-05,0.93,-2.271832e-05,-7.329944e-05,9.290642e-06,-0.003099441,-1.72223e-05,-1.769513e-05,0.926
2024_02_12_20_37_23_881,0.3,0.0,84267.0,84267.0,35.15535,6.981476e-05,0.1359903,1.267405e-06,0.009084497,-8.588942e-05,0.93,-2.130925e-05,-3.448558e-05,-9.213675e-06,-0.0004768371,0.0002344958,-0.00771787,0.926
2024_02_12_20_37_23_918,0.3,0.0,84352.0,84352.0,35.19057,6.987464e-05,0.1359903,-7.869822e-07,0.009084614,-8.785561e-05,0.93,-1.81267e-05,-3.556268e-05,6.588049e-06,0.0,-4.266997e-05,0.003738329,0.926
2024_02_12_20_37_23_956,0.3,0.0,84434.0,84434.0,35.22487,6.995304e-05,0.1359903,-4.837042e-07,0.009084467,-8.538044e-05,0.93,-3.903093e-07,-2.333521e-05,3.081106e-07,0.00667572,-3.806917e-06,-0.00755582,0.926
2024_02_12_20_37_23_994,0.3,0.0,84518.0,84518.0,35.2601,7.003657e-05,0.1359903,-1.263588e-07,0.009084555,-8.132501e-05,0.93,-2.305852e-05,-6.806391e-05,3.07851e-06,0.005066394,7.550977e-05,-0.02295524,0.926
2024_02_12_20_37_24_030,0.3,0.0,84600.0,84600.0,35.2944,7.010224e-05,0.1359903,-5.465637e-07,0.009084437,-8.283689e-05,0.93,-3.823812e-05,-2.647056e-05,-8.282453e-06,0.01531839,0.000304658,-0.03049802,0.926
2024_02_12_20_37_24_068,0.3,0.0,84685.0,84685.0,35.32962,7.017281e-05,0.1359903,-1.667825e-07,0.009084467,-8.136856e-05,0.93,-2.258358e-06,-5.19451e-05,-1.744534e-06,0.001847744,-2.001138e-05,5.867332e-05,0.926
2024_02_12_20_37_24_106,0.3,0.0,84767.0,84767.0,35.36392,7.023179e-05,0.1359902,-5.267537e-07,0.009084467,-8.200886e-05,0.93,2.09741e-05,-3.095976e-05,-7.744313e-06,0.007987022,-8.546169e-05,-0.01127738,0.926
2024_02_12_20_37_24_143,0.3,0.0,84851.0,84851.0,35.39914,7.028433e-05,0.1359903,1.329924e-07,0.009084526,-8.370091e-05,0.93,-1.508308e-06,-4.264742e-05,3.785915e-06,-0.0005364418,6.034963e-05,-0.01146085,0.926
2024_02_12_20_37_24_176,0.3,0.0,84924.0,84924.0,35.42973,7.033757e-05,0.1359903,1.090393e-06,0.009084554,-8.35123e-05,0.93,-2.370166e-06,-5.935988e-05,5.09926e-06,-0.004589558,-0.0001771345,0.007576309,0.926
2024_02_12_20_37_24_214,0.3,0.0,85009.0,85009.0,35.46496,7.039104e-05,0.1359903,-1.156208e-07,0.009084614,-8.244804e-05,0.93,1.639055e-05,-4.420151e-05,1.274171e-05,0.0002980232,2.885804e-05,-0.01139101,0.926
2024_02_12_20_37_24_252,0.3,0.0,85091.0,85091.0,35.49926,7.044918e-05,0.1359903,1.386422e-06,0.009084614,-8.084122e-05,0.93,-2.249128e-05,-3.735719e-05,-1.273229e-05,-0.0005364418,2.486433e-05,-0.01139846,0.926
2024_02_12_20_37_24_284,0.3,0.0,85164.0,85164.0,35.52985,7.048862e-05,0.1359903,-1.799708e-08,0.009084584,-8.27536e-05,0.93,-2.286771e-06,-4.928417e-05,-2.333141e-06,0.002741813,-6.101083e-05,-0.02295617,0.926
2024_02_12_20_37_24_322,0.3,0.0,85248.0,85248.0,35.56507,7.053778e-05,0.1359904,3.267815e-07,0.009084556,-8.210837e-05,0.93,-3.733896e-07,-7.1426e-05,1.5524e-07,0.01043081,-1.777266e-06,-0.03074761,0.926
2024_02_12_20_37_24_356,0.3,0.0,85322.0,85322.0,35.59566,7.057605e-05,0.1359903,-1.11144e-06,0.009084614,-8.283445e-05,0.93,-2.733369e-06,-3.549704e-05,-1.647308e-07,0.00745058,0.0001185252,0.01542177,0.926
2024_02_12_20_37_24_393,0.3,0.0,85406.0,85406.0,35.63089,7.062063e-05,0.1359904,-6.351843e-07,0.009084676,-8.596227e-05,0.93,1.960934e-05,-4.165232e-05,9.25926e-06,0.001013279,-0.0003741889,-6.239861e-05,0.926
2024_02_12_20_37_24_430,0.3,0.0,85488.0,85488.0,35.66518,7.066919e-05,0.1359903,5.839141e-07,0.009084584,-8.47886e-05,0.93,-2.180455e-05,-5.179223e-05,-1.545905e-05,-0.01019239,0.0001116311,0.01145713,0.926
2024_02_12_20_37_24_468,0.3,0.0,85572.0,85572.0,35.70041,7.073277e-05,0.1359904,-2.617677e-07,0.009084615,-8.40604e-05,0.93,-2.092794e-05,-3.282528e-05,1.033501e-05,0.005424022,-9.476002e-05,-0.007586553,0.926
2024_02_12_20_37_24_505,0.3,0.0,85654.0,85654.0,35.73471,7.079513e-05,0.1359903,6.955592e-07,0.009084584,-8.503572e-05,0.93,-2.803265e-06,-4.08922e-05,3.546008e-08,-0.01311302,-0.000549816,0.03436487,0.926
2024_02_12_20_37_24_543,0.3,0.0,85739.0,85739.0,35.76993,7.084039e-05,0.1359903,-1.014824e-06,0.009084554,-8.432563e-05,0.93,-2.158715e-06,-3.24327e-05,-7.070416e-06,0.004470348,-0.0001360032,0.004007481,0.926
2024_02_12_20_37_24_581,0.3,0.0,85821.0,85821.0,35.80423,7.091777e-05,0.1359903,-4.423456e-07,0.009084584,-8.301983e-05,0.93,-1.577274e-06,-5.936264e-05,-4.514594e-06,0.004708767,-0.0001229731,-0.003731809,0.926
2024_02_12_20_37_24_618,0.3,0.0,85905.0,85905.0,35.83945,7.098533e-05,0.1359903,-1.180912e-06,0.009084616,-8.119557e-05,0.93,1.893173e-05,-5.419221e-05,-9.055881e-06,-0.001072884,5.353723e-05,-0.0114385,0.926
2024_02_12_20_37_24_651,0.3,0.0,85978.0,85978.0,35.87004,7.101108e-05,0.1359902,2.24013e-07,0.009084554,-8.325693e-05,0.93,-3.998567e-06,-5.611515e-05,-9.67318e-08,0.003099441,-0.0001075109,-0.02287235,0.926
2024_02_12_20_37_24_685,0.3,0.0,86052.0,86052.0,35.90063,7.104666e-05,0.1359902,-5.449743e-07,0.009084556,-8.244e-05,0.93,1.928564e-05,-2.816803e-05,-3.287862e-06,-0.007987022,-0.0001633123,0.03441609,0.926
2024_02_12_20_37_24_722,0.3,0.0,86136.0,86136.0,35.93586,7.109281e-05,0.1359904,5.843621e-07,0.009084526,-8.184539e-05,0.93,-2.258203e-06,-8.087944e-05,-3.716241e-06,-0.003099441,-0.0001097804,-0.0194516,0.926
2024_02_12_20_37_24_760,0.3,0.0,86218.0,86218.0,35.97016,7.113267e-05,0.1359903,-8.530592e-07,0.009084586,-8.166099e-05,0.93,-1.732094e-06,-3.884444e-05,-4.411968e-06,-0.01138449,-7.889525e-05,0.01522619,0.926
2024_02_12_20_37_24_797,0.3,0.0,86302.0,86302.0,36.00538,7.116345e-05,0.1359903,6.189601e-07,0.009084526,-8.290162e-05,0.93,5.350503e-07,-2.116192e-05,7.446603e-07,-0.007688999,-5.024412e-05,0.007487833,0.926
2024_02_12_20_37_24_835,0.3,0.0,86385.0,86385.0,36.03968,7.121604e-05,0.1359903,-3.367479e-07,0.009084497,-8.372724e-05,0.93,1.273556e-07,-3.4985e-05,1.903954e-06,0.002324581,-0.0001879168,-4.749745e-05,0.926
2024_02_12_20_37_24_869,0.3,0.0,86460.0,86460.0,36.0712,7.127872e-05,0.1359903,-8.345213e-07,0.009084496,-8.212365e-05,0.93,2.792244e-06,-5.260086e-05,-3.062011e-06,0.0004768371,0.0001209908,-9.313225e-05,0.926
2024_02_12_20_37_24_906,0.3,0.0,86542.0,86542.0,36.1055,7.133844e-05,0.1359903,2.814453e-07,0.009084554,-8.066281e-05,0.93,-2.043701e-05,-4.236052e-05,-1.049078e-05,0.004768372,-3.828643e-05,-0.003733672,0.926
2024_02_12_20_37_24_944,0.3,0.0,86626.0,86626.0,36.14072,7.137996e-05,0.1359903,-3.60102e-07,0.009084437,-8.281186e-05,0.93,-2.192328e-05,-1.264006e-05,8.275329e-06,-0.003635883,9.309394e-05,0.01910143,0.926
2024_02_12_20_37_24_981,0.3,0.0,86709.0,86709.0,36.17502,7.146726e-05,0.1359903,2.478891e-06,0.009084526,-8.092964e-05,0.93,-4.060294e-05,-1.443287e-05,-3.577127e-06,0.004053116,-0.0001095437,0.0001071021,0.926
2024_02_12_20_37_25_018,0.3,0.0,86793.0,86793.0,36.21024,7.154103e-05,0.1359904,-1.797229e-06,0.009084496,-7.990102e-05,0.93,2.040306e-06,-3.82953e-05,-3.099558e-07,0.007867813,4.580067e-05,-0.03840402,0.926
2024_02_12_20_37_25_056,0.3,0.0,86875.0,86875.0,36.24454,7.158213e-05,0.1359903,-7.504548e-07,0.009084556,-8.100768e-05,0.93,3.91257e-07,-3.605988e-05,8.255935e-07,-0.009357929,5.307436e-05,0.0459738,0.926
2024_02_12_20_37_25_089,0.3,0.0,86948.0,86948.0,36.27513,7.163204e-05,0.1359903,1.380366e-07,0.009084467,-8.048004e-05,0.93,9.77225e-07,-4.643879e-05,-3.700861e-06,-0.003278255,2.780098e-05,-0.007688067,0.926
2024_02_12_20_37_25_126,0.3,0.0,87033.0,87033.0,36.31036,7.168475e-05,0.1359903,3.265775e-07,0.009084496,-7.678474e-05,0.93,2.434715e-07,-5.486366e-06,-7.290085e-08,0.001609325,0.0003073313,-0.003702938,0.926
2024_02_12_20_37_25_164,0.3,0.0,87115.0,87115.0,36.34465,7.172905e-05,0.1359903,-1.176088e-07,0.009084466,-7.751797e-05,0.93,-9.140568e-07,-5.536517e-05,8.396653e-07,0.01168251,-3.26479e-05,-0.007716007,0.926
2024_02_12_20_37_25_202,0.3,0.0,87199.0,87199.0,36.37988,7.178488e-05,0.1359903,-1.460831e-07,0.009084467,-7.736219e-05,0.93,1.857265e-06,-3.219747e-05,-8.482878e-07,0.01060963,-0.0002239129,-0.02286304,0.926
2024_02_12_20_37_25_238,0.3,0.0,87281.0,87281.0,36.41418,7.185141e-05,0.1359904,-1.818056e-06,0.009084497,-7.576728e-05,0.93,-1.203657e-06,-4.728347e-05,-1.447849e-06,-0.00578165,-7.559401e-05,0.003650784,0.926
2024_02_12_20_37_25_276,0.3,0.0,87365.0,87365.0,36.4494,7.192419e-05,0.1359903,-1.580051e-06,0.009084526,-7.504081e-05,0.93,-6.728393e-07,-2.40965e-05,-2.352201e-06,0.009477139,8.228562e-05,-0.007556751,0.926
2024_02_12_20_37_25_314,0.3,0.0,87448.0,87448.0,36.4837,7.197896e-05,0.1359903,-1.240299e-06,0.009084614,-7.43539e-05,0.93,2.075406e-05,-4.679199e-05,-6.498504e-06,0.00846386,0.0002091307,-0.02297852,0.926
2024_02_12_20_37_25_352,0.3,0.0,87532.0,87532.0,36.51892,7.201555e-05,0.1359903,-1.13636e-06,0.009084554,-7.469195e-05,0.93,1.968237e-05,-3.6469e-05,-3.605863e-06,-0.01120567,-7.120815e-05,0.02678018,0.926
2024_02_12_20_37_25_385,0.3,0.0,87605.0,87605.0,36.54951,7.206513e-05,0.1359902,1.066999e-06,0.009084584,-7.494124e-05,0.93,-4.295501e-05,-3.616363e-05,-1.95141e-07,0.003755092,-6.874643e-06,-0.003674999,0.926
2024_02_12_20_37_25_422,0.3,0.0,87690.0,87690.0,36.58474,7.210873e-05,0.1359904,1.920752e-07,0.009084526,-7.56956e-05,0.93,2.820498e-07,-5.865967e-05,8.33221e-07,0.003397465,4.396679e-05,-0.01548882,0.926
2024_02_12_20_37_25_456,0.3,0.0,87763.0,87763.0,36.61533,7.215885e-05,0.1359903,-1.95745e-06,0.009084584,-7.713112e-05,0.93,3.360772e-06,-4.110235e-05,2.340924e-06,0.001192093,-0.0002107458,-0.003781169,0.926
2024_02_12_20_37_25_494,0.3,0.0,87847.0,87847.0,36.65055,7.223328e-05,0.1359902,-2.152835e-06,0.009084554,-7.742299e-05,0.93,2.359876e-05,-2.278972e-05,-8.577867e-06,-0.002503395,7.818687e-05,0.01922809,0.926
2024_02_12_20_37_25_530,0.3,0.0,87929.0,87929.0,36.68485,7.23127e-05,0.1359903,5.868995e-07,0.009084497,-7.734051e-05,0.93,-2.357867e-05,-2.097313e-05,5.120518e-06,-0.001847744,0.000100376,0.02682861,0.926
2024_02_12_20_37_25_564,0.3,0.0,88002.0,88002.0,36.71544,7.23633e-05,0.1359903,-9.639024e-07,0.009084586,-7.733671e-05,0.93,-7.01289e-07,-2.41065e-05,1.860098e-05,-0.003933907,2.507136e-05,0.007716007,0.926
2024_02_12_20_37_25_601,0.3,0.0,88087.0,88087.0,36.75067,7.241428e-05,0.1359903,7.722569e-07,0.009084644,-7.622658e-05,0.93,-4.992175e-06,-5.819304e-05,-3.079106e-06,-0.006377697,-2.912043e-05,0.007642433,0.926
2024_02_12_20_37_25_639,0.3,0.0,88169.0,88169.0,36.78497,7.245771e-05,0.1359903,-1.130256e-06,0.009084556,-7.541313e-05,0.93,1.945134e-05,-2.485181e-05,-7.873677e-06,0.007331371,1.317915e-05,-0.0113491,0.926
2024_02_12_20_37_25_676,0.3,0.0,88253.0,88253.0,36.82019,7.250781e-05,0.1359903,-1.14508e-06,0.009084556,-7.615275e-05,0.93,-9.880578e-07,-2.738594e-05,-4.63755e-06,0.002622604,-8.108918e-05,-0.01137704,0.926
2024_02_12_20_37_25_713,0.3,0.0,88335.0,88335.0,36.85449,7.25417e-05,0.1359903,7.411797e-07,0.009084584,-7.682787e-05,0.93,1.557811e-05,-5.150701e-05,-8.974915e-06,0.003933907,-0.0001267956,-0.01920015,0.926
2024_02_12_20_37_25_747,0.3,0.0,88411.0,88411.0,36.88601,7.256812e-05,0.1359904,1.491216e-06,0.009084644,-7.933829e-05,0.93,-1.346261e-06,-7.497361e-05,4.845846e-07,-0.001192093,-0.0001253425,0.01141056,0.926
2024_02_12_20_37_25_785,0.3,0.0,88493.0,88493.0,36.9203,7.264e-05,0.1359903,1.170771e-07,0.009084497,-7.811889e-05,0.93,-6.236586e-08,-9.275203e-06,-1.938799e-07,-0.000834465,5.136849e-05,3.352761e-05,0.926
2024_02_12_20_37_25_822,0.3,0.0,88577.0,88577.0,36.95553,7.272208e-05,0.1359903,-1.936356e-07,0.009084495,-7.773509e-05,0.93,2.097311e-06,-3.712157e-05,4.305458e-06,-0.01329183,-0.0002762375,0.007499009,0.926
2024_02_12_20_37_25_856,0.3,0.0,88650.0,88650.0,36.98612,7.277377e-05,0.1359903,-1.075783e-06,0.009084465,-7.53987e-05,0.93,3.835414e-05,-4.294809e-05,9.882299e-06,-0.001549721,0.0002014798,0.003694556,0.926
2024_02_12_20_37_25_893,0.3,0.0,88735.0,88735.0,37.02134,7.282189e-05,0.1359904,1.158885e-07,0.009084467,-7.466374e-05,0.93,-3.303116e-06,-4.611964e-05,1.410497e-06,-0.0004768371,-2.436121e-05,0.02286769,0.926
2024_02_12_20_37_25_931,0.3,0.0,88817.0,88817.0,37.05564,7.28759e-05,0.1359903,-1.620164e-07,0.009084377,-7.618998e-05,0.93,-2.266402e-06,-8.972973e-06,-6.174691e-06,-0.002920627,-0.0001539755,0.003868714,0.926
2024_02_12_20_37_25_968,0.3,0.0,88899.0,88899.0,37.08994,7.293003e-05,0.1359903,3.18022e-08,0.009084435,-7.353521e-05,0.93,-2.062586e-06,-4.766384e-05,4.516276e-06,0.003099441,1.227806e-05,-0.01153164,0.926
2024_02_12_20_37_26_006,0.3,0.0,88983.0,88983.0,37.12516,7.29807e-05,0.1359904,1.002675e-06,0.009084467,-7.317977e-05,0.93,-2.578135e-06,-7.135232e-05,-2.406057e-06,0.007390975,-3.838647e-05,-0.01538545,0.926
2024_02_12_20_37_26_043,0.3,0.0,89065.0,89065.0,37.15946,7.29759e-05,0.1359903,-1.200305e-06,0.009084437,-7.75279e-05,0.93,2.023183e-05,-3.705045e-05,1.363493e-05,-0.01317263,-0.0001008574,0.04967581,0.926
2024_02_12_20_37_26_080,0.3,0.0,89150.0,89150.0,37.19469,7.302085e-05,0.1359903,9.685872e-08,0.009084467,-7.807312e-05,0.93,-2.01187e-06,-2.811021e-05,5.748864e-07,-0.00834465,-3.425401e-05,0.01517124,0.926
2024_02_12_20_37_26_118,0.3,0.0,89232.0,89232.0,37.22898,7.308325e-05,0.1359903,-1.768606e-06,0.009084497,-7.662833e-05,0.93,5.563346e-07,-4.094211e-05,-7.065453e-07,-0.007271766,5.469906e-05,0.02280809,0.926
2024_02_12_20_37_26_156,0.3,0.0,89316.0,89316.0,37.26421,7.316624e-05,0.1359904,-4.925805e-07,0.009084644,-7.434634e-05,0.93,-1.979335e-05,-8.175563e-05,-1.112527e-05,0.009953975,-1.210185e-05,-0.003905035,0.926
2024_02_12_20_37_26_188,0.3,0.0,89389.0,89389.0,37.2948,7.321179e-05,0.1359903,-1.112499e-06,0.009084614,-7.650528e-05,0.93,-1.941493e-07,-4.210144e-05,-1.456901e-06,0.001847744,0.0001386243,-0.01528487,0.926
2024_02_12_20_37_26_222,0.3,0.0,89465.0,89465.0,37.32632,7.324823e-05,0.1359903,-7.213633e-07,0.009084554,-7.731061e-05,0.93,-5.246034e-07,-2.799768e-05,1.413221e-07,0.01204014,0.0001364191,-0.02277922,0.926
2024_02_12_20_37_26_260,0.3,0.0,89547.0,89547.0,37.36061,7.330623e-05,0.1359903,8.826639e-07,0.009084644,-7.564494e-05,0.93,-1.990421e-06,-5.537508e-05,-2.153571e-06,-0.00745058,8.0294e-05,0.00752788,0.926
2024_02_12_20_37_26_297,0.3,0.0,89631.0,89631.0,37.39584,7.333653e-05,0.1359903,-5.415434e-07,0.009084614,-7.503025e-05,0.93,2.118973e-06,-3.565343e-05,-3.052715e-06,0.003039837,0.0001139869,-0.02309494,0.926
2024_02_12_20_37_26_335,0.3,0.0,89713.0,89713.0,37.43014,7.339437e-05,0.1359903,1.317807e-08,0.009084526,-7.446828e-05,0.93,-1.999867e-05,-1.907719e-05,7.426948e-06,-0.006318092,0.0001240849,0.01147948,0.926
2024_02_12_20_37_26_372,0.3,0.0,89798.0,89798.0,37.46536,7.346201e-05,0.1359903,-1.561476e-07,0.009084584,-7.209697e-05,0.93,1.024857e-07,-4.72442e-05,-1.257832e-05,0.0003576278,2.704587e-05,6.239861e-05,0.926
2024_02_12_20_37_26_410,0.3,0.0,89880.0,89880.0,37.49966,7.351227e-05,0.1359903,9.770091e-08,0.009084584,-7.256355e-05,0.93,-2.338256e-05,-3.113816e-05,-1.447247e-05,0.003755092,0.0001650044,9.406357e-05,0.926
2024_02_12_20_37_26_443,0.3,0.0,89953.0,89953.0,37.53025,7.356036e-05,0.1359902,-1.79052e-06,0.009084554,-7.484417e-05,0.93,2.60453e-06,-2.276282e-05,8.929476e-07,-0.00244379,-0.0001384734,-0.007556751,0.926
2024_02_12_20_37_26_480,0.3,0.0,90037.0,90037.0,37.56548,7.362049e-05,0.1359903,-6.555966e-07,0.009084586,-7.517586e-05,0.93,4.334469e-07,-1.159603e-05,-2.182336e-06,-0.01871586,0.0001030899,0.04592258,0.926
2024_02_12_20_37_26_518,0.3,0.0,90120.0,90120.0,37.59977,7.366267e-05,0.1359904,1.024753e-07,0.009084555,-7.674407e-05,0.93,2.159495e-05,-3.189857e-05,-6.860144e-06,0.007629394,-5.739639e-05,-0.007811933,0.926
2024_02_12_20_37_26_555,0.3,0.0,90204.0,90204.0,37.635,7.369066e-05,0.1359903,5.387834e-07,0.009084526,-7.563484e-05,0.93,-2.182544e-05,-4.919218e-06,-1.382942e-05,0.009536743,0.000165028,-0.003676861,0.926
2024_02_12_20_37_26_593,0.3,0.0,90286.0,90286.0,37.6693,7.373803e-05,0.1359903,8.725146e-08,0.009084554,-7.564439e-05,0.93,-4.003233e-06,-6.346393e-06,-1.894617e-06,-0.007152557,-0.000461995,0.04597567,0.926
2024_02_12_20_37_26_627,0.3,0.0,90361.0,90361.0,37.70081,7.377408e-05,0.1359903,-9.754959e-07,0.009084526,-7.534656e-05,0.93,-9.830555e-07,-4.78869e-05,-5.206459e-06,0.003397465,9.025279e-05,-0.01161452,0.926
2024_02_12_20_37_26_663,0.3,0.0,90444.0,90444.0,37.73511,7.384487e-05,0.1359904,-1.331523e-06,0.009084615,-7.323624e-05,0.93,7.075267e-07,-5.49953e-05,-1.808891e-06,0.01132488,3.805951e-05,-0.03066752,0.926
2024_02_12_20_37_26_700,0.3,0.0,90528.0,90528.0,37.77034,7.390806e-05,0.1359903,-1.503086e-06,0.009084614,-7.319365e-05,0.93,1.230806e-06,-4.280217e-05,-4.148499e-06,0.0009536743,0.0002221718,-4.936009e-05,0.926
2024_02_12_20_37_26_734,0.3,0.0,90601.0,90601.0,37.80093,7.39527e-05,0.1359903,4.767302e-07,0.009084526,-7.194985e-05,0.93,1.906112e-05,-3.01715e-05,-8.308023e-06,-0.006020069,-0.0002550894,0.003794208,0.926
2024_02_12_20_37_26_772,0.3,0.0,90685.0,90685.0,37.83615,7.400681e-05,0.1359904,-3.523664e-07,0.009084497,-7.293997e-05,0.93,4.245583e-06,-4.142437e-06,-2.105571e-06,0.002324581,-7.998835e-05,0.01151115,0.926
2024_02_12_20_37_26_810,0.3,0.0,90768.0,90768.0,37.87045,7.407535e-05,0.1359903,8.630661e-08,0.009084465,-7.186073e-05,0.93,-1.607968e-06,-1.886311e-05,-1.676173e-06,0.006914138,-0.0001673137,-0.00760518,0.926
2024_02_12_20_37_26_843,0.3,0.0,90841.0,90841.0,37.90104,7.411906e-05,0.1359903,2.635643e-08,0.009084437,-7.129238e-05,0.93,-1.14448e-06,-6.605948e-05,-2.420385e-06,0.006496906,-0.0002079296,2.142042e-05,0.926
2024_02_12_20_37_26_876,0.3,0.0,90916.0,90916.0,37.93256,7.417596e-05,0.1359904,-1.065269e-06,0.009084526,-6.922875e-05,0.93,4.082677e-07,-3.793565e-05,-2.759206e-06,-5.960464e-05,9.176222e-05,0.01155585,0.926
2024_02_12_20_37_26_914,0.3,0.0,90998.0,90998.0,37.96685,7.423035e-05,0.1359904,2.143024e-07,0.009084435,-6.846255e-05,0.93,-1.001678e-06,-7.464525e-06,1.407861e-07,0.009059906,-0.0001087901,-0.01528487,0.926
2024_02_12_20_37_26_951,0.3,0.0,91083.0,91083.0,38.00208,7.428646e-05,0.1359903,-1.526273e-06,0.009084497,-6.953434e-05,0.93,-2.159811e-07,-3.546532e-06,8.240362e-07,0.003099441,2.469289e-05,-0.007616356,0.926
2024_02_12_20_37_26_989,0.3,0.0,91165.0,91165.0,38.03638,7.435088e-05,0.1359904,-3.917e-07,0.009084556,-6.953002e-05,0.93,-2.146712e-05,-6.095672e-05,1.101544e-05,-0.0005364418,-9.018436e-06,-0.01161452,0.926
2024_02_12_20_37_27_026,0.3,0.0,91249.0,91249.0,38.0716,7.441753e-05,0.1359903,-1.268548e-06,0.009084584,-6.942228e-05,0.93,1.901396e-05,-3.286148e-05,1.135724e-05,-0.012815,3.656828e-05,0.01145806,0.926
2024_02_12_20_37_27_059,0.3,0.0,91322.0,91322.0,38.10219,7.444363e-05,0.1359903,9.040125e-07,0.009084555,-6.970673e-05,0.93,-2.420853e-05,-2.974952e-05,-1.071035e-05,-0.0103116,2.099784e-05,0.02676062,0.926
2024_02_12_20_37_27_097,0.3,0.0,91407.0,91407.0,38.13742,7.448311e-05,0.1359904,4.724049e-07,0.009084586,-7.106607e-05,0.93,-2.335237e-05,-2.943769e-05,5.085565e-06,-0.000655651,6.594961e-05,0.01149718,0.926
2024_02_12_20_37_27_135,0.3,0.0,91489.0,91489.0,38.17171,7.454211e-05,0.1359903,1.901221e-06,0.009084554,-6.855575e-05,0.93,-5.12024e-07,-1.653259e-05,-3.149931e-06,0.001072884,6.494167e-05,0.00391528,0.926
2024_02_12_20_37_27_172,0.3,0.0,91571.0,91571.0,38.20601,7.45789e-05,0.1359903,-9.575449e-07,0.009084554,-6.781502e-05,0.93,-9.873826e-07,-4.037247e-05,-3.52374e-06,0.002562999,0.0001764549,-0.02299435,0.926
2024_02_12_20_37_27_210,0.3,0.0,91655.0,91655.0,38.24124,7.463543e-05,0.1359904,-2.080324e-06,0.009084646,-6.792934e-05,0.93,3.944699e-05,-4.244425e-05,5.741102e-06,-0.002682209,5.817799e-05,-3.818423e-05,0.926
2024_02_12_20_37_27_248,0.3,0.0,91737.0,91737.0,38.27554,7.469002e-05,0.1359903,4.993515e-07,0.009084616,-6.655607e-05,0.93,-1.144291e-06,-4.521416e-05,3.219452e-07,0.004172325,2.821014e-05,-0.03056973,0.926
2024_02_12_20_37_27_284,0.3,0.0,91822.0,91822.0,38.31076,7.475581e-05,0.1359903,-7.79806e-07,0.009084554,-6.475426e-05,0.93,5.954738e-07,-5.082341e-05,-2.699097e-07,0.0003576278,-6.124628e-05,1.396984e-05,0.926
2024_02_12_20_37_27_322,0.3,0.0,91904.0,91904.0,38.34506,7.481295e-05,0.1359903,9.995651e-07,0.009084584,-6.170291e-05,0.93,-2.468941e-05,-4.114056e-05,-7.447167e-06,0.01055002,-8.189897e-05,-0.007540918,0.926
2024_02_12_20_37_27_360,0.3,0.0,91988.0,91988.0,38.38028,7.485394e-05,0.1359903,-4.282337e-07,0.009084495,-6.096151e-05,0.93,-3.144554e-06,-4.698791e-05,-4.423115e-07,0.01353025,0.0001129891,-0.02281926,0.926
2024_02_12_20_37_27_397,0.3,0.0,92070.0,92070.0,38.41458,7.487085e-05,0.1359903,-1.064683e-06,0.009084554,-6.295044e-05,0.93,-2.087466e-06,-2.875057e-05,1.230081e-06,0.001251697,0.0001552425,0.003968365,0.926
2024_02_12_20_37_27_434,0.3,0.0,92155.0,92155.0,38.44981,7.491604e-05,0.1359903,2.17625e-07,0.009084497,-6.15814e-05,0.93,-1.84978e-06,-1.386859e-05,5.147744e-06,0.0002384186,-8.838429e-05,0.0001220032,0.926
2024_02_12_20_37_27_472,0.3,0.0,92237.0,92237.0,38.4841,7.497604e-05,0.1359903,-1.582375e-06,0.009084526,-6.022553e-05,0.93,4.404538e-06,-2.444936e-05,-4.463155e-06,0.008881092,0.0001200486,-0.03049895,0.926
2024_02_12_20_37_27_505,0.3,0.0,92312.0,92312.0,38.51562,7.504017e-05,0.1359903,-3.023606e-07,0.009084614,-5.890152e-05,0.93,-2.147021e-05,-3.085103e-05,8.813547e-06,0.002503395,-5.229754e-05,-0.01904089,0.926
2024_02_12_20_37_27_542,0.3,0.0,92394.0,92394.0,38.54992,7.510644e-05,0.1359904,-1.011518e-06,0.009084556,-5.684449e-05,0.93,-1.178213e-06,-3.060404e-05,-1.860575e-06,-0.001847744,8.450223e-05,0.01148879,0.926
2024_02_12_20_37_27_580,0.3,0.0,92479.0,92479.0,38.58514,7.516768e-05,0.1359904,5.1531e-07,0.009084646,-5.560858e-05,0.93,-3.714935e-06,-3.575597e-05,-2.814546e-06,0.001430511,-0.0002452443,0.007596798,0.926
2024_02_12_20_37_27_618,0.3,0.0,92561.0,92561.0,38.61944,7.519991e-05,0.1359903,-1.30949e-06,0.009084554,-5.723521e-05,0.93,2.038969e-05,-4.535338e-05,1.449684e-05,0.003755092,-0.0001627994,-0.003920868,0.926
2024_02_12_20_37_27_656,0.3,0.0,92645.0,92645.0,38.65467,7.523862e-05,0.1359903,-8.160014e-07,0.009084526,-5.923152e-05,0.93,1.834705e-05,-5.45019e-05,1.354023e-05,0.01043081,-7.844209e-05,-0.003860332,0.926
2024_02_12_20_37_27_689,0.3,0.0,92718.0,92718.0,38.68526,7.528554e-05,0.1359903,5.586033e-07,0.009084526,-5.837651e-05,0.93,-1.013969e-06,-1.859886e-05,-1.269417e-06,-0.002205372,7.625942e-06,0.01539104,0.926
2024_02_12_20_37_27_726,0.3,0.0,92803.0,92803.0,38.72048,7.531985e-05,0.1359903,1.090208e-06,0.009084585,-5.895605e-05,0.93,-2.518478e-06,-4.509843e-05,3.127146e-06,-0.000834465,-8.441816e-06,0.01532398,0.926
2024_02_12_20_37_27_763,0.3,0.0,92885.0,92885.0,38.75478,7.535933e-05,0.1359902,1.296524e-06,0.009084495,-5.882839e-05,0.93,1.799866e-06,-2.505623e-05,6.693511e-06,-0.001370907,2.218644e-05,0.007698312,0.926
2024_02_12_20_37_27_803,0.3,0.0,92969.0,92969.0,38.79,7.539304e-05,0.1359903,-4.856251e-07,0.009084584,-5.693798e-05,0.93,3.412769e-05,-6.120879e-05,2.975433e-06,-0.005900859,7.864264e-05,0.01530442,0.926
2024_02_12_20_37_27_834,0.3,0.0,93042.0,93042.0,38.82059,7.543029e-05,0.1359904,-1.460427e-06,0.009084556,-5.554251e-05,0.93,1.931212e-06,-3.874379e-05,9.140709e-07,0.003933907,-0.0001092136,-0.01530722,0.926
2024_02_12_20_37_27_872,0.3,0.0,93124.0,93124.0,38.85489,7.550368e-05,0.1359903,3.259204e-07,0.009084555,-5.416785e-05,0.93,1.986989e-06,-3.150503e-05,-2.081021e-06,-0.01198053,-0.0001279217,0.04586298,0.926
2024_02_12_20_37_27_910,0.3,0.0,93209.0,93209.0,38.89012,7.553608e-05,0.1359903,1.773664e-06,0.009084497,-5.28139e-05,0.93,-2.377749e-05,-3.138244e-05,-1.137109e-05,-0.007927418,7.20089e-05,0.01903344,0.926
2024_02_12_20_37_27_942,0.3,0.0,93282.0,93282.0,38.92071,7.55826e-05,0.1359904,1.169344e-07,0.009084467,-5.323247e-05,0.93,-2.309122e-05,-2.530686e-05,7.518943e-06,-0.001192093,-0.0001445999,0.01140311,0.926
2024_02_12_20_37_27_981,0.3,0.0,93366.0,93366.0,38.95593,7.563388e-05,0.1359903,-1.738885e-06,0.009084495,-5.26931e-05,0.93,-6.576324e-07,-3.270648e-05,-1.585012e-06,0.001549721,-8.16297e-05,0.003838911,0.926
2024_02_12_20_37_28_017,0.3,0.0,93448.0,93448.0,38.99023,7.568641e-05,0.1359903,1.362197e-06,0.009084526,-4.960157e-05,0.93,-3.219584e-06,-6.748234e-05,-1.090978e-06,-0.01460314,-0.0001852026,0.03051106,0.926
2024_02_12_20_37_28_055,0.3,0.0,93533.0,93533.0,39.02546,7.572645e-05,0.1359903,-7.178189e-07,0.009084586,-5.129107e-05,0.93,2.145356e-05,-5.949025e-05,1.399237e-05,-0.01949072,-6.901064e-05,0.04203152,0.926
2024_02_12_20_37_28_093,0.3,0.0,93615.0,93615.0,39.05975,7.576591e-05,0.1359903,1.215826e-06,0.009084526,-5.107968e-05,0.93,-5.037234e-06,-4.518466e-05,-1.397502e-06,0.005543231,0.0001771943,-0.007763505,0.926
2024_02_12_20_37_28_125,0.3,0.0,93690.0,93690.0,39.09127,7.580308e-05,0.1359902,2.083563e-06,0.009084495,-4.887958e-05,0.93,-2.432133e-05,-3.864015e-05,1.006075e-05,-0.00500679,6.278884e-05,0.003758818,0.926
2024_02_12_20_37_28_158,0.3,0.0,93764.0,93764.0,39.12186,7.58428e-05,0.1359903,-8.908513e-07,0.009084555,-4.67995e-05,0.93,-2.76986e-06,-4.719164e-05,-3.185813e-06,0.002264977,4.044352e-05,0.003876164,0.926
2024_02_12_20_37_28_196,0.3,0.0,93846.0,93846.0,39.15616,7.587286e-05,0.1359903,9.675025e-07,0.009084586,-4.723962e-05,0.93,-4.273027e-07,-4.201728e-05,2.486492e-07,0.001370907,-1.912213e-05,0.007775612,0.926
2024_02_12_20_37_28_234,0.3,0.0,93930.0,93930.0,39.19138,7.595027e-05,0.1359903,-1.05335e-06,0.009084554,-4.655093e-05,0.93,6.255035e-06,-5.920167e-05,3.988623e-06,0.00667572,9.294171e-05,6.705523e-05,0.926
2024_02_12_20_37_28_267,0.3,0.0,94003.0,94003.0,39.22197,7.598024e-05,0.1359903,1.441901e-07,0.009084554,-4.984723e-05,0.93,-2.468133e-05,-3.357985e-05,9.169329e-06,-0.008225441,1.931607e-05,0.007601454,0.926
2024_02_12_20_37_28_305,0.3,0.0,94088.0,94088.0,39.2572,7.602751e-05,0.1359903,-6.345588e-07,0.009084584,-4.966483e-05,0.93,1.707779e-05,-5.167494e-05,7.755622e-06,0.003516674,-0.0001267605,-0.003778375,0.926
2024_02_12_20_37_28_342,0.3,0.0,94170.0,94170.0,39.2915,7.606157e-05,0.1359903,3.205072e-07,0.009084614,-4.943954e-05,0.93,-2.494946e-05,-4.510009e-05,-1.748689e-05,-0.008165836,2.875481e-05,0.02298504,0.926
2024_02_12_20_37_28_380,0.3,0.0,94254.0,94254.0,39.32672,7.610031e-05,0.1359903,-1.247336e-06,0.009084584,-4.768157e-05,0.93,-1.542649e-06,-5.73507e-05,-1.815292e-06,-0.0004172325,0.0001079057,5.7742e-05,0.926
2024_02_12_20_37_28_417,0.3,0.0,94336.0,94336.0,39.36102,7.610762e-05,0.1359903,7.627452e-07,0.009084526,-4.996198e-05,0.93,1.414934e-05,-4.677607e-05,1.39378e-05,-0.001609325,-0.0001778357,-0.0001145527,0.926
2024_02_12_20_37_28_456,0.3,0.0,94420.0,94420.0,39.39624,7.612023e-05,0.1359903,1.765144e-06,0.009084526,-4.945799e-05,0.93,1.62783e-05,-5.369675e-05,1.422866e-05,0.0007152557,-0.0002279707,-0.03449898,0.926
2024_02_12_20_37_28_493,0.3,0.0,94503.0,94503.0,39.43054,7.613952e-05,0.1359903,9.467768e-07,0.009084526,-4.730558e-05,0.93,-2.105197e-05,-1.968975e-05,-8.726494e-06,-0.003457069,0.0001394601,0.01153629,0.926
2024_02_12_20_37_28_526,0.3,0.0,94576.0,94576.0,39.46113,7.616082e-05,0.1359904,-2.050612e-06,0.009084526,-4.835641e-05,0.93,2.162246e-05,-1.736264e-05,7.59138e-06,-0.008583069,0.0002328884,0.01913868,0.926
2024_02_12_20_37_28_564,0.3,0.0,94660.0,94660.0,39.49636,7.619922e-05,0.1359904,-2.025047e-06,0.009084467,-4.745499e-05,0.93,3.127857e-06,-1.909161e-05,2.685853e-06,-0.01084804,8.029798e-05,0.02283882,0.926
2024_02_12_20_37_28_601,0.3,0.0,94742.0,94742.0,39.53065,7.626197e-05,0.1359904,-6.937247e-07,0.009084497,-4.511522e-05,0.93,-1.719079e-05,-1.334732e-05,-7.403799e-06,-0.0002384186,2.449167e-05,-0.003832392,0.926
2024_02_12_20_37_28_639,0.3,0.0,94827.0,94827.0,39.56588,7.628543e-05,0.1359903,-1.338919e-06,0.009084526,-4.857079e-05,0.93,-1.979388e-06,-5.550824e-05,-1.533271e-06,0.002801418,-8.188809e-05,-0.0115037,0.926
2024_02_12_20_37_28_675,0.3,0.0,94909.0,94909.0,39.60018,7.631556e-05,0.1359903,-4.106156e-07,0.009084556,-4.909769e-05,0.93,-7.879656e-07,-3.637256e-05,-2.333291e-06,-0.01144409,-2.275749e-05,0.05351659,0.926
2024_02_12_20_37_28_708,0.3,0.0,94984.0,94984.0,39.63169,7.633107e-05,0.1359903,1.055478e-06,0.009084555,-4.911855e-05,0.93,-4.396381e-06,-3.848326e-05,3.085644e-07,0.002384186,1.995772e-06,0.007716007,0.926
2024_02_12_20_37_28_747,0.3,0.0,95066.0,95066.0,39.66599,7.635911e-05,0.1359903,1.210866e-06,0.009084586,-4.946386e-05,0.93,-4.080976e-05,-6.953609e-05,-3.111395e-06,0.01627207,6.366031e-05,-0.05346816,0.926
2024_02_12_20_37_28_784,0.3,0.0,95151.0,95151.0,39.70122,7.638834e-05,0.1359903,3.863425e-07,0.009084465,-4.830031e-05,0.93,1.249182e-06,-3.703625e-05,3.28087e-07,0.01335144,3.404074e-05,-0.02299622,0.926
2024_02_12_20_37_28_821,0.3,0.0,95233.0,95233.0,39.73552,7.643482e-05,0.1359904,1.745971e-07,0.009084526,-4.609012e-05,0.93,-1.689841e-05,-3.416917e-05,-1.141189e-05,0.01019239,-0.0001773825,0.003976747,0.926
2024_02_12_20_37_28_856,0.3,0.0,95308.0,95308.0,39.76703,7.6472e-05,0.1359902,-1.906599e-06,0.009084495,-4.542421e-05,0.93,2.91195e-06,-2.182173e-05,1.684446e-06,-0.00846386,9.959756e-05,0.0229422,0.926
2024_02_12_20_37_28_888,0.3,0.0,95381.0,95381.0,39.79762,7.650672e-05,0.1359904,3.365717e-07,0.009084526,-4.71883e-05,0.93,-1.500809e-06,-3.241126e-05,-1.706937e-06,0.000655651,-0.000115805,0.007662922,0.926
2024_02_12_20_37_28_925,0.3,0.0,95463.0,95463.0,39.83192,7.654175e-05,0.1359904,1.881592e-06,0.009084467,-4.713375e-05,0.93,-1.872356e-05,-6.728416e-05,1.112954e-06,0.003933907,-0.0002519079,0.003674999,0.926
2024_02_12_20_37_28_963,0.3,0.0,95548.0,95548.0,39.86715,7.655659e-05,0.1359903,2.417533e-06,0.009084554,-4.942001e-05,0.93,-3.47213e-06,-4.592528e-05,-5.127778e-06,0.0002384186,5.817747e-05,-0.003797002,0.926
2024_02_12_20_37_29_001,0.3,0.0,95630.0,95630.0,39.90144,7.659377e-05,0.1359903,-6.11306e-07,0.009084555,-5.110799e-05,0.93,-1.717764e-05,-3.220406e-05,8.84085e-06,0.002324581,8.254124e-05,0.004052185,0.926
2024_02_12_20_37_29_033,0.3,0.0,95705.0,95705.0,39.93296,7.666286e-05,0.1359903,-1.914383e-06,0.009084495,-5.140572e-05,0.93,-1.530148e-05,-3.128952e-05,9.92742e-06,0.0005364418,0.000183061,-0.02678297,0.926
2024_02_12_20_37_29_067,0.3,0.0,95779.0,95779.0,39.96355,7.672195e-05,0.1359903,-7.658991e-07,0.009084526,-4.93486e-05,0.93,1.60343e-08,-1.042597e-05,-1.486014e-06,-0.00989437,0.0002500739,0.01530349,0.926
2024_02_12_20_37_29_105,0.3,0.0,95863.0,95863.0,39.99878,7.677894e-05,0.1359904,6.931865e-07,0.009084526,-4.701158e-05,0.93,5.444415e-07,-3.164757e-05,-1.3617e-06,-0.003159046,1.177807e-05,0.02291426,0.926
2024_02_12_20_37_29_138,0.3,0.0,95936.0,95936.0,40.02937,7.68067e-05,0.1359903,-2.539961e-07,0.009084554,-4.660233e-05,0.93,-9.789696e-07,-4.657079e-05,-7.264949e-07,0.002205372,1.255779e-05,0.02299156,0.926
2024_02_12_20_37_29_176,0.3,0.0,96018.0,96018.0,40.06366,7.681604e-05,0.1359903,-8.169498e-07,0.009084584,-4.737112e-05,0.93,1.548696e-05,-5.368556e-05,8.278234e-06,0.004708767,-1.347337e-05,-0.003766268,0.926
2024_02_12_20_37_29_208,0.3,0.0,96094.0,96094.0,40.09518,7.68414e-05,0.1359904,-6.607291e-07,0.009084526,-4.780898e-05,0.93,7.574494e-07,-4.821497e-05,2.007042e-06,0.007569789,0.0003179838,-0.007834285,0.926
2024_02_12_20_37_29_247,0.3,0.0,96176.0,96176.0,40.12948,7.68927e-05,0.1359903,9.677455e-08,0.009084586,-4.904285e-05,0.93,-2.036741e-05,-5.787886e-05,3.164336e-07,-0.007390975,4.601941e-05,0.01532491,0.926
2024_02_12_20_37_29_284,0.3,0.0,96260.0,96260.0,40.1647,7.695283e-05,0.1359903,-7.991656e-07,0.009084616,-4.694332e-05,0.93,-1.458777e-06,-3.886359e-05,-4.578088e-06,0.01484156,-0.0001297174,-0.02668984,0.926
2024_02_12_20_37_29_322,0.3,0.0,96342.0,96342.0,40.199,7.700337e-05,0.1359903,-1.495995e-06,0.009084554,-4.598097e-05,0.93,2.245618e-05,-2.583641e-05,-5.71168e-06,-0.01865625,0.0003166224,0.05350355,0.926
2024_02_12_20_37_29_359,0.3,0.0,96427.0,96427.0,40.23423,7.705628e-05,0.1359904,-1.037804e-06,0.009084554,-4.514762e-05,0.93,1.724464e-06,-2.695021e-05,5.533571e-06,0.002086163,-9.191524e-06,-0.0153752,0.926
2024_02_12_20_37_29_392,0.3,0.0,96500.0,96500.0,40.26482,7.709566e-05,0.1359903,-9.26184e-07,0.009084584,-4.604258e-05,0.93,2.3002e-05,-3.091236e-05,1.179204e-05,0.01043081,-0.0001187298,-0.007512979,0.926
2024_02_12_20_37_29_431,0.3,0.0,96584.0,96584.0,40.30004,7.714626e-05,0.1359903,3.050936e-06,0.009084614,-4.599033e-05,0.93,-6.343318e-06,-4.233088e-05,-2.378677e-06,-0.0004768371,-0.000249137,-0.02291519,0.926
2024_02_12_20_37_29_469,0.3,0.0,96666.0,96666.0,40.33434,7.718531e-05,0.1359904,-5.46896e-07,0.009084646,-4.445336e-05,0.93,-3.11421e-08,-2.237891e-05,1.245797e-06,-0.01043081,-5.204856e-05,0.05347654,0.926
2024_02_12_20_37_29_505,0.3,0.0,96751.0,96751.0,40.36956,7.723077e-05,0.1359904,-2.402913e-07,0.009084645,-4.615453e-05,0.93,1.979547e-05,-5.221231e-05,1.603719e-05,-0.01519918,-0.0001503544,0.02663303,0.926
2024_02_12_20_37_29_542,0.3,0.0,96833.0,96833.0,40.40386,7.726094e-05,0.1359903,1.683085e-06,0.009084526,-4.517529e-05,0.93,-2.269745e-05,-3.295861e-05,1.246584e-05,0.007927418,-0.000366417,-0.003721565,0.926
2024_02_12_20_37_29_580,0.3,0.0,96917.0,96917.0,40.43909,7.729341e-05,0.1359903,-5.518091e-07,0.009084526,-4.558148e-05,0.93,1.74721e-05,-2.11434e-05,1.407411e-05,-0.003993511,0.0001135848,0.003791414,0.926
2024_02_12_20_37_29_617,0.3,0.0,96999.0,96999.0,40.47338,7.731587e-05,0.1359904,-6.65744e-07,0.009084526,-4.51501e-05,0.93,-7.540949e-07,-3.767559e-05,4.576752e-06,0.008642673,-7.18864e-05,-0.01143757,0.926
2024_02_12_20_37_29_655,0.3,0.0,97081.0,97081.0,40.50768,7.733968e-05,0.1359903,-1.633364e-06,0.009084467,-4.602829e-05,0.93,1.880704e-06,-3.524096e-05,-3.036049e-06,-0.0004768371,0.0003199549,0.003758818,0.926
2024_02_12_20_37_29_688,0.3,0.0,97157.0,97157.0,40.5392,7.735121e-05,0.1359903,2.262879e-07,0.009084496,-4.696284e-05,0.93,-4.853054e-06,-2.10067e-05,-4.59402e-06,-0.00655651,1.430908e-05,0.01538731,0.926
2024_02_12_20_37_29_725,0.3,0.0,97239.0,97239.0,40.5735,7.737892e-05,0.1359904,2.333825e-06,0.009084467,-4.517984e-05,0.93,-2.350723e-05,-2.336076e-05,-1.13195e-05,0.0005960464,-0.0001239804,-0.003839843,0.926
2024_02_12_20_37_29_760,0.3,0.0,97314.0,97314.0,40.60501,7.740195e-05,0.1359903,-5.833477e-07,0.009084467,-4.55958e-05,0.93,-1.937924e-05,3.455937e-06,8.720371e-06,0.008821487,0.0001557008,-0.02671685,0.926
2024_02_12_20_37_29_796,0.3,0.0,97396.0,97396.0,40.63931,7.742186e-05,0.1359904,-2.141895e-07,0.009084467,-4.61911e-05,0.93,-1.353338e-06,-4.845962e-05,1.312498e-06,0.01478195,-8.571078e-06,-0.0153454,0.926
2024_02_12_20_37_29_834,0.3,0.0,97481.0,97481.0,40.67454,7.744001e-05,0.1359903,-1.570646e-06,0.009084497,-4.791483e-05,0.93,7.157045e-08,-3.988232e-05,-2.534692e-06,-0.0002980232,0.0001518299,-3.72529e-06,0.926
2024_02_12_20_37_29_872,0.3,0.0,97563.0,97563.0,40.70884,7.749529e-05,0.1359903,-8.871577e-07,0.009084526,-4.60324e-05,0.93,2.22611e-05,-5.690075e-05,1.753717e-05,0.004529953,-0.0002047382,-0.01144782,0.926
2024_02_12_20_37_29_909,0.3,0.0,97647.0,97647.0,40.74406,7.752184e-05,0.1359904,-3.575174e-07,0.009084466,-4.516372e-05,0.93,-6.007149e-06,-5.767174e-05,2.492328e-06,0.008881092,-1.050444e-05,-0.007839873,0.926
2024_02_12_20_37_29_942,0.3,0.0,97720.0,97720.0,40.77465,7.753135e-05,0.1359903,-3.745046e-07,0.009084466,-4.495702e-05,0.93,-1.547139e-06,-1.781269e-05,-1.192016e-06,0.006616115,9.25092e-05,-0.007568858,0.926
2024_02_12_20_37_29_980,0.3,0.0,97803.0,97803.0,40.80895,7.756651e-05,0.1359903,-1.000753e-06,0.009084526,-4.502156e-05,0.93,3.144126e-06,-5.177918e-05,2.084758e-06,0.005125999,-0.0001313693,0.007771886,0.926
2024_02_12_20_37_30_020,0.3,0.0,97887.0,97887.0,40.84417,7.761757e-05,0.1359903,-5.496064e-07,0.009084526,-4.70239e-05,0.93,3.198508e-07,-5.768287e-05,-9.023597e-07,-0.01060963,-0.0002604697,0.003751367,0.926
2024_02_12_20_37_30_055,0.3,0.0,97969.0,97969.0,40.87847,7.764886e-05,0.1359903,-5.624615e-08,0.009084497,-4.790128e-05,0.93,-7.703065e-07,-7.801298e-06,1.353408e-07,-0.004053116,-0.0001003019,0.02302322,0.926
2024_02_12_20_37_30_092,0.3,0.0,98053.0,98053.0,40.9137,7.768439e-05,0.1359904,-2.784381e-07,0.009084526,-4.739453e-05,0.93,9.632261e-07,1.457708e-06,4.655002e-06,-0.003874302,6.627016e-05,-0.01154561,0.926
2024_02_12_20_37_30_126,0.3,0.0,98127.0,98127.0,40.94429,7.770726e-05,0.1359902,-6.835718e-07,0.009084554,-4.77899e-05,0.93,5.35352e-07,-7.375287e-05,1.714789e-07,-0.0001192093,-1.631867e-05,4.004687e-05,0.926
2024_02_12_20_37_30_160,0.3,0.0,98202.0,98202.0,40.9758,7.775058e-05,0.1359902,-1.397589e-06,0.009084584,-4.735291e-05,0.93,-7.952717e-07,-4.243285e-05,6.549377e-06,0.004053116,3.481079e-05,-0.01901574,0.926
2024_02_12_20_37_30_197,0.3,0.0,98284.0,98284.0,41.0101,7.779616e-05,0.1359903,1.309018e-07,0.009084526,-4.818391e-05,0.93,2.694063e-06,-2.666539e-05,4.645503e-06,-0.001609325,4.895616e-05,0.01144502,0.926
2024_02_12_20_37_30_235,0.3,0.0,98368.0,98368.0,41.04533,7.783099e-05,0.1359903,-3.266269e-07,0.009084586,-4.919236e-05,0.93,3.073959e-06,-4.140676e-05,2.52373e-06,-0.01609325,-0.0001544457,0.06115995,0.926
2024_02_12_20_37_30_272,0.3,0.0,98451.0,98451.0,41.07962,7.786978e-05,0.1359903,3.887264e-07,0.009084556,-5.020715e-05,0.93,2.08095e-07,-3.262474e-05,-8.365081e-06,-0.01591444,7.264737e-05,0.03828108,0.926
2024_02_12_20_37_30_310,0.3,0.0,98535.0,98535.0,41.11485,7.791039e-05,0.1359904,-3.573129e-07,0.009084555,-4.934008e-05,0.93,9.720513e-07,-4.178445e-05,-1.34504e-06,0.008106232,-0.0001211949,-0.0231415,0.926
2024_02_12_20_37_30_346,0.3,0.0,98617.0,98617.0,41.14915,7.794886e-05,0.1359904,1.296437e-07,0.009084526,-4.823145e-05,0.93,-2.285104e-05,-2.089672e-05,-2.130318e-05,-0.002503395,0.0001912005,0.01527835,0.926
2024_02_12_20_37_30_385,0.3,0.0,98701.0,98701.0,41.18437,7.798231e-05,0.1359903,-5.611676e-07,0.009084526,-4.764177e-05,0.93,-2.751895e-06,-2.745991e-05,-2.475523e-06,0.01049042,-0.0001214883,-0.04204642,0.926
2024_02_12_20_37_30_422,0.3,0.0,98783.0,98783.0,41.21867,7.80284e-05,0.1359903,-8.256363e-07,0.009084584,-4.616303e-05,0.93,2.329647e-06,-5.173891e-05,-3.926717e-06,-0.01102686,0.0001071646,0.02293661,0.926
2024_02_12_20_37_30_460,0.3,0.0,98868.0,98868.0,41.25389,7.806155e-05,0.1359904,-1.568301e-06,0.009084555,-4.808659e-05,0.93,2.53498e-06,-9.762131e-06,2.313957e-06,0.001430511,1.225641e-05,-0.01530163,0.926
2024_02_12_20_37_30_497,0.3,0.0,98950.0,98950.0,41.28819,7.808999e-05,0.1359904,-1.42998e-06,0.009084526,-4.99411e-05,0.93,2.088888e-05,-1.606252e-05,1.227447e-05,-0.01353025,5.608342e-06,0.04203338,0.926
2024_02_12_20_37_30_530,0.3,0.0,99023.0,99023.0,41.31878,7.813462e-05,0.1359903,-1.296649e-06,0.009084556,-4.903918e-05,0.93,-7.904777e-07,-3.635617e-05,-5.009087e-07,-0.007331371,-5.208562e-05,0.05363766,0.926
2024_02_12_20_37_30_568,0.3,0.0,99107.0,99107.0,41.35401,7.816236e-05,0.1359904,1.755427e-06,0.009084556,-5.118395e-05,0.93,-1.979652e-05,-3.786798e-05,1.134711e-05,-0.005185604,0.0001339247,-0.0077039,0.926
2024_02_12_20_37_30_601,0.3,0.0,99181.0,99181.0,41.3846,7.819253e-05,0.1359903,-1.13613e-06,0.009084554,-5.146722e-05,0.93,1.895256e-05,-2.698167e-05,-8.616822e-06,-0.003933907,-0.0001991004,-0.0153631,0.926
2024_02_12_20_37_30_638,0.3,0.0,99265.0,99265.0,41.41982,7.822307e-05,0.1359903,-3.70069e-07,0.009084555,-5.205656e-05,0.93,-4.409274e-07,-2.70223e-05,-1.328871e-06,0.003755092,-4.553789e-05,-0.007538124,0.926
2024_02_12_20_37_30_676,0.3,0.0,99347.0,99347.0,41.45412,7.824619e-05,0.1359902,-1.126617e-06,0.009084554,-5.148386e-05,0.93,-3.205715e-06,-4.851742e-05,3.356859e-06,-0.003099441,-4.993046e-05,-0.01147389,0.926
2024_02_12_20_37_30_713,0.3,0.0,99431.0,99431.0,41.48935,7.828292e-05,0.1359903,-8.77269e-07,0.009084554,-5.009616e-05,0.93,-1.927782e-05,-1.281593e-05,-1.29548e-05,-0.01209974,0.0001846014,0.0190828,0.926
2024_02_12_20_37_30_750,0.3,0.0,99514.0,99514.0,41.52364,7.833128e-05,0.1359903,-2.144458e-06,0.009084526,-5.203794e-05,0.93,5.713696e-07,-3.316028e-05,-4.816864e-06,0.009596348,0.0001897211,-0.007709488,0.926
2024_02_12_20_37_30_784,0.3,0.0,99589.0,99589.0,41.55516,7.836593e-05,0.1359903,-9.143332e-07,0.009084554,-5.297868e-05,0.93,2.080596e-05,-3.083512e-05,-1.059294e-05,0.000655651,-1.216063e-05,0.00390131,0.926
2024_02_12_20_37_30_822,0.3,0.0,99671.0,99671.0,41.58946,7.839305e-05,0.1359903,-1.440478e-06,0.009084437,-5.284934e-05,0.93,-7.607575e-07,-2.058923e-05,-2.331723e-06,0.02092123,0.0001647453,-0.03037229,0.926
2024_02_12_20_37_30_859,0.3,0.0,99756.0,99755.0,41.62468,7.842739e-05,0.1359903,6.962092e-07,0.009084495,-5.341326e-05,0.93,-2.391163e-05,-2.67135e-05,9.350331e-06,-0.003576278,1.300069e-05,0.003733672,0.926
2024_02_12_20_37_30_897,0.3,0.0,99838.0,99838.0,41.65898,7.846254e-05,0.1359903,4.493797e-07,0.009084526,-5.323679e-05,0.93,-3.649105e-07,-3.746809e-05,-3.988855e-07,-0.002145767,6.84181e-05,5.587935e-05,0.926
2024_02_12_20_37_30_935,0.3,0.0,99922.0,99922.0,41.69421,7.848815e-05,0.1359904,-7.162863e-08,0.009084526,-5.321499e-05,0.93,-2.06721e-05,-8.069109e-06,5.158767e-06,-0.005662441,0.0003001645,0.01915265,0.926
2024_02_12_20_37_30_971,0.3,0.0,100004.0,100004.0,41.7285,7.852491e-05,0.1359903,8.236051e-07,0.009084526,-5.262477e-05,0.93,-2.258756e-06,-6.227245e-05,-1.437198e-06,0.01108646,9.770718e-05,-0.02295524,0.926
2024_02_12_20_37_31_008,0.3,0.0,100086.0,100086.0,41.7628,7.857085e-05,0.1359904,-8.139291e-07,0.009084526,-5.056112e-05,0.93,2.601722e-06,-7.804499e-05,-5.040863e-06,0.004649162,0.0003604369,0.003556721,0.926
2024_02_12_20_37_31_043,0.3,0.0,100162.0,100162.0,41.79432,7.860049e-05,0.1359903,6.893698e-07,0.009084526,-5.051344e-05,0.93,-3.255856e-06,-4.0002e-05,7.945564e-07,-0.007510185,0.0002103308,0.01528487,0.926
2024_02_12_20_37_31_080,0.3,0.0,100244.0,100244.0,41.82862,7.863017e-05,0.1359903,-1.396379e-07,0.009084526,-4.8868e-05,0.93,1.121948e-06,-2.853142e-05,3.808008e-06,0.004827976,3.538639e-05,-0.00381656,0.926
2024_02_12_20_37_31_119,0.3,0.0,100328.0,100328.0,41.86384,7.866087e-05,0.1359902,-8.557116e-07,0.009084526,-4.989346e-05,0.93,1.6112e-06,-4.591879e-05,-6.118494e-07,-0.012815,-6.544161e-05,0.03822893,0.926
2024_02_12_20_37_31_155,0.3,0.0,100410.0,100410.0,41.89814,7.869012e-05,0.1359904,-1.982468e-07,0.009084526,-5.089517e-05,0.93,-1.223178e-06,-5.857944e-06,2.499401e-06,-0.005841255,0.0001886236,-1.396984e-05,0.926
2024_02_12_20_37_31_192,0.3,0.0,100495.0,100495.0,41.93336,7.874432e-05,0.1359903,-8.954218e-07,0.009084586,-5.188969e-05,0.93,2.223768e-06,-4.167088e-05,1.810967e-07,-0.001907349,-0.0001124188,-0.007646158,0.926
2024_02_12_20_37_31_225,0.3,0.0,100568.0,100568.0,41.96395,7.880932e-05,0.1359903,-2.163648e-07,0.009084584,-4.951452e-05,0.93,4.513737e-06,-5.514473e-05,4.034986e-06,0.010252,8.054485e-06,-0.04205107,0.926
2024_02_12_20_37_31_263,0.3,0.0,100652.0,100652.0,41.99918,7.88554e-05,0.1359904,8.706576e-08,0.009084644,-4.984915e-05,0.93,-4.322183e-06,-2.98097e-05,-2.539888e-06,-0.002980232,-0.0003587449,0.007636845,0.926
2024_02_12_20_37_31_301,0.3,0.0,100734.0,100734.0,42.03348,7.888814e-05,0.1359904,4.066042e-07,0.009084676,-5.017121e-05,0.93,-1.779196e-06,-3.370729e-05,-2.769854e-06,0.005304813,-0.000205439,-0.007592141,0.926
2024_02_12_20_37_31_338,0.3,0.0,100819.0,100819.0,42.0687,7.892177e-05,0.1359903,-7.785911e-07,0.009084616,-5.145393e-05,0.93,1.964498e-05,-3.581061e-05,1.481723e-05,0.004887581,-2.048279e-05,-0.01148321,0.926
2024_02_12_20_37_31_372,0.3,0.0,100892.0,100892.0,42.09929,7.895954e-05,0.1359903,1.117307e-06,0.009084614,-5.078747e-05,0.93,-2.683604e-06,-4.186304e-05,9.489763e-07,-0.004053116,1.049153e-05,0.01525227,0.926
2024_02_12_20_37_31_406,0.3,0.0,100965.0,100965.0,42.12988,7.898769e-05,0.1359903,-9.007167e-07,0.009084586,-5.177049e-05,0.93,-2.697309e-07,-3.483406e-05,-6.252141e-06,-0.0128746,4.324397e-05,0.05339644,0.926
2024_02_12_20_37_31_442,0.3,0.0,101049.0,101049.0,42.16511,7.904196e-05,0.1359903,1.203419e-06,0.009084554,-4.935966e-05,0.93,-3.706533e-06,-4.266856e-06,3.754358e-06,0.009477139,-1.676005e-05,-0.02285279,0.926
2024_02_12_20_37_31_480,0.3,0.0,101131.0,101131.0,42.19941,7.908874e-05,0.1359903,-8.610192e-07,0.009084526,-4.817091e-05,0.93,1.907535e-05,-2.220877e-05,-8.435508e-06,-0.002562999,-5.772472e-05,0.02690032,0.926
2024_02_12_20_37_31_513,0.3,0.0,101207.0,101207.0,42.23092,7.913139e-05,0.1359903,1.940502e-06,0.009084526,-4.609544e-05,0.93,-2.288709e-05,-3.004373e-05,-9.429107e-06,0.002264977,-0.0002434868,0.0001080334,0.926
2024_02_12_20_37_31_550,0.3,0.0,101289.0,101289.0,42.26522,7.912215e-05,0.1359903,-1.271408e-06,0.009084526,-4.880561e-05,0.93,1.96659e-05,-3.047383e-05,1.63674e-05,-0.008642673,-1.572781e-05,0.02683885,0.926
2024_02_12_20_37_31_589,0.3,0.0,101373.0,101373.0,42.30045,7.914835e-05,0.1359903,8.843465e-07,0.009084497,-4.636537e-05,0.93,-1.107557e-06,-5.169356e-05,7.698796e-08,-0.009000301,5.609138e-05,-0.01540314,0.926
2024_02_12_20_37_31_625,0.3,0.0,101455.0,101455.0,42.33474,7.918215e-05,0.1359903,1.690908e-06,0.009084555,-4.66652e-05,0.93,-2.140441e-05,-5.632139e-05,-1.276894e-05,0.002324581,1.877925e-05,0.01152977,0.926
2024_02_12_20_37_31_659,0.3,0.0,101529.0,101529.0,42.36533,7.920439e-05,0.1359903,-1.269037e-06,0.009084526,-4.704467e-05,0.93,2.108017e-07,-3.065742e-05,4.727358e-06,-0.008046627,-0.0002014011,0.01144223,0.926
2024_02_12_20_37_31_697,0.3,0.0,101613.0,101613.0,42.40056,7.923699e-05,0.1359903,7.913751e-07,0.009084554,-4.797247e-05,0.93,-2.089328e-05,-3.594479e-05,-9.99196e-06,0.00745058,-7.969299e-05,-0.02675503,0.926
2024_02_12_20_37_31_734,0.3,0.0,101695.0,101695.0,42.43486,7.926697e-05,0.1359903,3.592892e-07,0.009084467,-4.810701e-05,0.93,8.825671e-07,6.2001e-06,1.020551e-07,-0.004172325,4.620739e-05,0.0,0.926
2024_02_12_20_37_31_772,0.3,0.0,101779.0,101779.0,42.47008,7.930815e-05,0.1359903,1.727512e-06,0.009084496,-4.516925e-05,0.93,-1.016433e-06,-1.894914e-05,3.514479e-06,-0.003099441,-0.0003016448,-0.007621943,0.926
2024_02_12_20_37_31_808,0.3,0.0,101862.0,101862.0,42.50438,7.934889e-05,0.1359904,-1.749954e-06,0.009084496,-4.494242e-05,0.93,2.182086e-06,-5.589027e-05,-5.446681e-06,0.003159046,-0.0001370566,-0.01923274,0.926
2024_02_12_20_37_31_847,0.3,0.0,101946.0,101946.0,42.5396,7.938575e-05,0.1359903,-3.852955e-07,0.009084497,-4.485451e-05,0.93,1.814591e-06,-2.963229e-05,1.222051e-06,0.004172325,-9.029127e-05,-0.007567927,0.926
2024_02_12_20_37_31_884,0.3,0.0,102028.0,102028.0,42.5739,7.94139e-05,0.1359903,-6.777746e-07,0.009084526,-4.591723e-05,0.93,-1.193669e-06,-5.018661e-05,-3.583118e-07,-0.00244379,5.438889e-05,-0.007768161,0.926
2024_02_12_20_37_31_917,0.3,0.0,102103.0,102103.0,42.60542,7.945679e-05,0.1359904,-1.044083e-06,0.009084497,-4.639247e-05,0.93,1.086679e-07,-6.703784e-05,1.355666e-05,-0.006437301,0.0002636547,-0.007796101,0.926
2024_02_12_20_37_31_956,0.3,0.0,102186.0,102186.0,42.63972,7.94887e-05,0.1359904,-1.78771e-07,0.009084526,-4.587328e-05,0.93,-1.152214e-06,-7.646465e-05,1.026873e-06,0.003814697,-3.169629e-05,-0.007777474,0.926
2024_02_12_20_37_31_987,0.3,0.0,102261.0,102261.0,42.67123,7.951054e-05,0.1359903,-4.672348e-07,0.009084526,-4.609804e-05,0.93,-3.929849e-06,-5.242206e-05,-3.394981e-06,0.00333786,-5.921356e-05,0.01914985,0.926
2024_02_12_20_37_32_027,0.3,0.0,102343.0,102343.0,42.70553,7.952107e-05,0.1359903,-1.43878e-06,0.009084497,-4.862044e-05,0.93,2.12022e-06,-3.400245e-05,-1.574708e-06,-0.00166893,-7.507424e-06,0.01539476,0.926
2024_02_12_20_37_32_063,0.3,0.0,102427.0,102427.0,42.74076,7.957733e-05,0.1359903,-2.474079e-07,0.009084526,-5.038345e-05,0.93,1.779335e-06,-2.631246e-05,-3.171716e-06,-0.001907349,-0.0002138805,-0.007700175,0.926
2024_02_12_20_37_32_100,0.3,0.0,102510.0,102510.0,42.77505,7.962753e-05,0.1359904,9.568947e-07,0.009084645,-4.778496e-05,0.93,3.492058e-06,-1.594259e-05,4.413888e-07,-0.006079673,0.0003030651,0.03057252,0.926
2024_02_12_20_37_32_138,0.3,0.0,102594.0,102594.0,42.81028,7.965101e-05,0.1359903,5.408413e-07,0.009084554,-4.948357e-05,0.93,2.16855e-05,-3.030649e-05,-6.239833e-06,0.01621246,-8.634555e-05,-0.03816746,0.926
2024_02_12_20_37_32_175,0.3,0.0,102676.0,102676.0,42.84458,7.966764e-05,0.1359903,1.719823e-06,0.009084644,-5.140423e-05,0.93,-7.166709e-07,-3.07111e-05,4.801618e-06,-0.00655651,-0.0001227227,0.007572583,0.926
2024_02_12_20_37_32_213,0.3,0.0,102758.0,102758.0,42.87888,7.968472e-05,0.1359903,5.504452e-07,0.009084676,-5.292117e-05,0.93,2.263283e-06,-3.845808e-05,1.7835e-06,0.002682209,-2.226176e-05,-0.003789551,0.926
2024_02_12_20_37_32_251,0.3,0.0,102842.0,102842.0,42.9141,7.972275e-05,0.1359903,1.052098e-07,0.009084676,-5.30591e-05,0.93,1.64517e-06,-3.728083e-05,3.034017e-06,0.002384186,7.367208e-05,-0.003784895,0.926
2024_02_12_20_37_32_288,0.3,0.0,102925.0,102925.0,42.9484,7.97731e-05,0.1359903,-1.157599e-06,0.009084644,-5.252205e-05,0.93,1.701916e-06,-3.169001e-05,3.182893e-07,0.009953975,0.0002141692,-0.007582828,0.926
2024_02_12_20_37_32_325,0.3,0.0,103009.0,103009.0,42.98362,7.980791e-05,0.1359903,-1.186464e-06,0.009084586,-5.405882e-05,0.93,-2.384975e-06,-6.298349e-05,-4.117113e-06,0.0001192093,0.0001887066,7.543713e-05,0.926
2024_02_12_20_37_32_363,0.3,0.0,103091.0,103091.0,43.01792,7.986894e-05,0.1359903,-2.639438e-06,0.009084586,-5.119558e-05,0.93,3.335795e-06,-1.27333e-05,-7.07623e-06,0.004827976,0.0002184178,-0.007476657,0.926
2024_02_12_20_37_32_400,0.3,0.0,103175.0,103175.0,43.05315,7.992123e-05,0.1359903,7.238767e-07,0.009084615,-4.865231e-05,0.93,-2.105803e-05,-4.493341e-05,-8.978943e-06,0.005066394,-0.000237264,8.754431e-05,0.926
2024_02_12_20_37_32_438,0.3,0.0,103257.0,103257.0,43.08744,7.993589e-05,0.1359903,-1.103145e-06,0.009084556,-5.177724e-05,0.93,-2.520582e-06,-2.903305e-05,-3.497361e-06,0.01716614,0.0001288263,-0.04184898,0.926
2024_02_12_20_37_32_475,0.3,0.0,103342.0,103342.0,43.12267,7.997859e-05,0.1359903,-3.317945e-07,0.009084586,-5.221147e-05,0.93,2.807608e-06,-3.475681e-05,-1.683414e-06,0.0001788139,5.114975e-05,0.01928769,0.926
2024_02_12_20_37_32_508,0.3,0.0,103415.0,103415.0,43.15326,8.000091e-05,0.1359903,2.957212e-07,0.009084526,-5.241873e-05,0.93,-5.102346e-06,-2.55657e-05,7.198061e-07,-0.00423193,0.000151131,-2.421439e-05,0.926
2024_02_12_20_37_32_542,0.3,0.0,103490.0,103490.0,43.18478,8.00011e-05,0.1359902,2.362746e-07,0.009084554,-5.348289e-05,0.93,-4.172408e-06,-5.229631e-05,2.826466e-06,-0.0001788139,-0.0002233945,-0.003761612,0.926
2024_02_12_20_37_32_580,0.3,0.0,103573.0,103573.0,43.21907,8.002815e-05,0.1359904,-2.742701e-07,0.009084555,-5.092804e-05,0.93,-1.678581e-06,-1.978912e-05,5.94932e-08,-0.004351139,2.62574e-05,-0.007699243,0.926
2024_02_12_20_37_32_617,0.3,0.0,103657.0,103657.0,43.2543,8.004805e-05,0.1359903,-4.758139e-08,0.009084497,-5.177578e-05,0.93,-8.287806e-07,-2.944584e-05,-5.021018e-07,0.005722045,-5.145992e-05,-0.015283,0.926
2024_02_12_20_37_32_650,0.3,0.0,103730.0,103730.0,43.28489,8.006778e-05,0.1359903,-8.384501e-07,0.009084526,-5.054455e-05,0.93,-2.2858e-06,-3.024682e-05,2.3751e-06,-0.004291534,0.0003394746,0.01145806,0.926
2024_02_12_20_37_32_688,0.3,0.0,103812.0,103812.0,43.31919,8.008438e-05,0.1359903,-1.821209e-07,0.009084495,-5.175054e-05,0.93,-2.127418e-05,-2.977655e-05,-1.477631e-05,0.01430511,5.6174e-05,-0.03448222,0.926
2024_02_12_20_37_32_725,0.3,0.0,103897.0,103897.0,43.35441,8.011435e-05,0.1359903,-1.673929e-08,0.009084467,-5.255772e-05,0.93,9.391696e-07,3.738447e-06,-8.546087e-07,0.005125999,-5.393753e-05,-0.03058277,0.926
2024_02_12_20_37_32_758,0.3,0.0,103970.0,103970.0,43.385,8.013509e-05,0.1359903,-5.44779e-07,0.009084495,-5.247757e-05,0.93,2.506028e-07,-5.435896e-05,1.0962e-06,-0.01072884,-2.645186e-05,0.007607974,0.926
2024_02_12_20_37_32_796,0.3,0.0,104054.0,104054.0,43.42023,8.017331e-05,0.1359903,-5.102756e-07,0.009084495,-5.116839e-05,0.93,4.402574e-06,-2.79567e-05,2.859915e-06,-0.00500679,-0.0001673944,-0.007757917,0.926
2024_02_12_20_37_32_834,0.3,0.0,104136.0,104136.0,43.45452,8.020664e-05,0.1359902,-1.404687e-06,0.009084495,-5.157767e-05,0.93,2.233853e-05,-5.221064e-05,1.339899e-05,-0.006437301,-2.010978e-05,0.019175,0.926
2024_02_12_20_37_32_871,0.3,0.0,104221.0,104221.0,43.48975,8.025208e-05,0.1359903,-2.154884e-06,0.009084497,-5.194711e-05,0.93,3.115872e-06,-4.48802e-05,2.367833e-06,0.007331371,8.614126e-05,-0.03056787,0.926
2024_02_12_20_37_32_904,0.3,0.0,104294.0,104294.0,43.52034,8.029123e-05,0.1359903,4.056698e-07,0.009084497,-5.166283e-05,0.93,3.791645e-06,-7.719894e-05,2.04861e-06,0.002682209,9.359928e-05,-0.01915265,0.926
2024_02_12_20_37_32_942,0.3,0.0,104378.0,104378.0,43.55556,8.032688e-05,0.1359903,-2.505307e-06,0.009084497,-5.323854e-05,0.93,2.753145e-06,-4.996209e-05,-2.391731e-06,-0.01186132,4.614293e-05,0.02285652,0.926
2024_02_12_20_37_32_980,0.3,0.0,104460.0,104460.0,43.58986,8.036709e-05,0.1359904,-1.546433e-06,0.009084644,-5.488172e-05,0.93,4.623011e-05,-4.913918e-05,8.925092e-06,-0.0008940696,0.0001633936,-6.984919e-05,0.926
2024_02_12_20_37_33_017,0.3,0.0,104545.0,104545.0,43.62509,8.039777e-05,0.1359903,9.692419e-07,0.009084616,-5.47494e-05,0.93,-6.030009e-07,-4.841171e-05,-1.219517e-07,-0.005662441,-0.0001842052,0.007452443,0.926
2024_02_12_20_37_33_050,0.3,0.0,104618.0,104618.0,43.65568,8.041341e-05,0.1359903,1.704387e-06,0.009084584,-5.585831e-05,0.93,-2.144621e-05,-1.843303e-05,9.849123e-06,-0.00500679,-8.208189e-07,-0.00383053,0.926
2024_02_12_20_37_33_088,0.3,0.0,104700.0,104700.0,43.68998,8.044689e-05,0.1359904,-7.006728e-07,0.009084676,-5.586757e-05,0.93,-1.961597e-06,-4.349465e-05,3.577405e-06,0.01633167,5.040124e-05,-0.03439561,0.926
2024_02_12_20_37_33_125,0.3,0.0,104784.0,104784.0,43.7252,8.049768e-05,0.1359903,-1.171655e-06,0.009084585,-5.34601e-05,0.93,2.116535e-05,-3.763908e-05,1.452798e-05,0.005543231,4.191741e-05,-0.01521967,0.926
2024_02_12_20_37_33_158,0.3,0.0,104858.0,104858.0,43.75579,8.051945e-05,0.1359903,-4.839712e-07,0.009084584,-5.258152e-05,0.93,-8.035004e-07,-4.215062e-05,1.004492e-07,-0.007033348,5.723541e-05,0.007634051,0.926
2024_02_12_20_37_33_196,0.3,0.0,104942.0,104942.0,43.79102,8.05309e-05,0.1359904,2.102738e-06,0.009084676,-5.328432e-05,0.93,-4.324636e-05,-4.288851e-05,-6.872164e-06,-0.003397465,0.0001238334,-0.01537613,0.926
2024_02_12_20_37_33_233,0.3,0.0,105024.0,105024.0,43.82531,8.055619e-05,0.1359903,-1.476434e-06,0.009084614,-5.521158e-05,0.93,2.313884e-05,-6.63208e-05,-1.075331e-05,0.0007748603,-7.665733e-05,-0.01916848,0.926
2024_02_12_20_37_33_267,0.3,0.0,105099.0,105099.0,43.85683,8.058616e-05,0.1359903,-9.690374e-07,0.009084614,-5.345752e-05,0.93,1.700467e-06,-5.475059e-05,8.669046e-07,-0.001072884,-4.087701e-05,-2.142042e-05,0.926
2024_02_12_20_37_33_304,0.3,0.0,105182.0,105182.0,43.89113,8.061757e-05,0.1359903,-7.321249e-07,0.009084495,-5.329385e-05,0.93,-2.296187e-06,-5.484776e-05,1.899369e-06,0.003278255,0.0002688001,-0.007737427,0.926
2024_02_12_20_37_33_338,0.3,0.0,105255.0,105255.0,43.92172,8.066932e-05,0.1359903,-7.038749e-07,0.009084526,-5.106672e-05,0.93,-1.581741e-05,-4.309195e-05,7.67761e-06,0.007390975,0.0001007583,-0.01516938,0.926
2024_02_12_20_37_33_375,0.3,0.0,105339.0,105339.0,43.95694,8.074029e-05,0.1359903,-1.614731e-06,0.009084584,-5.215893e-05,0.93,2.442136e-06,-3.29233e-05,-7.360254e-06,-0.0002384186,-0.0001493129,-0.003771856,0.926
2024_02_12_20_37_33_412,0.3,0.0,105421.0,105421.0,43.99124,8.075697e-05,0.1359903,5.223073e-07,0.009084614,-5.324229e-05,0.93,-7.757052e-07,-4.473002e-05,-3.65776e-06,-0.006437301,-1.02591e-05,0.01526903,0.926
2024_02_12_20_37_33_450,0.3,0.0,105506.0,105506.0,44.02647,8.079134e-05,0.1359903,-1.050356e-07,0.009084584,-5.175853e-05,0.93,-2.100739e-06,-2.955553e-05,5.210911e-06,-0.004410744,-0.000124338,0.01912564,0.926
2024_02_12_20_37_33_487,0.3,0.0,105588.0,105588.0,44.06076,8.081995e-05,0.1359904,2.64724e-07,0.009084615,-5.222127e-05,0.93,-2.38247e-07,-4.069945e-05,3.611491e-06,0.01055002,-0.0001348602,0.0001490116,0.926
2024_02_12_20_37_33_525,0.3,0.0,105672.0,105672.0,44.09599,8.084338e-05,0.1359903,-7.580714e-07,0.009084526,-5.460049e-05,0.93,-2.140965e-05,-2.953258e-05,8.25354e-06,-0.0007152557,-0.0001089153,0.007677823,0.926
2024_02_12_20_37_33_563,0.3,0.0,105754.0,105754.0,44.13029,8.090059e-05,0.1359903,4.372342e-07,0.009084554,-5.269823e-05,0.93,3.130077e-06,-6.04767e-05,1.047513e-06,0.002682209,-7.358562e-05,-4.842877e-05,0.926
2024_02_12_20_37_33_597,0.3,0.0,105830.0,105830.0,44.1618,8.094086e-05,0.1359903,-8.907111e-07,0.009084554,-5.154115e-05,0.93,2.128464e-05,-3.086786e-05,1.52318e-05,0.008881092,9.178273e-05,-0.03053434,0.926
2024_02_12_20_37_33_634,0.3,0.0,105912.0,105912.0,44.1961,8.097757e-05,0.1359903,1.325526e-06,0.009084495,-5.088324e-05,0.93,-2.044181e-07,-3.378677e-05,6.244178e-06,0.000655651,-0.0002752435,3.72529e-06,0.926
2024_02_12_20_37_33_671,0.3,0.0,105996.0,105996.0,44.23133,8.09973e-05,0.1359904,-4.510507e-07,0.009084467,-5.308997e-05,0.93,-1.314391e-07,-3.422306e-05,8.89925e-07,0.01507997,-5.791185e-05,-0.03065727,0.926
2024_02_12_20_37_33_709,0.3,0.0,106078.0,106078.0,44.26563,8.102889e-05,0.1359903,3.473839e-07,0.009084465,-5.371084e-05,0.93,-1.895885e-05,-2.76407e-05,4.517268e-06,-0.01639128,2.401572e-05,0.01904834,0.926
2024_02_12_20_37_33_746,0.3,0.0,106162.0,106162.0,44.30085,8.108062e-05,0.1359903,-1.961781e-06,0.009084435,-5.55081e-05,0.93,1.50909e-06,-6.045199e-05,-3.735081e-06,0.005960464,-7.826645e-05,-0.003896653,0.926
2024_02_12_20_37_33_783,0.3,0.0,106245.0,106245.0,44.33515,8.112175e-05,0.1359903,-1.337196e-07,0.009084435,-5.477025e-05,0.93,-1.527345e-06,-1.137207e-05,-1.462164e-06,0.009834765,-6.680033e-05,-0.007476657,0.926
2024_02_12_20_37_33_822,0.3,0.0,106329.0,106329.0,44.37037,8.116314e-05,0.1359903,-1.459365e-06,0.009084407,-5.333635e-05,0.93,2.630484e-06,-2.407177e-05,1.359795e-06,0.01603365,0.0005354815,-0.04202406,0.926
2024_02_12_20_37_33_859,0.3,0.0,106411.0,106411.0,44.40467,8.121319e-05,0.1359903,6.337496e-08,0.009084466,-5.327607e-05,0.93,-1.310662e-06,-6.004082e-05,5.429221e-06,-0.002086163,-0.0001172901,-0.0077039,0.926
2024_02_12_20_37_33_896,0.3,0.0,106495.0,106495.0,44.4399,8.124517e-05,0.1359903,-3.1634e-07,0.009084526,-5.385726e-05,0.93,-1.311813e-06,-6.770855e-06,1.467266e-06,-0.0001788139,-2.755075e-05,8.009373e-05,0.926
2024_02_12_20_37_33_929,0.3,0.0,106569.0,106569.0,44.47049,8.129478e-05,0.1359903,-1.612799e-06,0.009084467,-5.324866e-05,0.93,3.112917e-06,-1.874735e-05,1.89904e-07,-0.01358986,-3.477663e-05,0.03051944,0.926
2024_02_12_20_37_33_967,0.3,0.0,106651.0,106651.0,44.50478,8.136343e-05,0.1359903,-8.848911e-07,0.009084554,-4.993861e-05,0.93,-2.047256e-07,-2.610362e-05,2.055592e-06,-0.0004172325,-0.0001048961,-0.01149438,0.926
2024_02_12_20_37_34_004,0.3,0.0,106735.0,106735.0,44.54001,8.141997e-05,0.1359903,4.398759e-07,0.009084495,-4.743629e-05,0.93,-1.864056e-06,-2.971226e-05,-1.309669e-06,0.00578165,-7.837274e-05,-0.03067776,0.926
2024_02_12_20_37_34_042,0.3,0.0,106817.0,106817.0,44.57431,8.147824e-05,0.1359903,-5.00794e-07,0.009084554,-4.774989e-05,0.93,2.281851e-05,-1.694357e-05,1.244546e-05,-0.002264977,0.0001910761,9.313226e-06,0.926
2024_02_12_20_37_34_080,0.3,0.0,106901.0,106901.0,44.60953,8.153688e-05,0.1359904,-1.513532e-06,0.009084615,-4.60786e-05,0.93,-2.332682e-06,-4.633264e-05,-1.787785e-06,0.008821487,0.0001249034,-0.007666647,0.926
2024_02_12_20_37_34_117,0.3,0.0,106984.0,106984.0,44.64383,8.157191e-05,0.1359903,8.488792e-07,0.009084556,-4.650977e-05,0.93,-2.325709e-05,-1.30077e-05,-1.184202e-05,-0.01311302,0.0001683346,0.04212092,0.926
2024_02_12_20_37_34_154,0.3,0.0,107068.0,107068.0,44.67905,8.161081e-05,0.1359903,-9.853842e-07,0.009084614,-4.83374e-05,0.93,-1.179982e-06,-3.749373e-05,-6.310213e-06,0.002264977,-9.809156e-05,-0.01134723,0.926
2024_02_12_20_37_34_194,0.3,0.0,107150.0,107150.0,44.71335,8.164214e-05,0.1359903,1.335626e-08,0.009084644,-4.781258e-05,0.93,-4.693322e-06,-4.279677e-05,2.478704e-06,-0.009477139,-3.830655e-05,0.0266172,0.926
2024_02_12_20_37_34_225,0.3,0.0,107225.0,107225.0,44.74487,8.168421e-05,0.1359903,2.464099e-07,0.009084556,-4.537775e-05,0.93,1.949317e-06,-4.092156e-05,-2.420349e-06,-0.001847744,-1.237663e-05,-0.003797933,0.926
2024_02_12_20_37_34_262,0.3,0.0,107308.0,107308.0,44.77917,8.172738e-05,0.1359903,-4.678326e-07,0.009084554,-4.421037e-05,0.93,-7.244786e-06,-3.099641e-05,-4.066518e-08,0.01013279,7.618507e-05,-0.02669915,0.926
2024_02_12_20_37_34_296,0.3,0.0,107383.0,107383.0,44.81068,8.174274e-05,0.1359903,2.565316e-06,0.009084496,-4.322609e-05,0.93,-3.402008e-06,-1.869776e-05,2.218707e-06,0.007510185,-0.0001029695,-0.03059301,0.926
2024_02_12_20_37_34_333,0.3,0.0,107465.0,107465.0,44.84498,8.178171e-05,0.1359903,-1.243029e-06,0.009084526,-4.154833e-05,0.93,1.86632e-06,-1.0851e-05,4.389777e-06,-0.0001192093,0.0002775617,8.568167e-05,0.926
2024_02_12_20_37_34_372,0.3,0.0,107549.0,107549.0,44.88021,8.181767e-05,0.1359903,1.759615e-07,0.009084556,-4.2715e-05,0.93,-1.738395e-06,-5.55089e-05,1.472964e-06,-0.008225441,-2.329767e-05,0.03059581,0.926
2024_02_12_20_37_34_404,0.3,0.0,107623.0,107623.0,44.9108,8.184745e-05,0.1359904,2.261583e-07,0.009084556,-4.235625e-05,0.93,1.905108e-07,-7.809055e-06,4.153413e-06,-0.008225441,-0.0001293848,0.01530722,0.926
2024_02_12_20_37_34_442,0.3,0.0,107705.0,107705.0,44.9451,8.18886e-05,0.1359904,-3.249099e-07,0.009084644,-4.115062e-05,0.93,1.735096e-05,-4.963769e-05,-5.949219e-06,0.004708767,1.084004e-05,-0.0115037,0.926
2024_02_12_20_37_34_475,0.3,0.0,107780.0,107780.0,44.97661,8.18887e-05,0.1359904,-1.113409e-06,0.009084586,-4.45835e-05,0.93,2.026622e-05,-3.881539e-05,1.289521e-05,0.01806021,1.972165e-05,-0.0189878,0.926
2024_02_12_20_37_34_512,0.3,0.0,107862.0,107862.0,45.01091,8.192304e-05,0.1359903,-8.127623e-07,0.009084556,-4.222757e-05,0.93,4.085238e-07,-5.483839e-05,-1.491438e-06,-0.008225441,3.855143e-05,0.02285372,0.926
2024_02_12_20_37_34_549,0.3,0.0,107947.0,107947.0,45.04613,8.196109e-05,0.1359903,-2.228138e-07,0.009084554,-4.253671e-05,0.93,-1.782706e-07,-2.866956e-05,2.844882e-06,0.01990795,0.0002200613,-0.04966184,0.926
2024_02_12_20_37_34_587,0.3,0.0,108029.0,108029.0,45.08043,8.202645e-05,0.1359903,-1.071373e-06,0.009084465,-4.046948e-05,0.93,2.160131e-05,-3.571874e-05,-6.32821e-06,-0.003755092,-0.0002891028,-0.0001108274,0.926
2024_02_12_20_37_34_625,0.3,0.0,108113.0,108113.0,45.11566,8.204944e-05,0.1359903,5.105354e-07,0.009084465,-4.238914e-05,0.93,-3.207079e-06,-5.74889e-05,1.165217e-06,-0.002324581,-8.965369e-05,-0.01547392,0.926
2024_02_12_20_37_34_662,0.3,0.0,108195.0,108195.0,45.14996,8.207641e-05,0.1359903,1.238819e-07,0.009084495,-4.169887e-05,0.93,-1.824025e-05,-3.512795e-05,7.712594e-06,0.002026558,0.0001472338,-0.01544319,0.926
2024_02_12_20_37_34_696,0.3,0.0,108269.0,108268.0,45.18055,8.21229e-05,0.1359903,-3.104366e-07,0.009084406,-3.947968e-05,0.93,1.124385e-06,-3.042883e-05,5.992193e-06,-0.006914138,7.09582e-05,-0.003984198,0.926
2024_02_12_20_37_34_733,0.3,0.0,108353.0,108353.0,45.21577,8.213003e-05,0.1359903,7.967129e-07,0.009084466,-4.422798e-05,0.93,-2.38633e-05,-5.105242e-05,5.637437e-06,-0.00166893,0.0001459655,0.01910981,0.926
2024_02_12_20_37_34_771,0.3,0.0,108435.0,108435.0,45.25007,8.214614e-05,0.1359902,-2.45788e-08,0.009084465,-4.483035e-05,0.93,1.816928e-05,-1.916615e-05,1.646134e-05,0.01078844,-3.725393e-05,-0.01133419,0.926
2024_02_12_20_37_34_805,0.3,0.0,108510.0,108510.0,45.28159,8.2172e-05,0.1359902,1.161667e-06,0.009084435,-4.299567e-05,0.93,-2.087994e-06,-3.07661e-05,-5.272917e-06,0.005662441,-0.0001083125,-0.007662922,0.926
2024_02_12_20_37_34_841,0.3,0.0,108593.0,108593.0,45.31588,8.219708e-05,0.1359903,-3.03554e-07,0.009084584,-4.181837e-05,0.93,1.994912e-05,-5.125724e-05,-2.670533e-06,0.002562999,-6.82495e-05,-0.01906697,0.926
2024_02_12_20_37_34_879,0.3,0.0,108677.0,108677.0,45.35111,8.222462e-05,0.1359904,7.978048e-08,0.009084644,-4.342247e-05,0.93,-8.924003e-07,-4.948305e-05,4.992186e-07,-0.007390975,-3.890881e-05,0.007533468,0.926
2024_02_12_20_37_34_916,0.3,0.0,108759.0,108759.0,45.38541,8.224894e-05,0.1359904,1.467968e-06,0.009084644,-4.260574e-05,0.93,1.388999e-06,-3.564584e-05,1.504644e-07,0.0004768371,6.666016e-05,0.01525227,0.926
2024_02_12_20_37_34_950,0.3,0.0,108834.0,108834.0,45.41692,8.225807e-05,0.1359904,3.751168e-07,0.009084615,-4.342864e-05,0.93,-4.107823e-06,-5.425838e-05,-1.351555e-06,-0.005543231,0.0001291607,-0.007799826,0.926
2024_02_12_20_37_34_988,0.3,0.0,108917.0,108917.0,45.45122,8.226946e-05,0.1359904,-1.692643e-06,0.009084644,-4.443939e-05,0.93,-1.550322e-07,-4.254783e-05,4.083339e-07,0.006377697,0.0002257734,-0.01531653,0.926
2024_02_12_20_37_35_026,0.3,0.0,109001.0,109001.0,45.48645,8.229988e-05,0.1359903,-1.794768e-07,0.009084586,-4.359625e-05,0.93,4.012737e-06,-3.272105e-05,3.905292e-07,0.01198053,-8.23652e-05,-0.02664048,0.926
2024_02_12_20_37_35_063,0.3,0.0,109083.0,109083.0,45.52074,8.235452e-05,0.1359903,-9.272346e-07,0.009084646,-4.140933e-05,0.93,-1.796539e-05,-4.302746e-05,-1.383234e-05,0.01013279,7.439047e-05,-0.04203617,0.926
2024_02_12_20_37_35_096,0.3,0.0,109156.0,109156.0,45.55133,8.239032e-05,0.1359903,-6.717461e-07,0.009084526,-4.192844e-05,0.93,-4.088939e-07,-5.100028e-05,3.853985e-07,0.002384186,1.586807e-05,-0.02310704,0.926
2024_02_12_20_37_35_133,0.3,0.0,109241.0,109241.0,45.58656,8.242019e-05,0.1359902,5.335097e-07,0.009084554,-4.288346e-05,0.93,-2.079551e-05,-3.596087e-05,-1.212599e-05,-0.006854534,-2.133203e-05,0.02686586,0.926
2024_02_12_20_37_35_167,0.3,0.0,109314.0,109314.0,45.61715,8.243495e-05,0.1359903,2.239291e-06,0.009084644,-4.231209e-05,0.93,-4.391091e-05,-5.586231e-05,-7.44645e-07,-0.0004172325,-9.72592e-05,0.003855675,0.926
2024_02_12_20_37_35_204,0.3,0.0,109398.0,109398.0,45.65237,8.243895e-05,0.1359903,2.210429e-06,0.009084497,-4.325188e-05,0.93,-2.353055e-05,-3.617523e-06,-1.148315e-05,0.002503395,-9.402924e-05,0.01932401,0.926
2024_02_12_20_37_35_241,0.3,0.0,109480.0,109480.0,45.68667,8.244343e-05,0.1359903,-9.703529e-07,0.009084554,-4.557921e-05,0.93,1.720747e-06,-3.535892e-05,1.130333e-06,0.001251697,1.847206e-05,0.007771886,0.926
2024_02_12_20_37_35_278,0.3,0.0,109565.0,109565.0,45.7219,8.245752e-05,0.1359903,1.171483e-06,0.009084556,-4.624901e-05,0.93,-1.930353e-06,-1.176321e-05,-2.781263e-06,-0.007808208,6.590511e-05,0.01520105,0.926
2024_02_12_20_37_35_312,0.3,0.0,109638.0,109638.0,45.75249,8.247199e-05,0.1359902,-2.705731e-07,0.009084554,-4.667244e-05,0.93,-1.835095e-07,-5.494457e-05,5.317628e-07,-0.006437301,-1.647658e-05,-0.01530815,0.926
2024_02_12_20_37_35_351,0.3,0.0,109722.0,109722.0,45.78771,8.250068e-05,0.1359903,1.795858e-07,0.009084495,-4.742413e-05,0.93,2.425305e-06,-4.813255e-05,-3.403124e-06,0.01227856,6.945731e-05,-0.03450923,0.926
2024_02_12_20_37_35_387,0.3,0.0,109804.0,109804.0,45.82201,8.252666e-05,0.1359904,-2.915223e-08,0.009084586,-4.602017e-05,0.93,-2.906531e-06,-5.815203e-05,-1.038066e-06,-0.009298325,0.0001232004,-0.0001508743,0.926
2024_02_12_20_37_35_426,0.3,0.0,109889.0,109889.0,45.85723,8.254663e-05,0.1359903,-2.36694e-07,0.009084526,-4.788709e-05,0.93,-1.622083e-05,-2.862516e-05,9.3683e-06,-0.01001358,0.0001474447,0.02677552,0.926
2024_02_12_20_37_35_462,0.3,0.0,109971.0,109971.0,45.89153,8.259359e-05,0.1359904,-2.317024e-07,0.009084586,-4.720088e-05,0.93,-4.098171e-05,-2.443531e-05,-8.882681e-06,0.01013279,-6.040034e-05,8.661299e-05,0.926
2024_02_12_20_37_35_495,0.3,0.0,110044.0,110044.0,45.92212,8.263239e-05,0.1359904,-7.958653e-07,0.009084496,-4.823648e-05,0.93,3.383077e-06,-3.114182e-05,2.302678e-07,0.01072884,-0.0001230639,-0.007742084,0.926
2024_02_12_20_37_35_529,0.3,0.0,110119.0,110119.0,45.95364,8.265892e-05,0.1359903,3.277626e-07,0.009084465,-4.871497e-05,0.93,8.071656e-07,-5.810464e-05,-1.668444e-06,0.00411272,-0.0001272409,-1.303852e-05,0.926
2024_02_12_20_37_35_566,0.3,0.0,110201.0,110201.0,45.98794,8.270793e-05,0.1359903,-1.723417e-06,0.009084467,-4.580025e-05,0.93,3.954839e-06,-3.823351e-05,1.787886e-06,0.00423193,0.0001587862,-0.01152325,0.926
2024_02_12_20_37_35_606,0.3,0.0,110286.0,110286.0,46.02316,8.2764e-05,0.1359903,3.817156e-07,0.009084437,-4.473012e-05,0.93,-2.058439e-05,-1.391018e-05,8.950581e-06,0.001132488,-5.569245e-05,-0.003756955,0.926
2024_02_12_20_37_35_637,0.3,0.0,110359.0,110359.0,46.05375,8.277527e-05,0.1359903,2.83169e-08,0.009084495,-4.364783e-05,0.93,-2.055118e-05,-1.918545e-05,-1.791301e-05,0.00411272,-2.782553e-05,0.007694587,0.926
2024_02_12_20_37_35_675,0.3,0.0,110443.0,110443.0,46.08898,8.280536e-05,0.1359903,2.473436e-07,0.009084526,-4.558535e-05,0.93,-1.174882e-06,-2.606598e-05,2.60402e-06,-0.0008940696,-8.842633e-05,9.872019e-05,0.926
2024_02_12_20_37_35_712,0.3,0.0,110525.0,110525.0,46.12328,8.281607e-05,0.1359903,-1.754618e-06,0.009084466,-4.65658e-05,0.93,1.059819e-06,1.345903e-05,-3.210516e-06,-0.009536743,-0.0002573972,0.02682302,0.926
2024_02_12_20_37_35_745,0.3,0.0,110599.0,110599.0,46.15387,8.287347e-05,0.1359904,-6.568191e-07,0.009084556,-4.525012e-05,0.93,4.721915e-06,-7.13168e-05,-9.711631e-07,-0.01233816,-0.0002777788,0.02287049,0.926
2024_02_12_20_37_35_779,0.3,0.0,110674.0,110674.0,46.18538,8.292362e-05,0.1359903,-7.730064e-07,0.009084495,-4.040476e-05,0.93,2.075075e-05,-4.076565e-05,-1.137277e-05,0.002503395,-0.0001372891,-0.003826804,0.926
2024_02_12_20_37_35_817,0.3,0.0,110756.0,110756.0,46.21968,8.29488e-05,0.1359903,-2.503426e-08,0.009084526,-4.024962e-05,0.93,-3.19034e-07,-3.785614e-05,5.225987e-06,-0.01204014,0.0001790971,0.03442261,0.926
2024_02_12_20_37_35_854,0.3,0.0,110841.0,110841.0,46.25491,8.295549e-05,0.1359904,-1.139387e-06,0.009084526,-4.222655e-05,0.93,2.143871e-05,-1.800956e-05,1.413815e-05,0.002264977,-2.756678e-06,-0.01145247,0.926
2024_02_12_20_37_35_891,0.3,0.0,110923.0,110923.0,46.2892,8.29847e-05,0.1359903,-4.514199e-07,0.009084526,-4.234099e-05,0.93,6.696427e-07,-4.145699e-05,1.18546e-06,-0.01084804,4.642658e-05,-6.705523e-05,0.926
2024_02_12_20_37_35_925,0.3,0.0,110996.0,110996.0,46.31979,8.301232e-05,0.1359903,5.860875e-07,0.009084615,-4.200026e-05,0.93,-2.449636e-06,-6.497153e-05,-1.467411e-06,-0.01376867,-9.317432e-06,0.03438815,0.926
2024_02_12_20_37_35_962,0.3,0.0,111080.0,111080.0,46.35502,8.305055e-05,0.1359903,8.135392e-07,0.009084584,-4.231272e-05,0.93,2.306053e-06,-5.013759e-05,1.344256e-07,-0.002801418,-4.675763e-05,-0.00771135,0.926
2024_02_12_20_37_36_000,0.3,0.0,111162.0,111162.0,46.38932,8.308864e-05,0.1359903,3.880943e-07,0.009084554,-4.323347e-05,0.93,3.891028e-06,-4.194927e-05,-3.522836e-06,-0.01168251,0.0001688084,0.02671219,0.926
2024_02_12_20_37_36_033,0.3,0.0,111238.0,111238.0,46.42083,8.31182e-05,0.1359902,-1.68323e-06,0.009084584,-4.383569e-05,0.93,1.664693e-06,-3.861485e-05,8.803657e-07,-0.000834465,0.0001931591,0.01544412,0.926
2024_02_12_20_37_36_071,0.3,0.0,111320.0,111320.0,46.45513,8.316978e-05,0.1359903,-2.471945e-06,0.009084614,-4.176319e-05,0.93,-1.23146e-07,-4.091494e-05,-7.651077e-06,-0.006198883,3.449361e-05,0.01148973,0.926
2024_02_12_20_37_36_108,0.3,0.0,111404.0,111404.0,46.49036,8.322376e-05,0.1359903,-7.115127e-07,0.009084555,-4.136749e-05,0.93,7.472439e-07,-2.580899e-05,-2.405035e-07,0.006377697,-6.726787e-05,0.0001275912,0.926
2024_02_12_20_37_36_143,0.3,0.0,111478.0,111478.0,46.52095,8.32647e-05,0.1359903,-6.458699e-07,0.009084586,-4.302306e-05,0.93,-1.40261e-06,-5.382046e-05,-5.789352e-06,0.01209974,0.0001085177,-0.02291798,0.926
2024_02_12_20_37_36_180,0.3,0.0,111562.0,111562.0,46.55617,8.328869e-05,0.1359903,1.506859e-06,0.009084614,-4.299243e-05,0.93,-4.332763e-05,-3.426782e-05,-7.416233e-06,0.002145767,0.0003828563,-0.01904275,0.926
2024_02_12_20_37_36_216,0.3,0.0,111644.0,111644.0,46.59047,8.330262e-05,0.1359903,5.379927e-07,0.009084556,-4.510878e-05,0.93,-8.560289e-07,-4.93632e-05,9.348728e-07,0.002801418,8.784723e-05,-0.0152709,0.926
2024_02_12_20_37_36_254,0.3,0.0,111728.0,111728.0,46.62569,8.332705e-05,0.1359903,-6.881693e-07,0.009084614,-4.572717e-05,0.93,-2.15351e-06,-5.228799e-05,-1.900428e-06,-0.002086163,-0.0001547495,0.003792345,0.926
2024_02_12_20_37_36_291,0.3,0.0,111810.0,111810.0,46.65999,8.335253e-05,0.1359903,1.488829e-06,0.009084615,-4.508029e-05,0.93,-3.793252e-06,-6.09569e-05,2.108756e-06,-0.006973743,-0.0002564586,0.01535378,0.926
2024_02_12_20_37_36_329,0.3,0.0,111895.0,111895.0,46.69522,8.337926e-05,0.1359903,-1.718685e-06,0.009084614,-4.751112e-05,0.93,1.894205e-06,-3.93128e-05,9.414057e-07,-0.004291534,4.511844e-05,-6.426126e-05,0.926
2024_02_12_20_37_36_367,0.3,0.0,111977.0,111977.0,46.72952,8.342766e-05,0.1359903,-4.065869e-07,0.009084584,-4.687984e-05,0.93,4.453048e-06,-2.52588e-05,-7.344649e-07,-0.004649162,-1.25118e-05,-0.003786757,0.926
2024_02_12_20_37_36_400,0.3,0.0,112050.0,112050.0,46.76011,8.346666e-05,0.1359904,8.647094e-07,0.009084497,-4.715504e-05,0.93,-2.080656e-05,-6.036839e-05,-1.07807e-05,0.003695488,-3.916562e-05,-0.02691801,0.926
2024_02_12_20_37_36_437,0.3,0.0,112134.0,112134.0,46.79533,8.348115e-05,0.1359904,4.882234e-07,0.009084526,-4.858584e-05,0.93,2.001404e-05,-5.129506e-05,1.35175e-05,0.008523464,-0.000379138,-0.02675783,0.926
2024_02_12_20_37_36_470,0.3,0.0,112208.0,112208.0,46.82592,8.350317e-05,0.1359903,-1.717618e-07,0.009084496,-4.735903e-05,0.93,-9.581545e-07,-2.787763e-05,-4.246791e-07,0.004291534,5.248782e-05,-7.636845e-05,0.926
2024_02_12_20_37_36_505,0.3,0.0,112283.0,112283.0,46.85744,8.353699e-05,0.1359903,-4.71668e-07,0.009084467,-4.835924e-05,0.93,2.258738e-06,4.400525e-06,9.761428e-07,-5.960464e-05,-0.0001049661,8.102506e-05,0.926
2024_02_12_20_37_36_542,0.3,0.0,112365.0,112365.0,46.89174,8.356371e-05,0.1359902,-5.580629e-07,0.009084376,-4.792273e-05,0.93,-2.0987e-05,-1.339854e-05,1.030762e-05,-0.002264977,-2.69859e-05,0.0190977,0.926
2024_02_12_20_37_36_579,0.3,0.0,112450.0,112450.0,46.92696,8.359327e-05,0.1359904,1.706061e-07,0.009084467,-4.797863e-05,0.93,-1.914633e-06,-3.096159e-05,2.583488e-06,0.0001788139,-0.0001244789,-0.0001406297,0.926
2024_02_12_20_37_36_613,0.3,0.0,112523.0,112523.0,46.95755,8.362752e-05,0.1359904,-6.302097e-07,0.009084526,-4.746866e-05,0.93,2.314056e-06,-5.348132e-05,5.599611e-06,-0.002861023,2.87975e-05,0.007507391,0.926
2024_02_12_20_37_36_650,0.3,0.0,112605.0,112605.0,46.99185,8.369018e-05,0.1359903,-2.930312e-06,0.009084437,-4.442584e-05,0.93,5.776226e-06,-4.849576e-05,-4.175183e-06,0.01043081,0.0003124514,-0.02298597,0.926
2024_02_12_20_37_36_689,0.3,0.0,112689.0,112689.0,47.02707,8.375802e-05,0.1359903,7.574077e-07,0.009084554,-4.379459e-05,0.93,-3.63385e-06,-4.280221e-05,1.600691e-06,0.0001788139,-0.0001588584,0.00755582,0.926
2024_02_12_20_37_36_725,0.3,0.0,112771.0,112771.0,47.06137,8.379445e-05,0.1359903,-2.629764e-07,0.009084554,-4.238432e-05,0.93,-1.300644e-06,-2.942263e-05,3.043329e-07,0.0004172325,-2.528844e-05,0.007729977,0.926
2024_02_12_20_37_36_762,0.3,0.0,112856.0,112856.0,47.0966,8.380252e-05,0.1359904,2.628533e-06,0.009084555,-4.151491e-05,0.93,-2.669804e-05,-4.431509e-05,-7.499136e-06,-0.00411272,1.733338e-05,0.01898408,0.926
2024_02_12_20_37_36_800,0.3,0.0,112938.0,112938.0,47.13089,8.382866e-05,0.1359904,-3.107724e-07,0.009084526,-4.189345e-05,0.93,1.363532e-06,-2.618831e-05,3.2013e-06,0.006258487,-0.0002668257,-0.03438722,0.926
2024_02_12_20_37_36_854,0.3,0.0,113040.0,113040.0,47.17353,8.389046e-05,0.1359902,-4.004325e-07,0.009084554,-4.16704e-05,0.93,4.640451e-06,-3.141967e-05,-1.443526e-07,0.003397465,-2.950935e-05,0.01164991,0.926
2024_02_12_20_37_36_883,0.3,0.0,113124.0,113124.0,47.20876,8.39392e-05,0.1359902,3.43741e-07,0.009084556,-4.097499e-05,0.93,-2.323755e-05,-2.486652e-05,-1.068951e-05,0.00745058,9.431147e-05,-0.02274476,0.926
2024_02_12_20_37_36_921,0.3,0.0,113206.0,113206.0,47.24306,8.397438e-05,0.1359903,-6.809197e-07,0.009084526,-4.128646e-05,0.93,1.136186e-06,-4.856431e-05,8.738931e-07,0.004053116,4.591976e-05,0.007662922,0.926
2024_02_12_20_37_36_958,0.3,0.0,113291.0,113291.0,47.27828,8.402807e-05,0.1359903,-1.153969e-06,0.009084584,-3.956271e-05,0.93,1.129474e-06,-6.126284e-05,-3.517048e-06,-5.960464e-05,0.0002600065,4.749745e-05,0.926
2024_02_12_20_37_36_996,0.3,0.0,113373.0,113373.0,47.31258,8.404547e-05,0.1359903,-1.817066e-07,0.009084495,-4.138008e-05,0.93,-4.846687e-06,-3.753221e-05,-2.709526e-06,-0.00166893,-5.307953e-05,-0.01164619,0.926
2024_02_12_20_37_37_029,0.3,0.0,113448.0,113448.0,47.3441,8.408038e-05,0.1359903,-5.46404e-07,0.009084586,-4.260155e-05,0.93,-5.84692e-07,-5.053607e-05,3.983395e-07,-0.006914138,0.0001285838,0.01533795,0.926
2024_02_12_20_37_37_066,0.3,0.0,113530.0,113530.0,47.3784,8.411206e-05,0.1359903,-1.901527e-06,0.009084526,-4.104939e-05,0.93,2.032012e-05,-2.428701e-05,-6.920017e-06,0.009953975,0.000240111,-0.02670288,0.926
2024_02_12_20_37_37_100,0.3,0.0,113604.0,113604.0,47.40899,8.414045e-05,0.1359903,9.455225e-08,0.009084584,-4.012484e-05,0.93,-2.512117e-06,-1.447193e-05,6.114236e-07,-0.00846386,2.827147e-05,0.007671304,0.926
2024_02_12_20_37_37_138,0.3,0.0,113688.0,113688.0,47.44421,8.414524e-05,0.1359903,-7.769488e-07,0.009084526,-4.154787e-05,0.93,-5.544542e-06,-1.948393e-05,-6.724101e-06,-0.003814697,-5.957292e-05,-5.7742e-05,0.926
2024_02_12_20_37_37_174,0.3,0.0,113770.0,113770.0,47.47851,8.415948e-05,0.1359903,1.425688e-07,0.009084616,-4.08425e-05,0.93,-3.406878e-06,-3.741081e-05,1.487982e-06,-0.0004172325,9.852499e-06,-0.02294499,0.926
2024_02_12_20_37_37_212,0.3,0.0,113854.0,113854.0,47.51373,8.416727e-05,0.1359903,-1.018835e-08,0.009084526,-4.166196e-05,0.93,7.08772e-07,-3.137575e-05,-1.315551e-06,-0.002503395,-0.0001455909,-0.03071688,0.926
2024_02_12_20_37_37_250,0.3,0.0,113936.0,113936.0,47.54803,8.418309e-05,0.1359903,6.977691e-07,0.009084556,-4.375401e-05,0.93,-7.666888e-07,-4.708044e-05,-3.451399e-06,-0.007867813,6.24266e-05,0.007630325,0.926
2024_02_12_20_37_37_287,0.3,0.0,114021.0,114021.0,47.58326,8.422066e-05,0.1359903,-1.239343e-06,0.009084615,-4.394874e-05,0.93,4.480762e-06,-4.206894e-05,5.199232e-06,-0.00834465,0.0001238599,0.04203617,0.926
2024_02_12_20_37_37_325,0.3,0.0,114103.0,114103.0,47.61755,8.424457e-05,0.1359903,-1.539175e-07,0.009084497,-4.655102e-05,0.93,-4.689967e-07,-7.179366e-06,-2.483527e-06,0.0001192093,-3.213085e-05,4.097819e-05,0.926
2024_02_12_20_37_37_359,0.3,0.0,114178.0,114178.0,47.64907,8.425891e-05,0.1359903,7.582265e-07,0.009084586,-4.645933e-05,0.93,-2.465971e-05,-9.813679e-06,-9.825204e-06,-0.0005960464,0.000170851,-0.007572583,0.926
2024_02_12_20_37_37_396,0.3,0.0,114260.0,114260.0,47.68337,8.427408e-05,0.1359904,4.572672e-07,0.009084526,-4.860933e-05,0.93,-4.283599e-05,-1.581219e-05,-6.945533e-06,-0.01078844,-2.012825e-05,0.01906138,0.926
2024_02_12_20_37_37_433,0.3,0.0,114345.0,114345.0,47.71859,8.431775e-05,0.1359903,-4.415e-07,0.009084554,-4.782049e-05,0.93,1.352441e-06,-6.593718e-05,-1.30136e-06,-0.006735324,-0.0001058095,0.01516845,0.926
2024_02_12_20_37_37_471,0.3,0.0,114427.0,114427.0,47.75289,8.435667e-05,0.1359904,-1.188816e-06,0.009084526,-4.700512e-05,0.93,3.535858e-06,-5.354412e-05,-1.27466e-06,0.01716614,7.275616e-06,-0.03830809,0.926
2024_02_12_20_37_37_509,0.3,0.0,114511.0,114511.0,47.78812,8.442532e-05,0.1359903,3.46055e-07,0.009084584,-4.670633e-05,0.93,-4.571669e-07,-3.961536e-05,-1.233251e-06,-0.005424022,-0.0002514559,0.00771787,0.926
2024_02_12_20_37_37_546,0.3,0.0,114593.0,114593.0,47.82241,8.444712e-05,0.1359903,-1.172573e-06,0.009084554,-4.687081e-05,0.93,-2.85493e-06,-2.70584e-05,-8.983031e-06,-0.01275539,-0.0001553548,0.0113165,0.926
2024_02_12_20_37_37_579,0.3,0.0,114667.0,114667.0,47.853,8.448736e-05,0.1359903,-6.442513e-07,0.009084526,-4.633813e-05,0.93,6.958925e-07,-2.250955e-05,-8.514364e-07,-0.01722574,-3.217201e-05,0.03824756,0.926
2024_02_12_20_37_37_616,0.3,0.0,114751.0,114751.0,47.88823,8.454318e-05,0.1359902,-1.488893e-06,0.009084495,-4.414247e-05,0.93,3.078523e-07,-2.766304e-05,2.872255e-07,-0.001192093,4.265109e-05,6.61239e-05,0.926
2024_02_12_20_37_37_654,0.3,0.0,114833.0,114833.0,47.92253,8.460059e-05,0.1359903,1.872567e-06,0.009084526,-4.021765e-05,0.93,-2.186834e-05,-3.814285e-05,-1.307603e-05,-0.01066923,-0.0001170867,0.01521688,0.926
2024_02_12_20_37_37_687,0.3,0.0,114908.0,114908.0,47.95404,8.463005e-05,0.1359903,2.770567e-07,0.009084497,-4.175154e-05,0.93,-2.23379e-06,-2.394893e-05,5.601431e-06,-0.0007152557,-9.46992e-05,2.142042e-05,0.926
2024_02_12_20_37_37_724,0.3,0.0,114991.0,114991.0,47.98834,8.466163e-05,0.1359903,-6.429597e-08,0.009084437,-4.155131e-05,0.93,1.577169e-06,-4.593227e-05,3.619974e-06,0.004172325,0.0001307451,-0.003864057,0.926
2024_02_12_20_37_37_762,0.3,0.0,115075.0,115075.0,48.02357,8.470131e-05,0.1359903,-1.233174e-06,0.009084526,-4.093879e-05,0.93,-1.6754e-06,-3.560674e-05,1.22842e-06,-0.006139278,-9.539536e-05,0.01147389,0.926
2024_02_12_20_37_37_800,0.3,0.0,115157.0,115157.0,48.05787,8.474605e-05,0.1359903,-2.11909e-06,0.009084496,-3.938617e-05,0.93,1.266204e-06,-3.974862e-06,-2.605549e-06,-0.002741813,0.0001169944,0.007745809,0.926
2024_02_12_20_37_37_837,0.3,0.0,115241.0,115241.0,48.09309,8.477851e-05,0.1359903,-1.287519e-06,0.009084526,-3.803502e-05,0.93,2.30783e-05,-2.582895e-05,1.130904e-05,-0.01090765,2.84021e-05,0.0459617,0.926
2024_02_12_20_37_37_871,0.3,0.0,115315.0,115315.0,48.12368,8.481548e-05,0.1359904,-6.981579e-09,0.009084556,-3.719293e-05,0.93,-6.213574e-07,-4.080453e-05,1.587673e-06,0.006139278,-9.638523e-05,-4.56348e-05,0.926
2024_02_12_20_37_37_908,0.3,0.0,115399.0,115399.0,48.15891,8.48417e-05,0.1359903,4.68971e-07,0.009084526,-3.676304e-05,0.93,-3.786608e-06,-3.302039e-05,-1.364797e-06,-0.0001192093,-6.790549e-05,-0.00757724,0.926
2024_02_12_20_37_37_945,0.3,0.0,115481.0,115481.0,48.1932,8.489197e-05,0.1359903,-9.481554e-07,0.009084554,-3.468088e-05,0.93,3.482514e-06,-2.494593e-05,7.55568e-06,0.01168251,0.0002430975,-0.03425963,0.926
2024_02_12_20_37_37_979,0.3,0.0,115554.0,115554.0,48.22379,8.490725e-05,0.1359903,9.118815e-07,0.009084584,-3.768735e-05,0.93,-2.39016e-05,-2.992456e-05,-1.717385e-05,0.001966953,-0.0001571807,-0.01528393,0.926
2024_02_12_20_37_38_017,0.3,0.0,115639.0,115639.0,48.25902,8.493145e-05,0.1359903,-1.926583e-06,0.009084584,-3.885585e-05,0.93,4.056168e-05,-4.987502e-05,4.895646e-07,-0.007092952,-0.000136302,0.02297386,0.926
2024_02_12_20_37_38_050,0.3,0.0,115714.0,115714.0,48.29053,8.497233e-05,0.1359903,-4.43767e-07,0.009084554,-3.680137e-05,0.93,-8.864322e-07,-5.278378e-05,8.111855e-07,0.0008940696,-1.734747e-06,1.769513e-05,0.926
2024_02_12_20_37_38_087,0.3,0.0,115796.0,115796.0,48.32483,8.5024e-05,0.1359903,-1.769096e-06,0.009084586,-3.61237e-05,0.93,2.493104e-06,-2.953143e-05,-3.415935e-06,-0.00411272,-7.466269e-06,-0.007755123,0.926
2024_02_12_20_37_38_125,0.3,0.0,115880.0,115880.0,48.36006,8.503809e-05,0.1359903,-1.109887e-06,0.009084616,-4.119254e-05,0.93,1.838923e-05,-4.318138e-05,1.197614e-05,0.01251697,6.579909e-06,-0.04968419,0.926
2024_02_12_20_37_38_162,0.3,0.0,115963.0,115963.0,48.39436,8.504793e-05,0.1359903,-1.229569e-06,0.009084584,-4.142987e-05,0.93,-4.684096e-06,-3.693463e-05,-7.000407e-06,0.001370907,0.0001034182,-0.003771856,0.926
2024_02_12_20_37_38_200,0.3,0.0,116047.0,116047.0,48.42958,8.506433e-05,0.1359903,3.154856e-06,0.009084586,-4.197275e-05,0.93,-4.248037e-05,-2.097238e-05,-9.784155e-07,-0.001847744,-4.841439e-05,0.0153007,0.926
2024_02_12_20_37_38_237,0.3,0.0,116129.0,116129.0,48.46388,8.508426e-05,0.1359904,6.437425e-07,0.009084555,-4.591957e-05,0.93,-2.164842e-05,-4.058727e-05,-1.336824e-05,0.01639128,1.281171e-05,-0.03445987,0.926
2024_02_12_20_37_38_275,0.3,0.0,116213.0,116213.0,48.4991,8.511039e-05,0.1359903,-1.172778e-06,0.009084615,-4.586027e-05,0.93,-6.687516e-07,-3.523716e-05,-1.793652e-06,-0.006377697,8.669519e-05,0.03061257,0.926
2024_02_12_20_37_38_312,0.3,0.0,116295.0,116295.0,48.5334,8.513819e-05,0.1359903,8.545563e-07,0.009084555,-4.521407e-05,0.93,-2.275786e-06,-1.668539e-05,1.236215e-06,0.002682209,-8.982084e-06,-0.01518801,0.926
2024_02_12_20_37_38_349,0.3,0.0,116380.0,116380.0,48.56863,8.51912e-05,0.1359904,-3.836825e-07,0.009084645,-4.546232e-05,0.93,2.611487e-06,-3.276245e-05,1.658061e-06,-0.006973743,-0.0001895553,0.01524947,0.926
2024_02_12_20_37_38_388,0.3,0.0,116462.0,116462.0,48.60292,8.524141e-05,0.1359904,-1.344352e-06,0.009084585,-4.476465e-05,0.93,6.969678e-07,-6.467046e-05,-5.343894e-07,0.01209974,9.315806e-05,-0.03058091,0.926
2024_02_12_20_37_38_425,0.3,0.0,116544.0,116544.0,48.63722,8.528618e-05,0.1359903,5.536562e-07,0.009084526,-4.597417e-05,0.93,9.758982e-07,-5.091955e-05,2.320972e-06,-0.01001358,-1.257695e-05,0.03054645,0.926
2024_02_12_20_37_38_463,0.3,0.0,116628.0,116628.0,48.67245,8.533058e-05,0.1359904,4.526956e-08,0.009084586,-4.555959e-05,0.93,-2.314497e-05,-3.818815e-05,1.014345e-05,-0.01060963,2.048324e-05,0.02671405,0.926
2024_02_12_20_37_38_500,0.3,0.0,116710.0,116710.0,48.70675,8.534814e-05,0.1359903,5.543329e-07,0.009084497,-4.64219e-05,0.93,-4.538549e-06,-4.793621e-05,-1.953497e-07,0.01353025,0.0001056336,-0.02301018,0.926
2024_02_12_20_37_38_537,0.3,0.0,116795.0,116795.0,48.74197,8.536978e-05,0.1359903,-3.074229e-07,0.009084497,-4.859029e-05,0.93,-1.155175e-06,-3.325085e-05,1.973993e-06,-0.0002980232,-4.390312e-05,2.793968e-05,0.926
2024_02_12_20_37_38_574,0.3,0.0,116877.0,116877.0,48.77627,8.539508e-05,0.1359903,-2.045589e-06,0.009084555,-4.894837e-05,0.93,1.693262e-07,-2.892168e-05,4.683289e-06,0.001430511,0.0001274944,0.003959052,0.926
2024_02_12_20_37_38_612,0.3,0.0,116961.0,116961.0,48.81149,8.543392e-05,0.1359903,-3.058529e-07,0.009084554,-4.815255e-05,0.93,-2.107378e-06,-7.234401e-05,2.364792e-07,-0.008165836,1.510301e-05,0.00759121,0.926
2024_02_12_20_37_38_650,0.3,0.0,117043.0,117043.0,48.84579,8.547121e-05,0.1359904,-2.360793e-06,0.009084615,-4.785506e-05,0.93,1.922192e-05,-9.145919e-05,1.661313e-05,0.003397465,-0.000139184,-0.01154747,0.926
2024_02_12_20_37_38_687,0.3,0.0,117128.0,117128.0,48.88102,8.550203e-05,0.1359903,-1.439444e-06,0.009084495,-4.697707e-05,0.93,2.142699e-05,-3.875383e-05,-5.702372e-06,0.008165836,-5.887915e-05,-0.003942288,0.926
2024_02_12_20_37_38_725,0.3,0.0,117210.0,117210.0,48.91531,8.552882e-05,0.1359903,-7.837447e-07,0.009084526,-4.855076e-05,0.93,2.065717e-05,-3.785504e-05,1.291068e-05,-0.003814697,2.194991e-05,-0.003864057,0.926
2024_02_12_20_37_38_762,0.3,0.0,117294.0,117294.0,48.95054,8.555689e-05,0.1359903,-3.855309e-07,0.009084556,-4.75676e-05,0.93,1.726368e-06,-2.935567e-05,2.547636e-06,-0.01478195,9.871547e-05,0.05737692,0.926
2024_02_12_20_37_38_799,0.3,0.0,117376.0,117376.0,48.98484,8.559776e-05,0.1359903,-7.984535e-07,0.009084526,-4.733769e-05,0.93,2.675509e-06,-5.598859e-05,-2.121392e-07,0.0115037,-0.0001162561,-0.03057718,0.926
2024_02_12_20_37_38_834,0.3,0.0,117449.0,117449.0,49.01543,8.563526e-05,0.1359903,-1.248359e-07,0.009084554,-4.739883e-05,0.93,2.864791e-06,-4.144852e-05,3.300155e-06,-0.0002384186,0.0001103996,0.01156237,0.926
2024_02_12_20_37_38_870,0.3,0.0,117534.0,117534.0,49.05065,8.564907e-05,0.1359903,-1.431245e-06,0.009084526,-4.902645e-05,0.93,2.253332e-05,-3.587258e-05,-1.09531e-05,0.003874302,-1.095992e-05,-0.01915265,0.926
2024_02_12_20_37_38_904,0.3,0.0,117607.0,117607.0,49.08124,8.567529e-05,0.1359903,-1.342547e-06,0.009084497,-4.822229e-05,0.93,1.996194e-06,-2.885253e-05,-2.771484e-07,-0.002026558,0.0003524534,9.313226e-06,0.926
2024_02_12_20_37_38_943,0.3,0.0,117691.0,117691.0,49.11647,8.568844e-05,0.1359903,1.436619e-07,0.009084554,-5.060596e-05,0.93,1.627564e-06,-4.487583e-05,5.444366e-06,-0.007867813,5.66601e-05,-0.01150928,0.926
2024_02_12_20_37_38_978,0.3,0.0,117774.0,117773.0,49.15076,8.573488e-05,0.1359903,6.207956e-08,0.009084584,-4.846687e-05,0.93,2.24723e-06,-5.508182e-05,-9.250168e-08,0.001728535,-0.0003423604,3.632158e-05,0.926
2024_02_12_20_37_39_016,0.3,0.0,117858.0,117858.0,49.18599,8.576579e-05,0.1359903,-2.603248e-06,0.009084526,-4.956122e-05,0.93,2.220937e-05,-3.465062e-05,1.523909e-05,0.008404255,4.225433e-05,-0.02684537,0.926
2024_02_12_20_37_39_053,0.3,0.0,117940.0,117940.0,49.22029,8.580433e-05,0.1359903,-2.508253e-07,0.009084584,-4.879514e-05,0.93,4.159229e-06,-3.87027e-05,-9.57906e-07,-0.003457069,-3.446814e-05,-0.01158193,0.926
2024_02_12_20_37_39_088,0.3,0.0,118015.0,118015.0,49.2518,8.583251e-05,0.1359904,4.597289e-07,0.009084526,-4.926049e-05,0.93,1.243716e-06,-4.113254e-05,1.387145e-06,0.006794929,2.856359e-05,-0.007871538,0.926
2024_02_12_20_37_39_120,0.3,0.0,118089.0,118089.0,49.28239,8.587316e-05,0.1359903,5.598286e-07,0.009084584,-4.718477e-05,0.93,2.105819e-05,-6.271447e-05,-9.264769e-06,-0.007688999,-0.0003020313,0.003768131,0.926
2024_02_12_20_37_39_157,0.3,0.0,118171.0,118171.0,49.31669,8.589106e-05,0.1359903,-7.112178e-07,0.009084554,-4.713051e-05,0.93,-1.57792e-07,-5.750545e-05,4.364187e-06,0.002682209,-0.0001765219,-0.003779307,0.926
2024_02_12_20_37_39_196,0.3,0.0,118255.0,118255.0,49.35192,8.591168e-05,0.1359903,6.151323e-07,0.009084526,-4.813419e-05,0.93,-2.204927e-05,-1.773893e-05,-1.395179e-05,-0.0009536743,-0.0001678156,-0.007666647,0.926
2024_02_12_20_37_39_228,0.3,0.0,118328.0,118328.0,49.38251,8.593415e-05,0.1359903,1.476086e-07,0.009084584,-4.886503e-05,0.93,4.581705e-07,-1.490577e-05,2.652556e-06,0.01555681,-0.0003359204,-0.03423728,0.926
2024_02_12_20_37_39_262,0.3,0.0,118404.0,118404.0,49.41402,8.594435e-05,0.1359904,6.364045e-07,0.009084645,-5.125157e-05,0.93,-9.173172e-07,-3.986247e-05,-2.841184e-06,0.003874302,1.743103e-05,0.01533423,0.926
2024_02_12_20_37_39_296,0.3,0.0,118477.0,118477.0,49.44461,8.59869e-05,0.1359903,-2.084757e-06,0.009084526,-4.908195e-05,0.93,5.788794e-06,-2.320817e-05,2.110904e-06,0.01180172,4.653293e-05,-0.02277829,0.926
2024_02_12_20_37_39_333,0.3,0.0,118559.0,118559.0,49.47891,8.60521e-05,0.1359903,-1.192256e-06,0.009084584,-4.757877e-05,0.93,-1.622138e-05,-4.161832e-05,-1.449819e-05,-0.007092952,7.53202e-05,-0.003952533,0.926
2024_02_12_20_37_39_370,0.3,0.0,118643.0,118643.0,49.51414,8.609269e-05,0.1359903,-1.749821e-07,0.009084584,-4.838874e-05,0.93,-2.765287e-06,-4.189823e-06,3.736773e-06,0.005483627,5.648525e-05,-0.007469207,0.926
2024_02_12_20_37_39_407,0.3,0.0,118726.0,118726.0,49.54844,8.61259e-05,0.1359902,-1.668791e-07,0.009084554,-4.816526e-05,0.93,1.507803e-06,-4.177081e-05,6.295632e-07,-0.001728535,-0.0001126359,0.01541525,0.926
2024_02_12_20_37_39_445,0.3,0.0,118810.0,118810.0,49.58366,8.613299e-05,0.1359903,3.716418e-07,0.009084526,-5.011383e-05,0.93,-4.276735e-07,-4.697547e-05,1.927968e-07,0.00578165,-3.091892e-05,-0.01532305,0.926
2024_02_12_20_37_39_479,0.3,0.0,118883.0,118883.0,49.61425,8.617119e-05,0.1359903,-2.487227e-06,0.009084584,-4.962489e-05,0.93,4.24475e-06,-3.495354e-05,4.313553e-06,-0.005722045,0.0002761791,0.01538731,0.926
2024_02_12_20_37_39_516,0.3,0.0,118967.0,118967.0,49.64948,8.620429e-05,0.1359903,2.305801e-06,0.009084526,-4.992662e-05,0.93,-3.190085e-06,-3.405568e-05,-1.26599e-06,0.01049042,1.279596e-05,-0.0229096,0.926
2024_02_12_20_37_39_553,0.3,0.0,119050.0,119050.0,49.68377,8.622046e-05,0.1359903,-1.59317e-06,0.009084495,-5.131339e-05,0.93,2.124114e-05,-2.749567e-05,1.077258e-05,0.001728535,3.091133e-05,-0.01914706,0.926
2024_02_12_20_37_39_592,0.3,0.0,119134.0,119134.0,49.719,8.628554e-05,0.1359903,-6.684995e-07,0.009084497,-4.965749e-05,0.93,1.027055e-06,-3.464511e-05,-7.232448e-07,-0.01484156,-3.724716e-05,0.03048591,0.926
2024_02_12_20_37_39_624,0.3,0.0,119207.0,119207.0,49.74959,8.632133e-05,0.1359903,-1.358839e-06,0.009084467,-4.818401e-05,0.93,-9.279913e-07,-1.25307e-05,1.69927e-07,-0.012815,4.788339e-05,0.05361624,0.926
2024_02_12_20_37_39_658,0.3,0.0,119280.0,119280.0,49.78018,8.634433e-05,0.1359903,-8.841138e-07,0.009084466,-4.816185e-05,0.93,1.97405e-05,-5.409438e-05,1.384422e-05,0.003576278,-7.678736e-05,0.01139659,0.926
2024_02_12_20_37_39_695,0.3,0.0,119365.0,119365.0,49.8154,8.637857e-05,0.1359903,6.312848e-07,0.009084467,-4.760717e-05,0.93,-4.006523e-05,-3.359739e-05,-6.117672e-06,0.008106232,-4.790291e-05,-0.0153482,0.926
2024_02_12_20_37_39_728,0.3,0.0,119438.0,119438.0,49.84599,8.64071e-05,0.1359903,6.096521e-07,0.009084526,-4.819341e-05,0.93,-1.501193e-06,-3.141382e-05,-8.189811e-07,-0.01740456,-0.0001038465,0.01902785,0.926
2024_02_12_20_37_39_767,0.3,0.0,119522.0,119522.0,49.88122,8.641201e-05,0.1359904,3.863707e-07,0.009084497,-4.907406e-05,0.93,-1.900916e-05,-5.873468e-05,-5.224585e-06,0.002801418,5.435015e-05,-0.003903173,0.926
2024_02_12_20_37_39_805,0.3,0.0,119604.0,119604.0,49.91552,8.643794e-05,0.1359903,-2.159715e-06,0.009084467,-4.993607e-05,0.93,2.097527e-05,-1.436808e-05,-3.269979e-06,0.00655651,7.504092e-05,-0.007543712,0.926
2024_02_12_20_37_39_837,0.3,0.0,119678.0,119678.0,49.94611,8.645522e-05,0.1359903,-4.33762e-07,0.009084554,-5.111885e-05,0.93,1.563449e-06,-6.488875e-05,7.359391e-07,-0.01126528,-0.000103944,0.02294034,0.926
2024_02_12_20_37_39_875,0.3,0.0,119762.0,119762.0,49.98133,8.650259e-05,0.1359903,-2.139405e-06,0.009084586,-5.051212e-05,0.93,3.536725e-06,-3.814308e-05,4.136897e-06,-0.007629394,6.82453e-05,0.03837328,0.926
2024_02_12_20_37_39_912,0.3,0.0,119844.0,119844.0,50.01563,8.654503e-05,0.1359903,2.03184e-07,0.009084586,-4.993784e-05,0.93,-9.033957e-07,-4.64619e-05,3.525133e-07,-0.001549721,2.917574e-06,0.01534726,0.926
2024_02_12_20_37_39_945,0.3,0.0,119920.0,119919.0,50.04715,8.657228e-05,0.1359903,-9.98705e-07,0.009084586,-5.085712e-05,0.93,2.173108e-05,-3.126906e-05,-9.69654e-06,0.004410744,-9.706025e-05,-0.04202127,0.926
2024_02_12_20_37_39_982,0.3,0.0,120002.0,120002.0,50.08144,8.662748e-05,0.1359904,-7.160298e-07,0.009084615,-4.796014e-05,0.93,2.297534e-05,-5.120287e-05,-7.622606e-06,0.004053116,-0.0001768034,-0.01922715,0.926
2024_02_12_20_37_40_020,0.3,0.0,120086.0,120086.0,50.11667,8.667035e-05,0.1359903,7.084975e-07,0.009084586,-4.731167e-05,0.93,-1.843374e-05,-3.951499e-05,-1.353215e-05,-0.003933907,-5.936374e-05,0.01152791,0.926
2024_02_12_20_37_40_058,0.3,0.0,120168.0,120168.0,50.15097,8.670618e-05,0.1359904,1.176532e-07,0.009084644,-4.825484e-05,0.93,-4.108027e-05,-4.732406e-05,-6.392992e-06,-0.002861023,6.96985e-05,-0.01539849,0.926
2024_02_12_20_37_40_094,0.3,0.0,120252.0,120252.0,50.18619,8.674575e-05,0.1359903,1.534231e-06,0.009084616,-4.807166e-05,0.93,-1.682e-05,-5.093412e-05,-1.31821e-05,-0.0002980232,0.0003048046,-0.003821216,0.926
2024_02_12_20_37_40_133,0.3,0.0,120335.0,120334.0,50.22049,8.678239e-05,0.1359903,5.953378e-07,0.009084614,-5.143601e-05,0.93,1.923489e-05,-3.025508e-05,1.071789e-05,0.003159046,-0.0003397753,0.01922715,0.926
2024_02_12_20_37_40_166,0.3,0.0,120410.0,120410.0,50.25201,8.680818e-05,0.1359903,5.959828e-07,0.009084644,-4.94583e-05,0.93,-2.190408e-07,-4.936492e-05,-4.081264e-08,0.0002980232,1.274026e-05,-2.700835e-05,0.926
2024_02_12_20_37_40_203,0.3,0.0,120492.0,120492.0,50.2863,8.683185e-05,0.1359904,-1.403479e-06,0.009084526,-5.043957e-05,0.93,2.354117e-05,-1.794651e-05,1.020848e-05,0.0005364418,4.54603e-05,-0.007595866,0.926
2024_02_12_20_37_40_241,0.3,0.0,120576.0,120576.0,50.32153,8.684267e-05,0.1359903,-9.464892e-08,0.009084585,-5.126156e-05,0.93,-2.564505e-05,-3.095199e-05,4.675526e-06,0.006437301,-4.305036e-05,-0.01521315,0.926
2024_02_12_20_37_40_279,0.3,0.0,120659.0,120659.0,50.35583,8.685111e-05,0.1359903,3.907085e-07,0.009084614,-5.188134e-05,0.93,1.535295e-06,-4.261026e-05,3.388018e-07,-0.007152557,0.0002949538,0.01144037,0.926
2024_02_12_20_37_40_316,0.3,0.0,120743.0,120743.0,50.39105,8.689893e-05,0.1359902,-2.667231e-07,0.009084497,-5.082711e-05,0.93,8.98362e-07,-4.910646e-05,3.778379e-06,-0.005662441,-9.617076e-05,-0.01538359,0.926
2024_02_12_20_37_40_348,0.3,0.0,120816.0,120816.0,50.42164,8.693133e-05,0.1359903,1.335359e-06,0.009084556,-5.078315e-05,0.93,1.18155e-06,-3.645291e-05,3.736402e-06,-0.009417534,-0.000187129,0.02298411,0.926
2024_02_12_20_37_40_383,0.3,0.0,120889.0,120889.0,50.45223,8.694878e-05,0.1359903,4.921607e-07,0.009084496,-5.061022e-05,0.93,1.635392e-06,-3.142894e-05,-7.854792e-07,-0.002562999,-3.637962e-05,-0.007727183,0.926
2024_02_12_20_37_40_420,0.3,0.0,120974.0,120974.0,50.48746,8.6981e-05,0.1359903,-1.057101e-06,0.009084554,-5.164446e-05,0.93,-2.035534e-05,-6.765101e-05,-1.361958e-05,0.001549721,0.0001885467,2.700835e-05,0.926
2024_02_12_20_37_40_453,0.3,0.0,121047.0,121047.0,50.51805,8.701353e-05,0.1359902,6.966542e-08,0.009084526,-5.230386e-05,0.93,2.782627e-06,-4.901951e-05,-2.928253e-06,0.002741813,2.375958e-05,0.003934838,0.926
2024_02_12_20_37_40_491,0.3,0.0,121131.0,121131.0,50.55327,8.703976e-05,0.1359903,-7.922074e-07,0.009084554,-5.367183e-05,0.93,2.151075e-05,-3.516468e-05,1.285766e-05,0.0007152557,0.0002576964,3.911554e-05,0.926
2024_02_12_20_37_40_529,0.3,0.0,121213.0,121213.0,50.58757,8.707084e-05,0.1359903,9.423151e-08,0.009084555,-5.364112e-05,0.93,2.391611e-05,-6.704463e-05,-5.371382e-06,0.007927418,-3.264586e-05,-0.01533702,0.926
2024_02_12_20_37_40_561,0.3,0.0,121287.0,121287.0,50.61816,8.71065e-05,0.1359904,1.448955e-06,0.009084467,-5.362996e-05,0.93,-1.858672e-05,6.845508e-06,-1.870667e-05,-0.009179115,0.0001912355,0.007553026,0.926
2024_02_12_20_37_40_599,0.3,0.0,121371.0,121371.0,50.65339,8.715299e-05,0.1359903,-1.963083e-07,0.009084526,-5.267109e-05,0.93,8.958563e-07,-4.261753e-05,5.634326e-06,0.01108646,0.0001268819,-0.01147389,0.926
2024_02_12_20_37_40_633,0.3,0.0,121444.0,121444.0,50.68398,8.718557e-05,0.1359903,3.356326e-07,0.009084467,-5.175487e-05,0.93,-5.881692e-07,-5.796438e-05,4.341746e-06,0.01972914,-0.0001891498,-0.06119627,0.926
2024_02_12_20_37_40_668,0.3,0.0,121520.0,121520.0,50.71549,8.719938e-05,0.1359903,-1.965678e-06,0.009084496,-5.338284e-05,0.93,1.961566e-05,-5.853505e-05,9.00042e-06,0.01317263,1.113415e-05,-0.03066938,0.926
2024_02_12_20_37_40_703,0.3,0.0,121602.0,121602.0,50.74979,8.72135e-05,0.1359903,3.340588e-08,0.009084554,-5.340293e-05,0.93,-1.478597e-06,-3.259198e-05,1.657397e-06,-0.0007748603,-0.0001120414,9.872019e-05,0.926
2024_02_12_20_37_40_741,0.3,0.0,121686.0,121686.0,50.78502,8.725918e-05,0.1359903,-2.721782e-06,0.009084496,-5.422672e-05,0.93,5.996035e-06,-6.082006e-05,2.414775e-06,0.009536743,0.000174842,-0.03067776,0.926
2024_02_12_20_37_40_778,0.3,0.0,121768.0,121768.0,50.81931,8.731788e-05,0.1359903,-1.280553e-06,0.009084526,-5.37099e-05,0.93,-1.510598e-06,-2.659347e-05,-2.58409e-06,-0.0191927,-0.0001646955,0.04189927,0.926
2024_02_12_20_37_40_815,0.3,0.0,121850.0,121850.0,50.85361,8.734388e-05,0.1359903,7.735606e-07,0.009084466,-5.386816e-05,0.93,-9.730475e-07,-2.54699e-05,8.189954e-07,0.001311302,-7.351332e-06,-0.01537707,0.926
2024_02_12_20_37_40_849,0.3,0.0,121926.0,121926.0,50.88513,8.736866e-05,0.1359903,-1.263252e-06,0.009084584,-5.403082e-05,0.93,2.316998e-06,-3.665452e-05,-4.349276e-06,-0.01066923,0.0002765275,0.02293289,0.926
2024_02_12_20_37_40_887,0.3,0.0,122008.0,122008.0,50.91943,8.742675e-05,0.1359904,-2.222476e-06,0.009084497,-5.356576e-05,0.93,3.925704e-06,-4.70677e-05,1.438854e-06,0.001251697,0.0001691002,-0.0001639128,0.926
2024_02_12_20_37_40_920,0.3,0.0,122083.0,122083.0,50.95094,8.74495e-05,0.1359903,-1.870885e-07,0.009084676,-5.481635e-05,0.93,1.983754e-05,-3.772707e-05,1.73537e-05,0.005364418,-9.314237e-05,-0.003726221,0.926
2024_02_12_20_37_40_958,0.3,0.0,122165.0,122165.0,50.98524,8.747815e-05,0.1359904,5.851032e-07,0.009084676,-5.501961e-05,0.93,-2.009454e-05,-4.184434e-05,1.071074e-05,0.004887581,-7.571589e-05,0.01151953,0.926
2024_02_12_20_37_40_995,0.3,0.0,122250.0,122250.0,51.02047,8.751833e-05,0.1359903,7.051179e-07,0.009084584,-5.613215e-05,0.93,-1.281559e-06,-3.846049e-05,-7.315674e-07,-0.01400709,0.0001389827,0.04591141,0.926
2024_02_12_20_37_41_028,0.3,0.0,122323.0,122323.0,51.05106,8.754224e-05,0.1359904,-1.724486e-07,0.009084645,-5.677898e-05,0.93,-9.135881e-07,-1.829439e-05,-1.683869e-06,-0.01221895,-1.635823e-05,0.03056973,0.926
2024_02_12_20_37_41_066,0.3,0.0,122405.0,122405.0,51.08535,8.757319e-05,0.1359904,-1.590993e-06,0.009084645,-5.803776e-05,0.93,8.723964e-07,-2.446511e-05,-3.199561e-08,0.002384186,0.000166363,0.01541618,0.926
2024_02_12_20_37_41_103,0.3,0.0,122489.0,122489.0,51.12058,8.763618e-05,0.1359902,-5.517304e-08,0.009084554,-5.45481e-05,0.93,4.305261e-07,-5.132447e-05,6.110701e-06,-0.006318092,-0.0001047336,-0.0153156,0.926
2024_02_12_20_37_41_140,0.3,0.0,122571.0,122571.0,51.15488,8.765661e-05,0.1359903,2.097059e-07,0.009084584,-5.823051e-05,0.93,-4.965045e-07,-5.220499e-05,-3.36982e-06,-0.0001788139,-0.0001590989,5.122274e-05,0.926
2024_02_12_20_37_41_178,0.3,0.0,122656.0,122656.0,51.1901,8.768247e-05,0.1359903,-1.245639e-06,0.009084554,-6.043244e-05,0.93,2.097694e-05,-4.61375e-05,1.316161e-05,-0.0004172325,2.446075e-05,0.003832392,0.926
2024_02_12_20_37_41_212,0.3,0.0,122729.0,122729.0,51.22069,8.772698e-05,0.1359904,6.053548e-07,0.009084526,-5.914337e-05,0.93,-1.090231e-07,-1.755566e-05,-1.558399e-06,0.002622604,2.682213e-05,-0.0152709,0.926
2024_02_12_20_37_41_245,0.3,0.0,122805.0,122805.0,51.25221,8.777325e-05,0.1359903,-1.767652e-08,0.009084584,-5.80406e-05,0.93,-1.74617e-05,-3.772633e-05,7.132835e-06,0.001609325,2.829182e-05,0.003938563,0.926
2024_02_12_20_37_41_282,0.3,0.0,122887.0,122887.0,51.28651,8.783203e-05,0.1359904,-1.409838e-06,0.009084585,-5.954856e-05,0.93,-1.143302e-06,-7.875756e-05,2.339575e-07,0.0166893,-0.0001557964,-0.05744397,0.926
2024_02_12_20_37_41_320,0.3,0.0,122971.0,122971.0,51.32173,8.787147e-05,0.1359903,-1.223643e-06,0.009084556,-5.875646e-05,0.93,2.092584e-05,-7.452936e-06,1.600455e-05,-0.01835823,0.0001843886,0.04584808,0.926
2024_02_12_20_37_41_358,0.3,0.0,123054.0,123054.0,51.35603,8.789277e-05,0.1359903,9.551131e-07,0.009084526,-6.001724e-05,0.93,-2.139435e-05,-2.991531e-05,-1.540377e-05,0.008940697,7.134349e-05,-0.01907814,0.926
2024_02_12_20_37_41_395,0.3,0.0,123138.0,123138.0,51.39125,8.792137e-05,0.1359903,-6.862594e-07,0.009084526,-6.058832e-05,0.93,-8.589191e-07,-2.945166e-05,1.244028e-07,0.002503395,4.360214e-05,0.007686205,0.926
2024_02_12_20_37_41_432,0.3,0.0,123221.0,123221.0,51.42555,8.79492e-05,0.1359904,-1.723482e-06,0.009084586,-6.095739e-05,0.93,3.042864e-06,-1.095184e-05,-1.209754e-06,0.003814697,2.575791e-05,0.01540966,0.926
2024_02_12_20_37_41_466,0.3,0.0,123294.0,123294.0,51.45614,8.799537e-05,0.1359903,-1.920875e-07,0.009084497,-6.160828e-05,0.93,1.792786e-07,-1.892487e-05,-2.865034e-07,0.01531839,-0.000133546,-0.03058556,0.926
2024_02_12_20_37_41_503,0.3,0.0,123379.0,123379.0,51.49137,8.804257e-05,0.1359903,-1.039587e-06,0.009084555,-6.380412e-05,0.93,2.143118e-05,-6.504744e-05,1.567064e-05,-0.0005960464,0.0001460817,-0.007765367,0.926
2024_02_12_20_37_41_541,0.3,0.0,123461.0,123461.0,51.52567,8.808919e-05,0.1359903,-1.566748e-07,0.009084496,-6.14297e-05,0.93,1.577347e-06,-2.347024e-05,5.343446e-06,-0.003814697,8.817983e-05,0.01153257,0.926
2024_02_12_20_37_41_578,0.3,0.0,123546.0,123546.0,51.56089,8.812243e-05,0.1359903,-9.150417e-07,0.009084407,-6.359845e-05,0.93,2.282306e-06,-2.336634e-05,-1.150011e-07,-0.01490116,-0.0001025874,0.03053713,0.926
2024_02_12_20_37_41_616,0.3,0.0,123628.0,123628.0,51.59519,8.816616e-05,0.1359903,-6.300138e-07,0.009084495,-6.35788e-05,0.93,-1.95236e-05,-3.494736e-05,-1.429908e-05,0.008285046,8.697315e-05,-0.0190828,0.926
2024_02_12_20_37_41_649,0.3,0.0,123704.0,123704.0,51.62671,8.819475e-05,0.1359902,-5.667363e-08,0.009084526,-6.515785e-05,0.93,-1.985201e-05,-4.315356e-05,9.530811e-06,-0.01060963,7.510846e-05,0.02674293,0.926
2024_02_12_20_37_41_686,0.3,0.0,123786.0,123786.0,51.661,8.824466e-05,0.1359902,6.01125e-07,0.009084435,-6.535248e-05,0.93,3.678684e-07,-2.34039e-05,4.712824e-06,-0.007152557,-3.559262e-05,0.01518056,0.926
2024_02_12_20_37_41_720,0.3,0.0,123862.0,123862.0,51.69252,8.827921e-05,0.1359903,1.382251e-07,0.009084644,-6.414644e-05,0.93,2.088748e-05,-3.852272e-05,-4.180497e-06,0.00667572,-0.0001699725,-0.01135748,0.926
2024_02_12_20_37_41_757,0.3,0.0,123944.0,123944.0,51.72682,8.833203e-05,0.1359904,-1.224495e-06,0.009084644,-6.472544e-05,0.93,3.841863e-06,-3.425076e-05,-1.677747e-06,0.002920627,-9.03575e-05,-0.0153156,0.926
2024_02_12_20_37_41_795,0.3,0.0,124029.0,124029.0,51.76204,8.838527e-05,0.1359903,-1.640127e-06,0.009084554,-6.527594e-05,0.93,-3.321441e-07,-5.351516e-05,-8.299257e-07,0.002920627,8.341095e-05,0.0,0.926
2024_02_12_20_37_41_832,0.3,0.0,124111.0,124111.0,51.79634,8.845546e-05,0.1359903,1.095739e-06,0.009084554,-6.508092e-05,0.93,-1.920228e-06,-4.715305e-05,1.986923e-06,0.005304813,-0.000203238,-0.01526996,0.926
2024_02_12_20_37_41_870,0.3,0.0,124196.0,124196.0,51.83157,8.849047e-05,0.1359904,1.412227e-06,0.009084645,-6.511034e-05,0.93,-2.037623e-05,-2.749428e-05,-7.665415e-06,-0.01698732,0.0002643796,0.04575494,0.926
2024_02_12_20_37_41_907,0.3,0.0,124278.0,124278.0,51.86586,8.853835e-05,0.1359904,4.856642e-07,0.009084645,-6.631101e-05,0.93,4.587423e-07,-2.895611e-05,1.50442e-06,-0.006973743,2.100899e-05,0.01525041,0.926
2024_02_12_20_37_41_945,0.3,0.0,124363.0,124363.0,51.90109,8.858173e-05,0.1359903,-6.000246e-07,0.009084615,-6.945759e-05,0.93,-1.818183e-05,-3.864291e-05,1.230915e-05,0.01090765,-0.000187399,-0.003847293,0.926
2024_02_12_20_37_41_982,0.3,0.0,124445.0,124445.0,51.93539,8.863306e-05,0.1359904,6.188773e-07,0.009084556,-6.782203e-05,0.93,-4.385711e-06,-4.82702e-05,-6.060509e-06,0.009953975,0.0001234708,-0.007804483,0.926
2024_02_12_20_37_42_016,0.3,0.0,124519.0,124519.0,51.96598,8.869481e-05,0.1359903,-1.490688e-06,0.009084584,-6.477416e-05,0.93,1.294756e-06,-3.677564e-05,5.076632e-06,0.007688999,-0.0001498064,-0.0113761,0.926
2024_02_12_20_37_42_053,0.3,0.0,124603.0,124603.0,52.0012,8.874565e-05,0.1359903,2.189097e-07,0.009084584,-6.244518e-05,0.93,-7.774881e-07,-5.360308e-05,-1.760095e-06,-0.0004768371,2.222066e-05,-0.003777444,0.926
2024_02_12_20_37_42_090,0.3,0.0,124686.0,124686.0,52.0355,8.875866e-05,0.1359903,9.278403e-07,0.009084556,-6.377267e-05,0.93,1.963267e-05,-4.273734e-05,1.088213e-05,-0.01442432,-6.854628e-05,0.02292823,0.926
2024_02_12_20_37_42_124,0.3,0.0,124761.0,124761.0,52.06702,8.879329e-05,0.1359902,-7.762536e-07,0.009084554,-6.392632e-05,0.93,3.91259e-06,-1.969892e-05,1.514052e-06,0.00411272,-0.0001011064,0.007885508,0.926
2024_02_12_20_37_42_162,0.3,0.0,124844.0,124844.0,52.10131,8.887073e-05,0.1359903,9.109773e-07,0.009084556,-6.092291e-05,0.93,-1.916341e-05,-3.564429e-05,-8.220834e-06,0.007212162,0.0001460357,-0.02290867,0.926
2024_02_12_20_37_42_199,0.3,0.0,124928.0,124928.0,52.13654,8.887835e-05,0.1359902,1.160057e-07,0.009084526,-6.688215e-05,0.93,2.185352e-05,-5.020164e-05,9.204854e-06,-0.000834465,-0.0003017515,0.00394322,0.926
2024_02_12_20_37_42_236,0.3,0.0,125011.0,125011.0,52.17084,8.891771e-05,0.1359903,-3.09483e-07,0.009084554,-6.524238e-05,0.93,9.74811e-08,-5.229521e-05,7.177321e-07,0.004470348,0.0001233567,-0.04210788,0.926
2024_02_12_20_37_42_270,0.3,0.0,125084.0,125084.0,52.20143,8.895436e-05,0.1359903,-1.012593e-06,0.009084586,-6.71766e-05,0.93,1.913819e-05,-1.243758e-05,1.081386e-05,-0.01186132,-0.0004209516,0.05364325,0.926
2024_02_12_20_37_42_307,0.3,0.0,125169.0,125169.0,52.23665,8.897685e-05,0.1359904,3.238184e-07,0.009084614,-6.729559e-05,0.93,-3.570165e-06,-5.114096e-05,-3.239348e-06,-0.01448393,0.0001111076,0.0188956,0.926
2024_02_12_20_37_42_344,0.3,0.0,125251.0,125251.0,52.27095,8.903669e-05,0.1359903,2.755248e-07,0.009084497,-6.420752e-05,0.93,-1.821999e-05,3.340944e-06,-1.12601e-05,-0.007927418,0.000133169,0.03825407,0.926
2024_02_12_20_37_42_382,0.3,0.0,125336.0,125336.0,52.30618,8.907234e-05,0.1359904,-6.434243e-07,0.009084526,-6.698982e-05,0.93,1.517443e-06,-5.415846e-05,2.259505e-06,-0.0001192093,0.0001522812,-0.0002710149,0.926
2024_02_12_20_37_42_420,0.3,0.0,125418.0,125418.0,52.34047,8.913908e-05,0.1359904,-1.689592e-06,0.009084497,-6.616247e-05,0.93,4.684829e-07,-8.043403e-05,-1.749359e-06,0.009179115,0.0001374408,-0.007732771,0.926
2024_02_12_20_37_42_457,0.3,0.0,125503.0,125503.0,52.3757,8.918426e-05,0.1359903,-2.511334e-06,0.009084437,-6.521237e-05,0.93,2.203707e-06,-1.539663e-05,-6.346308e-06,-0.001847744,7.023243e-05,-0.007644295,0.926
2024_02_12_20_37_42_495,0.3,0.0,125585.0,125585.0,52.41,8.92738e-05,0.1359902,-5.464495e-07,0.009084465,-6.317071e-05,0.93,8.915908e-07,-4.619469e-05,3.389804e-06,-0.0005364418,0.0001762752,-0.01141801,0.926
2024_02_12_20_37_42_532,0.3,0.0,125670.0,125670.0,52.44522,8.931606e-05,0.1359903,-1.178315e-06,0.009084467,-6.405904e-05,0.93,-2.60623e-06,-5.347923e-05,-7.071172e-06,0.007748603,0.0002145009,-0.0191899,0.926
2024_02_12_20_37_42_570,0.3,0.0,125752.0,125752.0,52.47952,8.936882e-05,0.1359903,-4.039114e-07,0.009084555,-6.469254e-05,0.93,-2.127135e-05,-6.87096e-05,9.528822e-06,0.01448393,-5.148888e-05,-0.04207715,0.926
2024_02_12_20_37_42_608,0.3,0.0,125837.0,125837.0,52.51474,8.943046e-05,0.1359903,-1.264097e-06,0.009084435,-6.472645e-05,0.93,1.500399e-06,-2.78726e-05,-9.35059e-07,-0.0009536743,-1.134742e-05,-0.01159869,0.926
2024_02_12_20_37_42_640,0.3,0.0,125910.0,125910.0,52.54533,8.9475e-05,0.1359903,3.169598e-07,0.009084467,-6.609916e-05,0.93,-8.019077e-08,-3.741431e-05,-1.821873e-06,-0.0002384186,4.709636e-05,-0.00755582,0.926
2024_02_12_20_37_42_678,0.3,0.0,125995.0,125995.0,52.58056,8.952909e-05,0.1359904,-2.044115e-06,0.009084526,-6.661266e-05,0.93,5.203432e-07,-3.274713e-05,9.54439e-07,0.0009536743,0.0003100788,-0.007919036,0.926
2024_02_12_20_37_42_711,0.3,0.0,126068.0,126068.0,52.61115,8.957556e-05,0.1359903,6.478396e-07,0.009084554,-6.768683e-05,0.93,-2.055506e-05,-3.195096e-05,5.100873e-06,-0.004768372,0.0001819868,0.0189906,0.926
2024_02_12_20_37_42_749,0.3,0.0,126153.0,126153.0,52.64637,8.962784e-05,0.1359904,-7.487036e-08,0.009084646,-6.847468e-05,0.93,-1.442157e-06,-7.415185e-05,3.696869e-06,0.005066394,-0.0001258437,-2.235174e-05,0.926
2024_02_12_20_37_42_787,0.3,0.0,126235.0,126235.0,52.68067,8.964403e-05,0.1359903,-1.200825e-06,0.009084554,-6.924353e-05,0.93,2.061449e-05,-4.273942e-05,-4.655015e-06,-0.002920627,8.790447e-05,-0.007716938,0.926
2024_02_12_20_37_42_824,0.3,0.0,126320.0,126320.0,52.7159,8.966627e-05,0.1359903,5.641074e-07,0.009084614,-7.171098e-05,0.93,-1.889032e-06,-3.734197e-05,-2.860781e-06,0.002562999,8.174362e-05,0.0077039,0.926
2024_02_12_20_37_42_862,0.3,0.0,126402.0,126402.0,52.75019,8.970516e-05,0.1359904,1.481923e-06,0.009084676,-7.216039e-05,0.93,-2.287379e-05,-3.15741e-05,-1.373364e-05,-0.004529953,8.664199e-05,0.003814697,0.926
2024_02_12_20_37_42_895,0.3,0.0,126476.0,126476.0,52.78078,8.97452e-05,0.1359903,-2.211511e-07,0.009084615,-7.300774e-05,0.93,-4.344063e-05,-3.047392e-05,-1.055819e-05,-0.006318092,-6.873836e-05,0.01536403,0.926
2024_02_12_20_37_42_932,0.3,0.0,126560.0,126560.0,52.81601,8.980351e-05,0.1359903,-6.342796e-09,0.009084616,-7.348785e-05,0.93,-1.295065e-06,-4.001696e-05,1.463214e-06,-0.005841255,-9.513467e-05,0.01525413,0.926
2024_02_12_20_37_42_966,0.3,0.0,126634.0,126634.0,52.8466,8.986191e-05,0.1359903,-5.725249e-07,0.009084614,-7.423331e-05,0.93,-1.917144e-05,-4.077758e-05,-1.246927e-05,-0.01394749,-4.06585e-05,0.03429409,0.926
2024_02_12_20_37_43_003,0.3,0.0,126719.0,126719.0,52.88182,8.993618e-05,0.1359902,-1.982139e-07,0.009084556,-7.364881e-05,0.93,-3.540501e-07,-3.252052e-05,-2.323121e-06,-0.005722045,-2.291062e-05,0.01529697,0.926
2024_02_12_20_37_43_037,0.3,0.0,126792.0,126792.0,52.91241,8.998636e-05,0.1359903,-4.199424e-07,0.009084644,-7.308534e-05,0.93,1.14876e-06,-3.863644e-05,-1.277228e-06,-0.002741813,0.0001297355,0.01536216,0.926
2024_02_12_20_37_43_069,0.3,0.0,126866.0,126866.0,52.943,9.002534e-05,0.1359903,-1.302587e-06,0.009084584,-7.393313e-05,0.93,1.94795e-05,-1.308701e-05,-9.465082e-06,-0.008821487,7.134661e-05,0.04214234,0.926
2024_02_12_20_37_43_107,0.3,0.0,126950.0,126950.0,52.97823,9.00786e-05,0.1359903,5.594398e-07,0.009084556,-7.393218e-05,0.93,-3.536858e-06,-1.008502e-05,-6.645119e-06,0.002205372,0.0002209711,0.007813796,0.926
2024_02_12_20_37_43_141,0.3,0.0,127024.0,127024.0,53.00882,9.014553e-05,0.1359904,-7.945227e-07,0.009084644,-7.166464e-05,0.93,-1.698408e-05,-6.88076e-05,-1.157111e-05,0.006794929,-0.0001500419,-0.01918152,0.926
2024_02_12_20_37_43_180,0.3,0.0,127108.0,127108.0,53.04404,9.020264e-05,0.1359903,6.643843e-07,0.009084497,-7.230502e-05,0.93,4.006253e-07,-7.747897e-05,7.441077e-07,0.00989437,-6.190214e-05,-0.03074948,0.926
2024_02_12_20_37_43_215,0.3,0.0,127191.0,127191.0,53.07834,9.02368e-05,0.1359903,8.593163e-07,0.009084556,-7.169965e-05,0.93,-4.152228e-06,-2.886195e-05,2.161779e-06,-0.006914138,-0.0001121335,0.03451481,0.926
2024_02_12_20_37_43_253,0.3,0.0,127275.0,127275.0,53.11357,9.027708e-05,0.1359903,7.924867e-07,0.009084554,-7.122302e-05,0.93,-2.214957e-05,-5.087395e-05,-1.483524e-05,0.008225441,0.0001744804,-0.04203431,0.926
2024_02_12_20_37_43_290,0.3,0.0,127358.0,127358.0,53.14787,9.031774e-05,0.1359903,-1.135584e-07,0.009084526,-7.309229e-05,0.93,-2.671328e-07,-4.274106e-05,2.71624e-06,0.005662441,-0.000145419,-0.01515355,0.926
2024_02_12_20_37_43_328,0.3,0.0,127442.0,127442.0,53.18309,9.038791e-05,0.1359903,-1.428581e-06,0.009084495,-7.372526e-05,0.93,-1.763015e-05,-2.832695e-05,-1.247501e-05,-0.000655651,0.0002086989,-0.01151301,0.926
2024_02_12_20_37_43_362,0.3,0.0,127516.0,127516.0,53.21368,9.043981e-05,0.1359903,2.687583e-07,0.009084467,-7.414111e-05,0.93,-3.630248e-06,-1.524608e-05,-6.265998e-07,-0.008642673,-1.267955e-05,0.007607042,0.926
2024_02_12_20_37_43_398,0.3,0.0,127598.0,127598.0,53.24798,9.047006e-05,0.1359904,1.461764e-06,0.009084585,-7.458009e-05,0.93,-2.170738e-05,-5.048495e-05,7.165602e-06,-0.0002384186,-7.816311e-05,0.003822148,0.926
2024_02_12_20_37_43_436,0.3,0.0,127683.0,127683.0,53.2832,9.05466e-05,0.1359903,-1.505699e-06,0.009084495,-7.129183e-05,0.93,2.086427e-05,-1.163246e-05,1.681033e-05,-0.009298325,-0.0002948315,0.01524854,0.926
2024_02_12_20_37_43_470,0.3,0.0,127756.0,127756.0,53.31379,9.061227e-05,0.1359903,3.453931e-07,0.009084466,-6.88338e-05,0.93,4.377022e-08,-4.800661e-05,-3.017939e-06,0.01430511,3.13488e-05,-0.04596542,0.926
2024_02_12_20_37_43_507,0.3,0.0,127841.0,127841.0,53.34902,9.065469e-05,0.1359903,8.477342e-07,0.009084467,-6.94777e-05,0.93,-2.253407e-06,-3.248856e-05,-1.263089e-06,0.001728535,4.612502e-06,0.01538265,0.926
2024_02_12_20_37_43_540,0.3,0.0,127914.0,127914.0,53.37961,9.069136e-05,0.1359903,1.960195e-07,0.009084407,-7.046868e-05,0.93,-2.977899e-07,-3.041205e-05,-1.16798e-06,0.003397465,6.102538e-05,-0.007655471,0.926
2024_02_12_20_37_43_578,0.3,0.0,127999.0,127999.0,53.41483,9.074344e-05,0.1359904,5.25866e-07,0.009084526,-7.164114e-05,0.93,-1.194045e-06,-5.851142e-05,5.889481e-08,0.002026558,2.105628e-05,-0.0001713633,0.926
2024_02_12_20_37_43_612,0.3,0.0,128072.0,128072.0,53.44542,9.07844e-05,0.1359904,-1.148248e-06,0.009084585,-7.171043e-05,0.93,1.661944e-06,-7.038661e-05,2.690024e-06,-0.008046627,-0.0001097618,0.007477588,0.926
2024_02_12_20_37_43_649,0.3,0.0,128155.0,128155.0,53.47972,9.08256e-05,0.1359904,-9.085778e-07,0.009084556,-7.17652e-05,0.93,1.820656e-05,-3.099724e-05,-5.206175e-06,-0.017941,6.085366e-05,0.03437232,0.926
2024_02_12_20_37_43_683,0.3,0.0,128230.0,128230.0,53.51124,9.087347e-05,0.1359904,1.692601e-06,0.009084526,-7.244958e-05,0.93,-2.354843e-05,-2.04239e-05,4.91719e-06,-0.01633167,1.272804e-05,0.04586577,0.926
2024_02_12_20_37_43_722,0.3,0.0,128313.0,128313.0,53.54554,9.091574e-05,0.1359902,4.979562e-07,0.009084526,-7.264595e-05,0.93,1.627888e-06,-2.530078e-05,2.931e-06,-0.01275539,-3.125717e-05,0.02289098,0.926
2024_02_12_20_37_43_757,0.3,0.0,128397.0,128397.0,53.58076,9.095477e-05,0.1359904,8.739791e-07,0.009084644,-7.374815e-05,0.93,-1.666757e-06,-3.805032e-05,1.904979e-06,0.01275539,-0.0002619312,-0.0305688,0.926
2024_02_12_20_37_43_795,0.3,0.0,128480.0,128480.0,53.61506,9.101279e-05,0.1359903,-7.738558e-07,0.009084555,-7.197972e-05,0.93,-2.053185e-05,-3.095259e-06,-9.272808e-06,-0.01257658,-0.0001718702,0.04600547,0.926
2024_02_12_20_37_43_832,0.3,0.0,128564.0,128564.0,53.65028,9.106412e-05,0.1359904,-3.276372e-07,0.009084645,-7.341427e-05,0.93,1.736881e-06,-4.33549e-05,-1.00228e-06,0.003814697,0.0004198834,0.0001201406,0.926
2024_02_12_20_37_43_870,0.3,0.0,128647.0,128647.0,53.68458,9.110435e-05,0.1359903,1.061552e-07,0.009084526,-7.272194e-05,0.93,-3.500824e-06,-1.804049e-05,-3.6466e-07,-0.004053116,-0.0001315029,-0.007614493,0.926
2024_02_12_20_37_43_907,0.3,0.0,128731.0,128731.0,53.71981,9.112732e-05,0.1359903,1.767304e-06,0.009084554,-7.376244e-05,0.93,-4.51617e-05,-5.702465e-05,-5.2285e-06,0.0115037,0.0001796698,-0.03819447,0.926
2024_02_12_20_37_43_945,0.3,0.0,128814.0,128814.0,53.7541,9.115039e-05,0.1359903,-3.223717e-07,0.009084584,-7.432055e-05,0.93,1.220145e-06,-4.753061e-05,8.400672e-06,-0.002026558,0.0002756967,0.003828667,0.926
2024_02_12_20_37_43_981,0.3,0.0,128898.0,128898.0,53.78933,9.119543e-05,0.1359903,-5.961834e-07,0.009084584,-7.577089e-05,0.93,-1.924297e-05,-5.804914e-05,1.004966e-05,-0.01072884,5.373079e-05,0.01906417,0.926
2024_02_12_20_37_44_020,0.3,0.0,128981.0,128981.0,53.82363,9.123691e-05,0.1359903,6.292179e-07,0.009084614,-7.752208e-05,0.93,2.012301e-05,-3.820136e-05,1.211712e-05,-0.0003576278,0.0001408958,-0.01532026,0.926
2024_02_12_20_37_44_057,0.3,0.0,129065.0,129065.0,53.85885,9.126405e-05,0.1359902,6.103039e-07,0.009084554,-7.971333e-05,0.93,1.9515e-05,-3.971491e-05,9.421425e-06,0.008165836,-0.0001089357,-0.02281181,0.926
2024_02_12_20_37_44_091,0.3,0.0,129139.0,129139.0,53.88944,9.129827e-05,0.1359904,-1.521919e-06,0.009084644,-7.821138e-05,0.93,4.158839e-05,-5.741258e-05,9.914767e-06,0.001609325,-0.0001309922,-0.01536123,0.926
2024_02_12_20_37_44_128,0.3,0.0,129223.0,129223.0,53.92467,9.135036e-05,0.1359904,-1.405796e-06,0.009084644,-7.898709e-05,0.93,4.15824e-05,-5.422585e-05,1.19239e-05,-0.006139278,-0.0001299746,-0.0001210719,0.926
2024_02_12_20_37_44_161,0.3,0.0,129297.0,129297.0,53.95526,9.140209e-05,0.1359903,-4.605721e-07,0.009084555,-7.64323e-05,0.93,1.579944e-06,-3.000056e-05,4.002596e-06,0.00423193,-0.000171942,-0.01521595,0.926
2024_02_12_20_37_44_199,0.3,0.0,129379.0,129379.0,53.98956,9.145448e-05,0.1359903,-7.682824e-07,0.009084497,-7.67647e-05,0.93,6.213364e-07,-4.89857e-05,3.56849e-06,0.00923872,-8.363758e-05,-0.03070105,0.926
2024_02_12_20_37_44_236,0.3,0.0,129464.0,129464.0,54.02478,9.151151e-05,0.1359904,-3.831812e-07,0.009084526,-7.609843e-05,0.93,-1.582406e-06,-5.684538e-05,1.227901e-06,0.008583069,1.633003e-05,-0.01543108,0.926
2024_02_12_20_37_44_274,0.3,0.0,129546.0,129546.0,54.05908,9.153948e-05,0.1359903,4.989185e-08,0.009084556,-7.620569e-05,0.93,-2.057587e-05,-2.352169e-05,-1.249417e-05,-0.004768372,0.0002259859,0.04980433,0.926
2024_02_12_20_37_44_307,0.3,0.0,129622.0,129622.0,54.0906,9.159407e-05,0.1359903,-2.319373e-06,0.009084497,-7.430128e-05,0.93,2.852204e-06,-1.867023e-05,1.424865e-06,0.008821487,2.295269e-05,-0.02285186,0.926
2024_02_12_20_37_44_345,0.3,0.0,129704.0,129704.0,54.12489,9.163885e-05,0.1359903,1.638673e-07,0.009084496,-7.438005e-05,0.93,1.596541e-07,-4.151297e-05,9.537892e-08,0.002086163,1.469334e-05,-0.01545437,0.926
2024_02_12_20_37_44_378,0.3,0.0,129780.0,129780.0,54.15641,9.169631e-05,0.1359903,-9.341086e-07,0.009084495,-7.174197e-05,0.93,2.523538e-06,-6.975754e-05,3.482844e-06,0.01811981,3.490754e-05,-0.03834814,0.926
2024_02_12_20_37_44_415,0.3,0.0,129862.0,129862.0,54.19071,9.175682e-05,0.1359903,-1.427155e-07,0.009084465,-6.973733e-05,0.93,5.762222e-07,-2.343453e-05,6.604306e-07,0.006616115,-2.579099e-05,-0.007545575,0.926
2024_02_12_20_37_44_453,0.3,0.0,129945.0,129945.0,54.22501,9.179658e-05,0.1359904,-3.801178e-07,0.009084467,-7.097322e-05,0.93,2.431392e-05,-2.356264e-05,1.654167e-05,-0.002622604,0.0001556085,0.003785826,0.926
2024_02_12_20_37_44_492,0.3,0.0,130029.0,130029.0,54.26023,9.185749e-05,0.1359903,-1.66529e-06,0.009084495,-6.994435e-05,0.93,4.468151e-07,-3.542047e-05,-4.405188e-07,0.006258487,5.861727e-05,-0.01527462,0.926
2024_02_12_20_37_44_525,0.3,0.0,130103.0,130103.0,54.29082,9.190543e-05,0.1359903,-1.914222e-06,0.009084497,-7.119447e-05,0.93,2.162994e-05,-3.354131e-05,1.256518e-05,-0.003814697,-2.9028e-05,-0.003956258,0.926
2024_02_12_20_37_44_557,0.3,0.0,130179.0,130179.0,54.32234,9.195966e-05,0.1359904,-1.581069e-07,0.009084526,-7.147331e-05,0.93,-1.808468e-05,-2.184978e-05,6.438182e-06,-0.001847744,0.0002091291,0.007621012,0.926
2024_02_12_20_37_44_594,0.3,0.0,130261.0,130261.0,54.35664,9.201999e-05,0.1359903,-2.321684e-08,0.009084526,-7.087071e-05,0.93,1.937057e-05,-5.491055e-05,-3.864164e-06,0.007092952,7.572884e-05,-0.02285838,0.926
2024_02_12_20_37_44_628,0.3,0.0,130335.0,130335.0,54.38723,9.206715e-05,0.1359903,-9.19573e-07,0.009084526,-7.129501e-05,0.93,1.646108e-06,-6.805999e-05,-2.968693e-06,-0.009357929,0.0001284726,0.007539987,0.926
2024_02_12_20_37_44_666,0.3,0.0,130419.0,130419.0,54.42245,9.213293e-05,0.1359903,-2.382651e-07,0.009084526,-7.241667e-05,0.93,-9.122772e-08,-2.322442e-05,2.807657e-07,0.007510185,-0.0001665933,-0.03058463,0.926
2024_02_12_20_37_44_703,0.3,0.0,130501.0,130501.0,54.45675,9.218486e-05,0.1359902,3.843295e-07,0.009084554,-7.292662e-05,0.93,-4.665433e-06,-5.031995e-05,1.894524e-07,-0.01251697,-0.0001493018,0.02287142,0.926
2024_02_12_20_37_44_740,0.3,0.0,130586.0,130586.0,54.49197,9.221253e-05,0.1359903,3.595119e-07,0.009084584,-7.416821e-05,0.93,-4.582949e-06,-5.313923e-05,-1.803379e-06,0.0005960464,-0.0001514878,2.793968e-05,0.926
2024_02_12_20_37_44_778,0.3,0.0,130668.0,130668.0,54.52627,9.226019e-05,0.1359903,-3.176112e-07,0.009084554,-7.285977e-05,0.93,1.537915e-06,-7.212284e-05,5.201828e-06,0.006198883,-6.879133e-05,-0.02688076,0.926
2024_02_12_20_37_44_815,0.3,0.0,130753.0,130753.0,54.5615,9.229167e-05,0.1359903,-3.461037e-07,0.009084556,-7.780166e-05,0.93,-1.614786e-06,-3.757858e-05,-3.295487e-06,-0.001013279,-7.227072e-07,0.02315827,0.926
2024_02_12_20_37_44_848,0.3,0.0,130827.0,130827.0,54.59209,9.233557e-05,0.1359903,5.036833e-07,0.009084615,-7.748762e-05,0.93,-6.967583e-07,-7.306738e-05,-4.543633e-07,0.003576278,2.671459e-05,9.126961e-05,0.926
2024_02_12_20_37_44_886,0.3,0.0,130911.0,130911.0,54.62731,9.234004e-05,0.1359903,7.855202e-08,0.009084556,-7.999172e-05,0.93,6.438581e-07,-5.823087e-05,1.704384e-06,0.01388788,5.990796e-05,-0.02288073,0.926
2024_02_12_20_37_44_924,0.3,0.0,130994.0,130994.0,54.66161,9.23661e-05,0.1359902,2.26966e-07,0.009084556,-8.223973e-05,0.93,1.413453e-06,-3.383296e-05,2.724943e-07,-0.01299381,-7.596099e-06,0.02286117,0.926
2024_02_12_20_37_44_960,0.3,0.0,131078.0,131078.0,54.69683,9.23995e-05,0.1359904,2.194971e-07,0.009084526,-8.342539e-05,0.93,-2.523394e-07,-3.01045e-05,-3.040595e-07,-0.006020069,6.381828e-05,0.007550232,0.926
2024_02_12_20_37_44_998,0.3,0.0,131161.0,131161.0,54.73113,9.244087e-05,0.1359903,-1.767172e-06,0.009084495,-8.287494e-05,0.93,2.36256e-05,-2.288259e-05,1.640687e-05,0.00923872,-0.0001205813,-0.01907907,0.926
2024_02_12_20_37_45_031,0.3,0.0,131236.0,131236.0,54.76265,9.249501e-05,0.1359902,-5.018137e-07,0.009084556,-8.385971e-05,0.93,-1.766631e-05,-2.952313e-05,5.061346e-06,-0.0115633,0.0004515533,0.0382103,0.926
2024_02_12_20_37_45_069,0.3,0.0,131319.0,131319.0,54.79695,9.256015e-05,0.1359903,-1.695482e-06,0.009084554,-8.370338e-05,0.93,4.122727e-06,-4.386023e-05,-4.960545e-06,-0.001430511,7.630808e-05,-0.007738359,0.926
2024_02_12_20_37_45_107,0.3,0.0,131403.0,131403.0,54.83217,9.263877e-05,0.1359903,1.161029e-07,0.009084554,-8.241698e-05,0.93,1.902175e-06,-4.163398e-05,-1.109274e-06,0.0007152557,0.0001251022,-0.01907628,0.926
2024_02_12_20_37_45_144,0.3,0.0,131486.0,131486.0,54.86647,9.26799e-05,0.1359904,1.003832e-06,0.009084586,-8.43965e-05,0.93,-1.04816e-06,-5.432804e-05,-5.51409e-07,0.0140667,1.954277e-07,-0.03060512,0.926
2024_02_12_20_37_45_184,0.3,0.0,131570.0,131570.0,54.9017,9.272552e-05,0.1359903,-1.792048e-06,0.009084614,-8.380721e-05,0.93,1.98376e-07,-6.156234e-05,-5.839135e-06,0.010252,-9.531038e-05,-0.01904368,0.926
2024_02_12_20_37_45_219,0.3,0.0,131653.0,131653.0,54.93599,9.277123e-05,0.1359903,1.394566e-06,0.009084495,-8.382191e-05,0.93,-2.005314e-05,-1.854527e-05,-1.243829e-05,-0.01138449,-2.211186e-05,0.01135748,0.926
2024_02_12_20_37_45_253,0.3,0.0,131726.0,131726.0,54.96658,9.279057e-05,0.1359902,7.779396e-07,0.009084495,-8.566902e-05,0.93,-1.159849e-06,-1.554841e-05,-5.380504e-07,-0.002384186,9.665336e-05,2.048909e-05,0.926
2024_02_12_20_37_45_290,0.3,0.0,131811.0,131811.0,55.00181,9.281787e-05,0.1359903,3.731207e-07,0.009084496,-8.594935e-05,0.93,-2.003773e-05,-6.01485e-05,-1.334282e-05,-0.003635883,1.381727e-05,0.02664141,0.926
2024_02_12_20_37_45_328,0.3,0.0,131893.0,131893.0,55.03611,9.28721e-05,0.1359903,-8.250773e-07,0.009084496,-8.555125e-05,0.93,3.783986e-06,-1.338278e-06,-1.754167e-06,0.005424022,-0.0001798153,0.0154376,0.926
2024_02_12_20_37_45_365,0.3,0.0,131978.0,131978.0,55.07133,9.29369e-05,0.1359903,-8.011822e-07,0.009084586,-8.414457e-05,0.93,3.698322e-06,-4.140195e-05,-1.402329e-06,-0.01227856,0.0002266339,0.0343686,0.926
2024_02_12_20_37_45_403,0.3,0.0,132060.0,132060.0,55.10563,9.298132e-05,0.1359904,-1.594598e-06,0.009084526,-8.53563e-05,0.93,4.573508e-06,-5.803775e-05,-1.015783e-06,0.01060963,0.0002052778,-0.03071781,0.926
2024_02_12_20_37_45_440,0.3,0.0,132145.0,132145.0,55.14085,9.30446e-05,0.1359903,-5.233577e-07,0.009084526,-8.644618e-05,0.93,4.183386e-06,-4.029914e-05,4.958221e-06,0.0115633,0.0002131728,-0.0304915,0.926
2024_02_12_20_37_45_478,0.3,0.0,132227.0,132227.0,55.17515,9.309113e-05,0.1359903,-1.482307e-06,0.009084435,-8.743522e-05,0.93,2.33685e-05,-3.141881e-05,1.672979e-05,0.005424022,-2.180673e-05,-0.01542084,0.926
2024_02_12_20_37_45_515,0.3,0.0,132312.0,132312.0,55.21038,9.315034e-05,0.1359903,-1.429898e-06,0.009084526,-8.539557e-05,0.93,2.310853e-05,-2.625425e-05,-8.031793e-06,0.006139278,-3.712614e-05,-0.02295989,0.926
2024_02_12_20_37_45_553,0.3,0.0,132394.0,132394.0,55.24467,9.319957e-05,0.1359903,-2.87539e-07,0.009084495,-8.496265e-05,0.93,1.436106e-06,-3.551152e-05,-2.690095e-06,-0.006079673,-0.0002342787,-0.0001303852,0.926
2024_02_12_20_37_45_589,0.3,0.0,132479.0,132479.0,55.2799,9.326969e-05,0.1359903,-3.973516e-07,0.009084497,-8.536754e-05,0.93,-3.848775e-05,-3.882526e-05,-2.991085e-06,-0.002622604,0.000177307,-0.01538172,0.926
2024_02_12_20_37_45_628,0.3,0.0,132561.0,132561.0,55.3142,9.335863e-05,0.1359904,1.148134e-07,0.009084614,-8.292976e-05,0.93,1.249548e-06,-5.358296e-05,1.66348e-06,0.006198883,1.087721e-05,-0.03068708,0.926
2024_02_12_20_37_45_661,0.3,0.0,132637.0,132637.0,55.34571,9.341879e-05,0.1359903,-3.363245e-07,0.009084584,-8.211887e-05,0.93,-9.653824e-07,-5.512179e-05,1.788922e-06,0.003695488,2.297292e-05,8.381902e-05,0.926
2024_02_12_20_37_45_698,0.3,0.0,132719.0,132719.0,55.38001,9.349018e-05,0.1359903,-3.543506e-07,0.009084554,-8.021379e-05,0.93,2.445593e-06,-5.087483e-05,2.307457e-06,0.01341104,-0.0002005867,-0.02281274,0.926
2024_02_12_20_37_45_732,0.3,0.0,132795.0,132795.0,55.41153,9.355947e-05,0.1359903,-7.569824e-07,0.009084554,-8.056331e-05,0.93,3.218082e-06,-5.35599e-05,1.506869e-06,0.005304813,-0.0001808572,-0.02290867,0.926
2024_02_12_20_37_45_770,0.3,0.0,132877.0,132877.0,55.44583,9.361451e-05,0.1359904,-1.508619e-07,0.009084644,-8.336869e-05,0.93,3.78039e-05,-3.457187e-05,6.826975e-06,0.010252,-0.0001505996,-0.03819633,0.926
2024_02_12_20_37_45_808,0.3,0.0,132962.0,132962.0,55.48105,9.365734e-05,0.1359903,-2.931102e-07,0.009084584,-8.37562e-05,0.93,1.851653e-06,-5.151368e-05,3.372634e-06,0.01347065,-0.0001797159,-0.01522433,0.926
2024_02_12_20_37_45_844,0.3,0.0,133044.0,133044.0,55.51535,9.370148e-05,0.1359904,-1.643347e-06,0.009084644,-8.617529e-05,0.93,3.310258e-06,-6.053575e-05,-3.710547e-07,0.01239777,0.0002426675,-0.02288166,0.926
2024_02_12_20_37_45_882,0.3,0.0,133127.0,133127.0,55.54965,9.378673e-05,0.1359903,-4.270432e-07,0.009084526,-8.419456e-05,0.93,-8.182373e-07,-5.142849e-05,6.262526e-06,-0.009655952,9.008465e-05,0.003726221,0.926
2024_02_12_20_37_45_920,0.3,0.0,133211.0,133211.0,55.58487,9.386457e-05,0.1359903,2.559617e-06,0.009084526,-8.348645e-05,0.93,-3.460511e-06,-3.002876e-05,3.335261e-06,0.003814697,-0.0003064836,-0.02307072,0.926
2024_02_12_20_37_45_957,0.3,0.0,133294.0,133294.0,55.61917,9.391574e-05,0.1359904,-6.676095e-08,0.009084555,-8.403618e-05,0.93,-1.85558e-07,-1.899877e-05,1.52105e-06,0.003516674,-0.0001007064,-0.01523457,0.926
2024_02_12_20_37_45_995,0.3,0.0,133378.0,133378.0,55.6544,9.397325e-05,0.1359903,-2.617458e-08,0.009084584,-8.556345e-05,0.93,-8.599854e-07,-6.921387e-05,3.756519e-06,0.0003576278,-5.851461e-06,1.862645e-05,0.926
2024_02_12_20_37_46_027,0.3,0.0,133452.0,133452.0,55.68499,9.402487e-05,0.1359903,5.690308e-07,0.009084556,-8.554157e-05,0.93,-1.919432e-06,-2.344138e-05,5.304023e-07,-0.007569789,5.591425e-05,0.03831647,0.926
2024_02_12_20_37_46_061,0.3,0.0,133527.0,133527.0,55.7165,9.407874e-05,0.1359903,-1.260042e-06,0.009084614,-8.47578e-05,0.93,8.610149e-07,-4.011112e-05,4.728247e-07,0.008821487,-6.722769e-05,-0.01526251,0.926
2024_02_12_20_37_46_099,0.3,0.0,133610.0,133610.0,55.7508,9.414107e-05,0.1359903,2.266042e-07,0.009084497,-8.452259e-05,0.93,3.630598e-07,-1.912142e-05,-1.746125e-06,0.004291534,2.988838e-05,-0.01528487,0.926
2024_02_12_20_37_46_132,0.3,0.0,133683.0,133683.0,55.78139,9.419008e-05,0.1359903,7.98518e-07,0.009084554,-8.375375e-05,0.93,-2.662855e-06,-5.519415e-05,2.11782e-06,0.0115037,1.69191e-05,-0.03063865,0.926
2024_02_12_20_37_46_168,0.3,0.0,133768.0,133768.0,55.81662,9.423388e-05,0.1359904,7.239412e-08,0.009084585,-8.667027e-05,0.93,-5.687281e-07,-4.226691e-05,2.277092e-05,0.009000301,-8.809456e-05,-0.01524482,0.926
2024_02_12_20_37_46_204,0.3,0.0,133844.0,133844.0,55.84813,9.430797e-05,0.1359904,-1.855177e-06,0.009084526,-8.517822e-05,0.93,4.160631e-07,-4.933407e-05,2.614662e-06,0.003933907,-0.0001840216,-0.01154188,0.926
2024_02_12_20_37_46_240,0.3,0.0,133926.0,133926.0,55.88243,9.436851e-05,0.1359904,1.016622e-06,0.009084644,-8.382864e-05,0.93,-3.039082e-06,-4.016835e-05,1.335984e-06,-0.0003576278,2.642196e-05,-3.352761e-05,0.926
2024_02_12_20_37_46_277,0.3,0.0,134008.0,134008.0,55.91673,9.441259e-05,0.1359904,4.423733e-07,0.009084497,-8.318508e-05,0.93,-7.996791e-07,-3.728573e-05,1.473556e-06,-0.003516674,1.450883e-05,0.0076266,0.926
2024_02_12_20_37_46_315,0.3,0.0,134093.0,134093.0,55.95195,9.446379e-05,0.1359904,-2.85994e-07,0.009084497,-8.457662e-05,0.93,-2.772917e-06,-1.755177e-05,2.197733e-06,0.005424022,-0.0002054775,0.003766268,0.926
2024_02_12_20_37_46_352,0.3,0.0,134175.0,134175.0,55.98625,9.451637e-05,0.1359903,1.406826e-07,0.009084497,-8.462387e-05,0.93,-9.01287e-08,-2.938291e-05,-1.574264e-06,-0.01084804,7.03933e-05,0.02288073,0.926
2024_02_12_20_37_46_390,0.3,0.0,134260.0,134260.0,56.02148,9.457445e-05,0.1359903,1.646569e-06,0.009084555,-8.267519e-05,0.93,-2.193506e-06,-3.798676e-05,3.487298e-06,0.009059906,-0.0003355739,-0.007410533,0.926
2024_02_12_20_37_46_428,0.3,0.0,134342.0,134342.0,56.05577,9.463925e-05,0.1359903,5.126444e-07,0.009084556,-8.207751e-05,0.93,2.228169e-05,-5.614177e-05,1.855293e-05,-0.0007152557,-0.0001514479,0.003854744,0.926
2024_02_12_20_37_46_465,0.3,0.0,134427.0,134427.0,56.091,9.468398e-05,0.1359904,-5.30488e-08,0.009084556,-8.285299e-05,0.93,-1.919565e-06,-5.335091e-05,3.116574e-06,-0.002264977,-5.537686e-07,-0.01550838,0.926
2024_02_12_20_37_46_503,0.3,0.0,134509.0,134509.0,56.1253,9.473167e-05,0.1359903,4.650589e-07,0.009084496,-8.40646e-05,0.93,-1.027589e-06,-2.490818e-05,2.28314e-07,-0.001788139,-0.0001558783,-0.003835186,0.926
2024_02_12_20_37_46_540,0.3,0.0,134594.0,134594.0,56.16052,9.476278e-05,0.1359902,8.303381e-07,0.009084554,-8.487086e-05,0.93,-2.266946e-06,-5.73753e-05,4.294048e-07,0.007510185,-2.209367e-05,-0.007544644,0.926
2024_02_12_20_37_46_578,0.3,0.0,134676.0,134676.0,56.19482,9.481997e-05,0.1359903,-2.091001e-06,0.009084526,-8.441473e-05,0.93,1.849573e-06,-2.4942e-05,-3.210022e-06,-0.001013279,6.313223e-05,6.519258e-05,0.926
2024_02_12_20_37_46_615,0.3,0.0,134761.0,134761.0,56.23005,9.488464e-05,0.1359903,-1.598697e-06,0.009084556,-8.029283e-05,0.93,-1.415642e-06,-4.724548e-05,3.522054e-06,-0.01037121,-6.054716e-05,0.02668239,0.926
2024_02_12_20_37_46_653,0.3,0.0,134843.0,134843.0,56.26434,9.493675e-05,0.1359903,-1.502186e-06,0.009084555,-8.162309e-05,0.93,3.538985e-07,-4.968819e-05,-2.221961e-06,-0.01513958,0.0002242174,0.01521315,0.926
2024_02_12_20_37_46_690,0.3,0.0,134928.0,134928.0,56.29957,9.499513e-05,0.1359903,4.474835e-07,0.009084554,-8.201359e-05,0.93,-9.965911e-07,-3.531176e-05,-5.490608e-07,-0.01388788,4.951255e-05,0.02291426,0.926
2024_02_12_20_37_46_723,0.3,0.0,135001.0,135001.0,56.33016,9.502509e-05,0.1359903,3.85387e-07,0.009084526,-8.219315e-05,0.93,1.751257e-07,-5.300958e-05,2.023797e-08,-0.006735324,7.314156e-06,-0.007759779,0.926
2024_02_12_20_37_46_761,0.3,0.0,135086.0,135086.0,56.36538,9.510572e-05,0.1359903,2.608894e-07,0.009084526,-8.050783e-05,0.93,3.469452e-06,-2.780423e-05,2.634406e-06,0.003993511,7.85028e-05,-0.03447942,0.926
2024_02_12_20_37_46_798,0.3,0.0,135168.0,135168.0,56.39968,9.516389e-05,0.1359904,-4.612197e-07,0.009084555,-8.139324e-05,0.93,2.009268e-05,-4.580495e-06,1.422402e-05,0.007867813,-0.0002868553,-0.03046822,0.926
2024_02_12_20_37_46_836,0.3,0.0,135253.0,135253.0,56.43491,9.520659e-05,0.1359903,-1.12043e-06,0.009084615,-8.169305e-05,0.93,1.961484e-05,-4.252467e-05,1.589494e-05,-0.001728535,-1.022323e-05,0.01157448,0.926
2024_02_12_20_37_46_868,0.3,0.0,135326.0,135326.0,56.4655,9.526058e-05,0.1359904,-1.092749e-06,0.009084556,-8.064738e-05,0.93,1.629023e-06,-4.336519e-05,2.119435e-06,0.01251697,8.08152e-05,-0.007702037,0.926
2024_02_12_20_37_46_907,0.3,0.0,135409.0,135409.0,56.49979,9.534771e-05,0.1359903,1.769481e-07,0.009084616,-7.879565e-05,0.93,4.212749e-06,-4.457472e-05,3.691946e-06,0.01746416,-0.0001433931,-0.03813766,0.926
2024_02_12_20_37_46_944,0.3,0.0,135493.0,135493.0,56.53502,9.540161e-05,0.1359903,6.131789e-07,0.009084644,-8.036449e-05,0.93,-3.668996e-06,-6.582811e-05,2.981363e-06,0.008583069,-0.0002867907,-0.007584691,0.926
2024_02_12_20_37_46_977,0.3,0.0,135567.0,135567.0,56.56561,9.544295e-05,0.1359904,-3.42129e-07,0.009084644,-8.105586e-05,0.93,-4.824388e-06,-4.52998e-05,-4.521414e-06,-0.007808208,-3.087348e-05,0.01890864,0.926
2024_02_12_20_37_47_015,0.3,0.0,135652.0,135652.0,56.60083,9.548301e-05,0.1359903,-2.682402e-07,0.009084614,-8.18601e-05,0.93,-4.850694e-07,-3.535064e-05,-2.36193e-07,-0.007748603,-0.0001165645,0.01521036,0.926
2024_02_12_20_37_47_053,0.3,0.0,135734.0,135734.0,56.63513,9.55506e-05,0.1359903,-9.416615e-07,0.009084556,-8.3454e-05,0.93,3.693523e-06,-2.845028e-05,-1.109338e-06,-0.001549721,0.0001876756,0.03071129,0.926
2024_02_12_20_37_47_086,0.3,0.0,135810.0,135810.0,56.66665,9.561265e-05,0.1359903,-7.291648e-07,0.009084554,-8.398414e-05,0.93,1.289837e-06,-4.769102e-05,-2.181561e-06,-0.008583069,0.0003644665,0.01904834,0.926
2024_02_12_20_37_47_123,0.3,0.0,135892.0,135892.0,56.70095,9.56667e-05,0.1359903,1.155165e-07,0.009084526,-8.355592e-05,0.93,-4.491171e-07,-2.87624e-05,-1.136842e-06,-0.003695488,3.131731e-06,-0.007665716,0.926
2024_02_12_20_37_47_161,0.3,0.0,135974.0,135974.0,56.73524,9.571954e-05,0.1359903,5.056262e-07,0.009084584,-8.394352e-05,0.93,-3.75899e-07,-2.909625e-05,3.00811e-07,-0.01001358,5.637616e-06,0.007603317,0.926
2024_02_12_20_37_47_198,0.3,0.0,136059.0,136059.0,56.77047,9.578259e-05,0.1359903,-1.377318e-06,0.009084526,-8.501679e-05,0.93,2.242503e-05,-1.98537e-05,-1.380891e-05,-0.01525879,0.0001644602,0.02282392,0.926
2024_02_12_20_37_47_231,0.3,0.0,136132.0,136132.0,56.80106,9.585205e-05,0.1359904,-1.753856e-06,0.009084497,-8.480757e-05,0.93,1.886207e-07,-6.205952e-05,-4.481944e-06,0.01657009,3.840273e-05,-0.0153007,0.926
2024_02_12_20_37_47_265,0.3,0.0,136208.0,136208.0,56.83258,9.590283e-05,0.1359903,-5.980799e-07,0.009084584,-8.619222e-05,0.93,-1.785314e-06,-5.139241e-05,-2.742634e-06,-0.0007748603,-1.91701e-05,-0.0001071021,0.926
2024_02_12_20_37_47_303,0.3,0.0,136291.0,136291.0,56.86687,9.598981e-05,0.1359903,-5.40691e-07,0.009084526,-8.347053e-05,0.93,1.897011e-06,-5.189072e-05,3.162062e-06,-0.01263618,-6.928462e-05,0.02283137,0.926
2024_02_12_20_37_47_341,0.3,0.0,136375.0,136375.0,56.9021,9.606138e-05,0.1359903,-1.439692e-06,0.009084554,-8.544063e-05,0.93,7.633164e-07,-3.221826e-05,-3.576898e-06,0.007271766,0.0001275782,-0.007451511,0.926
2024_02_12_20_37_47_378,0.3,0.0,136458.0,136458.0,56.9364,9.610872e-05,0.1359903,5.686844e-07,0.009084526,-8.708655e-05,0.93,-1.602896e-06,-4.654728e-05,-4.343018e-06,0.003874302,0.0002333576,-0.02678297,0.926
2024_02_12_20_37_47_415,0.3,0.0,136542.0,136542.0,56.97162,9.618227e-05,0.1359903,-4.509047e-07,0.009084495,-8.618987e-05,0.93,-1.880662e-06,-5.069895e-05,-4.208873e-06,0.005245208,0.0001098739,-0.01534074,0.926
2024_02_12_20_37_47_448,0.3,0.0,136616.0,136616.0,57.00221,9.623039e-05,0.1359903,4.393015e-07,0.009084435,-8.656936e-05,0.93,-5.205293e-07,1.42324e-05,7.659719e-07,0.005841255,-1.954254e-05,-0.03067963,0.926
2024_02_12_20_37_47_486,0.3,0.0,136698.0,136698.0,57.03651,9.629268e-05,0.1359904,9.673153e-09,0.009084526,-8.551911e-05,0.93,-4.073696e-06,-1.058796e-05,-4.950961e-06,0.00333786,-9.305619e-05,-0.003772788,0.926
2024_02_12_20_37_47_520,0.3,0.0,136774.0,136774.0,57.06803,9.635758e-05,0.1359903,-4.357599e-07,0.009084556,-8.464483e-05,0.93,-2.174233e-05,-2.130087e-05,9.662056e-06,-0.012815,1.519743e-05,0.02679135,0.926
2024_02_12_20_37_47_556,0.3,0.0,136856.0,136856.0,57.10233,9.640386e-05,0.1359903,1.630776e-08,0.009084555,-8.6628e-05,0.93,-1.970467e-06,-5.415603e-05,-4.017167e-06,-0.01049042,-0.0001510228,0.01516286,0.926
2024_02_12_20_37_47_590,0.3,0.0,136932.0,136932.0,57.13384,9.646173e-05,0.1359903,1.337083e-07,0.009084555,-8.638817e-05,0.93,-5.083614e-07,-4.367823e-05,3.573606e-07,0.01788139,-1.436615e-05,-0.03813673,0.926
2024_02_12_20_37_47_628,0.3,0.0,137014.0,137014.0,57.16814,9.653292e-05,0.1359904,-1.566089e-06,0.009084526,-8.582559e-05,0.93,2.404686e-05,-4.403187e-05,2.081557e-05,0.003695488,-1.715352e-05,-0.01526996,0.926
2024_02_12_20_37_47_665,0.3,0.0,137099.0,137099.0,57.20337,9.660528e-05,0.1359904,-6.376864e-07,0.009084555,-8.894635e-05,0.93,-1.191889e-06,-4.808133e-05,-9.849435e-07,0.01263618,0.0001350139,-0.02291146,0.926
2024_02_12_20_37_47_698,0.3,0.0,137172.0,137172.0,57.23396,9.668506e-05,0.1359903,-9.289907e-07,0.009084554,-8.731847e-05,0.93,-1.88798e-05,-5.45759e-05,-9.560071e-06,-0.002861023,0.0001163448,0.003820285,0.926
2024_02_12_20_37_47_736,0.3,0.0,137255.0,137255.0,57.26825,9.675421e-05,0.1359903,-1.162263e-06,0.009084614,-8.801156e-05,0.93,1.731659e-05,-3.044558e-05,-7.409513e-06,-0.006973743,5.895845e-05,0.01531001,0.926
2024_02_12_20_37_47_773,0.3,0.0,137339.0,137339.0,57.30348,9.679978e-05,0.1359903,5.969478e-08,0.009084554,-8.891566e-05,0.93,1.791393e-05,-4.756946e-05,1.888321e-05,-0.007390975,-5.844015e-05,0.01909956,0.926
2024_02_12_20_37_47_807,0.3,0.0,137413.0,137413.0,57.33407,9.68302e-05,0.1359904,3.309023e-08,0.009084645,-9.050412e-05,0.93,1.741341e-05,-3.94797e-05,1.099947e-05,-0.009059906,-0.0002525056,0.0190828,0.926
2024_02_12_20_37_47_844,0.3,0.0,137497.0,137497.0,57.36929,9.686849e-05,0.1359904,-1.226931e-07,0.009084645,-9.254005e-05,0.93,2.051705e-05,-5.98479e-05,1.359501e-05,0.009059906,-5.944275e-05,-0.003840774,0.926
2024_02_12_20_37_47_882,0.3,0.0,137580.0,137580.0,57.40359,9.692527e-05,0.1359902,7.473454e-07,0.009084526,-9.153225e-05,0.93,-1.226842e-06,-2.541346e-05,-2.400689e-06,0.002682209,-2.075421e-05,0.00771787,0.926
2024_02_12_20_37_47_919,0.3,0.0,137664.0,137664.0,57.43882,9.697823e-05,0.1359903,4.634674e-07,0.009084554,-9.216971e-05,0.93,-1.602554e-06,-1.060305e-05,-1.206271e-06,0.00655651,7.211326e-05,0.0155,0.926
2024_02_12_20_37_47_956,0.3,0.0,137747.0,137747.0,57.47311,9.702922e-05,0.1359904,-1.05598e-06,0.009084644,-9.260516e-05,0.93,6.339397e-07,-3.830971e-05,-1.331586e-06,0.0003576278,-9.970062e-05,1.024455e-05,0.926
2024_02_12_20_37_47_995,0.3,0.0,137831.0,137831.0,57.50834,9.708732e-05,0.1359903,-1.418985e-07,0.009084616,-9.277611e-05,0.93,9.864915e-07,-3.938372e-05,1.344896e-07,-0.008821487,-0.0002527676,0.02295617,0.926
2024_02_12_20_37_48_027,0.3,0.0,137905.0,137905.0,57.53893,9.714704e-05,0.1359903,2.377196e-07,0.009084584,-9.281273e-05,0.93,6.677525e-07,-5.047915e-05,-5.544141e-07,-0.004708767,2.590832e-05,0.01523923,0.926
2024_02_12_20_37_48_065,0.3,0.0,137989.0,137989.0,57.57415,9.720911e-05,0.1359904,3.045332e-07,0.009084556,-9.255896e-05,0.93,3.589761e-07,-4.725782e-05,1.479301e-06,0.002384186,-2.16088e-05,0.0227429,0.926
2024_02_12_20_37_48_099,0.3,0.0,138063.0,138063.0,57.60474,9.727977e-05,0.1359903,-1.707851e-06,0.009084555,-9.239219e-05,0.93,2.373514e-05,-2.448011e-05,1.443441e-05,0.003099441,4.595313e-05,-0.0151936,0.926
2024_02_12_20_37_48_136,0.3,0.0,138145.0,138145.0,57.63904,9.733919e-05,0.1359903,2.959681e-07,0.009084614,-9.47193e-05,0.93,1.952906e-05,-4.371555e-05,1.569884e-05,-0.004827976,-0.0001903994,0.02301018,0.926
2024_02_12_20_37_48_173,0.3,0.0,138230.0,138230.0,57.67427,9.739085e-05,0.1359903,-1.459474e-06,0.009084556,-9.585287e-05,0.93,-2.197238e-05,-2.914043e-05,3.54139e-06,-0.002086163,-0.0001754506,0.01154561,0.926
2024_02_12_20_37_48_211,0.3,0.0,138312.0,138312.0,57.70856,9.748081e-05,0.1359903,5.507799e-07,0.009084526,-9.401111e-05,0.93,-3.835578e-05,-4.771935e-05,-4.50212e-06,0.003516674,-2.237618e-05,-0.007634051,0.926
2024_02_12_20_37_48_244,0.3,0.0,138388.0,138388.0,57.74008,9.755147e-05,0.1359903,7.170849e-07,0.009084526,-9.346757e-05,0.93,-6.062033e-07,-5.962282e-05,-3.454297e-07,0.0,-7.272262e-05,-0.02308376,0.926
2024_02_12_20_37_48_281,0.3,0.0,138470.0,138470.0,57.77438,9.759342e-05,0.1359902,-1.827376e-06,0.009084554,-9.700013e-05,0.93,1.836036e-05,-6.215813e-05,-1.318566e-05,-0.005245208,1.999297e-06,0.01150276,0.926
2024_02_12_20_37_48_320,0.3,0.0,138555.0,138555.0,57.8096,9.766423e-05,0.1359903,-1.227664e-07,0.009084554,-9.563169e-05,0.93,-4.5253e-06,-1.489191e-05,3.325389e-06,0.004708767,-0.0002823793,-0.01135189,0.926
2024_02_12_20_37_48_356,0.3,0.0,138637.0,138637.0,57.8439,9.772385e-05,0.1359903,-1.542917e-06,0.009084555,-9.453673e-05,0.93,-5.060948e-07,-5.761316e-05,1.837372e-06,0.000655651,0.0002364553,-0.00390783,0.926
2024_02_12_20_37_48_395,0.3,0.0,138722.0,138722.0,57.87913,9.777203e-05,0.1359903,-1.34037e-06,0.009084467,-9.601909e-05,0.93,-7.553284e-07,-1.447164e-05,1.69579e-06,-0.0007748603,0.0003107445,0.007695518,0.926
2024_02_12_20_37_48_427,0.3,0.0,138795.0,138795.0,57.90972,9.783891e-05,0.1359904,-1.762911e-07,0.009084497,-9.736619e-05,0.93,-1.864833e-05,-5.423904e-05,8.952922e-06,0.00745058,-7.898211e-05,-0.01159403,0.926
2024_02_12_20_37_48_465,0.3,0.0,138878.0,138878.0,57.94402,9.790104e-05,0.1359903,-6.485488e-07,0.009084496,-9.753342e-05,0.93,2.527484e-07,-3.057142e-05,6.612012e-06,0.005662441,-0.0001618872,-0.02288446,0.926
2024_02_12_20_37_48_503,0.3,0.0,138962.0,138962.0,57.97924,9.795878e-05,0.1359904,9.73898e-07,0.009084585,-9.864997e-05,0.93,-4.499344e-05,-5.74367e-05,-3.599048e-06,0.001132488,0.0001169614,0.01141988,0.926
2024_02_12_20_37_48_537,0.3,0.0,139036.0,139036.0,58.00983,9.803751e-05,0.1359903,-1.354097e-06,0.009084495,-9.637933e-05,0.93,-4.505192e-07,-3.276944e-05,-5.601341e-07,0.004172325,-4.159528e-05,-0.01149345,0.926
2024_02_12_20_37_48_569,0.3,0.0,139112.0,139112.0,58.04135,9.811582e-05,0.1359904,-3.716257e-07,0.009084467,-9.672924e-05,0.93,1.285013e-06,-4.878086e-05,3.269935e-06,0.004470348,-0.0002949973,-0.007801689,0.926
2024_02_12_20_37_48_607,0.3,0.0,139194.0,139194.0,58.07565,9.817341e-05,0.1359903,9.323398e-07,0.009084526,-9.729111e-05,0.93,1.602341e-05,-5.476075e-05,1.149497e-05,-0.01960993,4.228582e-06,0.04206784,0.926
2024_02_12_20_37_48_645,0.3,0.0,139279.0,139279.0,58.11087,9.82188e-05,0.1359903,7.485874e-08,0.009084526,-9.700401e-05,0.93,-2.271414e-06,-5.34773e-05,-9.538352e-07,-0.002861023,9.512541e-05,-0.007702037,0.926
2024_02_12_20_37_48_682,0.3,0.0,139361.0,139361.0,58.14517,9.827177e-05,0.1359903,-3.244254e-08,0.009084526,-9.814092e-05,0.93,-1.491199e-07,-2.811439e-05,2.264068e-06,-0.00333786,0.0001375328,-0.007714144,0.926
2024_02_12_20_37_48_715,0.3,0.0,139434.0,139434.0,58.17576,9.832194e-05,0.1359903,-3.275809e-07,0.009084615,-9.836571e-05,0.93,1.959091e-07,-4.822186e-05,-9.407169e-07,-0.01060963,-0.0001335181,0.02292264,0.926
2024_02_12_20_37_48_753,0.3,0.0,139519.0,139519.0,58.21098,9.837557e-05,0.1359904,1.005497e-06,0.009084614,-9.880574e-05,0.93,-2.313273e-05,-4.011204e-05,7.598192e-06,0.007212162,8.006838e-05,-0.0115307,0.926
2024_02_12_20_37_48_790,0.3,0.0,139601.0,139601.0,58.24528,9.843502e-05,0.1359904,2.04136e-07,0.009084645,-9.83241e-05,0.93,-4.524485e-07,-6.249505e-05,-1.102789e-06,-0.01472235,3.790887e-05,0.015161,0.926
2024_02_12_20_37_48_824,0.3,0.0,139677.0,139677.0,58.2768,9.847822e-05,0.1359904,-1.189546e-06,0.009084676,-0.0001001664,0.93,4.17538e-05,-4.20591e-05,1.11665e-05,-0.006139278,-0.0001561169,-8.940696e-05,0.926
2024_02_12_20_37_48_861,0.3,0.0,139760.0,139760.0,58.3111,9.852853e-05,0.1359904,7.22461e-07,0.009084676,-0.0001012308,0.93,-4.214643e-05,-4.442483e-05,-1.353035e-05,-0.001788139,0.0002275989,-0.01536123,0.926
2024_02_12_20_37_48_894,0.3,0.0,139835.0,139835.0,58.34261,9.861391e-05,0.1359902,-2.389528e-06,0.009084554,-0.0001004378,0.93,4.684185e-06,-4.664676e-05,-3.774115e-06,-0.003039837,1.74324e-05,-0.0076266,0.926
2024_02_12_20_37_48_931,0.3,0.0,139918.0,139918.0,58.37691,9.869573e-05,0.1359903,-1.819711e-06,0.009084616,-0.0001010481,0.93,-4.477473e-07,-4.617373e-05,1.323235e-08,0.007569789,-0.000182121,-0.02289656,0.926
2024_02_12_20_37_48_970,0.3,0.0,140002.0,140002.0,58.41214,9.876573e-05,0.1359903,-9.411937e-08,0.009084526,-0.0001007976,0.93,-2.696801e-06,-4.079458e-05,-1.245415e-06,0.006794929,-0.0001730203,-0.007627531,0.926
2024_02_12_20_37_49_007,0.3,0.0,140085.0,140085.0,58.44643,9.885267e-05,0.1359903,-2.563222e-07,0.009084554,-9.86939e-05,0.93,-3.967662e-05,-5.275267e-05,-4.497022e-06,0.003874302,0.0001934295,-0.007607042,0.926
2024_02_12_20_37_49_045,0.3,0.0,140169.0,140169.0,58.48166,9.891867e-05,0.1359903,-2.359783e-06,0.009084554,-9.857005e-05,0.93,4.515444e-07,-4.858081e-05,-1.492303e-06,0.01716614,0.000174287,-0.03817864,0.926
2024_02_12_20_37_49_078,0.3,0.0,140243.0,140243.0,58.51225,9.898903e-05,0.1359902,-1.264259e-06,0.009084554,-0.00010005,0.93,-1.133196e-06,-6.017035e-05,2.373426e-07,-0.001847744,4.291428e-05,-0.003770925,0.926
2024_02_12_20_37_49_115,0.3,0.0,140325.0,140325.0,58.54655,9.907559e-05,0.1359903,-1.311936e-07,0.009084526,-9.932284e-05,0.93,2.20344e-05,-4.866082e-05,-3.799998e-06,0.006616115,4.088974e-05,-0.03056973,0.926
2024_02_12_20_37_49_152,0.3,0.0,140410.0,140410.0,58.58177,9.915519e-05,0.1359903,-9.972313e-08,0.009084584,-9.863483e-05,0.93,-1.229149e-06,-5.006374e-05,1.809289e-06,-0.001490116,-1.469914e-05,-0.0153603,0.926
2024_02_12_20_37_49_186,0.3,0.0,140483.0,140483.0,58.61236,9.923957e-05,0.1359903,-8.58206e-07,0.009084526,-9.646963e-05,0.93,-2.071807e-05,-4.892089e-05,-6.592499e-06,0.001370907,-8.728284e-05,-0.01530256,0.926
2024_02_12_20_37_49_223,0.3,0.0,140568.0,140568.0,58.64759,9.930995e-05,0.1359903,-1.131162e-06,0.009084526,-9.883295e-05,0.93,-1.264187e-06,-5.470276e-05,-1.89996e-06,0.003457069,0.0002221234,-0.01533143,0.926
2024_02_12_20_37_49_261,0.3,0.0,140650.0,140650.0,58.68188,9.938722e-05,0.1359903,4.028715e-07,0.009084495,-9.89944e-05,0.93,-1.195755e-06,-3.12853e-05,1.372753e-07,0.01257658,-1.253159e-05,-0.0228798,0.926
2024_02_12_20_37_49_294,0.3,0.0,140726.0,140726.0,58.7134,9.945829e-05,0.1359903,-9.889978e-08,0.009084467,-9.82713e-05,0.93,-3.544779e-06,-9.681947e-06,-1.66391e-06,-0.01686811,-3.628929e-05,0.0458369,0.926
2024_02_12_20_37_49_331,0.3,0.0,140808.0,140808.0,58.7477,9.954153e-05,0.1359903,-1.086265e-06,0.009084437,-9.560356e-05,0.93,-2.91422e-06,-2.700419e-06,-3.321379e-06,-0.0005960464,0.0001462528,0.003874302,0.926
2024_02_12_20_37_49_365,0.3,0.0,140882.0,140882.0,58.77829,9.961164e-05,0.1359903,1.988819e-07,0.009084497,-9.562772e-05,0.93,-8.588929e-07,-4.93027e-05,-3.013252e-07,-0.002086163,-3.217178e-05,0.01524016,0.926
2024_02_12_20_37_49_402,0.3,0.0,140966.0,140966.0,58.81351,9.968492e-05,0.1359903,-1.454629e-06,0.009084467,-9.58887e-05,0.93,-3.259652e-07,-4.951474e-05,-5.703508e-06,0.007092952,7.857954e-05,-0.0191275,0.926
2024_02_12_20_37_49_439,0.3,0.0,141049.0,141049.0,58.84781,9.97699e-05,0.1359903,7.186176e-07,0.009084497,-9.588384e-05,0.93,-1.546745e-06,-6.039418e-05,-5.809424e-07,0.0002384186,-6.193545e-06,-0.01535844,0.926
2024_02_12_20_37_49_473,0.3,0.0,141124.0,141124.0,58.87933,9.98157e-05,0.1359903,1.065639e-06,0.009084526,-9.827769e-05,0.93,-6.439007e-06,-5.81423e-05,2.080681e-05,-0.004589558,-0.0002550217,0.02671592,0.926
2024_02_12_20_37_49_511,0.3,0.0,141207.0,141207.0,58.91363,9.985807e-05,0.1359903,8.317139e-07,0.009084526,-9.645362e-05,0.93,-6.583775e-06,-4.042809e-05,-1.18773e-06,-0.008821487,0.0001919229,0.02300646,0.926
2024_02_12_20_37_49_548,0.3,0.0,141291.0,141291.0,58.94885,9.991105e-05,0.1359903,-1.625093e-06,0.009084497,-9.551179e-05,0.93,1.883479e-05,-1.820251e-05,-7.599984e-06,0.01239777,-7.169149e-05,-0.00752788,0.926
2024_02_12_20_37_49_586,0.3,0.0,141374.0,141374.0,58.98315,9.995012e-05,0.1359903,4.826965e-07,0.009084497,-9.573816e-05,0.93,-2.401662e-06,-2.689846e-05,1.823454e-07,-0.003576278,0.0001055201,-0.007714144,0.926
2024_02_12_20_37_49_623,0.3,0.0,141458.0,141458.0,59.01838,9.99972e-05,0.1359904,-2.370873e-07,0.009084676,-9.721137e-05,0.93,-1.413004e-06,-4.116363e-05,-1.234078e-06,0.001549721,6.866855e-05,3.073364e-05,0.926
2024_02_12_20_37_49_663,0.3,0.0,141541.0,141541.0,59.05267,0.0001000666,0.1359903,-5.040196e-07,0.009084554,-9.586354e-05,0.93,2.545285e-05,-3.187071e-05,-8.995567e-06,0.002861023,7.225946e-05,-0.00388734,0.926
2024_02_12_20_37_49_694,0.3,0.0,141614.0,141614.0,59.08326,0.0001001164,0.1359903,9.450936e-07,0.009084554,-9.439119e-05,0.93,-4.281948e-05,-2.41188e-05,-1.051079e-05,-0.0002384186,0.0002317873,-0.007635913,0.926
2024_02_12_20_37_49_732,0.3,0.0,141699.0,141699.0,59.11849,0.0001001706,0.1359903,-1.636592e-06,0.009084554,-9.377508e-05,0.93,1.9714e-06,-2.408079e-05,-2.106086e-06,-0.003516674,9.367568e-06,-0.007722526,0.926
2024_02_12_20_37_49_769,0.3,0.0,141781.0,141781.0,59.15279,0.0001002245,0.1359904,1.922228e-07,0.009084526,-9.484485e-05,0.93,1.331314e-06,-1.077862e-05,-5.341913e-07,-0.004529953,9.371183e-05,0.003792345,0.926
2024_02_12_20_37_49_807,0.3,0.0,141866.0,141866.0,59.18801,0.0001003128,0.1359904,-7.731362e-07,0.009084526,-9.426143e-05,0.93,5.517614e-06,-2.286599e-05,1.09484e-06,0.006139278,7.236815e-05,-0.0152057,0.926
2024_02_12_20_37_49_844,0.3,0.0,141948.0,141948.0,59.22231,0.000100396,0.1359904,-5.667077e-07,0.009084644,-9.401534e-05,0.93,-3.960693e-07,-5.809676e-05,-1.009097e-06,-0.004708767,6.100981e-05,0.007553026,0.926
2024_02_12_20_37_49_881,0.3,0.0,142033.0,142033.0,59.25753,0.0001004791,0.1359903,-2.201629e-06,0.009084584,-9.39469e-05,0.93,1.743537e-06,-5.605179e-05,-1.305455e-07,0.004827976,-4.71e-05,9.126961e-05,0.926
2024_02_12_20_37_49_919,0.3,0.0,142115.0,142115.0,59.29183,0.0001005404,0.1359903,-3.837403e-07,0.009084644,-9.521849e-05,0.93,3.405957e-06,-7.469082e-05,-4.182138e-06,-0.01329183,0.0001737458,0.01134816,0.926
2024_02_12_20_37_49_956,0.3,0.0,142200.0,142200.0,59.32706,0.000100653,0.1359903,1.051648e-06,0.009084526,-9.259309e-05,0.93,-3.997713e-05,-4.3501e-06,-4.4939e-06,-0.01513958,1.081253e-05,0.03829785,0.926
2024_02_12_20_37_49_989,0.3,0.0,142273.0,142273.0,59.35765,0.0001007124,0.1359903,-1.579642e-06,0.009084556,-9.459109e-05,0.93,-1.878993e-06,-2.720936e-05,-1.334705e-06,0.01001358,0.0004288671,-0.02282858,0.926
2024_02_12_20_37_50_027,0.3,0.0,142358.0,142358.0,59.39287,0.0001007894,0.1359903,-1.422944e-06,0.009084526,-9.354732e-05,0.93,-2.178289e-06,-1.594854e-05,-3.016589e-06,-0.0007748603,6.901404e-05,0.003840774,0.926
2024_02_12_20_37_50_061,0.3,0.0,142431.0,142431.0,59.42346,0.0001008328,0.1359903,2.071532e-06,0.009084586,-9.351646e-05,0.93,-3.419673e-06,-3.528913e-05,-1.757801e-06,-0.00500679,8.511324e-05,-0.0114236,0.926
2024_02_12_20_37_50_098,0.3,0.0,142516.0,142516.0,59.45869,0.000100872,0.1359903,1.439912e-06,0.009084555,-9.398373e-05,0.93,-2.399857e-05,-4.896116e-06,1.052352e-05,0.007987022,5.982451e-05,-0.01129508,0.926
2024_02_12_20_37_50_132,0.3,0.0,142590.0,142590.0,59.48928,0.0001009223,0.1359904,5.751041e-07,0.009084556,-9.457547e-05,0.93,-2.351495e-05,-4.12095e-05,5.109594e-06,0.004053116,-0.0001111913,-0.007647089,0.926
2024_02_12_20_37_50_168,0.3,0.0,142672.0,142672.0,59.52357,0.0001009655,0.1359903,2.489158e-07,0.009084465,-9.484625e-05,0.93,-2.737766e-06,-1.109574e-05,-1.52406e-06,0.005841255,0.0001167149,-0.007699243,0.926
2024_02_12_20_37_50_206,0.3,0.0,142756.0,142756.0,59.5588,0.0001010163,0.1359904,-6.300231e-07,0.009084526,-9.694219e-05,0.93,2.75294e-06,-1.383081e-05,-2.017905e-06,0.007629394,8.194672e-05,-0.02671126,0.926
2024_02_12_20_37_50_244,0.3,0.0,142839.0,142839.0,59.5931,0.0001011028,0.1359903,-1.488034e-06,0.009084526,-9.461486e-05,0.93,2.245611e-05,-7.562144e-06,-9.7105e-06,0.001966953,9.104735e-05,0.007762573,0.926
2024_02_12_20_37_50_281,0.3,0.0,142923.0,142923.0,59.62832,0.0001011649,0.1359903,-1.53574e-06,0.009084466,-9.424238e-05,0.93,1.964164e-05,-5.960221e-05,1.670986e-05,-0.003397465,-0.0001017106,0.01898874,0.926
2024_02_12_20_37_50_315,0.3,0.0,142997.0,142997.0,59.65891,0.0001012472,0.1359904,-1.33053e-06,0.009084526,-8.995168e-05,0.93,3.643364e-06,-1.623517e-05,-3.364182e-06,-0.01859665,-4.432991e-06,0.03820844,0.926
2024_02_12_20_37_50_352,0.3,0.0,143082.0,143082.0,59.69414,0.0001013126,0.1359903,4.200423e-07,0.009084466,-8.975364e-05,0.93,2.204251e-05,-2.78695e-05,1.365776e-05,0.001192093,0.0002362909,0.003918074,0.926
2024_02_12_20_37_50_390,0.3,0.0,143164.0,143164.0,59.72844,0.0001013744,0.1359903,3.939759e-07,0.009084466,-9.00314e-05,0.93,-2.218907e-06,-3.407902e-05,1.229166e-06,-0.003099441,0.0001440377,0.0152383,0.926
2024_02_12_20_37_50_423,0.3,0.0,143240.0,143240.0,59.75995,0.0001014192,0.1359903,-2.063233e-06,0.009084526,-9.023265e-05,0.93,-8.713145e-07,-4.519851e-05,-5.485047e-07,-0.005125999,0.000103772,-0.007706694,0.926
2024_02_12_20_37_50_461,0.3,0.0,143322.0,143322.0,59.79425,0.0001014946,0.1359903,-9.671153e-07,0.009084495,-8.965487e-05,0.93,1.800565e-06,-1.440339e-05,-4.258471e-06,0.001847744,0.0001596136,0.003634952,0.926
2024_02_12_20_37_50_494,0.3,0.0,143396.0,143396.0,59.82484,0.000101567,0.1359904,-2.188871e-07,0.009084526,-8.802063e-05,0.93,-1.990623e-05,-3.709693e-06,-1.425788e-05,0.002384186,0.0001712848,-0.02673454,0.926
2024_02_12_20_37_50_531,0.3,0.0,143480.0,143480.0,59.86007,0.0001016478,0.1359903,8.431131e-08,0.009084554,-8.67544e-05,0.93,5.883899e-07,-2.632528e-05,2.476878e-07,0.008642673,-6.667789e-05,-0.03058184,0.926
2024_02_12_20_37_50_565,0.3,0.0,143554.0,143554.0,59.89066,0.0001016967,0.1359903,5.26339e-07,0.009084497,-8.778211e-05,0.93,-1.017931e-06,-3.399354e-05,-5.562124e-07,0.007510185,7.642598e-06,-0.02308748,0.926
2024_02_12_20_37_50_602,0.3,0.0,143638.0,143638.0,59.92588,0.0001017278,0.1359904,-1.503552e-07,0.009084556,-9.027901e-05,0.93,-2.244235e-06,-1.129071e-05,-2.311601e-06,0.01442432,-6.12298e-05,-0.01515169,0.926
2024_02_12_20_37_50_640,0.3,0.0,143721.0,143721.0,59.96018,0.0001017939,0.1359903,1.653433e-06,0.009084614,-8.974469e-05,0.93,2.002177e-06,-3.22027e-05,1.276396e-06,0.004649162,-4.873413e-06,-0.007676892,0.926
2024_02_12_20_37_50_677,0.3,0.0,143805.0,143805.0,59.9954,0.000101839,0.1359903,-5.213491e-07,0.009084644,-9.049996e-05,0.93,-1.018521e-06,-4.131446e-05,-4.999391e-07,0.008404255,0.0001223804,-0.02669915,0.926
2024_02_12_20_37_50_716,0.3,0.0,143888.0,143888.0,60.0297,0.0001018853,0.1359903,2.980396e-07,0.009084584,-9.132667e-05,0.93,-3.101395e-07,-3.817596e-05,-3.540498e-06,0.004887581,9.569282e-05,0.000115484,0.926
2024_02_12_20_37_50_752,0.3,0.0,143972.0,143972.0,60.06493,0.000101946,0.1359903,2.519313e-07,0.009084644,-9.106008e-05,0.93,2.012657e-05,-4.39129e-05,-6.567157e-06,0.006139278,-0.0001370816,-0.01143943,0.926
2024_02_12_20_37_50_791,0.3,0.0,144055.0,144055.0,60.09922,0.0001019976,0.1359903,3.387615e-07,0.009084584,-9.218194e-05,0.93,-2.075121e-05,-6.178941e-05,1.047356e-05,-0.0001788139,0.0001038609,-0.00381656,0.926
2024_02_12_20_37_50_827,0.3,0.0,144139.0,144139.0,60.13445,0.0001020435,0.1359903,-6.516954e-07,0.009084584,-9.134182e-05,0.93,2.022853e-05,-3.82331e-05,1.2363e-05,0.005066394,-6.185632e-05,-0.003717839,0.926
2024_02_12_20_37_50_861,0.3,0.0,144213.0,144213.0,60.16504,0.000102092,0.1359904,-3.448137e-07,0.009084556,-9.151387e-05,0.93,-8.773444e-07,-6.60045e-05,2.925123e-06,-0.001311302,-0.0001640072,-0.01542922,0.926
2024_02_12_20_37_50_894,0.3,0.0,144286.0,144286.0,60.19563,0.0001021516,0.1359902,-5.229207e-07,0.009084526,-8.919512e-05,0.93,2.39389e-07,-2.074813e-05,-2.592159e-06,-0.005543231,-0.0001226472,0.007647089,0.926
2024_02_12_20_37_50_931,0.3,0.0,144371.0,144371.0,60.23085,0.0001022213,0.1359902,-1.756345e-06,0.009084554,-8.962261e-05,0.93,8.320594e-07,-1.772544e-05,-5.967952e-06,0.0128746,5.176105e-05,-0.022755,0.926
2024_02_12_20_37_50_969,0.3,0.0,144453.0,144453.0,60.26515,0.0001022909,0.1359903,2.853744e-07,0.009084584,-8.79658e-05,0.93,1.081767e-06,-6.522157e-05,2.817774e-07,0.004649162,-0.0003841442,0.003882684,0.926
2024_02_12_20_37_51_002,0.3,0.0,144529.0,144529.0,60.29667,0.0001023302,0.1359904,1.142869e-06,0.009084555,-8.866312e-05,0.93,-4.136724e-05,-3.416831e-06,-9.158046e-06,0.003874302,0.0002118248,-0.01902785,0.926
2024_02_12_20_37_51_039,0.3,0.0,144611.0,144611.0,60.33097,0.0001023667,0.1359903,1.484406e-06,0.009084614,-9.00156e-05,0.93,-2.310971e-06,-3.757948e-05,3.869374e-06,0.006914138,-0.0002941945,-0.007627531,0.926
2024_02_12_20_37_51_079,0.3,0.0,144696.0,144696.0,60.36619,0.0001023958,0.1359904,-3.862338e-07,0.009084556,-9.159242e-05,0.93,2.337259e-08,-2.150799e-05,-4.017722e-06,0.004708767,0.0001899043,0.0153454,0.926
2024_02_12_20_37_51_111,0.3,0.0,144769.0,144769.0,60.39678,0.0001024433,0.1359904,-1.302717e-06,0.009084526,-9.204266e-05,0.93,2.118274e-05,-4.024102e-05,1.381736e-05,0.004053116,-0.0001918475,-0.003908761,0.926
2024_02_12_20_37_51_147,0.3,0.0,144852.0,144852.0,60.43108,0.0001025063,0.1359904,-1.075564e-06,0.009084526,-8.916263e-05,0.93,1.638032e-06,-5.853991e-05,-1.055103e-06,0.01245737,-0.0001021589,-0.02290029,0.926
2024_02_12_20_37_51_185,0.3,0.0,144936.0,144936.0,60.4663,0.0001025716,0.1359903,-4.613082e-07,0.009084467,-8.815929e-05,0.93,-2.878295e-07,-3.411072e-05,3.671135e-06,0.002980232,-0.0001720614,-6.053596e-05,0.926
2024_02_12_20_37_51_220,0.3,0.0,145010.0,145010.0,60.49689,0.0001026299,0.1359903,-2.555394e-06,0.009084467,-8.647626e-05,0.93,4.330988e-05,-3.201327e-05,6.503356e-06,0.01055002,-0.0001286874,-0.01522992,0.926
2024_02_12_20_37_51_252,0.3,0.0,145085.0,145085.0,60.52841,0.0001026767,0.1359903,-5.658795e-07,0.009084466,-8.731851e-05,0.93,-1.632345e-05,-4.114319e-05,6.034177e-06,0.004410744,0.0002610964,-0.01534447,0.926
2024_02_12_20_37_51_290,0.3,0.0,145170.0,145170.0,60.56364,0.0001027469,0.1359904,-1.157571e-06,0.009084497,-8.629147e-05,0.93,2.639639e-06,-6.240523e-05,-2.061875e-06,0.01078844,-2.486615e-05,-0.01535192,0.926
2024_02_12_20_37_51_327,0.3,0.0,145252.0,145252.0,60.59793,0.0001028212,0.1359903,-3.069815e-07,0.009084437,-8.534295e-05,0.93,-2.086013e-05,-2.112004e-05,-1.12277e-05,-0.01001358,0.0001303568,0.02275314,0.926
2024_02_12_20_37_51_366,0.3,0.0,145337.0,145337.0,60.63316,0.0001028729,0.1359903,2.820046e-07,0.009084497,-8.535862e-05,0.93,1.775926e-05,-1.123382e-05,-1.079135e-05,-0.004351139,-8.59535e-05,0.01920667,0.926
2024_02_12_20_37_51_403,0.3,0.0,145419.0,145419.0,60.66746,0.0001028876,0.1359903,8.525351e-07,0.009084554,-8.581209e-05,0.93,-3.317819e-06,-3.437376e-05,8.242369e-07,-0.003397465,0.0004252486,0.003764406,0.926
2024_02_12_20_37_51_435,0.3,0.0,145493.0,145493.0,60.69805,0.0001029585,0.1359904,-1.481475e-06,0.009084526,-8.43144e-05,0.93,6.43192e-06,-7.746567e-06,4.88976e-06,0.001430511,0.0002495349,-0.003778375,0.926
2024_02_12_20_37_51_473,0.3,0.0,145575.0,145575.0,60.73235,0.0001030364,0.1359903,4.978793e-08,0.009084615,-8.370796e-05,0.93,-5.362424e-08,-6.826829e-05,2.554059e-06,-0.01060963,-0.0002752377,0.02284813,0.926
2024_02_12_20_37_51_511,0.3,0.0,145660.0,145660.0,60.76757,0.0001030983,0.1359904,-1.458855e-06,0.009084556,-8.429012e-05,0.93,4.448241e-07,-5.537802e-05,-4.801421e-06,0.001966953,0.0001602708,-0.003906898,0.926
2024_02_12_20_37_51_543,0.3,0.0,145733.0,145733.0,60.79816,0.0001031631,0.1359903,-2.99049e-06,0.009084584,-8.37843e-05,0.93,4.453813e-05,-4.749152e-05,3.289832e-06,-0.01138449,-8.059817e-05,0.01522154,0.926
2024_02_12_20_37_51_581,0.3,0.0,145818.0,145818.0,60.83339,0.0001032231,0.1359903,-1.428188e-06,0.009084584,-8.171446e-05,0.93,1.967434e-05,-4.682658e-05,-2.295526e-06,0.007569789,0.0001222904,-0.01900177,0.926
2024_02_12_20_37_51_614,0.3,0.0,145891.0,145891.0,60.86398,0.0001032697,0.1359903,-1.267412e-06,0.009084614,-8.417752e-05,0.93,-9.741801e-07,-3.358117e-05,-4.86821e-06,0.007092952,0.0001446895,0.003846362,0.926
2024_02_12_20_37_51_654,0.3,0.0,145976.0,145976.0,60.8992,0.0001033356,0.1359904,-1.384958e-06,0.009084644,-8.426561e-05,0.93,7.369835e-07,-3.805933e-05,3.696442e-06,0.01090765,-4.136359e-05,-0.02671685,0.926
2024_02_12_20_37_51_685,0.3,0.0,146050.0,146050.0,60.92979,0.0001033774,0.1359903,4.795725e-07,0.009084584,-8.467735e-05,0.93,-2.617305e-06,-4.651424e-05,-4.725267e-06,0.01090765,5.355531e-05,-0.03812555,0.926
2024_02_12_20_37_51_723,0.3,0.0,146132.0,146132.0,60.96409,0.0001034423,0.1359903,-4.506356e-07,0.009084614,-8.296317e-05,0.93,4.331549e-06,-4.481336e-05,-1.798076e-05,0.00244379,4.894764e-05,0.003937632,0.926
2024_02_12_20_37_51_760,0.3,0.0,146217.0,146217.0,60.99931,0.0001035127,0.1359904,-1.369758e-06,0.009084526,-8.349014e-05,0.93,2.154276e-05,-4.84126e-05,-7.845678e-06,0.01454353,-1.214141e-05,-0.01926534,0.926
2024_02_12_20_37_51_797,0.3,0.0,146299.0,146299.0,61.03361,0.0001035657,0.1359903,1.64925e-07,0.009084644,-8.603116e-05,0.93,3.515227e-06,-4.557751e-05,-2.68853e-06,-0.009953975,2.461206e-05,0.02683047,0.926
2024_02_12_20_37_51_836,0.3,0.0,146384.0,146384.0,61.06884,0.0001036438,0.1359903,8.846832e-07,0.009084614,-8.474555e-05,0.93,-1.075594e-06,-4.7876e-05,4.893216e-06,-0.002801418,-7.571532e-05,0.0037672,0.926
2024_02_12_20_37_51_872,0.3,0.0,146466.0,146466.0,61.10313,0.0001037059,0.1359902,-1.431722e-06,0.009084554,-8.43742e-05,0.93,-1.152496e-06,-4.8581e-05,-4.223584e-06,-0.001132488,0.0001751165,-0.003775581,0.926
2024_02_12_20_37_51_911,0.3,0.0,146551.0,146551.0,61.13836,0.0001037689,0.1359904,1.214916e-06,0.009084614,-8.454894e-05,0.93,-1.936694e-05,-6.580938e-05,1.28428e-05,0.01525879,8.327401e-05,-0.03061164,0.926
2024_02_12_20_37_51_949,0.3,0.0,146633.0,146633.0,61.17266,0.0001038138,0.1359903,-2.103691e-07,0.009084526,-8.623714e-05,0.93,-2.258133e-05,-1.924023e-05,3.738503e-06,-0.007331371,4.646313e-05,0.04594214,0.926
2024_02_12_20_37_51_986,0.3,0.0,146718.0,146718.0,61.20788,0.0001038872,0.1359903,5.293577e-07,0.009084495,-8.358405e-05,0.93,-1.28454e-06,-2.077454e-05,-4.575473e-07,-0.01215935,2.73925e-05,-0.000115484,0.926
2024_02_12_20_37_52_023,0.3,0.0,146800.0,146800.0,61.24218,0.0001039179,0.1359903,-3.457975e-07,0.009084556,-8.475532e-05,0.93,2.734777e-07,-5.608016e-05,-4.565045e-06,0.004708767,0.0001048452,-0.00385195,0.926
2024_02_12_20_37_52_057,0.3,0.0,146876.0,146876.0,61.2737,0.0001039763,0.1359903,-1.347171e-06,0.009084495,-8.503416e-05,0.93,2.376818e-05,-5.260377e-05,-8.713568e-06,-0.00500679,-0.0001268946,-0.0002663583,0.926
2024_02_12_20_37_52_093,0.3,0.0,146958.0,146958.0,61.30799,0.0001040457,0.1359903,-6.752825e-09,0.009084495,-8.500556e-05,0.93,1.04621e-06,1.669776e-06,-2.170571e-06,0.006854534,1.475473e-05,0.007697381,0.926
2024_02_12_20_37_52_131,0.3,0.0,147043.0,147043.0,61.34322,0.0001040974,0.1359904,2.934377e-07,0.009084556,-8.458482e-05,0.93,4.356047e-07,-2.566716e-05,4.13832e-07,-0.01484156,0.0002857263,0.04205573,0.926
2024_02_12_20_37_52_169,0.3,0.0,147125.0,147125.0,61.37752,0.0001041702,0.1359903,3.217311e-07,0.009084497,-8.303722e-05,0.93,9.677169e-08,-3.619222e-05,4.179474e-07,0.003695488,-3.402954e-05,-0.0229571,0.926
2024_02_12_20_37_52_206,0.3,0.0,147210.0,147210.0,61.41274,0.000104242,0.1359904,-3.183356e-07,0.009084467,-8.238144e-05,0.93,1.262026e-06,-3.21775e-05,2.316538e-06,0.001192093,8.260849e-05,-0.01154095,0.926
2024_02_12_20_37_52_243,0.3,0.0,147292.0,147292.0,61.44704,0.0001042885,0.1359903,-1.305988e-06,0.009084467,-8.381501e-05,0.93,-2.665595e-06,-4.864313e-06,-6.788981e-06,-0.002503395,-6.661207e-05,0.003846362,0.926
2024_02_12_20_37_52_281,0.3,0.0,147377.0,147377.0,61.48227,0.0001043626,0.1359903,-6.564085e-07,0.009084496,-8.223874e-05,0.93,1.050164e-06,-3.821154e-05,-2.757575e-06,0.001132488,3.987406e-05,-0.0190977,0.926
2024_02_12_20_37_52_318,0.3,0.0,147459.0,147459.0,61.51656,0.0001044163,0.1359903,1.170758e-06,0.009084465,-8.087222e-05,0.93,-3.643799e-06,-3.114168e-05,2.123809e-06,-0.004887581,-2.156281e-05,0.00755582,0.926
2024_02_12_20_37_52_352,0.3,0.0,147532.0,147532.0,61.54715,0.0001044648,0.1359903,-2.150584e-06,0.009084526,-8.165438e-05,0.93,2.139026e-05,-4.821545e-05,-1.099029e-05,0.00834465,-0.000243225,-0.02304558,0.926
2024_02_12_20_37_52_390,0.3,0.0,147617.0,147617.0,61.58238,0.0001045307,0.1359904,-6.27299e-07,0.009084526,-8.225445e-05,0.93,-4.143321e-07,-1.045705e-05,3.59631e-07,-0.0004768371,-0.0001484861,4.190951e-05,0.926
2024_02_12_20_37_52_427,0.3,0.0,147699.0,147699.0,61.61668,0.0001045808,0.1359903,-2.867242e-07,0.009084554,-8.212116e-05,0.93,-6.979524e-07,-2.199809e-05,2.945731e-06,-0.006258487,-0.0001544063,0.01517963,0.926
2024_02_12_20_37_52_464,0.3,0.0,147784.0,147784.0,61.6519,0.0001046369,0.1359904,4.462151e-07,0.009084555,-8.119152e-05,0.93,-2.907668e-06,-1.452271e-05,-4.707801e-06,0.001847744,-8.931556e-05,2.607703e-05,0.926
2024_02_12_20_37_52_503,0.3,0.0,147866.0,147866.0,61.6862,0.0001046653,0.1359904,-2.08826e-07,0.009084556,-8.442868e-05,0.93,2.063635e-05,-2.568414e-05,1.377098e-05,-0.00745058,-9.979805e-05,0.007603317,0.926
2024_02_12_20_37_52_535,0.3,0.0,147942.0,147942.0,61.71772,0.0001047113,0.1359904,3.734356e-07,0.009084645,-8.445606e-05,0.93,-3.175873e-06,-2.853438e-05,-3.258913e-06,-0.007331371,-4.371679e-05,0.02678484,0.926
2024_02_12_20_37_52_573,0.3,0.0,148025.0,148025.0,61.75201,0.0001047582,0.1359903,-1.378524e-08,0.009084616,-8.476298e-05,0.93,-2.136757e-05,-2.494712e-05,5.305305e-06,0.01764297,0.0001263718,-0.03427267,0.926
2024_02_12_20_37_52_606,0.3,0.0,148100.0,148100.0,61.78353,0.0001047964,0.1359903,6.883031e-07,0.009084586,-8.557772e-05,0.93,-2.172056e-06,-2.166594e-05,-2.974983e-07,-0.01507997,0.0001066534,0.04582293,0.926
2024_02_12_20_37_52_639,0.3,0.0,148174.0,148174.0,61.81412,0.0001048576,0.1359904,-2.071155e-06,0.009084644,-8.444965e-05,0.93,4.490586e-05,-5.001449e-05,1.259889e-05,0.009775162,1.453031e-06,-0.02676807,0.926
2024_02_12_20_37_52_672,0.3,0.0,148247.0,148247.0,61.84471,0.0001048947,0.1359903,-9.676172e-07,0.009084584,-8.67817e-05,0.93,-5.141137e-07,-3.004871e-05,-2.703791e-06,-0.002741813,-8.25014e-05,0.01157075,0.926
2024_02_12_20_37_52_710,0.3,0.0,148332.0,148332.0,61.87994,0.0001049527,0.1359903,-9.898662e-07,0.009084644,-8.695272e-05,0.93,6.196715e-07,-3.85085e-05,2.027021e-07,-0.0009536743,-2.155036e-05,0.01536123,0.926
2024_02_12_20_37_52_748,0.3,0.0,148414.0,148414.0,61.91423,0.0001050419,0.1359903,-3.985847e-07,0.009084586,-8.614295e-05,0.93,-1.958932e-05,-1.882256e-05,-1.638129e-05,-0.009357929,0.0001252092,0.01916662,0.926
2024_02_12_20_37_52_781,0.3,0.0,148490.0,148490.0,61.94575,0.0001051121,0.1359903,-1.090278e-06,0.009084586,-8.478371e-05,0.93,-2.370319e-05,-2.931426e-05,-1.541026e-05,-0.004351139,-0.0002029907,0.01161173,0.926
2024_02_12_20_37_52_819,0.3,0.0,148572.0,148572.0,61.98005,0.0001051735,0.1359903,5.818151e-07,0.009084556,-8.580166e-05,0.93,4.589483e-07,-1.88466e-05,-2.162208e-06,-0.009715557,0.0001542352,0.034431,0.926
2024_02_12_20_37_52_855,0.3,0.0,148657.0,148657.0,62.01527,0.0001052163,0.1359904,8.729978e-07,0.009084586,-8.64465e-05,0.93,-3.308432e-06,-2.962639e-05,1.163203e-07,0.004589558,-1.105326e-05,0.03063679,0.926
2024_02_12_20_37_52_894,0.3,0.0,148739.0,148739.0,62.04957,0.0001052861,0.1359903,-1.671003e-06,0.009084526,-8.666651e-05,0.93,3.308519e-07,-1.630702e-05,3.766864e-07,0.000655651,-3.107891e-05,0.007770024,0.926
2024_02_12_20_37_52_931,0.3,0.0,148824.0,148824.0,62.0848,0.0001053715,0.1359903,-1.1044e-07,0.009084584,-8.566721e-05,0.93,2.651209e-06,-5.464118e-05,2.266457e-07,-0.009000301,-0.0001591965,0.02286117,0.926
2024_02_12_20_37_52_969,0.3,0.0,148906.0,148906.0,62.11909,0.000105438,0.1359904,-9.49412e-07,0.009084526,-8.662904e-05,0.93,1.665629e-05,-4.465809e-05,-1.139379e-05,0.004947185,-0.0001882376,-0.02304371,0.926
2024_02_12_20_37_53_006,0.3,0.0,148991.0,148991.0,62.15432,0.0001054933,0.1359903,4.054901e-07,0.009084526,-8.616514e-05,0.93,-1.588701e-06,-4.861045e-05,-9.085668e-07,-0.00667572,4.003459e-05,0.007542781,0.926
2024_02_12_20_37_53_045,0.3,0.0,149073.0,149073.0,62.18862,0.0001055543,0.1359903,-8.132606e-08,0.009084526,-8.47191e-05,0.93,1.853599e-05,-3.278365e-05,-3.175256e-06,-0.008106232,-3.458331e-05,0.01141708,0.926
2024_02_12_20_37_53_077,0.3,0.0,149147.0,149147.0,62.21921,0.0001055929,0.1359903,-5.218593e-07,0.009084496,-8.529057e-05,0.93,1.97109e-05,-8.536571e-06,-1.165071e-05,-0.001370907,0.0002744531,6.426126e-05,0.926
2024_02_12_20_37_53_114,0.3,0.0,149231.0,149231.0,62.25443,0.0001056537,0.1359902,-1.511973e-06,0.009084495,-8.50174e-05,0.93,2.395045e-07,-2.791754e-05,-5.648405e-07,-0.01567602,0.0001880264,0.02290867,0.926
2024_02_12_20_37_53_152,0.3,0.0,149314.0,149314.0,62.28873,0.0001057038,0.1359903,6.878575e-07,0.009084526,-8.64565e-05,0.93,-2.309559e-06,-3.09572e-05,-4.533094e-07,0.005304813,8.708479e-05,0.007777474,0.926
2024_02_12_20_37_53_189,0.3,0.0,149398.0,149398.0,62.32396,0.0001057447,0.1359903,-5.969837e-07,0.009084465,-8.723692e-05,0.93,-2.175783e-05,-2.935403e-05,8.35415e-06,0.007748603,0.0001420863,-0.03450084,0.926
2024_02_12_20_37_53_226,0.3,0.0,149481.0,149481.0,62.35825,0.0001057834,0.1359904,-2.886467e-07,0.009084526,-8.745481e-05,0.93,-1.469812e-06,-4.014656e-06,2.110392e-06,0.002205372,2.433921e-06,0.007677823,0.926
2024_02_12_20_37_53_264,0.3,0.0,149565.0,149565.0,62.39348,0.0001058453,0.1359903,-1.759831e-06,0.009084614,-8.694788e-05,0.93,5.39641e-06,-4.169296e-05,1.360712e-07,-0.003278255,0.0001067092,-5.960464e-05,0.926
2024_02_12_20_37_53_301,0.3,0.0,149648.0,149648.0,62.42778,0.0001059087,0.1359904,-9.913504e-07,0.009084615,-8.705029e-05,0.93,-1.761455e-06,-6.757723e-05,2.818256e-08,0.002324581,-0.0001417942,-0.00773184,0.926
2024_02_12_20_37_53_338,0.3,0.0,149732.0,149732.0,62.463,0.0001059713,0.1359903,-9.659514e-07,0.009084586,-8.742454e-05,0.93,2.949327e-06,-2.33813e-05,-1.832605e-07,-0.01078844,-7.485721e-05,0.03063492,0.926
2024_02_12_20_37_53_376,0.3,0.0,149815.0,149815.0,62.4973,0.0001060345,0.1359903,7.172581e-07,0.009084584,-8.792215e-05,0.93,-9.004547e-07,-4.890336e-05,1.499904e-06,0.001370907,-0.0002362365,-0.01535937,0.926
2024_02_12_20_37_53_414,0.3,0.0,149899.0,149899.0,62.53252,0.0001060813,0.1359903,1.426564e-06,0.009084584,-8.861596e-05,0.93,-2.194779e-05,-3.858928e-05,9.627376e-06,-0.003755092,7.354856e-06,-0.01158006,0.926
2024_02_12_20_37_53_447,0.3,0.0,149973.0,149973.0,62.56311,0.0001061084,0.1359903,-1.763373e-06,0.009084614,-8.979273e-05,0.93,-7.486993e-07,-3.439706e-05,-5.29421e-07,0.006437301,0.0003920109,-0.03057252,0.926
2024_02_12_20_37_53_485,0.3,0.0,150057.0,150057.0,62.59834,0.0001061728,0.1359902,-4.92707e-07,0.009084526,-9.043646e-05,0.93,-6.804468e-08,-4.976323e-05,-2.467493e-07,-0.009298325,-0.0001192764,0.02299156,0.926
2024_02_12_20_37_53_522,0.3,0.0,150140.0,150140.0,62.63264,0.0001062283,0.1359903,5.24941e-07,0.009084584,-9.038348e-05,0.93,-1.850765e-05,-2.628671e-05,-1.091515e-05,0.001311302,0.0002010636,8.102506e-05,0.926
2024_02_12_20_37_53_555,0.3,0.0,150213.0,150213.0,62.66323,0.0001062954,0.1359904,-4.258082e-07,0.009084555,-9.048453e-05,0.93,2.899761e-06,-3.967612e-05,3.285089e-06,0.01651049,-8.656718e-05,-0.03445335,0.926
2024_02_12_20_37_53_594,0.3,0.0,150298.0,150298.0,62.69845,0.000106364,0.1359903,-1.726762e-06,0.009084526,-8.99018e-05,0.93,1.781883e-05,-2.435457e-05,-7.866305e-06,-0.007212162,-6.936056e-05,0.02305116,0.926
2024_02_12_20_37_53_631,0.3,0.0,150380.0,150380.0,62.73275,0.0001064244,0.1359903,-3.094491e-07,0.009084584,-8.845459e-05,0.93,-2.609746e-06,-4.806239e-05,-2.43953e-05,0.002980232,-0.0002400894,0.003930181,0.926
2024_02_12_20_37_53_664,0.3,0.0,150456.0,150456.0,62.76427,0.0001064559,0.1359903,-6.554168e-07,0.009084556,-8.862793e-05,0.93,1.905622e-05,-4.093598e-05,-1.480696e-05,-0.009536743,-9.480988e-05,0.007649883,0.926
2024_02_12_20_37_53_702,0.3,0.0,150538.0,150538.0,62.79856,0.0001065021,0.1359903,8.381429e-07,0.009084556,-8.888878e-05,0.93,-8.04498e-07,-5.314923e-05,-1.966799e-06,0.00333786,0.0002545719,0.003889203,0.926
2024_02_12_20_37_53_738,0.3,0.0,150623.0,150623.0,62.83379,0.0001065679,0.1359903,-1.082936e-06,0.009084526,-8.766519e-05,0.93,9.544012e-07,-3.048125e-05,4.039531e-07,0.003635883,-2.634215e-05,-0.01520105,0.926
2024_02_12_20_37_53_772,0.3,0.0,150696.0,150696.0,62.86438,0.0001066243,0.1359904,4.551179e-07,0.009084555,-8.850115e-05,0.93,-2.033767e-05,-2.413778e-06,-1.296128e-05,-0.0009536743,-0.000101038,-0.01140963,0.926
2024_02_12_20_37_53_810,0.3,0.0,150781.0,150781.0,62.8996,0.0001066722,0.1359903,-1.286113e-06,0.009084554,-9.013074e-05,0.93,2.013165e-07,-3.043624e-05,-2.015465e-06,0.002682209,-3.127195e-05,-0.003831461,0.926
2024_02_12_20_37_53_843,0.3,0.0,150855.0,150855.0,62.93019,0.0001067433,0.1359903,-1.062636e-06,0.009084554,-8.847302e-05,0.93,3.295542e-06,-3.379372e-05,8.121721e-07,-0.00166893,0.000303871,0.003765337,0.926
2024_02_12_20_37_53_880,0.3,0.0,150937.0,150937.0,62.96449,0.0001067879,0.1359903,-2.678283e-07,0.009084526,-8.869953e-05,0.93,-2.471426e-05,-4.634871e-05,-1.388793e-05,0.01174211,-0.0002678051,-0.02676621,0.926
2024_02_12_20_37_53_919,0.3,0.0,151021.0,151021.0,62.99972,0.0001068146,0.1359903,3.292067e-07,0.009084554,-9.043107e-05,0.93,1.322592e-06,-2.457221e-05,-4.361361e-07,-0.0004172325,-2.520176e-05,-4.284083e-05,0.926
2024_02_12_20_37_53_951,0.3,0.0,151095.0,151095.0,63.03031,0.0001068682,0.1359904,-6.739702e-07,0.009084676,-8.858131e-05,0.93,2.12924e-06,-4.493362e-05,1.861748e-06,-0.01525879,-0.000132438,0.04576705,0.926
2024_02_12_20_37_53_984,0.3,0.0,151171.0,151171.0,63.06182,0.0001069077,0.1359903,-1.128901e-06,0.009084584,-8.833074e-05,0.93,-1.059924e-06,-3.888515e-05,-1.019996e-05,-0.003576278,-7.102909e-05,-0.01914985,0.926
2024_02_12_20_37_54_022,0.3,0.0,151253.0,151253.0,63.09612,0.0001069553,0.1359903,-1.310961e-06,0.009084526,-8.816731e-05,0.93,-7.535957e-07,-2.016957e-05,-5.327073e-06,0.001311302,-2.654673e-05,0.003872439,0.926
2024_02_12_20_37_54_055,0.3,0.0,151327.0,151327.0,63.12671,0.0001069958,0.1359904,2.878806e-08,0.009084526,-8.980044e-05,0.93,1.863386e-06,-6.35067e-05,-2.709463e-06,0.001490116,3.80885e-05,-0.02325419,0.926
2024_02_12_20_37_54_093,0.3,0.0,151411.0,151411.0,63.16194,0.0001070411,0.1359903,8.511763e-07,0.009084554,-8.877282e-05,0.93,-2.254288e-05,-4.05538e-05,-1.573687e-05,-0.005424022,4.147444e-05,-0.003858469,0.926
2024_02_12_20_37_54_131,0.3,0.0,151494.0,151494.0,63.19624,0.0001070968,0.1359903,-7.524615e-07,0.009084497,-9.039846e-05,0.93,2.471024e-06,-3.270607e-05,-2.9835e-07,-0.003695488,-0.0001873042,-0.01532305,0.926
2024_02_12_20_37_54_168,0.3,0.0,151578.0,151578.0,63.23146,0.0001072055,0.1359903,-1.667851e-06,0.009084497,-8.725764e-05,0.93,4.8127e-05,-4.252015e-05,5.2321e-06,0.01001358,-0.0003029501,-0.01910049,0.926
2024_02_12_20_37_54_206,0.3,0.0,151661.0,151661.0,63.26576,0.0001072643,0.1359903,-8.47355e-09,0.009084556,-8.698995e-05,0.93,-8.477829e-07,-6.713082e-05,7.996366e-06,-0.005304813,-0.0001155387,0.00764057,0.926
2024_02_12_20_37_54_239,0.3,0.0,151736.0,151736.0,63.29728,0.0001073186,0.1359903,-9.239635e-07,0.009084554,-8.667061e-05,0.93,6.956971e-07,-1.264433e-05,-6.361915e-06,-0.005424022,-0.0001787029,0.003886409,0.926
2024_02_12_20_37_54_276,0.3,0.0,151819.0,151819.0,63.33157,0.0001073692,0.1359903,-1.343229e-06,0.009084556,-8.613891e-05,0.93,4.185771e-06,-3.387971e-05,-1.499814e-07,-0.001728535,0.0001429694,0.003908761,0.926
2024_02_12_20_37_54_310,0.3,0.0,151894.0,151894.0,63.36309,0.0001074257,0.1359904,-9.295954e-07,0.009084556,-8.547834e-05,0.93,1.96542e-05,-2.822481e-05,1.354006e-05,0.004053116,-0.0001312695,9.220093e-05,0.926
2024_02_12_20_37_54_347,0.3,0.0,151977.0,151977.0,63.39739,0.0001074818,0.1359903,-1.053344e-06,0.009084526,-8.417906e-05,0.93,7.823244e-07,-2.797351e-05,1.076042e-06,0.0004768371,0.0001872142,0.02309028,0.926
2024_02_12_20_37_54_385,0.3,0.0,152061.0,152061.0,63.43261,0.0001075533,0.1359903,-2.83647e-06,0.009084554,-8.475245e-05,0.93,5.988931e-07,-2.490453e-05,-1.951775e-06,0.002384186,1.981971e-05,0.0001229346,0.926
2024_02_12_20_37_54_418,0.3,0.0,152135.0,152135.0,63.4632,0.0001076216,0.1359904,-2.586111e-07,0.009084526,-8.391698e-05,0.93,-8.049135e-07,-8.789396e-05,3.058187e-06,0.0004768371,-0.0001369689,-0.007845461,0.926
2024_02_12_20_37_54_455,0.3,0.0,152217.0,152217.0,63.4975,0.0001076806,0.1359902,1.792046e-07,0.00908417,-8.302952e-05,0.93,-1.748448e-06,1.715881e-05,1.921844e-06,0.009119511,0.0001221791,7.45058e-06,0.926
2024_02_12_20_37_54_489,0.3,0.0,152293.0,152293.0,63.52902,0.0001077265,0.1359902,-6.501504e-08,0.00908405,-8.29681e-05,0.93,-5.30939e-07,1.779618e-07,1.953693e-06,-0.02223253,-6.885773e-05,0.05339644,0.926
2024_02_12_20_37_54_526,0.3,0.0,152375.0,152375.0,63.56332,0.00010778,0.1359902,1.085406e-06,0.009084167,-8.13095e-05,0.93,-3.108688e-06,1.840702e-05,2.897382e-06,-0.0007748603,-0.0003062953,-0.02305768,0.926
2024_02_12_20_37_54_565,0.3,0.0,152460.0,152460.0,63.59854,0.0001077889,0.1359903,1.533653e-06,0.009084227,-8.358283e-05,0.93,-2.153875e-05,-1.360284e-05,5.780766e-06,-0.007987022,-6.788707e-05,0.04164129,0.926
2024_02_12_20_37_54_597,0.3,0.0,152533.0,152533.0,63.62913,0.0001078297,0.1359903,-4.656403e-07,0.009084108,-8.342599e-05,0.93,6.178641e-07,-2.599719e-05,3.329434e-08,0.001609325,-9.55913e-06,-0.0001974404,0.926
2024_02_12_20_37_54_635,0.3,0.0,152616.0,152616.0,63.66343,0.000107903,0.1359901,-2.040775e-06,0.009084019,-8.189734e-05,0.93,4.735094e-06,-2.34003e-05,1.31699e-06,0.01168251,9.054929e-06,-0.03076345,0.926
2024_02_12_20_37_54_673,0.3,0.0,152700.0,152700.0,63.69865,0.0001079559,0.1359902,3.621426e-07,0.00908399,-8.22216e-05,0.93,2.058114e-05,1.985216e-05,-2.31347e-06,-0.002503395,0.0002305518,0.01140498,0.926
2024_02_12_20_37_54_710,0.3,0.0,152783.0,152783.0,63.73299,0.0001080112,0.1359903,6.126395e-07,0.009084138,-8.181859e-05,0.93,2.154257e-06,-1.387714e-05,1.60473e-07,0.0002384186,-9.755012e-05,-0.0001955777,0.926
2024_02_12_20_37_54_748,0.3,0.0,152867.0,152867.0,63.76836,0.0001080814,0.1359902,-3.6987e-07,0.009084139,-7.987118e-05,0.93,8.751506e-07,-6.628242e-06,-4.142017e-07,0.006020069,-0.0001104516,-0.00775326,0.926
2024_02_12_20_37_54_785,0.3,0.0,152950.0,152950.0,63.80268,0.0001081259,0.1359902,3.428765e-07,0.009084256,-8.159636e-05,0.93,-1.409384e-06,1.675382e-05,-1.607662e-06,-0.001192093,0.0002545934,-0.003733672,0.926
2024_02_12_20_37_54_818,0.3,0.0,153025.0,153025.0,63.83407,0.0001081832,0.1359902,-1.653361e-06,0.009084377,-8.232497e-05,0.93,-7.576926e-08,-4.881206e-05,8.690589e-07,0.000834465,5.283345e-05,0.000204891,0.926
2024_02_12_20_37_54_855,0.3,0.0,153108.0,153108.0,63.86824,0.0001082382,0.1359902,1.767787e-07,0.009084406,-8.246007e-05,0.93,1.003166e-06,-3.689887e-05,-1.191582e-06,-0.002741813,0.0002552165,0.02679229,0.926
2024_02_12_20_37_54_893,0.3,0.0,153192.0,153192.0,63.90334,0.0001083117,0.1359903,8.462463e-07,0.009084377,-8.187506e-05,0.93,5.570096e-07,-1.118946e-05,-6.097772e-08,-0.00423193,7.820165e-05,0.01908652,0.926
2024_02_12_20_37_54_926,0.3,0.0,153266.0,153266.0,63.9339,0.0001083578,0.1359904,-4.326253e-07,0.009084526,-8.556113e-05,0.93,-3.593953e-07,-0.0001050124,9.494896e-07,-0.002801418,-0.0001822046,0.003620982,0.926
2024_02_12_20_37_54_960,0.3,0.0,153339.0,153339.0,63.96449,0.0001083921,0.1359903,-1.12953e-06,0.009084288,-8.67741e-05,0.93,-3.000074e-06,-3.194784e-05,-6.58826e-06,-0.004410744,0.0001979393,0.01122896,0.926
2024_02_12_20_37_54_993,0.3,0.0,153415.0,153415.0,63.99587,0.0001084365,0.1359902,9.271594e-07,0.009084316,-8.50797e-05,0.93,-3.711829e-06,6.899989e-06,-1.172102e-06,-0.001072884,3.206162e-05,7.729977e-05,0.926
2024_02_12_20_37_55_033,0.3,0.0,153497.0,153497.0,64.03006,0.0001084601,0.1359902,8.779577e-07,0.009084257,-8.641314e-05,0.93,-3.895781e-07,-3.799874e-05,1.903553e-07,0.006258487,3.243804e-05,-0.007440336,0.926
2024_02_12_20_37_55_069,0.3,0.0,153582.0,153582.0,64.06517,0.0001085211,0.1359901,-1.345386e-06,0.009084317,-8.510171e-05,0.93,3.4134e-06,-5.500722e-05,3.381937e-06,0.003218651,0.0002448829,-0.003606081,0.926
2024_02_12_20_37_55_106,0.3,0.0,153664.0,153664.0,64.09934,0.0001085943,0.1359902,-6.862116e-07,0.009084348,-8.531383e-05,0.93,4.782065e-06,-3.384744e-05,1.828528e-07,0.003993511,-0.0002892491,-0.01532305,0.926
2024_02_12_20_37_55_143,0.3,0.0,153749.0,153749.0,64.13446,0.0001086456,0.1359902,1.280925e-06,0.009084348,-8.447445e-05,0.93,-2.073408e-05,-4.37039e-06,9.586227e-06,0.0007748603,-0.000254499,-0.01907256,0.926
2024_02_12_20_37_55_181,0.3,0.0,153831.0,153831.0,64.16863,0.0001086818,0.1359902,-9.453747e-07,0.009084405,-8.532833e-05,0.93,-1.379882e-06,-1.260581e-05,-5.009445e-06,0.009953975,0.0003628913,-0.03042165,0.926
2024_02_12_20_37_55_218,0.3,0.0,153916.0,153916.0,64.20377,0.0001087033,0.1359902,4.030026e-07,0.009084257,-8.57516e-05,0.93,-7.366024e-07,-3.374639e-05,1.096883e-06,0.002324581,0.0001346203,1.769513e-05,0.926
2024_02_12_20_37_55_256,0.3,0.0,153998.0,153998.0,64.23808,0.0001087318,0.1359902,1.446338e-06,0.009084348,-8.692665e-05,0.93,-1.192008e-06,-3.288897e-05,4.983729e-06,-0.002145767,-0.0001962092,0.02296269,0.926
2024_02_12_20_37_55_289,0.3,0.0,154074.0,154074.0,64.26958,0.0001087729,0.1359902,6.625263e-07,0.009084348,-8.666592e-05,0.93,-1.769175e-05,-3.128903e-05,-7.796138e-06,0.00500679,-0.0002644908,-0.003636814,0.926
2024_02_12_20_37_55_327,0.3,0.0,154156.0,154156.0,64.30386,0.0001088209,0.1359902,1.849675e-07,0.009084318,-8.790874e-05,0.93,1.946053e-06,1.844985e-05,3.448307e-06,0.006437301,0.0002790753,-0.01906604,0.926
2024_02_12_20_37_55_364,0.3,0.0,154241.0,154241.0,64.33897,0.0001088614,0.1359903,1.961982e-07,0.009084497,-8.832556e-05,0.93,8.732795e-07,-7.773933e-05,2.882694e-06,0.0004768371,6.835898e-05,0.007705763,0.926
2024_02_12_20_37_55_401,0.3,0.0,154323.0,154323.0,64.37332,0.0001088971,0.1359904,-7.577905e-07,0.009084437,-8.707507e-05,0.93,-1.607146e-06,-6.865709e-05,-2.257349e-06,-0.001847744,0.0002221433,0.02271589,0.926
2024_02_12_20_37_55_439,0.3,0.0,154408.0,154408.0,64.40854,0.0001089454,0.1359901,-1.535562e-07,0.009084318,-8.62594e-05,0.93,2.551034e-06,-1.412295e-05,-1.891048e-07,-0.007510185,-0.000202687,0.03082026,0.926
2024_02_12_20_37_55_472,0.3,0.0,154482.0,154482.0,64.43903,0.0001089966,0.1359902,3.825216e-07,0.009084318,-8.530397e-05,0.93,5.194438e-06,-1.95786e-05,1.455366e-06,0.003218651,-0.0001798518,5.960464e-05,0.926
2024_02_12_20_37_55_510,0.3,0.0,154564.0,154564.0,64.47325,0.0001090518,0.1359902,-2.253159e-06,0.009084348,-8.427623e-05,0.93,2.277834e-05,7.107523e-06,-7.359266e-06,0.003397465,9.497398e-06,0.0115782,0.926
2024_02_12_20_37_55_543,0.3,0.0,154640.0,154640.0,64.50469,0.0001091385,0.1359903,-2.603837e-06,0.009084377,-8.172314e-05,0.93,6.106132e-06,-1.004597e-05,-2.54673e-07,0.008940697,-0.0001752554,-0.0304915,0.926
2024_02_12_20_37_55_581,0.3,0.0,154722.0,154722.0,64.53895,0.0001091796,0.1359902,-2.059132e-07,0.009084286,-8.507484e-05,0.93,-2.234448e-05,5.842976e-05,2.77942e-06,0.0103116,0.0001588419,-0.03041234,0.926
2024_02_12_20_37_55_617,0.3,0.0,154807.0,154807.0,64.57416,0.0001092432,0.1359902,-1.409575e-06,0.009084317,-8.303425e-05,0.93,3.334975e-06,-4.139105e-06,-2.18012e-06,-0.02068281,9.439656e-05,0.03809202,0.926
2024_02_12_20_37_55_656,0.3,0.0,154889.0,154889.0,64.6085,0.0001093062,0.1359902,-1.764548e-06,0.009084348,-8.289496e-05,0.93,8.537887e-07,-4.424012e-05,9.897554e-07,-0.004887581,-9.92145e-07,0.01140125,0.926
2024_02_12_20_37_55_689,0.3,0.0,154965.0,154965.0,64.64015,0.0001093166,0.1359902,-6.555517e-07,0.009084227,-8.471421e-05,0.93,-1.578273e-06,-6.248772e-06,1.793168e-05,0.004887581,0.0002238911,-0.02309773,0.926
2024_02_12_20_37_55_726,0.3,0.0,155047.0,155047.0,64.67458,0.0001093586,0.1359902,1.170995e-06,0.009084377,-8.531789e-05,0.93,-3.912738e-07,-1.667927e-05,-2.093695e-07,-0.02455711,4.800608e-05,0.04587974,0.926
2024_02_12_20_37_55_764,0.3,0.0,155130.0,155130.0,64.709,0.0001093912,0.1359904,1.672982e-07,0.009084526,-8.583105e-05,0.93,3.487947e-07,-8.513098e-05,-2.406411e-06,0.0004172325,0.0001075933,-0.0001816079,0.926
2024_02_12_20_37_55_798,0.3,0.0,155205.0,155205.0,64.74065,0.0001094257,0.1359903,-2.427165e-07,0.009084496,-8.578706e-05,0.93,-9.138164e-07,-0.0001018293,3.403678e-06,-0.01084804,-0.000139001,0.02268422,0.926
2024_02_12_20_37_55_834,0.3,0.0,155288.0,155288.0,64.77511,0.0001094382,0.1359902,-2.314267e-09,0.009084348,-8.907771e-05,0.93,6.812047e-07,-4.275616e-05,-1.92308e-06,-0.002384186,0.0001151449,0.01547299,0.926
2024_02_12_20_37_55_869,0.3,0.0,155363.0,155363.0,64.80676,0.0001094811,0.1359902,4.378363e-07,0.009084257,-9.042725e-05,0.93,-1.972458e-05,-6.121377e-06,1.105001e-05,0.005841255,0.0001030888,0.01159869,0.926
2024_02_12_20_37_55_905,0.3,0.0,155446.0,155446.0,64.84121,0.0001095337,0.1359903,-3.523978e-07,0.009084526,-8.974213e-05,0.93,-1.953842e-05,-9.161483e-05,-1.907253e-05,0.0005960464,7.100084e-05,-7.450581e-05,0.926
2024_02_12_20_37_55_943,0.3,0.0,155530.0,155530.0,64.87658,0.0001095649,0.1359903,8.902186e-07,0.009084526,-9.146657e-05,0.93,-2.209676e-05,-9.960055e-05,-7.584482e-06,0.004708767,-4.188161e-05,-0.003896653,0.926
2024_02_12_20_37_55_981,0.3,0.0,155613.0,155613.0,64.91101,0.0001095673,0.1359903,-1.846939e-06,0.009084496,-9.373603e-05,0.93,2.127865e-06,-9.242629e-05,-2.55753e-06,-0.0007748603,0.0001543221,-0.0001462176,0.926
2024_02_12_20_37_56_014,0.3,0.0,155686.0,155686.0,64.94174,0.0001096984,0.1359902,-2.320987e-06,0.009084317,-8.975608e-05,0.93,9.965405e-06,-2.147927e-05,2.814395e-06,0.003755092,-3.75868e-05,-0.003747642,0.926
2024_02_12_20_37_56_051,0.3,0.0,155771.0,155771.0,64.97704,0.0001097796,0.1359902,-8.979245e-07,0.009084377,-8.97046e-05,0.93,2.305977e-06,-1.503825e-05,-5.53244e-06,-0.00745058,-5.860897e-06,0.01913402,0.926
2024_02_12_20_37_56_089,0.3,0.0,155853.0,155853.0,65.01139,0.000109834,0.1359902,4.266558e-07,0.009084406,-8.774756e-05,0.93,-1.85395e-06,-2.201059e-05,-2.581543e-06,0.001370907,0.0001814555,-0.02288632,0.926
2024_02_12_20_37_56_122,0.3,0.0,155929.0,155929.0,65.04294,0.0001098615,0.1359904,2.494781e-07,0.009084526,-8.898567e-05,0.93,-9.892053e-07,-6.987735e-05,-4.733016e-07,0.0008940696,7.7565e-05,-0.0001853332,0.926
2024_02_12_20_37_56_160,0.3,0.0,156011.0,156011.0,65.07739,0.000109908,0.1359903,-1.437748e-06,0.009084526,-8.863815e-05,0.93,8.880554e-07,-8.942957e-05,2.611399e-06,0.009953975,9.594157e-05,-0.02693105,0.926
2024_02_12_20_37_56_197,0.3,0.0,156096.0,156096.0,65.11277,0.000110002,0.1359903,-3.529161e-06,0.009084526,-8.833998e-05,0.93,-3.222119e-05,-8.323789e-05,-2.927365e-06,-0.003874302,0.0002525562,0.007601454,0.926
2024_02_12_20_37_56_235,0.3,0.0,156178.0,156178.0,65.14722,0.0001100961,0.1359902,-1.237063e-06,0.009084377,-8.901661e-05,0.93,8.595139e-07,-3.415444e-05,-2.204984e-06,0.002920627,-0.0002920433,-0.003586523,0.926
2024_02_12_20_37_56_271,0.3,0.0,156263.0,156263.0,65.18257,0.0001101653,0.1359901,4.602635e-07,0.009084376,-8.920566e-05,0.93,1.521993e-06,-3.757703e-05,1.569872e-06,-0.001072884,-0.0001020875,0.0002197921,0.926
2024_02_12_20_37_56_310,0.3,0.0,156345.0,156345.0,65.21695,0.0001102218,0.1359902,7.564911e-07,0.009084405,-8.883161e-05,0.93,-2.162298e-05,9.169625e-06,-1.496669e-05,0.008046627,0.0001506339,-0.0266023,0.926
2024_02_12_20_37_56_343,0.3,0.0,156421.0,156421.0,65.24848,0.000110281,0.1359904,1.892813e-09,0.009084556,-8.847069e-05,0.93,4.042156e-07,-7.46003e-05,-1.438009e-06,0.001549721,3.413913e-05,-0.0001275912,0.926
2024_02_12_20_37_56_376,0.3,0.0,156494.0,156494.0,65.27911,0.0001103514,0.1359903,2.284669e-07,0.009084556,-8.709478e-05,0.93,3.61866e-06,-8.452992e-05,-2.114348e-07,0.007629394,-0.0001126444,-0.003799796,0.926
2024_02_12_20_37_56_414,0.3,0.0,156577.0,156577.0,65.31342,0.0001104303,0.1359902,1.421113e-06,0.009084377,-8.747791e-05,0.93,-1.835751e-05,-3.255354e-05,8.89795e-06,0.003814697,-1.098317e-05,-0.01497473,0.926
2024_02_12_20_37_56_452,0.3,0.0,156661.0,156661.0,65.3488,0.0001104838,0.1359902,8.673648e-08,0.009084348,-8.736974e-05,0.93,1.427453e-05,-3.050533e-05,-4.469059e-06,0.007152557,-0.000123053,-0.03053155,0.926
2024_02_12_20_37_56_484,0.3,0.0,156735.0,156735.0,65.37952,0.0001104999,0.1359903,1.094148e-06,0.009084318,-8.842404e-05,0.93,-2.615402e-05,-2.538502e-06,9.774657e-06,0.001132488,-7.491053e-06,-0.0001201406,0.926
2024_02_12_20_37_56_518,0.3,0.0,156811.0,156811.0,65.41117,0.0001105394,0.1359902,8.027222e-08,0.009084405,-8.741561e-05,0.93,-5.3306e-06,1.959589e-05,1.303477e-06,0.003039837,-0.0003597008,0.02311449,0.926
2024_02_12_20_37_56_556,0.3,0.0,156893.0,156893.0,65.44553,0.000110586,0.1359902,3.630479e-07,0.009084348,-8.775535e-05,0.93,-1.449339e-06,3.288032e-06,-2.519791e-07,0.001907349,6.405025e-05,2.8871e-05,0.926
2024_02_12_20_37_56_592,0.3,0.0,156978.0,156978.0,65.48087,0.0001106301,0.1359904,7.90403e-07,0.009084526,-8.673369e-05,0.93,-3.231575e-06,-8.493942e-05,-1.851681e-06,-0.0007152557,2.924338e-05,-0.0001797452,0.926
2024_02_12_20_37_56_627,0.3,0.0,157051.0,157051.0,65.5116,0.0001106784,0.1359901,1.450428e-06,0.009084348,-8.368578e-05,0.93,-1.882025e-05,-4.456774e-05,-8.041209e-06,0.0002980232,0.000110992,0.0001285225,0.926
2024_02_12_20_37_56_664,0.3,0.0,157133.0,157133.0,65.54605,0.0001107287,0.1359902,-1.08967e-06,0.009084317,-8.506553e-05,0.93,2.274979e-06,-3.033257e-06,-9.103481e-06,0.007212162,-6.39485e-05,-0.01919549,0.926
2024_02_12_20_37_56_700,0.3,0.0,157218.0,157218.0,65.58141,0.0001107926,0.1359903,5.407479e-07,0.009084496,-8.401341e-05,0.93,-1.52512e-06,-7.615121e-05,-3.880646e-07,-0.0001192093,7.567422e-05,-0.0001452863,0.926
2024_02_12_20_37_56_735,0.3,0.0,157291.0,157291.0,65.61213,0.0001108233,0.1359903,1.450987e-07,0.009084496,-8.608379e-05,0.93,-3.438811e-07,-0.0001046993,1.372626e-06,0.0001192093,9.787425e-05,-0.0001834705,0.926
2024_02_12_20_37_56_772,0.3,0.0,157376.0,157376.0,65.6475,0.0001108645,0.1359903,-3.316025e-08,0.009084496,-8.769878e-05,0.93,2.566008e-07,-9.93518e-05,2.459968e-06,0.007569789,-0.0001516826,-0.007765367,0.926
2024_02_12_20_37_56_810,0.3,0.0,157458.0,157458.0,65.68196,0.0001109359,0.1359901,-1.531444e-06,0.009084318,-8.444136e-05,0.93,2.442101e-05,-3.06728e-05,-5.265232e-06,0.0001192093,-0.0002701641,0.003934838,0.926
2024_02_12_20_37_56_847,0.3,0.0,157543.0,157543.0,65.71732,0.0001110041,0.1359902,-3.540118e-07,0.009084377,-8.436265e-05,0.93,-3.94539e-05,-1.823275e-05,-1.274077e-06,-0.009775162,4.375067e-05,0.02316851,0.926
2024_02_12_20_37_56_885,0.3,0.0,157625.0,157625.0,65.75177,0.0001110707,0.1359901,-1.149947e-06,0.009084346,-8.4844e-05,0.93,1.992202e-06,1.825327e-05,3.575694e-07,0.01168251,0.0001838738,-0.0151759,0.926
2024_02_12_20_37_56_922,0.3,0.0,157710.0,157710.0,65.78714,0.0001111219,0.1359903,-2.050047e-06,0.009084496,-8.63664e-05,0.93,2.230019e-07,-7.963707e-05,4.165337e-07,0.001251697,4.823903e-05,-0.0002123415,0.926
2024_02_12_20_37_56_960,0.3,0.0,157792.0,157792.0,65.82159,0.0001111698,0.1359903,4.043218e-07,0.009084526,-8.706479e-05,0.93,-1.462285e-06,-8.418946e-05,4.388651e-09,0.006437301,5.959646e-05,-0.007705763,0.926
2024_02_12_20_37_56_997,0.3,0.0,157877.0,157877.0,65.85696,0.0001112715,0.1359902,1.006597e-06,0.009084348,-8.328507e-05,0.93,-3.831831e-05,-1.929428e-05,-4.221895e-06,-0.01472235,-0.0001023434,0.03826618,0.926
2024_02_12_20_37_57_034,0.3,0.0,157959.0,157959.0,65.8914,0.0001113501,0.1359902,4.285581e-07,0.009084348,-8.218962e-05,0.93,1.910323e-05,-1.941077e-05,-6.714159e-06,-0.002384186,-0.0002397425,0.01917128,0.926
2024_02_12_20_37_57_072,0.3,0.0,158044.0,158044.0,65.9268,0.0001113833,0.1359902,-6.281539e-07,0.009084348,-8.515181e-05,0.93,1.666381e-06,-3.635903e-05,-3.067545e-06,0.001847744,0.0001081875,1.676381e-05,0.926
2024_02_12_20_37_57_108,0.3,0.0,158126.0,158126.0,65.96122,0.0001114444,0.1359903,2.689331e-08,0.009084556,-8.668381e-05,0.93,-1.840737e-06,-7.867849e-05,1.922565e-06,-0.0004768371,-3.173807e-05,1.862645e-05,0.926
2024_02_12_20_37_57_143,0.3,0.0,158200.0,158200.0,65.99191,0.0001114865,0.1359903,1.102718e-07,0.009084556,-8.654585e-05,0.93,-1.477562e-06,-6.368673e-05,5.138933e-07,-0.005304813,-0.000296623,0.01900736,0.926
2024_02_12_20_37_57_181,0.3,0.0,158285.0,158285.0,66.02728,0.000111511,0.1359903,-1.547093e-06,0.009084526,-8.852692e-05,0.93,1.657331e-05,-9.250762e-05,8.664966e-06,-0.007987022,-1.934563e-05,0.007566064,0.926
2024_02_12_20_37_57_218,0.3,0.0,158367.0,158367.0,66.0617,0.000111549,0.1359902,-4.428866e-07,0.009084377,-9.002436e-05,0.93,-1.804894e-06,-2.590046e-05,-4.152814e-06,0.0005960464,0.0001667488,-0.007691793,0.926
2024_02_12_20_37_57_251,0.3,0.0,158443.0,158443.0,66.09333,0.000111607,0.1359902,-4.721662e-07,0.009084318,-8.857792e-05,0.93,1.997599e-05,-9.693348e-06,-3.046001e-06,-0.0005364418,-0.0002103085,0.01933798,0.926
2024_02_12_20_37_57_288,0.3,0.0,158525.0,158525.0,66.12782,0.0001116629,0.1359901,-9.917667e-07,0.009084346,-8.943903e-05,0.93,2.945699e-06,-6.514633e-05,-8.51371e-07,0.01561642,-0.0001264732,-0.05321856,0.926
2024_02_12_20_37_57_326,0.3,0.0,158610.0,158610.0,66.16315,0.0001117314,0.1359904,-1.275996e-07,0.009084555,-8.930756e-05,0.93,-1.413134e-06,-8.665145e-05,2.336369e-06,-0.0005364418,-8.679103e-05,-0.007811933,0.926
2024_02_12_20_37_57_364,0.3,0.0,158692.0,158692.0,66.19758,0.0001117705,0.1359903,1.538586e-06,0.009084556,-8.868882e-05,0.93,-2.482611e-05,-6.828419e-05,-1.32634e-05,0.006258487,0.0001752488,-0.003783963,0.926
2024_02_12_20_37_57_401,0.3,0.0,158777.0,158777.0,66.23291,0.0001118122,0.1359902,-9.348219e-07,0.009084348,-8.970559e-05,0.93,1.566673e-06,-3.787183e-05,5.29679e-07,0.002861023,6.618745e-05,-0.02658926,0.926
2024_02_12_20_37_57_439,0.3,0.0,158859.0,158859.0,66.26722,0.0001118814,0.1359902,-3.391444e-07,0.009084376,-8.879907e-05,0.93,-1.826688e-05,1.21815e-05,2.5201e-06,0.007212162,0.0002114752,-0.02665538,0.926
2024_02_12_20_37_57_476,0.3,0.0,158944.0,158944.0,66.30247,0.0001119491,0.1359902,-2.894418e-06,0.009084348,-8.893076e-05,0.93,2.956443e-06,-9.691823e-06,-3.367076e-06,-0.0002980232,0.0001964522,0.003862194,0.926
2024_02_12_20_37_57_513,0.3,0.0,159026.0,159026.0,66.33688,0.0001120234,0.1359903,-1.014717e-06,0.009084526,-8.760652e-05,0.93,-1.791174e-05,-5.693935e-05,-1.292763e-05,0.002682209,-3.563968e-06,-0.01160335,0.926
2024_02_12_20_37_57_548,0.3,0.0,159102.0,159102.0,66.36854,0.0001120949,0.1359903,1.414569e-07,0.009084526,-8.780304e-05,0.93,2.282489e-06,-7.985051e-05,-1.043539e-06,0.00166893,0.0001238337,0.003706664,0.926
2024_02_12_20_37_57_584,0.3,0.0,159184.0,159184.0,66.40297,0.0001121981,0.1359903,-4.139678e-06,0.009084496,-8.985189e-05,0.93,-3.1408e-05,-0.0001034738,-1.093584e-05,-0.004053116,0.000390316,-0.0001834705,0.926
2024_02_12_20_37_57_618,0.3,0.0,159258.0,159258.0,66.4337,0.0001123266,0.1359902,8.196133e-07,0.009084257,-8.585811e-05,0.93,-3.978575e-05,1.236925e-06,-3.3608e-06,-0.009059906,4.688979e-05,0.03825035,0.926
2024_02_12_20_37_57_655,0.3,0.0,159342.0,159342.0,66.46899,0.0001124007,0.1359901,5.063996e-07,0.009084376,-8.602377e-05,0.93,-5.611887e-06,-3.357684e-05,-2.148184e-07,0.002920627,0.0001505192,-0.04567019,0.926
2024_02_12_20_37_57_689,0.3,0.0,159416.0,159416.0,66.49963,0.0001124346,0.1359901,6.377051e-07,0.009084435,-8.643923e-05,0.93,-5.887559e-06,-2.567949e-05,2.433776e-06,0.01186132,3.065963e-05,-0.03039744,0.926
2024_02_12_20_37_57_725,0.3,0.0,159500.0,159500.0,66.53497,0.0001124848,0.1359902,-1.801753e-07,0.009084377,-8.753018e-05,0.93,1.822489e-05,-1.429231e-05,1.806684e-05,-0.002920627,-0.0002448941,-0.003832392,0.926
2024_02_12_20_37_57_759,0.3,0.0,159574.0,159574.0,66.56568,0.0001125278,0.1359904,1.011489e-06,0.009084526,-8.652009e-05,0.93,-4.772718e-06,-8.769087e-05,2.892751e-07,0.002026558,0.000135812,0.003664754,0.926
2024_02_12_20_37_57_797,0.3,0.0,159658.0,159658.0,66.60107,0.0001125708,0.1359901,1.807234e-07,0.009084377,-8.540075e-05,0.93,-2.243289e-06,-3.697612e-05,2.752842e-06,0.007152557,0.0003685216,-0.003678724,0.926
2024_02_12_20_37_57_834,0.3,0.0,159741.0,159741.0,66.63543,0.0001126149,0.1359902,1.647532e-06,0.009084348,-8.687072e-05,0.93,-2.34447e-05,-2.093583e-05,-1.012536e-05,0.002264977,-0.0001735508,0.01147482,0.926
2024_02_12_20_37_57_872,0.3,0.0,159825.0,159825.0,66.67066,0.0001126431,0.1359902,-1.427806e-06,0.009084377,-8.810282e-05,0.93,-2.113858e-07,-1.507806e-05,1.973588e-06,0.01674891,0.000459602,-0.02283044,0.926
2024_02_12_20_37_57_910,0.3,0.0,159908.0,159908.0,66.70506,0.0001127005,0.1359903,-2.009046e-06,0.009084496,-8.940865e-05,0.93,4.012797e-06,-7.725257e-05,-3.100257e-07,0.001490116,-0.0001788292,-0.0002067536,0.926
2024_02_12_20_37_57_947,0.3,0.0,159992.0,159992.0,66.74043,0.000112768,0.1359903,-1.661218e-07,0.009084496,-8.810627e-05,0.93,-3.021051e-06,-0.0001006989,3.816371e-06,-0.0001788139,-0.0001026538,-0.0001871958,0.926
2024_02_12_20_37_57_980,0.3,0.0,160066.0,160066.0,66.77117,0.0001127971,0.1359903,-7.190346e-07,0.009084496,-8.790367e-05,0.93,-4.709891e-06,-9.431419e-05,5.56154e-07,-0.01060963,0.0002163214,0.0303667,0.926
2024_02_12_20_37_58_018,0.3,0.0,160148.0,160148.0,66.80564,0.0001128433,0.1359902,2.833928e-07,0.009084377,-8.762398e-05,0.93,1.126797e-06,-3.644041e-05,-5.37395e-06,-0.01567602,-2.62429e-05,0.01548137,0.926
2024_02_12_20_37_58_055,0.3,0.0,160233.0,160233.0,66.84102,0.000112893,0.1359902,-9.861567e-07,0.009084348,-8.737794e-05,0.93,-2.170813e-06,-1.593298e-05,-2.174367e-07,-0.002801418,0.0001150938,0.03834628,0.926
2024_02_12_20_37_58_088,0.3,0.0,160306.0,160306.0,66.8717,0.0001129406,0.1359902,3.269654e-07,0.009084437,-8.95031e-05,0.93,2.068251e-06,-6.31743e-06,-2.234426e-07,-0.007390975,-8.11467e-05,0.03065821,0.926
2024_02_12_20_37_58_122,0.3,0.0,160382.0,160382.0,66.90298,0.0001129989,0.1359903,7.385429e-07,0.009084616,-8.846735e-05,0.93,-2.478595e-07,-7.984747e-05,-2.700009e-08,-0.0003576278,1.782496e-05,1.862645e-06,0.926
2024_02_12_20_37_58_160,0.3,0.0,160464.0,160464.0,66.9369,0.0001130454,0.1359903,-1.416444e-06,0.009084703,-8.903992e-05,0.93,2.172693e-05,-0.000106467,1.492068e-05,0.00333786,-0.0002377123,-0.01160335,0.926
2024_02_12_20_37_58_193,0.3,0.0,160538.0,160538.0,66.96719,0.0001131133,0.1359903,-4.487949e-07,0.009084674,-8.705448e-05,0.93,-1.849402e-05,-6.041236e-05,3.852114e-06,-0.005364418,0.0002051522,-0.007511116,0.926
2024_02_12_20_37_58_231,0.3,0.0,160622.0,160622.0,67.00223,0.0001132195,0.1359903,-2.330821e-06,0.009084823,-8.383967e-05,0.93,4.107105e-06,-5.455845e-05,3.264407e-06,-0.005185604,-2.332786e-05,0.0001462176,0.926
2024_02_12_20_37_58_268,0.3,0.0,160705.0,160705.0,67.0363,0.0001132841,0.1359903,6.09593e-07,0.009084912,-8.376712e-05,0.93,-9.365538e-07,-3.398885e-05,-2.302941e-06,-0.006139278,-6.041034e-05,-0.007463619,0.926
2024_02_12_20_37_58_305,0.3,0.0,160789.0,160789.0,67.07122,0.0001133325,0.1359904,3.496022e-07,0.009085001,-8.368826e-05,0.93,-1.622757e-06,-8.712694e-05,-1.682582e-07,0.0003576278,0.0001243727,0.00784453,0.926
2024_02_12_20_37_58_343,0.3,0.0,160872.0,160872.0,67.10515,0.0001133849,0.1359904,3.948618e-07,0.009084824,-8.372975e-05,0.93,-6.209757e-07,-6.789008e-05,5.80448e-07,-0.005364418,5.047695e-06,0.01518242,0.926
2024_02_12_20_37_58_377,0.3,0.0,160948.0,160948.0,67.13635,0.0001134222,0.1359905,-5.088564e-07,0.009084824,-8.471937e-05,0.93,-1.515089e-06,-9.032783e-05,5.974432e-06,-0.002861023,0.000211427,0.003619119,0.926
2024_02_12_20_37_58_414,0.3,0.0,161030.0,161030.0,67.17036,0.0001134771,0.1359903,1.341615e-06,0.009084646,-8.272075e-05,0.93,-2.175283e-05,-3.700324e-05,-1.303317e-05,-0.007152557,1.822059e-05,0.01914334,0.926
2024_02_12_20_37_58_451,0.3,0.0,161115.0,161115.0,67.20542,0.0001135541,0.1359903,-1.16747e-07,0.009084733,-8.141002e-05,0.93,-5.400658e-07,-3.820804e-05,-2.226275e-07,0.003695488,-0.0002032391,-0.02277363,0.926
2024_02_12_20_37_58_488,0.3,0.0,161197.0,161197.0,67.23953,0.0001136176,0.1359904,2.386257e-07,0.009084675,-7.953409e-05,0.93,-6.468746e-07,-2.226026e-05,1.730672e-06,0.02646446,7.485823e-05,-0.04576053,0.926
2024_02_12_20_37_58_521,0.3,0.0,161270.0,161270.0,67.26978,0.00011366,0.1359904,4.365973e-07,0.009084526,-7.995924e-05,0.93,-1.590803e-06,-4.91721e-05,-1.137682e-07,0.0008940696,5.58166e-05,-0.0002346933,0.926
2024_02_12_20_37_58_559,0.3,0.0,161355.0,161355.0,67.30488,0.0001137078,0.1359903,-3.834471e-07,0.009084466,-7.99663e-05,0.93,-1.724734e-06,-0.0001127058,5.513585e-07,0.0005960464,-9.695577e-05,-0.0002039596,0.926
2024_02_12_20_37_58_597,0.3,0.0,161437.0,161437.0,67.33929,0.0001137471,0.1359902,7.687192e-07,0.009084139,-8.132344e-05,0.93,-2.08512e-06,-1.377699e-05,3.187471e-07,-0.00745058,8.768518e-05,0.01514517,0.926
2024_02_12_20_37_58_634,0.3,0.0,161522.0,161522.0,67.37436,0.0001138099,0.1359901,-1.704381e-06,0.009084316,-8.263619e-05,0.93,2.891511e-06,-6.683923e-05,1.823247e-06,-0.007212162,7.1268e-06,-0.01150183,0.926
2024_02_12_20_37_58_672,0.3,0.0,161604.0,161604.0,67.40852,0.0001138813,0.1359902,-4.468614e-08,0.009084318,-8.161063e-05,0.93,2.160925e-06,-6.294916e-05,2.758463e-06,0.001072884,-0.0001282315,-0.02264231,0.926
2024_02_12_20_37_58_705,0.3,0.0,161680.0,161680.0,67.4399,0.0001139345,0.1359902,-4.102028e-07,0.009084377,-8.158978e-05,0.93,1.916589e-05,-3.391851e-05,-5.303457e-06,0.003814697,-0.0003223727,-0.003729947,0.926
2024_02_12_20_37_58_738,0.3,0.0,161754.0,161754.0,67.47037,0.0001139614,0.1359902,-9.750351e-07,0.009084377,-8.254284e-05,0.93,-4.097096e-06,-1.98196e-05,-2.208535e-06,-0.01823902,-0.0002563836,0.04585553,0.926
2024_02_12_20_37_58_776,0.3,0.0,161838.0,161838.0,67.50545,0.0001140039,0.1359902,-1.292487e-07,0.009084377,-8.08156e-05,0.93,-2.072628e-06,-9.872192e-06,-7.293729e-06,-0.006735324,5.129618e-05,0.03059488,0.926
2024_02_12_20_37_58_814,0.3,0.0,161921.0,161921.0,67.53961,0.0001140095,0.1359902,-3.776694e-07,0.009084316,-8.328468e-05,0.93,1.289194e-05,-4.569169e-05,1.761137e-05,0.01341104,-1.652302e-05,-0.03809854,0.926
2024_02_12_20_37_58_851,0.3,0.0,162005.0,162005.0,67.5747,0.0001140498,0.1359902,-3.183181e-06,0.009084317,-8.435715e-05,0.93,3.186187e-06,-6.2347e-05,3.074354e-06,-0.0007152557,0.000249517,-9.406357e-05,0.926
2024_02_12_20_37_58_889,0.3,0.0,162088.0,162088.0,67.60891,0.0001141188,0.1359902,5.738357e-07,0.009084377,-8.297103e-05,0.93,-1.358251e-06,-7.816529e-05,2.158771e-06,0.008881092,-0.0001265575,-0.03049057,0.926
2024_02_12_20_37_58_922,0.3,0.0,162161.0,162161.0,67.63938,0.0001141635,0.1359902,-8.549165e-07,0.009084286,-8.363287e-05,0.93,5.016306e-07,-1.410127e-05,-2.205849e-07,-0.003397465,-7.721609e-07,-0.03066286,0.926
2024_02_12_20_37_58_959,0.3,0.0,162246.0,162246.0,67.67446,0.0001142137,0.1359902,1.718504e-07,0.009084376,-8.515149e-05,0.93,1.391948e-06,-8.764197e-06,-1.118466e-06,0.01055002,0.000149334,-0.02660416,0.926
2024_02_12_20_37_58_999,0.3,0.0,162328.0,162328.0,67.70864,0.0001142643,0.1359902,-8.677269e-07,0.009084316,-8.392891e-05,0.93,7.420515e-07,-5.701389e-06,1.689425e-06,0.002861023,-8.670372e-05,-0.01539383,0.926
2024_02_12_20_37_59_034,0.3,0.0,162413.0,162413.0,67.74374,0.0001143215,0.1359902,1.768538e-09,0.009084348,-8.354394e-05,0.93,1.747207e-06,-2.43265e-05,-8.472542e-07,0.002324581,1.275384e-05,-0.01516659,0.926
2024_02_12_20_37_59_072,0.3,0.0,162495.0,162495.0,67.7779,0.0001143881,0.1359902,5.936815e-07,0.009084346,-8.42466e-05,0.93,-9.871146e-07,2.839913e-06,5.437351e-06,-0.00423193,-0.0001060925,-0.007714144,0.926
2024_02_12_20_37_59_105,0.3,0.0,162571.0,162571.0,67.80926,0.000114418,0.1359904,7.226478e-07,0.009084586,-8.563426e-05,0.93,1.955474e-05,-9.025545e-05,1.180691e-05,0.004053116,-0.0003452334,-0.01158845,0.926
2024_02_12_20_37_59_143,0.3,0.0,162653.0,162653.0,67.84325,0.0001144612,0.1359903,-3.500396e-07,0.009084497,-8.362473e-05,0.93,-1.835098e-05,-9.040368e-05,-1.539643e-05,0.001370907,0.0004725117,-0.007719732,0.926
2024_02_12_20_37_59_180,0.3,0.0,162738.0,162738.0,67.8784,0.0001145179,0.1359903,-2.014201e-06,0.009084466,-8.517478e-05,0.93,1.696489e-06,-0.0001018288,-3.637559e-06,-0.01037121,-0.000136304,0.01125131,0.926
2024_02_12_20_37_59_217,0.3,0.0,162820.0,162820.0,67.9127,0.0001145718,0.1359901,4.601128e-07,0.009084288,-8.593562e-05,0.93,-7.69106e-08,-4.060617e-05,1.575682e-06,0.002503395,-0.0001991444,0.0001024455,0.926
2024_02_12_20_37_59_256,0.3,0.0,162905.0,162905.0,67.94784,0.0001146032,0.1359903,5.61919e-07,0.009084317,-8.651296e-05,0.93,-2.598459e-06,-5.641476e-05,1.902654e-06,0.00166893,-7.679028e-05,-0.007775612,0.926
2024_02_12_20_37_59_300,0.3,0.0,162996.0,162996.0,67.98574,0.000114675,0.1359903,-4.480106e-07,0.009084466,-8.77557e-05,0.93,4.729343e-06,-0.0001144347,1.572855e-06,0.004053116,-0.0003429702,-0.0001173466,0.926
2024_02_12_20_37_59_329,0.3,0.0,163072.0,163072.0,68.01735,0.0001147476,0.1359903,-5.578959e-07,0.009084467,-8.551501e-05,0.93,-9.183611e-07,-0.000125501,-1.718549e-06,0.001549721,-1.694309e-05,-0.0001229346,0.926
2024_02_12_20_37_59_369,0.3,0.0,163154.0,163154.0,68.05179,0.0001147902,0.1359903,7.671984e-08,0.009084467,-8.668275e-05,0.93,1.960764e-07,-0.0001236151,2.222752e-08,0.0,-1.197122e-07,-0.0001098961,0.926
2024_02_12_20_37_59_405,0.3,0.0,163239.0,163239.0,68.08708,0.0001148334,0.1359901,-1.53569e-06,0.009084288,-8.835928e-05,0.93,2.108123e-05,-4.483546e-05,-3.943444e-06,0.004708767,-0.0001017407,-0.0187736,0.926
2024_02_12_20_37_59_443,0.3,0.0,163321.0,163321.0,68.12141,0.0001148787,0.1359902,-5.434866e-07,0.009084168,-8.849485e-05,0.93,2.389661e-06,1.219619e-06,1.93739e-07,-0.0002384186,-0.0001144442,-0.003961846,0.926
2024_02_12_20_37_59_479,0.3,0.0,163406.0,163406.0,68.1566,0.0001149574,0.1359902,-8.43204e-07,0.009084348,-8.610162e-05,0.93,4.899461e-06,-4.038369e-05,-2.777516e-06,0.001072884,6.262462e-05,0.003932044,0.926
2024_02_12_20_37_59_513,0.3,0.0,163479.0,163479.0,68.18708,0.000115028,0.1359902,1.353935e-06,0.009084437,-8.560889e-05,0.93,-8.495941e-07,-5.708311e-05,1.296695e-06,-0.02378225,-0.0002649855,0.04584808,0.926
2024_02_12_20_37_59_551,0.3,0.0,163561.0,163561.0,68.22152,0.0001150867,0.1359904,-2.614955e-06,0.009084497,-8.513332e-05,0.93,3.809907e-06,-0.0001161377,2.36098e-06,0.0002980232,0.0001697205,-0.0001583248,0.926
2024_02_12_20_37_59_584,0.3,0.0,163637.0,163637.0,68.25317,0.0001152065,0.1359904,-3.328115e-06,0.009084497,-8.955554e-05,0.93,1.227785e-05,-0.0001290893,-9.013813e-07,0.001490116,1.221247e-05,0.003683381,0.926
2024_02_12_20_37_59_622,0.3,0.0,163720.0,163720.0,68.28745,0.0001153192,0.1359901,8.361908e-07,0.009084318,-8.904554e-05,0.93,-2.921116e-06,-3.415111e-05,1.019793e-06,-0.010252,0.0002012939,0.01916941,0.926
2024_02_12_20_37_59_659,0.3,0.0,163804.0,163804.0,68.32252,0.0001153946,0.1359901,-7.611157e-07,0.009084376,-8.817482e-05,0.93,3.867395e-06,-5.60561e-05,9.216482e-07,0.004589558,1.638375e-05,-0.02282858,0.926
2024_02_12_20_37_59_696,0.3,0.0,163887.0,163887.0,68.35667,0.0001154834,0.1359902,-1.022625e-06,0.009084286,-8.843198e-05,0.93,3.523578e-05,9.793534e-06,2.120882e-06,-0.00578165,-0.0001092246,0.00743661,0.926
2024_02_12_20_37_59_734,0.3,0.0,163971.0,163971.0,68.39176,0.0001155614,0.1359902,-3.653278e-07,0.009084377,-8.685399e-05,0.93,2.005043e-05,-6.479674e-06,-7.582654e-06,0.01180172,-0.0001611817,-0.02674479,0.926
2024_02_12_20_37_59_768,0.3,0.0,164045.0,164045.0,68.42223,0.0001156234,0.1359903,-1.895324e-07,0.009084496,-8.80747e-05,0.93,1.649889e-05,-0.0001013898,1.368242e-05,0.00333786,-5.928802e-05,-0.003975816,0.926
2024_02_12_20_37_59_805,0.3,0.0,164129.0,164129.0,68.45755,0.0001156987,0.1359902,-6.663392e-07,0.009084377,-8.745488e-05,0.93,-2.180195e-06,-4.383322e-05,1.178474e-06,-0.007331371,-0.0003251692,0.02686679,0.926
2024_02_12_20_37_59_842,0.3,0.0,164212.0,164212.0,68.49187,0.0001157779,0.1359901,-6.340442e-07,0.009084286,-8.759645e-05,0.93,-2.084238e-06,-2.798074e-05,1.379649e-07,0.008046627,0.0002639903,-0.04575494,0.926
2024_02_12_20_37_59_876,0.3,0.0,164285.0,164285.0,68.52237,0.0001158506,0.1359902,-8.398717e-07,0.009084346,-8.752484e-05,0.93,-1.981907e-06,-5.778399e-05,3.684666e-07,0.0141859,-2.59472e-05,-0.04571396,0.926
2024_02_12_20_37_59_914,0.3,0.0,164370.0,164370.0,68.55756,0.0001159359,0.1359904,-2.950184e-07,0.009084497,-8.679282e-05,0.93,1.865669e-05,-9.209774e-05,-8.308541e-06,-0.009119511,-0.0001368113,0.03422145,0.926
2024_02_12_20_37_59_951,0.3,0.0,164452.0,164452.0,68.59197,0.0001160051,0.1359903,-1.727118e-06,0.009084466,-8.571293e-05,0.93,-3.732025e-06,-0.0001096348,-1.405738e-06,-0.006258487,-2.006834e-05,0.02656132,0.926
2024_02_12_20_37_59_988,0.3,0.0,164537.0,164537.0,68.6274,0.0001160517,0.1359903,9.973011e-07,0.009084435,-8.578977e-05,0.93,-5.295023e-06,-0.0001065774,2.910523e-06,-0.003576278,-2.218542e-05,-0.000147149,0.926
2024_02_12_20_38_00_022,0.3,0.0,164610.0,164610.0,68.6579,0.0001160807,0.1359901,2.370868e-07,0.009084257,-8.70814e-05,0.93,-2.984925e-06,-3.484821e-05,9.199528e-07,0.004649162,0.0001268571,-0.02282765,0.926
2024_02_12_20_38_00_058,0.3,0.0,164695.0,164695.0,68.69299,0.0001161215,0.1359902,3.266669e-07,0.009084376,-8.777968e-05,0.93,-4.798754e-06,-2.904947e-05,-2.739289e-06,-0.002801418,0.0001698373,-0.007634051,0.926
2024_02_12_20_38_00_096,0.3,0.0,164777.0,164777.0,68.72717,0.000116161,0.1359903,1.150214e-06,0.009084526,-9.057993e-05,0.93,-6.419385e-06,-8.224099e-05,-4.851223e-06,0.008404255,-0.0002605722,-0.01914985,0.926
2024_02_12_20_38_00_134,0.3,0.0,164862.0,164862.0,68.76208,0.0001162162,0.1359903,-9.450648e-07,0.009084496,-8.989408e-05,0.93,-9.591633e-08,-9.301712e-05,-4.071372e-06,0.005483627,0.0001337511,-0.007745809,0.926
2024_02_12_20_38_00_173,0.3,0.0,164944.0,164944.0,68.79625,0.0001162633,0.1359903,5.080509e-07,0.009084526,-9.006423e-05,0.93,-4.87559e-06,-9.040377e-05,-3.649043e-08,0.007867813,1.195013e-05,-0.01152512,0.926
2024_02_12_20_38_00_209,0.3,0.0,165029.0,165029.0,68.83149,0.0001162436,0.1359902,1.641753e-06,0.009084198,-9.112716e-05,0.93,-6.792239e-06,-1.410907e-05,-3.760559e-06,0.0009536743,-8.795041e-06,-9.220093e-05,0.926
2024_02_12_20_38_00_246,0.3,0.0,165111.0,165111.0,68.86593,0.0001162959,0.1359902,5.180296e-07,0.009084318,-9.406463e-05,0.93,2.354692e-05,-4.973354e-05,1.47074e-05,0.0005364418,-0.0004498977,0.0192672,0.926
2024_02_12_20_38_00_283,0.3,0.0,165196.0,165196.0,68.9011,0.0001163764,0.1359903,-1.60322e-06,0.009084348,-9.019305e-05,0.93,-1.425721e-05,-2.480983e-05,-1.280053e-05,0.01096725,-3.605134e-05,-0.01540594,0.926
2024_02_12_20_38_00_318,0.3,0.0,165269.0,165269.0,68.93159,0.000116428,0.1359902,3.508091e-08,0.009084348,-9.130786e-05,0.93,2.135452e-08,9.368273e-06,-1.016694e-06,-0.01585484,7.32366e-05,0.04593189,0.926
2024_02_12_20_38_00_354,0.3,0.0,165354.0,165354.0,68.96671,0.0001164768,0.1359901,-1.520167e-06,0.009084405,-9.329263e-05,0.93,1.184444e-06,-2.289119e-05,-4.892855e-06,0.005066394,0.0001129379,-0.02280902,0.926
2024_02_12_20_38_00_392,0.3,0.0,165436.0,165436.0,69.00091,0.0001165422,0.1359902,-8.840232e-07,0.009084348,-9.380336e-05,0.93,-3.920192e-07,-2.377772e-05,6.318196e-06,0.007927418,9.928692e-05,-0.01137517,0.926
2024_02_12_20_38_00_430,0.3,0.0,165521.0,165521.0,69.03612,0.0001166111,0.1359902,-8.951142e-07,0.009084346,-9.44554e-05,0.93,-1.70455e-05,1.250906e-06,1.257445e-05,0.004291534,-1.906187e-06,-0.003815628,0.926
2024_02_12_20_38_00_467,0.3,0.0,165603.0,165603.0,69.07034,0.0001166782,0.1359901,4.311772e-07,0.009084316,-9.583928e-05,0.93,4.023452e-07,-2.479061e-05,-2.805162e-08,0.003039837,-2.683976e-05,-0.0152532,0.926
2024_02_12_20_38_00_505,0.3,0.0,165688.0,165688.0,69.10542,0.0001167495,0.1359903,-1.348893e-06,0.009084317,-9.523539e-05,0.93,9.86484e-07,1.372235e-05,-5.443766e-07,-0.01066923,-5.524794e-05,0.007499009,0.926
2024_02_12_20_38_00_542,0.3,0.0,165770.0,165770.0,69.13967,0.0001168086,0.1359903,2.624823e-07,0.009084466,-9.438346e-05,0.93,2.574218e-06,-0.0001082398,-7.429436e-06,-0.0002384186,7.079029e-05,-0.00404194,0.926
2024_02_12_20_38_00_576,0.3,0.0,165844.0,165844.0,69.17039,0.0001168597,0.1359903,7.930157e-08,0.009084466,-9.524641e-05,0.93,-3.937676e-07,-0.0001123029,3.073286e-07,0.0001192093,8.943107e-05,-0.0002030283,0.926
2024_02_12_20_38_00_614,0.3,0.0,165928.0,165928.0,69.20567,0.0001169245,0.1359902,-5.664751e-07,0.009084348,-9.603226e-05,0.93,-1.099603e-06,-2.25415e-05,1.043565e-06,-0.01323223,-0.0001708308,0.03063865,0.926
2024_02_12_20_38_00_651,0.3,0.0,166011.0,166011.0,69.23992,0.0001169816,0.1359902,9.978007e-07,0.009084376,-9.66021e-05,0.93,-2.094637e-05,-5.104745e-05,5.458186e-06,0.006735324,-3.707725e-05,-0.02660788,0.926
2024_02_12_20_38_00_688,0.3,0.0,166095.0,166095.0,69.27505,0.0001170209,0.1359901,7.637508e-07,0.009084438,-9.69617e-05,0.93,-3.414566e-06,-4.239475e-05,4.690522e-06,-0.004053116,2.435649e-05,0.02305955,0.926
2024_02_12_20_38_00_725,0.3,0.0,166178.0,166178.0,69.30922,0.0001170775,0.1359903,-3.869251e-08,0.009084496,-9.758985e-05,0.93,4.225694e-06,-9.229045e-05,-2.053072e-06,-0.0004768371,1.45983e-05,-0.004015863,0.926
2024_02_12_20_38_00_764,0.3,0.0,166262.0,166262.0,69.34455,0.000117136,0.1359903,-1.83042e-06,0.009084497,-9.808407e-05,0.93,1.775519e-06,-0.0001105472,1.282131e-06,0.0004768371,-6.655534e-05,-0.0001294538,0.926
2024_02_12_20_38_00_796,0.3,0.0,166336.0,166336.0,69.37528,0.000117205,0.1359901,-3.099123e-07,0.009084227,-9.83348e-05,0.93,3.113732e-06,-1.438413e-05,2.922971e-06,-0.003814697,-0.0001056659,0.02680998,0.926
2024_02_12_20_38_00_835,0.3,0.0,166420.0,166420.0,69.41061,0.0001172936,0.1359902,-3.457492e-07,0.009084377,-9.736612e-05,0.93,2.932009e-06,-5.260805e-05,9.646966e-07,-0.01358986,-0.0001349531,0.0384273,0.926
2024_02_12_20_38_00_868,0.3,0.0,166494.0,166494.0,69.44112,0.000117359,0.1359902,-1.603401e-07,0.009084348,-9.720602e-05,0.93,-2.551268e-07,-1.204798e-05,-2.816291e-06,-0.01460314,-3.877255e-05,0.04976522,0.926
2024_02_12_20_38_00_904,0.3,0.0,166576.0,166576.0,69.47532,0.0001174246,0.1359902,-1.31092e-06,0.009084257,-9.710954e-05,0.93,2.025069e-05,4.200041e-05,-8.298695e-06,-0.00834465,-9.498808e-05,0.03428385,0.926
2024_02_12_20_38_00_943,0.3,0.0,166661.0,166661.0,69.51051,0.0001174787,0.1359903,2.819538e-07,0.009084526,-9.606175e-05,0.93,-3.680149e-06,-8.891203e-05,-2.24152e-07,-0.001132488,0.0001515851,-7.823109e-05,0.926
2024_02_12_20_38_00_979,0.3,0.0,166743.0,166743.0,69.5449,0.0001175381,0.1359903,-2.036865e-06,0.009084496,-9.498254e-05,0.93,9.8414e-07,-8.057109e-05,1.174412e-06,-0.01108646,1.180513e-05,0.03036111,0.926
2024_02_12_20_38_01_018,0.3,0.0,166828.0,166828.0,69.58006,0.000117618,0.1359902,1.658529e-06,0.009084377,-9.523339e-05,0.93,-4.419169e-05,-9.91066e-07,-2.131789e-06,-0.0001192093,-0.0002742863,0.000170432,0.926
2024_02_12_20_38_01_055,0.3,0.0,166910.0,166910.0,69.61422,0.000117661,0.1359903,-2.828866e-07,0.009084378,-9.697228e-05,0.93,1.831409e-05,1.755131e-05,-1.02105e-05,0.009775162,7.881249e-05,0.003765337,0.926
2024_02_12_20_38_01_092,0.3,0.0,166995.0,166995.0,69.64933,0.0001177204,0.1359902,-2.025021e-06,0.009084287,-9.531431e-05,0.93,-5.31988e-07,4.852433e-05,1.097733e-06,-0.006735324,-0.0001902446,0.02293475,0.926
2024_02_12_20_38_01_129,0.3,0.0,167077.0,167077.0,69.68352,0.0001178012,0.1359904,-3.79317e-07,0.009084526,-9.479658e-05,0.93,2.946792e-06,-8.597184e-05,1.665992e-06,-0.003933907,-0.0002281032,-0.007860363,0.926
2024_02_12_20_38_01_163,0.3,0.0,167153.0,167153.0,69.71508,0.0001178751,0.1359903,-1.677833e-06,0.009084556,-9.422719e-05,0.93,-1.02656e-06,-0.0001054098,2.04398e-06,0.0004172325,-0.0001745164,-0.003914349,0.926
2024_02_12_20_38_01_201,0.3,0.0,167235.0,167235.0,69.74947,0.0001180113,0.1359901,-2.141234e-06,0.009084316,-9.185052e-05,0.93,3.59775e-06,-2.230651e-05,-1.361553e-06,0.002026558,-0.0001646366,-0.03826525,0.926
2024_02_12_20_38_01_234,0.3,0.0,167311.0,167311.0,69.78092,0.0001180968,0.1359901,-3.194556e-07,0.009084346,-9.075167e-05,0.93,-3.546477e-06,-3.635904e-05,-6.234063e-07,-0.002861023,-3.676018e-05,-0.003600493,0.926
2024_02_12_20_38_01_271,0.3,0.0,167393.0,167393.0,69.81511,0.0001181567,0.1359902,2.004908e-07,0.009084317,-9.013568e-05,0.93,-3.705182e-06,-2.245942e-05,-1.863457e-06,0.0004172325,-4.829064e-05,2.048909e-05,0.926
2024_02_12_20_38_01_304,0.3,0.0,167467.0,167467.0,69.84566,0.0001181847,0.1359903,1.431398e-07,0.009084496,-9.101223e-05,0.93,1.440914e-05,-9.374021e-05,-5.477553e-06,0.001251697,-0.0001711812,0.003657304,0.926
2024_02_12_20_38_01_343,0.3,0.0,167551.0,167551.0,69.88103,0.0001182087,0.1359903,9.516503e-07,0.009084466,-9.304046e-05,0.93,-3.632398e-06,-0.0001100999,3.057087e-07,0.0001192093,-2.925822e-05,-0.0002058223,0.926
2024_02_12_20_38_01_376,0.3,0.0,167625.0,167625.0,69.91175,0.0001182283,0.1359903,4.827139e-06,0.009084466,-9.273936e-05,0.93,-1.140883e-05,-0.0001244803,-6.354859e-06,0.0007748603,-0.00020624,-0.0001508743,0.926
2024_02_12_20_38_01_414,0.3,0.0,167710.0,167710.0,69.94707,0.0001181885,0.1359902,-1.664564e-07,0.009084318,-9.231181e-05,0.93,-2.141739e-05,-5.167992e-05,-8.943507e-06,0.002145767,6.544923e-05,-0.01126621,0.926
2024_02_12_20_38_01_451,0.3,0.0,167792.0,167792.0,69.98125,0.000118248,0.1359902,-1.954603e-06,0.009084376,-9.242998e-05,0.93,2.424221e-05,-3.041311e-05,1.042409e-05,0.01007318,-1.144622e-05,-0.03437977,0.926
2024_02_12_20_38_01_488,0.3,0.0,167877.0,167877.0,70.01637,0.0001182967,0.1359902,-7.89605e-07,0.009084377,-9.284076e-05,0.93,6.363914e-06,-3.480145e-06,2.514704e-06,0.004291534,0.0001229936,0.0001043081,0.926
2024_02_12_20_38_01_525,0.3,0.0,167959.0,167959.0,70.05056,0.0001183667,0.1359903,-2.277757e-06,0.009084526,-9.455425e-05,0.93,5.260279e-06,-6.201122e-05,-3.966374e-08,0.005304813,2.258287e-05,0.007552094,0.926
2024_02_12_20_38_01_563,0.3,0.0,168044.0,168044.0,70.08584,0.0001185535,0.1359903,-4.896855e-06,0.009084466,-9.258426e-05,0.93,-2.211168e-05,-0.0001092026,-6.488415e-06,-0.003159046,3.923787e-05,-0.0002058223,0.926
2024_02_12_20_38_01_600,0.3,0.0,168126.0,168126.0,70.12025,0.0001187525,0.1359902,-1.463453e-06,0.009084318,-9.829168e-05,0.93,1.622195e-07,-2.879665e-05,1.792133e-06,-0.02205372,-0.0004330674,0.06874464,0.926
2024_02_12_20_38_01_638,0.3,0.0,168211.0,168211.0,70.1555,0.0001188699,0.1359901,-1.06168e-06,0.009084288,-9.675488e-05,0.93,1.724027e-05,-1.811297e-05,-1.041976e-05,-0.004410744,-3.687728e-05,-0.003660097,0.926
2024_02_12_20_38_01_672,0.3,0.0,168284.0,168284.0,70.18613,0.0001189223,0.1359902,-1.215771e-06,0.009084318,-9.750014e-05,0.93,3.610659e-05,-2.530164e-05,3.401824e-06,-0.007569789,1.33997e-05,0.01544878,0.926
2024_02_12_20_38_01_709,0.3,0.0,168369.0,168369.0,70.22142,0.0001189643,0.1359902,1.237697e-06,0.009084377,-9.99111e-05,0.93,-8.428627e-06,1.530766e-05,3.488689e-06,-0.0116229,-0.0003408812,0.01135096,0.926
2024_02_12_20_38_01_742,0.3,0.0,168442.0,168442.0,70.25199,0.0001190166,0.1359902,3.536775e-07,0.009084317,-0.0001007864,0.93,-2.555597e-06,2.239176e-05,1.761764e-06,-0.009298325,6.984919e-07,0.02287049,0.926
2024_02_12_20_38_01_780,0.3,0.0,168525.0,168525.0,70.28631,0.0001190835,0.1359903,2.585795e-07,0.009084556,-9.960121e-05,0.93,-2.221363e-06,-6.940398e-05,1.121329e-06,0.005960464,-2.408796e-06,0.0075493,0.926
2024_02_12_20_38_01_817,0.3,0.0,168609.0,168609.0,70.32153,0.0001191638,0.1359902,-1.30691e-06,0.009084349,-9.82451e-05,0.93,-3.134651e-07,-6.083516e-06,3.249701e-06,-0.003218651,-1.426224e-05,-3.72529e-06,0.926
2024_02_12_20_38_01_854,0.3,0.0,168691.0,168691.0,70.35576,0.0001192412,0.1359902,2.458512e-07,0.009084405,-0.0001002941,0.93,-4.690838e-06,-1.66977e-06,-2.553192e-06,0.01388788,0.0001122122,-0.01515727,0.926
2024_02_12_20_38_01_892,0.3,0.0,168776.0,168776.0,70.39085,0.0001193081,0.1359903,9.843443e-08,0.009084556,-0.0001005783,0.93,-2.266996e-05,-5.717655e-05,7.216627e-06,0.003159046,2.353374e-05,0.003717839,0.926
2024_02_12_20_38_01_930,0.3,0.0,168858.0,168858.0,70.42512,0.0001193553,0.1359904,-8.797216e-07,0.009084555,-0.0001029957,0.93,-6.066183e-06,-7.375865e-05,1.699806e-05,-0.003933907,0.0003310952,0.007447786,0.926
2024_02_12_20_38_01_967,0.3,0.0,168943.0,168943.0,70.46044,0.0001193966,0.1359903,5.259952e-07,0.009084526,-0.0001029092,0.93,-5.709952e-06,-0.0001049252,-6.98407e-07,-0.002861023,0.0002042395,0.01519918,0.926
2024_02_12_20_38_02_000,0.3,0.0,169017.0,169017.0,70.49114,0.0001194506,0.1359901,-1.100284e-06,0.009084317,-0.0001020412,0.93,-1.225763e-06,-1.702465e-05,4.369583e-07,0.0116229,1.874059e-05,0.0001722947,0.926
2024_02_12_20_38_02_039,0.3,0.0,169101.0,169101.0,70.52637,0.0001195262,0.1359902,-1.013311e-07,0.009084348,-0.000101699,0.93,-1.190432e-06,-2.576533e-06,2.906705e-06,-0.005543231,-0.000223875,0.01532771,0.926
2024_02_12_20_38_02_075,0.3,0.0,169184.0,169184.0,70.56056,0.0001196099,0.1359902,-1.747329e-06,0.009084377,-9.980043e-05,0.93,2.045523e-06,-3.283124e-05,1.229996e-06,0.0003576278,6.418304e-05,0.0003036112,0.926
2024_02_12_20_38_02_114,0.3,0.0,169268.0,169268.0,70.59577,0.0001196924,0.1359903,1.95723e-07,0.009084526,-9.907623e-05,0.93,-4.503407e-07,-7.706982e-05,9.48932e-08,0.0001788139,-3.393507e-05,-0.0001322478,0.926
2024_02_12_20_38_02_151,0.3,0.0,169351.0,169351.0,70.6302,0.0001197201,0.1359903,1.274997e-07,0.009084496,-0.0001020731,0.93,-3.993187e-06,-0.0001048482,-1.672929e-06,0.001072884,0.0002240626,-0.00017602,0.926
2024_02_12_20_38_02_188,0.3,0.0,169435.0,169435.0,70.66558,0.0001197372,0.1359902,5.109199e-09,0.009084257,-0.0001047909,0.93,1.827698e-05,-7.684355e-06,-1.31254e-05,-0.002741813,-0.0002607043,0.01915637,0.926
2024_02_12_20_38_02_221,0.3,0.0,169509.0,169509.0,70.69619,0.0001197978,0.1359901,1.828169e-06,0.009084407,-0.0001033627,0.93,-4.31177e-05,-4.516707e-05,-4.657973e-06,0.002264977,1.147669e-05,-0.03027078,0.926
2024_02_12_20_38_02_259,0.3,0.0,169591.0,169591.0,70.73042,0.0001198484,0.1359902,-2.490692e-06,0.009084377,-0.0001050441,0.93,2.891146e-08,-2.126256e-05,-3.069992e-06,-0.004947185,-6.312563e-05,0.02689101,0.926
2024_02_12_20_38_02_292,0.3,0.0,169667.0,169667.0,70.7618,0.0001198869,0.1359903,-1.742145e-06,0.009084526,-0.0001068716,0.93,-2.755696e-07,-6.362807e-05,-1.097054e-06,0.0004172325,0.0003287284,-0.0001508743,0.926
2024_02_12_20_38_02_330,0.3,0.0,169749.0,169749.0,70.79617,0.0001199404,0.1359903,8.59029e-08,0.009084466,-0.0001092579,0.93,9.016861e-08,-0.0001078347,4.724033e-06,-0.007629394,1.571186e-05,0.007376074,0.926
2024_02_12_20_38_02_367,0.3,0.0,169834.0,169834.0,70.83154,0.0001200007,0.1359903,2.803707e-07,0.009084466,-0.0001074244,0.93,-9.848277e-08,-0.0001124601,-2.462203e-06,0.0001192093,3.339562e-05,-0.0002058223,0.926
2024_02_12_20_38_02_405,0.3,0.0,169916.0,169916.0,70.86598,0.0001200727,0.1359901,-5.144791e-07,0.009084348,-0.0001046849,0.93,-1.801037e-05,-4.840332e-05,-1.343336e-05,-0.003039837,0.0001046983,0.01165457,0.926
2024_02_12_20_38_02_442,0.3,0.0,170001.0,170001.0,70.9011,0.0001201364,0.1359902,-1.639829e-06,0.009084348,-0.0001070638,0.93,2.112923e-05,-2.44087e-06,1.411586e-05,-0.01001358,-0.0001307037,0.01908839,0.926
2024_02_12_20_38_02_480,0.3,0.0,170083.0,170083.0,70.93547,0.0001201905,0.1359902,-6.355996e-07,0.009084377,-0.0001083132,0.93,2.238855e-06,-8.29408e-06,-1.287176e-06,-0.009059906,5.344054e-05,0.01913961,0.926
2024_02_12_20_38_02_517,0.3,0.0,170168.0,170168.0,70.97064,0.000120246,0.1359903,5.848892e-07,0.009084318,-0.0001083477,0.93,-1.084085e-06,1.460871e-05,-5.271318e-07,0.0004768371,8.638141e-05,3.632158e-05,0.926
2024_02_12_20_38_02_555,0.3,0.0,170250.0,170250.0,71.00491,0.0001203117,0.1359902,-9.71851e-07,0.009084348,-0.0001056592,0.93,3.349917e-06,2.463793e-05,7.161015e-07,5.960464e-05,1.692945e-05,0.02299435,0.926
2024_02_12_20_38_02_589,0.3,0.0,170326.0,170326.0,71.03647,0.0001204027,0.1359902,-1.438775e-06,0.009084348,-0.0001048358,0.93,9.114816e-06,-1.900078e-05,7.515121e-06,-0.003993511,-0.0002522106,0.01912471,0.926
2024_02_12_20_38_02_621,0.3,0.0,170399.0,170399.0,71.06718,0.0001204635,0.1359902,-5.411288e-07,0.009084377,-0.0001055038,0.93,-1.979963e-05,-4.978033e-05,8.067997e-06,0.0002384186,0.0002020939,-0.003573484,0.926
2024_02_12_20_38_02_658,0.3,0.0,170482.0,170482.0,71.10156,0.0001205364,0.1359902,-7.710232e-07,0.009084288,-0.0001042158,0.93,8.416483e-07,-2.464234e-05,-4.671818e-07,-0.002503395,0.0001090694,0.0001061708,0.926
2024_02_12_20_38_02_696,0.3,0.0,170566.0,170566.0,71.13693,0.0001206321,0.1359902,-1.244876e-06,0.009084377,-0.000104825,0.93,2.528392e-06,2.39246e-07,1.842644e-06,-0.003874302,-0.0001295928,0.01525506,0.926
2024_02_12_20_38_02_733,0.3,0.0,170649.0,170649.0,71.1713,0.0001207123,0.1359902,3.00072e-07,0.009084317,-0.0001041442,0.93,5.832627e-07,3.32134e-05,-1.024656e-07,0.006616115,-4.805986e-05,-0.03434438,0.926
2024_02_12_20_38_02_771,0.3,0.0,170733.0,170733.0,71.20651,0.0001207698,0.1359902,-1.638384e-09,0.009084377,-0.0001050819,0.93,1.833462e-05,-1.512302e-05,-6.029579e-06,-0.005364418,-0.0001416537,0.003850087,0.926
2024_02_12_20_38_02_804,0.3,0.0,170807.0,170807.0,71.23716,0.0001208125,0.1359902,3.085918e-07,0.009084348,-0.000106949,0.93,-8.77423e-07,-6.134241e-06,3.526849e-06,0.002026558,1.879243e-05,0.007573515,0.926
2024_02_12_20_38_02_838,0.3,0.0,170882.0,170882.0,71.26875,0.0001208582,0.1359902,-9.587282e-07,0.009084377,-0.0001091484,0.93,-4.488761e-07,2.091341e-06,-2.207164e-06,-0.003099441,0.0001733041,0.01539383,0.926
2024_02_12_20_38_02_875,0.3,0.0,170965.0,170965.0,71.30315,0.0001209322,0.1359902,2.470197e-08,0.009084348,-0.000108186,0.93,-2.392891e-06,8.184305e-06,1.661846e-06,-0.009000301,0.0003310931,0.02667121,0.926
2024_02_12_20_38_02_908,0.3,0.0,171038.0,171038.0,71.33376,0.0001209723,0.1359904,-7.640404e-07,0.009084526,-0.0001098346,0.93,1.963558e-05,-7.706836e-05,1.389943e-05,0.003039837,1.441697e-05,-0.003898516,0.926
2024_02_12_20_38_02_946,0.3,0.0,171123.0,171123.0,71.36913,0.0001210483,0.1359904,-1.35668e-06,0.009084526,-0.000108374,0.93,1.990084e-05,-6.822027e-05,-4.442576e-06,5.960464e-05,-0.0001685566,-0.0002011657,0.926
2024_02_12_20_38_02_983,0.3,0.0,171205.0,171205.0,71.40358,0.000121123,0.1359902,-1.354825e-06,0.009084377,-0.0001086099,0.93,3.696713e-06,-3.851432e-05,-6.844274e-07,0.009834765,3.738944e-05,-0.01528952,0.926
2024_02_12_20_38_03_021,0.3,0.0,171290.0,171290.0,71.43893,0.000121194,0.1359902,1.369328e-07,0.009084377,-0.0001083497,0.93,-2.068352e-06,-2.102157e-05,-2.710819e-06,-0.00500679,0.0001014583,0.03831927,0.926
2024_02_12_20_38_03_059,0.3,0.0,171372.0,171372.0,71.47334,0.0001212496,0.1359902,-4.369847e-07,0.009084377,-0.0001091002,0.93,-1.740628e-06,-4.153432e-05,-6.173946e-07,0.005125999,1.912178e-05,-0.03809668,0.926
2024_02_12_20_38_03_092,0.3,0.0,171448.0,171448.0,71.50493,0.0001213172,0.1359904,-8.552165e-08,0.009084526,-0.0001086792,0.93,-8.278126e-07,-5.170245e-05,-1.158681e-06,-0.002622604,3.932803e-05,-0.0002272427,0.926
2024_02_12_20_38_03_130,0.3,0.0,171530.0,171530.0,71.53938,0.0001213953,0.1359904,1.438557e-06,0.009084526,-0.0001072232,0.93,2.224394e-06,-8.207681e-05,-2.053236e-06,0.002801418,-7.358118e-05,0.003752298,0.926
2024_02_12_20_38_03_168,0.3,0.0,171615.0,171615.0,71.57476,0.0001214781,0.1359903,-2.831926e-06,0.009084496,-0.0001065597,0.93,4.544988e-05,-0.000112933,1.307163e-05,5.960464e-05,-4.49287e-05,0.003651716,0.926
2024_02_12_20_38_03_205,0.3,0.0,171697.0,171697.0,71.6092,0.0001215418,0.1359902,2.271534e-08,0.009084378,-0.0001072922,0.93,3.530824e-08,-4.078319e-05,1.234376e-06,0.01001358,5.109371e-05,-0.007476657,0.926
2024_02_12_20_38_03_238,0.3,0.0,171773.0,171773.0,71.64085,0.0001216135,0.1359902,2.924556e-07,0.009084348,-0.0001062337,0.93,1.224942e-07,-3.056681e-06,-7.58548e-09,0.01484156,-8.695087e-05,-0.03811345,0.926
2024_02_12_20_38_03_275,0.3,0.0,171855.0,171855.0,71.67525,0.0001216712,0.1359902,3.275446e-07,0.009084348,-0.000106723,0.93,-1.59856e-06,-4.711479e-05,9.503646e-07,0.004768372,0.0003112411,-0.03410503,0.926
2024_02_12_20_38_03_308,0.3,0.0,171929.0,171929.0,71.70597,0.0001217287,0.1359904,8.680942e-07,0.009084526,-0.0001050105,0.93,-2.396306e-06,-9.354312e-05,-4.307075e-06,-0.0002384186,-9.229927e-05,-0.0001098961,0.926
2024_02_12_20_38_03_346,0.3,0.0,172014.0,172014.0,71.74134,0.0001217899,0.1359903,-7.287034e-08,0.009084526,-0.0001052057,0.93,3.668739e-07,-8.503316e-05,2.274792e-06,-5.960464e-05,4.147568e-05,-0.0001369044,0.926
2024_02_12_20_38_03_383,0.3,0.0,172096.0,172096.0,71.77579,0.0001218438,0.1359903,-2.129258e-07,0.009084288,-0.000107866,0.93,-2.081707e-05,-6.496179e-06,1.245695e-06,0.001966953,-2.250363e-05,-6.798655e-05,0.926
2024_02_12_20_38_03_421,0.3,0.0,172181.0,172181.0,71.81113,0.000121916,0.1359902,-1.296589e-06,0.009084377,-0.0001083629,0.93,9.569051e-07,-1.041434e-05,7.047634e-06,-0.005185604,-0.0001099617,0.01923833,0.926
2024_02_12_20_38_03_458,0.3,0.0,172263.0,172263.0,71.84549,0.000121977,0.1359902,-9.924361e-07,0.009084376,-0.0001090435,0.93,-1.26251e-06,-2.553145e-05,-4.182949e-07,0.006377697,-0.0002563312,-0.0189105,0.926
2024_02_12_20_38_03_497,0.3,0.0,172348.0,172348.0,71.88087,0.0001220423,0.1359903,3.542076e-07,0.009084526,-0.0001087439,0.93,-1.005644e-06,-8.353463e-05,1.77197e-06,-0.004470348,-2.502088e-05,-0.00786595,0.926
2024_02_12_20_38_03_533,0.3,0.0,172430.0,172430.0,71.9153,0.0001220613,0.1359903,-6.444519e-07,0.009084496,-0.0001106278,0.93,-4.604079e-06,-7.724871e-05,-3.83906e-06,0.0003576278,0.0001919776,-0.0001322478,0.926
2024_02_12_20_38_03_568,0.3,0.0,172506.0,172506.0,71.94695,0.0001220949,0.1359903,-2.593413e-07,0.009084526,-0.0001118867,0.93,-6.979404e-08,-8.718642e-05,-2.899335e-06,-0.0002980232,-6.916605e-05,-0.0001406297,0.926
2024_02_12_20_38_03_605,0.3,0.0,172588.0,172588.0,71.98138,0.0001221738,0.1359901,6.560979e-07,0.009084346,-0.00010864,0.93,-3.847799e-05,-3.25027e-05,3.107039e-06,0.01555681,2.582089e-05,-0.03815722,0.926
2024_02_12_20_38_03_643,0.3,0.0,172673.0,172673.0,72.01675,0.0001222353,0.1359902,2.399973e-07,0.009084348,-0.0001092472,0.93,2.154669e-06,-4.052727e-05,-2.112808e-06,0.01507997,0.0001454876,-0.04199426,0.926
2024_02_12_20_38_03_680,0.3,0.0,172755.0,172755.0,72.05119,0.0001223155,0.1359903,-3.577499e-07,0.009084377,-0.0001073965,0.93,-2.105275e-05,-2.638073e-05,6.543205e-06,-0.006794929,6.539278e-05,0.01159217,0.926
2024_02_12_20_38_03_717,0.3,0.0,172840.0,172840.0,72.08652,0.0001223894,0.1359902,-2.532169e-07,0.009084406,-0.0001062721,0.93,2.041035e-07,-1.61577e-05,7.174813e-07,-0.002861023,-0.0001298727,-0.007520429,0.926
2024_02_12_20_38_03_755,0.3,0.0,172922.0,172922.0,72.12084,0.0001224469,0.1359903,-9.084047e-07,0.009084556,-0.0001063275,0.93,5.42743e-07,-6.733881e-05,1.714778e-06,0.0002384186,-7.396226e-05,-0.0001396984,0.926
2024_02_12_20_38_03_793,0.3,0.0,173007.0,173007.0,72.15621,0.0001224924,0.1359902,-9.087738e-07,0.009084348,-0.0001082928,0.93,2.007373e-05,-3.631625e-05,-5.839082e-06,-0.0005364418,-3.762466e-05,-0.003897585,0.926
2024_02_12_20_38_03_825,0.3,0.0,173080.0,173080.0,72.18695,0.0001225228,0.1359902,4.613557e-07,0.009084348,-0.0001099833,0.93,-2.032196e-07,-2.851113e-05,2.506421e-06,-0.001966953,-1.168234e-05,0.0002002343,0.926
2024_02_12_20_38_03_863,0.3,0.0,173162.0,173162.0,72.2214,0.0001225823,0.1359902,-4.449241e-07,0.009084348,-0.0001087834,0.93,-1.694403e-05,-2.954492e-05,-9.969912e-06,-0.01192093,-6.33745e-05,0.02668891,0.926
2024_02_12_20_38_03_900,0.3,0.0,173247.0,173247.0,72.25677,0.0001226342,0.1359904,-1.714901e-06,0.009084556,-0.0001104642,0.93,-2.04629e-06,-7.337456e-05,3.329072e-06,0.002145767,9.98848e-05,0.00367593,0.926
2024_02_12_20_38_03_939,0.3,0.0,173329.0,173329.0,72.29121,0.000122673,0.1359904,-1.082909e-08,0.009084526,-0.000112335,0.93,1.384934e-06,-9.000401e-05,6.196956e-08,-0.0003576278,1.158162e-05,-0.0001769513,0.926
2024_02_12_20_38_03_971,0.3,0.0,173405.0,173405.0,72.32285,0.0001226985,0.1359903,-2.917805e-07,0.009084526,-0.0001151736,0.93,-6.020014e-07,-0.0001042177,8.526441e-07,-0.00923872,-2.235458e-05,0.007553026,0.926
2024_02_12_20_38_04_004,0.3,0.0,173479.0,173479.0,72.35355,0.0001227716,0.1359902,-2.179395e-06,0.009084318,-0.000114019,0.93,4.963651e-06,-1.818386e-05,3.348444e-06,0.003516674,-1.547392e-05,0.007810071,0.926
2024_02_12_20_38_04_042,0.3,0.0,173563.0,173563.0,72.38889,0.0001228662,0.1359902,-2.460062e-07,0.009084377,-0.0001134958,0.93,4.274353e-06,-2.135482e-06,-2.677848e-06,0.01263618,-6.420225e-05,-0.01518521,0.926
2024_02_12_20_38_04_075,0.3,0.0,173637.0,173637.0,72.41955,0.0001229273,0.1359901,-4.611549e-07,0.009084348,-0.0001150643,0.93,-1.988578e-05,-2.606651e-05,8.040041e-06,0.007271766,0.0001020899,-0.02673827,0.926
2024_02_12_20_38_04_108,0.3,0.0,173710.0,173710.0,72.45024,0.0001229712,0.1359903,-2.592146e-07,0.009084496,-0.0001166776,0.93,4.684959e-07,-8.424334e-05,1.511019e-08,0.0007152557,2.95737e-05,-0.00017602,0.926
2024_02_12_20_38_04_146,0.3,0.0,173795.0,173795.0,72.48563,0.0001230627,0.1359903,-1.691548e-06,0.009084556,-0.0001150515,0.93,2.271558e-05,-8.715272e-05,-9.912218e-06,-0.002264977,-0.0002212248,-0.003932044,0.926
2024_02_12_20_38_04_179,0.3,0.0,173868.0,173868.0,72.51634,0.000123136,0.1359902,-4.141819e-07,0.009084348,-0.0001175262,0.93,4.217919e-06,-2.472633e-05,1.617653e-07,0.004887581,1.710373e-05,-0.01129135,0.926
2024_02_12_20_38_04_218,0.3,0.0,173953.0,173953.0,72.55166,0.0001232085,0.1359902,-1.351485e-06,0.009084377,-0.0001196683,0.93,3.433014e-06,-1.235768e-05,-2.188955e-06,-0.002384186,1.052535e-05,0.02312567,0.926
2024_02_12_20_38_04_254,0.3,0.0,174035.0,174035.0,72.58604,0.0001232955,0.1359902,1.674876e-07,0.009084348,-0.0001196122,0.93,1.915221e-06,-1.175617e-05,5.065247e-06,0.007629394,-4.919934e-05,0.0002998859,0.926
2024_02_12_20_38_04_292,0.3,0.0,174120.0,174120.0,72.62135,0.0001233762,0.1359904,-7.019935e-07,0.009084526,-0.0001211386,0.93,3.327628e-06,-7.81444e-05,-8.96834e-07,-0.001907349,-3.193736e-05,-0.004014932,0.926
2024_02_12_20_38_04_325,0.3,0.0,174193.0,174193.0,72.65205,0.0001234564,0.1359903,5.897071e-07,0.009084496,-0.0001200421,0.93,-1.697746e-06,-0.0001004601,1.718411e-06,-0.0005960464,-7.715766e-05,-0.0001881271,0.926
2024_02_12_20_38_04_363,0.3,0.0,174276.0,174276.0,72.6865,0.0001235196,0.1359903,-5.42495e-07,0.009084526,-0.0001206251,0.93,-8.751619e-07,-9.198411e-05,-6.647205e-07,0.0,4.184392e-05,-0.0001331791,0.926
2024_02_12_20_38_04_396,0.3,0.0,174351.0,174351.0,72.71815,0.0001235833,0.1359902,-2.937839e-06,0.009084348,-0.0001219858,0.93,1.731401e-06,-4.42757e-05,3.446769e-08,-0.01001358,0.0002833078,0.02291985,0.926
2024_02_12_20_38_04_434,0.3,0.0,174434.0,174434.0,72.75259,0.0001236601,0.1359901,-1.618764e-07,0.009084348,-0.0001224626,0.93,-2.210472e-05,-2.39188e-05,3.282468e-06,0.003814697,0.0001680693,-0.01119729,0.926
2024_02_12_20_38_04_467,0.3,0.0,174510.0,174510.0,72.78417,0.0001237259,0.1359902,3.321211e-07,0.009084348,-0.0001225113,0.93,-2.070037e-05,-1.688856e-05,-1.167183e-05,-0.005185604,5.728452e-05,0.02673454,0.926
2024_02_12_20_38_04_506,0.3,0.0,174592.0,174592.0,72.8186,0.0001237732,0.1359903,2.019943e-07,0.009084526,-0.0001263305,0.93,-3.591282e-07,-6.980165e-05,-2.829215e-07,0.0002384186,3.496552e-05,-0.0001117587,0.926
2024_02_12_20_38_04_537,0.3,0.0,174665.0,174665.0,72.84933,0.0001238368,0.1359903,-8.081007e-08,0.009084526,-0.0001256765,0.93,1.341024e-07,-0.0001024942,3.156301e-07,0.002026558,1.610124e-05,-9.033828e-05,0.926
2024_02_12_20_38_04_575,0.3,0.0,174750.0,174750.0,72.8847,0.0001239276,0.1359902,-3.228919e-06,0.009084348,-0.0001239799,0.93,5.339115e-06,-4.275993e-05,-1.090059e-06,-0.01204014,-8.563029e-05,0.03037043,0.926
2024_02_12_20_38_04_609,0.3,0.0,174823.0,174823.0,72.91542,0.000124013,0.1359902,1.83266e-06,0.009084287,-0.0001233474,0.93,2.491323e-06,-3.199335e-05,5.441948e-06,0.003457069,5.829542e-05,-2.048909e-05,0.926
2024_02_12_20_38_04_646,0.3,0.0,174908.0,174908.0,72.95081,0.0001240986,0.1359902,-1.674766e-06,0.009084377,-0.0001234742,0.93,2.260769e-05,-4.912745e-05,-7.432891e-06,-0.007629394,-0.0002419076,0.0117328,0.926
2024_02_12_20_38_04_684,0.3,0.0,174990.0,174990.0,72.98518,0.0001241905,0.1359901,-1.74184e-06,0.009084377,-0.0001226382,0.93,2.121427e-05,-4.112255e-06,1.350444e-05,-0.009536743,-0.0001640872,0.01160521,0.926
2024_02_12_20_38_04_721,0.3,0.0,175075.0,175075.0,73.02054,0.0001242718,0.1359903,-1.020177e-06,0.009084496,-0.0001223999,0.93,-1.904636e-05,-7.800444e-05,1.197604e-05,0.001788139,-7.760899e-05,0.003657304,0.926
2024_02_12_20_38_04_754,0.3,0.0,175149.0,175149.0,73.05125,0.0001243253,0.1359903,-2.434704e-07,0.009084496,-0.0001252803,0.93,-1.182316e-06,-0.0001036831,1.274922e-07,0.001013279,0.0001175451,-0.0001750886,0.926
2024_02_12_20_38_04_792,0.3,0.0,175231.0,175231.0,73.08572,0.0001243837,0.1359902,-8.519127e-07,0.009084348,-0.0001271633,0.93,1.880726e-05,-1.584336e-05,-6.774895e-06,-0.008225441,6.990831e-05,0.03464986,0.926
2024_02_12_20_38_04_829,0.3,0.0,175316.0,175316.0,73.12107,0.000124446,0.1359902,1.872078e-06,0.009084377,-0.000129307,0.93,-2.690905e-06,-1.470507e-05,-9.88808e-07,-0.01233816,-8.13095e-05,0.0268165,0.926
2024_02_12_20_38_04_867,0.3,0.0,175398.0,175398.0,73.15547,0.0001245147,0.1359902,-2.291387e-06,0.009084377,-0.0001305974,0.93,-2.051143e-05,-1.230755e-05,4.62367e-06,-0.01180172,0.0001031065,0.01925882,0.926
2024_02_12_20_38_04_904,0.3,0.0,175483.0,175483.0,73.1908,0.0001246151,0.1359903,-2.150735e-06,0.009084496,-0.0001282197,0.93,1.11299e-07,-7.659892e-05,-6.932898e-08,0.000655651,7.95535e-06,-0.0002142042,0.926
2024_02_12_20_38_04_941,0.3,0.0,175565.0,175565.0,73.22525,0.0001246966,0.1359903,2.840248e-07,0.009084496,-0.000125985,0.93,-1.361481e-06,-9.386555e-05,-1.063114e-06,0.0005364418,3.077389e-06,-0.0001797452,0.926
2024_02_12_20_38_04_979,0.3,0.0,175650.0,175650.0,73.26064,0.000124773,0.1359901,-1.104707e-07,0.009084377,-0.0001250038,0.93,8.345466e-07,-3.95006e-05,1.063748e-07,0.01233816,-2.256433e-05,-0.02263952,0.926
2024_02_12_20_38_05_017,0.3,0.0,175732.0,175732.0,73.2951,0.0001248578,0.1359901,-1.012633e-06,0.009084348,-0.0001238156,0.93,3.939904e-06,-2.823138e-05,2.201384e-06,-0.01263618,0.0001370199,0.01162849,0.926
2024_02_12_20_38_05_050,0.3,0.0,175808.0,175808.0,73.32676,0.0001249486,0.1359902,-8.719471e-07,0.009084288,-0.000122305,0.93,4.575434e-06,-1.540499e-05,5.591464e-06,0.002861023,7.855055e-05,-0.003676861,0.926
2024_02_12_20_38_05_088,0.3,0.0,175890.0,175890.0,73.36124,0.0001250291,0.1359904,8.70776e-07,0.009084526,-0.0001225922,0.93,-4.033554e-06,-9.132553e-05,2.581191e-06,0.004649162,3.746686e-05,-0.01537241,0.926
2024_02_12_20_38_05_121,0.3,0.0,175966.0,175966.0,73.39291,0.0001250894,0.1359903,-2.617181e-07,0.009084526,-0.0001237446,0.93,5.971248e-07,-9.360808e-05,-1.695881e-06,0.0007152557,5.533979e-05,-0.0001052394,0.926
2024_02_12_20_38_05_158,0.3,0.0,176048.0,176048.0,73.42731,0.0001251631,0.1359903,-7.908075e-07,0.009084526,-0.0001246758,0.93,2.302561e-05,-8.97756e-05,1.457085e-05,-0.002324581,7.357926e-05,0.007596798,0.926
2024_02_12_20_38_05_196,0.3,0.0,176133.0,176133.0,73.46261,0.0001252193,0.1359902,1.418068e-06,0.009084348,-0.0001252278,0.93,-2.399888e-05,-1.611326e-05,1.23498e-05,-0.002980232,3.754542e-05,-0.01145992,0.926
2024_02_12_20_38_05_230,0.3,0.0,176206.0,176206.0,73.49319,0.000125272,0.1359902,-1.469451e-06,0.009084438,-0.0001251717,0.93,4.157682e-05,3.1652e-06,1.760477e-06,-0.00578165,5.907168e-05,0.04216749,0.926
2024_02_12_20_38_05_266,0.3,0.0,176289.0,176289.0,73.52754,0.0001253253,0.1359902,-8.383779e-10,0.009084405,-0.000128034,0.93,1.806065e-05,1.390558e-06,1.497245e-05,0.005960464,-0.0002593084,-0.003718771,0.926
2024_02_12_20_38_05_305,0.3,0.0,176373.0,176373.0,73.5629,0.0001253889,0.1359903,-2.282508e-07,0.009084496,-0.0001273906,0.93,-8.639657e-07,-9.353054e-05,-1.935472e-07,0.000834465,0.0001582375,-0.0001778826,0.926
2024_02_12_20_38_05_342,0.3,0.0,176456.0,176456.0,73.59734,0.0001254659,0.1359903,-8.970817e-07,0.009084526,-0.0001257702,0.93,1.764517e-06,-8.858155e-05,-1.259706e-06,0.0003576278,4.652463e-05,-0.0001322478,0.926
2024_02_12_20_38_05_379,0.3,0.0,176540.0,176540.0,73.63272,0.0001255573,0.1359902,-8.111518e-08,0.009084287,-0.0001240031,0.93,-1.751195e-05,-2.257719e-05,-1.253858e-05,-0.01519918,0.0001662456,0.01134723,0.926
2024_02_12_20_38_05_417,0.3,0.0,176623.0,176623.0,73.66711,0.0001256238,0.1359901,-1.278556e-06,0.009084376,-0.0001272919,0.93,2.374946e-06,-3.238798e-05,-1.168191e-06,0.01001358,-6.992764e-05,-0.007369555,0.926
2024_02_12_20_38_05_451,0.3,0.0,176698.0,176698.0,73.69869,0.0001257046,0.1359902,-1.443064e-06,0.009084377,-0.0001270267,0.93,2.661747e-06,-8.576781e-06,5.594042e-07,-0.007748603,0.0001402714,0.03076903,0.926
2024_02_12_20_38_05_487,0.3,0.0,176781.0,176781.0,73.73312,0.0001257717,0.1359903,-1.948064e-07,0.009084526,-0.0001273695,0.93,2.965696e-07,-7.709037e-05,2.388858e-07,0.0,2.009972e-05,-0.0001331791,0.926
2024_02_12_20_38_05_525,0.3,0.0,176865.0,176865.0,73.76848,0.0001258324,0.1359903,-3.668573e-07,0.009084496,-0.0001284442,0.93,2.710991e-07,-0.0001033417,1.594609e-06,0.0002384186,0.0001009369,-0.0001825392,0.926
2024_02_12_20_38_05_563,0.3,0.0,176948.0,176948.0,73.80293,0.0001259199,0.1359903,-8.843111e-07,0.009084496,-0.0001307144,0.93,-1.468508e-05,-9.25664e-05,4.305724e-06,0.002145767,-1.338321e-06,0.003707595,0.926
2024_02_12_20_38_05_600,0.3,0.0,177032.0,177032.0,73.83827,0.0001260283,0.1359902,-1.332417e-06,0.009084377,-0.0001290998,0.93,2.418672e-06,-2.999326e-05,-9.783719e-07,-0.006377697,3.810055e-05,0.007768161,0.926
2024_02_12_20_38_05_639,0.3,0.0,177115.0,177115.0,73.87256,0.0001261188,0.1359902,-2.653606e-06,0.009084377,-0.0001287498,0.93,9.177303e-07,-8.993887e-06,-2.763962e-07,0.01895428,-0.0001546114,-0.04180427,0.926
2024_02_12_20_38_05_675,0.3,0.0,177199.0,177199.0,73.90767,0.0001262224,0.1359902,1.569312e-07,0.009084377,-0.0001279016,0.93,-2.063143e-05,3.33141e-06,-7.997646e-06,0.002801418,-0.0001176454,-0.02668425,0.926
2024_02_12_20_38_05_708,0.3,0.0,177273.0,177273.0,73.93831,0.000126278,0.1359904,-2.517414e-08,0.009084526,-0.0001303153,0.93,-2.292154e-06,-6.997773e-05,-1.54677e-06,-0.0002384186,0.0001012895,-0.0001955777,0.926
2024_02_12_20_38_05_746,0.3,0.0,177357.0,177357.0,73.97368,0.0001263386,0.1359903,1.526356e-06,0.009084496,-0.0001307552,0.93,-4.522541e-06,-8.425031e-05,1.717232e-06,5.960464e-05,-0.0001594146,-0.0001462176,0.926
2024_02_12_20_38_05_783,0.3,0.0,177440.0,177440.0,74.00809,0.0001263471,0.1359902,-1.669568e-06,0.009084348,-0.0001339864,0.93,-3.119125e-07,-5.197554e-05,-3.459635e-06,-0.008821487,0.0001490007,2.235174e-05,0.926
2024_02_12_20_38_05_821,0.3,0.0,177522.0,177522.0,74.04249,0.0001264186,0.1359903,-1.184917e-06,0.009084408,-0.0001340726,0.93,4.821617e-06,-3.317532e-05,1.256608e-07,0.001192093,-8.162419e-05,8.381902e-05,0.926
2024_02_12_20_38_05_854,0.3,0.0,177598.0,177598.0,74.07408,0.0001264863,0.1359901,-1.026956e-06,0.009084317,-0.0001356885,0.93,-8.361363e-07,-4.568227e-06,9.889561e-07,-0.001192093,0.0001613514,0.02307631,0.926
2024_02_12_20_38_05_887,0.3,0.0,177671.0,177671.0,74.10474,0.0001265331,0.1359903,-7.015366e-07,0.009084555,-0.0001380625,0.93,-4.291781e-07,-6.241073e-05,2.417215e-06,-5.960464e-05,5.238916e-06,-6.426126e-05,0.926
2024_02_12_20_38_05_925,0.3,0.0,177756.0,177756.0,74.14006,0.0001265812,0.1359903,8.2585e-07,0.009084526,-0.0001393662,0.93,1.043842e-06,-7.137704e-05,4.358376e-06,-0.006318092,3.821412e-05,0.02655852,0.926
2024_02_12_20_38_05_963,0.3,0.0,177838.0,177838.0,74.17451,0.0001266213,0.1359903,-1.911765e-07,0.009084496,-0.0001408425,0.93,-4.386492e-08,-7.854337e-05,2.445942e-06,-0.0004172325,0.000334519,0.01897663,0.926
2024_02_12_20_38_05_996,0.3,0.0,177912.0,177912.0,74.20522,0.0001266684,0.1359901,1.172595e-06,0.009084287,-0.0001420544,0.93,-1.617149e-05,-1.461893e-05,1.246998e-05,0.001311302,0.0001276312,0.01169369,0.926
2024_02_12_20_38_06_033,0.3,0.0,177996.0,177996.0,74.24062,0.0001267531,0.1359902,-2.236659e-06,0.009084257,-0.0001413579,0.93,2.754029e-05,-4.504234e-05,-9.32083e-06,0.003993511,-3.270497e-05,-0.02280436,0.926
2024_02_12_20_38_06_071,0.3,0.0,178079.0,178079.0,74.27505,0.000126858,0.1359903,-1.851302e-06,0.009084526,-0.0001395302,0.93,6.601804e-06,-8.777965e-05,-4.136531e-06,0.006794929,0.0001392789,-0.01148228,0.926
2024_02_12_20_38_06_108,0.3,0.0,178163.0,178163.0,74.31047,0.0001269688,0.1359903,-3.435101e-07,0.009084526,-0.0001378049,0.93,-1.684475e-05,-8.921802e-05,-7.252134e-06,0.01096725,0.0001528001,-0.03071874,0.926
2024_02_12_20_38_06_141,0.3,0.0,178237.0,178237.0,74.34118,0.000127043,0.1359903,-2.074457e-06,0.009084526,-0.000138639,0.93,-1.905773e-05,-9.466131e-05,-1.5423e-05,-0.01299381,-5.936726e-06,0.02662372,0.926
2024_02_12_20_38_06_180,0.3,0.0,178321.0,178321.0,74.37656,0.0001271498,0.1359902,-3.051304e-06,0.009084257,-0.0001406345,0.93,3.376444e-06,-1.705361e-05,-5.24072e-06,0.001847744,0.0001961809,0.02316013,0.926
2024_02_12_20_38_06_216,0.3,0.0,178404.0,178404.0,74.41093,0.0001272418,0.1359902,1.509442e-07,0.009084348,-0.0001417022,0.93,-3.411304e-06,-4.153006e-05,3.55292e-06,-0.002920627,-9.447808e-05,0.01158565,0.926
2024_02_12_20_38_06_254,0.3,0.0,178488.0,178488.0,74.44624,0.0001273255,0.1359902,-1.958788e-06,0.009084348,-0.000141766,0.93,2.277341e-05,-2.468938e-05,-7.055984e-06,0.01394749,0.0001071487,-0.04581827,0.926
2024_02_12_20_38_06_292,0.3,0.0,178571.0,178571.0,74.48055,0.0001274298,0.1359903,-9.417439e-07,0.009084556,-0.0001391816,0.93,-1.982239e-05,-6.46014e-05,-1.411643e-05,0.01335144,0.0001818967,-0.01150463,0.926
2024_02_12_20_38_06_329,0.3,0.0,178655.0,178655.0,74.51592,0.0001275009,0.1359903,-1.857792e-06,0.009084526,-0.0001414178,0.93,2.240724e-05,-8.677943e-05,-1.129765e-05,-0.0002384186,0.0001905037,-0.0001387671,0.926
2024_02_12_20_38_06_367,0.3,0.0,178738.0,178738.0,74.55035,0.0001275781,0.1359902,-1.293948e-07,0.009084348,-0.0001393122,0.93,-1.43034e-07,-1.38571e-05,-6.357328e-07,-0.02115965,-2.386468e-05,0.06099324,0.926
2024_02_12_20_38_06_404,0.3,0.0,178822.0,178822.0,74.58566,0.000127677,0.1359902,-1.893557e-06,0.009084348,-0.000136904,0.93,3.499316e-06,-2.602923e-05,1.368857e-06,-0.006616115,0.000152713,0.0305362,0.926
2024_02_12_20_38_06_442,0.3,0.0,178905.0,178905.0,74.62008,0.0001277505,0.1359902,-8.654326e-08,0.009084317,-0.0001382306,0.93,-7.811323e-07,-1.146665e-05,-1.882632e-07,0.000834465,6.555751e-05,0.007602386,0.926
2024_02_12_20_38_06_478,0.3,0.0,178989.0,178989.0,74.65546,0.000127801,0.1359904,8.895082e-07,0.009084526,-0.0001388432,0.93,-3.647963e-06,-8.445872e-05,1.891864e-07,5.960464e-05,-6.597588e-05,-0.0001629814,0.926
2024_02_12_20_38_06_513,0.3,0.0,179063.0,179063.0,74.68618,0.0001278209,0.1359904,5.554527e-07,0.009084526,-0.0001407073,0.93,-2.593172e-06,-9.114268e-05,2.122553e-06,0.0002980232,5.39078e-05,-0.0001657754,0.926
2024_02_12_20_38_06_551,0.3,0.0,179147.0,179147.0,74.72155,0.0001278529,0.1359904,-1.795588e-06,0.009084526,-0.0001424998,0.93,3.630914e-06,-9.952411e-05,2.95417e-07,-0.0001788139,9.209827e-05,-0.0001396984,0.926
2024_02_12_20_38_06_587,0.3,0.0,179230.0,179230.0,74.75591,0.0001279333,0.1359901,-5.308148e-07,0.009084348,-0.0001428826,0.93,3.816291e-06,-3.757637e-05,1.546791e-06,-0.005304813,0.0002300927,0.01912098,0.926
2024_02_12_20_38_06_625,0.3,0.0,179314.0,179314.0,74.79115,0.000128012,0.1359902,-1.27284e-06,0.009084406,-0.000143563,0.93,2.725243e-05,-1.318781e-05,-3.388298e-06,-0.01871586,-9.625864e-06,0.04971493,0.926
2024_02_12_20_38_06_663,0.3,0.0,179397.0,179397.0,74.82542,0.0001280979,0.1359902,2.272199e-07,0.009084435,-0.0001434019,0.93,5.018606e-06,-1.147428e-05,-7.279712e-07,0.01680851,6.79247e-05,-0.04189275,0.926
2024_02_12_20_38_06_701,0.3,0.0,179481.0,179481.0,74.86069,0.0001281899,0.1359901,-2.445681e-06,0.009084348,-0.0001436408,0.93,-1.438796e-05,1.265903e-05,-1.294678e-05,0.0,0.0002764382,0.01162756,0.926
2024_02_12_20_38_06_734,0.3,0.0,179555.0,179555.0,74.89133,0.0001282852,0.1359904,-1.712566e-06,0.009084526,-0.0001446889,0.93,-1.342561e-05,-7.40962e-05,1.126875e-05,0.002205372,-9.658402e-05,0.003696419,0.926
2024_02_12_20_38_06_766,0.3,0.0,179628.0,179628.0,74.92203,0.0001283805,0.1359901,-7.552314e-07,0.009084376,-0.0001451139,0.93,4.559719e-05,-3.674419e-05,1.071995e-05,0.002861023,-8.049164e-05,6.146729e-05,0.926
2024_02_12_20_38_06_806,0.3,0.0,179713.0,179713.0,74.95737,0.0001284702,0.1359902,5.174803e-07,0.009084377,-0.000144251,0.93,-2.201184e-07,-1.885713e-05,6.182225e-06,0.002562999,-0.0001719252,-0.02285279,0.926
2024_02_12_20_38_06_837,0.3,0.0,179786.0,179786.0,74.98804,0.0001285235,0.1359902,-1.3198e-06,0.009084348,-0.0001471109,0.93,-1.558406e-06,-3.962794e-05,-4.113684e-06,0.002682209,0.0002816044,-0.01526438,0.926
2024_02_12_20_38_06_875,0.3,0.0,179871.0,179871.0,75.02338,0.0001285932,0.1359902,-9.160385e-07,0.009084406,-0.0001482555,0.93,2.04934e-05,2.505037e-05,1.133466e-05,-0.005602836,9.679479e-05,0.003945082,0.926
2024_02_12_20_38_06_912,0.3,0.0,179953.0,179953.0,75.05771,0.0001286529,0.1359903,-1.9383e-07,0.009084526,-0.0001497321,0.93,2.043633e-06,-5.840914e-05,1.598977e-06,0.0005960464,-0.0001663,0.03045052,0.926
2024_02_12_20_38_06_945,0.3,0.0,180027.0,180027.0,75.08841,0.0001287407,0.1359903,-1.13804e-06,0.009084496,-0.0001498623,0.93,-1.653065e-05,-7.930339e-05,6.825464e-06,-0.0002384186,7.734138e-05,-0.0001834705,0.926
2024_02_12_20_38_06_984,0.3,0.0,180112.0,180112.0,75.12373,0.0001288444,0.1359902,-6.055554e-07,0.009084407,-0.0001492404,0.93,6.245848e-06,-2.770869e-05,-3.332356e-07,-0.004410744,-3.99641e-05,-0.01122802,0.926
2024_02_12_20_38_07_020,0.3,0.0,180194.0,180194.0,75.15791,0.0001289532,0.1359903,-2.690217e-06,0.009084407,-0.000148236,0.93,2.321591e-05,-6.581184e-06,-3.515618e-06,-0.001251697,9.890186e-05,-0.01908746,0.926
2024_02_12_20_38_07_058,0.3,0.0,180279.0,180279.0,75.19299,0.0001290456,0.1359903,-1.741049e-06,0.009084467,-0.0001488954,0.93,2.033215e-05,-1.255674e-05,-9.701379e-06,0.006794929,-3.154321e-05,-0.01909677,0.926
2024_02_12_20_38_07_096,0.3,0.0,180361.0,180361.0,75.22717,0.000129123,0.1359903,-6.024791e-07,0.009084555,-0.0001511764,0.93,-2.013935e-05,-6.807571e-05,1.388712e-05,-0.002086163,-2.827892e-05,-0.007743015,0.926
2024_02_12_20_38_07_134,0.3,0.0,180446.0,180446.0,75.26247,0.0001292111,0.1359904,8.057456e-07,0.009084526,-0.0001505839,0.93,-4.060284e-05,-6.718188e-05,-9.390808e-06,-0.002861023,8.4985e-05,0.01506321,0.926
2024_02_12_20_38_07_171,0.3,0.0,180528.0,180528.0,75.29692,0.0001292955,0.1359902,-1.492044e-06,0.009084317,-0.0001504309,0.93,4.407427e-05,-1.642261e-05,-3.433871e-07,-0.004887581,3.27459e-05,0.02680067,0.926
2024_02_12_20_38_07_205,0.3,0.0,180604.0,180604.0,75.32845,0.0001293851,0.1359902,-1.71685e-06,0.009084408,-0.0001510489,0.93,1.641487e-06,-2.016981e-05,4.016785e-07,-0.001549721,3.00397e-05,5.587935e-05,0.926
2024_02_12_20_38_07_241,0.3,0.0,180686.0,180686.0,75.36266,0.0001294759,0.1359902,4.927376e-08,0.009084348,-0.0001494926,0.93,-1.987574e-05,8.949221e-06,-1.605066e-05,-0.01138449,5.86383e-05,0.04201289,0.926
2024_02_12_20_38_07_279,0.3,0.0,180771.0,180771.0,75.3979,0.0001295407,0.1359902,-7.767102e-08,0.009084377,-0.0001511907,0.93,1.530455e-07,1.522945e-05,5.570432e-07,-0.001609325,3.681771e-05,-2.793967e-06,0.926
2024_02_12_20_38_07_316,0.3,0.0,180853.0,180853.0,75.43221,0.000129651,0.1359903,-1.059082e-06,0.009084496,-0.0001517988,0.93,-1.297773e-05,-7.81322e-05,3.404086e-06,0.0002980232,0.0001776516,-0.0001816079,0.926
2024_02_12_20_38_07_350,0.3,0.0,180926.0,180926.0,75.46294,0.0001297407,0.1359904,2.425328e-07,0.009084526,-0.0001494825,0.93,-6.14249e-06,-8.657475e-05,3.507837e-06,0.001370907,3.165144e-05,0.003669411,0.926
2024_02_12_20_38_07_388,0.3,0.0,181011.0,181011.0,75.49828,0.000129791,0.1359901,-7.781202e-07,0.009084346,-0.0001510713,0.93,-1.746004e-06,-4.578262e-05,1.4705e-06,0.004887581,-1.725993e-06,-0.01887698,0.926
2024_02_12_20_38_07_421,0.3,0.0,181085.0,181085.0,75.52889,0.0001298575,0.1359902,-1.682492e-06,0.009084406,-0.000149267,0.93,-1.233334e-06,-9.285764e-06,1.16987e-06,-0.003516674,5.908862e-05,-0.003688037,0.926
2024_02_12_20_38_07_458,0.3,0.0,181169.0,181169.0,75.56419,0.0001299361,0.1359902,-2.149127e-06,0.009084406,-0.0001501696,0.93,5.478864e-06,-2.921078e-05,-1.33784e-06,-0.01001358,0.0002928812,0.02664607,0.926
2024_02_12_20_38_07_495,0.3,0.0,181252.0,181252.0,75.59852,0.0001300618,0.1359903,-1.359272e-06,0.009084556,-0.000146023,0.93,-1.783446e-05,-7.273538e-05,-9.050764e-06,0.012815,-0.0003045359,-0.01534633,0.926
2024_02_12_20_38_07_533,0.3,0.0,181336.0,181336.0,75.63389,0.0001301578,0.1359904,-9.226281e-07,0.009084526,-0.0001466755,0.93,-1.963264e-05,-9.313518e-05,1.063763e-05,0.0005960464,-0.0001216285,-0.0001359731,0.926
2024_02_12_20_38_07_571,0.3,0.0,181419.0,181419.0,75.66833,0.0001302353,0.1359902,-1.35066e-06,0.009084377,-0.0001496824,0.93,3.122264e-06,-4.595216e-05,3.161433e-06,-0.0002384186,8.98101e-05,0.007850118,0.926
2024_02_12_20_38_07_609,0.3,0.0,181503.0,181503.0,75.70359,0.000130336,0.1359902,-1.533295e-06,0.009084377,-0.000149278,0.93,2.747416e-05,-1.256358e-05,-2.485172e-06,-0.00655651,7.379981e-05,0.004032627,0.926
2024_02_12_20_38_07_646,0.3,0.0,181586.0,181586.0,75.73779,0.0001304539,0.1359903,-2.041027e-06,0.009084406,-0.0001475719,0.93,4.561233e-06,-3.925396e-05,-1.081055e-06,-0.006377697,3.03537e-05,-0.01546182,0.926
2024_02_12_20_38_07_680,0.3,0.0,181661.0,181661.0,75.76937,0.0001305427,0.1359903,6.420337e-07,0.009084556,-0.0001496842,0.93,-1.667079e-06,-7.408815e-05,2.152171e-06,0.0002384186,-6.410346e-06,-0.0001378357,0.926
2024_02_12_20_38_07_717,0.3,0.0,181744.0,181744.0,75.80381,0.0001306349,0.1359904,1.830462e-08,0.009084526,-0.0001484146,0.93,-3.828693e-06,-8.230974e-05,1.099301e-06,0.001132488,-1.429873e-05,0.003664754,0.926
2024_02_12_20_38_07_754,0.3,0.0,181828.0,181828.0,75.8392,0.0001306959,0.1359903,-9.998498e-07,0.009084497,-0.0001502769,0.93,-2.22256e-05,-0.0001131645,-8.642319e-06,-0.01144409,0.0002038039,0.01127925,0.926
2024_02_12_20_38_07_792,0.3,0.0,181911.0,181911.0,75.87363,0.0001308057,0.1359901,-2.018227e-06,0.009084257,-0.0001487499,0.93,2.363819e-05,-1.529193e-05,-3.447394e-06,0.003218651,-0.0003014347,0.004035421,0.926
2024_02_12_20_38_07_829,0.3,0.0,181995.0,181995.0,75.90894,0.0001309215,0.1359902,-2.00386e-06,0.009084407,-0.0001483379,0.93,3.549591e-06,-3.809052e-05,-3.693215e-06,-0.007510185,6.145092e-05,0.03085192,0.926
2024_02_12_20_38_07_867,0.3,0.0,182078.0,182078.0,75.94333,0.0001310094,0.1359901,-1.668159e-06,0.009084348,-0.0001489117,0.93,1.943374e-05,3.24416e-05,-2.081656e-06,-0.008881092,-0.0003126345,0.03050268,0.926
2024_02_12_20_38_07_900,0.3,0.0,182151.0,182151.0,75.97392,0.0001310946,0.1359904,-2.453606e-06,0.009084585,-0.000150246,0.93,1.299318e-07,-8.261151e-05,-1.787563e-07,5.960464e-05,-9.289579e-06,-0.0001303852,0.926
2024_02_12_20_38_07_933,0.3,0.0,182227.0,182227.0,76.00556,0.0001311908,0.1359903,-2.78591e-06,0.009084586,-0.00014865,0.93,5.335075e-06,-8.907569e-05,2.216465e-06,-0.0009536743,5.357356e-05,0.01144875,0.926
2024_02_12_20_38_07_970,0.3,0.0,182309.0,182309.0,76.03983,0.0001313226,0.1359902,-1.716581e-06,0.009084438,-0.0001471343,0.93,1.87785e-05,-1.143277e-05,1.096136e-05,-0.0205636,1.181002e-05,0.04976801,0.926
2024_02_12_20_38_08_008,0.3,0.0,182394.0,182394.0,76.07495,0.0001313876,0.1359903,-1.750295e-07,0.009084407,-0.0001488991,0.93,1.670809e-05,-8.44954e-06,1.156862e-05,0.001728535,-9.593133e-05,-0.01895335,0.926
2024_02_12_20_38_08_046,0.3,0.0,182476.0,182476.0,76.10919,0.0001314587,0.1359903,-3.130604e-08,0.009084377,-0.0001496564,0.93,-5.207622e-07,6.806319e-06,2.314067e-07,-0.01579523,2.160254e-05,0.03804453,0.926
2024_02_12_20_38_08_084,0.3,0.0,182561.0,182561.0,76.14451,0.0001315572,0.1359904,1.7374e-07,0.009084526,-0.0001490251,0.93,-1.198157e-06,-8.640025e-05,1.079589e-06,0.0001788139,-9.29076e-05,-0.0001825392,0.926
2024_02_12_20_38_08_120,0.3,0.0,182643.0,182643.0,76.17894,0.0001316217,0.1359903,1.509105e-06,0.009084496,-0.0001492375,0.93,-3.905894e-06,-8.946846e-05,6.149768e-07,0.0003576278,-3.385139e-05,-0.0001480803,0.926
2024_02_12_20_38_08_158,0.3,0.0,182728.0,182728.0,76.21432,0.0001316131,0.1359902,-9.687936e-07,0.009084348,-0.0001542722,0.93,5.974162e-06,-3.447349e-05,7.468257e-06,-0.01198053,0.0002150677,0.04972517,0.926
2024_02_12_20_38_08_191,0.3,0.0,182801.0,182801.0,76.24503,0.0001316604,0.1359902,-1.513942e-06,0.009084348,-0.0001539204,0.93,4.294334e-05,-2.520811e-05,9.760348e-06,-0.006973743,-0.0003727929,0.01523457,0.926
2024_02_12_20_38_08_229,0.3,0.0,182886.0,182886.0,76.28031,0.0001317259,0.1359902,-7.887963e-07,0.009084377,-0.0001542014,0.93,5.531493e-06,-1.58925e-05,4.47411e-06,0.001430511,9.243604e-05,-0.01126435,0.926
2024_02_12_20_38_08_267,0.3,0.0,182968.0,182968.0,76.31462,0.0001318207,0.1359903,-1.985319e-06,0.009084526,-0.0001537991,0.93,5.29608e-06,-4.605038e-05,-1.938144e-07,0.01507997,0.0002132742,3.073364e-05,0.926
2024_02_12_20_38_08_304,0.3,0.0,183051.0,183051.0,76.34907,0.0001319239,0.1359904,2.23399e-07,0.009084526,-0.0001536031,0.93,4.000715e-06,-8.699451e-05,3.850731e-06,0.003457069,-9.372911e-05,-0.003967434,0.926
2024_02_12_20_38_08_341,0.3,0.0,183135.0,183135.0,76.38444,0.0001320229,0.1359904,-3.434298e-06,0.009084526,-0.0001534521,0.93,-1.18439e-05,-0.0001052429,-1.154175e-05,-0.003099441,2.093657e-05,0.003661029,0.926
2024_02_12_20_38_08_375,0.3,0.0,183209.0,183209.0,76.41513,0.0001321405,0.1359901,3.354299e-07,0.009084376,-0.0001512439,0.93,1.168143e-06,-2.598902e-05,1.680179e-06,0.007569789,-4.126377e-05,-0.04181359,0.926
2024_02_12_20_38_08_413,0.3,0.0,183293.0,183293.0,76.45027,0.0001322402,0.1359902,-7.837555e-07,0.009084348,-0.0001523579,0.93,5.207025e-06,2.102847e-05,3.342328e-06,0.01651049,0.0002416593,-0.04961434,0.926
2024_02_12_20_38_08_450,0.3,0.0,183376.0,183376.0,76.48441,0.0001323708,0.1359902,-2.495258e-06,0.009084377,-0.0001510674,0.93,2.030126e-06,-1.491449e-05,-6.381944e-07,0.003218651,2.723709e-06,1.676381e-05,0.926
2024_02_12_20_38_08_483,0.3,0.0,183451.0,183451.0,76.51597,0.000132472,0.1359903,-1.273278e-06,0.009084526,-0.0001514588,0.93,2.320801e-06,-9.062221e-05,-2.619233e-06,0.0005364418,-2.320576e-05,-0.0001350418,0.926
2024_02_12_20_38_08_521,0.3,0.0,183534.0,183534.0,76.55041,0.0001325707,0.1359904,-5.279658e-07,0.009084526,-0.0001513387,0.93,-1.16535e-06,-9.684688e-05,1.788214e-06,0.0002384186,-0.0001165513,-0.0001611188,0.926
2024_02_12_20_38_08_554,0.3,0.0,183609.0,183609.0,76.58205,0.0001326542,0.1359903,-3.793327e-07,0.009084407,-0.0001517049,0.93,-3.936781e-07,-9.391909e-05,-6.390093e-07,-0.005364418,1.422109e-05,-0.0001406297,0.926
2024_02_12_20_38_08_592,0.3,0.0,183692.0,183692.0,76.61648,0.0001327416,0.1359902,-6.407871e-07,0.009084348,-0.0001512158,0.93,-5.069612e-07,-5.432224e-05,4.011232e-06,0.01168251,-5.513198e-05,-0.01517404,0.926
2024_02_12_20_38_08_628,0.3,0.0,183774.0,183774.0,76.65073,0.0001328418,0.1359902,-4.974874e-07,0.009084408,-0.000151973,0.93,-1.983071e-06,-3.842832e-06,4.209826e-06,0.01084804,-0.0001467604,-0.02284162,0.926
2024_02_12_20_38_08_666,0.3,0.0,183859.0,183859.0,76.68594,0.0001329301,0.1359901,1.498764e-07,0.009084288,-0.0001534108,0.93,-1.585625e-06,2.488285e-05,-2.743007e-06,-0.001907349,-5.631932e-05,0.02289004,0.926
2024_02_12_20_38_08_704,0.3,0.0,183941.0,183941.0,76.72027,0.0001330029,0.1359903,-4.463708e-07,0.009084526,-0.0001541173,0.93,-2.534223e-07,-7.96548e-05,-1.936435e-06,-0.0003576278,-0.0002027164,-0.01165736,0.926
2024_02_12_20_38_08_737,0.3,0.0,184017.0,184017.0,76.7519,0.0001330829,0.1359903,5.075518e-07,0.009084526,-0.0001540062,0.93,-2.398606e-07,-8.902549e-05,3.029118e-06,-0.0004172325,9.958648e-05,0.003681518,0.926
2024_02_12_20_38_08_775,0.3,0.0,184099.0,184099.0,76.78628,0.0001332215,0.1359902,-1.050963e-06,0.009084408,-0.0001523074,0.93,7.354192e-07,-2.209178e-06,-4.120167e-06,-0.00846386,3.26695e-05,0.03063865,0.926
2024_02_12_20_38_08_811,0.3,0.0,184184.0,184184.0,76.82146,0.0001333271,0.1359902,-8.145558e-07,0.009084377,-0.0001521171,0.93,-1.923741e-06,3.72703e-06,2.364502e-06,0.003039837,-7.981726e-06,-0.0076266,0.926
2024_02_12_20_38_08_850,0.3,0.0,184266.0,184266.0,76.8557,0.0001334236,0.1359902,-9.402187e-07,0.009084407,-0.0001529822,0.93,-1.571655e-06,1.450256e-05,2.438849e-07,-0.002324581,4.897697e-05,0.02310239,0.926
2024_02_12_20_38_08_887,0.3,0.0,184351.0,184351.0,76.89074,0.0001335188,0.1359903,-2.462348e-06,0.009084556,-0.0001524922,0.93,1.871045e-06,-7.457526e-05,-2.455305e-06,-0.005066394,-2.011939e-05,0.01517963,0.926
2024_02_12_20_38_08_921,0.3,0.0,184424.0,184424.0,76.92111,0.0001336088,0.1359904,1.635361e-07,0.009084556,-0.0001505368,0.93,-1.604153e-06,-5.896305e-05,4.249523e-06,0.0007152557,-2.638194e-05,-0.0001247972,0.926
2024_02_12_20_38_08_958,0.3,0.0,184509.0,184509.0,76.95625,0.0001336862,0.1359902,-1.156204e-06,0.009084377,-0.0001512014,0.93,-1.304035e-06,-2.903197e-05,1.592993e-06,-0.003039837,-6.079381e-05,0.01167413,0.926
2024_02_12_20_38_08_995,0.3,0.0,184591.0,184591.0,76.9904,0.0001337916,0.1359902,-1.887026e-06,0.009084377,-0.0001504719,0.93,2.232074e-05,1.831415e-05,1.728479e-05,0.0141263,-0.0001079679,-0.04575401,0.926
2024_02_12_20_38_09_033,0.3,0.0,184676.0,184676.0,77.02544,0.0001338871,0.1359902,-7.028347e-07,0.009084405,-0.0001506949,0.93,1.774417e-05,-3.020913e-05,-1.139826e-05,-0.003576278,-9.952555e-05,-0.003727153,0.926
2024_02_12_20_38_09_070,0.3,0.0,184758.0,184758.0,77.05965,0.0001339818,0.1359901,-1.13291e-06,0.009084348,-0.0001508462,0.93,9.889171e-07,1.353374e-06,-4.387744e-07,0.005662441,9.945552e-05,-0.007621943,0.926
2024_02_12_20_38_09_113,0.3,0.0,184852.0,184852.0,77.09858,0.0001341036,0.1359903,6.7294e-07,0.009084496,-0.0001516459,0.93,-3.061911e-06,-0.0001062108,2.988832e-06,0.0004172325,-0.0001097355,-0.0001816079,0.926
2024_02_12_20_38_09_147,0.3,0.0,184925.0,184925.0,77.1293,0.0001341303,0.1359903,3.971535e-06,0.009084496,-0.0001505937,0.93,-1.313072e-05,-0.0001034478,1.025622e-06,0.002324581,-8.657479e-05,0.003709458,0.926
2024_02_12_20_38_09_184,0.3,0.0,185010.0,185010.0,77.1646,0.0001341456,0.1359902,9.415462e-07,0.009084377,-0.0001538216,0.93,-2.26999e-05,-4.626593e-05,8.340839e-06,0.00244379,0.0003357008,0.003899447,0.926
2024_02_12_20_38_09_221,0.3,0.0,185092.0,185092.0,77.19885,0.0001342493,0.1359902,-6.661219e-07,0.009084406,-0.0001505972,0.93,2.822981e-06,-6.531381e-06,3.128263e-06,0.01090765,0.0001651861,-0.03442634,0.926
2024_02_12_20_38_09_259,0.3,0.0,185177.0,185177.0,77.23402,0.0001343518,0.1359904,-7.330888e-07,0.009084526,-0.0001503324,0.93,1.117271e-06,-6.699877e-05,-1.262257e-06,0.002503395,-0.0002095505,-0.0001359731,0.926
2024_02_12_20_38_09_295,0.3,0.0,185259.0,185259.0,77.26843,0.000134484,0.1359903,-3.095979e-06,0.009084496,-0.0001556059,0.93,1.259221e-05,-9.906149e-05,7.303968e-07,0.001370907,-8.819551e-05,0.003662891,0.926
2024_02_12_20_38_09_328,0.3,0.0,185333.0,185333.0,77.29916,0.0001346337,0.1359903,5.339511e-07,0.009084466,-0.000153289,0.93,-1.64991e-06,-0.0001081457,1.10891e-06,-0.0002980232,-0.0001229334,-0.0002086162,0.926
2024_02_12_20_38_09_366,0.3,0.0,185417.0,185417.0,77.33453,0.0001346818,0.1359901,-1.939545e-06,0.009084348,-0.0001551971,0.93,-4.186824e-06,-5.113542e-05,-2.34727e-06,0.008940697,0.0002091178,-0.03818143,0.926
2024_02_12_20_38_09_403,0.3,0.0,185500.0,185500.0,77.36881,0.0001347815,0.1359902,-1.165576e-06,0.009084348,-0.0001552386,0.93,-2.359833e-07,-9.43269e-06,-1.024063e-06,0.004351139,-0.0001473786,0.007905997,0.926
2024_02_12_20_38_09_443,0.3,0.0,185584.0,185584.0,77.40408,0.0001349034,0.1359902,-6.764972e-07,0.009084348,-0.0001508633,0.93,-1.951503e-06,-1.57653e-05,-1.501755e-07,0.01013279,0.0001288336,-0.04573632,0.926
2024_02_12_20_38_09_475,0.3,0.0,185658.0,185658.0,77.43468,0.0001349738,0.1359902,-1.701397e-06,0.009084348,-0.0001512731,0.93,1.154062e-06,5.170994e-06,-3.873147e-08,-0.020504,9.635345e-05,0.03819168,0.926
2024_02_12_20_38_09_512,0.3,0.0,185743.0,185743.0,77.46998,0.0001350926,0.1359904,-7.397276e-07,0.009084526,-0.0001494995,0.93,-2.174349e-05,-7.705415e-05,-9.879794e-06,-0.0008940696,-3.811942e-05,0.007482245,0.926
2024_02_12_20_38_09_550,0.3,0.0,185825.0,185825.0,77.50442,0.0001351825,0.1359903,-2.591295e-07,0.009084526,-0.0001489187,0.93,-1.232331e-06,-8.848707e-05,-6.051575e-07,-0.0004172325,4.591129e-05,-0.0001424924,0.926
2024_02_12_20_38_09_587,0.3,0.0,185910.0,185910.0,77.53973,0.0001352698,0.1359902,5.547396e-07,0.009084435,-0.0001492176,0.93,-2.943854e-06,-3.459497e-05,-2.298855e-06,-0.02157688,5.947618e-05,0.03071595,0.926
2024_02_12_20_38_09_625,0.3,0.0,185992.0,185992.0,77.57407,0.0001353664,0.1359902,-1.960553e-06,0.009084407,-0.0001493124,0.93,2.111036e-05,-1.736573e-05,1.100639e-05,-0.003457069,-7.53605e-05,-0.01127552,0.926
2024_02_12_20_38_09_662,0.3,0.0,186076.0,186076.0,77.60918,0.000135482,0.1359904,-1.599241e-06,0.009084526,-0.0001464935,0.93,-1.059586e-06,-6.160988e-05,-6.653798e-06,-0.007212162,0.0002525671,0.01502782,0.926
2024_02_12_20_38_09_700,0.3,0.0,186159.0,186159.0,77.64331,0.000135559,0.1359903,-6.999169e-07,0.009084526,-0.000148628,0.93,1.938852e-05,-8.863717e-05,1.704801e-05,-0.001251697,-1.346939e-05,-0.01928397,0.926
2024_02_12_20_38_09_737,0.3,0.0,186243.0,186243.0,77.67866,0.0001356566,0.1359903,-1.128562e-06,0.009084556,-0.0001474535,0.93,-1.587032e-07,-9.516961e-05,-3.236207e-07,-0.000834465,0.0001388216,-0.0001005828,0.926
2024_02_12_20_38_09_774,0.3,0.0,186326.0,186326.0,77.71294,0.0001357601,0.1359902,-9.364031e-07,0.009084377,-0.0001472325,0.93,2.938419e-07,-3.247693e-05,1.263259e-07,-0.01364946,-0.0001063961,0.02306793,0.926
2024_02_12_20_38_09_813,0.3,0.0,186410.0,186410.0,77.74805,0.0001358551,0.1359902,7.791448e-08,0.009084407,-0.0001473163,0.93,-1.026276e-06,-3.044207e-05,4.213171e-06,-0.008642673,-5.099059e-05,0.0002002343,0.926
2024_02_12_20_38_09_850,0.3,0.0,186493.0,186493.0,77.7822,0.0001359764,0.1359902,5.090671e-07,0.009084438,-0.0001457811,0.93,2.992827e-06,-2.770576e-05,-1.404803e-06,-0.0001788139,2.751017e-05,0.003931113,0.926
2024_02_12_20_38_09_882,0.3,0.0,186566.0,186566.0,77.81272,0.0001360523,0.1359903,3.844401e-08,0.009084555,-0.000145403,0.93,1.795444e-05,-6.536353e-05,-4.902502e-06,0.0007152557,-0.0001619937,0.003707595,0.926
2024_02_12_20_38_09_920,0.3,0.0,186651.0,186651.0,77.84804,0.0001361285,0.1359903,1.244244e-08,0.009084496,-0.0001444284,0.93,-4.909699e-07,-9.679283e-05,-2.33547e-06,0.0004768371,-6.061941e-05,-0.0001806766,0.926
2024_02_12_20_38_09_958,0.3,0.0,186733.0,186733.0,77.8825,0.000136177,0.1359902,8.879891e-07,0.009084318,-0.0001451006,0.93,-4.515452e-06,-1.614428e-05,8.462397e-07,-0.004470348,-8.343488e-05,0.03842171,0.926
2024_02_12_20_38_09_992,0.3,0.0,186809.0,186809.0,77.91412,0.0001362659,0.1359902,-2.729488e-06,0.009084377,-0.0001429776,0.93,3.595763e-06,-3.076408e-05,-4.262923e-06,0.007569789,0.0001353521,-0.05329679,0.926
2024_02_12_20_38_10_025,0.3,0.0,186883.0,186883.0,77.94469,0.0001363415,0.1359902,5.541288e-07,0.009084377,-0.0001429744,0.93,5.680491e-07,-3.563967e-05,1.991339e-06,0.002205372,-9.336849e-05,0.0001043081,0.926
2024_02_12_20_38_10_063,0.3,0.0,186967.0,186967.0,77.97987,0.0001363972,0.1359903,-5.13578e-07,0.009084496,-0.0001450511,0.93,-2.104313e-07,-8.241307e-05,-1.03072e-06,5.960464e-05,-0.0001630965,-0.0001452863,0.926
2024_02_12_20_38_10_099,0.3,0.0,187050.0,187050.0,78.01432,0.0001364558,0.1359903,-5.169584e-07,0.009084496,-0.0001486864,0.93,-3.03279e-07,-0.0001002654,1.666706e-06,0.007867813,6.135167e-05,-0.007762573,0.926
2024_02_12_20_38_10_137,0.3,0.0,187134.0,187134.0,78.04969,0.0001365152,0.1359903,6.366532e-07,0.009084466,-0.0001503654,0.93,-2.0709e-06,-0.0001107776,5.66135e-07,0.0001192093,-9.30288e-06,-0.000204891,0.926
2024_02_12_20_38_10_170,0.3,0.0,187208.0,187208.0,78.08039,0.000136565,0.1359901,-2.202254e-06,0.009084316,-0.0001518632,0.93,2.243684e-05,-4.255518e-05,1.07746e-05,0.010252,-0.00021101,-0.01893006,0.926
2024_02_12_20_38_10_207,0.3,0.0,187290.0,187290.0,78.11464,0.0001366582,0.1359902,-7.463755e-07,0.009084377,-0.0001530306,0.93,4.336109e-06,-3.328116e-06,-9.236211e-07,-0.02348423,0.0001542764,0.05361437,0.926
2024_02_12_20_38_10_245,0.3,0.0,187375.0,187375.0,78.14973,0.0001367693,0.1359902,-1.407e-06,0.009084406,-0.0001541008,0.93,3.002852e-06,-1.678269e-05,-1.002623e-06,0.01239777,-7.775043e-06,-0.03051106,0.926
2024_02_12_20_38_10_280,0.3,0.0,187448.0,187448.0,78.18025,0.0001368933,0.1359903,-1.091285e-06,0.009084348,-0.0001508143,0.93,1.664178e-06,1.327836e-05,3.405101e-06,0.005662441,-0.0001886758,-0.01146737,0.926
2024_02_12_20_38_10_316,0.3,0.0,187533.0,187533.0,78.21545,0.0001370109,0.1359903,-2.415094e-07,0.009084556,-0.0001510505,0.93,1.365939e-06,-7.411862e-05,1.187892e-06,0.0005960464,-0.0001402861,-0.0001341105,0.926
2024_02_12_20_38_10_353,0.3,0.0,187615.0,187615.0,78.24989,0.0001371065,0.1359902,1.094567e-06,0.009084317,-0.0001505592,0.93,-1.241949e-10,-6.380099e-06,1.545365e-06,0.02139807,-4.755247e-05,-0.02672151,0.926
2024_02_12_20_38_10_391,0.3,0.0,187700.0,187700.0,78.28514,0.0001371904,0.1359902,-8.340959e-07,0.009084318,-0.000150959,0.93,-5.975554e-07,-2.893927e-05,6.670582e-07,0.003993511,9.803693e-05,0.0001052394,0.926
2024_02_12_20_38_10_429,0.3,0.0,187782.0,187782.0,78.31956,0.0001372698,0.1359902,-1.716039e-06,0.009084288,-0.0001506429,0.93,-1.895649e-05,-1.829385e-05,-1.241618e-05,0.001966953,0.0001953358,-0.003747642,0.926
2024_02_12_20_38_10_467,0.3,0.0,187867.0,187867.0,78.35493,0.000137373,0.1359902,-2.104669e-06,0.009084377,-0.00015135,0.93,5.736818e-06,-5.596444e-08,2.217555e-06,0.01496076,2.325782e-05,-0.04581082,0.926
2024_02_12_20_38_10_503,0.3,0.0,187949.0,187949.0,78.38928,0.0001374982,0.1359903,5.509331e-07,0.009084496,-0.0001489534,0.93,-1.626632e-06,-7.97176e-05,-1.045534e-06,0.0,-0.0001474673,-0.0001452863,0.926
2024_02_12_20_38_10_541,0.3,0.0,188034.0,188034.0,78.42465,0.0001375852,0.1359903,-4.222771e-07,0.009084496,-0.0001501442,0.93,2.760245e-09,-9.760784e-05,-8.840376e-08,0.0004172325,-6.820982e-06,-0.0001797452,0.926
2024_02_12_20_38_10_579,0.3,0.0,188116.0,188116.0,78.45895,0.0001376734,0.1359902,-1.06154e-06,0.009084407,-0.0001513778,0.93,-1.950768e-05,-3.067813e-05,-2.303779e-06,-0.009715557,0.000476788,0.02302695,0.926
2024_02_12_20_38_10_612,0.3,0.0,188192.0,188192.0,78.49036,0.0001377551,0.1359903,-5.7138e-07,0.009084407,-0.0001508486,0.93,-4.608246e-06,3.108983e-07,-6.854717e-07,0.002503395,-0.0001948005,-0.003635883,0.926
2024_02_12_20_38_10_649,0.3,0.0,188274.0,188274.0,78.5246,0.0001378534,0.1359903,-1.708924e-06,0.009084407,-0.0001493038,0.93,-1.664992e-05,-9.368535e-06,-1.171481e-05,-0.001430511,0.0001686312,-0.01920667,0.926
2024_02_12_20_38_10_687,0.3,0.0,188359.0,188359.0,78.55981,0.0001379634,0.1359902,1.234617e-06,0.009084349,-0.0001488202,0.93,-8.354167e-07,-1.002812e-05,5.740394e-06,0.007927418,-0.0002910622,-0.01535658,0.926
2024_02_12_20_38_10_725,0.3,0.0,188441.0,188441.0,78.59405,0.0001380548,0.1359904,-1.001392e-08,0.009084556,-0.0001503349,0.93,-2.371163e-06,-6.923958e-05,1.458161e-06,0.001013279,1.917101e-05,-0.0001303852,0.926
2024_02_12_20_38_10_762,0.3,0.0,188523.0,188523.0,78.62833,0.0001381443,0.1359901,6.980076e-07,0.009084435,-0.0001505335,0.93,-2.76361e-07,-3.574882e-05,9.364269e-07,0.007152557,-0.0001278388,-0.01503806,0.926
2024_02_12_20_38_10_795,0.3,0.0,188599.0,188599.0,78.65977,0.0001381862,0.1359902,-1.038489e-06,0.009084406,-0.0001540583,0.93,3.942023e-05,-1.007337e-05,6.322097e-06,0.003159046,-4.866785e-05,-0.02282392,0.926
2024_02_12_20_38_10_828,0.3,0.0,188673.0,188673.0,78.6903,0.0001382533,0.1359902,-1.037398e-06,0.009084348,-0.0001535897,0.93,-1.932254e-05,-1.568594e-05,3.568105e-06,-0.005424022,0.0002198112,0.03445055,0.926
2024_02_12_20_38_10_866,0.3,0.0,188757.0,188757.0,78.72549,0.0001383675,0.1359903,-3.128512e-06,0.009084526,-0.0001527179,0.93,4.258561e-05,-7.058583e-05,7.76156e-06,-5.960464e-05,-0.0001901214,-0.007793307,0.926
2024_02_12_20_38_10_903,0.3,0.0,188840.0,188840.0,78.75994,0.0001384721,0.1359904,-3.54155e-07,0.009084526,-0.0001524926,0.93,9.691479e-07,-9.091662e-05,6.927465e-07,0.0004172325,2.659794e-05,-0.0001685694,0.926
2024_02_12_20_38_10_937,0.3,0.0,188913.0,188913.0,78.79066,0.0001385393,0.1359903,5.934027e-07,0.009084466,-0.0001540592,0.93,-2.916518e-06,-0.0001152797,2.699049e-06,-0.007152557,-7.966491e-05,0.007377006,0.926
2024_02_12_20_38_10_974,0.3,0.0,188998.0,188998.0,78.82603,0.0001386235,0.1359901,-8.997778e-07,0.009084348,-0.0001533956,0.93,3.629062e-07,-2.70825e-05,6.029813e-09,-0.008583069,1.112994e-05,0.0305986,0.926
2024_02_12_20_38_11_007,0.3,0.0,189071.0,189071.0,78.85658,0.0001387035,0.1359902,-1.060021e-06,0.009084406,-0.0001523741,0.93,-7.234773e-07,-2.854572e-05,3.229421e-06,-0.00923872,-0.0001367707,0.01142174,0.926
2024_02_12_20_38_11_045,0.3,0.0,189156.0,189156.0,78.89172,0.0001387807,0.1359903,-1.46065e-06,0.009084377,-0.0001548531,0.93,1.538722e-06,-1.771714e-05,-3.411511e-06,0.006735324,4.764411e-05,-0.05353521,0.926
2024_02_12_20_38_11_083,0.3,0.0,189238.0,189238.0,78.92598,0.0001388658,0.1359904,-1.225485e-06,0.009084526,-0.0001558509,0.93,8.872238e-07,-6.26025e-05,4.927573e-07,0.0001192093,-2.608431e-06,-0.0001918524,0.926
2024_02_12_20_38_11_116,0.3,0.0,189314.0,189314.0,78.9576,0.0001389481,0.1359903,-5.426915e-07,0.009084496,-0.0001572885,0.93,-2.69658e-07,-0.0001018878,5.29741e-06,0.0002384186,3.40608e-05,-0.0001806766,0.926
2024_02_12_20_38_11_154,0.3,0.0,189396.0,189396.0,78.99205,0.0001390549,0.1359902,-1.837483e-06,0.009084318,-0.0001562697,0.93,5.281298e-06,-2.772706e-05,5.827013e-07,0.002741813,-0.0001400046,0.007675029,0.926
2024_02_12_20_38_11_187,0.3,0.0,189470.0,189470.0,79.02266,0.0001391648,0.1359901,-1.18024e-06,0.009084377,-0.0001545658,0.93,3.034959e-06,-9.920906e-06,-1.806911e-06,0.002503395,8.182928e-05,0.007900409,0.926
2024_02_12_20_38_11_221,0.3,0.0,189545.0,189545.0,79.05416,0.0001392492,0.1359902,-2.033358e-06,0.009084377,-0.0001544196,0.93,-1.413234e-06,-8.32572e-06,-2.277286e-06,0.002145767,0.0003826508,-0.003672205,0.926
2024_02_12_20_38_11_253,0.3,0.0,189619.0,189619.0,79.08475,0.0001393472,0.1359902,-3.525238e-08,0.009084348,-0.0001521318,0.93,-8.146109e-07,6.880405e-07,2.490311e-06,0.01055002,-9.224959e-05,-0.0458816,0.926
2024_02_12_20_38_11_291,0.3,0.0,189704.0,189704.0,79.12,0.0001394233,0.1359903,-5.747735e-07,0.009084437,-0.0001534308,0.93,-3.45383e-07,-1.38151e-05,5.429662e-08,0.00578165,2.942488e-05,0.007881783,0.926
2024_02_12_20_38_11_328,0.3,0.0,189786.0,189786.0,79.15443,0.0001394949,0.1359904,4.339152e-07,0.009084556,-0.0001542016,0.93,-8.189646e-07,-7.563517e-05,-1.169976e-06,0.004708767,2.660044e-06,0.007590279,0.926
2024_02_12_20_38_11_366,0.3,0.0,189871.0,189871.0,79.1898,0.0001395969,0.1359902,-8.677202e-07,0.009084377,-0.0001512477,0.93,7.852796e-06,-4.549019e-05,6.479036e-06,-0.006496906,0.0001970418,-0.003820285,0.926
2024_02_12_20_38_11_400,0.3,0.0,189944.0,189944.0,79.22052,0.0001396782,0.1359901,5.429933e-07,0.009084286,-0.0001512554,0.93,-7.839822e-07,-1.307343e-05,1.331232e-06,0.003874302,8.185452e-07,-0.0266796,0.926
2024_02_12_20_38_11_437,0.3,0.0,190026.0,190026.0,79.25495,0.0001397648,0.1359902,-5.123368e-07,0.009084348,-0.0001516638,0.93,-1.907247e-05,-5.727193e-05,9.993431e-06,-0.002980232,5.892161e-05,0.01920108,0.926
2024_02_12_20_38_11_469,0.3,0.0,190102.0,190102.0,79.28659,0.0001398406,0.1359902,-5.432602e-07,0.009084377,-0.0001519549,0.93,-9.901926e-07,-3.605146e-05,-1.503436e-06,0.003516674,7.593428e-05,-0.02301577,0.926
2024_02_12_20_38_11_508,0.3,0.0,190185.0,190185.0,79.32097,0.0001399159,0.1359902,-1.571187e-06,0.009084376,-0.0001538572,0.93,4.334752e-05,1.259842e-07,8.107858e-06,-0.009715557,5.735955e-05,0.01903903,0.926
2024_02_12_20_38_11_542,0.3,0.0,190260.0,190260.0,79.35255,0.000140019,0.1359904,-1.36595e-06,0.009084555,-0.0001534127,0.93,3.554494e-06,-7.694159e-05,-1.805842e-06,0.006139278,-6.371988e-05,-0.01544412,0.926
2024_02_12_20_38_11_579,0.3,0.0,190343.0,190343.0,79.38699,0.0001401388,0.1359902,-9.2393e-07,0.009084318,-0.000153023,0.93,-1.478239e-05,1.560116e-06,-1.028338e-05,-0.003635883,-1.107037e-05,0.003707595,0.926
2024_02_12_20_38_11_616,0.3,0.0,190427.0,190427.0,79.42236,0.0001402466,0.1359902,-1.131853e-06,0.009084318,-0.0001546065,0.93,-8.123769e-07,-2.171751e-05,-8.085836e-06,-0.0002384186,9.79935e-06,-0.01130532,0.926
2024_02_12_20_38_11_653,0.3,0.0,190510.0,190510.0,79.45682,0.0001403454,0.1359902,6.494677e-07,0.009084378,-0.0001543832,0.93,-2.145449e-05,-3.092186e-06,7.407661e-06,-0.005900859,0.0002021011,0.03445428,0.926
2024_02_12_20_38_11_687,0.3,0.0,190583.0,190583.0,79.48749,0.0001404372,0.1359904,-5.078837e-07,0.009084526,-0.0001534797,0.93,-7.533946e-07,-8.787065e-05,7.29236e-06,-0.001251697,6.82437e-05,-0.007797032,0.926
2024_02_12_20_38_11_720,0.3,0.0,190659.0,190659.0,79.51914,0.0001405378,0.1359903,5.240921e-08,0.009084496,-0.0001521498,0.93,-1.50443e-06,-9.975589e-05,-1.65726e-06,0.0002384186,-2.31596e-05,-0.0001825392,0.926
2024_02_12_20_38_11_758,0.3,0.0,190741.0,190741.0,79.55358,0.0001406289,0.1359901,-1.914088e-06,0.009084317,-0.0001533102,0.93,4.343724e-05,-2.527776e-05,2.714954e-06,0.001907349,-0.000118046,-0.007570721,0.926
2024_02_12_20_38_11_792,0.3,0.0,190817.0,190817.0,79.58523,0.0001407078,0.1359902,-6.143729e-07,0.009084318,-0.0001535235,0.93,1.740432e-05,-1.265441e-05,-6.963791e-06,0.0007152557,-0.0001023579,0.003986061,0.926
2024_02_12_20_38_11_828,0.3,0.0,190899.0,190899.0,79.61967,0.0001407671,0.1359902,-2.051793e-06,0.009084406,-0.000156229,0.93,4.027158e-05,-1.900731e-05,6.14159e-06,-0.01513958,-1.324815e-05,0.03084913,0.926
2024_02_12_20_38_11_865,0.3,0.0,190984.0,190984.0,79.65503,0.0001408579,0.1359904,-6.811013e-07,0.009084526,-0.0001565546,0.93,2.151732e-05,-6.93231e-05,1.306607e-05,0.0009536743,3.57295e-06,-0.000228174,0.926
2024_02_12_20_38_11_899,0.3,0.0,191057.0,191057.0,79.68575,0.0001409368,0.1359903,-1.949526e-06,0.009084526,-0.0001563819,0.93,2.252073e-05,-9.323138e-05,-1.185032e-05,0.000655651,0.0001807627,-0.0001294538,0.926
2024_02_12_20_38_11_936,0.3,0.0,191140.0,191140.0,79.72019,0.0001410918,0.1359903,-1.126012e-06,0.009084526,-0.0001539136,0.93,-1.270363e-05,-0.0001017193,-1.378975e-05,0.00244379,-6.763525e-05,-0.007770955,0.926
2024_02_12_20_38_11_974,0.3,0.0,191224.0,191224.0,79.75555,0.0001412075,0.1359902,-3.077516e-07,0.009084348,-0.0001539816,0.93,8.385114e-07,-2.654869e-05,-2.4587e-06,-0.008106232,2.776141e-05,0.0307858,0.926
2024_02_12_20_38_12_008,0.3,0.0,191298.0,191298.0,79.78628,0.0001413025,0.1359902,-2.027134e-06,0.009084377,-0.000154839,0.93,-6.669377e-07,-7.370131e-06,-2.486047e-06,0.01394749,-0.0001959893,-0.03041979,0.926
2024_02_12_20_38_12_045,0.3,0.0,191382.0,191382.0,79.82166,0.0001413954,0.1359902,2.849738e-07,0.009084318,-0.0001543682,0.93,-2.243958e-05,4.461018e-06,-6.896743e-06,0.009000301,-5.128413e-06,0.01144502,0.926
2024_02_12_20_38_12_082,0.3,0.0,191465.0,191465.0,79.85609,0.0001414683,0.1359903,8.295011e-07,0.009084556,-0.0001561375,0.93,1.302237e-05,-8.891267e-05,1.257505e-05,-0.004827976,0.0001946785,0.003712252,0.926
2024_02_12_20_38_12_116,0.3,0.0,191538.0,191538.0,79.88681,0.0001415196,0.1359904,-6.184763e-07,0.009084526,-0.0001564885,0.93,1.957208e-05,-0.0001046098,-7.182239e-06,-0.0002384186,-1.919034e-05,-0.003973953,0.926
2024_02_12_20_38_12_153,0.3,0.0,191623.0,191623.0,79.92219,0.0001416269,0.1359901,6.121491e-08,0.009084348,-0.0001549862,0.93,-3.81895e-05,-4.673536e-05,-7.32633e-06,-0.00166893,0.0002814895,0.0002533197,0.926
2024_02_12_20_38_12_186,0.3,0.0,191696.0,191696.0,79.95287,0.0001417259,0.1359902,-2.313506e-06,0.009084348,-0.0001555215,0.93,-2.558785e-07,-2.036728e-05,2.827437e-07,-0.006258487,-9.949689e-05,0.01141708,0.926
2024_02_12_20_38_12_224,0.3,0.0,191781.0,191781.0,79.98823,0.0001418568,0.1359902,-2.001728e-06,0.009084348,-0.00015691,0.93,2.336692e-05,-1.657312e-05,1.014385e-05,0.00423193,-0.0004264796,-0.03070757,0.926
2024_02_12_20_38_12_262,0.3,0.0,191863.0,191863.0,80.02264,0.0001419567,0.1359904,-1.494663e-06,0.009084526,-0.0001555928,0.93,-1.107366e-06,-6.760634e-05,1.780508e-07,-0.006437301,-1.909916e-05,0.01120381,0.926
2024_02_12_20_38_12_299,0.3,0.0,191948.0,191948.0,80.05802,0.0001420681,0.1359904,8.736467e-07,0.009084526,-0.0001542663,0.93,-2.284863e-05,-9.119268e-05,-1.529426e-05,0.0004172325,-0.0001734045,-0.0001266599,0.926
2024_02_12_20_38_12_332,0.3,0.0,192021.0,192021.0,80.08874,0.0001421334,0.1359903,-6.072595e-07,0.009084497,-0.0001553044,0.93,1.688402e-05,-0.0001089438,1.406228e-05,0.005424022,9.932284e-05,-0.003911555,0.926
2024_02_12_20_38_12_370,0.3,0.0,192106.0,192106.0,80.12411,0.0001422267,0.1359902,-1.945507e-06,0.009084377,-0.000157886,0.93,2.070383e-05,-2.608048e-05,1.048661e-05,-0.004053116,-0.0003610887,0.02311263,0.926
2024_02_12_20_38_12_403,0.3,0.0,192180.0,192180.0,80.15483,0.0001423077,0.1359902,-4.455027e-08,0.009084377,-0.0001583543,0.93,3.771063e-05,-3.894482e-05,7.029398e-06,0.01245737,-5.323079e-05,-0.0379961,0.926
2024_02_12_20_38_12_441,0.3,0.0,192262.0,192262.0,80.18928,0.0001423918,0.1359902,-1.07541e-06,0.009084468,-0.0001592028,0.93,-4.785167e-07,-1.671082e-05,2.485792e-06,-0.03403425,-5.031051e-05,0.05366839,0.926
2024_02_12_20_38_12_479,0.3,0.0,192346.0,192346.0,80.22461,0.0001424645,0.1359903,-1.68052e-07,0.009084555,-0.0001608979,0.93,-2.123031e-06,-7.255553e-05,7.691283e-08,-0.002920627,3.616594e-05,-0.007784925,0.926
2024_02_12_20_38_12_516,0.3,0.0,192429.0,192429.0,80.25906,0.0001425486,0.1359903,-1.13027e-06,0.009084526,-0.0001617344,0.93,8.294542e-07,-7.733361e-05,-2.215657e-06,0.0,7.647258e-05,-0.0001359731,0.926
2024_02_12_20_38_12_554,0.3,0.0,192513.0,192513.0,80.29441,0.0001426343,0.1359902,-7.818542e-07,0.009084318,-0.0001629535,0.93,-2.049772e-05,-3.282927e-05,5.802257e-06,0.008940697,0.0003413579,-0.0265399,0.926
2024_02_12_20_38_12_593,0.3,0.0,192596.0,192596.0,80.32886,0.0001427609,0.1359902,-8.519344e-07,0.009084348,-0.0001612645,0.93,2.201639e-05,1.501698e-05,1.336575e-05,-0.01478195,-9.812925e-05,0.05725398,0.926
2024_02_12_20_38_12_627,0.3,0.0,192672.0,192672.0,80.36039,0.0001428456,0.1359902,-8.408858e-08,0.009084318,-0.0001610943,0.93,2.399813e-06,-1.724087e-05,5.940667e-06,0.001907349,6.331652e-05,-0.003719702,0.926
2024_02_12_20_38_12_657,0.3,0.0,192745.0,192745.0,80.391,0.000142948,0.1359903,-1.626124e-06,0.009084556,-0.0001614056,0.93,6.059906e-06,-6.283975e-05,1.930381e-07,0.003755092,4.554158e-05,-0.00396464,0.926
2024_02_12_20_38_12_691,0.3,0.0,192819.0,192819.0,80.42171,0.0001430406,0.1359903,-2.721231e-07,0.009084496,-0.000162059,0.93,-5.099873e-07,-8.84513e-05,-1.569356e-06,0.0002980232,-4.143703e-05,-0.0001825392,0.926
2024_02_12_20_38_12_728,0.3,0.0,192903.0,192903.0,80.45708,0.0001431286,0.1359903,1.155538e-06,0.009084526,-0.0001610411,0.93,-7.381715e-06,-0.0001010769,5.157972e-06,0.001013279,-3.572723e-05,-9.778886e-05,0.926
2024_02_12_20_38_12_766,0.3,0.0,192986.0,192986.0,80.49152,0.000143215,0.1359902,-1.564502e-06,0.009084318,-0.0001606008,0.93,3.054578e-06,-3.21066e-07,2.182002e-06,-0.004649162,-4.837693e-05,0.0154227,0.926
2024_02_12_20_38_12_805,0.3,0.0,193070.0,193070.0,80.52689,0.0001433265,0.1359902,-1.963734e-06,0.009084377,-0.0001625411,0.93,3.930761e-06,-3.496666e-05,-6.267576e-07,0.007271766,0.0001193684,-0.01509767,0.926
2024_02_12_20_38_12_841,0.3,0.0,193153.0,193153.0,80.56126,0.0001434402,0.1359903,-2.408329e-06,0.009084556,-0.0001635903,0.93,3.503433e-07,-6.195376e-05,7.028515e-07,0.010252,-1.747185e-05,-0.01516007,0.926
2024_02_12_20_38_12_875,0.3,0.0,193228.0,193228.0,80.59291,0.0001435383,0.1359903,6.699447e-07,0.009084496,-0.0001631811,0.93,-1.464583e-06,-8.928317e-05,-1.477339e-06,0.001013279,-0.0001484304,-0.00017602,0.926
2024_02_12_20_38_12_912,0.3,0.0,193311.0,193311.0,80.62738,0.0001436197,0.1359903,-1.569264e-06,0.009084496,-0.000164537,0.93,-5.408956e-06,-9.540413e-05,-4.522145e-06,-0.004351139,5.709501e-05,0.007397495,0.926
2024_02_12_20_38_12_947,0.3,0.0,193386.0,193386.0,80.65906,0.0001436791,0.1359902,-7.757863e-07,0.009084348,-0.000163728,0.93,2.242648e-05,-4.668874e-05,-7.558384e-06,0.00846386,0.0003613133,-0.01895707,0.926
2024_02_12_20_38_12_983,0.3,0.0,193469.0,193469.0,80.69346,0.0001437825,0.1359902,6.025892e-07,0.009084407,-0.0001642904,0.93,1.982909e-06,-1.476038e-05,7.12396e-06,-0.004947185,-0.0002602944,0.02692547,0.926
2024_02_12_20_38_13_020,0.3,0.0,193553.0,193553.0,80.72872,0.0001438549,0.1359902,-1.116895e-06,0.009084349,-0.0001669154,0.93,1.703401e-05,-7.719033e-06,1.409657e-05,0.00578165,-3.860009e-05,-0.00744313,0.926
2024_02_12_20_38_13_053,0.3,0.0,193627.0,193627.0,80.75941,0.0001439341,0.1359903,-3.206986e-07,0.009084557,-0.000166098,0.93,8.162984e-07,-9.482425e-05,-2.021883e-07,0.001728535,1.245098e-05,-0.007643364,0.926
2024_02_12_20_38_13_091,0.3,0.0,193709.0,193709.0,80.79383,0.0001440219,0.1359904,-2.151346e-06,0.009084526,-0.000166855,0.93,1.09565e-06,-8.25503e-05,-1.741274e-07,-0.004827976,0.0001184005,0.01132022,0.926
2024_02_12_20_38_13_124,0.3,0.0,193785.0,193785.0,80.82548,0.0001440932,0.1359903,-4.988753e-07,0.009084499,-0.0001670076,0.93,3.574392e-07,-0.0001103716,-1.53871e-07,0.0002384186,4.838239e-05,-0.0001071021,0.926
2024_02_12_20_38_13_162,0.3,0.0,193867.0,193867.0,80.85992,0.0001441696,0.1359901,-7.291925e-07,0.009084349,-0.0001672371,0.93,8.824039e-07,-3.56074e-05,5.805243e-07,-0.005960464,3.8591e-05,0.0152709,0.926
2024_02_12_20_38_13_199,0.3,0.0,193952.0,193952.0,80.89526,0.0001442562,0.1359902,-2.194181e-06,0.009084377,-0.0001675231,0.93,2.424081e-05,-2.610247e-05,1.279815e-05,0.008165836,-0.0001262831,0.004050322,0.926
2024_02_12_20_38_13_237,0.3,0.0,194034.0,194034.0,80.9297,0.0001443613,0.1359902,-2.876981e-07,0.009084407,-0.0001650765,0.93,2.316432e-06,-8.319605e-06,1.241628e-06,0.01007318,-0.0001111123,-0.02278387,0.926
2024_02_12_20_38_13_275,0.3,0.0,194119.0,194119.0,80.965,0.0001444523,0.1359903,-1.344444e-06,0.009084526,-0.0001664837,0.93,1.768704e-06,-5.921123e-05,3.746163e-07,0.0001192093,-8.299139e-06,-0.0001285225,0.926
2024_02_12_20_38_13_307,0.3,0.0,194192.0,194192.0,80.99571,0.000144549,0.1359903,-2.060866e-06,0.009084497,-0.0001657507,0.93,2.333834e-05,-7.836486e-05,-5.832309e-06,0.001192093,-5.444189e-05,-0.0002002343,0.926
2024_02_12_20_38_13_344,0.3,0.0,194275.0,194275.0,81.03017,0.000144609,0.1359901,-1.353926e-06,0.009084319,-0.0001671524,0.93,2.002421e-05,-2.856528e-05,-1.147788e-05,-0.002086163,0.0001713269,0.01932494,0.926
2024_02_12_20_38_13_383,0.3,0.0,194359.0,194359.0,81.06554,0.0001447187,0.1359902,-1.790556e-06,0.009084378,-0.00016824,0.93,6.691786e-06,-6.416466e-05,-2.958558e-07,-0.005543231,-3.432433e-05,0.004099682,0.926
2024_02_12_20_38_13_419,0.3,0.0,194442.0,194442.0,81.09993,0.0001448341,0.1359902,-1.897591e-07,0.009084377,-0.0001663684,0.93,-1.384053e-05,-2.26818e-05,7.750179e-06,0.001490116,0.0002042523,-0.003630295,0.926
2024_02_12_20_38_13_453,0.3,0.0,194517.0,194517.0,81.13157,0.0001449339,0.1359903,-1.318092e-06,0.009084527,-0.0001666937,0.93,2.702206e-06,-8.231708e-05,-2.148883e-06,0.0001788139,4.798948e-06,-0.0001378357,0.926
2024_02_12_20_38_13_491,0.3,0.0,194600.0,194600.0,81.166,0.0001450558,0.1359903,-1.086627e-06,0.009084496,-0.0001637369,0.93,5.278477e-06,-8.45837e-05,1.812928e-06,0.004470348,-0.0001118917,-0.003927387,0.926
2024_02_12_20_38_13_527,0.3,0.0,194684.0,194684.0,81.20139,0.000145183,0.1359903,-1.137093e-06,0.009084526,-0.0001636496,0.93,8.47843e-07,-9.216439e-05,-3.730574e-06,-0.0004768371,5.58864e-05,-0.0001406297,0.926
2024_02_12_20_38_13_565,0.3,0.0,194767.0,194767.0,81.23575,0.00014529,0.1359901,-1.153225e-06,0.009084346,-0.0001621564,0.93,-3.324616e-07,-1.429688e-05,-2.02768e-06,0.01358986,-0.0001083474,-0.02274848,0.926
2024_02_12_20_38_13_603,0.3,0.0,194851.0,194851.0,81.27096,0.000145387,0.1359902,5.510383e-08,0.009084377,-0.0001610578,0.93,-2.495961e-06,-1.53523e-05,5.312294e-07,0.008702278,5.518222e-05,-0.01529045,0.926
2024_02_12_20_38_13_640,0.3,0.0,194934.0,194934.0,81.30531,0.000145475,0.1359903,-3.196513e-07,0.009084556,-0.0001640778,0.93,9.012898e-08,-8.600065e-05,1.712208e-06,0.001966953,-6.494724e-05,-0.02300832,0.926
2024_02_12_20_38_13_678,0.3,0.0,195018.0,195018.0,81.34067,0.0001455182,0.1359903,1.65766e-06,0.009084496,-0.0001623762,0.93,-8.038125e-06,-7.930487e-05,7.476472e-07,-0.0004768371,0.0001289115,-0.0001527369,0.926
2024_02_12_20_38_13_715,0.3,0.0,195101.0,195101.0,81.37514,0.0001455605,0.1359903,-9.020071e-07,0.009084526,-0.0001659064,0.93,8.242307e-07,-0.0001290536,-1.080151e-07,0.006616115,-0.0001791122,-0.02306793,0.926
2024_02_12_20_38_13_753,0.3,0.0,195185.0,195185.0,81.41051,0.0001456574,0.1359902,9.129503e-07,0.009084319,-0.0001649826,0.93,1.25362e-06,-3.711298e-05,1.864915e-06,0.004529953,0.0002547792,0.003913417,0.926
2024_02_12_20_38_13_786,0.3,0.0,195259.0,195259.0,81.44123,0.0001457314,0.1359902,-1.803475e-06,0.009084349,-0.0001665875,0.93,2.453774e-05,-4.100816e-05,9.622803e-06,-0.01066923,-3.834771e-05,0.03043935,0.926
2024_02_12_20_38_13_826,0.3,0.0,195343.0,195343.0,81.47667,0.0001458326,0.1359902,7.355484e-07,0.009084377,-0.0001636086,0.93,-1.916853e-05,-4.52998e-05,-9.283672e-06,-0.004768372,0.0001221406,0.01927186,0.926
2024_02_12_20_38_13_861,0.3,0.0,195426.0,195426.0,81.51108,0.0001459137,0.1359901,-1.194714e-06,0.009084348,-0.0001655083,0.93,-1.674893e-05,3.231435e-05,-1.631503e-05,0.005364418,-3.187119e-05,-0.003517605,0.926
2024_02_12_20_38_13_899,0.3,0.0,195510.0,195510.0,81.5463,0.0001460262,0.1359903,-2.076834e-06,0.009084557,-0.0001656857,0.93,4.169444e-06,-6.759268e-05,1.746141e-06,0.00500679,-3.70253e-05,-0.01529138,0.926
2024_02_12_20_38_13_936,0.3,0.0,195593.0,195593.0,81.58063,0.0001461557,0.1359902,-1.572108e-06,0.009084376,-0.0001633297,0.93,5.690635e-06,-2.475863e-05,-1.177401e-05,0.01144409,-2.703564e-05,-0.04965067,0.926
2024_02_12_20_38_13_975,0.3,0.0,195677.0,195677.0,81.61582,0.0001462799,0.1359902,-6.128973e-07,0.009084407,-0.0001619622,0.93,-1.747672e-05,-2.784385e-05,-8.462854e-06,-0.01037121,5.842412e-05,0.01162756,0.926
2024_02_12_20_38_14_012,0.3,0.0,195760.0,195760.0,81.65016,0.0001464006,0.1359902,-1.314805e-06,0.009084377,-0.0001606955,0.93,1.589397e-06,-1.051779e-05,2.329841e-06,-0.001072884,-6.171035e-05,0.02307072,0.926
2024_02_12_20_38_14_048,0.3,0.0,195844.0,195844.0,81.68546,0.0001464522,0.1359903,7.886714e-07,0.009084496,-0.000164026,0.93,-3.220991e-06,-8.786158e-05,1.883044e-06,-0.0001192093,-9.956249e-05,-0.0001844019,0.926
2024_02_12_20_38_14_086,0.3,0.0,195927.0,195927.0,81.71989,0.0001465066,0.1359903,2.194395e-06,0.009084496,-0.0001643048,0.93,-5.305106e-06,-8.916551e-05,-7.170735e-07,5.960464e-05,2.140109e-05,-0.0001480803,0.926
2024_02_12_20_38_14_124,0.3,0.0,196011.0,196011.0,81.75527,0.0001465141,0.1359903,-4.102238e-07,0.009084497,-0.0001684621,0.93,-3.995543e-06,-0.0001019905,-2.313989e-06,0.003576278,8.080496e-05,-0.003924593,0.926
2024_02_12_20_38_14_161,0.3,0.0,196094.0,196094.0,81.7897,0.0001465985,0.1359901,-1.36165e-06,0.009084348,-0.0001678428,0.93,9.397339e-06,-5.440971e-05,-2.94125e-07,0.01221895,-0.0001013291,-0.0341991,0.926
2024_02_12_20_38_14_195,0.3,0.0,196167.0,196167.0,81.82032,0.0001466883,0.1359902,-2.385886e-06,0.009084349,-0.000170814,0.93,3.534563e-06,-2.594487e-05,-6.020041e-06,-0.007510185,7.211974e-05,0.03443472,0.926
2024_02_12_20_38_14_227,0.3,0.0,196243.0,196243.0,81.85197,0.0001467876,0.1359902,-1.583673e-06,0.009084348,-0.0001688593,0.93,2.888055e-06,-1.711881e-05,2.462752e-06,0.002145767,-0.000154527,-0.03414694,0.926
2024_02_12_20_38_14_266,0.3,0.0,196325.0,196325.0,81.88638,0.0001468933,0.1359902,-1.093942e-06,0.009084377,-0.0001676898,0.93,5.35444e-06,-9.897661e-06,3.831708e-06,0.00411272,8.009124e-05,-0.003780238,0.926
2024_02_12_20_38_14_303,0.3,0.0,196410.0,196410.0,81.92165,0.0001469855,0.1359903,-7.948752e-07,0.009084556,-0.0001682938,0.93,8.260571e-07,-3.860154e-05,5.638694e-06,0.005125999,-0.0001072951,-5.122274e-05,0.926
2024_02_12_20_38_14_336,0.3,0.0,196483.0,196483.0,81.95237,0.0001470924,0.1359902,-6.334158e-07,0.009084289,-0.0001683172,0.93,1.190867e-05,-1.897362e-05,3.08418e-06,0.003397465,-6.157892e-05,-0.02304371,0.926
2024_02_12_20_38_14_374,0.3,0.0,196568.0,196568.0,81.98774,0.0001472198,0.1359902,-4.91983e-07,0.009084317,-0.0001688894,0.93,2.33243e-06,-1.315114e-05,2.434336e-07,0.01341104,-6.554114e-05,-0.04581175,0.926
2024_02_12_20_38_14_412,0.3,0.0,196650.0,196650.0,82.02211,0.0001472834,0.1359902,-9.432912e-07,0.009084377,-0.0001725659,0.93,1.619691e-06,-9.649129e-06,2.487349e-06,0.002682209,-0.0002862655,0.007768161,0.926
2024_02_12_20_38_14_449,0.3,0.0,196735.0,196735.0,82.05746,0.0001473802,0.1359904,-2.083312e-06,0.009084527,-0.0001740877,0.93,2.256103e-05,-9.101937e-05,-5.511376e-06,-0.003933907,-0.0001804167,-0.01173559,0.926
2024_02_12_20_38_14_486,0.3,0.0,196817.0,196817.0,82.0919,0.0001474381,0.1359904,-7.585109e-07,0.009084527,-0.0001746061,0.93,1.028834e-07,-8.987043e-05,2.862364e-06,0.003457069,0.000151884,0.007515773,0.926
2024_02_12_20_38_14_519,0.3,0.0,196891.0,196891.0,82.12261,0.0001475302,0.1359903,-1.809128e-06,0.009084499,-0.0001745292,0.93,8.105563e-06,-0.0001115968,-1.909312e-06,-0.003933907,0.0002247032,-0.0001788139,0.926
2024_02_12_20_38_14_557,0.3,0.0,196976.0,196976.0,82.15797,0.0001476609,0.1359902,-5.652169e-07,0.009084377,-0.0001726209,0.93,-1.806087e-05,-5.160144e-05,-1.135496e-05,0.00834465,3.795094e-06,-0.04188902,0.926
2024_02_12_20_38_14_595,0.3,0.0,197058.0,197058.0,82.19239,0.0001477745,0.1359902,-8.524057e-07,0.009084407,-0.0001741246,0.93,3.893885e-06,-3.508061e-05,4.756315e-07,-0.001728535,-0.0001152484,0.0001173466,0.926
2024_02_12_20_38_14_633,0.3,0.0,197143.0,197143.0,82.22768,0.0001478687,0.1359902,-1.510104e-06,0.009084348,-0.0001768465,0.93,3.480657e-06,3.364207e-05,2.070922e-06,0.001549721,4.377761e-05,0.0003082677,0.926
2024_02_12_20_38_14_670,0.3,0.0,197225.0,197225.0,82.26209,0.0001479901,0.1359904,-1.218274e-06,0.009084557,-0.0001766109,0.93,-1.299116e-05,-7.334712e-05,1.317637e-05,0.008046627,1.315379e-05,-0.0153128,0.926
2024_02_12_20_38_14_703,0.3,0.0,197301.0,197301.0,82.29375,0.0001481122,0.1359903,7.974525e-07,0.009084557,-0.0001751702,0.93,-1.797455e-05,-8.679026e-05,-8.853873e-06,0.009953975,-0.0001981875,-0.01145806,0.926
2024_02_12_20_38_14_741,0.3,0.0,197383.0,197383.0,82.32813,0.0001482035,0.1359901,4.973752e-07,0.009084438,-0.0001753383,0.93,3.432742e-08,-8.748727e-06,4.069238e-06,-0.01817942,0.0001597539,0.04599522,0.926
2024_02_12_20_38_14_773,0.3,0.0,197456.0,197456.0,82.35863,0.0001483052,0.1359902,1.714182e-07,0.009084319,-0.0001737698,0.93,1.591521e-06,3.039312e-05,2.260719e-06,0.001609325,-0.000278043,-0.007714144,0.926
2024_02_12_20_38_14_807,0.3,0.0,197532.0,197532.0,82.39012,0.0001484172,0.1359902,-1.736029e-06,0.009084438,-0.0001723877,0.93,2.645059e-05,-1.154316e-05,-8.694155e-06,0.005364418,1.035096e-05,-0.01512654,0.926
2024_02_12_20_38_14_844,0.3,0.0,197615.0,197615.0,82.42442,0.0001485151,0.1359902,-5.193378e-07,0.009084407,-0.0001739464,0.93,-7.348841e-07,2.499853e-06,3.128428e-06,-0.004947185,-6.164782e-05,0.01174398,0.926
2024_02_12_20_38_14_881,0.3,0.0,197699.0,197699.0,82.45963,0.0001486084,0.1359903,-3.932618e-07,0.009084556,-0.0001755108,0.93,2.961642e-06,-7.490399e-05,1.253446e-06,-0.0007748603,-0.0001025348,-0.0001313165,0.926
2024_02_12_20_38_14_915,0.3,0.0,197773.0,197773.0,82.49032,0.0001487108,0.1359903,-3.494868e-07,0.009084527,-0.000173813,0.93,7.060379e-07,-7.84611e-05,-2.279901e-07,0.002861023,0.0001659396,-0.003938563,0.926
2024_02_12_20_38_14_954,0.3,0.0,197857.0,197857.0,82.52567,0.0001488035,0.1359902,-1.399631e-06,0.009084407,-0.0001746891,0.93,1.966598e-06,-4.182616e-05,3.811095e-06,0.01913309,9.687983e-05,-0.04195608,0.926
2024_02_12_20_38_14_990,0.3,0.0,197940.0,197940.0,82.56012,0.0001489061,0.1359901,-2.78685e-07,0.009084349,-0.0001765391,0.93,-2.878297e-06,-4.047667e-05,-4.694159e-06,-0.01090765,-0.0001493073,0.01930632,0.926
2024_02_12_20_38_15_028,0.3,0.0,198024.0,198024.0,82.59545,0.0001490203,0.1359903,-2.037309e-06,0.009084468,-0.0001741484,0.93,6.712839e-07,-6.695125e-05,2.320468e-06,-0.01752377,0.0001587534,0.03055483,0.926
2024_02_12_20_38_15_061,0.3,0.0,198098.0,198098.0,82.62617,0.0001491786,0.1359903,-1.984149e-06,0.009084497,-0.0001682267,0.93,2.972582e-06,-8.042049e-05,2.618815e-06,5.960464e-05,1.211447e-06,-0.0001490116,0.926
2024_02_12_20_38_15_098,0.3,0.0,198180.0,198180.0,82.66062,0.000149332,0.1359903,-1.404495e-06,0.009084527,-0.0001666257,0.93,2.560284e-06,-9.556492e-05,2.419394e-07,-0.0001192093,-7.951711e-05,-0.0001369044,0.926
2024_02_12_20_38_15_132,0.3,0.0,198256.0,198256.0,82.69226,0.0001494789,0.1359902,-3.107323e-07,0.009084377,-0.0001634941,0.93,-4.406403e-07,-4.012919e-05,-5.862686e-07,-0.006020069,-4.867342e-05,0.01548044,0.926
2024_02_12_20_38_15_170,0.3,0.0,198338.0,198338.0,82.72665,0.0001495878,0.1359902,5.042137e-07,0.009084348,-0.0001640598,0.93,7.795356e-07,-1.825266e-05,1.499349e-06,0.0116229,8.456482e-06,-0.01904182,0.926
2024_02_12_20_38_15_204,0.3,0.0,198414.0,198414.0,82.75826,0.0001496829,0.1359902,-8.981721e-07,0.009084348,-0.000163551,0.93,-5.343666e-06,-2.324846e-05,1.136402e-06,-0.001430511,1.951866e-05,0.01529604,0.926
2024_02_12_20_38_15_240,0.3,0.0,198496.0,198496.0,82.79256,0.0001497967,0.1359902,-9.323245e-07,0.009084348,-0.0001619836,0.93,-4.482283e-05,-1.24576e-05,-1.348666e-05,-0.0001192093,-9.237305e-05,3.352761e-05,0.926
2024_02_12_20_38_15_278,0.3,0.0,198581.0,198581.0,82.82784,0.0001498937,0.1359902,8.765748e-07,0.009084378,-0.0001643166,0.93,-2.359345e-05,-1.714601e-06,1.243792e-05,0.0154376,-5.459856e-05,-0.05732383,0.926
2024_02_12_20_38_15_315,0.3,0.0,198663.0,198663.0,82.86227,0.0001499945,0.1359903,-2.104488e-07,0.009084526,-0.0001629358,0.93,1.784126e-05,-9.143315e-05,1.545919e-05,0.0003576278,0.0001153246,-0.0001359731,0.926
2024_02_12_20_38_15_349,0.3,0.0,198737.0,198737.0,82.89294,0.0001500884,0.1359902,-1.093181e-06,0.009084378,-0.0001628414,0.93,8.157968e-07,-2.084014e-05,1.599497e-06,0.002205372,-0.0002883692,5.681067e-05,0.926
2024_02_12_20_38_15_386,0.3,0.0,198821.0,198821.0,82.92818,0.0001502001,0.1359902,1.427987e-07,0.009084376,-0.000163136,0.93,-1.420141e-06,-2.704528e-05,6.74467e-06,0.007152557,-0.0002139786,-0.0381209,0.926
