0,1,2,3,4,5,6,7,8,9,10,11,12,13,14,15,16,17,0
2024_04_23_13_34_52_157,0.05902423,0.0,0.0,2.0,24.72746,-49.9999,1.686176,0.01166678,0.009069483,6.274784,0.05,0.0003397989,-0.01105871,-0.01161303,1.08825,-0.002551591,-0.08005602,0.1965603823646844
2024_04_23_13_34_52_274,0.1994772,0.0270855,37.0,43.0,24.7443,-49.99983,1.685147,0.01062708,0.007827969,6.273427,0.26,-0.02019868,-0.00871135,-0.0100159,2.035856,0.09738723,-0.120054,0.6456339277640633
2024_04_23_13_34_52_389,0.3385274,0.2091017,138.0,154.0,24.78858,-49.99899,1.683826,0.006190784,0.007000205,6.277889,0.5,-0.02157032,-0.02060093,0.1079448,1.841932,0.2032406,-0.02216035,1.0384212805060893
2024_04_23_13_34_52_489,0.4,0.3664196,263.0,310.0,24.84679,-49.99781,1.683841,0.005901032,0.004762404,0.01736061,0.62,-0.01891764,-2.608425e-05,0.343351,1.39004,0.1159683,-1.788283,1.2070699300699301
2024_04_23_13_34_52_590,0.4,0.5235988,388.0,489.0,24.90986,-49.99442,1.684674,0.002915096,0.005718795,0.0622205,0.62,-0.04146183,0.01892075,0.5390816,-0.1542568,0.2111792,0.08069584,1.2070699300699301
2024_04_23_13_34_52_701,0.4,0.5235988,521.0,698.0,24.97997,-49.9863,1.684312,6.281475,0.004779177,0.1209144,0.61,-0.04858125,-0.00778296,0.5006993,-0.1663565,0.08332729,-0.05014334,1.2070699300699301
2024_04_23_13_34_52_806,0.4,0.5235988,637.0,886.0,25.04128,-49.97546,1.683804,6.277079,0.003845993,0.1713014,0.6,-0.04193392,-0.01371836,0.4896274,-0.03665686,-0.04453957,-0.01241406,1.2070699300699301
2024_04_23_13_34_52_907,0.4,0.5235988,751.0,1073.0,25.10065,-49.96187,1.683341,6.273148,0.002426887,0.2203515,0.6,-0.04351211,-0.02656603,0.4784254,0.02479553,-0.2020895,-0.4045796,1.2070699300699301
2024_04_23_13_34_53_025,0.4,0.5235988,893.0,1289.0,25.17069,-49.94147,1.682555,6.271932,6.279219,0.2731881,0.65,-0.01936503,-0.073282,0.4363038,0.4886985,0.4150271,-0.4683225,1.2070699300699301
2024_04_23_13_34_53_140,0.4,0.5235988,1048.0,1514.0,25.24465,-49.91494,1.681736,6.266986,6.275025,0.3251986,0.69,-0.04956596,-0.02958804,0.4588816,0.2031922,-0.1454055,0.0279597,1.2070699300699301
2024_04_23_13_34_53_257,0.4,0.5235988,1208.0,1747.0,25.31992,-49.88321,1.681456,6.2624,6.272451,0.3799255,0.7,-0.02073584,-0.02928236,0.4712774,-0.003933907,0.01735985,-0.02675596,1.2070699300699301
2024_04_23_13_34_53_373,0.4,0.5235988,1367.0,1979.0,25.39335,-49.84775,1.681653,6.259003,6.271794,0.4344191,0.71,-0.04086006,0.01931546,0.4628327,0.1122355,0.1939982,0.04228251,1.2070699300699301
2024_04_23_13_34_53_474,0.4,0.5235988,1505.0,2180.0,25.45544,-49.81334,1.682505,6.254989,6.274819,0.4809914,0.71,-0.03806114,-0.005776015,0.4657617,-0.04851818,-0.08550286,-9.965151e-05,1.2070699300699301
2024_04_23_13_34_53_575,0.4,0.5235988,1646.0,2384.0,25.51674,-49.77548,1.683252,6.250945,6.277575,0.5272089,0.72,-0.03912455,0.01752786,0.4589,0.04702806,0.02118945,-0.03381912,1.2070699300699301
2024_04_23_13_34_53_691,0.4,0.5235988,1809.0,2619.0,25.58551,-49.72778,1.683269,6.243246,6.282437,0.58091,0.72,-0.07057963,-0.00152478,0.4793027,-0.1083016,-0.0346005,0.01535099,1.2070699300699301
2024_04_23_13_34_53_808,0.4,0.5235988,1971.0,2857.0,25.65276,-49.67628,1.68367,6.238267,0.008751074,0.6390468,0.72,0.03275164,0.06210459,0.6659587,-0.4485249,-0.6961524,-0.01417659,1.2070699300699301
2024_04_23_13_34_53_924,0.4,0.5235988,2129.0,3085.0,25.71521,-49.6265,1.68424,6.240056,0.01837402,0.7134672,0.67,-0.01908198,0.03877654,0.6285818,-0.4634857,-0.033319,0.02199039,1.2070699300699301
2024_04_23_13_34_54_040,0.4,0.5235988,2282.0,3304.0,25.77075,-49.57449,1.68342,6.239995,0.02141768,0.7854402,0.65,-0.02442142,-0.02777768,0.6082171,0.06699562,-0.09459256,0.0557322,1.2070699300699301
2024_04_23_13_34_54_141,0.4,0.5235988,2414.0,3493.0,25.81501,-49.52618,1.682979,6.238379,0.02345541,0.8467669,0.65,-0.01787615,0.0168067,0.6174945,0.06049871,-0.02585351,0.006532296,1.2070699300699301
2024_04_23_13_34_54_257,0.4,0.5235988,2571.0,3709.0,25.86209,-49.46777,1.68279,6.237979,0.02788092,0.9187948,0.65,-0.0186243,0.006600819,0.6249121,-0.1127124,-0.03102422,-0.01991726,1.2070699300699301
2024_04_23_13_34_54_357,0.4,0.5235988,2700.0,3899.0,25.90018,-49.41451,1.68109,6.243439,0.02789381,0.9799352,0.66,0.08421911,-0.03386724,0.619938,0.1212358,-0.2582073,0.01634005,1.2070699300699301
2024_04_23_13_34_54_474,0.4,0.5235988,2849.0,4122.0,25.94138,-49.34957,1.678227,6.25544,0.02734076,1.050499,0.65,0.03801345,-0.005866788,0.6024339,0.001311302,0.09095668,0.009672716,1.2070699300699301
2024_04_23_13_34_54_591,0.4,0.5235988,2994.0,4342.0,25.97674,-49.28209,1.675829,6.260473,0.02885038,1.117399,0.65,0.00166765,0.04084113,0.5837786,0.14323,0.1816898,-0.06822077,1.2070699300699301
2024_04_23_13_34_54_706,0.4,0.5235988,3139.0,4560.0,26.00712,-49.21252,1.67462,6.262302,0.03378836,1.184975,0.65,-0.01174052,0.009341022,0.5584225,-0.1430511,-0.04264712,0.2468764,1.2070699300699301
2024_04_23_13_34_54_807,0.4,0.5235988,3262.0,4748.0,26.02883,-49.15122,1.673002,6.263656,0.03609922,1.239732,0.65,0.02700459,0.03951626,0.5787534,0.1782179,-0.1474172,-0.01834659,1.2070699300699301
2024_04_23_13_34_54_924,0.4,0.5235988,3415.0,4967.0,26.05137,-49.07788,1.671558,6.268567,0.04245258,1.310825,0.67,0.01141606,0.05237117,0.6222078,0.05984306,-0.05511939,0.003272202,1.2070699300699301
2024_04_23_13_34_55_039,0.4,0.5235988,3573.0,5187.0,26.06886,-49.00311,1.669918,6.275569,0.04622119,1.383767,0.67,0.02347407,0.0431003,0.6265207,-0.102818,0.03014505,0.1814654,1.2070699300699301
2024_04_23_13_34_55_140,0.4,0.4708983,3713.0,5376.0,26.07982,-48.9374,1.668555,-0.0007086959,0.05089312,1.445387,0.68,0.03084664,0.01342288,0.5681873,0.1897812,0.3337338,-0.01563411,1.2070699300699301
2024_04_23_13_34_55_250,0.4,0.2923844,3886.0,5590.0,26.08779,-48.85788,1.666776,0.003139334,0.05343517,1.497304,0.72,-0.008718249,0.02584901,0.3626043,0.2858639,-0.1566187,-0.03142841,1.2070699300699301
2024_04_23_13_34_55_355,0.4,0.1311193,4060.0,5783.0,26.09191,-48.78171,1.664284,0.002764361,0.05345402,1.52319,0.76,-0.009511061,-0.008827302,0.1593939,0.1878142,-0.197947,-0.03630854,1.2070699300699301
2024_04_23_13_34_55_474,0.4,0.0,4277.0,5995.0,26.09605,-48.6921,1.660198,0.00525708,0.05554763,1.530735,0.78,0.02962337,-0.0009259884,0.02161507,-0.002562999,-0.2787746,-0.1113289,1.2070699300699301
2024_04_23_13_34_55_590,0.4,0.0,4505.0,6219.0,26.10106,-48.59775,1.655949,0.005866411,0.05188307,1.537521,0.86,0.02839886,-0.01050018,0.07899118,0.6687045,-0.2152808,-0.1614466,1.2070699300699301
2024_04_23_13_34_55_706,0.4,0.0,4748.0,6464.0,26.1072,-48.49412,1.651792,0.01472941,0.05292767,1.547431,0.92,0.1208838,0.01979241,0.09567724,0.5200505,0.05438923,-0.8003572,1.2070699300699301
2024_04_23_13_34_55_824,0.4,0.0,5005.0,6721.0,26.113,-48.38467,1.644803,0.02426885,0.05325582,1.557688,0.94,-0.001609739,-0.03969234,0.08139805,-0.05787611,0.14841,0.1708306,1.2070699300699301
2024_04_23_13_34_55_941,0.4,0.0,5263.0,6980.0,26.11632,-48.27456,1.640302,0.02338309,0.05142612,1.567193,0.94,-0.05004201,-0.00189785,0.08226922,-0.01347065,0.005978159,-0.09732227,1.2070699300699301
2024_04_23_13_34_56_057,0.4,0.1578969,5514.0,7245.0,26.11857,-48.16504,1.634359,0.02610324,0.04794705,1.589688,0.95,0.05492059,-0.045406,0.3253456,0.1130104,0.2580285,-0.1508878,1.2070699300699301
2024_04_23_13_34_56_173,0.4,0.3413829,5752.0,7533.0,26.11754,-48.05357,1.629262,0.03405331,0.04395422,1.645989,0.95,0.04063675,-0.009737369,0.622457,-0.003278255,0.305742,0.02761092,1.2070699300699301
2024_04_23_13_34_56_274,0.4,0.4994386,5938.0,7793.0,26.11108,-47.9592,1.624276,0.04706125,0.03929888,1.72381,0.93,0.09239755,-0.03150082,0.9116897,-0.1634359,0.3108084,0.001097098,1.2070699300699301
2024_04_23_13_34_56_389,0.4,0.5235988,6135.0,8089.0,26.09353,-47.85725,1.619791,0.05696502,0.03281561,1.82624,0.8,0.01073033,-0.01488068,0.7786288,-1.598179,-0.2511442,0.2761017,1.2070699300699301
2024_04_23_13_34_56_490,0.4,0.5235988,6285.0,8310.0,26.07243,-47.78293,1.617376,0.0590034,0.02937441,1.900297,0.74,-0.007823728,0.033368,0.6708,-0.952661,-0.1916885,-0.04636962,1.2070699300699301
2024_04_23_13_34_56_605,0.4,0.44516,6443.0,8542.0,26.04413,-47.70724,1.615009,0.061837,0.0237387,1.970869,0.67,0.01229127,-0.06651516,0.4954073,-0.2112388,-0.1845658,-0.5011316,1.2070699300699301
2024_04_23_13_34_56_707,0.4,0.2874592,6587.0,8728.0,26.01638,-47.64428,1.612012,0.0646264,0.0195955,2.011759,0.71,0.008314535,0.02280972,0.3455585,0.3774166,-0.1217425,0.07806532,1.2070699300699301
2024_04_23_13_34_56_822,0.4,0.1046944,6770.0,8939.0,25.98031,-47.57012,1.610971,0.06594413,0.01580884,2.035054,0.71,0.03556031,-0.03829971,0.1199253,0.03927946,-0.07328391,0.06322563,1.2070699300699301
2024_04_23_13_34_56_939,0.4,0.0,6968.0,9142.0,25.94287,-47.49475,1.611225,0.06522295,0.01606199,2.037897,0.73,-0.004860863,0.03949383,-0.01499348,0.03147125,-0.1225173,-0.003963709,1.2070699300699301
2024_04_23_13_34_57_056,0.4,0.0,7169.0,9348.0,25.90584,-47.4185,1.611491,0.07012316,0.01438339,2.036332,0.72,0.01060858,-0.05162022,-0.02906445,-0.04953146,0.06625056,-0.06479584,1.2070699300699301
2024_04_23_13_34_57_157,0.4,-0.05394589,7343.0,9527.0,25.87338,-47.35286,1.610622,0.07218871,0.01066741,2.032365,0.73,0.02239147,-0.01689214,-0.08442703,0.2349615,-0.0424087,-0.1246538,1.2070699300699301
2024_04_23_13_34_57_272,0.4,-0.2355352,7556.0,9721.0,25.83635,-47.27687,1.608189,0.06920277,0.007264613,2.009123,0.73,-0.07970984,-0.08786723,-0.3160003,-0.06771088,0.1370609,0.03681891,1.2070699300699301
2024_04_23_13_34_57_388,0.4,-0.4186613,7781.0,9898.0,25.80251,-47.20068,1.607467,0.06602722,0.005446241,1.962198,0.69,0.0321632,-0.03237265,-0.4783469,-0.2060532,-0.4655122,-0.3333976,1.2070699300699301
2024_04_23_13_34_57_491,0.4,-0.5235988,7975.0,10028.0,25.77956,-47.13742,1.604984,0.06716279,0.005110502,1.909034,0.65,0.03888922,-0.05664188,-0.5352806,-0.2596974,-0.02305209,0.04135631,1.2070699300699301
2024_04_23_13_34_57_606,0.4,-0.5235988,8195.0,10171.0,25.75865,-47.06483,1.605068,0.07066005,0.009926421,1.84155,0.64,0.02752893,-0.003477408,-0.5365844,-0.2557039,-0.05447864,-0.0410648,1.2070699300699301
2024_04_23_13_34_57_707,0.4,-0.5235988,8382.0,10290.0,25.74548,-47.00266,1.604497,0.07324012,0.01293259,1.78956,0.63,0.04077032,0.01141721,-0.5097241,-0.01811981,-0.0321269,-0.1531616,1.2070699300699301
2024_04_23_13_34_57_817,0.4,-0.5235988,8595.0,10424.0,25.73492,-46.93184,1.60466,0.07701702,0.01866725,1.732158,0.62,0.04881854,0.005857259,-0.4973339,-0.1014471,0.01454353,0.09013805,1.2070699300699301
2024_04_23_13_34_57_923,0.4,-0.5235988,8789.0,10545.0,25.72884,-46.8677,1.602774,0.08020003,0.02066894,1.681048,0.63,0.04049981,-0.02259694,-0.5086183,0.1882911,-0.04345178,-0.07084291,1.2070699300699301
2024_04_23_13_34_58_024,0.4,-0.5235988,8981.0,10666.0,25.72575,-46.80367,1.600025,0.08340914,0.02272118,1.62968,0.65,0.04559124,-0.02059525,-0.5185766,0.1179576,-0.02323091,0.004885718,1.2070699300699301
2024_04_23_13_34_58_139,0.4,-0.5235988,9203.0,10806.0,25.72668,-46.72876,1.598767,0.08691652,0.0289383,1.57025,0.64,0.05643497,-0.002203766,-0.5065706,-0.3318786,-0.1451969,-0.0546081,1.2070699300699301
2024_04_23_13_34_58_256,0.4,-0.5235988,9427.0,10946.0,25.73212,-46.65465,1.596826,0.08900071,0.03154952,1.511143,0.63,0.001511201,-0.004592775,-0.5128642,-0.04327297,0.1413077,-0.01029484,1.2070699300699301
2024_04_23_13_34_58_372,0.4,-0.5235988,9652.0,11082.0,25.74098,-46.58096,1.595158,0.08615113,0.03936275,1.45084,0.64,0.008879162,0.03514582,-0.5194494,0.06449223,-0.004664063,0.1774598,1.2070699300699301
2024_04_23_13_34_58_473,0.4,-0.5235988,9844.0,11201.0,25.75236,-46.5177,1.593624,0.08439025,0.04620773,1.398792,0.65,0.01895886,0.02267686,-0.5368323,0.0475645,-0.2555549,0.0660345,1.2070699300699301
2024_04_23_13_34_58_589,0.4,-0.5235988,10063.0,11345.0,25.76955,-46.44424,1.59171,0.08537828,0.05181016,1.333648,0.65,0.03491121,0.002970764,-0.6010389,0.09882449,-0.07706881,0.1183841,1.2070699300699301
2024_04_23_13_34_58_689,0.4,-0.5235988,10255.0,11471.0,25.78772,-46.38086,1.588578,0.08220379,0.05440667,1.2731,0.66,-0.02810218,-0.0159027,-0.6234586,0.1603365,0.0205934,-0.017168,1.2070699300699301
2024_04_23_13_34_58_790,0.4,-0.5235988,10448.0,11606.0,25.80911,-46.31754,1.585387,0.07548571,0.05779566,1.209312,0.67,-0.03381209,-0.01651696,-0.6490021,-0.01072884,0.00834465,0.04781596,1.2070699300699301
2024_04_23_13_34_58_906,0.4,-0.5235988,10676.0,11772.0,25.83905,-46.24459,1.581406,0.06569485,0.06345816,1.132027,0.68,-0.04977539,0.02257921,-0.6725094,0.3076792,-0.05245208,0.07670373,1.2070699300699301
2024_04_23_13_34_59_023,0.4,-0.5235988,10912.0,11948.0,25.87607,-46.17157,1.578302,0.06013364,0.06644649,1.050467,0.76,0.06008804,-0.06681946,-0.7678805,1.184404,-0.2011955,-0.1585632,1.2070699300699301
2024_04_23_13_34_59_139,0.4,-0.5235988,11193.0,12132.0,25.9272,-46.08974,1.5737,0.05534635,0.06528436,0.9526671,0.87,-0.04825914,-0.05903864,-0.8862336,0.6225109,0.01856685,0.01601875,1.2070699300699301
2024_04_23_13_34_59_240,0.4,-0.5235988,11451.0,12300.0,25.98053,-46.01759,1.567186,0.04150057,0.06687206,0.8611816,0.93,-0.1044008,-0.01260042,-0.944366,-0.1428723,-0.02542138,-1.717113,1.2070699300699301
2024_04_23_13_34_59_355,0.4,-0.5235988,11758.0,12500.0,26.05268,-45.93863,1.557953,0.02532933,0.06873152,0.7559559,0.83,-0.05660532,-0.02860178,-0.7596943,-1.789808,0.4950761,-0.02472848,1.2070699300699301
2024_04_23_13_34_59_456,0.4,-0.5235988,11981.0,12643.0,26.11022,-45.88874,1.551339,0.01706341,0.06568962,0.6907148,0.71,-0.0367326,-0.04438469,-0.5820131,-0.7219314,0.2019107,0.05088374,1.2070699300699301
2024_04_23_13_34_59_556,0.4,-0.5235988,12184.0,12773.0,26.16502,-45.84637,1.545581,0.00777643,0.06616262,0.6328678,0.69,-0.03716551,0.01607402,-0.5665518,-0.2400279,-0.02744794,-0.03497675,1.2070699300699301
2024_04_23_13_34_59_674,0.4,-0.4445119,12418.0,12920.0,26.23041,-45.80285,1.540136,0.002253034,0.06694093,0.5706472,0.67,0.0252296,0.03107205,-0.4567164,0.1609325,-0.09620189,0.1638234,1.2070699300699301
2024_04_23_13_34_59_789,0.4,-0.2625535,12643.0,13083.0,26.29988,-45.76194,1.536628,0.0005832323,0.06984501,0.5287642,0.72,-0.006714335,0.02578672,-0.2804474,0.3272891,0.1244545,-0.04090182,1.2070699300699301
2024_04_23_13_34_59_889,0.4,-0.105409,12834.0,13245.0,26.3647,-45.72575,1.533041,6.282226,0.07190485,0.5095628,0.76,-0.01032063,-0.009364446,-0.1212045,0.1474023,0.3616214,0.03509223,1.2070699300699301
2024_04_23_13_35_00_006,0.4,0.0,13047.0,13456.0,26.44258,-45.68244,1.527848,6.281917,0.07070169,0.5046418,0.77,0.01746646,-0.01317736,-0.02005008,-0.09274482,0.007629394,0.03323331,1.2070699300699301
2024_04_23_13_35_00_108,0.4,-0.05475299,13233.0,13648.0,26.51126,-45.64393,1.524063,6.28129,0.07033422,0.5011137,0.77,-0.03288631,-0.03218623,-0.08452886,0.1466274,0.01686811,-0.04552304,1.2070699300699301
2024_04_23_13_35_00_223,0.4,-0.2371209,13458.0,13856.0,26.59035,-45.60064,1.51741,6.277652,0.06653821,0.4774174,0.78,0.0001760703,-0.03015915,-0.3080046,-0.04249811,-0.1870394,-0.1068264,1.2070699300699301
2024_04_23_13_35_00_334,0.4,-0.4160565,13690.0,14045.0,26.66837,-45.56194,1.51171,6.275727,0.06457207,0.4263018,0.75,0.002531432,-0.02401185,-0.5647625,-0.2744794,-0.1407564,0.03609806,1.2070699300699301
2024_04_23_13_35_00_437,0.4,-0.5235988,13899.0,14197.0,26.73509,-45.53286,1.506378,6.268705,0.05878256,0.3588716,0.7,-0.04595096,-0.03545319,-0.699151,-0.3555417,0.4866719,-0.5420632,1.2070699300699301
2024_04_23_13_35_00_539,0.4,-0.4980715,14100.0,14342.0,26.80132,-45.50963,1.501779,6.261969,0.05721719,0.2905445,0.7,-0.01667152,0.02345974,-0.642249,0.07385015,0.04731118,-0.157427,1.2070699300699301
2024_04_23_13_35_00_639,0.4,-0.3399937,14296.0,14494.0,26.87023,-45.49093,1.498102,6.260087,0.05650933,0.2381111,0.73,0.02188528,0.01366168,-0.4288839,0.2837777,0.1353845,0.07767603,1.2070699300699301
2024_04_23_13_35_00_740,0.4,-0.181574,14491.0,14662.0,26.94436,-45.47452,1.494331,6.259653,0.05787397,0.2055385,0.77,-0.008644436,0.01466069,-0.23432,0.1968145,0.4171431,-0.0001043081,1.2070699300699301
2024_04_23_13_35_00_855,0.4,0.0,14708.0,14876.0,27.03268,-45.4562,1.490173,6.256296,0.06073187,0.1915862,0.79,-0.02968244,0.03454258,-0.01982954,0.1308322,0.1923293,0.0009387731,1.2070699300699301
2024_04_23_13_35_00_971,0.4,0.0,14919.0,15100.0,27.12186,-45.43724,1.486082,6.250624,0.06366318,0.1887995,0.79,-0.03278125,0.002756352,-0.02765068,-0.05841255,-0.08463859,0.117369,1.2070699300699301
2024_04_23_13_35_01_073,0.4,-0.1044102,15119.0,15298.0,27.20336,-45.42028,1.481466,6.251245,0.06075693,0.1775061,0.88,-0.0005248133,-0.0140649,-0.213466,0.6471872,0.2579316,-3.073472,1.2070699300699301
2024_04_23_13_35_01_190,0.4,-0.2884886,15378.0,15522.0,27.30491,-45.40161,1.477414,6.241702,0.06456964,0.1406501,0.83,-0.0251651,0.03308183,-0.3638921,-1.105726,-0.03933906,-0.006137415,1.2070699300699301
2024_04_23_13_35_01_306,0.4,-0.4706998,15621.0,15704.0,27.39348,-45.39154,1.472903,6.23969,0.06254485,0.08611811,0.72,0.04200622,-0.007680189,-0.515846,-0.7061958,-0.1194477,0.11722,1.2070699300699301
2024_04_23_13_35_01_406,0.4,-0.4712525,15821.0,15838.0,27.46306,-45.38815,1.468673,6.23691,0.05973123,0.02887719,0.68,-0.04483504,-0.04591942,-0.56637,0.06556511,0.4608556,0.04291534,1.2070699300699301
2024_04_23_13_35_01_522,0.4,-0.2877863,16046.0,16007.0,27.54484,-45.38812,1.463166,6.232732,0.05279545,6.263681,0.71,0.008449831,-0.01612854,-0.2906046,0.1366138,0.2010688,-0.5932562,1.2070699300699301
2024_04_23_13_35_01_639,0.4,-0.1050209,16269.0,16192.0,27.62914,-45.39176,1.457984,6.232261,0.04824944,6.2414,0.73,0.02578657,-0.06589568,-0.09090374,-0.2411604,-0.2296567,0.4335847,1.2070699300699301
2024_04_23_13_35_01_739,0.4,0.0,16461.0,16361.0,27.70169,-45.3959,1.45449,6.233363,0.04166318,6.241656,0.71,-0.0265584,-0.0891637,0.03386123,-0.07098913,0.1786779,-0.0711754,1.2070699300699301
2024_04_23_13_35_01_857,0.4,-0.05327908,16680.0,16573.0,27.79032,-45.39984,1.451575,6.229848,0.03168024,6.247236,0.81,-0.004108956,-0.07520346,0.008695697,0.7629394,-0.3229379,-0.2033729,1.2070699300699301
2024_04_23_13_35_01_973,0.4,-0.2354813,16920.0,16792.0,27.88592,-45.4048,1.448317,6.229568,0.0209678,6.232921,0.79,-0.007335931,-0.06717379,-0.3024752,0.4076957,0.3765076,-7.730333,1.2070699300699301
2024_04_23_13_35_02_073,0.4,-0.393009,17126.0,16951.0,27.96108,-45.41064,1.444865,6.229769,0.01026093,6.198283,0.7,0.0001993808,-0.09105732,-0.4170486,-0.4218816,-0.08177757,-0.2320856,1.2070699300699301
2024_04_23_13_35_02_189,0.4,-0.5235988,17351.0,17102.0,28.03814,-45.41965,1.442753,6.228057,0.0012751,6.13956,0.63,-0.029884,-0.04408763,-0.5233027,-0.262022,0.3360957,-1.478758,1.2070699300699301
2024_04_23_13_35_02_307,0.4,-0.5235988,17567.0,17241.0,28.1098,-45.43206,1.440634,6.224711,6.273652,6.077613,0.6,0.02589927,-0.0303972,-0.5700434,0.02336502,-0.2780408,0.01395401,1.2070699300699301
2024_04_23_13_35_02_423,0.4,-0.5235988,17771.0,17384.0,28.1778,-45.44832,1.440242,6.229061,6.266922,6.01095,0.6,0.01000297,-0.04906984,-0.5878782,0.02235174,0.07347763,-0.0746334,1.2070699300699301
2024_04_23_13_35_02_522,0.4,-0.5235988,17948.0,17511.0,28.23602,-45.46576,1.43957,6.229888,6.259855,5.95177,0.6,0.01759216,-0.04194767,-0.5959432,-0.1544952,-0.4257112,2.43233,1.2070699300699301
2024_04_23_13_35_02_622,0.4,-0.4708859,18123.0,17645.0,28.29259,-45.48669,1.440457,6.232711,6.254278,5.893515,0.6,0.01113514,-0.02790548,-0.5397366,0.05239248,0.1351684,-0.03263005,1.2070699300699301
2024_04_23_13_35_02_739,0.4,-0.2880245,18325.0,17815.0,28.36033,-45.51678,1.442499,6.239976,6.246731,5.843864,0.68,0.1214813,-0.07977875,-0.365043,1.261473,-0.1054257,-0.2640616,1.2070699300699301
2024_04_23_13_35_02_839,0.4,-0.1303473,18518.0,17982.0,28.42688,-45.54957,1.444292,6.249444,6.236631,5.814776,0.78,0.002841774,-0.1138117,-0.2311711,0.6899833,0.3602504,-0.2397336,1.2070699300699301
2024_04_23_13_35_02_956,0.4,0.0,18748.0,18204.0,28.51209,-45.59099,1.446973,6.244981,6.231269,5.80023,0.82,-0.04008062,-0.04963453,-0.07617424,0.1335144,-0.3759265,-0.2254397,1.2070699300699301
2024_04_23_13_35_03_056,0.4,0.0,18943.0,18399.0,28.58623,-45.62773,1.450843,6.242804,6.231443,5.792894,0.84,-0.09421616,0.07114911,-0.08059927,0.400424,0.7121562,-1.433765,1.2070699300699301
2024_04_23_13_35_03_173,0.4,0.0,19172.0,18629.0,28.67365,-45.67012,1.456255,6.230085,6.235888,5.782957,0.84,-0.1019327,-0.002266482,-0.08097096,-0.2405047,0.204891,0.3444683,1.2070699300699301
2024_04_23_13_35_03_273,0.4,0.0,19364.0,18824.0,28.74591,-45.70704,1.460321,6.223089,6.233576,5.778867,0.76,-0.05010325,-0.01155779,-0.02203428,0.2352595,-0.0628531,-2.311006,1.2070699300699301
2024_04_23_13_35_03_390,0.4,0.0,19566.0,19034.0,28.82161,-45.74706,1.464553,6.220488,6.232064,5.776576,0.7,-0.01062219,-0.0321164,-0.02151533,-0.3435015,-0.01585484,0.06867666,1.2070699300699301
2024_04_23_13_35_03_505,0.4,0.0,19758.0,19234.0,28.89252,-45.78521,1.467422,6.219588,6.224156,5.774799,0.68,-0.007529399,-0.07373588,-0.01743836,0.5373955,-0.1757741,-1.254831,1.2070699300699301
2024_04_23_13_35_03_606,0.4,0.0,19921.0,19404.0,28.95293,-45.81755,1.471339,6.217715,6.221256,5.772967,0.67,-0.01889051,0.001245627,-0.01853744,0.05173683,-0.1015663,-0.1810063,1.2070699300699301
2024_04_23_13_35_03_718,0.4,0.0,20103.0,19593.0,29.02064,-45.85414,1.476232,6.216897,6.22028,5.771483,0.68,0.002199509,-0.01641161,-0.007476019,0.0003576278,0.001162291,-0.02642162,1.2070699300699301
2024_04_23_13_35_03_823,0.4,0.0264782,20267.0,19764.0,29.08105,-45.88745,1.479868,6.218522,6.216968,5.771071,0.67,0.02317959,-0.05120226,0.0217899,0.07247925,-0.05847215,0.08464511,1.2070699300699301
2024_04_23_13_35_03_938,0.4,0.2094005,20448.0,19961.0,29.14997,-45.92504,1.483872,6.215871,6.21333,5.786896,0.66,-0.004732415,-0.02956493,0.2152904,-0.03242493,0.1122057,-0.1007058,1.2070699300699301
2024_04_23_13_35_04_039,0.4,0.3666515,20589.0,20135.0,29.20821,-45.95452,1.488799,6.211673,6.21386,5.818502,0.64,-0.006419308,-0.03813096,0.3992151,-0.266552,0.09669363,-0.6391145,1.2070699300699301
2024_04_23_13_35_04_156,0.4,0.5235988,20737.0,20342.0,29.27378,-45.98508,1.492803,6.208871,6.21324,5.878488,0.59,0.01009798,-0.02805964,0.5966552,-0.2446771,-0.05123019,-0.0957474,1.2070699300699301
2024_04_23_13_35_04_257,0.4,0.5235988,20861.0,20514.0,29.32828,-46.00638,1.497144,6.204901,6.214661,5.936424,0.58,0.0007033907,-0.02394586,0.5686272,0.01710653,-0.01260638,0.06823428,1.2070699300699301
2024_04_23_13_35_04_372,0.4,0.5235988,21003.0,20712.0,29.39255,-46.02697,1.501887,6.20112,6.216423,6.002794,0.58,0.01966994,-0.04147743,0.5724621,0.2351403,0.00847131,-0.1705922,1.2070699300699301
2024_04_23_13_35_04_473,0.4,0.5235988,21122.0,20885.0,29.44969,-46.0413,1.505151,6.197546,6.215214,6.05969,0.58,-0.00406678,-0.06593058,0.5490537,0.0628829,-0.05677342,0.3522709,1.2070699300699301
2024_04_23_13_35_04_589,0.4,0.5235988,21257.0,21089.0,29.51745,-46.05415,1.508743,6.196078,6.213722,6.126585,0.58,0.03705018,-0.06407719,0.5685198,-0.194788,-0.06552041,-0.003114342,1.2070699300699301
2024_04_23_13_35_04_705,0.4,0.5235988,21395.0,21291.0,29.58519,-46.06284,1.511678,6.196213,6.212513,6.194051,0.59,0.05599171,-0.04832071,0.5852384,-0.02193451,-0.01578033,-0.01070462,1.2070699300699301
2024_04_23_13_35_04_806,0.4,0.4971519,21514.0,21468.0,29.64552,-46.06644,1.5141,6.195056,6.214856,6.250868,0.61,-0.008522283,-0.01204436,0.5279429,0.1899004,0.2615452,-0.1311637,1.2070699300699301
2024_04_23_13_35_04_922,0.4,0.3144372,21663.0,21669.0,29.71843,-46.06536,1.518171,6.189758,6.219075,0.01664103,0.65,-0.01098915,0.02160759,0.3426082,0.2595186,-0.2991781,-0.1559295,1.2070699300699301
2024_04_23_13_35_05_039,0.4,0.1312788,21842.0,21867.0,29.79585,-46.06207,1.522545,6.190022,6.221351,0.04501807,0.67,0.01746889,0.008906055,0.1536388,0.2797246,-0.1288988,-0.0677295,1.2070699300699301
2024_04_23_13_35_05_139,0.4,0.0,22011.0,22028.0,29.86239,-46.05935,1.526809,6.194307,6.217472,0.05359132,0.65,-0.002694034,-0.1770993,0.07281289,0.5221367,1.408219,3.865726,1.2070699300699301
2024_04_23_13_35_05_257,0.4,0.0,22208.0,22228.0,29.94233,-46.05535,1.533307,6.191564,6.198512,0.06433505,0.69,-0.01091406,-0.1693716,0.07675873,0.1584291,0.09592994,-0.264626,1.2070699300699301
2024_04_23_13_35_05_356,0.4,0.0,22380.0,22403.0,30.01355,-46.05138,1.539652,6.194129,6.187918,0.07263612,0.72,0.07199723,-0.07359385,0.07015409,0.2681613,-0.08121505,0.08805095,1.2070699300699301
2024_04_23_13_35_05_466,0.4,0.0,22584.0,22608.0,30.09652,-46.04755,1.546303,6.202453,6.170436,0.08314122,0.71,0.01147779,-0.2456071,0.07348121,0.1434684,0.6347224,-0.2377555,1.2070699300699301
2024_04_23_13_35_05_568,0.4,0.0,22767.0,22794.0,30.17114,-46.0421,1.549545,6.199917,6.147385,0.09216028,0.72,-0.03620002,-0.2227011,0.06522332,0.0436902,0.02299249,-0.2025291,1.2070699300699301
2024_04_23_13_35_05_674,0.4,0.0,22954.0,22983.0,30.2472,-46.03528,1.552908,6.194947,6.125312,0.1009013,0.73,-0.0005138218,-0.1984523,0.06822377,0.2203584,-0.2518296,-0.3321841,1.2070699300699301
2024_04_23_13_35_05_789,0.4,0.0,23167.0,23201.0,30.33614,-46.02811,1.557793,6.200058,6.1112,0.1106059,0.76,0.05757231,-0.1220959,0.06432905,0.2240538,0.08998065,-0.003218651,1.2070699300699301
2024_04_23_13_35_05_890,0.4,0.0,23348.0,23388.0,30.41326,-46.02199,1.564061,6.211691,6.10643,0.118344,0.77,0.2302327,0.04487916,0.07400907,0.1263618,-0.3088489,-0.07823855,1.2070699300699301
2024_04_23_13_35_05_990,0.4,0.0,23528.0,23572.0,30.49018,-46.01678,1.573271,6.233759,6.11275,0.126016,0.79,0.2596024,0.0872255,0.08521812,0.140965,-0.1793541,-0.03568828,1.2070699300699301
2024_04_23_13_35_06_106,0.4,0.1307872,23736.0,23792.0,30.58049,-46.00969,1.583913,6.255561,6.12012,0.1423177,0.8,0.233045,0.06795631,0.2331861,0.7018446,0.5206391,5.511753,1.2070699300699301
2024_04_23_13_35_06_207,0.4,0.2886056,23907.0,23988.0,30.65663,-46.00027,1.599138,6.261564,6.136061,0.1738037,0.77,-0.02628167,0.1511115,0.3810956,-0.4014373,0.393942,-0.09451061,1.2070699300699301
2024_04_23_13_35_06_322,0.4,0.4709592,24083.0,24218.0,30.73911,-45.9833,1.617025,6.247962,6.151693,0.2327922,0.73,-0.0715216,0.08775219,0.617511,-0.1015663,0.2797842,0.2197176,1.2070699300699301
2024_04_23_13_35_06_422,0.4,0.5235988,24219.0,24423.0,30.80758,-45.96409,1.629892,6.23656,6.165648,0.3003737,0.75,0.0442353,0.164254,0.6895476,0.4305243,-0.08188187,0.1131445,1.2070699300699301
2024_04_23_13_35_06_523,0.4,0.4450004,24361.0,24633.0,30.87873,-45.93999,1.640472,6.233076,6.184221,0.3676233,0.8,0.07048904,0.1601122,0.6153535,0.6220937,-0.3794133,0.02722814,1.2070699300699301
2024_04_23_13_35_06_639,0.4,0.2620364,24551.0,24880.0,30.96604,-45.90396,1.652198,6.23542,6.210131,0.4236067,0.86,0.01643427,0.2195783,0.3705307,0.2302527,-0.02545118,0.1338087,1.2070699300699301
2024_04_23_13_35_06_738,0.4,0.1038877,24733.0,25086.0,31.04289,-45.86817,1.661515,6.238582,6.235085,0.4496881,0.89,0.1927428,0.2573332,0.2155707,0.5891919,-1.636267,-0.2429783,1.2070699300699301
2024_04_23_13_35_06_839,0.4,0.0,24927.0,25287.0,31.12424,-45.83228,1.66788,6.257866,6.273191,0.4595711,0.95,0.2222074,0.4460137,0.06865678,0.4769563,-0.3907382,0.4464425,1.2070699300699301
2024_04_23_13_35_06_940,0.4,0.0,25138.0,25493.0,31.2105,-45.79422,1.675525,6.278855,0.03701283,0.4647131,0.99,0.1431742,0.4770313,0.02944231,0.18996,0.3707707,0.579657,1.2070699300699301
2024_04_23_13_35_07_058,0.4,0.0,25392.0,25743.0,31.31539,-45.74673,1.681101,0.02216868,0.09813606,0.4719383,1.06,0.1850514,0.5450355,0.05028831,0.5817413,0.1248121,0.701107,1.2070699300699301
2024_04_23_13_35_07_172,0.4,0.0,25655.0,26001.0,31.42423,-45.69706,1.678457,0.04707936,0.1557099,0.480398,1.12,0.09263673,0.3946338,0.04296257,0.187397,0.5185902,0.401482,1.2070699300699301
2024_04_23_13_35_07_273,0.4,0.0,25872.0,26235.0,31.51003,-45.65237,1.671458,0.04249713,0.1696737,0.4806878,0.86,-0.06951046,0.09867968,0.01116608,-1.855433,0.1470447,0.1361519,1.2070699300699301
2024_04_23_13_35_07_391,0.4,-0.1060824,26079.0,26554.0,31.5891,-45.60685,1.672632,0.01642371,0.1944581,0.4715313,0.74,-0.2419767,0.1802763,-0.1914428,-0.2053976,0.3615319,-2.579719,1.2070699300699301
2024_04_23_13_35_07_508,0.4,-0.2907365,26295.0,26898.0,31.66048,-45.56903,1.662096,0.01354644,0.1829495,0.4350604,0.64,0.08945316,-0.1510959,-0.3926961,-0.3678202,-0.1596808,-0.3946349,1.2070699300699301
2024_04_23_13_35_07_629,0.4,-0.4849927,26522.0,27259.0,31.7309,-45.53767,1.64709,0.01277785,0.1640739,0.369626,0.59,0.09441414,-0.1919688,-0.6248131,-0.2607107,-0.1264811,-0.3004298,1.2070699300699301
2024_04_23_13_35_07_733,0.4,-0.5235988,26721.0,27565.0,31.78874,-45.51586,1.629264,0.007466971,0.1398956,0.2977105,0.58,0.03379259,-0.2926143,-0.6876808,0.1913309,-0.05502998,-0.02562254,1.2070699300699301
2024_04_23_13_35_07_833,0.4,-0.5235988,26915.0,27857.0,31.84509,-45.49949,1.60811,0.008212656,0.1053535,0.2278963,0.57,0.1003259,-0.3516373,-0.6886489,-0.01484156,0.09314715,-0.2139956,1.2070699300699301
2024_04_23_13_35_07_939,0.4,-0.5235988,27114.0,28083.0,31.90654,-45.48646,1.590752,6.282577,0.08085158,0.1625572,0.64,-0.1228164,-0.1074033,-0.5505654,0.249505,0.1869425,-0.2572052,1.2070699300699301
2024_04_23_13_35_08_058,0.4,-0.5235988,27347.0,28225.0,31.98055,-45.47641,1.579049,6.266018,0.06867432,0.09911114,0.62,0.02479155,0.02196616,-0.5060044,0.0835657,-0.7721707,0.1214631,1.2070699300699301
2024_04_23_13_35_08_173,0.4,-0.5235988,27562.0,28360.0,32.05336,-45.47234,1.575202,6.262794,0.07260042,0.03886671,0.66,0.002326477,0.08478337,-0.5527425,0.08249282,-0.3078654,0.641074,1.2070699300699301
2024_04_23_13_35_08_290,0.4,-0.5235988,27784.0,28505.0,32.13126,-45.47257,1.572479,6.26156,0.08159055,6.256304,0.68,0.0488863,0.07954173,-0.5583584,-0.0269413,-0.00885129,-0.02861395,1.2070699300699301
2024_04_23_13_35_08_391,0.4,-0.5235988,27981.0,28633.0,32.1992,-45.47675,1.5682,6.25497,0.08366077,6.199342,0.68,-0.03430791,0.04008518,-0.5701816,0.1331568,0.03544986,-0.3941767,1.2070699300699301
2024_04_23_13_35_08_505,0.4,-0.5235988,28204.0,28781.0,32.27678,-45.48567,1.564454,6.248773,0.08808172,6.130774,0.68,0.02386681,0.04446275,-0.5779263,-0.1550913,-0.2572536,0.160981,1.2070699300699301
2024_04_23_13_35_08_607,0.4,-0.5235988,28398.0,28908.0,32.34262,-45.49755,1.560417,6.241496,0.08758604,6.072631,0.67,-0.01819371,-0.0005132649,-0.5975406,-0.1990199,-0.4240274,0.01846254,1.2070699300699301
2024_04_23_13_35_08_723,0.4,-0.5235988,28620.0,29055.0,32.41759,-45.51656,1.555501,6.237868,0.08789561,6.005716,0.67,0.002658546,0.02592888,-0.56585,0.5503297,0.8270293,-0.8647926,1.2070699300699301
2024_04_23_13_35_08_825,0.4,-0.5235988,28821.0,29187.0,32.48363,-45.53788,1.550175,6.232104,0.08763577,5.94711,0.67,0.02551668,0.01494677,-0.54435,-0.2627373,-0.1437664,0.2572536,1.2070699300699301
2024_04_23_13_35_08_941,0.4,-0.5235988,29043.0,29334.0,32.55543,-45.56558,1.545045,6.225119,0.08668958,5.880693,0.68,-0.04146359,0.03489642,-0.6204981,0.03057718,-0.05288422,-0.008910894,1.2070699300699301
2024_04_23_13_35_09_058,0.4,-0.5235988,29270.0,29493.0,32.62802,-45.59781,1.539692,6.213601,0.08852161,5.806135,0.68,0.007581223,-0.00258073,-0.5994108,-0.3466606,-0.06452203,-0.06879121,1.2070699300699301
2024_04_23_13_35_09_172,0.4,-0.5235988,29492.0,29648.0,32.69593,-45.63486,1.534786,6.208025,0.08485887,5.733921,0.67,-0.03042263,-0.003830056,-0.6489645,0.1977086,0.3441572,-0.2842061,1.2070699300699301
2024_04_23_13_35_09_290,0.4,-0.418285,29719.0,29812.0,32.76323,-45.67806,1.528948,6.202071,0.07958813,5.663451,0.7,0.00299463,0.04989626,-0.5162513,0.1788735,0.1525581,0.3351569,1.2070699300699301
2024_04_23_13_35_09_389,0.4,-0.261111,29910.0,29972.0,32.82187,-45.72078,1.524618,6.197151,0.08016964,5.62155,0.76,-0.03261383,0.03157594,-0.3393563,0.5219579,0.1600087,-0.2417303,1.2070699300699301
2024_04_23_13_35_09_507,0.4,-0.07743366,30131.0,30182.0,32.89272,-45.776,1.52008,6.194527,0.08192526,5.596442,0.78,-0.02361259,0.01889513,-0.1096521,0.334382,0.6344318,-1.361638,1.2070699300699301
2024_04_23_13_35_09_607,0.4,0.0,30316.0,30374.0,32.95467,-45.82492,1.514804,6.190117,0.08276917,5.592644,0.8,-0.05802046,0.01374076,-0.01916919,0.2696514,0.01606345,-0.3438145,1.2070699300699301
2024_04_23_13_35_09_717,0.4,0.0,30529.0,30591.0,33.02595,-45.88105,1.507363,6.184663,0.08387627,5.591575,0.81,0.02922026,0.05305464,0.00310374,-0.8442997,-0.5031824,1.80617,1.2070699300699301
2024_04_23_13_35_09_823,0.4,0.0,30723.0,30787.0,33.09028,-45.93326,1.502061,6.186864,0.08864602,5.591001,0.81,-0.02582719,0.05480108,-0.0102759,-0.06759167,0.08505582,0.06034225,1.2070699300699301
2024_04_23_13_35_09_922,0.4,0.0,30910.0,30980.0,33.15313,-45.98351,1.49691,6.186592,0.09152851,5.589481,0.81,0.001725354,0.02651943,-0.01194216,0.1063347,0.009149313,-0.1295283,1.2070699300699301
2024_04_23_13_35_10_039,0.4,0.07820878,31130.0,31203.0,33.22564,-46.04253,1.488864,6.187356,0.09271118,5.592782,0.82,-0.0269604,0.03282823,0.08627289,1.086116,0.615865,-1.612313,1.2070699300699301
2024_04_23_13_35_10_155,0.4,0.2612566,31338.0,31441.0,33.30031,-46.10075,1.48105,6.186985,0.09980135,5.616625,0.8,-0.03162009,0.0151008,0.3137217,-0.3573298,0.2652407,0.09865313,1.2070699300699301
2024_04_23_13_35_10_255,0.4,0.4183476,31500.0,31650.0,33.36363,-46.14677,1.475173,6.190408,0.1055138,5.660065,0.77,-0.002385214,0.04052578,0.5353252,-0.2731681,0.2531409,-0.05515664,1.2070699300699301
2024_04_23_13_35_10_355,0.4,0.5235988,31648.0,31862.0,33.42628,-46.18761,1.468362,6.194971,0.1125849,5.723775,0.73,-0.04009815,0.002457947,0.6532247,-0.3054142,-0.02536177,0.08885562,1.2070699300699301
2024_04_23_13_35_10_473,0.4,0.5235988,31807.0,32107.0,33.49997,-46.2281,1.45862,6.203258,0.1157579,5.798072,0.71,-0.01322083,0.01780334,0.5989113,0.09340047,-0.1250654,-0.3462508,1.2070699300699301
2024_04_23_13_35_10_573,0.4,0.5235988,31940.0,32314.0,33.56435,-46.25788,1.451464,6.211559,0.1221809,5.858135,0.71,0.01957181,-0.004362643,0.5854991,-0.1097321,-0.04795193,0.2040118,1.2070699300699301
2024_04_23_13_35_10_672,0.4,0.496944,32073.0,32520.0,33.63004,-46.28382,1.443099,6.220142,0.125901,5.917674,0.72,0.006353922,0.01848265,0.5927666,0.2664924,-0.1123249,0.1396462,1.2070699300699301
2024_04_23_13_35_10_790,0.4,0.3125286,32250.0,32763.0,33.71336,-46.31206,1.431823,6.231694,0.130117,5.97556,0.78,-0.002413485,-0.006078432,0.3804726,0.2220869,0.5982965,0.8391588,1.2070699300699301
2024_04_23_13_35_10_907,0.4,0.129405,32451.0,32998.0,33.8018,-46.33716,1.42111,6.235165,0.1341577,6.006502,0.83,0.0136499,0.05841695,0.1712967,0.36031,-0.3251582,0.1858622,1.2070699300699301
2024_04_23_13_35_11_025,0.4,0.0,32682.0,33231.0,33.89692,-46.36314,1.40957,6.237352,0.1411768,6.013815,0.86,0.02061333,0.06536563,0.01768366,0.2683401,-0.04613399,0.1638532,1.2070699300699301
2024_04_23_13_35_11_140,0.4,0.1813591,32911.0,33468.0,33.99263,-46.38892,1.398486,6.240912,0.1523638,6.029463,0.87,-0.003168039,0.0836316,0.250301,0.1166463,0.3143102,0.3598481,1.2070699300699301
2024_04_23_13_35_11_257,0.4,0.3635142,33127.0,33719.0,34.088,-46.41134,1.385785,6.247435,0.162851,6.076868,0.86,0.02052685,0.05938526,0.5412986,-0.0231266,-0.04094839,-0.06976724,1.2070699300699301
2024_04_23_13_35_11_372,0.4,0.5235988,33325.0,33988.0,34.18314,-46.42822,1.372004,6.2609,0.1698131,6.158772,0.82,-0.001839727,0.04387852,0.7659342,-0.2988577,-0.09921192,0.1307726,1.2070699300699301
2024_04_23_13_35_11_474,0.4,0.5235988,33482.0,34217.0,34.26271,-46.43536,1.361161,6.274265,0.1750052,6.236375,0.79,0.02454592,0.04289454,0.7629459,0.359416,-0.2337396,-0.762172,1.2070699300699301
2024_04_23_13_35_11_589,0.4,0.5235988,33662.0,34474.0,34.35249,-46.43676,1.348406,0.009497898,0.1792002,0.04224466,0.78,-0.01656517,0.007831819,0.7416633,-0.2416372,0.1395047,0.08538365,1.2070699300699301
2024_04_23_13_35_11_688,0.4,0.5235988,33809.0,34693.0,34.42782,-46.4309,1.336904,0.02103258,0.1788183,0.1124355,0.76,0.02692346,0.03358667,0.7004169,0.167191,-0.4009902,0.202015,1.2070699300699301
2024_04_23_13_35_11_790,0.4,0.5235988,33959.0,34913.0,34.50297,-46.42106,1.323536,0.03753566,0.1774348,0.1862029,0.77,0.05768195,0.005200939,0.7243657,0.1101494,-0.05835294,0.2159476,1.2070699300699301
2024_04_23_13_35_11_905,0.4,0.3421666,34144.0,35163.0,34.59058,-46.40231,1.308217,0.05111032,0.1734219,0.2542264,0.81,0.004551455,-0.0002165703,0.4707378,0.4965663,-0.1835376,0.1811758,1.2070699300699301
2024_04_23_13_35_12_020,0.4,0.1595728,34360.0,35409.0,34.68279,-46.37754,1.291752,0.06094697,0.1701379,0.2950378,0.86,0.01811029,-0.01235162,0.2404713,0.2911687,0.09624659,0.05482137,1.2070699300699301
2024_04_23_13_35_12_124,0.4,0.0,34568.0,35621.0,34.76631,-46.35223,1.277122,0.06169159,0.1669726,0.3068526,0.87,-0.02744998,-0.01085305,0.005195524,0.1008511,-0.1615733,-0.09065866,1.2070699300699301
2024_04_23_13_35_12_226,0.4,0.0,34778.0,35833.0,34.85082,-46.32561,1.263769,0.05948756,0.1659841,0.3055589,0.86,-0.03158822,-0.004579448,-0.02066925,0.01609325,0.1010746,-0.03609061,1.2070699300699301
2024_04_23_13_35_12_338,0.4,0.0,35008.0,36066.0,34.94294,-46.29623,1.248218,0.05637592,0.1638313,0.3034986,0.87,0.01203944,-0.04973996,-0.01201343,-0.02616644,-0.1940578,-0.4438311,1.2070699300699301
2024_04_23_13_35_12_456,0.4,0.0,35243.0,36310.0,35.03751,-46.26656,1.23185,0.05759618,0.1572622,0.2996174,0.86,0.002399683,-0.05037901,-0.04128172,-0.06526709,0.02416968,0.04457682,1.2070699300699301
2024_04_23_13_35_12_573,0.4,0.0,35482.0,36559.0,35.13354,-46.23683,1.215422,0.05751203,0.1508657,0.2956183,0.86,0.02738855,-0.07912101,-0.02765542,0.01132488,0.1733452,0.7404088,1.2070699300699301
2024_04_23_13_35_12_689,0.4,0.0,35716.0,36803.0,35.22825,-46.20853,1.199982,0.0591536,0.1434881,0.2927336,0.86,-0.01525614,-0.03702436,-0.01751529,-0.05048513,0.168845,-0.3396123,1.2070699300699301
2024_04_23_13_35_12_788,0.4,0.0,35918.0,37010.0,35.30981,-46.18398,1.18665,0.05607019,0.1395326,0.2907927,0.86,-0.04771303,-0.01795042,-0.009813859,0.1012087,0.1451224,-0.7499083,1.2070699300699301
2024_04_23_13_35_12_905,0.4,0.0,36153.0,37243.0,35.40425,-46.15607,1.172844,0.0538129,0.1376362,0.2909674,0.85,-0.009481992,-0.0404823,0.01397634,-0.07814169,-0.2286732,-0.1158193,1.2070699300699301
2024_04_23_13_35_13_005,0.4,0.0,36357.0,37446.0,35.48582,-46.132,1.160287,0.05278811,0.1326606,0.2909844,0.84,-0.00979824,-0.0526809,-0.01027394,-0.05722046,0.0206083,-0.07576495,1.2070699300699301
2024_04_23_13_35_13_106,0.4,0.1037475,36553.0,37647.0,35.56564,-46.10794,1.149914,0.0489228,0.1309891,0.2948487,0.84,-0.03291358,0.005804149,0.1274847,0.00411272,0.03115833,-0.0404343,1.2070699300699301
2024_04_23_13_35_13_221,0.4,0.2860456,36763.0,37891.0,35.65672,-46.07941,1.137552,0.05202379,0.1280498,0.3245866,0.81,-0.00620731,-0.01521012,0.3516551,-0.318408,0.3375858,0.1299083,1.2070699300699301
2024_04_23_13_35_13_322,0.4,0.443491,36924.0,38104.0,35.73028,-46.0527,1.128706,0.0571786,0.1241109,0.3692744,0.76,-0.004879043,-0.01560638,0.5213786,-0.3887415,0.1005679,-0.3272444,1.2070699300699301
2024_04_23_13_35_13_419,0.4,0.5235988,37065.0,38316.0,35.79762,-46.0238,1.120031,0.06374969,0.1180505,0.4285399,0.71,-0.003699787,-0.03687348,0.5950375,-0.2753139,-0.08672475,0.1827702,1.2070699300699301
2024_04_23_13_35_13_539,0.4,0.5235988,37218.0,38553.0,35.86952,-45.98731,1.110084,0.07131839,0.1094914,0.4958939,0.69,0.001306958,-0.0322728,0.5718399,-0.1475811,-0.03778934,-0.1516342,1.2070699300699301
2024_04_23_13_35_13_639,0.4,0.5235988,37348.0,38754.0,35.92844,-45.95285,1.102628,0.07854833,0.1024725,0.5526576,0.68,-0.002731495,-0.02905669,0.5627958,-0.6347894,0.1817942,0.09131803,1.2070699300699301
2024_04_23_13_35_13_756,0.4,0.5235988,37497.0,38982.0,35.99375,-45.90988,1.095787,0.0860755,0.09445135,0.6201618,0.66,0.0154358,-0.02251235,0.6003509,-0.01347065,-0.01633167,-0.108201,1.2070699300699301
2024_04_23_13_35_13_856,0.4,0.5235988,37626.0,39176.0,36.047,-45.87078,1.089212,0.09385139,0.08479092,0.680517,0.66,0.02347118,-0.04590397,0.6191437,-0.06604195,-0.01963973,0.03667921,1.2070699300699301
2024_04_23_13_35_13_972,0.4,0.5235988,37773.0,39397.0,36.10427,-45.82201,1.082326,0.09854495,0.06853634,0.7484468,0.63,-0.01889987,-0.08673911,0.5766379,-0.2502799,-0.02726912,0.2546199,1.2070699300699301
2024_04_23_13_35_14_090,0.4,0.5235988,37920.0,39616.0,36.15782,-45.76993,1.077237,0.100823,0.05501748,0.8165614,0.63,-0.004565477,-0.04271806,0.5738574,0.2346635,-0.2132952,-0.5128346,1.2070699300699301
2024_04_23_13_35_14_225,0.4,0.4649208,38090.0,39868.0,36.21511,-45.70497,1.071571,0.1040257,0.04115257,0.890119,0.64,-0.0003158599,-0.04659395,0.4927214,0.2367496,-0.08657574,-0.4178807,1.2070699300699301
2024_04_23_13_35_14_338,0.4,0.2877064,38247.0,40074.0,36.26131,-45.64544,1.067596,0.1052034,0.03200421,0.9338428,0.69,0.00497954,-0.04976224,0.3047646,0.2093315,-0.2117157,-0.06461516,1.2070699300699301
2024_04_23_13_35_14_455,0.4,0.1047463,38431.0,40286.0,36.30987,-45.57834,1.062895,0.106275,0.02547871,0.9566474,0.74,0.006525688,-0.02257179,0.1091114,0.3888607,-0.2406239,-0.4054904,1.2070699300699301
2024_04_23_13_35_14_566,0.4,0.0,38636.0,40489.0,36.35937,-45.50891,1.059703,0.1045355,0.02372112,0.9605958,0.75,-0.02662936,-0.03251177,0.008380804,-0.0989437,-0.05310773,0.3601201,1.2070699300699301
2024_04_23_13_35_14_666,0.4,0.0,38818.0,40665.0,36.40276,-45.44812,1.058466,0.1028358,0.02135438,0.9613096,0.74,-0.004056454,-0.01175861,-0.001280334,-0.2826452,0.09661912,0.1649633,1.2070699300699301
2024_04_23_13_35_14_783,0.4,0.0,39025.0,40869.0,36.45359,-45.37808,1.057798,0.105115,0.02114396,0.9620014,0.74,0.03363493,0.004142692,0.009517998,-0.00655651,0.02554059,0.2669916,1.2070699300699301
2024_04_23_13_35_14_889,0.4,0.0,39208.0,41047.0,36.49813,-45.31695,1.057448,0.1069222,0.02150658,0.9632089,0.74,0.01010014,-0.01698993,0.01263265,-0.22614,-0.003397465,-0.1345128,1.2070699300699301
2024_04_23_13_35_15_005,0.4,-0.1057535,39419.0,41247.0,36.5487,-45.24723,1.0568,0.1078532,0.02003618,0.9597968,0.74,-0.0008868296,-0.003905141,-0.1226611,0.08112191,-0.1714825,-0.02201646,1.2070699300699301
2024_04_23_13_35_15_105,0.4,-0.2629588,39610.0,41410.0,36.59277,-45.18771,1.055345,0.1074186,0.02023629,0.9382594,0.73,-0.007792633,-0.03420357,-0.3055883,-0.03075599,-0.0005364418,-0.1439042,1.2070699300699301
2024_04_23_13_35_15_222,0.4,-0.445763,39839.0,41580.0,36.64419,-45.12342,1.052316,0.1063917,0.01770046,0.8923795,0.68,0.005463056,-0.04850301,-0.4799793,-0.08583068,-0.03880262,-0.1293235,1.2070699300699301
2024_04_23_13_35_15_338,0.4,-0.5235988,40064.0,41727.0,36.69587,-45.06562,1.049828,0.106275,0.02221028,0.8272476,0.66,0.01445653,0.0009041782,-0.5973889,-0.08904933,-0.0295639,0.3162175,1.2070699300699301
2024_04_23_13_35_15_456,0.4,-0.5235988,40292.0,41874.0,36.75211,-45.01073,1.04752,0.1043427,0.03025255,0.7576421,0.67,-0.023288,0.01502183,-0.5962205,-0.1716018,0.09915232,-0.02058223,1.2070699300699301
2024_04_23_13_35_15_570,0.4,-0.5235988,40513.0,42016.0,36.80999,-44.96226,1.046009,0.1024939,0.03585935,0.6931292,0.64,0.01351343,-0.02156448,-0.5360823,0.004887581,0.0641346,-0.06766617,1.2070699300699301
2024_04_23_13_35_15_672,0.4,-0.3655209,40707.0,42145.0,36.86317,-44.92306,1.043932,0.1012411,0.03824592,0.6480691,0.67,-0.01765776,-0.01679105,-0.372542,0.1086593,0.1052022,-0.01553073,1.2070699300699301
2024_04_23_13_35_15_782,0.4,-0.1872284,40920.0,42312.0,36.92816,-44.87869,1.040925,0.1031565,0.03915265,0.6169602,0.72,0.04026252,-0.009879123,-0.1896161,0.4092455,0.3012419,-0.1157708,1.2070699300699301
2024_04_23_13_35_15_889,0.4,-0.02534772,41110.0,42484.0,36.99148,-44.83703,1.038301,0.1062058,0.03922209,0.6066798,0.75,0.005170275,-0.01385729,-0.01123787,0.2328753,0.2723634,-0.3100969,1.2070699300699301
2024_04_23_13_35_15_990,0.4,0.0,41293.0,42663.0,37.0541,-44.79468,1.035494,0.1036108,0.03508076,0.6062446,0.74,-0.03628346,-0.05169467,-0.00780355,-0.07224083,0.07012486,0.01876801,1.2070699300699301
2024_04_23_13_35_16_107,0.4,0.0,41504.0,42869.0,37.12584,-44.74559,1.032873,0.09940941,0.03032475,0.6056412,0.74,-0.02031563,-0.02837315,0.01471306,-0.04696846,0.03546476,0.1634508,1.2070699300699301
2024_04_23_13_35_16_221,0.4,-0.02575661,41716.0,43071.0,37.19691,-44.6978,1.029548,0.09906267,0.02617741,0.6069749,0.75,0.02493862,-0.04359729,-0.009565932,-0.01245737,-0.1894832,0.3675967,1.2070699300699301
2024_04_23_13_35_16_322,0.4,-0.1831462,41907.0,43244.0,37.26042,-44.65565,1.026149,0.1000725,0.02428965,0.5948517,0.75,0.03966165,-0.004288292,-0.2141706,-0.03880262,-0.7321238,0.8612051,1.2070699300699301
2024_04_23_13_35_16_424,0.4,-0.3420357,42103.0,43406.0,37.3237,-44.61551,1.024718,0.1006084,0.02608554,0.5618146,0.72,-0.00634727,-0.04115727,-0.4363153,-0.2112985,-0.07733703,-0.388205,1.2070699300699301
2024_04_23_13_35_16_538,0.4,-0.5222546,42329.0,43576.0,37.39301,-44.57483,1.022597,0.09829461,0.02485478,0.496981,0.67,0.04098588,-0.06626033,-0.6163578,0.4732012,-0.1783669,-1.839779,1.2070699300699301
2024_04_23_13_35_16_656,0.4,-0.4202202,42553.0,43726.0,37.46365,-44.54171,1.019379,0.1006712,0.02733949,0.4319221,0.68,0.02826794,-0.03141383,-0.4747774,0.349462,0.1939535,-0.07126853,1.2070699300699301
2024_04_23_13_35_16_756,0.4,-0.261314,42745.0,43874.0,37.52914,-44.51449,1.01669,0.09878836,0.0277403,0.3924706,0.72,-0.04982161,-0.01721103,-0.3101552,0.1577139,0.2281964,0.3286972,1.2070699300699301
2024_04_23_13_35_16_872,0.4,-0.07891802,42962.0,44062.0,37.60784,-44.48397,1.01477,0.09394886,0.02625124,0.3698609,0.72,-0.01254309,-0.05604072,-0.06395796,-0.2475977,0.4210323,-0.02972036,1.2070699300699301
2024_04_23_13_35_16_989,0.4,0.0,43177.0,44263.0,37.68808,-44.45484,1.01143,0.09586848,0.01814552,0.370173,0.73,0.01350449,-0.04048608,0.02484979,-0.006020069,-0.1258105,-0.1267381,1.2070699300699301
2024_04_23_13_35_17_089,0.4,0.0,43360.0,44435.0,37.75647,-44.4295,1.008747,0.09718621,0.01366486,0.3724329,0.73,0.002920333,-0.05286525,0.02568711,-0.1617074,0.09804963,0.05094334,1.2070699300699301
2024_04_23_13_35_17_190,0.4,0.0,43547.0,44610.0,37.82576,-44.40359,1.006633,0.0963798,0.004645796,0.3743169,0.72,-0.01520144,-0.1001668,0.02733354,-0.0628233,-0.0822693,-0.2585463,1.2070699300699301
2024_04_23_13_35_17_304,0.4,0.0,43758.0,44807.0,37.90359,-44.37521,1.005626,0.09922352,6.27781,0.3770637,0.7,0.08063903,-0.08164655,0.03593737,-0.1752376,-0.2360493,-0.1562778,1.2070699300699301
2024_04_23_13_35_17_420,0.4,0.0,43973.0,45008.0,37.98289,-44.34721,1.004893,0.1068359,6.266299,0.3813897,0.73,0.006369088,-0.1758483,0.07388581,0.566721,-0.007614493,-0.262456,1.2070699300699301
2024_04_23_13_35_17_523,0.4,0.0,44165.0,45197.0,38.05516,-44.31997,1.004267,0.1023549,6.245871,0.3863352,0.77,-0.05009355,-0.2023066,0.07351869,0.2347231,-0.04521012,-0.3526089,1.2070699300699301
2024_04_23_13_35_17_639,0.4,0.0,44391.0,45421.0,38.14234,-44.28724,1.004719,0.1037631,6.230888,0.3937367,0.81,0.05007066,-0.08889396,0.08114045,0.1270175,-0.05725026,-0.002938322,1.2070699300699301
2024_04_23_13_35_17_755,0.4,0.07797411,44623.0,45656.0,38.23359,-44.25323,1.00467,0.1105452,6.22036,0.4050998,0.84,0.0732307,-0.08471987,0.1842807,0.1053214,0.1752674,-0.4247948,1.2070699300699301
2024_04_23_13_35_17_856,0.4,0.2363249,44815.0,45869.0,38.31202,-44.22131,1.00665,0.1093877,6.211287,0.4324276,0.84,-0.03587113,-0.0324949,0.3693139,-0.09512901,0.1451373,-0.1068944,1.2070699300699301
2024_04_23_13_35_17_957,0.4,0.3945594,44994.0,46093.0,38.38873,-44.18627,1.010025,0.1080423,6.201854,0.4823608,0.83,0.1129301,-0.02240635,0.6169068,0.2075434,-0.05435943,-0.2138316,1.2070699300699301
2024_04_23_13_35_18_073,0.4,0.5235988,45174.0,46354.0,38.47104,-44.14452,1.014115,0.118108,6.193166,0.5636809,0.7,0.0879893,0.01091417,0.6486397,-1.380026,-0.3246963,0.223306,1.2070699300699301
2024_04_23_13_35_18_189,0.4,0.5235988,45314.0,46564.0,38.53133,-44.10513,1.019815,0.1169527,6.183904,0.6240074,0.57,0.03722402,0.01966128,0.4847009,-0.4476309,-0.1056492,1.362714,1.2070699300699301
2024_04_23_13_35_18_306,0.4,0.5235988,45434.0,46752.0,38.58169,-44.06733,1.027003,0.1135375,6.18038,0.6764531,0.52,0.004963305,0.01140251,0.4225691,-0.2402663,0.1241267,-1.044553,1.2070699300699301
2024_04_23_13_35_18_410,0.4,0.5235988,45534.0,46915.0,38.62193,-44.03318,1.033299,0.1087992,6.176753,0.7191328,0.5,-0.006845232,0.01008568,0.4060926,-0.2180934,-0.004157424,0.06993627,1.2070699300699301
2024_04_23_13_35_18_523,0.4,0.5235988,45642.0,47088.0,38.66307,-43.99508,1.040477,0.1043948,6.171648,0.7647454,0.5,0.007308256,-0.005014449,0.4007643,0.1027286,0.007644295,0.3949525,1.2070699300699301
2024_04_23_13_35_18_639,0.4,0.5235988,45752.0,47259.0,38.70324,-43.95475,1.048602,0.09945575,6.168525,0.8117203,0.5,0.0005693212,0.03629924,0.4091567,0.04035234,0.04556775,0.01823902,1.2070699300699301
2024_04_23_13_35_18_740,0.4,0.5235988,45850.0,47406.0,38.73714,-43.91761,1.056123,0.09299812,6.168492,0.8543612,0.51,-0.01564749,0.0338297,0.4359502,0.02759695,0.0257343,0.2661459,1.2070699300699301
2024_04_23_13_35_18_856,0.4,0.5235988,45965.0,47578.0,38.77362,-43.873,1.064063,0.08424857,6.163353,0.9024441,0.5,0.007589154,-0.03022848,0.4146533,0.03489852,-0.05552172,-0.06204867,1.2070699300699301
2024_04_23_13_35_18_956,0.4,0.5235988,46062.0,47728.0,38.80368,-43.83287,1.069262,0.07887112,6.157575,0.943738,0.51,0.001223322,-0.01852258,0.4233386,0.01937151,0.0513345,-0.1810347,1.2070699300699301
2024_04_23_13_35_19_072,0.4,0.5235988,46176.0,47905.0,38.83736,-43.78384,1.076477,0.07215516,6.153102,0.9931455,0.51,-0.01569111,-0.009283066,0.4122763,-0.3439188,0.1397729,0.6105606,1.2070699300699301
2024_04_23_13_35_19_173,0.4,0.5235988,46275.0,48054.0,38.86403,-43.7414,1.08378,0.06517182,6.14992,1.036323,0.5,-0.01356268,-0.002897192,0.4414016,0.04678964,0.05938112,0.0677323,1.2070699300699301
2024_04_23_13_35_19_273,0.4,0.5235988,46374.0,48202.0,38.88852,-43.69766,1.091389,0.05598338,6.146752,1.07963,0.5,-0.04195153,-0.009979092,0.4136401,-0.03734231,-0.07794052,-0.4327157,1.2070699300699301
2024_04_23_13_35_19_388,0.4,0.5235988,46484.0,48370.0,38.91333,-43.64754,1.100464,0.04640558,6.144082,1.126114,0.49,0.01601158,-0.01944473,0.3934166,0.1107156,-0.1035556,0.002149958,1.2070699300699301
2024_04_23_13_35_19_490,0.4,0.5235988,46578.0,48520.0,38.93374,-43.60271,1.107286,0.04387558,6.142509,1.167478,0.5,0.03743998,0.01149987,0.4127887,0.231117,-0.03445148,0.0999011,1.2070699300699301
2024_04_23_13_35_19_605,0.4,0.5235988,46688.0,48693.0,38.95446,-43.54992,1.116074,0.03778706,6.140032,1.214863,0.49,-0.03069739,0.001694741,0.3961119,0.07453561,0.1583025,-0.233775,1.2070699300699301
2024_04_23_13_35_19_705,0.4,0.5235988,46781.0,48841.0,38.96946,-43.50429,1.123616,0.02999998,6.138485,1.25479,0.49,-0.008164994,0.004078014,0.3923694,0.3271401,-0.03945827,0.1018271,1.2070699300699301
2024_04_23_13_35_19_813,0.4,0.5235988,46885.0,49000.0,38.98454,-43.45275,1.1326,0.02228799,6.140618,1.300638,0.5,-0.003021836,0.02972772,0.4392968,-0.002980232,0.09150057,0.2083257,1.2070699300699301
2024_04_23_13_35_19_922,0.4,0.5235988,46988.0,49157.0,38.99684,-43.40173,1.141991,0.01382766,6.141525,1.346212,0.49,-0.03903113,0.01634922,0.3984226,-0.06386638,0.1093447,-0.8948585,1.2070699300699301
2024_04_23_13_35_20_025,0.4,0.5235988,47081.0,49310.0,39.00528,-43.35365,1.150531,0.002763828,6.144724,1.385985,0.47,-0.05094831,0.05274291,0.3766514,-0.08985399,-0.0828132,0.1456647,1.2070699300699301
2024_04_23_13_35_20_139,0.4,0.5235988,47179.0,49479.0,39.01175,-43.30159,1.158516,6.274617,6.148539,1.427642,0.47,-0.03776712,0.01649623,0.3698027,-1.495838,-0.02121925,-0.07185433,1.2070699300699301
2024_04_23_13_35_20_239,0.4,0.5235988,47275.0,49634.0,39.016,-43.25329,1.164917,6.270656,6.145568,1.463429,0.52,0.05769977,-0.07743461,0.3408532,0.6229281,0.1216009,-0.343875,1.2070699300699301
2024_04_23_13_35_20_349,0.4,0.5235988,47399.0,49810.0,39.01911,-43.19223,1.173574,6.264968,6.144516,1.502867,0.57,-0.06379609,0.04342786,0.3492718,0.5366206,0.2773106,-0.003571622,1.2070699300699301
2024_04_23_13_35_20_455,0.4,0.5235988,47518.0,49981.0,39.01863,-43.13247,1.18191,6.252391,6.150357,1.540798,0.6,-0.05462179,0.02694886,0.3839418,0.05418062,0.04874915,-0.04533212,1.2070699300699301
2024_04_23_13_35_20_555,0.4,0.5235988,47637.0,50155.0,39.016,-43.07244,1.189655,6.242622,6.152116,1.580186,0.6,0.01927361,-0.0454162,0.4094416,-0.1807809,-0.4287511,0.219129,1.2070699300699301
2024_04_23_13_35_20_673,0.4,0.5235988,47774.0,50356.0,39.01077,-43.00395,1.199647,6.235914,6.150574,1.626869,0.58,-0.01254211,-0.02003724,0.3978274,-0.03755093,0.002190471,0.1275996,1.2070699300699301
2024_04_23_13_35_20_789,0.4,0.5235988,47909.0,50552.0,39.00195,-42.93729,1.208805,6.225548,6.150028,1.671863,0.59,-0.06018352,-0.008193951,0.3783242,0.3443956,0.07046759,0.1537637,1.2070699300699301
2024_04_23_13_35_20_905,0.4,0.5235988,48048.0,50754.0,38.98941,-42.86749,1.217139,6.212613,6.159696,1.717838,0.63,-0.06521621,0.05248529,0.4186946,0.07861852,0.01771748,0.08462462,1.2070699300699301
2024_04_23_13_35_21_014,0.4,0.5235988,48183.0,50954.0,38.97412,-42.80085,1.225126,6.202681,6.160409,1.763659,0.61,-0.02648564,-0.04343211,0.3993714,-0.02217293,-0.07304549,0.04756171,1.2070699300699301
2024_04_23_13_35_21_121,0.4,0.5235988,48317.0,51142.0,38.95584,-42.73789,1.23026,6.187941,6.157815,1.804228,0.63,-0.09024023,-0.01785974,0.3837367,0.4783868,0.09191035,0.3432259,1.2070699300699301
2024_04_23_13_35_21_223,0.4,0.5235988,48445.0,51328.0,38.93595,-42.67641,1.235128,6.177915,6.15834,1.846685,0.63,0.003918145,-0.08506562,0.4408394,-0.2655983,-0.1955628,-0.5451068,1.2070699300699301
2024_04_23_13_35_21_339,0.4,0.5235988,48588.0,51539.0,38.91056,-42.60879,1.242939,6.165911,6.159443,1.895994,0.62,-0.1270503,-0.02310532,0.3897697,0.2130866,0.5041957,-0.7161461,1.2070699300699301
2024_04_23_13_35_21_456,0.4,0.5235988,48720.0,51740.0,38.88439,-42.54646,1.250349,6.14755,6.161203,1.957926,0.55,-0.1538358,-0.03772593,0.453413,-0.4122853,0.4755258,0.2003647,1.2070699300699301
2024_04_23_13_35_21_572,0.4,0.5235988,48837.0,51937.0,38.8564,-42.4919,1.256249,6.129679,6.162673,2.007466,0.49,-0.05198451,-0.06682552,0.3976972,-3.531039,-0.2557039,0.4612636,1.2070699300699301
2024_04_23_13_35_21_689,0.4,0.5235988,48949.0,52123.0,38.82842,-42.44025,1.262705,6.120033,6.166004,2.057724,0.51,-0.04764397,-0.0770575,0.4377422,0.09524821,0.0526011,0.1274385,1.2070699300699301
2024_04_23_13_35_21_822,0.4,0.3381166,49092.0,52343.0,38.79112,-42.37934,1.269194,6.11016,6.161142,2.10837,0.54,-0.01907415,-0.09890712,0.2886369,0.3899336,-0.01737475,0.1932811,1.2070699300699301
2024_04_23_13_35_21_938,0.4,0.1574494,49242.0,52536.0,38.75544,-42.32264,1.276039,6.118537,6.145554,2.134989,0.6,0.1179311,-0.1966258,0.1237746,0.4110336,-0.1183748,-0.1992639,1.2070699300699301
2024_04_23_13_35_22_055,0.4,0.0,49423.0,52732.0,38.71423,-42.25912,1.282797,6.125437,6.128429,2.141097,0.67,-0.06761826,-0.03403295,-0.05103803,0.6082058,0.7961392,-0.167083,1.2070699300699301
2024_04_23_13_35_22_156,0.4,-0.02723735,49589.0,52895.0,38.67691,-42.2032,1.291017,6.12173,6.121836,2.140768,0.62,-0.01810229,-0.08068448,-0.01366874,-0.7353424,-0.02604723,0.2651987,1.2070699300699301
2024_04_23_13_35_22_271,0.4,-0.208658,49763.0,53062.0,38.63867,-42.14676,1.30007,6.115151,6.113932,2.127547,0.57,-0.08336551,-0.03589458,-0.2047292,-0.2403855,0.01429021,-0.218004,1.2070699300699301
2024_04_23_13_35_22_371,0.4,-0.3660128,49926.0,53186.0,38.60824,-42.09885,1.30341,6.108357,6.096384,2.103417,0.52,-0.08002059,-0.1311739,-0.2957967,-1.030326,-0.05355477,0.1795739,1.2070699300699301
2024_04_23_13_35_22_490,0.4,-0.5235988,50099.0,53301.0,38.58044,-42.049,1.31241,6.118124,6.083673,2.062607,0.45,0.04701868,-0.04835007,-0.3818951,-0.5507171,0.1914054,0.1104453,1.2070699300699301
2024_04_23_13_35_22_588,0.4,-0.5235988,50240.0,53389.0,38.56072,-42.00906,1.318921,6.124845,6.067091,2.026617,0.44,-0.05361965,-0.08745575,-0.3867797,-0.02712011,0.5768836,-0.2053892,1.2070699300699301
2024_04_23_13_35_22_689,0.4,-0.5235988,50374.0,53476.0,38.54108,-41.96947,1.3263,6.125634,6.055526,1.987676,0.44,-0.08322108,-0.04487758,-0.3979546,0.07909536,-0.07701665,0.2578329,1.2070699300699301
2024_04_23_13_35_22_789,0.4,-0.5235988,50510.0,53565.0,38.52307,-41.92884,1.334331,6.128704,6.044072,1.948022,0.43,-0.008080035,-0.08500329,-0.3619405,-0.4982352,0.07036328,-0.0119647,1.2070699300699301
2024_04_23_13_35_22_907,0.4,-0.5235988,50660.0,53659.0,38.50732,-41.88451,1.345038,6.13937,6.031449,1.907546,0.39,0.007209092,-0.04360919,-0.3371196,-0.305593,0.1937523,-0.2006432,1.2070699300699301
2024_04_23_13_35_23_023,0.4,-0.5235988,50801.0,53751.0,38.49324,-41.84122,1.355899,6.14708,6.023673,1.867015,0.41,-0.02147757,0.003923787,-0.3555473,0.2355575,-0.1476333,0.5664974,1.2070699300699301
2024_04_23_13_35_23_123,0.4,-0.5235988,50922.0,53834.0,38.48216,-41.8028,1.366198,6.153977,6.020614,1.830084,0.42,-0.03144313,0.02730662,-0.3574933,0.5993545,-0.08735805,1.167846,1.2070699300699301
2024_04_23_13_35_23_239,0.4,-0.5235988,51063.0,53930.0,38.4713,-41.75734,1.378153,6.16294,6.017207,1.786853,0.43,-0.03878429,0.025824,-0.3810967,-0.1892447,-0.07656962,0.8354504,1.2070699300699301
2024_04_23_13_35_23_338,0.4,-0.5235988,51189.0,54017.0,38.46318,-41.71647,1.388068,6.169447,6.012946,1.747889,0.42,0.0001815856,-0.04572119,-0.3517124,-0.5306304,-0.1039803,0.6191623,1.2070699300699301
2024_04_23_13_35_23_457,0.4,-0.5235988,51333.0,54111.0,38.45681,-41.67043,1.400306,6.181928,6.008096,1.706955,0.41,0.0001651794,0.007706121,-0.3384954,-0.1379251,0.005230307,-0.3369823,1.2070699300699301
2024_04_23_13_35_23_556,0.4,-0.5235988,51460.0,54191.0,38.45347,-41.63087,1.410089,6.195464,6.001465,1.673142,0.37,0.07039407,-0.06508849,-0.3027983,-0.6682872,0.142388,-0.05158409,1.2070699300699301
2024_04_23_13_35_23_665,0.4,-0.5235988,51613.0,54266.0,38.45232,-41.59378,1.418831,6.207698,5.991331,1.644383,0.27,0.01849332,-0.06074334,-0.1898947,-0.3116131,0.1983605,0.1703659,1.2070699300699301
2024_04_23_13_35_23_770,0.4,-0.4944088,51732.0,54337.0,38.45076,-41.56239,1.426298,6.205406,5.974266,1.623844,0.35,-0.09761244,-0.1890026,-0.2117573,0.2393722,-0.2097376,-0.3751283,1.2070699300699301
2024_04_23_13_35_23_872,0.4,-0.3362378,51846.0,54433.0,38.45121,-41.52215,1.434911,6.21401,5.958925,1.609535,0.44,0.1082637,-0.1384962,-0.1298452,1.03873,0.565812,0.9619966,1.2070699300699301
2024_04_23_13_35_23_972,0.4,-0.1788783,51980.0,54552.0,38.45266,-41.4732,1.445019,6.223303,5.942983,1.600102,0.5,0.03436919,-0.1406586,-0.08078562,0.6102324,0.01889467,0.02139807,1.2070699300699301
2024_04_23_13_35_24_072,0.4,-0.02116128,52116.0,54680.0,38.45353,-41.42159,1.458106,6.225978,5.929588,1.597682,0.52,-0.02391987,-0.1612441,0.01436514,0.4572868,0.6164834,-0.1788605,1.2070699300699301
2024_04_23_13_35_24_189,0.4,0.0,52271.0,54836.0,38.45258,-41.36133,1.474846,6.216057,5.916436,1.603049,0.54,-0.07999209,0.05021633,0.02699464,0.6133914,-0.2797078,-0.315018,1.2070699300699301
2024_04_23_13_35_24_290,0.4,0.0,52398.0,54971.0,38.4523,-41.30753,1.490837,6.21522,5.929372,1.611226,0.59,0.00516732,0.1939678,0.07917971,-0.06371737,0.6565433,0.08605792,1.2070699300699301
2024_04_23_13_35_24_389,0.4,0.0,52532.0,55109.0,38.45157,-41.25333,1.510955,6.210201,5.944031,1.619497,0.58,-0.0714638,0.07128383,0.08858839,-0.2304911,0.3988221,0.2822857,1.2070699300699301
2024_04_23_13_35_24_506,0.4,0.0,52679.0,55268.0,38.4496,-41.1933,1.533492,6.204151,5.953609,1.631043,0.55,0.1105484,0.02765585,0.09873225,-0.8540749,-2.985304,4.454653,1.2070699300699301
2024_04_23_13_35_24_620,0.4,0.1034449,52827.0,55425.0,38.44862,-41.13306,1.553925,6.208302,5.960841,1.644573,0.57,0.07374636,0.09631215,0.1668024,0.4150271,0.04621967,0.2039093,1.2070699300699301
2024_04_23_13_35_24_722,0.4,0.2614641,52947.0,55569.0,38.44725,-41.07988,1.57363,6.213585,5.979551,1.669132,0.59,0.1266,0.1933573,0.3082839,-0.08749961,0.2943575,-0.3268355,1.2070699300699301
2024_04_23_13_35_24_824,0.4,0.4219616,53065.0,55732.0,38.44533,-41.02172,1.591074,6.227731,6.005437,1.712003,0.65,0.3368862,0.2414417,0.5123703,0.9815096,0.06353855,1.027226,1.2070699300699301
2024_04_23_13_35_24_939,0.4,0.5235988,53204.0,55938.0,38.4389,-40.95155,1.612066,6.236966,6.030653,1.782633,0.63,0.08958066,0.04304137,0.6137053,-0.5989075,0.6468593,-0.2584346,1.2070699300699301
2024_04_23_13_35_25_040,0.4,0.5235988,53315.0,56109.0,38.42617,-40.89643,1.630739,6.228321,6.044664,1.837745,0.52,0.03353122,0.08505343,0.4695148,-0.9880065,-0.1488477,1.377339,1.2070699300699301
2024_04_23_13_35_25_156,0.4,0.5235988,53426.0,56271.0,38.41064,-40.84472,1.646766,6.220437,6.055964,1.890177,0.47,0.0527605,0.1120578,0.4306176,-0.2429187,0.06102025,0.3661262,1.2070699300699301
2024_04_23_13_35_25_272,0.4,0.5235988,53539.0,56423.0,38.39505,-40.79775,1.661329,6.217393,6.059822,1.939798,0.46,0.03300318,-0.0198488,0.4354504,0.9620487,0.3457814,-0.004671514,1.2070699300699301
2024_04_23_13_35_25_388,0.4,0.5235988,53657.0,56599.0,38.37253,-40.74525,1.675957,6.197791,6.054859,1.998547,0.51,-0.1559375,-0.2133967,0.558749,-0.2526641,1.327872,0.5035028,1.2070699300699301
2024_04_23_13_35_25_505,0.4,0.5235988,53790.0,56799.0,38.34105,-40.689,1.68726,6.155315,6.037158,2.067261,0.57,-0.2494863,-0.2577881,0.5749894,0.8211731,-0.05084276,-0.2340609,1.2070699300699301
2024_04_23_13_35_25_605,0.4,0.5235988,53915.0,56990.0,38.30706,-40.63626,1.69458,6.117033,6.021337,2.133635,0.63,0.003951333,-0.05828151,0.7497867,-4.241168,-3.630996,4.574932,1.2070699300699301
2024_04_23_13_35_25_722,0.4,0.4982014,54038.0,57195.0,38.27144,-40.57778,1.718411,6.13443,6.072338,2.204366,0.69,0.2784621,0.4329118,0.5903891,0.4817247,0.1581013,0.5466956,1.2070699300699301
2024_04_23_13_35_25_821,0.4,0.3406164,54168.0,57373.0,38.23356,-40.52423,1.737227,6.15036,6.115947,2.25099,0.74,0.04819036,0.1549651,0.4569907,0.4462003,0.4076361,0.7072687,1.2070699300699301
2024_04_23_13_35_25_938,0.4,0.1580563,54344.0,57598.0,38.17932,-40.45906,1.754594,6.153725,6.144016,2.289157,0.66,-0.01881585,0.2342943,0.1991813,-5.506634,-1.281023,-0.4341453,1.2070699300699301
2024_04_23_13_35_26_055,0.4,0.0,54452.0,57849.0,38.14693,-40.42453,1.771079,6.149064,6.168537,2.293363,0.32,-0.05647962,0.2100947,-0.04613649,-0.1816451,-0.4141628,-0.0320226,1.2070699300699301
2024_04_23_13_35_26_171,0.4,0.0,54543.0,58186.0,38.12213,-40.39967,1.781551,6.157192,6.174038,2.28593,0.31,0.2013877,-0.07897627,-0.05672865,-0.233531,-0.6024688,-0.08755922,1.2070699300699301
2024_04_23_13_35_26_272,0.4,0.0,54632.0,58447.0,38.10271,-40.37356,1.784289,6.186616,6.156209,2.282549,0.37,0.1206589,-0.04724938,-0.03334942,2.98807,1.728773,-0.8867941,1.2070699300699301
2024_04_23_13_35_26_388,0.4,0.0,54769.0,58589.0,38.06619,-40.33059,1.792147,6.19338,6.155787,2.280808,0.59,0.03363001,-0.02241016,-0.02800995,1.45483,-0.2452433,0.1363424,1.2070699300699301
2024_04_23_13_35_26_506,0.4,0.0,54945.0,58773.0,38.01694,-40.27317,1.801251,6.203398,6.166059,2.278749,0.72,0.070643,0.04114999,-0.01552468,0.1176,0.1743138,1.086188,1.2070699300699301
2024_04_23_13_35_26_605,0.4,-0.02657221,55118.0,58949.0,37.9687,-40.21802,1.80972,6.207974,6.171814,2.274014,0.75,-0.1147635,-0.02537141,-0.1036397,-0.2812147,0.05608797,1.523795,1.2070699300699301
2024_04_23_13_35_26_721,0.4,-0.2099832,55340.0,59152.0,37.90825,-40.15398,1.817449,6.192233,6.164571,2.247373,0.77,-0.2066065,0.01443009,-0.3397456,0.1442432,0.6591081,1.846153,1.2070699300699301
2024_04_23_13_35_26_822,0.4,-0.3671601,55546.0,59318.0,37.8568,-40.09622,1.824765,6.179608,6.160421,2.202528,0.77,-0.1246484,0.07368866,-0.5180711,0.2186894,-0.3050566,0.04186295,1.2070699300699301
2024_04_23_13_35_26_938,0.4,-0.5235988,55802.0,59496.0,37.79974,-40.02582,1.831207,6.154097,6.154572,2.121629,0.77,-0.2803212,0.03919082,-0.7804098,-0.0269413,-0.757426,-1.751997,1.2070699300699301
2024_04_23_13_35_27_038,0.4,-0.5235988,56013.0,59643.0,37.75885,-39.9648,1.843002,6.150265,6.154199,2.047971,0.69,0.1964643,0.03071144,-0.6631252,-1.560569,-1.274288,0.02329051,1.2070699300699301
2024_04_23_13_35_27_139,0.4,-0.5235988,56208.0,59775.0,37.73076,-39.90601,1.856337,6.17194,6.1434,1.984073,0.64,0.1105051,-0.08357904,-0.6429911,-0.09703635,0.4149824,-0.5781427,1.2070699300699301
2024_04_23_13_35_27_256,0.4,-0.5235988,56429.0,59924.0,37.70321,-39.83728,1.869377,6.192925,6.129776,1.910246,0.64,0.06834777,-0.01260733,-0.6300491,0.2533793,0.02272427,-0.1750029,1.2070699300699301
2024_04_23_13_35_27_370,0.4,-0.341929,56652.0,60083.0,37.67785,-39.76285,1.878755,6.198947,6.120731,1.847194,0.71,-0.05125843,-0.05705876,-0.4592076,0.6688237,0.6482079,-0.4497952,1.2070699300699301
2024_04_23_13_35_27_471,0.4,-0.1839203,56847.0,60245.0,37.6567,-39.69151,1.885682,6.198613,6.115283,1.81016,0.75,0.1024237,-0.1071881,-0.2798664,-0.5912185,-1.210317,0.556834,1.2070699300699301
2024_04_23_13_35_27_571,0.4,-0.02605562,57041.0,60426.0,37.63944,-39.61712,1.892517,6.212378,6.096,1.792414,0.73,-0.132888,-0.00921423,-0.145519,-0.2120137,2.40998,-0.8037742,1.2070699300699301
2024_04_23_13_35_27_688,0.4,0.0,57241.0,60622.0,37.61621,-39.53666,1.905991,6.1905,6.106851,1.782245,0.76,-0.2362286,0.1451664,-0.07355165,0.3914833,-0.1366436,0.1139939,1.2070699300699301
2024_04_23_13_35_27_788,0.4,0.0,57412.0,60777.0,37.60003,-39.47349,1.917686,6.174049,6.109732,1.782966,0.58,-0.1141484,0.01796652,0.01643289,-0.7369518,-1.284882,2.232874,1.2070699300699301
2024_04_23_13_35_27_888,0.4,0.0,57559.0,60908.0,37.58746,-39.42084,1.929385,6.169734,6.110995,1.785032,0.54,-0.01285383,-0.01647246,0.02875776,-0.01174211,-0.07371604,-0.8435137,1.2070699300699301
2024_04_23_13_35_28_004,0.4,0.0,57719.0,61060.0,37.57369,-39.36007,1.941649,6.168769,6.110937,1.787907,0.55,-0.00902261,0.02283238,0.01753855,0.2293587,-0.1360625,0.1042196,1.2070699300699301
2024_04_23_13_35_28_104,0.4,0.0,57850.0,61196.0,37.56126,-39.30749,1.953195,6.16859,6.113642,1.788059,0.55,-0.009918116,0.0113746,-0.009558797,0.02938509,0.2508983,0.5232999,1.2070699300699301
2024_04_23_13_35_28_211,0.4,0.0,57993.0,61348.0,37.5473,-39.24981,1.963883,6.169802,6.115889,1.786375,0.56,0.0281518,0.05083354,-0.0008057212,0.09232759,-0.09974092,0.1755329,1.2070699300699301
2024_04_23_13_35_28_321,0.4,0.0,58136.0,61506.0,37.53372,-39.19089,1.973969,6.173085,6.118809,1.785522,0.57,0.03120603,-0.0100956,-0.01366259,-0.4814863,0.2345741,-0.1060539,1.2070699300699301
2024_04_23_13_35_28_439,0.4,0.0,58295.0,61681.0,37.51867,-39.12555,1.983855,6.17495,6.122114,1.78393,0.6,-0.02783561,0.07274731,-0.01475283,0.2893209,0.0874102,0.09997468,1.2070699300699301
2024_04_23_13_35_28_554,0.4,0.1559685,58457.0,61853.0,37.50228,-39.05824,1.995669,6.17292,6.129546,1.789533,0.61,0.01206873,0.03651118,0.1378458,-0.174582,-0.01117587,0.04307087,1.2070699300699301
2024_04_23_13_35_28_671,0.4,0.3387556,58618.0,62031.0,37.4872,-38.99205,2.005135,6.178459,6.132484,1.81916,0.56,0.04365209,0.04470818,0.3401911,-2.104998,1.139164,2.10935,1.2070699300699301
2024_04_23_13_35_28_788,0.4,0.5223604,58791.0,62194.0,37.47189,-38.93706,2.01758,6.172615,6.14131,1.86566,0.51,-0.07323722,-0.07583274,0.5157285,1.333952,0.6042868,0.1908913,1.2070699300699301
2024_04_23_13_35_28_904,0.4,0.5235988,58920.0,62394.0,37.44953,-38.87521,2.029636,6.156707,6.141331,1.934229,0.61,-0.04485498,-0.0852994,0.6283323,0.7133483,0.1589954,0.4445165,1.2070699300699301
2024_04_23_13_35_29_020,0.4,0.5235988,59058.0,62614.0,37.41947,-38.8082,2.042983,6.142107,6.149685,2.009638,0.68,0.1165973,0.01493797,0.6961706,1.015544,-0.6816685,-0.2127513,1.2070699300699301
2024_04_23_13_35_29_121,0.4,0.5235988,59192.0,62823.0,37.38759,-38.74496,2.052551,6.138207,6.159902,2.081664,0.72,-0.007135957,-0.05309328,0.7328911,0.06771088,0.2745688,-0.8338019,1.2070699300699301
2024_04_23_13_35_29_219,0.4,0.5235988,59333.0,63047.0,37.34889,-38.68025,2.059783,6.135362,6.162228,2.160252,0.75,0.1168074,-0.1680398,0.802311,0.09036063,0.1507699,-0.1894981,1.2070699300699301
2024_04_23_13_35_29_338,0.4,0.5235988,59495.0,63311.0,37.29844,-38.60637,2.063603,6.147138,6.16937,2.253148,0.82,0.4273072,0.1030647,0.8276017,1.059473,-0.7520019,-0.2882183,1.2070699300699301
2024_04_23_13_35_29_456,0.4,0.4439702,59634.0,63541.0,37.24998,-38.5506,2.067722,6.15134,6.170926,2.312004,0.56,0.07862012,-0.05264649,0.3976883,-0.06359816,-0.1969635,-0.4209494,1.2070699300699301
2024_04_23_13_35_29_565,0.4,0.2668232,59768.0,63733.0,37.20498,-38.50392,2.072743,6.156788,6.166976,2.348346,0.58,0.05945423,-0.07891145,0.2372516,0.02002716,-0.09721517,0.1827935,1.2070699300699301
2024_04_23_13_35_29_672,0.4,0.1040554,59907.0,63899.0,37.15976,-38.46119,2.078609,6.152313,6.163044,2.365239,0.61,-0.04919714,-0.06144819,0.08892731,0.2752542,-0.1830757,0.1109561,1.2070699300699301
2024_04_23_13_35_29_788,0.4,-0.07853396,60079.0,64073.0,37.10779,-38.4135,2.086446,6.144963,6.156833,2.367391,0.6,-0.0462059,-0.03010386,-0.06775149,-0.1791715,-0.3421902,0.4351195,1.2070699300699301
2024_04_23_13_35_29_904,0.4,-0.2614824,60258.0,64226.0,37.05909,-38.3672,2.095336,6.141947,6.147916,2.351515,0.56,-0.03655002,-0.07216375,-0.2139826,-0.1206398,-0.06057322,-0.4862835,1.2070699300699301
2024_04_23_13_35_30_020,0.4,-0.4440443,60436.0,64359.0,37.01608,-38.32257,2.10472,6.146099,6.135922,2.319558,0.5,-0.007643029,-0.05662132,-0.3385736,-0.2629757,-0.02792477,-0.6195567,1.2070699300699301
2024_04_23_13_35_30_121,0.4,-0.5235988,60585.0,64455.0,36.98376,-38.28628,2.111204,6.151831,6.123966,2.281379,0.47,0.01072168,-0.05444582,-0.3944118,-0.2353191,0.03416836,-0.3653262,1.2070699300699301
2024_04_23_13_35_30_237,0.4,-0.5235988,60753.0,64564.0,36.94817,-38.24388,2.117107,6.155066,6.109286,2.233733,0.48,-0.03334451,-0.0428932,-0.4570795,-0.08460879,-0.04778802,0.3225729,1.2070699300699301
2024_04_23_13_35_30_337,0.4,-0.5235988,60899.0,64660.0,36.91888,-38.20571,2.122752,6.159213,6.095827,2.190999,0.46,-0.02382207,-0.0815191,-0.4333658,-0.03117323,0.1953989,0.3146746,1.2070699300699301
2024_04_23_13_35_30_448,0.4,-0.5235988,61056.0,64774.0,36.8889,-38.16348,2.131261,6.16673,6.083152,2.140366,0.44,-0.02047022,-0.04450728,-0.4519239,-0.7136464,-0.09028613,-0.3559301,1.2070699300699301
2024_04_23_13_35_30_566,0.4,-0.5235988,61208.0,64898.0,36.86211,-38.12126,2.139995,6.177523,6.069357,2.088728,0.43,0.01004776,-0.08052243,-0.4415857,0.06240606,-0.002548098,-0.07403456,1.2070699300699301
2024_04_23_13_35_30_671,0.4,-0.5235988,61343.0,64993.0,36.84083,-38.0821,2.148283,6.190674,6.060767,2.045448,0.45,0.01493538,-0.01264153,-0.4388397,0.4536509,0.1097843,-0.1092236,1.2070699300699301
2024_04_23_13_35_30_771,0.4,-0.5235988,61479.0,65089.0,36.82088,-38.04148,2.157146,6.203819,6.054164,2.001116,0.45,0.03959703,-0.03684124,-0.4235421,-0.1630187,0.07139146,-0.4504882,1.2070699300699301
2024_04_23_13_35_30_872,0.4,-0.5235988,61616.0,65183.0,36.80265,-38.00038,2.165781,6.214988,6.046161,1.956566,0.45,-0.01978883,-0.05914754,-0.4489438,-0.3022254,0.1344755,-0.05767401,1.2070699300699301
2024_04_23_13_35_30_988,0.4,-0.4973795,61771.0,65294.0,36.78376,-37.95238,2.177366,6.225596,6.0403,1.905097,0.45,-0.008011699,-0.02710664,-0.4003893,0.5335212,-0.09480118,0.01576729,1.2070699300699301
2024_04_23_13_35_31_098,0.4,-0.3193794,61921.0,65406.0,36.76735,-37.90347,2.188431,6.23083,6.034986,1.868191,0.49,-0.04681992,-0.0134141,-0.2510191,0.2003312,0.09112059,-0.2733301,1.2070699300699301
2024_04_23_13_35_31_204,0.4,-0.1575494,62058.0,65524.0,36.75297,-37.85475,2.198726,6.233922,6.0289,1.849192,0.5,0.04105744,-0.04416421,-0.1185533,-0.4456043,-0.7375627,2.022607,1.2070699300699301
2024_04_23_13_35_31_305,0.4,-0.0001332562,62179.0,65650.0,36.74003,-37.80866,2.211136,6.236884,6.028664,1.842066,0.49,-0.008145339,0.01565627,-0.01042551,-0.328809,0.2293214,-0.01666322,1.2070699300699301
2024_04_23_13_35_31_422,0.4,0.0,62319.0,65798.0,36.72427,-37.75422,2.225159,6.236021,6.027485,1.840993,0.51,0.01061206,-0.009591144,-0.006035883,-0.03951788,-0.0462979,-0.2030032,1.2070699300699301
2024_04_23_13_35_31_522,0.4,-0.07759004,62443.0,65925.0,36.71099,-37.70631,2.237382,6.239573,6.026687,1.839156,0.51,0.06152246,0.01479599,-0.05120074,0.4249811,-0.1499802,0.1511741,1.2070699300699301
2024_04_23_13_35_31_621,0.4,-0.2347633,62570.0,66043.0,36.69792,-37.65895,2.251061,6.24195,6.033518,1.825321,0.52,-0.0671369,0.08845876,-0.1896546,0.2423525,0.4362538,0.5920515,1.2070699300699301
2024_04_23_13_35_31_737,0.4,-0.4173849,62725.0,66164.0,36.68325,-37.60487,2.266959,6.240411,6.044045,1.794169,0.5,-0.1004738,0.1350804,-0.3259615,-0.2928376,0.2081916,-0.5598441,1.2070699300699301
2024_04_23_13_35_31_838,0.4,-0.5235988,62859.0,66270.0,36.6728,-37.55936,2.279566,6.243156,6.055031,1.75233,0.46,-0.02614134,0.1020374,-0.4178055,-0.8019506,-0.03708899,0.2719099,1.2070699300699301
2024_04_23_13_35_31_954,0.4,-0.5235988,62998.0,66435.0,36.66533,-37.51221,2.291832,6.250805,6.06424,1.704337,0.41,0.05976489,-0.007644548,-0.3793478,2.070695,-1.577839,1.270352,1.2070699300699301
2024_04_23_13_35_32_055,0.4,-0.4188442,63135.0,66531.0,36.66191,-37.46629,2.303707,6.270413,6.064498,1.663911,0.53,0.1068932,0.0404596,-0.3789851,0.9943842,0.1207516,-0.0591129,1.2070699300699301
2024_04_23_13_35_32_155,0.4,-0.2612266,63286.0,66648.0,36.65878,-37.41124,2.318431,6.280078,6.075859,1.630348,0.62,0.01325904,0.2207528,-0.2511592,0.3459453,-0.735227,1.999182,1.2070699300699301
2024_04_23_13_35_32_271,0.4,-0.0779197,63463.0,66809.0,36.65648,-37.34102,2.340061,0.005502091,6.105244,1.610997,0.68,-0.02933884,0.2722488,-0.1150105,0.5789399,1.019834,-0.4141051,1.2070699300699301
2024_04_23_13_35_32_372,0.4,-0.1326044,63621.0,66962.0,36.65327,-37.27496,2.355869,0.00521873,6.131172,1.600754,0.73,-0.02681756,0.2793388,-0.1642997,0.3829598,-0.2061464,-0.1226338,1.2070699300699301
2024_04_23_13_35_32_487,0.4,-0.3142492,63824.0,67141.0,36.65152,-37.19418,2.375908,0.009721071,6.163725,1.569499,0.75,-0.02229792,0.2741045,-0.3761957,0.3167391,-0.1843199,0.4224814,1.2070699300699301
2024_04_23_13_35_32_588,0.4,-0.1569067,64006.0,67296.0,36.65216,-37.12119,2.392068,0.007075486,6.197832,1.540005,0.8,-0.1613737,0.3726316,-0.2399789,0.7728338,0.9551942,0.00244705,1.2070699300699301
2024_04_23_13_35_32_689,0.4,0.0,64193.0,67475.0,36.65268,-37.04029,2.40534,6.276633,6.235979,1.525527,0.86,-0.1574548,0.4403203,-0.06626965,0.6339549,-0.1084432,-1.365338,1.2070699300699301
2024_04_23_13_35_32_790,0.4,0.0,64380.0,67666.0,36.65248,-36.9551,2.415427,6.25529,6.28172,1.518851,0.93,-0.2181323,0.4394172,-0.05810115,0.5963445,0.4510022,-3.514171,1.2070699300699301
2024_04_23_13_35_32_904,0.4,0.0,64605.0,67892.0,36.6538,-36.85449,2.424741,6.238224,0.04365056,1.513902,0.87,-0.08059502,0.4066496,0.0009076186,-0.7961392,-0.7336437,-1.191553,1.2070699300699301
2024_04_23_13_35_33_009,0.4,-0.06393716,64804.0,68094.0,36.657,-36.76506,2.431697,6.232246,0.08622512,1.50969,0.85,0.009905368,0.3147169,-0.06639969,-0.1618266,-0.635907,0.1427345,1.2070699300699301
2024_04_23_13_35_33_121,0.4,-0.2350031,65013.0,68295.0,36.66273,-36.67583,2.43376,6.231728,0.118958,1.487537,0.84,-0.04364827,0.3422672,-0.2841815,-0.03838539,0.3869235,-0.05997251,1.2070699300699301
2024_04_23_13_35_33_220,0.4,-0.3923685,65211.0,68472.0,36.66973,-36.59523,2.432543,6.220055,0.1516908,1.444608,0.84,-0.06391761,0.3414975,-0.512123,0.1113415,-0.2585799,0.04693679,1.2070699300699301
2024_04_23_13_35_33_338,0.4,-0.5235988,65485.0,68733.0,36.68265,-36.49459,2.428132,6.205186,0.179967,1.351772,0.9,-0.009810239,0.3333687,-0.8774037,0.1329184,0.3107488,0.1732185,1.2070699300699301
2024_04_23_13_35_33_455,0.4,-0.5235988,65763.0,69071.0,36.70329,-36.39635,2.421822,6.185065,0.2038597,1.24918,0.79,0.09638432,0.1424881,-0.7742507,-0.3031492,-0.4027188,-5.412813,1.2070699300699301
2024_04_23_13_35_33_571,0.4,-0.468895,66006.0,69402.0,36.73024,-36.31749,2.407789,6.175374,0.2033288,1.164963,0.71,0.01365168,0.07874793,-0.5164881,0.6692409,0.9096562,0.8567814,1.2070699300699301
2024_04_23_13_35_33_686,0.4,-0.286527,66240.0,69586.0,36.76448,-36.23724,2.394307,6.155107,0.2059084,1.109205,0.81,-0.1284866,0.06418175,-0.3837847,0.6433129,0.1758933,-0.1782495,1.2070699300699301
2024_04_23_13_35_33_789,0.4,-0.1281922,66448.0,69775.0,36.79966,-36.16196,2.38026,6.138369,0.2097226,1.079024,0.87,0.0005859137,0.1287837,-0.1730053,1.740038,0.05146861,-2.982467,1.2070699300699301
2024_04_23_13_35_33_889,0.4,0.0,66659.0,69980.0,36.84061,-36.08391,2.361908,6.141558,0.2227746,1.07057,0.93,0.1866117,0.06875877,0.0185518,-0.5514026,-0.8947551,-0.4897178,1.2070699300699301
2024_04_23_13_35_33_989,0.4,0.0,66879.0,70188.0,36.88466,-36.00688,2.345612,6.152198,0.2236194,1.073552,0.89,0.07098372,-0.01463476,0.03683716,0.41157,-0.02548098,-0.1768917,1.2070699300699301
2024_04_23_13_35_34_105,0.4,0.0,67127.0,70435.0,36.93196,-35.91821,2.325387,6.160214,0.2092826,1.074293,0.84,-0.02057859,-0.2187564,-0.06870013,-0.3011823,0.4497766,-0.1673438,1.2070699300699301
2024_04_23_13_35_34_222,0.4,0.0,67367.0,70681.0,36.97459,-35.83133,2.303478,6.153439,0.1850076,1.069473,0.83,-0.06249471,-0.1834114,-0.05263782,-0.1010895,0.06559491,-0.2074744,1.2070699300699301
2024_04_23_13_35_34_338,0.4,0.0,67606.0,70913.0,37.01787,-35.74567,2.284595,6.141798,0.1698688,1.072484,0.83,-0.036187,-0.1021716,0.02223807,0.2691746,-0.08109211,-0.7097982,1.2070699300699301
2024_04_23_13_35_34_455,0.4,0.0,67853.0,71153.0,37.06343,-35.65914,2.260076,6.135185,0.1530519,1.077124,0.86,0.00623668,-0.2231195,-0.00974944,0.4716515,-0.1474023,0.447385,1.2070699300699301
2024_04_23_13_35_34_571,0.4,0.1047413,68084.0,71408.0,37.11069,-35.57382,2.236748,6.145632,0.1411864,1.08124,0.83,0.03984014,0.01484396,0.1253877,0.4606247,0.2814233,-0.9154323,1.2070699300699301
2024_04_23_13_35_34_688,0.4,0.2878243,68288.0,71688.0,37.15282,-35.48872,2.22253,6.152578,0.147961,1.107442,0.8,-0.02542777,0.1013642,0.2876397,-0.3365278,0.254035,-0.7034,1.2070699300699301
2024_04_23_13_35_34_788,0.4,0.4451425,68444.0,71923.0,37.18301,-35.41663,2.214993,6.152936,0.1636065,1.148483,0.79,-0.07833717,0.06977423,0.5302954,-0.3119707,0.4502386,-3.515277,1.2070699300699301
2024_04_23_13_35_34_905,0.4,0.5235988,68611.0,72178.0,37.2127,-35.33236,2.204755,6.156706,0.1821337,1.219557,0.77,-0.03677174,0.07051971,0.6167567,0.3720522,-0.7406175,-0.9290426,1.2070699300699301
2024_04_23_13_35_35_021,0.4,0.5235988,68773.0,72434.0,37.23642,-35.24801,2.1916,6.166694,0.1973599,1.291275,0.78,0.01257439,0.07435239,0.632329,0.1800656,-0.383079,-0.3854297,1.2070699300699301
2024_04_23_13_35_35_121,0.4,0.5235988,68917.0,72662.0,37.25305,-35.17212,2.177733,6.179543,0.2112556,1.354737,0.79,-0.03199939,0.02901935,0.6145882,0.3269911,0.2385825,-0.1770202,1.2070699300699301
2024_04_23_13_35_35_222,0.4,0.5235988,69064.0,72889.0,37.26461,-35.09535,2.161829,6.191274,0.2202748,1.41924,0.8,-0.02312622,0.05289952,0.6500682,0.03457069,0.09238719,0.2043759,1.2070699300699301
2024_04_23_13_35_35_338,0.4,0.4188694,69241.0,73155.0,37.27195,-35.0041,2.141431,6.20286,0.2288131,1.490273,0.83,-0.06934559,0.01361714,0.5111414,-0.2593398,0.235945,0.3234222,1.2070699300699301
2024_04_23_13_35_35_454,0.4,0.2354351,69446.0,73418.0,37.27428,-34.90612,2.119878,6.207518,0.2385349,1.538097,0.9,-0.04504787,0.1190308,0.3319627,0.5304217,-0.2488121,0.4782267,1.2070699300699301
2024_04_23_13_35_35_571,0.4,0.05157916,69688.0,73677.0,37.27431,-34.80095,2.096704,6.20929,0.2514395,1.561996,0.95,-0.02413392,0.01801161,0.07616079,-0.03826618,-0.1164339,-0.646933,1.2070699300699301
2024_04_23_13_35_35_688,0.4,0.0,69945.0,73931.0,37.27434,-34.69384,2.071014,6.211303,0.2559114,1.564813,0.96,0.06346124,0.1020784,0.03490623,0.1526475,-0.1311488,0.115132,1.2070699300699301
2024_04_23_13_35_35_804,0.4,0.0,70205.0,74189.0,37.27467,-34.58418,2.046637,6.215071,0.2660599,1.56616,0.97,0.0004721433,0.08179843,0.02123892,0.1972914,0.2221875,-0.01021475,1.2070699300699301
2024_04_23_13_35_35_921,0.4,0.0,70464.0,74448.0,37.27391,-34.4754,2.021419,6.212404,0.2738419,1.566108,0.97,-0.04009401,0.04352151,0.01411728,-0.02670288,0.5823653,0.1333654,1.2070699300699301
2024_04_23_13_35_36_038,0.4,0.0,70726.0,74713.0,37.27275,-34.36594,1.992473,6.210053,0.2743406,1.56556,0.97,0.02086262,-0.02337668,-0.01067715,0.04780292,-0.09854323,-0.3252532,1.2070699300699301
2024_04_23_13_35_36_139,0.4,0.0,70954.0,74944.0,37.27175,-34.2715,1.966012,6.208996,0.2719363,1.563049,0.97,-0.04543531,0.001284505,-0.02364509,0.0116229,0.06892532,0.1969961,1.2070699300699301
2024_04_23_13_35_36_254,0.4,0.02504188,71213.0,75208.0,37.27071,-34.16349,1.937579,6.209078,0.2696583,1.561101,0.96,0.02650796,-0.02296389,-0.009926287,0.4448294,0.5185418,0.07868837,1.2070699300699301
2024_04_23_13_35_36_371,0.4,0.2080976,71462.0,75487.0,37.26828,-34.05529,1.907837,6.211884,0.2662881,1.577438,0.95,0.03747841,-0.03251506,0.2780271,-0.09906291,-0.2409369,-0.2558157,1.2070699300699301
2024_04_23_13_35_36_482,0.4,0.3874667,71685.0,75765.0,37.26438,-33.95284,1.879359,6.229772,0.2645575,1.629815,0.9,0.01162112,-0.0323947,0.5786712,-0.4656315,0.3973245,-0.1246463,1.2070699300699301
2024_04_23_13_35_36_588,0.4,0.5235988,71859.0,76015.0,37.2555,-33.86651,1.855842,6.24908,0.2650068,1.703214,0.85,0.04364759,-0.0002901554,0.7510449,0.116229,-0.4460215,0.3072079,1.2070699300699301
2024_04_23_13_35_36_704,0.4,0.5235988,72048.0,76293.0,37.23926,-33.77342,1.830412,6.276196,0.2654715,1.79913,0.83,-0.002080724,-0.04277464,0.796083,-0.2731085,-0.1057982,0.2617407,1.2070699300699301
2024_04_23_13_35_36_822,0.4,0.5235988,72235.0,76569.0,37.21383,-33.68335,1.805581,0.01374085,0.2627222,1.892413,0.82,-0.01271863,-0.03550397,0.8035282,-0.4860162,-0.4795789,0.0886619,1.2070699300699301
2024_04_23_13_35_36_938,0.4,0.4437059,72422.0,76842.0,37.18089,-33.59724,1.780613,0.03637825,0.2530645,1.979816,0.82,-0.05534855,-0.03328358,0.6339326,0.4282593,0.05239248,0.577975,1.2070699300699301
2024_04_23_13_35_37_055,0.4,0.2612627,72629.0,77106.0,37.13972,-33.51069,1.756093,0.04848444,0.2452268,2.039021,0.87,0.03203923,-0.02114168,0.3530076,0.1629591,-0.3254711,-0.1492314,1.2070699300699301
2024_04_23_13_35_37_171,0.4,0.07792464,72859.0,77367.0,37.09264,-33.42076,1.731018,0.05494101,0.2424507,2.065179,0.91,0.03795805,-0.05845486,0.1263182,0.419259,-0.9446442,0.3352984,1.2070699300699301
2024_04_23_13_35_37_289,0.4,0.0,73110.0,77622.0,37.04345,-33.32843,1.70561,0.05756582,0.2371158,2.066422,0.92,0.01890691,0.0004569637,0.008078074,0.08839368,-0.08976459,-0.04150346,1.2070699300699301
2024_04_23_13_35_37_418,0.4,0.0,73396.0,77910.0,36.98807,-33.22377,1.676298,0.05891232,0.2302257,2.065242,0.92,-0.0465923,-0.04476072,-0.01873902,0.06115436,0.2113581,-0.08227675,1.2070699300699301
2024_04_23_13_35_37_521,0.4,0.0,73617.0,78132.0,36.94454,-33.14284,1.655027,0.0551269,0.2269546,2.064241,0.92,-0.04194355,-0.03662431,-0.0268452,0.2151728,0.05587935,-1.600291,1.2070699300699301
2024_04_23_13_35_37_621,0.4,0.0,73832.0,78350.0,36.90221,-33.06384,1.635129,0.05417083,0.2202696,2.062461,0.9,0.01232368,-0.08063151,-0.001568242,-0.2375245,0.03856421,0.4709195,1.2070699300699301
2024_04_23_13_35_37_738,0.4,0.0,74081.0,78600.0,36.85425,-32.97326,1.61109,0.05341076,0.2100689,2.061933,0.9,0.008657187,-0.09878467,0.01758346,0.1378059,-0.1116693,0.3686025,1.2070699300699301
2024_04_23_13_35_37_838,0.4,0.0,74293.0,78815.0,36.81292,-32.89524,1.591814,0.05355031,0.2032613,2.060112,0.9,0.006719137,-0.00721501,0.006937998,-0.1080632,-0.04065036,0.08153542,1.2070699300699301
2024_04_23_13_35_37_956,0.4,0.0,74548.0,79071.0,36.76417,-32.80275,1.567804,0.05510933,0.1902693,2.058332,0.88,-0.006623149,-0.08075369,-0.00840229,-0.1353025,0.4006326,0.4402213,1.2070699300699301
2024_04_23_13_35_38_072,0.4,0.0,74789.0,79314.0,36.71786,-32.71453,1.547134,0.05384379,0.1788397,2.057236,0.87,0.0006890148,-0.1252488,-0.007041483,0.158906,-0.02470612,-0.1997519,1.2070699300699301
2024_04_23_13_35_38_188,0.4,0.0,75035.0,79555.0,36.67134,-32.62523,1.527722,0.0521628,0.1691114,2.058907,0.87,0.0178005,-0.05062138,0.02888448,-0.2692938,-0.1516938,-0.4740786,1.2070699300699301
2024_04_23_13_35_38_289,0.4,0.0,75246.0,79761.0,36.63274,-32.54919,1.51266,0.05572345,0.1586994,2.061619,0.85,0.01777202,-0.1231221,0.03833648,-0.02086162,0.0008642673,-0.4513785,1.2070699300699301
2024_04_23_13_35_38_389,0.4,0.0,75456.0,79963.0,36.59511,-32.47446,1.497503,0.06140877,0.1448156,2.06617,0.83,0.04265871,-0.1115448,0.06526227,-0.05149841,0.03489852,0.01430139,1.2070699300699301
2024_04_23_13_35_38_505,0.4,0.1567049,75694.0,80202.0,36.5507,-32.38866,1.480581,0.06765068,0.1305342,2.082623,0.83,0.1218231,-0.0890865,0.2769526,-0.2769232,0.04360079,0.03429502,1.2070699300699301
2024_04_23_13_35_38_604,0.4,0.3140191,75943.0,80406.0,36.51474,-32.31912,1.471643,0.08286905,0.1231187,2.120613,0.72,0.06130648,-0.06445801,0.4620571,-1.137435,0.2499223,-0.4030336,1.2070699300699301
2024_04_23_13_35_38_704,0.4,0.4711064,76235.0,80596.0,36.48185,-32.26084,1.463801,0.09424181,0.1131094,2.174459,0.62,0.01509231,-0.06351116,0.6046994,-0.5340576,0.2146065,-0.2477267,1.2070699300699301
2024_04_23_13_35_38_821,0.4,0.5235988,76576.0,80804.0,36.44396,-32.20356,1.454213,0.1037205,0.09673097,2.247602,0.55,0.007449955,-0.09370397,0.6155149,-0.1037121,-0.09214877,0.08261948,1.2070699300699301
2024_04_23_13_35_38_921,0.4,0.5235988,76867.0,80969.0,36.41089,-32.16035,1.447407,0.1097313,0.08314679,2.306281,0.53,0.009214945,-0.04567969,0.5757534,-0.3379583,-0.1224577,0.2061501,1.2070699300699301
2024_04_23_13_35_39_022,0.4,0.5235988,77159.0,81126.0,36.37698,-32.12044,1.442691,0.1159343,0.07469861,2.362551,0.52,0.01401137,-0.021527,0.5633116,-0.1730323,0.004887581,0.3326516,1.2070699300699301
2024_04_23_13_35_39_137,0.4,0.5235988,77497.0,81307.0,36.33546,-32.07716,1.437359,0.1218242,0.06422236,2.427082,0.51,0.004262209,-0.03200573,0.5576329,-0.1322627,0.09191035,-0.155515,1.2070699300699301
2024_04_23_13_35_39_238,0.4,0.4459185,77791.0,81463.0,36.29708,-32.04213,1.431386,0.1249997,0.05139383,2.480588,0.52,-0.0022742,-0.08825672,0.4944972,0.2049804,-0.09587406,0.07939152,1.2070699300699301
2024_04_23_13_35_39_355,0.4,0.2634261,78130.0,81638.0,36.24866,-32.00302,1.425822,0.1248096,0.03936106,2.525228,0.54,-0.03421313,-0.02970289,0.3099479,0.003814697,-0.1299083,-0.07677265,1.2070699300699301
2024_04_23_13_35_39_472,0.4,0.0797103,78471.0,81804.0,36.19731,-31.96468,1.42241,0.1209411,0.03421468,2.550251,0.56,-0.01547066,0.005288525,0.1448844,0.1618862,-0.1473129,-0.1712516,1.2070699300699301
2024_04_23_13_35_39_588,0.4,0.0,78809.0,81964.0,36.14462,-31.92596,1.419285,0.1185277,0.031817,2.560541,0.57,-0.03081204,-0.04603173,0.0831518,-0.00333786,-0.04839897,0.04542805,1.2070699300699301
2024_04_23_13_35_39_687,0.4,0.0,78982.0,82114.0,36.0932,-31.88971,1.418226,0.1207046,0.0294852,2.563323,0.67,0.02641142,-0.02236846,0.03328649,0.5779862,-0.3179311,-2.324287,1.2070699300699301
2024_04_23_13_35_39_789,0.4,0.0,79152.0,82280.0,36.03523,-31.8496,1.417936,0.1238407,0.0311905,2.56408,0.72,0.03084848,0.003630565,-0.001831878,0.08797645,0.02431869,0.1595169,1.2070699300699301
2024_04_23_13_35_39_905,0.4,0.0,79350.0,82483.0,35.96609,-31.8021,1.416357,0.1295452,0.03022473,2.562862,0.72,0.0346566,-0.05208788,-0.01863686,-0.06079673,0.3103316,0.3957171,1.2070699300699301
2024_04_23_13_35_40_020,0.4,0.0,79551.0,82696.0,35.89539,-31.75507,1.412682,0.1295218,0.02603655,2.55931,0.74,0.01001921,-0.03547949,-0.02550985,0.1630783,0.003159046,0.2248362,1.2070699300699301
2024_04_23_13_35_40_121,0.4,0.0,79725.0,82884.0,35.83369,-31.7149,1.409932,0.1264986,0.01989697,2.55458,0.71,-0.02175237,-0.07638356,-0.04728174,-0.1844764,-0.04178285,0.3699325,1.2070699300699301
2024_04_23_13_35_40_220,0.4,0.0,79896.0,83064.0,35.77369,-31.67455,1.408574,0.1253417,0.015728,2.55101,0.73,-0.01257806,-0.04486657,-0.02355499,0.1909137,0.02911687,0.1241416,1.2070699300699301
2024_04_23_13_35_40_337,0.4,0.0,80105.0,83277.0,35.70144,-31.62516,1.404532,0.1266184,0.009690602,2.547487,0.75,-0.008246664,-0.02919273,-0.01295678,-0.010252,0.2792478,0.5349535,1.2070699300699301
2024_04_23_13_35_40_454,0.4,0.0,80312.0,83486.0,35.62988,-31.57424,1.404227,0.1318627,0.0127031,2.547371,0.75,-0.0009719729,-0.03279259,0.02234606,-0.1992583,0.755012,-0.8639209,1.2070699300699301
2024_04_23_13_35_40_554,0.4,0.0,80495.0,83659.0,35.57,-31.53126,1.402804,0.1342824,0.009510536,2.54989,0.72,0.0217637,-0.01988155,0.03018472,-0.1407266,0.0005662441,-0.2168082,1.2070699300699301
2024_04_23_13_35_40_670,0.4,0.0,80707.0,83855.0,35.50222,-31.48284,1.402569,0.1365786,0.006651,2.55322,0.7,0.01341645,-0.04271344,0.04339161,-0.6931424,-0.1403987,0.497207,1.2070699300699301
2024_04_23_13_35_40_771,0.4,0.0,80891.0,84021.0,35.44483,-31.44224,1.402055,0.1368039,0.001186218,2.556536,0.7,-0.06515794,0.003678776,0.01513187,0.5284548,0.4854798,-0.2558976,1.2070699300699301
2024_04_23_13_35_40_887,0.4,0.0,81100.0,84215.0,35.37562,-31.39563,1.403584,0.1265822,0.003343406,2.559118,0.74,-0.1178628,-0.08065773,0.05586701,0.5735159,0.2096593,-0.141453,1.2070699300699301
2024_04_23_13_35_41_004,0.4,0.0,81325.0,84439.0,35.29908,-31.34217,1.402948,0.1251467,6.276886,2.56754,0.82,0.02271102,-0.0927867,0.09527034,0.3778338,-0.09998678,-0.2354309,1.2070699300699301
2024_04_23_13_35_41_104,0.4,0.0,81527.0,84641.0,35.2298,-31.29391,1.401381,0.1268751,6.268899,2.575824,0.85,0.005338654,-0.06034892,0.09080748,0.2644658,0.04523992,-0.06680936,1.2070699300699301
2024_04_23_13_35_41_204,0.4,0.0,81732.0,84848.0,35.15795,-31.24448,1.399877,0.1350942,6.266027,2.584716,0.88,0.1538096,0.05064474,0.1013512,0.2501011,-0.6236434,0.040479,1.2070699300699301
2024_04_23_13_35_41_320,0.4,0.0,81957.0,85073.0,35.07838,-31.19136,1.401859,0.1416594,6.268079,2.587289,0.77,0.01129691,0.02160261,-0.009998808,-0.6265044,0.1314878,-0.1107007,1.2070699300699301
2024_04_23_13_35_41_438,0.4,-0.1308617,82160.0,85285.0,35.0064,-31.14489,1.404801,0.1439055,6.27333,2.579817,0.7,-0.01411869,0.002247058,-0.1618673,-0.1708269,0.6473064,0.8378289,1.2070699300699301
2024_04_23_13_35_41_548,0.4,-0.3093465,82369.0,85474.0,34.938,-31.10154,1.403151,0.1361152,6.271921,2.545722,0.71,-0.01688272,-0.03090534,-0.3965019,-0.526309,-0.8560717,12.22643,1.2070699300699301
2024_04_23_13_35_41_648,0.4,-0.4668756,82565.0,85630.0,34.88094,-31.06099,1.404119,0.1399768,6.268413,2.492453,0.69,0.11698,-0.1964976,-0.6267964,0.8056759,-0.7259547,0.06956235,1.2070699300699301
2024_04_23_13_35_41_752,0.4,-0.5235988,82790.0,85778.0,34.82301,-31.0127,1.405725,0.1480984,6.258924,2.414902,0.74,0.00961341,-0.3017645,-0.7988349,-2.91121,1.026988,5.179148,1.2070699300699301
2024_04_23_13_35_41_853,0.4,-0.5235988,83027.0,85932.0,34.7668,-30.95976,1.404685,0.1531658,6.230467,2.328104,0.73,-0.03790236,-0.4112223,-0.7990834,0.1206398,0.355184,-0.6637796,1.2070699300699301
2024_04_23_13_35_41_954,0.4,-0.5235988,83261.0,86081.0,34.71397,-30.90285,1.404541,0.1449489,6.213559,2.245867,0.76,-0.2326206,-0.2092551,-0.7906257,0.1208782,0.3091097,-0.4401058,1.2070699300699301
2024_04_23_13_35_42_071,0.4,-0.5235988,83544.0,86263.0,34.65518,-30.82987,1.401029,0.1363768,6.190905,2.146284,0.79,-0.166355,-0.2845209,-0.8266632,0.3254413,0.08505582,-0.1635738,1.2070699300699301
2024_04_23_13_35_42_188,0.4,-0.5235988,83833.0,86444.0,34.60091,-30.74914,1.399405,0.1135077,6.180503,2.045494,0.82,-0.4157887,-0.1248299,-0.8504045,0.3381967,0.7122754,-0.5156398,1.2070699300699301
2024_04_23_13_35_42_302,0.4,-0.5235988,84127.0,86626.0,34.55191,-30.66255,1.395157,0.07970415,6.174213,1.942103,0.86,-0.4112676,0.05573165,-0.8829527,0.3197193,0.3961622,0.1210123,1.2070699300699301
2024_04_23_13_35_42_412,0.4,-0.3499133,84390.0,86809.0,34.51756,-30.57402,1.402607,0.06487354,6.18573,1.864582,0.87,-0.3035946,0.09039395,-0.5783874,0.4804134,0.904262,-0.1275092,1.2070699300699301
2024_04_23_13_35_42_521,0.4,-0.1816372,84636.0,87002.0,34.48814,-30.48528,1.40636,0.03627225,6.193067,1.818339,0.8,-0.1691386,-0.076917,-0.2038675,-3.542542,-0.1174062,-0.06407127,1.2070699300699301
2024_04_23_13_35_42_638,0.4,0.0,84853.0,87181.0,34.46715,-30.40968,1.410297,0.01894466,6.18518,1.810349,0.62,-0.05152967,-0.03206343,0.02567574,0.1841783,-0.3907084,0.169408,1.2070699300699301
2024_04_23_13_35_42_739,0.4,0.0,85021.0,87337.0,34.45034,-30.34751,1.415677,6.282827,6.174569,1.814018,0.66,-0.2056453,-0.1880437,0.04555367,1.497507,-0.9918063,-3.932476,1.2070699300699301
2024_04_23_13_35_42_855,0.4,0.0,85219.0,87540.0,34.43019,-30.26678,1.421411,6.274862,6.167696,1.822924,0.74,0.008361076,-0.009733273,0.07650074,0.4680156,-0.06452203,0.01408718,1.2070699300699301
2024_04_23_13_35_42_954,0.4,0.0,85396.0,87720.0,34.41352,-30.1932,1.428863,6.282928,6.171047,1.831459,0.78,0.207357,0.1272164,0.08520445,0.3877878,-0.2730191,-0.09780935,1.2070699300699301
2024_04_23_13_35_43_071,0.4,0.0,85609.0,87933.0,34.39386,-30.10496,1.440324,0.01394591,6.184318,1.840828,0.8,0.09878907,0.1230506,0.07954968,0.1282692,-0.21106,-0.06700214,1.2070699300699301
2024_04_23_13_35_43_171,0.4,-0.02781889,85792.0,88116.0,34.37576,-30.02946,1.450352,0.02636743,6.194735,1.846471,0.75,0.1524036,0.05974752,-0.009991517,-1.124561,-0.09995698,0.1505688,1.2070699300699301
2024_04_23_13_35_43_288,0.4,-0.2100717,86000.0,88299.0,34.35682,-29.95093,1.459231,0.03503548,6.197389,1.836476,0.69,0.03286786,-0.01995132,-0.1346012,0.2587438,-0.006251037,0.2268199,1.2070699300699301
2024_04_23_13_35_43_387,0.4,-0.367179,86184.0,88448.0,34.3419,-29.8844,1.46707,0.03629676,6.194654,1.814583,0.67,-0.02568051,-0.05058897,-0.2861088,-0.3367662,-0.2134964,0.05343556,1.2070699300699301
2024_04_23_13_35_43_504,0.4,-0.5235988,86400.0,88606.0,34.32745,-29.80829,1.474075,0.03902436,6.194942,1.77172,0.66,0.006547812,-0.01891821,-0.4266779,-0.03224611,-0.01638383,-0.03817584,1.2070699300699301
2024_04_23_13_35_43_616,0.4,-0.4747789,86611.0,88754.0,34.31722,-29.73321,1.479862,0.04613341,6.206508,1.724533,0.7,0.05502178,0.1306878,-0.3926978,0.3638863,-0.03683567,-0.1091435,1.2070699300699301
2024_04_23_13_35_43_721,0.4,-0.313299,86805.0,88899.0,34.31105,-29.66144,1.485797,0.05518549,6.21929,1.69146,0.74,0.06683775,0.1036894,-0.2626649,0.4374981,0.1543239,0.01178495,1.2070699300699301
2024_04_23_13_35_43_837,0.4,-0.1305347,87031.0,89091.0,34.30551,-29.57352,1.492368,0.06310946,6.226604,1.672151,0.77,0.02678572,-0.00610315,-0.07476889,0.03254414,0.1971759,-0.2002837,1.2070699300699301
2024_04_23_13_35_43_953,0.4,0.0,87245.0,89297.0,34.29937,-29.48536,1.500029,0.0676347,6.230743,1.670993,0.73,0.03269359,0.04400877,-0.01367114,-0.7722377,0.007409602,0.01686625,1.2070699300699301
2024_04_23_13_35_44_054,0.4,-0.02695294,87413.0,89469.0,34.29333,-29.41453,1.505664,0.0724023,6.235195,1.669648,0.69,0.06284958,0.0667901,-0.04386038,-0.4100799,-0.1764707,0.03732741,1.2070699300699301
2024_04_23_13_35_44_171,0.4,-0.2105963,87607.0,89660.0,34.28707,-29.33568,1.510759,0.07846045,6.24174,1.652073,0.68,0.01412363,0.06351189,-0.2516063,0.1218319,0.1888126,-0.1568892,1.2070699300699301
2024_04_23_13_35_44_288,0.4,-0.393451,87810.0,89840.0,34.28259,-29.25796,1.514648,0.08001734,6.25107,1.609463,0.68,-0.04046304,0.01451889,-0.4799003,-0.02861023,0.2866089,-0.6944733,1.2070699300699301
2024_04_23_13_35_44_410,0.4,-0.5235988,88057.0,90012.0,34.28147,-29.17162,1.516316,0.08037101,6.257059,1.530425,0.76,0.009603016,0.009572204,-0.7515801,0.9533166,-0.1633167,-0.1896219,1.2070699300699301
2024_04_23_13_35_44_517,0.4,-0.4985996,88303.0,90173.0,34.28812,-29.08628,1.519418,0.08455909,6.265261,1.445413,0.82,0.07952596,0.01331974,-0.7735705,0.2692342,-0.1707375,-0.1432411,1.2070699300699301
2024_04_23_13_35_44_620,0.4,-0.3399985,88539.0,90342.0,34.30304,-29.00217,1.522272,0.09391531,6.269295,1.379331,0.87,0.05608401,-0.04579343,-0.563858,0.2683401,0.26685,0.008972362,1.2070699300699301
2024_04_23_13_35_44_731,0.4,-0.1604469,88802.0,90554.0,34.32475,-28.9032,1.523704,0.09084575,6.273238,1.330297,0.91,-0.11142,0.03799614,-0.3173957,0.172019,0.3325045,0.05145371,1.2070699300699301
2024_04_23_13_35_44_838,0.4,-0.16663,89031.0,90761.0,34.34626,-28.81163,1.524778,0.07974569,6.28297,1.304103,0.93,-0.09881271,0.09518602,-0.320551,0.2275705,-0.2780259,-0.01877919,1.2070699300699301
2024_04_23_13_35_44_937,0.4,-0.3241398,89268.0,90957.0,34.37006,-28.7218,1.525674,0.07024354,0.01024727,1.258925,0.94,-0.05450109,0.02802581,-0.5806749,0.01943111,-0.6950497,0.1810323,1.2070699300699301
2024_04_23_13_35_45_054,0.4,-0.1919688,89543.0,91178.0,34.40566,-28.62269,1.524524,0.06998947,0.01244771,1.207668,0.83,0.01455744,-0.01914004,-0.2356352,-1.097381,0.6898343,0.08363649,1.2070699300699301
2024_04_23_13_35_45_155,0.4,-0.03325988,89745.0,91360.0,34.43651,-28.5481,1.522439,0.07039214,0.01152281,1.196023,0.77,-0.01163281,-0.02435124,-0.0165258,-0.4174113,0.2986491,0.2524778,1.2070699300699301
2024_04_23_13_35_45_270,0.4,0.0,89964.0,91565.0,34.47012,-28.46635,1.520451,0.06847573,0.0140833,1.198495,0.75,-0.02467428,0.01694224,0.02465373,-0.2985001,0.01448393,-0.1312718,1.2070699300699301
2024_04_23_13_35_45_387,0.4,0.0,90182.0,91768.0,34.5022,-28.38455,1.518582,0.05793441,0.02011959,1.200412,0.78,-0.1260566,0.07507449,0.007797662,0.3228187,0.01691282,-0.005995854,1.2070699300699301
2024_04_23_13_35_45_487,0.4,0.0,90373.0,91945.0,34.53019,-28.31233,1.51672,0.05090952,0.02728191,1.201916,0.77,0.07199693,0.07431065,0.02641558,-0.1192689,-1.059324,2.225771,1.2070699300699301
2024_04_23_13_35_45_616,0.4,0.0,90623.0,92183.0,34.56969,-28.21867,1.517686,0.05651707,0.02846513,1.208521,0.8,0.01189832,-0.1735698,0.08481745,-0.02115965,0.1400709,-0.1371056,1.2070699300699301
2024_04_23_13_35_45_720,0.4,0.0,90825.0,92384.0,34.60274,-28.14194,1.519915,0.06489697,0.01833306,1.217277,0.81,0.08366171,-0.0542894,0.09147597,0.1959205,0.1726746,-0.5947426,1.2070699300699301
2024_04_23_13_35_45_838,0.4,0.0,91059.0,92617.0,34.64006,-28.05232,1.519938,0.07404227,0.00746377,1.227306,0.83,0.04759692,-0.09914947,0.08660473,0.09667873,0.009089708,-0.08323043,1.2070699300699301
2024_04_23_13_35_45_953,0.4,0.0,91292.0,92850.0,34.6744,-27.96162,1.517145,0.07824207,6.277974,1.230899,0.78,0.02936357,-0.1174313,-0.009533171,-0.7467865,-0.2272427,-0.3666188,1.2070699300699301
2024_04_23_13_35_46_070,0.4,0.0,91515.0,93062.0,34.7046,-27.87845,1.512026,0.07612326,6.259272,1.23249,0.71,-0.05120725,-0.165364,0.04916556,-0.5009174,-0.6249696,-0.5224757,1.2070699300699301
2024_04_23_13_35_46_187,0.4,0.02603012,91736.0,93280.0,34.73421,-27.79491,1.503903,0.07499035,6.234053,1.239217,0.8,0.145678,-0.1274007,0.1221843,1.049042,-0.2866983,-0.1296476,1.2070699300699301
2024_04_23_13_35_46_288,0.4,0.1835807,91927.0,93489.0,34.76271,-27.71649,1.500564,0.0838166,6.223793,1.256798,0.77,0.1093431,0.01599898,0.2067876,-1.608968,-0.56687,-0.07417053,1.2070699300699301
2024_04_23_13_35_46_387,0.4,0.3410483,92070.0,93680.0,34.78408,-27.65107,1.504638,0.08905504,6.224427,1.284416,0.64,-0.02878553,0.08136974,0.3184617,-0.5395412,0.2633631,0.1729391,1.2070699300699301
2024_04_23_13_35_46_498,0.4,0.2027843,92217.0,93877.0,34.80231,-27.58309,1.512064,0.08438385,6.228301,1.313951,0.62,-0.04854411,0.03251014,0.1655813,-0.1424551,-0.09202211,-0.2688449,1.2070699300699301
2024_04_23_13_35_46_611,0.4,0.02990433,92372.0,94057.0,34.81865,-27.51665,1.519779,0.07893876,6.232364,1.322626,0.64,-0.0087137,0.07567341,0.01252379,0.1686215,-0.2956092,-0.08272938,1.2070699300699301
2024_04_23_13_35_46_719,0.4,0.0,92541.0,94230.0,34.83652,-27.44764,1.525234,0.07667614,6.236525,1.321259,0.67,-0.002406373,0.00984838,-0.01526023,0.161767,-0.08843838,-0.1634089,1.2070699300699301
2024_04_23_13_35_46_835,0.4,0.1304531,92723.0,94424.0,34.85667,-27.37185,1.530058,0.07726949,6.2376,1.325825,0.68,0.02780318,-0.01603134,0.1148603,-0.1235008,0.09930133,0.1293244,1.2070699300699301
2024_04_23_13_35_46_936,0.4,0.2875651,92866.0,94604.0,34.87234,-27.30726,1.532816,0.0777707,6.236961,1.345507,0.66,0.01819158,0.01677917,0.2687076,-5.960464e-05,0.09427964,0.01575425,1.2070699300699301
2024_04_23_13_35_47_038,0.4,0.4457106,93003.0,94787.0,34.88594,-27.24241,1.536628,0.0800477,6.236042,1.377436,0.67,0.07027788,0.04390049,0.3801834,0.2374649,0.07003546,0.0337353,1.2070699300699301
2024_04_23_13_35_47_153,0.4,0.5235988,93155.0,95000.0,34.89825,-27.16623,1.542228,0.0796903,6.241621,1.426374,0.69,-0.07093453,0.1741311,0.4125223,0.2216101,0.279136,-0.3239512,1.2070699300699301
2024_04_23_13_35_47_253,0.4,0.5235988,93283.0,95178.0,34.90634,-27.104,1.546967,0.07539249,6.246974,1.484865,0.61,-0.07401937,0.08496759,0.5551378,-0.2402663,0.06471574,0.08499715,1.2070699300699301
2024_04_23_13_35_47_353,0.4,0.5235988,93425.0,95341.0,34.91021,-27.04672,1.552159,0.06891195,6.252576,1.5406,0.56,-0.009730905,0.08408073,0.5431103,-0.01192093,-0.6804764,-4.937189,1.2070699300699301
2024_04_23_13_35_47_471,0.4,0.5235988,93603.0,95528.0,34.91174,-26.98181,1.556833,0.06669461,6.255066,1.605256,0.58,-0.08780085,-0.02930732,0.5804758,1.435459,0.7635205,0.2973303,1.2070699300699301
2024_04_23_13_35_47_571,0.4,0.5235988,93730.0,95717.0,34.90823,-26.91743,1.561191,0.05445259,6.248005,1.669369,0.69,-0.08627963,-0.0120876,0.6895456,0.75531,0.02971291,0.1894142,1.2070699300699301
2024_04_23_13_35_47_689,0.4,0.5235988,93896.0,95967.0,34.89771,-26.83136,1.565337,0.04891481,6.246615,1.755203,0.78,0.02172311,0.06515003,0.7668011,0.5801916,0.1111031,0.142606,1.2070699300699301
2024_04_23_13_35_47_803,0.4,0.5235988,94070.0,96232.0,34.87992,-26.74053,1.568902,0.05363553,6.248503,1.847496,0.82,0.04435464,0.06214183,0.8149104,0.04059076,0.2205372,-0.07636473,1.2070699300699301
2024_04_23_13_35_47_903,0.4,0.5235988,94225.0,96465.0,34.85649,-26.66164,1.573054,0.05136492,6.252489,1.928892,0.84,-0.001486175,0.09078103,0.8159712,0.1419783,0.01910329,0.009018928,1.2070699300699301
2024_04_23_13_35_48_015,0.4,0.3727817,94411.0,96732.0,34.82204,-26.57145,1.576629,0.06067586,6.257317,2.011023,0.89,0.1091435,0.1652837,0.5970924,0.3207326,0.3124177,1.122907,1.2070699300699301
2024_04_23_13_35_48_121,0.4,0.2083002,94605.0,96971.0,34.78279,-26.48654,1.580622,0.06836974,6.268955,2.061283,0.92,0.1086185,0.1064839,0.3699411,0.2334714,-0.3053844,0.02879835,1.2070699300699301
2024_04_23_13_35_48_236,0.4,0.02631516,94831.0,97209.0,34.73775,-26.39858,1.584765,0.07501805,6.276297,2.084188,0.81,0.009691622,0.0007774564,0.09309206,0.202477,0.03248453,1.049869,1.2070699300699301
2024_04_23_13_35_48_338,0.4,0.0,95029.0,97404.0,34.70036,-26.32515,1.588304,0.08363338,6.275763,2.091567,0.78,-0.0111732,-0.02186533,0.04545912,-0.6923675,0.8820593,1.608945,1.2070699300699301
2024_04_23_13_35_48_454,0.4,-0.02633892,95255.0,97629.0,34.65647,-26.24236,1.591003,0.0837905,6.267419,2.100229,0.81,0.06007428,-0.01935707,0.06473011,0.1991391,-0.2468824,-0.08207559,1.2070699300699301
2024_04_23_13_35_48_572,0.4,-0.2111948,95495.0,97851.0,34.61171,-26.15689,1.590158,0.09331983,6.259479,2.091572,0.79,0.04983464,-0.149651,-0.2407013,-1.309395,0.1141429,-0.07935426,1.2070699300699301
2024_04_23_13_35_48_687,0.4,-0.3926761,95729.0,98031.0,34.57268,-26.08094,1.590528,0.09518777,6.253965,2.053216,0.68,-0.03809206,-0.1121624,-0.4078931,-0.4276633,0.2646148,-0.3769211,1.2070699300699301
2024_04_23_13_35_48_787,0.4,-0.5235988,95925.0,98162.0,34.54433,-26.02078,1.588777,0.09237067,6.247672,2.004194,0.63,-0.02213477,-0.08354459,-0.5165352,-0.295043,-0.02777576,-0.0869343,1.2070699300699301
2024_04_23_13_35_48_905,0.4,-0.5235988,96139.0,98307.0,34.51577,-25.95369,1.588433,0.08651545,6.250079,1.937837,0.61,-0.08083861,0.04531395,-0.595796,-0.5591512,0.03514439,0.1293048,1.2070699300699301
2024_04_23_13_35_49_021,0.4,-0.5235988,96334.0,98502.0,34.49291,-25.89071,1.590592,0.08392313,6.25676,1.869967,0.54,-0.03072399,-0.06010505,-0.5762676,-0.8280873,0.458315,-0.1109857,1.2070699300699301
2024_04_23_13_35_49_135,0.4,-0.5235988,96551.0,98653.0,34.47577,-25.82174,1.59237,0.09946587,6.235655,1.794422,0.65,0.07106376,-0.2442377,-0.6875398,1.06746,0.1842975,-1.939263,1.2070699300699301
2024_04_23_13_35_49_237,0.4,-0.5235988,96769.0,98795.0,34.46259,-25.75124,1.593095,0.1079257,6.214429,1.716959,0.7,0.02809152,-0.3337654,-0.770444,0.3091097,0.04386901,-0.0421144,1.2070699300699301
2024_04_23_13_35_49_353,0.4,-0.5235988,97030.0,98961.0,34.45324,-25.66633,1.594981,0.1153639,6.190289,1.623365,0.73,-0.1523849,-0.2631315,-0.7830303,0.8774399,1.225248,-1.279967,1.2070699300699301
2024_04_23_13_35_49_453,0.4,-0.5235988,97266.0,99107.0,34.44827,-25.5877,1.593485,0.102789,6.180697,1.53944,0.79,-0.2716672,-0.1308474,-0.8358644,0.5689859,0.5789399,-0.3607012,1.2070699300699301
2024_04_23_13_35_49_555,0.4,-0.5235988,97514.0,99262.0,34.44942,-25.50364,1.592084,0.08672477,6.176437,1.451625,0.83,-0.1938284,-0.1013815,-0.8720505,0.2993941,-0.2072006,-0.02714246,1.2070699300699301
2024_04_23_13_35_49_671,0.4,-0.5235988,97806.0,99446.0,34.46085,-25.40405,1.593106,0.07097165,6.177077,1.348256,0.85,-0.2243606,-0.03556947,-0.8787845,0.03635883,-0.2565682,-0.04956871,1.2070699300699301
2024_04_23_13_35_49_788,0.4,-0.5235988,98077.0,99617.0,34.48368,-25.31547,1.596654,0.06903553,6.174007,1.264176,0.64,-0.05363525,-0.07256251,-0.5180069,-2.043784,0.7919669,-0.2721548,1.2070699300699301
2024_04_23_13_35_49_904,0.4,-0.340219,98290.0,99751.0,34.50654,-25.25195,1.600944,0.06880969,6.169892,1.221087,0.54,-0.03542231,-0.05435336,-0.2554985,-0.4544854,0.1102835,-0.1970502,1.2070699300699301
2024_04_23_13_35_50_005,0.4,-0.1826648,98453.0,99876.0,34.52645,-25.19883,1.605431,0.05983324,6.161961,1.202555,0.62,-0.1376459,-0.01438815,-0.1289548,1.153588,-0.2057105,-0.1148162,1.2070699300699301
2024_04_23_13_35_50_120,0.4,-0.0007879706,98649.0,100055.0,34.55401,-25.1259,1.613077,0.04638214,6.162963,1.196616,0.72,-0.1106758,-0.002909523,0.03716703,0.5601645,0.1050383,0.3446974,1.2070699300699301
2024_04_23_13_35_50_235,0.4,0.0,98849.0,100255.0,34.58642,-25.04753,1.624648,0.05015105,6.176093,1.20389,0.77,0.06231777,0.1644742,0.05592451,0.2424121,0.1171827,0.1685142,1.2070699300699301
2024_04_23_13_35_50_337,0.4,0.0,99030.0,100433.0,34.6161,-24.97681,1.636092,0.0565176,6.193743,1.210842,0.8,0.1363233,0.2363201,0.0616611,0.3413558,-0.128895,0.1253211,1.2070699300699301
2024_04_23_13_35_50_437,0.4,0.0,99200.0,100611.0,34.64372,-24.90877,1.647466,0.06388497,6.20972,1.212476,0.7,0.09182437,0.1110606,-0.006788037,-0.8912682,-0.1575202,0.2523791,1.2070699300699301
2024_04_23_13_35_50_547,0.4,0.0,99377.0,100801.0,34.67121,-24.83838,1.656311,0.07038309,6.218111,1.211053,0.66,0.05570237,0.06772332,-0.01813571,-0.2739429,-0.07124245,0.2099015,1.2070699300699301
2024_04_23_13_35_50_654,0.4,0.0,99535.0,100970.0,34.69542,-24.77566,1.663471,0.07531526,6.223915,1.20923,0.66,0.03067244,0.03745835,-0.03034999,0.04315376,0.04599988,-0.04733353,1.2070699300699301
2024_04_23_13_35_50_754,0.4,0.0,99691.0,101132.0,34.71942,-24.71413,1.670104,0.08148581,6.230874,1.207784,0.68,0.0907291,0.09109356,-0.006821263,0.17941,-0.04610419,-0.114915,1.2070699300699301
2024_04_23_13_35_50_871,0.4,0.0,99887.0,101312.0,34.74886,-24.64251,1.674737,0.08754449,6.238309,1.21079,0.66,0.06350137,0.07254328,0.02659999,-0.4070401,-0.02844631,0.3037471,1.2070699300699301
2024_04_23_13_35_50_972,0.4,0.0,100062.0,101458.0,34.77308,-24.58337,1.679,0.09315098,6.246886,1.2136,0.65,0.009483408,0.04589841,0.03038999,1.360357,1.124009,2.870249,1.2070699300699301
2024_04_23_13_35_51_088,0.4,0.0,100266.0,101655.0,34.8033,-24.50599,1.684649,0.08699375,6.245525,1.219876,0.76,-0.08741822,-0.0136795,0.05826968,0.472188,0.3403127,-0.08051469,1.2070699300699301
2024_04_23_13_35_51_188,0.4,0.1315075,100451.0,101844.0,34.83042,-24.43321,1.689341,0.07726576,6.242409,1.232545,0.79,-0.09163495,-0.04871891,0.2163483,0.5443096,0.01312792,-1.805929,1.2070699300699301
2024_04_23_13_35_51_304,0.4,0.3136438,100657.0,102083.0,34.86133,-24.34547,1.695172,0.06897694,6.238328,1.273039,0.81,-0.01862914,-6.161071e-05,0.4732013,0.08422136,-0.347346,-4.283231,1.2070699300699301
2024_04_23_13_35_51_420,0.4,0.4967413,100848.0,102342.0,34.88886,-24.25401,1.700878,0.06618914,6.244392,1.346334,0.84,0.1246661,0.08676505,0.7703151,0.7097721,-1.046777,-0.4912093,1.2070699300699301
2024_04_23_13_35_51_535,0.4,0.5235988,101030.0,102621.0,34.91112,-24.15736,1.701463,0.08254255,6.254339,1.444938,0.87,0.1911076,0.09021147,0.7503661,-7.213532,1.489572,7.690273,1.2070699300699301
2024_04_23_13_35_51_637,0.4,0.5235988,101165.0,102840.0,34.91847,-24.08382,1.702951,0.08797806,6.253437,1.505842,0.64,-0.003890067,0.05681737,0.5136064,-1.142979,-0.4412681,0.006875954,1.2070699300699301
2024_04_23_13_35_51_753,0.4,0.5235988,101295.0,103047.0,34.92099,-24.01368,1.707067,0.08841215,6.257117,1.563247,0.61,-0.006335206,0.09338577,0.485122,-0.000655651,0.1276955,0.1712916,1.2070699300699301
2024_04_23_13_35_51_853,0.4,0.5235988,101409.0,103216.0,34.9203,-23.95408,1.710925,0.08595406,6.262461,1.614456,0.61,-0.01281333,0.1011002,0.5313609,0.1749992,0.04759431,-0.1209024,1.2070699300699301
2024_04_23_13_35_51_970,0.4,0.5235988,101543.0,103414.0,34.91634,-23.88489,1.716498,0.0839194,6.267234,1.677419,0.59,-0.006447341,0.0801513,0.5287016,-0.1189709,-0.01575053,-0.05364976,1.2070699300699301
2024_04_23_13_35_52_070,0.4,0.5235988,101658.0,103580.0,34.90991,-23.82735,1.721982,0.08186131,6.271007,1.730506,0.58,-0.02263675,0.08603796,0.520563,-0.1468658,0.004589558,-0.2058893,1.2070699300699301
2024_04_23_13_35_52_186,0.4,0.5235988,101796.0,103774.0,34.89847,-23.76101,1.726211,0.08078966,6.27332,1.793559,0.59,-0.006554104,-0.02730255,0.4986298,-0.2001524,0.2036989,0.01493096,1.2070699300699301
2024_04_23_13_35_52_287,0.4,0.5235988,101907.0,103945.0,34.88383,-23.70493,1.727799,0.07900693,6.267926,1.840749,0.57,-0.007108282,0.01464095,0.4706415,0.09840726,-0.06254017,-0.109097,1.2070699300699301
2024_04_23_13_35_52_388,0.4,0.5235988,102019.0,104112.0,34.86709,-23.64988,1.731425,0.07509901,6.267623,1.89024,0.58,-0.001725528,0.002787284,0.4706736,0.1360774,-0.1068115,-0.04466809,1.2070699300699301
2024_04_23_13_35_52_503,0.4,0.5235988,102152.0,104312.0,34.84416,-23.5855,1.731821,0.07456638,6.25964,1.951071,0.59,0.04288612,-0.02092344,0.552509,0.05507469,-0.009417534,-0.1712348,1.2070699300699301
2024_04_23_13_35_52_614,0.4,0.5235988,102278.0,104504.0,34.81813,-23.52598,1.733081,0.07105207,6.250419,2.006783,0.56,-0.07369114,-0.05322398,0.4551334,-0.3457069,-0.02247095,-0.04233606,1.2070699300699301
2024_04_23_13_35_52_721,0.4,0.3579501,102397.0,104685.0,34.79043,-23.47262,1.735309,0.0662408,6.243445,2.04642,0.57,0.005631879,-0.06435972,0.3124191,0.04541874,-0.1353621,-0.4178323,1.2070699300699301
2024_04_23_13_35_52_837,0.4,0.1751436,102540.0,104883.0,34.75817,-23.41397,1.738626,0.06354036,6.234473,2.070898,0.57,-0.009449944,-0.05089276,0.1361556,-0.1064539,-0.1000762,-0.2068262,1.2070699300699301
2024_04_23_13_35_52_954,0.4,0.0,102716.0,105074.0,34.72243,-23.34952,1.74219,0.06681605,6.220726,2.072797,0.7,-0.003309602,0.012528,-0.07361682,1.437783,0.1398623,-0.3082678,1.2070699300699301
2024_04_23_13_35_53_055,0.4,0.0,102893.0,105248.0,34.68586,-23.28433,1.745637,0.06370708,6.225909,2.065917,0.79,-0.0490227,0.03423761,-0.0732304,0.5174875,0.1192093,0.4341099,1.2070699300699301
2024_04_23_13_35_53_170,0.4,0.0,103101.0,105455.0,34.64509,-23.20711,1.749436,0.06489377,6.226184,2.065317,0.73,0.007172549,0.0090105,-0.008215513,-0.2057552,0.1029968,-0.1318231,1.2070699300699301
2024_04_23_13_35_53_271,0.4,0.0,103271.0,105627.0,34.61136,-23.14349,1.751536,0.06569006,6.225749,2.064184,0.71,0.0008768477,-0.03084185,-0.01762697,-0.0770092,0.1715124,-0.04421174,1.2070699300699301
2024_04_23_13_35_53_370,0.4,0.0,103439.0,105800.0,34.57781,-23.08115,1.754106,0.0639947,6.225433,2.061944,0.7,-0.05585985,0.009327123,-0.03637802,-0.3256201,0.07808208,-0.08468702,1.2070699300699301
2024_04_23_13_35_53_471,0.4,-0.1572645,103605.0,105964.0,34.54516,-23.02119,1.760088,0.05916905,6.23073,2.050669,0.68,-0.01090737,0.0007877294,-0.1573184,-0.2077222,-0.1861155,-0.3473703,1.2070699300699301
2024_04_23_13_35_53_587,0.4,-0.3405801,103808.0,106129.0,34.51086,-22.95201,1.766587,0.05681641,6.237054,2.020283,0.65,-0.08233741,0.05189528,-0.3672052,-0.1550317,-0.1460463,-0.05803443,1.2070699300699301
2024_04_23_13_35_53_703,0.4,-0.523246,104014.0,106271.0,34.4817,-22.88641,1.772862,0.05437163,6.242117,1.971161,0.59,-0.001113199,0.03080405,-0.4856285,-0.4975199,-0.3492161,0.456836,1.2070699300699301
2024_04_23_13_35_53_813,0.4,-0.5235988,104208.0,106392.0,34.46015,-22.82635,1.777839,0.05766383,6.245999,1.91884,0.57,0.0383117,-0.01991403,-0.4580257,0.1416802,-0.01507997,0.4145,1.2070699300699301
2024_04_23_13_35_53_921,0.4,-0.5235988,104388.0,106509.0,34.44232,-22.76802,1.779745,0.06176829,6.248653,1.86644,0.6,0.02111127,-0.01915217,-0.5072306,0.3015399,-0.1063794,-0.6328318,1.2070699300699301
2024_04_23_13_35_54_035,0.4,-0.5235988,104595.0,106641.0,34.42625,-22.70007,1.780439,0.06838678,6.248392,1.808364,0.59,0.05841044,-0.05253433,-0.4798076,-0.2696514,0.04419684,0.2579652,1.2070699300699301
2024_04_23_13_35_54_137,0.4,-0.5235988,104773.0,106756.0,34.41566,-22.64094,1.781734,0.07397303,6.247987,1.757564,0.59,0.006100799,-0.03768934,-0.5467155,0.04357099,-0.0007003545,0.1631068,1.2070699300699301
2024_04_23_13_35_54_239,0.4,-0.5235988,104952.0,106873.0,34.40658,-22.58083,1.782876,0.07450193,6.247987,1.701829,0.6,-0.02409595,0.008716105,-0.5745279,0.03260374,0.2712905,-0.06919959,1.2070699300699301
2024_04_23_13_35_54_353,0.4,-0.5235988,105152.0,107009.0,34.40062,-22.5118,1.786101,0.0785787,6.258233,1.639373,0.62,0.06561741,0.08103607,-0.5155682,0.2914071,-0.06644428,-0.007452443,1.2070699300699301
2024_04_23_13_35_54_454,0.4,-0.3653208,105333.0,107134.0,34.40059,-22.44771,1.787924,0.0886007,6.265378,1.59728,0.65,0.06018138,-0.01165066,-0.3460827,-0.03516674,0.4550069,0.0002533197,1.2070699300699301
2024_04_23_13_35_54_570,0.4,-0.182781,105545.0,107294.0,34.40274,-22.37089,1.788937,0.09753615,6.273067,1.569014,0.68,0.1025908,0.05302618,-0.1694369,-0.4073977,-0.4342571,-0.006850808,1.2070699300699301
2024_04_23_13_35_54_687,0.4,0.0,105758.0,107468.0,34.40576,-22.29348,1.791136,0.09879049,6.274595,1.561328,0.68,-0.149796,-0.1121958,0.03003818,1.171589,0.5889646,-0.1784414,1.2070699300699301
2024_04_23_13_35_54_809,0.4,0.0,105984.0,107689.0,34.40764,-22.20068,1.795855,0.08732239,6.270745,1.566487,0.78,-0.03003254,0.04530174,0.0514167,0.4685521,-0.2639917,-0.05471706,1.2070699300699301
2024_04_23_13_35_54_920,0.4,0.0,106191.0,107894.0,34.41022,-22.11339,1.798264,0.0878465,6.274834,1.57325,0.85,0.02340256,0.09262007,0.06143918,0.7026195,-0.1247097,0.03176555,1.2070699300699301
2024_04_23_13_35_55_022,0.4,0.0,106396.0,108094.0,34.41203,-22.02661,1.801062,0.08664382,-0.0006153574,1.578939,0.87,-0.07223374,0.121964,0.03935421,0.01972914,0.2251053,-0.8257981,1.2070699300699301
2024_04_23_13_35_55_137,0.4,-0.1307013,106634.0,108323.0,34.41336,-21.92636,1.801413,0.08912855,0.01033424,1.578853,0.88,0.23113,0.03565235,-0.09628941,0.1040697,-0.8147805,1.041669,1.2070699300699301
2024_04_23_13_35_55_237,0.4,-0.2882663,106835.0,108513.0,34.41338,-21.8483,1.799652,0.09065667,0.001518358,1.545491,0.69,-0.02199134,-0.1469462,-0.392519,-1.223385,0.148356,0.07492676,1.2070699300699301
2024_04_23_13_35_55_353,0.4,-0.4708333,107053.0,108699.0,34.41748,-21.7721,1.799029,0.1018606,6.263352,1.48606,0.64,0.1612723,-0.3574185,-0.615134,0.888586,-0.300929,-0.4869438,1.2070699300699301
2024_04_23_13_35_55_468,0.4,-0.5235988,107305.0,108866.0,34.4293,-21.69074,1.795657,0.1201879,6.229323,1.397395,0.71,0.09973878,-0.3941134,-0.7786555,0.5044937,0.3254115,-0.3241375,1.2070699300699301
2024_04_23_13_35_55_570,0.4,-0.4970274,107548.0,109020.0,34.44506,-21.61305,1.790835,0.1242407,6.201198,1.311287,0.77,-0.1863395,-0.3116582,-0.7929762,0.5434752,0.4714131,-0.2893806,1.2070699300699301
2024_04_23_13_35_55_687,0.4,-0.3144593,107830.0,109217.0,34.46873,-21.5177,1.783994,0.1076844,6.17688,1.230519,0.84,-0.2167119,-0.2564782,-0.5426152,0.3644228,0.310272,-0.3637001,1.2070699300699301
2024_04_23_13_35_55_786,0.4,-0.1573372,108060.0,109402.0,34.49474,-21.4339,1.784407,0.08136703,6.173453,1.188601,0.87,-0.2666276,-0.06840532,-0.3041843,0.02527237,0.1196265,-0.1261607,1.2070699300699301
2024_04_23_13_35_55_903,0.4,0.0,108294.0,109605.0,34.5274,-21.35259,1.787379,0.07402523,6.159271,1.182132,0.64,-0.03832486,-0.08695733,0.03615873,-1.137853,-0.04656613,0.02455339,1.2070699300699301
2024_04_23_13_35_56_003,0.4,0.0,108463.0,109753.0,34.54991,-21.2953,1.792059,0.06484052,6.148736,1.18434,0.63,-0.1380497,-0.1278421,0.04807141,0.9632706,-0.197649,-0.485348,1.2070699300699301
2024_04_23_13_35_56_103,0.4,0.0,108631.0,109918.0,34.5745,-21.23229,1.798755,0.05087597,6.137169,1.189059,0.69,-0.1268926,-0.1040221,0.05654595,0.4968047,-0.03097951,-0.06804708,1.2070699300699301
2024_04_23_13_35_56_221,0.4,0.0,108832.0,110119.0,34.60544,-21.15481,1.808165,0.04095622,6.133327,1.196148,0.73,-0.0390945,0.007349301,0.06312012,0.3157854,-0.03185868,0.1333822,1.2070699300699301
2024_04_23_13_35_56_335,0.4,0.0,109032.0,110320.0,34.63785,-21.07686,1.820072,0.04322204,6.140209,1.203788,0.76,0.08745117,0.1039689,0.05984091,0.1000762,0.04976987,0.1226226,1.2070699300699301
2024_04_23_13_35_56_447,0.4,0.0,109233.0,110519.0,34.67092,-20.99863,1.833271,0.05215428,6.155709,1.211477,0.78,0.1355851,0.2455647,0.06726924,0.3966689,-0.5429089,0.1808256,1.2070699300699301
2024_04_23_13_35_56_553,0.4,0.0,109416.0,110700.0,34.70177,-20.92628,1.846676,0.0670504,6.184084,1.219955,0.82,0.1724885,0.3056412,0.06585359,0.4046559,-0.03796816,0.3055474,1.2070699300699301
2024_04_23_13_35_56_653,0.4,0.0,109596.0,110881.0,34.73022,-20.85424,1.857985,0.07460899,6.205317,1.223471,0.75,0.03480263,0.1497835,-0.009219516,-0.9742975,-0.07149577,0.09184982,1.2070699300699301
2024_04_23_13_35_56_770,0.4,0.05259986,109782.0,111083.0,34.75858,-20.77882,1.868505,0.07688866,6.219119,1.223887,0.67,-0.001605403,0.07702368,0.02989792,-0.3972053,0.1622438,-0.04572235,1.2070699300699301
2024_04_23_13_35_56_886,0.4,0.2361544,109947.0,111286.0,34.78361,-20.70797,1.877011,0.07483429,6.225945,1.239034,0.62,-0.03979255,0.0404431,0.186607,-0.794053,0.2627671,0.008277595,1.2070699300699301
2024_04_23_13_35_57_007,0.4,0.4267086,110105.0,111494.0,34.80488,-20.63822,1.885188,0.07219616,6.217672,1.267172,0.59,-0.01050203,-0.09666224,0.2720554,-0.203073,0.3844946,-0.2626739,1.2070699300699301
2024_04_23_13_35_57_119,0.4,0.5235988,110241.0,111683.0,34.82214,-20.57458,1.891305,0.07460366,6.206384,1.306577,0.6,0.05441275,-0.020813,0.3990419,0.2416372,0.1250133,0.134849,1.2070699300699301
2024_04_23_13_35_57_220,0.4,0.5235988,110362.0,111858.0,34.83598,-20.51546,1.896757,0.07690943,6.201146,1.347625,0.61,0.06484145,-0.03072481,0.4150218,0.1199841,0.01075864,-0.006906688,1.2070699300699301
2024_04_23_13_35_57_321,0.4,0.5235988,110485.0,112034.0,34.84739,-20.45512,1.901531,0.07808388,6.195416,1.388257,0.61,-0.01192549,-0.07008195,0.383283,-0.09578466,0.259012,-0.1353626,1.2070699300699301
2024_04_23_13_35_57_437,0.4,0.5235988,110634.0,112237.0,34.85519,-20.38153,1.905865,0.06237549,6.196657,1.430946,0.66,-0.1046808,0.06463972,0.3846817,0.3561973,-0.17789,0.2516843,1.2070699300699301
2024_04_23_13_35_57_553,0.4,0.5235988,110786.0,112450.0,34.86049,-20.30404,1.909817,0.0498874,6.204586,1.479373,0.68,0.05123631,0.09761225,0.633373,-0.374794,-0.7110536,0.3745258,1.2070699300699301
2024_04_23_13_35_57_653,0.4,0.5235988,110915.0,112625.0,34.86453,-20.24269,1.916038,0.03888268,6.212493,1.538761,0.59,-0.150667,0.08210559,0.5498722,-0.06961823,0.1413524,-0.4852665,1.2070699300699301
2024_04_23_13_35_57_771,0.4,0.5235988,111049.0,112819.0,34.86322,-20.17585,1.922854,0.02040621,6.2172,1.602115,0.58,-0.04014413,0.1019053,0.5403532,0.05537271,-0.2579838,0.2676677,1.2070699300699301
2024_04_23_13_35_57_887,0.4,0.5235988,111210.0,113008.0,34.86048,-20.11076,1.929275,0.0210688,6.221893,1.666666,0.54,0.04482833,0.04351125,0.5392907,-0.6331205,-0.09422003,0.4433877,1.2070699300699301
2024_04_23_13_35_57_988,0.4,0.5235988,111355.0,113164.0,34.85493,-20.05732,1.935492,0.0175268,6.224089,1.720475,0.58,-0.09956504,-0.001866616,0.5714715,1.257837,0.6041378,0.1647174,1.2070699300699301
2024_04_23_13_35_58_103,0.4,0.5235988,111500.0,113384.0,34.84156,-19.98396,1.942963,0.007769506,6.222398,1.79522,0.7,0.03382921,-0.04202936,0.7059738,0.8728504,-0.3023744,-1.056839,1.2070699300699301
2024_04_23_13_35_58_205,0.4,0.4397117,111646.0,113603.0,34.82406,-19.90988,1.947091,0.01320662,6.22048,1.867696,0.78,0.1257494,0.02745775,0.6440376,0.7050633,-0.2466738,-0.2212263,1.2070699300699301
2024_04_23_13_35_58_318,0.4,0.2622838,111835.0,113846.0,34.79704,-19.82455,1.954055,0.01131843,6.214272,1.926819,0.77,-0.09592408,-0.191801,0.4094582,-0.4813075,0.1110732,-0.1035035,1.2070699300699301
2024_04_23_13_35_58_420,0.4,0.104097,112016.0,114051.0,34.76853,-19.75161,1.96047,0.0004442153,6.193446,1.955756,0.75,-0.05897938,-0.1240733,0.1792393,-0.1111627,-0.4050731,-0.7663276,1.2070699300699301
2024_04_23_13_35_58_532,0.4,0.0,112228.0,114268.0,34.73668,-19.66921,1.963986,0.001043426,6.177752,1.966722,0.77,-0.03646764,-0.1668083,0.06374047,0.04673004,0.07200241,0.07959455,1.2070699300699301
2024_04_23_13_35_58_648,0.4,0.0,112445.0,114489.0,34.70373,-19.58326,1.969376,0.009128784,6.173935,1.97559,0.8,0.1706049,0.01996361,0.07569888,0.1327395,-0.3773272,0.7997118,1.2070699300699301
2024_04_23_13_35_58_754,0.4,0.0,112640.0,114682.0,34.67456,-19.50702,1.975705,0.0159257,6.175633,1.982455,0.81,0.01241768,-0.01858033,0.05698469,-0.3021359,-0.2401471,-4.488822,1.2070699300699301
2024_04_23_13_35_58_870,0.4,0.0,112861.0,114905.0,34.63963,-19.41889,1.982351,0.02670352,6.183522,1.990238,0.84,0.09276824,0.1022096,0.06001834,0.2726316,0.0461936,0.09117275,1.2070699300699301
2024_04_23_13_35_58_970,0.4,-0.1572798,113062.0,115094.0,34.60781,-19.34182,1.987431,0.03145619,6.191016,1.986475,0.84,0.1693324,0.1727087,-0.1015255,-0.5218387,-1.82125,-0.2359059,1.2070699300699301
2024_04_23_13_35_59_070,0.4,-0.3147351,113263.0,115263.0,34.57998,-19.26636,1.997853,0.04905063,6.214267,1.967123,0.81,0.1716239,0.304872,-0.2741596,-0.1957416,-0.4958063,-0.2515083,1.2070699300699301
2024_04_23_13_35_59_184,0.4,-0.4962972,113481.0,115448.0,34.55238,-19.19065,2.007084,0.05727341,6.228971,1.911629,0.62,0.00648804,0.04552642,-0.5606533,-1.242518,0.1152456,0.1426823,1.2070699300699301
2024_04_23_13_35_59_286,0.4,-0.5235988,113644.0,115615.0,34.53551,-19.13681,2.012729,0.06155151,6.233303,1.85647,0.56,0.09341542,-0.1106313,-0.5592963,1.428783,-0.9596049,-0.4567392,1.2070699300699301
2024_04_23_13_35_59_387,0.4,-0.5235988,113835.0,115741.0,34.52077,-19.07472,2.01693,0.07457597,6.224803,1.792063,0.67,0.0256587,-0.1578355,-0.6966264,1.039028,0.4607737,-0.8648727,1.2070699300699301
2024_04_23_13_35_59_504,0.4,-0.5235988,114086.0,115903.0,34.50558,-18.99075,2.019361,0.0796658,6.220284,1.705812,0.77,-0.01629726,-0.0198848,-0.7702189,0.6603002,-0.01561642,-0.1626378,1.2070699300699301
2024_04_23_13_35_59_620,0.4,-0.5235988,114360.0,116079.0,34.49591,-18.89703,2.021488,0.07956939,6.222449,1.610241,0.82,-0.02457657,-0.06070267,-0.8399426,0.1929402,-0.1939982,0.1251139,1.2070699300699301
2024_04_23_13_35_59_736,0.4,-0.5235988,114642.0,116259.0,34.49543,-18.80019,2.023865,0.08060856,6.22343,1.511131,0.84,-0.1138594,-0.05418664,-0.8647587,0.1806021,0.2491325,-0.2127625,1.2070699300699301
2024_04_23_13_35_59_837,0.4,-0.5235988,114889.0,116417.0,34.50182,-18.71532,2.025638,0.07655256,6.225352,1.423825,0.85,-0.1808449,0.02292294,-0.8685032,0.4613399,1.228571,-0.3382936,1.2070699300699301
2024_04_23_13_35_59_953,0.4,-0.5235988,115149.0,116580.0,34.51855,-18.62867,2.030474,0.07236607,6.232718,1.346837,0.66,-0.04863403,0.0625348,-0.5385165,-1.093268,0.3061593,0.182623,1.2070699300699301
2024_04_23_13_36_00_068,0.4,-0.5235988,115364.0,116712.0,34.53812,-18.55974,2.034833,0.07425585,6.242856,1.288386,0.6,0.02527752,0.02331191,-0.4887195,-0.3397464,0.006139278,-0.1071244,1.2070699300699301
2024_04_23_13_36_00_169,0.4,-0.5235988,115545.0,116821.0,34.55769,-18.50427,2.037582,0.07744632,6.247192,1.240313,0.58,-0.008202132,-0.01730761,-0.4801955,-0.05805492,0.07429719,-0.4836824,1.2070699300699301
2024_04_23_13_36_00_286,0.4,-0.4180522,115753.0,116953.0,34.58356,-18.44054,2.040215,0.0784791,6.248125,1.187822,0.6,-0.01506409,-0.04427459,-0.3834471,0.4645586,0.1607239,0.1477636,1.2070699300699301
2024_04_23_13_36_00_401,0.4,-0.2355777,115958.0,117105.0,34.61346,-18.37395,2.041567,0.07622287,6.245942,1.152715,0.65,-0.04725504,-0.02234267,-0.2373421,0.9110569,-0.06821752,8.515948,1.2070699300699301
2024_04_23_13_36_00_503,0.4,-0.07703333,116124.0,117260.0,34.64148,-18.3136,2.045422,0.07530727,6.248328,1.136131,0.66,-0.009634625,0.01012112,-0.09514153,-0.1473427,0.207454,0.2074707,1.2070699300699301
2024_04_23_13_36_00_621,0.4,0.0,116305.0,117458.0,34.67364,-18.24361,2.04904,0.07177592,6.24995,1.132463,0.67,-0.03160203,0.0160707,-0.01551373,0.1675486,-0.014171,0.105272,1.2070699300699301
2024_04_23_13_36_00_736,0.4,0.0,116488.0,117658.0,34.7071,-18.17254,2.052256,0.07231228,6.249752,1.13096,0.68,0.04964325,-0.04445702,-0.007418798,0.1294017,-0.01570582,-0.009840353,1.2070699300699301
2024_04_23_13_36_00_852,0.4,0.104978,116678.0,117862.0,34.74231,-18.09981,2.054067,0.07824846,6.24211,1.131892,0.72,0.08096866,-0.08640886,0.06119893,0.809133,0.1522601,-0.1787469,1.2070699300699301
2024_04_23_13_36_00_953,0.4,0.2621845,116845.0,118050.0,34.77423,-18.03222,2.056934,0.08406268,6.23929,1.147071,0.76,0.01828889,0.05462794,0.2352629,0.226438,0.3540814,0.03087893,1.2070699300699301
2024_04_23_13_36_01_053,0.4,0.4195586,117005.0,118250.0,34.80372,-17.96206,2.060405,0.08487068,6.239053,1.178413,0.74,-0.03450191,0.07573914,0.3594404,-0.3684759,0.6531923,-0.1775315,1.2070699300699301
2024_04_23_13_36_01_171,0.4,0.5235988,117157.0,118472.0,34.83143,-17.88891,2.065891,0.07898616,6.239869,1.240596,0.62,-0.05117583,0.03714815,0.5370424,-0.691235,-0.0475049,0.1347978,1.2070699300699301
2024_04_23_13_36_01_286,0.4,0.5235988,117289.0,118668.0,34.85122,-17.82399,2.070861,0.06973008,6.238996,1.301476,0.58,-0.05658242,0.03296234,0.5244868,-0.1211762,-0.1275763,0.4594288,1.2070699300699301
2024_04_23_13_36_01_386,0.4,0.5235988,117402.0,118838.0,34.86527,-17.76748,2.073991,0.06565544,6.235203,1.353595,0.57,0.002586942,-0.02006341,0.5196794,-0.0810027,-0.06442517,-0.2583261,1.2070699300699301
2024_04_23_13_36_01_486,0.4,0.5235988,117514.0,119005.0,34.87648,-17.71137,2.076493,0.06242183,6.229702,1.405086,0.57,-0.02711977,-0.02932202,0.5237409,-0.000834465,0.06797165,0.1056343,1.2070699300699301
2024_04_23_13_36_01_585,0.4,0.5235988,117626.0,119172.0,34.88401,-17.6546,2.07883,0.05512317,6.223488,1.455482,0.57,-0.0412356,-0.02667894,0.5057737,-0.1956224,-0.1621023,0.2541766,1.2070699300699301
2024_04_23_13_36_01_686,0.4,0.5235988,117735.0,119338.0,34.88903,-17.59837,2.08223,0.04891694,6.218864,1.505895,0.57,-0.01430954,0.001620719,0.5040546,0.02795458,-0.1302063,-0.2734084,1.2070699300699301
2024_04_23_13_36_01_796,0.4,0.5235988,117857.0,119526.0,34.89148,-17.53473,2.086235,0.04493019,6.215174,1.561036,0.56,-0.008957803,-0.02737605,0.4683169,-0.2804995,0.05633384,-0.3402312,1.2070699300699301
2024_04_23_13_36_01_901,0.4,0.5235988,117968.0,119694.0,34.88999,-17.47754,2.088503,0.03770663,6.207778,1.610373,0.56,0.0184755,-0.004764792,0.5123725,0.3476143,-0.9790509,1.140308,1.2070699300699301
2024_04_23_13_36_02_003,0.4,0.5235988,118076.0,119859.0,34.88691,-17.42151,2.093462,0.0364656,6.206533,1.660775,0.56,0.03543214,0.004361453,0.5054063,-0.7187724,0.08159875,1.024946,1.2070699300699301
2024_04_23_13_36_02_103,0.4,0.5235988,118188.0,120023.0,34.88127,-17.36568,2.097987,0.03446503,6.203065,1.713382,0.55,-0.0009761751,-0.03429985,0.5158327,-0.0005364418,0.04221499,-0.09251106,1.2070699300699301
2024_04_23_13_36_02_219,0.4,0.5235988,118313.0,120211.0,34.87057,-17.30263,2.103613,0.03029133,6.200356,1.771098,0.56,0.01761518,0.0142855,0.5013333,0.06961823,0.02624094,0.1140777,1.2070699300699301
2024_04_23_13_36_02_319,0.4,0.5235988,118429.0,120371.0,34.85897,-17.24891,2.10887,0.0260814,6.199689,1.824266,0.54,0.006732292,-0.0008103708,0.5425821,-0.4729628,0.03290176,0.09292643,1.2070699300699301
2024_04_23_13_36_02_436,0.4,0.5235988,118572.0,120555.0,34.84259,-17.18855,2.114492,0.02204192,6.195549,1.887702,0.54,0.01961458,-0.02714645,0.5394912,0.1775026,-0.09930133,-0.2040751,1.2070699300699301
2024_04_23_13_36_02_554,0.4,0.5235988,118707.0,120743.0,34.82178,-17.12877,2.120456,0.01672146,6.188935,1.950753,0.54,-0.0008459017,-0.0755579,0.5272512,-1.409888,-0.1217127,3.033146,1.2070699300699301
2024_04_23_13_36_02_668,0.4,0.5235988,118830.0,120928.0,34.79588,-17.07168,2.125745,0.00580942,6.184186,2.005835,0.55,-0.01081314,0.001627684,0.4956516,0.4070997,-0.1064837,-0.1696609,1.2070699300699301
2024_04_23_13_36_02_771,0.4,0.5235988,118944.0,121091.0,34.77118,-17.02133,2.130221,0.00125062,6.183798,2.058727,0.56,0.02906736,0.008019621,0.5417089,0.02932548,-0.006139278,0.1763664,1.2070699300699301
2024_04_23_13_36_02_887,0.4,0.5235988,119084.0,121278.0,34.74042,-16.96529,2.13527,6.281051,6.181507,2.121845,0.55,0.02548654,-0.05339249,0.5440239,0.1283288,-0.02658367,-0.02305582,1.2070699300699301
2024_04_23_13_36_03_004,0.4,0.5235988,119228.0,121496.0,34.70045,-16.90357,2.141175,6.274584,6.172991,2.195657,0.68,0.1181087,-0.06435677,0.6900495,0.88346,-0.2980828,-0.3548301,1.2070699300699301
2024_04_23_13_36_03_103,0.4,0.5235988,119364.0,121704.0,34.65916,-16.846,2.14774,6.277744,6.169897,2.267857,0.72,0.01352305,-0.002746444,0.7125332,1.925051,0.7666051,-6.708115,1.2070699300699301
2024_04_23_13_36_03_220,0.4,0.5235988,119514.0,121935.0,34.60573,-16.78763,2.157598,6.269126,6.173835,2.3391,0.62,-0.03973956,0.01957786,0.506009,-0.749886,0.1195669,-1.096021,1.2070699300699301
2024_04_23_13_36_03_335,0.4,0.4193385,119655.0,122128.0,34.55656,-16.74137,2.166651,6.259692,6.179794,2.396717,0.58,0.01628464,0.0436904,0.3933065,0.3607869,-1.250863,-0.8150581,1.2070699300699301
2024_04_23_13_36_03_454,0.4,0.2353751,119800.0,122316.0,34.5048,-16.69532,2.174506,6.262838,6.184614,2.432783,0.61,0.09709308,0.02528628,0.238204,0.1800656,-0.1023412,0.5009845,1.2070699300699301
2024_04_23_13_36_03_569,0.4,0.05228702,119964.0,122498.0,34.45002,-16.64836,2.182072,6.268675,6.189568,2.4491,0.65,0.04180669,0.08283595,0.06579798,0.2804995,-0.08279084,-0.5803723,1.2070699300699301
2024_04_23_13_36_03_688,0.4,-0.05345749,120145.0,122677.0,34.39208,-16.59975,2.190255,6.274115,6.198151,2.449951,0.66,0.05980995,0.05530782,-0.03983906,0.1823902,-0.1067519,0.2559349,1.2070699300699301
2024_04_23_13_36_03_808,0.4,-0.2424532,120344.0,122853.0,34.33244,-16.54889,2.198349,6.279047,6.203774,2.432783,0.64,-0.02450509,0.02229016,-0.2264681,-0.4677772,-0.0102818,0.1638587,1.2070699300699301
2024_04_23_13_36_03_919,0.4,-0.4191504,120533.0,122998.0,34.28095,-16.50298,2.207853,0.0001304949,6.208931,2.39723,0.6,0.007417766,0.01378742,-0.3754981,-0.1819134,-0.1398623,0.111619,1.2070699300699301
2024_04_23_13_36_04_019,0.4,-0.2610476,120696.0,123123.0,34.23788,-16.46168,2.214074,0.0001235707,6.211401,2.36623,0.61,-0.05929426,0.02894768,-0.2413281,-0.1904964,0.4143715,3.522625,1.2070699300699301
2024_04_23_13_36_04_122,0.4,-0.1037179,120862.0,123256.0,34.19491,-16.41856,2.221699,6.282931,6.217103,2.350739,0.61,-0.05487363,0.04075999,-0.09393699,0.2555251,0.4065931,-0.6981696,1.2070699300699301
2024_04_23_13_36_04_219,0.4,0.0,121022.0,123403.0,34.15088,-16.37459,2.22682,6.277456,6.215013,2.349055,0.64,-0.06888606,-0.0437883,0.01063194,0.1193285,0.002533197,0.1733154,1.2070699300699301
2024_04_23_13_36_04_337,0.4,0.0,121202.0,123580.0,34.09858,-16.32179,2.233992,6.277117,6.217072,2.350399,0.65,0.01313915,0.01361264,0.02177286,0.02652407,0.09387731,0.02256408,1.2070699300699301
2024_04_23_13_36_04_453,0.4,0.0,121389.0,123760.0,34.04599,-16.26808,2.240398,6.278791,6.21437,2.352724,0.64,-0.001321156,-0.04027192,0.02386898,-0.09411573,0.006973743,0.07992796,1.2070699300699301
2024_04_23_13_36_04_553,0.4,0.0,121551.0,123919.0,33.99942,-16.22079,2.243408,6.282453,6.209589,2.354231,0.66,0.02531066,-0.04512686,0.01807895,0.2144575,0.1930892,0.1923032,1.2070699300699301
2024_04_23_13_36_04_671,0.4,0.0,121734.0,124110.0,33.94534,-16.16681,2.248348,0.002880475,6.203997,2.352144,0.65,0.02310715,-0.06371585,-0.02987825,-0.166595,0.01212954,0.05528703,1.2070699300699301
2024_04_23_13_36_04_769,0.4,0.0,121890.0,124273.0,33.89845,-16.12051,2.253166,0.001888181,6.206682,2.350206,0.67,-0.05912374,0.00988223,-0.02108864,-0.5716085,0.2217293,2.527511,1.2070699300699301
2024_04_23_13_36_04_886,0.4,-0.1579918,122078.0,124455.0,33.84448,-16.06653,2.259172,0.001598429,6.203146,2.34038,0.65,-0.03381084,0.02429933,-0.1880935,-0.5056262,0.4967749,-2.650525,1.2070699300699301
2024_04_23_13_36_05_003,0.4,-0.3415237,122272.0,124630.0,33.79265,-16.01327,2.264545,0.001275121,6.203164,2.304877,0.63,-0.05712324,0.02871057,-0.3841212,0.1485944,0.3807544,-0.4949961,1.2070699300699301
2024_04_23_13_36_05_103,0.4,-0.4987622,122443.0,124760.0,33.75174,-15.96742,2.270427,0.001688977,6.205802,2.25846,0.6,0.008069405,-0.0003532842,-0.4867979,-0.4429817,-0.1005828,-0.01053698,1.2070699300699301
2024_04_23_13_36_05_219,0.4,-0.5235988,122634.0,124891.0,33.71194,-15.91542,2.27736,0.008910405,6.209011,2.198981,0.56,0.04525761,0.03082159,-0.5373194,-0.08541345,-0.3453791,0.1062117,1.2070699300699301
2024_04_23_13_36_05_336,0.4,-0.5235988,122825.0,125025.0,33.67564,-15.86142,2.283594,0.01891803,6.210568,2.13599,0.56,0.04188043,-0.007689185,-0.5230176,-0.01466274,0.1186579,0.09269453,1.2070699300699301
2024_04_23_13_36_05_454,0.4,-0.3924712,123016.0,125159.0,33.64201,-15.80378,2.29024,0.02579485,6.212969,2.081413,0.59,0.0107326,0.02465071,-0.3991079,0.3149509,0.1417249,0.1303339,1.2070699300699301
2024_04_23_13_36_05_569,0.4,-0.2094786,123208.0,125312.0,33.60844,-15.74065,2.29488,0.02655545,6.212461,2.04715,0.63,-0.04925007,-0.008530274,-0.2035458,0.08594989,0.3851652,-0.05558319,1.2070699300699301
2024_04_23_13_36_05_669,0.4,-0.05234922,123366.0,125459.0,33.57956,-15.68399,2.301561,0.02522653,6.216214,2.033832,0.65,-0.02462954,0.05210461,-0.05912494,0.3841519,-0.04899501,-0.5983608,1.2070699300699301
2024_04_23_13_36_05_788,0.4,0.0,123550.0,125644.0,33.54502,-15.61486,2.308687,0.02501401,6.221131,2.032701,0.67,0.02146106,0.02073257,-0.0008163411,0.1176,-0.01949072,-0.3264881,1.2070699300699301
2024_04_23_13_36_05_904,0.4,0.0,123737.0,125827.0,33.51063,-15.54582,2.314106,0.02445954,6.222177,2.033319,0.67,-0.04937297,0.03352801,-0.003573191,-0.03504753,0.1927614,-0.1248224,1.2070699300699301
2024_04_23_13_36_06_004,0.4,0.0,123899.0,125991.0,33.47946,-15.48512,2.319922,0.02299853,6.226284,2.031726,0.68,0.001025699,0.02697616,-0.02253478,0.05513429,-0.001788139,0.1990534,1.2070699300699301
2024_04_23_13_36_06_120,0.4,0.1316095,124079.0,126178.0,33.44458,-15.41661,2.32526,0.02025174,6.228736,2.03602,0.67,-0.02792982,-0.002939085,0.1312422,-0.3117323,-0.03567338,0.3923792,1.2070699300699301
2024_04_23_13_36_06_220,0.4,0.2889498,124223.0,126352.0,33.41409,-15.35856,2.330716,0.01916411,6.22967,2.055967,0.64,-0.01980414,0.005348248,0.2542278,-0.6822943,0.246197,0.2083154,1.2070699300699301
2024_04_23_13_36_06_320,0.4,0.4464575,124350.0,126532.0,33.38324,-15.30471,2.334715,0.01682958,6.226578,2.089509,0.59,-0.03236303,-0.04980145,0.3853432,-0.680983,0.102818,0.2604239,1.2070699300699301
2024_04_23_13_36_06_435,0.4,0.5235988,124472.0,126729.0,33.34829,-15.25108,2.339221,0.01062814,6.221587,2.138812,0.55,-0.004363561,-0.002292253,0.4355998,0.4764199,-0.2664328,-0.02598204,1.2070699300699301
2024_04_23_13_36_06_536,0.4,0.5235988,124579.0,126894.0,33.31682,-15.20529,2.342799,0.01020364,6.22041,2.184252,0.57,0.04740638,-2.695248e-06,0.4809518,0.09715556,0.08168816,0.03476627,1.2070699300699301
2024_04_23_13_36_06_653,0.4,0.5235988,124711.0,127089.0,33.27723,-15.15104,2.346288,0.01216319,6.221435,2.246297,0.58,0.04571174,0.01263991,0.5570868,-0.01466274,0.01725554,-0.0451589,1.2070699300699301
2024_04_23_13_36_06_753,0.4,0.5235988,124849.0,127251.0,33.24167,-15.10759,2.350176,0.01280661,6.224509,2.302629,0.56,0.04338883,0.02965571,0.5610306,-0.1003742,-0.04079938,0.2177339,1.2070699300699301
2024_04_23_13_36_06_870,0.4,0.5235988,124995.0,127442.0,33.19703,-15.06018,2.355036,0.008700547,6.221877,2.367443,0.56,-0.004236471,-0.006498102,0.5547984,0.3435015,0.01180172,-1.694478,1.2070699300699301
2024_04_23_13_36_06_986,0.4,0.5235988,125145.0,127651.0,33.14537,-15.01256,2.359554,6.281428,6.214988,2.439546,0.65,-0.1266281,-0.09336959,0.6749346,0.7227659,0.3387332,-0.02372078,1.2070699300699301
2024_04_23_13_36_07_087,0.4,0.5235988,125279.0,127855.0,33.09058,-14.97045,2.364701,6.263755,6.207849,2.510359,0.72,-0.1161878,-0.05980387,0.734523,0.5085468,0.07236004,0.1074783,1.2070699300699301
2024_04_23_13_36_07_204,0.4,0.5235988,125442.0,128110.0,33.01812,-14.92286,2.37171,6.247777,6.206423,2.598953,0.77,0.0312054,0.01289974,0.7556402,0.8870959,-1.115203,-1.40732,1.2070699300699301
2024_04_23_13_36_07_320,0.4,0.5235988,125612.0,128374.0,32.93803,-14.87687,2.376774,6.248909,6.216939,2.691063,0.83,0.1065922,0.09494986,0.8214942,0.4073381,-0.2381801,0.08728727,1.2070699300699301
2024_04_23_13_36_07_438,0.4,0.4172613,125798.0,128652.0,32.84956,-14.83565,2.383164,6.253191,6.222751,2.782521,0.8,-0.02618508,-0.001556408,0.5431384,-2.382755,0.2541244,-0.1574866,1.2070699300699301
2024_04_23_13_36_07_546,0.4,0.2409582,125965.0,128874.0,32.77364,-14.81147,2.388968,6.247663,6.217878,2.81971,0.65,0.01103429,-0.04532406,0.2026913,-0.6585121,-0.2821535,0.2018139,1.2070699300699301
2024_04_23_13_36_07_652,0.4,0.2397142,126107.0,129054.0,32.71127,-14.7926,2.393598,6.247203,6.216568,2.836343,0.61,-0.00936234,-0.04183672,0.196955,-0.194788,-0.5678385,0.4833936,1.2070699300699301
2024_04_23_13_36_07_770,0.4,0.4233187,126258.0,129254.0,32.6424,-14.77398,2.39751,6.24003,6.211232,2.870864,0.6,-0.08139859,-0.0317555,0.3900775,-0.0783205,0.2711043,-0.07270277,1.2070699300699301
2024_04_23_13_36_07_886,0.4,0.5235988,126385.0,129457.0,32.57651,-14.76021,2.402126,6.230378,6.215084,2.921993,0.57,0.007467115,0.00423141,0.4618685,-0.2044439,-0.01384318,0.09503215,1.2070699300699301
2024_04_23_13_36_07_987,0.4,0.5235988,126490.0,129634.0,32.52044,-14.75089,2.405252,6.22765,6.218098,2.968094,0.57,0.02489436,-0.02557026,0.4327458,1.179338,-0.7312595,0.1987554,1.2070699300699301
2024_04_23_13_36_08_102,0.4,0.5235988,126630.0,129840.0,32.44962,-14.74293,2.409758,6.224622,6.220466,3.016716,0.64,0.05623256,0.02281054,0.4620789,0.7525682,-0.901401,-0.8863806,1.2070699300699301
2024_04_23_13_36_08_207,0.4,0.5235988,126762.0,130035.0,32.3811,-14.73792,2.415744,6.223742,6.230094,3.064092,0.67,-0.09773554,0.1580113,0.4218537,0.1604557,0.8317381,-0.08040666,1.2070699300699301
2024_04_23_13_36_08_320,0.4,0.5235988,126889.0,130233.0,32.31306,-14.73709,2.42328,6.212182,6.242036,3.121921,0.59,-0.008444691,-0.03657277,0.4819434,-0.7483363,-0.6820708,0.05905516,1.2070699300699301
2024_04_23_13_36_08_436,0.4,0.4955664,127015.0,130437.0,32.24649,-14.74051,2.428744,6.202857,6.246444,3.17552,0.56,-0.0576987,0.0007957593,0.4249791,-0.07522106,-0.1234785,-0.2233833,1.2070699300699301
2024_04_23_13_36_08_537,0.4,0.3375671,127131.0,130611.0,32.18875,-14.74539,2.431193,6.201211,6.244514,3.210076,0.61,0.03720996,-0.07166404,0.2483367,1.242816,-0.3409385,-0.1517218,1.2070699300699301
2024_04_23_13_36_08_652,0.4,0.1565877,127302.0,130817.0,32.11216,-14.75343,2.434466,6.206041,6.23842,3.230553,0.7,0.03997205,-0.1409478,0.09950143,1.300931,0.5894303,-3.785621,1.2070699300699301
2024_04_23_13_36_08_770,0.4,-0.0784857,127515.0,131035.0,32.02417,-14.76447,2.435117,6.202125,6.225604,3.225537,0.78,-0.04492361,-0.0694961,-0.1844598,0.4242658,-0.2597235,-0.04058331,1.2070699300699301
2024_04_23_13_36_08_885,0.4,-0.2605539,127755.0,131244.0,31.93043,-14.77452,2.436665,6.194596,6.21875,3.191814,0.78,-0.05518042,-0.07660851,-0.3170826,-1.398086,0.118427,-0.2138726,1.2070699300699301
2024_04_23_13_36_09_006,0.4,-0.4537098,127989.0,131425.0,31.8447,-14.77738,2.440584,6.200027,6.20676,3.142152,0.62,0.03551725,-0.07488638,-0.4599683,-0.5710125,0.08144229,-0.279557,1.2070699300699301
2024_04_23_13_36_09_118,0.4,-0.5235988,128180.0,131547.0,31.78076,-14.77544,2.44518,6.202131,6.19997,3.091173,0.55,-0.02365335,-0.03018881,-0.4503091,-0.3486871,0.06014108,0.2322979,1.2070699300699301
2024_04_23_13_36_09_219,0.4,-0.5235988,128347.0,131650.0,31.72771,-14.77012,2.449309,6.208993,6.192732,3.049831,0.5,0.0626198,-0.06198316,-0.3814836,-1.000166,-0.1737848,-0.06194412,1.2070699300699301
2024_04_23_13_36_09_337,0.4,-0.3902189,128533.0,131763.0,31.67259,-14.76155,2.454383,6.215168,6.180459,3.013757,0.48,-0.06130374,-0.1818419,-0.2326756,1.516312,0.5082637,-0.3294795,1.2070699300699301
2024_04_23_13_36_09_451,0.4,-0.2092829,128707.0,131909.0,31.60934,-14.75137,2.459846,6.214944,6.163386,2.995591,0.6,0.07621256,-0.07641095,-0.103745,0.7727146,-0.3724768,-0.2551526,1.2070699300699301
2024_04_23_13_36_09_552,0.4,-0.05158254,128872.0,132062.0,31.54576,-14.73967,2.465395,6.21899,6.151808,2.99216,0.67,0.02718829,0.004823965,0.02858835,0.9719133,0.0912398,-0.5500466,1.2070699300699301
2024_04_23_13_36_09_652,0.4,0.0,129038.0,132231.0,31.4762,-14.72804,2.472972,6.221828,6.155987,2.998711,0.74,0.02608036,0.04368328,0.0747463,0.354588,-0.02523511,-0.07181615,1.2070699300699301
2024_04_23_13_36_09_769,0.4,0.0,129235.0,132428.0,31.3944,-14.71676,2.48131,6.219402,6.158373,3.000393,0.69,0.02337912,0.03678185,0.008921306,-0.2843738,-0.3608465,-0.02351403,1.2070699300699301
2024_04_23_13_36_09_885,0.4,0.0,129418.0,132613.0,31.31793,-14.70626,2.489699,6.219491,6.162807,3.000154,0.67,-0.01489292,0.054703,-0.01575864,-0.04267692,-0.02966076,0.1293905,1.2070699300699301
2024_04_23_13_36_09_986,0.4,-0.0524557,129573.0,132774.0,31.25283,-14.69778,2.497249,6.220751,6.170359,2.996721,0.66,0.03466828,0.09830656,-0.06836199,-0.06687641,-0.1804009,0.3743842,1.2070699300699301
2024_04_23_13_36_10_103,0.4,-0.2358077,129756.0,132950.0,31.17925,-14.68695,2.50736,6.227213,6.181961,2.976294,0.64,0.05329207,0.110692,-0.2603658,-0.6749033,0.0006854534,0.01192838,1.2070699300699301
2024_04_23_13_36_10_204,0.4,-0.3944674,129915.0,133094.0,31.11926,-14.67591,2.516962,6.235445,6.194441,2.941277,0.61,0.0338839,0.1372292,-0.4099182,-0.2767444,-0.09521096,-0.01801178,1.2070699300699301
2024_04_23_13_36_10_319,0.4,-0.5235988,130101.0,133246.0,31.05482,-14.66087,2.528958,6.248283,6.207811,2.882844,0.61,0.1649056,0.09336747,-0.5720195,0.4692077,-0.496298,0.1309998,1.2070699300699301
2024_04_23_13_36_10_419,0.4,-0.5235988,130291.0,133371.0,30.99234,-14.64221,2.537541,6.261064,6.213105,2.81821,0.71,0.01773344,0.07689374,-0.692435,0.7907748,-0.1067072,0.1405105,1.2070699300699301
2024_04_23_13_36_10_520,0.4,-0.5235988,130499.0,133508.0,30.92411,-14.61866,2.546029,6.264088,6.221267,2.745624,0.75,-0.01099771,0.1028904,-0.7414913,0.1214743,-0.1812577,0.2244674,1.2070699300699301
2024_04_23_13_36_10_636,0.4,-0.5235988,130749.0,133671.0,30.84511,-14.58318,2.555755,6.265889,6.23094,2.663189,0.69,0.05438346,-0.00649124,-0.5642534,-1.799524,-0.4816651,-0.4927292,1.2070699300699301
2024_04_23_13_36_10_752,0.4,-0.5235988,130962.0,133812.0,30.78209,-14.54644,2.560619,6.274995,6.227987,2.59788,0.59,-0.01679214,-0.0492794,-0.5599094,-0.02616644,0.6862282,-0.6851479,1.2070699300699301
2024_04_23_13_36_10_869,0.4,-0.5235988,131162.0,133945.0,30.72457,-14.50967,2.564383,6.275685,6.22331,2.534977,0.58,-0.04613163,-0.002208455,-0.5502706,0.04452467,0.3140717,0.05309097,1.2070699300699301
2024_04_23_13_36_10_985,0.4,-0.5235988,131358.0,134081.0,30.67006,-14.47094,2.568559,6.275742,6.223525,2.469994,0.58,-0.03716914,0.02295634,-0.5653957,-0.06878376,0.07149577,0.03135018,1.2070699300699301
2024_04_23_13_36_11_086,0.4,-0.4176688,131527.0,134199.0,30.62409,-14.43377,2.573328,6.273876,6.225601,2.418751,0.6,-0.04422306,0.01280748,-0.4176736,0.05900859,0.1598596,-0.04224293,1.2070699300699301
2024_04_23_13_36_11_204,0.4,-0.2330652,131719.0,134364.0,30.57081,-14.38552,2.577192,6.276788,6.224154,2.377112,0.63,0.004586362,0.007235176,-0.2787707,0.05990266,0.09179115,0.08234567,1.2070699300699301
2024_04_23_13_36_11_319,0.4,-0.05167681,131905.0,134549.0,30.5178,-14.33571,2.581493,6.277347,6.215952,2.353456,0.65,-0.02847939,-0.0772647,-0.1410788,1.150489,0.3063679,-0.02933852,1.2070699300699301
2024_04_23_13_36_11_420,0.4,0.0,132074.0,134716.0,30.46797,-14.28657,2.587097,6.282319,6.214579,2.345363,0.75,0.01017348,0.08477134,-0.07069635,0.7977485,0.2957284,-0.1404993,1.2070699300699301
2024_04_23_13_36_11_536,0.4,0.05422937,132287.0,134930.0,30.40483,-14.22267,2.593771,0.006228068,6.215847,2.338663,0.79,0.01799765,0.0002976339,-0.01476031,-0.8252859,0.8639991,4.89234,1.2070699300699301
2024_04_23_13_36_11_652,0.4,0.2365927,132493.0,135155.0,30.34037,-14.1595,2.600368,0.002792591,6.214331,2.348621,0.77,-0.106512,-0.002123568,0.1705972,-0.109911,0.3494322,-0.1737531,1.2070699300699301
2024_04_23_13_36_11_768,0.4,0.4194837,132680.0,135387.0,30.27539,-14.1005,2.6055,6.276782,6.213286,2.38075,0.73,-0.05096481,0.02685036,0.3608221,-0.4360676,0.3810823,-0.1275931,1.2070699300699301
2024_04_23_13_36_11_869,0.4,0.5235988,132822.0,135586.0,30.22053,-14.05544,2.610488,6.267248,6.212717,2.423415,0.68,-0.05881658,-0.02547025,0.4403518,-0.3895759,-0.09027123,-0.02140552,1.2070699300699301
2024_04_23_13_36_11_985,0.4,0.5235988,132965.0,135797.0,30.16432,-14.0103,2.616097,6.259492,6.211435,2.488858,0.57,-0.08620018,0.0184215,0.559669,-0.6462931,0.02548098,0.09217485,1.2070699300699301
2024_04_23_13_36_12_096,0.4,0.5235988,133111.0,135981.0,30.11336,-13.9743,2.620331,6.248298,6.209681,2.551905,0.55,-0.0125147,-0.1303904,0.5630428,0.4777908,0.1080334,-0.02354663,1.2070699300699301
2024_04_23_13_36_12_199,0.4,0.5235988,133229.0,136152.0,30.06488,-13.94311,2.621914,6.244318,6.203574,2.60954,0.57,0.002749465,-0.04977821,0.5695471,0.1870394,-0.008717179,-0.1692939,1.2070699300699301
2024_04_23_13_36_12_302,0.4,0.4711153,133363.0,136323.0,30.01374,-13.91415,2.62549,6.240788,6.203779,2.667284,0.57,-0.009143863,-0.01641737,0.5156515,0.1919865,0.2316683,0.2993792,1.2070699300699301
2024_04_23_13_36_12_404,0.4,0.3091865,133501.0,136510.0,29.95302,-13.8851,2.631219,6.233486,6.20427,2.715635,0.72,0.01888543,-0.004032642,0.4342332,0.9280443,-0.2019107,-0.1740977,1.2070699300699301
2024_04_23_13_36_12_514,0.4,0.1332336,133688.0,136735.0,29.87407,-13.8514,2.635536,6.223958,6.198813,2.754971,0.8,0.08684504,0.0947996,0.2525527,0.5345941,-1.099825,-0.1839548,1.2070699300699301
2024_04_23_13_36_12_615,0.4,0.0,133873.0,136929.0,29.7996,-13.82062,2.643967,6.225819,6.207537,2.768538,0.81,-0.005765822,0.01443407,0.07756921,-1.912236,0.8605718,-11.67109,1.2070699300699301
2024_04_23_13_36_12_731,0.4,-0.106785,134092.0,137148.0,29.71412,-13.78591,2.651686,6.229234,6.208079,2.77049,0.75,0.008036224,0.0181488,-0.1465237,-1.531124,-0.02324581,0.1161545,1.2070699300699301
2024_04_23_13_36_12_836,0.4,-0.2669743,134272.0,137315.0,29.64807,-13.75988,2.657675,6.23329,6.207534,2.746422,0.66,0.008938946,0.06558187,-0.3069696,-0.4677772,0.04673004,0.339495,1.2070699300699301
2024_04_23_13_36_12_936,0.4,-0.4245519,134442.0,137457.0,29.59024,-13.7351,2.663902,6.23873,6.208056,2.70609,0.61,0.02669262,-0.01387518,-0.4711603,-0.4931688,-0.0590235,0.03996491,1.2070699300699301
2024_04_23_13_36_13_053,0.4,-0.5235988,134640.0,137606.0,29.52935,-13.70491,2.669427,6.248636,6.202014,2.641305,0.56,0.0426991,-0.03624316,-0.5674579,0.592649,0.1583397,-4.191566,1.2070699300699301
2024_04_23_13_36_13_168,0.4,-0.5235988,134832.0,137739.0,29.47309,-13.67244,2.67364,6.257347,6.192731,2.577135,0.55,0.04114025,-0.0319641,-0.5486557,-0.05674362,0.04954636,-0.1566969,1.2070699300699301
2024_04_23_13_36_13_268,0.4,-0.4695835,134997.0,137850.0,29.42712,-13.64154,2.678579,6.264495,6.186575,2.526803,0.55,-0.01367902,-0.04443266,-0.429866,0.1066923,0.2533644,-0.08473172,1.2070699300699301
2024_04_23_13_36_13_400,0.4,-0.2611717,135207.0,138009.0,29.3667,-13.59625,2.683155,6.270596,6.176993,2.483501,0.59,0.04045763,-0.05021071,-0.2511558,0.2883077,-0.4778206,0.6659887,1.2070699300699301
2024_04_23_13_36_13_519,0.4,-0.07808325,135392.0,138170.0,29.31066,-13.55222,2.689997,6.270217,6.173936,2.464386,0.62,-0.05260839,-0.01126632,-0.08225243,-0.02235174,0.1621842,-0.07102638,1.2070699300699301
2024_04_23_13_36_13_636,0.4,0.1062274,135571.0,138350.0,29.25284,-13.5066,2.69541,6.266479,6.166676,2.466356,0.63,-0.004670203,-0.07686457,0.09411135,-0.04810094,0.1430809,0.04145503,1.2070699300699301
2024_04_23_13_36_13_736,0.4,0.2634555,135735.0,138497.0,29.20714,-13.47003,2.701876,6.268293,6.170024,2.485418,0.52,0.06883918,0.09141519,0.2421812,-1.17594,0.05608797,0.06786548,1.2070699300699301
2024_04_23_13_36_13_838,0.4,0.4215109,135878.0,138645.0,29.16437,-13.43751,2.708014,6.264078,6.168597,2.520926,0.61,-0.003303979,-0.01347489,0.4727437,1.680255,-0.171721,-0.4198029,1.2070699300699301
2024_04_23_13_36_13_952,0.4,0.5235988,136028.0,138864.0,29.10165,-13.39526,2.717663,6.251153,6.171321,2.592806,0.69,-0.1019181,-0.03049497,0.6814576,0.4580617,0.2707094,-0.05336105,1.2070699300699301
2024_04_23_13_36_14_052,0.4,0.5235988,136159.0,139067.0,29.03907,-13.3601,2.725199,6.240084,6.189266,2.659943,0.79,-0.04482499,0.2342108,0.6898965,0.6386637,0.1556277,0.2427921,1.2070699300699301
2024_04_23_13_36_14_152,0.4,0.5235988,136307.0,139286.0,28.96992,-13.32588,2.735381,6.237236,6.200298,2.731455,0.78,0.06184813,0.06783744,0.7114574,0.1320243,-0.07477403,0.03780425,1.2070699300699301
2024_04_23_13_36_14_252,0.4,0.5235988,136451.0,139501.0,28.89865,-13.29722,2.745211,6.23123,6.222205,2.80067,0.81,-0.04927076,0.3719439,0.6817707,0.7905363,-0.3144145,0.04741922,1.2070699300699301
2024_04_23_13_36_14_352,0.4,0.5235988,136563.0,139703.0,28.83578,-13.28023,2.754562,6.21536,6.244136,2.857275,0.59,-0.03162371,0.06030396,0.5002295,-0.5419254,-0.7976889,-0.06274506,1.2070699300699301
2024_04_23_13_36_14_470,0.4,0.5235988,136682.0,139919.0,28.77452,-13.26558,2.758509,6.22104,6.242771,2.909958,0.47,0.2044437,-0.1664766,0.346511,-0.829637,-0.8855238,-0.2029054,1.2070699300699301
2024_04_23_13_36_14_594,0.4,0.5235988,136823.0,140157.0,28.70782,-13.25045,2.758918,6.247973,6.218197,2.962066,0.57,0.2488637,-0.1932214,0.4432809,0.5627275,0.06647408,-0.0442788,1.2070699300699301
2024_04_23_13_36_14_703,0.4,0.5235988,136950.0,140344.0,28.64474,-13.24065,2.76205,6.259432,6.210255,3.007995,0.61,0.01702003,0.01267544,0.4180002,0.4314184,0.2735257,0.1181886,1.2070699300699301
2024_04_23_13_36_14_806,0.4,0.5235988,137075.0,140526.0,28.5805,-13.23595,2.76697,6.257079,6.218853,3.051529,0.66,-0.003506775,0.09539696,0.4418985,0.2554655,0.1185983,0.007309019,1.2070699300699301
2024_04_23_13_36_14_919,0.4,0.5235988,137219.0,140739.0,28.50581,-13.23473,2.77236,6.251491,6.226105,3.102237,0.67,-0.06584559,0.05824412,0.4399409,-0.002026558,0.3720969,-0.4494525,1.2070699300699301
2024_04_23_13_36_15_020,0.4,0.5235988,137349.0,140930.0,28.43884,-13.23786,2.777453,6.241303,6.232399,3.146964,0.67,-0.07790393,0.02994137,0.446657,0.1900792,-0.08913874,0.1862682,1.2070699300699301
2024_04_23_13_36_15_137,0.4,0.5235988,137506.0,141156.0,28.35974,-13.24567,2.778099,6.226018,6.232288,3.198308,0.69,-0.142253,-0.01243672,0.4441187,0.3115535,0.08812546,0.05755201,1.2070699300699301
2024_04_23_13_36_15_253,0.4,0.5235988,137673.0,141391.0,28.27678,-13.25813,2.775271,6.208094,6.231988,3.251431,0.73,-0.1665891,-0.01975011,0.4528014,0.4461407,0.1369268,0.0288561,1.2070699300699301
2024_04_23_13_36_15_354,0.4,0.5235988,137815.0,141595.0,28.20496,-13.27354,2.775752,6.189727,6.241243,3.296716,0.74,-0.1825567,0.06998017,0.4623479,0.01388788,0.07195771,-0.01742132,1.2070699300699301
2024_04_23_13_36_15_470,0.4,0.5235988,137975.0,141835.0,28.12358,-13.29404,2.777666,6.179721,6.249403,3.355772,0.68,-0.0198536,-0.03639522,0.554047,-0.9176731,-0.1259446,0.2294108,1.2070699300699301
2024_04_23_13_36_15_594,0.4,0.5235988,138130.0,142079.0,28.04454,-13.31729,2.778729,6.172055,6.252726,3.425504,0.63,-0.01555279,0.006735817,0.5194575,-0.253737,-0.08979439,0.06360561,1.2070699300699301
2024_04_23_13_36_15_701,0.4,0.5235988,138252.0,142272.0,27.98322,-13.33964,2.781618,6.16815,6.260297,3.479305,0.61,-0.03218443,0.02150405,0.510633,-0.1203418,0.04656613,-0.3000461,1.2070699300699301
2024_04_23_13_36_15_804,0.4,0.5235988,138371.0,142459.0,27.92484,-13.36459,2.784259,6.164047,6.26861,3.532075,0.61,-0.01668654,0.007614486,0.5109057,0.1545548,-0.121668,-0.01015887,1.2070699300699301
2024_04_23_13_36_15_920,0.4,0.5235988,138501.0,142666.0,27.86249,-13.39522,2.785869,6.161635,6.276176,3.589239,0.61,-0.0262193,-0.006496355,0.5063947,-0.2284646,0.05027651,0.5426593,1.2070699300699301
2024_04_23_13_36_16_037,0.4,0.5235988,138636.0,142885.0,27.79947,-13.43056,2.785811,6.161289,6.281316,3.648467,0.62,0.002387222,-0.04914725,0.5133778,-0.0005364418,-0.01357496,-0.1597907,1.2070699300699301
2024_04_23_13_36_16_151,0.4,0.5235988,138773.0,143102.0,27.73798,-13.46964,2.784287,6.160478,0.001094938,3.70894,0.63,-0.01159978,-0.03066125,0.5305524,-0.01978874,0.05286932,-0.1035314,1.2070699300699301
2024_04_23_13_36_16_268,0.4,0.5235988,138912.0,143321.0,27.67831,-13.51305,2.782839,6.158723,0.004549642,3.77058,0.63,-0.01895154,-0.03522205,0.528841,-0.03802776,-0.1116544,0.2319831,1.2070699300699301
2024_04_23_13_36_16_369,0.4,0.5235988,139032.0,143510.0,27.62878,-13.55375,2.782012,6.157427,0.009603139,3.823694,0.64,0.002569392,0.02918549,0.549661,0.3877878,-0.03173947,-0.1490936,1.2070699300699301
2024_04_23_13_36_16_485,0.4,0.5235988,139174.0,143729.0,27.5726,-13.60464,2.780615,6.158191,0.02155692,3.888648,0.67,-0.02492248,0.02106871,0.563077,-0.03659725,0.1923144,0.33121,1.2070699300699301
2024_04_23_13_36_16_585,0.4,0.5235988,139296.0,143923.0,27.52699,-13.6527,2.779343,6.156062,0.03251509,3.941975,0.67,-0.0543994,0.05843423,0.5335663,-0.2313852,0.08626281,0.2176277,1.2070699300699301
2024_04_23_13_36_16_702,0.4,0.5235988,139444.0,144150.0,27.47642,-13.71177,2.778067,6.158067,0.04559262,4.007976,0.65,0.07589207,-0.03074571,0.6491102,-0.6635188,-0.1729131,0.109341,1.2070699300699301
2024_04_23_13_36_16_816,0.4,0.5235988,139589.0,144368.0,27.43137,-13.77085,2.775845,6.160859,0.04966735,4.078059,0.65,0.002074204,-0.02241329,0.6195974,0.3147721,-0.001743436,0.1765583,1.2070699300699301
2024_04_23_13_36_16_919,0.4,0.5235988,139716.0,144563.0,27.39512,-13.82556,2.77312,6.163663,0.04644652,4.142475,0.62,0.001808241,-0.1316362,0.620653,-0.03457069,-0.02923608,-0.3642458,1.2070699300699301
2024_04_23_13_36_17_019,0.4,0.4976918,139838.0,144752.0,27.36408,-13.8801,2.769959,6.165082,0.03971668,4.202496,0.61,-0.0249207,-0.1362175,0.5258226,0.1357794,-0.1862645,-0.1411177,1.2070699300699301
2024_04_23_13_36_17_135,0.4,0.3151174,139994.0,144966.0,27.33033,-13.94706,2.765663,6.16925,0.03122079,4.256146,0.67,0.04598979,-0.1162277,0.388403,0.3765225,-0.1538247,-0.05589425,1.2070699300699301
2024_04_23_13_36_17_236,0.4,0.1573675,140149.0,145150.0,27.30112,-14.01066,2.761859,6.173466,0.02600062,4.283268,0.71,0.06732796,-0.1188769,0.1723037,0.06341934,-0.3133267,0.09838677,1.2070699300699301
2024_04_23_13_36_17_336,0.4,0.0,140321.0,145336.0,27.2713,-14.07756,2.756777,6.179353,0.01548359,4.291519,0.73,0.02455806,-0.1062632,0.006363351,0.528872,-0.1134276,-0.3597103,1.2070699300699301
2024_04_23_13_36_17_453,0.4,0.0,140535.0,145544.0,27.23538,-14.15712,2.749535,6.182029,0.005063376,4.294446,0.74,0.1069132,-0.1699142,0.001368355,-0.8684992,-1.752257,0.05210563,1.2070699300699301
2024_04_23_13_36_17_568,0.4,0.0,140751.0,145733.0,27.20191,-14.22827,2.743906,6.177608,6.262145,4.296261,0.65,-0.2356783,-0.390251,-0.0139131,0.8211731,0.6192476,-0.1183301,1.2070699300699301
2024_04_23_13_36_17_685,0.4,-0.1833029,140963.0,145927.0,27.16954,-14.30409,2.744591,6.166091,6.238523,4.287588,0.72,-0.03161035,-0.05110151,-0.18171,0.4822015,-0.079602,-1.091093,1.2070699300699301
2024_04_23_13_36_17_806,0.4,-0.3713778,141187.0,146113.0,27.13186,-14.38332,2.749374,6.16742,6.245305,4.255494,0.77,0.1022567,0.2401606,-0.3106745,0.3812313,-0.783801,-0.1231804,1.2070699300699301
2024_04_23_13_36_17_918,0.4,-0.5235988,141414.0,146279.0,27.09003,-14.45871,2.752927,6.176843,6.268447,4.204807,0.79,0.01169264,0.2795736,-0.4945021,0.2452135,-0.3213584,0.1013204,1.2070699300699301
2024_04_23_13_36_18_030,0.4,-0.5235988,141648.0,146442.0,27.04307,-14.53348,2.754877,6.181613,0.01333687,4.144145,0.81,0.009517014,0.2623065,-0.5237658,0.2057552,0.3226101,0.4701465,1.2070699300699301
2024_04_23_13_36_18_136,0.4,-0.5235988,141865.0,146593.0,26.9961,-14.59981,2.756416,6.183074,0.03632034,4.08853,0.81,0.0321632,0.2774928,-0.5128736,0.07498264,0.01177192,0.5056486,1.2070699300699301
2024_04_23_13_36_18_253,0.4,-0.3656881,142110.0,146773.0,26.93769,-14.67239,2.75717,6.189236,0.05842116,4.035331,0.84,0.1971623,0.2937523,-0.331366,0.2044439,-0.3702938,0.1708884,1.2070699300699301
2024_04_23_13_36_18_353,0.4,-0.2078169,142324.0,146948.0,26.88094,-14.73569,2.759201,6.205477,0.07725103,4.00806,0.85,0.1292344,0.08909155,-0.2611247,-10.93066,-1.014501,9.838249,1.2070699300699301
2024_04_23_13_36_18_469,0.4,-0.02592032,142553.0,147159.0,26.8208,-14.8039,2.757625,6.216874,0.06911235,3.992843,0.73,0.1283578,-0.1692505,0.01730298,-0.6948709,0.1102984,-0.5986392,1.2070699300699301
2024_04_23_13_36_18_588,0.4,-0.1598812,142768.0,147359.0,26.76468,-14.86559,2.756235,6.2288,0.04642077,3.989029,0.63,0.1336875,-0.2227635,-0.1140201,-0.7691383,-0.2211034,-0.1440421,1.2070699300699301
2024_04_23_13_36_18_702,0.4,-0.3404234,142976.0,147511.0,26.71864,-14.91443,2.75185,6.226022,0.01234348,3.968839,0.54,-0.1948503,-0.4078051,-0.2779454,0.8827447,0.5355775,-0.3869272,1.2070699300699301
2024_04_23_13_36_18_801,0.4,-0.5029706,143165.0,147651.0,26.67581,-14.9603,2.745314,6.208331,6.251157,3.934383,0.6,-0.1218539,-0.28113,-0.3745222,0.2105236,0.105381,-2.437446,1.2070699300699301
2024_04_23_13_36_18_920,0.4,-0.5235988,143384.0,147810.0,26.62103,-15.0111,2.735604,6.202755,6.213124,3.890559,0.65,-0.01680166,-0.2910897,-0.4124142,0.3010035,-0.08937716,-0.3111139,1.2070699300699301
2024_04_23_13_36_19_037,0.4,-0.5235988,143617.0,147984.0,26.55703,-15.06274,2.726336,6.208069,6.183348,3.845002,0.69,0.0851374,-0.1320065,-0.4054259,0.1932382,-0.06222725,-0.2540797,1.2070699300699301
2024_04_23_13_36_19_153,0.4,-0.495676,143846.0,148151.0,26.49194,-15.11155,2.725005,6.214984,6.165391,3.796741,0.65,-0.003975049,-0.1118211,-0.5803586,-1.068413,0.2196729,0.5294383,1.2070699300699301
2024_04_23_13_36_19_268,0.4,-0.3141382,144043.0,148312.0,26.43348,-15.15217,2.729548,6.227698,6.155973,3.747039,0.57,0.06471664,0.04656429,-0.2876816,-2.690255,0.5642176,12.6071,1.2070699300699301
2024_04_23_13_36_19_370,0.4,-0.1560874,144171.0,148474.0,26.39149,-15.17915,2.738649,6.238811,6.158329,3.728785,0.5,0.2352831,-0.09171667,-0.1163362,1.51813,-0.5085021,-0.4684701,1.2070699300699301
2024_04_23_13_36_19_469,0.4,0.0,144314.0,148614.0,26.34276,-15.20767,2.747851,6.262659,6.150584,3.721972,0.61,0.1728233,-0.07952762,-0.04122945,1.113355,1.018107,-0.5893484,1.2070699300699301
2024_04_23_13_36_19_579,0.4,0.0,144494.0,148793.0,26.2806,-15.24885,2.757233,6.266182,6.15117,3.716297,0.71,-0.02246363,0.06034708,-0.04751116,0.5736947,0.05584955,-0.06247684,1.2070699300699301
2024_04_23_13_36_19_684,0.4,0.0,144666.0,148967.0,26.22027,-15.28994,2.767589,6.262002,6.159813,3.711063,0.75,-0.0730547,0.1117388,-0.05342877,0.2368688,0.2197921,0.1462623,1.2070699300699301
2024_04_23_13_36_19_786,0.4,0.1309381,144840.0,149147.0,26.15874,-15.3333,2.777492,6.24911,6.171701,3.710076,0.77,-0.1620975,0.1308739,0.06550512,0.1299381,0.2565384,0.1912564,1.2070699300699301
2024_04_23_13_36_19_902,0.4,0.3138596,145029.0,149370.0,26.08817,-15.38449,2.788616,6.237235,6.185024,3.730333,0.75,-0.04585166,0.08474363,0.2684251,-0.1865029,0.1606047,-0.003006309,1.2070699300699301
2024_04_23_13_36_20_013,0.4,0.4932933,145196.0,149592.0,26.0231,-15.43514,2.798279,6.225371,6.200058,3.769767,0.72,-0.1196494,0.2063437,0.4189487,-0.03838539,0.4606247,0.1254976,1.2070699300699301
2024_04_23_13_36_20_120,0.4,0.5235988,145331.0,149791.0,25.96904,-15.48275,2.80582,6.210555,6.224275,3.815759,0.73,-0.1120112,0.2112223,0.4657607,0.04720687,0.08195638,-0.09007937,1.2070699300699301
2024_04_23_13_36_20_235,0.4,0.5235988,145486.0,150022.0,25.90936,-15.54016,2.812265,6.199262,6.248225,3.87001,0.73,-0.07649682,0.1284385,0.4818884,0.1373887,0.05930662,-0.03092736,1.2070699300699301
2024_04_23_13_36_20_336,0.4,0.5235988,145624.0,150223.0,25.85959,-15.59077,2.815741,6.193987,6.261309,3.924795,0.68,-0.04547252,0.06580722,0.5856201,0.3684163,0.554353,-2.250654,1.2070699300699301
2024_04_23_13_36_20_436,0.4,0.5235988,145747.0,150409.0,25.81588,-15.63975,2.81821,6.188459,6.275742,3.982312,0.66,-0.01758361,0.03899853,0.617395,-0.1779198,-0.03327429,0.2950467,1.2070699300699301
2024_04_23_13_36_20_536,0.4,0.5235988,145886.0,150595.0,25.77508,-15.69008,2.820095,6.186856,0.002191229,4.043779,0.63,-0.03738357,0.03831241,0.6157464,-0.1817942,0.2194941,0.05652755,1.2070699300699301
2024_04_23_13_36_20_652,0.4,0.5235988,146056.0,150805.0,25.73338,-15.74985,2.820565,6.18328,0.01021475,4.115191,0.64,-0.07593618,-0.04096751,0.6365156,1.458168,0.7120072,1.875447,1.2070699300699301
2024_04_23_13_36_20_752,0.4,0.5235988,146192.0,151018.0,25.69598,-15.8112,2.820211,6.177552,0.009410356,4.189401,0.78,0.1010481,-0.01332115,0.8072555,0.7549524,-0.6305724,1.025649,1.2070699300699301
2024_04_23_13_36_20_853,0.4,0.5235988,146344.0,151254.0,25.6561,-15.88191,2.821245,6.192012,0.01463039,4.273597,0.83,0.1810059,-0.03166804,0.8693799,0.4510283,-0.05190074,-0.09893625,1.2070699300699301
2024_04_23_13_36_20_970,0.4,0.5235988,146509.0,151513.0,25.62267,-15.96232,2.820313,6.201954,0.01177254,4.350975,0.65,0.01280854,-0.1294562,0.5427846,-0.9877681,-0.2292842,-0.3653094,1.2070699300699301
2024_04_23_13_36_21_085,0.4,0.5235988,146648.0,151737.0,25.60077,-16.03184,2.816474,6.205244,0.00366582,4.411113,0.6,0.01162244,-0.09965388,0.484287,-0.3832578,-0.08141994,0.04583876,1.2070699300699301
2024_04_23_13_36_21_193,0.4,0.4560013,146779.0,151942.0,25.58381,-16.09738,2.811573,6.208713,6.280818,4.464106,0.64,0.0385264,-0.06419919,0.4586678,0.6561875,0.078246,-0.4275404,1.2070699300699301
2024_04_23_13_36_21_302,0.4,0.2880821,146928.0,152144.0,25.56887,-16.16851,2.806803,6.209468,6.279177,4.503893,0.71,0.02197963,-0.03326681,0.3029154,0.2911091,-0.1988858,0.09273737,1.2070699300699301
2024_04_23_13_36_21_401,0.4,0.1304639,147089.0,152328.0,25.5559,-16.24003,2.804565,6.207527,6.281094,4.527808,0.74,-0.01440961,-0.007715512,0.1735322,0.002026558,-0.1748577,0.08845142,1.2070699300699301
2024_04_23_13_36_21_503,0.4,0.0,147271.0,152505.0,25.54329,-16.31356,2.804015,6.20726,0.001030993,4.535715,0.74,-0.00917121,0.1009011,0.01691406,0.2142787,0.6808489,-0.4302002,1.2070699300699301
2024_04_23_13_36_21_619,0.4,0.0,147478.0,152698.0,25.52967,-16.39754,2.806789,6.205295,0.01789284,4.535409,0.76,-0.01610903,0.2220637,-0.007145256,0.08267163,0.01785904,0.1663267,1.2070699300699301
2024_04_23_13_36_21_720,0.4,0.0,147657.0,152870.0,25.51784,-16.47235,2.812462,6.202915,0.04222033,4.533497,0.78,-0.02266476,0.2075788,0.008734458,0.1654029,0.1742393,0.1274291,1.2070699300699301
2024_04_23_13_36_21_835,0.4,0.0,147867.0,153076.0,25.50312,-16.56119,2.814801,6.203187,0.06221128,4.532855,0.79,0.04589178,0.1286762,0.003679688,0.3246665,-0.3704279,-1.64704,1.2070699300699301
2024_04_23_13_36_21_950,0.4,-0.1567516,148085.0,153282.0,25.48769,-16.65056,2.8126,6.203178,0.07218391,4.523491,0.79,-0.04071107,0.08375934,-0.170568,0.0166297,-0.1668483,-0.04938524,1.2070699300699301
2024_04_23_13_36_22_053,0.4,-0.3154772,148282.0,153453.0,25.47371,-16.72718,2.810913,6.201383,0.07913154,4.492525,0.77,0.01134697,0.0814624,-0.39667,-0.2249479,-0.0166595,-0.041157,1.2070699300699301
2024_04_23_13_36_22_169,0.4,-0.4982601,148510.0,153648.0,25.4554,-16.81003,2.809945,6.196836,0.08622018,4.4295,0.69,0.03307496,0.08442637,-0.6240591,-0.6422996,-0.2399981,-0.2407729,1.2070699300699301
2024_04_23_13_36_22_285,0.4,-0.5235988,148731.0,153821.0,25.43352,-16.88418,2.807551,6.188148,0.0831283,4.354708,0.67,-0.04936402,0.005996108,-0.6427975,0.04404783,-0.0912547,0.2743248,1.2070699300699301
2024_04_23_13_36_22_394,0.4,-0.5235988,148947.0,153973.0,25.40679,-16.95385,2.802351,6.179365,0.07347149,4.283518,0.67,-0.03932832,-0.04966792,-0.6516649,0.2226829,0.4669428,-0.3670752,1.2070699300699301
2024_04_23_13_36_22_502,0.4,-0.5235988,149152.0,154114.0,25.37695,-17.01743,2.797369,6.175122,0.06146757,4.217832,0.65,0.03705779,-0.02296545,-0.6212319,0.01978874,0.007748603,0.3713313,1.2070699300699301
2024_04_23_13_36_22_603,0.4,-0.5235988,149341.0,154245.0,25.34534,-17.07383,2.793937,6.173686,0.04990782,4.157203,0.63,-0.01600078,-0.101737,-0.5894326,-0.2377033,0.3896653,-0.0921227,1.2070699300699301
2024_04_23_13_36_22_719,0.4,-0.3935465,149556.0,154393.0,25.30491,-17.13536,2.788069,6.169018,0.02988664,4.100694,0.63,-0.02025573,-0.1312659,-0.3844131,-0.07170439,-0.06482005,0.08023902,1.2070699300699301
2024_04_23_13_36_22_835,0.4,-0.2099214,149771.0,154553.0,25.26059,-17.19568,2.783836,6.164631,0.01219016,4.070604,0.63,-0.04677856,-0.1180202,-0.1810809,0.1223683,0.1692176,-0.02065301,1.2070699300699301
2024_04_23_13_36_22_952,0.4,-0.02654241,149981.0,154729.0,25.2146,-17.25607,2.781166,6.15918,6.278131,4.065158,0.66,-0.09148568,-0.2572907,0.04915702,0.8919238,0.4881322,-6.109345,1.2070699300699301
2024_04_23_13_36_23_068,0.4,0.0,150189.0,154944.0,25.16279,-17.32506,2.777958,6.155716,6.256277,4.078722,0.78,0.01384082,-0.1572563,0.09748692,0.6901025,-0.1308918,-0.1185387,1.2070699300699301
2024_04_23_13_36_23_201,0.4,0.0,150450.0,155213.0,25.0959,-17.41403,2.776094,6.161515,6.245898,4.093323,0.85,0.0872106,-0.02773584,0.09407267,0.4338026,-0.2473295,-0.0506863,1.2070699300699301
2024_04_23_13_36_23_319,0.4,0.0,150681.0,155451.0,25.03644,-17.49424,2.775897,6.169618,6.245821,4.104239,0.88,0.06212875,0.0127183,0.09471318,0.1834631,-0.05203485,-0.02750382,1.2070699300699301
2024_04_23_13_36_23_436,0.4,0.1313038,150905.0,155679.0,24.98179,-17.57386,2.77822,6.171574,6.25365,4.112948,0.79,0.02097178,0.1129146,0.1648806,-0.4317164,0.1150668,0.3314539,1.2070699300699301
2024_04_23_13_36_23_545,0.4,0.3087966,151095.0,155895.0,24.93461,-17.64642,2.781545,6.174126,6.269961,4.142683,0.76,0.03140217,0.1093428,0.3776628,-0.3997087,0.009983777,0.01753308,1.2070699300699301
2024_04_23_13_36_23_651,0.4,0.469562,151257.0,156110.0,24.89295,-17.71501,2.784293,6.174945,0.005716962,4.19812,0.84,-0.01367223,0.1321338,0.7112429,0.8647441,0.449717,0.1031142,1.2070699300699301
2024_04_23_13_36_23_752,0.4,0.5235988,151415.0,156348.0,24.85406,-17.79106,2.787127,6.176057,0.03001382,4.276998,0.9,-0.02641958,0.2128535,0.8381065,0.4885196,0.422135,0.8253082,1.2070699300699301
2024_04_23_13_36_23_851,0.4,0.5235988,151579.0,156598.0,24.82042,-17.87523,2.789654,6.176085,0.06162608,4.359954,0.95,-0.01060513,0.2770711,0.8575682,1.019359,-0.2627075,-10.79179,1.2070699300699301
2024_04_23_13_36_23_952,0.4,0.5235988,151752.0,156863.0,24.79087,-17.96733,2.786726,6.189612,0.09755444,4.448457,1.02,0.06656501,0.2426792,0.9454617,0.808835,-0.1458675,0.2386523,1.2070699300699301
2024_04_23_13_36_24_052,0.4,0.5235988,151937.0,157143.0,24.76763,-18.06753,2.781249,6.209892,0.1339499,4.543433,1.07,0.09569582,0.252752,0.9903757,0.3652572,0.1684725,0.1178617,1.2070699300699301
2024_04_23_13_36_24_169,0.4,0.4966204,152140.0,157459.0,24.75586,-18.17771,2.77018,6.227009,0.1449195,4.641108,0.72,-0.1191306,-0.09851141,0.5792803,-4.250467,-0.823155,-0.2766587,1.2070699300699301
2024_04_23_13_36_24_285,0.4,0.3143063,152281.0,157767.0,24.75969,-18.24919,2.768484,6.211767,0.1524055,4.680682,0.55,-0.3538887,0.140891,0.1656079,-0.7125139,0.1662373,0.07218868,1.2070699300699301
2024_04_23_13_36_24_401,0.4,0.1313329,152416.0,158106.0,24.76896,-18.31223,2.772516,6.178024,0.1691749,4.68961,0.54,-0.2750291,0.1236629,0.02263556,0.1118183,-0.04792213,-0.1539439,1.2070699300699301
2024_04_23_13_36_24_502,0.4,0.0,152544.0,158400.0,24.77607,-18.3674,2.773798,6.153775,0.1772089,4.684055,0.54,-0.1886418,0.04753738,-0.08977348,0.2447963,0.1901835,-0.6689503,1.2070699300699301
2024_04_23_13_36_24_619,0.4,0.0,152703.0,158738.0,24.78268,-18.43244,2.769684,6.130472,0.1747832,4.673658,0.56,-0.1116704,-0.08021016,-0.08740756,0.06347895,-0.9950548,-0.6133616,1.2070699300699301
2024_04_23_13_36_24_721,0.4,0.0,152846.0,159033.0,24.78644,-18.48987,2.764664,6.117716,0.1655458,4.666078,0.55,-0.1392722,-0.09447304,-0.09215655,-0.010252,-0.1538917,-0.06920844,1.2070699300699301
2024_04_23_13_36_24_835,0.4,-0.07907183,153009.0,159371.0,24.79026,-18.55507,2.758646,6.100035,0.1539862,4.655404,0.56,-0.131544,-0.04152997,-0.1499176,0.05251169,-0.1577921,0.184752,1.2070699300699301
2024_04_23_13_36_24_936,0.4,-0.236285,153159.0,159662.0,24.79301,-18.61098,2.752411,6.079089,0.1385854,4.632079,0.53,-0.04918325,-0.2457193,-0.3247841,-0.9002685,-1.492985,-1.595199,1.2070699300699301
2024_04_23_13_36_25_051,0.4,-0.4179119,153339.0,160000.0,24.7888,-18.67136,2.739549,6.079619,0.1033708,4.593176,0.5,0.09934476,-0.3204448,-0.4776077,0.1980662,-0.556767,-0.5471818,1.2070699300699301
2024_04_23_13_36_25_152,0.4,-0.5235988,153508.0,160295.0,24.77805,-18.72029,2.719286,6.099063,0.0483595,4.54673,0.45,0.2872101,-0.4802181,-0.5873224,0.4106164,-0.1265705,0.3876611,1.2070699300699301
2024_04_23_13_36_25_268,0.4,-0.5235988,153711.0,160633.0,24.76109,-18.77723,2.69292,6.127734,6.259825,4.485818,0.48,0.2305964,-0.5019157,-0.6417354,0.04634261,0.09220838,-0.3430843,1.2070699300699301
2024_04_23_13_36_25_368,0.4,-0.5235988,153880.0,160910.0,24.74566,-18.82709,2.679456,6.150232,6.216496,4.431073,0.48,-0.01794249,-0.1097725,-0.4557737,1.890212,3.612712,2.669107,1.2070699300699301
2024_04_23_13_36_25_469,0.4,-0.5235988,154039.0,160998.0,24.73184,-18.87311,2.679628,6.1454,6.207795,4.390079,0.46,-0.07380476,0.001531359,-0.4073615,-2.279848,0.1236647,-0.6555728,1.2070699300699301
2024_04_23_13_36_25_592,0.4,-0.5235988,154233.0,161110.0,24.71387,-18.92826,2.681275,6.131989,6.193245,4.343259,0.52,-0.2575874,-0.07516712,-0.3433599,1.303136,-0.1149475,-0.2480112,1.2070699300699301
2024_04_23_13_36_25_702,0.4,-0.5235988,154405.0,161234.0,24.6933,-18.98588,2.684533,6.112483,6.186749,4.303649,0.62,-0.1224101,0.1140414,-0.3827234,0.5493164,-0.5900264,-0.1995563,1.2070699300699301
2024_04_23_13_36_25_818,0.4,-0.5235988,154599.0,161374.0,24.66451,-19.05197,2.693491,6.11047,6.202121,4.254355,0.66,0.02917469,0.2927392,-0.3852354,0.2941489,-0.3305077,0.1479946,1.2070699300699301
2024_04_23_13_36_25_935,0.4,-0.3397922,154800.0,161525.0,24.62829,-19.12018,2.704731,6.123106,6.231261,4.210938,0.73,0.1003816,0.3167028,-0.2671738,0.5742311,0.1442432,0.2069995,1.2070699300699301
2024_04_23_13_36_26_051,0.4,-0.1577514,155007.0,161701.0,24.58588,-19.19489,2.716353,6.134441,6.276834,4.182823,0.84,0.09046131,0.4351971,-0.1067346,0.7602572,0.07751584,0.206016,1.2070699300699301
2024_04_23_13_36_26_152,0.4,0.0,155190.0,161884.0,24.54521,-19.26598,2.725733,6.138707,0.03765791,4.171226,0.83,0.03835499,0.3989102,0.02980872,-0.2952814,-0.07542968,0.8204281,1.2070699300699301
2024_04_23_13_36_26_267,0.4,0.0,155384.0,162105.0,24.49959,-19.3438,2.734264,6.143786,0.08237135,4.170316,0.8,0.08829692,0.2774017,0.03137958,0.1453161,-1.160949,1.205943,1.2070699300699301
2024_04_23_13_36_26_368,0.4,0.0,155566.0,162283.0,24.46013,-19.41075,2.738339,6.156693,0.1040327,4.169663,0.77,0.1294605,0.1214431,0.00574882,-0.3606081,0.8380412,1.714274,1.2070699300699301
2024_04_23_13_36_26_468,0.4,0.0,155752.0,162453.0,24.42184,-19.47145,2.738394,6.171724,0.1008904,4.176258,0.6,0.1787098,-0.1355285,0.08040165,-2.106249,0.1237094,-0.1322478,1.2070699300699301
2024_04_23_13_36_26_570,0.4,0.0,156010.0,162592.0,24.39072,-19.51706,2.741437,6.190095,0.08954568,4.189742,0.47,0.04276744,-0.2284658,0.1121019,-1.00556,0.5597323,-1.114182,1.2070699300699301
2024_04_23_13_36_26_684,0.4,0.1818661,156348.0,162739.0,24.36267,-19.56199,2.739299,6.190757,0.0648139,4.213876,0.42,-0.06555322,-0.2639915,0.2731658,0.6163716,0.7985681,0.02429634,1.2070699300699301
2024_04_23_13_36_26_799,0.4,0.3630935,156605.0,162920.0,24.33526,-19.61464,2.730788,6.17864,0.02546039,4.260376,0.54,-0.07097161,-0.3617781,0.3267599,-0.3358125,0.1513064,-0.6488487,1.2070699300699301
2024_04_23_13_36_26_902,0.4,0.5225778,156732.0,163102.0,24.31277,-19.66864,2.720789,6.173038,6.276423,4.30874,0.56,0.01478532,-0.3637576,0.5314872,0.5533695,0.02211332,-0.4196949,1.2070699300699301
2024_04_23_13_36_27_018,0.4,0.5235988,156877.0,163325.0,24.2861,-19.73503,2.706278,6.180793,6.249874,4.378209,0.64,0.1335098,-0.2249253,0.615082,0.8400678,0.1030266,-0.42402,1.2070699300699301
2024_04_23_13_36_27_135,0.4,0.4185457,157041.0,163566.0,24.2608,-19.81147,2.689108,6.186089,6.22596,4.447495,0.69,-0.06635807,-0.1674551,0.4878639,0.7378458,0.6911456,-0.3674179,1.2070699300699301
2024_04_23_13_36_27_259,0.4,0.2223695,157243.0,163817.0,24.24008,-19.90129,2.678398,6.174297,6.215795,4.492672,0.71,-0.1701348,0.02428517,0.2849578,-0.5755424,0.2559274,0.4021227,1.2070699300699301
2024_04_23_13_36_27_362,0.4,0.0563028,157425.0,163998.0,24.22709,-19.97462,2.67784,6.158436,6.222153,4.509312,0.7,-0.07352883,0.289849,0.04389695,-0.7374286,1.643106,3.41461,1.2070699300699301
2024_04_23_13_36_27_479,0.4,0.0,157619.0,164173.0,24.21629,-20.0512,2.692619,6.144363,6.250345,4.502634,0.71,-0.242482,0.1542763,0.004664065,0.5877614,0.3677308,-0.09604543,1.2070699300699301
2024_04_23_13_36_27_583,0.4,0.0,157788.0,164348.0,24.20357,-20.1245,2.704164,6.145135,6.277289,4.503549,0.77,0.06476037,0.2203585,-0.008609599,-0.8815526,0.8283406,0.4423298,1.2070699300699301
2024_04_23_13_36_27_684,0.4,0.0,157953.0,164525.0,24.18991,-20.1956,2.712814,6.153653,0.01396939,4.501204,0.72,0.1257247,0.1483246,0.001341335,-0.5205274,-0.1355559,-0.191912,1.2070699300699301
2024_04_23_13_36_27_785,0.4,0.0,158109.0,164707.0,24.17598,-20.26258,2.71848,6.165408,0.025749,4.499634,0.65,0.08557869,0.07992961,-0.01261586,-1.122177,0.2598315,1.180459,1.2070699300699301
2024_04_23_13_36_27_901,0.4,0.0,158285.0,164972.0,24.16374,-20.33602,2.722234,6.162016,0.02898237,4.492376,0.6,-0.0437958,0.08151338,-0.08323143,-0.6120801,-0.3848597,-0.1144446,1.2070699300699301
2024_04_23_13_36_28_002,0.4,0.1054142,158427.0,165267.0,24.15449,-20.39422,2.721465,6.16183,0.02723403,4.487357,0.57,0.04391997,-0.04957192,0.01934773,-0.1198649,-0.06466359,-0.2267938,1.2070699300699301
2024_04_23_13_36_28_118,0.4,0.288308,158581.0,165517.0,24.14109,-20.46207,2.719016,6.166119,0.0251144,4.505909,0.65,0.01961827,-0.02092505,0.285399,0.608623,0.2497434,0.07081218,1.2070699300699301
2024_04_23_13_36_28_236,0.4,0.4714949,158741.0,165739.0,24.12871,-20.53993,2.714431,6.163607,0.02583219,4.551818,0.67,-0.04753348,-0.05400106,0.4815961,-0.002861023,0.05051493,-0.02329284,1.2070699300699301
2024_04_23_13_36_28_336,0.4,0.5235988,158866.0,165935.0,24.12216,-20.60561,2.711541,6.161385,0.02791062,4.606141,0.65,-0.0594593,-0.06479706,0.5356323,-0.1526475,-0.03963709,-0.03956351,1.2070699300699301
2024_04_23_13_36_28_436,0.4,0.3660394,158995.0,166131.0,24.11948,-20.67132,2.707304,6.156784,0.02583803,4.650591,0.67,-0.05903827,-0.06038554,0.361755,0.4317164,-0.2442971,0.01934543,1.2070699300699301
2024_04_23_13_36_28_551,0.4,0.1842949,159172.0,166355.0,24.1196,-20.75374,2.704257,6.149718,0.0225994,4.678973,0.76,-0.1113385,-0.06360167,0.1319,1.042604,0.3753155,-0.7032528,1.2070699300699301
2024_04_23_13_36_28_662,0.4,0.005623785,159383.0,166585.0,24.12142,-20.84449,2.702283,6.143847,0.01015646,4.684741,0.8,0.05833536,-0.1826992,-0.05645572,0.7672309,-0.4799999,-1.206156,1.2070699300699301
2024_04_23_13_36_28_768,0.4,0.0,159589.0,166794.0,24.12079,-20.93132,2.699103,6.148248,0.000604421,4.679353,0.85,0.09089111,-0.085825,-0.05682595,0.2894998,-0.1752302,0.006222631,1.2070699300699301
2024_04_23_13_36_28_869,0.4,0.0,159795.0,167002.0,24.11915,-21.01837,2.696442,6.154346,6.277489,4.674048,0.88,-0.03729758,-0.0135034,-0.07125009,0.3815293,0.5696099,-0.2221204,1.2070699300699301
2024_04_23_13_36_28_969,0.4,0.0,160006.0,167214.0,24.11864,-21.10876,2.692695,6.149107,6.278798,4.666413,0.92,-0.03206515,0.05691446,-0.05348527,0.2961159,0.2958905,2.339009,1.2070699300699301
2024_04_23_13_36_29_085,0.4,0.0,160254.0,167462.0,24.11814,-21.21563,2.692168,6.138202,0.00425606,4.656166,0.93,-0.1260661,0.07376692,-0.08374207,0.08797645,0.3664121,-0.2223607,1.2070699300699301
2024_04_23_13_36_29_202,0.4,-0.02736973,160499.0,167698.0,24.11576,-21.3187,2.690635,6.127086,0.01354551,4.651637,0.83,-0.1225546,0.1197631,-0.03704396,-1.093447,0.1159161,-0.03317324,1.2070699300699301
2024_04_23_13_36_29_318,0.4,-0.210045,160733.0,167891.0,24.11289,-21.40809,2.69254,6.116663,0.02457634,4.631955,0.74,-0.04528916,0.1051017,-0.2359499,-0.4650354,-0.325039,0.2244096,1.2070699300699301
2024_04_23_13_36_29_418,0.4,-0.3672396,160926.0,168039.0,24.107,-21.47949,2.69432,6.1168,0.02578107,4.602204,0.73,0.02928312,0.07258958,-0.3042175,0.2874136,-0.3781169,-0.1033377,1.2070699300699301
2024_04_23_13_36_29_518,0.4,-0.2100481,161117.0,168198.0,24.09732,-21.55338,2.697225,6.122277,0.03065235,4.577594,0.78,0.09211008,0.1005346,-0.166621,0.4960894,0.07919966,0.08158571,1.2070699300699301
2024_04_23_13_36_29_618,0.4,-0.05272887,161314.0,168379.0,24.08582,-21.63301,2.697924,6.125056,0.03283881,4.568777,0.83,0.07993831,0.01871605,0.01348395,0.650525,-0.5096421,-0.2080444,1.2070699300699301
2024_04_23_13_36_29_719,0.4,0.0,161518.0,168583.0,24.0734,-21.71812,2.69585,6.12656,0.03073307,4.575719,0.87,-0.01775271,-0.08308382,0.07759099,0.128746,0.05856901,0.08663162,1.2070699300699301
2024_04_23_13_36_29_835,0.4,0.0,161758.0,168827.0,24.06083,-21.81954,2.6938,6.120466,0.02461453,4.585397,0.89,0.0275484,-0.03473205,0.07829455,0.6121993,-0.9004697,-2.889348,1.2070699300699301
2024_04_23_13_36_29_952,0.4,-0.05320764,162005.0,169079.0,24.04645,-21.92512,2.688444,6.12771,0.02417498,4.593955,0.92,0.07852626,-0.0442328,0.02004368,0.05120039,-0.4994124,-0.01429208,1.2070699300699301
2024_04_23_13_36_30_068,0.4,-0.2353733,162261.0,169317.0,24.03119,-22.02949,2.684542,6.137584,0.0217308,4.582449,0.89,0.1258183,0.003074316,-0.1973604,-0.3140568,-0.6334036,-0.01532771,1.2070699300699301
2024_04_23_13_36_30_183,0.4,-0.4182795,162519.0,169530.0,24.01277,-22.12897,2.681209,6.149524,0.02394625,4.54664,0.85,0.09460348,0.1209953,-0.3852278,-0.2650023,-0.3918409,-0.0889115,1.2070699300699301
2024_04_23_13_36_30_301,0.4,-0.5235988,162775.0,169718.0,23.99066,-22.22134,2.679385,6.159371,0.02617478,4.491587,0.77,0.1056406,0.03977561,-0.4841196,-0.6107092,-0.01934171,0.04633143,1.2070699300699301
2024_04_23_13_36_30_402,0.4,-0.5235988,162974.0,169853.0,23.97307,-22.28918,2.679397,6.16572,0.02228144,4.43187,0.66,0.05761917,0.04975155,-0.6009063,-0.580132,0.04571676,0.0241287,1.2070699300699301
2024_04_23_13_36_30_519,0.4,-0.5235988,163191.0,170001.0,23.95091,-22.36113,2.67838,6.168691,0.0163973,4.362483,0.63,0.05474313,-0.01781258,-0.5685259,-0.2162456,-0.0782311,0.04160404,1.2070699300699301
2024_04_23_13_36_30_634,0.4,-0.3927275,163397.0,170144.0,23.92457,-22.42831,2.678363,6.172458,0.00840359,4.306369,0.63,0.0304327,-0.01714623,-0.4029612,0.020504,0.1434088,-0.1538657,1.2070699300699301
2024_04_23_13_36_30_735,0.4,-0.2354148,163569.0,170285.0,23.89841,-22.48772,2.678904,6.176004,0.005018389,4.273568,0.67,0.02804074,0.04129819,-0.2383759,0.4160404,0.3806352,0.04715472,1.2070699300699301
2024_04_23_13_36_30_835,0.4,-0.07828224,163739.0,170439.0,23.86934,-22.54955,2.680992,6.178326,0.00807927,4.258302,0.7,-0.003111824,0.07397971,-0.0842737,0.2545714,0.4851818,0.4019718,1.2070699300699301
2024_04_23_13_36_30_935,0.4,0.0,163908.0,170609.0,23.83926,-22.61451,2.681495,6.176916,0.01324492,4.255339,0.74,-0.02338963,0.03479777,-0.02468465,0.2382994,0.4521012,-1.144499,1.2070699300699301
2024_04_23_13_36_31_052,0.4,0.0,164111.0,170818.0,23.80319,-22.69333,2.681015,6.175837,0.01617461,4.252769,0.74,-0.0005494487,0.01709935,-0.01500039,-0.06121397,0.03394485,-1.646021,1.2070699300699301
2024_04_23_13_36_31_153,0.4,0.0,164288.0,170998.0,23.77144,-22.76133,2.680352,6.174801,0.01575315,4.251566,0.74,-0.0003755596,-0.015536,-0.005830579,-0.0937581,-0.02080202,-0.1700613,1.2070699300699301
2024_04_23_13_36_31_269,0.4,0.0,164494.0,171201.0,23.73429,-22.83876,2.679384,6.175278,0.01529341,4.25207,0.74,-0.0001733319,-0.001231326,0.006730132,0.1859665,-0.02947449,0.1538675,1.2070699300699301
2024_04_23_13_36_31_369,0.4,0.02615523,164672.0,171374.0,23.70206,-22.90534,2.680222,6.177905,0.01960617,4.252802,0.74,0.01030055,0.05346373,0.04415782,-0.1678467,0.2311766,-0.09508989,1.2070699300699301
2024_04_23_13_36_31_485,0.4,0.2099121,164877.0,171583.0,23.66491,-22.98326,2.681248,6.179824,0.02710724,4.270572,0.74,0.01856336,-0.0009791339,0.2535836,0.01722574,0.04164874,-0.05195848,1.2070699300699301
2024_04_23_13_36_31_601,0.4,0.3920646,165060.0,171808.0,23.63082,-23.06124,2.679878,6.183186,0.03112403,4.31373,0.72,0.01177541,-0.01159979,0.4969943,-0.02974272,0.3733933,-0.05946401,1.2070699300699301
2024_04_23_13_36_31_718,0.4,0.5235988,165229.0,172041.0,23.60179,-23.13803,2.676526,6.186879,0.03567988,4.385715,0.69,0.01299585,-0.02612475,0.6764135,0.1520514,0.1489371,-0.7837996,1.2070699300699301
2024_04_23_13_36_31_833,0.4,0.5235988,165396.0,172272.0,23.57986,-23.21497,2.67426,6.187495,0.04114017,4.463355,0.68,-0.03639673,-0.03400926,0.6482559,-0.1511574,-0.007286667,-0.1395252,1.2070699300699301
2024_04_23_13_36_31_944,0.4,0.5235988,165551.0,172496.0,23.56415,-23.29042,2.670026,6.193754,0.04214715,4.53722,0.68,0.04963496,-0.05779444,0.6541151,0.07367134,-0.0488311,0.09680935,1.2070699300699301
2024_04_23_13_36_32_051,0.4,0.5235988,165691.0,172705.0,23.55408,-23.36128,2.666144,6.202127,0.04276174,4.605072,0.67,0.05666512,-0.05755496,0.644385,-0.4759431,-0.2095103,0.1460053,1.2070699300699301
2024_04_23_13_36_32_161,0.4,0.4994749,165843.0,172923.0,23.5486,-23.43612,2.663434,6.209608,0.04396992,4.677003,0.67,0.01282511,-0.02346828,0.6028544,-0.238955,0.0192076,-1.135696,1.2070699300699301
2024_04_23_13_36_32_268,0.4,0.3375799,165995.0,173121.0,23.54883,-23.50822,2.660113,6.212836,0.04641144,4.728436,0.72,0.02948871,0.01185667,0.4106538,0.2843142,-0.4026442,0.5534659,1.2070699300699301
2024_04_23_13_36_32_368,0.4,0.180137,166156.0,173313.0,23.55193,-23.58205,2.656005,6.216639,0.04646482,4.758325,0.76,0.03575165,-0.02131614,0.2183468,0.3085732,-0.2299398,-0.2483474,1.2070699300699301
2024_04_23_13_36_32_469,0.4,0.02266843,166335.0,173500.0,23.55643,-23.65878,2.65187,6.218189,0.04755498,4.770868,0.78,0.02346161,0.0188174,0.03987659,0.1095533,-0.4423558,0.5575777,1.2070699300699301
2024_04_23_13_36_32_597,0.4,0.0,166577.0,173740.0,23.56275,-23.75995,2.645935,6.220716,0.04418054,4.77203,0.78,0.02318083,-0.01691648,0.01657903,-0.1487136,-0.3266893,-0.07871165,1.2070699300699301
2024_04_23_13_36_32_702,0.4,0.0,166772.0,173924.0,23.56728,-23.83928,2.643524,6.224687,0.04757673,4.773729,0.77,0.03675416,0.03227177,0.01937847,-0.0308156,0.007141381,-0.1109177,1.2070699300699301
2024_04_23_13_36_32_802,0.4,-0.1583948,166963.0,174100.0,23.57187,-23.91658,2.64133,6.227186,0.05090711,4.764238,0.77,0.005920436,0.07761147,-0.1961523,0.1578331,-0.2049766,-0.008442672,1.2070699300699301
2024_04_23_13_36_32_918,0.4,-0.3402369,167187.0,174292.0,23.57623,-24.00451,2.639243,6.223721,0.05903588,4.727189,0.76,-0.02814193,0.09837821,-0.4278937,-0.1013279,-0.1764968,0.1617637,1.2070699300699301
2024_04_23_13_36_33_018,0.4,-0.4974864,167388.0,174446.0,23.57705,-24.07824,2.636266,6.217701,0.06247328,4.67167,0.72,-0.01934534,0.0453354,-0.6331187,-0.005662441,-0.0590384,0.0159964,1.2070699300699301
2024_04_23_13_36_33_135,0.4,-0.5235988,167619.0,174607.0,23.57226,-24.15921,2.633253,6.21079,0.06241999,4.59552,0.69,-0.01843336,0.04338899,-0.6465596,-0.1666546,-0.003099441,0.02199132,1.2070699300699301
2024_04_23_13_36_33_251,0.4,-0.3921494,167843.0,174775.0,23.56098,-24.23878,2.630636,6.208176,0.06142353,4.527545,0.7,0.04239081,0.02060536,-0.4751056,0.08153915,0.03455579,0.1136251,1.2070699300699301
2024_04_23_13_36_33_351,0.4,-0.2348442,168031.0,174932.0,23.54656,-24.30865,2.628546,6.20998,0.05934114,4.490677,0.73,0.03980198,0.00561207,-0.2801751,0.1854896,-0.134185,0.8084177,1.2070699300699301
2024_04_23_13_36_33_469,0.4,-0.05088755,168243.0,175139.0,23.52745,-24.39348,2.625546,6.205053,0.06123823,4.470052,0.76,-0.0790613,-0.01269017,-0.08880373,0.2317428,-0.006929039,-0.2760077,1.2070699300699301
2024_04_23_13_36_33_589,0.4,0.0,168468.0,175373.0,23.50677,-24.48669,2.619475,6.197251,0.05850042,4.466358,0.78,-0.03186664,-0.01935052,-0.02499544,-0.169158,-0.2468377,-0.333393,1.2070699300699301
2024_04_23_13_36_33_701,0.4,0.0,168670.0,175579.0,23.48697,-24.56962,2.615325,6.195807,0.05449616,4.466815,0.76,-0.002572984,-0.03083895,0.009050854,-0.09715556,-0.02752244,0.08133426,1.2070699300699301
2024_04_23_13_36_33_801,0.4,0.0,168855.0,175762.0,23.46842,-24.64347,2.610918,6.200262,0.04815495,4.46935,0.75,0.0412947,-0.1118081,0.0318457,-0.2053976,0.3487765,-0.235429,1.2070699300699301
2024_04_23_13_36_33_903,0.4,-0.02870623,169044.0,175941.0,23.44958,-24.7162,2.607078,6.203804,0.03766516,4.473586,0.73,-0.001367718,-0.07659844,0.001041764,0.04160404,0.1273155,0.1577558,1.2070699300699301
2024_04_23_13_36_34_017,0.4,-0.2100436,169262.0,176133.0,23.4292,-24.79765,2.603255,6.20423,0.0269051,4.461143,0.72,0.02489541,-0.07371859,-0.2110491,-0.1926422,-0.1784116,-0.2881773,1.2070699300699301
2024_04_23_13_36_34_119,0.4,-0.3679536,169457.0,176285.0,23.40998,-24.86701,2.599926,6.204455,0.0207954,4.430124,0.69,-0.00584273,-0.04562644,-0.3827721,-0.3288388,-0.06765127,0.1309589,1.2070699300699301
2024_04_23_13_36_34_235,0.4,-0.5235988,169688.0,176434.0,23.38623,-24.94136,2.595451,6.197172,0.0156134,4.374781,0.66,-0.06135302,0.02631801,-0.5334593,0.06228685,0.01725554,-0.6997194,1.2070699300699301
2024_04_23_13_36_34_334,0.4,-0.5235988,169882.0,176554.0,23.36308,-25.0016,2.592925,6.191924,0.0113177,4.322874,0.64,-0.07566872,-0.07978056,-0.4714526,0.7671117,1.066864,0.2103262,1.2070699300699301
2024_04_23_13_36_34_452,0.4,-0.4166102,170101.0,176712.0,23.32889,-25.07341,2.59424,6.197018,0.01235606,4.276349,0.71,0.07595884,0.06963788,-0.3415802,0.5501509,0.02452731,0.1016911,1.2070699300699301
2024_04_23_13_36_34_568,0.4,-0.2340049,170322.0,176889.0,23.28972,-25.14908,2.596298,6.206151,0.0213044,4.242413,0.75,0.08542646,0.1069164,-0.2376098,-0.0231862,0.2109706,-0.1059417,1.2070699300699301
2024_04_23_13_36_34_668,0.4,-0.0768413,170505.0,177053.0,23.25498,-25.21466,2.59776,6.212163,0.03182615,4.226198,0.76,0.04002108,0.1293031,-0.08396965,0.1297593,0.1700222,0.114195,1.2070699300699301
2024_04_23_13_36_34_783,0.4,0.0,170708.0,177259.0,23.21482,-25.29257,2.599275,6.21245,0.045179,4.222733,0.76,-0.0211503,0.07382409,-0.004527016,0.04327297,0.07668138,-0.2134349,1.2070699300699301
2024_04_23_13_36_34_885,0.4,0.0,170887.0,177438.0,23.1805,-25.36032,2.598822,6.208389,0.0505593,4.22184,0.76,-0.04634286,0.03435339,-0.01147009,-0.07814169,-0.07760525,0.2124887,1.2070699300699301
2024_04_23_13_36_34_985,0.4,0.0,171066.0,177624.0,23.14645,-25.42906,2.597215,6.200351,0.05463249,4.219382,0.77,-0.06228633,0.03076591,-0.0329052,0.1678467,-0.6749033,-0.8856319,1.2070699300699301
2024_04_23_13_36_35_101,0.4,0.0,171271.0,177846.0,23.10649,-25.5082,2.593832,6.19611,0.05810487,4.2162,0.76,-0.004090309,0.03713797,-0.02097622,-0.1703501,-0.01963973,0.3208071,1.2070699300699301
2024_04_23_13_36_35_197,0.4,0.0,171445.0,178038.0,23.07179,-25.57537,2.592187,6.196862,0.06019746,4.213583,0.75,0.01624401,-0.007916221,-0.02988466,0.1497865,0.4147291,-0.4385654,1.2070699300699301
2024_04_23_13_36_35_318,0.4,-0.105754,171657.0,178257.0,23.03027,-25.65361,2.588538,6.203346,0.05203675,4.206378,0.75,0.06494259,-0.08976237,-0.1597296,0.234127,-0.1897216,-0.03769249,1.2070699300699301
2024_04_23_13_36_35_434,0.4,-0.2886915,171881.0,178458.0,22.98804,-25.72915,2.582363,6.205674,0.0364175,4.176406,0.73,0.004579663,-0.1061177,-0.3583335,-0.31358,0.09310245,0.2740491,1.2070699300699301
2024_04_23_13_36_35_534,0.4,-0.2900338,172074.0,178612.0,22.95084,-25.79026,2.578516,6.203594,0.02641535,4.137876,0.71,-0.0248974,-0.04264953,-0.3536593,-0.002622604,0.2554953,-0.001531094,1.2070699300699301
2024_04_23_13_36_35_635,0.4,-0.1324976,172260.0,178775.0,22.91145,-25.85111,2.57527,6.199311,0.0203061,4.11312,0.73,-0.08265556,-0.04904076,-0.1518185,0.1146793,0.4937946,-0.2267994,1.2070699300699301
2024_04_23_13_36_35_752,0.4,0.0,172475.0,178977.0,22.86327,-25.92358,2.570924,6.190719,0.01775636,4.108821,0.75,-0.0581917,-0.01168097,0.0233651,0.1688003,-0.03620982,-0.01917407,1.2070699300699301
2024_04_23_13_36_35_867,0.4,0.0,172691.0,179182.0,22.81414,-25.99639,2.568173,6.187414,0.01863138,4.111275,0.76,-0.01194533,6.709155e-05,0.02126615,-0.01865625,-0.01516938,0.3969483,1.2070699300699301
2024_04_23_13_36_35_967,0.4,0.0,172875.0,179359.0,22.77167,-26.05909,2.567327,6.18935,0.02102102,4.113089,0.76,0.06023793,0.0538813,0.01756603,-0.1256466,-0.2605021,0.9783599,1.2070699300699301
2024_04_23_13_36_36_069,0.4,0.0,173054.0,179539.0,22.72924,-26.12227,2.567743,6.192607,0.0268655,4.112173,0.76,0.01811849,0.0547841,-0.01352161,-0.1001358,0.009477139,-0.001544133,1.2070699300699301
2024_04_23_13_36_36_198,0.4,0.0,173284.0,179775.0,22.67418,-26.20493,2.568613,6.194688,0.03700687,4.110132,0.76,0.03012635,0.09422319,-0.0008852391,0.02634525,-0.01341104,0.153793,1.2070699300699301
2024_04_23_13_36_36_301,0.4,0.0,173466.0,179954.0,22.63122,-26.26825,2.568568,6.197509,0.04377605,4.110705,0.76,0.01939362,0.04824779,0.01856296,-0.1160502,-0.01126528,-0.1693982,1.2070699300699301
2024_04_23_13_36_36_402,0.4,0.1322471,173649.0,180132.0,22.58893,-26.33061,2.567791,6.199978,0.04950567,4.119703,0.76,0.04451221,0.02789238,0.1798051,0.1983046,-0.1683235,-0.9866747,1.2070699300699301
2024_04_23_13_36_36_519,0.4,0.3150848,173857.0,180356.0,22.54037,-26.40429,2.564324,6.208065,0.05406237,4.1565,0.75,0.05584895,0.01995869,0.4278788,0.05412101,0.1783669,0.004628673,1.2070699300699301
2024_04_23_13_36_36_635,0.4,0.4979688,174048.0,180614.0,22.49405,-26.48472,2.561374,6.207064,0.05420552,4.229377,0.85,-0.004593194,-0.02369269,0.8034977,0.8929967,-0.02670288,-0.2182098,1.2070699300699301
2024_04_23_13_36_36_735,0.4,0.5235988,174213.0,180867.0,22.45565,-26.5645,2.557897,6.211206,0.06199159,4.317383,0.91,0.005435824,0.05568036,0.9051116,0.5595684,0.07957219,0.2358812,1.2070699300699301
2024_04_23_13_36_36_852,0.4,0.5235988,174413.0,181176.0,22.41787,-26.66605,2.55065,6.221325,0.07338033,4.42621,0.96,0.009745747,0.03598888,0.9679281,0.4034638,0.02855062,0.1764661,1.2070699300699301
2024_04_23_13_36_36_962,0.4,0.5235988,174616.0,181492.0,22.39027,-26.77318,2.541248,6.233102,0.08235261,4.538774,0.99,0.02034749,0.04423456,0.9970666,2.15131,0.4093796,-6.457144,1.2070699300699301
2024_04_23_13_36_37_068,0.4,0.5235988,174790.0,181756.0,22.37863,-26.86446,2.533233,6.238303,0.08458083,4.625013,0.76,-0.0715123,-0.07300962,0.6252517,-2.779245,-0.478208,-0.6025033,1.2070699300699301
2024_04_23_13_36_37_168,0.4,0.4440131,174916.0,181968.0,22.37684,-26.93262,2.526258,6.243007,0.08339909,4.679498,0.66,0.03245112,0.03390043,0.4869776,0.3117919,0.4895329,3.061815,1.2070699300699301
2024_04_23_13_36_37_284,0.4,0.2613003,175070.0,182229.0,22.37884,-27.00967,2.523561,6.245234,0.09053515,4.718709,0.65,-0.0483038,0.03333526,0.1523685,0.03170967,-0.3842339,-0.06182491,1.2070699300699301
2024_04_23_13_36_37_401,0.4,0.07825131,175251.0,182570.0,22.38519,-27.08714,2.520305,6.24513,0.08332607,4.725263,0.67,0.02242687,-0.1861385,-0.03235358,0.2034902,-0.8904151,0.6947871,1.2070699300699301
2024_04_23_13_36_37_518,0.4,0.0,175458.0,182904.0,22.38851,-27.16884,2.507922,6.259217,0.05408306,4.714438,0.72,0.04905599,-0.2032687,-0.0681027,2.795338,1.419142,6.670382,1.2070699300699301
2024_04_23_13_36_37_634,0.4,0.0,175685.0,183130.0,22.38934,-27.26217,2.499306,6.264425,0.03648651,4.70639,0.84,-0.02744858,-0.1302292,-0.09522332,0.7746219,1.727028,-0.7546003,1.2070699300699301
2024_04_23_13_36_37_751,0.4,0.0,175935.0,183376.0,22.39074,-27.3658,2.489095,6.261468,0.0227245,4.695496,0.9,-0.2482536,0.03909422,-0.1394979,0.3685951,2.547227,-0.3789812,1.2070699300699301
2024_04_23_13_36_37_868,0.4,0.0,176192.0,183627.0,22.3944,-27.47497,2.481056,6.23739,0.03072184,4.682286,0.97,-0.1448704,0.04432199,-0.1087371,0.3866553,-0.1624673,0.1410842,1.2070699300699301
2024_04_23_13_36_37_991,0.4,0.1454306,176471.0,183911.0,22.39662,-27.59741,2.47331,6.211663,0.0436498,4.678199,0.99,-0.2184676,0.1141681,0.09491551,-0.1387,0.382483,0.4272088,1.2070699300699301
2024_04_23_13_36_38_102,0.4,0.315202,176687.0,184150.0,22.39705,-27.69293,2.468343,6.204247,0.0530428,4.715221,0.81,-0.07923096,-0.003039964,0.4708197,-1.869619,-0.1990795,1.993223,1.2070699300699301
2024_04_23_13_36_38_217,0.4,0.4976962,176903.0,184392.0,22.40092,-27.77963,2.46447,6.198168,0.05313015,4.785412,0.76,-0.1365336,-0.0461524,0.7306188,1.143754,0.8668154,-0.2188608,1.2070699300699301
2024_04_23_13_36_38_318,0.4,0.5235988,177057.0,184631.0,22.41107,-27.86115,2.46153,6.191925,0.05745355,4.869061,0.85,-0.1368544,-0.08583369,0.890878,0.1906156,0.4042089,0.1372024,1.2070699300699301
2024_04_23_13_36_38_434,0.4,0.5235988,177247.0,184930.0,22.43127,-27.96192,2.456179,6.199148,0.06074328,4.976284,0.91,0.09573452,-0.0541831,0.9571925,0.2728105,-0.02005696,-3.580332,1.2070699300699301
2024_04_23_13_36_38_551,0.4,0.5235988,177449.0,185245.0,22.46306,-28.06485,2.447712,6.207708,0.05712045,5.090201,0.93,0.1178771,-0.1512036,0.9835548,1.584411,-0.5335808,-2.156284,1.2070699300699301
2024_04_23_13_36_38_668,0.4,0.4962072,177655.0,185570.0,22.50633,-28.16764,2.434351,6.225103,0.05404418,5.206953,0.97,0.06648455,-0.04874106,0.9445122,0.2712011,-0.2832413,1.188476,1.2070699300699301
2024_04_23_13_36_38_768,0.4,0.3388574,177848.0,185841.0,22.55532,-28.25326,2.425618,6.229056,0.05550053,5.285053,1.0,-0.04696608,-0.008991106,0.6490982,0.1959801,-0.2602041,0.004161149,1.2070699300699301
2024_04_23_13_36_38_882,0.4,0.1576967,178092.0,186138.0,22.62092,-28.34895,2.418299,6.225349,0.05696387,5.3405,1.01,0.01568757,0.06126659,0.3395141,0.2516508,-1.206577,-0.2796426,1.2070699300699301
2024_04_23_13_36_38_983,0.4,7.71582e-05,178309.0,186367.0,22.67742,-28.42535,2.410016,6.229464,0.05785396,5.352849,0.89,0.02257161,-0.004862901,0.03564177,-0.868678,-0.3973543,0.1121499,1.2070699300699301
2024_04_23_13_36_39_101,0.4,0.0,178548.0,186602.0,22.73602,-28.50669,2.403567,6.23666,0.05938436,5.35721,0.83,0.1185995,0.0760644,0.008072629,-0.4838109,-0.4099309,0.5019084,1.2070699300699301
2024_04_23_13_36_39_217,0.4,0.0,178762.0,186823.0,22.79069,-28.58204,2.402405,6.252182,0.07106298,5.357368,0.79,0.07296087,0.05927454,0.02265246,-0.3393888,0.4259348,-1.70273,1.2070699300699301
2024_04_23_13_36_39_317,0.4,0.0,178950.0,187003.0,22.83631,-28.64496,2.401201,6.255961,0.0798074,5.360909,0.77,0.002559721,0.1306285,0.04867761,-0.4242658,0.03781915,0.04203431,1.2070699300699301
2024_04_23_13_36_39_417,0.4,0.0,179142.0,187178.0,22.88021,-28.70576,2.397727,6.259427,0.08426082,5.367424,0.76,0.09255058,-0.09050485,0.07246716,0.3486871,-0.1567006,0.1621544,1.2070699300699301
2024_04_23_13_36_39_517,0.4,0.0,179338.0,187375.0,22.92879,-28.77073,2.392125,6.255166,0.07364941,5.377103,0.84,-0.07373704,-0.09047798,0.1024929,0.7249712,-0.2545118,-0.1570284,1.2070699300699301
2024_04_23_13_36_39_617,0.4,0.0,179548.0,187588.0,22.98209,-28.83993,2.385257,6.248823,0.05835194,5.388137,0.88,-0.1296178,-0.1381571,0.07584205,1.778662,1.710445,-5.32718,1.2070699300699301
2024_04_23_13_36_39_734,0.4,0.0,179795.0,187842.0,23.04776,-28.92431,2.376992,6.252255,0.05873002,5.399378,0.95,0.09722269,0.07786153,0.1040247,0.4873275,-0.2128184,0.1805685,1.2070699300699301
2024_04_23_13_36_39_834,0.4,0.0,180017.0,188068.0,23.10707,-29.00053,2.369091,6.260072,0.06498471,5.408959,0.99,0.02993912,0.08171716,0.09045938,0.2024174,0.5357563,0.3195144,1.2070699300699301
2024_04_23_13_36_39_934,0.4,0.0,180242.0,188297.0,23.16858,-29.07804,2.361767,6.271188,0.07874897,5.418654,1.03,0.1650584,0.2050925,0.09165971,0.7475614,-0.1439154,0.1201928,1.2070699300699301
2024_04_23_13_36_40_051,0.4,0.0,180512.0,188572.0,23.24288,-29.17225,2.350473,0.01143668,0.1007861,5.429733,1.07,0.3749033,0.1441478,0.1220797,0.3287792,-0.9952783,-0.2165101,1.2070699300699301
2024_04_23_13_36_40_151,0.4,0.0,180746.0,188812.0,23.30789,-29.25246,2.341739,0.03064606,0.1151589,5.433983,0.95,0.07237505,0.08036793,-0.03619385,-1.587629,-0.6684958,-0.06884336,1.2070699300699301
2024_04_23_13_36_40_268,0.4,-0.05327196,180986.0,189060.0,23.3758,-29.33068,2.334186,0.03902596,0.1232619,5.429396,0.87,8.450821e-05,0.07638438,-0.106372,-0.09280442,0.04604458,0.004641712,1.2070699300699301
2024_04_23_13_36_40_397,0.4,-0.258184,181258.0,189303.0,23.44637,-29.41407,2.32492,0.03754844,0.1306595,5.400948,0.82,0.007008309,0.04348195,-0.304388,-0.1522303,0.07295609,-0.1939423,1.2070699300699301
2024_04_23_13_36_40_502,0.4,-0.4190426,181478.0,189474.0,23.4968,-29.47855,2.315749,0.03132357,0.135909,5.354278,0.8,-0.07804872,-0.008222453,-0.584197,0.3683567,0.2701879,-0.1390204,1.2070699300699301
2024_04_23_13_36_40_615,0.4,-0.5235988,181732.0,189648.0,23.54839,-29.55083,2.30215,0.01243164,0.1386433,5.275015,0.76,-0.02527694,0.04691188,-0.7351946,0.09441375,-0.1779795,-0.2830885,1.2070699300699301
2024_04_23_13_36_40_728,0.4,-0.5235988,181981.0,189819.0,23.59177,-29.62475,2.290688,0.001044562,0.1399671,5.189947,0.75,0.03192342,0.01619229,-0.6922174,0.1604557,-0.3031045,-0.1144651,1.2070699300699301
2024_04_23_13_36_40_829,0.4,-0.5235988,182193.0,189968.0,23.62297,-29.69228,2.282093,6.281957,0.1446519,5.118482,0.75,0.02737439,-0.05288432,-0.7271093,-0.09202956,1.287907,-0.8840011,1.2070699300699301
2024_04_23_13_36_40_935,0.4,-0.5235988,182416.0,190121.0,23.65092,-29.76352,2.271739,6.273242,0.1407174,5.044143,0.74,0.01987204,0.03574743,-0.6613576,0.0166297,0.4971623,0.19213,1.2070699300699301
2024_04_23_13_36_41_051,0.4,-0.5235988,182659.0,190277.0,23.67343,-29.84342,2.263162,6.266031,0.1409768,4.976333,0.71,-0.02452826,0.02214582,-0.5586326,0.1377463,-0.0231862,-0.3683595,1.2070699300699301
2024_04_23_13_36_41_166,0.4,-0.5235988,182900.0,190431.0,23.69041,-29.9222,2.251615,6.256568,0.1347405,4.911172,0.68,-0.007206246,-0.09444721,-0.5518733,-0.09471177,0.09700655,-0.3148289,1.2070699300699301
2024_04_23_13_36_41_268,0.4,-0.391269,183108.0,190567.0,23.70075,-29.9905,2.240994,6.250586,0.124162,4.862792,0.71,-0.02055204,-0.06975915,-0.4068376,0.8660554,0.4707873,-0.3605466,1.2070699300699301
2024_04_23_13_36_41_383,0.4,-0.2095507,183341.0,190750.0,23.71116,-30.07611,2.229731,6.244736,0.1198757,4.826519,0.78,-0.05596788,0.05092759,-0.2267537,0.3854036,0.4106313,0.1158491,1.2070699300699301
2024_04_23_13_36_41_484,0.4,-0.05137606,183541.0,190924.0,23.71994,-30.15425,2.223442,6.237986,0.1245118,4.813048,0.81,0.05321516,0.01742221,-0.08083981,0.166595,-0.6675198,-0.6377808,1.2070699300699301
2024_04_23_13_36_41_601,0.4,0.0,183775.0,191145.0,23.7288,-30.24797,2.213506,6.244682,0.1214037,4.81496,0.81,0.07563963,-0.01180389,0.02317125,-0.003814697,-0.0590682,0.1498312,1.2070699300699301
2024_04_23_13_36_41_717,0.4,0.0,184003.0,191369.0,23.73773,-30.34221,2.202989,6.254208,0.1206455,4.817643,0.83,-0.001666413,0.006516756,0.02928932,0.1638532,0.5065575,-0.2890238,1.2070699300699301
2024_04_23_13_36_41_834,0.4,0.0,184239.0,191600.0,23.7482,-30.43883,2.188853,6.254773,0.1140999,4.820878,0.84,0.03353234,-0.08761351,0.0282938,0.8974671,-0.5581751,7.452796,1.2070699300699301
2024_04_23_13_36_41_944,0.4,0.0,184460.0,191821.0,23.75851,-30.53171,2.179223,6.258234,0.1178068,4.821651,0.84,0.03519533,0.03367195,0.02615482,0.2526045,0.0442937,0.1177438,1.2070699300699301
2024_04_23_13_36_42_050,0.4,-0.08051493,184672.0,192020.0,23.76779,-30.61709,2.169061,6.257752,0.1191433,4.821099,0.84,-0.06034041,0.02241038,-0.08038144,0.3695488,0.04526972,-0.6133052,1.2070699300699301
2024_04_23_13_36_42_167,0.4,-0.2637039,184918.0,192235.0,23.7787,-30.71404,2.157763,6.249172,0.1214677,4.79617,0.83,0.0108782,0.07205617,-0.3551037,-0.4967451,-0.6105751,0.2327747,1.2070699300699301
2024_04_23_13_36_42_284,0.4,-0.1309276,185156.0,192451.0,23.78557,-30.80866,2.149575,6.246891,0.1257778,4.761155,0.82,0.04337801,-0.007206279,-0.1955034,-0.3098845,0.0186488,-0.1351666,1.2070699300699301
2024_04_23_13_36_42_401,0.4,0.0,185382.0,192685.0,23.7909,-30.90395,2.139695,6.247273,0.126134,4.751496,0.82,-0.03710816,-0.007181134,-0.03968314,-0.05078315,0.1190305,0.06285124,1.2070699300699301
2024_04_23_13_36_42_517,0.4,0.0,185605.0,192920.0,23.79689,-30.9988,2.130533,6.243747,0.1244994,4.747061,0.82,-0.05797023,-0.02358336,-0.03586952,0.01400709,0.2385639,-0.09174272,1.2070699300699301
2024_04_23_13_36_42_619,0.4,0.0,185798.0,193118.0,23.80119,-31.08088,2.121645,6.243153,0.1251705,4.745434,0.83,0.06177738,-0.0237288,-0.02725828,0.1719594,-0.2420097,-0.02406014,1.2070699300699301
2024_04_23_13_36_42_727,0.3795897,0.0,186018.0,193350.0,23.80544,-31.17377,2.109392,6.243887,0.1178098,4.740986,0.82,-0.03988704,-0.08078491,-0.03910073,-0.3519058,-0.003442168,-0.1676846,1.1510040492480198
2024_04_23_13_36_42_828,0.2595256,0.0,186199.0,193531.0,23.8093,-31.25068,2.099309,6.240845,0.1129626,4.739191,0.71,-0.02271841,-0.04220159,-0.02394211,-1.271427,-0.1410395,-1.422401,0.8189939924253717
2024_04_23_13_36_42_933,0.136399,0.0,186347.0,193676.0,23.81278,-31.31504,2.090497,6.236904,0.1096398,4.737169,0.54,-0.05649422,-0.0201633,-0.02657025,-1.639068,0.1755953,-0.08883094,0.45314074645130503
2024_04_23_13_36_43_033,0.01638377,0.0,186444.0,193769.0,23.81528,-31.35848,2.085547,6.233697,0.1094345,4.735688,0.33,-0.009594374,-0.003964232,-0.008422542,-2.049744,-0.07987767,0.07705949,0.04297912126661654
